date,account,bureau_score,kt
2023-03-31,A00000,646.5,2023-04-15T06:00:00Z
2023-06-30,A00000,639.1,2023-07-15T06:00:00Z
2023-09-30,A00000,671.9,2023-10-15T06:00:00Z
2023-12-31,A00000,606.4,2024-01-15T06:00:00Z
2024-03-31,A00000,657.5,2024-04-15T06:00:00Z
2024-06-30,A00000,694.2,2024-07-15T06:00:00Z
2024-09-30,A00000,647.7,2024-10-15T06:00:00Z
2024-12-31,A00000,683.3,2025-01-15T06:00:00Z
2023-03-31,A00001,640.2,2023-04-15T06:00:00Z
2023-06-30,A00001,625.1,2023-07-15T06:00:00Z
2023-09-30,A00001,610.2,2023-10-15T06:00:00Z
2023-12-31,A00001,635.1,2024-01-15T06:00:00Z
2024-03-31,A00001,622.4,2024-04-15T06:00:00Z
2024-06-30,A00001,604.9,2024-07-15T06:00:00Z
2024-09-30,A00001,616.8,2024-10-15T06:00:00Z
2024-12-31,A00001,631.7,2025-01-15T06:00:00Z
2023-03-31,A00002,665.7,2023-04-15T06:00:00Z
2023-06-30,A00002,691.2,2023-07-15T06:00:00Z
2023-09-30,A00002,697.0,2023-10-15T06:00:00Z
2023-12-31,A00002,699.0,2024-01-15T06:00:00Z
2024-03-31,A00002,701.2,2024-04-15T06:00:00Z
2024-06-30,A00002,674.2,2024-07-15T06:00:00Z
2024-09-30,A00002,677.6,2024-10-15T06:00:00Z
2024-12-31,A00002,685.3,2025-01-15T06:00:00Z
2023-03-31,A00003,636.8,2023-04-15T06:00:00Z
2023-06-30,A00003,659.0,2023-07-15T06:00:00Z
2023-09-30,A00003,614.8,2023-10-15T06:00:00Z
2023-12-31,A00003,627.2,2024-01-15T06:00:00Z
2024-03-31,A00003,669.6,2024-04-15T06:00:00Z
2024-06-30,A00003,651.3,2024-07-15T06:00:00Z
2024-09-30,A00003,666.4,2024-10-15T06:00:00Z
2024-12-31,A00003,629.1,2025-01-15T06:00:00Z
2023-03-31,A00004,517.1,2023-04-15T06:00:00Z
2023-06-30,A00004,523.7,2023-07-15T06:00:00Z
2023-09-30,A00004,539.0,2023-10-15T06:00:00Z
2023-12-31,A00004,490.7,2024-01-15T06:00:00Z
2024-03-31,A00004,552.7,2024-04-15T06:00:00Z
2024-06-30,A00004,524.5,2024-07-15T06:00:00Z
2024-09-30,A00004,546.1,2024-10-15T06:00:00Z
2024-12-31,A00004,524.7,2025-01-15T06:00:00Z
2023-03-31,A00005,614.6,2023-04-15T06:00:00Z
2023-06-30,A00005,616.0,2023-07-15T06:00:00Z
2023-09-30,A00005,625.4,2023-10-15T06:00:00Z
2023-12-31,A00005,609.4,2024-01-15T06:00:00Z
2024-03-31,A00005,629.8,2024-04-15T06:00:00Z
2024-06-30,A00005,630.8,2024-07-15T06:00:00Z
2024-09-30,A00005,624.5,2024-10-15T06:00:00Z
2024-12-31,A00005,615.9,2025-01-15T06:00:00Z
2023-03-31,A00006,635.5,2023-04-15T06:00:00Z
2023-06-30,A00006,667.6,2023-07-15T06:00:00Z
2023-09-30,A00006,605.2,2023-10-15T06:00:00Z
2023-12-31,A00006,634.1,2024-01-15T06:00:00Z
2024-03-31,A00006,596.0,2024-04-15T06:00:00Z
2024-06-30,A00006,600.0,2024-07-15T06:00:00Z
2024-09-30,A00006,624.5,2024-10-15T06:00:00Z
2024-12-31,A00006,622.0,2025-01-15T06:00:00Z
2023-03-31,A00007,682.0,2023-04-15T06:00:00Z
2023-06-30,A00007,676.8,2023-07-15T06:00:00Z
2023-09-30,A00007,679.6,2023-10-15T06:00:00Z
2023-12-31,A00007,694.6,2024-01-15T06:00:00Z
2024-03-31,A00007,682.7,2024-04-15T06:00:00Z
2024-06-30,A00007,680.6,2024-07-15T06:00:00Z
2024-09-30,A00007,674.3,2024-10-15T06:00:00Z
2024-12-31,A00007,686.0,2025-01-15T06:00:00Z
2023-03-31,A00008,644.8,2023-04-15T06:00:00Z
2023-06-30,A00008,645.0,2023-07-15T06:00:00Z
2023-09-30,A00008,670.2,2023-10-15T06:00:00Z
2023-12-31,A00008,644.9,2024-01-15T06:00:00Z
2024-03-31,A00008,665.8,2024-04-15T06:00:00Z
2024-06-30,A00008,656.0,2024-07-15T06:00:00Z
2024-09-30,A00008,669.9,2024-10-15T06:00:00Z
2024-12-31,A00008,621.3,2025-01-15T06:00:00Z
2023-03-31,A00009,639.2,2023-04-15T06:00:00Z
2023-06-30,A00009,656.6,2023-07-15T06:00:00Z
2023-09-30,A00009,712.1,2023-10-15T06:00:00Z
2023-12-31,A00009,680.0,2024-01-15T06:00:00Z
2024-03-31,A00009,669.9,2024-04-15T06:00:00Z
2024-06-30,A00009,685.2,2024-07-15T06:00:00Z
2024-09-30,A00009,668.3,2024-10-15T06:00:00Z
2024-12-31,A00009,679.4,2025-01-15T06:00:00Z
2023-03-31,A00010,765.8,2023-04-15T06:00:00Z
2023-06-30,A00010,740.1,2023-07-15T06:00:00Z
2023-09-30,A00010,745.7,2023-10-15T06:00:00Z
2023-12-31,A00010,763.7,2024-01-15T06:00:00Z
2024-03-31,A00010,742.9,2024-04-15T06:00:00Z
2024-06-30,A00010,781.5,2024-07-15T06:00:00Z
2024-09-30,A00010,754.4,2024-10-15T06:00:00Z
2024-12-31,A00010,730.0,2025-01-15T06:00:00Z
2023-03-31,A00011,680.9,2023-04-15T06:00:00Z
2023-06-30,A00011,715.9,2023-07-15T06:00:00Z
2023-09-30,A00011,691.3,2023-10-15T06:00:00Z
2023-12-31,A00011,686.6,2024-01-15T06:00:00Z
2024-03-31,A00011,701.3,2024-04-15T06:00:00Z
2024-06-30,A00011,706.4,2024-07-15T06:00:00Z
2024-09-30,A00011,705.5,2024-10-15T06:00:00Z
2024-12-31,A00011,679.5,2025-01-15T06:00:00Z
2023-03-31,A00012,621.3,2023-04-15T06:00:00Z
2023-06-30,A00012,603.9,2023-07-15T06:00:00Z
2023-09-30,A00012,622.0,2023-10-15T06:00:00Z
2023-12-31,A00012,612.6,2024-01-15T06:00:00Z
2024-03-31,A00012,634.9,2024-04-15T06:00:00Z
2024-06-30,A00012,667.6,2024-07-15T06:00:00Z
2024-09-30,A00012,614.1,2024-10-15T06:00:00Z
2024-12-31,A00012,608.0,2025-01-15T06:00:00Z
2023-03-31,A00013,720.3,2023-04-15T06:00:00Z
2023-06-30,A00013,715.2,2023-07-15T06:00:00Z
2023-09-30,A00013,698.6,2023-10-15T06:00:00Z
2023-12-31,A00013,704.9,2024-01-15T06:00:00Z
2024-03-31,A00013,701.1,2024-04-15T06:00:00Z
2024-06-30,A00013,694.5,2024-07-15T06:00:00Z
2024-09-30,A00013,674.3,2024-10-15T06:00:00Z
2024-12-31,A00013,703.6,2025-01-15T06:00:00Z
2023-03-31,A00014,641.4,2023-04-15T06:00:00Z
2023-06-30,A00014,652.0,2023-07-15T06:00:00Z
2023-09-30,A00014,669.9,2023-10-15T06:00:00Z
2023-12-31,A00014,603.2,2024-01-15T06:00:00Z
2024-03-31,A00014,633.8,2024-04-15T06:00:00Z
2024-06-30,A00014,609.8,2024-07-15T06:00:00Z
2024-09-30,A00014,663.4,2024-10-15T06:00:00Z
2024-12-31,A00014,639.8,2025-01-15T06:00:00Z
2023-03-31,A00015,630.7,2023-04-15T06:00:00Z
2023-06-30,A00015,583.5,2023-07-15T06:00:00Z
2023-09-30,A00015,633.2,2023-10-15T06:00:00Z
2023-12-31,A00015,598.4,2024-01-15T06:00:00Z
2024-03-31,A00015,598.6,2024-04-15T06:00:00Z
2024-06-30,A00015,654.3,2024-07-15T06:00:00Z
2024-09-30,A00015,629.6,2024-10-15T06:00:00Z
2024-12-31,A00015,650.8,2025-01-15T06:00:00Z
2023-03-31,A00016,689.7,2023-04-15T06:00:00Z
2023-06-30,A00016,634.8,2023-07-15T06:00:00Z
2023-09-30,A00016,640.8,2023-10-15T06:00:00Z
2023-12-31,A00016,639.2,2024-01-15T06:00:00Z
2024-03-31,A00016,660.9,2024-04-15T06:00:00Z
2024-06-30,A00016,656.2,2024-07-15T06:00:00Z
2024-09-30,A00016,670.9,2024-10-15T06:00:00Z
2024-12-31,A00016,641.7,2025-01-15T06:00:00Z
2023-03-31,A00017,628.9,2023-04-15T06:00:00Z
2023-06-30,A00017,644.3,2023-07-15T06:00:00Z
2023-09-30,A00017,615.8,2023-10-15T06:00:00Z
2023-12-31,A00017,626.1,2024-01-15T06:00:00Z
2024-03-31,A00017,658.7,2024-04-15T06:00:00Z
2024-06-30,A00017,641.8,2024-07-15T06:00:00Z
2024-09-30,A00017,656.4,2024-10-15T06:00:00Z
2024-12-31,A00017,671.6,2025-01-15T06:00:00Z
2023-03-31,A00018,621.8,2023-04-15T06:00:00Z
2023-06-30,A00018,616.2,2023-07-15T06:00:00Z
2023-09-30,A00018,617.2,2023-10-15T06:00:00Z
2023-12-31,A00018,625.0,2024-01-15T06:00:00Z
2024-03-31,A00018,628.3,2024-04-15T06:00:00Z
2024-06-30,A00018,657.1,2024-07-15T06:00:00Z
2024-09-30,A00018,660.4,2024-10-15T06:00:00Z
2024-12-31,A00018,662.7,2025-01-15T06:00:00Z
2023-03-31,A00019,638.2,2023-04-15T06:00:00Z
2023-06-30,A00019,654.9,2023-07-15T06:00:00Z
2023-09-30,A00019,615.7,2023-10-15T06:00:00Z
2023-12-31,A00019,667.2,2024-01-15T06:00:00Z
2024-03-31,A00019,668.2,2024-04-15T06:00:00Z
2024-06-30,A00019,646.1,2024-07-15T06:00:00Z
2024-09-30,A00019,671.4,2024-10-15T06:00:00Z
2024-12-31,A00019,650.7,2025-01-15T06:00:00Z
2023-03-31,A00020,705.2,2023-04-15T06:00:00Z
2023-06-30,A00020,694.3,2023-07-15T06:00:00Z
2023-09-30,A00020,714.5,2023-10-15T06:00:00Z
2023-12-31,A00020,688.9,2024-01-15T06:00:00Z
2024-03-31,A00020,704.1,2024-04-15T06:00:00Z
2024-06-30,A00020,700.1,2024-07-15T06:00:00Z
2024-09-30,A00020,727.7,2024-10-15T06:00:00Z
2024-12-31,A00020,693.7,2025-01-15T06:00:00Z
2023-03-31,A00021,655.0,2023-04-15T06:00:00Z
2023-06-30,A00021,667.9,2023-07-15T06:00:00Z
2023-09-30,A00021,663.9,2023-10-15T06:00:00Z
2023-12-31,A00021,691.4,2024-01-15T06:00:00Z
2024-03-31,A00021,691.2,2024-04-15T06:00:00Z
2024-06-30,A00021,679.6,2024-07-15T06:00:00Z
2024-09-30,A00021,697.9,2024-10-15T06:00:00Z
2024-12-31,A00021,660.2,2025-01-15T06:00:00Z
2023-03-31,A00022,760.8,2023-04-15T06:00:00Z
2023-06-30,A00022,777.6,2023-07-15T06:00:00Z
2023-09-30,A00022,811.7,2023-10-15T06:00:00Z
2023-12-31,A00022,774.0,2024-01-15T06:00:00Z
2024-03-31,A00022,776.7,2024-04-15T06:00:00Z
2024-06-30,A00022,763.7,2024-07-15T06:00:00Z
2024-09-30,A00022,775.6,2024-10-15T06:00:00Z
2024-12-31,A00022,769.3,2025-01-15T06:00:00Z
2023-03-31,A00023,535.6,2023-04-15T06:00:00Z
2023-06-30,A00023,545.4,2023-07-15T06:00:00Z
2023-09-30,A00023,559.2,2023-10-15T06:00:00Z
2023-12-31,A00023,516.4,2024-01-15T06:00:00Z
2024-03-31,A00023,545.5,2024-04-15T06:00:00Z
2024-06-30,A00023,536.9,2024-07-15T06:00:00Z
2024-09-30,A00023,544.1,2024-10-15T06:00:00Z
2024-12-31,A00023,518.9,2025-01-15T06:00:00Z
2023-03-31,A00024,750.9,2023-04-15T06:00:00Z
2023-06-30,A00024,791.0,2023-07-15T06:00:00Z
2023-09-30,A00024,782.6,2023-10-15T06:00:00Z
2023-12-31,A00024,782.6,2024-01-15T06:00:00Z
2024-03-31,A00024,787.6,2024-04-15T06:00:00Z
2024-06-30,A00024,802.2,2024-07-15T06:00:00Z
2024-09-30,A00024,783.2,2024-10-15T06:00:00Z
2024-12-31,A00024,749.1,2025-01-15T06:00:00Z
2023-03-31,A00025,586.1,2023-04-15T06:00:00Z
2023-06-30,A00025,607.8,2023-07-15T06:00:00Z
2023-09-30,A00025,631.0,2023-10-15T06:00:00Z
2023-12-31,A00025,590.3,2024-01-15T06:00:00Z
2024-03-31,A00025,588.3,2024-04-15T06:00:00Z
2024-06-30,A00025,598.0,2024-07-15T06:00:00Z
2024-09-30,A00025,598.9,2024-10-15T06:00:00Z
2024-12-31,A00025,651.3,2025-01-15T06:00:00Z
2023-03-31,A00026,550.5,2023-04-15T06:00:00Z
2023-06-30,A00026,570.3,2023-07-15T06:00:00Z
2023-09-30,A00026,572.2,2023-10-15T06:00:00Z
2023-12-31,A00026,574.0,2024-01-15T06:00:00Z
2024-03-31,A00026,546.2,2024-04-15T06:00:00Z
2024-06-30,A00026,510.8,2024-07-15T06:00:00Z
2024-09-30,A00026,556.6,2024-10-15T06:00:00Z
2024-12-31,A00026,551.0,2025-01-15T06:00:00Z
2023-03-31,A00027,657.7,2023-04-15T06:00:00Z
2023-06-30,A00027,658.2,2023-07-15T06:00:00Z
2023-09-30,A00027,626.5,2023-10-15T06:00:00Z
2023-12-31,A00027,636.4,2024-01-15T06:00:00Z
2024-03-31,A00027,641.9,2024-04-15T06:00:00Z
2024-06-30,A00027,626.6,2024-07-15T06:00:00Z
2024-09-30,A00027,643.4,2024-10-15T06:00:00Z
2024-12-31,A00027,614.5,2025-01-15T06:00:00Z
2023-03-31,A00028,634.7,2023-04-15T06:00:00Z
2023-06-30,A00028,639.3,2023-07-15T06:00:00Z
2023-09-30,A00028,607.4,2023-10-15T06:00:00Z
2023-12-31,A00028,644.2,2024-01-15T06:00:00Z
2024-03-31,A00028,619.5,2024-04-15T06:00:00Z
2024-06-30,A00028,630.2,2024-07-15T06:00:00Z
2024-09-30,A00028,669.5,2024-10-15T06:00:00Z
2024-12-31,A00028,669.6,2025-01-15T06:00:00Z
2023-03-31,A00029,736.2,2023-04-15T06:00:00Z
2023-06-30,A00029,721.2,2023-07-15T06:00:00Z
2023-09-30,A00029,746.7,2023-10-15T06:00:00Z
2023-12-31,A00029,699.3,2024-01-15T06:00:00Z
2024-03-31,A00029,749.7,2024-04-15T06:00:00Z
2024-06-30,A00029,715.4,2024-07-15T06:00:00Z
2024-09-30,A00029,763.5,2024-10-15T06:00:00Z
2024-12-31,A00029,782.1,2025-01-15T06:00:00Z
2023-03-31,A00030,619.9,2023-04-15T06:00:00Z
2023-06-30,A00030,653.3,2023-07-15T06:00:00Z
2023-09-30,A00030,666.8,2023-10-15T06:00:00Z
2023-12-31,A00030,655.8,2024-01-15T06:00:00Z
2024-03-31,A00030,595.0,2024-04-15T06:00:00Z
2024-06-30,A00030,604.8,2024-07-15T06:00:00Z
2024-09-30,A00030,630.3,2024-10-15T06:00:00Z
2024-12-31,A00030,651.3,2025-01-15T06:00:00Z
2023-03-31,A00031,573.2,2023-04-15T06:00:00Z
2023-06-30,A00031,567.2,2023-07-15T06:00:00Z
2023-09-30,A00031,577.0,2023-10-15T06:00:00Z
2023-12-31,A00031,570.5,2024-01-15T06:00:00Z
2024-03-31,A00031,563.7,2024-04-15T06:00:00Z
2024-06-30,A00031,602.6,2024-07-15T06:00:00Z
2024-09-30,A00031,573.4,2024-10-15T06:00:00Z
2024-12-31,A00031,566.7,2025-01-15T06:00:00Z
2023-03-31,A00032,680.7,2023-04-15T06:00:00Z
2023-06-30,A00032,688.9,2023-07-15T06:00:00Z
2023-09-30,A00032,694.3,2023-10-15T06:00:00Z
2023-12-31,A00032,692.4,2024-01-15T06:00:00Z
2024-03-31,A00032,684.6,2024-04-15T06:00:00Z
2024-06-30,A00032,678.6,2024-07-15T06:00:00Z
2024-09-30,A00032,668.6,2024-10-15T06:00:00Z
2024-12-31,A00032,687.4,2025-01-15T06:00:00Z
2023-03-31,A00033,688.8,2023-04-15T06:00:00Z
2023-06-30,A00033,681.9,2023-07-15T06:00:00Z
2023-09-30,A00033,687.6,2023-10-15T06:00:00Z
2023-12-31,A00033,675.3,2024-01-15T06:00:00Z
2024-03-31,A00033,652.6,2024-04-15T06:00:00Z
2024-06-30,A00033,685.1,2024-07-15T06:00:00Z
2024-09-30,A00033,698.6,2024-10-15T06:00:00Z
2024-12-31,A00033,671.3,2025-01-15T06:00:00Z
2023-03-31,A00034,625.4,2023-04-15T06:00:00Z
2023-06-30,A00034,616.6,2023-07-15T06:00:00Z
2023-09-30,A00034,635.8,2023-10-15T06:00:00Z
2023-12-31,A00034,677.6,2024-01-15T06:00:00Z
2024-03-31,A00034,630.0,2024-04-15T06:00:00Z
2024-06-30,A00034,644.1,2024-07-15T06:00:00Z
2024-09-30,A00034,643.1,2024-10-15T06:00:00Z
2024-12-31,A00034,616.1,2025-01-15T06:00:00Z
2023-03-31,A00035,717.2,2023-04-15T06:00:00Z
2023-06-30,A00035,714.1,2023-07-15T06:00:00Z
2023-09-30,A00035,705.3,2023-10-15T06:00:00Z
2023-12-31,A00035,707.9,2024-01-15T06:00:00Z
2024-03-31,A00035,701.8,2024-04-15T06:00:00Z
2024-06-30,A00035,687.9,2024-07-15T06:00:00Z
2024-09-30,A00035,696.0,2024-10-15T06:00:00Z
2024-12-31,A00035,686.7,2025-01-15T06:00:00Z
2023-03-31,A00036,594.7,2023-04-15T06:00:00Z
2023-06-30,A00036,586.7,2023-07-15T06:00:00Z
2023-09-30,A00036,597.8,2023-10-15T06:00:00Z
2023-12-31,A00036,624.6,2024-01-15T06:00:00Z
2024-03-31,A00036,629.1,2024-04-15T06:00:00Z
2024-06-30,A00036,602.7,2024-07-15T06:00:00Z
2024-09-30,A00036,598.1,2024-10-15T06:00:00Z
2024-12-31,A00036,604.1,2025-01-15T06:00:00Z
2023-03-31,A00037,686.5,2023-04-15T06:00:00Z
2023-06-30,A00037,667.7,2023-07-15T06:00:00Z
2023-09-30,A00037,688.8,2023-10-15T06:00:00Z
2023-12-31,A00037,684.0,2024-01-15T06:00:00Z
2024-03-31,A00037,702.9,2024-04-15T06:00:00Z
2024-06-30,A00037,678.8,2024-07-15T06:00:00Z
2024-09-30,A00037,666.5,2024-10-15T06:00:00Z
2024-12-31,A00037,693.5,2025-01-15T06:00:00Z
2023-03-31,A00038,704.1,2023-04-15T06:00:00Z
2023-06-30,A00038,710.4,2023-07-15T06:00:00Z
2023-09-30,A00038,680.2,2023-10-15T06:00:00Z
2023-12-31,A00038,698.0,2024-01-15T06:00:00Z
2024-03-31,A00038,671.1,2024-04-15T06:00:00Z
2024-06-30,A00038,673.9,2024-07-15T06:00:00Z
2024-09-30,A00038,723.7,2024-10-15T06:00:00Z
2024-12-31,A00038,669.6,2025-01-15T06:00:00Z
2023-03-31,A00039,686.2,2023-04-15T06:00:00Z
2023-06-30,A00039,668.6,2023-07-15T06:00:00Z
2023-09-30,A00039,665.6,2023-10-15T06:00:00Z
2023-12-31,A00039,706.9,2024-01-15T06:00:00Z
2024-03-31,A00039,661.5,2024-04-15T06:00:00Z
2024-06-30,A00039,709.0,2024-07-15T06:00:00Z
2024-09-30,A00039,677.1,2024-10-15T06:00:00Z
2024-12-31,A00039,640.6,2025-01-15T06:00:00Z
2023-03-31,A00040,621.8,2023-04-15T06:00:00Z
2023-06-30,A00040,627.4,2023-07-15T06:00:00Z
2023-09-30,A00040,622.6,2023-10-15T06:00:00Z
2023-12-31,A00040,652.2,2024-01-15T06:00:00Z
2024-03-31,A00040,607.8,2024-04-15T06:00:00Z
2024-06-30,A00040,623.2,2024-07-15T06:00:00Z
2024-09-30,A00040,623.9,2024-10-15T06:00:00Z
2024-12-31,A00040,615.4,2025-01-15T06:00:00Z
2023-03-31,A00041,667.5,2023-04-15T06:00:00Z
2023-06-30,A00041,680.8,2023-07-15T06:00:00Z
2023-09-30,A00041,679.3,2023-10-15T06:00:00Z
2023-12-31,A00041,675.0,2024-01-15T06:00:00Z
2024-03-31,A00041,687.3,2024-04-15T06:00:00Z
2024-06-30,A00041,695.5,2024-07-15T06:00:00Z
2024-09-30,A00041,684.8,2024-10-15T06:00:00Z
2024-12-31,A00041,676.3,2025-01-15T06:00:00Z
2023-03-31,A00042,702.1,2023-04-15T06:00:00Z
2023-06-30,A00042,714.6,2023-07-15T06:00:00Z
2023-09-30,A00042,675.0,2023-10-15T06:00:00Z
2023-12-31,A00042,695.2,2024-01-15T06:00:00Z
2024-03-31,A00042,705.5,2024-04-15T06:00:00Z
2024-06-30,A00042,688.7,2024-07-15T06:00:00Z
2024-09-30,A00042,677.1,2024-10-15T06:00:00Z
2024-12-31,A00042,694.1,2025-01-15T06:00:00Z
2023-03-31,A00043,724.6,2023-04-15T06:00:00Z
2023-06-30,A00043,727.4,2023-07-15T06:00:00Z
2023-09-30,A00043,718.1,2023-10-15T06:00:00Z
2023-12-31,A00043,699.5,2024-01-15T06:00:00Z
2024-03-31,A00043,713.3,2024-04-15T06:00:00Z
2024-06-30,A00043,717.7,2024-07-15T06:00:00Z
2024-09-30,A00043,705.9,2024-10-15T06:00:00Z
2024-12-31,A00043,714.3,2025-01-15T06:00:00Z
2023-03-31,A00044,589.0,2023-04-15T06:00:00Z
2023-06-30,A00044,591.6,2023-07-15T06:00:00Z
2023-09-30,A00044,581.7,2023-10-15T06:00:00Z
2023-12-31,A00044,627.9,2024-01-15T06:00:00Z
2024-03-31,A00044,637.9,2024-04-15T06:00:00Z
2024-06-30,A00044,629.1,2024-07-15T06:00:00Z
2024-09-30,A00044,628.5,2024-10-15T06:00:00Z
2024-12-31,A00044,646.0,2025-01-15T06:00:00Z
2023-03-31,A00045,628.7,2023-04-15T06:00:00Z
2023-06-30,A00045,626.7,2023-07-15T06:00:00Z
2023-09-30,A00045,653.1,2023-10-15T06:00:00Z
2023-12-31,A00045,643.0,2024-01-15T06:00:00Z
2024-03-31,A00045,669.5,2024-04-15T06:00:00Z
2024-06-30,A00045,629.7,2024-07-15T06:00:00Z
2024-09-30,A00045,654.0,2024-10-15T06:00:00Z
2024-12-31,A00045,647.9,2025-01-15T06:00:00Z
2023-03-31,A00046,713.7,2023-04-15T06:00:00Z
2023-06-30,A00046,686.6,2023-07-15T06:00:00Z
2023-09-30,A00046,753.1,2023-10-15T06:00:00Z
2023-12-31,A00046,723.2,2024-01-15T06:00:00Z
2024-03-31,A00046,737.2,2024-04-15T06:00:00Z
2024-06-30,A00046,751.3,2024-07-15T06:00:00Z
2024-09-30,A00046,727.8,2024-10-15T06:00:00Z
2024-12-31,A00046,734.4,2025-01-15T06:00:00Z
2023-03-31,A00047,703.8,2023-04-15T06:00:00Z
2023-06-30,A00047,707.9,2023-07-15T06:00:00Z
2023-09-30,A00047,717.6,2023-10-15T06:00:00Z
2023-12-31,A00047,712.1,2024-01-15T06:00:00Z
2024-03-31,A00047,675.7,2024-04-15T06:00:00Z
2024-06-30,A00047,699.0,2024-07-15T06:00:00Z
2024-09-30,A00047,690.3,2024-10-15T06:00:00Z
2024-12-31,A00047,688.3,2025-01-15T06:00:00Z
2023-03-31,A00048,744.8,2023-04-15T06:00:00Z
2023-06-30,A00048,726.7,2023-07-15T06:00:00Z
2023-09-30,A00048,730.1,2023-10-15T06:00:00Z
2023-12-31,A00048,713.5,2024-01-15T06:00:00Z
2024-03-31,A00048,748.5,2024-04-15T06:00:00Z
2024-06-30,A00048,747.4,2024-07-15T06:00:00Z
2024-09-30,A00048,706.0,2024-10-15T06:00:00Z
2024-12-31,A00048,745.6,2025-01-15T06:00:00Z
2023-03-31,A00049,664.8,2023-04-15T06:00:00Z
2023-06-30,A00049,621.9,2023-07-15T06:00:00Z
2023-09-30,A00049,638.5,2023-10-15T06:00:00Z
2023-12-31,A00049,616.8,2024-01-15T06:00:00Z
2024-03-31,A00049,630.9,2024-04-15T06:00:00Z
2024-06-30,A00049,627.1,2024-07-15T06:00:00Z
2024-09-30,A00049,634.1,2024-10-15T06:00:00Z
2024-12-31,A00049,615.5,2025-01-15T06:00:00Z
2023-03-31,A00050,742.6,2023-04-15T06:00:00Z
2023-06-30,A00050,783.3,2023-07-15T06:00:00Z
2023-09-30,A00050,761.6,2023-10-15T06:00:00Z
2023-12-31,A00050,753.6,2024-01-15T06:00:00Z
2024-03-31,A00050,742.2,2024-04-15T06:00:00Z
2024-06-30,A00050,767.4,2024-07-15T06:00:00Z
2024-09-30,A00050,769.3,2024-10-15T06:00:00Z
2024-12-31,A00050,766.4,2025-01-15T06:00:00Z
2023-03-31,A00051,723.4,2023-04-15T06:00:00Z
2023-06-30,A00051,736.4,2023-07-15T06:00:00Z
2023-09-30,A00051,765.6,2023-10-15T06:00:00Z
2023-12-31,A00051,729.3,2024-01-15T06:00:00Z
2024-03-31,A00051,720.6,2024-04-15T06:00:00Z
2024-06-30,A00051,773.2,2024-07-15T06:00:00Z
2024-09-30,A00051,718.1,2024-10-15T06:00:00Z
2024-12-31,A00051,755.7,2025-01-15T06:00:00Z
2023-03-31,A00052,719.8,2023-04-15T06:00:00Z
2023-06-30,A00052,725.4,2023-07-15T06:00:00Z
2023-09-30,A00052,666.6,2023-10-15T06:00:00Z
2023-12-31,A00052,721.7,2024-01-15T06:00:00Z
2024-03-31,A00052,693.5,2024-04-15T06:00:00Z
2024-06-30,A00052,677.1,2024-07-15T06:00:00Z
2024-09-30,A00052,695.7,2024-10-15T06:00:00Z
2024-12-31,A00052,708.8,2025-01-15T06:00:00Z
2023-03-31,A00053,587.4,2023-04-15T06:00:00Z
2023-06-30,A00053,594.2,2023-07-15T06:00:00Z
2023-09-30,A00053,589.3,2023-10-15T06:00:00Z
2023-12-31,A00053,610.6,2024-01-15T06:00:00Z
2024-03-31,A00053,572.5,2024-04-15T06:00:00Z
2024-06-30,A00053,595.5,2024-07-15T06:00:00Z
2024-09-30,A00053,611.6,2024-10-15T06:00:00Z
2024-12-31,A00053,596.1,2025-01-15T06:00:00Z
2023-03-31,A00054,683.1,2023-04-15T06:00:00Z
2023-06-30,A00054,705.2,2023-07-15T06:00:00Z
2023-09-30,A00054,703.2,2023-10-15T06:00:00Z
2023-12-31,A00054,666.8,2024-01-15T06:00:00Z
2024-03-31,A00054,681.1,2024-04-15T06:00:00Z
2024-06-30,A00054,691.7,2024-07-15T06:00:00Z
2024-09-30,A00054,685.7,2024-10-15T06:00:00Z
2024-12-31,A00054,690.1,2025-01-15T06:00:00Z
2023-03-31,A00055,612.7,2023-04-15T06:00:00Z
2023-06-30,A00055,617.0,2023-07-15T06:00:00Z
2023-09-30,A00055,611.2,2023-10-15T06:00:00Z
2023-12-31,A00055,628.2,2024-01-15T06:00:00Z
2024-03-31,A00055,595.0,2024-04-15T06:00:00Z
2024-06-30,A00055,622.7,2024-07-15T06:00:00Z
2024-09-30,A00055,598.4,2024-10-15T06:00:00Z
2024-12-31,A00055,587.5,2025-01-15T06:00:00Z
2023-03-31,A00056,673.5,2023-04-15T06:00:00Z
2023-06-30,A00056,661.2,2023-07-15T06:00:00Z
2023-09-30,A00056,700.5,2023-10-15T06:00:00Z
2023-12-31,A00056,665.1,2024-01-15T06:00:00Z
2024-03-31,A00056,686.5,2024-04-15T06:00:00Z
2024-06-30,A00056,689.2,2024-07-15T06:00:00Z
2024-09-30,A00056,717.4,2024-10-15T06:00:00Z
2024-12-31,A00056,692.9,2025-01-15T06:00:00Z
2023-03-31,A00057,692.2,2023-04-15T06:00:00Z
2023-06-30,A00057,701.8,2023-07-15T06:00:00Z
2023-09-30,A00057,721.5,2023-10-15T06:00:00Z
2023-12-31,A00057,693.0,2024-01-15T06:00:00Z
2024-03-31,A00057,696.6,2024-04-15T06:00:00Z
2024-06-30,A00057,679.7,2024-07-15T06:00:00Z
2024-09-30,A00057,695.6,2024-10-15T06:00:00Z
2024-12-31,A00057,705.8,2025-01-15T06:00:00Z
2023-03-31,A00058,761.2,2023-04-15T06:00:00Z
2023-06-30,A00058,739.9,2023-07-15T06:00:00Z
2023-09-30,A00058,753.2,2023-10-15T06:00:00Z
2023-12-31,A00058,764.8,2024-01-15T06:00:00Z
2024-03-31,A00058,717.6,2024-04-15T06:00:00Z
2024-06-30,A00058,762.0,2024-07-15T06:00:00Z
2024-09-30,A00058,777.8,2024-10-15T06:00:00Z
2024-12-31,A00058,749.8,2025-01-15T06:00:00Z
2023-03-31,A00059,579.1,2023-04-15T06:00:00Z
2023-06-30,A00059,620.2,2023-07-15T06:00:00Z
2023-09-30,A00059,599.7,2023-10-15T06:00:00Z
2023-12-31,A00059,605.0,2024-01-15T06:00:00Z
2024-03-31,A00059,580.3,2024-04-15T06:00:00Z
2024-06-30,A00059,561.4,2024-07-15T06:00:00Z
2024-09-30,A00059,608.6,2024-10-15T06:00:00Z
2024-12-31,A00059,609.6,2025-01-15T06:00:00Z
2023-03-31,A00060,735.9,2023-04-15T06:00:00Z
2023-06-30,A00060,701.8,2023-07-15T06:00:00Z
2023-09-30,A00060,709.4,2023-10-15T06:00:00Z
2023-12-31,A00060,734.7,2024-01-15T06:00:00Z
2024-03-31,A00060,714.1,2024-04-15T06:00:00Z
2024-06-30,A00060,705.4,2024-07-15T06:00:00Z
2024-09-30,A00060,702.3,2024-10-15T06:00:00Z
2024-12-31,A00060,719.5,2025-01-15T06:00:00Z
2023-03-31,A00061,666.7,2023-04-15T06:00:00Z
2023-06-30,A00061,685.3,2023-07-15T06:00:00Z
2023-09-30,A00061,701.8,2023-10-15T06:00:00Z
2023-12-31,A00061,707.8,2024-01-15T06:00:00Z
2024-03-31,A00061,693.5,2024-04-15T06:00:00Z
2024-06-30,A00061,702.3,2024-07-15T06:00:00Z
2024-09-30,A00061,689.6,2024-10-15T06:00:00Z
2024-12-31,A00061,707.5,2025-01-15T06:00:00Z
2023-03-31,A00062,671.2,2023-04-15T06:00:00Z
2023-06-30,A00062,683.7,2023-07-15T06:00:00Z
2023-09-30,A00062,694.4,2023-10-15T06:00:00Z
2023-12-31,A00062,683.0,2024-01-15T06:00:00Z
2024-03-31,A00062,657.9,2024-04-15T06:00:00Z
2024-06-30,A00062,674.7,2024-07-15T06:00:00Z
2024-09-30,A00062,677.1,2024-10-15T06:00:00Z
2024-12-31,A00062,684.9,2025-01-15T06:00:00Z
2023-03-31,A00063,740.7,2023-04-15T06:00:00Z
2023-06-30,A00063,720.0,2023-07-15T06:00:00Z
2023-09-30,A00063,767.2,2023-10-15T06:00:00Z
2023-12-31,A00063,723.4,2024-01-15T06:00:00Z
2024-03-31,A00063,720.9,2024-04-15T06:00:00Z
2024-06-30,A00063,749.7,2024-07-15T06:00:00Z
2024-09-30,A00063,739.7,2024-10-15T06:00:00Z
2024-12-31,A00063,768.2,2025-01-15T06:00:00Z
2023-03-31,A00064,755.5,2023-04-15T06:00:00Z
2023-06-30,A00064,764.6,2023-07-15T06:00:00Z
2023-09-30,A00064,782.8,2023-10-15T06:00:00Z
2023-12-31,A00064,736.5,2024-01-15T06:00:00Z
2024-03-31,A00064,759.3,2024-04-15T06:00:00Z
2024-06-30,A00064,752.5,2024-07-15T06:00:00Z
2024-09-30,A00064,758.3,2024-10-15T06:00:00Z
2024-12-31,A00064,761.4,2025-01-15T06:00:00Z
2023-03-31,A00065,689.3,2023-04-15T06:00:00Z
2023-06-30,A00065,667.4,2023-07-15T06:00:00Z
2023-09-30,A00065,721.2,2023-10-15T06:00:00Z
2023-12-31,A00065,684.6,2024-01-15T06:00:00Z
2024-03-31,A00065,714.9,2024-04-15T06:00:00Z
2024-06-30,A00065,686.8,2024-07-15T06:00:00Z
2024-09-30,A00065,706.1,2024-10-15T06:00:00Z
2024-12-31,A00065,712.2,2025-01-15T06:00:00Z
2023-03-31,A00066,697.3,2023-04-15T06:00:00Z
2023-06-30,A00066,677.7,2023-07-15T06:00:00Z
2023-09-30,A00066,665.4,2023-10-15T06:00:00Z
2023-12-31,A00066,676.4,2024-01-15T06:00:00Z
2024-03-31,A00066,656.6,2024-04-15T06:00:00Z
2024-06-30,A00066,673.8,2024-07-15T06:00:00Z
2024-09-30,A00066,676.1,2024-10-15T06:00:00Z
2024-12-31,A00066,667.0,2025-01-15T06:00:00Z
2023-03-31,A00067,650.0,2023-04-15T06:00:00Z
2023-06-30,A00067,726.0,2023-07-15T06:00:00Z
2023-09-30,A00067,686.0,2023-10-15T06:00:00Z
2023-12-31,A00067,672.5,2024-01-15T06:00:00Z
2024-03-31,A00067,697.2,2024-04-15T06:00:00Z
2024-06-30,A00067,654.5,2024-07-15T06:00:00Z
2024-09-30,A00067,700.1,2024-10-15T06:00:00Z
2024-12-31,A00067,696.4,2025-01-15T06:00:00Z
2023-03-31,A00068,784.2,2023-04-15T06:00:00Z
2023-06-30,A00068,746.9,2023-07-15T06:00:00Z
2023-09-30,A00068,756.1,2023-10-15T06:00:00Z
2023-12-31,A00068,787.4,2024-01-15T06:00:00Z
2024-03-31,A00068,768.9,2024-04-15T06:00:00Z
2024-06-30,A00068,765.8,2024-07-15T06:00:00Z
2024-09-30,A00068,799.9,2024-10-15T06:00:00Z
2024-12-31,A00068,816.0,2025-01-15T06:00:00Z
2023-03-31,A00069,756.9,2023-04-15T06:00:00Z
2023-06-30,A00069,721.7,2023-07-15T06:00:00Z
2023-09-30,A00069,748.4,2023-10-15T06:00:00Z
2023-12-31,A00069,735.1,2024-01-15T06:00:00Z
2024-03-31,A00069,735.0,2024-04-15T06:00:00Z
2024-06-30,A00069,737.7,2024-07-15T06:00:00Z
2024-09-30,A00069,742.3,2024-10-15T06:00:00Z
2024-12-31,A00069,739.3,2025-01-15T06:00:00Z
2023-03-31,A00070,702.6,2023-04-15T06:00:00Z
2023-06-30,A00070,697.6,2023-07-15T06:00:00Z
2023-09-30,A00070,757.2,2023-10-15T06:00:00Z
2023-12-31,A00070,734.7,2024-01-15T06:00:00Z
2024-03-31,A00070,712.4,2024-04-15T06:00:00Z
2024-06-30,A00070,715.4,2024-07-15T06:00:00Z
2024-09-30,A00070,710.8,2024-10-15T06:00:00Z
2024-12-31,A00070,686.5,2025-01-15T06:00:00Z
2023-03-31,A00071,755.5,2023-04-15T06:00:00Z
2023-06-30,A00071,766.8,2023-07-15T06:00:00Z
2023-09-30,A00071,705.1,2023-10-15T06:00:00Z
2023-12-31,A00071,736.3,2024-01-15T06:00:00Z
2024-03-31,A00071,693.9,2024-04-15T06:00:00Z
2024-06-30,A00071,749.8,2024-07-15T06:00:00Z
2024-09-30,A00071,735.2,2024-10-15T06:00:00Z
2024-12-31,A00071,696.9,2025-01-15T06:00:00Z
2023-03-31,A00072,663.9,2023-04-15T06:00:00Z
2023-06-30,A00072,640.7,2023-07-15T06:00:00Z
2023-09-30,A00072,645.3,2023-10-15T06:00:00Z
2023-12-31,A00072,633.5,2024-01-15T06:00:00Z
2024-03-31,A00072,670.0,2024-04-15T06:00:00Z
2024-06-30,A00072,654.5,2024-07-15T06:00:00Z
2024-09-30,A00072,679.7,2024-10-15T06:00:00Z
2024-12-31,A00072,665.8,2025-01-15T06:00:00Z
2023-03-31,A00073,654.1,2023-04-15T06:00:00Z
2023-06-30,A00073,620.3,2023-07-15T06:00:00Z
2023-09-30,A00073,659.4,2023-10-15T06:00:00Z
2023-12-31,A00073,649.4,2024-01-15T06:00:00Z
2024-03-31,A00073,637.1,2024-04-15T06:00:00Z
2024-06-30,A00073,647.0,2024-07-15T06:00:00Z
2024-09-30,A00073,637.0,2024-10-15T06:00:00Z
2024-12-31,A00073,627.7,2025-01-15T06:00:00Z
2023-03-31,A00074,778.6,2023-04-15T06:00:00Z
2023-06-30,A00074,791.1,2023-07-15T06:00:00Z
2023-09-30,A00074,794.7,2023-10-15T06:00:00Z
2023-12-31,A00074,797.9,2024-01-15T06:00:00Z
2024-03-31,A00074,791.3,2024-04-15T06:00:00Z
2024-06-30,A00074,807.6,2024-07-15T06:00:00Z
2024-09-30,A00074,792.5,2024-10-15T06:00:00Z
2024-12-31,A00074,785.2,2025-01-15T06:00:00Z
2023-03-31,A00075,647.8,2023-04-15T06:00:00Z
2023-06-30,A00075,655.8,2023-07-15T06:00:00Z
2023-09-30,A00075,670.5,2023-10-15T06:00:00Z
2023-12-31,A00075,612.8,2024-01-15T06:00:00Z
2024-03-31,A00075,648.9,2024-04-15T06:00:00Z
2024-06-30,A00075,643.3,2024-07-15T06:00:00Z
2024-09-30,A00075,639.4,2024-10-15T06:00:00Z
2024-12-31,A00075,648.6,2025-01-15T06:00:00Z
2023-03-31,A00076,647.8,2023-04-15T06:00:00Z
2023-06-30,A00076,672.9,2023-07-15T06:00:00Z
2023-09-30,A00076,648.6,2023-10-15T06:00:00Z
2023-12-31,A00076,655.8,2024-01-15T06:00:00Z
2024-03-31,A00076,620.0,2024-04-15T06:00:00Z
2024-06-30,A00076,639.4,2024-07-15T06:00:00Z
2024-09-30,A00076,668.3,2024-10-15T06:00:00Z
2024-12-31,A00076,659.7,2025-01-15T06:00:00Z
2023-03-31,A00077,687.7,2023-04-15T06:00:00Z
2023-06-30,A00077,695.5,2023-07-15T06:00:00Z
2023-09-30,A00077,680.6,2023-10-15T06:00:00Z
2023-12-31,A00077,682.2,2024-01-15T06:00:00Z
2024-03-31,A00077,686.9,2024-04-15T06:00:00Z
2024-06-30,A00077,699.0,2024-07-15T06:00:00Z
2024-09-30,A00077,666.7,2024-10-15T06:00:00Z
2024-12-31,A00077,669.0,2025-01-15T06:00:00Z
2023-03-31,A00078,584.0,2023-04-15T06:00:00Z
2023-06-30,A00078,542.6,2023-07-15T06:00:00Z
2023-09-30,A00078,581.3,2023-10-15T06:00:00Z
2023-12-31,A00078,603.5,2024-01-15T06:00:00Z
2024-03-31,A00078,567.7,2024-04-15T06:00:00Z
2024-06-30,A00078,597.3,2024-07-15T06:00:00Z
2024-09-30,A00078,548.7,2024-10-15T06:00:00Z
2024-12-31,A00078,555.0,2025-01-15T06:00:00Z
2023-03-31,A00079,675.0,2023-04-15T06:00:00Z
2023-06-30,A00079,675.9,2023-07-15T06:00:00Z
2023-09-30,A00079,683.5,2023-10-15T06:00:00Z
2023-12-31,A00079,740.1,2024-01-15T06:00:00Z
2024-03-31,A00079,690.6,2024-04-15T06:00:00Z
2024-06-30,A00079,685.9,2024-07-15T06:00:00Z
2024-09-30,A00079,685.8,2024-10-15T06:00:00Z
2024-12-31,A00079,720.7,2025-01-15T06:00:00Z
2023-03-31,A00080,704.2,2023-04-15T06:00:00Z
2023-06-30,A00080,692.6,2023-07-15T06:00:00Z
2023-09-30,A00080,726.7,2023-10-15T06:00:00Z
2023-12-31,A00080,696.2,2024-01-15T06:00:00Z
2024-03-31,A00080,688.8,2024-04-15T06:00:00Z
2024-06-30,A00080,721.3,2024-07-15T06:00:00Z
2024-09-30,A00080,666.8,2024-10-15T06:00:00Z
2024-12-31,A00080,722.8,2025-01-15T06:00:00Z
2023-03-31,A00081,646.6,2023-04-15T06:00:00Z
2023-06-30,A00081,639.4,2023-07-15T06:00:00Z
2023-09-30,A00081,616.8,2023-10-15T06:00:00Z
2023-12-31,A00081,617.6,2024-01-15T06:00:00Z
2024-03-31,A00081,627.1,2024-04-15T06:00:00Z
2024-06-30,A00081,669.1,2024-07-15T06:00:00Z
2024-09-30,A00081,648.8,2024-10-15T06:00:00Z
2024-12-31,A00081,647.4,2025-01-15T06:00:00Z
2023-03-31,A00082,735.8,2023-04-15T06:00:00Z
2023-06-30,A00082,694.9,2023-07-15T06:00:00Z
2023-09-30,A00082,754.5,2023-10-15T06:00:00Z
2023-12-31,A00082,762.1,2024-01-15T06:00:00Z
2024-03-31,A00082,711.4,2024-04-15T06:00:00Z
2024-06-30,A00082,741.2,2024-07-15T06:00:00Z
2024-09-30,A00082,766.2,2024-10-15T06:00:00Z
2024-12-31,A00082,763.9,2025-01-15T06:00:00Z
2023-03-31,A00083,672.0,2023-04-15T06:00:00Z
2023-06-30,A00083,687.6,2023-07-15T06:00:00Z
2023-09-30,A00083,690.2,2023-10-15T06:00:00Z
2023-12-31,A00083,686.1,2024-01-15T06:00:00Z
2024-03-31,A00083,711.8,2024-04-15T06:00:00Z
2024-06-30,A00083,704.6,2024-07-15T06:00:00Z
2024-09-30,A00083,688.6,2024-10-15T06:00:00Z
2024-12-31,A00083,689.4,2025-01-15T06:00:00Z
2023-03-31,A00084,625.7,2023-04-15T06:00:00Z
2023-06-30,A00084,657.3,2023-07-15T06:00:00Z
2023-09-30,A00084,644.1,2023-10-15T06:00:00Z
2023-12-31,A00084,683.7,2024-01-15T06:00:00Z
2024-03-31,A00084,682.5,2024-04-15T06:00:00Z
2024-06-30,A00084,641.3,2024-07-15T06:00:00Z
2024-09-30,A00084,657.0,2024-10-15T06:00:00Z
2024-12-31,A00084,680.1,2025-01-15T06:00:00Z
2023-03-31,A00085,705.4,2023-04-15T06:00:00Z
2023-06-30,A00085,718.0,2023-07-15T06:00:00Z
2023-09-30,A00085,728.5,2023-10-15T06:00:00Z
2023-12-31,A00085,701.4,2024-01-15T06:00:00Z
2024-03-31,A00085,718.3,2024-04-15T06:00:00Z
2024-06-30,A00085,712.6,2024-07-15T06:00:00Z
2024-09-30,A00085,692.9,2024-10-15T06:00:00Z
2024-12-31,A00085,702.3,2025-01-15T06:00:00Z
2023-03-31,A00086,675.0,2023-04-15T06:00:00Z
2023-06-30,A00086,692.7,2023-07-15T06:00:00Z
2023-09-30,A00086,683.8,2023-10-15T06:00:00Z
2023-12-31,A00086,686.3,2024-01-15T06:00:00Z
2024-03-31,A00086,699.3,2024-04-15T06:00:00Z
2024-06-30,A00086,683.6,2024-07-15T06:00:00Z
2024-09-30,A00086,677.3,2024-10-15T06:00:00Z
2024-12-31,A00086,647.7,2025-01-15T06:00:00Z
2023-03-31,A00087,668.8,2023-04-15T06:00:00Z
2023-06-30,A00087,635.2,2023-07-15T06:00:00Z
2023-09-30,A00087,644.3,2023-10-15T06:00:00Z
2023-12-31,A00087,652.4,2024-01-15T06:00:00Z
2024-03-31,A00087,652.4,2024-04-15T06:00:00Z
2024-06-30,A00087,651.8,2024-07-15T06:00:00Z
2024-09-30,A00087,642.7,2024-10-15T06:00:00Z
2024-12-31,A00087,686.2,2025-01-15T06:00:00Z
2023-03-31,A00088,791.7,2023-04-15T06:00:00Z
2023-06-30,A00088,797.7,2023-07-15T06:00:00Z
2023-09-30,A00088,790.6,2023-10-15T06:00:00Z
2023-12-31,A00088,777.7,2024-01-15T06:00:00Z
2024-03-31,A00088,787.7,2024-04-15T06:00:00Z
2024-06-30,A00088,787.8,2024-07-15T06:00:00Z
2024-09-30,A00088,819.5,2024-10-15T06:00:00Z
2024-12-31,A00088,832.2,2025-01-15T06:00:00Z
2023-03-31,A00089,668.8,2023-04-15T06:00:00Z
2023-06-30,A00089,670.7,2023-07-15T06:00:00Z
2023-09-30,A00089,668.5,2023-10-15T06:00:00Z
2023-12-31,A00089,647.8,2024-01-15T06:00:00Z
2024-03-31,A00089,657.5,2024-04-15T06:00:00Z
2024-06-30,A00089,661.8,2024-07-15T06:00:00Z
2024-09-30,A00089,645.9,2024-10-15T06:00:00Z
2024-12-31,A00089,643.9,2025-01-15T06:00:00Z
2023-03-31,A00090,682.5,2023-04-15T06:00:00Z
2023-06-30,A00090,640.7,2023-07-15T06:00:00Z
2023-09-30,A00090,645.6,2023-10-15T06:00:00Z
2023-12-31,A00090,628.8,2024-01-15T06:00:00Z
2024-03-31,A00090,659.1,2024-04-15T06:00:00Z
2024-06-30,A00090,651.0,2024-07-15T06:00:00Z
2024-09-30,A00090,653.5,2024-10-15T06:00:00Z
2024-12-31,A00090,642.0,2025-01-15T06:00:00Z
2023-03-31,A00091,731.9,2023-04-15T06:00:00Z
2023-06-30,A00091,759.9,2023-07-15T06:00:00Z
2023-09-30,A00091,738.3,2023-10-15T06:00:00Z
2023-12-31,A00091,734.3,2024-01-15T06:00:00Z
2024-03-31,A00091,729.8,2024-04-15T06:00:00Z
2024-06-30,A00091,719.5,2024-07-15T06:00:00Z
2024-09-30,A00091,745.5,2024-10-15T06:00:00Z
2024-12-31,A00091,756.4,2025-01-15T06:00:00Z
2023-03-31,A00092,639.6,2023-04-15T06:00:00Z
2023-06-30,A00092,621.5,2023-07-15T06:00:00Z
2023-09-30,A00092,662.7,2023-10-15T06:00:00Z
2023-12-31,A00092,655.3,2024-01-15T06:00:00Z
2024-03-31,A00092,621.7,2024-04-15T06:00:00Z
2024-06-30,A00092,667.0,2024-07-15T06:00:00Z
2024-09-30,A00092,648.7,2024-10-15T06:00:00Z
2024-12-31,A00092,683.0,2025-01-15T06:00:00Z
2023-03-31,A00093,741.7,2023-04-15T06:00:00Z
2023-06-30,A00093,751.6,2023-07-15T06:00:00Z
2023-09-30,A00093,744.4,2023-10-15T06:00:00Z
2023-12-31,A00093,779.5,2024-01-15T06:00:00Z
2024-03-31,A00093,750.4,2024-04-15T06:00:00Z
2024-06-30,A00093,762.9,2024-07-15T06:00:00Z
2024-09-30,A00093,756.7,2024-10-15T06:00:00Z
2024-12-31,A00093,747.4,2025-01-15T06:00:00Z
2023-03-31,A00094,699.2,2023-04-15T06:00:00Z
2023-06-30,A00094,689.4,2023-07-15T06:00:00Z
2023-09-30,A00094,688.1,2023-10-15T06:00:00Z
2023-12-31,A00094,716.1,2024-01-15T06:00:00Z
2024-03-31,A00094,731.5,2024-04-15T06:00:00Z
2024-06-30,A00094,722.0,2024-07-15T06:00:00Z
2024-09-30,A00094,714.2,2024-10-15T06:00:00Z
2024-12-31,A00094,730.7,2025-01-15T06:00:00Z
2023-03-31,A00095,711.8,2023-04-15T06:00:00Z
2023-06-30,A00095,724.8,2023-07-15T06:00:00Z
2023-09-30,A00095,725.3,2023-10-15T06:00:00Z
2023-12-31,A00095,717.0,2024-01-15T06:00:00Z
2024-03-31,A00095,746.4,2024-04-15T06:00:00Z
2024-06-30,A00095,737.8,2024-07-15T06:00:00Z
2024-09-30,A00095,727.9,2024-10-15T06:00:00Z
2024-12-31,A00095,742.0,2025-01-15T06:00:00Z
2023-03-31,A00096,600.5,2023-04-15T06:00:00Z
2023-06-30,A00096,631.1,2023-07-15T06:00:00Z
2023-09-30,A00096,595.3,2023-10-15T06:00:00Z
2023-12-31,A00096,635.8,2024-01-15T06:00:00Z
2024-03-31,A00096,637.8,2024-04-15T06:00:00Z
2024-06-30,A00096,599.9,2024-07-15T06:00:00Z
2024-09-30,A00096,631.2,2024-10-15T06:00:00Z
2024-12-31,A00096,645.5,2025-01-15T06:00:00Z
2023-03-31,A00097,607.4,2023-04-15T06:00:00Z
2023-06-30,A00097,627.9,2023-07-15T06:00:00Z
2023-09-30,A00097,603.7,2023-10-15T06:00:00Z
2023-12-31,A00097,606.8,2024-01-15T06:00:00Z
2024-03-31,A00097,611.4,2024-04-15T06:00:00Z
2024-06-30,A00097,579.5,2024-07-15T06:00:00Z
2024-09-30,A00097,639.5,2024-10-15T06:00:00Z
2024-12-31,A00097,631.9,2025-01-15T06:00:00Z
2023-03-31,A00098,718.1,2023-04-15T06:00:00Z
2023-06-30,A00098,745.3,2023-07-15T06:00:00Z
2023-09-30,A00098,772.0,2023-10-15T06:00:00Z
2023-12-31,A00098,736.6,2024-01-15T06:00:00Z
2024-03-31,A00098,749.1,2024-04-15T06:00:00Z
2024-06-30,A00098,773.5,2024-07-15T06:00:00Z
2024-09-30,A00098,752.3,2024-10-15T06:00:00Z
2024-12-31,A00098,729.8,2025-01-15T06:00:00Z
2023-03-31,A00099,532.9,2023-04-15T06:00:00Z
2023-06-30,A00099,567.7,2023-07-15T06:00:00Z
2023-09-30,A00099,510.3,2023-10-15T06:00:00Z
2023-12-31,A00099,561.4,2024-01-15T06:00:00Z
2024-03-31,A00099,537.1,2024-04-15T06:00:00Z
2024-06-30,A00099,554.1,2024-07-15T06:00:00Z
2024-09-30,A00099,539.3,2024-10-15T06:00:00Z
2024-12-31,A00099,534.7,2025-01-15T06:00:00Z
2023-03-31,A00100,792.5,2023-04-15T06:00:00Z
2023-06-30,A00100,813.0,2023-07-15T06:00:00Z
2023-09-30,A00100,772.7,2023-10-15T06:00:00Z
2023-12-31,A00100,801.7,2024-01-15T06:00:00Z
2024-03-31,A00100,769.7,2024-04-15T06:00:00Z
2024-06-30,A00100,757.5,2024-07-15T06:00:00Z
2024-09-30,A00100,817.6,2024-10-15T06:00:00Z
2024-12-31,A00100,784.6,2025-01-15T06:00:00Z
2023-03-31,A00101,667.9,2023-04-15T06:00:00Z
2023-06-30,A00101,687.8,2023-07-15T06:00:00Z
2023-09-30,A00101,674.5,2023-10-15T06:00:00Z
2023-12-31,A00101,666.7,2024-01-15T06:00:00Z
2024-03-31,A00101,641.3,2024-04-15T06:00:00Z
2024-06-30,A00101,671.8,2024-07-15T06:00:00Z
2024-09-30,A00101,678.3,2024-10-15T06:00:00Z
2024-12-31,A00101,681.3,2025-01-15T06:00:00Z
2023-03-31,A00102,655.4,2023-04-15T06:00:00Z
2023-06-30,A00102,639.4,2023-07-15T06:00:00Z
2023-09-30,A00102,638.0,2023-10-15T06:00:00Z
2023-12-31,A00102,639.3,2024-01-15T06:00:00Z
2024-03-31,A00102,656.2,2024-04-15T06:00:00Z
2024-06-30,A00102,621.3,2024-07-15T06:00:00Z
2024-09-30,A00102,676.9,2024-10-15T06:00:00Z
2024-12-31,A00102,643.8,2025-01-15T06:00:00Z
2023-03-31,A00103,634.2,2023-04-15T06:00:00Z
2023-06-30,A00103,704.5,2023-07-15T06:00:00Z
2023-09-30,A00103,658.6,2023-10-15T06:00:00Z
2023-12-31,A00103,638.7,2024-01-15T06:00:00Z
2024-03-31,A00103,631.6,2024-04-15T06:00:00Z
2024-06-30,A00103,679.2,2024-07-15T06:00:00Z
2024-09-30,A00103,658.1,2024-10-15T06:00:00Z
2024-12-31,A00103,664.2,2025-01-15T06:00:00Z
2023-03-31,A00104,740.9,2023-04-15T06:00:00Z
2023-06-30,A00104,726.3,2023-07-15T06:00:00Z
2023-09-30,A00104,733.8,2023-10-15T06:00:00Z
2023-12-31,A00104,710.1,2024-01-15T06:00:00Z
2024-03-31,A00104,744.0,2024-04-15T06:00:00Z
2024-06-30,A00104,715.8,2024-07-15T06:00:00Z
2024-09-30,A00104,719.9,2024-10-15T06:00:00Z
2024-12-31,A00104,769.1,2025-01-15T06:00:00Z
2023-03-31,A00105,802.3,2023-04-15T06:00:00Z
2023-06-30,A00105,780.8,2023-07-15T06:00:00Z
2023-09-30,A00105,756.2,2023-10-15T06:00:00Z
2023-12-31,A00105,779.3,2024-01-15T06:00:00Z
2024-03-31,A00105,768.9,2024-04-15T06:00:00Z
2024-06-30,A00105,746.1,2024-07-15T06:00:00Z
2024-09-30,A00105,764.3,2024-10-15T06:00:00Z
2024-12-31,A00105,788.5,2025-01-15T06:00:00Z
2023-03-31,A00106,700.1,2023-04-15T06:00:00Z
2023-06-30,A00106,693.3,2023-07-15T06:00:00Z
2023-09-30,A00106,692.9,2023-10-15T06:00:00Z
2023-12-31,A00106,687.6,2024-01-15T06:00:00Z
2024-03-31,A00106,697.5,2024-04-15T06:00:00Z
2024-06-30,A00106,680.1,2024-07-15T06:00:00Z
2024-09-30,A00106,679.8,2024-10-15T06:00:00Z
2024-12-31,A00106,714.9,2025-01-15T06:00:00Z
2023-03-31,A00107,640.5,2023-04-15T06:00:00Z
2023-06-30,A00107,602.6,2023-07-15T06:00:00Z
2023-09-30,A00107,614.4,2023-10-15T06:00:00Z
2023-12-31,A00107,607.3,2024-01-15T06:00:00Z
2024-03-31,A00107,589.0,2024-04-15T06:00:00Z
2024-06-30,A00107,599.6,2024-07-15T06:00:00Z
2024-09-30,A00107,609.6,2024-10-15T06:00:00Z
2024-12-31,A00107,582.7,2025-01-15T06:00:00Z
2023-03-31,A00108,691.2,2023-04-15T06:00:00Z
2023-06-30,A00108,690.4,2023-07-15T06:00:00Z
2023-09-30,A00108,694.8,2023-10-15T06:00:00Z
2023-12-31,A00108,664.9,2024-01-15T06:00:00Z
2024-03-31,A00108,678.7,2024-04-15T06:00:00Z
2024-06-30,A00108,700.7,2024-07-15T06:00:00Z
2024-09-30,A00108,693.1,2024-10-15T06:00:00Z
2024-12-31,A00108,698.0,2025-01-15T06:00:00Z
2023-03-31,A00109,850.0,2023-04-15T06:00:00Z
2023-06-30,A00109,816.3,2023-07-15T06:00:00Z
2023-09-30,A00109,842.4,2023-10-15T06:00:00Z
2023-12-31,A00109,850.0,2024-01-15T06:00:00Z
2024-03-31,A00109,841.1,2024-04-15T06:00:00Z
2024-06-30,A00109,830.2,2024-07-15T06:00:00Z
2024-09-30,A00109,850.0,2024-10-15T06:00:00Z
2024-12-31,A00109,850.0,2025-01-15T06:00:00Z
2023-03-31,A00110,706.2,2023-04-15T06:00:00Z
2023-06-30,A00110,727.4,2023-07-15T06:00:00Z
2023-09-30,A00110,719.9,2023-10-15T06:00:00Z
2023-12-31,A00110,711.2,2024-01-15T06:00:00Z
2024-03-31,A00110,739.6,2024-04-15T06:00:00Z
2024-06-30,A00110,700.2,2024-07-15T06:00:00Z
2024-09-30,A00110,741.5,2024-10-15T06:00:00Z
2024-12-31,A00110,732.7,2025-01-15T06:00:00Z
2023-03-31,A00111,697.8,2023-04-15T06:00:00Z
2023-06-30,A00111,713.7,2023-07-15T06:00:00Z
2023-09-30,A00111,672.0,2023-10-15T06:00:00Z
2023-12-31,A00111,692.9,2024-01-15T06:00:00Z
2024-03-31,A00111,684.3,2024-04-15T06:00:00Z
2024-06-30,A00111,695.8,2024-07-15T06:00:00Z
2024-09-30,A00111,693.5,2024-10-15T06:00:00Z
2024-12-31,A00111,672.5,2025-01-15T06:00:00Z
2023-03-31,A00112,623.6,2023-04-15T06:00:00Z
2023-06-30,A00112,624.5,2023-07-15T06:00:00Z
2023-09-30,A00112,611.0,2023-10-15T06:00:00Z
2023-12-31,A00112,638.7,2024-01-15T06:00:00Z
2024-03-31,A00112,626.9,2024-04-15T06:00:00Z
2024-06-30,A00112,594.6,2024-07-15T06:00:00Z
2024-09-30,A00112,620.6,2024-10-15T06:00:00Z
2024-12-31,A00112,619.9,2025-01-15T06:00:00Z
2023-03-31,A00113,621.8,2023-04-15T06:00:00Z
2023-06-30,A00113,640.3,2023-07-15T06:00:00Z
2023-09-30,A00113,622.2,2023-10-15T06:00:00Z
2023-12-31,A00113,634.1,2024-01-15T06:00:00Z
2024-03-31,A00113,602.8,2024-04-15T06:00:00Z
2024-06-30,A00113,612.3,2024-07-15T06:00:00Z
2024-09-30,A00113,639.9,2024-10-15T06:00:00Z
2024-12-31,A00113,630.3,2025-01-15T06:00:00Z
2023-03-31,A00114,817.4,2023-04-15T06:00:00Z
2023-06-30,A00114,826.3,2023-07-15T06:00:00Z
2023-09-30,A00114,799.0,2023-10-15T06:00:00Z
2023-12-31,A00114,817.8,2024-01-15T06:00:00Z
2024-03-31,A00114,767.3,2024-04-15T06:00:00Z
2024-06-30,A00114,794.1,2024-07-15T06:00:00Z
2024-09-30,A00114,780.7,2024-10-15T06:00:00Z
2024-12-31,A00114,804.5,2025-01-15T06:00:00Z
2023-03-31,A00115,646.2,2023-04-15T06:00:00Z
2023-06-30,A00115,648.9,2023-07-15T06:00:00Z
2023-09-30,A00115,647.7,2023-10-15T06:00:00Z
2023-12-31,A00115,640.2,2024-01-15T06:00:00Z
2024-03-31,A00115,636.2,2024-04-15T06:00:00Z
2024-06-30,A00115,665.1,2024-07-15T06:00:00Z
2024-09-30,A00115,683.9,2024-10-15T06:00:00Z
2024-12-31,A00115,656.7,2025-01-15T06:00:00Z
2023-03-31,A00116,619.2,2023-04-15T06:00:00Z
2023-06-30,A00116,626.6,2023-07-15T06:00:00Z
2023-09-30,A00116,659.4,2023-10-15T06:00:00Z
2023-12-31,A00116,667.5,2024-01-15T06:00:00Z
2024-03-31,A00116,663.5,2024-04-15T06:00:00Z
2024-06-30,A00116,629.9,2024-07-15T06:00:00Z
2024-09-30,A00116,653.6,2024-10-15T06:00:00Z
2024-12-31,A00116,627.2,2025-01-15T06:00:00Z
2023-03-31,A00117,678.5,2023-04-15T06:00:00Z
2023-06-30,A00117,700.8,2023-07-15T06:00:00Z
2023-09-30,A00117,700.2,2023-10-15T06:00:00Z
2023-12-31,A00117,705.8,2024-01-15T06:00:00Z
2024-03-31,A00117,691.4,2024-04-15T06:00:00Z
2024-06-30,A00117,704.2,2024-07-15T06:00:00Z
2024-09-30,A00117,727.4,2024-10-15T06:00:00Z
2024-12-31,A00117,696.1,2025-01-15T06:00:00Z
2023-03-31,A00118,748.4,2023-04-15T06:00:00Z
2023-06-30,A00118,724.1,2023-07-15T06:00:00Z
2023-09-30,A00118,746.4,2023-10-15T06:00:00Z
2023-12-31,A00118,725.0,2024-01-15T06:00:00Z
2024-03-31,A00118,723.1,2024-04-15T06:00:00Z
2024-06-30,A00118,757.6,2024-07-15T06:00:00Z
2024-09-30,A00118,736.3,2024-10-15T06:00:00Z
2024-12-31,A00118,719.7,2025-01-15T06:00:00Z
2023-03-31,A00119,741.3,2023-04-15T06:00:00Z
2023-06-30,A00119,723.9,2023-07-15T06:00:00Z
2023-09-30,A00119,729.4,2023-10-15T06:00:00Z
2023-12-31,A00119,716.5,2024-01-15T06:00:00Z
2024-03-31,A00119,734.1,2024-04-15T06:00:00Z
2024-06-30,A00119,724.4,2024-07-15T06:00:00Z
2024-09-30,A00119,725.1,2024-10-15T06:00:00Z
2024-12-31,A00119,737.3,2025-01-15T06:00:00Z
2023-03-31,A00120,672.5,2023-04-15T06:00:00Z
2023-06-30,A00120,632.1,2023-07-15T06:00:00Z
2023-09-30,A00120,664.7,2023-10-15T06:00:00Z
2023-12-31,A00120,660.8,2024-01-15T06:00:00Z
2024-03-31,A00120,640.5,2024-04-15T06:00:00Z
2024-06-30,A00120,648.1,2024-07-15T06:00:00Z
2024-09-30,A00120,681.5,2024-10-15T06:00:00Z
2024-12-31,A00120,665.0,2025-01-15T06:00:00Z
2023-03-31,A00121,751.6,2023-04-15T06:00:00Z
2023-06-30,A00121,736.6,2023-07-15T06:00:00Z
2023-09-30,A00121,718.7,2023-10-15T06:00:00Z
2023-12-31,A00121,730.3,2024-01-15T06:00:00Z
2024-03-31,A00121,763.1,2024-04-15T06:00:00Z
2024-06-30,A00121,737.9,2024-07-15T06:00:00Z
2024-09-30,A00121,733.5,2024-10-15T06:00:00Z
2024-12-31,A00121,746.6,2025-01-15T06:00:00Z
2023-03-31,A00122,626.7,2023-04-15T06:00:00Z
2023-06-30,A00122,647.2,2023-07-15T06:00:00Z
2023-09-30,A00122,602.8,2023-10-15T06:00:00Z
2023-12-31,A00122,653.1,2024-01-15T06:00:00Z
2024-03-31,A00122,627.3,2024-04-15T06:00:00Z
2024-06-30,A00122,659.5,2024-07-15T06:00:00Z
2024-09-30,A00122,658.1,2024-10-15T06:00:00Z
2024-12-31,A00122,640.0,2025-01-15T06:00:00Z
2023-03-31,A00123,658.2,2023-04-15T06:00:00Z
2023-06-30,A00123,660.8,2023-07-15T06:00:00Z
2023-09-30,A00123,680.5,2023-10-15T06:00:00Z
2023-12-31,A00123,675.6,2024-01-15T06:00:00Z
2024-03-31,A00123,650.8,2024-04-15T06:00:00Z
2024-06-30,A00123,656.2,2024-07-15T06:00:00Z
2024-09-30,A00123,666.9,2024-10-15T06:00:00Z
2024-12-31,A00123,644.3,2025-01-15T06:00:00Z
2023-03-31,A00124,651.4,2023-04-15T06:00:00Z
2023-06-30,A00124,678.7,2023-07-15T06:00:00Z
2023-09-30,A00124,650.7,2023-10-15T06:00:00Z
2023-12-31,A00124,638.6,2024-01-15T06:00:00Z
2024-03-31,A00124,694.7,2024-04-15T06:00:00Z
2024-06-30,A00124,657.7,2024-07-15T06:00:00Z
2024-09-30,A00124,669.0,2024-10-15T06:00:00Z
2024-12-31,A00124,665.9,2025-01-15T06:00:00Z
2023-03-31,A00125,560.6,2023-04-15T06:00:00Z
2023-06-30,A00125,581.5,2023-07-15T06:00:00Z
2023-09-30,A00125,568.4,2023-10-15T06:00:00Z
2023-12-31,A00125,578.8,2024-01-15T06:00:00Z
2024-03-31,A00125,589.8,2024-04-15T06:00:00Z
2024-06-30,A00125,587.8,2024-07-15T06:00:00Z
2024-09-30,A00125,561.8,2024-10-15T06:00:00Z
2024-12-31,A00125,562.2,2025-01-15T06:00:00Z
2023-03-31,A00126,699.5,2023-04-15T06:00:00Z
2023-06-30,A00126,669.3,2023-07-15T06:00:00Z
2023-09-30,A00126,702.3,2023-10-15T06:00:00Z
2023-12-31,A00126,711.6,2024-01-15T06:00:00Z
2024-03-31,A00126,719.9,2024-04-15T06:00:00Z
2024-06-30,A00126,668.4,2024-07-15T06:00:00Z
2024-09-30,A00126,655.8,2024-10-15T06:00:00Z
2024-12-31,A00126,709.1,2025-01-15T06:00:00Z
2023-03-31,A00127,739.5,2023-04-15T06:00:00Z
2023-06-30,A00127,761.2,2023-07-15T06:00:00Z
2023-09-30,A00127,753.3,2023-10-15T06:00:00Z
2023-12-31,A00127,747.2,2024-01-15T06:00:00Z
2024-03-31,A00127,732.5,2024-04-15T06:00:00Z
2024-06-30,A00127,735.1,2024-07-15T06:00:00Z
2024-09-30,A00127,773.4,2024-10-15T06:00:00Z
2024-12-31,A00127,752.3,2025-01-15T06:00:00Z
2023-03-31,A00128,707.8,2023-04-15T06:00:00Z
2023-06-30,A00128,700.2,2023-07-15T06:00:00Z
2023-09-30,A00128,704.3,2023-10-15T06:00:00Z
2023-12-31,A00128,711.2,2024-01-15T06:00:00Z
2024-03-31,A00128,734.2,2024-04-15T06:00:00Z
2024-06-30,A00128,727.5,2024-07-15T06:00:00Z
2024-09-30,A00128,699.4,2024-10-15T06:00:00Z
2024-12-31,A00128,713.2,2025-01-15T06:00:00Z
2023-03-31,A00129,845.9,2023-04-15T06:00:00Z
2023-06-30,A00129,837.6,2023-07-15T06:00:00Z
2023-09-30,A00129,850.0,2023-10-15T06:00:00Z
2023-12-31,A00129,850.0,2024-01-15T06:00:00Z
2024-03-31,A00129,850.0,2024-04-15T06:00:00Z
2024-06-30,A00129,840.8,2024-07-15T06:00:00Z
2024-09-30,A00129,850.0,2024-10-15T06:00:00Z
2024-12-31,A00129,850.0,2025-01-15T06:00:00Z
2023-03-31,A00130,554.6,2023-04-15T06:00:00Z
2023-06-30,A00130,569.3,2023-07-15T06:00:00Z
2023-09-30,A00130,571.3,2023-10-15T06:00:00Z
2023-12-31,A00130,531.9,2024-01-15T06:00:00Z
2024-03-31,A00130,568.6,2024-04-15T06:00:00Z
2024-06-30,A00130,560.9,2024-07-15T06:00:00Z
2024-09-30,A00130,572.5,2024-10-15T06:00:00Z
2024-12-31,A00130,560.9,2025-01-15T06:00:00Z
2023-03-31,A00131,621.8,2023-04-15T06:00:00Z
2023-06-30,A00131,587.6,2023-07-15T06:00:00Z
2023-09-30,A00131,607.1,2023-10-15T06:00:00Z
2023-12-31,A00131,633.6,2024-01-15T06:00:00Z
2024-03-31,A00131,596.1,2024-04-15T06:00:00Z
2024-06-30,A00131,618.1,2024-07-15T06:00:00Z
2024-09-30,A00131,620.4,2024-10-15T06:00:00Z
2024-12-31,A00131,636.1,2025-01-15T06:00:00Z
2023-03-31,A00132,673.6,2023-04-15T06:00:00Z
2023-06-30,A00132,699.7,2023-07-15T06:00:00Z
2023-09-30,A00132,681.8,2023-10-15T06:00:00Z
2023-12-31,A00132,686.0,2024-01-15T06:00:00Z
2024-03-31,A00132,677.1,2024-04-15T06:00:00Z
2024-06-30,A00132,662.1,2024-07-15T06:00:00Z
2024-09-30,A00132,669.0,2024-10-15T06:00:00Z
2024-12-31,A00132,675.6,2025-01-15T06:00:00Z
2023-03-31,A00133,711.7,2023-04-15T06:00:00Z
2023-06-30,A00133,728.3,2023-07-15T06:00:00Z
2023-09-30,A00133,724.4,2023-10-15T06:00:00Z
2023-12-31,A00133,731.0,2024-01-15T06:00:00Z
2024-03-31,A00133,705.2,2024-04-15T06:00:00Z
2024-06-30,A00133,727.2,2024-07-15T06:00:00Z
2024-09-30,A00133,738.2,2024-10-15T06:00:00Z
2024-12-31,A00133,674.2,2025-01-15T06:00:00Z
2023-03-31,A00134,687.2,2023-04-15T06:00:00Z
2023-06-30,A00134,638.3,2023-07-15T06:00:00Z
2023-09-30,A00134,680.9,2023-10-15T06:00:00Z
2023-12-31,A00134,635.7,2024-01-15T06:00:00Z
2024-03-31,A00134,624.3,2024-04-15T06:00:00Z
2024-06-30,A00134,656.5,2024-07-15T06:00:00Z
2024-09-30,A00134,641.6,2024-10-15T06:00:00Z
2024-12-31,A00134,699.0,2025-01-15T06:00:00Z
2023-03-31,A00135,722.9,2023-04-15T06:00:00Z
2023-06-30,A00135,758.9,2023-07-15T06:00:00Z
2023-09-30,A00135,749.4,2023-10-15T06:00:00Z
2023-12-31,A00135,749.5,2024-01-15T06:00:00Z
2024-03-31,A00135,754.8,2024-04-15T06:00:00Z
2024-06-30,A00135,723.4,2024-07-15T06:00:00Z
2024-09-30,A00135,733.5,2024-10-15T06:00:00Z
2024-12-31,A00135,735.5,2025-01-15T06:00:00Z
2023-03-31,A00136,684.1,2023-04-15T06:00:00Z
2023-06-30,A00136,694.8,2023-07-15T06:00:00Z
2023-09-30,A00136,657.9,2023-10-15T06:00:00Z
2023-12-31,A00136,711.6,2024-01-15T06:00:00Z
2024-03-31,A00136,714.9,2024-04-15T06:00:00Z
2024-06-30,A00136,668.4,2024-07-15T06:00:00Z
2024-09-30,A00136,688.9,2024-10-15T06:00:00Z
2024-12-31,A00136,701.4,2025-01-15T06:00:00Z
2023-03-31,A00137,609.4,2023-04-15T06:00:00Z
2023-06-30,A00137,639.1,2023-07-15T06:00:00Z
2023-09-30,A00137,623.3,2023-10-15T06:00:00Z
2023-12-31,A00137,619.4,2024-01-15T06:00:00Z
2024-03-31,A00137,608.3,2024-04-15T06:00:00Z
2024-06-30,A00137,612.3,2024-07-15T06:00:00Z
2024-09-30,A00137,622.7,2024-10-15T06:00:00Z
2024-12-31,A00137,558.6,2025-01-15T06:00:00Z
2023-03-31,A00138,699.0,2023-04-15T06:00:00Z
2023-06-30,A00138,733.1,2023-07-15T06:00:00Z
2023-09-30,A00138,717.2,2023-10-15T06:00:00Z
2023-12-31,A00138,697.0,2024-01-15T06:00:00Z
2024-03-31,A00138,727.7,2024-04-15T06:00:00Z
2024-06-30,A00138,708.9,2024-07-15T06:00:00Z
2024-09-30,A00138,702.0,2024-10-15T06:00:00Z
2024-12-31,A00138,694.9,2025-01-15T06:00:00Z
2023-03-31,A00139,631.4,2023-04-15T06:00:00Z
2023-06-30,A00139,643.0,2023-07-15T06:00:00Z
2023-09-30,A00139,612.8,2023-10-15T06:00:00Z
2023-12-31,A00139,669.8,2024-01-15T06:00:00Z
2024-03-31,A00139,660.7,2024-04-15T06:00:00Z
2024-06-30,A00139,635.4,2024-07-15T06:00:00Z
2024-09-30,A00139,620.9,2024-10-15T06:00:00Z
2024-12-31,A00139,667.0,2025-01-15T06:00:00Z
2023-03-31,A00140,633.2,2023-04-15T06:00:00Z
2023-06-30,A00140,653.2,2023-07-15T06:00:00Z
2023-09-30,A00140,659.8,2023-10-15T06:00:00Z
2023-12-31,A00140,613.5,2024-01-15T06:00:00Z
2024-03-31,A00140,679.7,2024-04-15T06:00:00Z
2024-06-30,A00140,680.5,2024-07-15T06:00:00Z
2024-09-30,A00140,650.7,2024-10-15T06:00:00Z
2024-12-31,A00140,634.2,2025-01-15T06:00:00Z
2023-03-31,A00141,641.7,2023-04-15T06:00:00Z
2023-06-30,A00141,648.4,2023-07-15T06:00:00Z
2023-09-30,A00141,679.1,2023-10-15T06:00:00Z
2023-12-31,A00141,644.9,2024-01-15T06:00:00Z
2024-03-31,A00141,646.9,2024-04-15T06:00:00Z
2024-06-30,A00141,649.0,2024-07-15T06:00:00Z
2024-09-30,A00141,664.1,2024-10-15T06:00:00Z
2024-12-31,A00141,679.3,2025-01-15T06:00:00Z
2023-03-31,A00142,625.6,2023-04-15T06:00:00Z
2023-06-30,A00142,610.8,2023-07-15T06:00:00Z
2023-09-30,A00142,578.0,2023-10-15T06:00:00Z
2023-12-31,A00142,635.3,2024-01-15T06:00:00Z
2024-03-31,A00142,663.3,2024-04-15T06:00:00Z
2024-06-30,A00142,640.4,2024-07-15T06:00:00Z
2024-09-30,A00142,610.8,2024-10-15T06:00:00Z
2024-12-31,A00142,625.9,2025-01-15T06:00:00Z
2023-03-31,A00143,736.8,2023-04-15T06:00:00Z
2023-06-30,A00143,733.9,2023-07-15T06:00:00Z
2023-09-30,A00143,733.8,2023-10-15T06:00:00Z
2023-12-31,A00143,727.5,2024-01-15T06:00:00Z
2024-03-31,A00143,733.0,2024-04-15T06:00:00Z
2024-06-30,A00143,713.2,2024-07-15T06:00:00Z
2024-09-30,A00143,704.3,2024-10-15T06:00:00Z
2024-12-31,A00143,773.8,2025-01-15T06:00:00Z
2023-03-31,A00144,787.3,2023-04-15T06:00:00Z
2023-06-30,A00144,754.7,2023-07-15T06:00:00Z
2023-09-30,A00144,738.4,2023-10-15T06:00:00Z
2023-12-31,A00144,766.1,2024-01-15T06:00:00Z
2024-03-31,A00144,774.2,2024-04-15T06:00:00Z
2024-06-30,A00144,785.5,2024-07-15T06:00:00Z
2024-09-30,A00144,758.1,2024-10-15T06:00:00Z
2024-12-31,A00144,769.5,2025-01-15T06:00:00Z
2023-03-31,A00145,596.1,2023-04-15T06:00:00Z
2023-06-30,A00145,594.7,2023-07-15T06:00:00Z
2023-09-30,A00145,625.5,2023-10-15T06:00:00Z
2023-12-31,A00145,609.8,2024-01-15T06:00:00Z
2024-03-31,A00145,625.5,2024-04-15T06:00:00Z
2024-06-30,A00145,627.6,2024-07-15T06:00:00Z
2024-09-30,A00145,608.6,2024-10-15T06:00:00Z
2024-12-31,A00145,610.0,2025-01-15T06:00:00Z
2023-03-31,A00146,672.9,2023-04-15T06:00:00Z
2023-06-30,A00146,712.5,2023-07-15T06:00:00Z
2023-09-30,A00146,689.9,2023-10-15T06:00:00Z
2023-12-31,A00146,688.0,2024-01-15T06:00:00Z
2024-03-31,A00146,683.2,2024-04-15T06:00:00Z
2024-06-30,A00146,686.5,2024-07-15T06:00:00Z
2024-09-30,A00146,729.3,2024-10-15T06:00:00Z
2024-12-31,A00146,696.9,2025-01-15T06:00:00Z
2023-03-31,A00147,765.2,2023-04-15T06:00:00Z
2023-06-30,A00147,742.2,2023-07-15T06:00:00Z
2023-09-30,A00147,764.6,2023-10-15T06:00:00Z
2023-12-31,A00147,763.1,2024-01-15T06:00:00Z
2024-03-31,A00147,779.0,2024-04-15T06:00:00Z
2024-06-30,A00147,757.4,2024-07-15T06:00:00Z
2024-09-30,A00147,756.6,2024-10-15T06:00:00Z
2024-12-31,A00147,740.1,2025-01-15T06:00:00Z
2023-03-31,A00148,740.6,2023-04-15T06:00:00Z
2023-06-30,A00148,705.8,2023-07-15T06:00:00Z
2023-09-30,A00148,718.5,2023-10-15T06:00:00Z
2023-12-31,A00148,693.8,2024-01-15T06:00:00Z
2024-03-31,A00148,724.0,2024-04-15T06:00:00Z
2024-06-30,A00148,691.2,2024-07-15T06:00:00Z
2024-09-30,A00148,746.1,2024-10-15T06:00:00Z
2024-12-31,A00148,711.6,2025-01-15T06:00:00Z
2023-03-31,A00149,772.3,2023-04-15T06:00:00Z
2023-06-30,A00149,691.6,2023-07-15T06:00:00Z
2023-09-30,A00149,725.4,2023-10-15T06:00:00Z
2023-12-31,A00149,720.2,2024-01-15T06:00:00Z
2024-03-31,A00149,770.3,2024-04-15T06:00:00Z
2024-06-30,A00149,739.0,2024-07-15T06:00:00Z
2024-09-30,A00149,682.5,2024-10-15T06:00:00Z
2024-12-31,A00149,699.9,2025-01-15T06:00:00Z
2023-03-31,A00150,524.0,2023-04-15T06:00:00Z
2023-06-30,A00150,550.7,2023-07-15T06:00:00Z
2023-09-30,A00150,563.7,2023-10-15T06:00:00Z
2023-12-31,A00150,557.4,2024-01-15T06:00:00Z
2024-03-31,A00150,576.8,2024-04-15T06:00:00Z
2024-06-30,A00150,518.9,2024-07-15T06:00:00Z
2024-09-30,A00150,559.6,2024-10-15T06:00:00Z
2024-12-31,A00150,541.9,2025-01-15T06:00:00Z
2023-03-31,A00151,699.6,2023-04-15T06:00:00Z
2023-06-30,A00151,697.0,2023-07-15T06:00:00Z
2023-09-30,A00151,725.0,2023-10-15T06:00:00Z
2023-12-31,A00151,682.8,2024-01-15T06:00:00Z
2024-03-31,A00151,689.4,2024-04-15T06:00:00Z
2024-06-30,A00151,679.9,2024-07-15T06:00:00Z
2024-09-30,A00151,691.4,2024-10-15T06:00:00Z
2024-12-31,A00151,661.0,2025-01-15T06:00:00Z
2023-03-31,A00152,624.6,2023-04-15T06:00:00Z
2023-06-30,A00152,613.7,2023-07-15T06:00:00Z
2023-09-30,A00152,631.2,2023-10-15T06:00:00Z
2023-12-31,A00152,662.4,2024-01-15T06:00:00Z
2024-03-31,A00152,652.3,2024-04-15T06:00:00Z
2024-06-30,A00152,651.3,2024-07-15T06:00:00Z
2024-09-30,A00152,657.6,2024-10-15T06:00:00Z
2024-12-31,A00152,643.1,2025-01-15T06:00:00Z
2023-03-31,A00153,630.5,2023-04-15T06:00:00Z
2023-06-30,A00153,616.0,2023-07-15T06:00:00Z
2023-09-30,A00153,611.6,2023-10-15T06:00:00Z
2023-12-31,A00153,613.5,2024-01-15T06:00:00Z
2024-03-31,A00153,625.5,2024-04-15T06:00:00Z
2024-06-30,A00153,625.6,2024-07-15T06:00:00Z
2024-09-30,A00153,595.8,2024-10-15T06:00:00Z
2024-12-31,A00153,647.5,2025-01-15T06:00:00Z
2023-03-31,A00154,658.2,2023-04-15T06:00:00Z
2023-06-30,A00154,644.6,2023-07-15T06:00:00Z
2023-09-30,A00154,655.7,2023-10-15T06:00:00Z
2023-12-31,A00154,659.3,2024-01-15T06:00:00Z
2024-03-31,A00154,649.2,2024-04-15T06:00:00Z
2024-06-30,A00154,650.5,2024-07-15T06:00:00Z
2024-09-30,A00154,625.8,2024-10-15T06:00:00Z
2024-12-31,A00154,627.4,2025-01-15T06:00:00Z
2023-03-31,A00155,656.7,2023-04-15T06:00:00Z
2023-06-30,A00155,668.4,2023-07-15T06:00:00Z
2023-09-30,A00155,664.6,2023-10-15T06:00:00Z
2023-12-31,A00155,678.2,2024-01-15T06:00:00Z
2024-03-31,A00155,669.0,2024-04-15T06:00:00Z
2024-06-30,A00155,636.4,2024-07-15T06:00:00Z
2024-09-30,A00155,663.2,2024-10-15T06:00:00Z
2024-12-31,A00155,655.8,2025-01-15T06:00:00Z
2023-03-31,A00156,673.9,2023-04-15T06:00:00Z
2023-06-30,A00156,657.4,2023-07-15T06:00:00Z
2023-09-30,A00156,636.9,2023-10-15T06:00:00Z
2023-12-31,A00156,641.3,2024-01-15T06:00:00Z
2024-03-31,A00156,616.6,2024-04-15T06:00:00Z
2024-06-30,A00156,624.1,2024-07-15T06:00:00Z
2024-09-30,A00156,607.0,2024-10-15T06:00:00Z
2024-12-31,A00156,599.3,2025-01-15T06:00:00Z
2023-03-31,A00157,645.3,2023-04-15T06:00:00Z
2023-06-30,A00157,665.7,2023-07-15T06:00:00Z
2023-09-30,A00157,629.1,2023-10-15T06:00:00Z
2023-12-31,A00157,650.3,2024-01-15T06:00:00Z
2024-03-31,A00157,637.0,2024-04-15T06:00:00Z
2024-06-30,A00157,651.8,2024-07-15T06:00:00Z
2024-09-30,A00157,658.5,2024-10-15T06:00:00Z
2024-12-31,A00157,670.0,2025-01-15T06:00:00Z
2023-03-31,A00158,715.3,2023-04-15T06:00:00Z
2023-06-30,A00158,709.3,2023-07-15T06:00:00Z
2023-09-30,A00158,710.1,2023-10-15T06:00:00Z
2023-12-31,A00158,693.8,2024-01-15T06:00:00Z
2024-03-31,A00158,665.9,2024-04-15T06:00:00Z
2024-06-30,A00158,692.9,2024-07-15T06:00:00Z
2024-09-30,A00158,673.7,2024-10-15T06:00:00Z
2024-12-31,A00158,706.8,2025-01-15T06:00:00Z
2023-03-31,A00159,715.3,2023-04-15T06:00:00Z
2023-06-30,A00159,715.6,2023-07-15T06:00:00Z
2023-09-30,A00159,707.3,2023-10-15T06:00:00Z
2023-12-31,A00159,734.5,2024-01-15T06:00:00Z
2024-03-31,A00159,740.9,2024-04-15T06:00:00Z
2024-06-30,A00159,707.1,2024-07-15T06:00:00Z
2024-09-30,A00159,703.9,2024-10-15T06:00:00Z
2024-12-31,A00159,720.9,2025-01-15T06:00:00Z
2023-03-31,A00160,743.9,2023-04-15T06:00:00Z
2023-06-30,A00160,702.7,2023-07-15T06:00:00Z
2023-09-30,A00160,716.5,2023-10-15T06:00:00Z
2023-12-31,A00160,760.2,2024-01-15T06:00:00Z
2024-03-31,A00160,761.7,2024-04-15T06:00:00Z
2024-06-30,A00160,738.6,2024-07-15T06:00:00Z
2024-09-30,A00160,741.6,2024-10-15T06:00:00Z
2024-12-31,A00160,750.6,2025-01-15T06:00:00Z
2023-03-31,A00161,726.9,2023-04-15T06:00:00Z
2023-06-30,A00161,728.7,2023-07-15T06:00:00Z
2023-09-30,A00161,721.1,2023-10-15T06:00:00Z
2023-12-31,A00161,732.7,2024-01-15T06:00:00Z
2024-03-31,A00161,727.3,2024-04-15T06:00:00Z
2024-06-30,A00161,745.8,2024-07-15T06:00:00Z
2024-09-30,A00161,704.1,2024-10-15T06:00:00Z
2024-12-31,A00161,725.4,2025-01-15T06:00:00Z
2023-03-31,A00162,688.7,2023-04-15T06:00:00Z
2023-06-30,A00162,713.9,2023-07-15T06:00:00Z
2023-09-30,A00162,665.6,2023-10-15T06:00:00Z
2023-12-31,A00162,676.8,2024-01-15T06:00:00Z
2024-03-31,A00162,680.4,2024-04-15T06:00:00Z
2024-06-30,A00162,695.6,2024-07-15T06:00:00Z
2024-09-30,A00162,680.8,2024-10-15T06:00:00Z
2024-12-31,A00162,697.5,2025-01-15T06:00:00Z
2023-03-31,A00163,567.6,2023-04-15T06:00:00Z
2023-06-30,A00163,603.8,2023-07-15T06:00:00Z
2023-09-30,A00163,567.2,2023-10-15T06:00:00Z
2023-12-31,A00163,609.6,2024-01-15T06:00:00Z
2024-03-31,A00163,562.2,2024-04-15T06:00:00Z
2024-06-30,A00163,569.5,2024-07-15T06:00:00Z
2024-09-30,A00163,591.0,2024-10-15T06:00:00Z
2024-12-31,A00163,552.4,2025-01-15T06:00:00Z
2023-03-31,A00164,719.0,2023-04-15T06:00:00Z
2023-06-30,A00164,726.0,2023-07-15T06:00:00Z
2023-09-30,A00164,698.0,2023-10-15T06:00:00Z
2023-12-31,A00164,719.6,2024-01-15T06:00:00Z
2024-03-31,A00164,699.9,2024-04-15T06:00:00Z
2024-06-30,A00164,758.0,2024-07-15T06:00:00Z
2024-09-30,A00164,715.4,2024-10-15T06:00:00Z
2024-12-31,A00164,701.0,2025-01-15T06:00:00Z
2023-03-31,A00165,651.9,2023-04-15T06:00:00Z
2023-06-30,A00165,646.6,2023-07-15T06:00:00Z
2023-09-30,A00165,689.5,2023-10-15T06:00:00Z
2023-12-31,A00165,659.3,2024-01-15T06:00:00Z
2024-03-31,A00165,692.1,2024-04-15T06:00:00Z
2024-06-30,A00165,655.0,2024-07-15T06:00:00Z
2024-09-30,A00165,681.4,2024-10-15T06:00:00Z
2024-12-31,A00165,666.2,2025-01-15T06:00:00Z
2023-03-31,A00166,660.2,2023-04-15T06:00:00Z
2023-06-30,A00166,642.8,2023-07-15T06:00:00Z
2023-09-30,A00166,638.7,2023-10-15T06:00:00Z
2023-12-31,A00166,667.3,2024-01-15T06:00:00Z
2024-03-31,A00166,658.5,2024-04-15T06:00:00Z
2024-06-30,A00166,662.8,2024-07-15T06:00:00Z
2024-09-30,A00166,668.6,2024-10-15T06:00:00Z
2024-12-31,A00166,661.6,2025-01-15T06:00:00Z
2023-03-31,A00167,629.0,2023-04-15T06:00:00Z
2023-06-30,A00167,607.9,2023-07-15T06:00:00Z
2023-09-30,A00167,595.9,2023-10-15T06:00:00Z
2023-12-31,A00167,618.4,2024-01-15T06:00:00Z
2024-03-31,A00167,609.2,2024-04-15T06:00:00Z
2024-06-30,A00167,612.7,2024-07-15T06:00:00Z
2024-09-30,A00167,634.5,2024-10-15T06:00:00Z
2024-12-31,A00167,593.8,2025-01-15T06:00:00Z
2023-03-31,A00168,650.1,2023-04-15T06:00:00Z
2023-06-30,A00168,664.5,2023-07-15T06:00:00Z
2023-09-30,A00168,683.6,2023-10-15T06:00:00Z
2023-12-31,A00168,702.4,2024-01-15T06:00:00Z
2024-03-31,A00168,673.1,2024-04-15T06:00:00Z
2024-06-30,A00168,679.1,2024-07-15T06:00:00Z
2024-09-30,A00168,671.7,2024-10-15T06:00:00Z
2024-12-31,A00168,647.9,2025-01-15T06:00:00Z
2023-03-31,A00169,658.0,2023-04-15T06:00:00Z
2023-06-30,A00169,633.7,2023-07-15T06:00:00Z
2023-09-30,A00169,648.1,2023-10-15T06:00:00Z
2023-12-31,A00169,633.1,2024-01-15T06:00:00Z
2024-03-31,A00169,662.1,2024-04-15T06:00:00Z
2024-06-30,A00169,657.7,2024-07-15T06:00:00Z
2024-09-30,A00169,640.1,2024-10-15T06:00:00Z
2024-12-31,A00169,659.6,2025-01-15T06:00:00Z
2023-03-31,A00170,615.1,2023-04-15T06:00:00Z
2023-06-30,A00170,627.1,2023-07-15T06:00:00Z
2023-09-30,A00170,642.6,2023-10-15T06:00:00Z
2023-12-31,A00170,590.8,2024-01-15T06:00:00Z
2024-03-31,A00170,612.9,2024-04-15T06:00:00Z
2024-06-30,A00170,632.8,2024-07-15T06:00:00Z
2024-09-30,A00170,615.9,2024-10-15T06:00:00Z
2024-12-31,A00170,652.5,2025-01-15T06:00:00Z
2023-03-31,A00171,640.2,2023-04-15T06:00:00Z
2023-06-30,A00171,648.1,2023-07-15T06:00:00Z
2023-09-30,A00171,663.1,2023-10-15T06:00:00Z
2023-12-31,A00171,623.3,2024-01-15T06:00:00Z
2024-03-31,A00171,650.5,2024-04-15T06:00:00Z
2024-06-30,A00171,654.6,2024-07-15T06:00:00Z
2024-09-30,A00171,656.9,2024-10-15T06:00:00Z
2024-12-31,A00171,606.4,2025-01-15T06:00:00Z
2023-03-31,A00172,700.3,2023-04-15T06:00:00Z
2023-06-30,A00172,678.6,2023-07-15T06:00:00Z
2023-09-30,A00172,701.7,2023-10-15T06:00:00Z
2023-12-31,A00172,705.3,2024-01-15T06:00:00Z
2024-03-31,A00172,713.1,2024-04-15T06:00:00Z
2024-06-30,A00172,679.1,2024-07-15T06:00:00Z
2024-09-30,A00172,699.2,2024-10-15T06:00:00Z
2024-12-31,A00172,699.5,2025-01-15T06:00:00Z
2023-03-31,A00173,688.4,2023-04-15T06:00:00Z
2023-06-30,A00173,668.7,2023-07-15T06:00:00Z
2023-09-30,A00173,662.8,2023-10-15T06:00:00Z
2023-12-31,A00173,669.5,2024-01-15T06:00:00Z
2024-03-31,A00173,649.3,2024-04-15T06:00:00Z
2024-06-30,A00173,670.5,2024-07-15T06:00:00Z
2024-09-30,A00173,679.9,2024-10-15T06:00:00Z
2024-12-31,A00173,683.9,2025-01-15T06:00:00Z
2023-03-31,A00174,665.7,2023-04-15T06:00:00Z
2023-06-30,A00174,649.8,2023-07-15T06:00:00Z
2023-09-30,A00174,657.6,2023-10-15T06:00:00Z
2023-12-31,A00174,669.3,2024-01-15T06:00:00Z
2024-03-31,A00174,668.7,2024-04-15T06:00:00Z
2024-06-30,A00174,691.3,2024-07-15T06:00:00Z
2024-09-30,A00174,653.4,2024-10-15T06:00:00Z
2024-12-31,A00174,653.2,2025-01-15T06:00:00Z
2023-03-31,A00175,660.8,2023-04-15T06:00:00Z
2023-06-30,A00175,658.6,2023-07-15T06:00:00Z
2023-09-30,A00175,656.4,2023-10-15T06:00:00Z
2023-12-31,A00175,670.5,2024-01-15T06:00:00Z
2024-03-31,A00175,651.2,2024-04-15T06:00:00Z
2024-06-30,A00175,659.1,2024-07-15T06:00:00Z
2024-09-30,A00175,708.5,2024-10-15T06:00:00Z
2024-12-31,A00175,684.2,2025-01-15T06:00:00Z
2023-03-31,A00176,705.5,2023-04-15T06:00:00Z
2023-06-30,A00176,695.6,2023-07-15T06:00:00Z
2023-09-30,A00176,672.8,2023-10-15T06:00:00Z
2023-12-31,A00176,685.8,2024-01-15T06:00:00Z
2024-03-31,A00176,731.5,2024-04-15T06:00:00Z
2024-06-30,A00176,676.2,2024-07-15T06:00:00Z
2024-09-30,A00176,718.7,2024-10-15T06:00:00Z
2024-12-31,A00176,694.1,2025-01-15T06:00:00Z
2023-03-31,A00177,675.9,2023-04-15T06:00:00Z
2023-06-30,A00177,675.8,2023-07-15T06:00:00Z
2023-09-30,A00177,642.2,2023-10-15T06:00:00Z
2023-12-31,A00177,667.0,2024-01-15T06:00:00Z
2024-03-31,A00177,685.8,2024-04-15T06:00:00Z
2024-06-30,A00177,662.6,2024-07-15T06:00:00Z
2024-09-30,A00177,651.9,2024-10-15T06:00:00Z
2024-12-31,A00177,674.7,2025-01-15T06:00:00Z
2023-03-31,A00178,768.8,2023-04-15T06:00:00Z
2023-06-30,A00178,804.4,2023-07-15T06:00:00Z
2023-09-30,A00178,793.9,2023-10-15T06:00:00Z
2023-12-31,A00178,793.3,2024-01-15T06:00:00Z
2024-03-31,A00178,783.1,2024-04-15T06:00:00Z
2024-06-30,A00178,780.6,2024-07-15T06:00:00Z
2024-09-30,A00178,800.1,2024-10-15T06:00:00Z
2024-12-31,A00178,815.7,2025-01-15T06:00:00Z
2023-03-31,A00179,636.3,2023-04-15T06:00:00Z
2023-06-30,A00179,670.5,2023-07-15T06:00:00Z
2023-09-30,A00179,672.9,2023-10-15T06:00:00Z
2023-12-31,A00179,636.2,2024-01-15T06:00:00Z
2024-03-31,A00179,640.8,2024-04-15T06:00:00Z
2024-06-30,A00179,643.2,2024-07-15T06:00:00Z
2024-09-30,A00179,633.7,2024-10-15T06:00:00Z
2024-12-31,A00179,624.4,2025-01-15T06:00:00Z
2023-03-31,A00180,649.8,2023-04-15T06:00:00Z
2023-06-30,A00180,664.0,2023-07-15T06:00:00Z
2023-09-30,A00180,631.1,2023-10-15T06:00:00Z
2023-12-31,A00180,642.8,2024-01-15T06:00:00Z
2024-03-31,A00180,636.9,2024-04-15T06:00:00Z
2024-06-30,A00180,660.0,2024-07-15T06:00:00Z
2024-09-30,A00180,631.9,2024-10-15T06:00:00Z
2024-12-31,A00180,652.1,2025-01-15T06:00:00Z
2023-03-31,A00181,728.1,2023-04-15T06:00:00Z
2023-06-30,A00181,702.9,2023-07-15T06:00:00Z
2023-09-30,A00181,700.1,2023-10-15T06:00:00Z
2023-12-31,A00181,713.9,2024-01-15T06:00:00Z
2024-03-31,A00181,676.2,2024-04-15T06:00:00Z
2024-06-30,A00181,743.1,2024-07-15T06:00:00Z
2024-09-30,A00181,734.1,2024-10-15T06:00:00Z
2024-12-31,A00181,725.5,2025-01-15T06:00:00Z
2023-03-31,A00182,662.5,2023-04-15T06:00:00Z
2023-06-30,A00182,663.1,2023-07-15T06:00:00Z
2023-09-30,A00182,680.2,2023-10-15T06:00:00Z
2023-12-31,A00182,670.0,2024-01-15T06:00:00Z
2024-03-31,A00182,647.9,2024-04-15T06:00:00Z
2024-06-30,A00182,666.0,2024-07-15T06:00:00Z
2024-09-30,A00182,656.4,2024-10-15T06:00:00Z
2024-12-31,A00182,629.4,2025-01-15T06:00:00Z
2023-03-31,A00183,717.3,2023-04-15T06:00:00Z
2023-06-30,A00183,706.8,2023-07-15T06:00:00Z
2023-09-30,A00183,702.9,2023-10-15T06:00:00Z
2023-12-31,A00183,711.6,2024-01-15T06:00:00Z
2024-03-31,A00183,691.4,2024-04-15T06:00:00Z
2024-06-30,A00183,682.2,2024-07-15T06:00:00Z
2024-09-30,A00183,723.6,2024-10-15T06:00:00Z
2024-12-31,A00183,700.7,2025-01-15T06:00:00Z
2023-03-31,A00184,568.7,2023-04-15T06:00:00Z
2023-06-30,A00184,557.4,2023-07-15T06:00:00Z
2023-09-30,A00184,567.7,2023-10-15T06:00:00Z
2023-12-31,A00184,575.5,2024-01-15T06:00:00Z
2024-03-31,A00184,576.3,2024-04-15T06:00:00Z
2024-06-30,A00184,565.2,2024-07-15T06:00:00Z
2024-09-30,A00184,588.4,2024-10-15T06:00:00Z
2024-12-31,A00184,565.6,2025-01-15T06:00:00Z
2023-03-31,A00185,584.1,2023-04-15T06:00:00Z
2023-06-30,A00185,581.1,2023-07-15T06:00:00Z
2023-09-30,A00185,604.6,2023-10-15T06:00:00Z
2023-12-31,A00185,583.0,2024-01-15T06:00:00Z
2024-03-31,A00185,603.4,2024-04-15T06:00:00Z
2024-06-30,A00185,607.0,2024-07-15T06:00:00Z
2024-09-30,A00185,633.9,2024-10-15T06:00:00Z
2024-12-31,A00185,537.5,2025-01-15T06:00:00Z
2023-03-31,A00186,760.2,2023-04-15T06:00:00Z
2023-06-30,A00186,755.3,2023-07-15T06:00:00Z
2023-09-30,A00186,744.1,2023-10-15T06:00:00Z
2023-12-31,A00186,749.7,2024-01-15T06:00:00Z
2024-03-31,A00186,733.4,2024-04-15T06:00:00Z
2024-06-30,A00186,767.2,2024-07-15T06:00:00Z
2024-09-30,A00186,737.2,2024-10-15T06:00:00Z
2024-12-31,A00186,745.5,2025-01-15T06:00:00Z
2023-03-31,A00187,728.0,2023-04-15T06:00:00Z
2023-06-30,A00187,705.7,2023-07-15T06:00:00Z
2023-09-30,A00187,737.5,2023-10-15T06:00:00Z
2023-12-31,A00187,741.0,2024-01-15T06:00:00Z
2024-03-31,A00187,735.7,2024-04-15T06:00:00Z
2024-06-30,A00187,710.6,2024-07-15T06:00:00Z
2024-09-30,A00187,715.0,2024-10-15T06:00:00Z
2024-12-31,A00187,724.9,2025-01-15T06:00:00Z
2023-03-31,A00188,705.9,2023-04-15T06:00:00Z
2023-06-30,A00188,665.5,2023-07-15T06:00:00Z
2023-09-30,A00188,725.1,2023-10-15T06:00:00Z
2023-12-31,A00188,696.0,2024-01-15T06:00:00Z
2024-03-31,A00188,687.1,2024-04-15T06:00:00Z
2024-06-30,A00188,659.4,2024-07-15T06:00:00Z
2024-09-30,A00188,689.0,2024-10-15T06:00:00Z
2024-12-31,A00188,676.7,2025-01-15T06:00:00Z
2023-03-31,A00189,691.0,2023-04-15T06:00:00Z
2023-06-30,A00189,676.0,2023-07-15T06:00:00Z
2023-09-30,A00189,688.5,2023-10-15T06:00:00Z
2023-12-31,A00189,710.5,2024-01-15T06:00:00Z
2024-03-31,A00189,687.5,2024-04-15T06:00:00Z
2024-06-30,A00189,688.6,2024-07-15T06:00:00Z
2024-09-30,A00189,659.3,2024-10-15T06:00:00Z
2024-12-31,A00189,708.9,2025-01-15T06:00:00Z
2023-03-31,A00190,786.4,2023-04-15T06:00:00Z
2023-06-30,A00190,746.9,2023-07-15T06:00:00Z
2023-09-30,A00190,792.7,2023-10-15T06:00:00Z
2023-12-31,A00190,751.3,2024-01-15T06:00:00Z
2024-03-31,A00190,766.4,2024-04-15T06:00:00Z
2024-06-30,A00190,753.5,2024-07-15T06:00:00Z
2024-09-30,A00190,749.7,2024-10-15T06:00:00Z
2024-12-31,A00190,749.9,2025-01-15T06:00:00Z
2023-03-31,A00191,743.4,2023-04-15T06:00:00Z
2023-06-30,A00191,713.4,2023-07-15T06:00:00Z
2023-09-30,A00191,734.1,2023-10-15T06:00:00Z
2023-12-31,A00191,733.3,2024-01-15T06:00:00Z
2024-03-31,A00191,725.7,2024-04-15T06:00:00Z
2024-06-30,A00191,713.7,2024-07-15T06:00:00Z
2024-09-30,A00191,732.2,2024-10-15T06:00:00Z
2024-12-31,A00191,716.3,2025-01-15T06:00:00Z
2023-03-31,A00192,777.7,2023-04-15T06:00:00Z
2023-06-30,A00192,766.2,2023-07-15T06:00:00Z
2023-09-30,A00192,770.6,2023-10-15T06:00:00Z
2023-12-31,A00192,768.1,2024-01-15T06:00:00Z
2024-03-31,A00192,775.4,2024-04-15T06:00:00Z
2024-06-30,A00192,755.5,2024-07-15T06:00:00Z
2024-09-30,A00192,787.8,2024-10-15T06:00:00Z
2024-12-31,A00192,782.5,2025-01-15T06:00:00Z
2023-03-31,A00193,819.8,2023-04-15T06:00:00Z
2023-06-30,A00193,850.0,2023-07-15T06:00:00Z
2023-09-30,A00193,810.5,2023-10-15T06:00:00Z
2023-12-31,A00193,831.3,2024-01-15T06:00:00Z
2024-03-31,A00193,845.6,2024-04-15T06:00:00Z
2024-06-30,A00193,843.5,2024-07-15T06:00:00Z
2024-09-30,A00193,810.1,2024-10-15T06:00:00Z
2024-12-31,A00193,811.1,2025-01-15T06:00:00Z
2023-03-31,A00194,554.6,2023-04-15T06:00:00Z
2023-06-30,A00194,592.7,2023-07-15T06:00:00Z
2023-09-30,A00194,600.6,2023-10-15T06:00:00Z
2023-12-31,A00194,589.4,2024-01-15T06:00:00Z
2024-03-31,A00194,566.4,2024-04-15T06:00:00Z
2024-06-30,A00194,583.4,2024-07-15T06:00:00Z
2024-09-30,A00194,595.9,2024-10-15T06:00:00Z
2024-12-31,A00194,584.0,2025-01-15T06:00:00Z
2023-03-31,A00195,624.7,2023-04-15T06:00:00Z
2023-06-30,A00195,637.2,2023-07-15T06:00:00Z
2023-09-30,A00195,621.4,2023-10-15T06:00:00Z
2023-12-31,A00195,603.0,2024-01-15T06:00:00Z
2024-03-31,A00195,647.1,2024-04-15T06:00:00Z
2024-06-30,A00195,588.7,2024-07-15T06:00:00Z
2024-09-30,A00195,613.9,2024-10-15T06:00:00Z
2024-12-31,A00195,630.1,2025-01-15T06:00:00Z
2023-03-31,A00196,701.8,2023-04-15T06:00:00Z
2023-06-30,A00196,674.3,2023-07-15T06:00:00Z
2023-09-30,A00196,680.7,2023-10-15T06:00:00Z
2023-12-31,A00196,744.8,2024-01-15T06:00:00Z
2024-03-31,A00196,714.7,2024-04-15T06:00:00Z
2024-06-30,A00196,738.9,2024-07-15T06:00:00Z
2024-09-30,A00196,721.4,2024-10-15T06:00:00Z
2024-12-31,A00196,692.5,2025-01-15T06:00:00Z
2023-03-31,A00197,677.6,2023-04-15T06:00:00Z
2023-06-30,A00197,685.5,2023-07-15T06:00:00Z
2023-09-30,A00197,692.1,2023-10-15T06:00:00Z
2023-12-31,A00197,692.2,2024-01-15T06:00:00Z
2024-03-31,A00197,705.6,2024-04-15T06:00:00Z
2024-06-30,A00197,653.7,2024-07-15T06:00:00Z
2024-09-30,A00197,648.4,2024-10-15T06:00:00Z
2024-12-31,A00197,711.2,2025-01-15T06:00:00Z
2023-03-31,A00198,599.8,2023-04-15T06:00:00Z
2023-06-30,A00198,582.4,2023-07-15T06:00:00Z
2023-09-30,A00198,568.2,2023-10-15T06:00:00Z
2023-12-31,A00198,627.7,2024-01-15T06:00:00Z
2024-03-31,A00198,621.6,2024-04-15T06:00:00Z
2024-06-30,A00198,603.7,2024-07-15T06:00:00Z
2024-09-30,A00198,603.9,2024-10-15T06:00:00Z
2024-12-31,A00198,608.1,2025-01-15T06:00:00Z
2023-03-31,A00199,690.9,2023-04-15T06:00:00Z
2023-06-30,A00199,662.7,2023-07-15T06:00:00Z
2023-09-30,A00199,679.4,2023-10-15T06:00:00Z
2023-12-31,A00199,685.1,2024-01-15T06:00:00Z
2024-03-31,A00199,677.5,2024-04-15T06:00:00Z
2024-06-30,A00199,711.9,2024-07-15T06:00:00Z
2024-09-30,A00199,664.6,2024-10-15T06:00:00Z
2024-12-31,A00199,699.0,2025-01-15T06:00:00Z
2023-03-31,A00200,655.5,2023-04-15T06:00:00Z
2023-06-30,A00200,660.1,2023-07-15T06:00:00Z
2023-09-30,A00200,668.5,2023-10-15T06:00:00Z
2023-12-31,A00200,679.3,2024-01-15T06:00:00Z
2024-03-31,A00200,663.4,2024-04-15T06:00:00Z
2024-06-30,A00200,667.0,2024-07-15T06:00:00Z
2024-09-30,A00200,690.8,2024-10-15T06:00:00Z
2024-12-31,A00200,666.6,2025-01-15T06:00:00Z
2023-03-31,A00201,754.1,2023-04-15T06:00:00Z
2023-06-30,A00201,719.9,2023-07-15T06:00:00Z
2023-09-30,A00201,758.0,2023-10-15T06:00:00Z
2023-12-31,A00201,740.6,2024-01-15T06:00:00Z
2024-03-31,A00201,764.1,2024-04-15T06:00:00Z
2024-06-30,A00201,723.9,2024-07-15T06:00:00Z
2024-09-30,A00201,729.9,2024-10-15T06:00:00Z
2024-12-31,A00201,733.1,2025-01-15T06:00:00Z
2023-03-31,A00202,640.5,2023-04-15T06:00:00Z
2023-06-30,A00202,666.0,2023-07-15T06:00:00Z
2023-09-30,A00202,701.9,2023-10-15T06:00:00Z
2023-12-31,A00202,641.0,2024-01-15T06:00:00Z
2024-03-31,A00202,702.8,2024-04-15T06:00:00Z
2024-06-30,A00202,634.8,2024-07-15T06:00:00Z
2024-09-30,A00202,642.4,2024-10-15T06:00:00Z
2024-12-31,A00202,673.4,2025-01-15T06:00:00Z
2023-03-31,A00203,701.9,2023-04-15T06:00:00Z
2023-06-30,A00203,772.4,2023-07-15T06:00:00Z
2023-09-30,A00203,706.9,2023-10-15T06:00:00Z
2023-12-31,A00203,722.4,2024-01-15T06:00:00Z
2024-03-31,A00203,707.0,2024-04-15T06:00:00Z
2024-06-30,A00203,724.2,2024-07-15T06:00:00Z
2024-09-30,A00203,751.7,2024-10-15T06:00:00Z
2024-12-31,A00203,700.0,2025-01-15T06:00:00Z
2023-03-31,A00204,610.8,2023-04-15T06:00:00Z
2023-06-30,A00204,607.1,2023-07-15T06:00:00Z
2023-09-30,A00204,618.0,2023-10-15T06:00:00Z
2023-12-31,A00204,624.3,2024-01-15T06:00:00Z
2024-03-31,A00204,597.9,2024-04-15T06:00:00Z
2024-06-30,A00204,609.7,2024-07-15T06:00:00Z
2024-09-30,A00204,605.3,2024-10-15T06:00:00Z
2024-12-31,A00204,646.1,2025-01-15T06:00:00Z
2023-03-31,A00205,756.5,2023-04-15T06:00:00Z
2023-06-30,A00205,739.0,2023-07-15T06:00:00Z
2023-09-30,A00205,721.0,2023-10-15T06:00:00Z
2023-12-31,A00205,776.4,2024-01-15T06:00:00Z
2024-03-31,A00205,737.3,2024-04-15T06:00:00Z
2024-06-30,A00205,723.3,2024-07-15T06:00:00Z
2024-09-30,A00205,723.6,2024-10-15T06:00:00Z
2024-12-31,A00205,757.8,2025-01-15T06:00:00Z
2023-03-31,A00206,770.6,2023-04-15T06:00:00Z
2023-06-30,A00206,740.0,2023-07-15T06:00:00Z
2023-09-30,A00206,744.0,2023-10-15T06:00:00Z
2023-12-31,A00206,755.6,2024-01-15T06:00:00Z
2024-03-31,A00206,755.0,2024-04-15T06:00:00Z
2024-06-30,A00206,752.8,2024-07-15T06:00:00Z
2024-09-30,A00206,746.2,2024-10-15T06:00:00Z
2024-12-31,A00206,749.0,2025-01-15T06:00:00Z
2023-03-31,A00207,659.5,2023-04-15T06:00:00Z
2023-06-30,A00207,685.0,2023-07-15T06:00:00Z
2023-09-30,A00207,686.4,2023-10-15T06:00:00Z
2023-12-31,A00207,692.8,2024-01-15T06:00:00Z
2024-03-31,A00207,717.9,2024-04-15T06:00:00Z
2024-06-30,A00207,683.7,2024-07-15T06:00:00Z
2024-09-30,A00207,699.0,2024-10-15T06:00:00Z
2024-12-31,A00207,681.5,2025-01-15T06:00:00Z
2023-03-31,A00208,630.0,2023-04-15T06:00:00Z
2023-06-30,A00208,614.2,2023-07-15T06:00:00Z
2023-09-30,A00208,610.7,2023-10-15T06:00:00Z
2023-12-31,A00208,611.0,2024-01-15T06:00:00Z
2024-03-31,A00208,611.0,2024-04-15T06:00:00Z
2024-06-30,A00208,628.9,2024-07-15T06:00:00Z
2024-09-30,A00208,567.8,2024-10-15T06:00:00Z
2024-12-31,A00208,604.3,2025-01-15T06:00:00Z
2023-03-31,A00209,680.8,2023-04-15T06:00:00Z
2023-06-30,A00209,658.8,2023-07-15T06:00:00Z
2023-09-30,A00209,646.2,2023-10-15T06:00:00Z
2023-12-31,A00209,680.3,2024-01-15T06:00:00Z
2024-03-31,A00209,677.6,2024-04-15T06:00:00Z
2024-06-30,A00209,661.9,2024-07-15T06:00:00Z
2024-09-30,A00209,668.9,2024-10-15T06:00:00Z
2024-12-31,A00209,680.4,2025-01-15T06:00:00Z
2023-03-31,A00210,697.5,2023-04-15T06:00:00Z
2023-06-30,A00210,675.6,2023-07-15T06:00:00Z
2023-09-30,A00210,671.3,2023-10-15T06:00:00Z
2023-12-31,A00210,691.4,2024-01-15T06:00:00Z
2024-03-31,A00210,714.7,2024-04-15T06:00:00Z
2024-06-30,A00210,700.1,2024-07-15T06:00:00Z
2024-09-30,A00210,710.6,2024-10-15T06:00:00Z
2024-12-31,A00210,664.4,2025-01-15T06:00:00Z
2023-03-31,A00211,686.5,2023-04-15T06:00:00Z
2023-06-30,A00211,667.0,2023-07-15T06:00:00Z
2023-09-30,A00211,656.4,2023-10-15T06:00:00Z
2023-12-31,A00211,653.3,2024-01-15T06:00:00Z
2024-03-31,A00211,650.7,2024-04-15T06:00:00Z
2024-06-30,A00211,688.1,2024-07-15T06:00:00Z
2024-09-30,A00211,662.9,2024-10-15T06:00:00Z
2024-12-31,A00211,660.4,2025-01-15T06:00:00Z
2023-03-31,A00212,672.1,2023-04-15T06:00:00Z
2023-06-30,A00212,699.9,2023-07-15T06:00:00Z
2023-09-30,A00212,728.6,2023-10-15T06:00:00Z
2023-12-31,A00212,692.7,2024-01-15T06:00:00Z
2024-03-31,A00212,669.0,2024-04-15T06:00:00Z
2024-06-30,A00212,702.0,2024-07-15T06:00:00Z
2024-09-30,A00212,723.6,2024-10-15T06:00:00Z
2024-12-31,A00212,716.1,2025-01-15T06:00:00Z
2023-03-31,A00213,706.1,2023-04-15T06:00:00Z
2023-06-30,A00213,681.2,2023-07-15T06:00:00Z
2023-09-30,A00213,712.8,2023-10-15T06:00:00Z
2023-12-31,A00213,698.1,2024-01-15T06:00:00Z
2024-03-31,A00213,714.5,2024-04-15T06:00:00Z
2024-06-30,A00213,695.9,2024-07-15T06:00:00Z
2024-09-30,A00213,692.1,2024-10-15T06:00:00Z
2024-12-31,A00213,687.6,2025-01-15T06:00:00Z
2023-03-31,A00214,689.1,2023-04-15T06:00:00Z
2023-06-30,A00214,676.4,2023-07-15T06:00:00Z
2023-09-30,A00214,710.6,2023-10-15T06:00:00Z
2023-12-31,A00214,689.3,2024-01-15T06:00:00Z
2024-03-31,A00214,696.2,2024-04-15T06:00:00Z
2024-06-30,A00214,680.1,2024-07-15T06:00:00Z
2024-09-30,A00214,660.2,2024-10-15T06:00:00Z
2024-12-31,A00214,652.3,2025-01-15T06:00:00Z
2023-03-31,A00215,593.2,2023-04-15T06:00:00Z
2023-06-30,A00215,616.5,2023-07-15T06:00:00Z
2023-09-30,A00215,620.3,2023-10-15T06:00:00Z
2023-12-31,A00215,594.5,2024-01-15T06:00:00Z
2024-03-31,A00215,601.0,2024-04-15T06:00:00Z
2024-06-30,A00215,622.1,2024-07-15T06:00:00Z
2024-09-30,A00215,599.3,2024-10-15T06:00:00Z
2024-12-31,A00215,584.7,2025-01-15T06:00:00Z
2023-03-31,A00216,699.8,2023-04-15T06:00:00Z
2023-06-30,A00216,733.0,2023-07-15T06:00:00Z
2023-09-30,A00216,731.5,2023-10-15T06:00:00Z
2023-12-31,A00216,682.1,2024-01-15T06:00:00Z
2024-03-31,A00216,683.0,2024-04-15T06:00:00Z
2024-06-30,A00216,709.3,2024-07-15T06:00:00Z
2024-09-30,A00216,704.0,2024-10-15T06:00:00Z
2024-12-31,A00216,703.5,2025-01-15T06:00:00Z
2023-03-31,A00217,661.8,2023-04-15T06:00:00Z
2023-06-30,A00217,682.2,2023-07-15T06:00:00Z
2023-09-30,A00217,654.8,2023-10-15T06:00:00Z
2023-12-31,A00217,671.9,2024-01-15T06:00:00Z
2024-03-31,A00217,666.7,2024-04-15T06:00:00Z
2024-06-30,A00217,712.6,2024-07-15T06:00:00Z
2024-09-30,A00217,677.5,2024-10-15T06:00:00Z
2024-12-31,A00217,668.4,2025-01-15T06:00:00Z
2023-03-31,A00218,665.8,2023-04-15T06:00:00Z
2023-06-30,A00218,666.5,2023-07-15T06:00:00Z
2023-09-30,A00218,677.6,2023-10-15T06:00:00Z
2023-12-31,A00218,686.5,2024-01-15T06:00:00Z
2024-03-31,A00218,653.8,2024-04-15T06:00:00Z
2024-06-30,A00218,724.3,2024-07-15T06:00:00Z
2024-09-30,A00218,667.5,2024-10-15T06:00:00Z
2024-12-31,A00218,672.8,2025-01-15T06:00:00Z
2023-03-31,A00219,655.6,2023-04-15T06:00:00Z
2023-06-30,A00219,699.4,2023-07-15T06:00:00Z
2023-09-30,A00219,646.3,2023-10-15T06:00:00Z
2023-12-31,A00219,654.2,2024-01-15T06:00:00Z
2024-03-31,A00219,675.8,2024-04-15T06:00:00Z
2024-06-30,A00219,659.0,2024-07-15T06:00:00Z
2024-09-30,A00219,669.3,2024-10-15T06:00:00Z
2024-12-31,A00219,678.3,2025-01-15T06:00:00Z
2023-03-31,A00220,604.5,2023-04-15T06:00:00Z
2023-06-30,A00220,613.8,2023-07-15T06:00:00Z
2023-09-30,A00220,603.9,2023-10-15T06:00:00Z
2023-12-31,A00220,607.0,2024-01-15T06:00:00Z
2024-03-31,A00220,601.1,2024-04-15T06:00:00Z
2024-06-30,A00220,609.0,2024-07-15T06:00:00Z
2024-09-30,A00220,585.9,2024-10-15T06:00:00Z
2024-12-31,A00220,619.3,2025-01-15T06:00:00Z
2023-03-31,A00221,713.9,2023-04-15T06:00:00Z
2023-06-30,A00221,713.3,2023-07-15T06:00:00Z
2023-09-30,A00221,716.5,2023-10-15T06:00:00Z
2023-12-31,A00221,687.8,2024-01-15T06:00:00Z
2024-03-31,A00221,685.7,2024-04-15T06:00:00Z
2024-06-30,A00221,707.3,2024-07-15T06:00:00Z
2024-09-30,A00221,690.1,2024-10-15T06:00:00Z
2024-12-31,A00221,688.7,2025-01-15T06:00:00Z
2023-03-31,A00222,634.5,2023-04-15T06:00:00Z
2023-06-30,A00222,648.3,2023-07-15T06:00:00Z
2023-09-30,A00222,687.4,2023-10-15T06:00:00Z
2023-12-31,A00222,646.1,2024-01-15T06:00:00Z
2024-03-31,A00222,643.0,2024-04-15T06:00:00Z
2024-06-30,A00222,672.6,2024-07-15T06:00:00Z
2024-09-30,A00222,653.7,2024-10-15T06:00:00Z
2024-12-31,A00222,644.0,2025-01-15T06:00:00Z
2023-03-31,A00223,666.6,2023-04-15T06:00:00Z
2023-06-30,A00223,671.8,2023-07-15T06:00:00Z
2023-09-30,A00223,653.5,2023-10-15T06:00:00Z
2023-12-31,A00223,678.3,2024-01-15T06:00:00Z
2024-03-31,A00223,647.1,2024-04-15T06:00:00Z
2024-06-30,A00223,638.9,2024-07-15T06:00:00Z
2024-09-30,A00223,643.5,2024-10-15T06:00:00Z
2024-12-31,A00223,669.0,2025-01-15T06:00:00Z
2023-03-31,A00224,660.2,2023-04-15T06:00:00Z
2023-06-30,A00224,649.6,2023-07-15T06:00:00Z
2023-09-30,A00224,668.5,2023-10-15T06:00:00Z
2023-12-31,A00224,683.9,2024-01-15T06:00:00Z
2024-03-31,A00224,683.3,2024-04-15T06:00:00Z
2024-06-30,A00224,677.5,2024-07-15T06:00:00Z
2024-09-30,A00224,666.0,2024-10-15T06:00:00Z
2024-12-31,A00224,676.0,2025-01-15T06:00:00Z
2023-03-31,A00225,693.6,2023-04-15T06:00:00Z
2023-06-30,A00225,664.7,2023-07-15T06:00:00Z
2023-09-30,A00225,696.8,2023-10-15T06:00:00Z
2023-12-31,A00225,628.0,2024-01-15T06:00:00Z
2024-03-31,A00225,678.4,2024-04-15T06:00:00Z
2024-06-30,A00225,665.7,2024-07-15T06:00:00Z
2024-09-30,A00225,662.2,2024-10-15T06:00:00Z
2024-12-31,A00225,689.5,2025-01-15T06:00:00Z
2023-03-31,A00226,725.1,2023-04-15T06:00:00Z
2023-06-30,A00226,737.5,2023-07-15T06:00:00Z
2023-09-30,A00226,707.7,2023-10-15T06:00:00Z
2023-12-31,A00226,741.6,2024-01-15T06:00:00Z
2024-03-31,A00226,729.6,2024-04-15T06:00:00Z
2024-06-30,A00226,712.2,2024-07-15T06:00:00Z
2024-09-30,A00226,755.0,2024-10-15T06:00:00Z
2024-12-31,A00226,714.1,2025-01-15T06:00:00Z
2023-03-31,A00227,656.5,2023-04-15T06:00:00Z
2023-06-30,A00227,641.0,2023-07-15T06:00:00Z
2023-09-30,A00227,652.1,2023-10-15T06:00:00Z
2023-12-31,A00227,676.1,2024-01-15T06:00:00Z
2024-03-31,A00227,668.3,2024-04-15T06:00:00Z
2024-06-30,A00227,660.3,2024-07-15T06:00:00Z
2024-09-30,A00227,683.8,2024-10-15T06:00:00Z
2024-12-31,A00227,650.1,2025-01-15T06:00:00Z
2023-03-31,A00228,633.4,2023-04-15T06:00:00Z
2023-06-30,A00228,650.3,2023-07-15T06:00:00Z
2023-09-30,A00228,656.4,2023-10-15T06:00:00Z
2023-12-31,A00228,621.5,2024-01-15T06:00:00Z
2024-03-31,A00228,645.7,2024-04-15T06:00:00Z
2024-06-30,A00228,618.7,2024-07-15T06:00:00Z
2024-09-30,A00228,643.9,2024-10-15T06:00:00Z
2024-12-31,A00228,646.6,2025-01-15T06:00:00Z
2023-03-31,A00229,756.6,2023-04-15T06:00:00Z
2023-06-30,A00229,720.3,2023-07-15T06:00:00Z
2023-09-30,A00229,735.2,2023-10-15T06:00:00Z
2023-12-31,A00229,729.8,2024-01-15T06:00:00Z
2024-03-31,A00229,709.2,2024-04-15T06:00:00Z
2024-06-30,A00229,731.0,2024-07-15T06:00:00Z
2024-09-30,A00229,699.1,2024-10-15T06:00:00Z
2024-12-31,A00229,732.0,2025-01-15T06:00:00Z
2023-03-31,A00230,753.8,2023-04-15T06:00:00Z
2023-06-30,A00230,742.4,2023-07-15T06:00:00Z
2023-09-30,A00230,757.0,2023-10-15T06:00:00Z
2023-12-31,A00230,784.7,2024-01-15T06:00:00Z
2024-03-31,A00230,768.4,2024-04-15T06:00:00Z
2024-06-30,A00230,746.3,2024-07-15T06:00:00Z
2024-09-30,A00230,746.3,2024-10-15T06:00:00Z
2024-12-31,A00230,750.9,2025-01-15T06:00:00Z
2023-03-31,A00231,725.6,2023-04-15T06:00:00Z
2023-06-30,A00231,699.7,2023-07-15T06:00:00Z
2023-09-30,A00231,743.2,2023-10-15T06:00:00Z
2023-12-31,A00231,725.1,2024-01-15T06:00:00Z
2024-03-31,A00231,707.8,2024-04-15T06:00:00Z
2024-06-30,A00231,706.5,2024-07-15T06:00:00Z
2024-09-30,A00231,758.5,2024-10-15T06:00:00Z
2024-12-31,A00231,683.6,2025-01-15T06:00:00Z
2023-03-31,A00232,728.8,2023-04-15T06:00:00Z
2023-06-30,A00232,768.7,2023-07-15T06:00:00Z
2023-09-30,A00232,728.1,2023-10-15T06:00:00Z
2023-12-31,A00232,737.5,2024-01-15T06:00:00Z
2024-03-31,A00232,710.3,2024-04-15T06:00:00Z
2024-06-30,A00232,728.9,2024-07-15T06:00:00Z
2024-09-30,A00232,775.4,2024-10-15T06:00:00Z
2024-12-31,A00232,723.9,2025-01-15T06:00:00Z
2023-03-31,A00233,624.0,2023-04-15T06:00:00Z
2023-06-30,A00233,633.7,2023-07-15T06:00:00Z
2023-09-30,A00233,645.0,2023-10-15T06:00:00Z
2023-12-31,A00233,665.5,2024-01-15T06:00:00Z
2024-03-31,A00233,625.8,2024-04-15T06:00:00Z
2024-06-30,A00233,658.9,2024-07-15T06:00:00Z
2024-09-30,A00233,636.8,2024-10-15T06:00:00Z
2024-12-31,A00233,630.6,2025-01-15T06:00:00Z
2023-03-31,A00234,611.4,2023-04-15T06:00:00Z
2023-06-30,A00234,622.5,2023-07-15T06:00:00Z
2023-09-30,A00234,670.3,2023-10-15T06:00:00Z
2023-12-31,A00234,672.4,2024-01-15T06:00:00Z
2024-03-31,A00234,676.0,2024-04-15T06:00:00Z
2024-06-30,A00234,639.5,2024-07-15T06:00:00Z
2024-09-30,A00234,657.6,2024-10-15T06:00:00Z
2024-12-31,A00234,639.7,2025-01-15T06:00:00Z
2023-03-31,A00235,697.1,2023-04-15T06:00:00Z
2023-06-30,A00235,738.8,2023-07-15T06:00:00Z
2023-09-30,A00235,716.3,2023-10-15T06:00:00Z
2023-12-31,A00235,732.3,2024-01-15T06:00:00Z
2024-03-31,A00235,712.6,2024-04-15T06:00:00Z
2024-06-30,A00235,717.3,2024-07-15T06:00:00Z
2024-09-30,A00235,706.5,2024-10-15T06:00:00Z
2024-12-31,A00235,708.9,2025-01-15T06:00:00Z
2023-03-31,A00236,634.2,2023-04-15T06:00:00Z
2023-06-30,A00236,604.6,2023-07-15T06:00:00Z
2023-09-30,A00236,645.3,2023-10-15T06:00:00Z
2023-12-31,A00236,629.3,2024-01-15T06:00:00Z
2024-03-31,A00236,644.2,2024-04-15T06:00:00Z
2024-06-30,A00236,631.3,2024-07-15T06:00:00Z
2024-09-30,A00236,602.2,2024-10-15T06:00:00Z
2024-12-31,A00236,642.7,2025-01-15T06:00:00Z
2023-03-31,A00237,681.6,2023-04-15T06:00:00Z
2023-06-30,A00237,664.5,2023-07-15T06:00:00Z
2023-09-30,A00237,679.0,2023-10-15T06:00:00Z
2023-12-31,A00237,660.4,2024-01-15T06:00:00Z
2024-03-31,A00237,652.8,2024-04-15T06:00:00Z
2024-06-30,A00237,649.3,2024-07-15T06:00:00Z
2024-09-30,A00237,679.3,2024-10-15T06:00:00Z
2024-12-31,A00237,676.1,2025-01-15T06:00:00Z
2023-03-31,A00238,584.2,2023-04-15T06:00:00Z
2023-06-30,A00238,564.6,2023-07-15T06:00:00Z
2023-09-30,A00238,566.3,2023-10-15T06:00:00Z
2023-12-31,A00238,579.4,2024-01-15T06:00:00Z
2024-03-31,A00238,554.0,2024-04-15T06:00:00Z
2024-06-30,A00238,581.8,2024-07-15T06:00:00Z
2024-09-30,A00238,596.6,2024-10-15T06:00:00Z
2024-12-31,A00238,573.7,2025-01-15T06:00:00Z
2023-03-31,A00239,704.3,2023-04-15T06:00:00Z
2023-06-30,A00239,723.4,2023-07-15T06:00:00Z
2023-09-30,A00239,691.2,2023-10-15T06:00:00Z
2023-12-31,A00239,683.6,2024-01-15T06:00:00Z
2024-03-31,A00239,719.1,2024-04-15T06:00:00Z
2024-06-30,A00239,699.6,2024-07-15T06:00:00Z
2024-09-30,A00239,658.8,2024-10-15T06:00:00Z
2024-12-31,A00239,690.8,2025-01-15T06:00:00Z
2023-03-31,A00240,723.7,2023-04-15T06:00:00Z
2023-06-30,A00240,733.6,2023-07-15T06:00:00Z
2023-09-30,A00240,700.9,2023-10-15T06:00:00Z
2023-12-31,A00240,722.1,2024-01-15T06:00:00Z
2024-03-31,A00240,750.8,2024-04-15T06:00:00Z
2024-06-30,A00240,725.0,2024-07-15T06:00:00Z
2024-09-30,A00240,728.5,2024-10-15T06:00:00Z
2024-12-31,A00240,718.1,2025-01-15T06:00:00Z
2023-03-31,A00241,766.8,2023-04-15T06:00:00Z
2023-06-30,A00241,725.2,2023-07-15T06:00:00Z
2023-09-30,A00241,708.8,2023-10-15T06:00:00Z
2023-12-31,A00241,758.7,2024-01-15T06:00:00Z
2024-03-31,A00241,758.1,2024-04-15T06:00:00Z
2024-06-30,A00241,739.1,2024-07-15T06:00:00Z
2024-09-30,A00241,751.9,2024-10-15T06:00:00Z
2024-12-31,A00241,781.5,2025-01-15T06:00:00Z
2023-03-31,A00242,650.8,2023-04-15T06:00:00Z
2023-06-30,A00242,617.7,2023-07-15T06:00:00Z
2023-09-30,A00242,656.5,2023-10-15T06:00:00Z
2023-12-31,A00242,656.7,2024-01-15T06:00:00Z
2024-03-31,A00242,673.2,2024-04-15T06:00:00Z
2024-06-30,A00242,655.1,2024-07-15T06:00:00Z
2024-09-30,A00242,636.2,2024-10-15T06:00:00Z
2024-12-31,A00242,666.3,2025-01-15T06:00:00Z
2023-03-31,A00243,669.8,2023-04-15T06:00:00Z
2023-06-30,A00243,667.0,2023-07-15T06:00:00Z
2023-09-30,A00243,658.9,2023-10-15T06:00:00Z
2023-12-31,A00243,686.1,2024-01-15T06:00:00Z
2024-03-31,A00243,659.9,2024-04-15T06:00:00Z
2024-06-30,A00243,652.0,2024-07-15T06:00:00Z
2024-09-30,A00243,662.5,2024-10-15T06:00:00Z
2024-12-31,A00243,678.7,2025-01-15T06:00:00Z
2023-03-31,A00244,631.1,2023-04-15T06:00:00Z
2023-06-30,A00244,629.2,2023-07-15T06:00:00Z
2023-09-30,A00244,640.1,2023-10-15T06:00:00Z
2023-12-31,A00244,632.7,2024-01-15T06:00:00Z
2024-03-31,A00244,602.1,2024-04-15T06:00:00Z
2024-06-30,A00244,631.0,2024-07-15T06:00:00Z
2024-09-30,A00244,639.6,2024-10-15T06:00:00Z
2024-12-31,A00244,633.2,2025-01-15T06:00:00Z
2023-03-31,A00245,644.9,2023-04-15T06:00:00Z
2023-06-30,A00245,659.7,2023-07-15T06:00:00Z
2023-09-30,A00245,674.9,2023-10-15T06:00:00Z
2023-12-31,A00245,682.2,2024-01-15T06:00:00Z
2024-03-31,A00245,658.5,2024-04-15T06:00:00Z
2024-06-30,A00245,674.3,2024-07-15T06:00:00Z
2024-09-30,A00245,687.0,2024-10-15T06:00:00Z
2024-12-31,A00245,684.7,2025-01-15T06:00:00Z
2023-03-31,A00246,656.2,2023-04-15T06:00:00Z
2023-06-30,A00246,655.3,2023-07-15T06:00:00Z
2023-09-30,A00246,648.4,2023-10-15T06:00:00Z
2023-12-31,A00246,650.1,2024-01-15T06:00:00Z
2024-03-31,A00246,623.8,2024-04-15T06:00:00Z
2024-06-30,A00246,640.7,2024-07-15T06:00:00Z
2024-09-30,A00246,674.0,2024-10-15T06:00:00Z
2024-12-31,A00246,634.4,2025-01-15T06:00:00Z
2023-03-31,A00247,664.2,2023-04-15T06:00:00Z
2023-06-30,A00247,679.9,2023-07-15T06:00:00Z
2023-09-30,A00247,711.2,2023-10-15T06:00:00Z
2023-12-31,A00247,691.6,2024-01-15T06:00:00Z
2024-03-31,A00247,654.2,2024-04-15T06:00:00Z
2024-06-30,A00247,687.8,2024-07-15T06:00:00Z
2024-09-30,A00247,723.0,2024-10-15T06:00:00Z
2024-12-31,A00247,685.7,2025-01-15T06:00:00Z
2023-03-31,A00248,582.4,2023-04-15T06:00:00Z
2023-06-30,A00248,597.3,2023-07-15T06:00:00Z
2023-09-30,A00248,570.6,2023-10-15T06:00:00Z
2023-12-31,A00248,603.2,2024-01-15T06:00:00Z
2024-03-31,A00248,578.2,2024-04-15T06:00:00Z
2024-06-30,A00248,612.6,2024-07-15T06:00:00Z
2024-09-30,A00248,615.0,2024-10-15T06:00:00Z
2024-12-31,A00248,630.4,2025-01-15T06:00:00Z
2023-03-31,A00249,720.6,2023-04-15T06:00:00Z
2023-06-30,A00249,702.0,2023-07-15T06:00:00Z
2023-09-30,A00249,717.7,2023-10-15T06:00:00Z
2023-12-31,A00249,713.2,2024-01-15T06:00:00Z
2024-03-31,A00249,708.3,2024-04-15T06:00:00Z
2024-06-30,A00249,680.2,2024-07-15T06:00:00Z
2024-09-30,A00249,683.0,2024-10-15T06:00:00Z
2024-12-31,A00249,730.9,2025-01-15T06:00:00Z
2023-03-31,A00250,740.6,2023-04-15T06:00:00Z
2023-06-30,A00250,737.4,2023-07-15T06:00:00Z
2023-09-30,A00250,755.4,2023-10-15T06:00:00Z
2023-12-31,A00250,741.0,2024-01-15T06:00:00Z
2024-03-31,A00250,762.1,2024-04-15T06:00:00Z
2024-06-30,A00250,725.8,2024-07-15T06:00:00Z
2024-09-30,A00250,771.6,2024-10-15T06:00:00Z
2024-12-31,A00250,753.2,2025-01-15T06:00:00Z
2023-03-31,A00251,551.1,2023-04-15T06:00:00Z
2023-06-30,A00251,538.8,2023-07-15T06:00:00Z
2023-09-30,A00251,548.1,2023-10-15T06:00:00Z
2023-12-31,A00251,595.0,2024-01-15T06:00:00Z
2024-03-31,A00251,575.1,2024-04-15T06:00:00Z
2024-06-30,A00251,551.5,2024-07-15T06:00:00Z
2024-09-30,A00251,591.7,2024-10-15T06:00:00Z
2024-12-31,A00251,567.8,2025-01-15T06:00:00Z
2023-03-31,A00252,630.0,2023-04-15T06:00:00Z
2023-06-30,A00252,596.4,2023-07-15T06:00:00Z
2023-09-30,A00252,606.0,2023-10-15T06:00:00Z
2023-12-31,A00252,602.7,2024-01-15T06:00:00Z
2024-03-31,A00252,621.7,2024-04-15T06:00:00Z
2024-06-30,A00252,603.0,2024-07-15T06:00:00Z
2024-09-30,A00252,654.0,2024-10-15T06:00:00Z
2024-12-31,A00252,681.6,2025-01-15T06:00:00Z
2023-03-31,A00253,791.9,2023-04-15T06:00:00Z
2023-06-30,A00253,742.4,2023-07-15T06:00:00Z
2023-09-30,A00253,775.8,2023-10-15T06:00:00Z
2023-12-31,A00253,758.3,2024-01-15T06:00:00Z
2024-03-31,A00253,748.0,2024-04-15T06:00:00Z
2024-06-30,A00253,756.4,2024-07-15T06:00:00Z
2024-09-30,A00253,779.7,2024-10-15T06:00:00Z
2024-12-31,A00253,773.8,2025-01-15T06:00:00Z
2023-03-31,A00254,669.4,2023-04-15T06:00:00Z
2023-06-30,A00254,662.6,2023-07-15T06:00:00Z
2023-09-30,A00254,686.4,2023-10-15T06:00:00Z
2023-12-31,A00254,694.6,2024-01-15T06:00:00Z
2024-03-31,A00254,664.5,2024-04-15T06:00:00Z
2024-06-30,A00254,647.8,2024-07-15T06:00:00Z
2024-09-30,A00254,676.1,2024-10-15T06:00:00Z
2024-12-31,A00254,639.9,2025-01-15T06:00:00Z
2023-03-31,A00255,581.2,2023-04-15T06:00:00Z
2023-06-30,A00255,628.5,2023-07-15T06:00:00Z
2023-09-30,A00255,631.4,2023-10-15T06:00:00Z
2023-12-31,A00255,625.7,2024-01-15T06:00:00Z
2024-03-31,A00255,625.1,2024-04-15T06:00:00Z
2024-06-30,A00255,604.1,2024-07-15T06:00:00Z
2024-09-30,A00255,626.1,2024-10-15T06:00:00Z
2024-12-31,A00255,563.3,2025-01-15T06:00:00Z
2023-03-31,A00256,639.0,2023-04-15T06:00:00Z
2023-06-30,A00256,646.6,2023-07-15T06:00:00Z
2023-09-30,A00256,710.4,2023-10-15T06:00:00Z
2023-12-31,A00256,695.4,2024-01-15T06:00:00Z
2024-03-31,A00256,671.6,2024-04-15T06:00:00Z
2024-06-30,A00256,680.4,2024-07-15T06:00:00Z
2024-09-30,A00256,667.5,2024-10-15T06:00:00Z
2024-12-31,A00256,717.4,2025-01-15T06:00:00Z
2023-03-31,A00257,671.5,2023-04-15T06:00:00Z
2023-06-30,A00257,691.2,2023-07-15T06:00:00Z
2023-09-30,A00257,675.7,2023-10-15T06:00:00Z
2023-12-31,A00257,721.0,2024-01-15T06:00:00Z
2024-03-31,A00257,704.4,2024-04-15T06:00:00Z
2024-06-30,A00257,715.4,2024-07-15T06:00:00Z
2024-09-30,A00257,662.1,2024-10-15T06:00:00Z
2024-12-31,A00257,694.2,2025-01-15T06:00:00Z
2023-03-31,A00258,617.3,2023-04-15T06:00:00Z
2023-06-30,A00258,632.1,2023-07-15T06:00:00Z
2023-09-30,A00258,622.2,2023-10-15T06:00:00Z
2023-12-31,A00258,610.0,2024-01-15T06:00:00Z
2024-03-31,A00258,629.0,2024-04-15T06:00:00Z
2024-06-30,A00258,662.4,2024-07-15T06:00:00Z
2024-09-30,A00258,622.3,2024-10-15T06:00:00Z
2024-12-31,A00258,615.4,2025-01-15T06:00:00Z
2023-03-31,A00259,690.9,2023-04-15T06:00:00Z
2023-06-30,A00259,680.0,2023-07-15T06:00:00Z
2023-09-30,A00259,657.3,2023-10-15T06:00:00Z
2023-12-31,A00259,667.0,2024-01-15T06:00:00Z
2024-03-31,A00259,685.6,2024-04-15T06:00:00Z
2024-06-30,A00259,664.2,2024-07-15T06:00:00Z
2024-09-30,A00259,648.2,2024-10-15T06:00:00Z
2024-12-31,A00259,660.5,2025-01-15T06:00:00Z
2023-03-31,A00260,786.2,2023-04-15T06:00:00Z
2023-06-30,A00260,790.7,2023-07-15T06:00:00Z
2023-09-30,A00260,752.0,2023-10-15T06:00:00Z
2023-12-31,A00260,795.9,2024-01-15T06:00:00Z
2024-03-31,A00260,762.1,2024-04-15T06:00:00Z
2024-06-30,A00260,764.9,2024-07-15T06:00:00Z
2024-09-30,A00260,770.2,2024-10-15T06:00:00Z
2024-12-31,A00260,804.1,2025-01-15T06:00:00Z
2023-03-31,A00261,737.6,2023-04-15T06:00:00Z
2023-06-30,A00261,701.9,2023-07-15T06:00:00Z
2023-09-30,A00261,727.0,2023-10-15T06:00:00Z
2023-12-31,A00261,716.0,2024-01-15T06:00:00Z
2024-03-31,A00261,715.6,2024-04-15T06:00:00Z
2024-06-30,A00261,707.2,2024-07-15T06:00:00Z
2024-09-30,A00261,699.0,2024-10-15T06:00:00Z
2024-12-31,A00261,721.4,2025-01-15T06:00:00Z
2023-03-31,A00262,604.6,2023-04-15T06:00:00Z
2023-06-30,A00262,604.6,2023-07-15T06:00:00Z
2023-09-30,A00262,597.9,2023-10-15T06:00:00Z
2023-12-31,A00262,608.6,2024-01-15T06:00:00Z
2024-03-31,A00262,586.5,2024-04-15T06:00:00Z
2024-06-30,A00262,590.7,2024-07-15T06:00:00Z
2024-09-30,A00262,635.9,2024-10-15T06:00:00Z
2024-12-31,A00262,597.4,2025-01-15T06:00:00Z
2023-03-31,A00263,696.8,2023-04-15T06:00:00Z
2023-06-30,A00263,699.7,2023-07-15T06:00:00Z
2023-09-30,A00263,723.2,2023-10-15T06:00:00Z
2023-12-31,A00263,731.0,2024-01-15T06:00:00Z
2024-03-31,A00263,705.2,2024-04-15T06:00:00Z
2024-06-30,A00263,700.5,2024-07-15T06:00:00Z
2024-09-30,A00263,678.1,2024-10-15T06:00:00Z
2024-12-31,A00263,694.3,2025-01-15T06:00:00Z
2023-03-31,A00264,581.5,2023-04-15T06:00:00Z
2023-06-30,A00264,557.2,2023-07-15T06:00:00Z
2023-09-30,A00264,589.6,2023-10-15T06:00:00Z
2023-12-31,A00264,604.4,2024-01-15T06:00:00Z
2024-03-31,A00264,635.4,2024-04-15T06:00:00Z
2024-06-30,A00264,607.8,2024-07-15T06:00:00Z
2024-09-30,A00264,600.0,2024-10-15T06:00:00Z
2024-12-31,A00264,631.0,2025-01-15T06:00:00Z
2023-03-31,A00265,686.7,2023-04-15T06:00:00Z
2023-06-30,A00265,700.0,2023-07-15T06:00:00Z
2023-09-30,A00265,638.7,2023-10-15T06:00:00Z
2023-12-31,A00265,706.1,2024-01-15T06:00:00Z
2024-03-31,A00265,680.1,2024-04-15T06:00:00Z
2024-06-30,A00265,648.4,2024-07-15T06:00:00Z
2024-09-30,A00265,645.4,2024-10-15T06:00:00Z
2024-12-31,A00265,649.7,2025-01-15T06:00:00Z
2023-03-31,A00266,602.0,2023-04-15T06:00:00Z
2023-06-30,A00266,617.8,2023-07-15T06:00:00Z
2023-09-30,A00266,604.4,2023-10-15T06:00:00Z
2023-12-31,A00266,632.3,2024-01-15T06:00:00Z
2024-03-31,A00266,602.8,2024-04-15T06:00:00Z
2024-06-30,A00266,669.2,2024-07-15T06:00:00Z
2024-09-30,A00266,623.8,2024-10-15T06:00:00Z
2024-12-31,A00266,648.0,2025-01-15T06:00:00Z
2023-03-31,A00267,734.2,2023-04-15T06:00:00Z
2023-06-30,A00267,703.7,2023-07-15T06:00:00Z
2023-09-30,A00267,739.6,2023-10-15T06:00:00Z
2023-12-31,A00267,721.6,2024-01-15T06:00:00Z
2024-03-31,A00267,682.6,2024-04-15T06:00:00Z
2024-06-30,A00267,755.0,2024-07-15T06:00:00Z
2024-09-30,A00267,714.4,2024-10-15T06:00:00Z
2024-12-31,A00267,712.8,2025-01-15T06:00:00Z
2023-03-31,A00268,687.3,2023-04-15T06:00:00Z
2023-06-30,A00268,643.8,2023-07-15T06:00:00Z
2023-09-30,A00268,667.7,2023-10-15T06:00:00Z
2023-12-31,A00268,687.2,2024-01-15T06:00:00Z
2024-03-31,A00268,670.5,2024-04-15T06:00:00Z
2024-06-30,A00268,661.6,2024-07-15T06:00:00Z
2024-09-30,A00268,694.6,2024-10-15T06:00:00Z
2024-12-31,A00268,675.3,2025-01-15T06:00:00Z
2023-03-31,A00269,578.0,2023-04-15T06:00:00Z
2023-06-30,A00269,606.8,2023-07-15T06:00:00Z
2023-09-30,A00269,586.8,2023-10-15T06:00:00Z
2023-12-31,A00269,604.3,2024-01-15T06:00:00Z
2024-03-31,A00269,589.6,2024-04-15T06:00:00Z
2024-06-30,A00269,575.2,2024-07-15T06:00:00Z
2024-09-30,A00269,621.8,2024-10-15T06:00:00Z
2024-12-31,A00269,571.4,2025-01-15T06:00:00Z
2023-03-31,A00270,654.2,2023-04-15T06:00:00Z
2023-06-30,A00270,672.5,2023-07-15T06:00:00Z
2023-09-30,A00270,657.7,2023-10-15T06:00:00Z
2023-12-31,A00270,658.3,2024-01-15T06:00:00Z
2024-03-31,A00270,660.3,2024-04-15T06:00:00Z
2024-06-30,A00270,685.4,2024-07-15T06:00:00Z
2024-09-30,A00270,665.6,2024-10-15T06:00:00Z
2024-12-31,A00270,670.4,2025-01-15T06:00:00Z
2023-03-31,A00271,698.3,2023-04-15T06:00:00Z
2023-06-30,A00271,724.5,2023-07-15T06:00:00Z
2023-09-30,A00271,741.1,2023-10-15T06:00:00Z
2023-12-31,A00271,712.7,2024-01-15T06:00:00Z
2024-03-31,A00271,724.1,2024-04-15T06:00:00Z
2024-06-30,A00271,713.4,2024-07-15T06:00:00Z
2024-09-30,A00271,755.4,2024-10-15T06:00:00Z
2024-12-31,A00271,775.2,2025-01-15T06:00:00Z
2023-03-31,A00272,701.3,2023-04-15T06:00:00Z
2023-06-30,A00272,695.8,2023-07-15T06:00:00Z
2023-09-30,A00272,677.4,2023-10-15T06:00:00Z
2023-12-31,A00272,719.2,2024-01-15T06:00:00Z
2024-03-31,A00272,719.5,2024-04-15T06:00:00Z
2024-06-30,A00272,716.1,2024-07-15T06:00:00Z
2024-09-30,A00272,687.8,2024-10-15T06:00:00Z
2024-12-31,A00272,701.1,2025-01-15T06:00:00Z
2023-03-31,A00273,660.1,2023-04-15T06:00:00Z
2023-06-30,A00273,693.5,2023-07-15T06:00:00Z
2023-09-30,A00273,683.3,2023-10-15T06:00:00Z
2023-12-31,A00273,634.1,2024-01-15T06:00:00Z
2024-03-31,A00273,658.1,2024-04-15T06:00:00Z
2024-06-30,A00273,639.5,2024-07-15T06:00:00Z
2024-09-30,A00273,642.9,2024-10-15T06:00:00Z
2024-12-31,A00273,647.3,2025-01-15T06:00:00Z
2023-03-31,A00274,725.5,2023-04-15T06:00:00Z
2023-06-30,A00274,737.8,2023-07-15T06:00:00Z
2023-09-30,A00274,743.4,2023-10-15T06:00:00Z
2023-12-31,A00274,713.7,2024-01-15T06:00:00Z
2024-03-31,A00274,764.3,2024-04-15T06:00:00Z
2024-06-30,A00274,728.1,2024-07-15T06:00:00Z
2024-09-30,A00274,724.7,2024-10-15T06:00:00Z
2024-12-31,A00274,753.4,2025-01-15T06:00:00Z
2023-03-31,A00275,594.0,2023-04-15T06:00:00Z
2023-06-30,A00275,606.7,2023-07-15T06:00:00Z
2023-09-30,A00275,610.5,2023-10-15T06:00:00Z
2023-12-31,A00275,585.0,2024-01-15T06:00:00Z
2024-03-31,A00275,611.8,2024-04-15T06:00:00Z
2024-06-30,A00275,591.2,2024-07-15T06:00:00Z
2024-09-30,A00275,601.1,2024-10-15T06:00:00Z
2024-12-31,A00275,569.0,2025-01-15T06:00:00Z
2023-03-31,A00276,681.6,2023-04-15T06:00:00Z
2023-06-30,A00276,682.9,2023-07-15T06:00:00Z
2023-09-30,A00276,661.5,2023-10-15T06:00:00Z
2023-12-31,A00276,673.8,2024-01-15T06:00:00Z
2024-03-31,A00276,665.3,2024-04-15T06:00:00Z
2024-06-30,A00276,663.5,2024-07-15T06:00:00Z
2024-09-30,A00276,645.3,2024-10-15T06:00:00Z
2024-12-31,A00276,704.9,2025-01-15T06:00:00Z
2023-03-31,A00277,615.7,2023-04-15T06:00:00Z
2023-06-30,A00277,628.5,2023-07-15T06:00:00Z
2023-09-30,A00277,646.0,2023-10-15T06:00:00Z
2023-12-31,A00277,613.1,2024-01-15T06:00:00Z
2024-03-31,A00277,632.6,2024-04-15T06:00:00Z
2024-06-30,A00277,651.7,2024-07-15T06:00:00Z
2024-09-30,A00277,621.9,2024-10-15T06:00:00Z
2024-12-31,A00277,657.7,2025-01-15T06:00:00Z
2023-03-31,A00278,674.8,2023-04-15T06:00:00Z
2023-06-30,A00278,682.6,2023-07-15T06:00:00Z
2023-09-30,A00278,647.2,2023-10-15T06:00:00Z
2023-12-31,A00278,642.7,2024-01-15T06:00:00Z
2024-03-31,A00278,686.7,2024-04-15T06:00:00Z
2024-06-30,A00278,682.5,2024-07-15T06:00:00Z
2024-09-30,A00278,640.2,2024-10-15T06:00:00Z
2024-12-31,A00278,657.5,2025-01-15T06:00:00Z
2023-03-31,A00279,512.3,2023-04-15T06:00:00Z
2023-06-30,A00279,545.3,2023-07-15T06:00:00Z
2023-09-30,A00279,541.8,2023-10-15T06:00:00Z
2023-12-31,A00279,514.6,2024-01-15T06:00:00Z
2024-03-31,A00279,552.8,2024-04-15T06:00:00Z
2024-06-30,A00279,549.6,2024-07-15T06:00:00Z
2024-09-30,A00279,529.3,2024-10-15T06:00:00Z
2024-12-31,A00279,526.9,2025-01-15T06:00:00Z
2023-03-31,A00280,582.9,2023-04-15T06:00:00Z
2023-06-30,A00280,635.3,2023-07-15T06:00:00Z
2023-09-30,A00280,576.3,2023-10-15T06:00:00Z
2023-12-31,A00280,617.4,2024-01-15T06:00:00Z
2024-03-31,A00280,594.0,2024-04-15T06:00:00Z
2024-06-30,A00280,600.5,2024-07-15T06:00:00Z
2024-09-30,A00280,586.1,2024-10-15T06:00:00Z
2024-12-31,A00280,598.6,2025-01-15T06:00:00Z
2023-03-31,A00281,692.5,2023-04-15T06:00:00Z
2023-06-30,A00281,678.3,2023-07-15T06:00:00Z
2023-09-30,A00281,685.2,2023-10-15T06:00:00Z
2023-12-31,A00281,688.8,2024-01-15T06:00:00Z
2024-03-31,A00281,676.6,2024-04-15T06:00:00Z
2024-06-30,A00281,642.4,2024-07-15T06:00:00Z
2024-09-30,A00281,725.8,2024-10-15T06:00:00Z
2024-12-31,A00281,694.3,2025-01-15T06:00:00Z
2023-03-31,A00282,819.4,2023-04-15T06:00:00Z
2023-06-30,A00282,780.2,2023-07-15T06:00:00Z
2023-09-30,A00282,773.8,2023-10-15T06:00:00Z
2023-12-31,A00282,801.4,2024-01-15T06:00:00Z
2024-03-31,A00282,800.8,2024-04-15T06:00:00Z
2024-06-30,A00282,830.9,2024-07-15T06:00:00Z
2024-09-30,A00282,772.7,2024-10-15T06:00:00Z
2024-12-31,A00282,774.9,2025-01-15T06:00:00Z
2023-03-31,A00283,755.1,2023-04-15T06:00:00Z
2023-06-30,A00283,759.6,2023-07-15T06:00:00Z
2023-09-30,A00283,761.5,2023-10-15T06:00:00Z
2023-12-31,A00283,787.1,2024-01-15T06:00:00Z
2024-03-31,A00283,783.9,2024-04-15T06:00:00Z
2024-06-30,A00283,791.5,2024-07-15T06:00:00Z
2024-09-30,A00283,787.5,2024-10-15T06:00:00Z
2024-12-31,A00283,788.5,2025-01-15T06:00:00Z
2023-03-31,A00284,607.9,2023-04-15T06:00:00Z
2023-06-30,A00284,599.3,2023-07-15T06:00:00Z
2023-09-30,A00284,602.3,2023-10-15T06:00:00Z
2023-12-31,A00284,573.1,2024-01-15T06:00:00Z
2024-03-31,A00284,563.9,2024-04-15T06:00:00Z
2024-06-30,A00284,569.0,2024-07-15T06:00:00Z
2024-09-30,A00284,601.9,2024-10-15T06:00:00Z
2024-12-31,A00284,580.4,2025-01-15T06:00:00Z
2023-03-31,A00285,703.8,2023-04-15T06:00:00Z
2023-06-30,A00285,711.8,2023-07-15T06:00:00Z
2023-09-30,A00285,738.6,2023-10-15T06:00:00Z
2023-12-31,A00285,697.4,2024-01-15T06:00:00Z
2024-03-31,A00285,696.9,2024-04-15T06:00:00Z
2024-06-30,A00285,715.2,2024-07-15T06:00:00Z
2024-09-30,A00285,716.6,2024-10-15T06:00:00Z
2024-12-31,A00285,706.3,2025-01-15T06:00:00Z
2023-03-31,A00286,584.7,2023-04-15T06:00:00Z
2023-06-30,A00286,597.1,2023-07-15T06:00:00Z
2023-09-30,A00286,588.4,2023-10-15T06:00:00Z
2023-12-31,A00286,540.3,2024-01-15T06:00:00Z
2024-03-31,A00286,565.4,2024-04-15T06:00:00Z
2024-06-30,A00286,570.6,2024-07-15T06:00:00Z
2024-09-30,A00286,592.6,2024-10-15T06:00:00Z
2024-12-31,A00286,554.9,2025-01-15T06:00:00Z
2023-03-31,A00287,614.8,2023-04-15T06:00:00Z
2023-06-30,A00287,643.5,2023-07-15T06:00:00Z
2023-09-30,A00287,641.5,2023-10-15T06:00:00Z
2023-12-31,A00287,626.7,2024-01-15T06:00:00Z
2024-03-31,A00287,667.5,2024-04-15T06:00:00Z
2024-06-30,A00287,617.4,2024-07-15T06:00:00Z
2024-09-30,A00287,649.5,2024-10-15T06:00:00Z
2024-12-31,A00287,613.8,2025-01-15T06:00:00Z
2023-03-31,A00288,689.1,2023-04-15T06:00:00Z
2023-06-30,A00288,714.4,2023-07-15T06:00:00Z
2023-09-30,A00288,725.4,2023-10-15T06:00:00Z
2023-12-31,A00288,707.3,2024-01-15T06:00:00Z
2024-03-31,A00288,704.1,2024-04-15T06:00:00Z
2024-06-30,A00288,715.1,2024-07-15T06:00:00Z
2024-09-30,A00288,727.4,2024-10-15T06:00:00Z
2024-12-31,A00288,699.1,2025-01-15T06:00:00Z
2023-03-31,A00289,600.5,2023-04-15T06:00:00Z
2023-06-30,A00289,578.1,2023-07-15T06:00:00Z
2023-09-30,A00289,634.9,2023-10-15T06:00:00Z
2023-12-31,A00289,627.5,2024-01-15T06:00:00Z
2024-03-31,A00289,619.9,2024-04-15T06:00:00Z
2024-06-30,A00289,610.9,2024-07-15T06:00:00Z
2024-09-30,A00289,604.1,2024-10-15T06:00:00Z
2024-12-31,A00289,604.2,2025-01-15T06:00:00Z
2023-03-31,A00290,768.2,2023-04-15T06:00:00Z
2023-06-30,A00290,754.1,2023-07-15T06:00:00Z
2023-09-30,A00290,781.6,2023-10-15T06:00:00Z
2023-12-31,A00290,747.3,2024-01-15T06:00:00Z
2024-03-31,A00290,761.5,2024-04-15T06:00:00Z
2024-06-30,A00290,764.5,2024-07-15T06:00:00Z
2024-09-30,A00290,744.9,2024-10-15T06:00:00Z
2024-12-31,A00290,768.4,2025-01-15T06:00:00Z
2023-03-31,A00291,616.6,2023-04-15T06:00:00Z
2023-06-30,A00291,649.0,2023-07-15T06:00:00Z
2023-09-30,A00291,656.2,2023-10-15T06:00:00Z
2023-12-31,A00291,630.7,2024-01-15T06:00:00Z
2024-03-31,A00291,651.9,2024-04-15T06:00:00Z
2024-06-30,A00291,677.5,2024-07-15T06:00:00Z
2024-09-30,A00291,664.2,2024-10-15T06:00:00Z
2024-12-31,A00291,648.1,2025-01-15T06:00:00Z
2023-03-31,A00292,700.1,2023-04-15T06:00:00Z
2023-06-30,A00292,686.8,2023-07-15T06:00:00Z
2023-09-30,A00292,686.5,2023-10-15T06:00:00Z
2023-12-31,A00292,694.5,2024-01-15T06:00:00Z
2024-03-31,A00292,688.0,2024-04-15T06:00:00Z
2024-06-30,A00292,684.7,2024-07-15T06:00:00Z
2024-09-30,A00292,693.4,2024-10-15T06:00:00Z
2024-12-31,A00292,674.5,2025-01-15T06:00:00Z
2023-03-31,A00293,604.3,2023-04-15T06:00:00Z
2023-06-30,A00293,596.2,2023-07-15T06:00:00Z
2023-09-30,A00293,583.5,2023-10-15T06:00:00Z
2023-12-31,A00293,593.1,2024-01-15T06:00:00Z
2024-03-31,A00293,584.9,2024-04-15T06:00:00Z
2024-06-30,A00293,609.1,2024-07-15T06:00:00Z
2024-09-30,A00293,567.9,2024-10-15T06:00:00Z
2024-12-31,A00293,564.0,2025-01-15T06:00:00Z
2023-03-31,A00294,651.9,2023-04-15T06:00:00Z
2023-06-30,A00294,633.7,2023-07-15T06:00:00Z
2023-09-30,A00294,657.6,2023-10-15T06:00:00Z
2023-12-31,A00294,626.1,2024-01-15T06:00:00Z
2024-03-31,A00294,648.5,2024-04-15T06:00:00Z
2024-06-30,A00294,645.9,2024-07-15T06:00:00Z
2024-09-30,A00294,645.2,2024-10-15T06:00:00Z
2024-12-31,A00294,634.8,2025-01-15T06:00:00Z
2023-03-31,A00295,708.9,2023-04-15T06:00:00Z
2023-06-30,A00295,697.6,2023-07-15T06:00:00Z
2023-09-30,A00295,730.9,2023-10-15T06:00:00Z
2023-12-31,A00295,718.4,2024-01-15T06:00:00Z
2024-03-31,A00295,691.1,2024-04-15T06:00:00Z
2024-06-30,A00295,709.7,2024-07-15T06:00:00Z
2024-09-30,A00295,741.9,2024-10-15T06:00:00Z
2024-12-31,A00295,730.9,2025-01-15T06:00:00Z
2023-03-31,A00296,690.3,2023-04-15T06:00:00Z
2023-06-30,A00296,660.2,2023-07-15T06:00:00Z
2023-09-30,A00296,651.9,2023-10-15T06:00:00Z
2023-12-31,A00296,658.8,2024-01-15T06:00:00Z
2024-03-31,A00296,679.7,2024-04-15T06:00:00Z
2024-06-30,A00296,681.7,2024-07-15T06:00:00Z
2024-09-30,A00296,685.6,2024-10-15T06:00:00Z
2024-12-31,A00296,672.5,2025-01-15T06:00:00Z
2023-03-31,A00297,700.4,2023-04-15T06:00:00Z
2023-06-30,A00297,718.9,2023-07-15T06:00:00Z
2023-09-30,A00297,700.3,2023-10-15T06:00:00Z
2023-12-31,A00297,666.6,2024-01-15T06:00:00Z
2024-03-31,A00297,697.7,2024-04-15T06:00:00Z
2024-06-30,A00297,710.5,2024-07-15T06:00:00Z
2024-09-30,A00297,695.5,2024-10-15T06:00:00Z
2024-12-31,A00297,709.4,2025-01-15T06:00:00Z
2023-03-31,A00298,686.2,2023-04-15T06:00:00Z
2023-06-30,A00298,683.8,2023-07-15T06:00:00Z
2023-09-30,A00298,696.7,2023-10-15T06:00:00Z
2023-12-31,A00298,680.0,2024-01-15T06:00:00Z
2024-03-31,A00298,655.7,2024-04-15T06:00:00Z
2024-06-30,A00298,661.7,2024-07-15T06:00:00Z
2024-09-30,A00298,692.4,2024-10-15T06:00:00Z
2024-12-31,A00298,659.8,2025-01-15T06:00:00Z
2023-03-31,A00299,758.1,2023-04-15T06:00:00Z
2023-06-30,A00299,735.3,2023-07-15T06:00:00Z
2023-09-30,A00299,746.3,2023-10-15T06:00:00Z
2023-12-31,A00299,741.4,2024-01-15T06:00:00Z
2024-03-31,A00299,780.4,2024-04-15T06:00:00Z
2024-06-30,A00299,762.5,2024-07-15T06:00:00Z
2024-09-30,A00299,749.2,2024-10-15T06:00:00Z
2024-12-31,A00299,763.2,2025-01-15T06:00:00Z
2023-03-31,A00300,700.0,2023-04-15T06:00:00Z
2023-06-30,A00300,721.9,2023-07-15T06:00:00Z
2023-09-30,A00300,691.0,2023-10-15T06:00:00Z
2023-12-31,A00300,711.5,2024-01-15T06:00:00Z
2024-03-31,A00300,695.2,2024-04-15T06:00:00Z
2024-06-30,A00300,703.8,2024-07-15T06:00:00Z
2024-09-30,A00300,724.0,2024-10-15T06:00:00Z
2024-12-31,A00300,701.2,2025-01-15T06:00:00Z
2023-03-31,A00301,695.2,2023-04-15T06:00:00Z
2023-06-30,A00301,680.0,2023-07-15T06:00:00Z
2023-09-30,A00301,671.6,2023-10-15T06:00:00Z
2023-12-31,A00301,680.0,2024-01-15T06:00:00Z
2024-03-31,A00301,657.7,2024-04-15T06:00:00Z
2024-06-30,A00301,663.6,2024-07-15T06:00:00Z
2024-09-30,A00301,680.2,2024-10-15T06:00:00Z
2024-12-31,A00301,669.4,2025-01-15T06:00:00Z
2023-03-31,A00302,663.9,2023-04-15T06:00:00Z
2023-06-30,A00302,651.6,2023-07-15T06:00:00Z
2023-09-30,A00302,654.9,2023-10-15T06:00:00Z
2023-12-31,A00302,666.4,2024-01-15T06:00:00Z
2024-03-31,A00302,691.3,2024-04-15T06:00:00Z
2024-06-30,A00302,679.1,2024-07-15T06:00:00Z
2024-09-30,A00302,641.7,2024-10-15T06:00:00Z
2024-12-31,A00302,659.0,2025-01-15T06:00:00Z
2023-03-31,A00303,651.8,2023-04-15T06:00:00Z
2023-06-30,A00303,644.3,2023-07-15T06:00:00Z
2023-09-30,A00303,671.6,2023-10-15T06:00:00Z
2023-12-31,A00303,688.0,2024-01-15T06:00:00Z
2024-03-31,A00303,671.6,2024-04-15T06:00:00Z
2024-06-30,A00303,690.4,2024-07-15T06:00:00Z
2024-09-30,A00303,619.9,2024-10-15T06:00:00Z
2024-12-31,A00303,663.2,2025-01-15T06:00:00Z
2023-03-31,A00304,643.6,2023-04-15T06:00:00Z
2023-06-30,A00304,621.3,2023-07-15T06:00:00Z
2023-09-30,A00304,643.8,2023-10-15T06:00:00Z
2023-12-31,A00304,622.9,2024-01-15T06:00:00Z
2024-03-31,A00304,611.0,2024-04-15T06:00:00Z
2024-06-30,A00304,648.3,2024-07-15T06:00:00Z
2024-09-30,A00304,609.8,2024-10-15T06:00:00Z
2024-12-31,A00304,601.1,2025-01-15T06:00:00Z
2023-03-31,A00305,607.3,2023-04-15T06:00:00Z
2023-06-30,A00305,616.0,2023-07-15T06:00:00Z
2023-09-30,A00305,601.7,2023-10-15T06:00:00Z
2023-12-31,A00305,614.4,2024-01-15T06:00:00Z
2024-03-31,A00305,625.1,2024-04-15T06:00:00Z
2024-06-30,A00305,612.5,2024-07-15T06:00:00Z
2024-09-30,A00305,624.2,2024-10-15T06:00:00Z
2024-12-31,A00305,632.7,2025-01-15T06:00:00Z
2023-03-31,A00306,691.3,2023-04-15T06:00:00Z
2023-06-30,A00306,716.6,2023-07-15T06:00:00Z
2023-09-30,A00306,720.9,2023-10-15T06:00:00Z
2023-12-31,A00306,688.7,2024-01-15T06:00:00Z
2024-03-31,A00306,740.6,2024-04-15T06:00:00Z
2024-06-30,A00306,732.3,2024-07-15T06:00:00Z
2024-09-30,A00306,709.1,2024-10-15T06:00:00Z
2024-12-31,A00306,724.8,2025-01-15T06:00:00Z
2023-03-31,A00307,609.3,2023-04-15T06:00:00Z
2023-06-30,A00307,639.1,2023-07-15T06:00:00Z
2023-09-30,A00307,634.5,2023-10-15T06:00:00Z
2023-12-31,A00307,648.9,2024-01-15T06:00:00Z
2024-03-31,A00307,649.2,2024-04-15T06:00:00Z
2024-06-30,A00307,674.2,2024-07-15T06:00:00Z
2024-09-30,A00307,635.6,2024-10-15T06:00:00Z
2024-12-31,A00307,636.1,2025-01-15T06:00:00Z
2023-03-31,A00308,617.1,2023-04-15T06:00:00Z
2023-06-30,A00308,652.4,2023-07-15T06:00:00Z
2023-09-30,A00308,637.8,2023-10-15T06:00:00Z
2023-12-31,A00308,682.6,2024-01-15T06:00:00Z
2024-03-31,A00308,642.9,2024-04-15T06:00:00Z
2024-06-30,A00308,657.1,2024-07-15T06:00:00Z
2024-09-30,A00308,636.2,2024-10-15T06:00:00Z
2024-12-31,A00308,655.9,2025-01-15T06:00:00Z
2023-03-31,A00309,635.3,2023-04-15T06:00:00Z
2023-06-30,A00309,629.3,2023-07-15T06:00:00Z
2023-09-30,A00309,643.5,2023-10-15T06:00:00Z
2023-12-31,A00309,630.5,2024-01-15T06:00:00Z
2024-03-31,A00309,631.2,2024-04-15T06:00:00Z
2024-06-30,A00309,643.7,2024-07-15T06:00:00Z
2024-09-30,A00309,617.3,2024-10-15T06:00:00Z
2024-12-31,A00309,624.2,2025-01-15T06:00:00Z
2023-03-31,A00310,684.6,2023-04-15T06:00:00Z
2023-06-30,A00310,657.2,2023-07-15T06:00:00Z
2023-09-30,A00310,682.4,2023-10-15T06:00:00Z
2023-12-31,A00310,654.0,2024-01-15T06:00:00Z
2024-03-31,A00310,713.8,2024-04-15T06:00:00Z
2024-06-30,A00310,676.5,2024-07-15T06:00:00Z
2024-09-30,A00310,693.7,2024-10-15T06:00:00Z
2024-12-31,A00310,719.4,2025-01-15T06:00:00Z
2023-03-31,A00311,753.5,2023-04-15T06:00:00Z
2023-06-30,A00311,799.3,2023-07-15T06:00:00Z
2023-09-30,A00311,797.0,2023-10-15T06:00:00Z
2023-12-31,A00311,776.9,2024-01-15T06:00:00Z
2024-03-31,A00311,748.9,2024-04-15T06:00:00Z
2024-06-30,A00311,791.4,2024-07-15T06:00:00Z
2024-09-30,A00311,764.1,2024-10-15T06:00:00Z
2024-12-31,A00311,757.3,2025-01-15T06:00:00Z
2023-03-31,A00312,674.7,2023-04-15T06:00:00Z
2023-06-30,A00312,694.3,2023-07-15T06:00:00Z
2023-09-30,A00312,689.7,2023-10-15T06:00:00Z
2023-12-31,A00312,665.7,2024-01-15T06:00:00Z
2024-03-31,A00312,677.0,2024-04-15T06:00:00Z
2024-06-30,A00312,673.7,2024-07-15T06:00:00Z
2024-09-30,A00312,670.8,2024-10-15T06:00:00Z
2024-12-31,A00312,676.8,2025-01-15T06:00:00Z
2023-03-31,A00313,677.0,2023-04-15T06:00:00Z
2023-06-30,A00313,643.9,2023-07-15T06:00:00Z
2023-09-30,A00313,653.0,2023-10-15T06:00:00Z
2023-12-31,A00313,669.2,2024-01-15T06:00:00Z
2024-03-31,A00313,636.7,2024-04-15T06:00:00Z
2024-06-30,A00313,641.8,2024-07-15T06:00:00Z
2024-09-30,A00313,655.6,2024-10-15T06:00:00Z
2024-12-31,A00313,637.5,2025-01-15T06:00:00Z
2023-03-31,A00314,554.3,2023-04-15T06:00:00Z
2023-06-30,A00314,571.8,2023-07-15T06:00:00Z
2023-09-30,A00314,597.1,2023-10-15T06:00:00Z
2023-12-31,A00314,568.2,2024-01-15T06:00:00Z
2024-03-31,A00314,592.6,2024-04-15T06:00:00Z
2024-06-30,A00314,571.8,2024-07-15T06:00:00Z
2024-09-30,A00314,570.4,2024-10-15T06:00:00Z
2024-12-31,A00314,561.1,2025-01-15T06:00:00Z
2023-03-31,A00315,625.6,2023-04-15T06:00:00Z
2023-06-30,A00315,611.0,2023-07-15T06:00:00Z
2023-09-30,A00315,678.2,2023-10-15T06:00:00Z
2023-12-31,A00315,668.4,2024-01-15T06:00:00Z
2024-03-31,A00315,634.4,2024-04-15T06:00:00Z
2024-06-30,A00315,637.8,2024-07-15T06:00:00Z
2024-09-30,A00315,644.4,2024-10-15T06:00:00Z
2024-12-31,A00315,624.7,2025-01-15T06:00:00Z
2023-03-31,A00316,667.8,2023-04-15T06:00:00Z
2023-06-30,A00316,653.5,2023-07-15T06:00:00Z
2023-09-30,A00316,662.2,2023-10-15T06:00:00Z
2023-12-31,A00316,673.1,2024-01-15T06:00:00Z
2024-03-31,A00316,667.7,2024-04-15T06:00:00Z
2024-06-30,A00316,726.7,2024-07-15T06:00:00Z
2024-09-30,A00316,688.6,2024-10-15T06:00:00Z
2024-12-31,A00316,661.1,2025-01-15T06:00:00Z
2023-03-31,A00317,638.2,2023-04-15T06:00:00Z
2023-06-30,A00317,604.6,2023-07-15T06:00:00Z
2023-09-30,A00317,615.7,2023-10-15T06:00:00Z
2023-12-31,A00317,637.6,2024-01-15T06:00:00Z
2024-03-31,A00317,630.3,2024-04-15T06:00:00Z
2024-06-30,A00317,649.8,2024-07-15T06:00:00Z
2024-09-30,A00317,620.2,2024-10-15T06:00:00Z
2024-12-31,A00317,631.2,2025-01-15T06:00:00Z
2023-03-31,A00318,596.3,2023-04-15T06:00:00Z
2023-06-30,A00318,657.4,2023-07-15T06:00:00Z
2023-09-30,A00318,619.0,2023-10-15T06:00:00Z
2023-12-31,A00318,607.2,2024-01-15T06:00:00Z
2024-03-31,A00318,616.2,2024-04-15T06:00:00Z
2024-06-30,A00318,628.9,2024-07-15T06:00:00Z
2024-09-30,A00318,626.5,2024-10-15T06:00:00Z
2024-12-31,A00318,628.8,2025-01-15T06:00:00Z
2023-03-31,A00319,675.4,2023-04-15T06:00:00Z
2023-06-30,A00319,676.9,2023-07-15T06:00:00Z
2023-09-30,A00319,679.9,2023-10-15T06:00:00Z
2023-12-31,A00319,676.8,2024-01-15T06:00:00Z
2024-03-31,A00319,664.5,2024-04-15T06:00:00Z
2024-06-30,A00319,654.7,2024-07-15T06:00:00Z
2024-09-30,A00319,662.2,2024-10-15T06:00:00Z
2024-12-31,A00319,670.2,2025-01-15T06:00:00Z
2023-03-31,A00320,692.9,2023-04-15T06:00:00Z
2023-06-30,A00320,696.7,2023-07-15T06:00:00Z
2023-09-30,A00320,690.9,2023-10-15T06:00:00Z
2023-12-31,A00320,708.0,2024-01-15T06:00:00Z
2024-03-31,A00320,696.4,2024-04-15T06:00:00Z
2024-06-30,A00320,675.5,2024-07-15T06:00:00Z
2024-09-30,A00320,682.0,2024-10-15T06:00:00Z
2024-12-31,A00320,698.6,2025-01-15T06:00:00Z
2023-03-31,A00321,648.1,2023-04-15T06:00:00Z
2023-06-30,A00321,700.2,2023-07-15T06:00:00Z
2023-09-30,A00321,669.3,2023-10-15T06:00:00Z
2023-12-31,A00321,665.5,2024-01-15T06:00:00Z
2024-03-31,A00321,642.3,2024-04-15T06:00:00Z
2024-06-30,A00321,694.0,2024-07-15T06:00:00Z
2024-09-30,A00321,631.6,2024-10-15T06:00:00Z
2024-12-31,A00321,687.9,2025-01-15T06:00:00Z
2023-03-31,A00322,686.3,2023-04-15T06:00:00Z
2023-06-30,A00322,612.4,2023-07-15T06:00:00Z
2023-09-30,A00322,655.9,2023-10-15T06:00:00Z
2023-12-31,A00322,658.3,2024-01-15T06:00:00Z
2024-03-31,A00322,692.2,2024-04-15T06:00:00Z
2024-06-30,A00322,648.0,2024-07-15T06:00:00Z
2024-09-30,A00322,657.3,2024-10-15T06:00:00Z
2024-12-31,A00322,649.1,2025-01-15T06:00:00Z
2023-03-31,A00323,692.3,2023-04-15T06:00:00Z
2023-06-30,A00323,699.0,2023-07-15T06:00:00Z
2023-09-30,A00323,664.5,2023-10-15T06:00:00Z
2023-12-31,A00323,679.3,2024-01-15T06:00:00Z
2024-03-31,A00323,659.0,2024-04-15T06:00:00Z
2024-06-30,A00323,706.6,2024-07-15T06:00:00Z
2024-09-30,A00323,705.2,2024-10-15T06:00:00Z
2024-12-31,A00323,670.7,2025-01-15T06:00:00Z
2023-03-31,A00324,690.4,2023-04-15T06:00:00Z
2023-06-30,A00324,725.3,2023-07-15T06:00:00Z
2023-09-30,A00324,693.3,2023-10-15T06:00:00Z
2023-12-31,A00324,692.9,2024-01-15T06:00:00Z
2024-03-31,A00324,700.1,2024-04-15T06:00:00Z
2024-06-30,A00324,702.1,2024-07-15T06:00:00Z
2024-09-30,A00324,706.5,2024-10-15T06:00:00Z
2024-12-31,A00324,680.1,2025-01-15T06:00:00Z
2023-03-31,A00325,679.0,2023-04-15T06:00:00Z
2023-06-30,A00325,665.4,2023-07-15T06:00:00Z
2023-09-30,A00325,690.8,2023-10-15T06:00:00Z
2023-12-31,A00325,619.2,2024-01-15T06:00:00Z
2024-03-31,A00325,668.2,2024-04-15T06:00:00Z
2024-06-30,A00325,688.7,2024-07-15T06:00:00Z
2024-09-30,A00325,671.4,2024-10-15T06:00:00Z
2024-12-31,A00325,670.2,2025-01-15T06:00:00Z
2023-03-31,A00326,694.9,2023-04-15T06:00:00Z
2023-06-30,A00326,695.4,2023-07-15T06:00:00Z
2023-09-30,A00326,715.3,2023-10-15T06:00:00Z
2023-12-31,A00326,704.7,2024-01-15T06:00:00Z
2024-03-31,A00326,691.5,2024-04-15T06:00:00Z
2024-06-30,A00326,716.1,2024-07-15T06:00:00Z
2024-09-30,A00326,711.3,2024-10-15T06:00:00Z
2024-12-31,A00326,688.9,2025-01-15T06:00:00Z
2023-03-31,A00327,740.8,2023-04-15T06:00:00Z
2023-06-30,A00327,758.7,2023-07-15T06:00:00Z
2023-09-30,A00327,728.4,2023-10-15T06:00:00Z
2023-12-31,A00327,754.0,2024-01-15T06:00:00Z
2024-03-31,A00327,735.4,2024-04-15T06:00:00Z
2024-06-30,A00327,771.6,2024-07-15T06:00:00Z
2024-09-30,A00327,752.4,2024-10-15T06:00:00Z
2024-12-31,A00327,765.2,2025-01-15T06:00:00Z
2023-03-31,A00328,662.4,2023-04-15T06:00:00Z
2023-06-30,A00328,696.4,2023-07-15T06:00:00Z
2023-09-30,A00328,678.4,2023-10-15T06:00:00Z
2023-12-31,A00328,672.5,2024-01-15T06:00:00Z
2024-03-31,A00328,708.8,2024-04-15T06:00:00Z
2024-06-30,A00328,687.6,2024-07-15T06:00:00Z
2024-09-30,A00328,673.7,2024-10-15T06:00:00Z
2024-12-31,A00328,667.6,2025-01-15T06:00:00Z
2023-03-31,A00329,647.5,2023-04-15T06:00:00Z
2023-06-30,A00329,675.1,2023-07-15T06:00:00Z
2023-09-30,A00329,616.8,2023-10-15T06:00:00Z
2023-12-31,A00329,646.6,2024-01-15T06:00:00Z
2024-03-31,A00329,686.0,2024-04-15T06:00:00Z
2024-06-30,A00329,639.3,2024-07-15T06:00:00Z
2024-09-30,A00329,664.9,2024-10-15T06:00:00Z
2024-12-31,A00329,664.1,2025-01-15T06:00:00Z
2023-03-31,A00330,719.8,2023-04-15T06:00:00Z
2023-06-30,A00330,669.3,2023-07-15T06:00:00Z
2023-09-30,A00330,681.1,2023-10-15T06:00:00Z
2023-12-31,A00330,645.9,2024-01-15T06:00:00Z
2024-03-31,A00330,685.1,2024-04-15T06:00:00Z
2024-06-30,A00330,693.3,2024-07-15T06:00:00Z
2024-09-30,A00330,690.4,2024-10-15T06:00:00Z
2024-12-31,A00330,697.1,2025-01-15T06:00:00Z
2023-03-31,A00331,747.4,2023-04-15T06:00:00Z
2023-06-30,A00331,764.7,2023-07-15T06:00:00Z
2023-09-30,A00331,735.2,2023-10-15T06:00:00Z
2023-12-31,A00331,797.9,2024-01-15T06:00:00Z
2024-03-31,A00331,760.6,2024-04-15T06:00:00Z
2024-06-30,A00331,804.0,2024-07-15T06:00:00Z
2024-09-30,A00331,765.3,2024-10-15T06:00:00Z
2024-12-31,A00331,747.5,2025-01-15T06:00:00Z
2023-03-31,A00332,687.9,2023-04-15T06:00:00Z
2023-06-30,A00332,688.7,2023-07-15T06:00:00Z
2023-09-30,A00332,657.1,2023-10-15T06:00:00Z
2023-12-31,A00332,688.5,2024-01-15T06:00:00Z
2024-03-31,A00332,682.1,2024-04-15T06:00:00Z
2024-06-30,A00332,691.9,2024-07-15T06:00:00Z
2024-09-30,A00332,670.7,2024-10-15T06:00:00Z
2024-12-31,A00332,690.2,2025-01-15T06:00:00Z
2023-03-31,A00333,720.9,2023-04-15T06:00:00Z
2023-06-30,A00333,702.1,2023-07-15T06:00:00Z
2023-09-30,A00333,707.1,2023-10-15T06:00:00Z
2023-12-31,A00333,695.3,2024-01-15T06:00:00Z
2024-03-31,A00333,714.5,2024-04-15T06:00:00Z
2024-06-30,A00333,734.3,2024-07-15T06:00:00Z
2024-09-30,A00333,724.9,2024-10-15T06:00:00Z
2024-12-31,A00333,706.0,2025-01-15T06:00:00Z
2023-03-31,A00334,609.5,2023-04-15T06:00:00Z
2023-06-30,A00334,636.2,2023-07-15T06:00:00Z
2023-09-30,A00334,620.8,2023-10-15T06:00:00Z
2023-12-31,A00334,645.5,2024-01-15T06:00:00Z
2024-03-31,A00334,590.8,2024-04-15T06:00:00Z
2024-06-30,A00334,623.5,2024-07-15T06:00:00Z
2024-09-30,A00334,621.2,2024-10-15T06:00:00Z
2024-12-31,A00334,655.0,2025-01-15T06:00:00Z
2023-03-31,A00335,719.0,2023-04-15T06:00:00Z
2023-06-30,A00335,735.7,2023-07-15T06:00:00Z
2023-09-30,A00335,724.6,2023-10-15T06:00:00Z
2023-12-31,A00335,736.8,2024-01-15T06:00:00Z
2024-03-31,A00335,706.2,2024-04-15T06:00:00Z
2024-06-30,A00335,709.6,2024-07-15T06:00:00Z
2024-09-30,A00335,729.7,2024-10-15T06:00:00Z
2024-12-31,A00335,727.2,2025-01-15T06:00:00Z
2023-03-31,A00336,736.0,2023-04-15T06:00:00Z
2023-06-30,A00336,737.3,2023-07-15T06:00:00Z
2023-09-30,A00336,738.2,2023-10-15T06:00:00Z
2023-12-31,A00336,745.8,2024-01-15T06:00:00Z
2024-03-31,A00336,765.3,2024-04-15T06:00:00Z
2024-06-30,A00336,753.0,2024-07-15T06:00:00Z
2024-09-30,A00336,734.2,2024-10-15T06:00:00Z
2024-12-31,A00336,752.8,2025-01-15T06:00:00Z
2023-03-31,A00337,669.7,2023-04-15T06:00:00Z
2023-06-30,A00337,646.5,2023-07-15T06:00:00Z
2023-09-30,A00337,670.4,2023-10-15T06:00:00Z
2023-12-31,A00337,672.1,2024-01-15T06:00:00Z
2024-03-31,A00337,621.7,2024-04-15T06:00:00Z
2024-06-30,A00337,659.7,2024-07-15T06:00:00Z
2024-09-30,A00337,630.4,2024-10-15T06:00:00Z
2024-12-31,A00337,655.8,2025-01-15T06:00:00Z
2023-03-31,A00338,634.4,2023-04-15T06:00:00Z
2023-06-30,A00338,669.7,2023-07-15T06:00:00Z
2023-09-30,A00338,669.6,2023-10-15T06:00:00Z
2023-12-31,A00338,622.5,2024-01-15T06:00:00Z
2024-03-31,A00338,668.2,2024-04-15T06:00:00Z
2024-06-30,A00338,667.7,2024-07-15T06:00:00Z
2024-09-30,A00338,664.8,2024-10-15T06:00:00Z
2024-12-31,A00338,635.7,2025-01-15T06:00:00Z
2023-03-31,A00339,682.0,2023-04-15T06:00:00Z
2023-06-30,A00339,692.1,2023-07-15T06:00:00Z
2023-09-30,A00339,705.8,2023-10-15T06:00:00Z
2023-12-31,A00339,696.5,2024-01-15T06:00:00Z
2024-03-31,A00339,695.7,2024-04-15T06:00:00Z
2024-06-30,A00339,687.6,2024-07-15T06:00:00Z
2024-09-30,A00339,724.8,2024-10-15T06:00:00Z
2024-12-31,A00339,704.3,2025-01-15T06:00:00Z
2023-03-31,A00340,711.1,2023-04-15T06:00:00Z
2023-06-30,A00340,723.7,2023-07-15T06:00:00Z
2023-09-30,A00340,704.6,2023-10-15T06:00:00Z
2023-12-31,A00340,731.1,2024-01-15T06:00:00Z
2024-03-31,A00340,747.4,2024-04-15T06:00:00Z
2024-06-30,A00340,699.5,2024-07-15T06:00:00Z
2024-09-30,A00340,705.4,2024-10-15T06:00:00Z
2024-12-31,A00340,703.6,2025-01-15T06:00:00Z
2023-03-31,A00341,655.9,2023-04-15T06:00:00Z
2023-06-30,A00341,642.5,2023-07-15T06:00:00Z
2023-09-30,A00341,650.1,2023-10-15T06:00:00Z
2023-12-31,A00341,628.1,2024-01-15T06:00:00Z
2024-03-31,A00341,635.9,2024-04-15T06:00:00Z
2024-06-30,A00341,623.5,2024-07-15T06:00:00Z
2024-09-30,A00341,635.5,2024-10-15T06:00:00Z
2024-12-31,A00341,656.3,2025-01-15T06:00:00Z
2023-03-31,A00342,744.7,2023-04-15T06:00:00Z
2023-06-30,A00342,751.3,2023-07-15T06:00:00Z
2023-09-30,A00342,736.2,2023-10-15T06:00:00Z
2023-12-31,A00342,736.8,2024-01-15T06:00:00Z
2024-03-31,A00342,748.3,2024-04-15T06:00:00Z
2024-06-30,A00342,760.8,2024-07-15T06:00:00Z
2024-09-30,A00342,785.4,2024-10-15T06:00:00Z
2024-12-31,A00342,723.6,2025-01-15T06:00:00Z
2023-03-31,A00343,698.3,2023-04-15T06:00:00Z
2023-06-30,A00343,642.6,2023-07-15T06:00:00Z
2023-09-30,A00343,627.3,2023-10-15T06:00:00Z
2023-12-31,A00343,665.5,2024-01-15T06:00:00Z
2024-03-31,A00343,648.7,2024-04-15T06:00:00Z
2024-06-30,A00343,631.4,2024-07-15T06:00:00Z
2024-09-30,A00343,666.1,2024-10-15T06:00:00Z
2024-12-31,A00343,662.7,2025-01-15T06:00:00Z
2023-03-31,A00344,656.7,2023-04-15T06:00:00Z
2023-06-30,A00344,611.7,2023-07-15T06:00:00Z
2023-09-30,A00344,659.7,2023-10-15T06:00:00Z
2023-12-31,A00344,625.3,2024-01-15T06:00:00Z
2024-03-31,A00344,632.2,2024-04-15T06:00:00Z
2024-06-30,A00344,624.3,2024-07-15T06:00:00Z
2024-09-30,A00344,605.2,2024-10-15T06:00:00Z
2024-12-31,A00344,599.8,2025-01-15T06:00:00Z
2023-03-31,A00345,665.5,2023-04-15T06:00:00Z
2023-06-30,A00345,674.2,2023-07-15T06:00:00Z
2023-09-30,A00345,658.8,2023-10-15T06:00:00Z
2023-12-31,A00345,635.8,2024-01-15T06:00:00Z
2024-03-31,A00345,642.1,2024-04-15T06:00:00Z
2024-06-30,A00345,624.0,2024-07-15T06:00:00Z
2024-09-30,A00345,649.8,2024-10-15T06:00:00Z
2024-12-31,A00345,665.6,2025-01-15T06:00:00Z
2023-03-31,A00346,628.2,2023-04-15T06:00:00Z
2023-06-30,A00346,589.5,2023-07-15T06:00:00Z
2023-09-30,A00346,613.1,2023-10-15T06:00:00Z
2023-12-31,A00346,584.1,2024-01-15T06:00:00Z
2024-03-31,A00346,622.3,2024-04-15T06:00:00Z
2024-06-30,A00346,586.8,2024-07-15T06:00:00Z
2024-09-30,A00346,556.8,2024-10-15T06:00:00Z
2024-12-31,A00346,612.9,2025-01-15T06:00:00Z
2023-03-31,A00347,792.0,2023-04-15T06:00:00Z
2023-06-30,A00347,774.8,2023-07-15T06:00:00Z
2023-09-30,A00347,767.0,2023-10-15T06:00:00Z
2023-12-31,A00347,805.9,2024-01-15T06:00:00Z
2024-03-31,A00347,765.5,2024-04-15T06:00:00Z
2024-06-30,A00347,763.5,2024-07-15T06:00:00Z
2024-09-30,A00347,781.4,2024-10-15T06:00:00Z
2024-12-31,A00347,806.2,2025-01-15T06:00:00Z
2023-03-31,A00348,687.1,2023-04-15T06:00:00Z
2023-06-30,A00348,670.1,2023-07-15T06:00:00Z
2023-09-30,A00348,699.9,2023-10-15T06:00:00Z
2023-12-31,A00348,705.7,2024-01-15T06:00:00Z
2024-03-31,A00348,722.5,2024-04-15T06:00:00Z
2024-06-30,A00348,676.1,2024-07-15T06:00:00Z
2024-09-30,A00348,703.5,2024-10-15T06:00:00Z
2024-12-31,A00348,674.0,2025-01-15T06:00:00Z
2023-03-31,A00349,675.8,2023-04-15T06:00:00Z
2023-06-30,A00349,692.4,2023-07-15T06:00:00Z
2023-09-30,A00349,706.4,2023-10-15T06:00:00Z
2023-12-31,A00349,661.2,2024-01-15T06:00:00Z
2024-03-31,A00349,662.8,2024-04-15T06:00:00Z
2024-06-30,A00349,681.6,2024-07-15T06:00:00Z
2024-09-30,A00349,691.5,2024-10-15T06:00:00Z
2024-12-31,A00349,660.2,2025-01-15T06:00:00Z
2023-03-31,A00350,720.0,2023-04-15T06:00:00Z
2023-06-30,A00350,741.3,2023-07-15T06:00:00Z
2023-09-30,A00350,741.7,2023-10-15T06:00:00Z
2023-12-31,A00350,699.0,2024-01-15T06:00:00Z
2024-03-31,A00350,728.8,2024-04-15T06:00:00Z
2024-06-30,A00350,727.7,2024-07-15T06:00:00Z
2024-09-30,A00350,713.2,2024-10-15T06:00:00Z
2024-12-31,A00350,693.9,2025-01-15T06:00:00Z
2023-03-31,A00351,638.9,2023-04-15T06:00:00Z
2023-06-30,A00351,633.2,2023-07-15T06:00:00Z
2023-09-30,A00351,627.3,2023-10-15T06:00:00Z
2023-12-31,A00351,613.0,2024-01-15T06:00:00Z
2024-03-31,A00351,633.9,2024-04-15T06:00:00Z
2024-06-30,A00351,623.9,2024-07-15T06:00:00Z
2024-09-30,A00351,601.4,2024-10-15T06:00:00Z
2024-12-31,A00351,608.2,2025-01-15T06:00:00Z
2023-03-31,A00352,580.8,2023-04-15T06:00:00Z
2023-06-30,A00352,635.6,2023-07-15T06:00:00Z
2023-09-30,A00352,612.8,2023-10-15T06:00:00Z
2023-12-31,A00352,618.8,2024-01-15T06:00:00Z
2024-03-31,A00352,588.6,2024-04-15T06:00:00Z
2024-06-30,A00352,604.9,2024-07-15T06:00:00Z
2024-09-30,A00352,577.9,2024-10-15T06:00:00Z
2024-12-31,A00352,618.8,2025-01-15T06:00:00Z
2023-03-31,A00353,663.6,2023-04-15T06:00:00Z
2023-06-30,A00353,640.9,2023-07-15T06:00:00Z
2023-09-30,A00353,688.2,2023-10-15T06:00:00Z
2023-12-31,A00353,660.9,2024-01-15T06:00:00Z
2024-03-31,A00353,667.3,2024-04-15T06:00:00Z
2024-06-30,A00353,672.5,2024-07-15T06:00:00Z
2024-09-30,A00353,656.5,2024-10-15T06:00:00Z
2024-12-31,A00353,673.4,2025-01-15T06:00:00Z
2023-03-31,A00354,668.7,2023-04-15T06:00:00Z
2023-06-30,A00354,684.8,2023-07-15T06:00:00Z
2023-09-30,A00354,667.7,2023-10-15T06:00:00Z
2023-12-31,A00354,665.9,2024-01-15T06:00:00Z
2024-03-31,A00354,660.0,2024-04-15T06:00:00Z
2024-06-30,A00354,653.4,2024-07-15T06:00:00Z
2024-09-30,A00354,641.9,2024-10-15T06:00:00Z
2024-12-31,A00354,656.2,2025-01-15T06:00:00Z
2023-03-31,A00355,691.2,2023-04-15T06:00:00Z
2023-06-30,A00355,698.5,2023-07-15T06:00:00Z
2023-09-30,A00355,708.7,2023-10-15T06:00:00Z
2023-12-31,A00355,683.2,2024-01-15T06:00:00Z
2024-03-31,A00355,686.3,2024-04-15T06:00:00Z
2024-06-30,A00355,685.3,2024-07-15T06:00:00Z
2024-09-30,A00355,643.3,2024-10-15T06:00:00Z
2024-12-31,A00355,704.0,2025-01-15T06:00:00Z
2023-03-31,A00356,628.7,2023-04-15T06:00:00Z
2023-06-30,A00356,624.0,2023-07-15T06:00:00Z
2023-09-30,A00356,627.4,2023-10-15T06:00:00Z
2023-12-31,A00356,632.9,2024-01-15T06:00:00Z
2024-03-31,A00356,613.7,2024-04-15T06:00:00Z
2024-06-30,A00356,638.4,2024-07-15T06:00:00Z
2024-09-30,A00356,583.1,2024-10-15T06:00:00Z
2024-12-31,A00356,659.2,2025-01-15T06:00:00Z
2023-03-31,A00357,675.5,2023-04-15T06:00:00Z
2023-06-30,A00357,681.8,2023-07-15T06:00:00Z
2023-09-30,A00357,681.2,2023-10-15T06:00:00Z
2023-12-31,A00357,691.0,2024-01-15T06:00:00Z
2024-03-31,A00357,692.2,2024-04-15T06:00:00Z
2024-06-30,A00357,705.2,2024-07-15T06:00:00Z
2024-09-30,A00357,680.3,2024-10-15T06:00:00Z
2024-12-31,A00357,702.3,2025-01-15T06:00:00Z
2023-03-31,A00358,661.4,2023-04-15T06:00:00Z
2023-06-30,A00358,676.9,2023-07-15T06:00:00Z
2023-09-30,A00358,684.0,2023-10-15T06:00:00Z
2023-12-31,A00358,671.6,2024-01-15T06:00:00Z
2024-03-31,A00358,659.4,2024-04-15T06:00:00Z
2024-06-30,A00358,664.9,2024-07-15T06:00:00Z
2024-09-30,A00358,708.6,2024-10-15T06:00:00Z
2024-12-31,A00358,675.9,2025-01-15T06:00:00Z
2023-03-31,A00359,588.1,2023-04-15T06:00:00Z
2023-06-30,A00359,586.5,2023-07-15T06:00:00Z
2023-09-30,A00359,587.8,2023-10-15T06:00:00Z
2023-12-31,A00359,580.2,2024-01-15T06:00:00Z
2024-03-31,A00359,593.0,2024-04-15T06:00:00Z
2024-06-30,A00359,608.8,2024-07-15T06:00:00Z
2024-09-30,A00359,588.0,2024-10-15T06:00:00Z
2024-12-31,A00359,588.3,2025-01-15T06:00:00Z
2023-03-31,A00360,712.5,2023-04-15T06:00:00Z
2023-06-30,A00360,746.6,2023-07-15T06:00:00Z
2023-09-30,A00360,694.6,2023-10-15T06:00:00Z
2023-12-31,A00360,755.0,2024-01-15T06:00:00Z
2024-03-31,A00360,701.7,2024-04-15T06:00:00Z
2024-06-30,A00360,776.3,2024-07-15T06:00:00Z
2024-09-30,A00360,719.7,2024-10-15T06:00:00Z
2024-12-31,A00360,739.9,2025-01-15T06:00:00Z
2023-03-31,A00361,700.0,2023-04-15T06:00:00Z
2023-06-30,A00361,711.2,2023-07-15T06:00:00Z
2023-09-30,A00361,692.5,2023-10-15T06:00:00Z
2023-12-31,A00361,686.7,2024-01-15T06:00:00Z
2024-03-31,A00361,689.3,2024-04-15T06:00:00Z
2024-06-30,A00361,715.9,2024-07-15T06:00:00Z
2024-09-30,A00361,690.7,2024-10-15T06:00:00Z
2024-12-31,A00361,681.9,2025-01-15T06:00:00Z
2023-03-31,A00362,715.3,2023-04-15T06:00:00Z
2023-06-30,A00362,733.9,2023-07-15T06:00:00Z
2023-09-30,A00362,763.6,2023-10-15T06:00:00Z
2023-12-31,A00362,708.7,2024-01-15T06:00:00Z
2024-03-31,A00362,711.5,2024-04-15T06:00:00Z
2024-06-30,A00362,712.9,2024-07-15T06:00:00Z
2024-09-30,A00362,744.6,2024-10-15T06:00:00Z
2024-12-31,A00362,695.4,2025-01-15T06:00:00Z
2023-03-31,A00363,714.5,2023-04-15T06:00:00Z
2023-06-30,A00363,720.5,2023-07-15T06:00:00Z
2023-09-30,A00363,674.3,2023-10-15T06:00:00Z
2023-12-31,A00363,661.7,2024-01-15T06:00:00Z
2024-03-31,A00363,715.2,2024-04-15T06:00:00Z
2024-06-30,A00363,725.1,2024-07-15T06:00:00Z
2024-09-30,A00363,718.4,2024-10-15T06:00:00Z
2024-12-31,A00363,670.8,2025-01-15T06:00:00Z
2023-03-31,A00364,777.4,2023-04-15T06:00:00Z
2023-06-30,A00364,779.5,2023-07-15T06:00:00Z
2023-09-30,A00364,775.4,2023-10-15T06:00:00Z
2023-12-31,A00364,758.3,2024-01-15T06:00:00Z
2024-03-31,A00364,781.8,2024-04-15T06:00:00Z
2024-06-30,A00364,770.1,2024-07-15T06:00:00Z
2024-09-30,A00364,758.8,2024-10-15T06:00:00Z
2024-12-31,A00364,766.7,2025-01-15T06:00:00Z
2023-03-31,A00365,745.7,2023-04-15T06:00:00Z
2023-06-30,A00365,746.9,2023-07-15T06:00:00Z
2023-09-30,A00365,724.5,2023-10-15T06:00:00Z
2023-12-31,A00365,764.2,2024-01-15T06:00:00Z
2024-03-31,A00365,744.3,2024-04-15T06:00:00Z
2024-06-30,A00365,742.1,2024-07-15T06:00:00Z
2024-09-30,A00365,729.8,2024-10-15T06:00:00Z
2024-12-31,A00365,741.1,2025-01-15T06:00:00Z
2023-03-31,A00366,702.2,2023-04-15T06:00:00Z
2023-06-30,A00366,682.8,2023-07-15T06:00:00Z
2023-09-30,A00366,705.2,2023-10-15T06:00:00Z
2023-12-31,A00366,709.1,2024-01-15T06:00:00Z
2024-03-31,A00366,671.9,2024-04-15T06:00:00Z
2024-06-30,A00366,703.5,2024-07-15T06:00:00Z
2024-09-30,A00366,715.4,2024-10-15T06:00:00Z
2024-12-31,A00366,722.0,2025-01-15T06:00:00Z
2023-03-31,A00367,646.5,2023-04-15T06:00:00Z
2023-06-30,A00367,625.1,2023-07-15T06:00:00Z
2023-09-30,A00367,653.1,2023-10-15T06:00:00Z
2023-12-31,A00367,617.1,2024-01-15T06:00:00Z
2024-03-31,A00367,627.8,2024-04-15T06:00:00Z
2024-06-30,A00367,634.5,2024-07-15T06:00:00Z
2024-09-30,A00367,625.9,2024-10-15T06:00:00Z
2024-12-31,A00367,591.2,2025-01-15T06:00:00Z
2023-03-31,A00368,600.7,2023-04-15T06:00:00Z
2023-06-30,A00368,604.6,2023-07-15T06:00:00Z
2023-09-30,A00368,593.7,2023-10-15T06:00:00Z
2023-12-31,A00368,617.3,2024-01-15T06:00:00Z
2024-03-31,A00368,623.2,2024-04-15T06:00:00Z
2024-06-30,A00368,651.9,2024-07-15T06:00:00Z
2024-09-30,A00368,645.8,2024-10-15T06:00:00Z
2024-12-31,A00368,628.4,2025-01-15T06:00:00Z
2023-03-31,A00369,760.3,2023-04-15T06:00:00Z
2023-06-30,A00369,730.3,2023-07-15T06:00:00Z
2023-09-30,A00369,763.7,2023-10-15T06:00:00Z
2023-12-31,A00369,745.0,2024-01-15T06:00:00Z
2024-03-31,A00369,737.2,2024-04-15T06:00:00Z
2024-06-30,A00369,743.8,2024-07-15T06:00:00Z
2024-09-30,A00369,740.1,2024-10-15T06:00:00Z
2024-12-31,A00369,733.0,2025-01-15T06:00:00Z
2023-03-31,A00370,772.7,2023-04-15T06:00:00Z
2023-06-30,A00370,808.1,2023-07-15T06:00:00Z
2023-09-30,A00370,764.3,2023-10-15T06:00:00Z
2023-12-31,A00370,796.6,2024-01-15T06:00:00Z
2024-03-31,A00370,760.2,2024-04-15T06:00:00Z
2024-06-30,A00370,788.0,2024-07-15T06:00:00Z
2024-09-30,A00370,787.0,2024-10-15T06:00:00Z
2024-12-31,A00370,773.1,2025-01-15T06:00:00Z
2023-03-31,A00371,652.0,2023-04-15T06:00:00Z
2023-06-30,A00371,674.1,2023-07-15T06:00:00Z
2023-09-30,A00371,641.5,2023-10-15T06:00:00Z
2023-12-31,A00371,664.4,2024-01-15T06:00:00Z
2024-03-31,A00371,664.9,2024-04-15T06:00:00Z
2024-06-30,A00371,662.8,2024-07-15T06:00:00Z
2024-09-30,A00371,677.2,2024-10-15T06:00:00Z
2024-12-31,A00371,659.6,2025-01-15T06:00:00Z
2023-03-31,A00372,783.1,2023-04-15T06:00:00Z
2023-06-30,A00372,762.1,2023-07-15T06:00:00Z
2023-09-30,A00372,767.9,2023-10-15T06:00:00Z
2023-12-31,A00372,720.4,2024-01-15T06:00:00Z
2024-03-31,A00372,737.6,2024-04-15T06:00:00Z
2024-06-30,A00372,739.7,2024-07-15T06:00:00Z
2024-09-30,A00372,727.6,2024-10-15T06:00:00Z
2024-12-31,A00372,758.3,2025-01-15T06:00:00Z
2023-03-31,A00373,606.5,2023-04-15T06:00:00Z
2023-06-30,A00373,651.3,2023-07-15T06:00:00Z
2023-09-30,A00373,590.9,2023-10-15T06:00:00Z
2023-12-31,A00373,625.4,2024-01-15T06:00:00Z
2024-03-31,A00373,634.2,2024-04-15T06:00:00Z
2024-06-30,A00373,613.3,2024-07-15T06:00:00Z
2024-09-30,A00373,598.1,2024-10-15T06:00:00Z
2024-12-31,A00373,602.0,2025-01-15T06:00:00Z
2023-03-31,A00374,727.0,2023-04-15T06:00:00Z
2023-06-30,A00374,763.0,2023-07-15T06:00:00Z
2023-09-30,A00374,692.8,2023-10-15T06:00:00Z
2023-12-31,A00374,712.4,2024-01-15T06:00:00Z
2024-03-31,A00374,720.5,2024-04-15T06:00:00Z
2024-06-30,A00374,719.6,2024-07-15T06:00:00Z
2024-09-30,A00374,703.9,2024-10-15T06:00:00Z
2024-12-31,A00374,704.0,2025-01-15T06:00:00Z
2023-03-31,A00375,591.0,2023-04-15T06:00:00Z
2023-06-30,A00375,587.9,2023-07-15T06:00:00Z
2023-09-30,A00375,581.8,2023-10-15T06:00:00Z
2023-12-31,A00375,560.7,2024-01-15T06:00:00Z
2024-03-31,A00375,554.1,2024-04-15T06:00:00Z
2024-06-30,A00375,580.4,2024-07-15T06:00:00Z
2024-09-30,A00375,586.5,2024-10-15T06:00:00Z
2024-12-31,A00375,544.7,2025-01-15T06:00:00Z
2023-03-31,A00376,812.3,2023-04-15T06:00:00Z
2023-06-30,A00376,795.7,2023-07-15T06:00:00Z
2023-09-30,A00376,775.8,2023-10-15T06:00:00Z
2023-12-31,A00376,798.4,2024-01-15T06:00:00Z
2024-03-31,A00376,788.0,2024-04-15T06:00:00Z
2024-06-30,A00376,816.1,2024-07-15T06:00:00Z
2024-09-30,A00376,817.1,2024-10-15T06:00:00Z
2024-12-31,A00376,788.7,2025-01-15T06:00:00Z
2023-03-31,A00377,695.8,2023-04-15T06:00:00Z
2023-06-30,A00377,720.4,2023-07-15T06:00:00Z
2023-09-30,A00377,728.6,2023-10-15T06:00:00Z
2023-12-31,A00377,753.0,2024-01-15T06:00:00Z
2024-03-31,A00377,718.6,2024-04-15T06:00:00Z
2024-06-30,A00377,704.5,2024-07-15T06:00:00Z
2024-09-30,A00377,702.2,2024-10-15T06:00:00Z
2024-12-31,A00377,700.4,2025-01-15T06:00:00Z
2023-03-31,A00378,674.9,2023-04-15T06:00:00Z
2023-06-30,A00378,721.6,2023-07-15T06:00:00Z
2023-09-30,A00378,718.1,2023-10-15T06:00:00Z
2023-12-31,A00378,708.6,2024-01-15T06:00:00Z
2024-03-31,A00378,732.2,2024-04-15T06:00:00Z
2024-06-30,A00378,726.3,2024-07-15T06:00:00Z
2024-09-30,A00378,734.4,2024-10-15T06:00:00Z
2024-12-31,A00378,710.3,2025-01-15T06:00:00Z
2023-03-31,A00379,699.3,2023-04-15T06:00:00Z
2023-06-30,A00379,735.1,2023-07-15T06:00:00Z
2023-09-30,A00379,715.8,2023-10-15T06:00:00Z
2023-12-31,A00379,747.1,2024-01-15T06:00:00Z
2024-03-31,A00379,763.2,2024-04-15T06:00:00Z
2024-06-30,A00379,718.6,2024-07-15T06:00:00Z
2024-09-30,A00379,703.7,2024-10-15T06:00:00Z
2024-12-31,A00379,729.7,2025-01-15T06:00:00Z
2023-03-31,A00380,628.7,2023-04-15T06:00:00Z
2023-06-30,A00380,663.4,2023-07-15T06:00:00Z
2023-09-30,A00380,617.6,2023-10-15T06:00:00Z
2023-12-31,A00380,636.4,2024-01-15T06:00:00Z
2024-03-31,A00380,620.0,2024-04-15T06:00:00Z
2024-06-30,A00380,651.9,2024-07-15T06:00:00Z
2024-09-30,A00380,659.1,2024-10-15T06:00:00Z
2024-12-31,A00380,665.6,2025-01-15T06:00:00Z
2023-03-31,A00381,651.7,2023-04-15T06:00:00Z
2023-06-30,A00381,640.7,2023-07-15T06:00:00Z
2023-09-30,A00381,642.6,2023-10-15T06:00:00Z
2023-12-31,A00381,679.7,2024-01-15T06:00:00Z
2024-03-31,A00381,656.2,2024-04-15T06:00:00Z
2024-06-30,A00381,648.8,2024-07-15T06:00:00Z
2024-09-30,A00381,632.5,2024-10-15T06:00:00Z
2024-12-31,A00381,655.9,2025-01-15T06:00:00Z
2023-03-31,A00382,644.1,2023-04-15T06:00:00Z
2023-06-30,A00382,652.7,2023-07-15T06:00:00Z
2023-09-30,A00382,668.4,2023-10-15T06:00:00Z
2023-12-31,A00382,657.5,2024-01-15T06:00:00Z
2024-03-31,A00382,670.8,2024-04-15T06:00:00Z
2024-06-30,A00382,657.6,2024-07-15T06:00:00Z
2024-09-30,A00382,667.8,2024-10-15T06:00:00Z
2024-12-31,A00382,657.8,2025-01-15T06:00:00Z
2023-03-31,A00383,680.0,2023-04-15T06:00:00Z
2023-06-30,A00383,696.6,2023-07-15T06:00:00Z
2023-09-30,A00383,639.4,2023-10-15T06:00:00Z
2023-12-31,A00383,682.6,2024-01-15T06:00:00Z
2024-03-31,A00383,669.4,2024-04-15T06:00:00Z
2024-06-30,A00383,679.7,2024-07-15T06:00:00Z
2024-09-30,A00383,651.7,2024-10-15T06:00:00Z
2024-12-31,A00383,663.5,2025-01-15T06:00:00Z
2023-03-31,A00384,676.3,2023-04-15T06:00:00Z
2023-06-30,A00384,717.3,2023-07-15T06:00:00Z
2023-09-30,A00384,676.6,2023-10-15T06:00:00Z
2023-12-31,A00384,668.0,2024-01-15T06:00:00Z
2024-03-31,A00384,728.7,2024-04-15T06:00:00Z
2024-06-30,A00384,718.9,2024-07-15T06:00:00Z
2024-09-30,A00384,692.6,2024-10-15T06:00:00Z
2024-12-31,A00384,690.5,2025-01-15T06:00:00Z
2023-03-31,A00385,710.3,2023-04-15T06:00:00Z
2023-06-30,A00385,684.6,2023-07-15T06:00:00Z
2023-09-30,A00385,675.6,2023-10-15T06:00:00Z
2023-12-31,A00385,717.3,2024-01-15T06:00:00Z
2024-03-31,A00385,693.7,2024-04-15T06:00:00Z
2024-06-30,A00385,694.1,2024-07-15T06:00:00Z
2024-09-30,A00385,722.7,2024-10-15T06:00:00Z
2024-12-31,A00385,717.9,2025-01-15T06:00:00Z
2023-03-31,A00386,682.7,2023-04-15T06:00:00Z
2023-06-30,A00386,694.9,2023-07-15T06:00:00Z
2023-09-30,A00386,724.4,2023-10-15T06:00:00Z
2023-12-31,A00386,700.4,2024-01-15T06:00:00Z
2024-03-31,A00386,715.8,2024-04-15T06:00:00Z
2024-06-30,A00386,676.7,2024-07-15T06:00:00Z
2024-09-30,A00386,666.0,2024-10-15T06:00:00Z
2024-12-31,A00386,677.1,2025-01-15T06:00:00Z
2023-03-31,A00387,708.7,2023-04-15T06:00:00Z
2023-06-30,A00387,683.7,2023-07-15T06:00:00Z
2023-09-30,A00387,686.9,2023-10-15T06:00:00Z
2023-12-31,A00387,699.6,2024-01-15T06:00:00Z
2024-03-31,A00387,714.4,2024-04-15T06:00:00Z
2024-06-30,A00387,709.9,2024-07-15T06:00:00Z
2024-09-30,A00387,694.5,2024-10-15T06:00:00Z
2024-12-31,A00387,699.6,2025-01-15T06:00:00Z
2023-03-31,A00388,688.0,2023-04-15T06:00:00Z
2023-06-30,A00388,724.9,2023-07-15T06:00:00Z
2023-09-30,A00388,708.4,2023-10-15T06:00:00Z
2023-12-31,A00388,675.2,2024-01-15T06:00:00Z
2024-03-31,A00388,665.4,2024-04-15T06:00:00Z
2024-06-30,A00388,692.9,2024-07-15T06:00:00Z
2024-09-30,A00388,675.8,2024-10-15T06:00:00Z
2024-12-31,A00388,689.8,2025-01-15T06:00:00Z
2023-03-31,A00389,694.3,2023-04-15T06:00:00Z
2023-06-30,A00389,700.8,2023-07-15T06:00:00Z
2023-09-30,A00389,706.0,2023-10-15T06:00:00Z
2023-12-31,A00389,684.4,2024-01-15T06:00:00Z
2024-03-31,A00389,729.5,2024-04-15T06:00:00Z
2024-06-30,A00389,705.6,2024-07-15T06:00:00Z
2024-09-30,A00389,696.0,2024-10-15T06:00:00Z
2024-12-31,A00389,701.1,2025-01-15T06:00:00Z
2023-03-31,A00390,668.5,2023-04-15T06:00:00Z
2023-06-30,A00390,654.6,2023-07-15T06:00:00Z
2023-09-30,A00390,667.8,2023-10-15T06:00:00Z
2023-12-31,A00390,659.7,2024-01-15T06:00:00Z
2024-03-31,A00390,669.3,2024-04-15T06:00:00Z
2024-06-30,A00390,689.1,2024-07-15T06:00:00Z
2024-09-30,A00390,635.8,2024-10-15T06:00:00Z
2024-12-31,A00390,647.4,2025-01-15T06:00:00Z
2023-03-31,A00391,721.1,2023-04-15T06:00:00Z
2023-06-30,A00391,741.7,2023-07-15T06:00:00Z
2023-09-30,A00391,702.5,2023-10-15T06:00:00Z
2023-12-31,A00391,732.9,2024-01-15T06:00:00Z
2024-03-31,A00391,716.4,2024-04-15T06:00:00Z
2024-06-30,A00391,731.1,2024-07-15T06:00:00Z
2024-09-30,A00391,718.7,2024-10-15T06:00:00Z
2024-12-31,A00391,716.9,2025-01-15T06:00:00Z
2023-03-31,A00392,636.3,2023-04-15T06:00:00Z
2023-06-30,A00392,658.7,2023-07-15T06:00:00Z
2023-09-30,A00392,629.5,2023-10-15T06:00:00Z
2023-12-31,A00392,634.1,2024-01-15T06:00:00Z
2024-03-31,A00392,670.3,2024-04-15T06:00:00Z
2024-06-30,A00392,663.9,2024-07-15T06:00:00Z
2024-09-30,A00392,661.3,2024-10-15T06:00:00Z
2024-12-31,A00392,668.6,2025-01-15T06:00:00Z
2023-03-31,A00393,545.6,2023-04-15T06:00:00Z
2023-06-30,A00393,577.9,2023-07-15T06:00:00Z
2023-09-30,A00393,577.0,2023-10-15T06:00:00Z
2023-12-31,A00393,557.3,2024-01-15T06:00:00Z
2024-03-31,A00393,548.2,2024-04-15T06:00:00Z
2024-06-30,A00393,551.9,2024-07-15T06:00:00Z
2024-09-30,A00393,578.5,2024-10-15T06:00:00Z
2024-12-31,A00393,580.5,2025-01-15T06:00:00Z
2023-03-31,A00394,739.5,2023-04-15T06:00:00Z
2023-06-30,A00394,744.5,2023-07-15T06:00:00Z
2023-09-30,A00394,733.4,2023-10-15T06:00:00Z
2023-12-31,A00394,730.1,2024-01-15T06:00:00Z
2024-03-31,A00394,770.9,2024-04-15T06:00:00Z
2024-06-30,A00394,751.8,2024-07-15T06:00:00Z
2024-09-30,A00394,759.3,2024-10-15T06:00:00Z
2024-12-31,A00394,770.3,2025-01-15T06:00:00Z
2023-03-31,A00395,691.1,2023-04-15T06:00:00Z
2023-06-30,A00395,695.6,2023-07-15T06:00:00Z
2023-09-30,A00395,670.9,2023-10-15T06:00:00Z
2023-12-31,A00395,646.6,2024-01-15T06:00:00Z
2024-03-31,A00395,660.1,2024-04-15T06:00:00Z
2024-06-30,A00395,688.8,2024-07-15T06:00:00Z
2024-09-30,A00395,656.5,2024-10-15T06:00:00Z
2024-12-31,A00395,638.7,2025-01-15T06:00:00Z
2023-03-31,A00396,674.4,2023-04-15T06:00:00Z
2023-06-30,A00396,669.4,2023-07-15T06:00:00Z
2023-09-30,A00396,670.7,2023-10-15T06:00:00Z
2023-12-31,A00396,661.3,2024-01-15T06:00:00Z
2024-03-31,A00396,662.6,2024-04-15T06:00:00Z
2024-06-30,A00396,642.4,2024-07-15T06:00:00Z
2024-09-30,A00396,680.5,2024-10-15T06:00:00Z
2024-12-31,A00396,642.4,2025-01-15T06:00:00Z
2023-03-31,A00397,625.9,2023-04-15T06:00:00Z
2023-06-30,A00397,601.8,2023-07-15T06:00:00Z
2023-09-30,A00397,609.2,2023-10-15T06:00:00Z
2023-12-31,A00397,578.8,2024-01-15T06:00:00Z
2024-03-31,A00397,614.5,2024-04-15T06:00:00Z
2024-06-30,A00397,613.4,2024-07-15T06:00:00Z
2024-09-30,A00397,620.7,2024-10-15T06:00:00Z
2024-12-31,A00397,597.4,2025-01-15T06:00:00Z
2023-03-31,A00398,696.0,2023-04-15T06:00:00Z
2023-06-30,A00398,684.0,2023-07-15T06:00:00Z
2023-09-30,A00398,703.8,2023-10-15T06:00:00Z
2023-12-31,A00398,699.3,2024-01-15T06:00:00Z
2024-03-31,A00398,667.1,2024-04-15T06:00:00Z
2024-06-30,A00398,661.0,2024-07-15T06:00:00Z
2024-09-30,A00398,663.9,2024-10-15T06:00:00Z
2024-12-31,A00398,675.3,2025-01-15T06:00:00Z
2023-03-31,A00399,722.9,2023-04-15T06:00:00Z
2023-06-30,A00399,704.6,2023-07-15T06:00:00Z
2023-09-30,A00399,685.5,2023-10-15T06:00:00Z
2023-12-31,A00399,733.2,2024-01-15T06:00:00Z
2024-03-31,A00399,720.9,2024-04-15T06:00:00Z
2024-06-30,A00399,711.3,2024-07-15T06:00:00Z
2024-09-30,A00399,689.2,2024-10-15T06:00:00Z
2024-12-31,A00399,704.3,2025-01-15T06:00:00Z
