date,loan,wac,age,ltv,balance,kt
2023-07-31,P00000,0.05984,38,0.97,554659.91,2023-08-02T07:00:00Z
2023-08-31,P00000,0.05984,39,0.9636,552718.6,2023-09-02T07:00:00Z
2023-09-30,P00000,0.05984,40,0.9572,550784.09,2023-10-02T07:00:00Z
2023-10-31,P00000,0.05984,41,0.9509,548856.34,2023-11-02T07:00:00Z
2023-11-30,P00000,0.05984,42,0.9445,546935.34,2023-12-02T07:00:00Z
2023-12-31,P00000,0.05984,43,0.9381,545021.07,2024-01-02T07:00:00Z
2024-01-31,P00000,0.05984,44,0.9317,543113.5,2024-02-02T07:00:00Z
2024-02-29,P00000,0.05984,45,0.9253,541212.6,2024-03-02T07:00:00Z
2024-03-31,P00000,0.05984,46,0.919,539318.35,2024-04-02T07:00:00Z
2024-04-30,P00000,0.05984,47,0.9126,537430.74,2024-05-02T07:00:00Z
2024-05-31,P00000,0.05984,48,0.9062,535549.73,2024-06-02T07:00:00Z
2024-06-30,P00000,0.05984,49,0.8998,533675.31,2024-07-02T07:00:00Z
2024-07-31,P00000,0.05984,50,0.8934,531807.45,2024-08-02T07:00:00Z
2024-08-31,P00000,0.05984,51,0.8871,529946.12,2024-09-02T07:00:00Z
2024-09-30,P00000,0.05984,52,0.8807,528091.31,2024-10-02T07:00:00Z
2024-10-31,P00000,0.05984,53,0.8743,526242.99,2024-11-02T07:00:00Z
2024-11-30,P00000,0.05984,54,0.8679,524401.14,2024-12-02T07:00:00Z
2024-12-31,P00000,0.05984,55,0.8615,522565.73,2025-01-02T07:00:00Z
2025-01-31,P00000,0.05984,56,0.8552,520736.75,2025-02-02T07:00:00Z
2025-02-28,P00000,0.05984,57,0.8488,518914.18,2025-03-02T07:00:00Z
2025-03-31,P00000,0.05984,58,0.8424,517097.98,2025-04-02T07:00:00Z
2023-07-31,P00001,0.06134,123,0.7392,467294.9,2023-08-02T07:00:00Z
2023-08-31,P00001,0.06134,124,0.7337,465659.37,2023-09-02T07:00:00Z
2023-09-30,P00001,0.06134,125,0.7283,464029.56,2023-10-02T07:00:00Z
2023-10-31,P00001,0.06134,126,0.7228,462405.46,2023-11-02T07:00:00Z
2023-11-30,P00001,0.06134,127,0.7174,460787.04,2023-12-02T07:00:00Z
2023-12-31,P00001,0.06134,128,0.7119,459174.28,2024-01-02T07:00:00Z
2024-01-31,P00001,0.06134,129,0.7064,457567.17,2024-02-02T07:00:00Z
2024-02-29,P00001,0.06134,130,0.701,455965.69,2024-03-02T07:00:00Z
2024-03-31,P00001,0.06134,131,0.6955,454369.81,2024-04-02T07:00:00Z
2024-04-30,P00001,0.06134,132,0.6901,452779.51,2024-05-02T07:00:00Z
2024-05-31,P00001,0.06134,133,0.6846,451194.79,2024-06-02T07:00:00Z
2024-06-30,P00001,0.06134,134,0.6792,449615.6,2024-07-02T07:00:00Z
2024-07-31,P00001,0.06134,135,0.6737,448041.95,2024-08-02T07:00:00Z
2024-08-31,P00001,0.06134,136,0.6682,446473.8,2024-09-02T07:00:00Z
2024-09-30,P00001,0.06134,137,0.6628,444911.14,2024-10-02T07:00:00Z
2024-10-31,P00001,0.06134,138,0.6573,443353.95,2024-11-02T07:00:00Z
2024-11-30,P00001,0.06134,139,0.6519,441802.22,2024-12-02T07:00:00Z
2024-12-31,P00001,0.06134,140,0.6464,440255.91,2025-01-02T07:00:00Z
2025-01-31,P00001,0.06134,141,0.641,438715.01,2025-02-02T07:00:00Z
2025-02-28,P00001,0.06134,142,0.6355,437179.51,2025-03-02T07:00:00Z
2025-03-31,P00001,0.06134,143,0.63,435649.38,2025-04-02T07:00:00Z
2025-04-30,P00001,0.06134,144,0.6246,434124.61,2025-05-02T07:00:00Z
2025-05-31,P00001,0.06134,145,0.6191,432605.17,2025-06-02T07:00:00Z
2025-06-30,P00001,0.06134,146,0.6137,431091.05,2025-07-02T07:00:00Z
2025-07-31,P00001,0.06134,147,0.6082,429582.24,2025-08-02T07:00:00Z
2025-08-31,P00001,0.06134,148,0.6028,428078.7,2025-09-02T07:00:00Z
2025-09-30,P00001,0.06134,149,0.5973,426580.42,2025-10-02T07:00:00Z
2025-10-31,P00001,0.06134,150,0.5918,425087.39,2025-11-02T07:00:00Z
2025-11-30,P00001,0.06134,151,0.5864,423599.59,2025-12-02T07:00:00Z
2025-12-31,P00001,0.06134,152,0.5809,422116.99,2026-01-02T07:00:00Z
2023-07-31,P00002,0.05963,61,0.6537,418423.34,2023-08-02T07:00:00Z
2023-08-31,P00002,0.05963,62,0.6486,416958.86,2023-09-02T07:00:00Z
2023-09-30,P00002,0.05963,63,0.6435,415499.5,2023-10-02T07:00:00Z
2023-10-31,P00002,0.05963,64,0.6384,414045.25,2023-11-02T07:00:00Z
2023-11-30,P00002,0.05963,65,0.6332,412596.1,2023-12-02T07:00:00Z
2023-12-31,P00002,0.05963,66,0.6281,411152.01,2024-01-02T07:00:00Z
2024-01-31,P00002,0.05963,67,0.623,409712.98,2024-02-02T07:00:00Z
2024-02-29,P00002,0.05963,68,0.6179,408278.98,2024-03-02T07:00:00Z
2024-03-31,P00002,0.05963,69,0.6128,406850.01,2024-04-02T07:00:00Z
2024-04-30,P00002,0.05963,70,0.6077,405426.03,2024-05-02T07:00:00Z
2024-05-31,P00002,0.05963,71,0.6026,404007.04,2024-06-02T07:00:00Z
2024-06-30,P00002,0.05963,72,0.5974,402593.01,2024-07-02T07:00:00Z
2024-07-31,P00002,0.05963,73,0.5923,401183.94,2024-08-02T07:00:00Z
2024-08-31,P00002,0.05963,74,0.5872,399779.8,2024-09-02T07:00:00Z
2024-09-30,P00002,0.05963,75,0.5821,398380.57,2024-10-02T07:00:00Z
2024-10-31,P00002,0.05963,76,0.577,396986.23,2024-11-02T07:00:00Z
2024-11-30,P00002,0.05963,77,0.5719,395596.78,2024-12-02T07:00:00Z
2024-12-31,P00002,0.05963,78,0.5667,394212.19,2025-01-02T07:00:00Z
2025-01-31,P00002,0.05963,79,0.5616,392832.45,2025-02-02T07:00:00Z
2025-02-28,P00002,0.05963,80,0.5565,391457.54,2025-03-02T07:00:00Z
2025-03-31,P00002,0.05963,81,0.5514,390087.44,2025-04-02T07:00:00Z
2025-04-30,P00002,0.05963,82,0.5463,388722.13,2025-05-02T07:00:00Z
2025-05-31,P00002,0.05963,83,0.5412,387361.6,2025-06-02T07:00:00Z
2025-06-30,P00002,0.05963,84,0.5361,386005.84,2025-07-02T07:00:00Z
2025-07-31,P00002,0.05963,85,0.5309,384654.82,2025-08-02T07:00:00Z
2025-08-31,P00002,0.05963,86,0.5258,383308.52,2025-09-02T07:00:00Z
2025-09-30,P00002,0.05963,87,0.5207,381966.94,2025-10-02T07:00:00Z
2025-10-31,P00002,0.05963,88,0.5156,380630.06,2025-11-02T07:00:00Z
2025-11-30,P00002,0.05963,89,0.5105,379297.86,2025-12-02T07:00:00Z
2025-12-31,P00002,0.05963,90,0.5054,377970.31,2026-01-02T07:00:00Z
2023-07-31,P00003,0.05213,50,0.5881,653025.22,2023-08-02T07:00:00Z
2023-08-31,P00003,0.05213,51,0.5833,650739.63,2023-09-02T07:00:00Z
2023-09-30,P00003,0.05213,52,0.5784,648462.04,2023-10-02T07:00:00Z
2023-10-31,P00003,0.05213,53,0.5736,646192.43,2023-11-02T07:00:00Z
2023-11-30,P00003,0.05213,54,0.5687,643930.75,2023-12-02T07:00:00Z
2023-12-31,P00003,0.05213,55,0.5638,641676.99,2024-01-02T07:00:00Z
2024-01-31,P00003,0.05213,56,0.559,639431.13,2024-02-02T07:00:00Z
2023-07-31,P00004,0.05354,79,0.6013,374323.55,2023-08-02T07:00:00Z
2023-08-31,P00004,0.05354,80,0.5963,373013.42,2023-09-02T07:00:00Z
2023-09-30,P00004,0.05354,81,0.5914,371707.87,2023-10-02T07:00:00Z
2023-10-31,P00004,0.05354,82,0.5865,370406.89,2023-11-02T07:00:00Z
2023-11-30,P00004,0.05354,83,0.5816,369110.47,2023-12-02T07:00:00Z
2023-12-31,P00004,0.05354,84,0.5767,367818.58,2024-01-02T07:00:00Z
2024-01-31,P00004,0.05354,85,0.5718,366531.22,2024-02-02T07:00:00Z
2024-02-29,P00004,0.05354,86,0.5669,365248.36,2024-03-02T07:00:00Z
2024-03-31,P00004,0.05354,87,0.562,363969.99,2024-04-02T07:00:00Z
2024-04-30,P00004,0.05354,88,0.5571,362696.09,2024-05-02T07:00:00Z
2024-05-31,P00004,0.05354,89,0.5522,361426.66,2024-06-02T07:00:00Z
2024-06-30,P00004,0.05354,90,0.5473,360161.66,2024-07-02T07:00:00Z
2024-07-31,P00004,0.05354,91,0.5424,358901.1,2024-08-02T07:00:00Z
2024-08-31,P00004,0.05354,92,0.5375,357644.94,2024-09-02T07:00:00Z
2024-09-30,P00004,0.05354,93,0.5326,356393.19,2024-10-02T07:00:00Z
2024-10-31,P00004,0.05354,94,0.5277,355145.81,2024-11-02T07:00:00Z
2024-11-30,P00004,0.05354,95,0.5228,353902.8,2024-12-02T07:00:00Z
2024-12-31,P00004,0.05354,96,0.5179,352664.14,2025-01-02T07:00:00Z
2025-01-31,P00004,0.05354,97,0.513,351429.82,2025-02-02T07:00:00Z
2025-02-28,P00004,0.05354,98,0.5081,350199.81,2025-03-02T07:00:00Z
2025-03-31,P00004,0.05354,99,0.5032,348974.11,2025-04-02T07:00:00Z
2025-04-30,P00004,0.05354,100,0.4982,347752.7,2025-05-02T07:00:00Z
2025-05-31,P00004,0.05354,101,0.4933,346535.57,2025-06-02T07:00:00Z
2025-06-30,P00004,0.05354,102,0.4884,345322.69,2025-07-02T07:00:00Z
2025-07-31,P00004,0.05354,103,0.4835,344114.06,2025-08-02T07:00:00Z
2025-08-31,P00004,0.05354,104,0.4786,342909.67,2025-09-02T07:00:00Z
2025-09-30,P00004,0.05354,105,0.4737,341709.48,2025-10-02T07:00:00Z
2025-10-31,P00004,0.05354,106,0.4688,340513.5,2025-11-02T07:00:00Z
2025-11-30,P00004,0.05354,107,0.4639,339321.7,2025-12-02T07:00:00Z
2025-12-31,P00004,0.05354,108,0.459,338134.08,2026-01-02T07:00:00Z
2023-07-31,P00005,0.07532,22,0.661,392795.89,2023-08-02T07:00:00Z
2023-08-31,P00005,0.07532,23,0.6558,391421.1,2023-09-02T07:00:00Z
2023-09-30,P00005,0.07532,24,0.6507,390051.13,2023-10-02T07:00:00Z
2023-10-31,P00005,0.07532,25,0.6455,388685.95,2023-11-02T07:00:00Z
2023-11-30,P00005,0.07532,26,0.6404,387325.55,2023-12-02T07:00:00Z
2023-12-31,P00005,0.07532,27,0.6352,385969.91,2024-01-02T07:00:00Z
2024-01-31,P00005,0.07532,28,0.6301,384619.02,2024-02-02T07:00:00Z
2024-02-29,P00005,0.07532,29,0.625,383272.85,2024-03-02T07:00:00Z
2024-03-31,P00005,0.07532,30,0.6198,381931.4,2024-04-02T07:00:00Z
2024-04-30,P00005,0.07532,31,0.6147,380594.64,2024-05-02T07:00:00Z
2024-05-31,P00005,0.07532,32,0.6095,379262.55,2024-06-02T07:00:00Z
2024-06-30,P00005,0.07532,33,0.6044,377935.14,2024-07-02T07:00:00Z
2024-07-31,P00005,0.07532,34,0.5992,376612.36,2024-08-02T07:00:00Z
2024-08-31,P00005,0.07532,35,0.5941,375294.22,2024-09-02T07:00:00Z
2024-09-30,P00005,0.07532,36,0.589,373980.69,2024-10-02T07:00:00Z
2024-10-31,P00005,0.07532,37,0.5838,372671.76,2024-11-02T07:00:00Z
2024-11-30,P00005,0.07532,38,0.5787,371367.41,2024-12-02T07:00:00Z
2024-12-31,P00005,0.07532,39,0.5735,370067.62,2025-01-02T07:00:00Z
2025-01-31,P00005,0.07532,40,0.5684,368772.38,2025-02-02T07:00:00Z
2023-07-31,P00006,0.04774,63,0.4362,216197.78,2023-08-02T07:00:00Z
2023-08-31,P00006,0.04774,64,0.432,215441.09,2023-09-02T07:00:00Z
2023-09-30,P00006,0.04774,65,0.4277,214687.04,2023-10-02T07:00:00Z
2023-10-31,P00006,0.04774,66,0.4235,213935.64,2023-11-02T07:00:00Z
2023-11-30,P00006,0.04774,67,0.4192,213186.86,2023-12-02T07:00:00Z
2023-12-31,P00006,0.04774,68,0.415,212440.71,2024-01-02T07:00:00Z
2024-01-31,P00006,0.04774,69,0.4108,211697.17,2024-02-02T07:00:00Z
2024-02-29,P00006,0.04774,70,0.4065,210956.23,2024-03-02T07:00:00Z
2024-03-31,P00006,0.04774,71,0.4023,210217.88,2024-04-02T07:00:00Z
2024-04-30,P00006,0.04774,72,0.398,209482.12,2024-05-02T07:00:00Z
2024-05-31,P00006,0.04774,73,0.3938,208748.93,2024-06-02T07:00:00Z
2024-06-30,P00006,0.04774,74,0.3895,208018.31,2024-07-02T07:00:00Z
2024-07-31,P00006,0.04774,75,0.3853,207290.25,2024-08-02T07:00:00Z
2024-08-31,P00006,0.04774,76,0.381,206564.73,2024-09-02T07:00:00Z
2024-09-30,P00006,0.04774,77,0.3768,205841.75,2024-10-02T07:00:00Z
2024-10-31,P00006,0.04774,78,0.3725,205121.31,2024-11-02T07:00:00Z
2024-11-30,P00006,0.04774,79,0.3683,204403.38,2024-12-02T07:00:00Z
2024-12-31,P00006,0.04774,80,0.3641,203687.97,2025-01-02T07:00:00Z
2025-01-31,P00006,0.04774,81,0.3598,202975.06,2025-02-02T07:00:00Z
2025-02-28,P00006,0.04774,82,0.3556,202264.65,2025-03-02T07:00:00Z
2025-03-31,P00006,0.04774,83,0.3513,201556.72,2025-04-02T07:00:00Z
2025-04-30,P00006,0.04774,84,0.3471,200851.28,2025-05-02T07:00:00Z
2025-05-31,P00006,0.04774,85,0.3428,200148.3,2025-06-02T07:00:00Z
2025-06-30,P00006,0.04774,86,0.3386,199447.78,2025-07-02T07:00:00Z
2025-07-31,P00006,0.04774,87,0.3343,198749.71,2025-08-02T07:00:00Z
2025-08-31,P00006,0.04774,88,0.3301,198054.09,2025-09-02T07:00:00Z
2025-09-30,P00006,0.04774,89,0.3259,197360.9,2025-10-02T07:00:00Z
2025-10-31,P00006,0.04774,90,0.3216,196670.13,2025-11-02T07:00:00Z
2025-11-30,P00006,0.04774,91,0.3174,195981.79,2025-12-02T07:00:00Z
2025-12-31,P00006,0.04774,92,0.3131,195295.85,2026-01-02T07:00:00Z
2023-07-31,P00007,0.06483,31,0.6103,626242.89,2023-08-02T07:00:00Z
2023-08-31,P00007,0.06483,32,0.6053,624051.04,2023-09-02T07:00:00Z
2023-07-31,P00008,0.06857,28,0.6174,386417.94,2023-08-02T07:00:00Z
2023-08-31,P00008,0.06857,29,0.6125,385065.48,2023-09-02T07:00:00Z
2023-09-30,P00008,0.06857,30,0.6075,383717.75,2023-10-02T07:00:00Z
2023-10-31,P00008,0.06857,31,0.6025,382374.74,2023-11-02T07:00:00Z
2023-11-30,P00008,0.06857,32,0.5976,381036.42,2023-12-02T07:00:00Z
2023-12-31,P00008,0.06857,33,0.5926,379702.8,2024-01-02T07:00:00Z
2024-01-31,P00008,0.06857,34,0.5876,378373.84,2024-02-02T07:00:00Z
2024-02-29,P00008,0.06857,35,0.5826,377049.53,2024-03-02T07:00:00Z
2024-03-31,P00008,0.06857,36,0.5777,375729.86,2024-04-02T07:00:00Z
2024-04-30,P00008,0.06857,37,0.5727,374414.8,2024-05-02T07:00:00Z
2024-05-31,P00008,0.06857,38,0.5677,373104.35,2024-06-02T07:00:00Z
2024-06-30,P00008,0.06857,39,0.5628,371798.48,2024-07-02T07:00:00Z
2024-07-31,P00008,0.06857,40,0.5578,370497.19,2024-08-02T07:00:00Z
2024-08-31,P00008,0.06857,41,0.5528,369200.45,2024-09-02T07:00:00Z
2024-09-30,P00008,0.06857,42,0.5479,367908.25,2024-10-02T07:00:00Z
2024-10-31,P00008,0.06857,43,0.5429,366620.57,2024-11-02T07:00:00Z
2024-11-30,P00008,0.06857,44,0.5379,365337.4,2024-12-02T07:00:00Z
2024-12-31,P00008,0.06857,45,0.5329,364058.72,2025-01-02T07:00:00Z
2025-01-31,P00008,0.06857,46,0.528,362784.51,2025-02-02T07:00:00Z
2025-02-28,P00008,0.06857,47,0.523,361514.76,2025-03-02T07:00:00Z
2025-03-31,P00008,0.06857,48,0.518,360249.46,2025-04-02T07:00:00Z
2025-04-30,P00008,0.06857,49,0.5131,358988.59,2025-05-02T07:00:00Z
2025-05-31,P00008,0.06857,50,0.5081,357732.13,2025-06-02T07:00:00Z
2025-06-30,P00008,0.06857,51,0.5031,356480.07,2025-07-02T07:00:00Z
2025-07-31,P00008,0.06857,52,0.4982,355232.39,2025-08-02T07:00:00Z
2025-08-31,P00008,0.06857,53,0.4932,353989.07,2025-09-02T07:00:00Z
2025-09-30,P00008,0.06857,54,0.4882,352750.11,2025-10-02T07:00:00Z
2025-10-31,P00008,0.06857,55,0.4832,351515.49,2025-11-02T07:00:00Z
2025-11-30,P00008,0.06857,56,0.4783,350285.18,2025-12-02T07:00:00Z
2025-12-31,P00008,0.06857,57,0.4733,349059.18,2026-01-02T07:00:00Z
2023-07-31,P00009,0.03953,87,0.8145,466767.1,2023-08-02T07:00:00Z
2023-08-31,P00009,0.03953,88,0.8087,465133.42,2023-09-02T07:00:00Z
2023-09-30,P00009,0.03953,89,0.8029,463505.45,2023-10-02T07:00:00Z
2023-10-31,P00009,0.03953,90,0.7972,461883.18,2023-11-02T07:00:00Z
2023-11-30,P00009,0.03953,91,0.7914,460266.59,2023-12-02T07:00:00Z
2023-12-31,P00009,0.03953,92,0.7857,458655.65,2024-01-02T07:00:00Z
2024-01-31,P00009,0.03953,93,0.7799,457050.36,2024-02-02T07:00:00Z
2024-02-29,P00009,0.03953,94,0.7741,455450.68,2024-03-02T07:00:00Z
2024-03-31,P00009,0.03953,95,0.7684,453856.61,2024-04-02T07:00:00Z
2024-04-30,P00009,0.03953,96,0.7626,452268.11,2024-05-02T07:00:00Z
2024-05-31,P00009,0.03953,97,0.7569,450685.17,2024-06-02T07:00:00Z
2024-06-30,P00009,0.03953,98,0.7511,449107.77,2024-07-02T07:00:00Z
2024-07-31,P00009,0.03953,99,0.7454,447535.89,2024-08-02T07:00:00Z
2024-08-31,P00009,0.03953,100,0.7396,445969.52,2024-09-02T07:00:00Z
2024-09-30,P00009,0.03953,101,0.7338,444408.63,2024-10-02T07:00:00Z
2024-10-31,P00009,0.03953,102,0.7281,442853.2,2024-11-02T07:00:00Z
2024-11-30,P00009,0.03953,103,0.7223,441303.21,2024-12-02T07:00:00Z
2024-12-31,P00009,0.03953,104,0.7166,439758.65,2025-01-02T07:00:00Z
2025-01-31,P00009,0.03953,105,0.7108,438219.49,2025-02-02T07:00:00Z
2025-02-28,P00009,0.03953,106,0.7051,436685.72,2025-03-02T07:00:00Z
2025-03-31,P00009,0.03953,107,0.6993,435157.32,2025-04-02T07:00:00Z
2025-04-30,P00009,0.03953,108,0.6935,433634.27,2025-05-02T07:00:00Z
2025-05-31,P00009,0.03953,109,0.6878,432116.55,2025-06-02T07:00:00Z
2025-06-30,P00009,0.03953,110,0.682,430604.15,2025-07-02T07:00:00Z
2025-07-31,P00009,0.03953,111,0.6763,429097.03,2025-08-02T07:00:00Z
2025-08-31,P00009,0.03953,112,0.6705,427595.19,2025-09-02T07:00:00Z
2025-09-30,P00009,0.03953,113,0.6648,426098.61,2025-10-02T07:00:00Z
2025-10-31,P00009,0.03953,114,0.659,424607.26,2025-11-02T07:00:00Z
2025-11-30,P00009,0.03953,115,0.6532,423121.14,2025-12-02T07:00:00Z
2025-12-31,P00009,0.03953,116,0.6475,421640.21,2026-01-02T07:00:00Z
2023-07-31,P00010,0.04396,6,0.6525,433103.1,2023-08-02T07:00:00Z
2023-08-31,P00010,0.04396,7,0.6474,431587.24,2023-09-02T07:00:00Z
2023-09-30,P00010,0.04396,8,0.6423,430076.68,2023-10-02T07:00:00Z
2023-10-31,P00010,0.04396,9,0.6372,428571.42,2023-11-02T07:00:00Z
2023-11-30,P00010,0.04396,10,0.6321,427071.42,2023-12-02T07:00:00Z
2023-12-31,P00010,0.04396,11,0.627,425576.67,2024-01-02T07:00:00Z
2024-01-31,P00010,0.04396,12,0.6219,424087.15,2024-02-02T07:00:00Z
2024-02-29,P00010,0.04396,13,0.6167,422602.84,2024-03-02T07:00:00Z
2024-03-31,P00010,0.04396,14,0.6116,421123.73,2024-04-02T07:00:00Z
2024-04-30,P00010,0.04396,15,0.6065,419649.8,2024-05-02T07:00:00Z
2024-05-31,P00010,0.04396,16,0.6014,418181.02,2024-06-02T07:00:00Z
2024-06-30,P00010,0.04396,17,0.5963,416717.39,2024-07-02T07:00:00Z
2024-07-31,P00010,0.04396,18,0.5912,415258.88,2024-08-02T07:00:00Z
2023-07-31,P00011,0.08231,111,0.8257,102626.77,2023-08-02T07:00:00Z
2023-08-31,P00011,0.08231,112,0.8199,102267.58,2023-09-02T07:00:00Z
2023-09-30,P00011,0.08231,113,0.8141,101909.64,2023-10-02T07:00:00Z
2023-10-31,P00011,0.08231,114,0.8083,101552.96,2023-11-02T07:00:00Z
2023-11-30,P00011,0.08231,115,0.8025,101197.52,2023-12-02T07:00:00Z
2023-12-31,P00011,0.08231,116,0.7967,100843.33,2024-01-02T07:00:00Z
2024-01-31,P00011,0.08231,117,0.7909,100490.38,2024-02-02T07:00:00Z
2024-02-29,P00011,0.08231,118,0.7851,100138.66,2024-03-02T07:00:00Z
2024-03-31,P00011,0.08231,119,0.7793,99788.18,2024-04-02T07:00:00Z
2024-04-30,P00011,0.08231,120,0.7735,99438.92,2024-05-02T07:00:00Z
2024-05-31,P00011,0.08231,121,0.7677,99090.88,2024-06-02T07:00:00Z
2024-06-30,P00011,0.08231,122,0.7619,98744.06,2024-07-02T07:00:00Z
2024-07-31,P00011,0.08231,123,0.7561,98398.46,2024-08-02T07:00:00Z
2023-07-31,P00012,0.07419,18,0.7317,669950.09,2023-08-02T07:00:00Z
2023-08-31,P00012,0.07419,19,0.7262,667605.26,2023-09-02T07:00:00Z
2023-09-30,P00012,0.07419,20,0.7208,665268.65,2023-10-02T07:00:00Z
2023-10-31,P00012,0.07419,21,0.7154,662940.21,2023-11-02T07:00:00Z
2023-11-30,P00012,0.07419,22,0.71,660619.92,2023-12-02T07:00:00Z
2023-12-31,P00012,0.07419,23,0.7045,658307.75,2024-01-02T07:00:00Z
2024-01-31,P00012,0.07419,24,0.6991,656003.67,2024-02-02T07:00:00Z
2024-02-29,P00012,0.07419,25,0.6937,653707.66,2024-03-02T07:00:00Z
2024-03-31,P00012,0.07419,26,0.6883,651419.68,2024-04-02T07:00:00Z
2024-04-30,P00012,0.07419,27,0.6828,649139.71,2024-05-02T07:00:00Z
2024-05-31,P00012,0.07419,28,0.6774,646867.72,2024-06-02T07:00:00Z
2024-06-30,P00012,0.07419,29,0.672,644603.68,2024-07-02T07:00:00Z
2024-07-31,P00012,0.07419,30,0.6666,642347.57,2024-08-02T07:00:00Z
2024-08-31,P00012,0.07419,31,0.6611,640099.35,2024-09-02T07:00:00Z
2024-09-30,P00012,0.07419,32,0.6557,637859.01,2024-10-02T07:00:00Z
2024-10-31,P00012,0.07419,33,0.6503,635626.5,2024-11-02T07:00:00Z
2024-11-30,P00012,0.07419,34,0.6448,633401.81,2024-12-02T07:00:00Z
2024-12-31,P00012,0.07419,35,0.6394,631184.9,2025-01-02T07:00:00Z
2025-01-31,P00012,0.07419,36,0.634,628975.75,2025-02-02T07:00:00Z
2025-02-28,P00012,0.07419,37,0.6286,626774.34,2025-03-02T07:00:00Z
2025-03-31,P00012,0.07419,38,0.6231,624580.63,2025-04-02T07:00:00Z
2025-04-30,P00012,0.07419,39,0.6177,622394.6,2025-05-02T07:00:00Z
2025-05-31,P00012,0.07419,40,0.6123,620216.22,2025-06-02T07:00:00Z
2025-06-30,P00012,0.07419,41,0.6069,618045.46,2025-07-02T07:00:00Z
2025-07-31,P00012,0.07419,42,0.6014,615882.3,2025-08-02T07:00:00Z
2025-08-31,P00012,0.07419,43,0.596,613726.71,2025-09-02T07:00:00Z
2025-09-30,P00012,0.07419,44,0.5906,611578.67,2025-10-02T07:00:00Z
2025-10-31,P00012,0.07419,45,0.5852,609438.14,2025-11-02T07:00:00Z
2025-11-30,P00012,0.07419,46,0.5797,607305.11,2025-12-02T07:00:00Z
2025-12-31,P00012,0.07419,47,0.5743,605179.54,2026-01-02T07:00:00Z
2023-07-31,P00013,0.07199,106,0.7442,437943.39,2023-08-02T07:00:00Z
2023-08-31,P00013,0.07199,107,0.7387,436410.59,2023-09-02T07:00:00Z
2023-09-30,P00013,0.07199,108,0.7333,434883.15,2023-10-02T07:00:00Z
2023-10-31,P00013,0.07199,109,0.7278,433361.06,2023-11-02T07:00:00Z
2023-11-30,P00013,0.07199,110,0.7223,431844.3,2023-12-02T07:00:00Z
2023-12-31,P00013,0.07199,111,0.7168,430332.84,2024-01-02T07:00:00Z
2023-07-31,P00014,0.05189,92,0.5807,330529.0,2023-08-02T07:00:00Z
2023-08-31,P00014,0.05189,93,0.5759,329372.15,2023-09-02T07:00:00Z
2023-09-30,P00014,0.05189,94,0.571,328219.35,2023-10-02T07:00:00Z
2023-10-31,P00014,0.05189,95,0.5662,327070.58,2023-11-02T07:00:00Z
2023-11-30,P00014,0.05189,96,0.5614,325925.83,2023-12-02T07:00:00Z
2023-12-31,P00014,0.05189,97,0.5566,324785.09,2024-01-02T07:00:00Z
2024-01-31,P00014,0.05189,98,0.5518,323648.34,2024-02-02T07:00:00Z
2024-02-29,P00014,0.05189,99,0.5469,322515.57,2024-03-02T07:00:00Z
2024-03-31,P00014,0.05189,100,0.5421,321386.77,2024-04-02T07:00:00Z
2024-04-30,P00014,0.05189,101,0.5373,320261.92,2024-05-02T07:00:00Z
2024-05-31,P00014,0.05189,102,0.5325,319141.0,2024-06-02T07:00:00Z
2024-06-30,P00014,0.05189,103,0.5276,318024.01,2024-07-02T07:00:00Z
2024-07-31,P00014,0.05189,104,0.5228,316910.92,2024-08-02T07:00:00Z
2024-08-31,P00014,0.05189,105,0.518,315801.73,2024-09-02T07:00:00Z
2024-09-30,P00014,0.05189,106,0.5132,314696.43,2024-10-02T07:00:00Z
2024-10-31,P00014,0.05189,107,0.5084,313594.99,2024-11-02T07:00:00Z
2024-11-30,P00014,0.05189,108,0.5035,312497.41,2024-12-02T07:00:00Z
2024-12-31,P00014,0.05189,109,0.4987,311403.67,2025-01-02T07:00:00Z
2025-01-31,P00014,0.05189,110,0.4939,310313.75,2025-02-02T07:00:00Z
2025-02-28,P00014,0.05189,111,0.4891,309227.66,2025-03-02T07:00:00Z
2025-03-31,P00014,0.05189,112,0.4842,308145.36,2025-04-02T07:00:00Z
2025-04-30,P00014,0.05189,113,0.4794,307066.85,2025-05-02T07:00:00Z
2025-05-31,P00014,0.05189,114,0.4746,305992.12,2025-06-02T07:00:00Z
2025-06-30,P00014,0.05189,115,0.4698,304921.14,2025-07-02T07:00:00Z
2025-07-31,P00014,0.05189,116,0.4649,303853.92,2025-08-02T07:00:00Z
2025-08-31,P00014,0.05189,117,0.4601,302790.43,2025-09-02T07:00:00Z
2025-09-30,P00014,0.05189,118,0.4553,301730.66,2025-10-02T07:00:00Z
2025-10-31,P00014,0.05189,119,0.4505,300674.61,2025-11-02T07:00:00Z
2025-11-30,P00014,0.05189,120,0.4457,299622.25,2025-12-02T07:00:00Z
2025-12-31,P00014,0.05189,121,0.4408,298573.57,2026-01-02T07:00:00Z
2023-07-31,P00015,0.06526,44,0.7435,662115.94,2023-08-02T07:00:00Z
2023-08-31,P00015,0.06526,45,0.738,659798.53,2023-09-02T07:00:00Z
2023-09-30,P00015,0.06526,46,0.7325,657489.24,2023-10-02T07:00:00Z
2023-10-31,P00015,0.06526,47,0.727,655188.03,2023-11-02T07:00:00Z
2023-11-30,P00015,0.06526,48,0.7216,652894.87,2023-12-02T07:00:00Z
2023-12-31,P00015,0.06526,49,0.7161,650609.74,2024-01-02T07:00:00Z
2024-01-31,P00015,0.06526,50,0.7106,648332.6,2024-02-02T07:00:00Z
2024-02-29,P00015,0.06526,51,0.7051,646063.44,2024-03-02T07:00:00Z
2024-03-31,P00015,0.06526,52,0.6997,643802.22,2024-04-02T07:00:00Z
2024-04-30,P00015,0.06526,53,0.6942,641548.91,2024-05-02T07:00:00Z
2024-05-31,P00015,0.06526,54,0.6887,639303.49,2024-06-02T07:00:00Z
2024-06-30,P00015,0.06526,55,0.6832,637065.93,2024-07-02T07:00:00Z
2024-07-31,P00015,0.06526,56,0.6778,634836.19,2024-08-02T07:00:00Z
2024-08-31,P00015,0.06526,57,0.6723,632614.27,2024-09-02T07:00:00Z
2024-09-30,P00015,0.06526,58,0.6668,630400.12,2024-10-02T07:00:00Z
2024-10-31,P00015,0.06526,59,0.6614,628193.72,2024-11-02T07:00:00Z
2024-11-30,P00015,0.06526,60,0.6559,625995.04,2024-12-02T07:00:00Z
2024-12-31,P00015,0.06526,61,0.6504,623804.06,2025-01-02T07:00:00Z
2025-01-31,P00015,0.06526,62,0.6449,621620.74,2025-02-02T07:00:00Z
2025-02-28,P00015,0.06526,63,0.6395,619445.07,2025-03-02T07:00:00Z
2025-03-31,P00015,0.06526,64,0.634,617277.01,2025-04-02T07:00:00Z
2025-04-30,P00015,0.06526,65,0.6285,615116.54,2025-05-02T07:00:00Z
2025-05-31,P00015,0.06526,66,0.623,612963.64,2025-06-02T07:00:00Z
2025-06-30,P00015,0.06526,67,0.6176,610818.26,2025-07-02T07:00:00Z
2025-07-31,P00015,0.06526,68,0.6121,608680.4,2025-08-02T07:00:00Z
2023-07-31,P00016,0.04767,20,0.7374,229961.99,2023-08-02T07:00:00Z
2023-08-31,P00016,0.04767,21,0.7319,229157.12,2023-09-02T07:00:00Z
2023-09-30,P00016,0.04767,22,0.7265,228355.07,2023-10-02T07:00:00Z
2023-10-31,P00016,0.04767,23,0.721,227555.83,2023-11-02T07:00:00Z
2023-11-30,P00016,0.04767,24,0.7156,226759.38,2023-12-02T07:00:00Z
2023-12-31,P00016,0.04767,25,0.7101,225965.73,2024-01-02T07:00:00Z
2024-01-31,P00016,0.04767,26,0.7047,225174.85,2024-02-02T07:00:00Z
2024-02-29,P00016,0.04767,27,0.6992,224386.74,2024-03-02T07:00:00Z
2024-03-31,P00016,0.04767,28,0.6938,223601.38,2024-04-02T07:00:00Z
2024-04-30,P00016,0.04767,29,0.6883,222818.78,2024-05-02T07:00:00Z
2024-05-31,P00016,0.04767,30,0.6829,222038.91,2024-06-02T07:00:00Z
2024-06-30,P00016,0.04767,31,0.6774,221261.77,2024-07-02T07:00:00Z
2024-07-31,P00016,0.04767,32,0.672,220487.36,2024-08-02T07:00:00Z
2024-08-31,P00016,0.04767,33,0.6665,219715.65,2024-09-02T07:00:00Z
2024-09-30,P00016,0.04767,34,0.6611,218946.65,2024-10-02T07:00:00Z
2024-10-31,P00016,0.04767,35,0.6556,218180.33,2024-11-02T07:00:00Z
2024-11-30,P00016,0.04767,36,0.6502,217416.7,2024-12-02T07:00:00Z
2024-12-31,P00016,0.04767,37,0.6447,216655.75,2025-01-02T07:00:00Z
2025-01-31,P00016,0.04767,38,0.6393,215897.45,2025-02-02T07:00:00Z
2025-02-28,P00016,0.04767,39,0.6338,215141.81,2025-03-02T07:00:00Z
2025-03-31,P00016,0.04767,40,0.6284,214388.81,2025-04-02T07:00:00Z
2025-04-30,P00016,0.04767,41,0.6229,213638.45,2025-05-02T07:00:00Z
2025-05-31,P00016,0.04767,42,0.6175,212890.72,2025-06-02T07:00:00Z
2025-06-30,P00016,0.04767,43,0.612,212145.6,2025-07-02T07:00:00Z
2025-07-31,P00016,0.04767,44,0.6066,211403.09,2025-08-02T07:00:00Z
2025-08-31,P00016,0.04767,45,0.6011,210663.18,2025-09-02T07:00:00Z
2025-09-30,P00016,0.04767,46,0.5957,209925.86,2025-10-02T07:00:00Z
2025-10-31,P00016,0.04767,47,0.5902,209191.12,2025-11-02T07:00:00Z
2025-11-30,P00016,0.04767,48,0.5848,208458.95,2025-12-02T07:00:00Z
2025-12-31,P00016,0.04767,49,0.5793,207729.34,2026-01-02T07:00:00Z
2023-07-31,P00017,0.04693,41,0.8343,169568.04,2023-08-02T07:00:00Z
2023-08-31,P00017,0.04693,42,0.8285,168974.55,2023-09-02T07:00:00Z
2023-09-30,P00017,0.04693,43,0.8227,168383.14,2023-10-02T07:00:00Z
2023-10-31,P00017,0.04693,44,0.8168,167793.8,2023-11-02T07:00:00Z
2023-11-30,P00017,0.04693,45,0.811,167206.52,2023-12-02T07:00:00Z
2023-12-31,P00017,0.04693,46,0.8052,166621.3,2024-01-02T07:00:00Z
2024-01-31,P00017,0.04693,47,0.7993,166038.12,2024-02-02T07:00:00Z
2024-02-29,P00017,0.04693,48,0.7935,165456.99,2024-03-02T07:00:00Z
2024-03-31,P00017,0.04693,49,0.7876,164877.89,2024-04-02T07:00:00Z
2024-04-30,P00017,0.04693,50,0.7818,164300.82,2024-05-02T07:00:00Z
2024-05-31,P00017,0.04693,51,0.776,163725.77,2024-06-02T07:00:00Z
2024-06-30,P00017,0.04693,52,0.7701,163152.73,2024-07-02T07:00:00Z
2024-07-31,P00017,0.04693,53,0.7643,162581.69,2024-08-02T07:00:00Z
2024-08-31,P00017,0.04693,54,0.7585,162012.66,2024-09-02T07:00:00Z
2024-09-30,P00017,0.04693,55,0.7526,161445.61,2024-10-02T07:00:00Z
2024-10-31,P00017,0.04693,56,0.7468,160880.55,2024-11-02T07:00:00Z
2024-11-30,P00017,0.04693,57,0.7409,160317.47,2024-12-02T07:00:00Z
2024-12-31,P00017,0.04693,58,0.7351,159756.36,2025-01-02T07:00:00Z
2025-01-31,P00017,0.04693,59,0.7293,159197.21,2025-02-02T07:00:00Z
2025-02-28,P00017,0.04693,60,0.7234,158640.02,2025-03-02T07:00:00Z
2025-03-31,P00017,0.04693,61,0.7176,158084.78,2025-04-02T07:00:00Z
2025-04-30,P00017,0.04693,62,0.7118,157531.48,2025-05-02T07:00:00Z
2025-05-31,P00017,0.04693,63,0.7059,156980.12,2025-06-02T07:00:00Z
2025-06-30,P00017,0.04693,64,0.7001,156430.69,2025-07-02T07:00:00Z
2025-07-31,P00017,0.04693,65,0.6942,155883.19,2025-08-02T07:00:00Z
2025-08-31,P00017,0.04693,66,0.6884,155337.59,2025-09-02T07:00:00Z
2025-09-30,P00017,0.04693,67,0.6826,154793.91,2025-10-02T07:00:00Z
2025-10-31,P00017,0.04693,68,0.6767,154252.13,2025-11-02T07:00:00Z
2025-11-30,P00017,0.04693,69,0.6709,153712.25,2025-12-02T07:00:00Z
2025-12-31,P00017,0.04693,70,0.6651,153174.26,2026-01-02T07:00:00Z
2023-07-31,P00018,0.05957,117,0.9104,91750.44,2023-08-02T07:00:00Z
2023-08-31,P00018,0.05957,118,0.9042,91429.31,2023-09-02T07:00:00Z
2023-09-30,P00018,0.05957,119,0.8981,91109.31,2023-10-02T07:00:00Z
2023-10-31,P00018,0.05957,120,0.892,90790.43,2023-11-02T07:00:00Z
2023-11-30,P00018,0.05957,121,0.8858,90472.66,2023-12-02T07:00:00Z
2023-12-31,P00018,0.05957,122,0.8797,90156.01,2024-01-02T07:00:00Z
2024-01-31,P00018,0.05957,123,0.8735,89840.46,2024-02-02T07:00:00Z
2024-02-29,P00018,0.05957,124,0.8674,89526.02,2024-03-02T07:00:00Z
2024-03-31,P00018,0.05957,125,0.8613,89212.68,2024-04-02T07:00:00Z
2024-04-30,P00018,0.05957,126,0.8551,88900.43,2024-05-02T07:00:00Z
2024-05-31,P00018,0.05957,127,0.849,88589.28,2024-06-02T07:00:00Z
2024-06-30,P00018,0.05957,128,0.8428,88279.22,2024-07-02T07:00:00Z
2024-07-31,P00018,0.05957,129,0.8367,87970.24,2024-08-02T07:00:00Z
2024-08-31,P00018,0.05957,130,0.8305,87662.35,2024-09-02T07:00:00Z
2024-09-30,P00018,0.05957,131,0.8244,87355.53,2024-10-02T07:00:00Z
2024-10-31,P00018,0.05957,132,0.8183,87049.78,2024-11-02T07:00:00Z
2024-11-30,P00018,0.05957,133,0.8121,86745.11,2024-12-02T07:00:00Z
2024-12-31,P00018,0.05957,134,0.806,86441.5,2025-01-02T07:00:00Z
2025-01-31,P00018,0.05957,135,0.7998,86138.96,2025-02-02T07:00:00Z
2025-02-28,P00018,0.05957,136,0.7937,85837.47,2025-03-02T07:00:00Z
2025-03-31,P00018,0.05957,137,0.7876,85537.04,2025-04-02T07:00:00Z
2025-04-30,P00018,0.05957,138,0.7814,85237.66,2025-05-02T07:00:00Z
2025-05-31,P00018,0.05957,139,0.7753,84939.33,2025-06-02T07:00:00Z
2025-06-30,P00018,0.05957,140,0.7691,84642.04,2025-07-02T07:00:00Z
2025-07-31,P00018,0.05957,141,0.763,84345.79,2025-08-02T07:00:00Z
2025-08-31,P00018,0.05957,142,0.7568,84050.58,2025-09-02T07:00:00Z
2025-09-30,P00018,0.05957,143,0.7507,83756.41,2025-10-02T07:00:00Z
2025-10-31,P00018,0.05957,144,0.7446,83463.26,2025-11-02T07:00:00Z
2025-11-30,P00018,0.05957,145,0.7384,83171.14,2025-12-02T07:00:00Z
2025-12-31,P00018,0.05957,146,0.7323,82880.04,2026-01-02T07:00:00Z
2023-07-31,P00019,0.07653,71,0.7183,630819.0,2023-08-02T07:00:00Z
2023-08-31,P00019,0.07653,72,0.7129,628611.13,2023-09-02T07:00:00Z
2023-09-30,P00019,0.07653,73,0.7075,626410.99,2023-10-02T07:00:00Z
2023-10-31,P00019,0.07653,74,0.7021,624218.56,2023-11-02T07:00:00Z
2023-11-30,P00019,0.07653,75,0.6968,622033.79,2023-12-02T07:00:00Z
2023-12-31,P00019,0.07653,76,0.6914,619856.67,2024-01-02T07:00:00Z
2024-01-31,P00019,0.07653,77,0.686,617687.17,2024-02-02T07:00:00Z
2024-02-29,P00019,0.07653,78,0.6806,615525.27,2024-03-02T07:00:00Z
2024-03-31,P00019,0.07653,79,0.6753,613370.93,2024-04-02T07:00:00Z
2024-04-30,P00019,0.07653,80,0.6699,611224.13,2024-05-02T07:00:00Z
2024-05-31,P00019,0.07653,81,0.6645,609084.85,2024-06-02T07:00:00Z
2024-06-30,P00019,0.07653,82,0.6592,606953.05,2024-07-02T07:00:00Z
2024-07-31,P00019,0.07653,83,0.6538,604828.72,2024-08-02T07:00:00Z
2024-08-31,P00019,0.07653,84,0.6484,602711.82,2024-09-02T07:00:00Z
2024-09-30,P00019,0.07653,85,0.643,600602.32,2024-10-02T07:00:00Z
2024-10-31,P00019,0.07653,86,0.6377,598500.22,2024-11-02T07:00:00Z
2024-11-30,P00019,0.07653,87,0.6323,596405.46,2024-12-02T07:00:00Z
2024-12-31,P00019,0.07653,88,0.6269,594318.05,2025-01-02T07:00:00Z
2025-01-31,P00019,0.07653,89,0.6215,592237.93,2025-02-02T07:00:00Z
2025-02-28,P00019,0.07653,90,0.6162,590165.1,2025-03-02T07:00:00Z
2025-03-31,P00019,0.07653,91,0.6108,588099.52,2025-04-02T07:00:00Z
2025-04-30,P00019,0.07653,92,0.6054,586041.17,2025-05-02T07:00:00Z
2025-05-31,P00019,0.07653,93,0.6,583990.03,2025-06-02T07:00:00Z
2025-06-30,P00019,0.07653,94,0.5947,581946.06,2025-07-02T07:00:00Z
2025-07-31,P00019,0.07653,95,0.5893,579909.25,2025-08-02T07:00:00Z
2023-07-31,P00020,0.07862,51,0.957,430987.31,2023-08-02T07:00:00Z
2023-08-31,P00020,0.07862,52,0.9506,429478.85,2023-09-02T07:00:00Z
2023-09-30,P00020,0.07862,53,0.9443,427975.68,2023-10-02T07:00:00Z
2023-10-31,P00020,0.07862,54,0.938,426477.76,2023-11-02T07:00:00Z
2023-11-30,P00020,0.07862,55,0.9317,424985.09,2023-12-02T07:00:00Z
2023-12-31,P00020,0.07862,56,0.9253,423497.64,2024-01-02T07:00:00Z
2024-01-31,P00020,0.07862,57,0.919,422015.4,2024-02-02T07:00:00Z
2024-02-29,P00020,0.07862,58,0.9127,420538.35,2024-03-02T07:00:00Z
2024-03-31,P00020,0.07862,59,0.9064,419066.46,2024-04-02T07:00:00Z
2024-04-30,P00020,0.07862,60,0.9,417599.73,2024-05-02T07:00:00Z
2024-05-31,P00020,0.07862,61,0.8937,416138.13,2024-06-02T07:00:00Z
2024-06-30,P00020,0.07862,62,0.8874,414681.65,2024-07-02T07:00:00Z
2024-07-31,P00020,0.07862,63,0.881,413230.26,2024-08-02T07:00:00Z
2023-07-31,P00021,0.07155,66,0.8365,520257.45,2023-08-02T07:00:00Z
2023-08-31,P00021,0.07155,67,0.8307,518436.55,2023-09-02T07:00:00Z
2023-09-30,P00021,0.07155,68,0.8248,516622.02,2023-10-02T07:00:00Z
2023-10-31,P00021,0.07155,69,0.819,514813.84,2023-11-02T07:00:00Z
2023-11-30,P00021,0.07155,70,0.8131,513012.0,2023-12-02T07:00:00Z
2023-12-31,P00021,0.07155,71,0.8073,511216.45,2024-01-02T07:00:00Z
2024-01-31,P00021,0.07155,72,0.8014,509427.2,2024-02-02T07:00:00Z
2024-02-29,P00021,0.07155,73,0.7956,507644.2,2024-03-02T07:00:00Z
2024-03-31,P00021,0.07155,74,0.7897,505867.45,2024-04-02T07:00:00Z
2024-04-30,P00021,0.07155,75,0.7839,504096.91,2024-05-02T07:00:00Z
2024-05-31,P00021,0.07155,76,0.778,502332.57,2024-06-02T07:00:00Z
2024-06-30,P00021,0.07155,77,0.7722,500574.41,2024-07-02T07:00:00Z
2024-07-31,P00021,0.07155,78,0.7663,498822.4,2024-08-02T07:00:00Z
2024-08-31,P00021,0.07155,79,0.7605,497076.52,2024-09-02T07:00:00Z
2024-09-30,P00021,0.07155,80,0.7547,495336.75,2024-10-02T07:00:00Z
2024-10-31,P00021,0.07155,81,0.7488,493603.07,2024-11-02T07:00:00Z
2024-11-30,P00021,0.07155,82,0.743,491875.46,2024-12-02T07:00:00Z
2024-12-31,P00021,0.07155,83,0.7371,490153.9,2025-01-02T07:00:00Z
2025-01-31,P00021,0.07155,84,0.7313,488438.36,2025-02-02T07:00:00Z
2025-02-28,P00021,0.07155,85,0.7254,486728.82,2025-03-02T07:00:00Z
2025-03-31,P00021,0.07155,86,0.7196,485025.27,2025-04-02T07:00:00Z
2025-04-30,P00021,0.07155,87,0.7137,483327.68,2025-05-02T07:00:00Z
2025-05-31,P00021,0.07155,88,0.7079,481636.04,2025-06-02T07:00:00Z
2023-07-31,P00022,0.0712,129,0.4976,570660.24,2023-08-02T07:00:00Z
2023-08-31,P00022,0.0712,130,0.4931,568662.93,2023-09-02T07:00:00Z
2023-09-30,P00022,0.0712,131,0.4886,566672.61,2023-10-02T07:00:00Z
2023-10-31,P00022,0.0712,132,0.4841,564689.25,2023-11-02T07:00:00Z
2023-11-30,P00022,0.0712,133,0.4796,562712.84,2023-12-02T07:00:00Z
2023-12-31,P00022,0.0712,134,0.4751,560743.35,2024-01-02T07:00:00Z
2024-01-31,P00022,0.0712,135,0.4706,558780.75,2024-02-02T07:00:00Z
2024-02-29,P00022,0.0712,136,0.4661,556825.01,2024-03-02T07:00:00Z
2024-03-31,P00022,0.0712,137,0.4616,554876.13,2024-04-02T07:00:00Z
2024-04-30,P00022,0.0712,138,0.4572,552934.06,2024-05-02T07:00:00Z
2024-05-31,P00022,0.0712,139,0.4527,550998.79,2024-06-02T07:00:00Z
2024-06-30,P00022,0.0712,140,0.4482,549070.29,2024-07-02T07:00:00Z
2024-07-31,P00022,0.0712,141,0.4437,547148.55,2024-08-02T07:00:00Z
2024-08-31,P00022,0.0712,142,0.4392,545233.53,2024-09-02T07:00:00Z
2024-09-30,P00022,0.0712,143,0.4347,543325.21,2024-10-02T07:00:00Z
2024-10-31,P00022,0.0712,144,0.4302,541423.57,2024-11-02T07:00:00Z
2024-11-30,P00022,0.0712,145,0.4257,539528.59,2024-12-02T07:00:00Z
2024-12-31,P00022,0.0712,146,0.4212,537640.24,2025-01-02T07:00:00Z
2025-01-31,P00022,0.0712,147,0.4167,535758.5,2025-02-02T07:00:00Z
2025-02-28,P00022,0.0712,148,0.4123,533883.34,2025-03-02T07:00:00Z
2025-03-31,P00022,0.0712,149,0.4078,532014.75,2025-04-02T07:00:00Z
2025-04-30,P00022,0.0712,150,0.4033,530152.7,2025-05-02T07:00:00Z
2025-05-31,P00022,0.0712,151,0.3988,528297.17,2025-06-02T07:00:00Z
2025-06-30,P00022,0.0712,152,0.3943,526448.13,2025-07-02T07:00:00Z
2025-07-31,P00022,0.0712,153,0.3898,524605.56,2025-08-02T07:00:00Z
2023-07-31,P00023,0.05485,4,0.8006,213363.43,2023-08-02T07:00:00Z
2023-08-31,P00023,0.05485,5,0.7949,212616.66,2023-09-02T07:00:00Z
2023-09-30,P00023,0.05485,6,0.7892,211872.5,2023-10-02T07:00:00Z
2023-10-31,P00023,0.05485,7,0.7835,211130.95,2023-11-02T07:00:00Z
2023-11-30,P00023,0.05485,8,0.7778,210391.99,2023-12-02T07:00:00Z
2023-12-31,P00023,0.05485,9,0.7721,209655.62,2024-01-02T07:00:00Z
2024-01-31,P00023,0.05485,10,0.7664,208921.82,2024-02-02T07:00:00Z
2024-02-29,P00023,0.05485,11,0.7607,208190.59,2024-03-02T07:00:00Z
2024-03-31,P00023,0.05485,12,0.755,207461.93,2024-04-02T07:00:00Z
2024-04-30,P00023,0.05485,13,0.7492,206735.81,2024-05-02T07:00:00Z
2024-05-31,P00023,0.05485,14,0.7435,206012.24,2024-06-02T07:00:00Z
2024-06-30,P00023,0.05485,15,0.7378,205291.19,2024-07-02T07:00:00Z
2024-07-31,P00023,0.05485,16,0.7321,204572.67,2024-08-02T07:00:00Z
2024-08-31,P00023,0.05485,17,0.7264,203856.67,2024-09-02T07:00:00Z
2024-09-30,P00023,0.05485,18,0.7207,203143.17,2024-10-02T07:00:00Z
2024-10-31,P00023,0.05485,19,0.715,202432.17,2024-11-02T07:00:00Z
2024-11-30,P00023,0.05485,20,0.7093,201723.66,2024-12-02T07:00:00Z
2024-12-31,P00023,0.05485,21,0.7036,201017.62,2025-01-02T07:00:00Z
2025-01-31,P00023,0.05485,22,0.6979,200314.06,2025-02-02T07:00:00Z
2025-02-28,P00023,0.05485,23,0.6922,199612.96,2025-03-02T07:00:00Z
2025-03-31,P00023,0.05485,24,0.6865,198914.32,2025-04-02T07:00:00Z
2025-04-30,P00023,0.05485,25,0.6808,198218.12,2025-05-02T07:00:00Z
2025-05-31,P00023,0.05485,26,0.6751,197524.35,2025-06-02T07:00:00Z
2025-06-30,P00023,0.05485,27,0.6694,196833.02,2025-07-02T07:00:00Z
2025-07-31,P00023,0.05485,28,0.6637,196144.1,2025-08-02T07:00:00Z
2025-08-31,P00023,0.05485,29,0.658,195457.6,2025-09-02T07:00:00Z
2025-09-30,P00023,0.05485,30,0.6523,194773.5,2025-10-02T07:00:00Z
2025-10-31,P00023,0.05485,31,0.6466,194091.79,2025-11-02T07:00:00Z
2025-11-30,P00023,0.05485,32,0.6409,193412.47,2025-12-02T07:00:00Z
2025-12-31,P00023,0.05485,33,0.6352,192735.53,2026-01-02T07:00:00Z
2023-07-31,P00024,0.06591,138,0.6286,309217.38,2023-08-02T07:00:00Z
2023-08-31,P00024,0.06591,139,0.6236,308135.12,2023-09-02T07:00:00Z
2023-09-30,P00024,0.06591,140,0.6186,307056.65,2023-10-02T07:00:00Z
2023-10-31,P00024,0.06591,141,0.6136,305981.95,2023-11-02T07:00:00Z
2023-11-30,P00024,0.06591,142,0.6086,304911.01,2023-12-02T07:00:00Z
2023-12-31,P00024,0.06591,143,0.6035,303843.82,2024-01-02T07:00:00Z
2024-01-31,P00024,0.06591,144,0.5985,302780.37,2024-02-02T07:00:00Z
2024-02-29,P00024,0.06591,145,0.5935,301720.64,2024-03-02T07:00:00Z
2024-03-31,P00024,0.06591,146,0.5885,300664.62,2024-04-02T07:00:00Z
2024-04-30,P00024,0.06591,147,0.5835,299612.29,2024-05-02T07:00:00Z
2024-05-31,P00024,0.06591,148,0.5785,298563.65,2024-06-02T07:00:00Z
2024-06-30,P00024,0.06591,149,0.5735,297518.67,2024-07-02T07:00:00Z
2024-07-31,P00024,0.06591,150,0.5684,296477.36,2024-08-02T07:00:00Z
2023-07-31,P00025,0.06178,19,0.9458,382839.32,2023-08-02T07:00:00Z
2023-08-31,P00025,0.06178,20,0.9395,381499.38,2023-09-02T07:00:00Z
2023-09-30,P00025,0.06178,21,0.9332,380164.13,2023-10-02T07:00:00Z
2023-10-31,P00025,0.06178,22,0.9269,378833.56,2023-11-02T07:00:00Z
2023-11-30,P00025,0.06178,23,0.9207,377507.64,2023-12-02T07:00:00Z
2023-12-31,P00025,0.06178,24,0.9144,376186.37,2024-01-02T07:00:00Z
2024-01-31,P00025,0.06178,25,0.9081,374869.71,2024-02-02T07:00:00Z
2024-02-29,P00025,0.06178,26,0.9018,373557.67,2024-03-02T07:00:00Z
2024-03-31,P00025,0.06178,27,0.8955,372250.22,2024-04-02T07:00:00Z
2024-04-30,P00025,0.06178,28,0.8892,370947.34,2024-05-02T07:00:00Z
2024-05-31,P00025,0.06178,29,0.883,369649.03,2024-06-02T07:00:00Z
2024-06-30,P00025,0.06178,30,0.8767,368355.25,2024-07-02T07:00:00Z
2024-07-31,P00025,0.06178,31,0.8704,367066.01,2024-08-02T07:00:00Z
2024-08-31,P00025,0.06178,32,0.8641,365781.28,2024-09-02T07:00:00Z
2024-09-30,P00025,0.06178,33,0.8578,364501.05,2024-10-02T07:00:00Z
2024-10-31,P00025,0.06178,34,0.8515,363225.29,2024-11-02T07:00:00Z
2024-11-30,P00025,0.06178,35,0.8453,361954.0,2024-12-02T07:00:00Z
2024-12-31,P00025,0.06178,36,0.839,360687.16,2025-01-02T07:00:00Z
2025-01-31,P00025,0.06178,37,0.8327,359424.76,2025-02-02T07:00:00Z
2025-02-28,P00025,0.06178,38,0.8264,358166.77,2025-03-02T07:00:00Z
2023-07-31,P00026,0.05063,135,0.7599,546713.08,2023-08-02T07:00:00Z
2023-08-31,P00026,0.05063,136,0.7543,544799.58,2023-09-02T07:00:00Z
2023-09-30,P00026,0.05063,137,0.7488,542892.79,2023-10-02T07:00:00Z
2023-10-31,P00026,0.05063,138,0.7433,540992.66,2023-11-02T07:00:00Z
2023-11-30,P00026,0.05063,139,0.7377,539099.19,2023-12-02T07:00:00Z
2023-12-31,P00026,0.05063,140,0.7322,537212.34,2024-01-02T07:00:00Z
2024-01-31,P00026,0.05063,141,0.7266,535332.1,2024-02-02T07:00:00Z
2024-02-29,P00026,0.05063,142,0.7211,533458.43,2024-03-02T07:00:00Z
2024-03-31,P00026,0.05063,143,0.7156,531591.33,2024-04-02T07:00:00Z
2024-04-30,P00026,0.05063,144,0.71,529730.76,2024-05-02T07:00:00Z
2024-05-31,P00026,0.05063,145,0.7045,527876.7,2024-06-02T07:00:00Z
2024-06-30,P00026,0.05063,146,0.6989,526029.13,2024-07-02T07:00:00Z
2024-07-31,P00026,0.05063,147,0.6934,524188.03,2024-08-02T07:00:00Z
2024-08-31,P00026,0.05063,148,0.6879,522353.37,2024-09-02T07:00:00Z
2024-09-30,P00026,0.05063,149,0.6823,520525.14,2024-10-02T07:00:00Z
2024-10-31,P00026,0.05063,150,0.6768,518703.3,2024-11-02T07:00:00Z
2024-11-30,P00026,0.05063,151,0.6712,516887.84,2024-12-02T07:00:00Z
2024-12-31,P00026,0.05063,152,0.6657,515078.73,2025-01-02T07:00:00Z
2025-01-31,P00026,0.05063,153,0.6602,513275.95,2025-02-02T07:00:00Z
2025-02-28,P00026,0.05063,154,0.6546,511479.49,2025-03-02T07:00:00Z
2025-03-31,P00026,0.05063,155,0.6491,509689.31,2025-04-02T07:00:00Z
2025-04-30,P00026,0.05063,156,0.6435,507905.4,2025-05-02T07:00:00Z
2025-05-31,P00026,0.05063,157,0.638,506127.73,2025-06-02T07:00:00Z
2025-06-30,P00026,0.05063,158,0.6325,504356.28,2025-07-02T07:00:00Z
2025-07-31,P00026,0.05063,159,0.6269,502591.03,2025-08-02T07:00:00Z
2025-08-31,P00026,0.05063,160,0.6214,500831.97,2025-09-02T07:00:00Z
2025-09-30,P00026,0.05063,161,0.6158,499079.05,2025-10-02T07:00:00Z
2025-10-31,P00026,0.05063,162,0.6103,497332.28,2025-11-02T07:00:00Z
2025-11-30,P00026,0.05063,163,0.6048,495591.61,2025-12-02T07:00:00Z
2025-12-31,P00026,0.05063,164,0.5992,493857.04,2026-01-02T07:00:00Z
2023-07-31,P00027,0.07357,8,0.9085,653125.72,2023-08-02T07:00:00Z
2023-08-31,P00027,0.07357,9,0.9024,650839.78,2023-09-02T07:00:00Z
2023-09-30,P00027,0.07357,10,0.8963,648561.84,2023-10-02T07:00:00Z
2023-10-31,P00027,0.07357,11,0.8901,646291.87,2023-11-02T07:00:00Z
2023-11-30,P00027,0.07357,12,0.884,644029.85,2023-12-02T07:00:00Z
2023-12-31,P00027,0.07357,13,0.8779,641775.75,2024-01-02T07:00:00Z
2024-01-31,P00027,0.07357,14,0.8717,639529.53,2024-02-02T07:00:00Z
2024-02-29,P00027,0.07357,15,0.8656,637291.18,2024-03-02T07:00:00Z
2024-03-31,P00027,0.07357,16,0.8595,635060.66,2024-04-02T07:00:00Z
2024-04-30,P00027,0.07357,17,0.8533,632837.95,2024-05-02T07:00:00Z
2024-05-31,P00027,0.07357,18,0.8472,630623.02,2024-06-02T07:00:00Z
2024-06-30,P00027,0.07357,19,0.8411,628415.83,2024-07-02T07:00:00Z
2024-07-31,P00027,0.07357,20,0.8349,626216.38,2024-08-02T07:00:00Z
2024-08-31,P00027,0.07357,21,0.8288,624024.62,2024-09-02T07:00:00Z
2024-09-30,P00027,0.07357,22,0.8227,621840.54,2024-10-02T07:00:00Z
2024-10-31,P00027,0.07357,23,0.8165,619664.09,2024-11-02T07:00:00Z
2024-11-30,P00027,0.07357,24,0.8104,617495.27,2024-12-02T07:00:00Z
2024-12-31,P00027,0.07357,25,0.8043,615334.04,2025-01-02T07:00:00Z
2025-01-31,P00027,0.07357,26,0.7981,613180.37,2025-02-02T07:00:00Z
2025-02-28,P00027,0.07357,27,0.792,611034.24,2025-03-02T07:00:00Z
2025-03-31,P00027,0.07357,28,0.7859,608895.62,2025-04-02T07:00:00Z
2025-04-30,P00027,0.07357,29,0.7797,606764.48,2025-05-02T07:00:00Z
2025-05-31,P00027,0.07357,30,0.7736,604640.81,2025-06-02T07:00:00Z
2025-06-30,P00027,0.07357,31,0.7675,602524.56,2025-07-02T07:00:00Z
2025-07-31,P00027,0.07357,32,0.7613,600415.73,2025-08-02T07:00:00Z
2025-08-31,P00027,0.07357,33,0.7552,598314.27,2025-09-02T07:00:00Z
2025-09-30,P00027,0.07357,34,0.7491,596220.17,2025-10-02T07:00:00Z
2025-10-31,P00027,0.07357,35,0.7429,594133.4,2025-11-02T07:00:00Z
2025-11-30,P00027,0.07357,36,0.7368,592053.93,2025-12-02T07:00:00Z
2025-12-31,P00027,0.07357,37,0.7307,589981.75,2026-01-02T07:00:00Z
2023-07-31,P00028,0.05633,11,0.6124,339049.24,2023-08-02T07:00:00Z
2023-08-31,P00028,0.05633,12,0.6074,337862.57,2023-09-02T07:00:00Z
2023-09-30,P00028,0.05633,13,0.6025,336680.05,2023-10-02T07:00:00Z
2023-10-31,P00028,0.05633,14,0.5975,335501.67,2023-11-02T07:00:00Z
2023-11-30,P00028,0.05633,15,0.5926,334327.41,2023-12-02T07:00:00Z
2023-12-31,P00028,0.05633,16,0.5876,333157.27,2024-01-02T07:00:00Z
2024-01-31,P00028,0.05633,17,0.5827,331991.22,2024-02-02T07:00:00Z
2024-02-29,P00028,0.05633,18,0.5777,330829.25,2024-03-02T07:00:00Z
2024-03-31,P00028,0.05633,19,0.5728,329671.34,2024-04-02T07:00:00Z
2024-04-30,P00028,0.05633,20,0.5678,328517.49,2024-05-02T07:00:00Z
2024-05-31,P00028,0.05633,21,0.5629,327367.68,2024-06-02T07:00:00Z
2024-06-30,P00028,0.05633,22,0.5579,326221.9,2024-07-02T07:00:00Z
2024-07-31,P00028,0.05633,23,0.553,325080.12,2024-08-02T07:00:00Z
2024-08-31,P00028,0.05633,24,0.548,323942.34,2024-09-02T07:00:00Z
2024-09-30,P00028,0.05633,25,0.5431,322808.54,2024-10-02T07:00:00Z
2024-10-31,P00028,0.05633,26,0.5381,321678.71,2024-11-02T07:00:00Z
2024-11-30,P00028,0.05633,27,0.5332,320552.84,2024-12-02T07:00:00Z
2024-12-31,P00028,0.05633,28,0.5282,319430.9,2025-01-02T07:00:00Z
2025-01-31,P00028,0.05633,29,0.5233,318312.89,2025-02-02T07:00:00Z
2025-02-28,P00028,0.05633,30,0.5183,317198.8,2025-03-02T07:00:00Z
2025-03-31,P00028,0.05633,31,0.5134,316088.6,2025-04-02T07:00:00Z
2025-04-30,P00028,0.05633,32,0.5084,314982.29,2025-05-02T07:00:00Z
2025-05-31,P00028,0.05633,33,0.5035,313879.85,2025-06-02T07:00:00Z
2025-06-30,P00028,0.05633,34,0.4985,312781.27,2025-07-02T07:00:00Z
2025-07-31,P00028,0.05633,35,0.4936,311686.54,2025-08-02T07:00:00Z
2025-08-31,P00028,0.05633,36,0.4886,310595.64,2025-09-02T07:00:00Z
2025-09-30,P00028,0.05633,37,0.4837,309508.55,2025-10-02T07:00:00Z
2025-10-31,P00028,0.05633,38,0.4787,308425.27,2025-11-02T07:00:00Z
2025-11-30,P00028,0.05633,39,0.4738,307345.78,2025-12-02T07:00:00Z
2025-12-31,P00028,0.05633,40,0.4688,306270.07,2026-01-02T07:00:00Z
2023-07-31,P00029,0.05857,98,0.7251,486711.94,2023-08-02T07:00:00Z
2023-08-31,P00029,0.05857,99,0.7197,485008.45,2023-09-02T07:00:00Z
2023-09-30,P00029,0.05857,100,0.7143,483310.92,2023-10-02T07:00:00Z
2023-10-31,P00029,0.05857,101,0.7089,481619.33,2023-11-02T07:00:00Z
2023-11-30,P00029,0.05857,102,0.7035,479933.66,2023-12-02T07:00:00Z
2023-12-31,P00029,0.05857,103,0.6981,478253.89,2024-01-02T07:00:00Z
2024-01-31,P00029,0.05857,104,0.6927,476580.01,2024-02-02T07:00:00Z
2024-02-29,P00029,0.05857,105,0.6873,474911.98,2024-03-02T07:00:00Z
2024-03-31,P00029,0.05857,106,0.6819,473249.78,2024-04-02T07:00:00Z
2024-04-30,P00029,0.05857,107,0.6765,471593.41,2024-05-02T07:00:00Z
2024-05-31,P00029,0.05857,108,0.6711,469942.83,2024-06-02T07:00:00Z
2024-06-30,P00029,0.05857,109,0.6657,468298.03,2024-07-02T07:00:00Z
2024-07-31,P00029,0.05857,110,0.6603,466658.99,2024-08-02T07:00:00Z
2024-08-31,P00029,0.05857,111,0.6549,465025.68,2024-09-02T07:00:00Z
2024-09-30,P00029,0.05857,112,0.6495,463398.09,2024-10-02T07:00:00Z
2024-10-31,P00029,0.05857,113,0.6441,461776.2,2024-11-02T07:00:00Z
2024-11-30,P00029,0.05857,114,0.6387,460159.98,2024-12-02T07:00:00Z
2024-12-31,P00029,0.05857,115,0.6333,458549.42,2025-01-02T07:00:00Z
2025-01-31,P00029,0.05857,116,0.6279,456944.5,2025-02-02T07:00:00Z
2025-02-28,P00029,0.05857,117,0.6225,455345.2,2025-03-02T07:00:00Z
2025-03-31,P00029,0.05857,118,0.6171,453751.49,2025-04-02T07:00:00Z
2025-04-30,P00029,0.05857,119,0.6117,452163.36,2025-05-02T07:00:00Z
2025-05-31,P00029,0.05857,120,0.6063,450580.78,2025-06-02T07:00:00Z
2025-06-30,P00029,0.05857,121,0.6009,449003.75,2025-07-02T07:00:00Z
2025-07-31,P00029,0.05857,122,0.5955,447432.24,2025-08-02T07:00:00Z
2025-08-31,P00029,0.05857,123,0.5901,445866.23,2025-09-02T07:00:00Z
2025-09-30,P00029,0.05857,124,0.5847,444305.69,2025-10-02T07:00:00Z
2025-10-31,P00029,0.05857,125,0.5793,442750.62,2025-11-02T07:00:00Z
2025-11-30,P00029,0.05857,126,0.5739,441201.0,2025-12-02T07:00:00Z
2025-12-31,P00029,0.05857,127,0.5685,439656.79,2026-01-02T07:00:00Z
2023-07-31,P00030,0.05338,67,0.7277,284409.08,2023-08-02T07:00:00Z
2023-08-31,P00030,0.05338,68,0.7222,283413.65,2023-09-02T07:00:00Z
2023-09-30,P00030,0.05338,69,0.7168,282421.7,2023-10-02T07:00:00Z
2023-10-31,P00030,0.05338,70,0.7114,281433.22,2023-11-02T07:00:00Z
2023-11-30,P00030,0.05338,71,0.706,280448.21,2023-12-02T07:00:00Z
2023-12-31,P00030,0.05338,72,0.7006,279466.64,2024-01-02T07:00:00Z
2023-07-31,P00031,0.06749,103,0.7098,556418.84,2023-08-02T07:00:00Z
2023-08-31,P00031,0.06749,104,0.7045,554471.37,2023-09-02T07:00:00Z
2023-09-30,P00031,0.06749,105,0.6991,552530.72,2023-10-02T07:00:00Z
2023-10-31,P00031,0.06749,106,0.6938,550596.87,2023-11-02T07:00:00Z
2023-11-30,P00031,0.06749,107,0.6884,548669.78,2023-12-02T07:00:00Z
2023-12-31,P00031,0.06749,108,0.6831,546749.43,2024-01-02T07:00:00Z
2024-01-31,P00031,0.06749,109,0.6778,544835.81,2024-02-02T07:00:00Z
2024-02-29,P00031,0.06749,110,0.6724,542928.89,2024-03-02T07:00:00Z
2024-03-31,P00031,0.06749,111,0.6671,541028.63,2024-04-02T07:00:00Z
2024-04-30,P00031,0.06749,112,0.6617,539135.03,2024-05-02T07:00:00Z
2024-05-31,P00031,0.06749,113,0.6564,537248.06,2024-06-02T07:00:00Z
2024-06-30,P00031,0.06749,114,0.6511,535367.69,2024-07-02T07:00:00Z
2024-07-31,P00031,0.06749,115,0.6457,533493.91,2024-08-02T07:00:00Z
2024-08-31,P00031,0.06749,116,0.6404,531626.68,2024-09-02T07:00:00Z
2024-09-30,P00031,0.06749,117,0.6351,529765.98,2024-10-02T07:00:00Z
2024-10-31,P00031,0.06749,118,0.6297,527911.8,2024-11-02T07:00:00Z
2024-11-30,P00031,0.06749,119,0.6244,526064.11,2024-12-02T07:00:00Z
2024-12-31,P00031,0.06749,120,0.619,524222.89,2025-01-02T07:00:00Z
2025-01-31,P00031,0.06749,121,0.6137,522388.11,2025-02-02T07:00:00Z
2025-02-28,P00031,0.06749,122,0.6084,520559.75,2025-03-02T07:00:00Z
2025-03-31,P00031,0.06749,123,0.603,518737.79,2025-04-02T07:00:00Z
2025-04-30,P00031,0.06749,124,0.5977,516922.21,2025-05-02T07:00:00Z
2025-05-31,P00031,0.06749,125,0.5923,515112.98,2025-06-02T07:00:00Z
2025-06-30,P00031,0.06749,126,0.587,513310.08,2025-07-02T07:00:00Z
2025-07-31,P00031,0.06749,127,0.5817,511513.5,2025-08-02T07:00:00Z
2025-08-31,P00031,0.06749,128,0.5763,509723.2,2025-09-02T07:00:00Z
2025-09-30,P00031,0.06749,129,0.571,507939.17,2025-10-02T07:00:00Z
2025-10-31,P00031,0.06749,130,0.5656,506161.38,2025-11-02T07:00:00Z
2025-11-30,P00031,0.06749,131,0.5603,504389.82,2025-12-02T07:00:00Z
2025-12-31,P00031,0.06749,132,0.555,502624.45,2026-01-02T07:00:00Z
2023-07-31,P00032,0.0568,28,0.7108,170796.73,2023-08-02T07:00:00Z
2023-08-31,P00032,0.0568,29,0.7055,170198.94,2023-09-02T07:00:00Z
2023-09-30,P00032,0.0568,30,0.7001,169603.25,2023-10-02T07:00:00Z
2023-10-31,P00032,0.0568,31,0.6948,169009.63,2023-11-02T07:00:00Z
2023-11-30,P00032,0.0568,32,0.6894,168418.1,2023-12-02T07:00:00Z
2023-12-31,P00032,0.0568,33,0.6841,167828.64,2024-01-02T07:00:00Z
2024-01-31,P00032,0.0568,34,0.6788,167241.24,2024-02-02T07:00:00Z
2024-02-29,P00032,0.0568,35,0.6734,166655.89,2024-03-02T07:00:00Z
2024-03-31,P00032,0.0568,36,0.6681,166072.6,2024-04-02T07:00:00Z
2024-04-30,P00032,0.0568,37,0.6627,165491.34,2024-05-02T07:00:00Z
2024-05-31,P00032,0.0568,38,0.6574,164912.12,2024-06-02T07:00:00Z
2024-06-30,P00032,0.0568,39,0.652,164334.93,2024-07-02T07:00:00Z
2024-07-31,P00032,0.0568,40,0.6467,163759.76,2024-08-02T07:00:00Z
2024-08-31,P00032,0.0568,41,0.6414,163186.6,2024-09-02T07:00:00Z
2024-09-30,P00032,0.0568,42,0.636,162615.45,2024-10-02T07:00:00Z
2024-10-31,P00032,0.0568,43,0.6307,162046.29,2024-11-02T07:00:00Z
2024-11-30,P00032,0.0568,44,0.6253,161479.13,2024-12-02T07:00:00Z
2024-12-31,P00032,0.0568,45,0.62,160913.95,2025-01-02T07:00:00Z
2025-01-31,P00032,0.0568,46,0.6146,160350.75,2025-02-02T07:00:00Z
2025-02-28,P00032,0.0568,47,0.6093,159789.53,2025-03-02T07:00:00Z
2025-03-31,P00032,0.0568,48,0.6039,159230.26,2025-04-02T07:00:00Z
2025-04-30,P00032,0.0568,49,0.5986,158672.96,2025-05-02T07:00:00Z
2025-05-31,P00032,0.0568,50,0.5933,158117.6,2025-06-02T07:00:00Z
2025-06-30,P00032,0.0568,51,0.5879,157564.19,2025-07-02T07:00:00Z
2025-07-31,P00032,0.0568,52,0.5826,157012.72,2025-08-02T07:00:00Z
2025-08-31,P00032,0.0568,53,0.5772,156463.17,2025-09-02T07:00:00Z
2025-09-30,P00032,0.0568,54,0.5719,155915.55,2025-10-02T07:00:00Z
2025-10-31,P00032,0.0568,55,0.5665,155369.85,2025-11-02T07:00:00Z
2025-11-30,P00032,0.0568,56,0.5612,154826.05,2025-12-02T07:00:00Z
2025-12-31,P00032,0.0568,57,0.5559,154284.16,2026-01-02T07:00:00Z
2023-07-31,P00033,0.05584,40,0.8603,431529.5,2023-08-02T07:00:00Z
2023-08-31,P00033,0.05584,41,0.8544,430019.15,2023-09-02T07:00:00Z
2023-09-30,P00033,0.05584,42,0.8484,428514.08,2023-10-02T07:00:00Z
2023-10-31,P00033,0.05584,43,0.8425,427014.28,2023-11-02T07:00:00Z
2023-11-30,P00033,0.05584,44,0.8366,425519.73,2023-12-02T07:00:00Z
2023-12-31,P00033,0.05584,45,0.8306,424030.41,2024-01-02T07:00:00Z
2024-01-31,P00033,0.05584,46,0.8247,422546.3,2024-02-02T07:00:00Z
2024-02-29,P00033,0.05584,47,0.8187,421067.39,2024-03-02T07:00:00Z
2024-03-31,P00033,0.05584,48,0.8128,419593.66,2024-04-02T07:00:00Z
2024-04-30,P00033,0.05584,49,0.8068,418125.08,2024-05-02T07:00:00Z
2024-05-31,P00033,0.05584,50,0.8009,416661.64,2024-06-02T07:00:00Z
2024-06-30,P00033,0.05584,51,0.795,415203.33,2024-07-02T07:00:00Z
2024-07-31,P00033,0.05584,52,0.789,413750.11,2024-08-02T07:00:00Z
2024-08-31,P00033,0.05584,53,0.7831,412301.99,2024-09-02T07:00:00Z
2023-07-31,P00034,0.05516,126,0.6444,252466.39,2023-08-02T07:00:00Z
2023-08-31,P00034,0.05516,127,0.6393,251582.76,2023-09-02T07:00:00Z
2023-09-30,P00034,0.05516,128,0.6343,250702.22,2023-10-02T07:00:00Z
2023-10-31,P00034,0.05516,129,0.6292,249824.76,2023-11-02T07:00:00Z
2023-11-30,P00034,0.05516,130,0.6241,248950.37,2023-12-02T07:00:00Z
2023-12-31,P00034,0.05516,131,0.619,248079.05,2024-01-02T07:00:00Z
2024-01-31,P00034,0.05516,132,0.6139,247210.77,2024-02-02T07:00:00Z
2024-02-29,P00034,0.05516,133,0.6089,246345.53,2024-03-02T07:00:00Z
2024-03-31,P00034,0.05516,134,0.6038,245483.32,2024-04-02T07:00:00Z
2024-04-30,P00034,0.05516,135,0.5987,244624.13,2024-05-02T07:00:00Z
2024-05-31,P00034,0.05516,136,0.5936,243767.95,2024-06-02T07:00:00Z
2024-06-30,P00034,0.05516,137,0.5886,242914.76,2024-07-02T07:00:00Z
2024-07-31,P00034,0.05516,138,0.5835,242064.56,2024-08-02T07:00:00Z
2024-08-31,P00034,0.05516,139,0.5784,241217.33,2024-09-02T07:00:00Z
2024-09-30,P00034,0.05516,140,0.5733,240373.07,2024-10-02T07:00:00Z
2024-10-31,P00034,0.05516,141,0.5682,239531.77,2024-11-02T07:00:00Z
2024-11-30,P00034,0.05516,142,0.5632,238693.4,2024-12-02T07:00:00Z
2024-12-31,P00034,0.05516,143,0.5581,237857.98,2025-01-02T07:00:00Z
2025-01-31,P00034,0.05516,144,0.553,237025.47,2025-02-02T07:00:00Z
2025-02-28,P00034,0.05516,145,0.5479,236195.89,2025-03-02T07:00:00Z
2025-03-31,P00034,0.05516,146,0.5429,235369.2,2025-04-02T07:00:00Z
2025-04-30,P00034,0.05516,147,0.5378,234545.41,2025-05-02T07:00:00Z
2025-05-31,P00034,0.05516,148,0.5327,233724.5,2025-06-02T07:00:00Z
2025-06-30,P00034,0.05516,149,0.5276,232906.46,2025-07-02T07:00:00Z
2025-07-31,P00034,0.05516,150,0.5225,232091.29,2025-08-02T07:00:00Z
2025-08-31,P00034,0.05516,151,0.5175,231278.97,2025-09-02T07:00:00Z
2025-09-30,P00034,0.05516,152,0.5124,230469.49,2025-10-02T07:00:00Z
2025-10-31,P00034,0.05516,153,0.5073,229662.85,2025-11-02T07:00:00Z
2025-11-30,P00034,0.05516,154,0.5022,228859.03,2025-12-02T07:00:00Z
2025-12-31,P00034,0.05516,155,0.4972,228058.02,2026-01-02T07:00:00Z
2023-07-31,P00035,0.0581,87,0.6371,411529.07,2023-08-02T07:00:00Z
2023-08-31,P00035,0.0581,88,0.6321,410088.72,2023-09-02T07:00:00Z
2023-09-30,P00035,0.0581,89,0.627,408653.41,2023-10-02T07:00:00Z
2023-10-31,P00035,0.0581,90,0.622,407223.12,2023-11-02T07:00:00Z
2023-11-30,P00035,0.0581,91,0.6169,405797.84,2023-12-02T07:00:00Z
2023-12-31,P00035,0.0581,92,0.6119,404377.55,2024-01-02T07:00:00Z
2024-01-31,P00035,0.0581,93,0.6068,402962.23,2024-02-02T07:00:00Z
2024-02-29,P00035,0.0581,94,0.6018,401551.86,2024-03-02T07:00:00Z
2024-03-31,P00035,0.0581,95,0.5967,400146.43,2024-04-02T07:00:00Z
2024-04-30,P00035,0.0581,96,0.5917,398745.91,2024-05-02T07:00:00Z
2024-05-31,P00035,0.0581,97,0.5866,397350.3,2024-06-02T07:00:00Z
2024-06-30,P00035,0.0581,98,0.5816,395959.58,2024-07-02T07:00:00Z
2024-07-31,P00035,0.0581,99,0.5765,394573.72,2024-08-02T07:00:00Z
2024-08-31,P00035,0.0581,100,0.5715,393192.71,2024-09-02T07:00:00Z
2024-09-30,P00035,0.0581,101,0.5664,391816.54,2024-10-02T07:00:00Z
2024-10-31,P00035,0.0581,102,0.5614,390445.18,2024-11-02T07:00:00Z
2023-07-31,P00036,0.04739,28,0.7552,588205.99,2023-08-02T07:00:00Z
2023-08-31,P00036,0.04739,29,0.7497,586147.27,2023-09-02T07:00:00Z
2023-09-30,P00036,0.04739,30,0.7442,584095.75,2023-10-02T07:00:00Z
2023-10-31,P00036,0.04739,31,0.7387,582051.42,2023-11-02T07:00:00Z
2023-11-30,P00036,0.04739,32,0.7332,580014.24,2023-12-02T07:00:00Z
2023-12-31,P00036,0.04739,33,0.7276,577984.19,2024-01-02T07:00:00Z
2024-01-31,P00036,0.04739,34,0.7221,575961.24,2024-02-02T07:00:00Z
2024-02-29,P00036,0.04739,35,0.7166,573945.38,2024-03-02T07:00:00Z
2024-03-31,P00036,0.04739,36,0.7111,571936.57,2024-04-02T07:00:00Z
2024-04-30,P00036,0.04739,37,0.7056,569934.79,2024-05-02T07:00:00Z
2024-05-31,P00036,0.04739,38,0.7,567940.02,2024-06-02T07:00:00Z
2024-06-30,P00036,0.04739,39,0.6945,565952.23,2024-07-02T07:00:00Z
2024-07-31,P00036,0.04739,40,0.689,563971.4,2024-08-02T07:00:00Z
2024-08-31,P00036,0.04739,41,0.6835,561997.5,2024-09-02T07:00:00Z
2024-09-30,P00036,0.04739,42,0.678,560030.51,2024-10-02T07:00:00Z
2024-10-31,P00036,0.04739,43,0.6724,558070.4,2024-11-02T07:00:00Z
2024-11-30,P00036,0.04739,44,0.6669,556117.15,2024-12-02T07:00:00Z
2024-12-31,P00036,0.04739,45,0.6614,554170.74,2025-01-02T07:00:00Z
2025-01-31,P00036,0.04739,46,0.6559,552231.15,2025-02-02T07:00:00Z
2025-02-28,P00036,0.04739,47,0.6503,550298.34,2025-03-02T07:00:00Z
2025-03-31,P00036,0.04739,48,0.6448,548372.29,2025-04-02T07:00:00Z
2025-04-30,P00036,0.04739,49,0.6393,546452.99,2025-05-02T07:00:00Z
2025-05-31,P00036,0.04739,50,0.6338,544540.4,2025-06-02T07:00:00Z
2025-06-30,P00036,0.04739,51,0.6283,542634.51,2025-07-02T07:00:00Z
2025-07-31,P00036,0.04739,52,0.6227,540735.29,2025-08-02T07:00:00Z
2025-08-31,P00036,0.04739,53,0.6172,538842.72,2025-09-02T07:00:00Z
2025-09-30,P00036,0.04739,54,0.6117,536956.77,2025-10-02T07:00:00Z
2025-10-31,P00036,0.04739,55,0.6062,535077.42,2025-11-02T07:00:00Z
2025-11-30,P00036,0.04739,56,0.6007,533204.65,2025-12-02T07:00:00Z
2025-12-31,P00036,0.04739,57,0.5951,531338.43,2026-01-02T07:00:00Z
2023-07-31,P00037,0.06448,109,0.735,385136.98,2023-08-02T07:00:00Z
2023-08-31,P00037,0.06448,110,0.7295,383789.0,2023-09-02T07:00:00Z
2023-09-30,P00037,0.06448,111,0.7241,382445.74,2023-10-02T07:00:00Z
2023-10-31,P00037,0.06448,112,0.7187,381107.18,2023-11-02T07:00:00Z
2023-11-30,P00037,0.06448,113,0.7132,379773.3,2023-12-02T07:00:00Z
2023-12-31,P00037,0.06448,114,0.7078,378444.1,2024-01-02T07:00:00Z
2024-01-31,P00037,0.06448,115,0.7023,377119.54,2024-02-02T07:00:00Z
2024-02-29,P00037,0.06448,116,0.6969,375799.62,2024-03-02T07:00:00Z
2024-03-31,P00037,0.06448,117,0.6915,374484.33,2024-04-02T07:00:00Z
2024-04-30,P00037,0.06448,118,0.686,373173.63,2024-05-02T07:00:00Z
2024-05-31,P00037,0.06448,119,0.6806,371867.52,2024-06-02T07:00:00Z
2024-06-30,P00037,0.06448,120,0.6751,370565.99,2024-07-02T07:00:00Z
2024-07-31,P00037,0.06448,121,0.6697,369269.01,2024-08-02T07:00:00Z
2024-08-31,P00037,0.06448,122,0.6643,367976.56,2024-09-02T07:00:00Z
2024-09-30,P00037,0.06448,123,0.6588,366688.65,2024-10-02T07:00:00Z
2024-10-31,P00037,0.06448,124,0.6534,365405.24,2024-11-02T07:00:00Z
2024-11-30,P00037,0.06448,125,0.6479,364126.32,2024-12-02T07:00:00Z
2024-12-31,P00037,0.06448,126,0.6425,362851.88,2025-01-02T07:00:00Z
2025-01-31,P00037,0.06448,127,0.6371,361581.89,2025-02-02T07:00:00Z
2025-02-28,P00037,0.06448,128,0.6316,360316.36,2025-03-02T07:00:00Z
2025-03-31,P00037,0.06448,129,0.6262,359055.25,2025-04-02T07:00:00Z
2025-04-30,P00037,0.06448,130,0.6207,357798.56,2025-05-02T07:00:00Z
2025-05-31,P00037,0.06448,131,0.6153,356546.26,2025-06-02T07:00:00Z
2025-06-30,P00037,0.06448,132,0.6099,355298.35,2025-07-02T07:00:00Z
2025-07-31,P00037,0.06448,133,0.6044,354054.81,2025-08-02T07:00:00Z
2025-08-31,P00037,0.06448,134,0.599,352815.61,2025-09-02T07:00:00Z
2025-09-30,P00037,0.06448,135,0.5935,351580.76,2025-10-02T07:00:00Z
2025-10-31,P00037,0.06448,136,0.5881,350350.23,2025-11-02T07:00:00Z
2025-11-30,P00037,0.06448,137,0.5827,349124.0,2025-12-02T07:00:00Z
2025-12-31,P00037,0.06448,138,0.5772,347902.07,2026-01-02T07:00:00Z
2023-07-31,P00038,0.06332,107,0.8171,424612.56,2023-08-02T07:00:00Z
2023-08-31,P00038,0.06332,108,0.8113,423126.42,2023-09-02T07:00:00Z
2023-09-30,P00038,0.06332,109,0.8055,421645.47,2023-10-02T07:00:00Z
2023-10-31,P00038,0.06332,110,0.7998,420169.71,2023-11-02T07:00:00Z
2023-11-30,P00038,0.06332,111,0.794,418699.12,2023-12-02T07:00:00Z
2023-12-31,P00038,0.06332,112,0.7882,417233.67,2024-01-02T07:00:00Z
2024-01-31,P00038,0.06332,113,0.7825,415773.36,2024-02-02T07:00:00Z
2024-02-29,P00038,0.06332,114,0.7767,414318.15,2024-03-02T07:00:00Z
2024-03-31,P00038,0.06332,115,0.7709,412868.04,2024-04-02T07:00:00Z
2024-04-30,P00038,0.06332,116,0.7652,411423.0,2024-05-02T07:00:00Z
2024-05-31,P00038,0.06332,117,0.7594,409983.02,2024-06-02T07:00:00Z
2024-06-30,P00038,0.06332,118,0.7536,408548.08,2024-07-02T07:00:00Z
2024-07-31,P00038,0.06332,119,0.7479,407118.16,2024-08-02T07:00:00Z
2024-08-31,P00038,0.06332,120,0.7421,405693.24,2024-09-02T07:00:00Z
2024-09-30,P00038,0.06332,121,0.7363,404273.32,2024-10-02T07:00:00Z
2024-10-31,P00038,0.06332,122,0.7305,402858.36,2024-11-02T07:00:00Z
2023-07-31,P00039,0.05965,35,0.485,604257.53,2023-08-02T07:00:00Z
2023-08-31,P00039,0.05965,36,0.4805,602142.63,2023-09-02T07:00:00Z
2023-09-30,P00039,0.05965,37,0.4761,600035.13,2023-10-02T07:00:00Z
2023-10-31,P00039,0.05965,38,0.4716,597935.01,2023-11-02T07:00:00Z
2023-11-30,P00039,0.05965,39,0.4672,595842.23,2023-12-02T07:00:00Z
2023-12-31,P00039,0.05965,40,0.4628,593756.79,2024-01-02T07:00:00Z
2024-01-31,P00039,0.05965,41,0.4583,591678.64,2024-02-02T07:00:00Z
2024-02-29,P00039,0.05965,42,0.4539,589607.76,2024-03-02T07:00:00Z
2024-03-31,P00039,0.05965,43,0.4494,587544.14,2024-04-02T07:00:00Z
2024-04-30,P00039,0.05965,44,0.445,585487.73,2024-05-02T07:00:00Z
2024-05-31,P00039,0.05965,45,0.4406,583438.52,2024-06-02T07:00:00Z
2024-06-30,P00039,0.05965,46,0.4361,581396.49,2024-07-02T07:00:00Z
2024-07-31,P00039,0.05965,47,0.4317,579361.6,2024-08-02T07:00:00Z
2024-08-31,P00039,0.05965,48,0.4272,577333.84,2024-09-02T07:00:00Z
2024-09-30,P00039,0.05965,49,0.4228,575313.17,2024-10-02T07:00:00Z
2024-10-31,P00039,0.05965,50,0.4184,573299.57,2024-11-02T07:00:00Z
2024-11-30,P00039,0.05965,51,0.4139,571293.02,2024-12-02T07:00:00Z
2024-12-31,P00039,0.05965,52,0.4095,569293.5,2025-01-02T07:00:00Z
2025-01-31,P00039,0.05965,53,0.405,567300.97,2025-02-02T07:00:00Z
2025-02-28,P00039,0.05965,54,0.4006,565315.42,2025-03-02T07:00:00Z
2025-03-31,P00039,0.05965,55,0.3962,563336.81,2025-04-02T07:00:00Z
2025-04-30,P00039,0.05965,56,0.3917,561365.13,2025-05-02T07:00:00Z
2025-05-31,P00039,0.05965,57,0.3873,559400.36,2025-06-02T07:00:00Z
2025-06-30,P00039,0.05965,58,0.3828,557442.45,2025-07-02T07:00:00Z
2025-07-31,P00039,0.05965,59,0.3784,555491.41,2025-08-02T07:00:00Z
2025-08-31,P00039,0.05965,60,0.374,553547.19,2025-09-02T07:00:00Z
2025-09-30,P00039,0.05965,61,0.3695,551609.77,2025-10-02T07:00:00Z
2025-10-31,P00039,0.05965,62,0.3651,549679.14,2025-11-02T07:00:00Z
2025-11-30,P00039,0.05965,63,0.3606,547755.26,2025-12-02T07:00:00Z
2025-12-31,P00039,0.05965,64,0.3562,545838.12,2026-01-02T07:00:00Z
2023-07-31,P00040,0.04032,24,0.6584,341616.41,2023-08-02T07:00:00Z
2023-08-31,P00040,0.04032,25,0.6533,340420.75,2023-09-02T07:00:00Z
2023-09-30,P00040,0.04032,26,0.6481,339229.28,2023-10-02T07:00:00Z
2023-10-31,P00040,0.04032,27,0.643,338041.98,2023-11-02T07:00:00Z
2023-11-30,P00040,0.04032,28,0.6379,336858.83,2023-12-02T07:00:00Z
2023-12-31,P00040,0.04032,29,0.6327,335679.82,2024-01-02T07:00:00Z
2024-01-31,P00040,0.04032,30,0.6276,334504.95,2024-02-02T07:00:00Z
2024-02-29,P00040,0.04032,31,0.6225,333334.18,2024-03-02T07:00:00Z
2024-03-31,P00040,0.04032,32,0.6173,332167.51,2024-04-02T07:00:00Z
2024-04-30,P00040,0.04032,33,0.6122,331004.92,2024-05-02T07:00:00Z
2024-05-31,P00040,0.04032,34,0.6071,329846.4,2024-06-02T07:00:00Z
2024-06-30,P00040,0.04032,35,0.6019,328691.94,2024-07-02T07:00:00Z
2024-07-31,P00040,0.04032,36,0.5968,327541.52,2024-08-02T07:00:00Z
2024-08-31,P00040,0.04032,37,0.5917,326395.13,2024-09-02T07:00:00Z
2024-09-30,P00040,0.04032,38,0.5865,325252.74,2024-10-02T07:00:00Z
2024-10-31,P00040,0.04032,39,0.5814,324114.36,2024-11-02T07:00:00Z
2024-11-30,P00040,0.04032,40,0.5763,322979.96,2024-12-02T07:00:00Z
2024-12-31,P00040,0.04032,41,0.5711,321849.53,2025-01-02T07:00:00Z
2025-01-31,P00040,0.04032,42,0.566,320723.05,2025-02-02T07:00:00Z
2025-02-28,P00040,0.04032,43,0.5609,319600.52,2025-03-02T07:00:00Z
2025-03-31,P00040,0.04032,44,0.5557,318481.92,2025-04-02T07:00:00Z
2025-04-30,P00040,0.04032,45,0.5506,317367.24,2025-05-02T07:00:00Z
2025-05-31,P00040,0.04032,46,0.5455,316256.45,2025-06-02T07:00:00Z
2025-06-30,P00040,0.04032,47,0.5403,315149.55,2025-07-02T07:00:00Z
2025-07-31,P00040,0.04032,48,0.5352,314046.53,2025-08-02T07:00:00Z
2025-08-31,P00040,0.04032,49,0.5301,312947.37,2025-09-02T07:00:00Z
2025-09-30,P00040,0.04032,50,0.5249,311852.05,2025-10-02T07:00:00Z
2025-10-31,P00040,0.04032,51,0.5198,310760.57,2025-11-02T07:00:00Z
2025-11-30,P00040,0.04032,52,0.5147,309672.91,2025-12-02T07:00:00Z
2025-12-31,P00040,0.04032,53,0.5095,308589.05,2026-01-02T07:00:00Z
2023-07-31,P00041,0.05462,100,0.8234,482059.74,2023-08-02T07:00:00Z
2023-08-31,P00041,0.05462,101,0.8176,480372.53,2023-09-02T07:00:00Z
2023-09-30,P00041,0.05462,102,0.8118,478691.23,2023-10-02T07:00:00Z
2023-10-31,P00041,0.05462,103,0.806,477015.81,2023-11-02T07:00:00Z
2023-11-30,P00041,0.05462,104,0.8002,475346.25,2023-12-02T07:00:00Z
2023-12-31,P00041,0.05462,105,0.7944,473682.54,2024-01-02T07:00:00Z
2024-01-31,P00041,0.05462,106,0.7886,472024.65,2024-02-02T07:00:00Z
2024-02-29,P00041,0.05462,107,0.7828,470372.57,2024-03-02T07:00:00Z
2024-03-31,P00041,0.05462,108,0.777,468726.26,2024-04-02T07:00:00Z
2024-04-30,P00041,0.05462,109,0.7712,467085.72,2024-05-02T07:00:00Z
2024-05-31,P00041,0.05462,110,0.7654,465450.92,2024-06-02T07:00:00Z
2024-06-30,P00041,0.05462,111,0.7596,463821.84,2024-07-02T07:00:00Z
2024-07-31,P00041,0.05462,112,0.7538,462198.46,2024-08-02T07:00:00Z
2024-08-31,P00041,0.05462,113,0.748,460580.77,2024-09-02T07:00:00Z
2024-09-30,P00041,0.05462,114,0.7422,458968.74,2024-10-02T07:00:00Z
2024-10-31,P00041,0.05462,115,0.7365,457362.35,2024-11-02T07:00:00Z
2024-11-30,P00041,0.05462,116,0.7307,455761.58,2024-12-02T07:00:00Z
2024-12-31,P00041,0.05462,117,0.7249,454166.41,2025-01-02T07:00:00Z
2025-01-31,P00041,0.05462,118,0.7191,452576.83,2025-02-02T07:00:00Z
2025-02-28,P00041,0.05462,119,0.7133,450992.81,2025-03-02T07:00:00Z
2025-03-31,P00041,0.05462,120,0.7075,449414.34,2025-04-02T07:00:00Z
2025-04-30,P00041,0.05462,121,0.7017,447841.39,2025-05-02T07:00:00Z
2025-05-31,P00041,0.05462,122,0.6959,446273.94,2025-06-02T07:00:00Z
2025-06-30,P00041,0.05462,123,0.6901,444711.98,2025-07-02T07:00:00Z
2025-07-31,P00041,0.05462,124,0.6843,443155.49,2025-08-02T07:00:00Z
2025-08-31,P00041,0.05462,125,0.6785,441604.45,2025-09-02T07:00:00Z
2025-09-30,P00041,0.05462,126,0.6727,440058.83,2025-10-02T07:00:00Z
2025-10-31,P00041,0.05462,127,0.6669,438518.63,2025-11-02T07:00:00Z
2025-11-30,P00041,0.05462,128,0.6611,436983.81,2025-12-02T07:00:00Z
2025-12-31,P00041,0.05462,129,0.6553,435454.37,2026-01-02T07:00:00Z
2023-07-31,P00042,0.05799,102,0.6401,220364.31,2023-08-02T07:00:00Z
2023-08-31,P00042,0.05799,103,0.6351,219593.03,2023-09-02T07:00:00Z
2023-09-30,P00042,0.05799,104,0.63,218824.46,2023-10-02T07:00:00Z
2023-10-31,P00042,0.05799,105,0.625,218058.57,2023-11-02T07:00:00Z
2023-11-30,P00042,0.05799,106,0.6199,217295.37,2023-12-02T07:00:00Z
2023-12-31,P00042,0.05799,107,0.6148,216534.83,2024-01-02T07:00:00Z
2024-01-31,P00042,0.05799,108,0.6098,215776.96,2024-02-02T07:00:00Z
2024-02-29,P00042,0.05799,109,0.6047,215021.74,2024-03-02T07:00:00Z
2024-03-31,P00042,0.05799,110,0.5997,214269.17,2024-04-02T07:00:00Z
2024-04-30,P00042,0.05799,111,0.5946,213519.23,2024-05-02T07:00:00Z
2024-05-31,P00042,0.05799,112,0.5895,212771.91,2024-06-02T07:00:00Z
2024-06-30,P00042,0.05799,113,0.5845,212027.21,2024-07-02T07:00:00Z
2024-07-31,P00042,0.05799,114,0.5794,211285.11,2024-08-02T07:00:00Z
2024-08-31,P00042,0.05799,115,0.5744,210545.61,2024-09-02T07:00:00Z
2024-09-30,P00042,0.05799,116,0.5693,209808.7,2024-10-02T07:00:00Z
2024-10-31,P00042,0.05799,117,0.5642,209074.37,2024-11-02T07:00:00Z
2024-11-30,P00042,0.05799,118,0.5592,208342.61,2024-12-02T07:00:00Z
2024-12-31,P00042,0.05799,119,0.5541,207613.41,2025-01-02T07:00:00Z
2025-01-31,P00042,0.05799,120,0.5491,206886.77,2025-02-02T07:00:00Z
2025-02-28,P00042,0.05799,121,0.544,206162.66,2025-03-02T07:00:00Z
2025-03-31,P00042,0.05799,122,0.5389,205441.09,2025-04-02T07:00:00Z
2025-04-30,P00042,0.05799,123,0.5339,204722.05,2025-05-02T07:00:00Z
2025-05-31,P00042,0.05799,124,0.5288,204005.52,2025-06-02T07:00:00Z
2025-06-30,P00042,0.05799,125,0.5238,203291.5,2025-07-02T07:00:00Z
2025-07-31,P00042,0.05799,126,0.5187,202579.98,2025-08-02T07:00:00Z
2025-08-31,P00042,0.05799,127,0.5136,201870.95,2025-09-02T07:00:00Z
2025-09-30,P00042,0.05799,128,0.5086,201164.4,2025-10-02T07:00:00Z
2025-10-31,P00042,0.05799,129,0.5035,200460.33,2025-11-02T07:00:00Z
2025-11-30,P00042,0.05799,130,0.4985,199758.72,2025-12-02T07:00:00Z
2025-12-31,P00042,0.05799,131,0.4934,199059.56,2026-01-02T07:00:00Z
2023-07-31,P00043,0.05158,88,0.7283,416477.21,2023-08-02T07:00:00Z
2023-08-31,P00043,0.05158,89,0.7229,415019.54,2023-09-02T07:00:00Z
2023-09-30,P00043,0.05158,90,0.7174,413566.97,2023-10-02T07:00:00Z
2023-10-31,P00043,0.05158,91,0.712,412119.49,2023-11-02T07:00:00Z
2023-11-30,P00043,0.05158,92,0.7066,410677.07,2023-12-02T07:00:00Z
2023-12-31,P00043,0.05158,93,0.7012,409239.7,2024-01-02T07:00:00Z
2024-01-31,P00043,0.05158,94,0.6958,407807.36,2024-02-02T07:00:00Z
2024-02-29,P00043,0.05158,95,0.6904,406380.03,2024-03-02T07:00:00Z
2024-03-31,P00043,0.05158,96,0.685,404957.7,2024-04-02T07:00:00Z
2024-04-30,P00043,0.05158,97,0.6796,403540.35,2024-05-02T07:00:00Z
2024-05-31,P00043,0.05158,98,0.6741,402127.96,2024-06-02T07:00:00Z
2024-06-30,P00043,0.05158,99,0.6687,400720.51,2024-07-02T07:00:00Z
2024-07-31,P00043,0.05158,100,0.6633,399317.99,2024-08-02T07:00:00Z
2024-08-31,P00043,0.05158,101,0.6579,397920.38,2024-09-02T07:00:00Z
2024-09-30,P00043,0.05158,102,0.6525,396527.66,2024-10-02T07:00:00Z
2024-10-31,P00043,0.05158,103,0.6471,395139.81,2024-11-02T07:00:00Z
2024-11-30,P00043,0.05158,104,0.6417,393756.82,2024-12-02T07:00:00Z
2024-12-31,P00043,0.05158,105,0.6362,392378.67,2025-01-02T07:00:00Z
2025-01-31,P00043,0.05158,106,0.6308,391005.35,2025-02-02T07:00:00Z
2025-02-28,P00043,0.05158,107,0.6254,389636.83,2025-03-02T07:00:00Z
2025-03-31,P00043,0.05158,108,0.62,388273.1,2025-04-02T07:00:00Z
2025-04-30,P00043,0.05158,109,0.6146,386914.14,2025-05-02T07:00:00Z
2025-05-31,P00043,0.05158,110,0.6092,385559.94,2025-06-02T07:00:00Z
2025-06-30,P00043,0.05158,111,0.6038,384210.48,2025-07-02T07:00:00Z
2025-07-31,P00043,0.05158,112,0.5984,382865.75,2025-08-02T07:00:00Z
2025-08-31,P00043,0.05158,113,0.5929,381525.72,2025-09-02T07:00:00Z
2025-09-30,P00043,0.05158,114,0.5875,380190.38,2025-10-02T07:00:00Z
2025-10-31,P00043,0.05158,115,0.5821,378859.71,2025-11-02T07:00:00Z
2025-11-30,P00043,0.05158,116,0.5767,377533.7,2025-12-02T07:00:00Z
2025-12-31,P00043,0.05158,117,0.5713,376212.33,2026-01-02T07:00:00Z
2023-07-31,P00044,0.04631,133,0.8611,273899.04,2023-08-02T07:00:00Z
2023-08-31,P00044,0.04631,134,0.8551,272940.39,2023-09-02T07:00:00Z
2023-09-30,P00044,0.04631,135,0.8492,271985.1,2023-10-02T07:00:00Z
2023-10-31,P00044,0.04631,136,0.8433,271033.15,2023-11-02T07:00:00Z
2023-11-30,P00044,0.04631,137,0.8373,270084.54,2023-12-02T07:00:00Z
2023-12-31,P00044,0.04631,138,0.8314,269139.24,2024-01-02T07:00:00Z
2024-01-31,P00044,0.04631,139,0.8254,268197.25,2024-02-02T07:00:00Z
2024-02-29,P00044,0.04631,140,0.8195,267258.56,2024-03-02T07:00:00Z
2024-03-31,P00044,0.04631,141,0.8135,266323.16,2024-04-02T07:00:00Z
2024-04-30,P00044,0.04631,142,0.8076,265391.03,2024-05-02T07:00:00Z
2023-07-31,P00045,0.06568,139,0.9172,612039.79,2023-08-02T07:00:00Z
2023-08-31,P00045,0.06568,140,0.911,609897.65,2023-09-02T07:00:00Z
2023-09-30,P00045,0.06568,141,0.9048,607763.01,2023-10-02T07:00:00Z
2023-10-31,P00045,0.06568,142,0.8987,605635.84,2023-11-02T07:00:00Z
2023-11-30,P00045,0.06568,143,0.8925,603516.11,2023-12-02T07:00:00Z
2023-12-31,P00045,0.06568,144,0.8863,601403.81,2024-01-02T07:00:00Z
2024-01-31,P00045,0.06568,145,0.8801,599298.89,2024-02-02T07:00:00Z
2024-02-29,P00045,0.06568,146,0.874,597201.35,2024-03-02T07:00:00Z
2024-03-31,P00045,0.06568,147,0.8678,595111.14,2024-04-02T07:00:00Z
2024-04-30,P00045,0.06568,148,0.8616,593028.25,2024-05-02T07:00:00Z
2024-05-31,P00045,0.06568,149,0.8555,590952.65,2024-06-02T07:00:00Z
2024-06-30,P00045,0.06568,150,0.8493,588884.32,2024-07-02T07:00:00Z
2024-07-31,P00045,0.06568,151,0.8431,586823.23,2024-08-02T07:00:00Z
2024-08-31,P00045,0.06568,152,0.837,584769.34,2024-09-02T07:00:00Z
2024-09-30,P00045,0.06568,153,0.8308,582722.65,2024-10-02T07:00:00Z
2024-10-31,P00045,0.06568,154,0.8246,580683.12,2024-11-02T07:00:00Z
2024-11-30,P00045,0.06568,155,0.8185,578650.73,2024-12-02T07:00:00Z
2024-12-31,P00045,0.06568,156,0.8123,576625.45,2025-01-02T07:00:00Z
2025-01-31,P00045,0.06568,157,0.8061,574607.26,2025-02-02T07:00:00Z
2025-02-28,P00045,0.06568,158,0.8,572596.14,2025-03-02T07:00:00Z
2025-03-31,P00045,0.06568,159,0.7938,570592.05,2025-04-02T07:00:00Z
2025-04-30,P00045,0.06568,160,0.7876,568594.98,2025-05-02T07:00:00Z
2025-05-31,P00045,0.06568,161,0.7814,566604.9,2025-06-02T07:00:00Z
2025-06-30,P00045,0.06568,162,0.7753,564621.78,2025-07-02T07:00:00Z
2023-07-31,P00046,0.05586,75,0.7363,639568.78,2023-08-02T07:00:00Z
2023-08-31,P00046,0.05586,76,0.7308,637330.29,2023-09-02T07:00:00Z
2023-09-30,P00046,0.05586,77,0.7254,635099.63,2023-10-02T07:00:00Z
2023-10-31,P00046,0.05586,78,0.7199,632876.78,2023-11-02T07:00:00Z
2023-11-30,P00046,0.05586,79,0.7145,630661.72,2023-12-02T07:00:00Z
2023-12-31,P00046,0.05586,80,0.7091,628454.4,2024-01-02T07:00:00Z
2024-01-31,P00046,0.05586,81,0.7036,626254.81,2024-02-02T07:00:00Z
2024-02-29,P00046,0.05586,82,0.6982,624062.92,2024-03-02T07:00:00Z
2024-03-31,P00046,0.05586,83,0.6927,621878.7,2024-04-02T07:00:00Z
2024-04-30,P00046,0.05586,84,0.6873,619702.12,2024-05-02T07:00:00Z
2024-05-31,P00046,0.05586,85,0.6818,617533.16,2024-06-02T07:00:00Z
2024-06-30,P00046,0.05586,86,0.6764,615371.8,2024-07-02T07:00:00Z
2024-07-31,P00046,0.05586,87,0.6709,613218.0,2024-08-02T07:00:00Z
2024-08-31,P00046,0.05586,88,0.6655,611071.73,2024-09-02T07:00:00Z
2024-09-30,P00046,0.05586,89,0.66,608932.98,2024-10-02T07:00:00Z
2024-10-31,P00046,0.05586,90,0.6546,606801.72,2024-11-02T07:00:00Z
2024-11-30,P00046,0.05586,91,0.6492,604677.91,2024-12-02T07:00:00Z
2024-12-31,P00046,0.05586,92,0.6437,602561.54,2025-01-02T07:00:00Z
2025-01-31,P00046,0.05586,93,0.6383,600452.57,2025-02-02T07:00:00Z
2025-02-28,P00046,0.05586,94,0.6328,598350.99,2025-03-02T07:00:00Z
2025-03-31,P00046,0.05586,95,0.6274,596256.76,2025-04-02T07:00:00Z
2025-04-30,P00046,0.05586,96,0.6219,594169.86,2025-05-02T07:00:00Z
2025-05-31,P00046,0.05586,97,0.6165,592090.27,2025-06-02T07:00:00Z
2025-06-30,P00046,0.05586,98,0.611,590017.95,2025-07-02T07:00:00Z
2025-07-31,P00046,0.05586,99,0.6056,587952.89,2025-08-02T07:00:00Z
2025-08-31,P00046,0.05586,100,0.6001,585895.05,2025-09-02T07:00:00Z
2025-09-30,P00046,0.05586,101,0.5947,583844.42,2025-10-02T07:00:00Z
2025-10-31,P00046,0.05586,102,0.5893,581800.97,2025-11-02T07:00:00Z
2025-11-30,P00046,0.05586,103,0.5838,579764.66,2025-12-02T07:00:00Z
2025-12-31,P00046,0.05586,104,0.5784,577735.49,2026-01-02T07:00:00Z
2023-07-31,P00047,0.06898,109,0.4915,126408.7,2023-08-02T07:00:00Z
2023-08-31,P00047,0.06898,110,0.487,125966.27,2023-09-02T07:00:00Z
2023-09-30,P00047,0.06898,111,0.4825,125525.39,2023-10-02T07:00:00Z
2023-10-31,P00047,0.06898,112,0.4781,125086.05,2023-11-02T07:00:00Z
2023-11-30,P00047,0.06898,113,0.4736,124648.25,2023-12-02T07:00:00Z
2023-12-31,P00047,0.06898,114,0.4692,124211.98,2024-01-02T07:00:00Z
2024-01-31,P00047,0.06898,115,0.4647,123777.24,2024-02-02T07:00:00Z
2024-02-29,P00047,0.06898,116,0.4602,123344.02,2024-03-02T07:00:00Z
2024-03-31,P00047,0.06898,117,0.4558,122912.31,2024-04-02T07:00:00Z
2024-04-30,P00047,0.06898,118,0.4513,122482.12,2024-05-02T07:00:00Z
2023-07-31,P00048,0.04552,79,0.3729,221238.37,2023-08-02T07:00:00Z
2023-08-31,P00048,0.04552,80,0.3689,220464.04,2023-09-02T07:00:00Z
2023-09-30,P00048,0.04552,81,0.3649,219692.41,2023-10-02T07:00:00Z
2023-10-31,P00048,0.04552,82,0.3609,218923.49,2023-11-02T07:00:00Z
2023-11-30,P00048,0.04552,83,0.3569,218157.26,2023-12-02T07:00:00Z
2023-12-31,P00048,0.04552,84,0.3529,217393.71,2024-01-02T07:00:00Z
2024-01-31,P00048,0.04552,85,0.349,216632.83,2024-02-02T07:00:00Z
2024-02-29,P00048,0.04552,86,0.345,215874.61,2024-03-02T07:00:00Z
2024-03-31,P00048,0.04552,87,0.341,215119.05,2024-04-02T07:00:00Z
2024-04-30,P00048,0.04552,88,0.337,214366.13,2024-05-02T07:00:00Z
2024-05-31,P00048,0.04552,89,0.333,213615.85,2024-06-02T07:00:00Z
2024-06-30,P00048,0.04552,90,0.329,212868.2,2024-07-02T07:00:00Z
2024-07-31,P00048,0.04552,91,0.325,212123.16,2024-08-02T07:00:00Z
2024-08-31,P00048,0.04552,92,0.321,211380.73,2024-09-02T07:00:00Z
2024-09-30,P00048,0.04552,93,0.317,210640.9,2024-10-02T07:00:00Z
2024-10-31,P00048,0.04552,94,0.313,209903.65,2024-11-02T07:00:00Z
2024-11-30,P00048,0.04552,95,0.309,209168.99,2024-12-02T07:00:00Z
2024-12-31,P00048,0.04552,96,0.305,208436.9,2025-01-02T07:00:00Z
2025-01-31,P00048,0.04552,97,0.3011,207707.37,2025-02-02T07:00:00Z
2025-02-28,P00048,0.04552,98,0.2971,206980.39,2025-03-02T07:00:00Z
2025-03-31,P00048,0.04552,99,0.2931,206255.96,2025-04-02T07:00:00Z
2025-04-30,P00048,0.04552,100,0.2891,205534.07,2025-05-02T07:00:00Z
2025-05-31,P00048,0.04552,101,0.2851,204814.7,2025-06-02T07:00:00Z
2025-06-30,P00048,0.04552,102,0.2811,204097.85,2025-07-02T07:00:00Z
2025-07-31,P00048,0.04552,103,0.2771,203383.5,2025-08-02T07:00:00Z
2025-08-31,P00048,0.04552,104,0.2731,202671.66,2025-09-02T07:00:00Z
2025-09-30,P00048,0.04552,105,0.2691,201962.31,2025-10-02T07:00:00Z
2025-10-31,P00048,0.04552,106,0.2651,201255.44,2025-11-02T07:00:00Z
2025-11-30,P00048,0.04552,107,0.2611,200551.05,2025-12-02T07:00:00Z
2025-12-31,P00048,0.04552,108,0.2571,199849.12,2026-01-02T07:00:00Z
2023-07-31,P00049,0.06509,125,0.4597,657348.8,2023-08-02T07:00:00Z
2023-08-31,P00049,0.06509,126,0.4553,655048.08,2023-09-02T07:00:00Z
2023-09-30,P00049,0.06509,127,0.451,652755.41,2023-10-02T07:00:00Z
2023-10-31,P00049,0.06509,128,0.4466,650470.77,2023-11-02T07:00:00Z
2023-11-30,P00049,0.06509,129,0.4423,648194.12,2023-12-02T07:00:00Z
2023-12-31,P00049,0.06509,130,0.438,645925.44,2024-01-02T07:00:00Z
2024-01-31,P00049,0.06509,131,0.4336,643664.7,2024-02-02T07:00:00Z
2024-02-29,P00049,0.06509,132,0.4293,641411.87,2024-03-02T07:00:00Z
2024-03-31,P00049,0.06509,133,0.425,639166.93,2024-04-02T07:00:00Z
2024-04-30,P00049,0.06509,134,0.4206,636929.85,2024-05-02T07:00:00Z
2024-05-31,P00049,0.06509,135,0.4163,634700.59,2024-06-02T07:00:00Z
2024-06-30,P00049,0.06509,136,0.4119,632479.14,2024-07-02T07:00:00Z
2024-07-31,P00049,0.06509,137,0.4076,630265.47,2024-08-02T07:00:00Z
2024-08-31,P00049,0.06509,138,0.4033,628059.54,2024-09-02T07:00:00Z
2024-09-30,P00049,0.06509,139,0.3989,625861.33,2024-10-02T07:00:00Z
2024-10-31,P00049,0.06509,140,0.3946,623670.81,2024-11-02T07:00:00Z
2024-11-30,P00049,0.06509,141,0.3902,621487.97,2024-12-02T07:00:00Z
2024-12-31,P00049,0.06509,142,0.3859,619312.76,2025-01-02T07:00:00Z
2025-01-31,P00049,0.06509,143,0.3816,617145.16,2025-02-02T07:00:00Z
2025-02-28,P00049,0.06509,144,0.3772,614985.15,2025-03-02T07:00:00Z
2025-03-31,P00049,0.06509,145,0.3729,612832.71,2025-04-02T07:00:00Z
2025-04-30,P00049,0.06509,146,0.3686,610687.79,2025-05-02T07:00:00Z
2025-05-31,P00049,0.06509,147,0.3642,608550.38,2025-06-02T07:00:00Z
2025-06-30,P00049,0.06509,148,0.3599,606420.46,2025-07-02T07:00:00Z
2025-07-31,P00049,0.06509,149,0.3555,604297.99,2025-08-02T07:00:00Z
2025-08-31,P00049,0.06509,150,0.3512,602182.94,2025-09-02T07:00:00Z
2025-09-30,P00049,0.06509,151,0.3469,600075.3,2025-10-02T07:00:00Z
2025-10-31,P00049,0.06509,152,0.3425,597975.04,2025-11-02T07:00:00Z
2025-11-30,P00049,0.06509,153,0.3382,595882.13,2025-12-02T07:00:00Z
2025-12-31,P00049,0.06509,154,0.3338,593796.54,2026-01-02T07:00:00Z
2023-07-31,P00050,0.05744,86,0.8475,412197.48,2023-08-02T07:00:00Z
2023-08-31,P00050,0.05744,87,0.8416,410754.79,2023-09-02T07:00:00Z
2023-09-30,P00050,0.05744,88,0.8357,409317.15,2023-10-02T07:00:00Z
2023-10-31,P00050,0.05744,89,0.8298,407884.54,2023-11-02T07:00:00Z
2023-11-30,P00050,0.05744,90,0.8239,406456.94,2023-12-02T07:00:00Z
2023-12-31,P00050,0.05744,91,0.818,405034.34,2024-01-02T07:00:00Z
2024-01-31,P00050,0.05744,92,0.8121,403616.72,2024-02-02T07:00:00Z
2024-02-29,P00050,0.05744,93,0.8062,402204.06,2024-03-02T07:00:00Z
2024-03-31,P00050,0.05744,94,0.8004,400796.35,2024-04-02T07:00:00Z
2024-04-30,P00050,0.05744,95,0.7945,399393.56,2024-05-02T07:00:00Z
2024-05-31,P00050,0.05744,96,0.7886,397995.68,2024-06-02T07:00:00Z
2024-06-30,P00050,0.05744,97,0.7827,396602.7,2024-07-02T07:00:00Z
2024-07-31,P00050,0.05744,98,0.7768,395214.59,2024-08-02T07:00:00Z
2024-08-31,P00050,0.05744,99,0.7709,393831.34,2024-09-02T07:00:00Z
2024-09-30,P00050,0.05744,100,0.765,392452.93,2024-10-02T07:00:00Z
2024-10-31,P00050,0.05744,101,0.7591,391079.34,2024-11-02T07:00:00Z
2024-11-30,P00050,0.05744,102,0.7532,389710.57,2024-12-02T07:00:00Z
2024-12-31,P00050,0.05744,103,0.7473,388346.58,2025-01-02T07:00:00Z
2025-01-31,P00050,0.05744,104,0.7415,386987.37,2025-02-02T07:00:00Z
2025-02-28,P00050,0.05744,105,0.7356,385632.91,2025-03-02T07:00:00Z
2025-03-31,P00050,0.05744,106,0.7297,384283.2,2025-04-02T07:00:00Z
2025-04-30,P00050,0.05744,107,0.7238,382938.2,2025-05-02T07:00:00Z
2025-05-31,P00050,0.05744,108,0.7179,381597.92,2025-06-02T07:00:00Z
2025-06-30,P00050,0.05744,109,0.712,380262.33,2025-07-02T07:00:00Z
2025-07-31,P00050,0.05744,110,0.7061,378931.41,2025-08-02T07:00:00Z
2025-08-31,P00050,0.05744,111,0.7002,377605.15,2025-09-02T07:00:00Z
2025-09-30,P00050,0.05744,112,0.6943,376283.53,2025-10-02T07:00:00Z
2025-10-31,P00050,0.05744,113,0.6884,374966.54,2025-11-02T07:00:00Z
2025-11-30,P00050,0.05744,114,0.6826,373654.16,2025-12-02T07:00:00Z
2025-12-31,P00050,0.05744,115,0.6767,372346.37,2026-01-02T07:00:00Z
2023-07-31,P00051,0.06771,56,0.6258,522999.64,2023-08-02T07:00:00Z
2023-08-31,P00051,0.06771,57,0.6207,521169.14,2023-09-02T07:00:00Z
2023-09-30,P00051,0.06771,58,0.6157,519345.05,2023-10-02T07:00:00Z
2023-10-31,P00051,0.06771,59,0.6107,517527.34,2023-11-02T07:00:00Z
2023-11-30,P00051,0.06771,60,0.6057,515716.0,2023-12-02T07:00:00Z
2023-12-31,P00051,0.06771,61,0.6007,513910.99,2024-01-02T07:00:00Z
2024-01-31,P00051,0.06771,62,0.5957,512112.3,2024-02-02T07:00:00Z
2024-02-29,P00051,0.06771,63,0.5907,510319.91,2024-03-02T07:00:00Z
2024-03-31,P00051,0.06771,64,0.5857,508533.79,2024-04-02T07:00:00Z
2024-04-30,P00051,0.06771,65,0.5807,506753.92,2024-05-02T07:00:00Z
2024-05-31,P00051,0.06771,66,0.5757,504980.28,2024-06-02T07:00:00Z
2024-06-30,P00051,0.06771,67,0.5707,503212.85,2024-07-02T07:00:00Z
2024-07-31,P00051,0.06771,68,0.5657,501451.61,2024-08-02T07:00:00Z
2024-08-31,P00051,0.06771,69,0.5607,499696.53,2024-09-02T07:00:00Z
2024-09-30,P00051,0.06771,70,0.5557,497947.59,2024-10-02T07:00:00Z
2024-10-31,P00051,0.06771,71,0.5507,496204.77,2024-11-02T07:00:00Z
2024-11-30,P00051,0.06771,72,0.5457,494468.05,2024-12-02T07:00:00Z
2024-12-31,P00051,0.06771,73,0.5407,492737.42,2025-01-02T07:00:00Z
2025-01-31,P00051,0.06771,74,0.5357,491012.83,2025-02-02T07:00:00Z
2025-02-28,P00051,0.06771,75,0.5307,489294.29,2025-03-02T07:00:00Z
2025-03-31,P00051,0.06771,76,0.5257,487581.76,2025-04-02T07:00:00Z
2025-04-30,P00051,0.06771,77,0.5207,485875.22,2025-05-02T07:00:00Z
2025-05-31,P00051,0.06771,78,0.5157,484174.66,2025-06-02T07:00:00Z
2025-06-30,P00051,0.06771,79,0.5107,482480.05,2025-07-02T07:00:00Z
2025-07-31,P00051,0.06771,80,0.5057,480791.37,2025-08-02T07:00:00Z
2025-08-31,P00051,0.06771,81,0.5007,479108.6,2025-09-02T07:00:00Z
2025-09-30,P00051,0.06771,82,0.4957,477431.72,2025-10-02T07:00:00Z
2025-10-31,P00051,0.06771,83,0.4907,475760.71,2025-11-02T07:00:00Z
2025-11-30,P00051,0.06771,84,0.4857,474095.55,2025-12-02T07:00:00Z
2025-12-31,P00051,0.06771,85,0.4807,472436.21,2026-01-02T07:00:00Z
2023-07-31,P00052,0.07312,65,0.9056,374842.05,2023-08-02T07:00:00Z
2023-08-31,P00052,0.07312,66,0.8994,373530.1,2023-09-02T07:00:00Z
2023-09-30,P00052,0.07312,67,0.8933,372222.75,2023-10-02T07:00:00Z
2023-10-31,P00052,0.07312,68,0.8872,370919.97,2023-11-02T07:00:00Z
2023-11-30,P00052,0.07312,69,0.8811,369621.75,2023-12-02T07:00:00Z
2023-12-31,P00052,0.07312,70,0.875,368328.07,2024-01-02T07:00:00Z
2024-01-31,P00052,0.07312,71,0.8688,367038.92,2024-02-02T07:00:00Z
2024-02-29,P00052,0.07312,72,0.8627,365754.29,2024-03-02T07:00:00Z
2024-03-31,P00052,0.07312,73,0.8566,364474.15,2024-04-02T07:00:00Z
2024-04-30,P00052,0.07312,74,0.8505,363198.49,2024-05-02T07:00:00Z
2024-05-31,P00052,0.07312,75,0.8443,361927.29,2024-06-02T07:00:00Z
2024-06-30,P00052,0.07312,76,0.8382,360660.55,2024-07-02T07:00:00Z
2024-07-31,P00052,0.07312,77,0.8321,359398.24,2024-08-02T07:00:00Z
2024-08-31,P00052,0.07312,78,0.826,358140.34,2024-09-02T07:00:00Z
2023-07-31,P00053,0.05111,12,0.7217,362529.51,2023-08-02T07:00:00Z
2023-08-31,P00053,0.05111,13,0.7163,361260.66,2023-09-02T07:00:00Z
2023-09-30,P00053,0.05111,14,0.7109,359996.24,2023-10-02T07:00:00Z
2023-10-31,P00053,0.05111,15,0.7056,358736.26,2023-11-02T07:00:00Z
2023-11-30,P00053,0.05111,16,0.7002,357480.68,2023-12-02T07:00:00Z
2023-12-31,P00053,0.05111,17,0.6948,356229.5,2024-01-02T07:00:00Z
2024-01-31,P00053,0.05111,18,0.6894,354982.7,2024-02-02T07:00:00Z
2024-02-29,P00053,0.05111,19,0.684,353740.26,2024-03-02T07:00:00Z
2024-03-31,P00053,0.05111,20,0.6786,352502.16,2024-04-02T07:00:00Z
2024-04-30,P00053,0.05111,21,0.6732,351268.41,2024-05-02T07:00:00Z
2024-05-31,P00053,0.05111,22,0.6678,350038.97,2024-06-02T07:00:00Z
2024-06-30,P00053,0.05111,23,0.6625,348813.83,2024-07-02T07:00:00Z
2024-07-31,P00053,0.05111,24,0.6571,347592.98,2024-08-02T07:00:00Z
2024-08-31,P00053,0.05111,25,0.6517,346376.41,2024-09-02T07:00:00Z
2024-09-30,P00053,0.05111,26,0.6463,345164.09,2024-10-02T07:00:00Z
2024-10-31,P00053,0.05111,27,0.6409,343956.02,2024-11-02T07:00:00Z
2024-11-30,P00053,0.05111,28,0.6355,342752.17,2024-12-02T07:00:00Z
2024-12-31,P00053,0.05111,29,0.6301,341552.54,2025-01-02T07:00:00Z
2025-01-31,P00053,0.05111,30,0.6247,340357.1,2025-02-02T07:00:00Z
2025-02-28,P00053,0.05111,31,0.6194,339165.85,2025-03-02T07:00:00Z
2025-03-31,P00053,0.05111,32,0.614,337978.77,2025-04-02T07:00:00Z
2025-04-30,P00053,0.05111,33,0.6086,336795.85,2025-05-02T07:00:00Z
2025-05-31,P00053,0.05111,34,0.6032,335617.06,2025-06-02T07:00:00Z
2025-06-30,P00053,0.05111,35,0.5978,334442.4,2025-07-02T07:00:00Z
2025-07-31,P00053,0.05111,36,0.5924,333271.85,2025-08-02T07:00:00Z
2025-08-31,P00053,0.05111,37,0.587,332105.4,2025-09-02T07:00:00Z
2025-09-30,P00053,0.05111,38,0.5817,330943.03,2025-10-02T07:00:00Z
2025-10-31,P00053,0.05111,39,0.5763,329784.73,2025-11-02T07:00:00Z
2025-11-30,P00053,0.05111,40,0.5709,328630.49,2025-12-02T07:00:00Z
2025-12-31,P00053,0.05111,41,0.5655,327480.28,2026-01-02T07:00:00Z
2023-07-31,P00054,0.05144,63,0.7535,246942.7,2023-08-02T07:00:00Z
2023-08-31,P00054,0.05144,64,0.748,246078.4,2023-09-02T07:00:00Z
2023-09-30,P00054,0.05144,65,0.7425,245217.13,2023-10-02T07:00:00Z
2023-10-31,P00054,0.05144,66,0.737,244358.87,2023-11-02T07:00:00Z
2023-11-30,P00054,0.05144,67,0.7314,243503.61,2023-12-02T07:00:00Z
2023-12-31,P00054,0.05144,68,0.7259,242651.35,2024-01-02T07:00:00Z
2024-01-31,P00054,0.05144,69,0.7204,241802.07,2024-02-02T07:00:00Z
2024-02-29,P00054,0.05144,70,0.7149,240955.76,2024-03-02T07:00:00Z
2024-03-31,P00054,0.05144,71,0.7094,240112.42,2024-04-02T07:00:00Z
2024-04-30,P00054,0.05144,72,0.7039,239272.02,2024-05-02T07:00:00Z
2024-05-31,P00054,0.05144,73,0.6984,238434.57,2024-06-02T07:00:00Z
2024-06-30,P00054,0.05144,74,0.6928,237600.05,2024-07-02T07:00:00Z
2024-07-31,P00054,0.05144,75,0.6873,236768.45,2024-08-02T07:00:00Z
2024-08-31,P00054,0.05144,76,0.6818,235939.76,2024-09-02T07:00:00Z
2024-09-30,P00054,0.05144,77,0.6763,235113.97,2024-10-02T07:00:00Z
2024-10-31,P00054,0.05144,78,0.6708,234291.07,2024-11-02T07:00:00Z
2024-11-30,P00054,0.05144,79,0.6653,233471.05,2024-12-02T07:00:00Z
2024-12-31,P00054,0.05144,80,0.6598,232653.9,2025-01-02T07:00:00Z
2025-01-31,P00054,0.05144,81,0.6542,231839.62,2025-02-02T07:00:00Z
2025-02-28,P00054,0.05144,82,0.6487,231028.18,2025-03-02T07:00:00Z
2025-03-31,P00054,0.05144,83,0.6432,230219.58,2025-04-02T07:00:00Z
2025-04-30,P00054,0.05144,84,0.6377,229413.81,2025-05-02T07:00:00Z
2025-05-31,P00054,0.05144,85,0.6322,228610.86,2025-06-02T07:00:00Z
2025-06-30,P00054,0.05144,86,0.6267,227810.72,2025-07-02T07:00:00Z
2025-07-31,P00054,0.05144,87,0.6212,227013.39,2025-08-02T07:00:00Z
2023-07-31,P00055,0.0578,106,0.6444,346608.52,2023-08-02T07:00:00Z
2023-08-31,P00055,0.0578,107,0.6393,345395.39,2023-09-02T07:00:00Z
2023-09-30,P00055,0.0578,108,0.6342,344186.51,2023-10-02T07:00:00Z
2023-10-31,P00055,0.0578,109,0.6291,342981.85,2023-11-02T07:00:00Z
2023-11-30,P00055,0.0578,110,0.6241,341781.42,2023-12-02T07:00:00Z
2023-12-31,P00055,0.0578,111,0.619,340585.18,2024-01-02T07:00:00Z
2024-01-31,P00055,0.0578,112,0.6139,339393.13,2024-02-02T07:00:00Z
2024-02-29,P00055,0.0578,113,0.6088,338205.26,2024-03-02T07:00:00Z
2024-03-31,P00055,0.0578,114,0.6037,337021.54,2024-04-02T07:00:00Z
2024-04-30,P00055,0.0578,115,0.5987,335841.96,2024-05-02T07:00:00Z
2024-05-31,P00055,0.0578,116,0.5936,334666.52,2024-06-02T07:00:00Z
2024-06-30,P00055,0.0578,117,0.5885,333495.18,2024-07-02T07:00:00Z
2024-07-31,P00055,0.0578,118,0.5834,332327.95,2024-08-02T07:00:00Z
2024-08-31,P00055,0.0578,119,0.5784,331164.8,2024-09-02T07:00:00Z
2024-09-30,P00055,0.0578,120,0.5733,330005.73,2024-10-02T07:00:00Z
2024-10-31,P00055,0.0578,121,0.5682,328850.71,2024-11-02T07:00:00Z
2024-11-30,P00055,0.0578,122,0.5631,327699.73,2024-12-02T07:00:00Z
2024-12-31,P00055,0.0578,123,0.558,326552.78,2025-01-02T07:00:00Z
2025-01-31,P00055,0.0578,124,0.553,325409.85,2025-02-02T07:00:00Z
2025-02-28,P00055,0.0578,125,0.5479,324270.91,2025-03-02T07:00:00Z
2025-03-31,P00055,0.0578,126,0.5428,323135.96,2025-04-02T07:00:00Z
2025-04-30,P00055,0.0578,127,0.5377,322004.99,2025-05-02T07:00:00Z
2025-05-31,P00055,0.0578,128,0.5327,320877.97,2025-06-02T07:00:00Z
2025-06-30,P00055,0.0578,129,0.5276,319754.9,2025-07-02T07:00:00Z
2025-07-31,P00055,0.0578,130,0.5225,318635.75,2025-08-02T07:00:00Z
2025-08-31,P00055,0.0578,131,0.5174,317520.53,2025-09-02T07:00:00Z
2025-09-30,P00055,0.0578,132,0.5123,316409.21,2025-10-02T07:00:00Z
2025-10-31,P00055,0.0578,133,0.5073,315301.78,2025-11-02T07:00:00Z
2025-11-30,P00055,0.0578,134,0.5022,314198.22,2025-12-02T07:00:00Z
2025-12-31,P00055,0.0578,135,0.4971,313098.53,2026-01-02T07:00:00Z
2023-07-31,P00056,0.05133,39,0.5927,236177.06,2023-08-02T07:00:00Z
2023-08-31,P00056,0.05133,40,0.5878,235350.44,2023-09-02T07:00:00Z
2023-09-30,P00056,0.05133,41,0.583,234526.71,2023-10-02T07:00:00Z
2023-10-31,P00056,0.05133,42,0.5781,233705.87,2023-11-02T07:00:00Z
2023-11-30,P00056,0.05133,43,0.5732,232887.9,2023-12-02T07:00:00Z
2023-12-31,P00056,0.05133,44,0.5683,232072.79,2024-01-02T07:00:00Z
2024-01-31,P00056,0.05133,45,0.5635,231260.54,2024-02-02T07:00:00Z
2024-02-29,P00056,0.05133,46,0.5586,230451.13,2024-03-02T07:00:00Z
2024-03-31,P00056,0.05133,47,0.5537,229644.55,2024-04-02T07:00:00Z
2024-04-30,P00056,0.05133,48,0.5489,228840.79,2024-05-02T07:00:00Z
2023-07-31,P00057,0.07569,79,0.7612,268529.97,2023-08-02T07:00:00Z
2023-08-31,P00057,0.07569,80,0.7556,267590.12,2023-09-02T07:00:00Z
2023-09-30,P00057,0.07569,81,0.7501,266653.55,2023-10-02T07:00:00Z
2023-10-31,P00057,0.07569,82,0.7445,265720.26,2023-11-02T07:00:00Z
2023-11-30,P00057,0.07569,83,0.739,264790.24,2023-12-02T07:00:00Z
2023-12-31,P00057,0.07569,84,0.7334,263863.48,2024-01-02T07:00:00Z
2024-01-31,P00057,0.07569,85,0.7279,262939.95,2024-02-02T07:00:00Z
2024-02-29,P00057,0.07569,86,0.7224,262019.66,2024-03-02T07:00:00Z
2024-03-31,P00057,0.07569,87,0.7168,261102.59,2024-04-02T07:00:00Z
2024-04-30,P00057,0.07569,88,0.7113,260188.74,2024-05-02T07:00:00Z
2024-05-31,P00057,0.07569,89,0.7057,259278.08,2024-06-02T07:00:00Z
2024-06-30,P00057,0.07569,90,0.7002,258370.6,2024-07-02T07:00:00Z
2024-07-31,P00057,0.07569,91,0.6946,257466.3,2024-08-02T07:00:00Z
2023-07-31,P00058,0.04531,89,0.6156,388891.63,2023-08-02T07:00:00Z
2023-08-31,P00058,0.04531,90,0.6107,387530.51,2023-09-02T07:00:00Z
2023-09-30,P00058,0.04531,91,0.6057,386174.15,2023-10-02T07:00:00Z
2023-10-31,P00058,0.04531,92,0.6007,384822.54,2023-11-02T07:00:00Z
2023-11-30,P00058,0.04531,93,0.5958,383475.66,2023-12-02T07:00:00Z
2023-12-31,P00058,0.04531,94,0.5908,382133.5,2024-01-02T07:00:00Z
2024-01-31,P00058,0.04531,95,0.5859,380796.03,2024-02-02T07:00:00Z
2024-02-29,P00058,0.04531,96,0.5809,379463.25,2024-03-02T07:00:00Z
2024-03-31,P00058,0.04531,97,0.5759,378135.12,2024-04-02T07:00:00Z
2024-04-30,P00058,0.04531,98,0.571,376811.65,2024-05-02T07:00:00Z
2024-05-31,P00058,0.04531,99,0.566,375492.81,2024-06-02T07:00:00Z
2024-06-30,P00058,0.04531,100,0.561,374178.59,2024-07-02T07:00:00Z
2024-07-31,P00058,0.04531,101,0.5561,372868.96,2024-08-02T07:00:00Z
2024-08-31,P00058,0.04531,102,0.5511,371563.92,2024-09-02T07:00:00Z
2024-09-30,P00058,0.04531,103,0.5462,370263.45,2024-10-02T07:00:00Z
2024-10-31,P00058,0.04531,104,0.5412,368967.52,2024-11-02T07:00:00Z
2024-11-30,P00058,0.04531,105,0.5362,367676.14,2024-12-02T07:00:00Z
2024-12-31,P00058,0.04531,106,0.5313,366389.27,2025-01-02T07:00:00Z
2025-01-31,P00058,0.04531,107,0.5263,365106.91,2025-02-02T07:00:00Z
2025-02-28,P00058,0.04531,108,0.5213,363829.03,2025-03-02T07:00:00Z
2025-03-31,P00058,0.04531,109,0.5164,362555.63,2025-04-02T07:00:00Z
2025-04-30,P00058,0.04531,110,0.5114,361286.69,2025-05-02T07:00:00Z
2025-05-31,P00058,0.04531,111,0.5065,360022.18,2025-06-02T07:00:00Z
2025-06-30,P00058,0.04531,112,0.5015,358762.11,2025-07-02T07:00:00Z
2025-07-31,P00058,0.04531,113,0.4965,357506.44,2025-08-02T07:00:00Z
2025-08-31,P00058,0.04531,114,0.4916,356255.17,2025-09-02T07:00:00Z
2025-09-30,P00058,0.04531,115,0.4866,355008.27,2025-10-02T07:00:00Z
2025-10-31,P00058,0.04531,116,0.4816,353765.74,2025-11-02T07:00:00Z
2025-11-30,P00058,0.04531,117,0.4767,352527.56,2025-12-02T07:00:00Z
2025-12-31,P00058,0.04531,118,0.4717,351293.72,2026-01-02T07:00:00Z
2023-07-31,P00059,0.06171,93,0.7392,547907.46,2023-08-02T07:00:00Z
2023-08-31,P00059,0.06171,94,0.7337,545989.78,2023-09-02T07:00:00Z
2023-09-30,P00059,0.06171,95,0.7283,544078.82,2023-10-02T07:00:00Z
2023-10-31,P00059,0.06171,96,0.7228,542174.54,2023-11-02T07:00:00Z
2023-11-30,P00059,0.06171,97,0.7174,540276.93,2023-12-02T07:00:00Z
2023-12-31,P00059,0.06171,98,0.7119,538385.96,2024-01-02T07:00:00Z
2024-01-31,P00059,0.06171,99,0.7064,536501.61,2024-02-02T07:00:00Z
2024-02-29,P00059,0.06171,100,0.701,534623.86,2024-03-02T07:00:00Z
2023-07-31,P00060,0.07236,18,0.6575,504197.72,2023-08-02T07:00:00Z
2023-08-31,P00060,0.07236,19,0.6523,502433.03,2023-09-02T07:00:00Z
2023-09-30,P00060,0.07236,20,0.6472,500674.51,2023-10-02T07:00:00Z
2023-10-31,P00060,0.07236,21,0.6421,498922.15,2023-11-02T07:00:00Z
2023-11-30,P00060,0.07236,22,0.637,497175.92,2023-12-02T07:00:00Z
2023-12-31,P00060,0.07236,23,0.6318,495435.81,2024-01-02T07:00:00Z
2024-01-31,P00060,0.07236,24,0.6267,493701.78,2024-02-02T07:00:00Z
2024-02-29,P00060,0.07236,25,0.6216,491973.83,2024-03-02T07:00:00Z
2024-03-31,P00060,0.07236,26,0.6164,490251.92,2024-04-02T07:00:00Z
2024-04-30,P00060,0.07236,27,0.6113,488536.04,2024-05-02T07:00:00Z
2024-05-31,P00060,0.07236,28,0.6062,486826.16,2024-06-02T07:00:00Z
2023-07-31,P00061,0.06726,73,0.5778,341246.86,2023-08-02T07:00:00Z
2023-08-31,P00061,0.06726,74,0.573,340052.5,2023-09-02T07:00:00Z
2023-09-30,P00061,0.06726,75,0.5682,338862.31,2023-10-02T07:00:00Z
2023-10-31,P00061,0.06726,76,0.5633,337676.29,2023-11-02T07:00:00Z
2023-11-30,P00061,0.06726,77,0.5585,336494.43,2023-12-02T07:00:00Z
2023-12-31,P00061,0.06726,78,0.5537,335316.7,2024-01-02T07:00:00Z
2024-01-31,P00061,0.06726,79,0.5489,334143.09,2024-02-02T07:00:00Z
2023-07-31,P00062,0.05067,13,0.64,441845.79,2023-08-02T07:00:00Z
2023-08-31,P00062,0.05067,14,0.6349,440299.33,2023-09-02T07:00:00Z
2023-09-30,P00062,0.05067,15,0.6299,438758.28,2023-10-02T07:00:00Z
2023-10-31,P00062,0.05067,16,0.6248,437222.63,2023-11-02T07:00:00Z
2023-11-30,P00062,0.05067,17,0.6197,435692.35,2023-12-02T07:00:00Z
2023-12-31,P00062,0.05067,18,0.6147,434167.43,2024-01-02T07:00:00Z
2024-01-31,P00062,0.05067,19,0.6096,432647.84,2024-02-02T07:00:00Z
2024-02-29,P00062,0.05067,20,0.6046,431133.57,2024-03-02T07:00:00Z
2024-03-31,P00062,0.05067,21,0.5995,429624.6,2024-04-02T07:00:00Z
2024-04-30,P00062,0.05067,22,0.5944,428120.92,2024-05-02T07:00:00Z
2024-05-31,P00062,0.05067,23,0.5894,426622.5,2024-06-02T07:00:00Z
2024-06-30,P00062,0.05067,24,0.5843,425129.32,2024-07-02T07:00:00Z
2024-07-31,P00062,0.05067,25,0.5793,423641.36,2024-08-02T07:00:00Z
2024-08-31,P00062,0.05067,26,0.5742,422158.62,2024-09-02T07:00:00Z
2024-09-30,P00062,0.05067,27,0.5691,420681.06,2024-10-02T07:00:00Z
2024-10-31,P00062,0.05067,28,0.5641,419208.68,2024-11-02T07:00:00Z
2024-11-30,P00062,0.05067,29,0.559,417741.45,2024-12-02T07:00:00Z
2024-12-31,P00062,0.05067,30,0.554,416279.35,2025-01-02T07:00:00Z
2025-01-31,P00062,0.05067,31,0.5489,414822.38,2025-02-02T07:00:00Z
2025-02-28,P00062,0.05067,32,0.5438,413370.5,2025-03-02T07:00:00Z
2025-03-31,P00062,0.05067,33,0.5388,411923.7,2025-04-02T07:00:00Z
2025-04-30,P00062,0.05067,34,0.5337,410481.97,2025-05-02T07:00:00Z
2025-05-31,P00062,0.05067,35,0.5287,409045.28,2025-06-02T07:00:00Z
2025-06-30,P00062,0.05067,36,0.5236,407613.62,2025-07-02T07:00:00Z
2025-07-31,P00062,0.05067,37,0.5185,406186.98,2025-08-02T07:00:00Z
2025-08-31,P00062,0.05067,38,0.5135,404765.32,2025-09-02T07:00:00Z
2025-09-30,P00062,0.05067,39,0.5084,403348.64,2025-10-02T07:00:00Z
2025-10-31,P00062,0.05067,40,0.5034,401936.92,2025-11-02T07:00:00Z
2025-11-30,P00062,0.05067,41,0.4983,400530.14,2025-12-02T07:00:00Z
2025-12-31,P00062,0.05067,42,0.4932,399128.29,2026-01-02T07:00:00Z
2023-07-31,P00063,0.06539,138,0.5692,434181.14,2023-08-02T07:00:00Z
2023-08-31,P00063,0.06539,139,0.5645,432661.51,2023-09-02T07:00:00Z
2023-09-30,P00063,0.06539,140,0.5597,431147.19,2023-10-02T07:00:00Z
2023-10-31,P00063,0.06539,141,0.5549,429638.18,2023-11-02T07:00:00Z
2023-11-30,P00063,0.06539,142,0.5501,428134.44,2023-12-02T07:00:00Z
2023-12-31,P00063,0.06539,143,0.5454,426635.97,2024-01-02T07:00:00Z
2024-01-31,P00063,0.06539,144,0.5406,425142.75,2024-02-02T07:00:00Z
2024-02-29,P00063,0.06539,145,0.5358,423654.75,2024-03-02T07:00:00Z
2024-03-31,P00063,0.06539,146,0.531,422171.95,2024-04-02T07:00:00Z
2024-04-30,P00063,0.06539,147,0.5263,420694.35,2024-05-02T07:00:00Z
2024-05-31,P00063,0.06539,148,0.5215,419221.92,2024-06-02T07:00:00Z
2024-06-30,P00063,0.06539,149,0.5167,417754.65,2024-07-02T07:00:00Z
2024-07-31,P00063,0.06539,150,0.5119,416292.5,2024-08-02T07:00:00Z
2023-07-31,P00064,0.07549,108,0.4923,415067.4,2023-08-02T07:00:00Z
2023-08-31,P00064,0.07549,109,0.4878,413614.66,2023-09-02T07:00:00Z
2023-09-30,P00064,0.07549,110,0.4833,412167.01,2023-10-02T07:00:00Z
2023-10-31,P00064,0.07549,111,0.4789,410724.43,2023-11-02T07:00:00Z
2023-11-30,P00064,0.07549,112,0.4744,409286.89,2023-12-02T07:00:00Z
2023-12-31,P00064,0.07549,113,0.4699,407854.39,2024-01-02T07:00:00Z
2024-01-31,P00064,0.07549,114,0.4655,406426.9,2024-02-02T07:00:00Z
2024-02-29,P00064,0.07549,115,0.461,405004.4,2024-03-02T07:00:00Z
2024-03-31,P00064,0.07549,116,0.4565,403586.89,2024-04-02T07:00:00Z
2024-04-30,P00064,0.07549,117,0.4521,402174.33,2024-05-02T07:00:00Z
2024-05-31,P00064,0.07549,118,0.4476,400766.72,2024-06-02T07:00:00Z
2024-06-30,P00064,0.07549,119,0.4431,399364.04,2024-07-02T07:00:00Z
2023-07-31,P00065,0.06482,122,0.6229,218633.61,2023-08-02T07:00:00Z
2023-08-31,P00065,0.06482,123,0.6179,217868.39,2023-09-02T07:00:00Z
2023-09-30,P00065,0.06482,124,0.6129,217105.85,2023-10-02T07:00:00Z
2023-10-31,P00065,0.06482,125,0.6079,216345.98,2023-11-02T07:00:00Z
2023-11-30,P00065,0.06482,126,0.6029,215588.77,2023-12-02T07:00:00Z
2023-12-31,P00065,0.06482,127,0.5979,214834.21,2024-01-02T07:00:00Z
2024-01-31,P00065,0.06482,128,0.5929,214082.29,2024-02-02T07:00:00Z
2024-02-29,P00065,0.06482,129,0.5879,213333.0,2024-03-02T07:00:00Z
2024-03-31,P00065,0.06482,130,0.5829,212586.34,2024-04-02T07:00:00Z
2024-04-30,P00065,0.06482,131,0.578,211842.29,2024-05-02T07:00:00Z
2024-05-31,P00065,0.06482,132,0.573,211100.84,2024-06-02T07:00:00Z
2024-06-30,P00065,0.06482,133,0.568,210361.98,2024-07-02T07:00:00Z
2024-07-31,P00065,0.06482,134,0.563,209625.72,2024-08-02T07:00:00Z
2024-08-31,P00065,0.06482,135,0.558,208892.03,2024-09-02T07:00:00Z
2024-09-30,P00065,0.06482,136,0.553,208160.91,2024-10-02T07:00:00Z
2024-10-31,P00065,0.06482,137,0.548,207432.34,2024-11-02T07:00:00Z
2024-11-30,P00065,0.06482,138,0.543,206706.33,2024-12-02T07:00:00Z
2024-12-31,P00065,0.06482,139,0.538,205982.86,2025-01-02T07:00:00Z
2023-07-31,P00066,0.07388,66,0.6285,417278.83,2023-08-02T07:00:00Z
2023-08-31,P00066,0.07388,67,0.6234,415818.35,2023-09-02T07:00:00Z
2023-09-30,P00066,0.07388,68,0.6184,414362.99,2023-10-02T07:00:00Z
2023-10-31,P00066,0.07388,69,0.6134,412912.72,2023-11-02T07:00:00Z
2023-11-30,P00066,0.07388,70,0.6084,411467.52,2023-12-02T07:00:00Z
2023-12-31,P00066,0.07388,71,0.6034,410027.39,2024-01-02T07:00:00Z
2024-01-31,P00066,0.07388,72,0.5984,408592.29,2024-02-02T07:00:00Z
2024-02-29,P00066,0.07388,73,0.5934,407162.22,2024-03-02T07:00:00Z
2024-03-31,P00066,0.07388,74,0.5883,405737.15,2024-04-02T07:00:00Z
2024-04-30,P00066,0.07388,75,0.5833,404317.07,2024-05-02T07:00:00Z
2024-05-31,P00066,0.07388,76,0.5783,402901.96,2024-06-02T07:00:00Z
2024-06-30,P00066,0.07388,77,0.5733,401491.81,2024-07-02T07:00:00Z
2024-07-31,P00066,0.07388,78,0.5683,400086.58,2024-08-02T07:00:00Z
2024-08-31,P00066,0.07388,79,0.5633,398686.28,2024-09-02T07:00:00Z
2024-09-30,P00066,0.07388,80,0.5583,397290.88,2024-10-02T07:00:00Z
2024-10-31,P00066,0.07388,81,0.5532,395900.36,2024-11-02T07:00:00Z
2024-11-30,P00066,0.07388,82,0.5482,394514.71,2024-12-02T07:00:00Z
2024-12-31,P00066,0.07388,83,0.5432,393133.91,2025-01-02T07:00:00Z
2025-01-31,P00066,0.07388,84,0.5382,391757.94,2025-02-02T07:00:00Z
2025-02-28,P00066,0.07388,85,0.5332,390386.79,2025-03-02T07:00:00Z
2025-03-31,P00066,0.07388,86,0.5282,389020.43,2025-04-02T07:00:00Z
2025-04-30,P00066,0.07388,87,0.5232,387658.86,2025-05-02T07:00:00Z
2025-05-31,P00066,0.07388,88,0.5182,386302.06,2025-06-02T07:00:00Z
2025-06-30,P00066,0.07388,89,0.5131,384950.0,2025-07-02T07:00:00Z
2025-07-31,P00066,0.07388,90,0.5081,383602.67,2025-08-02T07:00:00Z
2025-08-31,P00066,0.07388,91,0.5031,382260.06,2025-09-02T07:00:00Z
2025-09-30,P00066,0.07388,92,0.4981,380922.15,2025-10-02T07:00:00Z
2025-10-31,P00066,0.07388,93,0.4931,379588.93,2025-11-02T07:00:00Z
2025-11-30,P00066,0.07388,94,0.4881,378260.36,2025-12-02T07:00:00Z
2025-12-31,P00066,0.07388,95,0.4831,376936.45,2026-01-02T07:00:00Z
2023-07-31,P00067,0.06684,58,0.4272,258774.35,2023-08-02T07:00:00Z
2023-08-31,P00067,0.06684,59,0.423,257868.64,2023-09-02T07:00:00Z
2023-09-30,P00067,0.06684,60,0.4188,256966.1,2023-10-02T07:00:00Z
2023-10-31,P00067,0.06684,61,0.4146,256066.72,2023-11-02T07:00:00Z
2023-11-30,P00067,0.06684,62,0.4104,255170.48,2023-12-02T07:00:00Z
2023-12-31,P00067,0.06684,63,0.4062,254277.39,2024-01-02T07:00:00Z
2024-01-31,P00067,0.06684,64,0.402,253387.42,2024-02-02T07:00:00Z
2024-02-29,P00067,0.06684,65,0.3978,252500.56,2024-03-02T07:00:00Z
2024-03-31,P00067,0.06684,66,0.3936,251616.81,2024-04-02T07:00:00Z
2024-04-30,P00067,0.06684,67,0.3894,250736.15,2024-05-02T07:00:00Z
2024-05-31,P00067,0.06684,68,0.3851,249858.57,2024-06-02T07:00:00Z
2024-06-30,P00067,0.06684,69,0.3809,248984.07,2024-07-02T07:00:00Z
2024-07-31,P00067,0.06684,70,0.3767,248112.62,2024-08-02T07:00:00Z
2023-07-31,P00068,0.06767,135,0.8169,270533.99,2023-08-02T07:00:00Z
2023-08-31,P00068,0.06767,136,0.8111,269587.12,2023-09-02T07:00:00Z
2023-09-30,P00068,0.06767,137,0.8053,268643.57,2023-10-02T07:00:00Z
2023-10-31,P00068,0.06767,138,0.7996,267703.31,2023-11-02T07:00:00Z
2023-11-30,P00068,0.06767,139,0.7938,266766.35,2023-12-02T07:00:00Z
2023-12-31,P00068,0.06767,140,0.788,265832.67,2024-01-02T07:00:00Z
2024-01-31,P00068,0.06767,141,0.7823,264902.26,2024-02-02T07:00:00Z
2024-02-29,P00068,0.06767,142,0.7765,263975.1,2024-03-02T07:00:00Z
2024-03-31,P00068,0.06767,143,0.7707,263051.18,2024-04-02T07:00:00Z
2023-07-31,P00069,0.05964,137,0.8974,600054.42,2023-08-02T07:00:00Z
2023-08-31,P00069,0.05964,138,0.8913,597954.23,2023-09-02T07:00:00Z
2023-09-30,P00069,0.05964,139,0.8852,595861.39,2023-10-02T07:00:00Z
2023-10-31,P00069,0.05964,140,0.8791,593775.87,2023-11-02T07:00:00Z
2023-11-30,P00069,0.05964,141,0.873,591697.66,2023-12-02T07:00:00Z
2023-12-31,P00069,0.05964,142,0.8669,589626.72,2024-01-02T07:00:00Z
2024-01-31,P00069,0.05964,143,0.8608,587563.02,2024-02-02T07:00:00Z
2024-02-29,P00069,0.05964,144,0.8548,585506.55,2024-03-02T07:00:00Z
2024-03-31,P00069,0.05964,145,0.8487,583457.28,2024-04-02T07:00:00Z
2024-04-30,P00069,0.05964,146,0.8426,581415.18,2024-05-02T07:00:00Z
2024-05-31,P00069,0.05964,147,0.8365,579380.23,2024-06-02T07:00:00Z
2024-06-30,P00069,0.05964,148,0.8304,577352.4,2024-07-02T07:00:00Z
2024-07-31,P00069,0.05964,149,0.8243,575331.66,2024-08-02T07:00:00Z
2024-08-31,P00069,0.05964,150,0.8182,573318.0,2024-09-02T07:00:00Z
2024-09-30,P00069,0.05964,151,0.8121,571311.39,2024-10-02T07:00:00Z
2024-10-31,P00069,0.05964,152,0.806,569311.8,2024-11-02T07:00:00Z
2024-11-30,P00069,0.05964,153,0.8,567319.21,2024-12-02T07:00:00Z
2024-12-31,P00069,0.05964,154,0.7939,565333.59,2025-01-02T07:00:00Z
2025-01-31,P00069,0.05964,155,0.7878,563354.92,2025-02-02T07:00:00Z
2025-02-28,P00069,0.05964,156,0.7817,561383.18,2025-03-02T07:00:00Z
2025-03-31,P00069,0.05964,157,0.7756,559418.34,2025-04-02T07:00:00Z
2025-04-30,P00069,0.05964,158,0.7695,557460.38,2025-05-02T07:00:00Z
2025-05-31,P00069,0.05964,159,0.7634,555509.26,2025-06-02T07:00:00Z
2025-06-30,P00069,0.05964,160,0.7573,553564.98,2025-07-02T07:00:00Z
2025-07-31,P00069,0.05964,161,0.7512,551627.5,2025-08-02T07:00:00Z
2025-08-31,P00069,0.05964,162,0.7451,549696.81,2025-09-02T07:00:00Z
2025-09-30,P00069,0.05964,163,0.7391,547772.87,2025-10-02T07:00:00Z
2025-10-31,P00069,0.05964,164,0.733,545855.66,2025-11-02T07:00:00Z
2025-11-30,P00069,0.05964,165,0.7269,543945.17,2025-12-02T07:00:00Z
2025-12-31,P00069,0.05964,166,0.7208,542041.36,2026-01-02T07:00:00Z
2023-07-31,P00070,0.05668,68,0.753,554290.43,2023-08-02T07:00:00Z
2023-08-31,P00070,0.05668,69,0.7475,552350.41,2023-09-02T07:00:00Z
2023-09-30,P00070,0.05668,70,0.742,550417.19,2023-10-02T07:00:00Z
2023-10-31,P00070,0.05668,71,0.7365,548490.73,2023-11-02T07:00:00Z
2023-11-30,P00070,0.05668,72,0.731,546571.01,2023-12-02T07:00:00Z
2023-12-31,P00070,0.05668,73,0.7255,544658.01,2024-01-02T07:00:00Z
2024-01-31,P00070,0.05668,74,0.72,542751.71,2024-02-02T07:00:00Z
2024-02-29,P00070,0.05668,75,0.7145,540852.08,2024-03-02T07:00:00Z
2024-03-31,P00070,0.05668,76,0.7089,538959.09,2024-04-02T07:00:00Z
2024-04-30,P00070,0.05668,77,0.7034,537072.74,2024-05-02T07:00:00Z
2024-05-31,P00070,0.05668,78,0.6979,535192.98,2024-06-02T07:00:00Z
2024-06-30,P00070,0.05668,79,0.6924,533319.81,2024-07-02T07:00:00Z
2024-07-31,P00070,0.05668,80,0.6869,531453.19,2024-08-02T07:00:00Z
2024-08-31,P00070,0.05668,81,0.6814,529593.1,2024-09-02T07:00:00Z
2024-09-30,P00070,0.05668,82,0.6759,527739.53,2024-10-02T07:00:00Z
2024-10-31,P00070,0.05668,83,0.6704,525892.44,2024-11-02T07:00:00Z
2024-11-30,P00070,0.05668,84,0.6648,524051.81,2024-12-02T07:00:00Z
2024-12-31,P00070,0.05668,85,0.6593,522217.63,2025-01-02T07:00:00Z
2025-01-31,P00070,0.05668,86,0.6538,520389.87,2025-02-02T07:00:00Z
2023-07-31,P00071,0.06958,136,0.6357,223618.26,2023-08-02T07:00:00Z
2023-08-31,P00071,0.06958,137,0.6307,222835.6,2023-09-02T07:00:00Z
2023-09-30,P00071,0.06958,138,0.6256,222055.67,2023-10-02T07:00:00Z
2023-10-31,P00071,0.06958,139,0.6206,221278.48,2023-11-02T07:00:00Z
2023-11-30,P00071,0.06958,140,0.6156,220504.0,2023-12-02T07:00:00Z
2023-12-31,P00071,0.06958,141,0.6105,219732.24,2024-01-02T07:00:00Z
2024-01-31,P00071,0.06958,142,0.6055,218963.18,2024-02-02T07:00:00Z
2024-02-29,P00071,0.06958,143,0.6004,218196.8,2024-03-02T07:00:00Z
2024-03-31,P00071,0.06958,144,0.5954,217433.12,2024-04-02T07:00:00Z
2024-04-30,P00071,0.06958,145,0.5903,216672.1,2024-05-02T07:00:00Z
2024-05-31,P00071,0.06958,146,0.5853,215913.75,2024-06-02T07:00:00Z
2024-06-30,P00071,0.06958,147,0.5803,215158.05,2024-07-02T07:00:00Z
2024-07-31,P00071,0.06958,148,0.5752,214405.0,2024-08-02T07:00:00Z
2024-08-31,P00071,0.06958,149,0.5702,213654.58,2024-09-02T07:00:00Z
2024-09-30,P00071,0.06958,150,0.5651,212906.79,2024-10-02T07:00:00Z
2024-10-31,P00071,0.06958,151,0.5601,212161.61,2024-11-02T07:00:00Z
2024-11-30,P00071,0.06958,152,0.555,211419.05,2024-12-02T07:00:00Z
2024-12-31,P00071,0.06958,153,0.55,210679.08,2025-01-02T07:00:00Z
2025-01-31,P00071,0.06958,154,0.545,209941.7,2025-02-02T07:00:00Z
2025-02-28,P00071,0.06958,155,0.5399,209206.91,2025-03-02T07:00:00Z
2025-03-31,P00071,0.06958,156,0.5349,208474.68,2025-04-02T07:00:00Z
2025-04-30,P00071,0.06958,157,0.5298,207745.02,2025-05-02T07:00:00Z
2025-05-31,P00071,0.06958,158,0.5248,207017.92,2025-06-02T07:00:00Z
2025-06-30,P00071,0.06958,159,0.5197,206293.35,2025-07-02T07:00:00Z
2025-07-31,P00071,0.06958,160,0.5147,205571.33,2025-08-02T07:00:00Z
2025-08-31,P00071,0.06958,161,0.5097,204851.83,2025-09-02T07:00:00Z
2025-09-30,P00071,0.06958,162,0.5046,204134.84,2025-10-02T07:00:00Z
2025-10-31,P00071,0.06958,163,0.4996,203420.37,2025-11-02T07:00:00Z
2025-11-30,P00071,0.06958,164,0.4945,202708.4,2025-12-02T07:00:00Z
2025-12-31,P00071,0.06958,165,0.4895,201998.92,2026-01-02T07:00:00Z
2023-07-31,P00072,0.05413,65,0.6435,383548.94,2023-08-02T07:00:00Z
2023-08-31,P00072,0.05413,66,0.6384,382206.52,2023-09-02T07:00:00Z
2023-09-30,P00072,0.05413,67,0.6334,380868.8,2023-10-02T07:00:00Z
2023-10-31,P00072,0.05413,68,0.6283,379535.76,2023-11-02T07:00:00Z
2023-11-30,P00072,0.05413,69,0.6232,378207.38,2023-12-02T07:00:00Z
2023-12-31,P00072,0.05413,70,0.6181,376883.65,2024-01-02T07:00:00Z
2024-01-31,P00072,0.05413,71,0.6131,375564.56,2024-02-02T07:00:00Z
2024-02-29,P00072,0.05413,72,0.608,374250.09,2024-03-02T07:00:00Z
2024-03-31,P00072,0.05413,73,0.6029,372940.21,2024-04-02T07:00:00Z
2023-07-31,P00073,0.05401,23,0.6066,322030.75,2023-08-02T07:00:00Z
2023-08-31,P00073,0.05401,24,0.6017,320903.64,2023-09-02T07:00:00Z
2023-09-30,P00073,0.05401,25,0.5968,319780.48,2023-10-02T07:00:00Z
2023-10-31,P00073,0.05401,26,0.5918,318661.25,2023-11-02T07:00:00Z
2023-11-30,P00073,0.05401,27,0.5869,317545.93,2023-12-02T07:00:00Z
2023-12-31,P00073,0.05401,28,0.582,316434.52,2024-01-02T07:00:00Z
2024-01-31,P00073,0.05401,29,0.5771,315327.0,2024-02-02T07:00:00Z
2024-02-29,P00073,0.05401,30,0.5721,314223.36,2024-03-02T07:00:00Z
2024-03-31,P00073,0.05401,31,0.5672,313123.58,2024-04-02T07:00:00Z
2024-04-30,P00073,0.05401,32,0.5623,312027.64,2024-05-02T07:00:00Z
2024-05-31,P00073,0.05401,33,0.5573,310935.55,2024-06-02T07:00:00Z
2024-06-30,P00073,0.05401,34,0.5524,309847.27,2024-07-02T07:00:00Z
2024-07-31,P00073,0.05401,35,0.5475,308762.81,2024-08-02T07:00:00Z
2024-08-31,P00073,0.05401,36,0.5426,307682.14,2024-09-02T07:00:00Z
2024-09-30,P00073,0.05401,37,0.5376,306605.25,2024-10-02T07:00:00Z
2024-10-31,P00073,0.05401,38,0.5327,305532.13,2024-11-02T07:00:00Z
2024-11-30,P00073,0.05401,39,0.5278,304462.77,2024-12-02T07:00:00Z
2024-12-31,P00073,0.05401,40,0.5229,303397.15,2025-01-02T07:00:00Z
2025-01-31,P00073,0.05401,41,0.5179,302335.26,2025-02-02T07:00:00Z
2025-02-28,P00073,0.05401,42,0.513,301277.09,2025-03-02T07:00:00Z
2025-03-31,P00073,0.05401,43,0.5081,300222.62,2025-04-02T07:00:00Z
2025-04-30,P00073,0.05401,44,0.5032,299171.84,2025-05-02T07:00:00Z
2025-05-31,P00073,0.05401,45,0.4982,298124.73,2025-06-02T07:00:00Z
2025-06-30,P00073,0.05401,46,0.4933,297081.3,2025-07-02T07:00:00Z
2025-07-31,P00073,0.05401,47,0.4884,296041.51,2025-08-02T07:00:00Z
2025-08-31,P00073,0.05401,48,0.4834,295005.37,2025-09-02T07:00:00Z
2025-09-30,P00073,0.05401,49,0.4785,293972.85,2025-10-02T07:00:00Z
2025-10-31,P00073,0.05401,50,0.4736,292943.94,2025-11-02T07:00:00Z
2025-11-30,P00073,0.05401,51,0.4687,291918.64,2025-12-02T07:00:00Z
2025-12-31,P00073,0.05401,52,0.4637,290896.93,2026-01-02T07:00:00Z
2023-07-31,P00074,0.05805,116,0.7619,633343.66,2023-08-02T07:00:00Z
2023-08-31,P00074,0.05805,117,0.7563,631126.96,2023-09-02T07:00:00Z
2023-09-30,P00074,0.05805,118,0.7508,628918.01,2023-10-02T07:00:00Z
2023-10-31,P00074,0.05805,119,0.7452,626716.8,2023-11-02T07:00:00Z
2023-11-30,P00074,0.05805,120,0.7397,624523.29,2023-12-02T07:00:00Z
2023-12-31,P00074,0.05805,121,0.7341,622337.46,2024-01-02T07:00:00Z
2024-01-31,P00074,0.05805,122,0.7286,620159.28,2024-02-02T07:00:00Z
2024-02-29,P00074,0.05805,123,0.7231,617988.72,2024-03-02T07:00:00Z
2024-03-31,P00074,0.05805,124,0.7175,615825.76,2024-04-02T07:00:00Z
2024-04-30,P00074,0.05805,125,0.712,613670.37,2024-05-02T07:00:00Z
2024-05-31,P00074,0.05805,126,0.7064,611522.52,2024-06-02T07:00:00Z
2024-06-30,P00074,0.05805,127,0.7009,609382.2,2024-07-02T07:00:00Z
2024-07-31,P00074,0.05805,128,0.6953,607249.36,2024-08-02T07:00:00Z
2024-08-31,P00074,0.05805,129,0.6898,605123.98,2024-09-02T07:00:00Z
2024-09-30,P00074,0.05805,130,0.6842,603006.05,2024-10-02T07:00:00Z
2024-10-31,P00074,0.05805,131,0.6787,600895.53,2024-11-02T07:00:00Z
2024-11-30,P00074,0.05805,132,0.6731,598792.4,2024-12-02T07:00:00Z
2024-12-31,P00074,0.05805,133,0.6676,596696.62,2025-01-02T07:00:00Z
2025-01-31,P00074,0.05805,134,0.662,594608.18,2025-02-02T07:00:00Z
2025-02-28,P00074,0.05805,135,0.6565,592527.05,2025-03-02T07:00:00Z
2025-03-31,P00074,0.05805,136,0.6509,590453.21,2025-04-02T07:00:00Z
2025-04-30,P00074,0.05805,137,0.6454,588386.62,2025-05-02T07:00:00Z
2025-05-31,P00074,0.05805,138,0.6398,586327.27,2025-06-02T07:00:00Z
2025-06-30,P00074,0.05805,139,0.6343,584275.13,2025-07-02T07:00:00Z
2025-07-31,P00074,0.05805,140,0.6287,582230.16,2025-08-02T07:00:00Z
2025-08-31,P00074,0.05805,141,0.6232,580192.36,2025-09-02T07:00:00Z
2025-09-30,P00074,0.05805,142,0.6176,578161.68,2025-10-02T07:00:00Z
2025-10-31,P00074,0.05805,143,0.6121,576138.12,2025-11-02T07:00:00Z
2025-11-30,P00074,0.05805,144,0.6066,574121.63,2025-12-02T07:00:00Z
2025-12-31,P00074,0.05805,145,0.601,572112.21,2026-01-02T07:00:00Z
2023-07-31,P00075,0.06036,107,0.8055,324454.51,2023-08-02T07:00:00Z
2023-08-31,P00075,0.06036,108,0.7998,323318.92,2023-09-02T07:00:00Z
2023-09-30,P00075,0.06036,109,0.7941,322187.3,2023-10-02T07:00:00Z
2023-10-31,P00075,0.06036,110,0.7883,321059.65,2023-11-02T07:00:00Z
2023-11-30,P00075,0.06036,111,0.7826,319935.94,2023-12-02T07:00:00Z
2023-12-31,P00075,0.06036,112,0.7769,318816.16,2024-01-02T07:00:00Z
2024-01-31,P00075,0.06036,113,0.7712,317700.31,2024-02-02T07:00:00Z
2024-02-29,P00075,0.06036,114,0.7654,316588.36,2024-03-02T07:00:00Z
2024-03-31,P00075,0.06036,115,0.7597,315480.3,2024-04-02T07:00:00Z
2024-04-30,P00075,0.06036,116,0.754,314376.11,2024-05-02T07:00:00Z
2024-05-31,P00075,0.06036,117,0.7483,313275.8,2024-06-02T07:00:00Z
2024-06-30,P00075,0.06036,118,0.7426,312179.33,2024-07-02T07:00:00Z
2024-07-31,P00075,0.06036,119,0.7368,311086.71,2024-08-02T07:00:00Z
2024-08-31,P00075,0.06036,120,0.7311,309997.9,2024-09-02T07:00:00Z
2024-09-30,P00075,0.06036,121,0.7254,308912.91,2024-10-02T07:00:00Z
2024-10-31,P00075,0.06036,122,0.7197,307831.71,2024-11-02T07:00:00Z
2024-11-30,P00075,0.06036,123,0.714,306754.3,2024-12-02T07:00:00Z
2024-12-31,P00075,0.06036,124,0.7082,305680.66,2025-01-02T07:00:00Z
2025-01-31,P00075,0.06036,125,0.7025,304610.78,2025-02-02T07:00:00Z
2025-02-28,P00075,0.06036,126,0.6968,303544.64,2025-03-02T07:00:00Z
2025-03-31,P00075,0.06036,127,0.6911,302482.24,2025-04-02T07:00:00Z
2025-04-30,P00075,0.06036,128,0.6853,301423.55,2025-05-02T07:00:00Z
2025-05-31,P00075,0.06036,129,0.6796,300368.57,2025-06-02T07:00:00Z
2025-06-30,P00075,0.06036,130,0.6739,299317.28,2025-07-02T07:00:00Z
2025-07-31,P00075,0.06036,131,0.6682,298269.67,2025-08-02T07:00:00Z
2025-08-31,P00075,0.06036,132,0.6625,297225.72,2025-09-02T07:00:00Z
2025-09-30,P00075,0.06036,133,0.6567,296185.43,2025-10-02T07:00:00Z
2025-10-31,P00075,0.06036,134,0.651,295148.78,2025-11-02T07:00:00Z
2025-11-30,P00075,0.06036,135,0.6453,294115.76,2025-12-02T07:00:00Z
2025-12-31,P00075,0.06036,136,0.6396,293086.36,2026-01-02T07:00:00Z
2023-07-31,P00076,0.06927,73,0.7611,304361.65,2023-08-02T07:00:00Z
2023-08-31,P00076,0.06927,74,0.7555,303296.38,2023-09-02T07:00:00Z
2023-09-30,P00076,0.06927,75,0.75,302234.85,2023-10-02T07:00:00Z
2023-10-31,P00076,0.06927,76,0.7444,301177.02,2023-11-02T07:00:00Z
2023-11-30,P00076,0.06927,77,0.7389,300122.91,2023-12-02T07:00:00Z
2023-12-31,P00076,0.06927,78,0.7333,299072.48,2024-01-02T07:00:00Z
2024-01-31,P00076,0.06927,79,0.7278,298025.72,2024-02-02T07:00:00Z
2024-02-29,P00076,0.06927,80,0.7223,296982.63,2024-03-02T07:00:00Z
2024-03-31,P00076,0.06927,81,0.7167,295943.19,2024-04-02T07:00:00Z
2024-04-30,P00076,0.06927,82,0.7112,294907.39,2024-05-02T07:00:00Z
2024-05-31,P00076,0.06927,83,0.7056,293875.22,2024-06-02T07:00:00Z
2024-06-30,P00076,0.06927,84,0.7001,292846.65,2024-07-02T07:00:00Z
2024-07-31,P00076,0.06927,85,0.6945,291821.69,2024-08-02T07:00:00Z
2024-08-31,P00076,0.06927,86,0.689,290800.31,2024-09-02T07:00:00Z
2024-09-30,P00076,0.06927,87,0.6834,289782.51,2024-10-02T07:00:00Z
2024-10-31,P00076,0.06927,88,0.6779,288768.27,2024-11-02T07:00:00Z
2024-11-30,P00076,0.06927,89,0.6724,287757.58,2024-12-02T07:00:00Z
2024-12-31,P00076,0.06927,90,0.6668,286750.43,2025-01-02T07:00:00Z
2025-01-31,P00076,0.06927,91,0.6613,285746.81,2025-02-02T07:00:00Z
2025-02-28,P00076,0.06927,92,0.6557,284746.69,2025-03-02T07:00:00Z
2025-03-31,P00076,0.06927,93,0.6502,283750.08,2025-04-02T07:00:00Z
2025-04-30,P00076,0.06927,94,0.6446,282756.95,2025-05-02T07:00:00Z
2025-05-31,P00076,0.06927,95,0.6391,281767.3,2025-06-02T07:00:00Z
2025-06-30,P00076,0.06927,96,0.6335,280781.12,2025-07-02T07:00:00Z
2025-07-31,P00076,0.06927,97,0.628,279798.38,2025-08-02T07:00:00Z
2025-08-31,P00076,0.06927,98,0.6225,278819.09,2025-09-02T07:00:00Z
2025-09-30,P00076,0.06927,99,0.6169,277843.22,2025-10-02T07:00:00Z
2025-10-31,P00076,0.06927,100,0.6114,276870.77,2025-11-02T07:00:00Z
2025-11-30,P00076,0.06927,101,0.6058,275901.72,2025-12-02T07:00:00Z
2025-12-31,P00076,0.06927,102,0.6003,274936.07,2026-01-02T07:00:00Z
2023-07-31,P00077,0.08168,52,0.6294,288472.7,2023-08-02T07:00:00Z
2023-08-31,P00077,0.08168,53,0.6244,287463.05,2023-09-02T07:00:00Z
2023-07-31,P00078,0.06207,130,0.97,138102.17,2023-08-02T07:00:00Z
2023-08-31,P00078,0.06207,131,0.9636,137618.81,2023-09-02T07:00:00Z
2023-09-30,P00078,0.06207,132,0.9572,137137.15,2023-10-02T07:00:00Z
2023-10-31,P00078,0.06207,133,0.9509,136657.17,2023-11-02T07:00:00Z
2023-11-30,P00078,0.06207,134,0.9445,136178.87,2023-12-02T07:00:00Z
2023-12-31,P00078,0.06207,135,0.9381,135702.24,2024-01-02T07:00:00Z
2024-01-31,P00078,0.06207,136,0.9317,135227.28,2024-02-02T07:00:00Z
2024-02-29,P00078,0.06207,137,0.9253,134753.99,2024-03-02T07:00:00Z
2024-03-31,P00078,0.06207,138,0.919,134282.35,2024-04-02T07:00:00Z
2024-04-30,P00078,0.06207,139,0.9126,133812.36,2024-05-02T07:00:00Z
2024-05-31,P00078,0.06207,140,0.9062,133344.02,2024-06-02T07:00:00Z
2024-06-30,P00078,0.06207,141,0.8998,132877.31,2024-07-02T07:00:00Z
2024-07-31,P00078,0.06207,142,0.8934,132412.24,2024-08-02T07:00:00Z
2024-08-31,P00078,0.06207,143,0.8871,131948.8,2024-09-02T07:00:00Z
2024-09-30,P00078,0.06207,144,0.8807,131486.98,2024-10-02T07:00:00Z
2024-10-31,P00078,0.06207,145,0.8743,131026.77,2024-11-02T07:00:00Z
2024-11-30,P00078,0.06207,146,0.8679,130568.18,2024-12-02T07:00:00Z
2024-12-31,P00078,0.06207,147,0.8615,130111.19,2025-01-02T07:00:00Z
2025-01-31,P00078,0.06207,148,0.8552,129655.8,2025-02-02T07:00:00Z
2025-02-28,P00078,0.06207,149,0.8488,129202.01,2025-03-02T07:00:00Z
2025-03-31,P00078,0.06207,150,0.8424,128749.8,2025-04-02T07:00:00Z
2025-04-30,P00078,0.06207,151,0.836,128299.18,2025-05-02T07:00:00Z
2025-05-31,P00078,0.06207,152,0.8296,127850.13,2025-06-02T07:00:00Z
2025-06-30,P00078,0.06207,153,0.8233,127402.65,2025-07-02T07:00:00Z
2025-07-31,P00078,0.06207,154,0.8169,126956.74,2025-08-02T07:00:00Z
2025-08-31,P00078,0.06207,155,0.8105,126512.4,2025-09-02T07:00:00Z
2025-09-30,P00078,0.06207,156,0.8041,126069.6,2025-10-02T07:00:00Z
2025-10-31,P00078,0.06207,157,0.7977,125628.36,2025-11-02T07:00:00Z
2025-11-30,P00078,0.06207,158,0.7914,125188.66,2025-12-02T07:00:00Z
2025-12-31,P00078,0.06207,159,0.785,124750.5,2026-01-02T07:00:00Z
2023-07-31,P00079,0.04254,72,0.6224,514533.17,2023-08-02T07:00:00Z
2023-08-31,P00079,0.04254,73,0.6174,512732.3,2023-09-02T07:00:00Z
2023-09-30,P00079,0.04254,74,0.6124,510937.74,2023-10-02T07:00:00Z
2023-10-31,P00079,0.04254,75,0.6074,509149.46,2023-11-02T07:00:00Z
2023-11-30,P00079,0.04254,76,0.6024,507367.44,2023-12-02T07:00:00Z
2023-12-31,P00079,0.04254,77,0.5974,505591.65,2024-01-02T07:00:00Z
2024-01-31,P00079,0.04254,78,0.5924,503822.08,2024-02-02T07:00:00Z
2024-02-29,P00079,0.04254,79,0.5874,502058.7,2024-03-02T07:00:00Z
2024-03-31,P00079,0.04254,80,0.5824,500301.5,2024-04-02T07:00:00Z
2024-04-30,P00079,0.04254,81,0.5774,498550.44,2024-05-02T07:00:00Z
2024-05-31,P00079,0.04254,82,0.5725,496805.51,2024-06-02T07:00:00Z
2024-06-30,P00079,0.04254,83,0.5675,495066.7,2024-07-02T07:00:00Z
2024-07-31,P00079,0.04254,84,0.5625,493333.96,2024-08-02T07:00:00Z
2024-08-31,P00079,0.04254,85,0.5575,491607.29,2024-09-02T07:00:00Z
2024-09-30,P00079,0.04254,86,0.5525,489886.67,2024-10-02T07:00:00Z
2024-10-31,P00079,0.04254,87,0.5475,488172.06,2024-11-02T07:00:00Z
2024-11-30,P00079,0.04254,88,0.5425,486463.46,2024-12-02T07:00:00Z
2024-12-31,P00079,0.04254,89,0.5375,484760.84,2025-01-02T07:00:00Z
2025-01-31,P00079,0.04254,90,0.5325,483064.18,2025-02-02T07:00:00Z
2025-02-28,P00079,0.04254,91,0.5276,481373.45,2025-03-02T07:00:00Z
2025-03-31,P00079,0.04254,92,0.5226,479688.64,2025-04-02T07:00:00Z
2025-04-30,P00079,0.04254,93,0.5176,478009.73,2025-05-02T07:00:00Z
2025-05-31,P00079,0.04254,94,0.5126,476336.7,2025-06-02T07:00:00Z
2025-06-30,P00079,0.04254,95,0.5076,474669.52,2025-07-02T07:00:00Z
2025-07-31,P00079,0.04254,96,0.5026,473008.18,2025-08-02T07:00:00Z
2025-08-31,P00079,0.04254,97,0.4976,471352.65,2025-09-02T07:00:00Z
2025-09-30,P00079,0.04254,98,0.4926,469702.92,2025-10-02T07:00:00Z
2025-10-31,P00079,0.04254,99,0.4876,468058.96,2025-11-02T07:00:00Z
2025-11-30,P00079,0.04254,100,0.4827,466420.75,2025-12-02T07:00:00Z
2025-12-31,P00079,0.04254,101,0.4777,464788.28,2026-01-02T07:00:00Z
2023-07-31,P00080,0.07068,122,0.797,337769.64,2023-08-02T07:00:00Z
2023-08-31,P00080,0.07068,123,0.7914,336587.45,2023-09-02T07:00:00Z
2023-09-30,P00080,0.07068,124,0.7857,335409.39,2023-10-02T07:00:00Z
2023-10-31,P00080,0.07068,125,0.78,334235.46,2023-11-02T07:00:00Z
2023-11-30,P00080,0.07068,126,0.7743,333065.63,2023-12-02T07:00:00Z
2023-12-31,P00080,0.07068,127,0.7686,331899.9,2024-01-02T07:00:00Z
2024-01-31,P00080,0.07068,128,0.7629,330738.25,2024-02-02T07:00:00Z
2024-02-29,P00080,0.07068,129,0.7572,329580.67,2024-03-02T07:00:00Z
2024-03-31,P00080,0.07068,130,0.7515,328427.14,2024-04-02T07:00:00Z
2024-04-30,P00080,0.07068,131,0.7458,327277.64,2024-05-02T07:00:00Z
2024-05-31,P00080,0.07068,132,0.7402,326132.17,2024-06-02T07:00:00Z
2024-06-30,P00080,0.07068,133,0.7345,324990.71,2024-07-02T07:00:00Z
2024-07-31,P00080,0.07068,134,0.7288,323853.24,2024-08-02T07:00:00Z
2024-08-31,P00080,0.07068,135,0.7231,322719.75,2024-09-02T07:00:00Z
2024-09-30,P00080,0.07068,136,0.7174,321590.24,2024-10-02T07:00:00Z
2024-10-31,P00080,0.07068,137,0.7117,320464.67,2024-11-02T07:00:00Z
2024-11-30,P00080,0.07068,138,0.706,319343.04,2024-12-02T07:00:00Z
2024-12-31,P00080,0.07068,139,0.7003,318225.34,2025-01-02T07:00:00Z
2025-01-31,P00080,0.07068,140,0.6947,317111.55,2025-02-02T07:00:00Z
2025-02-28,P00080,0.07068,141,0.689,316001.66,2025-03-02T07:00:00Z
2025-03-31,P00080,0.07068,142,0.6833,314895.66,2025-04-02T07:00:00Z
2025-04-30,P00080,0.07068,143,0.6776,313793.52,2025-05-02T07:00:00Z
2025-05-31,P00080,0.07068,144,0.6719,312695.25,2025-06-02T07:00:00Z
2025-06-30,P00080,0.07068,145,0.6662,311600.81,2025-07-02T07:00:00Z
2025-07-31,P00080,0.07068,146,0.6605,310510.21,2025-08-02T07:00:00Z
2025-08-31,P00080,0.07068,147,0.6548,309423.42,2025-09-02T07:00:00Z
2025-09-30,P00080,0.07068,148,0.6491,308340.44,2025-10-02T07:00:00Z
2025-10-31,P00080,0.07068,149,0.6435,307261.25,2025-11-02T07:00:00Z
2025-11-30,P00080,0.07068,150,0.6378,306185.84,2025-12-02T07:00:00Z
2025-12-31,P00080,0.07068,151,0.6321,305114.19,2026-01-02T07:00:00Z
2023-07-31,P00081,0.08532,35,0.6467,385431.32,2023-08-02T07:00:00Z
2023-08-31,P00081,0.08532,36,0.6416,384082.31,2023-09-02T07:00:00Z
2023-09-30,P00081,0.08532,37,0.6365,382738.02,2023-10-02T07:00:00Z
2023-10-31,P00081,0.08532,38,0.6314,381398.44,2023-11-02T07:00:00Z
2023-11-30,P00081,0.08532,39,0.6263,380063.54,2023-12-02T07:00:00Z
2023-12-31,P00081,0.08532,40,0.6213,378733.32,2024-01-02T07:00:00Z
2024-01-31,P00081,0.08532,41,0.6162,377407.76,2024-02-02T07:00:00Z
2024-02-29,P00081,0.08532,42,0.6111,376086.83,2024-03-02T07:00:00Z
2024-03-31,P00081,0.08532,43,0.606,374770.52,2024-04-02T07:00:00Z
2024-04-30,P00081,0.08532,44,0.6009,373458.83,2024-05-02T07:00:00Z
2023-07-31,P00082,0.06748,8,0.8338,108488.35,2023-08-02T07:00:00Z
2023-08-31,P00082,0.06748,9,0.8279,108108.64,2023-09-02T07:00:00Z
2023-09-30,P00082,0.06748,10,0.8221,107730.26,2023-10-02T07:00:00Z
2023-10-31,P00082,0.06748,11,0.8163,107353.2,2023-11-02T07:00:00Z
2023-11-30,P00082,0.06748,12,0.8104,106977.47,2023-12-02T07:00:00Z
2023-12-31,P00082,0.06748,13,0.8046,106603.05,2024-01-02T07:00:00Z
2024-01-31,P00082,0.06748,14,0.7988,106229.94,2024-02-02T07:00:00Z
2024-02-29,P00082,0.06748,15,0.7929,105858.13,2024-03-02T07:00:00Z
2024-03-31,P00082,0.06748,16,0.7871,105487.63,2024-04-02T07:00:00Z
2024-04-30,P00082,0.06748,17,0.7813,105118.42,2024-05-02T07:00:00Z
2024-05-31,P00082,0.06748,18,0.7754,104750.51,2024-06-02T07:00:00Z
2024-06-30,P00082,0.06748,19,0.7696,104383.88,2024-07-02T07:00:00Z
2024-07-31,P00082,0.06748,20,0.7638,104018.54,2024-08-02T07:00:00Z
2024-08-31,P00082,0.06748,21,0.7579,103654.47,2024-09-02T07:00:00Z
2024-09-30,P00082,0.06748,22,0.7521,103291.68,2024-10-02T07:00:00Z
2024-10-31,P00082,0.06748,23,0.7463,102930.16,2024-11-02T07:00:00Z
2024-11-30,P00082,0.06748,24,0.7404,102569.9,2024-12-02T07:00:00Z
2024-12-31,P00082,0.06748,25,0.7346,102210.91,2025-01-02T07:00:00Z
2023-07-31,P00083,0.04158,65,0.6385,689551.41,2023-08-02T07:00:00Z
2023-08-31,P00083,0.04158,66,0.6335,687137.98,2023-09-02T07:00:00Z
2023-09-30,P00083,0.04158,67,0.6284,684733.0,2023-10-02T07:00:00Z
2023-10-31,P00083,0.04158,68,0.6234,682336.43,2023-11-02T07:00:00Z
2023-11-30,P00083,0.04158,69,0.6183,679948.25,2023-12-02T07:00:00Z
2023-12-31,P00083,0.04158,70,0.6133,677568.44,2024-01-02T07:00:00Z
2024-01-31,P00083,0.04158,71,0.6082,675196.95,2024-02-02T07:00:00Z
2024-02-29,P00083,0.04158,72,0.6032,672833.76,2024-03-02T07:00:00Z
2024-03-31,P00083,0.04158,73,0.5981,670478.84,2024-04-02T07:00:00Z
2024-04-30,P00083,0.04158,74,0.5931,668132.16,2024-05-02T07:00:00Z
2024-05-31,P00083,0.04158,75,0.588,665793.7,2024-06-02T07:00:00Z
2024-06-30,P00083,0.04158,76,0.5829,663463.42,2024-07-02T07:00:00Z
2024-07-31,P00083,0.04158,77,0.5779,661141.3,2024-08-02T07:00:00Z
2024-08-31,P00083,0.04158,78,0.5728,658827.31,2024-09-02T07:00:00Z
2024-09-30,P00083,0.04158,79,0.5678,656521.41,2024-10-02T07:00:00Z
2024-10-31,P00083,0.04158,80,0.5627,654223.58,2024-11-02T07:00:00Z
2024-11-30,P00083,0.04158,81,0.5577,651933.8,2024-12-02T07:00:00Z
2024-12-31,P00083,0.04158,82,0.5526,649652.03,2025-01-02T07:00:00Z
2025-01-31,P00083,0.04158,83,0.5476,647378.25,2025-02-02T07:00:00Z
2025-02-28,P00083,0.04158,84,0.5425,645112.43,2025-03-02T07:00:00Z
2025-03-31,P00083,0.04158,85,0.5375,642854.53,2025-04-02T07:00:00Z
2025-04-30,P00083,0.04158,86,0.5324,640604.54,2025-05-02T07:00:00Z
2025-05-31,P00083,0.04158,87,0.5274,638362.43,2025-06-02T07:00:00Z
2025-06-30,P00083,0.04158,88,0.5223,636128.16,2025-07-02T07:00:00Z
2025-07-31,P00083,0.04158,89,0.5172,633901.71,2025-08-02T07:00:00Z
2025-08-31,P00083,0.04158,90,0.5122,631683.05,2025-09-02T07:00:00Z
2025-09-30,P00083,0.04158,91,0.5071,629472.16,2025-10-02T07:00:00Z
2025-10-31,P00083,0.04158,92,0.5021,627269.01,2025-11-02T07:00:00Z
2025-11-30,P00083,0.04158,93,0.497,625073.57,2025-12-02T07:00:00Z
2025-12-31,P00083,0.04158,94,0.492,622885.81,2026-01-02T07:00:00Z
2023-07-31,P00084,0.07304,94,0.7542,693625.1,2023-08-02T07:00:00Z
2023-08-31,P00084,0.07304,95,0.7487,691197.41,2023-09-02T07:00:00Z
2023-09-30,P00084,0.07304,96,0.7432,688778.22,2023-10-02T07:00:00Z
2023-10-31,P00084,0.07304,97,0.7377,686367.5,2023-11-02T07:00:00Z
2023-11-30,P00084,0.07304,98,0.7321,683965.21,2023-12-02T07:00:00Z
2023-12-31,P00084,0.07304,99,0.7266,681571.33,2024-01-02T07:00:00Z
2024-01-31,P00084,0.07304,100,0.7211,679185.83,2024-02-02T07:00:00Z
2024-02-29,P00084,0.07304,101,0.7156,676808.68,2024-03-02T07:00:00Z
2024-03-31,P00084,0.07304,102,0.7101,674439.85,2024-04-02T07:00:00Z
2024-04-30,P00084,0.07304,103,0.7046,672079.31,2024-05-02T07:00:00Z
2024-05-31,P00084,0.07304,104,0.699,669727.04,2024-06-02T07:00:00Z
2024-06-30,P00084,0.07304,105,0.6935,667382.99,2024-07-02T07:00:00Z
2024-07-31,P00084,0.07304,106,0.688,665047.15,2024-08-02T07:00:00Z
2024-08-31,P00084,0.07304,107,0.6825,662719.49,2024-09-02T07:00:00Z
2024-09-30,P00084,0.07304,108,0.677,660399.97,2024-10-02T07:00:00Z
2024-10-31,P00084,0.07304,109,0.6715,658088.57,2024-11-02T07:00:00Z
2024-11-30,P00084,0.07304,110,0.6659,655785.26,2024-12-02T07:00:00Z
2024-12-31,P00084,0.07304,111,0.6604,653490.01,2025-01-02T07:00:00Z
2025-01-31,P00084,0.07304,112,0.6549,651202.79,2025-02-02T07:00:00Z
2025-02-28,P00084,0.07304,113,0.6494,648923.58,2025-03-02T07:00:00Z
2025-03-31,P00084,0.07304,114,0.6439,646652.35,2025-04-02T07:00:00Z
2025-04-30,P00084,0.07304,115,0.6384,644389.07,2025-05-02T07:00:00Z
2025-05-31,P00084,0.07304,116,0.6328,642133.71,2025-06-02T07:00:00Z
2025-06-30,P00084,0.07304,117,0.6273,639886.24,2025-07-02T07:00:00Z
2025-07-31,P00084,0.07304,118,0.6218,637646.64,2025-08-02T07:00:00Z
2025-08-31,P00084,0.07304,119,0.6163,635414.87,2025-09-02T07:00:00Z
2025-09-30,P00084,0.07304,120,0.6108,633190.92,2025-10-02T07:00:00Z
2025-10-31,P00084,0.07304,121,0.6053,630974.75,2025-11-02T07:00:00Z
2025-11-30,P00084,0.07304,122,0.5997,628766.34,2025-12-02T07:00:00Z
2025-12-31,P00084,0.07304,123,0.5942,626565.66,2026-01-02T07:00:00Z
2023-07-31,P00085,0.05553,128,0.7958,551200.73,2023-08-02T07:00:00Z
2023-08-31,P00085,0.05553,129,0.7901,549271.53,2023-09-02T07:00:00Z
2023-09-30,P00085,0.05553,130,0.7845,547349.08,2023-10-02T07:00:00Z
2023-10-31,P00085,0.05553,131,0.7788,545433.36,2023-11-02T07:00:00Z
2023-11-30,P00085,0.05553,132,0.7731,543524.34,2023-12-02T07:00:00Z
2023-12-31,P00085,0.05553,133,0.7674,541622.0,2024-01-02T07:00:00Z
2024-01-31,P00085,0.05553,134,0.7617,539726.33,2024-02-02T07:00:00Z
2024-02-29,P00085,0.05553,135,0.756,537837.28,2024-03-02T07:00:00Z
2024-03-31,P00085,0.05553,136,0.7504,535954.85,2024-04-02T07:00:00Z
2024-04-30,P00085,0.05553,137,0.7447,534079.01,2024-05-02T07:00:00Z
2024-05-31,P00085,0.05553,138,0.739,532209.74,2024-06-02T07:00:00Z
2024-06-30,P00085,0.05553,139,0.7333,530347.0,2024-07-02T07:00:00Z
2024-07-31,P00085,0.05553,140,0.7276,528490.79,2024-08-02T07:00:00Z
2024-08-31,P00085,0.05553,141,0.7219,526641.07,2024-09-02T07:00:00Z
2024-09-30,P00085,0.05553,142,0.7163,524797.83,2024-10-02T07:00:00Z
2024-10-31,P00085,0.05553,143,0.7106,522961.03,2024-11-02T07:00:00Z
2024-11-30,P00085,0.05553,144,0.7049,521130.67,2024-12-02T07:00:00Z
2024-12-31,P00085,0.05553,145,0.6992,519306.71,2025-01-02T07:00:00Z
2025-01-31,P00085,0.05553,146,0.6935,517489.14,2025-02-02T07:00:00Z
2025-02-28,P00085,0.05553,147,0.6878,515677.93,2025-03-02T07:00:00Z
2025-03-31,P00085,0.05553,148,0.6822,513873.05,2025-04-02T07:00:00Z
2025-04-30,P00085,0.05553,149,0.6765,512074.5,2025-05-02T07:00:00Z
2025-05-31,P00085,0.05553,150,0.6708,510282.24,2025-06-02T07:00:00Z
2025-06-30,P00085,0.05553,151,0.6651,508496.25,2025-07-02T07:00:00Z
2025-07-31,P00085,0.05553,152,0.6594,506716.51,2025-08-02T07:00:00Z
2025-08-31,P00085,0.05553,153,0.6537,504943.0,2025-09-02T07:00:00Z
2025-09-30,P00085,0.05553,154,0.6481,503175.7,2025-10-02T07:00:00Z
2025-10-31,P00085,0.05553,155,0.6424,501414.59,2025-11-02T07:00:00Z
2025-11-30,P00085,0.05553,156,0.6367,499659.64,2025-12-02T07:00:00Z
2025-12-31,P00085,0.05553,157,0.631,497910.83,2026-01-02T07:00:00Z
2023-07-31,P00086,0.06722,23,0.9566,523330.35,2023-08-02T07:00:00Z
2023-08-31,P00086,0.06722,24,0.9503,521498.69,2023-09-02T07:00:00Z
2023-09-30,P00086,0.06722,25,0.9439,519673.45,2023-10-02T07:00:00Z
2023-10-31,P00086,0.06722,26,0.9376,517854.59,2023-11-02T07:00:00Z
2023-11-30,P00086,0.06722,27,0.9313,516042.1,2023-12-02T07:00:00Z
2023-12-31,P00086,0.06722,28,0.925,514235.95,2024-01-02T07:00:00Z
2024-01-31,P00086,0.06722,29,0.9186,512436.13,2024-02-02T07:00:00Z
2024-02-29,P00086,0.06722,30,0.9123,510642.6,2024-03-02T07:00:00Z
2024-03-31,P00086,0.06722,31,0.906,508855.35,2024-04-02T07:00:00Z
2024-04-30,P00086,0.06722,32,0.8997,507074.36,2024-05-02T07:00:00Z
2024-05-31,P00086,0.06722,33,0.8933,505299.6,2024-06-02T07:00:00Z
2024-06-30,P00086,0.06722,34,0.887,503531.05,2024-07-02T07:00:00Z
2024-07-31,P00086,0.06722,35,0.8807,501768.69,2024-08-02T07:00:00Z
2024-08-31,P00086,0.06722,36,0.8743,500012.5,2024-09-02T07:00:00Z
2024-09-30,P00086,0.06722,37,0.868,498262.46,2024-10-02T07:00:00Z
2024-10-31,P00086,0.06722,38,0.8617,496518.54,2024-11-02T07:00:00Z
2024-11-30,P00086,0.06722,39,0.8554,494780.72,2024-12-02T07:00:00Z
2024-12-31,P00086,0.06722,40,0.849,493048.99,2025-01-02T07:00:00Z
2025-01-31,P00086,0.06722,41,0.8427,491323.32,2025-02-02T07:00:00Z
2025-02-28,P00086,0.06722,42,0.8364,489603.69,2025-03-02T07:00:00Z
2025-03-31,P00086,0.06722,43,0.8301,487890.07,2025-04-02T07:00:00Z
2025-04-30,P00086,0.06722,44,0.8237,486182.46,2025-05-02T07:00:00Z
2025-05-31,P00086,0.06722,45,0.8174,484480.82,2025-06-02T07:00:00Z
2025-06-30,P00086,0.06722,46,0.8111,482785.14,2025-07-02T07:00:00Z
2025-07-31,P00086,0.06722,47,0.8048,481095.39,2025-08-02T07:00:00Z
2025-08-31,P00086,0.06722,48,0.7984,479411.56,2025-09-02T07:00:00Z
2025-09-30,P00086,0.06722,49,0.7921,477733.62,2025-10-02T07:00:00Z
2025-10-31,P00086,0.06722,50,0.7858,476061.55,2025-11-02T07:00:00Z
2025-11-30,P00086,0.06722,51,0.7795,474395.33,2025-12-02T07:00:00Z
2025-12-31,P00086,0.06722,52,0.7731,472734.95,2026-01-02T07:00:00Z
2023-07-31,P00087,0.05077,25,0.97,280810.1,2023-08-02T07:00:00Z
2023-08-31,P00087,0.05077,26,0.9636,279827.26,2023-09-02T07:00:00Z
2023-09-30,P00087,0.05077,27,0.9572,278847.87,2023-10-02T07:00:00Z
2023-10-31,P00087,0.05077,28,0.9509,277871.9,2023-11-02T07:00:00Z
2023-11-30,P00087,0.05077,29,0.9445,276899.35,2023-12-02T07:00:00Z
2023-12-31,P00087,0.05077,30,0.9381,275930.2,2024-01-02T07:00:00Z
2024-01-31,P00087,0.05077,31,0.9317,274964.45,2024-02-02T07:00:00Z
2024-02-29,P00087,0.05077,32,0.9253,274002.07,2024-03-02T07:00:00Z
2024-03-31,P00087,0.05077,33,0.919,273043.06,2024-04-02T07:00:00Z
2024-04-30,P00087,0.05077,34,0.9126,272087.41,2024-05-02T07:00:00Z
2024-05-31,P00087,0.05077,35,0.9062,271135.11,2024-06-02T07:00:00Z
2024-06-30,P00087,0.05077,36,0.8998,270186.13,2024-07-02T07:00:00Z
2024-07-31,P00087,0.05077,37,0.8934,269240.48,2024-08-02T07:00:00Z
2024-08-31,P00087,0.05077,38,0.8871,268298.14,2024-09-02T07:00:00Z
2024-09-30,P00087,0.05077,39,0.8807,267359.1,2024-10-02T07:00:00Z
2024-10-31,P00087,0.05077,40,0.8743,266423.34,2024-11-02T07:00:00Z
2024-11-30,P00087,0.05077,41,0.8679,265490.86,2024-12-02T07:00:00Z
2024-12-31,P00087,0.05077,42,0.8615,264561.64,2025-01-02T07:00:00Z
2025-01-31,P00087,0.05077,43,0.8552,263635.68,2025-02-02T07:00:00Z
2025-02-28,P00087,0.05077,44,0.8488,262712.95,2025-03-02T07:00:00Z
2025-03-31,P00087,0.05077,45,0.8424,261793.46,2025-04-02T07:00:00Z
2025-04-30,P00087,0.05077,46,0.836,260877.18,2025-05-02T07:00:00Z
2025-05-31,P00087,0.05077,47,0.8296,259964.11,2025-06-02T07:00:00Z
2025-06-30,P00087,0.05077,48,0.8233,259054.23,2025-07-02T07:00:00Z
2025-07-31,P00087,0.05077,49,0.8169,258147.54,2025-08-02T07:00:00Z
2025-08-31,P00087,0.05077,50,0.8105,257244.03,2025-09-02T07:00:00Z
2025-09-30,P00087,0.05077,51,0.8041,256343.67,2025-10-02T07:00:00Z
2025-10-31,P00087,0.05077,52,0.7977,255446.47,2025-11-02T07:00:00Z
2025-11-30,P00087,0.05077,53,0.7914,254552.41,2025-12-02T07:00:00Z
2025-12-31,P00087,0.05077,54,0.785,253661.47,2026-01-02T07:00:00Z
2023-07-31,P00088,0.06106,99,0.887,364682.96,2023-08-02T07:00:00Z
2023-08-31,P00088,0.06106,100,0.881,363406.57,2023-09-02T07:00:00Z
2023-09-30,P00088,0.06106,101,0.8749,362134.65,2023-10-02T07:00:00Z
2023-10-31,P00088,0.06106,102,0.8689,360867.18,2023-11-02T07:00:00Z
2023-11-30,P00088,0.06106,103,0.8628,359604.14,2023-12-02T07:00:00Z
2023-12-31,P00088,0.06106,104,0.8568,358345.53,2024-01-02T07:00:00Z
2024-01-31,P00088,0.06106,105,0.8507,357091.32,2024-02-02T07:00:00Z
2024-02-29,P00088,0.06106,106,0.8447,355841.5,2024-03-02T07:00:00Z
2024-03-31,P00088,0.06106,107,0.8387,354596.05,2024-04-02T07:00:00Z
2024-04-30,P00088,0.06106,108,0.8326,353354.97,2024-05-02T07:00:00Z
2024-05-31,P00088,0.06106,109,0.8266,352118.22,2024-06-02T07:00:00Z
2024-06-30,P00088,0.06106,110,0.8205,350885.81,2024-07-02T07:00:00Z
2024-07-31,P00088,0.06106,111,0.8145,349657.71,2024-08-02T07:00:00Z
2024-08-31,P00088,0.06106,112,0.8084,348433.91,2024-09-02T07:00:00Z
2024-09-30,P00088,0.06106,113,0.8024,347214.39,2024-10-02T07:00:00Z
2024-10-31,P00088,0.06106,114,0.7963,345999.14,2024-11-02T07:00:00Z
2024-11-30,P00088,0.06106,115,0.7903,344788.14,2024-12-02T07:00:00Z
2024-12-31,P00088,0.06106,116,0.7842,343581.38,2025-01-02T07:00:00Z
2025-01-31,P00088,0.06106,117,0.7782,342378.85,2025-02-02T07:00:00Z
2025-02-28,P00088,0.06106,118,0.7721,341180.52,2025-03-02T07:00:00Z
2025-03-31,P00088,0.06106,119,0.7661,339986.39,2025-04-02T07:00:00Z
2025-04-30,P00088,0.06106,120,0.76,338796.44,2025-05-02T07:00:00Z
2025-05-31,P00088,0.06106,121,0.754,337610.65,2025-06-02T07:00:00Z
2025-06-30,P00088,0.06106,122,0.7479,336429.01,2025-07-02T07:00:00Z
2025-07-31,P00088,0.06106,123,0.7419,335251.51,2025-08-02T07:00:00Z
2025-08-31,P00088,0.06106,124,0.7358,334078.13,2025-09-02T07:00:00Z
2025-09-30,P00088,0.06106,125,0.7298,332908.86,2025-10-02T07:00:00Z
2025-10-31,P00088,0.06106,126,0.7237,331743.68,2025-11-02T07:00:00Z
2025-11-30,P00088,0.06106,127,0.7177,330582.57,2025-12-02T07:00:00Z
2025-12-31,P00088,0.06106,128,0.7116,329425.53,2026-01-02T07:00:00Z
2023-07-31,P00089,0.06315,75,0.5997,245518.82,2023-08-02T07:00:00Z
2023-08-31,P00089,0.06315,76,0.5948,244659.5,2023-09-02T07:00:00Z
2023-09-30,P00089,0.06315,77,0.5899,243803.2,2023-10-02T07:00:00Z
2023-10-31,P00089,0.06315,78,0.585,242949.88,2023-11-02T07:00:00Z
2023-11-30,P00089,0.06315,79,0.5801,242099.56,2023-12-02T07:00:00Z
2023-12-31,P00089,0.06315,80,0.5752,241252.21,2024-01-02T07:00:00Z
2024-01-31,P00089,0.06315,81,0.5703,240407.83,2024-02-02T07:00:00Z
2024-02-29,P00089,0.06315,82,0.5654,239566.4,2024-03-02T07:00:00Z
2024-03-31,P00089,0.06315,83,0.5605,238727.92,2024-04-02T07:00:00Z
2024-04-30,P00089,0.06315,84,0.5557,237892.37,2024-05-02T07:00:00Z
2024-05-31,P00089,0.06315,85,0.5508,237059.75,2024-06-02T07:00:00Z
2024-06-30,P00089,0.06315,86,0.5459,236230.04,2024-07-02T07:00:00Z
2024-07-31,P00089,0.06315,87,0.541,235403.23,2024-08-02T07:00:00Z
2024-08-31,P00089,0.06315,88,0.5361,234579.32,2024-09-02T07:00:00Z
2024-09-30,P00089,0.06315,89,0.5312,233758.29,2024-10-02T07:00:00Z
2024-10-31,P00089,0.06315,90,0.5263,232940.14,2024-11-02T07:00:00Z
2024-11-30,P00089,0.06315,91,0.5214,232124.85,2024-12-02T07:00:00Z
2024-12-31,P00089,0.06315,92,0.5165,231312.41,2025-01-02T07:00:00Z
2025-01-31,P00089,0.06315,93,0.5116,230502.82,2025-02-02T07:00:00Z
2025-02-28,P00089,0.06315,94,0.5067,229696.06,2025-03-02T07:00:00Z
2025-03-31,P00089,0.06315,95,0.5018,228892.12,2025-04-02T07:00:00Z
2025-04-30,P00089,0.06315,96,0.4969,228091.0,2025-05-02T07:00:00Z
2025-05-31,P00089,0.06315,97,0.492,227292.68,2025-06-02T07:00:00Z
2025-06-30,P00089,0.06315,98,0.4871,226497.16,2025-07-02T07:00:00Z
2025-07-31,P00089,0.06315,99,0.4822,225704.42,2025-08-02T07:00:00Z
2025-08-31,P00089,0.06315,100,0.4773,224914.45,2025-09-02T07:00:00Z
2025-09-30,P00089,0.06315,101,0.4724,224127.25,2025-10-02T07:00:00Z
2025-10-31,P00089,0.06315,102,0.4675,223342.81,2025-11-02T07:00:00Z
2025-11-30,P00089,0.06315,103,0.4626,222561.11,2025-12-02T07:00:00Z
2025-12-31,P00089,0.06315,104,0.4577,221782.14,2026-01-02T07:00:00Z
2023-07-31,P00090,0.057,43,0.943,582260.93,2023-08-02T07:00:00Z
2023-08-31,P00090,0.057,44,0.9367,580223.02,2023-09-02T07:00:00Z
2023-09-30,P00090,0.057,45,0.9304,578192.24,2023-10-02T07:00:00Z
2023-10-31,P00090,0.057,46,0.9242,576168.56,2023-11-02T07:00:00Z
2023-11-30,P00090,0.057,47,0.9179,574151.97,2023-12-02T07:00:00Z
2023-12-31,P00090,0.057,48,0.9116,572142.44,2024-01-02T07:00:00Z
2024-01-31,P00090,0.057,49,0.9054,570139.94,2024-02-02T07:00:00Z
2024-02-29,P00090,0.057,50,0.8991,568144.45,2024-03-02T07:00:00Z
2024-03-31,P00090,0.057,51,0.8928,566155.95,2024-04-02T07:00:00Z
2024-04-30,P00090,0.057,52,0.8865,564174.4,2024-05-02T07:00:00Z
2024-05-31,P00090,0.057,53,0.8803,562199.79,2024-06-02T07:00:00Z
2024-06-30,P00090,0.057,54,0.874,560232.09,2024-07-02T07:00:00Z
2024-07-31,P00090,0.057,55,0.8677,558271.28,2024-08-02T07:00:00Z
2024-08-31,P00090,0.057,56,0.8615,556317.33,2024-09-02T07:00:00Z
2024-09-30,P00090,0.057,57,0.8552,554370.22,2024-10-02T07:00:00Z
2024-10-31,P00090,0.057,58,0.8489,552429.92,2024-11-02T07:00:00Z
2024-11-30,P00090,0.057,59,0.8426,550496.42,2024-12-02T07:00:00Z
2024-12-31,P00090,0.057,60,0.8364,548569.68,2025-01-02T07:00:00Z
2025-01-31,P00090,0.057,61,0.8301,546649.69,2025-02-02T07:00:00Z
2025-02-28,P00090,0.057,62,0.8238,544736.41,2025-03-02T07:00:00Z
2025-03-31,P00090,0.057,63,0.8175,542829.84,2025-04-02T07:00:00Z
2025-04-30,P00090,0.057,64,0.8113,540929.93,2025-05-02T07:00:00Z
2025-05-31,P00090,0.057,65,0.805,539036.68,2025-06-02T07:00:00Z
2025-06-30,P00090,0.057,66,0.7987,537150.05,2025-07-02T07:00:00Z
2025-07-31,P00090,0.057,67,0.7925,535270.02,2025-08-02T07:00:00Z
2025-08-31,P00090,0.057,68,0.7862,533396.58,2025-09-02T07:00:00Z
2025-09-30,P00090,0.057,69,0.7799,531529.69,2025-10-02T07:00:00Z
2025-10-31,P00090,0.057,70,0.7736,529669.34,2025-11-02T07:00:00Z
2025-11-30,P00090,0.057,71,0.7674,527815.49,2025-12-02T07:00:00Z
2025-12-31,P00090,0.057,72,0.7611,525968.14,2026-01-02T07:00:00Z
2023-07-31,P00091,0.06985,111,0.644,687724.77,2023-08-02T07:00:00Z
2023-08-31,P00091,0.06985,112,0.6389,685317.73,2023-09-02T07:00:00Z
2023-09-30,P00091,0.06985,113,0.6338,682919.12,2023-10-02T07:00:00Z
2023-10-31,P00091,0.06985,114,0.6287,680528.9,2023-11-02T07:00:00Z
2023-11-30,P00091,0.06985,115,0.6237,678147.05,2023-12-02T07:00:00Z
2023-12-31,P00091,0.06985,116,0.6186,675773.54,2024-01-02T07:00:00Z
2024-01-31,P00091,0.06985,117,0.6135,673408.33,2024-02-02T07:00:00Z
2024-02-29,P00091,0.06985,118,0.6084,671051.4,2024-03-02T07:00:00Z
2024-03-31,P00091,0.06985,119,0.6034,668702.72,2024-04-02T07:00:00Z
2024-04-30,P00091,0.06985,120,0.5983,666362.26,2024-05-02T07:00:00Z
2024-05-31,P00091,0.06985,121,0.5932,664029.99,2024-06-02T07:00:00Z
2024-06-30,P00091,0.06985,122,0.5881,661705.89,2024-07-02T07:00:00Z
2024-07-31,P00091,0.06985,123,0.5831,659389.92,2024-08-02T07:00:00Z
2024-08-31,P00091,0.06985,124,0.578,657082.05,2024-09-02T07:00:00Z
2024-09-30,P00091,0.06985,125,0.5729,654782.27,2024-10-02T07:00:00Z
2024-10-31,P00091,0.06985,126,0.5678,652490.53,2024-11-02T07:00:00Z
2024-11-30,P00091,0.06985,127,0.5628,650206.81,2024-12-02T07:00:00Z
2024-12-31,P00091,0.06985,128,0.5577,647931.09,2025-01-02T07:00:00Z
2025-01-31,P00091,0.06985,129,0.5526,645663.33,2025-02-02T07:00:00Z
2025-02-28,P00091,0.06985,130,0.5475,643403.51,2025-03-02T07:00:00Z
2025-03-31,P00091,0.06985,131,0.5425,641151.6,2025-04-02T07:00:00Z
2025-04-30,P00091,0.06985,132,0.5374,638907.57,2025-05-02T07:00:00Z
2025-05-31,P00091,0.06985,133,0.5323,636671.39,2025-06-02T07:00:00Z
2025-06-30,P00091,0.06985,134,0.5272,634443.04,2025-07-02T07:00:00Z
2025-07-31,P00091,0.06985,135,0.5222,632222.49,2025-08-02T07:00:00Z
2025-08-31,P00091,0.06985,136,0.5171,630009.71,2025-09-02T07:00:00Z
2025-09-30,P00091,0.06985,137,0.512,627804.68,2025-10-02T07:00:00Z
2025-10-31,P00091,0.06985,138,0.5069,625607.36,2025-11-02T07:00:00Z
2025-11-30,P00091,0.06985,139,0.5018,623417.73,2025-12-02T07:00:00Z
2025-12-31,P00091,0.06985,140,0.4968,621235.77,2026-01-02T07:00:00Z
2023-07-31,P00092,0.04784,68,0.6591,167081.43,2023-08-02T07:00:00Z
2023-08-31,P00092,0.04784,69,0.654,166496.64,2023-09-02T07:00:00Z
2023-07-31,P00093,0.05798,133,0.5861,684731.02,2023-08-02T07:00:00Z
2023-08-31,P00093,0.05798,134,0.5813,682334.46,2023-09-02T07:00:00Z
2023-09-30,P00093,0.05798,135,0.5764,679946.29,2023-10-02T07:00:00Z
2023-10-31,P00093,0.05798,136,0.5716,677566.48,2023-11-02T07:00:00Z
2023-11-30,P00093,0.05798,137,0.5667,675195.0,2023-12-02T07:00:00Z
2023-12-31,P00093,0.05798,138,0.5619,672831.81,2024-01-02T07:00:00Z
2024-01-31,P00093,0.05798,139,0.557,670476.9,2024-02-02T07:00:00Z
2024-02-29,P00093,0.05798,140,0.5522,668130.23,2024-03-02T07:00:00Z
2024-03-31,P00093,0.05798,141,0.5473,665791.78,2024-04-02T07:00:00Z
2024-04-30,P00093,0.05798,142,0.5425,663461.51,2024-05-02T07:00:00Z
2024-05-31,P00093,0.05798,143,0.5377,661139.39,2024-06-02T07:00:00Z
2024-06-30,P00093,0.05798,144,0.5328,658825.4,2024-07-02T07:00:00Z
2024-07-31,P00093,0.05798,145,0.528,656519.51,2024-08-02T07:00:00Z
2024-08-31,P00093,0.05798,146,0.5231,654221.7,2024-09-02T07:00:00Z
2024-09-30,P00093,0.05798,147,0.5183,651931.92,2024-10-02T07:00:00Z
2024-10-31,P00093,0.05798,148,0.5134,649650.16,2024-11-02T07:00:00Z
2024-11-30,P00093,0.05798,149,0.5086,647376.38,2024-12-02T07:00:00Z
2024-12-31,P00093,0.05798,150,0.5037,645110.57,2025-01-02T07:00:00Z
2025-01-31,P00093,0.05798,151,0.4989,642852.68,2025-02-02T07:00:00Z
2025-02-28,P00093,0.05798,152,0.4941,640602.69,2025-03-02T07:00:00Z
2025-03-31,P00093,0.05798,153,0.4892,638360.58,2025-04-02T07:00:00Z
2025-04-30,P00093,0.05798,154,0.4844,636126.32,2025-05-02T07:00:00Z
2025-05-31,P00093,0.05798,155,0.4795,633899.88,2025-06-02T07:00:00Z
2025-06-30,P00093,0.05798,156,0.4747,631681.23,2025-07-02T07:00:00Z
2025-07-31,P00093,0.05798,157,0.4698,629470.35,2025-08-02T07:00:00Z
2025-08-31,P00093,0.05798,158,0.465,627267.2,2025-09-02T07:00:00Z
2025-09-30,P00093,0.05798,159,0.4601,625071.76,2025-10-02T07:00:00Z
2025-10-31,P00093,0.05798,160,0.4553,622884.01,2025-11-02T07:00:00Z
2025-11-30,P00093,0.05798,161,0.4505,620703.92,2025-12-02T07:00:00Z
2025-12-31,P00093,0.05798,162,0.4456,618531.46,2026-01-02T07:00:00Z
2023-07-31,P00094,0.05768,113,0.6942,335164.37,2023-08-02T07:00:00Z
2023-08-31,P00094,0.05768,114,0.6889,333991.29,2023-09-02T07:00:00Z
2023-09-30,P00094,0.05768,115,0.6837,332822.33,2023-10-02T07:00:00Z
2023-10-31,P00094,0.05768,116,0.6784,331657.45,2023-11-02T07:00:00Z
2023-11-30,P00094,0.05768,117,0.6731,330496.65,2023-12-02T07:00:00Z
2023-12-31,P00094,0.05768,118,0.6678,329339.91,2024-01-02T07:00:00Z
2024-01-31,P00094,0.05768,119,0.6625,328187.22,2024-02-02T07:00:00Z
2024-02-29,P00094,0.05768,120,0.6573,327038.56,2024-03-02T07:00:00Z
2024-03-31,P00094,0.05768,121,0.652,325893.93,2024-04-02T07:00:00Z
2024-04-30,P00094,0.05768,122,0.6467,324753.3,2024-05-02T07:00:00Z
2024-05-31,P00094,0.05768,123,0.6414,323616.66,2024-06-02T07:00:00Z
2024-06-30,P00094,0.05768,124,0.6362,322484.0,2024-07-02T07:00:00Z
2024-07-31,P00094,0.05768,125,0.6309,321355.31,2024-08-02T07:00:00Z
2024-08-31,P00094,0.05768,126,0.6256,320230.57,2024-09-02T07:00:00Z
2024-09-30,P00094,0.05768,127,0.6203,319109.76,2024-10-02T07:00:00Z
2024-10-31,P00094,0.05768,128,0.6151,317992.88,2024-11-02T07:00:00Z
2024-11-30,P00094,0.05768,129,0.6098,316879.9,2024-12-02T07:00:00Z
2024-12-31,P00094,0.05768,130,0.6045,315770.82,2025-01-02T07:00:00Z
2025-01-31,P00094,0.05768,131,0.5992,314665.62,2025-02-02T07:00:00Z
2025-02-28,P00094,0.05768,132,0.5939,313564.29,2025-03-02T07:00:00Z
2025-03-31,P00094,0.05768,133,0.5887,312466.82,2025-04-02T07:00:00Z
2025-04-30,P00094,0.05768,134,0.5834,311373.18,2025-05-02T07:00:00Z
2025-05-31,P00094,0.05768,135,0.5781,310283.38,2025-06-02T07:00:00Z
2025-06-30,P00094,0.05768,136,0.5728,309197.39,2025-07-02T07:00:00Z
2025-07-31,P00094,0.05768,137,0.5676,308115.2,2025-08-02T07:00:00Z
2025-08-31,P00094,0.05768,138,0.5623,307036.79,2025-09-02T07:00:00Z
2025-09-30,P00094,0.05768,139,0.557,305962.16,2025-10-02T07:00:00Z
2025-10-31,P00094,0.05768,140,0.5517,304891.3,2025-11-02T07:00:00Z
2025-11-30,P00094,0.05768,141,0.5465,303824.18,2025-12-02T07:00:00Z
2025-12-31,P00094,0.05768,142,0.5412,302760.79,2026-01-02T07:00:00Z
2023-07-31,P00095,0.05523,46,0.8112,193272.03,2023-08-02T07:00:00Z
2023-08-31,P00095,0.05523,47,0.8054,192595.58,2023-09-02T07:00:00Z
2023-09-30,P00095,0.05523,48,0.7997,191921.49,2023-10-02T07:00:00Z
2023-10-31,P00095,0.05523,49,0.794,191249.77,2023-11-02T07:00:00Z
2023-11-30,P00095,0.05523,50,0.7882,190580.39,2023-12-02T07:00:00Z
2023-12-31,P00095,0.05523,51,0.7825,189913.36,2024-01-02T07:00:00Z
2024-01-31,P00095,0.05523,52,0.7767,189248.67,2024-02-02T07:00:00Z
2024-02-29,P00095,0.05523,53,0.771,188586.3,2024-03-02T07:00:00Z
2024-03-31,P00095,0.05523,54,0.7652,187926.24,2024-04-02T07:00:00Z
2024-04-30,P00095,0.05523,55,0.7595,187268.5,2024-05-02T07:00:00Z
2024-05-31,P00095,0.05523,56,0.7537,186613.06,2024-06-02T07:00:00Z
2024-06-30,P00095,0.05523,57,0.748,185959.92,2024-07-02T07:00:00Z
2024-07-31,P00095,0.05523,58,0.7423,185309.06,2024-08-02T07:00:00Z
2024-08-31,P00095,0.05523,59,0.7365,184660.47,2024-09-02T07:00:00Z
2024-09-30,P00095,0.05523,60,0.7308,184014.16,2024-10-02T07:00:00Z
2024-10-31,P00095,0.05523,61,0.725,183370.11,2024-11-02T07:00:00Z
2024-11-30,P00095,0.05523,62,0.7193,182728.32,2024-12-02T07:00:00Z
2024-12-31,P00095,0.05523,63,0.7135,182088.77,2025-01-02T07:00:00Z
2025-01-31,P00095,0.05523,64,0.7078,181451.46,2025-02-02T07:00:00Z
2025-02-28,P00095,0.05523,65,0.702,180816.38,2025-03-02T07:00:00Z
2025-03-31,P00095,0.05523,66,0.6963,180183.52,2025-04-02T07:00:00Z
2025-04-30,P00095,0.05523,67,0.6906,179552.88,2025-05-02T07:00:00Z
2025-05-31,P00095,0.05523,68,0.6848,178924.44,2025-06-02T07:00:00Z
2025-06-30,P00095,0.05523,69,0.6791,178298.21,2025-07-02T07:00:00Z
2025-07-31,P00095,0.05523,70,0.6733,177674.16,2025-08-02T07:00:00Z
2025-08-31,P00095,0.05523,71,0.6676,177052.3,2025-09-02T07:00:00Z
2025-09-30,P00095,0.05523,72,0.6618,176432.62,2025-10-02T07:00:00Z
2025-10-31,P00095,0.05523,73,0.6561,175815.11,2025-11-02T07:00:00Z
2025-11-30,P00095,0.05523,74,0.6503,175199.75,2025-12-02T07:00:00Z
2025-12-31,P00095,0.05523,75,0.6446,174586.56,2026-01-02T07:00:00Z
2023-07-31,P00096,0.0665,22,0.7453,106429.41,2023-08-02T07:00:00Z
2023-08-31,P00096,0.0665,23,0.7398,106056.91,2023-09-02T07:00:00Z
2023-09-30,P00096,0.0665,24,0.7344,105685.71,2023-10-02T07:00:00Z
2023-07-31,P00097,0.06843,30,0.7774,431586.92,2023-08-02T07:00:00Z
2023-08-31,P00097,0.06843,31,0.7718,430076.37,2023-09-02T07:00:00Z
2023-09-30,P00097,0.06843,32,0.7662,428571.1,2023-10-02T07:00:00Z
2023-10-31,P00097,0.06843,33,0.7606,427071.1,2023-11-02T07:00:00Z
2023-11-30,P00097,0.06843,34,0.755,425576.35,2023-12-02T07:00:00Z
2023-12-31,P00097,0.06843,35,0.7494,424086.83,2024-01-02T07:00:00Z
2024-01-31,P00097,0.06843,36,0.7438,422602.53,2024-02-02T07:00:00Z
2024-02-29,P00097,0.06843,37,0.7382,421123.42,2024-03-02T07:00:00Z
2024-03-31,P00097,0.06843,38,0.7326,419649.49,2024-04-02T07:00:00Z
2024-04-30,P00097,0.06843,39,0.7269,418180.72,2024-05-02T07:00:00Z
2024-05-31,P00097,0.06843,40,0.7213,416717.08,2024-06-02T07:00:00Z
2023-07-31,P00098,0.05491,15,0.7201,161468.33,2023-08-02T07:00:00Z
2023-08-31,P00098,0.05491,16,0.7148,160903.19,2023-09-02T07:00:00Z
2023-09-30,P00098,0.05491,17,0.7094,160340.03,2023-10-02T07:00:00Z
2023-10-31,P00098,0.05491,18,0.704,159778.84,2023-11-02T07:00:00Z
2023-11-30,P00098,0.05491,19,0.6986,159219.61,2023-12-02T07:00:00Z
2023-12-31,P00098,0.05491,20,0.6932,158662.34,2024-01-02T07:00:00Z
2024-01-31,P00098,0.05491,21,0.6879,158107.03,2024-02-02T07:00:00Z
2024-02-29,P00098,0.05491,22,0.6825,157553.65,2024-03-02T07:00:00Z
2024-03-31,P00098,0.05491,23,0.6771,157002.21,2024-04-02T07:00:00Z
2024-04-30,P00098,0.05491,24,0.6717,156452.71,2024-05-02T07:00:00Z
2024-05-31,P00098,0.05491,25,0.6663,155905.12,2024-06-02T07:00:00Z
2024-06-30,P00098,0.05491,26,0.661,155359.45,2024-07-02T07:00:00Z
2024-07-31,P00098,0.05491,27,0.6556,154815.7,2024-08-02T07:00:00Z
2024-08-31,P00098,0.05491,28,0.6502,154273.84,2024-09-02T07:00:00Z
2024-09-30,P00098,0.05491,29,0.6448,153733.88,2024-10-02T07:00:00Z
2024-10-31,P00098,0.05491,30,0.6394,153195.81,2024-11-02T07:00:00Z
2024-11-30,P00098,0.05491,31,0.6341,152659.63,2024-12-02T07:00:00Z
2024-12-31,P00098,0.05491,32,0.6287,152125.32,2025-01-02T07:00:00Z
2025-01-31,P00098,0.05491,33,0.6233,151592.88,2025-02-02T07:00:00Z
2025-02-28,P00098,0.05491,34,0.6179,151062.31,2025-03-02T07:00:00Z
2025-03-31,P00098,0.05491,35,0.6125,150533.59,2025-04-02T07:00:00Z
2025-04-30,P00098,0.05491,36,0.6072,150006.72,2025-05-02T07:00:00Z
2025-05-31,P00098,0.05491,37,0.6018,149481.7,2025-06-02T07:00:00Z
2025-06-30,P00098,0.05491,38,0.5964,148958.51,2025-07-02T07:00:00Z
2025-07-31,P00098,0.05491,39,0.591,148437.16,2025-08-02T07:00:00Z
2025-08-31,P00098,0.05491,40,0.5856,147917.63,2025-09-02T07:00:00Z
2025-09-30,P00098,0.05491,41,0.5803,147399.91,2025-10-02T07:00:00Z
2025-10-31,P00098,0.05491,42,0.5749,146884.02,2025-11-02T07:00:00Z
2025-11-30,P00098,0.05491,43,0.5695,146369.92,2025-12-02T07:00:00Z
2025-12-31,P00098,0.05491,44,0.5641,145857.63,2026-01-02T07:00:00Z
2023-07-31,P00099,0.0605,2,0.7712,188022.66,2023-08-02T07:00:00Z
2023-08-31,P00099,0.0605,3,0.7656,187364.58,2023-09-02T07:00:00Z
2023-09-30,P00099,0.0605,4,0.76,186708.8,2023-10-02T07:00:00Z
2023-10-31,P00099,0.0605,5,0.7544,186055.32,2023-11-02T07:00:00Z
2023-11-30,P00099,0.0605,6,0.7489,185404.13,2023-12-02T07:00:00Z
2023-12-31,P00099,0.0605,7,0.7433,184755.22,2024-01-02T07:00:00Z
2024-01-31,P00099,0.0605,8,0.7377,184108.57,2024-02-02T07:00:00Z
2024-02-29,P00099,0.0605,9,0.7321,183464.19,2024-03-02T07:00:00Z
2024-03-31,P00099,0.0605,10,0.7265,182822.07,2024-04-02T07:00:00Z
2024-04-30,P00099,0.0605,11,0.7209,182182.19,2024-05-02T07:00:00Z
2024-05-31,P00099,0.0605,12,0.7153,181544.55,2024-06-02T07:00:00Z
2024-06-30,P00099,0.0605,13,0.7098,180909.15,2024-07-02T07:00:00Z
2024-07-31,P00099,0.0605,14,0.7042,180275.96,2024-08-02T07:00:00Z
2024-08-31,P00099,0.0605,15,0.6986,179645.0,2024-09-02T07:00:00Z
2024-09-30,P00099,0.0605,16,0.693,179016.24,2024-10-02T07:00:00Z
2024-10-31,P00099,0.0605,17,0.6874,178389.68,2024-11-02T07:00:00Z
2024-11-30,P00099,0.0605,18,0.6818,177765.32,2024-12-02T07:00:00Z
2024-12-31,P00099,0.0605,19,0.6763,177143.14,2025-01-02T07:00:00Z
2025-01-31,P00099,0.0605,20,0.6707,176523.14,2025-02-02T07:00:00Z
2025-02-28,P00099,0.0605,21,0.6651,175905.31,2025-03-02T07:00:00Z
2025-03-31,P00099,0.0605,22,0.6595,175289.64,2025-04-02T07:00:00Z
2025-04-30,P00099,0.0605,23,0.6539,174676.13,2025-05-02T07:00:00Z
2025-05-31,P00099,0.0605,24,0.6483,174064.76,2025-06-02T07:00:00Z
2025-06-30,P00099,0.0605,25,0.6427,173455.53,2025-07-02T07:00:00Z
2025-07-31,P00099,0.0605,26,0.6372,172848.44,2025-08-02T07:00:00Z
2025-08-31,P00099,0.0605,27,0.6316,172243.47,2025-09-02T07:00:00Z
2025-09-30,P00099,0.0605,28,0.626,171640.62,2025-10-02T07:00:00Z
2025-10-31,P00099,0.0605,29,0.6204,171039.88,2025-11-02T07:00:00Z
2025-11-30,P00099,0.0605,30,0.6148,170441.24,2025-12-02T07:00:00Z
2025-12-31,P00099,0.0605,31,0.6092,169844.69,2026-01-02T07:00:00Z
2023-07-31,P00100,0.07578,75,0.6835,629854.89,2023-08-02T07:00:00Z
2023-08-31,P00100,0.07578,76,0.6783,627650.4,2023-09-02T07:00:00Z
2023-09-30,P00100,0.07578,77,0.673,625453.62,2023-10-02T07:00:00Z
2023-10-31,P00100,0.07578,78,0.6678,623264.53,2023-11-02T07:00:00Z
2023-11-30,P00100,0.07578,79,0.6626,621083.11,2023-12-02T07:00:00Z
2023-12-31,P00100,0.07578,80,0.6573,618909.32,2024-01-02T07:00:00Z
2024-01-31,P00100,0.07578,81,0.6521,616743.13,2024-02-02T07:00:00Z
2024-02-29,P00100,0.07578,82,0.6469,614584.53,2024-03-02T07:00:00Z
2024-03-31,P00100,0.07578,83,0.6416,612433.49,2024-04-02T07:00:00Z
2024-04-30,P00100,0.07578,84,0.6364,610289.97,2024-05-02T07:00:00Z
2024-05-31,P00100,0.07578,85,0.6312,608153.96,2024-06-02T07:00:00Z
2024-06-30,P00100,0.07578,86,0.6259,606025.42,2024-07-02T07:00:00Z
2024-07-31,P00100,0.07578,87,0.6207,603904.33,2024-08-02T07:00:00Z
2024-08-31,P00100,0.07578,88,0.6155,601790.66,2024-09-02T07:00:00Z
2024-09-30,P00100,0.07578,89,0.6102,599684.4,2024-10-02T07:00:00Z
2024-10-31,P00100,0.07578,90,0.605,597585.5,2024-11-02T07:00:00Z
2024-11-30,P00100,0.07578,91,0.5998,595493.95,2024-12-02T07:00:00Z
2024-12-31,P00100,0.07578,92,0.5945,593409.72,2025-01-02T07:00:00Z
2025-01-31,P00100,0.07578,93,0.5893,591332.79,2025-02-02T07:00:00Z
2025-02-28,P00100,0.07578,94,0.5841,589263.12,2025-03-02T07:00:00Z
2025-03-31,P00100,0.07578,95,0.5788,587200.7,2025-04-02T07:00:00Z
2025-04-30,P00100,0.07578,96,0.5736,585145.5,2025-05-02T07:00:00Z
2025-05-31,P00100,0.07578,97,0.5684,583097.49,2025-06-02T07:00:00Z
2025-06-30,P00100,0.07578,98,0.5631,581056.65,2025-07-02T07:00:00Z
2025-07-31,P00100,0.07578,99,0.5579,579022.95,2025-08-02T07:00:00Z
2025-08-31,P00100,0.07578,100,0.5527,576996.37,2025-09-02T07:00:00Z
2023-07-31,P00101,0.06703,100,0.7713,600322.23,2023-08-02T07:00:00Z
2023-08-31,P00101,0.06703,101,0.7657,598221.1,2023-09-02T07:00:00Z
2023-09-30,P00101,0.06703,102,0.7601,596127.33,2023-10-02T07:00:00Z
2023-10-31,P00101,0.06703,103,0.7545,594040.88,2023-11-02T07:00:00Z
2023-11-30,P00101,0.06703,104,0.749,591961.74,2023-12-02T07:00:00Z
2023-12-31,P00101,0.06703,105,0.7434,589889.87,2024-01-02T07:00:00Z
2024-01-31,P00101,0.06703,106,0.7378,587825.26,2024-02-02T07:00:00Z
2024-02-29,P00101,0.06703,107,0.7322,585767.87,2024-03-02T07:00:00Z
2024-03-31,P00101,0.06703,108,0.7266,583717.68,2024-04-02T07:00:00Z
2024-04-30,P00101,0.06703,109,0.721,581674.67,2024-05-02T07:00:00Z
2024-05-31,P00101,0.06703,110,0.7154,579638.81,2024-06-02T07:00:00Z
2024-06-30,P00101,0.06703,111,0.7099,577610.07,2024-07-02T07:00:00Z
2024-07-31,P00101,0.06703,112,0.7043,575588.44,2024-08-02T07:00:00Z
2024-08-31,P00101,0.06703,113,0.6987,573573.88,2024-09-02T07:00:00Z
2024-09-30,P00101,0.06703,114,0.6931,571566.37,2024-10-02T07:00:00Z
2024-10-31,P00101,0.06703,115,0.6875,569565.89,2024-11-02T07:00:00Z
2024-11-30,P00101,0.06703,116,0.6819,567572.41,2024-12-02T07:00:00Z
2024-12-31,P00101,0.06703,117,0.6764,565585.9,2025-01-02T07:00:00Z
2025-01-31,P00101,0.06703,118,0.6708,563606.35,2025-02-02T07:00:00Z
2025-02-28,P00101,0.06703,119,0.6652,561633.73,2025-03-02T07:00:00Z
2025-03-31,P00101,0.06703,120,0.6596,559668.01,2025-04-02T07:00:00Z
2025-04-30,P00101,0.06703,121,0.654,557709.18,2025-05-02T07:00:00Z
2023-07-31,P00102,0.04574,24,0.6251,605920.33,2023-08-02T07:00:00Z
2023-08-31,P00102,0.04574,25,0.6201,603799.61,2023-09-02T07:00:00Z
2023-09-30,P00102,0.04574,26,0.6151,601686.31,2023-10-02T07:00:00Z
2023-10-31,P00102,0.04574,27,0.6101,599580.41,2023-11-02T07:00:00Z
2023-11-30,P00102,0.04574,28,0.6051,597481.88,2023-12-02T07:00:00Z
2023-12-31,P00102,0.04574,29,0.6001,595390.69,2024-01-02T07:00:00Z
2024-01-31,P00102,0.04574,30,0.5951,593306.82,2024-02-02T07:00:00Z
2024-02-29,P00102,0.04574,31,0.5901,591230.25,2024-03-02T07:00:00Z
2024-03-31,P00102,0.04574,32,0.5851,589160.94,2024-04-02T07:00:00Z
2024-04-30,P00102,0.04574,33,0.5801,587098.88,2024-05-02T07:00:00Z
2024-05-31,P00102,0.04574,34,0.5751,585044.03,2024-06-02T07:00:00Z
2024-06-30,P00102,0.04574,35,0.5701,582996.38,2024-07-02T07:00:00Z
2024-07-31,P00102,0.04574,36,0.5651,580955.89,2024-08-02T07:00:00Z
2024-08-31,P00102,0.04574,37,0.5601,578922.55,2024-09-02T07:00:00Z
2024-09-30,P00102,0.04574,38,0.5551,576896.32,2024-10-02T07:00:00Z
2024-10-31,P00102,0.04574,39,0.5501,574877.18,2024-11-02T07:00:00Z
2024-11-30,P00102,0.04574,40,0.5451,572865.11,2024-12-02T07:00:00Z
2024-12-31,P00102,0.04574,41,0.5401,570860.08,2025-01-02T07:00:00Z
2025-01-31,P00102,0.04574,42,0.5351,568862.07,2025-02-02T07:00:00Z
2025-02-28,P00102,0.04574,43,0.5301,566871.05,2025-03-02T07:00:00Z
2025-03-31,P00102,0.04574,44,0.5251,564887.01,2025-04-02T07:00:00Z
2025-04-30,P00102,0.04574,45,0.5201,562909.9,2025-05-02T07:00:00Z
2025-05-31,P00102,0.04574,46,0.5151,560939.72,2025-06-02T07:00:00Z
2025-06-30,P00102,0.04574,47,0.5101,558976.43,2025-07-02T07:00:00Z
2025-07-31,P00102,0.04574,48,0.5051,557020.01,2025-08-02T07:00:00Z
2025-08-31,P00102,0.04574,49,0.5001,555070.44,2025-09-02T07:00:00Z
2025-09-30,P00102,0.04574,50,0.4951,553127.69,2025-10-02T07:00:00Z
2025-10-31,P00102,0.04574,51,0.4901,551191.75,2025-11-02T07:00:00Z
2025-11-30,P00102,0.04574,52,0.4851,549262.58,2025-12-02T07:00:00Z
2025-12-31,P00102,0.04574,53,0.4801,547340.16,2026-01-02T07:00:00Z
2023-07-31,P00103,0.06753,36,0.5062,215631.33,2023-08-02T07:00:00Z
2023-08-31,P00103,0.06753,37,0.5017,214876.62,2023-09-02T07:00:00Z
2023-09-30,P00103,0.06753,38,0.4971,214124.55,2023-10-02T07:00:00Z
2023-10-31,P00103,0.06753,39,0.4926,213375.12,2023-11-02T07:00:00Z
2023-11-30,P00103,0.06753,40,0.4881,212628.3,2023-12-02T07:00:00Z
2023-12-31,P00103,0.06753,41,0.4836,211884.1,2024-01-02T07:00:00Z
2024-01-31,P00103,0.06753,42,0.479,211142.51,2024-02-02T07:00:00Z
2023-07-31,P00104,0.04585,67,0.7734,593340.82,2023-08-02T07:00:00Z
2023-08-31,P00104,0.04585,68,0.7679,591264.13,2023-09-02T07:00:00Z
2023-09-30,P00104,0.04585,69,0.7623,589194.7,2023-10-02T07:00:00Z
2023-10-31,P00104,0.04585,70,0.7567,587132.52,2023-11-02T07:00:00Z
2023-11-30,P00104,0.04585,71,0.7511,585077.56,2023-12-02T07:00:00Z
2023-12-31,P00104,0.04585,72,0.7455,583029.79,2024-01-02T07:00:00Z
2024-01-31,P00104,0.04585,73,0.7399,580989.18,2024-02-02T07:00:00Z
2024-02-29,P00104,0.04585,74,0.7343,578955.72,2024-03-02T07:00:00Z
2024-03-31,P00104,0.04585,75,0.7287,576929.37,2024-04-02T07:00:00Z
2024-04-30,P00104,0.04585,76,0.7231,574910.12,2024-05-02T07:00:00Z
2024-05-31,P00104,0.04585,77,0.7175,572897.94,2024-06-02T07:00:00Z
2024-06-30,P00104,0.04585,78,0.7119,570892.79,2024-07-02T07:00:00Z
2024-07-31,P00104,0.04585,79,0.7063,568894.67,2024-08-02T07:00:00Z
2024-08-31,P00104,0.04585,80,0.7007,566903.54,2024-09-02T07:00:00Z
2024-09-30,P00104,0.04585,81,0.6951,564919.38,2024-10-02T07:00:00Z
2024-10-31,P00104,0.04585,82,0.6895,562942.16,2024-11-02T07:00:00Z
2024-11-30,P00104,0.04585,83,0.6839,560971.86,2024-12-02T07:00:00Z
2024-12-31,P00104,0.04585,84,0.6783,559008.46,2025-01-02T07:00:00Z
2025-01-31,P00104,0.04585,85,0.6728,557051.93,2025-02-02T07:00:00Z
2025-02-28,P00104,0.04585,86,0.6672,555102.25,2025-03-02T07:00:00Z
2025-03-31,P00104,0.04585,87,0.6616,553159.39,2025-04-02T07:00:00Z
2025-04-30,P00104,0.04585,88,0.656,551223.33,2025-05-02T07:00:00Z
2025-05-31,P00104,0.04585,89,0.6504,549294.05,2025-06-02T07:00:00Z
2025-06-30,P00104,0.04585,90,0.6448,547371.52,2025-07-02T07:00:00Z
2025-07-31,P00104,0.04585,91,0.6392,545455.72,2025-08-02T07:00:00Z
2025-08-31,P00104,0.04585,92,0.6336,543546.62,2025-09-02T07:00:00Z
2025-09-30,P00104,0.04585,93,0.628,541644.21,2025-10-02T07:00:00Z
2025-10-31,P00104,0.04585,94,0.6224,539748.46,2025-11-02T07:00:00Z
2025-11-30,P00104,0.04585,95,0.6168,537859.34,2025-12-02T07:00:00Z
2025-12-31,P00104,0.04585,96,0.6112,535976.83,2026-01-02T07:00:00Z
2023-07-31,P00105,0.06555,49,0.5009,111774.3,2023-08-02T07:00:00Z
2023-08-31,P00105,0.06555,50,0.4964,111383.09,2023-09-02T07:00:00Z
2023-09-30,P00105,0.06555,51,0.4919,110993.25,2023-10-02T07:00:00Z
2023-10-31,P00105,0.06555,52,0.4874,110604.77,2023-11-02T07:00:00Z
2023-11-30,P00105,0.06555,53,0.4829,110217.66,2023-12-02T07:00:00Z
2023-12-31,P00105,0.06555,54,0.4784,109831.89,2024-01-02T07:00:00Z
2024-01-31,P00105,0.06555,55,0.4739,109447.48,2024-02-02T07:00:00Z
2024-02-29,P00105,0.06555,56,0.4694,109064.42,2024-03-02T07:00:00Z
2024-03-31,P00105,0.06555,57,0.4649,108682.69,2024-04-02T07:00:00Z
2024-04-30,P00105,0.06555,58,0.4604,108302.3,2024-05-02T07:00:00Z
2024-05-31,P00105,0.06555,59,0.4559,107923.24,2024-06-02T07:00:00Z
2024-06-30,P00105,0.06555,60,0.4514,107545.51,2024-07-02T07:00:00Z
2024-07-31,P00105,0.06555,61,0.4469,107169.1,2024-08-02T07:00:00Z
2024-08-31,P00105,0.06555,62,0.4424,106794.01,2024-09-02T07:00:00Z
2024-09-30,P00105,0.06555,63,0.4379,106420.23,2024-10-02T07:00:00Z
2024-10-31,P00105,0.06555,64,0.4334,106047.76,2024-11-02T07:00:00Z
2024-11-30,P00105,0.06555,65,0.4289,105676.59,2024-12-02T07:00:00Z
2024-12-31,P00105,0.06555,66,0.4244,105306.73,2025-01-02T07:00:00Z
2025-01-31,P00105,0.06555,67,0.4199,104938.15,2025-02-02T07:00:00Z
2025-02-28,P00105,0.06555,68,0.4154,104570.87,2025-03-02T07:00:00Z
2025-03-31,P00105,0.06555,69,0.4109,104204.87,2025-04-02T07:00:00Z
2025-04-30,P00105,0.06555,70,0.4064,103840.15,2025-05-02T07:00:00Z
2025-05-31,P00105,0.06555,71,0.4019,103476.71,2025-06-02T07:00:00Z
2025-06-30,P00105,0.06555,72,0.3974,103114.54,2025-07-02T07:00:00Z
2025-07-31,P00105,0.06555,73,0.3929,102753.64,2025-08-02T07:00:00Z
2025-08-31,P00105,0.06555,74,0.3884,102394.01,2025-09-02T07:00:00Z
2025-09-30,P00105,0.06555,75,0.3839,102035.63,2025-10-02T07:00:00Z
2025-10-31,P00105,0.06555,76,0.3793,101678.5,2025-11-02T07:00:00Z
2025-11-30,P00105,0.06555,77,0.3748,101322.63,2025-12-02T07:00:00Z
2025-12-31,P00105,0.06555,78,0.3703,100968.0,2026-01-02T07:00:00Z
2023-07-31,P00106,0.05956,44,0.7623,410460.15,2023-08-02T07:00:00Z
2023-08-31,P00106,0.05956,45,0.7567,409023.54,2023-09-02T07:00:00Z
2023-09-30,P00106,0.05956,46,0.7512,407591.96,2023-10-02T07:00:00Z
2023-10-31,P00106,0.05956,47,0.7457,406165.39,2023-11-02T07:00:00Z
2023-11-30,P00106,0.05956,48,0.7401,404743.81,2023-12-02T07:00:00Z
2023-12-31,P00106,0.05956,49,0.7346,403327.2,2024-01-02T07:00:00Z
2024-01-31,P00106,0.05956,50,0.729,401915.56,2024-02-02T07:00:00Z
2024-02-29,P00106,0.05956,51,0.7235,400508.85,2024-03-02T07:00:00Z
2024-03-31,P00106,0.05956,52,0.7179,399107.07,2024-04-02T07:00:00Z
2024-04-30,P00106,0.05956,53,0.7124,397710.2,2024-05-02T07:00:00Z
2024-05-31,P00106,0.05956,54,0.7068,396318.21,2024-06-02T07:00:00Z
2024-06-30,P00106,0.05956,55,0.7013,394931.1,2024-07-02T07:00:00Z
2024-07-31,P00106,0.05956,56,0.6957,393548.84,2024-08-02T07:00:00Z
2024-08-31,P00106,0.05956,57,0.6902,392171.42,2024-09-02T07:00:00Z
2024-09-30,P00106,0.05956,58,0.6846,390798.82,2024-10-02T07:00:00Z
2024-10-31,P00106,0.05956,59,0.6791,389431.02,2024-11-02T07:00:00Z
2024-11-30,P00106,0.05956,60,0.6735,388068.01,2024-12-02T07:00:00Z
2024-12-31,P00106,0.05956,61,0.668,386709.78,2025-01-02T07:00:00Z
2025-01-31,P00106,0.05956,62,0.6624,385356.29,2025-02-02T07:00:00Z
2025-02-28,P00106,0.05956,63,0.6569,384007.54,2025-03-02T07:00:00Z
2025-03-31,P00106,0.05956,64,0.6513,382663.52,2025-04-02T07:00:00Z
2025-04-30,P00106,0.05956,65,0.6458,381324.2,2025-05-02T07:00:00Z
2025-05-31,P00106,0.05956,66,0.6402,379989.56,2025-06-02T07:00:00Z
2025-06-30,P00106,0.05956,67,0.6347,378659.6,2025-07-02T07:00:00Z
2025-07-31,P00106,0.05956,68,0.6291,377334.29,2025-08-02T07:00:00Z
2025-08-31,P00106,0.05956,69,0.6236,376013.62,2025-09-02T07:00:00Z
2025-09-30,P00106,0.05956,70,0.618,374697.57,2025-10-02T07:00:00Z
2025-10-31,P00106,0.05956,71,0.6125,373386.13,2025-11-02T07:00:00Z
2025-11-30,P00106,0.05956,72,0.6069,372079.28,2025-12-02T07:00:00Z
2025-12-31,P00106,0.05956,73,0.6014,370777.0,2026-01-02T07:00:00Z
2023-07-31,P00107,0.06623,123,0.6739,399871.44,2023-08-02T07:00:00Z
2023-08-31,P00107,0.06623,124,0.6687,398471.89,2023-09-02T07:00:00Z
2023-09-30,P00107,0.06623,125,0.6635,397077.24,2023-10-02T07:00:00Z
2023-10-31,P00107,0.06623,126,0.6583,395687.47,2023-11-02T07:00:00Z
2023-11-30,P00107,0.06623,127,0.6531,394302.56,2023-12-02T07:00:00Z
2023-12-31,P00107,0.06623,128,0.6479,392922.5,2024-01-02T07:00:00Z
2024-01-31,P00107,0.06623,129,0.6427,391547.27,2024-02-02T07:00:00Z
2024-02-29,P00107,0.06623,130,0.6375,390176.86,2024-03-02T07:00:00Z
2024-03-31,P00107,0.06623,131,0.6323,388811.24,2024-04-02T07:00:00Z
2024-04-30,P00107,0.06623,132,0.6271,387450.4,2024-05-02T07:00:00Z
2024-05-31,P00107,0.06623,133,0.6219,386094.32,2024-06-02T07:00:00Z
2024-06-30,P00107,0.06623,134,0.6167,384742.99,2024-07-02T07:00:00Z
2024-07-31,P00107,0.06623,135,0.6115,383396.39,2024-08-02T07:00:00Z
2024-08-31,P00107,0.06623,136,0.6063,382054.51,2024-09-02T07:00:00Z
2024-09-30,P00107,0.06623,137,0.6011,380717.32,2024-10-02T07:00:00Z
2024-10-31,P00107,0.06623,138,0.5959,379384.8,2024-11-02T07:00:00Z
2024-11-30,P00107,0.06623,139,0.5907,378056.96,2024-12-02T07:00:00Z
2024-12-31,P00107,0.06623,140,0.5855,376733.76,2025-01-02T07:00:00Z
2025-01-31,P00107,0.06623,141,0.5803,375415.19,2025-02-02T07:00:00Z
2025-02-28,P00107,0.06623,142,0.5751,374101.24,2025-03-02T07:00:00Z
2025-03-31,P00107,0.06623,143,0.57,372791.88,2025-04-02T07:00:00Z
2025-04-30,P00107,0.06623,144,0.5648,371487.11,2025-05-02T07:00:00Z
2025-05-31,P00107,0.06623,145,0.5596,370186.91,2025-06-02T07:00:00Z
2025-06-30,P00107,0.06623,146,0.5544,368891.25,2025-07-02T07:00:00Z
2025-07-31,P00107,0.06623,147,0.5492,367600.13,2025-08-02T07:00:00Z
2025-08-31,P00107,0.06623,148,0.544,366313.53,2025-09-02T07:00:00Z
2025-09-30,P00107,0.06623,149,0.5388,365031.43,2025-10-02T07:00:00Z
2025-10-31,P00107,0.06623,150,0.5336,363753.82,2025-11-02T07:00:00Z
2025-11-30,P00107,0.06623,151,0.5284,362480.69,2025-12-02T07:00:00Z
2025-12-31,P00107,0.06623,152,0.5232,361212.0,2026-01-02T07:00:00Z
2023-07-31,P00108,0.06702,83,0.6167,675435.96,2023-08-02T07:00:00Z
2023-08-31,P00108,0.06702,84,0.6118,673071.93,2023-09-02T07:00:00Z
2023-09-30,P00108,0.06702,85,0.6068,670716.18,2023-10-02T07:00:00Z
2023-10-31,P00108,0.06702,86,0.6018,668368.68,2023-11-02T07:00:00Z
2023-11-30,P00108,0.06702,87,0.5969,666029.39,2023-12-02T07:00:00Z
2023-12-31,P00108,0.06702,88,0.5919,663698.28,2024-01-02T07:00:00Z
2024-01-31,P00108,0.06702,89,0.5869,661375.34,2024-02-02T07:00:00Z
2024-02-29,P00108,0.06702,90,0.582,659060.52,2024-03-02T07:00:00Z
2024-03-31,P00108,0.06702,91,0.577,656753.81,2024-04-02T07:00:00Z
2024-04-30,P00108,0.06702,92,0.572,654455.17,2024-05-02T07:00:00Z
2024-05-31,P00108,0.06702,93,0.5671,652164.58,2024-06-02T07:00:00Z
2024-06-30,P00108,0.06702,94,0.5621,649882.01,2024-07-02T07:00:00Z
2024-07-31,P00108,0.06702,95,0.5571,647607.42,2024-08-02T07:00:00Z
2024-08-31,P00108,0.06702,96,0.5522,645340.79,2024-09-02T07:00:00Z
2024-09-30,P00108,0.06702,97,0.5472,643082.1,2024-10-02T07:00:00Z
2024-10-31,P00108,0.06702,98,0.5422,640831.31,2024-11-02T07:00:00Z
2024-11-30,P00108,0.06702,99,0.5373,638588.4,2024-12-02T07:00:00Z
2024-12-31,P00108,0.06702,100,0.5323,636353.34,2025-01-02T07:00:00Z
2025-01-31,P00108,0.06702,101,0.5273,634126.11,2025-02-02T07:00:00Z
2025-02-28,P00108,0.06702,102,0.5224,631906.67,2025-03-02T07:00:00Z
2025-03-31,P00108,0.06702,103,0.5174,629694.99,2025-04-02T07:00:00Z
2025-04-30,P00108,0.06702,104,0.5124,627491.06,2025-05-02T07:00:00Z
2025-05-31,P00108,0.06702,105,0.5075,625294.84,2025-06-02T07:00:00Z
2025-06-30,P00108,0.06702,106,0.5025,623106.31,2025-07-02T07:00:00Z
2025-07-31,P00108,0.06702,107,0.4975,620925.44,2025-08-02T07:00:00Z
2025-08-31,P00108,0.06702,108,0.4926,618752.2,2025-09-02T07:00:00Z
2025-09-30,P00108,0.06702,109,0.4876,616586.57,2025-10-02T07:00:00Z
2025-10-31,P00108,0.06702,110,0.4826,614428.51,2025-11-02T07:00:00Z
2025-11-30,P00108,0.06702,111,0.4777,612278.01,2025-12-02T07:00:00Z
2025-12-31,P00108,0.06702,112,0.4727,610135.04,2026-01-02T07:00:00Z
2023-07-31,P00109,0.05003,13,0.5881,677456.86,2023-08-02T07:00:00Z
2023-08-31,P00109,0.05003,14,0.5832,675085.76,2023-09-02T07:00:00Z
2023-09-30,P00109,0.05003,15,0.5784,672722.96,2023-10-02T07:00:00Z
2023-10-31,P00109,0.05003,16,0.5735,670368.43,2023-11-02T07:00:00Z
2023-11-30,P00109,0.05003,17,0.5687,668022.14,2023-12-02T07:00:00Z
2023-12-31,P00109,0.05003,18,0.5638,665684.06,2024-01-02T07:00:00Z
2023-07-31,P00110,0.06003,56,0.5605,213233.6,2023-08-02T07:00:00Z
2023-08-31,P00110,0.06003,57,0.5557,212487.28,2023-09-02T07:00:00Z
2023-09-30,P00110,0.06003,58,0.551,211743.58,2023-10-02T07:00:00Z
2023-10-31,P00110,0.06003,59,0.5462,211002.47,2023-11-02T07:00:00Z
2023-11-30,P00110,0.06003,60,0.5415,210263.97,2023-12-02T07:00:00Z
2023-12-31,P00110,0.06003,61,0.5367,209528.04,2024-01-02T07:00:00Z
2024-01-31,P00110,0.06003,62,0.532,208794.69,2024-02-02T07:00:00Z
2024-02-29,P00110,0.06003,63,0.5273,208063.91,2024-03-02T07:00:00Z
2024-03-31,P00110,0.06003,64,0.5225,207335.69,2024-04-02T07:00:00Z
2024-04-30,P00110,0.06003,65,0.5178,206610.01,2024-05-02T07:00:00Z
2024-05-31,P00110,0.06003,66,0.513,205886.88,2024-06-02T07:00:00Z
2024-06-30,P00110,0.06003,67,0.5083,205166.27,2024-07-02T07:00:00Z
2024-07-31,P00110,0.06003,68,0.5036,204448.19,2024-08-02T07:00:00Z
2024-08-31,P00110,0.06003,69,0.4988,203732.62,2024-09-02T07:00:00Z
2024-09-30,P00110,0.06003,70,0.4941,203019.56,2024-10-02T07:00:00Z
2024-10-31,P00110,0.06003,71,0.4893,202308.99,2024-11-02T07:00:00Z
2024-11-30,P00110,0.06003,72,0.4846,201600.91,2024-12-02T07:00:00Z
2024-12-31,P00110,0.06003,73,0.4798,200895.31,2025-01-02T07:00:00Z
2025-01-31,P00110,0.06003,74,0.4751,200192.17,2025-02-02T07:00:00Z
2025-02-28,P00110,0.06003,75,0.4704,199491.5,2025-03-02T07:00:00Z
2025-03-31,P00110,0.06003,76,0.4656,198793.28,2025-04-02T07:00:00Z
2025-04-30,P00110,0.06003,77,0.4609,198097.5,2025-05-02T07:00:00Z
2025-05-31,P00110,0.06003,78,0.4561,197404.16,2025-06-02T07:00:00Z
2025-06-30,P00110,0.06003,79,0.4514,196713.25,2025-07-02T07:00:00Z
2025-07-31,P00110,0.06003,80,0.4467,196024.75,2025-08-02T07:00:00Z
2025-08-31,P00110,0.06003,81,0.4419,195338.66,2025-09-02T07:00:00Z
2023-07-31,P00111,0.06603,27,0.668,450103.1,2023-08-02T07:00:00Z
2023-08-31,P00111,0.06603,28,0.6628,448527.74,2023-09-02T07:00:00Z
2023-09-30,P00111,0.06603,29,0.6576,446957.89,2023-10-02T07:00:00Z
2023-10-31,P00111,0.06603,30,0.6525,445393.54,2023-11-02T07:00:00Z
2023-11-30,P00111,0.06603,31,0.6473,443834.66,2023-12-02T07:00:00Z
2023-12-31,P00111,0.06603,32,0.6421,442281.24,2024-01-02T07:00:00Z
2024-01-31,P00111,0.06603,33,0.6369,440733.26,2024-02-02T07:00:00Z
2024-02-29,P00111,0.06603,34,0.6318,439190.69,2024-03-02T07:00:00Z
2024-03-31,P00111,0.06603,35,0.6266,437653.52,2024-04-02T07:00:00Z
2024-04-30,P00111,0.06603,36,0.6214,436121.74,2024-05-02T07:00:00Z
2024-05-31,P00111,0.06603,37,0.6162,434595.31,2024-06-02T07:00:00Z
2024-06-30,P00111,0.06603,38,0.6111,433074.23,2024-07-02T07:00:00Z
2024-07-31,P00111,0.06603,39,0.6059,431558.47,2024-08-02T07:00:00Z
2024-08-31,P00111,0.06603,40,0.6007,430048.01,2024-09-02T07:00:00Z
2024-09-30,P00111,0.06603,41,0.5956,428542.84,2024-10-02T07:00:00Z
2024-10-31,P00111,0.06603,42,0.5904,427042.94,2024-11-02T07:00:00Z
2024-11-30,P00111,0.06603,43,0.5852,425548.29,2024-12-02T07:00:00Z
2024-12-31,P00111,0.06603,44,0.58,424058.87,2025-01-02T07:00:00Z
2025-01-31,P00111,0.06603,45,0.5749,422574.67,2025-02-02T07:00:00Z
2025-02-28,P00111,0.06603,46,0.5697,421095.66,2025-03-02T07:00:00Z
2025-03-31,P00111,0.06603,47,0.5645,419621.82,2025-04-02T07:00:00Z
2025-04-30,P00111,0.06603,48,0.5594,418153.15,2025-05-02T07:00:00Z
2025-05-31,P00111,0.06603,49,0.5542,416689.61,2025-06-02T07:00:00Z
2025-06-30,P00111,0.06603,50,0.549,415231.2,2025-07-02T07:00:00Z
2025-07-31,P00111,0.06603,51,0.5438,413777.89,2025-08-02T07:00:00Z
2025-08-31,P00111,0.06603,52,0.5387,412329.66,2025-09-02T07:00:00Z
2025-09-30,P00111,0.06603,53,0.5335,410886.51,2025-10-02T07:00:00Z
2025-10-31,P00111,0.06603,54,0.5283,409448.41,2025-11-02T07:00:00Z
2025-11-30,P00111,0.06603,55,0.5232,408015.34,2025-12-02T07:00:00Z
2025-12-31,P00111,0.06603,56,0.518,406587.28,2026-01-02T07:00:00Z
2023-07-31,P00112,0.08725,12,0.7004,317460.52,2023-08-02T07:00:00Z
2023-08-31,P00112,0.08725,13,0.6951,316349.41,2023-09-02T07:00:00Z
2023-09-30,P00112,0.08725,14,0.6898,315242.19,2023-10-02T07:00:00Z
2023-10-31,P00112,0.08725,15,0.6845,314138.84,2023-11-02T07:00:00Z
2023-11-30,P00112,0.08725,16,0.6792,313039.35,2023-12-02T07:00:00Z
2023-12-31,P00112,0.08725,17,0.6738,311943.71,2024-01-02T07:00:00Z
2024-01-31,P00112,0.08725,18,0.6685,310851.91,2024-02-02T07:00:00Z
2024-02-29,P00112,0.08725,19,0.6632,309763.93,2024-03-02T07:00:00Z
2024-03-31,P00112,0.08725,20,0.6579,308679.76,2024-04-02T07:00:00Z
2024-04-30,P00112,0.08725,21,0.6526,307599.38,2024-05-02T07:00:00Z
2024-05-31,P00112,0.08725,22,0.6473,306522.78,2024-06-02T07:00:00Z
2024-06-30,P00112,0.08725,23,0.642,305449.95,2024-07-02T07:00:00Z
2024-07-31,P00112,0.08725,24,0.6367,304380.87,2024-08-02T07:00:00Z
2024-08-31,P00112,0.08725,25,0.6314,303315.54,2024-09-02T07:00:00Z
2024-09-30,P00112,0.08725,26,0.6261,302253.94,2024-10-02T07:00:00Z
2024-10-31,P00112,0.08725,27,0.6208,301196.05,2024-11-02T07:00:00Z
2024-11-30,P00112,0.08725,28,0.6155,300141.86,2024-12-02T07:00:00Z
2024-12-31,P00112,0.08725,29,0.6102,299091.37,2025-01-02T07:00:00Z
2025-01-31,P00112,0.08725,30,0.6049,298044.55,2025-02-02T07:00:00Z
2025-02-28,P00112,0.08725,31,0.5996,297001.39,2025-03-02T07:00:00Z
2025-03-31,P00112,0.08725,32,0.5943,295961.88,2025-04-02T07:00:00Z
2025-04-30,P00112,0.08725,33,0.589,294926.02,2025-05-02T07:00:00Z
2025-05-31,P00112,0.08725,34,0.5837,293893.78,2025-06-02T07:00:00Z
2025-06-30,P00112,0.08725,35,0.5784,292865.15,2025-07-02T07:00:00Z
2025-07-31,P00112,0.08725,36,0.5731,291840.12,2025-08-02T07:00:00Z
2025-08-31,P00112,0.08725,37,0.5678,290818.68,2025-09-02T07:00:00Z
2025-09-30,P00112,0.08725,38,0.5625,289800.81,2025-10-02T07:00:00Z
2025-10-31,P00112,0.08725,39,0.5572,288786.51,2025-11-02T07:00:00Z
2025-11-30,P00112,0.08725,40,0.5519,287775.76,2025-12-02T07:00:00Z
2025-12-31,P00112,0.08725,41,0.5466,286768.54,2026-01-02T07:00:00Z
2023-07-31,P00113,0.06089,59,0.8441,309907.85,2023-08-02T07:00:00Z
2023-08-31,P00113,0.06089,60,0.8382,308823.17,2023-09-02T07:00:00Z
2023-09-30,P00113,0.06089,61,0.8323,307742.29,2023-10-02T07:00:00Z
2023-10-31,P00113,0.06089,62,0.8264,306665.19,2023-11-02T07:00:00Z
2023-11-30,P00113,0.06089,63,0.8206,305591.87,2023-12-02T07:00:00Z
2023-12-31,P00113,0.06089,64,0.8147,304522.29,2024-01-02T07:00:00Z
2024-01-31,P00113,0.06089,65,0.8088,303456.47,2024-02-02T07:00:00Z
2024-02-29,P00113,0.06089,66,0.8029,302394.37,2024-03-02T07:00:00Z
2024-03-31,P00113,0.06089,67,0.7971,301335.99,2024-04-02T07:00:00Z
2024-04-30,P00113,0.06089,68,0.7912,300281.31,2024-05-02T07:00:00Z
2024-05-31,P00113,0.06089,69,0.7853,299230.33,2024-06-02T07:00:00Z
2024-06-30,P00113,0.06089,70,0.7794,298183.02,2024-07-02T07:00:00Z
2024-07-31,P00113,0.06089,71,0.7735,297139.38,2024-08-02T07:00:00Z
2024-08-31,P00113,0.06089,72,0.7677,296099.39,2024-09-02T07:00:00Z
2024-09-30,P00113,0.06089,73,0.7618,295063.04,2024-10-02T07:00:00Z
2024-10-31,P00113,0.06089,74,0.7559,294030.32,2024-11-02T07:00:00Z
2023-07-31,P00114,0.04828,54,0.6503,264642.17,2023-08-02T07:00:00Z
2023-08-31,P00114,0.04828,55,0.6452,263715.92,2023-09-02T07:00:00Z
2023-09-30,P00114,0.04828,56,0.6401,262792.92,2023-10-02T07:00:00Z
2023-10-31,P00114,0.04828,57,0.635,261873.14,2023-11-02T07:00:00Z
2023-11-30,P00114,0.04828,58,0.6299,260956.59,2023-12-02T07:00:00Z
2023-12-31,P00114,0.04828,59,0.6248,260043.24,2024-01-02T07:00:00Z
2024-01-31,P00114,0.04828,60,0.6197,259133.09,2024-02-02T07:00:00Z
2024-02-29,P00114,0.04828,61,0.6146,258226.12,2024-03-02T07:00:00Z
2024-03-31,P00114,0.04828,62,0.6095,257322.33,2024-04-02T07:00:00Z
2024-04-30,P00114,0.04828,63,0.6044,256421.7,2024-05-02T07:00:00Z
2024-05-31,P00114,0.04828,64,0.5993,255524.22,2024-06-02T07:00:00Z
2024-06-30,P00114,0.04828,65,0.5942,254629.89,2024-07-02T07:00:00Z
2024-07-31,P00114,0.04828,66,0.5891,253738.69,2024-08-02T07:00:00Z
2024-08-31,P00114,0.04828,67,0.584,252850.6,2024-09-02T07:00:00Z
2024-09-30,P00114,0.04828,68,0.5789,251965.62,2024-10-02T07:00:00Z
2024-10-31,P00114,0.04828,69,0.5738,251083.74,2024-11-02T07:00:00Z
2024-11-30,P00114,0.04828,70,0.5687,250204.95,2024-12-02T07:00:00Z
2024-12-31,P00114,0.04828,71,0.5636,249329.23,2025-01-02T07:00:00Z
2025-01-31,P00114,0.04828,72,0.5585,248456.58,2025-02-02T07:00:00Z
2025-02-28,P00114,0.04828,73,0.5534,247586.98,2025-03-02T07:00:00Z
2025-03-31,P00114,0.04828,74,0.5483,246720.43,2025-04-02T07:00:00Z
2025-04-30,P00114,0.04828,75,0.5432,245856.91,2025-05-02T07:00:00Z
2025-05-31,P00114,0.04828,76,0.5381,244996.41,2025-06-02T07:00:00Z
2025-06-30,P00114,0.04828,77,0.533,244138.92,2025-07-02T07:00:00Z
2025-07-31,P00114,0.04828,78,0.5278,243284.43,2025-08-02T07:00:00Z
2025-08-31,P00114,0.04828,79,0.5227,242432.94,2025-09-02T07:00:00Z
2025-09-30,P00114,0.04828,80,0.5176,241584.42,2025-10-02T07:00:00Z
2025-10-31,P00114,0.04828,81,0.5125,240738.88,2025-11-02T07:00:00Z
2025-11-30,P00114,0.04828,82,0.5074,239896.29,2025-12-02T07:00:00Z
2023-07-31,P00115,0.07394,17,0.6847,691299.4,2023-08-02T07:00:00Z
2023-08-31,P00115,0.07394,18,0.6794,688879.85,2023-09-02T07:00:00Z
2023-09-30,P00115,0.07394,19,0.6742,686468.77,2023-10-02T07:00:00Z
2023-10-31,P00115,0.07394,20,0.6689,684066.13,2023-11-02T07:00:00Z
2023-11-30,P00115,0.07394,21,0.6637,681671.9,2023-12-02T07:00:00Z
2023-12-31,P00115,0.07394,22,0.6585,679286.05,2024-01-02T07:00:00Z
2024-01-31,P00115,0.07394,23,0.6532,676908.55,2024-02-02T07:00:00Z
2024-02-29,P00115,0.07394,24,0.648,674539.37,2024-03-02T07:00:00Z
2024-03-31,P00115,0.07394,25,0.6427,672178.48,2024-04-02T07:00:00Z
2024-04-30,P00115,0.07394,26,0.6375,669825.86,2024-05-02T07:00:00Z
2024-05-31,P00115,0.07394,27,0.6323,667481.46,2024-06-02T07:00:00Z
2024-06-30,P00115,0.07394,28,0.627,665145.28,2024-07-02T07:00:00Z
2024-07-31,P00115,0.07394,29,0.6218,662817.27,2024-08-02T07:00:00Z
2024-08-31,P00115,0.07394,30,0.6166,660497.41,2024-09-02T07:00:00Z
2024-09-30,P00115,0.07394,31,0.6113,658185.67,2024-10-02T07:00:00Z
2024-10-31,P00115,0.07394,32,0.6061,655882.02,2024-11-02T07:00:00Z
2024-11-30,P00115,0.07394,33,0.6008,653586.43,2024-12-02T07:00:00Z
2024-12-31,P00115,0.07394,34,0.5956,651298.88,2025-01-02T07:00:00Z
2025-01-31,P00115,0.07394,35,0.5904,649019.33,2025-02-02T07:00:00Z
2025-02-28,P00115,0.07394,36,0.5851,646747.77,2025-03-02T07:00:00Z
2025-03-31,P00115,0.07394,37,0.5799,644484.15,2025-04-02T07:00:00Z
2025-04-30,P00115,0.07394,38,0.5746,642228.45,2025-05-02T07:00:00Z
2025-05-31,P00115,0.07394,39,0.5694,639980.66,2025-06-02T07:00:00Z
2025-06-30,P00115,0.07394,40,0.5642,637740.72,2025-07-02T07:00:00Z
2025-07-31,P00115,0.07394,41,0.5589,635508.63,2025-08-02T07:00:00Z
2025-08-31,P00115,0.07394,42,0.5537,633284.35,2025-09-02T07:00:00Z
2025-09-30,P00115,0.07394,43,0.5485,631067.86,2025-10-02T07:00:00Z
2025-10-31,P00115,0.07394,44,0.5432,628859.12,2025-11-02T07:00:00Z
2025-11-30,P00115,0.07394,45,0.538,626658.11,2025-12-02T07:00:00Z
2025-12-31,P00115,0.07394,46,0.5327,624464.81,2026-01-02T07:00:00Z
2023-07-31,P00116,0.07479,62,0.7216,219977.76,2023-08-02T07:00:00Z
2023-08-31,P00116,0.07479,63,0.7162,219207.84,2023-09-02T07:00:00Z
2023-09-30,P00116,0.07479,64,0.7108,218440.61,2023-10-02T07:00:00Z
2023-10-31,P00116,0.07479,65,0.7054,217676.07,2023-11-02T07:00:00Z
2023-11-30,P00116,0.07479,66,0.7,216914.2,2023-12-02T07:00:00Z
2023-12-31,P00116,0.07479,67,0.6947,216155.0,2024-01-02T07:00:00Z
2024-01-31,P00116,0.07479,68,0.6893,215398.46,2024-02-02T07:00:00Z
2024-02-29,P00116,0.07479,69,0.6839,214644.57,2024-03-02T07:00:00Z
2024-03-31,P00116,0.07479,70,0.6785,213893.31,2024-04-02T07:00:00Z
2024-04-30,P00116,0.07479,71,0.6731,213144.68,2024-05-02T07:00:00Z
2024-05-31,P00116,0.07479,72,0.6677,212398.68,2024-06-02T07:00:00Z
2024-06-30,P00116,0.07479,73,0.6623,211655.28,2024-07-02T07:00:00Z
2024-07-31,P00116,0.07479,74,0.6569,210914.49,2024-08-02T07:00:00Z
2024-08-31,P00116,0.07479,75,0.6516,210176.29,2024-09-02T07:00:00Z
2024-09-30,P00116,0.07479,76,0.6462,209440.67,2024-10-02T07:00:00Z
2024-10-31,P00116,0.07479,77,0.6408,208707.63,2024-11-02T07:00:00Z
2024-11-30,P00116,0.07479,78,0.6354,207977.15,2024-12-02T07:00:00Z
2024-12-31,P00116,0.07479,79,0.63,207249.23,2025-01-02T07:00:00Z
2025-01-31,P00116,0.07479,80,0.6246,206523.86,2025-02-02T07:00:00Z
2023-07-31,P00117,0.05329,85,0.7949,461695.8,2023-08-02T07:00:00Z
2023-08-31,P00117,0.05329,86,0.7892,460079.86,2023-09-02T07:00:00Z
2023-09-30,P00117,0.05329,87,0.7835,458469.59,2023-10-02T07:00:00Z
2023-10-31,P00117,0.05329,88,0.7778,456864.94,2023-11-02T07:00:00Z
2023-11-30,P00117,0.05329,89,0.7722,455265.91,2023-12-02T07:00:00Z
2023-12-31,P00117,0.05329,90,0.7665,453672.48,2024-01-02T07:00:00Z
2024-01-31,P00117,0.05329,91,0.7608,452084.63,2024-02-02T07:00:00Z
2024-02-29,P00117,0.05329,92,0.7551,450502.33,2024-03-02T07:00:00Z
2024-03-31,P00117,0.05329,93,0.7495,448925.58,2024-04-02T07:00:00Z
2024-04-30,P00117,0.05329,94,0.7438,447354.34,2024-05-02T07:00:00Z
2024-05-31,P00117,0.05329,95,0.7381,445788.6,2024-06-02T07:00:00Z
2024-06-30,P00117,0.05329,96,0.7324,444228.34,2024-07-02T07:00:00Z
2024-07-31,P00117,0.05329,97,0.7267,442673.54,2024-08-02T07:00:00Z
2024-08-31,P00117,0.05329,98,0.7211,441124.18,2024-09-02T07:00:00Z
2024-09-30,P00117,0.05329,99,0.7154,439580.24,2024-10-02T07:00:00Z
2024-10-31,P00117,0.05329,100,0.7097,438041.71,2024-11-02T07:00:00Z
2024-11-30,P00117,0.05329,101,0.704,436508.57,2024-12-02T07:00:00Z
2024-12-31,P00117,0.05329,102,0.6983,434980.79,2025-01-02T07:00:00Z
2025-01-31,P00117,0.05329,103,0.6927,433458.36,2025-02-02T07:00:00Z
2025-02-28,P00117,0.05329,104,0.687,431941.25,2025-03-02T07:00:00Z
2025-03-31,P00117,0.05329,105,0.6813,430429.46,2025-04-02T07:00:00Z
2025-04-30,P00117,0.05329,106,0.6756,428922.95,2025-05-02T07:00:00Z
2025-05-31,P00117,0.05329,107,0.6699,427421.72,2025-06-02T07:00:00Z
2025-06-30,P00117,0.05329,108,0.6643,425925.75,2025-07-02T07:00:00Z
2025-07-31,P00117,0.05329,109,0.6586,424435.01,2025-08-02T07:00:00Z
2025-08-31,P00117,0.05329,110,0.6529,422949.48,2025-09-02T07:00:00Z
2025-09-30,P00117,0.05329,111,0.6472,421469.16,2025-10-02T07:00:00Z
2025-10-31,P00117,0.05329,112,0.6415,419994.02,2025-11-02T07:00:00Z
2025-11-30,P00117,0.05329,113,0.6359,418524.04,2025-12-02T07:00:00Z
2023-07-31,P00118,0.05071,118,0.8169,389201.22,2023-08-02T07:00:00Z
2023-08-31,P00118,0.05071,119,0.8112,387839.02,2023-09-02T07:00:00Z
2023-09-30,P00118,0.05071,120,0.8054,386481.58,2023-10-02T07:00:00Z
2023-10-31,P00118,0.05071,121,0.7996,385128.89,2023-11-02T07:00:00Z
2023-11-30,P00118,0.05071,122,0.7938,383780.94,2023-12-02T07:00:00Z
2023-12-31,P00118,0.05071,123,0.7881,382437.71,2024-01-02T07:00:00Z
2024-01-31,P00118,0.05071,124,0.7823,381099.18,2024-02-02T07:00:00Z
2024-02-29,P00118,0.05071,125,0.7765,379765.33,2024-03-02T07:00:00Z
2024-03-31,P00118,0.05071,126,0.7708,378436.15,2024-04-02T07:00:00Z
2024-04-30,P00118,0.05071,127,0.765,377111.62,2024-05-02T07:00:00Z
2024-05-31,P00118,0.05071,128,0.7592,375791.73,2024-06-02T07:00:00Z
2024-06-30,P00118,0.05071,129,0.7535,374476.46,2024-07-02T07:00:00Z
2024-07-31,P00118,0.05071,130,0.7477,373165.8,2024-08-02T07:00:00Z
2024-08-31,P00118,0.05071,131,0.7419,371859.72,2024-09-02T07:00:00Z
2024-09-30,P00118,0.05071,132,0.7362,370558.21,2024-10-02T07:00:00Z
2024-10-31,P00118,0.05071,133,0.7304,369261.25,2024-11-02T07:00:00Z
2024-11-30,P00118,0.05071,134,0.7246,367968.84,2024-12-02T07:00:00Z
2024-12-31,P00118,0.05071,135,0.7189,366680.95,2025-01-02T07:00:00Z
2025-01-31,P00118,0.05071,136,0.7131,365397.56,2025-02-02T07:00:00Z
2025-02-28,P00118,0.05071,137,0.7073,364118.67,2025-03-02T07:00:00Z
2025-03-31,P00118,0.05071,138,0.7016,362844.26,2025-04-02T07:00:00Z
2025-04-30,P00118,0.05071,139,0.6958,361574.3,2025-05-02T07:00:00Z
2025-05-31,P00118,0.05071,140,0.69,360308.79,2025-06-02T07:00:00Z
2025-06-30,P00118,0.05071,141,0.6843,359047.71,2025-07-02T07:00:00Z
2025-07-31,P00118,0.05071,142,0.6785,357791.04,2025-08-02T07:00:00Z
2025-08-31,P00118,0.05071,143,0.6727,356538.78,2025-09-02T07:00:00Z
2025-09-30,P00118,0.05071,144,0.667,355290.89,2025-10-02T07:00:00Z
2025-10-31,P00118,0.05071,145,0.6612,354047.37,2025-11-02T07:00:00Z
2025-11-30,P00118,0.05071,146,0.6554,352808.21,2025-12-02T07:00:00Z
2025-12-31,P00118,0.05071,147,0.6497,351573.38,2026-01-02T07:00:00Z
2023-07-31,P00119,0.06193,79,0.6912,501828.26,2023-08-02T07:00:00Z
2023-08-31,P00119,0.06193,80,0.686,500071.86,2023-09-02T07:00:00Z
2023-09-30,P00119,0.06193,81,0.6807,498321.61,2023-10-02T07:00:00Z
2023-10-31,P00119,0.06193,82,0.6754,496577.48,2023-11-02T07:00:00Z
2023-11-30,P00119,0.06193,83,0.6702,494839.46,2023-12-02T07:00:00Z
2023-12-31,P00119,0.06193,84,0.6649,493107.52,2024-01-02T07:00:00Z
2024-01-31,P00119,0.06193,85,0.6596,491381.65,2024-02-02T07:00:00Z
2024-02-29,P00119,0.06193,86,0.6544,489661.81,2024-03-02T07:00:00Z
2024-03-31,P00119,0.06193,87,0.6491,487948.0,2024-04-02T07:00:00Z
2024-04-30,P00119,0.06193,88,0.6438,486240.18,2024-05-02T07:00:00Z
2024-05-31,P00119,0.06193,89,0.6386,484538.34,2024-06-02T07:00:00Z
2024-06-30,P00119,0.06193,90,0.6333,482842.45,2024-07-02T07:00:00Z
2024-07-31,P00119,0.06193,91,0.628,481152.5,2024-08-02T07:00:00Z
2024-08-31,P00119,0.06193,92,0.6228,479468.47,2024-09-02T07:00:00Z
2024-09-30,P00119,0.06193,93,0.6175,477790.33,2024-10-02T07:00:00Z
2024-10-31,P00119,0.06193,94,0.6122,476118.07,2024-11-02T07:00:00Z
2023-07-31,P00120,0.06471,60,0.6911,318508.62,2023-08-02T07:00:00Z
2023-08-31,P00120,0.06471,61,0.6859,317393.84,2023-09-02T07:00:00Z
2023-09-30,P00120,0.06471,62,0.6806,316282.96,2023-10-02T07:00:00Z
2023-10-31,P00120,0.06471,63,0.6753,315175.97,2023-11-02T07:00:00Z
2023-11-30,P00120,0.06471,64,0.6701,314072.86,2023-12-02T07:00:00Z
2023-12-31,P00120,0.06471,65,0.6648,312973.6,2024-01-02T07:00:00Z
2024-01-31,P00120,0.06471,66,0.6595,311878.19,2024-02-02T07:00:00Z
2024-02-29,P00120,0.06471,67,0.6543,310786.62,2024-03-02T07:00:00Z
2024-03-31,P00120,0.06471,68,0.649,309698.87,2024-04-02T07:00:00Z
2024-04-30,P00120,0.06471,69,0.6437,308614.92,2024-05-02T07:00:00Z
2024-05-31,P00120,0.06471,70,0.6385,307534.77,2024-06-02T07:00:00Z
2024-06-30,P00120,0.06471,71,0.6332,306458.4,2024-07-02T07:00:00Z
2024-07-31,P00120,0.06471,72,0.6279,305385.79,2024-08-02T07:00:00Z
2024-08-31,P00120,0.06471,73,0.6227,304316.94,2024-09-02T07:00:00Z
2023-07-31,P00121,0.06672,91,0.6038,156977.92,2023-08-02T07:00:00Z
2023-08-31,P00121,0.06672,92,0.5989,156428.5,2023-09-02T07:00:00Z
2023-09-30,P00121,0.06672,93,0.594,155881.0,2023-10-02T07:00:00Z
2023-10-31,P00121,0.06672,94,0.589,155335.41,2023-11-02T07:00:00Z
2023-11-30,P00121,0.06672,95,0.5841,154791.74,2023-12-02T07:00:00Z
2023-12-31,P00121,0.06672,96,0.5792,154249.97,2024-01-02T07:00:00Z
2024-01-31,P00121,0.06672,97,0.5743,153710.09,2024-02-02T07:00:00Z
2024-02-29,P00121,0.06672,98,0.5694,153172.11,2024-03-02T07:00:00Z
2024-03-31,P00121,0.06672,99,0.5645,152636.01,2024-04-02T07:00:00Z
2024-04-30,P00121,0.06672,100,0.5595,152101.78,2024-05-02T07:00:00Z
2024-05-31,P00121,0.06672,101,0.5546,151569.42,2024-06-02T07:00:00Z
2024-06-30,P00121,0.06672,102,0.5497,151038.93,2024-07-02T07:00:00Z
2024-07-31,P00121,0.06672,103,0.5448,150510.29,2024-08-02T07:00:00Z
2024-08-31,P00121,0.06672,104,0.5399,149983.51,2024-09-02T07:00:00Z
2024-09-30,P00121,0.06672,105,0.535,149458.57,2024-10-02T07:00:00Z
2024-10-31,P00121,0.06672,106,0.5301,148935.46,2024-11-02T07:00:00Z
2024-11-30,P00121,0.06672,107,0.5251,148414.19,2024-12-02T07:00:00Z
2024-12-31,P00121,0.06672,108,0.5202,147894.74,2025-01-02T07:00:00Z
2025-01-31,P00121,0.06672,109,0.5153,147377.11,2025-02-02T07:00:00Z
2025-02-28,P00121,0.06672,110,0.5104,146861.29,2025-03-02T07:00:00Z
2025-03-31,P00121,0.06672,111,0.5055,146347.27,2025-04-02T07:00:00Z
2025-04-30,P00121,0.06672,112,0.5006,145835.06,2025-05-02T07:00:00Z
2025-05-31,P00121,0.06672,113,0.4957,145324.63,2025-06-02T07:00:00Z
2025-06-30,P00121,0.06672,114,0.4907,144816.0,2025-07-02T07:00:00Z
2025-07-31,P00121,0.06672,115,0.4858,144309.14,2025-08-02T07:00:00Z
2025-08-31,P00121,0.06672,116,0.4809,143804.06,2025-09-02T07:00:00Z
2025-09-30,P00121,0.06672,117,0.476,143300.75,2025-10-02T07:00:00Z
2025-10-31,P00121,0.06672,118,0.4711,142799.19,2025-11-02T07:00:00Z
2025-11-30,P00121,0.06672,119,0.4662,142299.4,2025-12-02T07:00:00Z
2025-12-31,P00121,0.06672,120,0.4612,141801.35,2026-01-02T07:00:00Z
2023-07-31,P00122,0.07897,38,0.9208,237028.35,2023-08-02T07:00:00Z
2023-08-31,P00122,0.07897,39,0.9146,236198.75,2023-09-02T07:00:00Z
2023-09-30,P00122,0.07897,40,0.9084,235372.06,2023-10-02T07:00:00Z
2023-10-31,P00122,0.07897,41,0.9023,234548.25,2023-11-02T07:00:00Z
2023-11-30,P00122,0.07897,42,0.8961,233727.33,2023-12-02T07:00:00Z
2023-12-31,P00122,0.07897,43,0.8899,232909.29,2024-01-02T07:00:00Z
2024-01-31,P00122,0.07897,44,0.8837,232094.11,2024-02-02T07:00:00Z
2024-02-29,P00122,0.07897,45,0.8775,231281.78,2024-03-02T07:00:00Z
2024-03-31,P00122,0.07897,46,0.8713,230472.29,2024-04-02T07:00:00Z
2024-04-30,P00122,0.07897,47,0.8652,229665.64,2024-05-02T07:00:00Z
2024-05-31,P00122,0.07897,48,0.859,228861.81,2024-06-02T07:00:00Z
2024-06-30,P00122,0.07897,49,0.8528,228060.79,2024-07-02T07:00:00Z
2024-07-31,P00122,0.07897,50,0.8466,227262.58,2024-08-02T07:00:00Z
2024-08-31,P00122,0.07897,51,0.8404,226467.16,2024-09-02T07:00:00Z
2024-09-30,P00122,0.07897,52,0.8342,225674.52,2024-10-02T07:00:00Z
2024-10-31,P00122,0.07897,53,0.8281,224884.66,2024-11-02T07:00:00Z
2024-11-30,P00122,0.07897,54,0.8219,224097.57,2024-12-02T07:00:00Z
2024-12-31,P00122,0.07897,55,0.8157,223313.23,2025-01-02T07:00:00Z
2025-01-31,P00122,0.07897,56,0.8095,222531.63,2025-02-02T07:00:00Z
2025-02-28,P00122,0.07897,57,0.8033,221752.77,2025-03-02T07:00:00Z
2025-03-31,P00122,0.07897,58,0.7971,220976.63,2025-04-02T07:00:00Z
2025-04-30,P00122,0.07897,59,0.791,220203.22,2025-05-02T07:00:00Z
2025-05-31,P00122,0.07897,60,0.7848,219432.5,2025-06-02T07:00:00Z
2025-06-30,P00122,0.07897,61,0.7786,218664.49,2025-07-02T07:00:00Z
2025-07-31,P00122,0.07897,62,0.7724,217899.17,2025-08-02T07:00:00Z
2025-08-31,P00122,0.07897,63,0.7662,217136.52,2025-09-02T07:00:00Z
2025-09-30,P00122,0.07897,64,0.76,216376.54,2025-10-02T07:00:00Z
2025-10-31,P00122,0.07897,65,0.7539,215619.22,2025-11-02T07:00:00Z
2025-11-30,P00122,0.07897,66,0.7477,214864.56,2025-12-02T07:00:00Z
2025-12-31,P00122,0.07897,67,0.7415,214112.53,2026-01-02T07:00:00Z
2023-07-31,P00123,0.05661,62,0.9303,394936.74,2023-08-02T07:00:00Z
2023-08-31,P00123,0.05661,63,0.9241,393554.46,2023-09-02T07:00:00Z
2023-09-30,P00123,0.05661,64,0.9179,392177.02,2023-10-02T07:00:00Z
2023-10-31,P00123,0.05661,65,0.9116,390804.4,2023-11-02T07:00:00Z
2023-11-30,P00123,0.05661,66,0.9054,389436.59,2023-12-02T07:00:00Z
2023-12-31,P00123,0.05661,67,0.8992,388073.56,2024-01-02T07:00:00Z
2024-01-31,P00123,0.05661,68,0.893,386715.3,2024-02-02T07:00:00Z
2024-02-29,P00123,0.05661,69,0.8868,385361.8,2024-03-02T07:00:00Z
2024-03-31,P00123,0.05661,70,0.8805,384013.03,2024-04-02T07:00:00Z
2024-04-30,P00123,0.05661,71,0.8743,382668.98,2024-05-02T07:00:00Z
2024-05-31,P00123,0.05661,72,0.8681,381329.64,2024-06-02T07:00:00Z
2024-06-30,P00123,0.05661,73,0.8619,379994.99,2024-07-02T07:00:00Z
2023-07-31,P00124,0.06278,10,0.8761,127522.56,2023-08-02T07:00:00Z
2023-08-31,P00124,0.06278,11,0.8701,127076.23,2023-09-02T07:00:00Z
2023-09-30,P00124,0.06278,12,0.8641,126631.46,2023-10-02T07:00:00Z
2023-10-31,P00124,0.06278,13,0.8581,126188.25,2023-11-02T07:00:00Z
2023-11-30,P00124,0.06278,14,0.8521,125746.6,2023-12-02T07:00:00Z
2023-12-31,P00124,0.06278,15,0.8461,125306.48,2024-01-02T07:00:00Z
2024-01-31,P00124,0.06278,16,0.8401,124867.91,2024-02-02T07:00:00Z
2024-02-29,P00124,0.06278,17,0.8341,124430.87,2024-03-02T07:00:00Z
2024-03-31,P00124,0.06278,18,0.828,123995.36,2024-04-02T07:00:00Z
2024-04-30,P00124,0.06278,19,0.822,123561.38,2024-05-02T07:00:00Z
2024-05-31,P00124,0.06278,20,0.816,123128.92,2024-06-02T07:00:00Z
2024-06-30,P00124,0.06278,21,0.81,122697.96,2024-07-02T07:00:00Z
2024-07-31,P00124,0.06278,22,0.804,122268.52,2024-08-02T07:00:00Z
2024-08-31,P00124,0.06278,23,0.798,121840.58,2024-09-02T07:00:00Z
2024-09-30,P00124,0.06278,24,0.792,121414.14,2024-10-02T07:00:00Z
2024-10-31,P00124,0.06278,25,0.786,120989.19,2024-11-02T07:00:00Z
2024-11-30,P00124,0.06278,26,0.78,120565.73,2024-12-02T07:00:00Z
2024-12-31,P00124,0.06278,27,0.774,120143.75,2025-01-02T07:00:00Z
2025-01-31,P00124,0.06278,28,0.768,119723.24,2025-02-02T07:00:00Z
2025-02-28,P00124,0.06278,29,0.762,119304.21,2025-03-02T07:00:00Z
2025-03-31,P00124,0.06278,30,0.756,118886.65,2025-04-02T07:00:00Z
2025-04-30,P00124,0.06278,31,0.75,118470.54,2025-05-02T07:00:00Z
2025-05-31,P00124,0.06278,32,0.744,118055.9,2025-06-02T07:00:00Z
2025-06-30,P00124,0.06278,33,0.738,117642.7,2025-07-02T07:00:00Z
2025-07-31,P00124,0.06278,34,0.732,117230.95,2025-08-02T07:00:00Z
2025-08-31,P00124,0.06278,35,0.726,116820.64,2025-09-02T07:00:00Z
2025-09-30,P00124,0.06278,36,0.72,116411.77,2025-10-02T07:00:00Z
2025-10-31,P00124,0.06278,37,0.714,116004.33,2025-11-02T07:00:00Z
2025-11-30,P00124,0.06278,38,0.708,115598.32,2025-12-02T07:00:00Z
2025-12-31,P00124,0.06278,39,0.702,115193.72,2026-01-02T07:00:00Z
2023-07-31,P00125,0.04837,64,0.776,99808.58,2023-08-02T07:00:00Z
2023-08-31,P00125,0.04837,65,0.7704,99459.25,2023-09-02T07:00:00Z
2023-09-30,P00125,0.04837,66,0.7648,99111.14,2023-10-02T07:00:00Z
2023-10-31,P00125,0.04837,67,0.7592,98764.25,2023-11-02T07:00:00Z
2023-11-30,P00125,0.04837,68,0.7536,98418.58,2023-12-02T07:00:00Z
2023-12-31,P00125,0.04837,69,0.748,98074.11,2024-01-02T07:00:00Z
2024-01-31,P00125,0.04837,70,0.7424,97730.85,2024-02-02T07:00:00Z
2024-02-29,P00125,0.04837,71,0.7368,97388.8,2024-03-02T07:00:00Z
2024-03-31,P00125,0.04837,72,0.7312,97047.94,2024-04-02T07:00:00Z
2024-04-30,P00125,0.04837,73,0.7256,96708.27,2024-05-02T07:00:00Z
2024-05-31,P00125,0.04837,74,0.72,96369.79,2024-06-02T07:00:00Z
2024-06-30,P00125,0.04837,75,0.7144,96032.49,2024-07-02T07:00:00Z
2024-07-31,P00125,0.04837,76,0.7088,95696.38,2024-08-02T07:00:00Z
2024-08-31,P00125,0.04837,77,0.7032,95361.44,2024-09-02T07:00:00Z
2024-09-30,P00125,0.04837,78,0.6976,95027.68,2024-10-02T07:00:00Z
2024-10-31,P00125,0.04837,79,0.692,94695.08,2024-11-02T07:00:00Z
2024-11-30,P00125,0.04837,80,0.6864,94363.65,2024-12-02T07:00:00Z
2024-12-31,P00125,0.04837,81,0.6808,94033.38,2025-01-02T07:00:00Z
2025-01-31,P00125,0.04837,82,0.6752,93704.26,2025-02-02T07:00:00Z
2025-02-28,P00125,0.04837,83,0.6696,93376.29,2025-03-02T07:00:00Z
2025-03-31,P00125,0.04837,84,0.664,93049.48,2025-04-02T07:00:00Z
2025-04-30,P00125,0.04837,85,0.6584,92723.8,2025-05-02T07:00:00Z
2025-05-31,P00125,0.04837,86,0.6527,92399.27,2025-06-02T07:00:00Z
2025-06-30,P00125,0.04837,87,0.6471,92075.87,2025-07-02T07:00:00Z
2025-07-31,P00125,0.04837,88,0.6415,91753.61,2025-08-02T07:00:00Z
2025-08-31,P00125,0.04837,89,0.6359,91432.47,2025-09-02T07:00:00Z
2025-09-30,P00125,0.04837,90,0.6303,91112.46,2025-10-02T07:00:00Z
2025-10-31,P00125,0.04837,91,0.6247,90793.56,2025-11-02T07:00:00Z
2025-11-30,P00125,0.04837,92,0.6191,90475.79,2025-12-02T07:00:00Z
2025-12-31,P00125,0.04837,93,0.6135,90159.12,2026-01-02T07:00:00Z
2023-07-31,P00126,0.05399,8,0.6993,333659.48,2023-08-02T07:00:00Z
2023-08-31,P00126,0.05399,9,0.694,332491.67,2023-09-02T07:00:00Z
2023-09-30,P00126,0.05399,10,0.6887,331327.95,2023-10-02T07:00:00Z
2023-10-31,P00126,0.05399,11,0.6834,330168.3,2023-11-02T07:00:00Z
2023-11-30,P00126,0.05399,12,0.6781,329012.71,2023-12-02T07:00:00Z
2023-12-31,P00126,0.05399,13,0.6728,327861.17,2024-01-02T07:00:00Z
2024-01-31,P00126,0.05399,14,0.6675,326713.66,2024-02-02T07:00:00Z
2024-02-29,P00126,0.05399,15,0.6622,325570.16,2024-03-02T07:00:00Z
2024-03-31,P00126,0.05399,16,0.6569,324430.66,2024-04-02T07:00:00Z
2024-04-30,P00126,0.05399,17,0.6516,323295.15,2024-05-02T07:00:00Z
2024-05-31,P00126,0.05399,18,0.6463,322163.62,2024-06-02T07:00:00Z
2024-06-30,P00126,0.05399,19,0.641,321036.05,2024-07-02T07:00:00Z
2024-07-31,P00126,0.05399,20,0.6357,319912.42,2024-08-02T07:00:00Z
2024-08-31,P00126,0.05399,21,0.6304,318792.73,2024-09-02T07:00:00Z
2024-09-30,P00126,0.05399,22,0.6251,317676.95,2024-10-02T07:00:00Z
2024-10-31,P00126,0.05399,23,0.6198,316565.09,2024-11-02T07:00:00Z
2024-11-30,P00126,0.05399,24,0.6145,315457.11,2024-12-02T07:00:00Z
2024-12-31,P00126,0.05399,25,0.6092,314353.01,2025-01-02T07:00:00Z
2025-01-31,P00126,0.05399,26,0.6039,313252.77,2025-02-02T07:00:00Z
2025-02-28,P00126,0.05399,27,0.5986,312156.39,2025-03-02T07:00:00Z
2025-03-31,P00126,0.05399,28,0.5933,311063.84,2025-04-02T07:00:00Z
2025-04-30,P00126,0.05399,29,0.588,309975.12,2025-05-02T07:00:00Z
2025-05-31,P00126,0.05399,30,0.5827,308890.2,2025-06-02T07:00:00Z
2025-06-30,P00126,0.05399,31,0.5774,307809.09,2025-07-02T07:00:00Z
2025-07-31,P00126,0.05399,32,0.5721,306731.76,2025-08-02T07:00:00Z
2025-08-31,P00126,0.05399,33,0.5668,305658.2,2025-09-02T07:00:00Z
2025-09-30,P00126,0.05399,34,0.5615,304588.39,2025-10-02T07:00:00Z
2025-10-31,P00126,0.05399,35,0.5562,303522.33,2025-11-02T07:00:00Z
2025-11-30,P00126,0.05399,36,0.5509,302460.0,2025-12-02T07:00:00Z
2025-12-31,P00126,0.05399,37,0.5456,301401.39,2026-01-02T07:00:00Z
2023-07-31,P00127,0.05226,26,0.882,144264.86,2023-08-02T07:00:00Z
2023-08-31,P00127,0.05226,27,0.876,143759.93,2023-09-02T07:00:00Z
2023-09-30,P00127,0.05226,28,0.87,143256.77,2023-10-02T07:00:00Z
2023-10-31,P00127,0.05226,29,0.8639,142755.37,2023-11-02T07:00:00Z
2023-11-30,P00127,0.05226,30,0.8579,142255.73,2023-12-02T07:00:00Z
2023-12-31,P00127,0.05226,31,0.8519,141757.84,2024-01-02T07:00:00Z
2024-01-31,P00127,0.05226,32,0.8459,141261.68,2024-02-02T07:00:00Z
2024-02-29,P00127,0.05226,33,0.8398,140767.27,2024-03-02T07:00:00Z
2024-03-31,P00127,0.05226,34,0.8338,140274.58,2024-04-02T07:00:00Z
2024-04-30,P00127,0.05226,35,0.8278,139783.62,2024-05-02T07:00:00Z
2024-05-31,P00127,0.05226,36,0.8217,139294.38,2024-06-02T07:00:00Z
2024-06-30,P00127,0.05226,37,0.8157,138806.85,2024-07-02T07:00:00Z
2024-07-31,P00127,0.05226,38,0.8097,138321.02,2024-08-02T07:00:00Z
2024-08-31,P00127,0.05226,39,0.8037,137836.9,2024-09-02T07:00:00Z
2024-09-30,P00127,0.05226,40,0.7976,137354.47,2024-10-02T07:00:00Z
2024-10-31,P00127,0.05226,41,0.7916,136873.73,2024-11-02T07:00:00Z
2024-11-30,P00127,0.05226,42,0.7856,136394.67,2024-12-02T07:00:00Z
2024-12-31,P00127,0.05226,43,0.7795,135917.29,2025-01-02T07:00:00Z
2025-01-31,P00127,0.05226,44,0.7735,135441.58,2025-02-02T07:00:00Z
2025-02-28,P00127,0.05226,45,0.7675,134967.54,2025-03-02T07:00:00Z
2025-03-31,P00127,0.05226,46,0.7615,134495.15,2025-04-02T07:00:00Z
2025-04-30,P00127,0.05226,47,0.7554,134024.42,2025-05-02T07:00:00Z
2025-05-31,P00127,0.05226,48,0.7494,133555.33,2025-06-02T07:00:00Z
2025-06-30,P00127,0.05226,49,0.7434,133087.89,2025-07-02T07:00:00Z
2025-07-31,P00127,0.05226,50,0.7373,132622.08,2025-08-02T07:00:00Z
2025-08-31,P00127,0.05226,51,0.7313,132157.9,2025-09-02T07:00:00Z
2025-09-30,P00127,0.05226,52,0.7253,131695.35,2025-10-02T07:00:00Z
2025-10-31,P00127,0.05226,53,0.7193,131234.42,2025-11-02T07:00:00Z
2025-11-30,P00127,0.05226,54,0.7132,130775.09,2025-12-02T07:00:00Z
2025-12-31,P00127,0.05226,55,0.7072,130317.38,2026-01-02T07:00:00Z
2023-07-31,P00128,0.05355,112,0.6029,364819.08,2023-08-02T07:00:00Z
2023-08-31,P00128,0.05355,113,0.5979,363542.21,2023-09-02T07:00:00Z
2023-09-30,P00128,0.05355,114,0.593,362269.82,2023-10-02T07:00:00Z
2023-10-31,P00128,0.05355,115,0.5881,361001.87,2023-11-02T07:00:00Z
2023-11-30,P00128,0.05355,116,0.5832,359738.36,2023-12-02T07:00:00Z
2023-12-31,P00128,0.05355,117,0.5783,358479.28,2024-01-02T07:00:00Z
2024-01-31,P00128,0.05355,118,0.5734,357224.6,2024-02-02T07:00:00Z
2024-02-29,P00128,0.05355,119,0.5685,355974.32,2024-03-02T07:00:00Z
2024-03-31,P00128,0.05355,120,0.5636,354728.41,2024-04-02T07:00:00Z
2024-04-30,P00128,0.05355,121,0.5587,353486.86,2024-05-02T07:00:00Z
2024-05-31,P00128,0.05355,122,0.5537,352249.65,2024-06-02T07:00:00Z
2024-06-30,P00128,0.05355,123,0.5488,351016.78,2024-07-02T07:00:00Z
2024-07-31,P00128,0.05355,124,0.5439,349788.22,2024-08-02T07:00:00Z
2024-08-31,P00128,0.05355,125,0.539,348563.96,2024-09-02T07:00:00Z
2024-09-30,P00128,0.05355,126,0.5341,347343.99,2024-10-02T07:00:00Z
2024-10-31,P00128,0.05355,127,0.5292,346128.28,2024-11-02T07:00:00Z
2024-11-30,P00128,0.05355,128,0.5243,344916.84,2024-12-02T07:00:00Z
2024-12-31,P00128,0.05355,129,0.5194,343709.63,2025-01-02T07:00:00Z
2025-01-31,P00128,0.05355,130,0.5145,342506.64,2025-02-02T07:00:00Z
2025-02-28,P00128,0.05355,131,0.5095,341307.87,2025-03-02T07:00:00Z
2025-03-31,P00128,0.05355,132,0.5046,340113.29,2025-04-02T07:00:00Z
2023-07-31,P00129,0.06634,26,0.5375,666850.3,2023-08-02T07:00:00Z
2023-08-31,P00129,0.06634,27,0.5329,664516.32,2023-09-02T07:00:00Z
2023-09-30,P00129,0.06634,28,0.5282,662190.52,2023-10-02T07:00:00Z
2023-10-31,P00129,0.06634,29,0.5236,659872.85,2023-11-02T07:00:00Z
2023-11-30,P00129,0.06634,30,0.5189,657563.3,2023-12-02T07:00:00Z
2023-12-31,P00129,0.06634,31,0.5143,655261.82,2024-01-02T07:00:00Z
2024-01-31,P00129,0.06634,32,0.5096,652968.41,2024-02-02T07:00:00Z
2024-02-29,P00129,0.06634,33,0.505,650683.02,2024-03-02T07:00:00Z
2024-03-31,P00129,0.06634,34,0.5003,648405.63,2024-04-02T07:00:00Z
2024-04-30,P00129,0.06634,35,0.4957,646136.21,2024-05-02T07:00:00Z
2024-05-31,P00129,0.06634,36,0.491,643874.73,2024-06-02T07:00:00Z
2024-06-30,P00129,0.06634,37,0.4864,641621.17,2024-07-02T07:00:00Z
2024-07-31,P00129,0.06634,38,0.4817,639375.5,2024-08-02T07:00:00Z
2024-08-31,P00129,0.06634,39,0.4771,637137.68,2024-09-02T07:00:00Z
2023-07-31,P00130,0.05972,101,0.7796,157540.89,2023-08-02T07:00:00Z
2023-08-31,P00130,0.05972,102,0.774,156989.5,2023-09-02T07:00:00Z
2023-09-30,P00130,0.05972,103,0.7684,156440.03,2023-10-02T07:00:00Z
2023-10-31,P00130,0.05972,104,0.7627,155892.49,2023-11-02T07:00:00Z
2023-11-30,P00130,0.05972,105,0.7571,155346.87,2023-12-02T07:00:00Z
2023-12-31,P00130,0.05972,106,0.7515,154803.16,2024-01-02T07:00:00Z
2024-01-31,P00130,0.05972,107,0.7459,154261.34,2024-02-02T07:00:00Z
2024-02-29,P00130,0.05972,108,0.7403,153721.43,2024-03-02T07:00:00Z
2024-03-31,P00130,0.05972,109,0.7346,153183.4,2024-04-02T07:00:00Z
2024-04-30,P00130,0.05972,110,0.729,152647.26,2024-05-02T07:00:00Z
2024-05-31,P00130,0.05972,111,0.7234,152113.0,2024-06-02T07:00:00Z
2024-06-30,P00130,0.05972,112,0.7178,151580.6,2024-07-02T07:00:00Z
2024-07-31,P00130,0.05972,113,0.7122,151050.07,2024-08-02T07:00:00Z
2024-08-31,P00130,0.05972,114,0.7066,150521.39,2024-09-02T07:00:00Z
2024-09-30,P00130,0.05972,115,0.7009,149994.57,2024-10-02T07:00:00Z
2024-10-31,P00130,0.05972,116,0.6953,149469.59,2024-11-02T07:00:00Z
2024-11-30,P00130,0.05972,117,0.6897,148946.45,2024-12-02T07:00:00Z
2024-12-31,P00130,0.05972,118,0.6841,148425.13,2025-01-02T07:00:00Z
2025-01-31,P00130,0.05972,119,0.6785,147905.64,2025-02-02T07:00:00Z
2025-02-28,P00130,0.05972,120,0.6728,147387.98,2025-03-02T07:00:00Z
2025-03-31,P00130,0.05972,121,0.6672,146872.12,2025-04-02T07:00:00Z
2025-04-30,P00130,0.05972,122,0.6616,146358.06,2025-05-02T07:00:00Z
2025-05-31,P00130,0.05972,123,0.656,145845.81,2025-06-02T07:00:00Z
2025-06-30,P00130,0.05972,124,0.6504,145335.35,2025-07-02T07:00:00Z
2025-07-31,P00130,0.05972,125,0.6448,144826.68,2025-08-02T07:00:00Z
2025-08-31,P00130,0.05972,126,0.6391,144319.78,2025-09-02T07:00:00Z
2025-09-30,P00130,0.05972,127,0.6335,143814.66,2025-10-02T07:00:00Z
2025-10-31,P00130,0.05972,128,0.6279,143311.31,2025-11-02T07:00:00Z
2025-11-30,P00130,0.05972,129,0.6223,142809.72,2025-12-02T07:00:00Z
2025-12-31,P00130,0.05972,130,0.6167,142309.89,2026-01-02T07:00:00Z
2023-07-31,P00131,0.06255,120,0.6587,643000.67,2023-08-02T07:00:00Z
2023-08-31,P00131,0.06255,121,0.6535,640750.17,2023-09-02T07:00:00Z
2023-09-30,P00131,0.06255,122,0.6484,638507.54,2023-10-02T07:00:00Z
2023-10-31,P00131,0.06255,123,0.6432,636272.77,2023-11-02T07:00:00Z
2023-11-30,P00131,0.06255,124,0.6381,634045.81,2023-12-02T07:00:00Z
2023-12-31,P00131,0.06255,125,0.633,631826.65,2024-01-02T07:00:00Z
2024-01-31,P00131,0.06255,126,0.6278,629615.26,2024-02-02T07:00:00Z
2024-02-29,P00131,0.06255,127,0.6227,627411.6,2024-03-02T07:00:00Z
2024-03-31,P00131,0.06255,128,0.6176,625215.66,2024-04-02T07:00:00Z
2024-04-30,P00131,0.06255,129,0.6124,623027.41,2024-05-02T07:00:00Z
2024-05-31,P00131,0.06255,130,0.6073,620846.81,2024-06-02T07:00:00Z
2024-06-30,P00131,0.06255,131,0.6022,618673.85,2024-07-02T07:00:00Z
2024-07-31,P00131,0.06255,132,0.597,616508.49,2024-08-02T07:00:00Z
2024-08-31,P00131,0.06255,133,0.5919,614350.71,2024-09-02T07:00:00Z
2024-09-30,P00131,0.06255,134,0.5868,612200.48,2024-10-02T07:00:00Z
2024-10-31,P00131,0.06255,135,0.5816,610057.78,2024-11-02T07:00:00Z
2024-11-30,P00131,0.06255,136,0.5765,607922.58,2024-12-02T07:00:00Z
2024-12-31,P00131,0.06255,137,0.5714,605794.85,2025-01-02T07:00:00Z
2025-01-31,P00131,0.06255,138,0.5662,603674.57,2025-02-02T07:00:00Z
2025-02-28,P00131,0.06255,139,0.5611,601561.71,2025-03-02T07:00:00Z
2025-03-31,P00131,0.06255,140,0.556,599456.24,2025-04-02T07:00:00Z
2025-04-30,P00131,0.06255,141,0.5508,597358.14,2025-05-02T07:00:00Z
2023-07-31,P00132,0.05565,30,0.6746,351251.5,2023-08-02T07:00:00Z
2023-08-31,P00132,0.05565,31,0.6694,350022.12,2023-09-02T07:00:00Z
2023-09-30,P00132,0.05565,32,0.6642,348797.04,2023-10-02T07:00:00Z
2023-10-31,P00132,0.05565,33,0.659,347576.25,2023-11-02T07:00:00Z
2023-11-30,P00132,0.05565,34,0.6538,346359.74,2023-12-02T07:00:00Z
2023-12-31,P00132,0.05565,35,0.6486,345147.48,2024-01-02T07:00:00Z
2024-01-31,P00132,0.05565,36,0.6434,343939.46,2024-02-02T07:00:00Z
2024-02-29,P00132,0.05565,37,0.6382,342735.67,2024-03-02T07:00:00Z
2024-03-31,P00132,0.05565,38,0.633,341536.1,2024-04-02T07:00:00Z
2024-04-30,P00132,0.05565,39,0.6278,340340.72,2024-05-02T07:00:00Z
2024-05-31,P00132,0.05565,40,0.6226,339149.53,2024-06-02T07:00:00Z
2024-06-30,P00132,0.05565,41,0.6174,337962.51,2024-07-02T07:00:00Z
2024-07-31,P00132,0.05565,42,0.6122,336779.64,2024-08-02T07:00:00Z
2024-08-31,P00132,0.05565,43,0.607,335600.91,2024-09-02T07:00:00Z
2024-09-30,P00132,0.05565,44,0.6018,334426.3,2024-10-02T07:00:00Z
2024-10-31,P00132,0.05565,45,0.5966,333255.81,2024-11-02T07:00:00Z
2024-11-30,P00132,0.05565,46,0.5914,332089.42,2024-12-02T07:00:00Z
2024-12-31,P00132,0.05565,47,0.5862,330927.1,2025-01-02T07:00:00Z
2025-01-31,P00132,0.05565,48,0.581,329768.86,2025-02-02T07:00:00Z
2023-07-31,P00133,0.06188,21,0.6134,440549.81,2023-08-02T07:00:00Z
2023-08-31,P00133,0.06188,22,0.6084,439007.89,2023-09-02T07:00:00Z
2023-09-30,P00133,0.06188,23,0.6035,437471.36,2023-10-02T07:00:00Z
2023-10-31,P00133,0.06188,24,0.5985,435940.21,2023-11-02T07:00:00Z
2023-11-30,P00133,0.06188,25,0.5936,434414.42,2023-12-02T07:00:00Z
2023-12-31,P00133,0.06188,26,0.5886,432893.97,2024-01-02T07:00:00Z
2024-01-31,P00133,0.06188,27,0.5837,431378.84,2024-02-02T07:00:00Z
2024-02-29,P00133,0.06188,28,0.5787,429869.01,2024-03-02T07:00:00Z
2024-03-31,P00133,0.06188,29,0.5738,428364.47,2024-04-02T07:00:00Z
2024-04-30,P00133,0.06188,30,0.5688,426865.2,2024-05-02T07:00:00Z
2024-05-31,P00133,0.06188,31,0.5639,425371.17,2024-06-02T07:00:00Z
2024-06-30,P00133,0.06188,32,0.5589,423882.37,2024-07-02T07:00:00Z
2024-07-31,P00133,0.06188,33,0.554,422398.78,2024-08-02T07:00:00Z
2024-08-31,P00133,0.06188,34,0.549,420920.38,2024-09-02T07:00:00Z
2024-09-30,P00133,0.06188,35,0.544,419447.16,2024-10-02T07:00:00Z
2024-10-31,P00133,0.06188,36,0.5391,417979.1,2024-11-02T07:00:00Z
2024-11-30,P00133,0.06188,37,0.5341,416516.17,2024-12-02T07:00:00Z
2024-12-31,P00133,0.06188,38,0.5292,415058.36,2025-01-02T07:00:00Z
2025-01-31,P00133,0.06188,39,0.5242,413605.66,2025-02-02T07:00:00Z
2025-02-28,P00133,0.06188,40,0.5193,412158.04,2025-03-02T07:00:00Z
2023-07-31,P00134,0.06478,60,0.7352,538995.76,2023-08-02T07:00:00Z
2023-08-31,P00134,0.06478,61,0.7298,537109.27,2023-09-02T07:00:00Z
2023-09-30,P00134,0.06478,62,0.7243,535229.39,2023-10-02T07:00:00Z
2023-10-31,P00134,0.06478,63,0.7189,533356.09,2023-11-02T07:00:00Z
2023-11-30,P00134,0.06478,64,0.7134,531489.34,2023-12-02T07:00:00Z
2023-12-31,P00134,0.06478,65,0.708,529629.13,2024-01-02T07:00:00Z
2024-01-31,P00134,0.06478,66,0.7026,527775.43,2024-02-02T07:00:00Z
2024-02-29,P00134,0.06478,67,0.6971,525928.21,2024-03-02T07:00:00Z
2024-03-31,P00134,0.06478,68,0.6917,524087.47,2024-04-02T07:00:00Z
2024-04-30,P00134,0.06478,69,0.6862,522253.16,2024-05-02T07:00:00Z
2024-05-31,P00134,0.06478,70,0.6808,520425.27,2024-06-02T07:00:00Z
2023-07-31,P00135,0.07078,11,0.6041,452005.4,2023-08-02T07:00:00Z
2023-08-31,P00135,0.07078,12,0.5992,450423.38,2023-09-02T07:00:00Z
2023-09-30,P00135,0.07078,13,0.5943,448846.9,2023-10-02T07:00:00Z
2023-10-31,P00135,0.07078,14,0.5894,447275.94,2023-11-02T07:00:00Z
2023-11-30,P00135,0.07078,15,0.5844,445710.47,2023-12-02T07:00:00Z
2023-12-31,P00135,0.07078,16,0.5795,444150.48,2024-01-02T07:00:00Z
2024-01-31,P00135,0.07078,17,0.5746,442595.96,2024-02-02T07:00:00Z
2024-02-29,P00135,0.07078,18,0.5697,441046.87,2024-03-02T07:00:00Z
2024-03-31,P00135,0.07078,19,0.5648,439503.21,2024-04-02T07:00:00Z
2024-04-30,P00135,0.07078,20,0.5599,437964.94,2024-05-02T07:00:00Z
2024-05-31,P00135,0.07078,21,0.5549,436432.07,2024-06-02T07:00:00Z
2024-06-30,P00135,0.07078,22,0.55,434904.56,2024-07-02T07:00:00Z
2024-07-31,P00135,0.07078,23,0.5451,433382.39,2024-08-02T07:00:00Z
2024-08-31,P00135,0.07078,24,0.5402,431865.55,2024-09-02T07:00:00Z
2024-09-30,P00135,0.07078,25,0.5353,430354.02,2024-10-02T07:00:00Z
2024-10-31,P00135,0.07078,26,0.5304,428847.78,2024-11-02T07:00:00Z
2024-11-30,P00135,0.07078,27,0.5254,427346.82,2024-12-02T07:00:00Z
2024-12-31,P00135,0.07078,28,0.5205,425851.1,2025-01-02T07:00:00Z
2025-01-31,P00135,0.07078,29,0.5156,424360.62,2025-02-02T07:00:00Z
2025-02-28,P00135,0.07078,30,0.5107,422875.36,2025-03-02T07:00:00Z
2025-03-31,P00135,0.07078,31,0.5058,421395.3,2025-04-02T07:00:00Z
2025-04-30,P00135,0.07078,32,0.5009,419920.41,2025-05-02T07:00:00Z
2025-05-31,P00135,0.07078,33,0.4959,418450.69,2025-06-02T07:00:00Z
2025-06-30,P00135,0.07078,34,0.491,416986.11,2025-07-02T07:00:00Z
2025-07-31,P00135,0.07078,35,0.4861,415526.66,2025-08-02T07:00:00Z
2025-08-31,P00135,0.07078,36,0.4812,414072.32,2025-09-02T07:00:00Z
2025-09-30,P00135,0.07078,37,0.4763,412623.07,2025-10-02T07:00:00Z
2025-10-31,P00135,0.07078,38,0.4714,411178.89,2025-11-02T07:00:00Z
2025-11-30,P00135,0.07078,39,0.4665,409739.76,2025-12-02T07:00:00Z
2025-12-31,P00135,0.07078,40,0.4615,408305.67,2026-01-02T07:00:00Z
2023-07-31,P00136,0.05738,7,0.7448,553248.74,2023-08-02T07:00:00Z
2023-08-31,P00136,0.05738,8,0.7393,551312.37,2023-09-02T07:00:00Z
2023-09-30,P00136,0.05738,9,0.7338,549382.78,2023-10-02T07:00:00Z
2023-10-31,P00136,0.05738,10,0.7283,547459.94,2023-11-02T07:00:00Z
2023-11-30,P00136,0.05738,11,0.7229,545543.83,2023-12-02T07:00:00Z
2023-12-31,P00136,0.05738,12,0.7174,543634.42,2024-01-02T07:00:00Z
2024-01-31,P00136,0.05738,13,0.7119,541731.7,2024-02-02T07:00:00Z
2024-02-29,P00136,0.05738,14,0.7064,539835.64,2024-03-02T07:00:00Z
2024-03-31,P00136,0.05738,15,0.7009,537946.22,2024-04-02T07:00:00Z
2024-04-30,P00136,0.05738,16,0.6955,536063.41,2024-05-02T07:00:00Z
2024-05-31,P00136,0.05738,17,0.69,534187.18,2024-06-02T07:00:00Z
2024-06-30,P00136,0.05738,18,0.6845,532317.53,2024-07-02T07:00:00Z
2024-07-31,P00136,0.05738,19,0.679,530454.42,2024-08-02T07:00:00Z
2024-08-31,P00136,0.05738,20,0.6735,528597.83,2024-09-02T07:00:00Z
2024-09-30,P00136,0.05738,21,0.6681,526747.73,2024-10-02T07:00:00Z
2024-10-31,P00136,0.05738,22,0.6626,524904.12,2024-11-02T07:00:00Z
2024-11-30,P00136,0.05738,23,0.6571,523066.95,2024-12-02T07:00:00Z
2024-12-31,P00136,0.05738,24,0.6516,521236.22,2025-01-02T07:00:00Z
2025-01-31,P00136,0.05738,25,0.6461,519411.89,2025-02-02T07:00:00Z
2023-07-31,P00137,0.05098,97,0.8009,164447.61,2023-08-02T07:00:00Z
2023-08-31,P00137,0.05098,98,0.7952,163872.04,2023-09-02T07:00:00Z
2023-09-30,P00137,0.05098,99,0.7895,163298.49,2023-10-02T07:00:00Z
2023-10-31,P00137,0.05098,100,0.7838,162726.95,2023-11-02T07:00:00Z
2023-11-30,P00137,0.05098,101,0.7781,162157.4,2023-12-02T07:00:00Z
2023-12-31,P00137,0.05098,102,0.7724,161589.85,2024-01-02T07:00:00Z
2024-01-31,P00137,0.05098,103,0.7667,161024.29,2024-02-02T07:00:00Z
2024-02-29,P00137,0.05098,104,0.761,160460.7,2024-03-02T07:00:00Z
2024-03-31,P00137,0.05098,105,0.7553,159899.09,2024-04-02T07:00:00Z
2024-04-30,P00137,0.05098,106,0.7496,159339.44,2024-05-02T07:00:00Z
2024-05-31,P00137,0.05098,107,0.7439,158781.75,2024-06-02T07:00:00Z
2024-06-30,P00137,0.05098,108,0.7382,158226.02,2024-07-02T07:00:00Z
2024-07-31,P00137,0.05098,109,0.7325,157672.23,2024-08-02T07:00:00Z
2024-08-31,P00137,0.05098,110,0.7268,157120.37,2024-09-02T07:00:00Z
2024-09-30,P00137,0.05098,111,0.7211,156570.45,2024-10-02T07:00:00Z
2024-10-31,P00137,0.05098,112,0.7154,156022.46,2024-11-02T07:00:00Z
2024-11-30,P00137,0.05098,113,0.7097,155476.38,2024-12-02T07:00:00Z
2024-12-31,P00137,0.05098,114,0.704,154932.21,2025-01-02T07:00:00Z
2025-01-31,P00137,0.05098,115,0.6983,154389.95,2025-02-02T07:00:00Z
2025-02-28,P00137,0.05098,116,0.6925,153849.58,2025-03-02T07:00:00Z
2025-03-31,P00137,0.05098,117,0.6868,153311.11,2025-04-02T07:00:00Z
2025-04-30,P00137,0.05098,118,0.6811,152774.52,2025-05-02T07:00:00Z
2025-05-31,P00137,0.05098,119,0.6754,152239.81,2025-06-02T07:00:00Z
2025-06-30,P00137,0.05098,120,0.6697,151706.97,2025-07-02T07:00:00Z
2025-07-31,P00137,0.05098,121,0.664,151176.0,2025-08-02T07:00:00Z
2025-08-31,P00137,0.05098,122,0.6583,150646.88,2025-09-02T07:00:00Z
2025-09-30,P00137,0.05098,123,0.6526,150119.62,2025-10-02T07:00:00Z
2025-10-31,P00137,0.05098,124,0.6469,149594.2,2025-11-02T07:00:00Z
2025-11-30,P00137,0.05098,125,0.6412,149070.62,2025-12-02T07:00:00Z
2025-12-31,P00137,0.05098,126,0.6355,148548.87,2026-01-02T07:00:00Z
2023-07-31,P00138,0.06265,82,0.7235,382176.85,2023-08-02T07:00:00Z
2023-08-31,P00138,0.06265,83,0.7181,380839.23,2023-09-02T07:00:00Z
2023-09-30,P00138,0.06265,84,0.7127,379506.29,2023-10-02T07:00:00Z
2023-10-31,P00138,0.06265,85,0.7073,378178.02,2023-11-02T07:00:00Z
2023-11-30,P00138,0.06265,86,0.7019,376854.4,2023-12-02T07:00:00Z
2023-12-31,P00138,0.06265,87,0.6965,375535.41,2024-01-02T07:00:00Z
2024-01-31,P00138,0.06265,88,0.6911,374221.03,2024-02-02T07:00:00Z
2024-02-29,P00138,0.06265,89,0.6857,372911.26,2024-03-02T07:00:00Z
2024-03-31,P00138,0.06265,90,0.6803,371606.07,2024-04-02T07:00:00Z
2024-04-30,P00138,0.06265,91,0.6749,370305.45,2024-05-02T07:00:00Z
2024-05-31,P00138,0.06265,92,0.6695,369009.38,2024-06-02T07:00:00Z
2024-06-30,P00138,0.06265,93,0.6642,367717.85,2024-07-02T07:00:00Z
2024-07-31,P00138,0.06265,94,0.6588,366430.84,2024-08-02T07:00:00Z
2024-08-31,P00138,0.06265,95,0.6534,365148.33,2024-09-02T07:00:00Z
2024-09-30,P00138,0.06265,96,0.648,363870.31,2024-10-02T07:00:00Z
2024-10-31,P00138,0.06265,97,0.6426,362596.76,2024-11-02T07:00:00Z
2024-11-30,P00138,0.06265,98,0.6372,361327.67,2024-12-02T07:00:00Z
2024-12-31,P00138,0.06265,99,0.6318,360063.03,2025-01-02T07:00:00Z
2025-01-31,P00138,0.06265,100,0.6264,358802.81,2025-02-02T07:00:00Z
2025-02-28,P00138,0.06265,101,0.621,357547.0,2025-03-02T07:00:00Z
2025-03-31,P00138,0.06265,102,0.6156,356295.58,2025-04-02T07:00:00Z
2025-04-30,P00138,0.06265,103,0.6102,355048.55,2025-05-02T07:00:00Z
2025-05-31,P00138,0.06265,104,0.6048,353805.88,2025-06-02T07:00:00Z
2025-06-30,P00138,0.06265,105,0.5994,352567.56,2025-07-02T07:00:00Z
2025-07-31,P00138,0.06265,106,0.594,351333.57,2025-08-02T07:00:00Z
2025-08-31,P00138,0.06265,107,0.5886,350103.9,2025-09-02T07:00:00Z
2025-09-30,P00138,0.06265,108,0.5832,348878.54,2025-10-02T07:00:00Z
2025-10-31,P00138,0.06265,109,0.5778,347657.46,2025-11-02T07:00:00Z
2025-11-30,P00138,0.06265,110,0.5725,346440.66,2025-12-02T07:00:00Z
2025-12-31,P00138,0.06265,111,0.5671,345228.12,2026-01-02T07:00:00Z
2023-07-31,P00139,0.06998,105,0.8656,507374.85,2023-08-02T07:00:00Z
2023-08-31,P00139,0.06998,106,0.8597,505599.04,2023-09-02T07:00:00Z
2023-09-30,P00139,0.06998,107,0.8537,503829.44,2023-10-02T07:00:00Z
2023-10-31,P00139,0.06998,108,0.8478,502066.04,2023-11-02T07:00:00Z
2023-11-30,P00139,0.06998,109,0.8418,500308.81,2023-12-02T07:00:00Z
2023-12-31,P00139,0.06998,110,0.8358,498557.73,2024-01-02T07:00:00Z
2024-01-31,P00139,0.06998,111,0.8299,496812.77,2024-02-02T07:00:00Z
2024-02-29,P00139,0.06998,112,0.8239,495073.93,2024-03-02T07:00:00Z
2024-03-31,P00139,0.06998,113,0.8179,493341.17,2024-04-02T07:00:00Z
2024-04-30,P00139,0.06998,114,0.812,491614.48,2024-05-02T07:00:00Z
2024-05-31,P00139,0.06998,115,0.806,489893.83,2024-06-02T07:00:00Z
2024-06-30,P00139,0.06998,116,0.8001,488179.2,2024-07-02T07:00:00Z
2024-07-31,P00139,0.06998,117,0.7941,486470.57,2024-08-02T07:00:00Z
2024-08-31,P00139,0.06998,118,0.7881,484767.92,2024-09-02T07:00:00Z
2024-09-30,P00139,0.06998,119,0.7822,483071.24,2024-10-02T07:00:00Z
2024-10-31,P00139,0.06998,120,0.7762,481380.49,2024-11-02T07:00:00Z
2024-11-30,P00139,0.06998,121,0.7702,479695.65,2024-12-02T07:00:00Z
2024-12-31,P00139,0.06998,122,0.7643,478016.72,2025-01-02T07:00:00Z
2025-01-31,P00139,0.06998,123,0.7583,476343.66,2025-02-02T07:00:00Z
2025-02-28,P00139,0.06998,124,0.7524,474676.46,2025-03-02T07:00:00Z
2025-03-31,P00139,0.06998,125,0.7464,473015.09,2025-04-02T07:00:00Z
2025-04-30,P00139,0.06998,126,0.7404,471359.54,2025-05-02T07:00:00Z
2025-05-31,P00139,0.06998,127,0.7345,469709.78,2025-06-02T07:00:00Z
2025-06-30,P00139,0.06998,128,0.7285,468065.8,2025-07-02T07:00:00Z
2025-07-31,P00139,0.06998,129,0.7225,466427.57,2025-08-02T07:00:00Z
2025-08-31,P00139,0.06998,130,0.7166,464795.07,2025-09-02T07:00:00Z
2025-09-30,P00139,0.06998,131,0.7106,463168.29,2025-10-02T07:00:00Z
2025-10-31,P00139,0.06998,132,0.7047,461547.2,2025-11-02T07:00:00Z
2025-11-30,P00139,0.06998,133,0.6987,459931.78,2025-12-02T07:00:00Z
2025-12-31,P00139,0.06998,134,0.6927,458322.02,2026-01-02T07:00:00Z
2023-07-31,P00140,0.06235,98,0.7757,621875.77,2023-08-02T07:00:00Z
2023-08-31,P00140,0.06235,99,0.7701,619699.2,2023-09-02T07:00:00Z
2023-09-30,P00140,0.06235,100,0.7645,617530.26,2023-10-02T07:00:00Z
2023-10-31,P00140,0.06235,101,0.7589,615368.9,2023-11-02T07:00:00Z
2023-11-30,P00140,0.06235,102,0.7533,613215.11,2023-12-02T07:00:00Z
2023-12-31,P00140,0.06235,103,0.7477,611068.86,2024-01-02T07:00:00Z
2024-01-31,P00140,0.06235,104,0.7421,608930.12,2024-02-02T07:00:00Z
2024-02-29,P00140,0.06235,105,0.7365,606798.86,2024-03-02T07:00:00Z
2024-03-31,P00140,0.06235,106,0.7309,604675.07,2024-04-02T07:00:00Z
2024-04-30,P00140,0.06235,107,0.7253,602558.7,2024-05-02T07:00:00Z
2024-05-31,P00140,0.06235,108,0.7197,600449.75,2024-06-02T07:00:00Z
2024-06-30,P00140,0.06235,109,0.7141,598348.17,2024-07-02T07:00:00Z
2024-07-31,P00140,0.06235,110,0.7085,596253.95,2024-08-02T07:00:00Z
2023-07-31,P00141,0.06084,106,0.7483,310379.96,2023-08-02T07:00:00Z
2023-08-31,P00141,0.06084,107,0.7428,309293.63,2023-09-02T07:00:00Z
2023-09-30,P00141,0.06084,108,0.7374,308211.1,2023-10-02T07:00:00Z
2023-10-31,P00141,0.06084,109,0.7319,307132.36,2023-11-02T07:00:00Z
2023-11-30,P00141,0.06084,110,0.7264,306057.4,2023-12-02T07:00:00Z
2023-12-31,P00141,0.06084,111,0.7209,304986.2,2024-01-02T07:00:00Z
2024-01-31,P00141,0.06084,112,0.7154,303918.75,2024-02-02T07:00:00Z
2024-02-29,P00141,0.06084,113,0.7099,302855.03,2024-03-02T07:00:00Z
2024-03-31,P00141,0.06084,114,0.7044,301795.04,2024-04-02T07:00:00Z
2024-04-30,P00141,0.06084,115,0.6989,300738.76,2024-05-02T07:00:00Z
2024-05-31,P00141,0.06084,116,0.6934,299686.17,2024-06-02T07:00:00Z
2024-06-30,P00141,0.06084,117,0.6879,298637.27,2024-07-02T07:00:00Z
2024-07-31,P00141,0.06084,118,0.6824,297592.04,2024-08-02T07:00:00Z
2024-08-31,P00141,0.06084,119,0.6769,296550.47,2024-09-02T07:00:00Z
2024-09-30,P00141,0.06084,120,0.6714,295512.54,2024-10-02T07:00:00Z
2024-10-31,P00141,0.06084,121,0.6659,294478.25,2024-11-02T07:00:00Z
2024-11-30,P00141,0.06084,122,0.6604,293447.57,2024-12-02T07:00:00Z
2024-12-31,P00141,0.06084,123,0.655,292420.51,2025-01-02T07:00:00Z
2025-01-31,P00141,0.06084,124,0.6495,291397.03,2025-02-02T07:00:00Z
2025-02-28,P00141,0.06084,125,0.644,290377.14,2025-03-02T07:00:00Z
2025-03-31,P00141,0.06084,126,0.6385,289360.82,2025-04-02T07:00:00Z
2025-04-30,P00141,0.06084,127,0.633,288348.06,2025-05-02T07:00:00Z
2025-05-31,P00141,0.06084,128,0.6275,287338.84,2025-06-02T07:00:00Z
2025-06-30,P00141,0.06084,129,0.622,286333.16,2025-07-02T07:00:00Z
2025-07-31,P00141,0.06084,130,0.6165,285330.99,2025-08-02T07:00:00Z
2025-08-31,P00141,0.06084,131,0.611,284332.33,2025-09-02T07:00:00Z
2025-09-30,P00141,0.06084,132,0.6055,283337.17,2025-10-02T07:00:00Z
2025-10-31,P00141,0.06084,133,0.6,282345.49,2025-11-02T07:00:00Z
2025-11-30,P00141,0.06084,134,0.5945,281357.28,2025-12-02T07:00:00Z
2025-12-31,P00141,0.06084,135,0.589,280372.53,2026-01-02T07:00:00Z
2023-07-31,P00142,0.0565,132,0.8608,689464.44,2023-08-02T07:00:00Z
2023-08-31,P00142,0.0565,133,0.8549,687051.31,2023-09-02T07:00:00Z
2023-09-30,P00142,0.0565,134,0.849,684646.63,2023-10-02T07:00:00Z
2023-10-31,P00142,0.0565,135,0.843,682250.37,2023-11-02T07:00:00Z
2023-11-30,P00142,0.0565,136,0.8371,679862.5,2023-12-02T07:00:00Z
2023-12-31,P00142,0.0565,137,0.8311,677482.98,2024-01-02T07:00:00Z
2024-01-31,P00142,0.0565,138,0.8252,675111.79,2024-02-02T07:00:00Z
2024-02-29,P00142,0.0565,139,0.8192,672748.89,2024-03-02T07:00:00Z
2024-03-31,P00142,0.0565,140,0.8133,670394.27,2024-04-02T07:00:00Z
2024-04-30,P00142,0.0565,141,0.8073,668047.89,2024-05-02T07:00:00Z
2024-05-31,P00142,0.0565,142,0.8014,665709.73,2024-06-02T07:00:00Z
2024-06-30,P00142,0.0565,143,0.7955,663379.74,2024-07-02T07:00:00Z
2024-07-31,P00142,0.0565,144,0.7895,661057.91,2024-08-02T07:00:00Z
2024-08-31,P00142,0.0565,145,0.7836,658744.21,2024-09-02T07:00:00Z
2024-09-30,P00142,0.0565,146,0.7776,656438.61,2024-10-02T07:00:00Z
2024-10-31,P00142,0.0565,147,0.7717,654141.07,2024-11-02T07:00:00Z
2024-11-30,P00142,0.0565,148,0.7657,651851.58,2024-12-02T07:00:00Z
2024-12-31,P00142,0.0565,149,0.7598,649570.1,2025-01-02T07:00:00Z
2025-01-31,P00142,0.0565,150,0.7539,647296.6,2025-02-02T07:00:00Z
2025-02-28,P00142,0.0565,151,0.7479,645031.06,2025-03-02T07:00:00Z
2025-03-31,P00142,0.0565,152,0.742,642773.45,2025-04-02T07:00:00Z
2025-04-30,P00142,0.0565,153,0.736,640523.75,2025-05-02T07:00:00Z
2025-05-31,P00142,0.0565,154,0.7301,638281.91,2025-06-02T07:00:00Z
2025-06-30,P00142,0.0565,155,0.7241,636047.93,2025-07-02T07:00:00Z
2025-07-31,P00142,0.0565,156,0.7182,633821.76,2025-08-02T07:00:00Z
2025-08-31,P00142,0.0565,157,0.7123,631603.38,2025-09-02T07:00:00Z
2025-09-30,P00142,0.0565,158,0.7063,629392.77,2025-10-02T07:00:00Z
2025-10-31,P00142,0.0565,159,0.7004,627189.9,2025-11-02T07:00:00Z
2025-11-30,P00142,0.0565,160,0.6944,624994.73,2025-12-02T07:00:00Z
2025-12-31,P00142,0.0565,161,0.6885,622807.25,2026-01-02T07:00:00Z
2023-07-31,P00143,0.06434,26,0.7124,439617.59,2023-08-02T07:00:00Z
2023-08-31,P00143,0.06434,27,0.7071,438078.93,2023-09-02T07:00:00Z
2023-09-30,P00143,0.06434,28,0.7017,436545.65,2023-10-02T07:00:00Z
2023-10-31,P00143,0.06434,29,0.6964,435017.74,2023-11-02T07:00:00Z
2023-11-30,P00143,0.06434,30,0.691,433495.18,2023-12-02T07:00:00Z
2023-12-31,P00143,0.06434,31,0.6857,431977.95,2024-01-02T07:00:00Z
2024-01-31,P00143,0.06434,32,0.6803,430466.02,2024-02-02T07:00:00Z
2024-02-29,P00143,0.06434,33,0.675,428959.39,2024-03-02T07:00:00Z
2024-03-31,P00143,0.06434,34,0.6697,427458.04,2024-04-02T07:00:00Z
2023-07-31,P00144,0.06925,122,0.7457,291093.65,2023-08-02T07:00:00Z
2023-08-31,P00144,0.06925,123,0.7402,290074.82,2023-09-02T07:00:00Z
2023-09-30,P00144,0.06925,124,0.7347,289059.56,2023-10-02T07:00:00Z
2023-10-31,P00144,0.06925,125,0.7293,288047.85,2023-11-02T07:00:00Z
2023-11-30,P00144,0.06925,126,0.7238,287039.68,2023-12-02T07:00:00Z
2023-12-31,P00144,0.06925,127,0.7183,286035.05,2024-01-02T07:00:00Z
2024-01-31,P00144,0.06925,128,0.7128,285033.92,2024-02-02T07:00:00Z
2024-02-29,P00144,0.06925,129,0.7073,284036.3,2024-03-02T07:00:00Z
2024-03-31,P00144,0.06925,130,0.7018,283042.18,2024-04-02T07:00:00Z
2024-04-30,P00144,0.06925,131,0.6964,282051.53,2024-05-02T07:00:00Z
2024-05-31,P00144,0.06925,132,0.6909,281064.35,2024-06-02T07:00:00Z
2024-06-30,P00144,0.06925,133,0.6854,280080.62,2024-07-02T07:00:00Z
2024-07-31,P00144,0.06925,134,0.6799,279100.34,2024-08-02T07:00:00Z
2024-08-31,P00144,0.06925,135,0.6744,278123.49,2024-09-02T07:00:00Z
2024-09-30,P00144,0.06925,136,0.6689,277150.06,2024-10-02T07:00:00Z
2024-10-31,P00144,0.06925,137,0.6635,276180.03,2024-11-02T07:00:00Z
2024-11-30,P00144,0.06925,138,0.658,275213.4,2024-12-02T07:00:00Z
2024-12-31,P00144,0.06925,139,0.6525,274250.16,2025-01-02T07:00:00Z
2025-01-31,P00144,0.06925,140,0.647,273290.28,2025-02-02T07:00:00Z
2025-02-28,P00144,0.06925,141,0.6415,272333.76,2025-03-02T07:00:00Z
2025-03-31,P00144,0.06925,142,0.636,271380.6,2025-04-02T07:00:00Z
2025-04-30,P00144,0.06925,143,0.6306,270430.76,2025-05-02T07:00:00Z
2025-05-31,P00144,0.06925,144,0.6251,269484.26,2025-06-02T07:00:00Z
2025-06-30,P00144,0.06925,145,0.6196,268541.06,2025-07-02T07:00:00Z
2025-07-31,P00144,0.06925,146,0.6141,267601.17,2025-08-02T07:00:00Z
2025-08-31,P00144,0.06925,147,0.6086,266664.56,2025-09-02T07:00:00Z
2025-09-30,P00144,0.06925,148,0.6031,265731.24,2025-10-02T07:00:00Z
2025-10-31,P00144,0.06925,149,0.5977,264801.18,2025-11-02T07:00:00Z
2025-11-30,P00144,0.06925,150,0.5922,263874.37,2025-12-02T07:00:00Z
2025-12-31,P00144,0.06925,151,0.5867,262950.81,2026-01-02T07:00:00Z
2023-07-31,P00145,0.0632,62,0.8534,281908.37,2023-08-02T07:00:00Z
2023-08-31,P00145,0.0632,63,0.8475,280921.69,2023-09-02T07:00:00Z
2023-09-30,P00145,0.0632,64,0.8416,279938.46,2023-10-02T07:00:00Z
2023-10-31,P00145,0.0632,65,0.8356,278958.68,2023-11-02T07:00:00Z
2023-11-30,P00145,0.0632,66,0.8297,277982.32,2023-12-02T07:00:00Z
2023-12-31,P00145,0.0632,67,0.8238,277009.39,2024-01-02T07:00:00Z
2024-01-31,P00145,0.0632,68,0.8179,276039.85,2024-02-02T07:00:00Z
2024-02-29,P00145,0.0632,69,0.812,275073.71,2024-03-02T07:00:00Z
2024-03-31,P00145,0.0632,70,0.8061,274110.96,2024-04-02T07:00:00Z
2024-04-30,P00145,0.0632,71,0.8002,273151.57,2024-05-02T07:00:00Z
2024-05-31,P00145,0.0632,72,0.7943,272195.54,2024-06-02T07:00:00Z
2024-06-30,P00145,0.0632,73,0.7883,271242.85,2024-07-02T07:00:00Z
2023-07-31,P00146,0.06026,24,0.6545,663393.73,2023-08-02T07:00:00Z
2023-08-31,P00146,0.06026,25,0.6494,661071.85,2023-09-02T07:00:00Z
2023-09-30,P00146,0.06026,26,0.6443,658758.1,2023-10-02T07:00:00Z
2023-10-31,P00146,0.06026,27,0.6391,656452.45,2023-11-02T07:00:00Z
2023-11-30,P00146,0.06026,28,0.634,654154.86,2023-12-02T07:00:00Z
2023-12-31,P00146,0.06026,29,0.6289,651865.32,2024-01-02T07:00:00Z
2024-01-31,P00146,0.06026,30,0.6238,649583.79,2024-02-02T07:00:00Z
2024-02-29,P00146,0.06026,31,0.6187,647310.25,2024-03-02T07:00:00Z
2024-03-31,P00146,0.06026,32,0.6135,645044.66,2024-04-02T07:00:00Z
2024-04-30,P00146,0.06026,33,0.6084,642787.01,2024-05-02T07:00:00Z
2024-05-31,P00146,0.06026,34,0.6033,640537.25,2024-06-02T07:00:00Z
2024-06-30,P00146,0.06026,35,0.5982,638295.37,2024-07-02T07:00:00Z
2024-07-31,P00146,0.06026,36,0.5931,636061.34,2024-08-02T07:00:00Z
2024-08-31,P00146,0.06026,37,0.588,633835.12,2024-09-02T07:00:00Z
2024-09-30,P00146,0.06026,38,0.5828,631616.7,2024-10-02T07:00:00Z
2024-10-31,P00146,0.06026,39,0.5777,629406.04,2024-11-02T07:00:00Z
2024-11-30,P00146,0.06026,40,0.5726,627203.12,2024-12-02T07:00:00Z
2024-12-31,P00146,0.06026,41,0.5675,625007.91,2025-01-02T07:00:00Z
2025-01-31,P00146,0.06026,42,0.5624,622820.38,2025-02-02T07:00:00Z
2025-02-28,P00146,0.06026,43,0.5572,620640.51,2025-03-02T07:00:00Z
2025-03-31,P00146,0.06026,44,0.5521,618468.27,2025-04-02T07:00:00Z
2025-04-30,P00146,0.06026,45,0.547,616303.63,2025-05-02T07:00:00Z
2025-05-31,P00146,0.06026,46,0.5419,614146.57,2025-06-02T07:00:00Z
2025-06-30,P00146,0.06026,47,0.5368,611997.06,2025-07-02T07:00:00Z
2025-07-31,P00146,0.06026,48,0.5317,609855.07,2025-08-02T07:00:00Z
2025-08-31,P00146,0.06026,49,0.5265,607720.57,2025-09-02T07:00:00Z
2025-09-30,P00146,0.06026,50,0.5214,605593.55,2025-10-02T07:00:00Z
2025-10-31,P00146,0.06026,51,0.5163,603473.97,2025-11-02T07:00:00Z
2025-11-30,P00146,0.06026,52,0.5112,601361.81,2025-12-02T07:00:00Z
2025-12-31,P00146,0.06026,53,0.5061,599257.05,2026-01-02T07:00:00Z
2023-07-31,P00147,0.06937,126,0.8875,242480.14,2023-08-02T07:00:00Z
2023-08-31,P00147,0.06937,127,0.8814,241631.46,2023-09-02T07:00:00Z
2023-09-30,P00147,0.06937,128,0.8754,240785.75,2023-10-02T07:00:00Z
2023-07-31,P00148,0.05782,40,0.6428,644511.51,2023-08-02T07:00:00Z
2023-08-31,P00148,0.05782,41,0.6378,642255.72,2023-09-02T07:00:00Z
2023-09-30,P00148,0.05782,42,0.6327,640007.82,2023-10-02T07:00:00Z
2023-10-31,P00148,0.05782,43,0.6276,637767.8,2023-11-02T07:00:00Z
2023-11-30,P00148,0.05782,44,0.6226,635535.61,2023-12-02T07:00:00Z
2023-12-31,P00148,0.05782,45,0.6175,633311.24,2024-01-02T07:00:00Z
2024-01-31,P00148,0.05782,46,0.6124,631094.65,2024-02-02T07:00:00Z
2024-02-29,P00148,0.05782,47,0.6073,628885.81,2024-03-02T07:00:00Z
2024-03-31,P00148,0.05782,48,0.6023,626684.71,2024-04-02T07:00:00Z
2024-04-30,P00148,0.05782,49,0.5972,624491.32,2024-05-02T07:00:00Z
2024-05-31,P00148,0.05782,50,0.5921,622305.6,2024-06-02T07:00:00Z
2024-06-30,P00148,0.05782,51,0.5871,620127.53,2024-07-02T07:00:00Z
2024-07-31,P00148,0.05782,52,0.582,617957.08,2024-08-02T07:00:00Z
2024-08-31,P00148,0.05782,53,0.5769,615794.23,2024-09-02T07:00:00Z
2024-09-30,P00148,0.05782,54,0.5718,613638.95,2024-10-02T07:00:00Z
2024-10-31,P00148,0.05782,55,0.5668,611491.22,2024-11-02T07:00:00Z
2023-07-31,P00149,0.05525,109,0.6237,91265.36,2023-08-02T07:00:00Z
2023-08-31,P00149,0.05525,110,0.6187,90945.93,2023-09-02T07:00:00Z
2023-09-30,P00149,0.05525,111,0.6137,90627.62,2023-10-02T07:00:00Z
2023-10-31,P00149,0.05525,112,0.6087,90310.42,2023-11-02T07:00:00Z
2023-11-30,P00149,0.05525,113,0.6037,89994.34,2023-12-02T07:00:00Z
2023-12-31,P00149,0.05525,114,0.5987,89679.36,2024-01-02T07:00:00Z
2024-01-31,P00149,0.05525,115,0.5937,89365.48,2024-02-02T07:00:00Z
2024-02-29,P00149,0.05525,116,0.5887,89052.7,2024-03-02T07:00:00Z
2024-03-31,P00149,0.05525,117,0.5837,88741.02,2024-04-02T07:00:00Z
2024-04-30,P00149,0.05525,118,0.5787,88430.42,2024-05-02T07:00:00Z
2024-05-31,P00149,0.05525,119,0.5737,88120.92,2024-06-02T07:00:00Z
2024-06-30,P00149,0.05525,120,0.5687,87812.49,2024-07-02T07:00:00Z
2024-07-31,P00149,0.05525,121,0.5637,87505.15,2024-08-02T07:00:00Z
2024-08-31,P00149,0.05525,122,0.5587,87198.88,2024-09-02T07:00:00Z
2024-09-30,P00149,0.05525,123,0.5537,86893.68,2024-10-02T07:00:00Z
2024-10-31,P00149,0.05525,124,0.5488,86589.56,2024-11-02T07:00:00Z
2024-11-30,P00149,0.05525,125,0.5438,86286.49,2024-12-02T07:00:00Z
2024-12-31,P00149,0.05525,126,0.5388,85984.49,2025-01-02T07:00:00Z
2025-01-31,P00149,0.05525,127,0.5338,85683.54,2025-02-02T07:00:00Z
2025-02-28,P00149,0.05525,128,0.5288,85383.65,2025-03-02T07:00:00Z
2025-03-31,P00149,0.05525,129,0.5238,85084.81,2025-04-02T07:00:00Z
2025-04-30,P00149,0.05525,130,0.5188,84787.01,2025-05-02T07:00:00Z
2025-05-31,P00149,0.05525,131,0.5138,84490.26,2025-06-02T07:00:00Z
2025-06-30,P00149,0.05525,132,0.5088,84194.54,2025-07-02T07:00:00Z
2025-07-31,P00149,0.05525,133,0.5038,83899.86,2025-08-02T07:00:00Z
2025-08-31,P00149,0.05525,134,0.4988,83606.21,2025-09-02T07:00:00Z
2025-09-30,P00149,0.05525,135,0.4938,83313.59,2025-10-02T07:00:00Z
2025-10-31,P00149,0.05525,136,0.4888,83021.99,2025-11-02T07:00:00Z
2025-11-30,P00149,0.05525,137,0.4838,82731.42,2025-12-02T07:00:00Z
2025-12-31,P00149,0.05525,138,0.4788,82441.86,2026-01-02T07:00:00Z
2023-07-31,P00150,0.0693,43,0.9226,221906.55,2023-08-02T07:00:00Z
2023-08-31,P00150,0.0693,44,0.9164,221129.88,2023-09-02T07:00:00Z
2023-09-30,P00150,0.0693,45,0.9102,220355.92,2023-10-02T07:00:00Z
2023-10-31,P00150,0.0693,46,0.904,219584.68,2023-11-02T07:00:00Z
2023-11-30,P00150,0.0693,47,0.8978,218816.13,2023-12-02T07:00:00Z
2023-12-31,P00150,0.0693,48,0.8916,218050.27,2024-01-02T07:00:00Z
2024-01-31,P00150,0.0693,49,0.8854,217287.1,2024-02-02T07:00:00Z
2024-02-29,P00150,0.0693,50,0.8792,216526.59,2024-03-02T07:00:00Z
2024-03-31,P00150,0.0693,51,0.873,215768.75,2024-04-02T07:00:00Z
2024-04-30,P00150,0.0693,52,0.8669,215013.56,2024-05-02T07:00:00Z
2023-07-31,P00151,0.05667,90,0.925,668143.22,2023-08-02T07:00:00Z
2023-08-31,P00151,0.05667,91,0.9188,665804.72,2023-09-02T07:00:00Z
2023-09-30,P00151,0.05667,92,0.9126,663474.4,2023-10-02T07:00:00Z
2023-10-31,P00151,0.05667,93,0.9064,661152.24,2023-11-02T07:00:00Z
2023-11-30,P00151,0.05667,94,0.9002,658838.21,2023-12-02T07:00:00Z
2023-12-31,P00151,0.05667,95,0.894,656532.28,2024-01-02T07:00:00Z
2024-01-31,P00151,0.05667,96,0.8878,654234.41,2024-02-02T07:00:00Z
2024-02-29,P00151,0.05667,97,0.8816,651944.59,2024-03-02T07:00:00Z
2024-03-31,P00151,0.05667,98,0.8754,649662.79,2024-04-02T07:00:00Z
2024-04-30,P00151,0.05667,99,0.8692,647388.97,2024-05-02T07:00:00Z
2024-05-31,P00151,0.05667,100,0.863,645123.1,2024-06-02T07:00:00Z
2024-06-30,P00151,0.05667,101,0.8568,642865.17,2024-07-02T07:00:00Z
2024-07-31,P00151,0.05667,102,0.8506,640615.15,2024-08-02T07:00:00Z
2024-08-31,P00151,0.05667,103,0.8444,638372.99,2024-09-02T07:00:00Z
2024-09-30,P00151,0.05667,104,0.8382,636138.69,2024-10-02T07:00:00Z
2024-10-31,P00151,0.05667,105,0.832,633912.2,2024-11-02T07:00:00Z
2024-11-30,P00151,0.05667,106,0.8258,631693.51,2024-12-02T07:00:00Z
2024-12-31,P00151,0.05667,107,0.8196,629482.58,2025-01-02T07:00:00Z
2023-07-31,P00152,0.04381,82,0.6182,365439.92,2023-08-02T07:00:00Z
2023-08-31,P00152,0.04381,83,0.6133,364160.88,2023-09-02T07:00:00Z
2023-09-30,P00152,0.04381,84,0.6083,362886.32,2023-10-02T07:00:00Z
2023-10-31,P00152,0.04381,85,0.6033,361616.22,2023-11-02T07:00:00Z
2023-11-30,P00152,0.04381,86,0.5984,360350.56,2023-12-02T07:00:00Z
2023-12-31,P00152,0.04381,87,0.5934,359089.33,2024-01-02T07:00:00Z
2024-01-31,P00152,0.04381,88,0.5884,357832.52,2024-02-02T07:00:00Z
2024-02-29,P00152,0.04381,89,0.5834,356580.1,2024-03-02T07:00:00Z
2024-03-31,P00152,0.04381,90,0.5785,355332.07,2024-04-02T07:00:00Z
2024-04-30,P00152,0.04381,91,0.5735,354088.41,2024-05-02T07:00:00Z
2024-05-31,P00152,0.04381,92,0.5685,352849.1,2024-06-02T07:00:00Z
2024-06-30,P00152,0.04381,93,0.5635,351614.13,2024-07-02T07:00:00Z
2024-07-31,P00152,0.04381,94,0.5586,350383.48,2024-08-02T07:00:00Z
2024-08-31,P00152,0.04381,95,0.5536,349157.14,2024-09-02T07:00:00Z
2024-09-30,P00152,0.04381,96,0.5486,347935.09,2024-10-02T07:00:00Z
2024-10-31,P00152,0.04381,97,0.5437,346717.32,2024-11-02T07:00:00Z
2024-11-30,P00152,0.04381,98,0.5387,345503.81,2024-12-02T07:00:00Z
2024-12-31,P00152,0.04381,99,0.5337,344294.54,2025-01-02T07:00:00Z
2025-01-31,P00152,0.04381,100,0.5287,343089.51,2025-02-02T07:00:00Z
2025-02-28,P00152,0.04381,101,0.5238,341888.7,2025-03-02T07:00:00Z
2025-03-31,P00152,0.04381,102,0.5188,340692.09,2025-04-02T07:00:00Z
2025-04-30,P00152,0.04381,103,0.5138,339499.67,2025-05-02T07:00:00Z
2025-05-31,P00152,0.04381,104,0.5088,338311.42,2025-06-02T07:00:00Z
2025-06-30,P00152,0.04381,105,0.5039,337127.33,2025-07-02T07:00:00Z
2025-07-31,P00152,0.04381,106,0.4989,335947.38,2025-08-02T07:00:00Z
2025-08-31,P00152,0.04381,107,0.4939,334771.57,2025-09-02T07:00:00Z
2025-09-30,P00152,0.04381,108,0.489,333599.86,2025-10-02T07:00:00Z
2025-10-31,P00152,0.04381,109,0.484,332432.27,2025-11-02T07:00:00Z
2025-11-30,P00152,0.04381,110,0.479,331268.75,2025-12-02T07:00:00Z
2025-12-31,P00152,0.04381,111,0.474,330109.31,2026-01-02T07:00:00Z
2023-07-31,P00153,0.06955,42,0.8266,637541.11,2023-08-02T07:00:00Z
2023-08-31,P00153,0.06955,43,0.8208,635309.72,2023-09-02T07:00:00Z
2023-09-30,P00153,0.06955,44,0.815,633086.13,2023-10-02T07:00:00Z
2023-10-31,P00153,0.06955,45,0.8092,630870.33,2023-11-02T07:00:00Z
2023-11-30,P00153,0.06955,46,0.8034,628662.28,2023-12-02T07:00:00Z
2023-12-31,P00153,0.06955,47,0.7976,626461.97,2024-01-02T07:00:00Z
2024-01-31,P00153,0.06955,48,0.7918,624269.35,2024-02-02T07:00:00Z
2024-02-29,P00153,0.06955,49,0.786,622084.41,2024-03-02T07:00:00Z
2024-03-31,P00153,0.06955,50,0.7802,619907.11,2024-04-02T07:00:00Z
2024-04-30,P00153,0.06955,51,0.7744,617737.44,2024-05-02T07:00:00Z
2024-05-31,P00153,0.06955,52,0.7686,615575.36,2024-06-02T07:00:00Z
2024-06-30,P00153,0.06955,53,0.7628,613420.84,2024-07-02T07:00:00Z
2024-07-31,P00153,0.06955,54,0.7569,611273.87,2024-08-02T07:00:00Z
2024-08-31,P00153,0.06955,55,0.7511,609134.41,2024-09-02T07:00:00Z
2024-09-30,P00153,0.06955,56,0.7453,607002.44,2024-10-02T07:00:00Z
2024-10-31,P00153,0.06955,57,0.7395,604877.93,2024-11-02T07:00:00Z
2024-11-30,P00153,0.06955,58,0.7337,602760.86,2024-12-02T07:00:00Z
2024-12-31,P00153,0.06955,59,0.7279,600651.2,2025-01-02T07:00:00Z
2025-01-31,P00153,0.06955,60,0.7221,598548.92,2025-02-02T07:00:00Z
2025-02-28,P00153,0.06955,61,0.7163,596454.0,2025-03-02T07:00:00Z
2025-03-31,P00153,0.06955,62,0.7105,594366.41,2025-04-02T07:00:00Z
2025-04-30,P00153,0.06955,63,0.7047,592286.12,2025-05-02T07:00:00Z
2025-05-31,P00153,0.06955,64,0.6989,590213.12,2025-06-02T07:00:00Z
2025-06-30,P00153,0.06955,65,0.6931,588147.38,2025-07-02T07:00:00Z
2025-07-31,P00153,0.06955,66,0.6873,586088.86,2025-08-02T07:00:00Z
2025-08-31,P00153,0.06955,67,0.6815,584037.55,2025-09-02T07:00:00Z
2025-09-30,P00153,0.06955,68,0.6757,581993.42,2025-10-02T07:00:00Z
2025-10-31,P00153,0.06955,69,0.6698,579956.44,2025-11-02T07:00:00Z
2025-11-30,P00153,0.06955,70,0.664,577926.59,2025-12-02T07:00:00Z
2025-12-31,P00153,0.06955,71,0.6582,575903.85,2026-01-02T07:00:00Z
2023-07-31,P00154,0.05823,105,0.7219,417128.87,2023-08-02T07:00:00Z
2023-08-31,P00154,0.05823,106,0.7165,415668.92,2023-09-02T07:00:00Z
2023-09-30,P00154,0.05823,107,0.7111,414214.08,2023-10-02T07:00:00Z
2023-10-31,P00154,0.05823,108,0.7058,412764.33,2023-11-02T07:00:00Z
2023-11-30,P00154,0.05823,109,0.7004,411319.65,2023-12-02T07:00:00Z
2023-12-31,P00154,0.05823,110,0.695,409880.03,2024-01-02T07:00:00Z
2024-01-31,P00154,0.05823,111,0.6896,408445.45,2024-02-02T07:00:00Z
2024-02-29,P00154,0.05823,112,0.6842,407015.9,2024-03-02T07:00:00Z
2024-03-31,P00154,0.05823,113,0.6788,405591.34,2024-04-02T07:00:00Z
2024-04-30,P00154,0.05823,114,0.6734,404171.77,2024-05-02T07:00:00Z
2024-05-31,P00154,0.05823,115,0.668,402757.17,2024-06-02T07:00:00Z
2024-06-30,P00154,0.05823,116,0.6627,401347.52,2024-07-02T07:00:00Z
2024-07-31,P00154,0.05823,117,0.6573,399942.8,2024-08-02T07:00:00Z
2024-08-31,P00154,0.05823,118,0.6519,398543.0,2024-09-02T07:00:00Z
2024-09-30,P00154,0.05823,119,0.6465,397148.1,2024-10-02T07:00:00Z
2024-10-31,P00154,0.05823,120,0.6411,395758.08,2024-11-02T07:00:00Z
2024-11-30,P00154,0.05823,121,0.6357,394372.93,2024-12-02T07:00:00Z
2024-12-31,P00154,0.05823,122,0.6303,392992.63,2025-01-02T07:00:00Z
2025-01-31,P00154,0.05823,123,0.6249,391617.15,2025-02-02T07:00:00Z
2025-02-28,P00154,0.05823,124,0.6196,390246.49,2025-03-02T07:00:00Z
2025-03-31,P00154,0.05823,125,0.6142,388880.63,2025-04-02T07:00:00Z
2025-04-30,P00154,0.05823,126,0.6088,387519.55,2025-05-02T07:00:00Z
2025-05-31,P00154,0.05823,127,0.6034,386163.23,2025-06-02T07:00:00Z
2025-06-30,P00154,0.05823,128,0.598,384811.66,2025-07-02T07:00:00Z
2025-07-31,P00154,0.05823,129,0.5926,383464.82,2025-08-02T07:00:00Z
2025-08-31,P00154,0.05823,130,0.5872,382122.69,2025-09-02T07:00:00Z
2025-09-30,P00154,0.05823,131,0.5818,380785.26,2025-10-02T07:00:00Z
2025-10-31,P00154,0.05823,132,0.5765,379452.51,2025-11-02T07:00:00Z
2025-11-30,P00154,0.05823,133,0.5711,378124.43,2025-12-02T07:00:00Z
2025-12-31,P00154,0.05823,134,0.5657,376800.99,2026-01-02T07:00:00Z
2023-07-31,P00155,0.057,78,0.7486,676526.04,2023-08-02T07:00:00Z
2023-08-31,P00155,0.057,79,0.7431,674158.2,2023-09-02T07:00:00Z
2023-09-30,P00155,0.057,80,0.7376,671798.65,2023-10-02T07:00:00Z
2023-10-31,P00155,0.057,81,0.7321,669447.35,2023-11-02T07:00:00Z
2023-11-30,P00155,0.057,82,0.7266,667104.28,2023-12-02T07:00:00Z
2023-12-31,P00155,0.057,83,0.7212,664769.42,2024-01-02T07:00:00Z
2024-01-31,P00155,0.057,84,0.7157,662442.73,2024-02-02T07:00:00Z
2024-02-29,P00155,0.057,85,0.7102,660124.18,2024-03-02T07:00:00Z
2024-03-31,P00155,0.057,86,0.7047,657813.74,2024-04-02T07:00:00Z
2024-04-30,P00155,0.057,87,0.6992,655511.39,2024-05-02T07:00:00Z
2024-05-31,P00155,0.057,88,0.6937,653217.1,2024-06-02T07:00:00Z
2024-06-30,P00155,0.057,89,0.6882,650930.84,2024-07-02T07:00:00Z
2024-07-31,P00155,0.057,90,0.6827,648652.59,2024-08-02T07:00:00Z
2024-08-31,P00155,0.057,91,0.6772,646382.3,2024-09-02T07:00:00Z
2024-09-30,P00155,0.057,92,0.6717,644119.96,2024-10-02T07:00:00Z
2024-10-31,P00155,0.057,93,0.6662,641865.54,2024-11-02T07:00:00Z
2024-11-30,P00155,0.057,94,0.6607,639619.01,2024-12-02T07:00:00Z
2024-12-31,P00155,0.057,95,0.6552,637380.35,2025-01-02T07:00:00Z
2025-01-31,P00155,0.057,96,0.6497,635149.52,2025-02-02T07:00:00Z
2025-02-28,P00155,0.057,97,0.6442,632926.49,2025-03-02T07:00:00Z
2025-03-31,P00155,0.057,98,0.6387,630711.25,2025-04-02T07:00:00Z
2025-04-30,P00155,0.057,99,0.6332,628503.76,2025-05-02T07:00:00Z
2025-05-31,P00155,0.057,100,0.6277,626304.0,2025-06-02T07:00:00Z
2025-06-30,P00155,0.057,101,0.6223,624111.93,2025-07-02T07:00:00Z
2025-07-31,P00155,0.057,102,0.6168,621927.54,2025-08-02T07:00:00Z
2025-08-31,P00155,0.057,103,0.6113,619750.8,2025-09-02T07:00:00Z
2025-09-30,P00155,0.057,104,0.6058,617581.67,2025-10-02T07:00:00Z
2025-10-31,P00155,0.057,105,0.6003,615420.13,2025-11-02T07:00:00Z
2025-11-30,P00155,0.057,106,0.5948,613266.16,2025-12-02T07:00:00Z
2025-12-31,P00155,0.057,107,0.5893,611119.73,2026-01-02T07:00:00Z
2023-07-31,P00156,0.08319,85,0.5794,298156.9,2023-08-02T07:00:00Z
2023-08-31,P00156,0.08319,86,0.5746,297113.35,2023-09-02T07:00:00Z
2023-09-30,P00156,0.08319,87,0.5698,296073.45,2023-10-02T07:00:00Z
2023-10-31,P00156,0.08319,88,0.565,295037.2,2023-11-02T07:00:00Z
2023-11-30,P00156,0.08319,89,0.5601,294004.57,2023-12-02T07:00:00Z
2023-12-31,P00156,0.08319,90,0.5553,292975.55,2024-01-02T07:00:00Z
2024-01-31,P00156,0.08319,91,0.5505,291950.14,2024-02-02T07:00:00Z
2024-02-29,P00156,0.08319,92,0.5457,290928.31,2024-03-02T07:00:00Z
2023-07-31,P00157,0.04891,111,0.9353,690229.51,2023-08-02T07:00:00Z
2023-08-31,P00157,0.04891,112,0.929,687813.71,2023-09-02T07:00:00Z
2023-09-30,P00157,0.04891,113,0.9228,685406.36,2023-10-02T07:00:00Z
2023-10-31,P00157,0.04891,114,0.9166,683007.44,2023-11-02T07:00:00Z
2023-11-30,P00157,0.04891,115,0.9103,680616.91,2023-12-02T07:00:00Z
2023-12-31,P00157,0.04891,116,0.9041,678234.75,2024-01-02T07:00:00Z
2024-01-31,P00157,0.04891,117,0.8978,675860.93,2024-02-02T07:00:00Z
2024-02-29,P00157,0.04891,118,0.8916,673495.42,2024-03-02T07:00:00Z
2024-03-31,P00157,0.04891,119,0.8853,671138.18,2024-04-02T07:00:00Z
2024-04-30,P00157,0.04891,120,0.8791,668789.2,2024-05-02T07:00:00Z
2024-05-31,P00157,0.04891,121,0.8729,666448.44,2024-06-02T07:00:00Z
2024-06-30,P00157,0.04891,122,0.8666,664115.87,2024-07-02T07:00:00Z
2024-07-31,P00157,0.04891,123,0.8604,661791.46,2024-08-02T07:00:00Z
2024-08-31,P00157,0.04891,124,0.8541,659475.19,2024-09-02T07:00:00Z
2024-09-30,P00157,0.04891,125,0.8479,657167.03,2024-10-02T07:00:00Z
2024-10-31,P00157,0.04891,126,0.8417,654866.94,2024-11-02T07:00:00Z
2024-11-30,P00157,0.04891,127,0.8354,652574.91,2024-12-02T07:00:00Z
2024-12-31,P00157,0.04891,128,0.8292,650290.9,2025-01-02T07:00:00Z
2025-01-31,P00157,0.04891,129,0.8229,648014.88,2025-02-02T07:00:00Z
2025-02-28,P00157,0.04891,130,0.8167,645746.83,2025-03-02T07:00:00Z
2025-03-31,P00157,0.04891,131,0.8105,643486.71,2025-04-02T07:00:00Z
2025-04-30,P00157,0.04891,132,0.8042,641234.51,2025-05-02T07:00:00Z
2025-05-31,P00157,0.04891,133,0.798,638990.19,2025-06-02T07:00:00Z
2025-06-30,P00157,0.04891,134,0.7917,636753.72,2025-07-02T07:00:00Z
2025-07-31,P00157,0.04891,135,0.7855,634525.09,2025-08-02T07:00:00Z
2025-08-31,P00157,0.04891,136,0.7792,632304.25,2025-09-02T07:00:00Z
2025-09-30,P00157,0.04891,137,0.773,630091.18,2025-10-02T07:00:00Z
2025-10-31,P00157,0.04891,138,0.7668,627885.86,2025-11-02T07:00:00Z
2025-11-30,P00157,0.04891,139,0.7605,625688.26,2025-12-02T07:00:00Z
2025-12-31,P00157,0.04891,140,0.7543,623498.35,2026-01-02T07:00:00Z
2023-07-31,P00158,0.05275,45,0.8163,295662.55,2023-08-02T07:00:00Z
2023-08-31,P00158,0.05275,46,0.8106,294627.73,2023-09-02T07:00:00Z
2023-09-30,P00158,0.05275,47,0.8048,293596.53,2023-10-02T07:00:00Z
2023-10-31,P00158,0.05275,48,0.799,292568.95,2023-11-02T07:00:00Z
2023-11-30,P00158,0.05275,49,0.7933,291544.95,2023-12-02T07:00:00Z
2023-12-31,P00158,0.05275,50,0.7875,290524.55,2024-01-02T07:00:00Z
2024-01-31,P00158,0.05275,51,0.7817,289507.71,2024-02-02T07:00:00Z
2024-02-29,P00158,0.05275,52,0.776,288494.43,2024-03-02T07:00:00Z
2024-03-31,P00158,0.05275,53,0.7702,287484.7,2024-04-02T07:00:00Z
2024-04-30,P00158,0.05275,54,0.7644,286478.51,2024-05-02T07:00:00Z
2024-05-31,P00158,0.05275,55,0.7587,285475.83,2024-06-02T07:00:00Z
2024-06-30,P00158,0.05275,56,0.7529,284476.67,2024-07-02T07:00:00Z
2024-07-31,P00158,0.05275,57,0.7471,283481.0,2024-08-02T07:00:00Z
2024-08-31,P00158,0.05275,58,0.7414,282488.82,2024-09-02T07:00:00Z
2024-09-30,P00158,0.05275,59,0.7356,281500.1,2024-10-02T07:00:00Z
2024-10-31,P00158,0.05275,60,0.7298,280514.85,2024-11-02T07:00:00Z
2024-11-30,P00158,0.05275,61,0.7241,279533.05,2024-12-02T07:00:00Z
2024-12-31,P00158,0.05275,62,0.7183,278554.69,2025-01-02T07:00:00Z
2025-01-31,P00158,0.05275,63,0.7125,277579.75,2025-02-02T07:00:00Z
2025-02-28,P00158,0.05275,64,0.7068,276608.22,2025-03-02T07:00:00Z
2025-03-31,P00158,0.05275,65,0.701,275640.09,2025-04-02T07:00:00Z
2025-04-30,P00158,0.05275,66,0.6953,274675.35,2025-05-02T07:00:00Z
2025-05-31,P00158,0.05275,67,0.6895,273713.98,2025-06-02T07:00:00Z
2025-06-30,P00158,0.05275,68,0.6837,272755.98,2025-07-02T07:00:00Z
2025-07-31,P00158,0.05275,69,0.678,271801.34,2025-08-02T07:00:00Z
2025-08-31,P00158,0.05275,70,0.6722,270850.03,2025-09-02T07:00:00Z
2025-09-30,P00158,0.05275,71,0.6664,269902.06,2025-10-02T07:00:00Z
2025-10-31,P00158,0.05275,72,0.6607,268957.4,2025-11-02T07:00:00Z
2025-11-30,P00158,0.05275,73,0.6549,268016.05,2025-12-02T07:00:00Z
2025-12-31,P00158,0.05275,74,0.6491,267077.99,2026-01-02T07:00:00Z
2023-07-31,P00159,0.06221,17,0.6559,116889.73,2023-08-02T07:00:00Z
2023-08-31,P00159,0.06221,18,0.6507,116480.62,2023-09-02T07:00:00Z
2023-09-30,P00159,0.06221,19,0.6456,116072.93,2023-10-02T07:00:00Z
2023-10-31,P00159,0.06221,20,0.6405,115666.68,2023-11-02T07:00:00Z
2023-11-30,P00159,0.06221,21,0.6354,115261.85,2023-12-02T07:00:00Z
2023-12-31,P00159,0.06221,22,0.6302,114858.43,2024-01-02T07:00:00Z
2024-01-31,P00159,0.06221,23,0.6251,114456.42,2024-02-02T07:00:00Z
2024-02-29,P00159,0.06221,24,0.62,114055.83,2024-03-02T07:00:00Z
2024-03-31,P00159,0.06221,25,0.6149,113656.63,2024-04-02T07:00:00Z
2024-04-30,P00159,0.06221,26,0.6097,113258.83,2024-05-02T07:00:00Z
2024-05-31,P00159,0.06221,27,0.6046,112862.43,2024-06-02T07:00:00Z
2024-06-30,P00159,0.06221,28,0.5995,112467.41,2024-07-02T07:00:00Z
2024-07-31,P00159,0.06221,29,0.5944,112073.77,2024-08-02T07:00:00Z
2024-08-31,P00159,0.06221,30,0.5892,111681.51,2024-09-02T07:00:00Z
2024-09-30,P00159,0.06221,31,0.5841,111290.63,2024-10-02T07:00:00Z
2024-10-31,P00159,0.06221,32,0.579,110901.11,2024-11-02T07:00:00Z
2024-11-30,P00159,0.06221,33,0.5739,110512.96,2024-12-02T07:00:00Z
2024-12-31,P00159,0.06221,34,0.5688,110126.16,2025-01-02T07:00:00Z
2025-01-31,P00159,0.06221,35,0.5636,109740.72,2025-02-02T07:00:00Z
2025-02-28,P00159,0.06221,36,0.5585,109356.63,2025-03-02T07:00:00Z
2025-03-31,P00159,0.06221,37,0.5534,108973.88,2025-04-02T07:00:00Z
2025-04-30,P00159,0.06221,38,0.5483,108592.47,2025-05-02T07:00:00Z
2025-05-31,P00159,0.06221,39,0.5431,108212.4,2025-06-02T07:00:00Z
2025-06-30,P00159,0.06221,40,0.538,107833.65,2025-07-02T07:00:00Z
2025-07-31,P00159,0.06221,41,0.5329,107456.24,2025-08-02T07:00:00Z
2025-08-31,P00159,0.06221,42,0.5278,107080.14,2025-09-02T07:00:00Z
2025-09-30,P00159,0.06221,43,0.5226,106705.36,2025-10-02T07:00:00Z
2025-10-31,P00159,0.06221,44,0.5175,106331.89,2025-11-02T07:00:00Z
2025-11-30,P00159,0.06221,45,0.5124,105959.73,2025-12-02T07:00:00Z
2025-12-31,P00159,0.06221,46,0.5073,105588.87,2026-01-02T07:00:00Z
2023-07-31,P00160,0.07017,69,0.5819,418320.41,2023-08-02T07:00:00Z
2023-08-31,P00160,0.07017,70,0.5771,416856.29,2023-09-02T07:00:00Z
2023-09-30,P00160,0.07017,71,0.5723,415397.29,2023-10-02T07:00:00Z
2023-10-31,P00160,0.07017,72,0.5674,413943.4,2023-11-02T07:00:00Z
2023-11-30,P00160,0.07017,73,0.5626,412494.6,2023-12-02T07:00:00Z
2023-12-31,P00160,0.07017,74,0.5578,411050.87,2024-01-02T07:00:00Z
2024-01-31,P00160,0.07017,75,0.553,409612.19,2024-02-02T07:00:00Z
2024-02-29,P00160,0.07017,76,0.5481,408178.55,2024-03-02T07:00:00Z
2024-03-31,P00160,0.07017,77,0.5433,406749.92,2024-04-02T07:00:00Z
2024-04-30,P00160,0.07017,78,0.5385,405326.3,2024-05-02T07:00:00Z
2024-05-31,P00160,0.07017,79,0.5337,403907.66,2024-06-02T07:00:00Z
2024-06-30,P00160,0.07017,80,0.5288,402493.98,2024-07-02T07:00:00Z
2024-07-31,P00160,0.07017,81,0.524,401085.25,2024-08-02T07:00:00Z
2024-08-31,P00160,0.07017,82,0.5192,399681.45,2024-09-02T07:00:00Z
2023-07-31,P00161,0.07929,43,0.6718,177606.03,2023-08-02T07:00:00Z
2023-08-31,P00161,0.07929,44,0.6667,176984.41,2023-09-02T07:00:00Z
2023-09-30,P00161,0.07929,45,0.6615,176364.96,2023-10-02T07:00:00Z
2023-10-31,P00161,0.07929,46,0.6563,175747.69,2023-11-02T07:00:00Z
2023-11-30,P00161,0.07929,47,0.6511,175132.57,2023-12-02T07:00:00Z
2023-12-31,P00161,0.07929,48,0.6459,174519.61,2024-01-02T07:00:00Z
2024-01-31,P00161,0.07929,49,0.6407,173908.79,2024-02-02T07:00:00Z
2024-02-29,P00161,0.07929,50,0.6355,173300.11,2024-03-02T07:00:00Z
2024-03-31,P00161,0.07929,51,0.6303,172693.56,2024-04-02T07:00:00Z
2024-04-30,P00161,0.07929,52,0.6252,172089.13,2024-05-02T07:00:00Z
2024-05-31,P00161,0.07929,53,0.62,171486.82,2024-06-02T07:00:00Z
2024-06-30,P00161,0.07929,54,0.6148,170886.61,2024-07-02T07:00:00Z
2024-07-31,P00161,0.07929,55,0.6096,170288.51,2024-08-02T07:00:00Z
2024-08-31,P00161,0.07929,56,0.6044,169692.5,2024-09-02T07:00:00Z
2024-09-30,P00161,0.07929,57,0.5992,169098.58,2024-10-02T07:00:00Z
2024-10-31,P00161,0.07929,58,0.594,168506.73,2024-11-02T07:00:00Z
2024-11-30,P00161,0.07929,59,0.5888,167916.96,2024-12-02T07:00:00Z
2024-12-31,P00161,0.07929,60,0.5837,167329.25,2025-01-02T07:00:00Z
2025-01-31,P00161,0.07929,61,0.5785,166743.6,2025-02-02T07:00:00Z
2025-02-28,P00161,0.07929,62,0.5733,166159.99,2025-03-02T07:00:00Z
2025-03-31,P00161,0.07929,63,0.5681,165578.43,2025-04-02T07:00:00Z
2025-04-30,P00161,0.07929,64,0.5629,164998.91,2025-05-02T07:00:00Z
2025-05-31,P00161,0.07929,65,0.5577,164421.41,2025-06-02T07:00:00Z
2025-06-30,P00161,0.07929,66,0.5525,163845.94,2025-07-02T07:00:00Z
2025-07-31,P00161,0.07929,67,0.5473,163272.48,2025-08-02T07:00:00Z
2025-08-31,P00161,0.07929,68,0.5422,162701.02,2025-09-02T07:00:00Z
2023-07-31,P00162,0.04305,87,0.4488,235836.43,2023-08-02T07:00:00Z
2023-08-31,P00162,0.04305,88,0.4446,235011.0,2023-09-02T07:00:00Z
2023-09-30,P00162,0.04305,89,0.4403,234188.46,2023-10-02T07:00:00Z
2023-10-31,P00162,0.04305,90,0.436,233368.8,2023-11-02T07:00:00Z
2023-11-30,P00162,0.04305,91,0.4317,232552.01,2023-12-02T07:00:00Z
2023-12-31,P00162,0.04305,92,0.4274,231738.08,2024-01-02T07:00:00Z
2024-01-31,P00162,0.04305,93,0.4231,230927.0,2024-02-02T07:00:00Z
2024-02-29,P00162,0.04305,94,0.4188,230118.75,2024-03-02T07:00:00Z
2024-03-31,P00162,0.04305,95,0.4145,229313.34,2024-04-02T07:00:00Z
2024-04-30,P00162,0.04305,96,0.4102,228510.74,2024-05-02T07:00:00Z
2024-05-31,P00162,0.04305,97,0.4059,227710.95,2024-06-02T07:00:00Z
2024-06-30,P00162,0.04305,98,0.4016,226913.97,2024-07-02T07:00:00Z
2024-07-31,P00162,0.04305,99,0.3973,226119.77,2024-08-02T07:00:00Z
2024-08-31,P00162,0.04305,100,0.393,225328.35,2024-09-02T07:00:00Z
2024-09-30,P00162,0.04305,101,0.3887,224539.7,2024-10-02T07:00:00Z
2024-10-31,P00162,0.04305,102,0.3844,223753.81,2024-11-02T07:00:00Z
2024-11-30,P00162,0.04305,103,0.3801,222970.67,2024-12-02T07:00:00Z
2024-12-31,P00162,0.04305,104,0.3758,222190.27,2025-01-02T07:00:00Z
2025-01-31,P00162,0.04305,105,0.3715,221412.61,2025-02-02T07:00:00Z
2025-02-28,P00162,0.04305,106,0.3672,220637.66,2025-03-02T07:00:00Z
2025-03-31,P00162,0.04305,107,0.3629,219865.43,2025-04-02T07:00:00Z
2025-04-30,P00162,0.04305,108,0.3586,219095.9,2025-05-02T07:00:00Z
2025-05-31,P00162,0.04305,109,0.3543,218329.07,2025-06-02T07:00:00Z
2025-06-30,P00162,0.04305,110,0.3501,217564.92,2025-07-02T07:00:00Z
2025-07-31,P00162,0.04305,111,0.3458,216803.44,2025-08-02T07:00:00Z
2025-08-31,P00162,0.04305,112,0.3415,216044.63,2025-09-02T07:00:00Z
2025-09-30,P00162,0.04305,113,0.3372,215288.47,2025-10-02T07:00:00Z
2025-10-31,P00162,0.04305,114,0.3329,214534.96,2025-11-02T07:00:00Z
2025-11-30,P00162,0.04305,115,0.3286,213784.09,2025-12-02T07:00:00Z
2025-12-31,P00162,0.04305,116,0.3243,213035.84,2026-01-02T07:00:00Z
2023-07-31,P00163,0.0703,84,0.5533,425913.46,2023-08-02T07:00:00Z
2023-08-31,P00163,0.0703,85,0.5485,424422.76,2023-09-02T07:00:00Z
2023-09-30,P00163,0.0703,86,0.5438,422937.28,2023-10-02T07:00:00Z
2023-10-31,P00163,0.0703,87,0.5391,421457.0,2023-11-02T07:00:00Z
2023-11-30,P00163,0.0703,88,0.5344,419981.9,2023-12-02T07:00:00Z
2023-12-31,P00163,0.0703,89,0.5297,418511.97,2024-01-02T07:00:00Z
2024-01-31,P00163,0.0703,90,0.525,417047.17,2024-02-02T07:00:00Z
2024-02-29,P00163,0.0703,91,0.5203,415587.51,2024-03-02T07:00:00Z
2024-03-31,P00163,0.0703,92,0.5156,414132.95,2024-04-02T07:00:00Z
2024-04-30,P00163,0.0703,93,0.5108,412683.49,2024-05-02T07:00:00Z
2023-07-31,P00164,0.05508,96,0.5727,483545.77,2023-08-02T07:00:00Z
2023-08-31,P00164,0.05508,97,0.5679,481853.36,2023-09-02T07:00:00Z
2023-07-31,P00165,0.05195,104,0.9331,350787.88,2023-08-02T07:00:00Z
2023-08-31,P00165,0.05195,105,0.9269,349560.12,2023-09-02T07:00:00Z
2023-09-30,P00165,0.05195,106,0.9207,348336.66,2023-10-02T07:00:00Z
2023-10-31,P00165,0.05195,107,0.9144,347117.48,2023-11-02T07:00:00Z
2023-11-30,P00165,0.05195,108,0.9082,345902.57,2023-12-02T07:00:00Z
2023-12-31,P00165,0.05195,109,0.902,344691.91,2024-01-02T07:00:00Z
2024-01-31,P00165,0.05195,110,0.8957,343485.49,2024-02-02T07:00:00Z
2024-02-29,P00165,0.05195,111,0.8895,342283.29,2024-03-02T07:00:00Z
2024-03-31,P00165,0.05195,112,0.8833,341085.3,2024-04-02T07:00:00Z
2024-04-30,P00165,0.05195,113,0.877,339891.5,2024-05-02T07:00:00Z
2024-05-31,P00165,0.05195,114,0.8708,338701.88,2024-06-02T07:00:00Z
2024-06-30,P00165,0.05195,115,0.8646,337516.43,2024-07-02T07:00:00Z
2024-07-31,P00165,0.05195,116,0.8583,336335.12,2024-08-02T07:00:00Z
2024-08-31,P00165,0.05195,117,0.8521,335157.95,2024-09-02T07:00:00Z
2024-09-30,P00165,0.05195,118,0.8459,333984.89,2024-10-02T07:00:00Z
2024-10-31,P00165,0.05195,119,0.8396,332815.95,2024-11-02T07:00:00Z
2024-11-30,P00165,0.05195,120,0.8334,331651.09,2024-12-02T07:00:00Z
2024-12-31,P00165,0.05195,121,0.8272,330490.31,2025-01-02T07:00:00Z
2025-01-31,P00165,0.05195,122,0.8209,329333.59,2025-02-02T07:00:00Z
2025-02-28,P00165,0.05195,123,0.8147,328180.93,2025-03-02T07:00:00Z
2025-03-31,P00165,0.05195,124,0.8085,327032.29,2025-04-02T07:00:00Z
2025-04-30,P00165,0.05195,125,0.8022,325887.68,2025-05-02T07:00:00Z
2025-05-31,P00165,0.05195,126,0.796,324747.07,2025-06-02T07:00:00Z
2025-06-30,P00165,0.05195,127,0.7898,323610.46,2025-07-02T07:00:00Z
2025-07-31,P00165,0.05195,128,0.7835,322477.82,2025-08-02T07:00:00Z
2025-08-31,P00165,0.05195,129,0.7773,321349.15,2025-09-02T07:00:00Z
2025-09-30,P00165,0.05195,130,0.7711,320224.43,2025-10-02T07:00:00Z
2025-10-31,P00165,0.05195,131,0.7648,319103.64,2025-11-02T07:00:00Z
2025-11-30,P00165,0.05195,132,0.7586,317986.78,2025-12-02T07:00:00Z
2025-12-31,P00165,0.05195,133,0.7524,316873.83,2026-01-02T07:00:00Z
2023-07-31,P00166,0.05386,72,0.831,513837.75,2023-08-02T07:00:00Z
2023-08-31,P00166,0.05386,73,0.8252,512039.32,2023-09-02T07:00:00Z
2023-09-30,P00166,0.05386,74,0.8194,510247.18,2023-10-02T07:00:00Z
2023-10-31,P00166,0.05386,75,0.8136,508461.32,2023-11-02T07:00:00Z
2023-11-30,P00166,0.05386,76,0.8077,506681.7,2023-12-02T07:00:00Z
2023-12-31,P00166,0.05386,77,0.8019,504908.31,2024-01-02T07:00:00Z
2024-01-31,P00166,0.05386,78,0.7961,503141.14,2024-02-02T07:00:00Z
2024-02-29,P00166,0.05386,79,0.7903,501380.14,2024-03-02T07:00:00Z
2024-03-31,P00166,0.05386,80,0.7844,499625.31,2024-04-02T07:00:00Z
2024-04-30,P00166,0.05386,81,0.7786,497876.62,2024-05-02T07:00:00Z
2023-07-31,P00167,0.05123,2,0.9344,94518.77,2023-08-02T07:00:00Z
2023-08-31,P00167,0.05123,3,0.9282,94187.95,2023-09-02T07:00:00Z
2023-09-30,P00167,0.05123,4,0.9219,93858.3,2023-10-02T07:00:00Z
2023-10-31,P00167,0.05123,5,0.9157,93529.79,2023-11-02T07:00:00Z
2023-11-30,P00167,0.05123,6,0.9094,93202.44,2023-12-02T07:00:00Z
2023-12-31,P00167,0.05123,7,0.9032,92876.23,2024-01-02T07:00:00Z
2024-01-31,P00167,0.05123,8,0.897,92551.16,2024-02-02T07:00:00Z
2024-02-29,P00167,0.05123,9,0.8907,92227.23,2024-03-02T07:00:00Z
2024-03-31,P00167,0.05123,10,0.8845,91904.44,2024-04-02T07:00:00Z
2024-04-30,P00167,0.05123,11,0.8783,91582.77,2024-05-02T07:00:00Z
2024-05-31,P00167,0.05123,12,0.872,91262.23,2024-06-02T07:00:00Z
2024-06-30,P00167,0.05123,13,0.8658,90942.82,2024-07-02T07:00:00Z
2024-07-31,P00167,0.05123,14,0.8595,90624.52,2024-08-02T07:00:00Z
2024-08-31,P00167,0.05123,15,0.8533,90307.33,2024-09-02T07:00:00Z
2024-09-30,P00167,0.05123,16,0.8471,89991.25,2024-10-02T07:00:00Z
2024-10-31,P00167,0.05123,17,0.8408,89676.28,2024-11-02T07:00:00Z
2024-11-30,P00167,0.05123,18,0.8346,89362.42,2024-12-02T07:00:00Z
2024-12-31,P00167,0.05123,19,0.8284,89049.65,2025-01-02T07:00:00Z
2025-01-31,P00167,0.05123,20,0.8221,88737.98,2025-02-02T07:00:00Z
2025-02-28,P00167,0.05123,21,0.8159,88427.39,2025-03-02T07:00:00Z
2025-03-31,P00167,0.05123,22,0.8096,88117.9,2025-04-02T07:00:00Z
2025-04-30,P00167,0.05123,23,0.8034,87809.48,2025-05-02T07:00:00Z
2025-05-31,P00167,0.05123,24,0.7972,87502.15,2025-06-02T07:00:00Z
2025-06-30,P00167,0.05123,25,0.7909,87195.89,2025-07-02T07:00:00Z
2023-07-31,P00168,0.06444,75,0.7651,398199.15,2023-08-02T07:00:00Z
2023-08-31,P00168,0.06444,76,0.7596,396805.45,2023-09-02T07:00:00Z
2023-09-30,P00168,0.06444,77,0.754,395416.63,2023-10-02T07:00:00Z
2023-10-31,P00168,0.06444,78,0.7485,394032.68,2023-11-02T07:00:00Z
2023-11-30,P00168,0.06444,79,0.7429,392653.56,2023-12-02T07:00:00Z
2023-12-31,P00168,0.06444,80,0.7373,391279.27,2024-01-02T07:00:00Z
2024-01-31,P00168,0.06444,81,0.7318,389909.8,2024-02-02T07:00:00Z
2024-02-29,P00168,0.06444,82,0.7262,388545.11,2024-03-02T07:00:00Z
2024-03-31,P00168,0.06444,83,0.7207,387185.2,2024-04-02T07:00:00Z
2024-04-30,P00168,0.06444,84,0.7151,385830.06,2024-05-02T07:00:00Z
2024-05-31,P00168,0.06444,85,0.7095,384479.65,2024-06-02T07:00:00Z
2024-06-30,P00168,0.06444,86,0.704,383133.97,2024-07-02T07:00:00Z
2024-07-31,P00168,0.06444,87,0.6984,381793.0,2024-08-02T07:00:00Z
2024-08-31,P00168,0.06444,88,0.6929,380456.73,2024-09-02T07:00:00Z
2024-09-30,P00168,0.06444,89,0.6873,379125.13,2024-10-02T07:00:00Z
2024-10-31,P00168,0.06444,90,0.6817,377798.19,2024-11-02T07:00:00Z
2024-11-30,P00168,0.06444,91,0.6762,376475.9,2024-12-02T07:00:00Z
2023-07-31,P00169,0.07282,40,0.7157,453000.29,2023-08-02T07:00:00Z
2023-08-31,P00169,0.07282,41,0.7103,451414.79,2023-09-02T07:00:00Z
2023-09-30,P00169,0.07282,42,0.705,449834.84,2023-10-02T07:00:00Z
2023-10-31,P00169,0.07282,43,0.6996,448260.42,2023-11-02T07:00:00Z
2023-11-30,P00169,0.07282,44,0.6942,446691.5,2023-12-02T07:00:00Z
2023-12-31,P00169,0.07282,45,0.6889,445128.08,2024-01-02T07:00:00Z
2024-01-31,P00169,0.07282,46,0.6835,443570.14,2024-02-02T07:00:00Z
2024-02-29,P00169,0.07282,47,0.6782,442017.64,2024-03-02T07:00:00Z
2024-03-31,P00169,0.07282,48,0.6728,440470.58,2024-04-02T07:00:00Z
2024-04-30,P00169,0.07282,49,0.6674,438928.93,2024-05-02T07:00:00Z
2024-05-31,P00169,0.07282,50,0.6621,437392.68,2024-06-02T07:00:00Z
2024-06-30,P00169,0.07282,51,0.6567,435861.81,2024-07-02T07:00:00Z
2023-07-31,P00170,0.05892,30,0.8194,462100.73,2023-08-02T07:00:00Z
2023-08-31,P00170,0.05892,31,0.8136,460483.38,2023-09-02T07:00:00Z
2023-09-30,P00170,0.05892,32,0.8078,458871.69,2023-10-02T07:00:00Z
2023-10-31,P00170,0.05892,33,0.8021,457265.63,2023-11-02T07:00:00Z
2023-11-30,P00170,0.05892,34,0.7963,455665.21,2023-12-02T07:00:00Z
2023-12-31,P00170,0.05892,35,0.7905,454070.38,2024-01-02T07:00:00Z
2024-01-31,P00170,0.05892,36,0.7847,452481.13,2024-02-02T07:00:00Z
2024-02-29,P00170,0.05892,37,0.779,450897.45,2024-03-02T07:00:00Z
2024-03-31,P00170,0.05892,38,0.7732,449319.31,2024-04-02T07:00:00Z
2024-04-30,P00170,0.05892,39,0.7674,447746.69,2024-05-02T07:00:00Z
2024-05-31,P00170,0.05892,40,0.7616,446179.57,2024-06-02T07:00:00Z
2024-06-30,P00170,0.05892,41,0.7558,444617.95,2024-07-02T07:00:00Z
2024-07-31,P00170,0.05892,42,0.7501,443061.78,2024-08-02T07:00:00Z
2024-08-31,P00170,0.05892,43,0.7443,441511.07,2024-09-02T07:00:00Z
2024-09-30,P00170,0.05892,44,0.7385,439965.78,2024-10-02T07:00:00Z
2024-10-31,P00170,0.05892,45,0.7327,438425.9,2024-11-02T07:00:00Z
2024-11-30,P00170,0.05892,46,0.727,436891.41,2024-12-02T07:00:00Z
2024-12-31,P00170,0.05892,47,0.7212,435362.29,2025-01-02T07:00:00Z
2025-01-31,P00170,0.05892,48,0.7154,433838.52,2025-02-02T07:00:00Z
2025-02-28,P00170,0.05892,49,0.7096,432320.08,2025-03-02T07:00:00Z
2025-03-31,P00170,0.05892,50,0.7038,430806.96,2025-04-02T07:00:00Z
2025-04-30,P00170,0.05892,51,0.6981,429299.14,2025-05-02T07:00:00Z
2025-05-31,P00170,0.05892,52,0.6923,427796.59,2025-06-02T07:00:00Z
2025-06-30,P00170,0.05892,53,0.6865,426299.3,2025-07-02T07:00:00Z
2025-07-31,P00170,0.05892,54,0.6807,424807.26,2025-08-02T07:00:00Z
2025-08-31,P00170,0.05892,55,0.675,423320.43,2025-09-02T07:00:00Z
2025-09-30,P00170,0.05892,56,0.6692,421838.81,2025-10-02T07:00:00Z
2025-10-31,P00170,0.05892,57,0.6634,420362.37,2025-11-02T07:00:00Z
2025-11-30,P00170,0.05892,58,0.6576,418891.11,2025-12-02T07:00:00Z
2025-12-31,P00170,0.05892,59,0.6518,417424.99,2026-01-02T07:00:00Z
2023-07-31,P00171,0.06448,96,0.7643,152208.8,2023-08-02T07:00:00Z
2023-08-31,P00171,0.06448,97,0.7587,151676.07,2023-09-02T07:00:00Z
2023-09-30,P00171,0.06448,98,0.7532,151145.2,2023-10-02T07:00:00Z
2023-10-31,P00171,0.06448,99,0.7476,150616.19,2023-11-02T07:00:00Z
2023-11-30,P00171,0.06448,100,0.7421,150089.04,2023-12-02T07:00:00Z
2023-12-31,P00171,0.06448,101,0.7365,149563.73,2024-01-02T07:00:00Z
2024-01-31,P00171,0.06448,102,0.731,149040.25,2024-02-02T07:00:00Z
2024-02-29,P00171,0.06448,103,0.7254,148518.61,2024-03-02T07:00:00Z
2024-03-31,P00171,0.06448,104,0.7198,147998.8,2024-04-02T07:00:00Z
2024-04-30,P00171,0.06448,105,0.7143,147480.8,2024-05-02T07:00:00Z
2024-05-31,P00171,0.06448,106,0.7087,146964.62,2024-06-02T07:00:00Z
2024-06-30,P00171,0.06448,107,0.7032,146450.24,2024-07-02T07:00:00Z
2024-07-31,P00171,0.06448,108,0.6976,145937.67,2024-08-02T07:00:00Z
2024-08-31,P00171,0.06448,109,0.6921,145426.88,2024-09-02T07:00:00Z
2024-09-30,P00171,0.06448,110,0.6865,144917.89,2024-10-02T07:00:00Z
2024-10-31,P00171,0.06448,111,0.6809,144410.68,2024-11-02T07:00:00Z
2024-11-30,P00171,0.06448,112,0.6754,143905.24,2024-12-02T07:00:00Z
2024-12-31,P00171,0.06448,113,0.6698,143401.57,2025-01-02T07:00:00Z
2025-01-31,P00171,0.06448,114,0.6643,142899.67,2025-02-02T07:00:00Z
2025-02-28,P00171,0.06448,115,0.6587,142399.52,2025-03-02T07:00:00Z
2025-03-31,P00171,0.06448,116,0.6532,141901.12,2025-04-02T07:00:00Z
2025-04-30,P00171,0.06448,117,0.6476,141404.47,2025-05-02T07:00:00Z
2025-05-31,P00171,0.06448,118,0.642,140909.55,2025-06-02T07:00:00Z
2025-06-30,P00171,0.06448,119,0.6365,140416.37,2025-07-02T07:00:00Z
2025-07-31,P00171,0.06448,120,0.6309,139924.91,2025-08-02T07:00:00Z
2025-08-31,P00171,0.06448,121,0.6254,139435.17,2025-09-02T07:00:00Z
2025-09-30,P00171,0.06448,122,0.6198,138947.15,2025-10-02T07:00:00Z
2025-10-31,P00171,0.06448,123,0.6143,138460.83,2025-11-02T07:00:00Z
2025-11-30,P00171,0.06448,124,0.6087,137976.22,2025-12-02T07:00:00Z
2025-12-31,P00171,0.06448,125,0.6031,137493.3,2026-01-02T07:00:00Z
2023-07-31,P00172,0.06412,83,0.56,543509.03,2023-08-02T07:00:00Z
2023-08-31,P00172,0.06412,84,0.5552,541606.75,2023-09-02T07:00:00Z
2023-09-30,P00172,0.06412,85,0.5505,539711.12,2023-10-02T07:00:00Z
2023-10-31,P00172,0.06412,86,0.5458,537822.14,2023-11-02T07:00:00Z
2023-11-30,P00172,0.06412,87,0.541,535939.76,2023-12-02T07:00:00Z
2023-12-31,P00172,0.06412,88,0.5363,534063.97,2024-01-02T07:00:00Z
2024-01-31,P00172,0.06412,89,0.5315,532194.75,2024-02-02T07:00:00Z
2024-02-29,P00172,0.06412,90,0.5268,530332.06,2024-03-02T07:00:00Z
2024-03-31,P00172,0.06412,91,0.5221,528475.9,2024-04-02T07:00:00Z
2024-04-30,P00172,0.06412,92,0.5173,526626.24,2024-05-02T07:00:00Z
2024-05-31,P00172,0.06412,93,0.5126,524783.04,2024-06-02T07:00:00Z
2024-06-30,P00172,0.06412,94,0.5078,522946.3,2024-07-02T07:00:00Z
2024-07-31,P00172,0.06412,95,0.5031,521115.99,2024-08-02T07:00:00Z
2024-08-31,P00172,0.06412,96,0.4984,519292.09,2024-09-02T07:00:00Z
2024-09-30,P00172,0.06412,97,0.4936,517474.56,2024-10-02T07:00:00Z
2024-10-31,P00172,0.06412,98,0.4889,515663.4,2024-11-02T07:00:00Z
2024-11-30,P00172,0.06412,99,0.4841,513858.58,2024-12-02T07:00:00Z
2024-12-31,P00172,0.06412,100,0.4794,512060.08,2025-01-02T07:00:00Z
2025-01-31,P00172,0.06412,101,0.4747,510267.86,2025-02-02T07:00:00Z
2025-02-28,P00172,0.06412,102,0.4699,508481.93,2025-03-02T07:00:00Z
2025-03-31,P00172,0.06412,103,0.4652,506702.24,2025-04-02T07:00:00Z
2025-04-30,P00172,0.06412,104,0.4604,504928.78,2025-05-02T07:00:00Z
2025-05-31,P00172,0.06412,105,0.4557,503161.53,2025-06-02T07:00:00Z
2025-06-30,P00172,0.06412,106,0.451,501400.47,2025-07-02T07:00:00Z
2025-07-31,P00172,0.06412,107,0.4462,499645.57,2025-08-02T07:00:00Z
2025-08-31,P00172,0.06412,108,0.4415,497896.81,2025-09-02T07:00:00Z
2025-09-30,P00172,0.06412,109,0.4367,496154.17,2025-10-02T07:00:00Z
2025-10-31,P00172,0.06412,110,0.432,494417.63,2025-11-02T07:00:00Z
2025-11-30,P00172,0.06412,111,0.4273,492687.17,2025-12-02T07:00:00Z
2025-12-31,P00172,0.06412,112,0.4225,490962.76,2026-01-02T07:00:00Z
2023-07-31,P00173,0.05183,6,0.6226,570906.35,2023-08-02T07:00:00Z
2023-08-31,P00173,0.05183,7,0.6176,568908.18,2023-09-02T07:00:00Z
2023-09-30,P00173,0.05183,8,0.6127,566917.0,2023-10-02T07:00:00Z
2023-10-31,P00173,0.05183,9,0.6077,564932.79,2023-11-02T07:00:00Z
2023-11-30,P00173,0.05183,10,0.6027,562955.52,2023-12-02T07:00:00Z
2023-12-31,P00173,0.05183,11,0.5977,560985.18,2024-01-02T07:00:00Z
2024-01-31,P00173,0.05183,12,0.5927,559021.73,2024-02-02T07:00:00Z
2024-02-29,P00173,0.05183,13,0.5877,557065.16,2024-03-02T07:00:00Z
2024-03-31,P00173,0.05183,14,0.5827,555115.43,2024-04-02T07:00:00Z
2024-04-30,P00173,0.05183,15,0.5777,553172.52,2024-05-02T07:00:00Z
2024-05-31,P00173,0.05183,16,0.5727,551236.42,2024-06-02T07:00:00Z
2024-06-30,P00173,0.05183,17,0.5677,549307.09,2024-07-02T07:00:00Z
2024-07-31,P00173,0.05183,18,0.5627,547384.52,2024-08-02T07:00:00Z
2024-08-31,P00173,0.05183,19,0.5578,545468.67,2024-09-02T07:00:00Z
2024-09-30,P00173,0.05183,20,0.5528,543559.53,2024-10-02T07:00:00Z
2024-10-31,P00173,0.05183,21,0.5478,541657.07,2024-11-02T07:00:00Z
2024-11-30,P00173,0.05183,22,0.5428,539761.27,2024-12-02T07:00:00Z
2024-12-31,P00173,0.05183,23,0.5378,537872.11,2025-01-02T07:00:00Z
2025-01-31,P00173,0.05183,24,0.5328,535989.56,2025-02-02T07:00:00Z
2025-02-28,P00173,0.05183,25,0.5278,534113.59,2025-03-02T07:00:00Z
2025-03-31,P00173,0.05183,26,0.5228,532244.2,2025-04-02T07:00:00Z
2025-04-30,P00173,0.05183,27,0.5178,530381.34,2025-05-02T07:00:00Z
2025-05-31,P00173,0.05183,28,0.5128,528525.01,2025-06-02T07:00:00Z
2025-06-30,P00173,0.05183,29,0.5079,526675.17,2025-07-02T07:00:00Z
2025-07-31,P00173,0.05183,30,0.5029,524831.81,2025-08-02T07:00:00Z
2025-08-31,P00173,0.05183,31,0.4979,522994.89,2025-09-02T07:00:00Z
2025-09-30,P00173,0.05183,32,0.4929,521164.41,2025-10-02T07:00:00Z
2025-10-31,P00173,0.05183,33,0.4879,519340.34,2025-11-02T07:00:00Z
2025-11-30,P00173,0.05183,34,0.4829,517522.65,2025-12-02T07:00:00Z
2025-12-31,P00173,0.05183,35,0.4779,515711.32,2026-01-02T07:00:00Z
2023-07-31,P00174,0.07704,96,0.6098,289902.21,2023-08-02T07:00:00Z
2023-08-31,P00174,0.07704,97,0.6049,288887.55,2023-09-02T07:00:00Z
2023-09-30,P00174,0.07704,98,0.6,287876.45,2023-10-02T07:00:00Z
2023-10-31,P00174,0.07704,99,0.595,286868.88,2023-11-02T07:00:00Z
2023-11-30,P00174,0.07704,100,0.5901,285864.84,2023-12-02T07:00:00Z
2023-12-31,P00174,0.07704,101,0.5851,284864.31,2024-01-02T07:00:00Z
2024-01-31,P00174,0.07704,102,0.5802,283867.29,2024-02-02T07:00:00Z
2024-02-29,P00174,0.07704,103,0.5753,282873.75,2024-03-02T07:00:00Z
2024-03-31,P00174,0.07704,104,0.5703,281883.69,2024-04-02T07:00:00Z
2024-04-30,P00174,0.07704,105,0.5654,280897.1,2024-05-02T07:00:00Z
2024-05-31,P00174,0.07704,106,0.5604,279913.96,2024-06-02T07:00:00Z
2024-06-30,P00174,0.07704,107,0.5555,278934.26,2024-07-02T07:00:00Z
2024-07-31,P00174,0.07704,108,0.5506,277957.99,2024-08-02T07:00:00Z
2024-08-31,P00174,0.07704,109,0.5456,276985.14,2024-09-02T07:00:00Z
2024-09-30,P00174,0.07704,110,0.5407,276015.69,2024-10-02T07:00:00Z
2024-10-31,P00174,0.07704,111,0.5357,275049.63,2024-11-02T07:00:00Z
2024-11-30,P00174,0.07704,112,0.5308,274086.96,2024-12-02T07:00:00Z
2023-07-31,P00175,0.06403,2,0.97,117315.7,2023-08-02T07:00:00Z
2023-08-31,P00175,0.06403,3,0.9636,116905.1,2023-09-02T07:00:00Z
2023-09-30,P00175,0.06403,4,0.9572,116495.93,2023-10-02T07:00:00Z
2023-10-31,P00175,0.06403,5,0.9509,116088.19,2023-11-02T07:00:00Z
2023-11-30,P00175,0.06403,6,0.9445,115681.88,2023-12-02T07:00:00Z
2023-12-31,P00175,0.06403,7,0.9381,115277.0,2024-01-02T07:00:00Z
2024-01-31,P00175,0.06403,8,0.9317,114873.53,2024-02-02T07:00:00Z
2024-02-29,P00175,0.06403,9,0.9253,114471.47,2024-03-02T07:00:00Z
2024-03-31,P00175,0.06403,10,0.919,114070.82,2024-04-02T07:00:00Z
2024-04-30,P00175,0.06403,11,0.9126,113671.57,2024-05-02T07:00:00Z
2024-05-31,P00175,0.06403,12,0.9062,113273.72,2024-06-02T07:00:00Z
2024-06-30,P00175,0.06403,13,0.8998,112877.26,2024-07-02T07:00:00Z
2024-07-31,P00175,0.06403,14,0.8934,112482.19,2024-08-02T07:00:00Z
2024-08-31,P00175,0.06403,15,0.8871,112088.5,2024-09-02T07:00:00Z
2024-09-30,P00175,0.06403,16,0.8807,111696.19,2024-10-02T07:00:00Z
2024-10-31,P00175,0.06403,17,0.8743,111305.26,2024-11-02T07:00:00Z
2024-11-30,P00175,0.06403,18,0.8679,110915.69,2024-12-02T07:00:00Z
2024-12-31,P00175,0.06403,19,0.8615,110527.48,2025-01-02T07:00:00Z
2025-01-31,P00175,0.06403,20,0.8552,110140.64,2025-02-02T07:00:00Z
2025-02-28,P00175,0.06403,21,0.8488,109755.15,2025-03-02T07:00:00Z
2025-03-31,P00175,0.06403,22,0.8424,109371.0,2025-04-02T07:00:00Z
2025-04-30,P00175,0.06403,23,0.836,108988.21,2025-05-02T07:00:00Z
2025-05-31,P00175,0.06403,24,0.8296,108606.75,2025-06-02T07:00:00Z
2025-06-30,P00175,0.06403,25,0.8233,108226.62,2025-07-02T07:00:00Z
2025-07-31,P00175,0.06403,26,0.8169,107847.83,2025-08-02T07:00:00Z
2025-08-31,P00175,0.06403,27,0.8105,107470.36,2025-09-02T07:00:00Z
2025-09-30,P00175,0.06403,28,0.8041,107094.22,2025-10-02T07:00:00Z
2025-10-31,P00175,0.06403,29,0.7977,106719.39,2025-11-02T07:00:00Z
2025-11-30,P00175,0.06403,30,0.7914,106345.87,2025-12-02T07:00:00Z
2025-12-31,P00175,0.06403,31,0.785,105973.66,2026-01-02T07:00:00Z
2023-07-31,P00176,0.04734,121,0.678,406100.61,2023-08-02T07:00:00Z
2023-08-31,P00176,0.04734,122,0.6728,404679.26,2023-09-02T07:00:00Z
2023-09-30,P00176,0.04734,123,0.6676,403262.88,2023-10-02T07:00:00Z
2023-10-31,P00176,0.04734,124,0.6624,401851.46,2023-11-02T07:00:00Z
2023-11-30,P00176,0.04734,125,0.6572,400444.98,2023-12-02T07:00:00Z
2023-12-31,P00176,0.04734,126,0.6519,399043.42,2024-01-02T07:00:00Z
2024-01-31,P00176,0.04734,127,0.6467,397646.77,2024-02-02T07:00:00Z
2024-02-29,P00176,0.04734,128,0.6415,396255.01,2024-03-02T07:00:00Z
2024-03-31,P00176,0.04734,129,0.6363,394868.11,2024-04-02T07:00:00Z
2024-04-30,P00176,0.04734,130,0.6311,393486.08,2024-05-02T07:00:00Z
2024-05-31,P00176,0.04734,131,0.6259,392108.87,2024-06-02T07:00:00Z
2024-06-30,P00176,0.04734,132,0.6207,390736.49,2024-07-02T07:00:00Z
2024-07-31,P00176,0.04734,133,0.6155,389368.92,2024-08-02T07:00:00Z
2024-08-31,P00176,0.04734,134,0.6102,388006.12,2024-09-02T07:00:00Z
2024-09-30,P00176,0.04734,135,0.605,386648.1,2024-10-02T07:00:00Z
2024-10-31,P00176,0.04734,136,0.5998,385294.84,2024-11-02T07:00:00Z
2024-11-30,P00176,0.04734,137,0.5946,383946.3,2024-12-02T07:00:00Z
2024-12-31,P00176,0.04734,138,0.5894,382602.49,2025-01-02T07:00:00Z
2025-01-31,P00176,0.04734,139,0.5842,381263.38,2025-02-02T07:00:00Z
2025-02-28,P00176,0.04734,140,0.579,379928.96,2025-03-02T07:00:00Z
2025-03-31,P00176,0.04734,141,0.5738,378599.21,2025-04-02T07:00:00Z
2025-04-30,P00176,0.04734,142,0.5686,377274.11,2025-05-02T07:00:00Z
2025-05-31,P00176,0.04734,143,0.5633,375953.65,2025-06-02T07:00:00Z
2025-06-30,P00176,0.04734,144,0.5581,374637.81,2025-07-02T07:00:00Z
2025-07-31,P00176,0.04734,145,0.5529,373326.58,2025-08-02T07:00:00Z
2025-08-31,P00176,0.04734,146,0.5477,372019.94,2025-09-02T07:00:00Z
2025-09-30,P00176,0.04734,147,0.5425,370717.87,2025-10-02T07:00:00Z
2025-10-31,P00176,0.04734,148,0.5373,369420.36,2025-11-02T07:00:00Z
2025-11-30,P00176,0.04734,149,0.5321,368127.39,2025-12-02T07:00:00Z
2025-12-31,P00176,0.04734,150,0.5269,366838.94,2026-01-02T07:00:00Z
2023-07-31,P00177,0.06824,95,0.5358,241373.24,2023-08-02T07:00:00Z
2023-08-31,P00177,0.06824,96,0.5312,240528.43,2023-09-02T07:00:00Z
2023-09-30,P00177,0.06824,97,0.5265,239686.58,2023-10-02T07:00:00Z
2023-10-31,P00177,0.06824,98,0.5219,238847.68,2023-11-02T07:00:00Z
2023-11-30,P00177,0.06824,99,0.5172,238011.71,2023-12-02T07:00:00Z
2023-12-31,P00177,0.06824,100,0.5126,237178.67,2024-01-02T07:00:00Z
2024-01-31,P00177,0.06824,101,0.5079,236348.55,2024-02-02T07:00:00Z
2024-02-29,P00177,0.06824,102,0.5033,235521.33,2024-03-02T07:00:00Z
2024-03-31,P00177,0.06824,103,0.4986,234697.0,2024-04-02T07:00:00Z
2024-04-30,P00177,0.06824,104,0.494,233875.56,2024-05-02T07:00:00Z
2024-05-31,P00177,0.06824,105,0.4894,233057.0,2024-06-02T07:00:00Z
2024-06-30,P00177,0.06824,106,0.4847,232241.3,2024-07-02T07:00:00Z
2024-07-31,P00177,0.06824,107,0.4801,231428.46,2024-08-02T07:00:00Z
2024-08-31,P00177,0.06824,108,0.4754,230618.46,2024-09-02T07:00:00Z
2024-09-30,P00177,0.06824,109,0.4708,229811.29,2024-10-02T07:00:00Z
2024-10-31,P00177,0.06824,110,0.4661,229006.95,2024-11-02T07:00:00Z
2023-07-31,P00178,0.0644,8,0.7558,596959.28,2023-08-02T07:00:00Z
2023-08-31,P00178,0.0644,9,0.7503,594869.92,2023-09-02T07:00:00Z
2023-09-30,P00178,0.0644,10,0.7447,592787.88,2023-10-02T07:00:00Z
2023-10-31,P00178,0.0644,11,0.7392,590713.12,2023-11-02T07:00:00Z
2023-11-30,P00178,0.0644,12,0.7337,588645.62,2023-12-02T07:00:00Z
2023-12-31,P00178,0.0644,13,0.7282,586585.36,2024-01-02T07:00:00Z
2024-01-31,P00178,0.0644,14,0.7226,584532.32,2024-02-02T07:00:00Z
2024-02-29,P00178,0.0644,15,0.7171,582486.45,2024-03-02T07:00:00Z
2024-03-31,P00178,0.0644,16,0.7116,580447.75,2024-04-02T07:00:00Z
2024-04-30,P00178,0.0644,17,0.7061,578416.18,2024-05-02T07:00:00Z
2024-05-31,P00178,0.0644,18,0.7005,576391.73,2024-06-02T07:00:00Z
2024-06-30,P00178,0.0644,19,0.695,574374.36,2024-07-02T07:00:00Z
2024-07-31,P00178,0.0644,20,0.6895,572364.05,2024-08-02T07:00:00Z
2024-08-31,P00178,0.0644,21,0.684,570360.77,2024-09-02T07:00:00Z
2024-09-30,P00178,0.0644,22,0.6785,568364.51,2024-10-02T07:00:00Z
2024-10-31,P00178,0.0644,23,0.6729,566375.23,2024-11-02T07:00:00Z
2024-11-30,P00178,0.0644,24,0.6674,564392.92,2024-12-02T07:00:00Z
2024-12-31,P00178,0.0644,25,0.6619,562417.54,2025-01-02T07:00:00Z
2025-01-31,P00178,0.0644,26,0.6564,560449.08,2025-02-02T07:00:00Z
2025-02-28,P00178,0.0644,27,0.6508,558487.51,2025-03-02T07:00:00Z
2025-03-31,P00178,0.0644,28,0.6453,556532.8,2025-04-02T07:00:00Z
2025-04-30,P00178,0.0644,29,0.6398,554584.94,2025-05-02T07:00:00Z
2025-05-31,P00178,0.0644,30,0.6343,552643.89,2025-06-02T07:00:00Z
2025-06-30,P00178,0.0644,31,0.6287,550709.64,2025-07-02T07:00:00Z
2025-07-31,P00178,0.0644,32,0.6232,548782.15,2025-08-02T07:00:00Z
2025-08-31,P00178,0.0644,33,0.6177,546861.42,2025-09-02T07:00:00Z
2025-09-30,P00178,0.0644,34,0.6122,544947.4,2025-10-02T07:00:00Z
2025-10-31,P00178,0.0644,35,0.6067,543040.09,2025-11-02T07:00:00Z
2025-11-30,P00178,0.0644,36,0.6011,541139.45,2025-12-02T07:00:00Z
2025-12-31,P00178,0.0644,37,0.5956,539245.46,2026-01-02T07:00:00Z
2023-07-31,P00179,0.05989,62,0.7738,397940.57,2023-08-02T07:00:00Z
2023-08-31,P00179,0.05989,63,0.7682,396547.78,2023-09-02T07:00:00Z
2023-09-30,P00179,0.05989,64,0.7626,395159.86,2023-10-02T07:00:00Z
2023-10-31,P00179,0.05989,65,0.757,393776.8,2023-11-02T07:00:00Z
2023-11-30,P00179,0.05989,66,0.7514,392398.58,2023-12-02T07:00:00Z
2023-12-31,P00179,0.05989,67,0.7459,391025.19,2024-01-02T07:00:00Z
2024-01-31,P00179,0.05989,68,0.7403,389656.6,2024-02-02T07:00:00Z
2024-02-29,P00179,0.05989,69,0.7347,388292.8,2024-03-02T07:00:00Z
2024-03-31,P00179,0.05989,70,0.7291,386933.78,2024-04-02T07:00:00Z
2024-04-30,P00179,0.05989,71,0.7235,385579.51,2024-05-02T07:00:00Z
2024-05-31,P00179,0.05989,72,0.7179,384229.98,2024-06-02T07:00:00Z
2024-06-30,P00179,0.05989,73,0.7123,382885.17,2024-07-02T07:00:00Z
2024-07-31,P00179,0.05989,74,0.7067,381545.08,2024-08-02T07:00:00Z
2024-08-31,P00179,0.05989,75,0.7011,380209.67,2024-09-02T07:00:00Z
2024-09-30,P00179,0.05989,76,0.6955,378878.94,2024-10-02T07:00:00Z
2024-10-31,P00179,0.05989,77,0.6899,377552.86,2024-11-02T07:00:00Z
2024-11-30,P00179,0.05989,78,0.6843,376231.42,2024-12-02T07:00:00Z
2024-12-31,P00179,0.05989,79,0.6787,374914.61,2025-01-02T07:00:00Z
2025-01-31,P00179,0.05989,80,0.6731,373602.41,2025-02-02T07:00:00Z
2025-02-28,P00179,0.05989,81,0.6675,372294.8,2025-03-02T07:00:00Z
2025-03-31,P00179,0.05989,82,0.6619,370991.77,2025-04-02T07:00:00Z
2025-04-30,P00179,0.05989,83,0.6563,369693.3,2025-05-02T07:00:00Z
2025-05-31,P00179,0.05989,84,0.6507,368399.37,2025-06-02T07:00:00Z
2025-06-30,P00179,0.05989,85,0.6451,367109.98,2025-07-02T07:00:00Z
2025-07-31,P00179,0.05989,86,0.6395,365825.09,2025-08-02T07:00:00Z
2025-08-31,P00179,0.05989,87,0.6339,364544.7,2025-09-02T07:00:00Z
2025-09-30,P00179,0.05989,88,0.6284,363268.8,2025-10-02T07:00:00Z
2025-10-31,P00179,0.05989,89,0.6228,361997.36,2025-11-02T07:00:00Z
2025-11-30,P00179,0.05989,90,0.6172,360730.37,2025-12-02T07:00:00Z
2025-12-31,P00179,0.05989,91,0.6116,359467.81,2026-01-02T07:00:00Z
2023-07-31,P00180,0.06686,135,0.708,488014.96,2023-08-02T07:00:00Z
2023-08-31,P00180,0.06686,136,0.7026,486306.91,2023-09-02T07:00:00Z
2023-09-30,P00180,0.06686,137,0.6973,484604.83,2023-10-02T07:00:00Z
2023-10-31,P00180,0.06686,138,0.692,482908.72,2023-11-02T07:00:00Z
2023-11-30,P00180,0.06686,139,0.6866,481218.54,2023-12-02T07:00:00Z
2023-12-31,P00180,0.06686,140,0.6813,479534.27,2024-01-02T07:00:00Z
2024-01-31,P00180,0.06686,141,0.676,477855.9,2024-02-02T07:00:00Z
2024-02-29,P00180,0.06686,142,0.6706,476183.41,2024-03-02T07:00:00Z
2024-03-31,P00180,0.06686,143,0.6653,474516.76,2024-04-02T07:00:00Z
2024-04-30,P00180,0.06686,144,0.66,472855.95,2024-05-02T07:00:00Z
2024-05-31,P00180,0.06686,145,0.6546,471200.96,2024-06-02T07:00:00Z
2024-06-30,P00180,0.06686,146,0.6493,469551.76,2024-07-02T07:00:00Z
2024-07-31,P00180,0.06686,147,0.644,467908.32,2024-08-02T07:00:00Z
2024-08-31,P00180,0.06686,148,0.6387,466270.65,2024-09-02T07:00:00Z
2024-09-30,P00180,0.06686,149,0.6333,464638.7,2024-10-02T07:00:00Z
2024-10-31,P00180,0.06686,150,0.628,463012.46,2024-11-02T07:00:00Z
2024-11-30,P00180,0.06686,151,0.6227,461391.92,2024-12-02T07:00:00Z
2024-12-31,P00180,0.06686,152,0.6173,459777.05,2025-01-02T07:00:00Z
2025-01-31,P00180,0.06686,153,0.612,458167.83,2025-02-02T07:00:00Z
2025-02-28,P00180,0.06686,154,0.6067,456564.24,2025-03-02T07:00:00Z
2025-03-31,P00180,0.06686,155,0.6013,454966.27,2025-04-02T07:00:00Z
2025-04-30,P00180,0.06686,156,0.596,453373.88,2025-05-02T07:00:00Z
2025-05-31,P00180,0.06686,157,0.5907,451787.08,2025-06-02T07:00:00Z
2025-06-30,P00180,0.06686,158,0.5853,450205.82,2025-07-02T07:00:00Z
2025-07-31,P00180,0.06686,159,0.58,448630.1,2025-08-02T07:00:00Z
2025-08-31,P00180,0.06686,160,0.5747,447059.89,2025-09-02T07:00:00Z
2025-09-30,P00180,0.06686,161,0.5693,445495.18,2025-10-02T07:00:00Z
2025-10-31,P00180,0.06686,162,0.564,443935.95,2025-11-02T07:00:00Z
2025-11-30,P00180,0.06686,163,0.5587,442382.18,2025-12-02T07:00:00Z
2025-12-31,P00180,0.06686,164,0.5533,440833.84,2026-01-02T07:00:00Z
2023-07-31,P00181,0.05404,121,0.5558,310029.09,2023-08-02T07:00:00Z
2023-08-31,P00181,0.05404,122,0.5511,308943.99,2023-09-02T07:00:00Z
2023-09-30,P00181,0.05404,123,0.5464,307862.68,2023-10-02T07:00:00Z
2023-10-31,P00181,0.05404,124,0.5416,306785.16,2023-11-02T07:00:00Z
2023-11-30,P00181,0.05404,125,0.5369,305711.42,2023-12-02T07:00:00Z
2023-12-31,P00181,0.05404,126,0.5322,304641.43,2024-01-02T07:00:00Z
2024-01-31,P00181,0.05404,127,0.5275,303575.18,2024-02-02T07:00:00Z
2024-02-29,P00181,0.05404,128,0.5227,302512.67,2024-03-02T07:00:00Z
2024-03-31,P00181,0.05404,129,0.518,301453.87,2024-04-02T07:00:00Z
2024-04-30,P00181,0.05404,130,0.5133,300398.79,2024-05-02T07:00:00Z
2024-05-31,P00181,0.05404,131,0.5086,299347.39,2024-06-02T07:00:00Z
2024-06-30,P00181,0.05404,132,0.5038,298299.67,2024-07-02T07:00:00Z
2024-07-31,P00181,0.05404,133,0.4991,297255.63,2024-08-02T07:00:00Z
2024-08-31,P00181,0.05404,134,0.4944,296215.23,2024-09-02T07:00:00Z
2024-09-30,P00181,0.05404,135,0.4897,295178.48,2024-10-02T07:00:00Z
2024-10-31,P00181,0.05404,136,0.485,294145.35,2024-11-02T07:00:00Z
2024-11-30,P00181,0.05404,137,0.4802,293115.84,2024-12-02T07:00:00Z
2024-12-31,P00181,0.05404,138,0.4755,292089.94,2025-01-02T07:00:00Z
2025-01-31,P00181,0.05404,139,0.4708,291067.62,2025-02-02T07:00:00Z
2025-02-28,P00181,0.05404,140,0.4661,290048.89,2025-03-02T07:00:00Z
2025-03-31,P00181,0.05404,141,0.4613,289033.72,2025-04-02T07:00:00Z
2025-04-30,P00181,0.05404,142,0.4566,288022.1,2025-05-02T07:00:00Z
2025-05-31,P00181,0.05404,143,0.4519,287014.02,2025-06-02T07:00:00Z
2025-06-30,P00181,0.05404,144,0.4472,286009.47,2025-07-02T07:00:00Z
2025-07-31,P00181,0.05404,145,0.4424,285008.44,2025-08-02T07:00:00Z
2025-08-31,P00181,0.05404,146,0.4377,284010.91,2025-09-02T07:00:00Z
2025-09-30,P00181,0.05404,147,0.433,283016.87,2025-10-02T07:00:00Z
2025-10-31,P00181,0.05404,148,0.4283,282026.31,2025-11-02T07:00:00Z
2025-11-30,P00181,0.05404,149,0.4236,281039.22,2025-12-02T07:00:00Z
2025-12-31,P00181,0.05404,150,0.4188,280055.58,2026-01-02T07:00:00Z
2023-07-31,P00182,0.0467,102,0.9047,188249.59,2023-08-02T07:00:00Z
2023-08-31,P00182,0.0467,103,0.8986,187590.72,2023-09-02T07:00:00Z
2023-09-30,P00182,0.0467,104,0.8925,186934.15,2023-10-02T07:00:00Z
2023-10-31,P00182,0.0467,105,0.8864,186279.88,2023-11-02T07:00:00Z
2023-11-30,P00182,0.0467,106,0.8803,185627.9,2023-12-02T07:00:00Z
2023-12-31,P00182,0.0467,107,0.8742,184978.2,2024-01-02T07:00:00Z
2024-01-31,P00182,0.0467,108,0.868,184330.78,2024-02-02T07:00:00Z
2024-02-29,P00182,0.0467,109,0.8619,183685.62,2024-03-02T07:00:00Z
2024-03-31,P00182,0.0467,110,0.8558,183042.72,2024-04-02T07:00:00Z
2024-04-30,P00182,0.0467,111,0.8497,182402.07,2024-05-02T07:00:00Z
2024-05-31,P00182,0.0467,112,0.8436,181763.66,2024-06-02T07:00:00Z
2024-06-30,P00182,0.0467,113,0.8374,181127.49,2024-07-02T07:00:00Z
2024-07-31,P00182,0.0467,114,0.8313,180493.55,2024-08-02T07:00:00Z
2024-08-31,P00182,0.0467,115,0.8252,179861.82,2024-09-02T07:00:00Z
2024-09-30,P00182,0.0467,116,0.8191,179232.3,2024-10-02T07:00:00Z
2024-10-31,P00182,0.0467,117,0.813,178604.99,2024-11-02T07:00:00Z
2024-11-30,P00182,0.0467,118,0.8068,177979.87,2024-12-02T07:00:00Z
2024-12-31,P00182,0.0467,119,0.8007,177356.94,2025-01-02T07:00:00Z
2025-01-31,P00182,0.0467,120,0.7946,176736.19,2025-02-02T07:00:00Z
2025-02-28,P00182,0.0467,121,0.7885,176117.62,2025-03-02T07:00:00Z
2025-03-31,P00182,0.0467,122,0.7824,175501.2,2025-04-02T07:00:00Z
2025-04-30,P00182,0.0467,123,0.7763,174886.95,2025-05-02T07:00:00Z
2025-05-31,P00182,0.0467,124,0.7701,174274.85,2025-06-02T07:00:00Z
2025-06-30,P00182,0.0467,125,0.764,173664.88,2025-07-02T07:00:00Z
2025-07-31,P00182,0.0467,126,0.7579,173057.06,2025-08-02T07:00:00Z
2025-08-31,P00182,0.0467,127,0.7518,172451.36,2025-09-02T07:00:00Z
2025-09-30,P00182,0.0467,128,0.7457,171847.78,2025-10-02T07:00:00Z
2025-10-31,P00182,0.0467,129,0.7395,171246.31,2025-11-02T07:00:00Z
2025-11-30,P00182,0.0467,130,0.7334,170646.95,2025-12-02T07:00:00Z
2025-12-31,P00182,0.0467,131,0.7273,170049.68,2026-01-02T07:00:00Z
2023-07-31,P00183,0.05823,92,0.419,165044.08,2023-08-02T07:00:00Z
2023-08-31,P00183,0.05823,93,0.4148,164466.43,2023-09-02T07:00:00Z
2023-09-30,P00183,0.05823,94,0.4107,163890.79,2023-10-02T07:00:00Z
2023-10-31,P00183,0.05823,95,0.4065,163317.18,2023-11-02T07:00:00Z
2023-11-30,P00183,0.05823,96,0.4023,162745.57,2023-12-02T07:00:00Z
2023-12-31,P00183,0.05823,97,0.3981,162175.96,2024-01-02T07:00:00Z
2024-01-31,P00183,0.05823,98,0.394,161608.34,2024-02-02T07:00:00Z
2023-07-31,P00184,0.05163,24,0.66,355987.59,2023-08-02T07:00:00Z
2023-08-31,P00184,0.05163,25,0.6549,354741.63,2023-09-02T07:00:00Z
2023-09-30,P00184,0.05163,26,0.6498,353500.04,2023-10-02T07:00:00Z
2023-10-31,P00184,0.05163,27,0.6446,352262.79,2023-11-02T07:00:00Z
2023-11-30,P00184,0.05163,28,0.6395,351029.87,2023-12-02T07:00:00Z
2023-12-31,P00184,0.05163,29,0.6343,349801.26,2024-01-02T07:00:00Z
2024-01-31,P00184,0.05163,30,0.6292,348576.96,2024-02-02T07:00:00Z
2024-02-29,P00184,0.05163,31,0.6241,347356.94,2024-03-02T07:00:00Z
2024-03-31,P00184,0.05163,32,0.6189,346141.19,2024-04-02T07:00:00Z
2024-04-30,P00184,0.05163,33,0.6138,344929.7,2024-05-02T07:00:00Z
2024-05-31,P00184,0.05163,34,0.6086,343722.44,2024-06-02T07:00:00Z
2024-06-30,P00184,0.05163,35,0.6035,342519.41,2024-07-02T07:00:00Z
2024-07-31,P00184,0.05163,36,0.5984,341320.6,2024-08-02T07:00:00Z
2024-08-31,P00184,0.05163,37,0.5932,340125.97,2024-09-02T07:00:00Z
2024-09-30,P00184,0.05163,38,0.5881,338935.53,2024-10-02T07:00:00Z
2024-10-31,P00184,0.05163,39,0.5829,337749.26,2024-11-02T07:00:00Z
2024-11-30,P00184,0.05163,40,0.5778,336567.14,2024-12-02T07:00:00Z
2024-12-31,P00184,0.05163,41,0.5727,335389.15,2025-01-02T07:00:00Z
2025-01-31,P00184,0.05163,42,0.5675,334215.29,2025-02-02T07:00:00Z
2025-02-28,P00184,0.05163,43,0.5624,333045.54,2025-03-02T07:00:00Z
2025-03-31,P00184,0.05163,44,0.5572,331879.88,2025-04-02T07:00:00Z
2025-04-30,P00184,0.05163,45,0.5521,330718.3,2025-05-02T07:00:00Z
2025-05-31,P00184,0.05163,46,0.547,329560.78,2025-06-02T07:00:00Z
2025-06-30,P00184,0.05163,47,0.5418,328407.32,2025-07-02T07:00:00Z
2025-07-31,P00184,0.05163,48,0.5367,327257.89,2025-08-02T07:00:00Z
2023-07-31,P00185,0.05774,24,0.9277,677223.07,2023-08-02T07:00:00Z
2023-08-31,P00185,0.05774,25,0.9215,674852.79,2023-09-02T07:00:00Z
2023-09-30,P00185,0.05774,26,0.9153,672490.8,2023-10-02T07:00:00Z
2023-10-31,P00185,0.05774,27,0.9091,670137.09,2023-11-02T07:00:00Z
2023-11-30,P00185,0.05774,28,0.9029,667791.61,2023-12-02T07:00:00Z
2023-12-31,P00185,0.05774,29,0.8967,665454.34,2024-01-02T07:00:00Z
2024-01-31,P00185,0.05774,30,0.8905,663125.25,2024-02-02T07:00:00Z
2024-02-29,P00185,0.05774,31,0.8842,660804.31,2024-03-02T07:00:00Z
2024-03-31,P00185,0.05774,32,0.878,658491.49,2024-04-02T07:00:00Z
2024-04-30,P00185,0.05774,33,0.8718,656186.77,2024-05-02T07:00:00Z
2024-05-31,P00185,0.05774,34,0.8656,653890.12,2024-06-02T07:00:00Z
2024-06-30,P00185,0.05774,35,0.8594,651601.5,2024-07-02T07:00:00Z
2024-07-31,P00185,0.05774,36,0.8532,649320.9,2024-08-02T07:00:00Z
2024-08-31,P00185,0.05774,37,0.847,647048.27,2024-09-02T07:00:00Z
2024-09-30,P00185,0.05774,38,0.8408,644783.61,2024-10-02T07:00:00Z
2024-10-31,P00185,0.05774,39,0.8346,642526.86,2024-11-02T07:00:00Z
2024-11-30,P00185,0.05774,40,0.8283,640278.02,2024-12-02T07:00:00Z
2024-12-31,P00185,0.05774,41,0.8221,638037.05,2025-01-02T07:00:00Z
2025-01-31,P00185,0.05774,42,0.8159,635803.92,2025-02-02T07:00:00Z
2025-02-28,P00185,0.05774,43,0.8097,633578.6,2025-03-02T07:00:00Z
2025-03-31,P00185,0.05774,44,0.8035,631361.08,2025-04-02T07:00:00Z
2025-04-30,P00185,0.05774,45,0.7973,629151.31,2025-05-02T07:00:00Z
2025-05-31,P00185,0.05774,46,0.7911,626949.28,2025-06-02T07:00:00Z
2025-06-30,P00185,0.05774,47,0.7849,624754.96,2025-07-02T07:00:00Z
2025-07-31,P00185,0.05774,48,0.7787,622568.32,2025-08-02T07:00:00Z
2025-08-31,P00185,0.05774,49,0.7724,620389.33,2025-09-02T07:00:00Z
2025-09-30,P00185,0.05774,50,0.7662,618217.97,2025-10-02T07:00:00Z
2025-10-31,P00185,0.05774,51,0.76,616054.2,2025-11-02T07:00:00Z
2025-11-30,P00185,0.05774,52,0.7538,613898.02,2025-12-02T07:00:00Z
2025-12-31,P00185,0.05774,53,0.7476,611749.37,2026-01-02T07:00:00Z
2023-07-31,P00186,0.06058,55,0.97,671181.6,2023-08-02T07:00:00Z
2023-08-31,P00186,0.06058,56,0.9636,668832.46,2023-09-02T07:00:00Z
2023-09-30,P00186,0.06058,57,0.9572,666491.55,2023-10-02T07:00:00Z
2023-10-31,P00186,0.06058,58,0.9509,664158.83,2023-11-02T07:00:00Z
2023-11-30,P00186,0.06058,59,0.9445,661834.27,2023-12-02T07:00:00Z
2023-12-31,P00186,0.06058,60,0.9381,659517.85,2024-01-02T07:00:00Z
2024-01-31,P00186,0.06058,61,0.9317,657209.54,2024-02-02T07:00:00Z
2024-02-29,P00186,0.06058,62,0.9253,654909.31,2024-03-02T07:00:00Z
2024-03-31,P00186,0.06058,63,0.919,652617.13,2024-04-02T07:00:00Z
2024-04-30,P00186,0.06058,64,0.9126,650332.97,2024-05-02T07:00:00Z
2024-05-31,P00186,0.06058,65,0.9062,648056.8,2024-06-02T07:00:00Z
2024-06-30,P00186,0.06058,66,0.8998,645788.6,2024-07-02T07:00:00Z
2024-07-31,P00186,0.06058,67,0.8934,643528.34,2024-08-02T07:00:00Z
2024-08-31,P00186,0.06058,68,0.8871,641275.99,2024-09-02T07:00:00Z
2024-09-30,P00186,0.06058,69,0.8807,639031.53,2024-10-02T07:00:00Z
2024-10-31,P00186,0.06058,70,0.8743,636794.92,2024-11-02T07:00:00Z
2024-11-30,P00186,0.06058,71,0.8679,634566.13,2024-12-02T07:00:00Z
2024-12-31,P00186,0.06058,72,0.8615,632345.15,2025-01-02T07:00:00Z
2025-01-31,P00186,0.06058,73,0.8552,630131.94,2025-02-02T07:00:00Z
2025-02-28,P00186,0.06058,74,0.8488,627926.48,2025-03-02T07:00:00Z
2025-03-31,P00186,0.06058,75,0.8424,625728.74,2025-04-02T07:00:00Z
2025-04-30,P00186,0.06058,76,0.836,623538.69,2025-05-02T07:00:00Z
2025-05-31,P00186,0.06058,77,0.8296,621356.3,2025-06-02T07:00:00Z
2025-06-30,P00186,0.06058,78,0.8233,619181.56,2025-07-02T07:00:00Z
2025-07-31,P00186,0.06058,79,0.8169,617014.42,2025-08-02T07:00:00Z
2025-08-31,P00186,0.06058,80,0.8105,614854.87,2025-09-02T07:00:00Z
2025-09-30,P00186,0.06058,81,0.8041,612702.88,2025-10-02T07:00:00Z
2025-10-31,P00186,0.06058,82,0.7977,610558.42,2025-11-02T07:00:00Z
2025-11-30,P00186,0.06058,83,0.7914,608421.46,2025-12-02T07:00:00Z
2025-12-31,P00186,0.06058,84,0.785,606291.99,2026-01-02T07:00:00Z
2023-07-31,P00187,0.0615,22,0.6445,300499.03,2023-08-02T07:00:00Z
2023-08-31,P00187,0.0615,23,0.6395,299447.28,2023-09-02T07:00:00Z
2023-09-30,P00187,0.0615,24,0.6344,298399.22,2023-10-02T07:00:00Z
2023-10-31,P00187,0.0615,25,0.6293,297354.82,2023-11-02T07:00:00Z
2023-11-30,P00187,0.0615,26,0.6242,296314.08,2023-12-02T07:00:00Z
2023-12-31,P00187,0.0615,27,0.6191,295276.98,2024-01-02T07:00:00Z
2024-01-31,P00187,0.0615,28,0.6141,294243.51,2024-02-02T07:00:00Z
2024-02-29,P00187,0.0615,29,0.609,293213.66,2024-03-02T07:00:00Z
2024-03-31,P00187,0.0615,30,0.6039,292187.41,2024-04-02T07:00:00Z
2024-04-30,P00187,0.0615,31,0.5988,291164.75,2024-05-02T07:00:00Z
2024-05-31,P00187,0.0615,32,0.5938,290145.68,2024-06-02T07:00:00Z
2024-06-30,P00187,0.0615,33,0.5887,289130.17,2024-07-02T07:00:00Z
2024-07-31,P00187,0.0615,34,0.5836,288118.21,2024-08-02T07:00:00Z
2024-08-31,P00187,0.0615,35,0.5785,287109.8,2024-09-02T07:00:00Z
2024-09-30,P00187,0.0615,36,0.5734,286104.91,2024-10-02T07:00:00Z
2024-10-31,P00187,0.0615,37,0.5684,285103.55,2024-11-02T07:00:00Z
2024-11-30,P00187,0.0615,38,0.5633,284105.68,2024-12-02T07:00:00Z
2024-12-31,P00187,0.0615,39,0.5582,283111.31,2025-01-02T07:00:00Z
2025-01-31,P00187,0.0615,40,0.5531,282120.42,2025-02-02T07:00:00Z
2025-02-28,P00187,0.0615,41,0.548,281133.0,2025-03-02T07:00:00Z
2025-03-31,P00187,0.0615,42,0.543,280149.04,2025-04-02T07:00:00Z
2025-04-30,P00187,0.0615,43,0.5379,279168.52,2025-05-02T07:00:00Z
2025-05-31,P00187,0.0615,44,0.5328,278191.43,2025-06-02T07:00:00Z
2025-06-30,P00187,0.0615,45,0.5277,277217.76,2025-07-02T07:00:00Z
2025-07-31,P00187,0.0615,46,0.5227,276247.49,2025-08-02T07:00:00Z
2025-08-31,P00187,0.0615,47,0.5176,275280.63,2025-09-02T07:00:00Z
2025-09-30,P00187,0.0615,48,0.5125,274317.15,2025-10-02T07:00:00Z
2025-10-31,P00187,0.0615,49,0.5074,273357.04,2025-11-02T07:00:00Z
2025-11-30,P00187,0.0615,50,0.5023,272400.29,2025-12-02T07:00:00Z
2025-12-31,P00187,0.0615,51,0.4973,271446.89,2026-01-02T07:00:00Z
2023-07-31,P00188,0.07363,102,0.5939,278916.24,2023-08-02T07:00:00Z
2023-08-31,P00188,0.07363,103,0.589,277940.03,2023-09-02T07:00:00Z
2023-09-30,P00188,0.07363,104,0.5842,276967.24,2023-10-02T07:00:00Z
2023-10-31,P00188,0.07363,105,0.5793,275997.86,2023-11-02T07:00:00Z
2023-11-30,P00188,0.07363,106,0.5744,275031.87,2023-12-02T07:00:00Z
2023-12-31,P00188,0.07363,107,0.5695,274069.25,2024-01-02T07:00:00Z
2024-01-31,P00188,0.07363,108,0.5647,273110.01,2024-02-02T07:00:00Z
2024-02-29,P00188,0.07363,109,0.5598,272154.13,2024-03-02T07:00:00Z
2024-03-31,P00188,0.07363,110,0.5549,271201.59,2024-04-02T07:00:00Z
2024-04-30,P00188,0.07363,111,0.55,270252.38,2024-05-02T07:00:00Z
2024-05-31,P00188,0.07363,112,0.5451,269306.5,2024-06-02T07:00:00Z
2024-06-30,P00188,0.07363,113,0.5403,268363.93,2024-07-02T07:00:00Z
2024-07-31,P00188,0.07363,114,0.5354,267424.65,2024-08-02T07:00:00Z
2024-08-31,P00188,0.07363,115,0.5305,266488.67,2024-09-02T07:00:00Z
2023-07-31,P00189,0.06015,20,0.8618,186934.84,2023-08-02T07:00:00Z
2023-08-31,P00189,0.06015,21,0.8559,186280.57,2023-09-02T07:00:00Z
2023-09-30,P00189,0.06015,22,0.8499,185628.59,2023-10-02T07:00:00Z
2023-10-31,P00189,0.06015,23,0.844,184978.89,2023-11-02T07:00:00Z
2023-11-30,P00189,0.06015,24,0.838,184331.46,2023-12-02T07:00:00Z
2023-12-31,P00189,0.06015,25,0.8321,183686.3,2024-01-02T07:00:00Z
2024-01-31,P00189,0.06015,26,0.8261,183043.4,2024-02-02T07:00:00Z
2024-02-29,P00189,0.06015,27,0.8202,182402.75,2024-03-02T07:00:00Z
2024-03-31,P00189,0.06015,28,0.8142,181764.34,2024-04-02T07:00:00Z
2024-04-30,P00189,0.06015,29,0.8083,181128.16,2024-05-02T07:00:00Z
2024-05-31,P00189,0.06015,30,0.8023,180494.21,2024-06-02T07:00:00Z
2024-06-30,P00189,0.06015,31,0.7964,179862.48,2024-07-02T07:00:00Z
2024-07-31,P00189,0.06015,32,0.7904,179232.96,2024-08-02T07:00:00Z
2024-08-31,P00189,0.06015,33,0.7845,178605.65,2024-09-02T07:00:00Z
2024-09-30,P00189,0.06015,34,0.7785,177980.53,2024-10-02T07:00:00Z
2024-10-31,P00189,0.06015,35,0.7726,177357.6,2024-11-02T07:00:00Z
2024-11-30,P00189,0.06015,36,0.7666,176736.85,2024-12-02T07:00:00Z
2024-12-31,P00189,0.06015,37,0.7607,176118.27,2025-01-02T07:00:00Z
2025-01-31,P00189,0.06015,38,0.7548,175501.85,2025-02-02T07:00:00Z
2025-02-28,P00189,0.06015,39,0.7488,174887.6,2025-03-02T07:00:00Z
2025-03-31,P00189,0.06015,40,0.7429,174275.49,2025-04-02T07:00:00Z
2025-04-30,P00189,0.06015,41,0.7369,173665.53,2025-05-02T07:00:00Z
2025-05-31,P00189,0.06015,42,0.731,173057.7,2025-06-02T07:00:00Z
2025-06-30,P00189,0.06015,43,0.725,172451.99,2025-07-02T07:00:00Z
2023-07-31,P00190,0.06281,100,0.886,698927.52,2023-08-02T07:00:00Z
2023-08-31,P00190,0.06281,101,0.88,696481.27,2023-09-02T07:00:00Z
2023-09-30,P00190,0.06281,102,0.874,694043.59,2023-10-02T07:00:00Z
2023-10-31,P00190,0.06281,103,0.8679,691614.44,2023-11-02T07:00:00Z
2023-11-30,P00190,0.06281,104,0.8619,689193.79,2023-12-02T07:00:00Z
2023-12-31,P00190,0.06281,105,0.8558,686781.61,2024-01-02T07:00:00Z
2024-01-31,P00190,0.06281,106,0.8498,684377.87,2024-02-02T07:00:00Z
2024-02-29,P00190,0.06281,107,0.8437,681982.55,2024-03-02T07:00:00Z
2024-03-31,P00190,0.06281,108,0.8377,679595.61,2024-04-02T07:00:00Z
2024-04-30,P00190,0.06281,109,0.8316,677217.03,2024-05-02T07:00:00Z
2024-05-31,P00190,0.06281,110,0.8256,674846.77,2024-06-02T07:00:00Z
2024-06-30,P00190,0.06281,111,0.8196,672484.8,2024-07-02T07:00:00Z
2024-07-31,P00190,0.06281,112,0.8135,670131.11,2024-08-02T07:00:00Z
2024-08-31,P00190,0.06281,113,0.8075,667785.65,2024-09-02T07:00:00Z
2024-09-30,P00190,0.06281,114,0.8014,665448.4,2024-10-02T07:00:00Z
2024-10-31,P00190,0.06281,115,0.7954,663119.33,2024-11-02T07:00:00Z
2024-11-30,P00190,0.06281,116,0.7893,660798.41,2024-12-02T07:00:00Z
2024-12-31,P00190,0.06281,117,0.7833,658485.62,2025-01-02T07:00:00Z
2025-01-31,P00190,0.06281,118,0.7772,656180.92,2025-02-02T07:00:00Z
2025-02-28,P00190,0.06281,119,0.7712,653884.28,2025-03-02T07:00:00Z
2025-03-31,P00190,0.06281,120,0.7652,651595.69,2025-04-02T07:00:00Z
2025-04-30,P00190,0.06281,121,0.7591,649315.1,2025-05-02T07:00:00Z
2025-05-31,P00190,0.06281,122,0.7531,647042.5,2025-06-02T07:00:00Z
2025-06-30,P00190,0.06281,123,0.747,644777.85,2025-07-02T07:00:00Z
2025-07-31,P00190,0.06281,124,0.741,642521.13,2025-08-02T07:00:00Z
2025-08-31,P00190,0.06281,125,0.7349,640272.31,2025-09-02T07:00:00Z
2025-09-30,P00190,0.06281,126,0.7289,638031.35,2025-10-02T07:00:00Z
2025-10-31,P00190,0.06281,127,0.7228,635798.24,2025-11-02T07:00:00Z
2025-11-30,P00190,0.06281,128,0.7168,633572.95,2025-12-02T07:00:00Z
2025-12-31,P00190,0.06281,129,0.7108,631355.44,2026-01-02T07:00:00Z
2023-07-31,P00191,0.0526,61,0.8444,560147.22,2023-08-02T07:00:00Z
2023-08-31,P00191,0.0526,62,0.8385,558186.7,2023-09-02T07:00:00Z
2023-09-30,P00191,0.0526,63,0.8326,556233.05,2023-10-02T07:00:00Z
2023-10-31,P00191,0.0526,64,0.8268,554286.24,2023-11-02T07:00:00Z
2023-11-30,P00191,0.0526,65,0.8209,552346.23,2023-12-02T07:00:00Z
2023-12-31,P00191,0.0526,66,0.815,550413.02,2024-01-02T07:00:00Z
2024-01-31,P00191,0.0526,67,0.8091,548486.58,2024-02-02T07:00:00Z
2024-02-29,P00191,0.0526,68,0.8033,546566.87,2024-03-02T07:00:00Z
2024-03-31,P00191,0.0526,69,0.7974,544653.89,2024-04-02T07:00:00Z
2024-04-30,P00191,0.0526,70,0.7915,542747.6,2024-05-02T07:00:00Z
2024-05-31,P00191,0.0526,71,0.7856,540847.98,2024-06-02T07:00:00Z
2024-06-30,P00191,0.0526,72,0.7797,538955.02,2024-07-02T07:00:00Z
2024-07-31,P00191,0.0526,73,0.7739,537068.67,2024-08-02T07:00:00Z
2024-08-31,P00191,0.0526,74,0.768,535188.93,2024-09-02T07:00:00Z
2024-09-30,P00191,0.0526,75,0.7621,533315.77,2024-10-02T07:00:00Z
2024-10-31,P00191,0.0526,76,0.7562,531449.17,2024-11-02T07:00:00Z
2024-11-30,P00191,0.0526,77,0.7504,529589.09,2024-12-02T07:00:00Z
2024-12-31,P00191,0.0526,78,0.7445,527735.53,2025-01-02T07:00:00Z
2025-01-31,P00191,0.0526,79,0.7386,525888.46,2025-02-02T07:00:00Z
2025-02-28,P00191,0.0526,80,0.7327,524047.85,2025-03-02T07:00:00Z
2025-03-31,P00191,0.0526,81,0.7269,522213.68,2025-04-02T07:00:00Z
2025-04-30,P00191,0.0526,82,0.721,520385.93,2025-05-02T07:00:00Z
2025-05-31,P00191,0.0526,83,0.7151,518564.58,2025-06-02T07:00:00Z
2025-06-30,P00191,0.0526,84,0.7092,516749.61,2025-07-02T07:00:00Z
2025-07-31,P00191,0.0526,85,0.7033,514940.98,2025-08-02T07:00:00Z
2025-08-31,P00191,0.0526,86,0.6975,513138.69,2025-09-02T07:00:00Z
2025-09-30,P00191,0.0526,87,0.6916,511342.7,2025-10-02T07:00:00Z
2025-10-31,P00191,0.0526,88,0.6857,509553.0,2025-11-02T07:00:00Z
2025-11-30,P00191,0.0526,89,0.6798,507769.57,2025-12-02T07:00:00Z
2025-12-31,P00191,0.0526,90,0.674,505992.38,2026-01-02T07:00:00Z
2023-07-31,P00192,0.07091,116,0.6429,522506.93,2023-08-02T07:00:00Z
2023-08-31,P00192,0.07091,117,0.6379,520678.16,2023-09-02T07:00:00Z
2023-09-30,P00192,0.07091,118,0.6328,518855.78,2023-10-02T07:00:00Z
2023-10-31,P00192,0.07091,119,0.6277,517039.79,2023-11-02T07:00:00Z
2023-11-30,P00192,0.07091,120,0.6226,515230.15,2023-12-02T07:00:00Z
2023-12-31,P00192,0.07091,121,0.6176,513426.84,2024-01-02T07:00:00Z
2024-01-31,P00192,0.07091,122,0.6125,511629.85,2024-02-02T07:00:00Z
2024-02-29,P00192,0.07091,123,0.6074,509839.14,2024-03-02T07:00:00Z
2024-03-31,P00192,0.07091,124,0.6024,508054.71,2024-04-02T07:00:00Z
2024-04-30,P00192,0.07091,125,0.5973,506276.52,2024-05-02T07:00:00Z
2024-05-31,P00192,0.07091,126,0.5922,504504.55,2024-06-02T07:00:00Z
2024-06-30,P00192,0.07091,127,0.5871,502738.78,2024-07-02T07:00:00Z
2024-07-31,P00192,0.07091,128,0.5821,500979.2,2024-08-02T07:00:00Z
2024-08-31,P00192,0.07091,129,0.577,499225.77,2024-09-02T07:00:00Z
2024-09-30,P00192,0.07091,130,0.5719,497478.48,2024-10-02T07:00:00Z
2024-10-31,P00192,0.07091,131,0.5669,495737.3,2024-11-02T07:00:00Z
2024-11-30,P00192,0.07091,132,0.5618,494002.22,2024-12-02T07:00:00Z
2024-12-31,P00192,0.07091,133,0.5567,492273.22,2025-01-02T07:00:00Z
2025-01-31,P00192,0.07091,134,0.5516,490550.26,2025-02-02T07:00:00Z
2025-02-28,P00192,0.07091,135,0.5466,488833.33,2025-03-02T07:00:00Z
2025-03-31,P00192,0.07091,136,0.5415,487122.42,2025-04-02T07:00:00Z
2025-04-30,P00192,0.07091,137,0.5364,485417.49,2025-05-02T07:00:00Z
2025-05-31,P00192,0.07091,138,0.5314,483718.53,2025-06-02T07:00:00Z
2025-06-30,P00192,0.07091,139,0.5263,482025.51,2025-07-02T07:00:00Z
2025-07-31,P00192,0.07091,140,0.5212,480338.42,2025-08-02T07:00:00Z
2025-08-31,P00192,0.07091,141,0.5161,478657.24,2025-09-02T07:00:00Z
2025-09-30,P00192,0.07091,142,0.5111,476981.94,2025-10-02T07:00:00Z
2025-10-31,P00192,0.07091,143,0.506,475312.5,2025-11-02T07:00:00Z
2025-11-30,P00192,0.07091,144,0.5009,473648.91,2025-12-02T07:00:00Z
2025-12-31,P00192,0.07091,145,0.4959,471991.14,2026-01-02T07:00:00Z
2023-07-31,P00193,0.05564,111,0.8429,522436.33,2023-08-02T07:00:00Z
2023-08-31,P00193,0.05564,112,0.837,520607.8,2023-09-02T07:00:00Z
2023-09-30,P00193,0.05564,113,0.8312,518785.68,2023-10-02T07:00:00Z
2023-10-31,P00193,0.05564,114,0.8253,516969.93,2023-11-02T07:00:00Z
2023-11-30,P00193,0.05564,115,0.8194,515160.53,2023-12-02T07:00:00Z
2023-12-31,P00193,0.05564,116,0.8135,513357.47,2024-01-02T07:00:00Z
2024-01-31,P00193,0.05564,117,0.8077,511560.72,2024-02-02T07:00:00Z
2024-02-29,P00193,0.05564,118,0.8018,509770.26,2024-03-02T07:00:00Z
2024-03-31,P00193,0.05564,119,0.7959,507986.06,2024-04-02T07:00:00Z
2024-04-30,P00193,0.05564,120,0.7901,506208.11,2024-05-02T07:00:00Z
2024-05-31,P00193,0.05564,121,0.7842,504436.38,2024-06-02T07:00:00Z
2024-06-30,P00193,0.05564,122,0.7783,502670.85,2024-07-02T07:00:00Z
2024-07-31,P00193,0.05564,123,0.7724,500911.5,2024-08-02T07:00:00Z
2024-08-31,P00193,0.05564,124,0.7666,499158.31,2024-09-02T07:00:00Z
2024-09-30,P00193,0.05564,125,0.7607,497411.26,2024-10-02T07:00:00Z
2024-10-31,P00193,0.05564,126,0.7548,495670.32,2024-11-02T07:00:00Z
2024-11-30,P00193,0.05564,127,0.749,493935.47,2024-12-02T07:00:00Z
2024-12-31,P00193,0.05564,128,0.7431,492206.7,2025-01-02T07:00:00Z
2025-01-31,P00193,0.05564,129,0.7372,490483.98,2025-02-02T07:00:00Z
2025-02-28,P00193,0.05564,130,0.7313,488767.28,2025-03-02T07:00:00Z
2025-03-31,P00193,0.05564,131,0.7255,487056.6,2025-04-02T07:00:00Z
2025-04-30,P00193,0.05564,132,0.7196,485351.9,2025-05-02T07:00:00Z
2025-05-31,P00193,0.05564,133,0.7137,483653.17,2025-06-02T07:00:00Z
2025-06-30,P00193,0.05564,134,0.7079,481960.38,2025-07-02T07:00:00Z
2025-07-31,P00193,0.05564,135,0.702,480273.52,2025-08-02T07:00:00Z
2025-08-31,P00193,0.05564,136,0.6961,478592.56,2025-09-02T07:00:00Z
2025-09-30,P00193,0.05564,137,0.6902,476917.49,2025-10-02T07:00:00Z
2025-10-31,P00193,0.05564,138,0.6844,475248.28,2025-11-02T07:00:00Z
2025-11-30,P00193,0.05564,139,0.6785,473584.91,2025-12-02T07:00:00Z
2025-12-31,P00193,0.05564,140,0.6726,471927.36,2026-01-02T07:00:00Z
2023-07-31,P00194,0.06724,2,0.7813,388947.74,2023-08-02T07:00:00Z
2023-08-31,P00194,0.06724,3,0.7756,387586.42,2023-09-02T07:00:00Z
2023-09-30,P00194,0.06724,4,0.77,386229.87,2023-10-02T07:00:00Z
2023-10-31,P00194,0.06724,5,0.7644,384878.07,2023-11-02T07:00:00Z
2023-11-30,P00194,0.06724,6,0.7588,383530.99,2023-12-02T07:00:00Z
2023-12-31,P00194,0.06724,7,0.7531,382188.63,2024-01-02T07:00:00Z
2023-07-31,P00195,0.04811,86,0.5974,697945.24,2023-08-02T07:00:00Z
2023-08-31,P00195,0.04811,87,0.5925,695502.43,2023-09-02T07:00:00Z
2023-09-30,P00195,0.04811,88,0.5876,693068.17,2023-10-02T07:00:00Z
2023-10-31,P00195,0.04811,89,0.5827,690642.43,2023-11-02T07:00:00Z
2023-11-30,P00195,0.04811,90,0.5778,688225.19,2023-12-02T07:00:00Z
2023-12-31,P00195,0.04811,91,0.5729,685816.4,2024-01-02T07:00:00Z
2024-01-31,P00195,0.04811,92,0.5681,683416.04,2024-02-02T07:00:00Z
2024-02-29,P00195,0.04811,93,0.5632,681024.08,2024-03-02T07:00:00Z
2024-03-31,P00195,0.04811,94,0.5583,678640.5,2024-04-02T07:00:00Z
2024-04-30,P00195,0.04811,95,0.5534,676265.26,2024-05-02T07:00:00Z
2024-05-31,P00195,0.04811,96,0.5485,673898.33,2024-06-02T07:00:00Z
2024-06-30,P00195,0.04811,97,0.5436,671539.69,2024-07-02T07:00:00Z
2024-07-31,P00195,0.04811,98,0.5387,669189.3,2024-08-02T07:00:00Z
2024-08-31,P00195,0.04811,99,0.5338,666847.13,2024-09-02T07:00:00Z
2024-09-30,P00195,0.04811,100,0.5289,664513.17,2024-10-02T07:00:00Z
2024-10-31,P00195,0.04811,101,0.5241,662187.37,2024-11-02T07:00:00Z
2024-11-30,P00195,0.04811,102,0.5192,659869.72,2024-12-02T07:00:00Z
2024-12-31,P00195,0.04811,103,0.5143,657560.17,2025-01-02T07:00:00Z
2025-01-31,P00195,0.04811,104,0.5094,655258.71,2025-02-02T07:00:00Z
2025-02-28,P00195,0.04811,105,0.5045,652965.31,2025-03-02T07:00:00Z
2025-03-31,P00195,0.04811,106,0.4996,650679.93,2025-04-02T07:00:00Z
2025-04-30,P00195,0.04811,107,0.4947,648402.55,2025-05-02T07:00:00Z
2025-05-31,P00195,0.04811,108,0.4898,646133.14,2025-06-02T07:00:00Z
2023-07-31,P00196,0.05073,94,0.6532,292910.15,2023-08-02T07:00:00Z
2023-08-31,P00196,0.05073,95,0.6481,291884.96,2023-09-02T07:00:00Z
2023-09-30,P00196,0.05073,96,0.643,290863.37,2023-10-02T07:00:00Z
2023-10-31,P00196,0.05073,97,0.6379,289845.35,2023-11-02T07:00:00Z
2023-11-30,P00196,0.05073,98,0.6327,288830.89,2023-12-02T07:00:00Z
2023-12-31,P00196,0.05073,99,0.6276,287819.98,2024-01-02T07:00:00Z
2024-01-31,P00196,0.05073,100,0.6225,286812.61,2024-02-02T07:00:00Z
2024-02-29,P00196,0.05073,101,0.6174,285808.76,2024-03-02T07:00:00Z
2024-03-31,P00196,0.05073,102,0.6123,284808.43,2024-04-02T07:00:00Z
2024-04-30,P00196,0.05073,103,0.6072,283811.6,2024-05-02T07:00:00Z
2024-05-31,P00196,0.05073,104,0.6021,282818.26,2024-06-02T07:00:00Z
2024-06-30,P00196,0.05073,105,0.597,281828.4,2024-07-02T07:00:00Z
2024-07-31,P00196,0.05073,106,0.5918,280842.0,2024-08-02T07:00:00Z
2024-08-31,P00196,0.05073,107,0.5867,279859.05,2024-09-02T07:00:00Z
2024-09-30,P00196,0.05073,108,0.5816,278879.55,2024-10-02T07:00:00Z
2024-10-31,P00196,0.05073,109,0.5765,277903.47,2024-11-02T07:00:00Z
2024-11-30,P00196,0.05073,110,0.5714,276930.81,2024-12-02T07:00:00Z
2024-12-31,P00196,0.05073,111,0.5663,275961.55,2025-01-02T07:00:00Z
2025-01-31,P00196,0.05073,112,0.5612,274995.68,2025-02-02T07:00:00Z
2025-02-28,P00196,0.05073,113,0.5561,274033.2,2025-03-02T07:00:00Z
2025-03-31,P00196,0.05073,114,0.5509,273074.08,2025-04-02T07:00:00Z
2025-04-30,P00196,0.05073,115,0.5458,272118.32,2025-05-02T07:00:00Z
2025-05-31,P00196,0.05073,116,0.5407,271165.91,2025-06-02T07:00:00Z
2025-06-30,P00196,0.05073,117,0.5356,270216.83,2025-07-02T07:00:00Z
2025-07-31,P00196,0.05073,118,0.5305,269271.07,2025-08-02T07:00:00Z
2025-08-31,P00196,0.05073,119,0.5254,268328.62,2025-09-02T07:00:00Z
2025-09-30,P00196,0.05073,120,0.5203,267389.47,2025-10-02T07:00:00Z
2025-10-31,P00196,0.05073,121,0.5152,266453.61,2025-11-02T07:00:00Z
2025-11-30,P00196,0.05073,122,0.51,265521.02,2025-12-02T07:00:00Z
2025-12-31,P00196,0.05073,123,0.5049,264591.7,2026-01-02T07:00:00Z
2023-07-31,P00197,0.05434,91,0.7858,175905.03,2023-08-02T07:00:00Z
2023-08-31,P00197,0.05434,92,0.7802,175289.36,2023-09-02T07:00:00Z
2023-09-30,P00197,0.05434,93,0.7745,174675.85,2023-10-02T07:00:00Z
2023-10-31,P00197,0.05434,94,0.7689,174064.48,2023-11-02T07:00:00Z
2023-11-30,P00197,0.05434,95,0.7632,173455.26,2023-12-02T07:00:00Z
2023-12-31,P00197,0.05434,96,0.7576,172848.17,2024-01-02T07:00:00Z
2024-01-31,P00197,0.05434,97,0.7519,172243.2,2024-02-02T07:00:00Z
2024-02-29,P00197,0.05434,98,0.7463,171640.35,2024-03-02T07:00:00Z
2024-03-31,P00197,0.05434,99,0.7407,171039.6,2024-04-02T07:00:00Z
2024-04-30,P00197,0.05434,100,0.735,170440.97,2024-05-02T07:00:00Z
2024-05-31,P00197,0.05434,101,0.7294,169844.42,2024-06-02T07:00:00Z
2024-06-30,P00197,0.05434,102,0.7237,169249.97,2024-07-02T07:00:00Z
2024-07-31,P00197,0.05434,103,0.7181,168657.59,2024-08-02T07:00:00Z
2024-08-31,P00197,0.05434,104,0.7124,168067.29,2024-09-02T07:00:00Z
2024-09-30,P00197,0.05434,105,0.7068,167479.05,2024-10-02T07:00:00Z
2024-10-31,P00197,0.05434,106,0.7012,166892.88,2024-11-02T07:00:00Z
2024-11-30,P00197,0.05434,107,0.6955,166308.75,2024-12-02T07:00:00Z
2024-12-31,P00197,0.05434,108,0.6899,165726.67,2025-01-02T07:00:00Z
2025-01-31,P00197,0.05434,109,0.6842,165146.63,2025-02-02T07:00:00Z
2025-02-28,P00197,0.05434,110,0.6786,164568.62,2025-03-02T07:00:00Z
2025-03-31,P00197,0.05434,111,0.6729,163992.63,2025-04-02T07:00:00Z
2025-04-30,P00197,0.05434,112,0.6673,163418.65,2025-05-02T07:00:00Z
2025-05-31,P00197,0.05434,113,0.6617,162846.69,2025-06-02T07:00:00Z
2025-06-30,P00197,0.05434,114,0.656,162276.72,2025-07-02T07:00:00Z
2025-07-31,P00197,0.05434,115,0.6504,161708.75,2025-08-02T07:00:00Z
2025-08-31,P00197,0.05434,116,0.6447,161142.77,2025-09-02T07:00:00Z
2025-09-30,P00197,0.05434,117,0.6391,160578.77,2025-10-02T07:00:00Z
2025-10-31,P00197,0.05434,118,0.6334,160016.75,2025-11-02T07:00:00Z
2025-11-30,P00197,0.05434,119,0.6278,159456.69,2025-12-02T07:00:00Z
2025-12-31,P00197,0.05434,120,0.6222,158898.59,2026-01-02T07:00:00Z
2023-07-31,P00198,0.06074,4,0.7209,95865.58,2023-08-02T07:00:00Z
2023-08-31,P00198,0.06074,5,0.7155,95530.05,2023-09-02T07:00:00Z
2023-09-30,P00198,0.06074,6,0.7101,95195.7,2023-10-02T07:00:00Z
2023-10-31,P00198,0.06074,7,0.7047,94862.51,2023-11-02T07:00:00Z
2023-11-30,P00198,0.06074,8,0.6993,94530.49,2023-12-02T07:00:00Z
2023-12-31,P00198,0.06074,9,0.694,94199.63,2024-01-02T07:00:00Z
2024-01-31,P00198,0.06074,10,0.6886,93869.94,2024-02-02T07:00:00Z
2024-02-29,P00198,0.06074,11,0.6832,93541.39,2024-03-02T07:00:00Z
2024-03-31,P00198,0.06074,12,0.6778,93214.0,2024-04-02T07:00:00Z
2024-04-30,P00198,0.06074,13,0.6724,92887.75,2024-05-02T07:00:00Z
2024-05-31,P00198,0.06074,14,0.667,92562.64,2024-06-02T07:00:00Z
2024-06-30,P00198,0.06074,15,0.6617,92238.67,2024-07-02T07:00:00Z
2024-07-31,P00198,0.06074,16,0.6563,91915.84,2024-08-02T07:00:00Z
2024-08-31,P00198,0.06074,17,0.6509,91594.13,2024-09-02T07:00:00Z
2024-09-30,P00198,0.06074,18,0.6455,91273.55,2024-10-02T07:00:00Z
2024-10-31,P00198,0.06074,19,0.6401,90954.09,2024-11-02T07:00:00Z
2024-11-30,P00198,0.06074,20,0.6347,90635.75,2024-12-02T07:00:00Z
2024-12-31,P00198,0.06074,21,0.6294,90318.53,2025-01-02T07:00:00Z
2025-01-31,P00198,0.06074,22,0.624,90002.41,2025-02-02T07:00:00Z
2025-02-28,P00198,0.06074,23,0.6186,89687.41,2025-03-02T07:00:00Z
2025-03-31,P00198,0.06074,24,0.6132,89373.5,2025-04-02T07:00:00Z
2025-04-30,P00198,0.06074,25,0.6078,89060.69,2025-05-02T07:00:00Z
2025-05-31,P00198,0.06074,26,0.6024,88748.98,2025-06-02T07:00:00Z
2025-06-30,P00198,0.06074,27,0.5971,88438.36,2025-07-02T07:00:00Z
2025-07-31,P00198,0.06074,28,0.5917,88128.82,2025-08-02T07:00:00Z
2025-08-31,P00198,0.06074,29,0.5863,87820.37,2025-09-02T07:00:00Z
2025-09-30,P00198,0.06074,30,0.5809,87513.0,2025-10-02T07:00:00Z
2025-10-31,P00198,0.06074,31,0.5755,87206.71,2025-11-02T07:00:00Z
2025-11-30,P00198,0.06074,32,0.5701,86901.48,2025-12-02T07:00:00Z
2025-12-31,P00198,0.06074,33,0.5648,86597.33,2026-01-02T07:00:00Z
2023-07-31,P00199,0.0653,45,0.7926,174031.25,2023-08-02T07:00:00Z
2023-08-31,P00199,0.0653,46,0.787,173422.14,2023-09-02T07:00:00Z
2023-09-30,P00199,0.0653,47,0.7813,172815.16,2023-10-02T07:00:00Z
2023-10-31,P00199,0.0653,48,0.7756,172210.31,2023-11-02T07:00:00Z
2023-11-30,P00199,0.0653,49,0.7699,171607.57,2023-12-02T07:00:00Z
2023-12-31,P00199,0.0653,50,0.7643,171006.95,2024-01-02T07:00:00Z
2024-01-31,P00199,0.0653,51,0.7586,170408.42,2024-02-02T07:00:00Z
2024-02-29,P00199,0.0653,52,0.7529,169811.99,2024-03-02T07:00:00Z
2024-03-31,P00199,0.0653,53,0.7473,169217.65,2024-04-02T07:00:00Z
2024-04-30,P00199,0.0653,54,0.7416,168625.39,2024-05-02T07:00:00Z
2024-05-31,P00199,0.0653,55,0.7359,168035.2,2024-06-02T07:00:00Z
2024-06-30,P00199,0.0653,56,0.7302,167447.08,2024-07-02T07:00:00Z
2024-07-31,P00199,0.0653,57,0.7246,166861.01,2024-08-02T07:00:00Z
2024-08-31,P00199,0.0653,58,0.7189,166277.0,2024-09-02T07:00:00Z
2023-07-31,P00200,0.06738,112,0.646,603839.27,2023-08-02T07:00:00Z
2023-08-31,P00200,0.06738,113,0.6409,601725.83,2023-09-02T07:00:00Z
2023-09-30,P00200,0.06738,114,0.6358,599619.79,2023-10-02T07:00:00Z
2023-10-31,P00200,0.06738,115,0.6307,597521.12,2023-11-02T07:00:00Z
2023-11-30,P00200,0.06738,116,0.6257,595429.8,2023-12-02T07:00:00Z
2023-12-31,P00200,0.06738,117,0.6206,593345.79,2024-01-02T07:00:00Z
2024-01-31,P00200,0.06738,118,0.6155,591269.08,2024-02-02T07:00:00Z
2024-02-29,P00200,0.06738,119,0.6104,589199.64,2024-03-02T07:00:00Z
2024-03-31,P00200,0.06738,120,0.6053,587137.44,2024-04-02T07:00:00Z
2024-04-30,P00200,0.06738,121,0.6002,585082.46,2024-05-02T07:00:00Z
2024-05-31,P00200,0.06738,122,0.5952,583034.67,2024-06-02T07:00:00Z
2024-06-30,P00200,0.06738,123,0.5901,580994.05,2024-07-02T07:00:00Z
2024-07-31,P00200,0.06738,124,0.585,578960.57,2024-08-02T07:00:00Z
2024-08-31,P00200,0.06738,125,0.5799,576934.21,2024-09-02T07:00:00Z
2024-09-30,P00200,0.06738,126,0.5748,574914.94,2024-10-02T07:00:00Z
2023-07-31,P00201,0.05177,78,0.7074,659372.3,2023-08-02T07:00:00Z
2023-08-31,P00201,0.05177,79,0.7021,657064.5,2023-09-02T07:00:00Z
2023-09-30,P00201,0.05177,80,0.6967,654764.77,2023-10-02T07:00:00Z
2023-10-31,P00201,0.05177,81,0.6914,652473.09,2023-11-02T07:00:00Z
2023-11-30,P00201,0.05177,82,0.6861,650189.44,2023-12-02T07:00:00Z
2023-12-31,P00201,0.05177,83,0.6808,647913.78,2024-01-02T07:00:00Z
2024-01-31,P00201,0.05177,84,0.6754,645646.08,2024-02-02T07:00:00Z
2024-02-29,P00201,0.05177,85,0.6701,643386.32,2024-03-02T07:00:00Z
2024-03-31,P00201,0.05177,86,0.6648,641134.46,2024-04-02T07:00:00Z
2024-04-30,P00201,0.05177,87,0.6594,638890.49,2024-05-02T07:00:00Z
2024-05-31,P00201,0.05177,88,0.6541,636654.38,2024-06-02T07:00:00Z
2024-06-30,P00201,0.05177,89,0.6488,634426.09,2024-07-02T07:00:00Z
2024-07-31,P00201,0.05177,90,0.6434,632205.6,2024-08-02T07:00:00Z
2024-08-31,P00201,0.05177,91,0.6381,629992.88,2024-09-02T07:00:00Z
2024-09-30,P00201,0.05177,92,0.6328,627787.9,2024-10-02T07:00:00Z
2024-10-31,P00201,0.05177,93,0.6275,625590.64,2024-11-02T07:00:00Z
2024-11-30,P00201,0.05177,94,0.6221,623401.08,2024-12-02T07:00:00Z
2024-12-31,P00201,0.05177,95,0.6168,621219.17,2025-01-02T07:00:00Z
2025-01-31,P00201,0.05177,96,0.6115,619044.9,2025-02-02T07:00:00Z
2025-02-28,P00201,0.05177,97,0.6061,616878.25,2025-03-02T07:00:00Z
2025-03-31,P00201,0.05177,98,0.6008,614719.17,2025-04-02T07:00:00Z
2025-04-30,P00201,0.05177,99,0.5955,612567.66,2025-05-02T07:00:00Z
2025-05-31,P00201,0.05177,100,0.5901,610423.67,2025-06-02T07:00:00Z
2025-06-30,P00201,0.05177,101,0.5848,608287.19,2025-07-02T07:00:00Z
2025-07-31,P00201,0.05177,102,0.5795,606158.18,2025-08-02T07:00:00Z
2025-08-31,P00201,0.05177,103,0.5742,604036.63,2025-09-02T07:00:00Z
2025-09-30,P00201,0.05177,104,0.5688,601922.5,2025-10-02T07:00:00Z
2025-10-31,P00201,0.05177,105,0.5635,599815.77,2025-11-02T07:00:00Z
2025-11-30,P00201,0.05177,106,0.5582,597716.42,2025-12-02T07:00:00Z
2025-12-31,P00201,0.05177,107,0.5528,595624.41,2026-01-02T07:00:00Z
2023-07-31,P00202,0.07,106,0.659,347089.92,2023-08-02T07:00:00Z
2023-08-31,P00202,0.07,107,0.6539,345875.11,2023-09-02T07:00:00Z
2023-09-30,P00202,0.07,108,0.6487,344664.54,2023-10-02T07:00:00Z
2023-10-31,P00202,0.07,109,0.6436,343458.22,2023-11-02T07:00:00Z
2023-11-30,P00202,0.07,110,0.6385,342256.11,2023-12-02T07:00:00Z
2023-12-31,P00202,0.07,111,0.6333,341058.22,2024-01-02T07:00:00Z
2024-01-31,P00202,0.07,112,0.6282,339864.51,2024-02-02T07:00:00Z
2024-02-29,P00202,0.07,113,0.623,338674.99,2024-03-02T07:00:00Z
2024-03-31,P00202,0.07,114,0.6179,337489.62,2024-04-02T07:00:00Z
2024-04-30,P00202,0.07,115,0.6128,336308.41,2024-05-02T07:00:00Z
2024-05-31,P00202,0.07,116,0.6076,335131.33,2024-06-02T07:00:00Z
2024-06-30,P00202,0.07,117,0.6025,333958.37,2024-07-02T07:00:00Z
2024-07-31,P00202,0.07,118,0.5974,332789.52,2024-08-02T07:00:00Z
2024-08-31,P00202,0.07,119,0.5922,331624.75,2024-09-02T07:00:00Z
2024-09-30,P00202,0.07,120,0.5871,330464.07,2024-10-02T07:00:00Z
2023-07-31,P00203,0.06605,63,0.9515,617781.25,2023-08-02T07:00:00Z
2023-08-31,P00203,0.06605,64,0.9452,615619.02,2023-09-02T07:00:00Z
2023-09-30,P00203,0.06605,65,0.9389,613464.35,2023-10-02T07:00:00Z
2023-10-31,P00203,0.06605,66,0.9326,611317.22,2023-11-02T07:00:00Z
2023-11-30,P00203,0.06605,67,0.9263,609177.61,2023-12-02T07:00:00Z
2023-12-31,P00203,0.06605,68,0.92,607045.49,2024-01-02T07:00:00Z
2024-01-31,P00203,0.06605,69,0.9137,604920.83,2024-02-02T07:00:00Z
2024-02-29,P00203,0.06605,70,0.9074,602803.61,2024-03-02T07:00:00Z
2024-03-31,P00203,0.06605,71,0.9011,600693.8,2024-04-02T07:00:00Z
2024-04-30,P00203,0.06605,72,0.8948,598591.37,2024-05-02T07:00:00Z
2024-05-31,P00203,0.06605,73,0.8885,596496.3,2024-06-02T07:00:00Z
2024-06-30,P00203,0.06605,74,0.8822,594408.56,2024-07-02T07:00:00Z
2024-07-31,P00203,0.06605,75,0.8759,592328.13,2024-08-02T07:00:00Z
2024-08-31,P00203,0.06605,76,0.8696,590254.98,2024-09-02T07:00:00Z
2024-09-30,P00203,0.06605,77,0.8633,588189.09,2024-10-02T07:00:00Z
2024-10-31,P00203,0.06605,78,0.857,586130.43,2024-11-02T07:00:00Z
2024-11-30,P00203,0.06605,79,0.8506,584078.97,2024-12-02T07:00:00Z
2024-12-31,P00203,0.06605,80,0.8443,582034.7,2025-01-02T07:00:00Z
2025-01-31,P00203,0.06605,81,0.838,579997.57,2025-02-02T07:00:00Z
2025-02-28,P00203,0.06605,82,0.8317,577967.58,2025-03-02T07:00:00Z
2025-03-31,P00203,0.06605,83,0.8254,575944.7,2025-04-02T07:00:00Z
2025-04-30,P00203,0.06605,84,0.8191,573928.89,2025-05-02T07:00:00Z
2025-05-31,P00203,0.06605,85,0.8128,571920.14,2025-06-02T07:00:00Z
2025-06-30,P00203,0.06605,86,0.8065,569918.42,2025-07-02T07:00:00Z
2025-07-31,P00203,0.06605,87,0.8002,567923.7,2025-08-02T07:00:00Z
2025-08-31,P00203,0.06605,88,0.7939,565935.97,2025-09-02T07:00:00Z
2025-09-30,P00203,0.06605,89,0.7876,563955.2,2025-10-02T07:00:00Z
2025-10-31,P00203,0.06605,90,0.7813,561981.35,2025-11-02T07:00:00Z
2025-11-30,P00203,0.06605,91,0.775,560014.42,2025-12-02T07:00:00Z
2025-12-31,P00203,0.06605,92,0.7687,558054.37,2026-01-02T07:00:00Z
2023-07-31,P00204,0.07374,80,0.6987,373522.17,2023-08-02T07:00:00Z
2023-08-31,P00204,0.07374,81,0.6934,372214.84,2023-09-02T07:00:00Z
2023-09-30,P00204,0.07374,82,0.6881,370912.09,2023-10-02T07:00:00Z
2023-10-31,P00204,0.07374,83,0.6828,369613.9,2023-11-02T07:00:00Z
2023-11-30,P00204,0.07374,84,0.6775,368320.25,2023-12-02T07:00:00Z
2023-12-31,P00204,0.07374,85,0.6722,367031.13,2024-01-02T07:00:00Z
2024-01-31,P00204,0.07374,86,0.6669,365746.52,2024-02-02T07:00:00Z
2024-02-29,P00204,0.07374,87,0.6616,364466.41,2024-03-02T07:00:00Z
2023-07-31,P00205,0.06634,49,0.617,430000.43,2023-08-02T07:00:00Z
2023-08-31,P00205,0.06634,50,0.6121,428495.43,2023-09-02T07:00:00Z
2023-09-30,P00205,0.06634,51,0.6071,426995.69,2023-10-02T07:00:00Z
2023-10-31,P00205,0.06634,52,0.6021,425501.21,2023-11-02T07:00:00Z
2023-11-30,P00205,0.06634,53,0.5972,424011.96,2023-12-02T07:00:00Z
2023-12-31,P00205,0.06634,54,0.5922,422527.91,2024-01-02T07:00:00Z
2024-01-31,P00205,0.06634,55,0.5872,421049.07,2024-02-02T07:00:00Z
2024-02-29,P00205,0.06634,56,0.5823,419575.39,2024-03-02T07:00:00Z
2024-03-31,P00205,0.06634,57,0.5773,418106.88,2024-04-02T07:00:00Z
2024-04-30,P00205,0.06634,58,0.5723,416643.51,2024-05-02T07:00:00Z
2024-05-31,P00205,0.06634,59,0.5673,415185.25,2024-06-02T07:00:00Z
2024-06-30,P00205,0.06634,60,0.5624,413732.11,2024-07-02T07:00:00Z
2024-07-31,P00205,0.06634,61,0.5574,412284.04,2024-08-02T07:00:00Z
2024-08-31,P00205,0.06634,62,0.5524,410841.05,2024-09-02T07:00:00Z
2023-07-31,P00206,0.07194,17,0.515,228261.49,2023-08-02T07:00:00Z
2023-08-31,P00206,0.07194,18,0.5104,227462.57,2023-09-02T07:00:00Z
2023-09-30,P00206,0.07194,19,0.5058,226666.46,2023-10-02T07:00:00Z
2023-10-31,P00206,0.07194,20,0.5013,225873.12,2023-11-02T07:00:00Z
2023-11-30,P00206,0.07194,21,0.4967,225082.57,2023-12-02T07:00:00Z
2023-12-31,P00206,0.07194,22,0.4922,224294.78,2024-01-02T07:00:00Z
2024-01-31,P00206,0.07194,23,0.4876,223509.75,2024-02-02T07:00:00Z
2024-02-29,P00206,0.07194,24,0.483,222727.46,2024-03-02T07:00:00Z
2024-03-31,P00206,0.07194,25,0.4785,221947.92,2024-04-02T07:00:00Z
2024-04-30,P00206,0.07194,26,0.4739,221171.1,2024-05-02T07:00:00Z
2024-05-31,P00206,0.07194,27,0.4694,220397.0,2024-06-02T07:00:00Z
2024-06-30,P00206,0.07194,28,0.4648,219625.61,2024-07-02T07:00:00Z
2023-07-31,P00207,0.04819,49,0.7839,235298.07,2023-08-02T07:00:00Z
2023-08-31,P00207,0.04819,50,0.7782,234474.53,2023-09-02T07:00:00Z
2023-09-30,P00207,0.04819,51,0.7726,233653.87,2023-10-02T07:00:00Z
2023-10-31,P00207,0.04819,52,0.767,232836.08,2023-11-02T07:00:00Z
2023-11-30,P00207,0.04819,53,0.7613,232021.15,2023-12-02T07:00:00Z
2023-12-31,P00207,0.04819,54,0.7557,231209.08,2024-01-02T07:00:00Z
2024-01-31,P00207,0.04819,55,0.7501,230399.85,2024-02-02T07:00:00Z
2024-02-29,P00207,0.04819,56,0.7444,229593.45,2024-03-02T07:00:00Z
2024-03-31,P00207,0.04819,57,0.7388,228789.87,2024-04-02T07:00:00Z
2024-04-30,P00207,0.04819,58,0.7332,227989.1,2024-05-02T07:00:00Z
2024-05-31,P00207,0.04819,59,0.7275,227191.14,2024-06-02T07:00:00Z
2024-06-30,P00207,0.04819,60,0.7219,226395.97,2024-07-02T07:00:00Z
2024-07-31,P00207,0.04819,61,0.7162,225603.59,2024-08-02T07:00:00Z
2024-08-31,P00207,0.04819,62,0.7106,224813.97,2024-09-02T07:00:00Z
2024-09-30,P00207,0.04819,63,0.705,224027.13,2024-10-02T07:00:00Z
2024-10-31,P00207,0.04819,64,0.6993,223243.03,2024-11-02T07:00:00Z
2024-11-30,P00207,0.04819,65,0.6937,222461.68,2024-12-02T07:00:00Z
2024-12-31,P00207,0.04819,66,0.6881,221683.06,2025-01-02T07:00:00Z
2025-01-31,P00207,0.04819,67,0.6824,220907.17,2025-02-02T07:00:00Z
2025-02-28,P00207,0.04819,68,0.6768,220134.0,2025-03-02T07:00:00Z
2025-03-31,P00207,0.04819,69,0.6712,219363.53,2025-04-02T07:00:00Z
2025-04-30,P00207,0.04819,70,0.6655,218595.76,2025-05-02T07:00:00Z
2025-05-31,P00207,0.04819,71,0.6599,217830.67,2025-06-02T07:00:00Z
2025-06-30,P00207,0.04819,72,0.6543,217068.26,2025-07-02T07:00:00Z
2025-07-31,P00207,0.04819,73,0.6486,216308.53,2025-08-02T07:00:00Z
2025-08-31,P00207,0.04819,74,0.643,215551.45,2025-09-02T07:00:00Z
2025-09-30,P00207,0.04819,75,0.6374,214797.02,2025-10-02T07:00:00Z
2025-10-31,P00207,0.04819,76,0.6317,214045.23,2025-11-02T07:00:00Z
2025-11-30,P00207,0.04819,77,0.6261,213296.07,2025-12-02T07:00:00Z
2025-12-31,P00207,0.04819,78,0.6204,212549.53,2026-01-02T07:00:00Z
2023-07-31,P00208,0.04408,137,0.8178,387748.81,2023-08-02T07:00:00Z
2023-08-31,P00208,0.04408,138,0.8121,386391.69,2023-09-02T07:00:00Z
2023-09-30,P00208,0.04408,139,0.8063,385039.32,2023-10-02T07:00:00Z
2023-10-31,P00208,0.04408,140,0.8005,383691.68,2023-11-02T07:00:00Z
2023-11-30,P00208,0.04408,141,0.7948,382348.76,2023-12-02T07:00:00Z
2023-12-31,P00208,0.04408,142,0.789,381010.54,2024-01-02T07:00:00Z
2024-01-31,P00208,0.04408,143,0.7832,379677.0,2024-02-02T07:00:00Z
2024-02-29,P00208,0.04408,144,0.7774,378348.13,2024-03-02T07:00:00Z
2024-03-31,P00208,0.04408,145,0.7717,377023.91,2024-04-02T07:00:00Z
2024-04-30,P00208,0.04408,146,0.7659,375704.33,2024-05-02T07:00:00Z
2024-05-31,P00208,0.04408,147,0.7601,374389.37,2024-06-02T07:00:00Z
2024-06-30,P00208,0.04408,148,0.7544,373079.0,2024-07-02T07:00:00Z
2024-07-31,P00208,0.04408,149,0.7486,371773.23,2024-08-02T07:00:00Z
2024-08-31,P00208,0.04408,150,0.7428,370472.02,2024-09-02T07:00:00Z
2024-09-30,P00208,0.04408,151,0.737,369175.37,2024-10-02T07:00:00Z
2024-10-31,P00208,0.04408,152,0.7313,367883.25,2024-11-02T07:00:00Z
2024-11-30,P00208,0.04408,153,0.7255,366595.66,2024-12-02T07:00:00Z
2024-12-31,P00208,0.04408,154,0.7197,365312.58,2025-01-02T07:00:00Z
2025-01-31,P00208,0.04408,155,0.714,364033.98,2025-02-02T07:00:00Z
2025-02-28,P00208,0.04408,156,0.7082,362759.86,2025-03-02T07:00:00Z
2025-03-31,P00208,0.04408,157,0.7024,361490.21,2025-04-02T07:00:00Z
2025-04-30,P00208,0.04408,158,0.6966,360224.99,2025-05-02T07:00:00Z
2025-05-31,P00208,0.04408,159,0.6909,358964.2,2025-06-02T07:00:00Z
2025-06-30,P00208,0.04408,160,0.6851,357707.83,2025-07-02T07:00:00Z
2025-07-31,P00208,0.04408,161,0.6793,356455.85,2025-08-02T07:00:00Z
2025-08-31,P00208,0.04408,162,0.6736,355208.25,2025-09-02T07:00:00Z
2025-09-30,P00208,0.04408,163,0.6678,353965.03,2025-10-02T07:00:00Z
2025-10-31,P00208,0.04408,164,0.662,352726.15,2025-11-02T07:00:00Z
2025-11-30,P00208,0.04408,165,0.6562,351491.61,2025-12-02T07:00:00Z
2025-12-31,P00208,0.04408,166,0.6505,350261.39,2026-01-02T07:00:00Z
2023-07-31,P00209,0.05837,139,0.8247,102530.32,2023-08-02T07:00:00Z
2023-08-31,P00209,0.05837,140,0.8189,102171.46,2023-09-02T07:00:00Z
2023-09-30,P00209,0.05837,141,0.8131,101813.86,2023-10-02T07:00:00Z
2023-10-31,P00209,0.05837,142,0.8073,101457.52,2023-11-02T07:00:00Z
2023-11-30,P00209,0.05837,143,0.8015,101102.41,2023-12-02T07:00:00Z
2023-12-31,P00209,0.05837,144,0.7958,100748.56,2024-01-02T07:00:00Z
2024-01-31,P00209,0.05837,145,0.79,100395.94,2024-02-02T07:00:00Z
2024-02-29,P00209,0.05837,146,0.7842,100044.55,2024-03-02T07:00:00Z
2024-03-31,P00209,0.05837,147,0.7784,99694.39,2024-04-02T07:00:00Z
2024-04-30,P00209,0.05837,148,0.7726,99345.46,2024-05-02T07:00:00Z
2024-05-31,P00209,0.05837,149,0.7668,98997.75,2024-06-02T07:00:00Z
2024-06-30,P00209,0.05837,150,0.761,98651.26,2024-07-02T07:00:00Z
2024-07-31,P00209,0.05837,151,0.7552,98305.98,2024-08-02T07:00:00Z
2024-08-31,P00209,0.05837,152,0.7494,97961.91,2024-09-02T07:00:00Z
2024-09-30,P00209,0.05837,153,0.7436,97619.05,2024-10-02T07:00:00Z
2024-10-31,P00209,0.05837,154,0.7378,97277.38,2024-11-02T07:00:00Z
2024-11-30,P00209,0.05837,155,0.732,96936.91,2024-12-02T07:00:00Z
2024-12-31,P00209,0.05837,156,0.7262,96597.63,2025-01-02T07:00:00Z
2025-01-31,P00209,0.05837,157,0.7204,96259.54,2025-02-02T07:00:00Z
2025-02-28,P00209,0.05837,158,0.7146,95922.63,2025-03-02T07:00:00Z
2025-03-31,P00209,0.05837,159,0.7088,95586.9,2025-04-02T07:00:00Z
2025-04-30,P00209,0.05837,160,0.703,95252.35,2025-05-02T07:00:00Z
2025-05-31,P00209,0.05837,161,0.6972,94918.96,2025-06-02T07:00:00Z
2025-06-30,P00209,0.05837,162,0.6914,94586.75,2025-07-02T07:00:00Z
2025-07-31,P00209,0.05837,163,0.6856,94255.69,2025-08-02T07:00:00Z
2025-08-31,P00209,0.05837,164,0.6798,93925.8,2025-09-02T07:00:00Z
2025-09-30,P00209,0.05837,165,0.674,93597.06,2025-10-02T07:00:00Z
2025-10-31,P00209,0.05837,166,0.6682,93269.47,2025-11-02T07:00:00Z
2023-07-31,P00210,0.06459,66,0.7827,498366.4,2023-08-02T07:00:00Z
2023-08-31,P00210,0.06459,67,0.7771,496622.12,2023-09-02T07:00:00Z
2023-09-30,P00210,0.06459,68,0.7714,494883.94,2023-10-02T07:00:00Z
2023-10-31,P00210,0.06459,69,0.7658,493151.85,2023-11-02T07:00:00Z
2023-11-30,P00210,0.06459,70,0.7602,491425.81,2023-12-02T07:00:00Z
2023-12-31,P00210,0.06459,71,0.7546,489705.82,2024-01-02T07:00:00Z
2024-01-31,P00210,0.06459,72,0.7489,487991.85,2024-02-02T07:00:00Z
2024-02-29,P00210,0.06459,73,0.7433,486283.88,2024-03-02T07:00:00Z
2024-03-31,P00210,0.06459,74,0.7377,484581.89,2024-04-02T07:00:00Z
2024-04-30,P00210,0.06459,75,0.732,482885.85,2024-05-02T07:00:00Z
2024-05-31,P00210,0.06459,76,0.7264,481195.75,2024-06-02T07:00:00Z
2024-06-30,P00210,0.06459,77,0.7208,479511.57,2024-07-02T07:00:00Z
2024-07-31,P00210,0.06459,78,0.7151,477833.28,2024-08-02T07:00:00Z
2024-08-31,P00210,0.06459,79,0.7095,476160.86,2024-09-02T07:00:00Z
2024-09-30,P00210,0.06459,80,0.7039,474494.3,2024-10-02T07:00:00Z
2024-10-31,P00210,0.06459,81,0.6982,472833.57,2024-11-02T07:00:00Z
2024-11-30,P00210,0.06459,82,0.6926,471178.65,2024-12-02T07:00:00Z
2024-12-31,P00210,0.06459,83,0.687,469529.52,2025-01-02T07:00:00Z
2025-01-31,P00210,0.06459,84,0.6814,467886.17,2025-02-02T07:00:00Z
2025-02-28,P00210,0.06459,85,0.6757,466248.57,2025-03-02T07:00:00Z
2025-03-31,P00210,0.06459,86,0.6701,464616.7,2025-04-02T07:00:00Z
2023-07-31,P00211,0.03798,101,0.6124,683579.45,2023-08-02T07:00:00Z
2023-08-31,P00211,0.03798,102,0.6074,681186.92,2023-09-02T07:00:00Z
2023-09-30,P00211,0.03798,103,0.6025,678802.77,2023-10-02T07:00:00Z
2023-10-31,P00211,0.03798,104,0.5975,676426.96,2023-11-02T07:00:00Z
2023-11-30,P00211,0.03798,105,0.5926,674059.46,2023-12-02T07:00:00Z
2023-12-31,P00211,0.03798,106,0.5876,671700.26,2024-01-02T07:00:00Z
2024-01-31,P00211,0.03798,107,0.5827,669349.3,2024-02-02T07:00:00Z
2024-02-29,P00211,0.03798,108,0.5777,667006.58,2024-03-02T07:00:00Z
2024-03-31,P00211,0.03798,109,0.5728,664672.06,2024-04-02T07:00:00Z
2024-04-30,P00211,0.03798,110,0.5678,662345.71,2024-05-02T07:00:00Z
2024-05-31,P00211,0.03798,111,0.5629,660027.5,2024-06-02T07:00:00Z
2024-06-30,P00211,0.03798,112,0.558,657717.4,2024-07-02T07:00:00Z
2024-07-31,P00211,0.03798,113,0.553,655415.39,2024-08-02T07:00:00Z
2024-08-31,P00211,0.03798,114,0.5481,653121.44,2024-09-02T07:00:00Z
2024-09-30,P00211,0.03798,115,0.5431,650835.51,2024-10-02T07:00:00Z
2024-10-31,P00211,0.03798,116,0.5382,648557.59,2024-11-02T07:00:00Z
2024-11-30,P00211,0.03798,117,0.5332,646287.63,2024-12-02T07:00:00Z
2024-12-31,P00211,0.03798,118,0.5283,644025.63,2025-01-02T07:00:00Z
2025-01-31,P00211,0.03798,119,0.5233,641771.54,2025-02-02T07:00:00Z
2025-02-28,P00211,0.03798,120,0.5184,639525.34,2025-03-02T07:00:00Z
2025-03-31,P00211,0.03798,121,0.5134,637287.0,2025-04-02T07:00:00Z
2025-04-30,P00211,0.03798,122,0.5085,635056.49,2025-05-02T07:00:00Z
2025-05-31,P00211,0.03798,123,0.5035,632833.8,2025-06-02T07:00:00Z
2025-06-30,P00211,0.03798,124,0.4986,630618.88,2025-07-02T07:00:00Z
2025-07-31,P00211,0.03798,125,0.4936,628411.71,2025-08-02T07:00:00Z
2025-08-31,P00211,0.03798,126,0.4887,626212.27,2025-09-02T07:00:00Z
2025-09-30,P00211,0.03798,127,0.4837,624020.53,2025-10-02T07:00:00Z
2025-10-31,P00211,0.03798,128,0.4788,621836.46,2025-11-02T07:00:00Z
2025-11-30,P00211,0.03798,129,0.4738,619660.03,2025-12-02T07:00:00Z
2025-12-31,P00211,0.03798,130,0.4689,617491.22,2026-01-02T07:00:00Z
2023-07-31,P00212,0.05778,1,0.6764,693383.47,2023-08-02T07:00:00Z
2023-08-31,P00212,0.05778,2,0.6712,690956.63,2023-09-02T07:00:00Z
2023-09-30,P00212,0.05778,3,0.666,688538.28,2023-10-02T07:00:00Z
2023-10-31,P00212,0.05778,4,0.6608,686128.4,2023-11-02T07:00:00Z
2023-11-30,P00212,0.05778,5,0.6556,683726.95,2023-12-02T07:00:00Z
2023-12-31,P00212,0.05778,6,0.6504,681333.9,2024-01-02T07:00:00Z
2024-01-31,P00212,0.05778,7,0.6452,678949.23,2024-02-02T07:00:00Z
2024-02-29,P00212,0.05778,8,0.64,676572.91,2024-03-02T07:00:00Z
2024-03-31,P00212,0.05778,9,0.6348,674204.91,2024-04-02T07:00:00Z
2024-04-30,P00212,0.05778,10,0.6295,671845.19,2024-05-02T07:00:00Z
2024-05-31,P00212,0.05778,11,0.6243,669493.73,2024-06-02T07:00:00Z
2024-06-30,P00212,0.05778,12,0.6191,667150.5,2024-07-02T07:00:00Z
2024-07-31,P00212,0.05778,13,0.6139,664815.48,2024-08-02T07:00:00Z
2024-08-31,P00212,0.05778,14,0.6087,662488.62,2024-09-02T07:00:00Z
2024-09-30,P00212,0.05778,15,0.6035,660169.91,2024-10-02T07:00:00Z
2024-10-31,P00212,0.05778,16,0.5983,657859.32,2024-11-02T07:00:00Z
2024-11-30,P00212,0.05778,17,0.5931,655556.81,2024-12-02T07:00:00Z
2024-12-31,P00212,0.05778,18,0.5879,653262.36,2025-01-02T07:00:00Z
2025-01-31,P00212,0.05778,19,0.5827,650975.94,2025-02-02T07:00:00Z
2025-02-28,P00212,0.05778,20,0.5775,648697.53,2025-03-02T07:00:00Z
2025-03-31,P00212,0.05778,21,0.5723,646427.08,2025-04-02T07:00:00Z
2025-04-30,P00212,0.05778,22,0.5671,644164.59,2025-05-02T07:00:00Z
2025-05-31,P00212,0.05778,23,0.5619,641910.01,2025-06-02T07:00:00Z
2025-06-30,P00212,0.05778,24,0.5567,639663.33,2025-07-02T07:00:00Z
2025-07-31,P00212,0.05778,25,0.5515,637424.51,2025-08-02T07:00:00Z
2025-08-31,P00212,0.05778,26,0.5463,635193.52,2025-09-02T07:00:00Z
2025-09-30,P00212,0.05778,27,0.5411,632970.34,2025-10-02T07:00:00Z
2025-10-31,P00212,0.05778,28,0.5358,630754.95,2025-11-02T07:00:00Z
2025-11-30,P00212,0.05778,29,0.5306,628547.31,2025-12-02T07:00:00Z
2025-12-31,P00212,0.05778,30,0.5254,626347.39,2026-01-02T07:00:00Z
2023-07-31,P00213,0.08402,13,0.8036,514136.06,2023-08-02T07:00:00Z
2023-08-31,P00213,0.08402,14,0.7979,512336.58,2023-09-02T07:00:00Z
2023-09-30,P00213,0.08402,15,0.7921,510543.41,2023-10-02T07:00:00Z
2023-10-31,P00213,0.08402,16,0.7864,508756.5,2023-11-02T07:00:00Z
2023-07-31,P00214,0.05877,110,0.597,288497.62,2023-08-02T07:00:00Z
2023-08-31,P00214,0.05877,111,0.5921,287487.88,2023-09-02T07:00:00Z
2023-09-30,P00214,0.05877,112,0.5872,286481.67,2023-10-02T07:00:00Z
2023-10-31,P00214,0.05877,113,0.5823,285478.98,2023-11-02T07:00:00Z
2023-11-30,P00214,0.05877,114,0.5774,284479.81,2023-12-02T07:00:00Z
2023-12-31,P00214,0.05877,115,0.5726,283484.13,2024-01-02T07:00:00Z
2024-01-31,P00214,0.05877,116,0.5677,282491.93,2024-02-02T07:00:00Z
2024-02-29,P00214,0.05877,117,0.5628,281503.21,2024-03-02T07:00:00Z
2024-03-31,P00214,0.05877,118,0.5579,280517.95,2024-04-02T07:00:00Z
2024-04-30,P00214,0.05877,119,0.553,279536.14,2024-05-02T07:00:00Z
2024-05-31,P00214,0.05877,120,0.5481,278557.76,2024-06-02T07:00:00Z
2024-06-30,P00214,0.05877,121,0.5432,277582.81,2024-07-02T07:00:00Z
2024-07-31,P00214,0.05877,122,0.5383,276611.27,2024-08-02T07:00:00Z
2024-08-31,P00214,0.05877,123,0.5335,275643.13,2024-09-02T07:00:00Z
2024-09-30,P00214,0.05877,124,0.5286,274678.38,2024-10-02T07:00:00Z
2024-10-31,P00214,0.05877,125,0.5237,273717.01,2024-11-02T07:00:00Z
2024-11-30,P00214,0.05877,126,0.5188,272759.0,2024-12-02T07:00:00Z
2024-12-31,P00214,0.05877,127,0.5139,271804.34,2025-01-02T07:00:00Z
2025-01-31,P00214,0.05877,128,0.509,270853.02,2025-02-02T07:00:00Z
2025-02-28,P00214,0.05877,129,0.5041,269905.04,2025-03-02T07:00:00Z
2025-03-31,P00214,0.05877,130,0.4992,268960.37,2025-04-02T07:00:00Z
2025-04-30,P00214,0.05877,131,0.4944,268019.01,2025-05-02T07:00:00Z
2025-05-31,P00214,0.05877,132,0.4895,267080.94,2025-06-02T07:00:00Z
2025-06-30,P00214,0.05877,133,0.4846,266146.16,2025-07-02T07:00:00Z
2025-07-31,P00214,0.05877,134,0.4797,265214.65,2025-08-02T07:00:00Z
2025-08-31,P00214,0.05877,135,0.4748,264286.4,2025-09-02T07:00:00Z
2025-09-30,P00214,0.05877,136,0.4699,263361.39,2025-10-02T07:00:00Z
2025-10-31,P00214,0.05877,137,0.465,262439.63,2025-11-02T07:00:00Z
2025-11-30,P00214,0.05877,138,0.4601,261521.09,2025-12-02T07:00:00Z
2025-12-31,P00214,0.05877,139,0.4552,260605.77,2026-01-02T07:00:00Z
2023-07-31,P00215,0.05898,48,0.7323,482640.64,2023-08-02T07:00:00Z
2023-08-31,P00215,0.05898,49,0.7268,480951.4,2023-09-02T07:00:00Z
2023-09-30,P00215,0.05898,50,0.7214,479268.07,2023-10-02T07:00:00Z
2023-10-31,P00215,0.05898,51,0.716,477590.63,2023-11-02T07:00:00Z
2023-11-30,P00215,0.05898,52,0.7106,475919.06,2023-12-02T07:00:00Z
2023-12-31,P00215,0.05898,53,0.7051,474253.35,2024-01-02T07:00:00Z
2024-01-31,P00215,0.05898,54,0.6997,472593.46,2024-02-02T07:00:00Z
2024-02-29,P00215,0.05898,55,0.6943,470939.38,2024-03-02T07:00:00Z
2024-03-31,P00215,0.05898,56,0.6888,469291.09,2024-04-02T07:00:00Z
2024-04-30,P00215,0.05898,57,0.6834,467648.58,2024-05-02T07:00:00Z
2024-05-31,P00215,0.05898,58,0.678,466011.81,2024-06-02T07:00:00Z
2024-06-30,P00215,0.05898,59,0.6725,464380.76,2024-07-02T07:00:00Z
2024-07-31,P00215,0.05898,60,0.6671,462755.43,2024-08-02T07:00:00Z
2024-08-31,P00215,0.05898,61,0.6617,461135.79,2024-09-02T07:00:00Z
2024-09-30,P00215,0.05898,62,0.6563,459521.81,2024-10-02T07:00:00Z
2024-10-31,P00215,0.05898,63,0.6508,457913.49,2024-11-02T07:00:00Z
2024-11-30,P00215,0.05898,64,0.6454,456310.79,2024-12-02T07:00:00Z
2024-12-31,P00215,0.05898,65,0.64,454713.7,2025-01-02T07:00:00Z
2025-01-31,P00215,0.05898,66,0.6345,453122.2,2025-02-02T07:00:00Z
2025-02-28,P00215,0.05898,67,0.6291,451536.27,2025-03-02T07:00:00Z
2025-03-31,P00215,0.05898,68,0.6237,449955.9,2025-04-02T07:00:00Z
2025-04-30,P00215,0.05898,69,0.6183,448381.05,2025-05-02T07:00:00Z
2025-05-31,P00215,0.05898,70,0.6128,446811.72,2025-06-02T07:00:00Z
2025-06-30,P00215,0.05898,71,0.6074,445247.88,2025-07-02T07:00:00Z
2025-07-31,P00215,0.05898,72,0.602,443689.51,2025-08-02T07:00:00Z
2025-08-31,P00215,0.05898,73,0.5965,442136.6,2025-09-02T07:00:00Z
2025-09-30,P00215,0.05898,74,0.5911,440589.12,2025-10-02T07:00:00Z
2025-10-31,P00215,0.05898,75,0.5857,439047.06,2025-11-02T07:00:00Z
2025-11-30,P00215,0.05898,76,0.5803,437510.39,2025-12-02T07:00:00Z
2025-12-31,P00215,0.05898,77,0.5748,435979.11,2026-01-02T07:00:00Z
2023-07-31,P00216,0.05892,111,0.5683,461318.84,2023-08-02T07:00:00Z
2023-08-31,P00216,0.05892,112,0.5636,459704.22,2023-09-02T07:00:00Z
2023-09-30,P00216,0.05892,113,0.5588,458095.26,2023-10-02T07:00:00Z
2023-10-31,P00216,0.05892,114,0.554,456491.93,2023-11-02T07:00:00Z
2023-11-30,P00216,0.05892,115,0.5493,454894.2,2023-12-02T07:00:00Z
2023-12-31,P00216,0.05892,116,0.5445,453302.07,2024-01-02T07:00:00Z
2024-01-31,P00216,0.05892,117,0.5397,451715.52,2024-02-02T07:00:00Z
2024-02-29,P00216,0.05892,118,0.5349,450134.51,2024-03-02T07:00:00Z
2024-03-31,P00216,0.05892,119,0.5302,448559.04,2024-04-02T07:00:00Z
2024-04-30,P00216,0.05892,120,0.5254,446989.09,2024-05-02T07:00:00Z
2024-05-31,P00216,0.05892,121,0.5206,445424.62,2024-06-02T07:00:00Z
2024-06-30,P00216,0.05892,122,0.5158,443865.64,2024-07-02T07:00:00Z
2024-07-31,P00216,0.05892,123,0.5111,442312.11,2024-08-02T07:00:00Z
2024-08-31,P00216,0.05892,124,0.5063,440764.02,2024-09-02T07:00:00Z
2024-09-30,P00216,0.05892,125,0.5015,439221.34,2024-10-02T07:00:00Z
2024-10-31,P00216,0.05892,126,0.4967,437684.07,2024-11-02T07:00:00Z
2024-11-30,P00216,0.05892,127,0.492,436152.17,2024-12-02T07:00:00Z
2024-12-31,P00216,0.05892,128,0.4872,434625.64,2025-01-02T07:00:00Z
2025-01-31,P00216,0.05892,129,0.4824,433104.45,2025-02-02T07:00:00Z
2025-02-28,P00216,0.05892,130,0.4777,431588.58,2025-03-02T07:00:00Z
2025-03-31,P00216,0.05892,131,0.4729,430078.02,2025-04-02T07:00:00Z
2025-04-30,P00216,0.05892,132,0.4681,428572.75,2025-05-02T07:00:00Z
2025-05-31,P00216,0.05892,133,0.4633,427072.75,2025-06-02T07:00:00Z
2025-06-30,P00216,0.05892,134,0.4586,425577.99,2025-07-02T07:00:00Z
2025-07-31,P00216,0.05892,135,0.4538,424088.47,2025-08-02T07:00:00Z
2025-08-31,P00216,0.05892,136,0.449,422604.16,2025-09-02T07:00:00Z
2025-09-30,P00216,0.05892,137,0.4442,421125.04,2025-10-02T07:00:00Z
2025-10-31,P00216,0.05892,138,0.4395,419651.11,2025-11-02T07:00:00Z
2025-11-30,P00216,0.05892,139,0.4347,418182.33,2025-12-02T07:00:00Z
2025-12-31,P00216,0.05892,140,0.4299,416718.69,2026-01-02T07:00:00Z
2023-07-31,P00217,0.04777,65,0.7377,104005.28,2023-08-02T07:00:00Z
2023-08-31,P00217,0.04777,66,0.7323,103641.26,2023-09-02T07:00:00Z
2023-09-30,P00217,0.04777,67,0.7268,103278.52,2023-10-02T07:00:00Z
2023-10-31,P00217,0.04777,68,0.7214,102917.04,2023-11-02T07:00:00Z
2023-11-30,P00217,0.04777,69,0.7159,102556.83,2023-12-02T07:00:00Z
2023-12-31,P00217,0.04777,70,0.7105,102197.88,2024-01-02T07:00:00Z
2024-01-31,P00217,0.04777,71,0.705,101840.19,2024-02-02T07:00:00Z
2024-02-29,P00217,0.04777,72,0.6996,101483.75,2024-03-02T07:00:00Z
2024-03-31,P00217,0.04777,73,0.6941,101128.56,2024-04-02T07:00:00Z
2024-04-30,P00217,0.04777,74,0.6887,100774.61,2024-05-02T07:00:00Z
2024-05-31,P00217,0.04777,75,0.6832,100421.9,2024-06-02T07:00:00Z
2024-06-30,P00217,0.04777,76,0.6778,100070.42,2024-07-02T07:00:00Z
2024-07-31,P00217,0.04777,77,0.6723,99720.17,2024-08-02T07:00:00Z
2024-08-31,P00217,0.04777,78,0.6669,99371.15,2024-09-02T07:00:00Z
2024-09-30,P00217,0.04777,79,0.6614,99023.35,2024-10-02T07:00:00Z
2024-10-31,P00217,0.04777,80,0.656,98676.77,2024-11-02T07:00:00Z
2024-11-30,P00217,0.04777,81,0.6505,98331.4,2024-12-02T07:00:00Z
2023-07-31,P00218,0.06041,49,0.8934,341859.24,2023-08-02T07:00:00Z
2023-08-31,P00218,0.06041,50,0.8873,340662.73,2023-09-02T07:00:00Z
2023-09-30,P00218,0.06041,51,0.8812,339470.41,2023-10-02T07:00:00Z
2023-10-31,P00218,0.06041,52,0.8751,338282.27,2023-11-02T07:00:00Z
2023-11-30,P00218,0.06041,53,0.8691,337098.28,2023-12-02T07:00:00Z
2023-12-31,P00218,0.06041,54,0.863,335918.43,2024-01-02T07:00:00Z
2024-01-31,P00218,0.06041,55,0.8569,334742.72,2024-02-02T07:00:00Z
2024-02-29,P00218,0.06041,56,0.8508,333571.12,2024-03-02T07:00:00Z
2024-03-31,P00218,0.06041,57,0.8448,332403.62,2024-04-02T07:00:00Z
2024-04-30,P00218,0.06041,58,0.8387,331240.21,2024-05-02T07:00:00Z
2024-05-31,P00218,0.06041,59,0.8326,330080.87,2024-06-02T07:00:00Z
2024-06-30,P00218,0.06041,60,0.8265,328925.59,2024-07-02T07:00:00Z
2024-07-31,P00218,0.06041,61,0.8205,327774.35,2024-08-02T07:00:00Z
2024-08-31,P00218,0.06041,62,0.8144,326627.14,2024-09-02T07:00:00Z
2024-09-30,P00218,0.06041,63,0.8083,325483.94,2024-10-02T07:00:00Z
2024-10-31,P00218,0.06041,64,0.8022,324344.75,2024-11-02T07:00:00Z
2024-11-30,P00218,0.06041,65,0.7962,323209.54,2024-12-02T07:00:00Z
2024-12-31,P00218,0.06041,66,0.7901,322078.31,2025-01-02T07:00:00Z
2025-01-31,P00218,0.06041,67,0.784,320951.03,2025-02-02T07:00:00Z
2025-02-28,P00218,0.06041,68,0.778,319827.7,2025-03-02T07:00:00Z
2025-03-31,P00218,0.06041,69,0.7719,318708.31,2025-04-02T07:00:00Z
2025-04-30,P00218,0.06041,70,0.7658,317592.83,2025-05-02T07:00:00Z
2025-05-31,P00218,0.06041,71,0.7597,316481.25,2025-06-02T07:00:00Z
2025-06-30,P00218,0.06041,72,0.7537,315373.57,2025-07-02T07:00:00Z
2025-07-31,P00218,0.06041,73,0.7476,314269.76,2025-08-02T07:00:00Z
2025-08-31,P00218,0.06041,74,0.7415,313169.82,2025-09-02T07:00:00Z
2025-09-30,P00218,0.06041,75,0.7354,312073.72,2025-10-02T07:00:00Z
2025-10-31,P00218,0.06041,76,0.7294,310981.46,2025-11-02T07:00:00Z
2025-11-30,P00218,0.06041,77,0.7233,309893.03,2025-12-02T07:00:00Z
2025-12-31,P00218,0.06041,78,0.7172,308808.4,2026-01-02T07:00:00Z
2023-07-31,P00219,0.05028,26,0.6974,319985.81,2023-08-02T07:00:00Z
2023-08-31,P00219,0.05028,27,0.6921,318865.86,2023-09-02T07:00:00Z
2023-09-30,P00219,0.05028,28,0.6868,317749.83,2023-10-02T07:00:00Z
2023-10-31,P00219,0.05028,29,0.6815,316637.7,2023-11-02T07:00:00Z
2023-11-30,P00219,0.05028,30,0.6762,315529.47,2023-12-02T07:00:00Z
2023-12-31,P00219,0.05028,31,0.6709,314425.12,2024-01-02T07:00:00Z
2024-01-31,P00219,0.05028,32,0.6657,313324.63,2024-02-02T07:00:00Z
2024-02-29,P00219,0.05028,33,0.6604,312228.0,2024-03-02T07:00:00Z
2024-03-31,P00219,0.05028,34,0.6551,311135.2,2024-04-02T07:00:00Z
2024-04-30,P00219,0.05028,35,0.6498,310046.22,2024-05-02T07:00:00Z
2024-05-31,P00219,0.05028,36,0.6445,308961.06,2024-06-02T07:00:00Z
2024-06-30,P00219,0.05028,37,0.6392,307879.7,2024-07-02T07:00:00Z
2024-07-31,P00219,0.05028,38,0.6339,306802.12,2024-08-02T07:00:00Z
2024-08-31,P00219,0.05028,39,0.6286,305728.31,2024-09-02T07:00:00Z
2024-09-30,P00219,0.05028,40,0.6233,304658.26,2024-10-02T07:00:00Z
2024-10-31,P00219,0.05028,41,0.618,303591.96,2024-11-02T07:00:00Z
2024-11-30,P00219,0.05028,42,0.6128,302529.39,2024-12-02T07:00:00Z
2024-12-31,P00219,0.05028,43,0.6075,301470.53,2025-01-02T07:00:00Z
2025-01-31,P00219,0.05028,44,0.6022,300415.39,2025-02-02T07:00:00Z
2025-02-28,P00219,0.05028,45,0.5969,299363.93,2025-03-02T07:00:00Z
2025-03-31,P00219,0.05028,46,0.5916,298316.16,2025-04-02T07:00:00Z
2025-04-30,P00219,0.05028,47,0.5863,297272.05,2025-05-02T07:00:00Z
2025-05-31,P00219,0.05028,48,0.581,296231.6,2025-06-02T07:00:00Z
2025-06-30,P00219,0.05028,49,0.5757,295194.79,2025-07-02T07:00:00Z
2025-07-31,P00219,0.05028,50,0.5704,294161.61,2025-08-02T07:00:00Z
2025-08-31,P00219,0.05028,51,0.5652,293132.04,2025-09-02T07:00:00Z
2025-09-30,P00219,0.05028,52,0.5599,292106.08,2025-10-02T07:00:00Z
2025-10-31,P00219,0.05028,53,0.5546,291083.71,2025-11-02T07:00:00Z
2025-11-30,P00219,0.05028,54,0.5493,290064.92,2025-12-02T07:00:00Z
2025-12-31,P00219,0.05028,55,0.544,289049.69,2026-01-02T07:00:00Z
2023-07-31,P00220,0.05526,80,0.8393,363504.53,2023-08-02T07:00:00Z
2023-08-31,P00220,0.05526,81,0.8334,362232.26,2023-09-02T07:00:00Z
2023-09-30,P00220,0.05526,82,0.8276,360964.45,2023-10-02T07:00:00Z
2023-10-31,P00220,0.05526,83,0.8217,359701.08,2023-11-02T07:00:00Z
2023-11-30,P00220,0.05526,84,0.8159,358442.12,2023-12-02T07:00:00Z
2023-12-31,P00220,0.05526,85,0.81,357187.57,2024-01-02T07:00:00Z
2023-07-31,P00221,0.08836,104,0.8127,682134.43,2023-08-02T07:00:00Z
2023-08-31,P00221,0.08836,105,0.807,679746.96,2023-09-02T07:00:00Z
2023-09-30,P00221,0.08836,106,0.8012,677367.85,2023-10-02T07:00:00Z
2023-10-31,P00221,0.08836,107,0.7955,674997.06,2023-11-02T07:00:00Z
2023-11-30,P00221,0.08836,108,0.7897,672634.57,2023-12-02T07:00:00Z
2023-12-31,P00221,0.08836,109,0.784,670280.35,2024-01-02T07:00:00Z
2024-01-31,P00221,0.08836,110,0.7782,667934.37,2024-02-02T07:00:00Z
2024-02-29,P00221,0.08836,111,0.7725,665596.6,2024-03-02T07:00:00Z
2024-03-31,P00221,0.08836,112,0.7667,663267.01,2024-04-02T07:00:00Z
2024-04-30,P00221,0.08836,113,0.761,660945.57,2024-05-02T07:00:00Z
2024-05-31,P00221,0.08836,114,0.7552,658632.26,2024-06-02T07:00:00Z
2024-06-30,P00221,0.08836,115,0.7495,656327.05,2024-07-02T07:00:00Z
2024-07-31,P00221,0.08836,116,0.7437,654029.91,2024-08-02T07:00:00Z
2024-08-31,P00221,0.08836,117,0.738,651740.8,2024-09-02T07:00:00Z
2024-09-30,P00221,0.08836,118,0.7322,649459.71,2024-10-02T07:00:00Z
2024-10-31,P00221,0.08836,119,0.7265,647186.6,2024-11-02T07:00:00Z
2024-11-30,P00221,0.08836,120,0.7207,644921.45,2024-12-02T07:00:00Z
2024-12-31,P00221,0.08836,121,0.7149,642664.22,2025-01-02T07:00:00Z
2025-01-31,P00221,0.08836,122,0.7092,640414.9,2025-02-02T07:00:00Z
2025-02-28,P00221,0.08836,123,0.7034,638173.44,2025-03-02T07:00:00Z
2025-03-31,P00221,0.08836,124,0.6977,635939.84,2025-04-02T07:00:00Z
2025-04-30,P00221,0.08836,125,0.6919,633714.05,2025-05-02T07:00:00Z
2025-05-31,P00221,0.08836,126,0.6862,631496.05,2025-06-02T07:00:00Z
2023-07-31,P00222,0.04914,10,0.6589,407429.87,2023-08-02T07:00:00Z
2023-08-31,P00222,0.04914,11,0.6538,406003.87,2023-09-02T07:00:00Z
2023-09-30,P00222,0.04914,12,0.6487,404582.85,2023-10-02T07:00:00Z
2023-10-31,P00222,0.04914,13,0.6435,403166.81,2023-11-02T07:00:00Z
2023-11-30,P00222,0.04914,14,0.6384,401755.73,2023-12-02T07:00:00Z
2023-12-31,P00222,0.04914,15,0.6333,400349.58,2024-01-02T07:00:00Z
2024-01-31,P00222,0.04914,16,0.6281,398948.36,2024-02-02T07:00:00Z
2024-02-29,P00222,0.04914,17,0.623,397552.04,2024-03-02T07:00:00Z
2024-03-31,P00222,0.04914,18,0.6178,396160.61,2024-04-02T07:00:00Z
2024-04-30,P00222,0.04914,19,0.6127,394774.05,2024-05-02T07:00:00Z
2024-05-31,P00222,0.04914,20,0.6076,393392.34,2024-06-02T07:00:00Z
2024-06-30,P00222,0.04914,21,0.6024,392015.46,2024-07-02T07:00:00Z
2024-07-31,P00222,0.04914,22,0.5973,390643.41,2024-08-02T07:00:00Z
2024-08-31,P00222,0.04914,23,0.5922,389276.16,2024-09-02T07:00:00Z
2024-09-30,P00222,0.04914,24,0.587,387913.69,2024-10-02T07:00:00Z
2024-10-31,P00222,0.04914,25,0.5819,386555.99,2024-11-02T07:00:00Z
2024-11-30,P00222,0.04914,26,0.5768,385203.05,2024-12-02T07:00:00Z
2024-12-31,P00222,0.04914,27,0.5716,383854.84,2025-01-02T07:00:00Z
2025-01-31,P00222,0.04914,28,0.5665,382511.34,2025-02-02T07:00:00Z
2025-02-28,P00222,0.04914,29,0.5614,381172.55,2025-03-02T07:00:00Z
2025-03-31,P00222,0.04914,30,0.5562,379838.45,2025-04-02T07:00:00Z
2025-04-30,P00222,0.04914,31,0.5511,378509.02,2025-05-02T07:00:00Z
2025-05-31,P00222,0.04914,32,0.5459,377184.23,2025-06-02T07:00:00Z
2025-06-30,P00222,0.04914,33,0.5408,375864.09,2025-07-02T07:00:00Z
2025-07-31,P00222,0.04914,34,0.5357,374548.57,2025-08-02T07:00:00Z
2023-07-31,P00223,0.05934,40,0.5987,116424.03,2023-08-02T07:00:00Z
2023-08-31,P00223,0.05934,41,0.5938,116016.55,2023-09-02T07:00:00Z
2023-09-30,P00223,0.05934,42,0.5889,115610.49,2023-10-02T07:00:00Z
2023-10-31,P00223,0.05934,43,0.584,115205.85,2023-11-02T07:00:00Z
2023-11-30,P00223,0.05934,44,0.5791,114802.63,2023-12-02T07:00:00Z
2023-12-31,P00223,0.05934,45,0.5742,114400.82,2024-01-02T07:00:00Z
2024-01-31,P00223,0.05934,46,0.5693,114000.42,2024-02-02T07:00:00Z
2024-02-29,P00223,0.05934,47,0.5644,113601.42,2024-03-02T07:00:00Z
2024-03-31,P00223,0.05934,48,0.5595,113203.81,2024-04-02T07:00:00Z
2024-04-30,P00223,0.05934,49,0.5546,112807.6,2024-05-02T07:00:00Z
2024-05-31,P00223,0.05934,50,0.5497,112412.77,2024-06-02T07:00:00Z
2024-06-30,P00223,0.05934,51,0.5448,112019.33,2024-07-02T07:00:00Z
2024-07-31,P00223,0.05934,52,0.5399,111627.26,2024-08-02T07:00:00Z
2024-08-31,P00223,0.05934,53,0.535,111236.56,2024-09-02T07:00:00Z
2024-09-30,P00223,0.05934,54,0.5301,110847.24,2024-10-02T07:00:00Z
2024-10-31,P00223,0.05934,55,0.5252,110459.27,2024-11-02T07:00:00Z
2024-11-30,P00223,0.05934,56,0.5203,110072.66,2024-12-02T07:00:00Z
2024-12-31,P00223,0.05934,57,0.5155,109687.41,2025-01-02T07:00:00Z
2023-07-31,P00224,0.04701,126,0.793,228087.08,2023-08-02T07:00:00Z
2023-08-31,P00224,0.04701,127,0.7874,227288.78,2023-09-02T07:00:00Z
2023-09-30,P00224,0.04701,128,0.7817,226493.26,2023-10-02T07:00:00Z
2023-10-31,P00224,0.04701,129,0.776,225700.54,2023-11-02T07:00:00Z
2023-11-30,P00224,0.04701,130,0.7703,224910.59,2023-12-02T07:00:00Z
2023-12-31,P00224,0.04701,131,0.7647,224123.4,2024-01-02T07:00:00Z
2024-01-31,P00224,0.04701,132,0.759,223338.97,2024-02-02T07:00:00Z
2024-02-29,P00224,0.04701,133,0.7533,222557.28,2024-03-02T07:00:00Z
2024-03-31,P00224,0.04701,134,0.7477,221778.33,2024-04-02T07:00:00Z
2024-04-30,P00224,0.04701,135,0.742,221002.11,2024-05-02T07:00:00Z
2024-05-31,P00224,0.04701,136,0.7363,220228.6,2024-06-02T07:00:00Z
2024-06-30,P00224,0.04701,137,0.7306,219457.8,2024-07-02T07:00:00Z
2024-07-31,P00224,0.04701,138,0.725,218689.7,2024-08-02T07:00:00Z
2024-08-31,P00224,0.04701,139,0.7193,217924.28,2024-09-02T07:00:00Z
2024-09-30,P00224,0.04701,140,0.7136,217161.55,2024-10-02T07:00:00Z
2024-10-31,P00224,0.04701,141,0.708,216401.48,2024-11-02T07:00:00Z
2024-11-30,P00224,0.04701,142,0.7023,215644.08,2024-12-02T07:00:00Z
2024-12-31,P00224,0.04701,143,0.6966,214889.32,2025-01-02T07:00:00Z
2025-01-31,P00224,0.04701,144,0.6909,214137.21,2025-02-02T07:00:00Z
2025-02-28,P00224,0.04701,145,0.6853,213387.73,2025-03-02T07:00:00Z
2025-03-31,P00224,0.04701,146,0.6796,212640.87,2025-04-02T07:00:00Z
2025-04-30,P00224,0.04701,147,0.6739,211896.63,2025-05-02T07:00:00Z
2025-05-31,P00224,0.04701,148,0.6682,211154.99,2025-06-02T07:00:00Z
2025-06-30,P00224,0.04701,149,0.6626,210415.95,2025-07-02T07:00:00Z
2025-07-31,P00224,0.04701,150,0.6569,209679.49,2025-08-02T07:00:00Z
2025-08-31,P00224,0.04701,151,0.6512,208945.61,2025-09-02T07:00:00Z
2025-09-30,P00224,0.04701,152,0.6456,208214.31,2025-10-02T07:00:00Z
2025-10-31,P00224,0.04701,153,0.6399,207485.56,2025-11-02T07:00:00Z
2025-11-30,P00224,0.04701,154,0.6342,206759.36,2025-12-02T07:00:00Z
2025-12-31,P00224,0.04701,155,0.6285,206035.7,2026-01-02T07:00:00Z
2023-07-31,P00225,0.05025,119,0.7989,502410.07,2023-08-02T07:00:00Z
2023-08-31,P00225,0.05025,120,0.7932,500651.63,2023-09-02T07:00:00Z
2023-09-30,P00225,0.05025,121,0.7875,498899.35,2023-10-02T07:00:00Z
2023-07-31,P00226,0.05359,51,0.9495,305339.92,2023-08-02T07:00:00Z
2023-08-31,P00226,0.05359,52,0.9432,304271.23,2023-09-02T07:00:00Z
2023-09-30,P00226,0.05359,53,0.9369,303206.28,2023-10-02T07:00:00Z
2023-10-31,P00226,0.05359,54,0.9306,302145.06,2023-11-02T07:00:00Z
2023-11-30,P00226,0.05359,55,0.9243,301087.55,2023-12-02T07:00:00Z
2023-12-31,P00226,0.05359,56,0.918,300033.74,2024-01-02T07:00:00Z
2024-01-31,P00226,0.05359,57,0.9117,298983.63,2024-02-02T07:00:00Z
2024-02-29,P00226,0.05359,58,0.9054,297937.18,2024-03-02T07:00:00Z
2024-03-31,P00226,0.05359,59,0.8991,296894.4,2024-04-02T07:00:00Z
2024-04-30,P00226,0.05359,60,0.8928,295855.27,2024-05-02T07:00:00Z
2024-05-31,P00226,0.05359,61,0.8865,294819.78,2024-06-02T07:00:00Z
2024-06-30,P00226,0.05359,62,0.8802,293787.91,2024-07-02T07:00:00Z
2024-07-31,P00226,0.05359,63,0.8739,292759.65,2024-08-02T07:00:00Z
2024-08-31,P00226,0.05359,64,0.8676,291734.99,2024-09-02T07:00:00Z
2024-09-30,P00226,0.05359,65,0.8613,290713.92,2024-10-02T07:00:00Z
2024-10-31,P00226,0.05359,66,0.855,289696.42,2024-11-02T07:00:00Z
2024-11-30,P00226,0.05359,67,0.8487,288682.49,2024-12-02T07:00:00Z
2024-12-31,P00226,0.05359,68,0.8424,287672.1,2025-01-02T07:00:00Z
2025-01-31,P00226,0.05359,69,0.8361,286665.24,2025-02-02T07:00:00Z
2025-02-28,P00226,0.05359,70,0.8298,285661.92,2025-03-02T07:00:00Z
2025-03-31,P00226,0.05359,71,0.8235,284662.1,2025-04-02T07:00:00Z
2025-04-30,P00226,0.05359,72,0.8172,283665.78,2025-05-02T07:00:00Z
2025-05-31,P00226,0.05359,73,0.8109,282672.95,2025-06-02T07:00:00Z
2025-06-30,P00226,0.05359,74,0.8046,281683.6,2025-07-02T07:00:00Z
2025-07-31,P00226,0.05359,75,0.7983,280697.7,2025-08-02T07:00:00Z
2025-08-31,P00226,0.05359,76,0.792,279715.26,2025-09-02T07:00:00Z
2025-09-30,P00226,0.05359,77,0.7857,278736.26,2025-10-02T07:00:00Z
2025-10-31,P00226,0.05359,78,0.7794,277760.68,2025-11-02T07:00:00Z
2025-11-30,P00226,0.05359,79,0.7731,276788.52,2025-12-02T07:00:00Z
2025-12-31,P00226,0.05359,80,0.7668,275819.76,2026-01-02T07:00:00Z
2023-07-31,P00227,0.03458,30,0.6664,593082.6,2023-08-02T07:00:00Z
2023-08-31,P00227,0.03458,31,0.6612,591006.81,2023-09-02T07:00:00Z
2023-09-30,P00227,0.03458,32,0.656,588938.29,2023-10-02T07:00:00Z
2023-10-31,P00227,0.03458,33,0.6509,586877.0,2023-11-02T07:00:00Z
2023-11-30,P00227,0.03458,34,0.6457,584822.93,2023-12-02T07:00:00Z
2023-12-31,P00227,0.03458,35,0.6405,582776.05,2024-01-02T07:00:00Z
2024-01-31,P00227,0.03458,36,0.6354,580736.34,2024-02-02T07:00:00Z
2024-02-29,P00227,0.03458,37,0.6302,578703.76,2024-03-02T07:00:00Z
2024-03-31,P00227,0.03458,38,0.625,576678.3,2024-04-02T07:00:00Z
2024-04-30,P00227,0.03458,39,0.6199,574659.92,2024-05-02T07:00:00Z
2024-05-31,P00227,0.03458,40,0.6147,572648.61,2024-06-02T07:00:00Z
2024-06-30,P00227,0.03458,41,0.6095,570644.34,2024-07-02T07:00:00Z
2024-07-31,P00227,0.03458,42,0.6044,568647.09,2024-08-02T07:00:00Z
2024-08-31,P00227,0.03458,43,0.5992,566656.82,2024-09-02T07:00:00Z
2024-09-30,P00227,0.03458,44,0.594,564673.52,2024-10-02T07:00:00Z
2024-10-31,P00227,0.03458,45,0.5889,562697.17,2024-11-02T07:00:00Z
2024-11-30,P00227,0.03458,46,0.5837,560727.73,2024-12-02T07:00:00Z
2024-12-31,P00227,0.03458,47,0.5785,558765.18,2025-01-02T07:00:00Z
2025-01-31,P00227,0.03458,48,0.5734,556809.5,2025-02-02T07:00:00Z
2025-02-28,P00227,0.03458,49,0.5682,554860.67,2025-03-02T07:00:00Z
2025-03-31,P00227,0.03458,50,0.563,552918.66,2025-04-02T07:00:00Z
2025-04-30,P00227,0.03458,51,0.5579,550983.44,2025-05-02T07:00:00Z
2025-05-31,P00227,0.03458,52,0.5527,549055.0,2025-06-02T07:00:00Z
2025-06-30,P00227,0.03458,53,0.5475,547133.31,2025-07-02T07:00:00Z
2025-07-31,P00227,0.03458,54,0.5424,545218.34,2025-08-02T07:00:00Z
2025-08-31,P00227,0.03458,55,0.5372,543310.08,2025-09-02T07:00:00Z
2025-09-30,P00227,0.03458,56,0.5321,541408.49,2025-10-02T07:00:00Z
2025-10-31,P00227,0.03458,57,0.5269,539513.56,2025-11-02T07:00:00Z
2025-11-30,P00227,0.03458,58,0.5217,537625.26,2025-12-02T07:00:00Z
2025-12-31,P00227,0.03458,59,0.5166,535743.57,2026-01-02T07:00:00Z
2023-07-31,P00228,0.05422,50,0.5729,140599.54,2023-08-02T07:00:00Z
2023-08-31,P00228,0.05422,51,0.5681,140107.44,2023-09-02T07:00:00Z
2023-09-30,P00228,0.05422,52,0.5633,139617.07,2023-10-02T07:00:00Z
2023-10-31,P00228,0.05422,53,0.5585,139128.41,2023-11-02T07:00:00Z
2023-11-30,P00228,0.05422,54,0.5537,138641.46,2023-12-02T07:00:00Z
2023-12-31,P00228,0.05422,55,0.5489,138156.21,2024-01-02T07:00:00Z
2024-01-31,P00228,0.05422,56,0.5442,137672.66,2024-02-02T07:00:00Z
2024-02-29,P00228,0.05422,57,0.5394,137190.81,2024-03-02T07:00:00Z
2024-03-31,P00228,0.05422,58,0.5346,136710.64,2024-04-02T07:00:00Z
2024-04-30,P00228,0.05422,59,0.5298,136232.16,2024-05-02T07:00:00Z
2024-05-31,P00228,0.05422,60,0.525,135755.34,2024-06-02T07:00:00Z
2024-06-30,P00228,0.05422,61,0.5202,135280.2,2024-07-02T07:00:00Z
2024-07-31,P00228,0.05422,62,0.5154,134806.72,2024-08-02T07:00:00Z
2024-08-31,P00228,0.05422,63,0.5106,134334.89,2024-09-02T07:00:00Z
2024-09-30,P00228,0.05422,64,0.5058,133864.72,2024-10-02T07:00:00Z
2024-10-31,P00228,0.05422,65,0.501,133396.2,2024-11-02T07:00:00Z
2024-11-30,P00228,0.05422,66,0.4962,132929.31,2024-12-02T07:00:00Z
2024-12-31,P00228,0.05422,67,0.4915,132464.06,2025-01-02T07:00:00Z
2025-01-31,P00228,0.05422,68,0.4867,132000.43,2025-02-02T07:00:00Z
2025-02-28,P00228,0.05422,69,0.4819,131538.43,2025-03-02T07:00:00Z
2025-03-31,P00228,0.05422,70,0.4771,131078.05,2025-04-02T07:00:00Z
2025-04-30,P00228,0.05422,71,0.4723,130619.27,2025-05-02T07:00:00Z
2025-05-31,P00228,0.05422,72,0.4675,130162.11,2025-06-02T07:00:00Z
2025-06-30,P00228,0.05422,73,0.4627,129706.54,2025-07-02T07:00:00Z
2025-07-31,P00228,0.05422,74,0.4579,129252.57,2025-08-02T07:00:00Z
2025-08-31,P00228,0.05422,75,0.4531,128800.18,2025-09-02T07:00:00Z
2025-09-30,P00228,0.05422,76,0.4483,128349.38,2025-10-02T07:00:00Z
2025-10-31,P00228,0.05422,77,0.4435,127900.16,2025-11-02T07:00:00Z
2025-11-30,P00228,0.05422,78,0.4387,127452.51,2025-12-02T07:00:00Z
2025-12-31,P00228,0.05422,79,0.434,127006.42,2026-01-02T07:00:00Z
2023-07-31,P00229,0.03873,55,0.6584,294078.77,2023-08-02T07:00:00Z
2023-08-31,P00229,0.03873,56,0.6532,293049.49,2023-09-02T07:00:00Z
2023-09-30,P00229,0.03873,57,0.6481,292023.82,2023-10-02T07:00:00Z
2023-10-31,P00229,0.03873,58,0.643,291001.74,2023-11-02T07:00:00Z
2023-11-30,P00229,0.03873,59,0.6378,289983.23,2023-12-02T07:00:00Z
2023-12-31,P00229,0.03873,60,0.6327,288968.29,2024-01-02T07:00:00Z
2024-01-31,P00229,0.03873,61,0.6276,287956.9,2024-02-02T07:00:00Z
2024-02-29,P00229,0.03873,62,0.6224,286949.05,2024-03-02T07:00:00Z
2024-03-31,P00229,0.03873,63,0.6173,285944.73,2024-04-02T07:00:00Z
2024-04-30,P00229,0.03873,64,0.6122,284943.92,2024-05-02T07:00:00Z
2024-05-31,P00229,0.03873,65,0.607,283946.62,2024-06-02T07:00:00Z
2024-06-30,P00229,0.03873,66,0.6019,282952.81,2024-07-02T07:00:00Z
2024-07-31,P00229,0.03873,67,0.5968,281962.47,2024-08-02T07:00:00Z
2024-08-31,P00229,0.03873,68,0.5916,280975.6,2024-09-02T07:00:00Z
2024-09-30,P00229,0.03873,69,0.5865,279992.19,2024-10-02T07:00:00Z
2024-10-31,P00229,0.03873,70,0.5814,279012.22,2024-11-02T07:00:00Z
2024-11-30,P00229,0.03873,71,0.5762,278035.67,2024-12-02T07:00:00Z
2024-12-31,P00229,0.03873,72,0.5711,277062.55,2025-01-02T07:00:00Z
2025-01-31,P00229,0.03873,73,0.566,276092.83,2025-02-02T07:00:00Z
2025-02-28,P00229,0.03873,74,0.5608,275126.5,2025-03-02T07:00:00Z
2025-03-31,P00229,0.03873,75,0.5557,274163.56,2025-04-02T07:00:00Z
2025-04-30,P00229,0.03873,76,0.5506,273203.99,2025-05-02T07:00:00Z
2025-05-31,P00229,0.03873,77,0.5454,272247.78,2025-06-02T07:00:00Z
2025-06-30,P00229,0.03873,78,0.5403,271294.91,2025-07-02T07:00:00Z
2025-07-31,P00229,0.03873,79,0.5351,270345.38,2025-08-02T07:00:00Z
2025-08-31,P00229,0.03873,80,0.53,269399.17,2025-09-02T07:00:00Z
2025-09-30,P00229,0.03873,81,0.5249,268456.27,2025-10-02T07:00:00Z
2025-10-31,P00229,0.03873,82,0.5197,267516.67,2025-11-02T07:00:00Z
2025-11-30,P00229,0.03873,83,0.5146,266580.37,2025-12-02T07:00:00Z
2025-12-31,P00229,0.03873,84,0.5095,265647.33,2026-01-02T07:00:00Z
2023-07-31,P00230,0.04784,32,0.8923,188132.99,2023-08-02T07:00:00Z
2023-08-31,P00230,0.04784,33,0.8863,187474.52,2023-09-02T07:00:00Z
2023-09-30,P00230,0.04784,34,0.8802,186818.36,2023-10-02T07:00:00Z
2023-10-31,P00230,0.04784,35,0.8741,186164.5,2023-11-02T07:00:00Z
2023-11-30,P00230,0.04784,36,0.8681,185512.92,2023-12-02T07:00:00Z
2023-12-31,P00230,0.04784,37,0.862,184863.63,2024-01-02T07:00:00Z
2024-01-31,P00230,0.04784,38,0.8559,184216.61,2024-02-02T07:00:00Z
2024-02-29,P00230,0.04784,39,0.8499,183571.85,2024-03-02T07:00:00Z
2024-03-31,P00230,0.04784,40,0.8438,182929.35,2024-04-02T07:00:00Z
2024-04-30,P00230,0.04784,41,0.8377,182289.09,2024-05-02T07:00:00Z
2024-05-31,P00230,0.04784,42,0.8316,181651.08,2024-06-02T07:00:00Z
2024-06-30,P00230,0.04784,43,0.8256,181015.3,2024-07-02T07:00:00Z
2024-07-31,P00230,0.04784,44,0.8195,180381.75,2024-08-02T07:00:00Z
2024-08-31,P00230,0.04784,45,0.8134,179750.41,2024-09-02T07:00:00Z
2024-09-30,P00230,0.04784,46,0.8074,179121.29,2024-10-02T07:00:00Z
2024-10-31,P00230,0.04784,47,0.8013,178494.36,2024-11-02T07:00:00Z
2024-11-30,P00230,0.04784,48,0.7952,177869.63,2024-12-02T07:00:00Z
2024-12-31,P00230,0.04784,49,0.7892,177247.09,2025-01-02T07:00:00Z
2025-01-31,P00230,0.04784,50,0.7831,176626.72,2025-02-02T07:00:00Z
2025-02-28,P00230,0.04784,51,0.777,176008.53,2025-03-02T07:00:00Z
2025-03-31,P00230,0.04784,52,0.7709,175392.5,2025-04-02T07:00:00Z
2025-04-30,P00230,0.04784,53,0.7649,174778.63,2025-05-02T07:00:00Z
2025-05-31,P00230,0.04784,54,0.7588,174166.9,2025-06-02T07:00:00Z
2025-06-30,P00230,0.04784,55,0.7527,173557.32,2025-07-02T07:00:00Z
2025-07-31,P00230,0.04784,56,0.7467,172949.87,2025-08-02T07:00:00Z
2025-08-31,P00230,0.04784,57,0.7406,172344.54,2025-09-02T07:00:00Z
2025-09-30,P00230,0.04784,58,0.7345,171741.34,2025-10-02T07:00:00Z
2025-10-31,P00230,0.04784,59,0.7285,171140.24,2025-11-02T07:00:00Z
2025-11-30,P00230,0.04784,60,0.7224,170541.25,2025-12-02T07:00:00Z
2025-12-31,P00230,0.04784,61,0.7163,169944.36,2026-01-02T07:00:00Z
2023-07-31,P00231,0.04919,14,0.6156,159149.93,2023-08-02T07:00:00Z
2023-08-31,P00231,0.04919,15,0.6107,158592.91,2023-09-02T07:00:00Z
2023-09-30,P00231,0.04919,16,0.6057,158037.83,2023-10-02T07:00:00Z
2023-10-31,P00231,0.04919,17,0.6007,157484.7,2023-11-02T07:00:00Z
2023-11-30,P00231,0.04919,18,0.5958,156933.5,2023-12-02T07:00:00Z
2023-12-31,P00231,0.04919,19,0.5908,156384.23,2024-01-02T07:00:00Z
2024-01-31,P00231,0.04919,20,0.5858,155836.89,2024-02-02T07:00:00Z
2024-02-29,P00231,0.04919,21,0.5809,155291.46,2024-03-02T07:00:00Z
2024-03-31,P00231,0.04919,22,0.5759,154747.94,2024-04-02T07:00:00Z
2024-04-30,P00231,0.04919,23,0.571,154206.32,2024-05-02T07:00:00Z
2024-05-31,P00231,0.04919,24,0.566,153666.6,2024-06-02T07:00:00Z
2024-06-30,P00231,0.04919,25,0.561,153128.77,2024-07-02T07:00:00Z
2024-07-31,P00231,0.04919,26,0.5561,152592.82,2024-08-02T07:00:00Z
2024-08-31,P00231,0.04919,27,0.5511,152058.74,2024-09-02T07:00:00Z
2024-09-30,P00231,0.04919,28,0.5461,151526.54,2024-10-02T07:00:00Z
2024-10-31,P00231,0.04919,29,0.5412,150996.19,2024-11-02T07:00:00Z
2024-11-30,P00231,0.04919,30,0.5362,150467.71,2024-12-02T07:00:00Z
2023-07-31,P00232,0.06415,116,0.6708,668839.99,2023-08-02T07:00:00Z
2023-08-31,P00232,0.06415,117,0.6656,666499.05,2023-09-02T07:00:00Z
2023-09-30,P00232,0.06415,118,0.6604,664166.3,2023-10-02T07:00:00Z
2023-10-31,P00232,0.06415,119,0.6552,661841.72,2023-11-02T07:00:00Z
2023-11-30,P00232,0.06415,120,0.65,659525.28,2023-12-02T07:00:00Z
2023-12-31,P00232,0.06415,121,0.6449,657216.94,2024-01-02T07:00:00Z
2024-01-31,P00232,0.06415,122,0.6397,654916.68,2024-02-02T07:00:00Z
2024-02-29,P00232,0.06415,123,0.6345,652624.47,2024-03-02T07:00:00Z
2024-03-31,P00232,0.06415,124,0.6293,650340.28,2024-04-02T07:00:00Z
2024-04-30,P00232,0.06415,125,0.6241,648064.09,2024-05-02T07:00:00Z
2024-05-31,P00232,0.06415,126,0.619,645795.87,2024-06-02T07:00:00Z
2024-06-30,P00232,0.06415,127,0.6138,643535.58,2024-07-02T07:00:00Z
2024-07-31,P00232,0.06415,128,0.6086,641283.21,2024-08-02T07:00:00Z
2024-08-31,P00232,0.06415,129,0.6034,639038.72,2024-09-02T07:00:00Z
2024-09-30,P00232,0.06415,130,0.5982,636802.08,2024-10-02T07:00:00Z
2024-10-31,P00232,0.06415,131,0.593,634573.27,2024-11-02T07:00:00Z
2024-11-30,P00232,0.06415,132,0.5879,632352.27,2024-12-02T07:00:00Z
2024-12-31,P00232,0.06415,133,0.5827,630139.03,2025-01-02T07:00:00Z
2023-07-31,P00233,0.04536,25,0.5336,185592.88,2023-08-02T07:00:00Z
2023-08-31,P00233,0.04536,26,0.529,184943.3,2023-09-02T07:00:00Z
2023-09-30,P00233,0.04536,27,0.5244,184296.0,2023-10-02T07:00:00Z
2023-10-31,P00233,0.04536,28,0.5197,183650.97,2023-11-02T07:00:00Z
2023-11-30,P00233,0.04536,29,0.5151,183008.19,2023-12-02T07:00:00Z
2023-12-31,P00233,0.04536,30,0.5105,182367.66,2024-01-02T07:00:00Z
2024-01-31,P00233,0.04536,31,0.5058,181729.37,2024-02-02T07:00:00Z
2024-02-29,P00233,0.04536,32,0.5012,181093.32,2024-03-02T07:00:00Z
2024-03-31,P00233,0.04536,33,0.4966,180459.49,2024-04-02T07:00:00Z
2024-04-30,P00233,0.04536,34,0.4919,179827.89,2024-05-02T07:00:00Z
2024-05-31,P00233,0.04536,35,0.4873,179198.49,2024-06-02T07:00:00Z
2024-06-30,P00233,0.04536,36,0.4827,178571.29,2024-07-02T07:00:00Z
2024-07-31,P00233,0.04536,37,0.478,177946.29,2024-08-02T07:00:00Z
2024-08-31,P00233,0.04536,38,0.4734,177323.48,2024-09-02T07:00:00Z
2024-09-30,P00233,0.04536,39,0.4688,176702.85,2024-10-02T07:00:00Z
2024-10-31,P00233,0.04536,40,0.4641,176084.39,2024-11-02T07:00:00Z
2024-11-30,P00233,0.04536,41,0.4595,175468.09,2024-12-02T07:00:00Z
2024-12-31,P00233,0.04536,42,0.4548,174853.96,2025-01-02T07:00:00Z
2025-01-31,P00233,0.04536,43,0.4502,174241.97,2025-02-02T07:00:00Z
2025-02-28,P00233,0.04536,44,0.4456,173632.12,2025-03-02T07:00:00Z
2025-03-31,P00233,0.04536,45,0.4409,173024.41,2025-04-02T07:00:00Z
2025-04-30,P00233,0.04536,46,0.4363,172418.82,2025-05-02T07:00:00Z
2025-05-31,P00233,0.04536,47,0.4317,171815.36,2025-06-02T07:00:00Z
2025-06-30,P00233,0.04536,48,0.427,171214.0,2025-07-02T07:00:00Z
2025-07-31,P00233,0.04536,49,0.4224,170614.75,2025-08-02T07:00:00Z
2025-08-31,P00233,0.04536,50,0.4178,170017.6,2025-09-02T07:00:00Z
2025-09-30,P00233,0.04536,51,0.4131,169422.54,2025-10-02T07:00:00Z
2025-10-31,P00233,0.04536,52,0.4085,168829.56,2025-11-02T07:00:00Z
2025-11-30,P00233,0.04536,53,0.4039,168238.66,2025-12-02T07:00:00Z
2025-12-31,P00233,0.04536,54,0.3992,167649.82,2026-01-02T07:00:00Z
2023-07-31,P00234,0.05356,88,0.8645,299798.45,2023-08-02T07:00:00Z
2023-08-31,P00234,0.05356,89,0.8585,298749.16,2023-09-02T07:00:00Z
2023-09-30,P00234,0.05356,90,0.8525,297703.53,2023-10-02T07:00:00Z
2023-10-31,P00234,0.05356,91,0.8466,296661.57,2023-11-02T07:00:00Z
2023-11-30,P00234,0.05356,92,0.8406,295623.26,2023-12-02T07:00:00Z
2023-12-31,P00234,0.05356,93,0.8347,294588.57,2024-01-02T07:00:00Z
2024-01-31,P00234,0.05356,94,0.8287,293557.51,2024-02-02T07:00:00Z
2024-02-29,P00234,0.05356,95,0.8228,292530.06,2024-03-02T07:00:00Z
2024-03-31,P00234,0.05356,96,0.8168,291506.21,2024-04-02T07:00:00Z
2024-04-30,P00234,0.05356,97,0.8108,290485.94,2024-05-02T07:00:00Z
2024-05-31,P00234,0.05356,98,0.8049,289469.24,2024-06-02T07:00:00Z
2024-06-30,P00234,0.05356,99,0.7989,288456.09,2024-07-02T07:00:00Z
2024-07-31,P00234,0.05356,100,0.793,287446.5,2024-08-02T07:00:00Z
2024-08-31,P00234,0.05356,101,0.787,286440.43,2024-09-02T07:00:00Z
2024-09-30,P00234,0.05356,102,0.781,285437.89,2024-10-02T07:00:00Z
2024-10-31,P00234,0.05356,103,0.7751,284438.86,2024-11-02T07:00:00Z
2024-11-30,P00234,0.05356,104,0.7691,283443.32,2024-12-02T07:00:00Z
2024-12-31,P00234,0.05356,105,0.7632,282451.27,2025-01-02T07:00:00Z
2025-01-31,P00234,0.05356,106,0.7572,281462.69,2025-02-02T07:00:00Z
2025-02-28,P00234,0.05356,107,0.7513,280477.57,2025-03-02T07:00:00Z
2025-03-31,P00234,0.05356,108,0.7453,279495.9,2025-04-02T07:00:00Z
2025-04-30,P00234,0.05356,109,0.7393,278517.67,2025-05-02T07:00:00Z
2025-05-31,P00234,0.05356,110,0.7334,277542.85,2025-06-02T07:00:00Z
2025-06-30,P00234,0.05356,111,0.7274,276571.45,2025-07-02T07:00:00Z
2025-07-31,P00234,0.05356,112,0.7215,275603.45,2025-08-02T07:00:00Z
2023-07-31,P00235,0.06671,112,0.9322,627210.96,2023-08-02T07:00:00Z
2023-08-31,P00235,0.06671,113,0.926,625015.72,2023-09-02T07:00:00Z
2023-09-30,P00235,0.06671,114,0.9198,622828.17,2023-10-02T07:00:00Z
2023-10-31,P00235,0.06671,115,0.9135,620648.27,2023-11-02T07:00:00Z
2023-11-30,P00235,0.06671,116,0.9073,618476.0,2023-12-02T07:00:00Z
2023-12-31,P00235,0.06671,117,0.9011,616311.33,2024-01-02T07:00:00Z
2024-01-31,P00235,0.06671,118,0.8948,614154.24,2024-02-02T07:00:00Z
2024-02-29,P00235,0.06671,119,0.8886,612004.7,2024-03-02T07:00:00Z
2024-03-31,P00235,0.06671,120,0.8824,609862.69,2024-04-02T07:00:00Z
2024-04-30,P00235,0.06671,121,0.8762,607728.17,2024-05-02T07:00:00Z
2024-05-31,P00235,0.06671,122,0.8699,605601.12,2024-06-02T07:00:00Z
2024-06-30,P00235,0.06671,123,0.8637,603481.52,2024-07-02T07:00:00Z
2024-07-31,P00235,0.06671,124,0.8575,601369.33,2024-08-02T07:00:00Z
2024-08-31,P00235,0.06671,125,0.8512,599264.54,2024-09-02T07:00:00Z
2024-09-30,P00235,0.06671,126,0.845,597167.11,2024-10-02T07:00:00Z
2023-07-31,P00236,0.0719,121,0.8421,110803.53,2023-08-02T07:00:00Z
2023-08-31,P00236,0.0719,122,0.8362,110415.72,2023-09-02T07:00:00Z
2023-09-30,P00236,0.0719,123,0.8304,110029.26,2023-10-02T07:00:00Z
2023-10-31,P00236,0.0719,124,0.8245,109644.16,2023-11-02T07:00:00Z
2023-11-30,P00236,0.0719,125,0.8186,109260.41,2023-12-02T07:00:00Z
2023-12-31,P00236,0.0719,126,0.8128,108877.99,2024-01-02T07:00:00Z
2024-01-31,P00236,0.0719,127,0.8069,108496.92,2024-02-02T07:00:00Z
2024-02-29,P00236,0.0719,128,0.801,108117.18,2024-03-02T07:00:00Z
2024-03-31,P00236,0.0719,129,0.7952,107738.77,2024-04-02T07:00:00Z
2024-04-30,P00236,0.0719,130,0.7893,107361.69,2024-05-02T07:00:00Z
2024-05-31,P00236,0.0719,131,0.7834,106985.92,2024-06-02T07:00:00Z
2024-06-30,P00236,0.0719,132,0.7776,106611.47,2024-07-02T07:00:00Z
2024-07-31,P00236,0.0719,133,0.7717,106238.33,2024-08-02T07:00:00Z
2024-08-31,P00236,0.0719,134,0.7658,105866.5,2024-09-02T07:00:00Z
2024-09-30,P00236,0.0719,135,0.76,105495.96,2024-10-02T07:00:00Z
2024-10-31,P00236,0.0719,136,0.7541,105126.73,2024-11-02T07:00:00Z
2024-11-30,P00236,0.0719,137,0.7482,104758.78,2024-12-02T07:00:00Z
2024-12-31,P00236,0.0719,138,0.7423,104392.13,2025-01-02T07:00:00Z
2025-01-31,P00236,0.0719,139,0.7365,104026.75,2025-02-02T07:00:00Z
2025-02-28,P00236,0.0719,140,0.7306,103662.66,2025-03-02T07:00:00Z
2025-03-31,P00236,0.0719,141,0.7247,103299.84,2025-04-02T07:00:00Z
2025-04-30,P00236,0.0719,142,0.7189,102938.29,2025-05-02T07:00:00Z
2025-05-31,P00236,0.0719,143,0.713,102578.01,2025-06-02T07:00:00Z
2025-06-30,P00236,0.0719,144,0.7071,102218.99,2025-07-02T07:00:00Z
2025-07-31,P00236,0.0719,145,0.7013,101861.22,2025-08-02T07:00:00Z
2025-08-31,P00236,0.0719,146,0.6954,101504.7,2025-09-02T07:00:00Z
2025-09-30,P00236,0.0719,147,0.6895,101149.44,2025-10-02T07:00:00Z
2025-10-31,P00236,0.0719,148,0.6837,100795.42,2025-11-02T07:00:00Z
2025-11-30,P00236,0.0719,149,0.6778,100442.63,2025-12-02T07:00:00Z
2025-12-31,P00236,0.0719,150,0.6719,100091.08,2026-01-02T07:00:00Z
2023-07-31,P00237,0.0801,120,0.4637,321971.44,2023-08-02T07:00:00Z
2023-08-31,P00237,0.0801,121,0.4594,320844.54,2023-09-02T07:00:00Z
2023-09-30,P00237,0.0801,122,0.455,319721.58,2023-10-02T07:00:00Z
2023-10-31,P00237,0.0801,123,0.4507,318602.56,2023-11-02T07:00:00Z
2023-11-30,P00237,0.0801,124,0.4463,317487.45,2023-12-02T07:00:00Z
2023-12-31,P00237,0.0801,125,0.442,316376.24,2024-01-02T07:00:00Z
2024-01-31,P00237,0.0801,126,0.4376,315268.93,2024-02-02T07:00:00Z
2024-02-29,P00237,0.0801,127,0.4333,314165.49,2024-03-02T07:00:00Z
2024-03-31,P00237,0.0801,128,0.4289,313065.91,2024-04-02T07:00:00Z
2024-04-30,P00237,0.0801,129,0.4246,311970.18,2024-05-02T07:00:00Z
2024-05-31,P00237,0.0801,130,0.4202,310878.28,2024-06-02T07:00:00Z
2023-07-31,P00238,0.04617,64,0.6683,384691.1,2023-08-02T07:00:00Z
2023-08-31,P00238,0.04617,65,0.6632,383344.68,2023-09-02T07:00:00Z
2023-09-30,P00238,0.04617,66,0.658,382002.97,2023-10-02T07:00:00Z
2023-10-31,P00238,0.04617,67,0.6528,380665.96,2023-11-02T07:00:00Z
2023-11-30,P00238,0.04617,68,0.6476,379333.63,2023-12-02T07:00:00Z
2023-12-31,P00238,0.04617,69,0.6425,378005.97,2024-01-02T07:00:00Z
2024-01-31,P00238,0.04617,70,0.6373,376682.94,2024-02-02T07:00:00Z
2024-02-29,P00238,0.04617,71,0.6321,375364.55,2024-03-02T07:00:00Z
2024-03-31,P00238,0.04617,72,0.6269,374050.78,2024-04-02T07:00:00Z
2024-04-30,P00238,0.04617,73,0.6218,372741.6,2024-05-02T07:00:00Z
2024-05-31,P00238,0.04617,74,0.6166,371437.01,2024-06-02T07:00:00Z
2024-06-30,P00238,0.04617,75,0.6114,370136.98,2024-07-02T07:00:00Z
2024-07-31,P00238,0.04617,76,0.6063,368841.5,2024-08-02T07:00:00Z
2024-08-31,P00238,0.04617,77,0.6011,367550.55,2024-09-02T07:00:00Z
2024-09-30,P00238,0.04617,78,0.5959,366264.12,2024-10-02T07:00:00Z
2024-10-31,P00238,0.04617,79,0.5907,364982.2,2024-11-02T07:00:00Z
2024-11-30,P00238,0.04617,80,0.5856,363704.76,2024-12-02T07:00:00Z
2024-12-31,P00238,0.04617,81,0.5804,362431.8,2025-01-02T07:00:00Z
2025-01-31,P00238,0.04617,82,0.5752,361163.28,2025-02-02T07:00:00Z
2025-02-28,P00238,0.04617,83,0.57,359899.21,2025-03-02T07:00:00Z
2025-03-31,P00238,0.04617,84,0.5649,358639.57,2025-04-02T07:00:00Z
2025-04-30,P00238,0.04617,85,0.5597,357384.33,2025-05-02T07:00:00Z
2025-05-31,P00238,0.04617,86,0.5545,356133.48,2025-06-02T07:00:00Z
2025-06-30,P00238,0.04617,87,0.5493,354887.01,2025-07-02T07:00:00Z
2025-07-31,P00238,0.04617,88,0.5442,353644.91,2025-08-02T07:00:00Z
2025-08-31,P00238,0.04617,89,0.539,352407.15,2025-09-02T07:00:00Z
2025-09-30,P00238,0.04617,90,0.5338,351173.73,2025-10-02T07:00:00Z
2025-10-31,P00238,0.04617,91,0.5287,349944.62,2025-11-02T07:00:00Z
2025-11-30,P00238,0.04617,92,0.5235,348719.81,2025-12-02T07:00:00Z
2025-12-31,P00238,0.04617,93,0.5183,347499.29,2026-01-02T07:00:00Z
2023-07-31,P00239,0.06263,36,0.7446,602847.47,2023-08-02T07:00:00Z
2023-08-31,P00239,0.06263,37,0.7392,600737.5,2023-09-02T07:00:00Z
2023-09-30,P00239,0.06263,38,0.7337,598634.92,2023-10-02T07:00:00Z
2023-10-31,P00239,0.06263,39,0.7282,596539.7,2023-11-02T07:00:00Z
2023-11-30,P00239,0.06263,40,0.7227,594451.81,2023-12-02T07:00:00Z
2023-12-31,P00239,0.06263,41,0.7172,592371.23,2024-01-02T07:00:00Z
2024-01-31,P00239,0.06263,42,0.7118,590297.93,2024-02-02T07:00:00Z
2024-02-29,P00239,0.06263,43,0.7063,588231.89,2024-03-02T07:00:00Z
2024-03-31,P00239,0.06263,44,0.7008,586173.08,2024-04-02T07:00:00Z
2024-04-30,P00239,0.06263,45,0.6953,584121.47,2024-05-02T07:00:00Z
2024-05-31,P00239,0.06263,46,0.6898,582077.05,2024-06-02T07:00:00Z
2024-06-30,P00239,0.06263,47,0.6844,580039.78,2024-07-02T07:00:00Z
2024-07-31,P00239,0.06263,48,0.6789,578009.64,2024-08-02T07:00:00Z
2024-08-31,P00239,0.06263,49,0.6734,575986.6,2024-09-02T07:00:00Z
2024-09-30,P00239,0.06263,50,0.6679,573970.65,2024-10-02T07:00:00Z
2024-10-31,P00239,0.06263,51,0.6625,571961.75,2024-11-02T07:00:00Z
2024-11-30,P00239,0.06263,52,0.657,569959.89,2024-12-02T07:00:00Z
2024-12-31,P00239,0.06263,53,0.6515,567965.03,2025-01-02T07:00:00Z
2025-01-31,P00239,0.06263,54,0.646,565977.15,2025-02-02T07:00:00Z
2025-02-28,P00239,0.06263,55,0.6405,563996.23,2025-03-02T07:00:00Z
2025-03-31,P00239,0.06263,56,0.6351,562022.24,2025-04-02T07:00:00Z
2025-04-30,P00239,0.06263,57,0.6296,560055.16,2025-05-02T07:00:00Z
2025-05-31,P00239,0.06263,58,0.6241,558094.97,2025-06-02T07:00:00Z
2025-06-30,P00239,0.06263,59,0.6186,556141.64,2025-07-02T07:00:00Z
2025-07-31,P00239,0.06263,60,0.6131,554195.14,2025-08-02T07:00:00Z
2025-08-31,P00239,0.06263,61,0.6077,552255.46,2025-09-02T07:00:00Z
2025-09-30,P00239,0.06263,62,0.6022,550322.57,2025-10-02T07:00:00Z
2025-10-31,P00239,0.06263,63,0.5967,548396.44,2025-11-02T07:00:00Z
2025-11-30,P00239,0.06263,64,0.5912,546477.05,2025-12-02T07:00:00Z
2025-12-31,P00239,0.06263,65,0.5858,544564.38,2026-01-02T07:00:00Z
2023-07-31,P00240,0.06256,49,0.5578,434211.27,2023-08-02T07:00:00Z
2023-08-31,P00240,0.06256,50,0.5531,432691.53,2023-09-02T07:00:00Z
2023-09-30,P00240,0.06256,51,0.5484,431177.11,2023-10-02T07:00:00Z
2023-10-31,P00240,0.06256,52,0.5436,429667.99,2023-11-02T07:00:00Z
2023-11-30,P00240,0.06256,53,0.5389,428164.15,2023-12-02T07:00:00Z
2023-12-31,P00240,0.06256,54,0.5342,426665.58,2024-01-02T07:00:00Z
2024-01-31,P00240,0.06256,55,0.5294,425172.25,2024-02-02T07:00:00Z
2024-02-29,P00240,0.06256,56,0.5247,423684.15,2024-03-02T07:00:00Z
2024-03-31,P00240,0.06256,57,0.52,422201.25,2024-04-02T07:00:00Z
2024-04-30,P00240,0.06256,58,0.5153,420723.55,2024-05-02T07:00:00Z
2024-05-31,P00240,0.06256,59,0.5105,419251.01,2024-06-02T07:00:00Z
2024-06-30,P00240,0.06256,60,0.5058,417783.64,2024-07-02T07:00:00Z
2024-07-31,P00240,0.06256,61,0.5011,416321.39,2024-08-02T07:00:00Z
2024-08-31,P00240,0.06256,62,0.4963,414864.27,2024-09-02T07:00:00Z
2024-09-30,P00240,0.06256,63,0.4916,413412.24,2024-10-02T07:00:00Z
2024-10-31,P00240,0.06256,64,0.4869,411965.3,2024-11-02T07:00:00Z
2024-11-30,P00240,0.06256,65,0.4821,410523.42,2024-12-02T07:00:00Z
2024-12-31,P00240,0.06256,66,0.4774,409086.59,2025-01-02T07:00:00Z
2025-01-31,P00240,0.06256,67,0.4727,407654.79,2025-02-02T07:00:00Z
2025-02-28,P00240,0.06256,68,0.4679,406227.99,2025-03-02T07:00:00Z
2025-03-31,P00240,0.06256,69,0.4632,404806.2,2025-04-02T07:00:00Z
2025-04-30,P00240,0.06256,70,0.4585,403389.38,2025-05-02T07:00:00Z
2025-05-31,P00240,0.06256,71,0.4537,401977.51,2025-06-02T07:00:00Z
2023-07-31,P00241,0.05836,89,0.6955,237717.43,2023-08-02T07:00:00Z
2023-08-31,P00241,0.05836,90,0.6902,236885.42,2023-09-02T07:00:00Z
2023-09-30,P00241,0.05836,91,0.6849,236056.32,2023-10-02T07:00:00Z
2023-10-31,P00241,0.05836,92,0.6796,235230.12,2023-11-02T07:00:00Z
2023-11-30,P00241,0.05836,93,0.6744,234406.82,2023-12-02T07:00:00Z
2023-12-31,P00241,0.05836,94,0.6691,233586.39,2024-01-02T07:00:00Z
2024-01-31,P00241,0.05836,95,0.6638,232768.84,2024-02-02T07:00:00Z
2024-02-29,P00241,0.05836,96,0.6585,231954.15,2024-03-02T07:00:00Z
2024-03-31,P00241,0.05836,97,0.6532,231142.31,2024-04-02T07:00:00Z
2024-04-30,P00241,0.05836,98,0.648,230333.31,2024-05-02T07:00:00Z
2024-05-31,P00241,0.05836,99,0.6427,229527.15,2024-06-02T07:00:00Z
2024-06-30,P00241,0.05836,100,0.6374,228723.8,2024-07-02T07:00:00Z
2024-07-31,P00241,0.05836,101,0.6321,227923.27,2024-08-02T07:00:00Z
2024-08-31,P00241,0.05836,102,0.6268,227125.54,2024-09-02T07:00:00Z
2023-07-31,P00242,0.05281,31,0.6772,140922.52,2023-08-02T07:00:00Z
2023-08-31,P00242,0.05281,32,0.672,140429.29,2023-09-02T07:00:00Z
2023-09-30,P00242,0.05281,33,0.6668,139937.79,2023-10-02T07:00:00Z
2023-10-31,P00242,0.05281,34,0.6615,139448.01,2023-11-02T07:00:00Z
2023-11-30,P00242,0.05281,35,0.6563,138959.94,2023-12-02T07:00:00Z
2023-12-31,P00242,0.05281,36,0.6511,138473.58,2024-01-02T07:00:00Z
2024-01-31,P00242,0.05281,37,0.6459,137988.92,2024-02-02T07:00:00Z
2024-02-29,P00242,0.05281,38,0.6407,137505.96,2024-03-02T07:00:00Z
2024-03-31,P00242,0.05281,39,0.6355,137024.69,2024-04-02T07:00:00Z
2024-04-30,P00242,0.05281,40,0.6303,136545.1,2024-05-02T07:00:00Z
2024-05-31,P00242,0.05281,41,0.6251,136067.19,2024-06-02T07:00:00Z
2024-06-30,P00242,0.05281,42,0.6199,135590.96,2024-07-02T07:00:00Z
2024-07-31,P00242,0.05281,43,0.6147,135116.39,2024-08-02T07:00:00Z
2024-08-31,P00242,0.05281,44,0.6095,134643.48,2024-09-02T07:00:00Z
2024-09-30,P00242,0.05281,45,0.6043,134172.23,2024-10-02T07:00:00Z
2024-10-31,P00242,0.05281,46,0.599,133702.63,2024-11-02T07:00:00Z
2024-11-30,P00242,0.05281,47,0.5938,133234.67,2024-12-02T07:00:00Z
2024-12-31,P00242,0.05281,48,0.5886,132768.35,2025-01-02T07:00:00Z
2025-01-31,P00242,0.05281,49,0.5834,132303.66,2025-02-02T07:00:00Z
2025-02-28,P00242,0.05281,50,0.5782,131840.6,2025-03-02T07:00:00Z
2025-03-31,P00242,0.05281,51,0.573,131379.15,2025-04-02T07:00:00Z
2025-04-30,P00242,0.05281,52,0.5678,130919.33,2025-05-02T07:00:00Z
2025-05-31,P00242,0.05281,53,0.5626,130461.11,2025-06-02T07:00:00Z
2025-06-30,P00242,0.05281,54,0.5574,130004.5,2025-07-02T07:00:00Z
2025-07-31,P00242,0.05281,55,0.5522,129549.48,2025-08-02T07:00:00Z
2025-08-31,P00242,0.05281,56,0.547,129096.06,2025-09-02T07:00:00Z
2025-09-30,P00242,0.05281,57,0.5417,128644.22,2025-10-02T07:00:00Z
2025-10-31,P00242,0.05281,58,0.5365,128193.97,2025-11-02T07:00:00Z
2025-11-30,P00242,0.05281,59,0.5313,127745.29,2025-12-02T07:00:00Z
2025-12-31,P00242,0.05281,60,0.5261,127298.18,2026-01-02T07:00:00Z
2023-07-31,P00243,0.06316,47,0.4476,278487.28,2023-08-02T07:00:00Z
2023-08-31,P00243,0.06316,48,0.4433,277512.57,2023-09-02T07:00:00Z
2023-09-30,P00243,0.06316,49,0.439,276541.28,2023-10-02T07:00:00Z
2023-10-31,P00243,0.06316,50,0.4347,275573.39,2023-11-02T07:00:00Z
2023-11-30,P00243,0.06316,51,0.4304,274608.88,2023-12-02T07:00:00Z
2023-12-31,P00243,0.06316,52,0.4261,273647.75,2024-01-02T07:00:00Z
2024-01-31,P00243,0.06316,53,0.4218,272689.98,2024-02-02T07:00:00Z
2024-02-29,P00243,0.06316,54,0.4175,271735.57,2024-03-02T07:00:00Z
2024-03-31,P00243,0.06316,55,0.4132,270784.49,2024-04-02T07:00:00Z
2024-04-30,P00243,0.06316,56,0.409,269836.75,2024-05-02T07:00:00Z
2024-05-31,P00243,0.06316,57,0.4047,268892.32,2024-06-02T07:00:00Z
2024-06-30,P00243,0.06316,58,0.4004,267951.19,2024-07-02T07:00:00Z
2024-07-31,P00243,0.06316,59,0.3961,267013.36,2024-08-02T07:00:00Z
2024-08-31,P00243,0.06316,60,0.3918,266078.82,2024-09-02T07:00:00Z
2024-09-30,P00243,0.06316,61,0.3875,265147.54,2024-10-02T07:00:00Z
2024-10-31,P00243,0.06316,62,0.3832,264219.53,2024-11-02T07:00:00Z
2024-11-30,P00243,0.06316,63,0.3789,263294.76,2024-12-02T07:00:00Z
2024-12-31,P00243,0.06316,64,0.3746,262373.23,2025-01-02T07:00:00Z
2025-01-31,P00243,0.06316,65,0.3703,261454.92,2025-02-02T07:00:00Z
2025-02-28,P00243,0.06316,66,0.3661,260539.83,2025-03-02T07:00:00Z
2025-03-31,P00243,0.06316,67,0.3618,259627.94,2025-04-02T07:00:00Z
2025-04-30,P00243,0.06316,68,0.3575,258719.24,2025-05-02T07:00:00Z
2025-05-31,P00243,0.06316,69,0.3532,257813.72,2025-06-02T07:00:00Z
2025-06-30,P00243,0.06316,70,0.3489,256911.37,2025-07-02T07:00:00Z
2025-07-31,P00243,0.06316,71,0.3446,256012.19,2025-08-02T07:00:00Z
2025-08-31,P00243,0.06316,72,0.3403,255116.14,2025-09-02T07:00:00Z
2025-09-30,P00243,0.06316,73,0.336,254223.24,2025-10-02T07:00:00Z
2025-10-31,P00243,0.06316,74,0.3317,253333.45,2025-11-02T07:00:00Z
2025-11-30,P00243,0.06316,75,0.3274,252446.79,2025-12-02T07:00:00Z
2025-12-31,P00243,0.06316,76,0.3232,251563.22,2026-01-02T07:00:00Z
2023-07-31,P00244,0.05045,65,0.6726,357391.51,2023-08-02T07:00:00Z
2023-08-31,P00244,0.05045,66,0.6674,356140.64,2023-09-02T07:00:00Z
2023-09-30,P00244,0.05045,67,0.6623,354894.15,2023-10-02T07:00:00Z
2023-10-31,P00244,0.05045,68,0.6571,353652.02,2023-11-02T07:00:00Z
2023-11-30,P00244,0.05045,69,0.6519,352414.24,2023-12-02T07:00:00Z
2023-12-31,P00244,0.05045,70,0.6467,351180.79,2024-01-02T07:00:00Z
2024-01-31,P00244,0.05045,71,0.6415,349951.65,2024-02-02T07:00:00Z
2024-02-29,P00244,0.05045,72,0.6363,348726.82,2024-03-02T07:00:00Z
2024-03-31,P00244,0.05045,73,0.6311,347506.28,2024-04-02T07:00:00Z
2024-04-30,P00244,0.05045,74,0.6259,346290.01,2024-05-02T07:00:00Z
2023-07-31,P00245,0.0644,37,0.6039,402262.96,2023-08-02T07:00:00Z
2023-08-31,P00245,0.0644,38,0.599,400855.04,2023-09-02T07:00:00Z
2023-09-30,P00245,0.0644,39,0.5941,399452.05,2023-10-02T07:00:00Z
2023-10-31,P00245,0.0644,40,0.5892,398053.96,2023-11-02T07:00:00Z
2023-11-30,P00245,0.0644,41,0.5843,396660.78,2023-12-02T07:00:00Z
2023-12-31,P00245,0.0644,42,0.5794,395272.46,2024-01-02T07:00:00Z
2024-01-31,P00245,0.0644,43,0.5744,393889.01,2024-02-02T07:00:00Z
2024-02-29,P00245,0.0644,44,0.5695,392510.4,2024-03-02T07:00:00Z
2024-03-31,P00245,0.0644,45,0.5646,391136.61,2024-04-02T07:00:00Z
2024-04-30,P00245,0.0644,46,0.5597,389767.63,2024-05-02T07:00:00Z
2024-05-31,P00245,0.0644,47,0.5548,388403.45,2024-06-02T07:00:00Z
2024-06-30,P00245,0.0644,48,0.5499,387044.03,2024-07-02T07:00:00Z
2024-07-31,P00245,0.0644,49,0.5449,385689.38,2024-08-02T07:00:00Z
2024-08-31,P00245,0.0644,50,0.54,384339.47,2024-09-02T07:00:00Z
2024-09-30,P00245,0.0644,51,0.5351,382994.28,2024-10-02T07:00:00Z
2024-10-31,P00245,0.0644,52,0.5302,381653.8,2024-11-02T07:00:00Z
2024-11-30,P00245,0.0644,53,0.5253,380318.01,2024-12-02T07:00:00Z
2024-12-31,P00245,0.0644,54,0.5204,378986.9,2025-01-02T07:00:00Z
2025-01-31,P00245,0.0644,55,0.5155,377660.44,2025-02-02T07:00:00Z
2025-02-28,P00245,0.0644,56,0.5105,376338.63,2025-03-02T07:00:00Z
2025-03-31,P00245,0.0644,57,0.5056,375021.45,2025-04-02T07:00:00Z
2025-04-30,P00245,0.0644,58,0.5007,373708.87,2025-05-02T07:00:00Z
2025-05-31,P00245,0.0644,59,0.4958,372400.89,2025-06-02T07:00:00Z
2023-07-31,P00246,0.05408,74,0.5403,298305.64,2023-08-02T07:00:00Z
2023-08-31,P00246,0.05408,75,0.5356,297261.57,2023-09-02T07:00:00Z
2023-09-30,P00246,0.05408,76,0.5309,296221.15,2023-10-02T07:00:00Z
2023-10-31,P00246,0.05408,77,0.5263,295184.38,2023-11-02T07:00:00Z
2023-11-30,P00246,0.05408,78,0.5216,294151.24,2023-12-02T07:00:00Z
2023-12-31,P00246,0.05408,79,0.5169,293121.71,2024-01-02T07:00:00Z
2024-01-31,P00246,0.05408,80,0.5123,292095.78,2024-02-02T07:00:00Z
2024-02-29,P00246,0.05408,81,0.5076,291073.44,2024-03-02T07:00:00Z
2024-03-31,P00246,0.05408,82,0.503,290054.69,2024-04-02T07:00:00Z
2024-04-30,P00246,0.05408,83,0.4983,289039.5,2024-05-02T07:00:00Z
2024-05-31,P00246,0.05408,84,0.4936,288027.86,2024-06-02T07:00:00Z
2024-06-30,P00246,0.05408,85,0.489,287019.76,2024-07-02T07:00:00Z
2024-07-31,P00246,0.05408,86,0.4843,286015.19,2024-08-02T07:00:00Z
2024-08-31,P00246,0.05408,87,0.4797,285014.14,2024-09-02T07:00:00Z
2024-09-30,P00246,0.05408,88,0.475,284016.59,2024-10-02T07:00:00Z
2024-10-31,P00246,0.05408,89,0.4703,283022.53,2024-11-02T07:00:00Z
2024-11-30,P00246,0.05408,90,0.4657,282031.95,2024-12-02T07:00:00Z
2024-12-31,P00246,0.05408,91,0.461,281044.84,2025-01-02T07:00:00Z
2025-01-31,P00246,0.05408,92,0.4564,280061.18,2025-02-02T07:00:00Z
2025-02-28,P00246,0.05408,93,0.4517,279080.97,2025-03-02T07:00:00Z
2025-03-31,P00246,0.05408,94,0.447,278104.19,2025-04-02T07:00:00Z
2025-04-30,P00246,0.05408,95,0.4424,277130.82,2025-05-02T07:00:00Z
2025-05-31,P00246,0.05408,96,0.4377,276160.86,2025-06-02T07:00:00Z
2025-06-30,P00246,0.05408,97,0.433,275194.3,2025-07-02T07:00:00Z
2025-07-31,P00246,0.05408,98,0.4284,274231.12,2025-08-02T07:00:00Z
2025-08-31,P00246,0.05408,99,0.4237,273271.31,2025-09-02T07:00:00Z
2025-09-30,P00246,0.05408,100,0.4191,272314.86,2025-10-02T07:00:00Z
2025-10-31,P00246,0.05408,101,0.4144,271361.76,2025-11-02T07:00:00Z
2025-11-30,P00246,0.05408,102,0.4097,270411.99,2025-12-02T07:00:00Z
2025-12-31,P00246,0.05408,103,0.4051,269465.55,2026-01-02T07:00:00Z
2023-07-31,P00247,0.0601,113,0.5941,256623.98,2023-08-02T07:00:00Z
2023-08-31,P00247,0.0601,114,0.5892,255725.8,2023-09-02T07:00:00Z
2023-09-30,P00247,0.0601,115,0.5843,254830.76,2023-10-02T07:00:00Z
2023-10-31,P00247,0.0601,116,0.5794,253938.85,2023-11-02T07:00:00Z
2023-11-30,P00247,0.0601,117,0.5746,253050.06,2023-12-02T07:00:00Z
2023-12-31,P00247,0.0601,118,0.5697,252164.39,2024-01-02T07:00:00Z
2024-01-31,P00247,0.0601,119,0.5648,251281.81,2024-02-02T07:00:00Z
2024-02-29,P00247,0.0601,120,0.5599,250402.33,2024-03-02T07:00:00Z
2024-03-31,P00247,0.0601,121,0.5551,249525.92,2024-04-02T07:00:00Z
2024-04-30,P00247,0.0601,122,0.5502,248652.58,2024-05-02T07:00:00Z
2024-05-31,P00247,0.0601,123,0.5453,247782.29,2024-06-02T07:00:00Z
2024-06-30,P00247,0.0601,124,0.5404,246915.05,2024-07-02T07:00:00Z
2024-07-31,P00247,0.0601,125,0.5355,246050.85,2024-08-02T07:00:00Z
2024-08-31,P00247,0.0601,126,0.5307,245189.67,2024-09-02T07:00:00Z
2024-09-30,P00247,0.0601,127,0.5258,244331.51,2024-10-02T07:00:00Z
2024-10-31,P00247,0.0601,128,0.5209,243476.35,2024-11-02T07:00:00Z
2024-11-30,P00247,0.0601,129,0.516,242624.18,2024-12-02T07:00:00Z
2024-12-31,P00247,0.0601,130,0.5112,241775.0,2025-01-02T07:00:00Z
2025-01-31,P00247,0.0601,131,0.5063,240928.79,2025-02-02T07:00:00Z
2025-02-28,P00247,0.0601,132,0.5014,240085.53,2025-03-02T07:00:00Z
2025-03-31,P00247,0.0601,133,0.4965,239245.24,2025-04-02T07:00:00Z
2025-04-30,P00247,0.0601,134,0.4917,238407.88,2025-05-02T07:00:00Z
2025-05-31,P00247,0.0601,135,0.4868,237573.45,2025-06-02T07:00:00Z
2025-06-30,P00247,0.0601,136,0.4819,236741.94,2025-07-02T07:00:00Z
2025-07-31,P00247,0.0601,137,0.477,235913.35,2025-08-02T07:00:00Z
2025-08-31,P00247,0.0601,138,0.4722,235087.65,2025-09-02T07:00:00Z
2025-09-30,P00247,0.0601,139,0.4673,234264.84,2025-10-02T07:00:00Z
2025-10-31,P00247,0.0601,140,0.4624,233444.91,2025-11-02T07:00:00Z
2025-11-30,P00247,0.0601,141,0.4575,232627.86,2025-12-02T07:00:00Z
2025-12-31,P00247,0.0601,142,0.4527,231813.66,2026-01-02T07:00:00Z
2023-07-31,P00248,0.04076,79,0.7458,236811.82,2023-08-02T07:00:00Z
2023-08-31,P00248,0.04076,80,0.7403,235982.98,2023-09-02T07:00:00Z
2023-09-30,P00248,0.04076,81,0.7348,235157.04,2023-10-02T07:00:00Z
2023-10-31,P00248,0.04076,82,0.7293,234333.99,2023-11-02T07:00:00Z
2023-11-30,P00248,0.04076,83,0.7238,233513.82,2023-12-02T07:00:00Z
2023-12-31,P00248,0.04076,84,0.7184,232696.52,2024-01-02T07:00:00Z
2024-01-31,P00248,0.04076,85,0.7129,231882.08,2024-02-02T07:00:00Z
2024-02-29,P00248,0.04076,86,0.7074,231070.5,2024-03-02T07:00:00Z
2024-03-31,P00248,0.04076,87,0.7019,230261.75,2024-04-02T07:00:00Z
2024-04-30,P00248,0.04076,88,0.6964,229455.83,2024-05-02T07:00:00Z
2024-05-31,P00248,0.04076,89,0.6909,228652.74,2024-06-02T07:00:00Z
2024-06-30,P00248,0.04076,90,0.6855,227852.45,2024-07-02T07:00:00Z
2024-07-31,P00248,0.04076,91,0.68,227054.97,2024-08-02T07:00:00Z
2024-08-31,P00248,0.04076,92,0.6745,226260.28,2024-09-02T07:00:00Z
2024-09-30,P00248,0.04076,93,0.669,225468.37,2024-10-02T07:00:00Z
2024-10-31,P00248,0.04076,94,0.6635,224679.23,2024-11-02T07:00:00Z
2024-11-30,P00248,0.04076,95,0.658,223892.85,2024-12-02T07:00:00Z
2024-12-31,P00248,0.04076,96,0.6526,223109.22,2025-01-02T07:00:00Z
2025-01-31,P00248,0.04076,97,0.6471,222328.34,2025-02-02T07:00:00Z
2025-02-28,P00248,0.04076,98,0.6416,221550.19,2025-03-02T07:00:00Z
2025-03-31,P00248,0.04076,99,0.6361,220774.77,2025-04-02T07:00:00Z
2025-04-30,P00248,0.04076,100,0.6306,220002.06,2025-05-02T07:00:00Z
2025-05-31,P00248,0.04076,101,0.6251,219232.05,2025-06-02T07:00:00Z
2025-06-30,P00248,0.04076,102,0.6197,218464.74,2025-07-02T07:00:00Z
2025-07-31,P00248,0.04076,103,0.6142,217700.11,2025-08-02T07:00:00Z
2025-08-31,P00248,0.04076,104,0.6087,216938.16,2025-09-02T07:00:00Z
2025-09-30,P00248,0.04076,105,0.6032,216178.88,2025-10-02T07:00:00Z
2025-10-31,P00248,0.04076,106,0.5977,215422.25,2025-11-02T07:00:00Z
2025-11-30,P00248,0.04076,107,0.5922,214668.27,2025-12-02T07:00:00Z
2025-12-31,P00248,0.04076,108,0.5868,213916.93,2026-01-02T07:00:00Z
2023-07-31,P00249,0.05132,136,0.784,455819.38,2023-08-02T07:00:00Z
2023-08-31,P00249,0.05132,137,0.7783,454224.01,2023-09-02T07:00:00Z
2023-09-30,P00249,0.05132,138,0.7727,452634.23,2023-10-02T07:00:00Z
2023-10-31,P00249,0.05132,139,0.7671,451050.01,2023-11-02T07:00:00Z
2023-11-30,P00249,0.05132,140,0.7614,449471.33,2023-12-02T07:00:00Z
2023-12-31,P00249,0.05132,141,0.7558,447898.18,2024-01-02T07:00:00Z
2024-01-31,P00249,0.05132,142,0.7502,446330.54,2024-02-02T07:00:00Z
2024-02-29,P00249,0.05132,143,0.7445,444768.38,2024-03-02T07:00:00Z
2024-03-31,P00249,0.05132,144,0.7389,443211.69,2024-04-02T07:00:00Z
2024-04-30,P00249,0.05132,145,0.7333,441660.45,2024-05-02T07:00:00Z
2024-05-31,P00249,0.05132,146,0.7276,440114.64,2024-06-02T07:00:00Z
2024-06-30,P00249,0.05132,147,0.722,438574.24,2024-07-02T07:00:00Z
2024-07-31,P00249,0.05132,148,0.7163,437039.23,2024-08-02T07:00:00Z
2024-08-31,P00249,0.05132,149,0.7107,435509.59,2024-09-02T07:00:00Z
2024-09-30,P00249,0.05132,150,0.7051,433985.31,2024-10-02T07:00:00Z
2024-10-31,P00249,0.05132,151,0.6994,432466.36,2024-11-02T07:00:00Z
2024-11-30,P00249,0.05132,152,0.6938,430952.73,2024-12-02T07:00:00Z
2024-12-31,P00249,0.05132,153,0.6882,429444.39,2025-01-02T07:00:00Z
2025-01-31,P00249,0.05132,154,0.6825,427941.34,2025-02-02T07:00:00Z
2025-02-28,P00249,0.05132,155,0.6769,426443.54,2025-03-02T07:00:00Z
2025-03-31,P00249,0.05132,156,0.6713,424950.99,2025-04-02T07:00:00Z
2025-04-30,P00249,0.05132,157,0.6656,423463.66,2025-05-02T07:00:00Z
2025-05-31,P00249,0.05132,158,0.66,421981.54,2025-06-02T07:00:00Z
2025-06-30,P00249,0.05132,159,0.6543,420504.6,2025-07-02T07:00:00Z
2025-07-31,P00249,0.05132,160,0.6487,419032.84,2025-08-02T07:00:00Z
2025-08-31,P00249,0.05132,161,0.6431,417566.22,2025-09-02T07:00:00Z
2025-09-30,P00249,0.05132,162,0.6374,416104.74,2025-10-02T07:00:00Z
2025-10-31,P00249,0.05132,163,0.6318,414648.38,2025-11-02T07:00:00Z
2025-11-30,P00249,0.05132,164,0.6262,413197.11,2025-12-02T07:00:00Z
2025-12-31,P00249,0.05132,165,0.6205,411750.92,2026-01-02T07:00:00Z
2023-07-31,P00250,0.06565,47,0.9196,405912.42,2023-08-02T07:00:00Z
2023-08-31,P00250,0.06565,48,0.9134,404491.73,2023-09-02T07:00:00Z
2023-09-30,P00250,0.06565,49,0.9073,403076.01,2023-10-02T07:00:00Z
2023-10-31,P00250,0.06565,50,0.9011,401665.24,2023-11-02T07:00:00Z
2023-11-30,P00250,0.06565,51,0.8949,400259.41,2023-12-02T07:00:00Z
2023-12-31,P00250,0.06565,52,0.8887,398858.5,2024-01-02T07:00:00Z
2024-01-31,P00250,0.06565,53,0.8825,397462.5,2024-02-02T07:00:00Z
2024-02-29,P00250,0.06565,54,0.8764,396071.38,2024-03-02T07:00:00Z
2024-03-31,P00250,0.06565,55,0.8702,394685.13,2024-04-02T07:00:00Z
2024-04-30,P00250,0.06565,56,0.864,393303.73,2024-05-02T07:00:00Z
2024-05-31,P00250,0.06565,57,0.8578,391927.17,2024-06-02T07:00:00Z
2024-06-30,P00250,0.06565,58,0.8516,390555.42,2024-07-02T07:00:00Z
2024-07-31,P00250,0.06565,59,0.8455,389188.48,2024-08-02T07:00:00Z
2024-08-31,P00250,0.06565,60,0.8393,387826.32,2024-09-02T07:00:00Z
2024-09-30,P00250,0.06565,61,0.8331,386468.93,2024-10-02T07:00:00Z
2024-10-31,P00250,0.06565,62,0.8269,385116.29,2024-11-02T07:00:00Z
2024-11-30,P00250,0.06565,63,0.8208,383768.38,2024-12-02T07:00:00Z
2024-12-31,P00250,0.06565,64,0.8146,382425.19,2025-01-02T07:00:00Z
2025-01-31,P00250,0.06565,65,0.8084,381086.7,2025-02-02T07:00:00Z
2025-02-28,P00250,0.06565,66,0.8022,379752.9,2025-03-02T07:00:00Z
2025-03-31,P00250,0.06565,67,0.796,378423.76,2025-04-02T07:00:00Z
2025-04-30,P00250,0.06565,68,0.7899,377099.28,2025-05-02T07:00:00Z
2025-05-31,P00250,0.06565,69,0.7837,375779.43,2025-06-02T07:00:00Z
2025-06-30,P00250,0.06565,70,0.7775,374464.2,2025-07-02T07:00:00Z
2025-07-31,P00250,0.06565,71,0.7713,373153.58,2025-08-02T07:00:00Z
2025-08-31,P00250,0.06565,72,0.7651,371847.54,2025-09-02T07:00:00Z
2025-09-30,P00250,0.06565,73,0.759,370546.08,2025-10-02T07:00:00Z
2025-10-31,P00250,0.06565,74,0.7528,369249.17,2025-11-02T07:00:00Z
2025-11-30,P00250,0.06565,75,0.7466,367956.79,2025-12-02T07:00:00Z
2025-12-31,P00250,0.06565,76,0.7404,366668.94,2026-01-02T07:00:00Z
2023-07-31,P00251,0.05448,58,0.7021,540493.61,2023-08-02T07:00:00Z
2023-08-31,P00251,0.05448,59,0.6968,538601.88,2023-09-02T07:00:00Z
2023-09-30,P00251,0.05448,60,0.6915,536716.78,2023-10-02T07:00:00Z
2023-10-31,P00251,0.05448,61,0.6861,534838.27,2023-11-02T07:00:00Z
2023-11-30,P00251,0.05448,62,0.6808,532966.33,2023-12-02T07:00:00Z
2023-12-31,P00251,0.05448,63,0.6755,531100.95,2024-01-02T07:00:00Z
2024-01-31,P00251,0.05448,64,0.6702,529242.1,2024-02-02T07:00:00Z
2024-02-29,P00251,0.05448,65,0.6649,527389.75,2024-03-02T07:00:00Z
2024-03-31,P00251,0.05448,66,0.6596,525543.89,2024-04-02T07:00:00Z
2024-04-30,P00251,0.05448,67,0.6543,523704.48,2024-05-02T07:00:00Z
2024-05-31,P00251,0.05448,68,0.649,521871.52,2024-06-02T07:00:00Z
2024-06-30,P00251,0.05448,69,0.6437,520044.97,2024-07-02T07:00:00Z
2024-07-31,P00251,0.05448,70,0.6384,518224.81,2024-08-02T07:00:00Z
2024-08-31,P00251,0.05448,71,0.6331,516411.02,2024-09-02T07:00:00Z
2024-09-30,P00251,0.05448,72,0.6278,514603.58,2024-10-02T07:00:00Z
2024-10-31,P00251,0.05448,73,0.6224,512802.47,2024-11-02T07:00:00Z
2024-11-30,P00251,0.05448,74,0.6171,511007.66,2024-12-02T07:00:00Z
2024-12-31,P00251,0.05448,75,0.6118,509219.14,2025-01-02T07:00:00Z
2025-01-31,P00251,0.05448,76,0.6065,507436.87,2025-02-02T07:00:00Z
2025-02-28,P00251,0.05448,77,0.6012,505660.84,2025-03-02T07:00:00Z
2025-03-31,P00251,0.05448,78,0.5959,503891.03,2025-04-02T07:00:00Z
2025-04-30,P00251,0.05448,79,0.5906,502127.41,2025-05-02T07:00:00Z
2025-05-31,P00251,0.05448,80,0.5853,500369.96,2025-06-02T07:00:00Z
2025-06-30,P00251,0.05448,81,0.58,498618.67,2025-07-02T07:00:00Z
2025-07-31,P00251,0.05448,82,0.5747,496873.5,2025-08-02T07:00:00Z
2025-08-31,P00251,0.05448,83,0.5694,495134.44,2025-09-02T07:00:00Z
2025-09-30,P00251,0.05448,84,0.5641,493401.47,2025-10-02T07:00:00Z
2025-10-31,P00251,0.05448,85,0.5588,491674.57,2025-11-02T07:00:00Z
2025-11-30,P00251,0.05448,86,0.5534,489953.71,2025-12-02T07:00:00Z
2025-12-31,P00251,0.05448,87,0.5481,488238.87,2026-01-02T07:00:00Z
2023-07-31,P00252,0.06425,120,0.5718,210472.86,2023-08-02T07:00:00Z
2023-08-31,P00252,0.06425,121,0.567,209736.2,2023-09-02T07:00:00Z
2023-09-30,P00252,0.06425,122,0.5622,209002.13,2023-10-02T07:00:00Z
2023-10-31,P00252,0.06425,123,0.5574,208270.62,2023-11-02T07:00:00Z
2023-11-30,P00252,0.06425,124,0.5526,207541.67,2023-12-02T07:00:00Z
2023-12-31,P00252,0.06425,125,0.5478,206815.28,2024-01-02T07:00:00Z
2024-01-31,P00252,0.06425,126,0.543,206091.42,2024-02-02T07:00:00Z
2024-02-29,P00252,0.06425,127,0.5383,205370.1,2024-03-02T07:00:00Z
2024-03-31,P00252,0.06425,128,0.5335,204651.31,2024-04-02T07:00:00Z
2024-04-30,P00252,0.06425,129,0.5287,203935.03,2024-05-02T07:00:00Z
2024-05-31,P00252,0.06425,130,0.5239,203221.26,2024-06-02T07:00:00Z
2024-06-30,P00252,0.06425,131,0.5191,202509.98,2024-07-02T07:00:00Z
2024-07-31,P00252,0.06425,132,0.5143,201801.2,2024-08-02T07:00:00Z
2024-08-31,P00252,0.06425,133,0.5095,201094.89,2024-09-02T07:00:00Z
2024-09-30,P00252,0.06425,134,0.5047,200391.06,2024-10-02T07:00:00Z
2024-10-31,P00252,0.06425,135,0.5,199689.69,2024-11-02T07:00:00Z
2024-11-30,P00252,0.06425,136,0.4952,198990.78,2024-12-02T07:00:00Z
2024-12-31,P00252,0.06425,137,0.4904,198294.31,2025-01-02T07:00:00Z
2025-01-31,P00252,0.06425,138,0.4856,197600.28,2025-02-02T07:00:00Z
2025-02-28,P00252,0.06425,139,0.4808,196908.68,2025-03-02T07:00:00Z
2025-03-31,P00252,0.06425,140,0.476,196219.5,2025-04-02T07:00:00Z
2025-04-30,P00252,0.06425,141,0.4712,195532.73,2025-05-02T07:00:00Z
2025-05-31,P00252,0.06425,142,0.4664,194848.37,2025-06-02T07:00:00Z
2025-06-30,P00252,0.06425,143,0.4617,194166.4,2025-07-02T07:00:00Z
2025-07-31,P00252,0.06425,144,0.4569,193486.81,2025-08-02T07:00:00Z
2025-08-31,P00252,0.06425,145,0.4521,192809.61,2025-09-02T07:00:00Z
2025-09-30,P00252,0.06425,146,0.4473,192134.78,2025-10-02T07:00:00Z
2025-10-31,P00252,0.06425,147,0.4425,191462.31,2025-11-02T07:00:00Z
2025-11-30,P00252,0.06425,148,0.4377,190792.19,2025-12-02T07:00:00Z
2025-12-31,P00252,0.06425,149,0.4329,190124.41,2026-01-02T07:00:00Z
2023-07-31,P00253,0.06972,3,0.5174,379967.06,2023-08-02T07:00:00Z
2023-08-31,P00253,0.06972,4,0.5129,378637.18,2023-09-02T07:00:00Z
2023-09-30,P00253,0.06972,5,0.5083,377311.95,2023-10-02T07:00:00Z
2023-10-31,P00253,0.06972,6,0.5037,375991.35,2023-11-02T07:00:00Z
2023-11-30,P00253,0.06972,7,0.4992,374675.38,2023-12-02T07:00:00Z
2023-12-31,P00253,0.06972,8,0.4946,373364.02,2024-01-02T07:00:00Z
2024-01-31,P00253,0.06972,9,0.49,372057.25,2024-02-02T07:00:00Z
2024-02-29,P00253,0.06972,10,0.4854,370755.05,2024-03-02T07:00:00Z
2024-03-31,P00253,0.06972,11,0.4809,369457.4,2024-04-02T07:00:00Z
2024-04-30,P00253,0.06972,12,0.4763,368164.3,2024-05-02T07:00:00Z
2024-05-31,P00253,0.06972,13,0.4717,366875.73,2024-06-02T07:00:00Z
2024-06-30,P00253,0.06972,14,0.4672,365591.66,2024-07-02T07:00:00Z
2024-07-31,P00253,0.06972,15,0.4626,364312.09,2024-08-02T07:00:00Z
2024-08-31,P00253,0.06972,16,0.458,363037.0,2024-09-02T07:00:00Z
2024-09-30,P00253,0.06972,17,0.4535,361766.37,2024-10-02T07:00:00Z
2024-10-31,P00253,0.06972,18,0.4489,360500.19,2024-11-02T07:00:00Z
2024-11-30,P00253,0.06972,19,0.4443,359238.44,2024-12-02T07:00:00Z
2024-12-31,P00253,0.06972,20,0.4397,357981.1,2025-01-02T07:00:00Z
2025-01-31,P00253,0.06972,21,0.4352,356728.17,2025-02-02T07:00:00Z
2025-02-28,P00253,0.06972,22,0.4306,355479.62,2025-03-02T07:00:00Z
2025-03-31,P00253,0.06972,23,0.426,354235.44,2025-04-02T07:00:00Z
2025-04-30,P00253,0.06972,24,0.4215,352995.62,2025-05-02T07:00:00Z
2025-05-31,P00253,0.06972,25,0.4169,351760.13,2025-06-02T07:00:00Z
2025-06-30,P00253,0.06972,26,0.4123,350528.97,2025-07-02T07:00:00Z
2025-07-31,P00253,0.06972,27,0.4078,349302.12,2025-08-02T07:00:00Z
2025-08-31,P00253,0.06972,28,0.4032,348079.56,2025-09-02T07:00:00Z
2025-09-30,P00253,0.06972,29,0.3986,346861.28,2025-10-02T07:00:00Z
2025-10-31,P00253,0.06972,30,0.394,345647.27,2025-11-02T07:00:00Z
2025-11-30,P00253,0.06972,31,0.3895,344437.5,2025-12-02T07:00:00Z
2025-12-31,P00253,0.06972,32,0.3849,343231.97,2026-01-02T07:00:00Z
2023-07-31,P00254,0.04692,89,0.8159,384696.84,2023-08-02T07:00:00Z
2023-08-31,P00254,0.04692,90,0.8101,383350.4,2023-09-02T07:00:00Z
2023-09-30,P00254,0.04692,91,0.8043,382008.67,2023-10-02T07:00:00Z
2023-10-31,P00254,0.04692,92,0.7986,380671.64,2023-11-02T07:00:00Z
2023-11-30,P00254,0.04692,93,0.7928,379339.29,2023-12-02T07:00:00Z
2023-12-31,P00254,0.04692,94,0.7871,378011.61,2024-01-02T07:00:00Z
2024-01-31,P00254,0.04692,95,0.7813,376688.57,2024-02-02T07:00:00Z
2024-02-29,P00254,0.04692,96,0.7755,375370.16,2024-03-02T07:00:00Z
2024-03-31,P00254,0.04692,97,0.7698,374056.36,2024-04-02T07:00:00Z
2024-04-30,P00254,0.04692,98,0.764,372747.16,2024-05-02T07:00:00Z
2024-05-31,P00254,0.04692,99,0.7582,371442.55,2024-06-02T07:00:00Z
2024-06-30,P00254,0.04692,100,0.7525,370142.5,2024-07-02T07:00:00Z
2024-07-31,P00254,0.04692,101,0.7467,368847.0,2024-08-02T07:00:00Z
2024-08-31,P00254,0.04692,102,0.7409,367556.04,2024-09-02T07:00:00Z
2024-09-30,P00254,0.04692,103,0.7352,366269.59,2024-10-02T07:00:00Z
2024-10-31,P00254,0.04692,104,0.7294,364987.65,2024-11-02T07:00:00Z
2024-11-30,P00254,0.04692,105,0.7237,363710.19,2024-12-02T07:00:00Z
2024-12-31,P00254,0.04692,106,0.7179,362437.2,2025-01-02T07:00:00Z
2025-01-31,P00254,0.04692,107,0.7121,361168.67,2025-02-02T07:00:00Z
2025-02-28,P00254,0.04692,108,0.7064,359904.58,2025-03-02T07:00:00Z
2025-03-31,P00254,0.04692,109,0.7006,358644.92,2025-04-02T07:00:00Z
2025-04-30,P00254,0.04692,110,0.6948,357389.66,2025-05-02T07:00:00Z
2025-05-31,P00254,0.04692,111,0.6891,356138.8,2025-06-02T07:00:00Z
2025-06-30,P00254,0.04692,112,0.6833,354892.31,2025-07-02T07:00:00Z
2025-07-31,P00254,0.04692,113,0.6775,353650.19,2025-08-02T07:00:00Z
2025-08-31,P00254,0.04692,114,0.6718,352412.41,2025-09-02T07:00:00Z
2025-09-30,P00254,0.04692,115,0.666,351178.97,2025-10-02T07:00:00Z
2025-10-31,P00254,0.04692,116,0.6603,349949.84,2025-11-02T07:00:00Z
2025-11-30,P00254,0.04692,117,0.6545,348725.02,2025-12-02T07:00:00Z
2025-12-31,P00254,0.04692,118,0.6487,347504.48,2026-01-02T07:00:00Z
2023-07-31,P00255,0.04252,115,0.7323,376180.7,2023-08-02T07:00:00Z
2023-08-31,P00255,0.04252,116,0.7269,374864.07,2023-09-02T07:00:00Z
2023-09-30,P00255,0.04252,117,0.7215,373552.04,2023-10-02T07:00:00Z
2023-10-31,P00255,0.04252,118,0.716,372244.61,2023-11-02T07:00:00Z
2023-11-30,P00255,0.04252,119,0.7106,370941.76,2023-12-02T07:00:00Z
2023-12-31,P00255,0.04252,120,0.7052,369643.46,2024-01-02T07:00:00Z
2024-01-31,P00255,0.04252,121,0.6997,368349.71,2024-02-02T07:00:00Z
2024-02-29,P00255,0.04252,122,0.6943,367060.48,2024-03-02T07:00:00Z
2024-03-31,P00255,0.04252,123,0.6889,365775.77,2024-04-02T07:00:00Z
2024-04-30,P00255,0.04252,124,0.6834,364495.56,2024-05-02T07:00:00Z
2024-05-31,P00255,0.04252,125,0.678,363219.82,2024-06-02T07:00:00Z
2024-06-30,P00255,0.04252,126,0.6726,361948.55,2024-07-02T07:00:00Z
2024-07-31,P00255,0.04252,127,0.6672,360681.73,2024-08-02T07:00:00Z
2024-08-31,P00255,0.04252,128,0.6617,359419.35,2024-09-02T07:00:00Z
2024-09-30,P00255,0.04252,129,0.6563,358161.38,2024-10-02T07:00:00Z
2024-10-31,P00255,0.04252,130,0.6509,356907.81,2024-11-02T07:00:00Z
2024-11-30,P00255,0.04252,131,0.6454,355658.64,2024-12-02T07:00:00Z
2024-12-31,P00255,0.04252,132,0.64,354413.83,2025-01-02T07:00:00Z
2025-01-31,P00255,0.04252,133,0.6346,353173.38,2025-02-02T07:00:00Z
2025-02-28,P00255,0.04252,134,0.6292,351937.28,2025-03-02T07:00:00Z
2025-03-31,P00255,0.04252,135,0.6237,350705.5,2025-04-02T07:00:00Z
2025-04-30,P00255,0.04252,136,0.6183,349478.03,2025-05-02T07:00:00Z
2025-05-31,P00255,0.04252,137,0.6129,348254.85,2025-06-02T07:00:00Z
2025-06-30,P00255,0.04252,138,0.6074,347035.96,2025-07-02T07:00:00Z
2025-07-31,P00255,0.04252,139,0.602,345821.34,2025-08-02T07:00:00Z
2025-08-31,P00255,0.04252,140,0.5966,344610.96,2025-09-02T07:00:00Z
2025-09-30,P00255,0.04252,141,0.5911,343404.82,2025-10-02T07:00:00Z
2025-10-31,P00255,0.04252,142,0.5857,342202.91,2025-11-02T07:00:00Z
2025-11-30,P00255,0.04252,143,0.5803,341005.2,2025-12-02T07:00:00Z
2025-12-31,P00255,0.04252,144,0.5749,339811.68,2026-01-02T07:00:00Z
2023-07-31,P00256,0.05583,77,0.8638,190555.06,2023-08-02T07:00:00Z
2023-08-31,P00256,0.05583,78,0.8579,189888.12,2023-09-02T07:00:00Z
2023-09-30,P00256,0.05583,79,0.8519,189223.51,2023-10-02T07:00:00Z
2023-10-31,P00256,0.05583,80,0.8459,188561.23,2023-11-02T07:00:00Z
2023-11-30,P00256,0.05583,81,0.84,187901.26,2023-12-02T07:00:00Z
2023-12-31,P00256,0.05583,82,0.834,187243.61,2024-01-02T07:00:00Z
2024-01-31,P00256,0.05583,83,0.8281,186588.26,2024-02-02T07:00:00Z
2024-02-29,P00256,0.05583,84,0.8221,185935.2,2024-03-02T07:00:00Z
2024-03-31,P00256,0.05583,85,0.8162,185284.42,2024-04-02T07:00:00Z
2024-04-30,P00256,0.05583,86,0.8102,184635.93,2024-05-02T07:00:00Z
2024-05-31,P00256,0.05583,87,0.8043,183989.7,2024-06-02T07:00:00Z
2024-06-30,P00256,0.05583,88,0.7983,183345.74,2024-07-02T07:00:00Z
2024-07-31,P00256,0.05583,89,0.7923,182704.03,2024-08-02T07:00:00Z
2024-08-31,P00256,0.05583,90,0.7864,182064.56,2024-09-02T07:00:00Z
2024-09-30,P00256,0.05583,91,0.7804,181427.34,2024-10-02T07:00:00Z
2024-10-31,P00256,0.05583,92,0.7745,180792.34,2024-11-02T07:00:00Z
2024-11-30,P00256,0.05583,93,0.7685,180159.57,2024-12-02T07:00:00Z
2024-12-31,P00256,0.05583,94,0.7626,179529.01,2025-01-02T07:00:00Z
2025-01-31,P00256,0.05583,95,0.7566,178900.66,2025-02-02T07:00:00Z
2025-02-28,P00256,0.05583,96,0.7507,178274.51,2025-03-02T07:00:00Z
2025-03-31,P00256,0.05583,97,0.7447,177650.55,2025-04-02T07:00:00Z
2025-04-30,P00256,0.05583,98,0.7387,177028.77,2025-05-02T07:00:00Z
2025-05-31,P00256,0.05583,99,0.7328,176409.17,2025-06-02T07:00:00Z
2025-06-30,P00256,0.05583,100,0.7268,175791.74,2025-07-02T07:00:00Z
2023-07-31,P00257,0.04323,80,0.714,377512.75,2023-08-02T07:00:00Z
2023-08-31,P00257,0.04323,81,0.7086,376191.46,2023-09-02T07:00:00Z
2023-09-30,P00257,0.04323,82,0.7033,374874.79,2023-10-02T07:00:00Z
2023-10-31,P00257,0.04323,83,0.6979,373562.72,2023-11-02T07:00:00Z
2023-11-30,P00257,0.04323,84,0.6926,372255.25,2023-12-02T07:00:00Z
2023-12-31,P00257,0.04323,85,0.6872,370952.36,2024-01-02T07:00:00Z
2024-01-31,P00257,0.04323,86,0.6819,369654.03,2024-02-02T07:00:00Z
2024-02-29,P00257,0.04323,87,0.6765,368360.24,2024-03-02T07:00:00Z
2024-03-31,P00257,0.04323,88,0.6711,367070.98,2024-04-02T07:00:00Z
2024-04-30,P00257,0.04323,89,0.6658,365786.23,2024-05-02T07:00:00Z
2024-05-31,P00257,0.04323,90,0.6604,364505.98,2024-06-02T07:00:00Z
2024-06-30,P00257,0.04323,91,0.6551,363230.21,2024-07-02T07:00:00Z
2024-07-31,P00257,0.04323,92,0.6497,361958.9,2024-08-02T07:00:00Z
2024-08-31,P00257,0.04323,93,0.6444,360692.04,2024-09-02T07:00:00Z
2024-09-30,P00257,0.04323,94,0.639,359429.62,2024-10-02T07:00:00Z
2024-10-31,P00257,0.04323,95,0.6337,358171.62,2024-11-02T07:00:00Z
2024-11-30,P00257,0.04323,96,0.6283,356918.02,2024-12-02T07:00:00Z
2024-12-31,P00257,0.04323,97,0.6229,355668.8,2025-01-02T07:00:00Z
2025-01-31,P00257,0.04323,98,0.6176,354423.96,2025-02-02T07:00:00Z
2025-02-28,P00257,0.04323,99,0.6122,353183.48,2025-03-02T07:00:00Z
2025-03-31,P00257,0.04323,100,0.6069,351947.34,2025-04-02T07:00:00Z
2025-04-30,P00257,0.04323,101,0.6015,350715.52,2025-05-02T07:00:00Z
2025-05-31,P00257,0.04323,102,0.5962,349488.02,2025-06-02T07:00:00Z
2025-06-30,P00257,0.04323,103,0.5908,348264.81,2025-07-02T07:00:00Z
2025-07-31,P00257,0.04323,104,0.5855,347045.88,2025-08-02T07:00:00Z
2025-08-31,P00257,0.04323,105,0.5801,345831.22,2025-09-02T07:00:00Z
2025-09-30,P00257,0.04323,106,0.5747,344620.81,2025-10-02T07:00:00Z
2025-10-31,P00257,0.04323,107,0.5694,343414.64,2025-11-02T07:00:00Z
2025-11-30,P00257,0.04323,108,0.564,342212.69,2025-12-02T07:00:00Z
2025-12-31,P00257,0.04323,109,0.5587,341014.94,2026-01-02T07:00:00Z
2023-07-31,P00258,0.04894,32,0.5726,568841.66,2023-08-02T07:00:00Z
2023-08-31,P00258,0.04894,33,0.5678,566850.71,2023-09-02T07:00:00Z
2023-09-30,P00258,0.04894,34,0.563,564866.74,2023-10-02T07:00:00Z
2023-10-31,P00258,0.04894,35,0.5582,562889.7,2023-11-02T07:00:00Z
2023-11-30,P00258,0.04894,36,0.5534,560919.59,2023-12-02T07:00:00Z
2023-12-31,P00258,0.04894,37,0.5486,558956.37,2024-01-02T07:00:00Z
2024-01-31,P00258,0.04894,38,0.5438,557000.02,2024-02-02T07:00:00Z
2024-02-29,P00258,0.04894,39,0.539,555050.52,2024-03-02T07:00:00Z
2024-03-31,P00258,0.04894,40,0.5343,553107.85,2024-04-02T07:00:00Z
2024-04-30,P00258,0.04894,41,0.5295,551171.97,2024-05-02T07:00:00Z
2024-05-31,P00258,0.04894,42,0.5247,549242.87,2024-06-02T07:00:00Z
2024-06-30,P00258,0.04894,43,0.5199,547320.52,2024-07-02T07:00:00Z
2024-07-31,P00258,0.04894,44,0.5151,545404.9,2024-08-02T07:00:00Z
2024-08-31,P00258,0.04894,45,0.5103,543495.98,2024-09-02T07:00:00Z
2024-09-30,P00258,0.04894,46,0.5055,541593.74,2024-10-02T07:00:00Z
2024-10-31,P00258,0.04894,47,0.5007,539698.16,2024-11-02T07:00:00Z
2024-11-30,P00258,0.04894,48,0.4959,537809.22,2024-12-02T07:00:00Z
2024-12-31,P00258,0.04894,49,0.4911,535926.89,2025-01-02T07:00:00Z
2025-01-31,P00258,0.04894,50,0.4864,534051.14,2025-02-02T07:00:00Z
2025-02-28,P00258,0.04894,51,0.4816,532181.97,2025-03-02T07:00:00Z
2025-03-31,P00258,0.04894,52,0.4768,530319.33,2025-04-02T07:00:00Z
2025-04-30,P00258,0.04894,53,0.472,528463.21,2025-05-02T07:00:00Z
2025-05-31,P00258,0.04894,54,0.4672,526613.59,2025-06-02T07:00:00Z
2025-06-30,P00258,0.04894,55,0.4624,524770.44,2025-07-02T07:00:00Z
2025-07-31,P00258,0.04894,56,0.4576,522933.75,2025-08-02T07:00:00Z
2025-08-31,P00258,0.04894,57,0.4528,521103.48,2025-09-02T07:00:00Z
2025-09-30,P00258,0.04894,58,0.448,519279.61,2025-10-02T07:00:00Z
2025-10-31,P00258,0.04894,59,0.4432,517462.14,2025-11-02T07:00:00Z
2025-11-30,P00258,0.04894,60,0.4384,515651.02,2025-12-02T07:00:00Z
2025-12-31,P00258,0.04894,61,0.4337,513846.24,2026-01-02T07:00:00Z
2023-07-31,P00259,0.06925,120,0.7034,410529.82,2023-08-02T07:00:00Z
2023-08-31,P00259,0.06925,121,0.6981,409092.97,2023-09-02T07:00:00Z
2023-09-30,P00259,0.06925,122,0.6928,407661.14,2023-10-02T07:00:00Z
2023-10-31,P00259,0.06925,123,0.6875,406234.33,2023-11-02T07:00:00Z
2023-11-30,P00259,0.06925,124,0.6821,404812.51,2023-12-02T07:00:00Z
2023-12-31,P00259,0.06925,125,0.6768,403395.66,2024-01-02T07:00:00Z
2024-01-31,P00259,0.06925,126,0.6715,401983.78,2024-02-02T07:00:00Z
2024-02-29,P00259,0.06925,127,0.6662,400576.83,2024-03-02T07:00:00Z
2024-03-31,P00259,0.06925,128,0.6609,399174.82,2024-04-02T07:00:00Z
2023-07-31,P00260,0.07134,127,0.6781,149943.57,2023-08-02T07:00:00Z
2023-08-31,P00260,0.07134,128,0.6729,149418.77,2023-09-02T07:00:00Z
2023-09-30,P00260,0.07134,129,0.6677,148895.8,2023-10-02T07:00:00Z
2023-10-31,P00260,0.07134,130,0.6625,148374.67,2023-11-02T07:00:00Z
2023-11-30,P00260,0.07134,131,0.6573,147855.36,2023-12-02T07:00:00Z
2023-12-31,P00260,0.07134,132,0.6521,147337.86,2024-01-02T07:00:00Z
2024-01-31,P00260,0.07134,133,0.6469,146822.18,2024-02-02T07:00:00Z
2024-02-29,P00260,0.07134,134,0.6417,146308.3,2024-03-02T07:00:00Z
2024-03-31,P00260,0.07134,135,0.6364,145796.22,2024-04-02T07:00:00Z
2024-04-30,P00260,0.07134,136,0.6312,145285.94,2024-05-02T07:00:00Z
2024-05-31,P00260,0.07134,137,0.626,144777.43,2024-06-02T07:00:00Z
2024-06-30,P00260,0.07134,138,0.6208,144270.71,2024-07-02T07:00:00Z
2024-07-31,P00260,0.07134,139,0.6156,143765.77,2024-08-02T07:00:00Z
2024-08-31,P00260,0.07134,140,0.6104,143262.59,2024-09-02T07:00:00Z
2024-09-30,P00260,0.07134,141,0.6052,142761.17,2024-10-02T07:00:00Z
2024-10-31,P00260,0.07134,142,0.6,142261.5,2024-11-02T07:00:00Z
2024-11-30,P00260,0.07134,143,0.5947,141763.59,2024-12-02T07:00:00Z
2024-12-31,P00260,0.07134,144,0.5895,141267.42,2025-01-02T07:00:00Z
2025-01-31,P00260,0.07134,145,0.5843,140772.98,2025-02-02T07:00:00Z
2025-02-28,P00260,0.07134,146,0.5791,140280.27,2025-03-02T07:00:00Z
2025-03-31,P00260,0.07134,147,0.5739,139789.29,2025-04-02T07:00:00Z
2025-04-30,P00260,0.07134,148,0.5687,139300.03,2025-05-02T07:00:00Z
2025-05-31,P00260,0.07134,149,0.5635,138812.48,2025-06-02T07:00:00Z
2025-06-30,P00260,0.07134,150,0.5583,138326.64,2025-07-02T07:00:00Z
2025-07-31,P00260,0.07134,151,0.553,137842.49,2025-08-02T07:00:00Z
2025-08-31,P00260,0.07134,152,0.5478,137360.04,2025-09-02T07:00:00Z
2025-09-30,P00260,0.07134,153,0.5426,136879.28,2025-10-02T07:00:00Z
2023-07-31,P00261,0.05775,112,0.9033,380032.29,2023-08-02T07:00:00Z
2023-08-31,P00261,0.05775,113,0.8971,378702.18,2023-09-02T07:00:00Z
2023-09-30,P00261,0.05775,114,0.891,377376.72,2023-10-02T07:00:00Z
2023-10-31,P00261,0.05775,115,0.8849,376055.9,2023-11-02T07:00:00Z
2023-11-30,P00261,0.05775,116,0.8788,374739.71,2023-12-02T07:00:00Z
2023-12-31,P00261,0.05775,117,0.8727,373428.12,2024-01-02T07:00:00Z
2024-01-31,P00261,0.05775,118,0.8666,372121.12,2024-02-02T07:00:00Z
2024-02-29,P00261,0.05775,119,0.8605,370818.69,2024-03-02T07:00:00Z
2024-03-31,P00261,0.05775,120,0.8543,369520.83,2024-04-02T07:00:00Z
2024-04-30,P00261,0.05775,121,0.8482,368227.51,2024-05-02T07:00:00Z
2024-05-31,P00261,0.05775,122,0.8421,366938.71,2024-06-02T07:00:00Z
2024-06-30,P00261,0.05775,123,0.836,365654.42,2024-07-02T07:00:00Z
2024-07-31,P00261,0.05775,124,0.8299,364374.63,2024-08-02T07:00:00Z
2024-08-31,P00261,0.05775,125,0.8238,363099.32,2024-09-02T07:00:00Z
2024-09-30,P00261,0.05775,126,0.8177,361828.47,2024-10-02T07:00:00Z
2024-10-31,P00261,0.05775,127,0.8116,360562.07,2024-11-02T07:00:00Z
2024-11-30,P00261,0.05775,128,0.8054,359300.11,2024-12-02T07:00:00Z
2024-12-31,P00261,0.05775,129,0.7993,358042.56,2025-01-02T07:00:00Z
2025-01-31,P00261,0.05775,130,0.7932,356789.41,2025-02-02T07:00:00Z
2025-02-28,P00261,0.05775,131,0.7871,355540.65,2025-03-02T07:00:00Z
2025-03-31,P00261,0.05775,132,0.781,354296.25,2025-04-02T07:00:00Z
2025-04-30,P00261,0.05775,133,0.7749,353056.22,2025-05-02T07:00:00Z
2025-05-31,P00261,0.05775,134,0.7688,351820.52,2025-06-02T07:00:00Z
2025-06-30,P00261,0.05775,135,0.7627,350589.15,2025-07-02T07:00:00Z
2025-07-31,P00261,0.05775,136,0.7565,349362.09,2025-08-02T07:00:00Z
2025-08-31,P00261,0.05775,137,0.7504,348139.32,2025-09-02T07:00:00Z
2025-09-30,P00261,0.05775,138,0.7443,346920.83,2025-10-02T07:00:00Z
2025-10-31,P00261,0.05775,139,0.7382,345706.61,2025-11-02T07:00:00Z
2025-11-30,P00261,0.05775,140,0.7321,344496.63,2025-12-02T07:00:00Z
2025-12-31,P00261,0.05775,141,0.726,343290.9,2026-01-02T07:00:00Z
2023-07-31,P00262,0.04539,11,0.7188,573847.44,2023-08-02T07:00:00Z
2023-08-31,P00262,0.04539,12,0.7134,571838.97,2023-09-02T07:00:00Z
2023-09-30,P00262,0.04539,13,0.7081,569837.54,2023-10-02T07:00:00Z
2023-10-31,P00262,0.04539,14,0.7027,567843.11,2023-11-02T07:00:00Z
2023-11-30,P00262,0.04539,15,0.6973,565855.66,2023-12-02T07:00:00Z
2023-12-31,P00262,0.04539,16,0.6919,563875.16,2024-01-02T07:00:00Z
2024-01-31,P00262,0.04539,17,0.6866,561901.6,2024-02-02T07:00:00Z
2024-02-29,P00262,0.04539,18,0.6812,559934.94,2024-03-02T07:00:00Z
2024-03-31,P00262,0.04539,19,0.6758,557975.17,2024-04-02T07:00:00Z
2024-04-30,P00262,0.04539,20,0.6704,556022.26,2024-05-02T07:00:00Z
2024-05-31,P00262,0.04539,21,0.6651,554076.18,2024-06-02T07:00:00Z
2024-06-30,P00262,0.04539,22,0.6597,552136.91,2024-07-02T07:00:00Z
2024-07-31,P00262,0.04539,23,0.6543,550204.43,2024-08-02T07:00:00Z
2024-08-31,P00262,0.04539,24,0.6489,548278.72,2024-09-02T07:00:00Z
2024-09-30,P00262,0.04539,25,0.6436,546359.74,2024-10-02T07:00:00Z
2024-10-31,P00262,0.04539,26,0.6382,544447.48,2024-11-02T07:00:00Z
2024-11-30,P00262,0.04539,27,0.6328,542541.92,2024-12-02T07:00:00Z
2024-12-31,P00262,0.04539,28,0.6274,540643.02,2025-01-02T07:00:00Z
2025-01-31,P00262,0.04539,29,0.6221,538750.77,2025-02-02T07:00:00Z
2025-02-28,P00262,0.04539,30,0.6167,536865.14,2025-03-02T07:00:00Z
2025-03-31,P00262,0.04539,31,0.6113,534986.11,2025-04-02T07:00:00Z
2025-04-30,P00262,0.04539,32,0.6059,533113.66,2025-05-02T07:00:00Z
2025-05-31,P00262,0.04539,33,0.6006,531247.76,2025-06-02T07:00:00Z
2025-06-30,P00262,0.04539,34,0.5952,529388.4,2025-07-02T07:00:00Z
2025-07-31,P00262,0.04539,35,0.5898,527535.54,2025-08-02T07:00:00Z
2025-08-31,P00262,0.04539,36,0.5844,525689.16,2025-09-02T07:00:00Z
2025-09-30,P00262,0.04539,37,0.5791,523849.25,2025-10-02T07:00:00Z
2025-10-31,P00262,0.04539,38,0.5737,522015.78,2025-11-02T07:00:00Z
2025-11-30,P00262,0.04539,39,0.5683,520188.72,2025-12-02T07:00:00Z
2025-12-31,P00262,0.04539,40,0.5629,518368.06,2026-01-02T07:00:00Z
2023-07-31,P00263,0.06703,22,0.6183,324874.78,2023-08-02T07:00:00Z
2023-08-31,P00263,0.06703,23,0.6133,323737.72,2023-09-02T07:00:00Z
2023-09-30,P00263,0.06703,24,0.6083,322604.64,2023-10-02T07:00:00Z
2023-10-31,P00263,0.06703,25,0.6034,321475.52,2023-11-02T07:00:00Z
2023-11-30,P00263,0.06703,26,0.5984,320350.36,2023-12-02T07:00:00Z
2023-12-31,P00263,0.06703,27,0.5934,319229.13,2024-01-02T07:00:00Z
2024-01-31,P00263,0.06703,28,0.5884,318111.83,2024-02-02T07:00:00Z
2024-02-29,P00263,0.06703,29,0.5835,316998.44,2024-03-02T07:00:00Z
2024-03-31,P00263,0.06703,30,0.5785,315888.94,2024-04-02T07:00:00Z
2024-04-30,P00263,0.06703,31,0.5735,314783.33,2024-05-02T07:00:00Z
2024-05-31,P00263,0.06703,32,0.5685,313681.59,2024-06-02T07:00:00Z
2024-06-30,P00263,0.06703,33,0.5636,312583.7,2024-07-02T07:00:00Z
2024-07-31,P00263,0.06703,34,0.5586,311489.66,2024-08-02T07:00:00Z
2024-08-31,P00263,0.06703,35,0.5536,310399.45,2024-09-02T07:00:00Z
2024-09-30,P00263,0.06703,36,0.5486,309313.05,2024-10-02T07:00:00Z
2024-10-31,P00263,0.06703,37,0.5437,308230.45,2024-11-02T07:00:00Z
2023-07-31,P00264,0.06148,40,0.5252,382685.12,2023-08-02T07:00:00Z
2023-08-31,P00264,0.06148,41,0.5206,381345.72,2023-09-02T07:00:00Z
2023-09-30,P00264,0.06148,42,0.516,380011.01,2023-10-02T07:00:00Z
2023-10-31,P00264,0.06148,43,0.5114,378680.97,2023-11-02T07:00:00Z
2023-11-30,P00264,0.06148,44,0.5068,377355.59,2023-12-02T07:00:00Z
2023-12-31,P00264,0.06148,45,0.5022,376034.85,2024-01-02T07:00:00Z
2024-01-31,P00264,0.06148,46,0.4976,374718.72,2024-02-02T07:00:00Z
2024-02-29,P00264,0.06148,47,0.493,373407.21,2024-03-02T07:00:00Z
2024-03-31,P00264,0.06148,48,0.4884,372100.28,2024-04-02T07:00:00Z
2024-04-30,P00264,0.06148,49,0.4838,370797.93,2024-05-02T07:00:00Z
2024-05-31,P00264,0.06148,50,0.4792,369500.14,2024-06-02T07:00:00Z
2024-06-30,P00264,0.06148,51,0.4746,368206.89,2024-07-02T07:00:00Z
2024-07-31,P00264,0.06148,52,0.47,366918.16,2024-08-02T07:00:00Z
2024-08-31,P00264,0.06148,53,0.4654,365633.95,2024-09-02T07:00:00Z
2024-09-30,P00264,0.06148,54,0.4608,364354.23,2024-10-02T07:00:00Z
2024-10-31,P00264,0.06148,55,0.4562,363078.99,2024-11-02T07:00:00Z
2024-11-30,P00264,0.06148,56,0.4516,361808.22,2024-12-02T07:00:00Z
2024-12-31,P00264,0.06148,57,0.447,360541.89,2025-01-02T07:00:00Z
2025-01-31,P00264,0.06148,58,0.4424,359279.99,2025-02-02T07:00:00Z
2025-02-28,P00264,0.06148,59,0.4378,358022.51,2025-03-02T07:00:00Z
2025-03-31,P00264,0.06148,60,0.4332,356769.43,2025-04-02T07:00:00Z
2025-04-30,P00264,0.06148,61,0.4286,355520.74,2025-05-02T07:00:00Z
2025-05-31,P00264,0.06148,62,0.424,354276.42,2025-06-02T07:00:00Z
2025-06-30,P00264,0.06148,63,0.4194,353036.45,2025-07-02T07:00:00Z
2025-07-31,P00264,0.06148,64,0.4148,351800.82,2025-08-02T07:00:00Z
2025-08-31,P00264,0.06148,65,0.4102,350569.52,2025-09-02T07:00:00Z
2025-09-30,P00264,0.06148,66,0.4056,349342.52,2025-10-02T07:00:00Z
2025-10-31,P00264,0.06148,67,0.401,348119.83,2025-11-02T07:00:00Z
2025-11-30,P00264,0.06148,68,0.3964,346901.41,2025-12-02T07:00:00Z
2025-12-31,P00264,0.06148,69,0.3918,345687.25,2026-01-02T07:00:00Z
2023-07-31,P00265,0.06296,68,0.7849,259027.16,2023-08-02T07:00:00Z
2023-08-31,P00265,0.06296,69,0.7793,258120.56,2023-09-02T07:00:00Z
2023-09-30,P00265,0.06296,70,0.7736,257217.14,2023-10-02T07:00:00Z
2023-10-31,P00265,0.06296,71,0.768,256316.88,2023-11-02T07:00:00Z
2023-11-30,P00265,0.06296,72,0.7624,255419.77,2023-12-02T07:00:00Z
2023-12-31,P00265,0.06296,73,0.7567,254525.8,2024-01-02T07:00:00Z
2023-07-31,P00266,0.06607,50,0.6447,227050.92,2023-08-02T07:00:00Z
2023-08-31,P00266,0.06607,51,0.6396,226256.24,2023-09-02T07:00:00Z
2023-09-30,P00266,0.06607,52,0.6345,225464.34,2023-10-02T07:00:00Z
2023-10-31,P00266,0.06607,53,0.6294,224675.22,2023-11-02T07:00:00Z
2023-11-30,P00266,0.06607,54,0.6244,223888.86,2023-12-02T07:00:00Z
2023-12-31,P00266,0.06607,55,0.6193,223105.25,2024-01-02T07:00:00Z
2024-01-31,P00266,0.06607,56,0.6142,222324.38,2024-02-02T07:00:00Z
2024-02-29,P00266,0.06607,57,0.6091,221546.24,2024-03-02T07:00:00Z
2024-03-31,P00266,0.06607,58,0.604,220770.83,2024-04-02T07:00:00Z
2024-04-30,P00266,0.06607,59,0.599,219998.13,2024-05-02T07:00:00Z
2023-07-31,P00267,0.06126,16,0.97,561459.04,2023-08-02T07:00:00Z
2023-08-31,P00267,0.06126,17,0.9636,559493.93,2023-09-02T07:00:00Z
2023-09-30,P00267,0.06126,18,0.9572,557535.7,2023-10-02T07:00:00Z
2023-10-31,P00267,0.06126,19,0.9509,555584.33,2023-11-02T07:00:00Z
2023-11-30,P00267,0.06126,20,0.9445,553639.78,2023-12-02T07:00:00Z
2023-12-31,P00267,0.06126,21,0.9381,551702.05,2024-01-02T07:00:00Z
2024-01-31,P00267,0.06126,22,0.9317,549771.09,2024-02-02T07:00:00Z
2024-02-29,P00267,0.06126,23,0.9253,547846.89,2024-03-02T07:00:00Z
2024-03-31,P00267,0.06126,24,0.919,545929.43,2024-04-02T07:00:00Z
2024-04-30,P00267,0.06126,25,0.9126,544018.67,2024-05-02T07:00:00Z
2024-05-31,P00267,0.06126,26,0.9062,542114.61,2024-06-02T07:00:00Z
2024-06-30,P00267,0.06126,27,0.8998,540217.21,2024-07-02T07:00:00Z
2024-07-31,P00267,0.06126,28,0.8934,538326.45,2024-08-02T07:00:00Z
2024-08-31,P00267,0.06126,29,0.8871,536442.3,2024-09-02T07:00:00Z
2024-09-30,P00267,0.06126,30,0.8807,534564.75,2024-10-02T07:00:00Z
2024-10-31,P00267,0.06126,31,0.8743,532693.78,2024-11-02T07:00:00Z
2024-11-30,P00267,0.06126,32,0.8679,530829.35,2024-12-02T07:00:00Z
2024-12-31,P00267,0.06126,33,0.8615,528971.45,2025-01-02T07:00:00Z
2025-01-31,P00267,0.06126,34,0.8552,527120.05,2025-02-02T07:00:00Z
2025-02-28,P00267,0.06126,35,0.8488,525275.13,2025-03-02T07:00:00Z
2025-03-31,P00267,0.06126,36,0.8424,523436.66,2025-04-02T07:00:00Z
2025-04-30,P00267,0.06126,37,0.836,521604.64,2025-05-02T07:00:00Z
2025-05-31,P00267,0.06126,38,0.8296,519779.02,2025-06-02T07:00:00Z
2025-06-30,P00267,0.06126,39,0.8233,517959.79,2025-07-02T07:00:00Z
2025-07-31,P00267,0.06126,40,0.8169,516146.93,2025-08-02T07:00:00Z
2025-08-31,P00267,0.06126,41,0.8105,514340.42,2025-09-02T07:00:00Z
2025-09-30,P00267,0.06126,42,0.8041,512540.23,2025-10-02T07:00:00Z
2025-10-31,P00267,0.06126,43,0.7977,510746.34,2025-11-02T07:00:00Z
2025-11-30,P00267,0.06126,44,0.7914,508958.72,2025-12-02T07:00:00Z
2025-12-31,P00267,0.06126,45,0.785,507177.37,2026-01-02T07:00:00Z
2023-07-31,P00268,0.04204,105,0.6836,636549.58,2023-08-02T07:00:00Z
2023-08-31,P00268,0.04204,106,0.6784,634321.66,2023-09-02T07:00:00Z
2023-09-30,P00268,0.04204,107,0.6732,632101.53,2023-10-02T07:00:00Z
2023-10-31,P00268,0.04204,108,0.6679,629889.18,2023-11-02T07:00:00Z
2023-11-30,P00268,0.04204,109,0.6627,627684.56,2023-12-02T07:00:00Z
2023-12-31,P00268,0.04204,110,0.6575,625487.67,2024-01-02T07:00:00Z
2024-01-31,P00268,0.04204,111,0.6522,623298.46,2024-02-02T07:00:00Z
2024-02-29,P00268,0.04204,112,0.647,621116.92,2024-03-02T07:00:00Z
2024-03-31,P00268,0.04204,113,0.6418,618943.01,2024-04-02T07:00:00Z
2024-04-30,P00268,0.04204,114,0.6365,616776.71,2024-05-02T07:00:00Z
2024-05-31,P00268,0.04204,115,0.6313,614617.99,2024-06-02T07:00:00Z
2024-06-30,P00268,0.04204,116,0.6261,612466.82,2024-07-02T07:00:00Z
2024-07-31,P00268,0.04204,117,0.6208,610323.19,2024-08-02T07:00:00Z
2024-08-31,P00268,0.04204,118,0.6156,608187.06,2024-09-02T07:00:00Z
2024-09-30,P00268,0.04204,119,0.6104,606058.4,2024-10-02T07:00:00Z
2024-10-31,P00268,0.04204,120,0.6051,603937.2,2024-11-02T07:00:00Z
2024-11-30,P00268,0.04204,121,0.5999,601823.42,2024-12-02T07:00:00Z
2024-12-31,P00268,0.04204,122,0.5946,599717.04,2025-01-02T07:00:00Z
2025-01-31,P00268,0.04204,123,0.5894,597618.03,2025-02-02T07:00:00Z
2025-02-28,P00268,0.04204,124,0.5842,595526.37,2025-03-02T07:00:00Z
2025-03-31,P00268,0.04204,125,0.5789,593442.02,2025-04-02T07:00:00Z
2025-04-30,P00268,0.04204,126,0.5737,591364.98,2025-05-02T07:00:00Z
2025-05-31,P00268,0.04204,127,0.5685,589295.2,2025-06-02T07:00:00Z
2025-06-30,P00268,0.04204,128,0.5632,587232.67,2025-07-02T07:00:00Z
2025-07-31,P00268,0.04204,129,0.558,585177.35,2025-08-02T07:00:00Z
2025-08-31,P00268,0.04204,130,0.5528,583129.23,2025-09-02T07:00:00Z
2025-09-30,P00268,0.04204,131,0.5475,581088.28,2025-10-02T07:00:00Z
2025-10-31,P00268,0.04204,132,0.5423,579054.47,2025-11-02T07:00:00Z
2025-11-30,P00268,0.04204,133,0.5371,577027.78,2025-12-02T07:00:00Z
2025-12-31,P00268,0.04204,134,0.5318,575008.18,2026-01-02T07:00:00Z
2023-07-31,P00269,0.07793,136,0.7772,330223.02,2023-08-02T07:00:00Z
2023-08-31,P00269,0.07793,137,0.7716,329067.24,2023-09-02T07:00:00Z
2023-09-30,P00269,0.07793,138,0.766,327915.5,2023-10-02T07:00:00Z
2023-10-31,P00269,0.07793,139,0.7604,326767.8,2023-11-02T07:00:00Z
2023-11-30,P00269,0.07793,140,0.7548,325624.11,2023-12-02T07:00:00Z
2023-12-31,P00269,0.07793,141,0.7492,324484.43,2024-01-02T07:00:00Z
2024-01-31,P00269,0.07793,142,0.7436,323348.73,2024-02-02T07:00:00Z
2024-02-29,P00269,0.07793,143,0.738,322217.01,2024-03-02T07:00:00Z
2024-03-31,P00269,0.07793,144,0.7324,321089.25,2024-04-02T07:00:00Z
2024-04-30,P00269,0.07793,145,0.7267,319965.44,2024-05-02T07:00:00Z
2024-05-31,P00269,0.07793,146,0.7211,318845.56,2024-06-02T07:00:00Z
2024-06-30,P00269,0.07793,147,0.7155,317729.6,2024-07-02T07:00:00Z
2024-07-31,P00269,0.07793,148,0.7099,316617.55,2024-08-02T07:00:00Z
2024-08-31,P00269,0.07793,149,0.7043,315509.39,2024-09-02T07:00:00Z
2024-09-30,P00269,0.07793,150,0.6987,314405.1,2024-10-02T07:00:00Z
2024-10-31,P00269,0.07793,151,0.6931,313304.69,2024-11-02T07:00:00Z
2024-11-30,P00269,0.07793,152,0.6875,312208.12,2024-12-02T07:00:00Z
2024-12-31,P00269,0.07793,153,0.6819,311115.39,2025-01-02T07:00:00Z
2025-01-31,P00269,0.07793,154,0.6763,310026.49,2025-02-02T07:00:00Z
2025-02-28,P00269,0.07793,155,0.6707,308941.39,2025-03-02T07:00:00Z
2025-03-31,P00269,0.07793,156,0.665,307860.1,2025-04-02T07:00:00Z
2025-04-30,P00269,0.07793,157,0.6594,306782.59,2025-05-02T07:00:00Z
2025-05-31,P00269,0.07793,158,0.6538,305708.85,2025-06-02T07:00:00Z
2025-06-30,P00269,0.07793,159,0.6482,304638.87,2025-07-02T07:00:00Z
2025-07-31,P00269,0.07793,160,0.6426,303572.63,2025-08-02T07:00:00Z
2023-07-31,P00270,0.05952,43,0.6433,512138.29,2023-08-02T07:00:00Z
2023-08-31,P00270,0.05952,44,0.6382,510345.81,2023-09-02T07:00:00Z
2023-09-30,P00270,0.05952,45,0.6331,508559.6,2023-10-02T07:00:00Z
2023-10-31,P00270,0.05952,46,0.6281,506779.64,2023-11-02T07:00:00Z
2023-11-30,P00270,0.05952,47,0.623,505005.91,2023-12-02T07:00:00Z
2023-12-31,P00270,0.05952,48,0.6179,503238.39,2024-01-02T07:00:00Z
2024-01-31,P00270,0.05952,49,0.6129,501477.05,2024-02-02T07:00:00Z
2024-02-29,P00270,0.05952,50,0.6078,499721.88,2024-03-02T07:00:00Z
2024-03-31,P00270,0.05952,51,0.6027,497972.86,2024-04-02T07:00:00Z
2024-04-30,P00270,0.05952,52,0.5976,496229.95,2024-05-02T07:00:00Z
2024-05-31,P00270,0.05952,53,0.5926,494493.15,2024-06-02T07:00:00Z
2024-06-30,P00270,0.05952,54,0.5875,492762.42,2024-07-02T07:00:00Z
2024-07-31,P00270,0.05952,55,0.5824,491037.75,2024-08-02T07:00:00Z
2024-08-31,P00270,0.05952,56,0.5773,489319.12,2024-09-02T07:00:00Z
2024-09-30,P00270,0.05952,57,0.5723,487606.5,2024-10-02T07:00:00Z
2024-10-31,P00270,0.05952,58,0.5672,485899.88,2024-11-02T07:00:00Z
2024-11-30,P00270,0.05952,59,0.5621,484199.23,2024-12-02T07:00:00Z
2024-12-31,P00270,0.05952,60,0.5571,482504.53,2025-01-02T07:00:00Z
2025-01-31,P00270,0.05952,61,0.552,480815.77,2025-02-02T07:00:00Z
2025-02-28,P00270,0.05952,62,0.5469,479132.91,2025-03-02T07:00:00Z
2025-03-31,P00270,0.05952,63,0.5418,477455.95,2025-04-02T07:00:00Z
2025-04-30,P00270,0.05952,64,0.5368,475784.85,2025-05-02T07:00:00Z
2025-05-31,P00270,0.05952,65,0.5317,474119.6,2025-06-02T07:00:00Z
2025-06-30,P00270,0.05952,66,0.5266,472460.19,2025-07-02T07:00:00Z
2025-07-31,P00270,0.05952,67,0.5215,470806.58,2025-08-02T07:00:00Z
2025-08-31,P00270,0.05952,68,0.5165,469158.75,2025-09-02T07:00:00Z
2025-09-30,P00270,0.05952,69,0.5114,467516.7,2025-10-02T07:00:00Z
2025-10-31,P00270,0.05952,70,0.5063,465880.39,2025-11-02T07:00:00Z
2025-11-30,P00270,0.05952,71,0.5012,464249.81,2025-12-02T07:00:00Z
2025-12-31,P00270,0.05952,72,0.4962,462624.93,2026-01-02T07:00:00Z
2023-07-31,P00271,0.06083,83,0.9597,654036.1,2023-08-02T07:00:00Z
2023-08-31,P00271,0.06083,84,0.9534,651746.97,2023-09-02T07:00:00Z
2023-09-30,P00271,0.06083,85,0.947,649465.86,2023-10-02T07:00:00Z
2023-07-31,P00272,0.07319,32,0.8227,579290.36,2023-08-02T07:00:00Z
2023-08-31,P00272,0.07319,33,0.8169,577262.84,2023-09-02T07:00:00Z
2023-09-30,P00272,0.07319,34,0.8111,575242.42,2023-10-02T07:00:00Z
2023-10-31,P00272,0.07319,35,0.8053,573229.08,2023-11-02T07:00:00Z
2023-11-30,P00272,0.07319,36,0.7995,571222.77,2023-12-02T07:00:00Z
2023-12-31,P00272,0.07319,37,0.7937,569223.49,2024-01-02T07:00:00Z
2024-01-31,P00272,0.07319,38,0.7879,567231.21,2024-02-02T07:00:00Z
2024-02-29,P00272,0.07319,39,0.7821,565245.9,2024-03-02T07:00:00Z
2024-03-31,P00272,0.07319,40,0.7763,563267.54,2024-04-02T07:00:00Z
2024-04-30,P00272,0.07319,41,0.7706,561296.11,2024-05-02T07:00:00Z
2024-05-31,P00272,0.07319,42,0.7648,559331.57,2024-06-02T07:00:00Z
2024-06-30,P00272,0.07319,43,0.759,557373.91,2024-07-02T07:00:00Z
2024-07-31,P00272,0.07319,44,0.7532,555423.1,2024-08-02T07:00:00Z
2024-08-31,P00272,0.07319,45,0.7474,553479.12,2024-09-02T07:00:00Z
2024-09-30,P00272,0.07319,46,0.7416,551541.94,2024-10-02T07:00:00Z
2024-10-31,P00272,0.07319,47,0.7358,549611.55,2024-11-02T07:00:00Z
2024-11-30,P00272,0.07319,48,0.73,547687.9,2024-12-02T07:00:00Z
2024-12-31,P00272,0.07319,49,0.7242,545771.0,2025-01-02T07:00:00Z
2025-01-31,P00272,0.07319,50,0.7184,543860.8,2025-02-02T07:00:00Z
2025-02-28,P00272,0.07319,51,0.7126,541957.29,2025-03-02T07:00:00Z
2025-03-31,P00272,0.07319,52,0.7069,540060.44,2025-04-02T07:00:00Z
2025-04-30,P00272,0.07319,53,0.7011,538170.22,2025-05-02T07:00:00Z
2025-05-31,P00272,0.07319,54,0.6953,536286.63,2025-06-02T07:00:00Z
2025-06-30,P00272,0.07319,55,0.6895,534409.62,2025-07-02T07:00:00Z
2025-07-31,P00272,0.07319,56,0.6837,532539.19,2025-08-02T07:00:00Z
2025-08-31,P00272,0.07319,57,0.6779,530675.3,2025-09-02T07:00:00Z
2025-09-30,P00272,0.07319,58,0.6721,528817.94,2025-10-02T07:00:00Z
2023-07-31,P00273,0.06839,90,0.6241,359300.4,2023-08-02T07:00:00Z
2023-08-31,P00273,0.06839,91,0.6191,358042.85,2023-09-02T07:00:00Z
2023-09-30,P00273,0.06839,92,0.6141,356789.7,2023-10-02T07:00:00Z
2023-10-31,P00273,0.06839,93,0.6091,355540.93,2023-11-02T07:00:00Z
2023-11-30,P00273,0.06839,94,0.6041,354296.54,2023-12-02T07:00:00Z
2023-12-31,P00273,0.06839,95,0.5991,353056.5,2024-01-02T07:00:00Z
2024-01-31,P00273,0.06839,96,0.5941,351820.81,2024-02-02T07:00:00Z
2024-02-29,P00273,0.06839,97,0.5891,350589.43,2024-03-02T07:00:00Z
2023-07-31,P00274,0.07665,38,0.9193,349491.02,2023-08-02T07:00:00Z
2023-08-31,P00274,0.07665,39,0.9131,348267.8,2023-09-02T07:00:00Z
2023-09-30,P00274,0.07665,40,0.9069,347048.86,2023-10-02T07:00:00Z
2023-10-31,P00274,0.07665,41,0.9008,345834.19,2023-11-02T07:00:00Z
2023-11-30,P00274,0.07665,42,0.8946,344623.77,2023-12-02T07:00:00Z
2023-12-31,P00274,0.07665,43,0.8884,343417.59,2024-01-02T07:00:00Z
2024-01-31,P00274,0.07665,44,0.8822,342215.63,2024-02-02T07:00:00Z
2024-02-29,P00274,0.07665,45,0.876,341017.87,2024-03-02T07:00:00Z
2024-03-31,P00274,0.07665,46,0.8699,339824.31,2024-04-02T07:00:00Z
2024-04-30,P00274,0.07665,47,0.8637,338634.93,2024-05-02T07:00:00Z
2024-05-31,P00274,0.07665,48,0.8575,337449.7,2024-06-02T07:00:00Z
2024-06-30,P00274,0.07665,49,0.8513,336268.63,2024-07-02T07:00:00Z
2024-07-31,P00274,0.07665,50,0.8452,335091.69,2024-08-02T07:00:00Z
2024-08-31,P00274,0.07665,51,0.839,333918.87,2024-09-02T07:00:00Z
2024-09-30,P00274,0.07665,52,0.8328,332750.15,2024-10-02T07:00:00Z
2024-10-31,P00274,0.07665,53,0.8266,331585.53,2024-11-02T07:00:00Z
2024-11-30,P00274,0.07665,54,0.8205,330424.98,2024-12-02T07:00:00Z
2024-12-31,P00274,0.07665,55,0.8143,329268.49,2025-01-02T07:00:00Z
2025-01-31,P00274,0.07665,56,0.8081,328116.05,2025-02-02T07:00:00Z
2025-02-28,P00274,0.07665,57,0.8019,326967.64,2025-03-02T07:00:00Z
2025-03-31,P00274,0.07665,58,0.7957,325823.26,2025-04-02T07:00:00Z
2025-04-30,P00274,0.07665,59,0.7896,324682.88,2025-05-02T07:00:00Z
2025-05-31,P00274,0.07665,60,0.7834,323546.49,2025-06-02T07:00:00Z
2025-06-30,P00274,0.07665,61,0.7772,322414.07,2025-07-02T07:00:00Z
2025-07-31,P00274,0.07665,62,0.771,321285.62,2025-08-02T07:00:00Z
2025-08-31,P00274,0.07665,63,0.7649,320161.12,2025-09-02T07:00:00Z
2025-09-30,P00274,0.07665,64,0.7587,319040.56,2025-10-02T07:00:00Z
2025-10-31,P00274,0.07665,65,0.7525,317923.92,2025-11-02T07:00:00Z
2025-11-30,P00274,0.07665,66,0.7463,316811.19,2025-12-02T07:00:00Z
2025-12-31,P00274,0.07665,67,0.7402,315702.35,2026-01-02T07:00:00Z
2023-07-31,P00275,0.05407,119,0.7381,238745.24,2023-08-02T07:00:00Z
2023-08-31,P00275,0.05407,120,0.7326,237909.63,2023-09-02T07:00:00Z
2023-09-30,P00275,0.05407,121,0.7272,237076.95,2023-10-02T07:00:00Z
2023-10-31,P00275,0.05407,122,0.7217,236247.18,2023-11-02T07:00:00Z
2023-11-30,P00275,0.05407,123,0.7163,235420.31,2023-12-02T07:00:00Z
2023-12-31,P00275,0.05407,124,0.7108,234596.34,2024-01-02T07:00:00Z
2024-01-31,P00275,0.05407,125,0.7054,233775.26,2024-02-02T07:00:00Z
2024-02-29,P00275,0.05407,126,0.6999,232957.04,2024-03-02T07:00:00Z
2024-03-31,P00275,0.05407,127,0.6945,232141.69,2024-04-02T07:00:00Z
2024-04-30,P00275,0.05407,128,0.689,231329.2,2024-05-02T07:00:00Z
2024-05-31,P00275,0.05407,129,0.6836,230519.54,2024-06-02T07:00:00Z
2024-06-30,P00275,0.05407,130,0.6781,229712.73,2024-07-02T07:00:00Z
2024-07-31,P00275,0.05407,131,0.6726,228908.73,2024-08-02T07:00:00Z
2024-08-31,P00275,0.05407,132,0.6672,228107.55,2024-09-02T07:00:00Z
2024-09-30,P00275,0.05407,133,0.6617,227309.17,2024-10-02T07:00:00Z
2024-10-31,P00275,0.05407,134,0.6563,226513.59,2024-11-02T07:00:00Z
2024-11-30,P00275,0.05407,135,0.6508,225720.79,2024-12-02T07:00:00Z
2024-12-31,P00275,0.05407,136,0.6454,224930.77,2025-01-02T07:00:00Z
2025-01-31,P00275,0.05407,137,0.6399,224143.51,2025-02-02T07:00:00Z
2025-02-28,P00275,0.05407,138,0.6345,223359.01,2025-03-02T07:00:00Z
2025-03-31,P00275,0.05407,139,0.629,222577.26,2025-04-02T07:00:00Z
2025-04-30,P00275,0.05407,140,0.6236,221798.23,2025-05-02T07:00:00Z
2025-05-31,P00275,0.05407,141,0.6181,221021.94,2025-06-02T07:00:00Z
2025-06-30,P00275,0.05407,142,0.6127,220248.36,2025-07-02T07:00:00Z
2025-07-31,P00275,0.05407,143,0.6072,219477.49,2025-08-02T07:00:00Z
2025-08-31,P00275,0.05407,144,0.6018,218709.32,2025-09-02T07:00:00Z
2025-09-30,P00275,0.05407,145,0.5963,217943.84,2025-10-02T07:00:00Z
2025-10-31,P00275,0.05407,146,0.5909,217181.04,2025-11-02T07:00:00Z
2025-11-30,P00275,0.05407,147,0.5854,216420.9,2025-12-02T07:00:00Z
2025-12-31,P00275,0.05407,148,0.58,215663.43,2026-01-02T07:00:00Z
2023-07-31,P00276,0.06746,25,0.8777,243100.65,2023-08-02T07:00:00Z
2023-08-31,P00276,0.06746,26,0.8717,242249.8,2023-09-02T07:00:00Z
2023-09-30,P00276,0.06746,27,0.8657,241401.92,2023-10-02T07:00:00Z
2023-10-31,P00276,0.06746,28,0.8597,240557.02,2023-11-02T07:00:00Z
2023-11-30,P00276,0.06746,29,0.8537,239715.07,2023-12-02T07:00:00Z
2023-12-31,P00276,0.06746,30,0.8476,238876.06,2024-01-02T07:00:00Z
2024-01-31,P00276,0.06746,31,0.8416,238040.0,2024-02-02T07:00:00Z
2024-02-29,P00276,0.06746,32,0.8356,237206.86,2024-03-02T07:00:00Z
2023-07-31,P00277,0.04325,61,0.7784,127918.46,2023-08-02T07:00:00Z
2023-08-31,P00277,0.04325,62,0.7728,127470.75,2023-09-02T07:00:00Z
2023-09-30,P00277,0.04325,63,0.7672,127024.6,2023-10-02T07:00:00Z
2023-10-31,P00277,0.04325,64,0.7616,126580.01,2023-11-02T07:00:00Z
2023-11-30,P00277,0.04325,65,0.7559,126136.98,2023-12-02T07:00:00Z
2023-12-31,P00277,0.04325,66,0.7503,125695.5,2024-01-02T07:00:00Z
2024-01-31,P00277,0.04325,67,0.7447,125255.57,2024-02-02T07:00:00Z
2024-02-29,P00277,0.04325,68,0.7391,124817.17,2024-03-02T07:00:00Z
2024-03-31,P00277,0.04325,69,0.7335,124380.31,2024-04-02T07:00:00Z
2024-04-30,P00277,0.04325,70,0.7279,123944.98,2024-05-02T07:00:00Z
2024-05-31,P00277,0.04325,71,0.7223,123511.17,2024-06-02T07:00:00Z
2024-06-30,P00277,0.04325,72,0.7166,123078.89,2024-07-02T07:00:00Z
2024-07-31,P00277,0.04325,73,0.711,122648.11,2024-08-02T07:00:00Z
2024-08-31,P00277,0.04325,74,0.7054,122218.84,2024-09-02T07:00:00Z
2024-09-30,P00277,0.04325,75,0.6998,121791.08,2024-10-02T07:00:00Z
2024-10-31,P00277,0.04325,76,0.6942,121364.81,2024-11-02T07:00:00Z
2024-11-30,P00277,0.04325,77,0.6886,120940.03,2024-12-02T07:00:00Z
2024-12-31,P00277,0.04325,78,0.683,120516.74,2025-01-02T07:00:00Z
2025-01-31,P00277,0.04325,79,0.6773,120094.93,2025-02-02T07:00:00Z
2025-02-28,P00277,0.04325,80,0.6717,119674.6,2025-03-02T07:00:00Z
2025-03-31,P00277,0.04325,81,0.6661,119255.74,2025-04-02T07:00:00Z
2025-04-30,P00277,0.04325,82,0.6605,118838.34,2025-05-02T07:00:00Z
2025-05-31,P00277,0.04325,83,0.6549,118422.41,2025-06-02T07:00:00Z
2025-06-30,P00277,0.04325,84,0.6493,118007.93,2025-07-02T07:00:00Z
2025-07-31,P00277,0.04325,85,0.6437,117594.9,2025-08-02T07:00:00Z
2025-08-31,P00277,0.04325,86,0.6381,117183.32,2025-09-02T07:00:00Z
2025-09-30,P00277,0.04325,87,0.6324,116773.18,2025-10-02T07:00:00Z
2025-10-31,P00277,0.04325,88,0.6268,116364.47,2025-11-02T07:00:00Z
2025-11-30,P00277,0.04325,89,0.6212,115957.2,2025-12-02T07:00:00Z
2025-12-31,P00277,0.04325,90,0.6156,115551.35,2026-01-02T07:00:00Z
2023-07-31,P00278,0.07022,91,0.7722,244479.62,2023-08-02T07:00:00Z
2023-08-31,P00278,0.07022,92,0.7666,243623.94,2023-09-02T07:00:00Z
2023-09-30,P00278,0.07022,93,0.761,242771.26,2023-10-02T07:00:00Z
2023-10-31,P00278,0.07022,94,0.7555,241921.56,2023-11-02T07:00:00Z
2023-11-30,P00278,0.07022,95,0.7499,241074.83,2023-12-02T07:00:00Z
2023-12-31,P00278,0.07022,96,0.7443,240231.07,2024-01-02T07:00:00Z
2024-01-31,P00278,0.07022,97,0.7387,239390.26,2024-02-02T07:00:00Z
2024-02-29,P00278,0.07022,98,0.7331,238552.4,2024-03-02T07:00:00Z
2024-03-31,P00278,0.07022,99,0.7275,237717.46,2024-04-02T07:00:00Z
2024-04-30,P00278,0.07022,100,0.7219,236885.45,2024-05-02T07:00:00Z
2024-05-31,P00278,0.07022,101,0.7163,236056.35,2024-06-02T07:00:00Z
2024-06-30,P00278,0.07022,102,0.7107,235230.16,2024-07-02T07:00:00Z
2024-07-31,P00278,0.07022,103,0.7052,234406.85,2024-08-02T07:00:00Z
2024-08-31,P00278,0.07022,104,0.6996,233586.43,2024-09-02T07:00:00Z
2024-09-30,P00278,0.07022,105,0.694,232768.87,2024-10-02T07:00:00Z
2024-10-31,P00278,0.07022,106,0.6884,231954.18,2024-11-02T07:00:00Z
2024-11-30,P00278,0.07022,107,0.6828,231142.34,2024-12-02T07:00:00Z
2024-12-31,P00278,0.07022,108,0.6772,230333.34,2025-01-02T07:00:00Z
2025-01-31,P00278,0.07022,109,0.6716,229527.18,2025-02-02T07:00:00Z
2025-02-28,P00278,0.07022,110,0.666,228723.83,2025-03-02T07:00:00Z
2025-03-31,P00278,0.07022,111,0.6604,227923.3,2025-04-02T07:00:00Z
2025-04-30,P00278,0.07022,112,0.6549,227125.57,2025-05-02T07:00:00Z
2025-05-31,P00278,0.07022,113,0.6493,226330.63,2025-06-02T07:00:00Z
2025-06-30,P00278,0.07022,114,0.6437,225538.47,2025-07-02T07:00:00Z
2025-07-31,P00278,0.07022,115,0.6381,224749.09,2025-08-02T07:00:00Z
2025-08-31,P00278,0.07022,116,0.6325,223962.46,2025-09-02T07:00:00Z
2025-09-30,P00278,0.07022,117,0.6269,223178.6,2025-10-02T07:00:00Z
2025-10-31,P00278,0.07022,118,0.6213,222397.47,2025-11-02T07:00:00Z
2025-11-30,P00278,0.07022,119,0.6157,221619.08,2025-12-02T07:00:00Z
2025-12-31,P00278,0.07022,120,0.6101,220843.41,2026-01-02T07:00:00Z
2023-07-31,P00279,0.06051,133,0.7762,662733.06,2023-08-02T07:00:00Z
2023-08-31,P00279,0.06051,134,0.7705,660413.49,2023-09-02T07:00:00Z
2023-09-30,P00279,0.06051,135,0.7649,658102.05,2023-10-02T07:00:00Z
2023-10-31,P00279,0.06051,136,0.7593,655798.69,2023-11-02T07:00:00Z
2023-11-30,P00279,0.06051,137,0.7537,653503.39,2023-12-02T07:00:00Z
2023-12-31,P00279,0.06051,138,0.7481,651216.13,2024-01-02T07:00:00Z
2024-01-31,P00279,0.06051,139,0.7425,648936.88,2024-02-02T07:00:00Z
2024-02-29,P00279,0.06051,140,0.7369,646665.6,2024-03-02T07:00:00Z
2024-03-31,P00279,0.06051,141,0.7313,644402.27,2024-04-02T07:00:00Z
2024-04-30,P00279,0.06051,142,0.7257,642146.86,2024-05-02T07:00:00Z
2024-05-31,P00279,0.06051,143,0.7201,639899.35,2024-06-02T07:00:00Z
2024-06-30,P00279,0.06051,144,0.7145,637659.7,2024-07-02T07:00:00Z
2024-07-31,P00279,0.06051,145,0.7089,635427.89,2024-08-02T07:00:00Z
2024-08-31,P00279,0.06051,146,0.7033,633203.89,2024-09-02T07:00:00Z
2024-09-30,P00279,0.06051,147,0.6977,630987.68,2024-10-02T07:00:00Z
2024-10-31,P00279,0.06051,148,0.6921,628779.22,2024-11-02T07:00:00Z
2024-11-30,P00279,0.06051,149,0.6865,626578.49,2024-12-02T07:00:00Z
2024-12-31,P00279,0.06051,150,0.6809,624385.47,2025-01-02T07:00:00Z
2025-01-31,P00279,0.06051,151,0.6753,622200.12,2025-02-02T07:00:00Z
2025-02-28,P00279,0.06051,152,0.6697,620022.42,2025-03-02T07:00:00Z
2025-03-31,P00279,0.06051,153,0.6641,617852.34,2025-04-02T07:00:00Z
2025-04-30,P00279,0.06051,154,0.6585,615689.86,2025-05-02T07:00:00Z
2025-05-31,P00279,0.06051,155,0.6529,613534.94,2025-06-02T07:00:00Z
2025-06-30,P00279,0.06051,156,0.6472,611387.57,2025-07-02T07:00:00Z
2025-07-31,P00279,0.06051,157,0.6416,609247.71,2025-08-02T07:00:00Z
2025-08-31,P00279,0.06051,158,0.636,607115.35,2025-09-02T07:00:00Z
2025-09-30,P00279,0.06051,159,0.6304,604990.44,2025-10-02T07:00:00Z
2025-10-31,P00279,0.06051,160,0.6248,602872.98,2025-11-02T07:00:00Z
2025-11-30,P00279,0.06051,161,0.6192,600762.92,2025-12-02T07:00:00Z
2025-12-31,P00279,0.06051,162,0.6136,598660.25,2026-01-02T07:00:00Z
2023-07-31,P00280,0.06738,47,0.8165,370596.35,2023-08-02T07:00:00Z
2023-08-31,P00280,0.06738,48,0.8107,369299.26,2023-09-02T07:00:00Z
2023-09-30,P00280,0.06738,49,0.8049,368006.72,2023-10-02T07:00:00Z
2023-10-31,P00280,0.06738,50,0.7992,366718.69,2023-11-02T07:00:00Z
2023-11-30,P00280,0.06738,51,0.7934,365435.18,2023-12-02T07:00:00Z
2023-12-31,P00280,0.06738,52,0.7876,364156.15,2024-01-02T07:00:00Z
2024-01-31,P00280,0.06738,53,0.7819,362881.61,2024-02-02T07:00:00Z
2024-02-29,P00280,0.06738,54,0.7761,361611.52,2024-03-02T07:00:00Z
2024-03-31,P00280,0.06738,55,0.7703,360345.88,2024-04-02T07:00:00Z
2024-04-30,P00280,0.06738,56,0.7646,359084.67,2024-05-02T07:00:00Z
2024-05-31,P00280,0.06738,57,0.7588,357827.87,2024-06-02T07:00:00Z
2024-06-30,P00280,0.06738,58,0.753,356575.48,2024-07-02T07:00:00Z
2024-07-31,P00280,0.06738,59,0.7473,355327.46,2024-08-02T07:00:00Z
2024-08-31,P00280,0.06738,60,0.7415,354083.82,2024-09-02T07:00:00Z
2024-09-30,P00280,0.06738,61,0.7357,352844.52,2024-10-02T07:00:00Z
2024-10-31,P00280,0.06738,62,0.73,351609.57,2024-11-02T07:00:00Z
2023-07-31,P00281,0.06439,75,0.7526,608070.8,2023-08-02T07:00:00Z
2023-08-31,P00281,0.06439,76,0.7471,605942.55,2023-09-02T07:00:00Z
2023-09-30,P00281,0.06439,77,0.7416,603821.75,2023-10-02T07:00:00Z
2023-10-31,P00281,0.06439,78,0.7361,601708.38,2023-11-02T07:00:00Z
2023-11-30,P00281,0.06439,79,0.7306,599602.4,2023-12-02T07:00:00Z
2023-12-31,P00281,0.06439,80,0.7251,597503.79,2024-01-02T07:00:00Z
2024-01-31,P00281,0.06439,81,0.7196,595412.53,2024-02-02T07:00:00Z
2024-02-29,P00281,0.06439,82,0.714,593328.58,2024-03-02T07:00:00Z
2024-03-31,P00281,0.06439,83,0.7085,591251.93,2024-04-02T07:00:00Z
2024-04-30,P00281,0.06439,84,0.703,589182.55,2024-05-02T07:00:00Z
2024-05-31,P00281,0.06439,85,0.6975,587120.41,2024-06-02T07:00:00Z
2024-06-30,P00281,0.06439,86,0.692,585065.49,2024-07-02T07:00:00Z
2024-07-31,P00281,0.06439,87,0.6865,583017.76,2024-08-02T07:00:00Z
2024-08-31,P00281,0.06439,88,0.681,580977.2,2024-09-02T07:00:00Z
2024-09-30,P00281,0.06439,89,0.6755,578943.78,2024-10-02T07:00:00Z
2024-10-31,P00281,0.06439,90,0.67,576917.48,2024-11-02T07:00:00Z
2023-07-31,P00282,0.05981,50,0.5503,525534.33,2023-08-02T07:00:00Z
2023-08-31,P00282,0.05981,51,0.5456,523694.96,2023-09-02T07:00:00Z
2023-07-31,P00283,0.07017,65,0.8327,111209.68,2023-08-02T07:00:00Z
2023-08-31,P00283,0.07017,66,0.8269,110820.45,2023-09-02T07:00:00Z
2023-09-30,P00283,0.07017,67,0.8211,110432.57,2023-10-02T07:00:00Z
2023-10-31,P00283,0.07017,68,0.8153,110046.06,2023-11-02T07:00:00Z
2023-07-31,P00284,0.06454,47,0.7704,476707.74,2023-08-02T07:00:00Z
2023-08-31,P00284,0.06454,48,0.7648,475039.26,2023-09-02T07:00:00Z
2023-09-30,P00284,0.06454,49,0.7592,473376.63,2023-10-02T07:00:00Z
2023-10-31,P00284,0.06454,50,0.7536,471719.81,2023-11-02T07:00:00Z
2023-11-30,P00284,0.06454,51,0.748,470068.79,2023-12-02T07:00:00Z
2023-12-31,P00284,0.06454,52,0.7424,468423.55,2024-01-02T07:00:00Z
2024-01-31,P00284,0.06454,53,0.7369,466784.06,2024-02-02T07:00:00Z
2024-02-29,P00284,0.06454,54,0.7313,465150.32,2024-03-02T07:00:00Z
2024-03-31,P00284,0.06454,55,0.7257,463522.29,2024-04-02T07:00:00Z
2024-04-30,P00284,0.06454,56,0.7201,461899.97,2024-05-02T07:00:00Z
2024-05-31,P00284,0.06454,57,0.7145,460283.32,2024-06-02T07:00:00Z
2024-06-30,P00284,0.06454,58,0.709,458672.32,2024-07-02T07:00:00Z
2024-07-31,P00284,0.06454,59,0.7034,457066.97,2024-08-02T07:00:00Z
2024-08-31,P00284,0.06454,60,0.6978,455467.24,2024-09-02T07:00:00Z
2024-09-30,P00284,0.06454,61,0.6922,453873.1,2024-10-02T07:00:00Z
2024-10-31,P00284,0.06454,62,0.6866,452284.55,2024-11-02T07:00:00Z
2024-11-30,P00284,0.06454,63,0.681,450701.55,2024-12-02T07:00:00Z
2024-12-31,P00284,0.06454,64,0.6755,449124.09,2025-01-02T07:00:00Z
2025-01-31,P00284,0.06454,65,0.6699,447552.16,2025-02-02T07:00:00Z
2025-02-28,P00284,0.06454,66,0.6643,445985.73,2025-03-02T07:00:00Z
2025-03-31,P00284,0.06454,67,0.6587,444424.78,2025-04-02T07:00:00Z
2025-04-30,P00284,0.06454,68,0.6531,442869.29,2025-05-02T07:00:00Z
2025-05-31,P00284,0.06454,69,0.6476,441319.25,2025-06-02T07:00:00Z
2025-06-30,P00284,0.06454,70,0.642,439774.63,2025-07-02T07:00:00Z
2025-07-31,P00284,0.06454,71,0.6364,438235.42,2025-08-02T07:00:00Z
2025-08-31,P00284,0.06454,72,0.6308,436701.6,2025-09-02T07:00:00Z
2025-09-30,P00284,0.06454,73,0.6252,435173.14,2025-10-02T07:00:00Z
2025-10-31,P00284,0.06454,74,0.6197,433650.03,2025-11-02T07:00:00Z
2025-11-30,P00284,0.06454,75,0.6141,432132.26,2025-12-02T07:00:00Z
2025-12-31,P00284,0.06454,76,0.6085,430619.8,2026-01-02T07:00:00Z
2023-07-31,P00285,0.0645,56,0.7822,415265.58,2023-08-02T07:00:00Z
2023-08-31,P00285,0.0645,57,0.7766,413812.15,2023-09-02T07:00:00Z
2023-09-30,P00285,0.0645,58,0.771,412363.81,2023-10-02T07:00:00Z
2023-10-31,P00285,0.0645,59,0.7653,410920.53,2023-11-02T07:00:00Z
2023-11-30,P00285,0.0645,60,0.7597,409482.31,2023-12-02T07:00:00Z
2023-12-31,P00285,0.0645,61,0.7541,408049.12,2024-01-02T07:00:00Z
2024-01-31,P00285,0.0645,62,0.7485,406620.95,2024-02-02T07:00:00Z
2024-02-29,P00285,0.0645,63,0.7428,405197.78,2024-03-02T07:00:00Z
2024-03-31,P00285,0.0645,64,0.7372,403779.59,2024-04-02T07:00:00Z
2024-04-30,P00285,0.0645,65,0.7316,402366.36,2024-05-02T07:00:00Z
2024-05-31,P00285,0.0645,66,0.7259,400958.08,2024-06-02T07:00:00Z
2024-06-30,P00285,0.0645,67,0.7203,399554.72,2024-07-02T07:00:00Z
2024-07-31,P00285,0.0645,68,0.7147,398156.28,2024-08-02T07:00:00Z
2024-08-31,P00285,0.0645,69,0.709,396762.73,2024-09-02T07:00:00Z
2024-09-30,P00285,0.0645,70,0.7034,395374.06,2024-10-02T07:00:00Z
2024-10-31,P00285,0.0645,71,0.6978,393990.26,2024-11-02T07:00:00Z
2024-11-30,P00285,0.0645,72,0.6922,392611.29,2024-12-02T07:00:00Z
2024-12-31,P00285,0.0645,73,0.6865,391237.15,2025-01-02T07:00:00Z
2025-01-31,P00285,0.0645,74,0.6809,389867.82,2025-02-02T07:00:00Z
2025-02-28,P00285,0.0645,75,0.6753,388503.28,2025-03-02T07:00:00Z
2025-03-31,P00285,0.0645,76,0.6696,387143.52,2025-04-02T07:00:00Z
2025-04-30,P00285,0.0645,77,0.664,385788.52,2025-05-02T07:00:00Z
2023-07-31,P00286,0.05132,74,0.3447,608973.29,2023-08-02T07:00:00Z
2023-08-31,P00286,0.05132,75,0.3408,606841.88,2023-09-02T07:00:00Z
2023-09-30,P00286,0.05132,76,0.3369,604717.94,2023-10-02T07:00:00Z
2023-10-31,P00286,0.05132,77,0.333,602601.42,2023-11-02T07:00:00Z
2023-11-30,P00286,0.05132,78,0.3292,600492.32,2023-12-02T07:00:00Z
2023-12-31,P00286,0.05132,79,0.3253,598390.6,2024-01-02T07:00:00Z
2024-01-31,P00286,0.05132,80,0.3214,596296.23,2024-02-02T07:00:00Z
2024-02-29,P00286,0.05132,81,0.3175,594209.19,2024-03-02T07:00:00Z
2024-03-31,P00286,0.05132,82,0.3136,592129.46,2024-04-02T07:00:00Z
2024-04-30,P00286,0.05132,83,0.3098,590057.01,2024-05-02T07:00:00Z
2024-05-31,P00286,0.05132,84,0.3059,587991.81,2024-06-02T07:00:00Z
2024-06-30,P00286,0.05132,85,0.302,585933.84,2024-07-02T07:00:00Z
2024-07-31,P00286,0.05132,86,0.2981,583883.07,2024-08-02T07:00:00Z
2023-07-31,P00287,0.04003,39,0.6753,271855.79,2023-08-02T07:00:00Z
2023-08-31,P00287,0.04003,40,0.6701,270904.29,2023-09-02T07:00:00Z
2023-09-30,P00287,0.04003,41,0.6649,269956.13,2023-10-02T07:00:00Z
2023-10-31,P00287,0.04003,42,0.6597,269011.28,2023-11-02T07:00:00Z
2023-11-30,P00287,0.04003,43,0.6545,268069.74,2023-12-02T07:00:00Z
2023-12-31,P00287,0.04003,44,0.6493,267131.5,2024-01-02T07:00:00Z
2024-01-31,P00287,0.04003,45,0.6441,266196.54,2024-02-02T07:00:00Z
2024-02-29,P00287,0.04003,46,0.6389,265264.85,2024-03-02T07:00:00Z
2024-03-31,P00287,0.04003,47,0.6337,264336.42,2024-04-02T07:00:00Z
2023-07-31,P00288,0.05422,42,0.6333,337785.88,2023-08-02T07:00:00Z
2023-08-31,P00288,0.05422,43,0.6282,336603.63,2023-09-02T07:00:00Z
2023-09-30,P00288,0.05422,44,0.6232,335425.52,2023-10-02T07:00:00Z
2023-10-31,P00288,0.05422,45,0.6182,334251.53,2023-11-02T07:00:00Z
2023-11-30,P00288,0.05422,46,0.6131,333081.65,2023-12-02T07:00:00Z
2023-12-31,P00288,0.05422,47,0.6081,331915.86,2024-01-02T07:00:00Z
2024-01-31,P00288,0.05422,48,0.6031,330754.16,2024-02-02T07:00:00Z
2024-02-29,P00288,0.05422,49,0.598,329596.52,2024-03-02T07:00:00Z
2024-03-31,P00288,0.05422,50,0.593,328442.93,2024-04-02T07:00:00Z
2024-04-30,P00288,0.05422,51,0.588,327293.38,2024-05-02T07:00:00Z
2024-05-31,P00288,0.05422,52,0.5829,326147.85,2024-06-02T07:00:00Z
2024-06-30,P00288,0.05422,53,0.5779,325006.33,2024-07-02T07:00:00Z
2024-07-31,P00288,0.05422,54,0.5729,323868.81,2024-08-02T07:00:00Z
2024-08-31,P00288,0.05422,55,0.5678,322735.27,2024-09-02T07:00:00Z
2024-09-30,P00288,0.05422,56,0.5628,321605.7,2024-10-02T07:00:00Z
2024-10-31,P00288,0.05422,57,0.5578,320480.08,2024-11-02T07:00:00Z
2024-11-30,P00288,0.05422,58,0.5527,319358.4,2024-12-02T07:00:00Z
2024-12-31,P00288,0.05422,59,0.5477,318240.64,2025-01-02T07:00:00Z
2025-01-31,P00288,0.05422,60,0.5427,317126.8,2025-02-02T07:00:00Z
2025-02-28,P00288,0.05422,61,0.5376,316016.86,2025-03-02T07:00:00Z
2025-03-31,P00288,0.05422,62,0.5326,314910.8,2025-04-02T07:00:00Z
2025-04-30,P00288,0.05422,63,0.5276,313808.61,2025-05-02T07:00:00Z
2025-05-31,P00288,0.05422,64,0.5225,312710.28,2025-06-02T07:00:00Z
2025-06-30,P00288,0.05422,65,0.5175,311615.79,2025-07-02T07:00:00Z
2025-07-31,P00288,0.05422,66,0.5125,310525.14,2025-08-02T07:00:00Z
2025-08-31,P00288,0.05422,67,0.5074,309438.3,2025-09-02T07:00:00Z
2025-09-30,P00288,0.05422,68,0.5024,308355.27,2025-10-02T07:00:00Z
2025-10-31,P00288,0.05422,69,0.4974,307276.02,2025-11-02T07:00:00Z
2025-11-30,P00288,0.05422,70,0.4923,306200.56,2025-12-02T07:00:00Z
2025-12-31,P00288,0.05422,71,0.4873,305128.86,2026-01-02T07:00:00Z
2023-07-31,P00289,0.07316,86,0.9286,386406.61,2023-08-02T07:00:00Z
2023-08-31,P00289,0.07316,87,0.9224,385054.19,2023-09-02T07:00:00Z
2023-09-30,P00289,0.07316,88,0.9162,383706.5,2023-10-02T07:00:00Z
2023-10-31,P00289,0.07316,89,0.91,382363.52,2023-11-02T07:00:00Z
2023-11-30,P00289,0.07316,90,0.9038,381025.25,2023-12-02T07:00:00Z
2023-12-31,P00289,0.07316,91,0.8976,379691.66,2024-01-02T07:00:00Z
2024-01-31,P00289,0.07316,92,0.8913,378362.74,2024-02-02T07:00:00Z
2024-02-29,P00289,0.07316,93,0.8851,377038.47,2024-03-02T07:00:00Z
2024-03-31,P00289,0.07316,94,0.8789,375718.84,2024-04-02T07:00:00Z
2024-04-30,P00289,0.07316,95,0.8727,374403.82,2024-05-02T07:00:00Z
2024-05-31,P00289,0.07316,96,0.8665,373093.41,2024-06-02T07:00:00Z
2024-06-30,P00289,0.07316,97,0.8603,371787.58,2024-07-02T07:00:00Z
2024-07-31,P00289,0.07316,98,0.8541,370486.33,2024-08-02T07:00:00Z
2024-08-31,P00289,0.07316,99,0.8478,369189.62,2024-09-02T07:00:00Z
2024-09-30,P00289,0.07316,100,0.8416,367897.46,2024-10-02T07:00:00Z
2024-10-31,P00289,0.07316,101,0.8354,366609.82,2024-11-02T07:00:00Z
2024-11-30,P00289,0.07316,102,0.8292,365326.68,2024-12-02T07:00:00Z
2024-12-31,P00289,0.07316,103,0.823,364048.04,2025-01-02T07:00:00Z
2025-01-31,P00289,0.07316,104,0.8168,362773.87,2025-02-02T07:00:00Z
2025-02-28,P00289,0.07316,105,0.8106,361504.16,2025-03-02T07:00:00Z
2025-03-31,P00289,0.07316,106,0.8043,360238.9,2025-04-02T07:00:00Z
2025-04-30,P00289,0.07316,107,0.7981,358978.06,2025-05-02T07:00:00Z
2025-05-31,P00289,0.07316,108,0.7919,357721.64,2025-06-02T07:00:00Z
2025-06-30,P00289,0.07316,109,0.7857,356469.61,2025-07-02T07:00:00Z
2025-07-31,P00289,0.07316,110,0.7795,355221.97,2025-08-02T07:00:00Z
2025-08-31,P00289,0.07316,111,0.7733,353978.69,2025-09-02T07:00:00Z
2025-09-30,P00289,0.07316,112,0.7671,352739.77,2025-10-02T07:00:00Z
2025-10-31,P00289,0.07316,113,0.7608,351505.18,2025-11-02T07:00:00Z
2025-11-30,P00289,0.07316,114,0.7546,350274.91,2025-12-02T07:00:00Z
2025-12-31,P00289,0.07316,115,0.7484,349048.95,2026-01-02T07:00:00Z
2023-07-31,P00290,0.07469,83,0.5724,403906.81,2023-08-02T07:00:00Z
2023-08-31,P00290,0.07469,84,0.5676,402493.14,2023-09-02T07:00:00Z
2023-09-30,P00290,0.07469,85,0.5628,401084.41,2023-10-02T07:00:00Z
2023-10-31,P00290,0.07469,86,0.558,399680.61,2023-11-02T07:00:00Z
2023-11-30,P00290,0.07469,87,0.5532,398281.73,2023-12-02T07:00:00Z
2023-12-31,P00290,0.07469,88,0.5484,396887.75,2024-01-02T07:00:00Z
2024-01-31,P00290,0.07469,89,0.5436,395498.64,2024-02-02T07:00:00Z
2024-02-29,P00290,0.07469,90,0.5388,394114.39,2024-03-02T07:00:00Z
2024-03-31,P00290,0.07469,91,0.534,392734.99,2024-04-02T07:00:00Z
2024-04-30,P00290,0.07469,92,0.5293,391360.42,2024-05-02T07:00:00Z
2024-05-31,P00290,0.07469,93,0.5245,389990.66,2024-06-02T07:00:00Z
2024-06-30,P00290,0.07469,94,0.5197,388625.69,2024-07-02T07:00:00Z
2024-07-31,P00290,0.07469,95,0.5149,387265.5,2024-08-02T07:00:00Z
2024-08-31,P00290,0.07469,96,0.5101,385910.07,2024-09-02T07:00:00Z
2024-09-30,P00290,0.07469,97,0.5053,384559.39,2024-10-02T07:00:00Z
2024-10-31,P00290,0.07469,98,0.5005,383213.43,2024-11-02T07:00:00Z
2024-11-30,P00290,0.07469,99,0.4957,381872.18,2024-12-02T07:00:00Z
2024-12-31,P00290,0.07469,100,0.4909,380535.63,2025-01-02T07:00:00Z
2025-01-31,P00290,0.07469,101,0.4862,379203.76,2025-02-02T07:00:00Z
2025-02-28,P00290,0.07469,102,0.4814,377876.54,2025-03-02T07:00:00Z
2025-03-31,P00290,0.07469,103,0.4766,376553.97,2025-04-02T07:00:00Z
2023-07-31,P00291,0.06204,60,0.97,651015.26,2023-08-02T07:00:00Z
2023-08-31,P00291,0.06204,61,0.9636,648736.71,2023-09-02T07:00:00Z
2023-09-30,P00291,0.06204,62,0.9572,646466.13,2023-10-02T07:00:00Z
2023-10-31,P00291,0.06204,63,0.9509,644203.5,2023-11-02T07:00:00Z
2023-11-30,P00291,0.06204,64,0.9445,641948.78,2023-12-02T07:00:00Z
2023-12-31,P00291,0.06204,65,0.9381,639701.96,2024-01-02T07:00:00Z
2024-01-31,P00291,0.06204,66,0.9317,637463.01,2024-02-02T07:00:00Z
2024-02-29,P00291,0.06204,67,0.9253,635231.89,2024-03-02T07:00:00Z
2024-03-31,P00291,0.06204,68,0.919,633008.57,2024-04-02T07:00:00Z
2024-04-30,P00291,0.06204,69,0.9126,630793.04,2024-05-02T07:00:00Z
2024-05-31,P00291,0.06204,70,0.9062,628585.27,2024-06-02T07:00:00Z
2024-06-30,P00291,0.06204,71,0.8998,626385.22,2024-07-02T07:00:00Z
2024-07-31,P00291,0.06204,72,0.8934,624192.87,2024-08-02T07:00:00Z
2024-08-31,P00291,0.06204,73,0.8871,622008.2,2024-09-02T07:00:00Z
2024-09-30,P00291,0.06204,74,0.8807,619831.17,2024-10-02T07:00:00Z
2024-10-31,P00291,0.06204,75,0.8743,617661.76,2024-11-02T07:00:00Z
2024-11-30,P00291,0.06204,76,0.8679,615499.94,2024-12-02T07:00:00Z
2024-12-31,P00291,0.06204,77,0.8615,613345.69,2025-01-02T07:00:00Z
2025-01-31,P00291,0.06204,78,0.8552,611198.98,2025-02-02T07:00:00Z
2025-02-28,P00291,0.06204,79,0.8488,609059.79,2025-03-02T07:00:00Z
2025-03-31,P00291,0.06204,80,0.8424,606928.08,2025-04-02T07:00:00Z
2025-04-30,P00291,0.06204,81,0.836,604803.83,2025-05-02T07:00:00Z
2025-05-31,P00291,0.06204,82,0.8296,602687.02,2025-06-02T07:00:00Z
2025-06-30,P00291,0.06204,83,0.8233,600577.61,2025-07-02T07:00:00Z
2025-07-31,P00291,0.06204,84,0.8169,598475.59,2025-08-02T07:00:00Z
2025-08-31,P00291,0.06204,85,0.8105,596380.93,2025-09-02T07:00:00Z
2025-09-30,P00291,0.06204,86,0.8041,594293.59,2025-10-02T07:00:00Z
2025-10-31,P00291,0.06204,87,0.7977,592213.56,2025-11-02T07:00:00Z
2025-11-30,P00291,0.06204,88,0.7914,590140.82,2025-12-02T07:00:00Z
2025-12-31,P00291,0.06204,89,0.785,588075.32,2026-01-02T07:00:00Z
2023-07-31,P00292,0.05911,63,0.8981,473003.52,2023-08-02T07:00:00Z
2023-08-31,P00292,0.05911,64,0.892,471348.01,2023-09-02T07:00:00Z
2023-09-30,P00292,0.05911,65,0.8859,469698.29,2023-10-02T07:00:00Z
2023-10-31,P00292,0.05911,66,0.8798,468054.35,2023-11-02T07:00:00Z
2023-11-30,P00292,0.05911,67,0.8737,466416.16,2023-12-02T07:00:00Z
2023-12-31,P00292,0.05911,68,0.8676,464783.7,2024-01-02T07:00:00Z
2024-01-31,P00292,0.05911,69,0.8615,463156.96,2024-02-02T07:00:00Z
2024-02-29,P00292,0.05911,70,0.8554,461535.91,2024-03-02T07:00:00Z
2024-03-31,P00292,0.05911,71,0.8493,459920.53,2024-04-02T07:00:00Z
2024-04-30,P00292,0.05911,72,0.8432,458310.81,2024-05-02T07:00:00Z
2024-05-31,P00292,0.05911,73,0.8371,456706.72,2024-06-02T07:00:00Z
2024-06-30,P00292,0.05911,74,0.831,455108.25,2024-07-02T07:00:00Z
2023-07-31,P00293,0.05081,28,0.97,345018.45,2023-08-02T07:00:00Z
2023-08-31,P00293,0.05081,29,0.9636,343810.89,2023-09-02T07:00:00Z
2023-09-30,P00293,0.05081,30,0.9572,342607.55,2023-10-02T07:00:00Z
2023-10-31,P00293,0.05081,31,0.9509,341408.42,2023-11-02T07:00:00Z
2023-11-30,P00293,0.05081,32,0.9445,340213.49,2023-12-02T07:00:00Z
2023-12-31,P00293,0.05081,33,0.9381,339022.74,2024-01-02T07:00:00Z
2024-01-31,P00293,0.05081,34,0.9317,337836.16,2024-02-02T07:00:00Z
2024-02-29,P00293,0.05081,35,0.9253,336653.74,2024-03-02T07:00:00Z
2024-03-31,P00293,0.05081,36,0.919,335475.45,2024-04-02T07:00:00Z
2024-04-30,P00293,0.05081,37,0.9126,334301.29,2024-05-02T07:00:00Z
2024-05-31,P00293,0.05081,38,0.9062,333131.23,2024-06-02T07:00:00Z
2024-06-30,P00293,0.05081,39,0.8998,331965.27,2024-07-02T07:00:00Z
2024-07-31,P00293,0.05081,40,0.8934,330803.39,2024-08-02T07:00:00Z
2024-08-31,P00293,0.05081,41,0.8871,329645.58,2024-09-02T07:00:00Z
2024-09-30,P00293,0.05081,42,0.8807,328491.82,2024-10-02T07:00:00Z
2024-10-31,P00293,0.05081,43,0.8743,327342.1,2024-11-02T07:00:00Z
2024-11-30,P00293,0.05081,44,0.8679,326196.4,2024-12-02T07:00:00Z
2024-12-31,P00293,0.05081,45,0.8615,325054.72,2025-01-02T07:00:00Z
2025-01-31,P00293,0.05081,46,0.8552,323917.02,2025-02-02T07:00:00Z
2025-02-28,P00293,0.05081,47,0.8488,322783.31,2025-03-02T07:00:00Z
2025-03-31,P00293,0.05081,48,0.8424,321653.57,2025-04-02T07:00:00Z
2025-04-30,P00293,0.05081,49,0.836,320527.79,2025-05-02T07:00:00Z
2025-05-31,P00293,0.05081,50,0.8296,319405.94,2025-06-02T07:00:00Z
2025-06-30,P00293,0.05081,51,0.8233,318288.02,2025-07-02T07:00:00Z
2025-07-31,P00293,0.05081,52,0.8169,317174.01,2025-08-02T07:00:00Z
2025-08-31,P00293,0.05081,53,0.8105,316063.9,2025-09-02T07:00:00Z
2025-09-30,P00293,0.05081,54,0.8041,314957.68,2025-10-02T07:00:00Z
2025-10-31,P00293,0.05081,55,0.7977,313855.33,2025-11-02T07:00:00Z
2025-11-30,P00293,0.05081,56,0.7914,312756.83,2025-12-02T07:00:00Z
2025-12-31,P00293,0.05081,57,0.785,311662.18,2026-01-02T07:00:00Z
2023-07-31,P00294,0.07024,31,0.7072,357351.97,2023-08-02T07:00:00Z
2023-08-31,P00294,0.07024,32,0.7018,356101.24,2023-09-02T07:00:00Z
2023-09-30,P00294,0.07024,33,0.6965,354854.88,2023-10-02T07:00:00Z
2023-10-31,P00294,0.07024,34,0.6912,353612.89,2023-11-02T07:00:00Z
2023-11-30,P00294,0.07024,35,0.6859,352375.25,2023-12-02T07:00:00Z
2023-12-31,P00294,0.07024,36,0.6805,351141.93,2024-01-02T07:00:00Z
2024-01-31,P00294,0.07024,37,0.6752,349912.94,2024-02-02T07:00:00Z
2024-02-29,P00294,0.07024,38,0.6699,348688.24,2024-03-02T07:00:00Z
2024-03-31,P00294,0.07024,39,0.6645,347467.83,2024-04-02T07:00:00Z
2024-04-30,P00294,0.07024,40,0.6592,346251.69,2024-05-02T07:00:00Z
2024-05-31,P00294,0.07024,41,0.6539,345039.81,2024-06-02T07:00:00Z
2024-06-30,P00294,0.07024,42,0.6486,343832.17,2024-07-02T07:00:00Z
2024-07-31,P00294,0.07024,43,0.6432,342628.76,2024-08-02T07:00:00Z
2024-08-31,P00294,0.07024,44,0.6379,341429.56,2024-09-02T07:00:00Z
2024-09-30,P00294,0.07024,45,0.6326,340234.56,2024-10-02T07:00:00Z
2024-10-31,P00294,0.07024,46,0.6272,339043.74,2024-11-02T07:00:00Z
2024-11-30,P00294,0.07024,47,0.6219,337857.08,2024-12-02T07:00:00Z
2024-12-31,P00294,0.07024,48,0.6166,336674.58,2025-01-02T07:00:00Z
2025-01-31,P00294,0.07024,49,0.6113,335496.22,2025-02-02T07:00:00Z
2025-02-28,P00294,0.07024,50,0.6059,334321.99,2025-03-02T07:00:00Z
2025-03-31,P00294,0.07024,51,0.6006,333151.86,2025-04-02T07:00:00Z
2025-04-30,P00294,0.07024,52,0.5953,331985.83,2025-05-02T07:00:00Z
2025-05-31,P00294,0.07024,53,0.5899,330823.88,2025-06-02T07:00:00Z
2025-06-30,P00294,0.07024,54,0.5846,329665.99,2025-07-02T07:00:00Z
2025-07-31,P00294,0.07024,55,0.5793,328512.16,2025-08-02T07:00:00Z
2025-08-31,P00294,0.07024,56,0.574,327362.37,2025-09-02T07:00:00Z
2025-09-30,P00294,0.07024,57,0.5686,326216.6,2025-10-02T07:00:00Z
2025-10-31,P00294,0.07024,58,0.5633,325074.84,2025-11-02T07:00:00Z
2025-11-30,P00294,0.07024,59,0.558,323937.08,2025-12-02T07:00:00Z
2025-12-31,P00294,0.07024,60,0.5526,322803.3,2026-01-02T07:00:00Z
2023-07-31,P00295,0.07299,9,0.8275,619619.93,2023-08-02T07:00:00Z
2023-08-31,P00295,0.07299,10,0.8217,617451.26,2023-09-02T07:00:00Z
2023-09-30,P00295,0.07299,11,0.8159,615290.18,2023-10-02T07:00:00Z
2023-10-31,P00295,0.07299,12,0.8101,613136.67,2023-11-02T07:00:00Z
2023-11-30,P00295,0.07299,13,0.8043,610990.69,2023-12-02T07:00:00Z
2023-12-31,P00295,0.07299,14,0.7985,608852.22,2024-01-02T07:00:00Z
2024-01-31,P00295,0.07299,15,0.7927,606721.24,2024-02-02T07:00:00Z
2024-02-29,P00295,0.07299,16,0.7869,604597.71,2024-03-02T07:00:00Z
2024-03-31,P00295,0.07299,17,0.7811,602481.62,2024-04-02T07:00:00Z
2024-04-30,P00295,0.07299,18,0.7753,600372.93,2024-05-02T07:00:00Z
2024-05-31,P00295,0.07299,19,0.7694,598271.63,2024-06-02T07:00:00Z
2024-06-30,P00295,0.07299,20,0.7636,596177.68,2024-07-02T07:00:00Z
2024-07-31,P00295,0.07299,21,0.7578,594091.06,2024-08-02T07:00:00Z
2024-08-31,P00295,0.07299,22,0.752,592011.74,2024-09-02T07:00:00Z
2024-09-30,P00295,0.07299,23,0.7462,589939.7,2024-10-02T07:00:00Z
2024-10-31,P00295,0.07299,24,0.7404,587874.91,2024-11-02T07:00:00Z
2024-11-30,P00295,0.07299,25,0.7346,585817.35,2024-12-02T07:00:00Z
2024-12-31,P00295,0.07299,26,0.7288,583766.99,2025-01-02T07:00:00Z
2025-01-31,P00295,0.07299,27,0.723,581723.8,2025-02-02T07:00:00Z
2025-02-28,P00295,0.07299,28,0.7172,579687.77,2025-03-02T07:00:00Z
2025-03-31,P00295,0.07299,29,0.7113,577658.86,2025-04-02T07:00:00Z
2025-04-30,P00295,0.07299,30,0.7055,575637.05,2025-05-02T07:00:00Z
2025-05-31,P00295,0.07299,31,0.6997,573622.32,2025-06-02T07:00:00Z
2025-06-30,P00295,0.07299,32,0.6939,571614.65,2025-07-02T07:00:00Z
2025-07-31,P00295,0.07299,33,0.6881,569614.0,2025-08-02T07:00:00Z
2025-08-31,P00295,0.07299,34,0.6823,567620.35,2025-09-02T07:00:00Z
2023-07-31,P00296,0.05783,86,0.7911,241966.15,2023-08-02T07:00:00Z
2023-08-31,P00296,0.05783,87,0.7854,241119.27,2023-09-02T07:00:00Z
2023-09-30,P00296,0.05783,88,0.7798,240275.35,2023-10-02T07:00:00Z
2023-10-31,P00296,0.05783,89,0.7741,239434.39,2023-11-02T07:00:00Z
2023-11-30,P00296,0.05783,90,0.7685,238596.37,2023-12-02T07:00:00Z
2023-12-31,P00296,0.05783,91,0.7628,237761.28,2024-01-02T07:00:00Z
2024-01-31,P00296,0.05783,92,0.7571,236929.12,2024-02-02T07:00:00Z
2024-02-29,P00296,0.05783,93,0.7515,236099.86,2024-03-02T07:00:00Z
2024-03-31,P00296,0.05783,94,0.7458,235273.51,2024-04-02T07:00:00Z
2024-04-30,P00296,0.05783,95,0.7401,234450.06,2024-05-02T07:00:00Z
2024-05-31,P00296,0.05783,96,0.7345,233629.48,2024-06-02T07:00:00Z
2024-06-30,P00296,0.05783,97,0.7288,232811.78,2024-07-02T07:00:00Z
2024-07-31,P00296,0.05783,98,0.7231,231996.94,2024-08-02T07:00:00Z
2024-08-31,P00296,0.05783,99,0.7175,231184.95,2024-09-02T07:00:00Z
2024-09-30,P00296,0.05783,100,0.7118,230375.8,2024-10-02T07:00:00Z
2024-10-31,P00296,0.05783,101,0.7061,229569.48,2024-11-02T07:00:00Z
2024-11-30,P00296,0.05783,102,0.7005,228765.99,2024-12-02T07:00:00Z
2024-12-31,P00296,0.05783,103,0.6948,227965.31,2025-01-02T07:00:00Z
2025-01-31,P00296,0.05783,104,0.6892,227167.43,2025-02-02T07:00:00Z
2025-02-28,P00296,0.05783,105,0.6835,226372.35,2025-03-02T07:00:00Z
2025-03-31,P00296,0.05783,106,0.6778,225580.04,2025-04-02T07:00:00Z
2025-04-30,P00296,0.05783,107,0.6722,224790.51,2025-05-02T07:00:00Z
2025-05-31,P00296,0.05783,108,0.6665,224003.75,2025-06-02T07:00:00Z
2025-06-30,P00296,0.05783,109,0.6608,223219.73,2025-07-02T07:00:00Z
2025-07-31,P00296,0.05783,110,0.6552,222438.46,2025-08-02T07:00:00Z
2025-08-31,P00296,0.05783,111,0.6495,221659.93,2025-09-02T07:00:00Z
2025-09-30,P00296,0.05783,112,0.6438,220884.12,2025-10-02T07:00:00Z
2025-10-31,P00296,0.05783,113,0.6382,220111.03,2025-11-02T07:00:00Z
2025-11-30,P00296,0.05783,114,0.6325,219340.64,2025-12-02T07:00:00Z
2025-12-31,P00296,0.05783,115,0.6268,218572.94,2026-01-02T07:00:00Z
2023-07-31,P00297,0.04389,16,0.9551,528018.14,2023-08-02T07:00:00Z
2023-08-31,P00297,0.04389,17,0.9488,526170.08,2023-09-02T07:00:00Z
2023-09-30,P00297,0.04389,18,0.9425,524328.48,2023-10-02T07:00:00Z
2023-10-31,P00297,0.04389,19,0.9362,522493.33,2023-11-02T07:00:00Z
2023-11-30,P00297,0.04389,20,0.9298,520664.6,2023-12-02T07:00:00Z
2023-12-31,P00297,0.04389,21,0.9235,518842.28,2024-01-02T07:00:00Z
2024-01-31,P00297,0.04389,22,0.9172,517026.33,2024-02-02T07:00:00Z
2024-02-29,P00297,0.04389,23,0.9109,515216.74,2024-03-02T07:00:00Z
2024-03-31,P00297,0.04389,24,0.9046,513413.48,2024-04-02T07:00:00Z
2024-04-30,P00297,0.04389,25,0.8982,511616.53,2024-05-02T07:00:00Z
2024-05-31,P00297,0.04389,26,0.8919,509825.88,2024-06-02T07:00:00Z
2024-06-30,P00297,0.04389,27,0.8856,508041.48,2024-07-02T07:00:00Z
2024-07-31,P00297,0.04389,28,0.8793,506263.34,2024-08-02T07:00:00Z
2024-08-31,P00297,0.04389,29,0.873,504491.42,2024-09-02T07:00:00Z
2024-09-30,P00297,0.04389,30,0.8666,502725.7,2024-10-02T07:00:00Z
2024-10-31,P00297,0.04389,31,0.8603,500966.16,2024-11-02T07:00:00Z
2024-11-30,P00297,0.04389,32,0.854,499212.78,2024-12-02T07:00:00Z
2024-12-31,P00297,0.04389,33,0.8477,497465.53,2025-01-02T07:00:00Z
2025-01-31,P00297,0.04389,34,0.8414,495724.4,2025-02-02T07:00:00Z
2025-02-28,P00297,0.04389,35,0.835,493989.37,2025-03-02T07:00:00Z
2025-03-31,P00297,0.04389,36,0.8287,492260.4,2025-04-02T07:00:00Z
2025-04-30,P00297,0.04389,37,0.8224,490537.49,2025-05-02T07:00:00Z
2025-05-31,P00297,0.04389,38,0.8161,488820.61,2025-06-02T07:00:00Z
2025-06-30,P00297,0.04389,39,0.8098,487109.74,2025-07-02T07:00:00Z
2025-07-31,P00297,0.04389,40,0.8034,485404.85,2025-08-02T07:00:00Z
2025-08-31,P00297,0.04389,41,0.7971,483705.94,2025-09-02T07:00:00Z
2025-09-30,P00297,0.04389,42,0.7908,482012.97,2025-10-02T07:00:00Z
2025-10-31,P00297,0.04389,43,0.7845,480325.92,2025-11-02T07:00:00Z
2025-11-30,P00297,0.04389,44,0.7781,478644.78,2025-12-02T07:00:00Z
2025-12-31,P00297,0.04389,45,0.7718,476969.52,2026-01-02T07:00:00Z
2023-07-31,P00298,0.0602,102,0.7971,543386.26,2023-08-02T07:00:00Z
2023-08-31,P00298,0.0602,103,0.7914,541484.41,2023-09-02T07:00:00Z
2023-09-30,P00298,0.0602,104,0.7857,539589.21,2023-10-02T07:00:00Z
2023-10-31,P00298,0.0602,105,0.78,537700.65,2023-11-02T07:00:00Z
2023-11-30,P00298,0.0602,106,0.7743,535818.7,2023-12-02T07:00:00Z
2023-12-31,P00298,0.0602,107,0.7686,533943.33,2024-01-02T07:00:00Z
2024-01-31,P00298,0.0602,108,0.7629,532074.53,2024-02-02T07:00:00Z
2024-02-29,P00298,0.0602,109,0.7573,530212.27,2024-03-02T07:00:00Z
2024-03-31,P00298,0.0602,110,0.7516,528356.53,2024-04-02T07:00:00Z
2024-04-30,P00298,0.0602,111,0.7459,526507.28,2024-05-02T07:00:00Z
2024-05-31,P00298,0.0602,112,0.7402,524664.5,2024-06-02T07:00:00Z
2024-06-30,P00298,0.0602,113,0.7345,522828.18,2024-07-02T07:00:00Z
2024-07-31,P00298,0.0602,114,0.7288,520998.28,2024-08-02T07:00:00Z
2024-08-31,P00298,0.0602,115,0.7231,519174.79,2024-09-02T07:00:00Z
2024-09-30,P00298,0.0602,116,0.7174,517357.67,2024-10-02T07:00:00Z
2024-10-31,P00298,0.0602,117,0.7117,515546.92,2024-11-02T07:00:00Z
2024-11-30,P00298,0.0602,118,0.7061,513742.51,2024-12-02T07:00:00Z
2024-12-31,P00298,0.0602,119,0.7004,511944.41,2025-01-02T07:00:00Z
2025-01-31,P00298,0.0602,120,0.6947,510152.6,2025-02-02T07:00:00Z
2025-02-28,P00298,0.0602,121,0.689,508367.07,2025-03-02T07:00:00Z
2025-03-31,P00298,0.0602,122,0.6833,506587.78,2025-04-02T07:00:00Z
2025-04-30,P00298,0.0602,123,0.6776,504814.73,2025-05-02T07:00:00Z
2025-05-31,P00298,0.0602,124,0.6719,503047.88,2025-06-02T07:00:00Z
2025-06-30,P00298,0.0602,125,0.6662,501287.21,2025-07-02T07:00:00Z
2025-07-31,P00298,0.0602,126,0.6606,499532.7,2025-08-02T07:00:00Z
2025-08-31,P00298,0.0602,127,0.6549,497784.34,2025-09-02T07:00:00Z
2025-09-30,P00298,0.0602,128,0.6492,496042.09,2025-10-02T07:00:00Z
2025-10-31,P00298,0.0602,129,0.6435,494305.95,2025-11-02T07:00:00Z
2025-11-30,P00298,0.0602,130,0.6378,492575.88,2025-12-02T07:00:00Z
2025-12-31,P00298,0.0602,131,0.6321,490851.86,2026-01-02T07:00:00Z
2023-07-31,P00299,0.05472,55,0.646,279109.21,2023-08-02T07:00:00Z
2023-08-31,P00299,0.05472,56,0.6409,278132.33,2023-09-02T07:00:00Z
2023-09-30,P00299,0.05472,57,0.6358,277158.86,2023-10-02T07:00:00Z
2023-10-31,P00299,0.05472,58,0.6307,276188.81,2023-11-02T07:00:00Z
2023-11-30,P00299,0.05472,59,0.6257,275222.15,2023-12-02T07:00:00Z
2023-12-31,P00299,0.05472,60,0.6206,274258.87,2024-01-02T07:00:00Z
2024-01-31,P00299,0.05472,61,0.6155,273298.96,2024-02-02T07:00:00Z
2024-02-29,P00299,0.05472,62,0.6104,272342.42,2024-03-02T07:00:00Z
2024-03-31,P00299,0.05472,63,0.6053,271389.22,2024-04-02T07:00:00Z
2024-04-30,P00299,0.05472,64,0.6002,270439.36,2024-05-02T07:00:00Z
2024-05-31,P00299,0.05472,65,0.5951,269492.82,2024-06-02T07:00:00Z
2024-06-30,P00299,0.05472,66,0.5901,268549.59,2024-07-02T07:00:00Z
2024-07-31,P00299,0.05472,67,0.585,267609.67,2024-08-02T07:00:00Z
2024-08-31,P00299,0.05472,68,0.5799,266673.04,2024-09-02T07:00:00Z
2024-09-30,P00299,0.05472,69,0.5748,265739.68,2024-10-02T07:00:00Z
2024-10-31,P00299,0.05472,70,0.5697,264809.59,2024-11-02T07:00:00Z
2024-11-30,P00299,0.05472,71,0.5646,263882.76,2024-12-02T07:00:00Z
2024-12-31,P00299,0.05472,72,0.5596,262959.17,2025-01-02T07:00:00Z
2025-01-31,P00299,0.05472,73,0.5545,262038.81,2025-02-02T07:00:00Z
2025-02-28,P00299,0.05472,74,0.5494,261121.68,2025-03-02T07:00:00Z
2025-03-31,P00299,0.05472,75,0.5443,260207.75,2025-04-02T07:00:00Z
2025-04-30,P00299,0.05472,76,0.5392,259297.02,2025-05-02T07:00:00Z
2025-05-31,P00299,0.05472,77,0.5341,258389.48,2025-06-02T07:00:00Z
2025-06-30,P00299,0.05472,78,0.5291,257485.12,2025-07-02T07:00:00Z
2025-07-31,P00299,0.05472,79,0.524,256583.92,2025-08-02T07:00:00Z
2025-08-31,P00299,0.05472,80,0.5189,255685.88,2025-09-02T07:00:00Z
2025-09-30,P00299,0.05472,81,0.5138,254790.98,2025-10-02T07:00:00Z
2025-10-31,P00299,0.05472,82,0.5087,253899.21,2025-11-02T07:00:00Z
2025-11-30,P00299,0.05472,83,0.5036,253010.56,2025-12-02T07:00:00Z
2025-12-31,P00299,0.05472,84,0.4986,252125.03,2026-01-02T07:00:00Z
2023-07-31,P00300,0.03724,22,0.9228,409889.07,2023-08-02T07:00:00Z
2023-08-31,P00300,0.03724,23,0.9166,408454.46,2023-09-02T07:00:00Z
2023-09-30,P00300,0.03724,24,0.9104,407024.87,2023-10-02T07:00:00Z
2023-10-31,P00300,0.03724,25,0.9042,405600.28,2023-11-02T07:00:00Z
2023-11-30,P00300,0.03724,26,0.898,404180.68,2023-12-02T07:00:00Z
2023-12-31,P00300,0.03724,27,0.8918,402766.05,2024-01-02T07:00:00Z
2024-01-31,P00300,0.03724,28,0.8856,401356.37,2024-02-02T07:00:00Z
2024-02-29,P00300,0.03724,29,0.8794,399951.62,2024-03-02T07:00:00Z
2024-03-31,P00300,0.03724,30,0.8732,398551.79,2024-04-02T07:00:00Z
2024-04-30,P00300,0.03724,31,0.8671,397156.86,2024-05-02T07:00:00Z
2024-05-31,P00300,0.03724,32,0.8609,395766.81,2024-06-02T07:00:00Z
2024-06-30,P00300,0.03724,33,0.8547,394381.62,2024-07-02T07:00:00Z
2024-07-31,P00300,0.03724,34,0.8485,393001.29,2024-08-02T07:00:00Z
2024-08-31,P00300,0.03724,35,0.8423,391625.78,2024-09-02T07:00:00Z
2024-09-30,P00300,0.03724,36,0.8361,390255.09,2024-10-02T07:00:00Z
2024-10-31,P00300,0.03724,37,0.8299,388889.2,2024-11-02T07:00:00Z
2024-11-30,P00300,0.03724,38,0.8237,387528.09,2024-12-02T07:00:00Z
2024-12-31,P00300,0.03724,39,0.8175,386171.74,2025-01-02T07:00:00Z
2025-01-31,P00300,0.03724,40,0.8113,384820.14,2025-02-02T07:00:00Z
2025-02-28,P00300,0.03724,41,0.8051,383473.27,2025-03-02T07:00:00Z
2025-03-31,P00300,0.03724,42,0.7989,382131.11,2025-04-02T07:00:00Z
2025-04-30,P00300,0.03724,43,0.7928,380793.65,2025-05-02T07:00:00Z
2025-05-31,P00300,0.03724,44,0.7866,379460.88,2025-06-02T07:00:00Z
2025-06-30,P00300,0.03724,45,0.7804,378132.76,2025-07-02T07:00:00Z
2025-07-31,P00300,0.03724,46,0.7742,376809.3,2025-08-02T07:00:00Z
2025-08-31,P00300,0.03724,47,0.768,375490.47,2025-09-02T07:00:00Z
2025-09-30,P00300,0.03724,48,0.7618,374176.25,2025-10-02T07:00:00Z
2025-10-31,P00300,0.03724,49,0.7556,372866.63,2025-11-02T07:00:00Z
2025-11-30,P00300,0.03724,50,0.7494,371561.6,2025-12-02T07:00:00Z
2025-12-31,P00300,0.03724,51,0.7432,370261.13,2026-01-02T07:00:00Z
2023-07-31,P00301,0.0598,39,0.7288,582536.36,2023-08-02T07:00:00Z
2023-08-31,P00301,0.0598,40,0.7234,580497.48,2023-09-02T07:00:00Z
2023-09-30,P00301,0.0598,41,0.718,578465.74,2023-10-02T07:00:00Z
2023-10-31,P00301,0.0598,42,0.7126,576441.11,2023-11-02T07:00:00Z
2023-11-30,P00301,0.0598,43,0.7072,574423.57,2023-12-02T07:00:00Z
2023-12-31,P00301,0.0598,44,0.7017,572413.09,2024-01-02T07:00:00Z
2024-01-31,P00301,0.0598,45,0.6963,570409.64,2024-02-02T07:00:00Z
2024-02-29,P00301,0.0598,46,0.6909,568413.21,2024-03-02T07:00:00Z
2024-03-31,P00301,0.0598,47,0.6855,566423.76,2024-04-02T07:00:00Z
2024-04-30,P00301,0.0598,48,0.6801,564441.28,2024-05-02T07:00:00Z
2024-05-31,P00301,0.0598,49,0.6747,562465.73,2024-06-02T07:00:00Z
2024-06-30,P00301,0.0598,50,0.6693,560497.1,2024-07-02T07:00:00Z
2024-07-31,P00301,0.0598,51,0.6638,558535.36,2024-08-02T07:00:00Z
2024-08-31,P00301,0.0598,52,0.6584,556580.49,2024-09-02T07:00:00Z
2024-09-30,P00301,0.0598,53,0.653,554632.46,2024-10-02T07:00:00Z
2024-10-31,P00301,0.0598,54,0.6476,552691.24,2024-11-02T07:00:00Z
2024-11-30,P00301,0.0598,55,0.6422,550756.82,2024-12-02T07:00:00Z
2024-12-31,P00301,0.0598,56,0.6368,548829.17,2025-01-02T07:00:00Z
2025-01-31,P00301,0.0598,57,0.6313,546908.27,2025-02-02T07:00:00Z
2025-02-28,P00301,0.0598,58,0.6259,544994.09,2025-03-02T07:00:00Z
2025-03-31,P00301,0.0598,59,0.6205,543086.61,2025-04-02T07:00:00Z
2025-04-30,P00301,0.0598,60,0.6151,541185.81,2025-05-02T07:00:00Z
2025-05-31,P00301,0.0598,61,0.6097,539291.66,2025-06-02T07:00:00Z
2025-06-30,P00301,0.0598,62,0.6043,537404.14,2025-07-02T07:00:00Z
2025-07-31,P00301,0.0598,63,0.5989,535523.23,2025-08-02T07:00:00Z
2025-08-31,P00301,0.0598,64,0.5934,533648.89,2025-09-02T07:00:00Z
2025-09-30,P00301,0.0598,65,0.588,531781.12,2025-10-02T07:00:00Z
2025-10-31,P00301,0.0598,66,0.5826,529919.89,2025-11-02T07:00:00Z
2025-11-30,P00301,0.0598,67,0.5772,528065.17,2025-12-02T07:00:00Z
2025-12-31,P00301,0.0598,68,0.5718,526216.94,2026-01-02T07:00:00Z
2023-07-31,P00302,0.05545,138,0.6717,99205.04,2023-08-02T07:00:00Z
2023-08-31,P00302,0.05545,139,0.6665,98857.82,2023-09-02T07:00:00Z
2023-09-30,P00302,0.05545,140,0.6614,98511.82,2023-10-02T07:00:00Z
2023-10-31,P00302,0.05545,141,0.6562,98167.03,2023-11-02T07:00:00Z
2023-11-30,P00302,0.05545,142,0.651,97823.44,2023-12-02T07:00:00Z
2023-12-31,P00302,0.05545,143,0.6458,97481.06,2024-01-02T07:00:00Z
2024-01-31,P00302,0.05545,144,0.6406,97139.88,2024-02-02T07:00:00Z
2024-02-29,P00302,0.05545,145,0.6354,96799.89,2024-03-02T07:00:00Z
2024-03-31,P00302,0.05545,146,0.6302,96461.09,2024-04-02T07:00:00Z
2024-04-30,P00302,0.05545,147,0.625,96123.48,2024-05-02T07:00:00Z
2024-05-31,P00302,0.05545,148,0.6199,95787.04,2024-06-02T07:00:00Z
2024-06-30,P00302,0.05545,149,0.6147,95451.79,2024-07-02T07:00:00Z
2024-07-31,P00302,0.05545,150,0.6095,95117.71,2024-08-02T07:00:00Z
2024-08-31,P00302,0.05545,151,0.6043,94784.8,2024-09-02T07:00:00Z
2024-09-30,P00302,0.05545,152,0.5991,94453.05,2024-10-02T07:00:00Z
2024-10-31,P00302,0.05545,153,0.5939,94122.46,2024-11-02T07:00:00Z
2024-11-30,P00302,0.05545,154,0.5887,93793.03,2024-12-02T07:00:00Z
2024-12-31,P00302,0.05545,155,0.5835,93464.76,2025-01-02T07:00:00Z
2025-01-31,P00302,0.05545,156,0.5784,93137.63,2025-02-02T07:00:00Z
2025-02-28,P00302,0.05545,157,0.5732,92811.65,2025-03-02T07:00:00Z
2025-03-31,P00302,0.05545,158,0.568,92486.81,2025-04-02T07:00:00Z
2025-04-30,P00302,0.05545,159,0.5628,92163.11,2025-05-02T07:00:00Z
2025-05-31,P00302,0.05545,160,0.5576,91840.53,2025-06-02T07:00:00Z
2023-07-31,P00303,0.06165,106,0.8403,621125.47,2023-08-02T07:00:00Z
2023-08-31,P00303,0.06165,107,0.8345,618951.53,2023-09-02T07:00:00Z
2023-09-30,P00303,0.06165,108,0.8286,616785.2,2023-10-02T07:00:00Z
2023-10-31,P00303,0.06165,109,0.8227,614626.45,2023-11-02T07:00:00Z
2023-11-30,P00303,0.06165,110,0.8169,612475.26,2023-12-02T07:00:00Z
2023-12-31,P00303,0.06165,111,0.811,610331.6,2024-01-02T07:00:00Z
2024-01-31,P00303,0.06165,112,0.8052,608195.44,2024-02-02T07:00:00Z
2024-02-29,P00303,0.06165,113,0.7993,606066.75,2024-03-02T07:00:00Z
2024-03-31,P00303,0.06165,114,0.7934,603945.52,2024-04-02T07:00:00Z
2024-04-30,P00303,0.06165,115,0.7876,601831.71,2024-05-02T07:00:00Z
2024-05-31,P00303,0.06165,116,0.7817,599725.3,2024-06-02T07:00:00Z
2024-06-30,P00303,0.06165,117,0.7759,597626.26,2024-07-02T07:00:00Z
2024-07-31,P00303,0.06165,118,0.77,595534.57,2024-08-02T07:00:00Z
2024-08-31,P00303,0.06165,119,0.7641,593450.2,2024-09-02T07:00:00Z
2024-09-30,P00303,0.06165,120,0.7583,591373.12,2024-10-02T07:00:00Z
2023-07-31,P00304,0.05253,80,0.6277,354453.12,2023-08-02T07:00:00Z
2023-08-31,P00304,0.05253,81,0.6227,353212.53,2023-09-02T07:00:00Z
2023-09-30,P00304,0.05253,82,0.6177,351976.29,2023-10-02T07:00:00Z
2023-10-31,P00304,0.05253,83,0.6127,350744.37,2023-11-02T07:00:00Z
2023-11-30,P00304,0.05253,84,0.6076,349516.77,2023-12-02T07:00:00Z
2023-12-31,P00304,0.05253,85,0.6026,348293.46,2024-01-02T07:00:00Z
2024-01-31,P00304,0.05253,86,0.5976,347074.43,2024-02-02T07:00:00Z
2024-02-29,P00304,0.05253,87,0.5926,345859.67,2024-03-02T07:00:00Z
2024-03-31,P00304,0.05253,88,0.5876,344649.16,2024-04-02T07:00:00Z
2024-04-30,P00304,0.05253,89,0.5826,343442.89,2024-05-02T07:00:00Z
2024-05-31,P00304,0.05253,90,0.5776,342240.84,2024-06-02T07:00:00Z
2024-06-30,P00304,0.05253,91,0.5726,341043.0,2024-07-02T07:00:00Z
2024-07-31,P00304,0.05253,92,0.5676,339849.35,2024-08-02T07:00:00Z
2024-08-31,P00304,0.05253,93,0.5625,338659.87,2024-09-02T07:00:00Z
2024-09-30,P00304,0.05253,94,0.5575,337474.56,2024-10-02T07:00:00Z
2024-10-31,P00304,0.05253,95,0.5525,336293.4,2024-11-02T07:00:00Z
2024-11-30,P00304,0.05253,96,0.5475,335116.38,2024-12-02T07:00:00Z
2024-12-31,P00304,0.05253,97,0.5425,333943.47,2025-01-02T07:00:00Z
2025-01-31,P00304,0.05253,98,0.5375,332774.67,2025-02-02T07:00:00Z
2025-02-28,P00304,0.05253,99,0.5325,331609.96,2025-03-02T07:00:00Z
2025-03-31,P00304,0.05253,100,0.5275,330449.32,2025-04-02T07:00:00Z
2025-04-30,P00304,0.05253,101,0.5225,329292.75,2025-05-02T07:00:00Z
2025-05-31,P00304,0.05253,102,0.5175,328140.22,2025-06-02T07:00:00Z
2025-06-30,P00304,0.05253,103,0.5124,326991.73,2025-07-02T07:00:00Z
2025-07-31,P00304,0.05253,104,0.5074,325847.26,2025-08-02T07:00:00Z
2025-08-31,P00304,0.05253,105,0.5024,324706.8,2025-09-02T07:00:00Z
2025-09-30,P00304,0.05253,106,0.4974,323570.32,2025-10-02T07:00:00Z
2025-10-31,P00304,0.05253,107,0.4924,322437.83,2025-11-02T07:00:00Z
2025-11-30,P00304,0.05253,108,0.4874,321309.29,2025-12-02T07:00:00Z
2025-12-31,P00304,0.05253,109,0.4824,320184.71,2026-01-02T07:00:00Z
2023-07-31,P00305,0.07105,49,0.539,160957.55,2023-08-02T07:00:00Z
2023-08-31,P00305,0.07105,50,0.5344,160394.2,2023-09-02T07:00:00Z
2023-09-30,P00305,0.07105,51,0.5297,159832.82,2023-10-02T07:00:00Z
2023-10-31,P00305,0.07105,52,0.5251,159273.4,2023-11-02T07:00:00Z
2023-11-30,P00305,0.07105,53,0.5204,158715.95,2023-12-02T07:00:00Z
2023-07-31,P00306,0.07291,98,0.7107,585010.61,2023-08-02T07:00:00Z
2023-08-31,P00306,0.07291,99,0.7054,582963.07,2023-09-02T07:00:00Z
2023-09-30,P00306,0.07291,100,0.7,580922.7,2023-10-02T07:00:00Z
2023-10-31,P00306,0.07291,101,0.6947,578889.47,2023-11-02T07:00:00Z
2023-11-30,P00306,0.07291,102,0.6893,576863.36,2023-12-02T07:00:00Z
2023-12-31,P00306,0.07291,103,0.684,574844.34,2024-01-02T07:00:00Z
2024-01-31,P00306,0.07291,104,0.6787,572832.38,2024-02-02T07:00:00Z
2024-02-29,P00306,0.07291,105,0.6733,570827.47,2024-03-02T07:00:00Z
2024-03-31,P00306,0.07291,106,0.668,568829.57,2024-04-02T07:00:00Z
2024-04-30,P00306,0.07291,107,0.6626,566838.67,2024-05-02T07:00:00Z
2024-05-31,P00306,0.07291,108,0.6573,564854.73,2024-06-02T07:00:00Z
2024-06-30,P00306,0.07291,109,0.6519,562877.74,2024-07-02T07:00:00Z
2024-07-31,P00306,0.07291,110,0.6466,560907.67,2024-08-02T07:00:00Z
2024-08-31,P00306,0.07291,111,0.6413,558944.49,2024-09-02T07:00:00Z
2024-09-30,P00306,0.07291,112,0.6359,556988.19,2024-10-02T07:00:00Z
2024-10-31,P00306,0.07291,113,0.6306,555038.73,2024-11-02T07:00:00Z
2024-11-30,P00306,0.07291,114,0.6252,553096.09,2024-12-02T07:00:00Z
2024-12-31,P00306,0.07291,115,0.6199,551160.26,2025-01-02T07:00:00Z
2025-01-31,P00306,0.07291,116,0.6145,549231.2,2025-02-02T07:00:00Z
2023-07-31,P00307,0.0607,4,0.6847,617303.35,2023-08-02T07:00:00Z
2023-08-31,P00307,0.0607,5,0.6795,615142.79,2023-09-02T07:00:00Z
2023-09-30,P00307,0.0607,6,0.6743,612989.79,2023-10-02T07:00:00Z
2023-10-31,P00307,0.0607,7,0.669,610844.32,2023-11-02T07:00:00Z
2023-11-30,P00307,0.0607,8,0.6638,608706.37,2023-12-02T07:00:00Z
2023-12-31,P00307,0.0607,9,0.6585,606575.9,2024-01-02T07:00:00Z
2024-01-31,P00307,0.0607,10,0.6533,604452.88,2024-02-02T07:00:00Z
2024-02-29,P00307,0.0607,11,0.6481,602337.3,2024-03-02T07:00:00Z
2024-03-31,P00307,0.0607,12,0.6428,600229.12,2024-04-02T07:00:00Z
2024-04-30,P00307,0.0607,13,0.6376,598128.31,2024-05-02T07:00:00Z
2024-05-31,P00307,0.0607,14,0.6323,596034.86,2024-06-02T07:00:00Z
2024-06-30,P00307,0.0607,15,0.6271,593948.74,2024-07-02T07:00:00Z
2024-07-31,P00307,0.0607,16,0.6219,591869.92,2024-08-02T07:00:00Z
2024-08-31,P00307,0.0607,17,0.6166,589798.38,2024-09-02T07:00:00Z
2024-09-30,P00307,0.0607,18,0.6114,587734.08,2024-10-02T07:00:00Z
2024-10-31,P00307,0.0607,19,0.6062,585677.01,2024-11-02T07:00:00Z
2024-11-30,P00307,0.0607,20,0.6009,583627.14,2024-12-02T07:00:00Z
2024-12-31,P00307,0.0607,21,0.5957,581584.45,2025-01-02T07:00:00Z
2025-01-31,P00307,0.0607,22,0.5904,579548.9,2025-02-02T07:00:00Z
2025-02-28,P00307,0.0607,23,0.5852,577520.48,2025-03-02T07:00:00Z
2025-03-31,P00307,0.0607,24,0.58,575499.16,2025-04-02T07:00:00Z
2025-04-30,P00307,0.0607,25,0.5747,573484.91,2025-05-02T07:00:00Z
2025-05-31,P00307,0.0607,26,0.5695,571477.72,2025-06-02T07:00:00Z
2025-06-30,P00307,0.0607,27,0.5642,569477.54,2025-07-02T07:00:00Z
2025-07-31,P00307,0.0607,28,0.559,567484.37,2025-08-02T07:00:00Z
2025-08-31,P00307,0.0607,29,0.5538,565498.18,2025-09-02T07:00:00Z
2025-09-30,P00307,0.0607,30,0.5485,563518.93,2025-10-02T07:00:00Z
2025-10-31,P00307,0.0607,31,0.5433,561546.62,2025-11-02T07:00:00Z
2023-07-31,P00308,0.06121,56,0.8115,682620.62,2023-08-02T07:00:00Z
2023-08-31,P00308,0.06121,57,0.8057,680231.45,2023-09-02T07:00:00Z
2023-09-30,P00308,0.06121,58,0.8,677850.64,2023-10-02T07:00:00Z
2023-10-31,P00308,0.06121,59,0.7942,675478.16,2023-11-02T07:00:00Z
2023-11-30,P00308,0.06121,60,0.7885,673113.99,2023-12-02T07:00:00Z
2023-12-31,P00308,0.06121,61,0.7827,670758.09,2024-01-02T07:00:00Z
2024-01-31,P00308,0.06121,62,0.777,668410.43,2024-02-02T07:00:00Z
2024-02-29,P00308,0.06121,63,0.7712,666071.0,2024-03-02T07:00:00Z
2024-03-31,P00308,0.06121,64,0.7655,663739.75,2024-04-02T07:00:00Z
2024-04-30,P00308,0.06121,65,0.7597,661416.66,2024-05-02T07:00:00Z
2024-05-31,P00308,0.06121,66,0.754,659101.7,2024-06-02T07:00:00Z
2024-06-30,P00308,0.06121,67,0.7482,656794.85,2024-07-02T07:00:00Z
2024-07-31,P00308,0.06121,68,0.7425,654496.06,2024-08-02T07:00:00Z
2024-08-31,P00308,0.06121,69,0.7368,652205.33,2024-09-02T07:00:00Z
2024-09-30,P00308,0.06121,70,0.731,649922.61,2024-10-02T07:00:00Z
2024-10-31,P00308,0.06121,71,0.7253,647647.88,2024-11-02T07:00:00Z
2024-11-30,P00308,0.06121,72,0.7195,645381.11,2024-12-02T07:00:00Z
2024-12-31,P00308,0.06121,73,0.7138,643122.28,2025-01-02T07:00:00Z
2025-01-31,P00308,0.06121,74,0.708,640871.35,2025-02-02T07:00:00Z
2025-02-28,P00308,0.06121,75,0.7023,638628.3,2025-03-02T07:00:00Z
2025-03-31,P00308,0.06121,76,0.6965,636393.1,2025-04-02T07:00:00Z
2025-04-30,P00308,0.06121,77,0.6908,634165.73,2025-05-02T07:00:00Z
2025-05-31,P00308,0.06121,78,0.685,631946.15,2025-06-02T07:00:00Z
2025-06-30,P00308,0.06121,79,0.6793,629734.33,2025-07-02T07:00:00Z
2025-07-31,P00308,0.06121,80,0.6736,627530.26,2025-08-02T07:00:00Z
2025-08-31,P00308,0.06121,81,0.6678,625333.91,2025-09-02T07:00:00Z
2025-09-30,P00308,0.06121,82,0.6621,623145.24,2025-10-02T07:00:00Z
2025-10-31,P00308,0.06121,83,0.6563,620964.23,2025-11-02T07:00:00Z
2025-11-30,P00308,0.06121,84,0.6506,618790.86,2025-12-02T07:00:00Z
2025-12-31,P00308,0.06121,85,0.6448,616625.09,2026-01-02T07:00:00Z
2023-07-31,P00309,0.07449,8,0.8154,419404.76,2023-08-02T07:00:00Z
2023-08-31,P00309,0.07449,9,0.8097,417936.84,2023-09-02T07:00:00Z
2023-09-30,P00309,0.07449,10,0.8039,416474.06,2023-10-02T07:00:00Z
2023-10-31,P00309,0.07449,11,0.7982,415016.41,2023-11-02T07:00:00Z
2023-11-30,P00309,0.07449,12,0.7924,413563.85,2023-12-02T07:00:00Z
2023-12-31,P00309,0.07449,13,0.7866,412116.37,2024-01-02T07:00:00Z
2024-01-31,P00309,0.07449,14,0.7809,410673.97,2024-02-02T07:00:00Z
2024-02-29,P00309,0.07449,15,0.7751,409236.61,2024-03-02T07:00:00Z
2024-03-31,P00309,0.07449,16,0.7693,407804.28,2024-04-02T07:00:00Z
2024-04-30,P00309,0.07449,17,0.7636,406376.96,2024-05-02T07:00:00Z
2024-05-31,P00309,0.07449,18,0.7578,404954.65,2024-06-02T07:00:00Z
2024-06-30,P00309,0.07449,19,0.7521,403537.3,2024-07-02T07:00:00Z
2024-07-31,P00309,0.07449,20,0.7463,402124.92,2024-08-02T07:00:00Z
2024-08-31,P00309,0.07449,21,0.7405,400717.49,2024-09-02T07:00:00Z
2024-09-30,P00309,0.07449,22,0.7348,399314.98,2024-10-02T07:00:00Z
2024-10-31,P00309,0.07449,23,0.729,397917.37,2024-11-02T07:00:00Z
2024-11-30,P00309,0.07449,24,0.7233,396524.66,2024-12-02T07:00:00Z
2024-12-31,P00309,0.07449,25,0.7175,395136.83,2025-01-02T07:00:00Z
2025-01-31,P00309,0.07449,26,0.7117,393753.85,2025-02-02T07:00:00Z
2025-02-28,P00309,0.07449,27,0.706,392375.71,2025-03-02T07:00:00Z
2025-03-31,P00309,0.07449,28,0.7002,391002.39,2025-04-02T07:00:00Z
2025-04-30,P00309,0.07449,29,0.6944,389633.89,2025-05-02T07:00:00Z
2025-05-31,P00309,0.07449,30,0.6887,388270.17,2025-06-02T07:00:00Z
2025-06-30,P00309,0.07449,31,0.6829,386911.22,2025-07-02T07:00:00Z
2025-07-31,P00309,0.07449,32,0.6772,385557.03,2025-08-02T07:00:00Z
2025-08-31,P00309,0.07449,33,0.6714,384207.58,2025-09-02T07:00:00Z
2025-09-30,P00309,0.07449,34,0.6656,382862.86,2025-10-02T07:00:00Z
2025-10-31,P00309,0.07449,35,0.6599,381522.84,2025-11-02T07:00:00Z
2025-11-30,P00309,0.07449,36,0.6541,380187.51,2025-12-02T07:00:00Z
2025-12-31,P00309,0.07449,37,0.6484,378856.85,2026-01-02T07:00:00Z
2023-07-31,P00310,0.06301,109,0.8856,552642.85,2023-08-02T07:00:00Z
2023-08-31,P00310,0.06301,110,0.8796,550708.6,2023-09-02T07:00:00Z
2023-09-30,P00310,0.06301,111,0.8736,548781.12,2023-10-02T07:00:00Z
2023-10-31,P00310,0.06301,112,0.8675,546860.39,2023-11-02T07:00:00Z
2023-11-30,P00310,0.06301,113,0.8615,544946.37,2023-12-02T07:00:00Z
2023-12-31,P00310,0.06301,114,0.8554,543039.06,2024-01-02T07:00:00Z
2024-01-31,P00310,0.06301,115,0.8494,541138.43,2024-02-02T07:00:00Z
2024-02-29,P00310,0.06301,116,0.8433,539244.44,2024-03-02T07:00:00Z
2024-03-31,P00310,0.06301,117,0.8373,537357.09,2024-04-02T07:00:00Z
2024-04-30,P00310,0.06301,118,0.8313,535476.34,2024-05-02T07:00:00Z
2024-05-31,P00310,0.06301,119,0.8252,533602.17,2024-06-02T07:00:00Z
2024-06-30,P00310,0.06301,120,0.8192,531734.56,2024-07-02T07:00:00Z
2024-07-31,P00310,0.06301,121,0.8131,529873.49,2024-08-02T07:00:00Z
2024-08-31,P00310,0.06301,122,0.8071,528018.93,2024-09-02T07:00:00Z
2024-09-30,P00310,0.06301,123,0.801,526170.87,2024-10-02T07:00:00Z
2024-10-31,P00310,0.06301,124,0.795,524329.27,2024-11-02T07:00:00Z
2024-11-30,P00310,0.06301,125,0.789,522494.12,2024-12-02T07:00:00Z
2024-12-31,P00310,0.06301,126,0.7829,520665.39,2025-01-02T07:00:00Z
2025-01-31,P00310,0.06301,127,0.7769,518843.06,2025-02-02T07:00:00Z
2025-02-28,P00310,0.06301,128,0.7708,517027.11,2025-03-02T07:00:00Z
2025-03-31,P00310,0.06301,129,0.7648,515217.51,2025-04-02T07:00:00Z
2025-04-30,P00310,0.06301,130,0.7587,513414.25,2025-05-02T07:00:00Z
2025-05-31,P00310,0.06301,131,0.7527,511617.3,2025-06-02T07:00:00Z
2025-06-30,P00310,0.06301,132,0.7467,509826.64,2025-07-02T07:00:00Z
2025-07-31,P00310,0.06301,133,0.7406,508042.25,2025-08-02T07:00:00Z
2025-08-31,P00310,0.06301,134,0.7346,506264.1,2025-09-02T07:00:00Z
2025-09-30,P00310,0.06301,135,0.7285,504492.18,2025-10-02T07:00:00Z
2025-10-31,P00310,0.06301,136,0.7225,502726.45,2025-11-02T07:00:00Z
2025-11-30,P00310,0.06301,137,0.7164,500966.91,2025-12-02T07:00:00Z
2025-12-31,P00310,0.06301,138,0.7104,499213.53,2026-01-02T07:00:00Z
2023-07-31,P00311,0.06376,54,0.6749,513139.92,2023-08-02T07:00:00Z
2023-08-31,P00311,0.06376,55,0.6697,511343.93,2023-09-02T07:00:00Z
2023-09-30,P00311,0.06376,56,0.6645,509554.23,2023-10-02T07:00:00Z
2023-10-31,P00311,0.06376,57,0.6593,507770.79,2023-11-02T07:00:00Z
2023-11-30,P00311,0.06376,58,0.6541,505993.59,2023-12-02T07:00:00Z
2023-12-31,P00311,0.06376,59,0.6489,504222.61,2024-01-02T07:00:00Z
2024-01-31,P00311,0.06376,60,0.6437,502457.83,2024-02-02T07:00:00Z
2024-02-29,P00311,0.06376,61,0.6385,500699.23,2024-03-02T07:00:00Z
2024-03-31,P00311,0.06376,62,0.6333,498946.78,2024-04-02T07:00:00Z
2024-04-30,P00311,0.06376,63,0.6281,497200.47,2024-05-02T07:00:00Z
2024-05-31,P00311,0.06376,64,0.6229,495460.27,2024-06-02T07:00:00Z
2024-06-30,P00311,0.06376,65,0.6177,493726.16,2024-07-02T07:00:00Z
2024-07-31,P00311,0.06376,66,0.6125,491998.11,2024-08-02T07:00:00Z
2024-08-31,P00311,0.06376,67,0.6073,490276.12,2024-09-02T07:00:00Z
2024-09-30,P00311,0.06376,68,0.6021,488560.15,2024-10-02T07:00:00Z
2024-10-31,P00311,0.06376,69,0.5969,486850.19,2024-11-02T07:00:00Z
2024-11-30,P00311,0.06376,70,0.5917,485146.22,2024-12-02T07:00:00Z
2024-12-31,P00311,0.06376,71,0.5865,483448.21,2025-01-02T07:00:00Z
2025-01-31,P00311,0.06376,72,0.5813,481756.14,2025-02-02T07:00:00Z
2025-02-28,P00311,0.06376,73,0.5761,480069.99,2025-03-02T07:00:00Z
2025-03-31,P00311,0.06376,74,0.5709,478389.75,2025-04-02T07:00:00Z
2023-07-31,P00312,0.0672,60,0.6271,447222.35,2023-08-02T07:00:00Z
2023-08-31,P00312,0.0672,61,0.6221,445657.07,2023-09-02T07:00:00Z
2023-09-30,P00312,0.0672,62,0.6171,444097.27,2023-10-02T07:00:00Z
2023-10-31,P00312,0.0672,63,0.6121,442542.93,2023-11-02T07:00:00Z
2023-11-30,P00312,0.0672,64,0.6071,440994.03,2023-12-02T07:00:00Z
2023-12-31,P00312,0.0672,65,0.6021,439450.55,2024-01-02T07:00:00Z
2024-01-31,P00312,0.0672,66,0.5971,437912.48,2024-02-02T07:00:00Z
2024-02-29,P00312,0.0672,67,0.5921,436379.78,2024-03-02T07:00:00Z
2024-03-31,P00312,0.0672,68,0.5871,434852.45,2024-04-02T07:00:00Z
2024-04-30,P00312,0.0672,69,0.5821,433330.47,2024-05-02T07:00:00Z
2024-05-31,P00312,0.0672,70,0.577,431813.81,2024-06-02T07:00:00Z
2024-06-30,P00312,0.0672,71,0.572,430302.46,2024-07-02T07:00:00Z
2024-07-31,P00312,0.0672,72,0.567,428796.41,2024-08-02T07:00:00Z
2024-08-31,P00312,0.0672,73,0.562,427295.62,2024-09-02T07:00:00Z
2024-09-30,P00312,0.0672,74,0.557,425800.08,2024-10-02T07:00:00Z
2024-10-31,P00312,0.0672,75,0.552,424309.78,2024-11-02T07:00:00Z
2024-11-30,P00312,0.0672,76,0.547,422824.7,2024-12-02T07:00:00Z
2024-12-31,P00312,0.0672,77,0.542,421344.81,2025-01-02T07:00:00Z
2025-01-31,P00312,0.0672,78,0.537,419870.11,2025-02-02T07:00:00Z
2025-02-28,P00312,0.0672,79,0.532,418400.56,2025-03-02T07:00:00Z
2025-03-31,P00312,0.0672,80,0.527,416936.16,2025-04-02T07:00:00Z
2025-04-30,P00312,0.0672,81,0.522,415476.88,2025-05-02T07:00:00Z
2025-05-31,P00312,0.0672,82,0.5169,414022.71,2025-06-02T07:00:00Z
2025-06-30,P00312,0.0672,83,0.5119,412573.63,2025-07-02T07:00:00Z
2025-07-31,P00312,0.0672,84,0.5069,411129.63,2025-08-02T07:00:00Z
2025-08-31,P00312,0.0672,85,0.5019,409690.67,2025-09-02T07:00:00Z
2025-09-30,P00312,0.0672,86,0.4969,408256.75,2025-10-02T07:00:00Z
2025-10-31,P00312,0.0672,87,0.4919,406827.86,2025-11-02T07:00:00Z
2025-11-30,P00312,0.0672,88,0.4869,405403.96,2025-12-02T07:00:00Z
2025-12-31,P00312,0.0672,89,0.4819,403985.04,2026-01-02T07:00:00Z
2023-07-31,P00313,0.07863,137,0.7646,163704.05,2023-08-02T07:00:00Z
2023-08-31,P00313,0.07863,138,0.759,163131.09,2023-09-02T07:00:00Z
2023-09-30,P00313,0.07863,139,0.7534,162560.13,2023-10-02T07:00:00Z
2023-10-31,P00313,0.07863,140,0.7479,161991.17,2023-11-02T07:00:00Z
2023-11-30,P00313,0.07863,141,0.7423,161424.2,2023-12-02T07:00:00Z
2023-12-31,P00313,0.07863,142,0.7368,160859.21,2024-01-02T07:00:00Z
2024-01-31,P00313,0.07863,143,0.7312,160296.21,2024-02-02T07:00:00Z
2024-02-29,P00313,0.07863,144,0.7257,159735.17,2024-03-02T07:00:00Z
2024-03-31,P00313,0.07863,145,0.7201,159176.1,2024-04-02T07:00:00Z
2024-04-30,P00313,0.07863,146,0.7145,158618.98,2024-05-02T07:00:00Z
2024-05-31,P00313,0.07863,147,0.709,158063.81,2024-06-02T07:00:00Z
2024-06-30,P00313,0.07863,148,0.7034,157510.59,2024-07-02T07:00:00Z
2024-07-31,P00313,0.07863,149,0.6979,156959.3,2024-08-02T07:00:00Z
2024-08-31,P00313,0.07863,150,0.6923,156409.95,2024-09-02T07:00:00Z
2024-09-30,P00313,0.07863,151,0.6867,155862.51,2024-10-02T07:00:00Z
2024-10-31,P00313,0.07863,152,0.6812,155316.99,2024-11-02T07:00:00Z
2024-11-30,P00313,0.07863,153,0.6756,154773.38,2024-12-02T07:00:00Z
2024-12-31,P00313,0.07863,154,0.6701,154231.68,2025-01-02T07:00:00Z
2025-01-31,P00313,0.07863,155,0.6645,153691.86,2025-02-02T07:00:00Z
2025-02-28,P00313,0.07863,156,0.659,153153.94,2025-03-02T07:00:00Z
2025-03-31,P00313,0.07863,157,0.6534,152617.9,2025-04-02T07:00:00Z
2025-04-30,P00313,0.07863,158,0.6478,152083.74,2025-05-02T07:00:00Z
2025-05-31,P00313,0.07863,159,0.6423,151551.45,2025-06-02T07:00:00Z
2025-06-30,P00313,0.07863,160,0.6367,151021.02,2025-07-02T07:00:00Z
2025-07-31,P00313,0.07863,161,0.6312,150492.44,2025-08-02T07:00:00Z
2025-08-31,P00313,0.07863,162,0.6256,149965.72,2025-09-02T07:00:00Z
2025-09-30,P00313,0.07863,163,0.62,149440.84,2025-10-02T07:00:00Z
2025-10-31,P00313,0.07863,164,0.6145,148917.8,2025-11-02T07:00:00Z
2025-11-30,P00313,0.07863,165,0.6089,148396.59,2025-12-02T07:00:00Z
2025-12-31,P00313,0.07863,166,0.6034,147877.2,2026-01-02T07:00:00Z
2023-07-31,P00314,0.0455,132,0.7373,432921.69,2023-08-02T07:00:00Z
2023-08-31,P00314,0.0455,133,0.7318,431406.46,2023-09-02T07:00:00Z
2023-09-30,P00314,0.0455,134,0.7264,429896.54,2023-10-02T07:00:00Z
2023-10-31,P00314,0.0455,135,0.7209,428391.9,2023-11-02T07:00:00Z
2023-11-30,P00314,0.0455,136,0.7155,426892.53,2023-12-02T07:00:00Z
2023-12-31,P00314,0.0455,137,0.71,425398.41,2024-01-02T07:00:00Z
2024-01-31,P00314,0.0455,138,0.7046,423909.51,2024-02-02T07:00:00Z
2024-02-29,P00314,0.0455,139,0.6991,422425.83,2024-03-02T07:00:00Z
2024-03-31,P00314,0.0455,140,0.6937,420947.34,2024-04-02T07:00:00Z
2024-04-30,P00314,0.0455,141,0.6882,419474.02,2024-05-02T07:00:00Z
2024-05-31,P00314,0.0455,142,0.6828,418005.87,2024-06-02T07:00:00Z
2024-06-30,P00314,0.0455,143,0.6773,416542.84,2024-07-02T07:00:00Z
2024-07-31,P00314,0.0455,144,0.6719,415084.94,2024-08-02T07:00:00Z
2024-08-31,P00314,0.0455,145,0.6664,413632.15,2024-09-02T07:00:00Z
2024-09-30,P00314,0.0455,146,0.661,412184.43,2024-10-02T07:00:00Z
2024-10-31,P00314,0.0455,147,0.6555,410741.79,2024-11-02T07:00:00Z
2024-11-30,P00314,0.0455,148,0.6501,409304.19,2024-12-02T07:00:00Z
2024-12-31,P00314,0.0455,149,0.6446,407871.63,2025-01-02T07:00:00Z
2025-01-31,P00314,0.0455,150,0.6392,406444.08,2025-02-02T07:00:00Z
2025-02-28,P00314,0.0455,151,0.6337,405021.52,2025-03-02T07:00:00Z
2025-03-31,P00314,0.0455,152,0.6283,403603.95,2025-04-02T07:00:00Z
2025-04-30,P00314,0.0455,153,0.6228,402191.33,2025-05-02T07:00:00Z
2025-05-31,P00314,0.0455,154,0.6174,400783.66,2025-06-02T07:00:00Z
2025-06-30,P00314,0.0455,155,0.6119,399380.92,2025-07-02T07:00:00Z
2025-07-31,P00314,0.0455,156,0.6065,397983.09,2025-08-02T07:00:00Z
2025-08-31,P00314,0.0455,157,0.601,396590.15,2025-09-02T07:00:00Z
2025-09-30,P00314,0.0455,158,0.5956,395202.08,2025-10-02T07:00:00Z
2025-10-31,P00314,0.0455,159,0.5901,393818.87,2025-11-02T07:00:00Z
2025-11-30,P00314,0.0455,160,0.5847,392440.51,2025-12-02T07:00:00Z
2025-12-31,P00314,0.0455,161,0.5792,391066.97,2026-01-02T07:00:00Z
2023-07-31,P00315,0.05068,68,0.5898,92840.75,2023-08-02T07:00:00Z
2023-08-31,P00315,0.05068,69,0.585,92515.81,2023-09-02T07:00:00Z
2023-09-30,P00315,0.05068,70,0.5801,92192.0,2023-10-02T07:00:00Z
2023-10-31,P00315,0.05068,71,0.5752,91869.33,2023-11-02T07:00:00Z
2023-11-30,P00315,0.05068,72,0.5704,91547.79,2023-12-02T07:00:00Z
2023-12-31,P00315,0.05068,73,0.5655,91227.37,2024-01-02T07:00:00Z
2024-01-31,P00315,0.05068,74,0.5607,90908.07,2024-02-02T07:00:00Z
2024-02-29,P00315,0.05068,75,0.5558,90589.9,2024-03-02T07:00:00Z
2024-03-31,P00315,0.05068,76,0.5509,90272.83,2024-04-02T07:00:00Z
2024-04-30,P00315,0.05068,77,0.5461,89956.88,2024-05-02T07:00:00Z
2024-05-31,P00315,0.05068,78,0.5412,89642.03,2024-06-02T07:00:00Z
2024-06-30,P00315,0.05068,79,0.5364,89328.28,2024-07-02T07:00:00Z
2024-07-31,P00315,0.05068,80,0.5315,89015.63,2024-08-02T07:00:00Z
2024-08-31,P00315,0.05068,81,0.5266,88704.08,2024-09-02T07:00:00Z
2024-09-30,P00315,0.05068,82,0.5218,88393.61,2024-10-02T07:00:00Z
2024-10-31,P00315,0.05068,83,0.5169,88084.23,2024-11-02T07:00:00Z
2024-11-30,P00315,0.05068,84,0.5121,87775.94,2024-12-02T07:00:00Z
2024-12-31,P00315,0.05068,85,0.5072,87468.72,2025-01-02T07:00:00Z
2025-01-31,P00315,0.05068,86,0.5024,87162.58,2025-02-02T07:00:00Z
2025-02-28,P00315,0.05068,87,0.4975,86857.51,2025-03-02T07:00:00Z
2025-03-31,P00315,0.05068,88,0.4926,86553.51,2025-04-02T07:00:00Z
2025-04-30,P00315,0.05068,89,0.4878,86250.58,2025-05-02T07:00:00Z
2025-05-31,P00315,0.05068,90,0.4829,85948.7,2025-06-02T07:00:00Z
2025-06-30,P00315,0.05068,91,0.4781,85647.88,2025-07-02T07:00:00Z
2025-07-31,P00315,0.05068,92,0.4732,85348.11,2025-08-02T07:00:00Z
2025-08-31,P00315,0.05068,93,0.4683,85049.39,2025-09-02T07:00:00Z
2025-09-30,P00315,0.05068,94,0.4635,84751.72,2025-10-02T07:00:00Z
2025-10-31,P00315,0.05068,95,0.4586,84455.09,2025-11-02T07:00:00Z
2025-11-30,P00315,0.05068,96,0.4538,84159.5,2025-12-02T07:00:00Z
2025-12-31,P00315,0.05068,97,0.4489,83864.94,2026-01-02T07:00:00Z
2023-07-31,P00316,0.05393,20,0.7609,204985.3,2023-08-02T07:00:00Z
2023-08-31,P00316,0.05393,21,0.7554,204267.85,2023-09-02T07:00:00Z
2023-09-30,P00316,0.05393,22,0.7499,203552.91,2023-10-02T07:00:00Z
2023-10-31,P00316,0.05393,23,0.7443,202840.48,2023-11-02T07:00:00Z
2023-11-30,P00316,0.05393,24,0.7388,202130.54,2023-12-02T07:00:00Z
2023-12-31,P00316,0.05393,25,0.7332,201423.08,2024-01-02T07:00:00Z
2024-01-31,P00316,0.05393,26,0.7277,200718.1,2024-02-02T07:00:00Z
2024-02-29,P00316,0.05393,27,0.7221,200015.59,2024-03-02T07:00:00Z
2024-03-31,P00316,0.05393,28,0.7166,199315.53,2024-04-02T07:00:00Z
2024-04-30,P00316,0.05393,29,0.7111,198617.93,2024-05-02T07:00:00Z
2024-05-31,P00316,0.05393,30,0.7055,197922.76,2024-06-02T07:00:00Z
2023-07-31,P00317,0.05511,54,0.6458,316635.92,2023-08-02T07:00:00Z
2023-08-31,P00317,0.05511,55,0.6407,315527.69,2023-09-02T07:00:00Z
2023-09-30,P00317,0.05511,56,0.6356,314423.35,2023-10-02T07:00:00Z
2023-10-31,P00317,0.05511,57,0.6305,313322.87,2023-11-02T07:00:00Z
2023-11-30,P00317,0.05511,58,0.6254,312226.24,2023-12-02T07:00:00Z
2023-12-31,P00317,0.05511,59,0.6204,311133.44,2024-01-02T07:00:00Z
2024-01-31,P00317,0.05511,60,0.6153,310044.48,2024-02-02T07:00:00Z
2024-02-29,P00317,0.05511,61,0.6102,308959.32,2024-03-02T07:00:00Z
2024-03-31,P00317,0.05511,62,0.6051,307877.96,2024-04-02T07:00:00Z
2024-04-30,P00317,0.05511,63,0.6,306800.39,2024-05-02T07:00:00Z
2024-05-31,P00317,0.05511,64,0.5949,305726.59,2024-06-02T07:00:00Z
2024-06-30,P00317,0.05511,65,0.5899,304656.55,2024-07-02T07:00:00Z
2024-07-31,P00317,0.05511,66,0.5848,303590.25,2024-08-02T07:00:00Z
2024-08-31,P00317,0.05511,67,0.5797,302527.68,2024-09-02T07:00:00Z
2024-09-30,P00317,0.05511,68,0.5746,301468.84,2024-10-02T07:00:00Z
2024-10-31,P00317,0.05511,69,0.5695,300413.69,2024-11-02T07:00:00Z
2024-11-30,P00317,0.05511,70,0.5644,299362.25,2024-12-02T07:00:00Z
2024-12-31,P00317,0.05511,71,0.5594,298314.48,2025-01-02T07:00:00Z
2025-01-31,P00317,0.05511,72,0.5543,297270.38,2025-02-02T07:00:00Z
2025-02-28,P00317,0.05511,73,0.5492,296229.93,2025-03-02T07:00:00Z
2025-03-31,P00317,0.05511,74,0.5441,295193.13,2025-04-02T07:00:00Z
2025-04-30,P00317,0.05511,75,0.539,294159.95,2025-05-02T07:00:00Z
2025-05-31,P00317,0.05511,76,0.5339,293130.39,2025-06-02T07:00:00Z
2025-06-30,P00317,0.05511,77,0.5289,292104.43,2025-07-02T07:00:00Z
2025-07-31,P00317,0.05511,78,0.5238,291082.07,2025-08-02T07:00:00Z
2025-08-31,P00317,0.05511,79,0.5187,290063.28,2025-09-02T07:00:00Z
2025-09-30,P00317,0.05511,80,0.5136,289048.06,2025-10-02T07:00:00Z
2025-10-31,P00317,0.05511,81,0.5085,288036.39,2025-11-02T07:00:00Z
2025-11-30,P00317,0.05511,82,0.5034,287028.27,2025-12-02T07:00:00Z
2025-12-31,P00317,0.05511,83,0.4984,286023.67,2026-01-02T07:00:00Z
2023-07-31,P00318,0.08244,122,0.615,204970.84,2023-08-02T07:00:00Z
2023-08-31,P00318,0.08244,123,0.61,204253.44,2023-09-02T07:00:00Z
2023-09-30,P00318,0.08244,124,0.6051,203538.56,2023-10-02T07:00:00Z
2023-10-31,P00318,0.08244,125,0.6001,202826.17,2023-11-02T07:00:00Z
2023-11-30,P00318,0.08244,126,0.5952,202116.28,2023-12-02T07:00:00Z
2023-12-31,P00318,0.08244,127,0.5902,201408.87,2024-01-02T07:00:00Z
2024-01-31,P00318,0.08244,128,0.5852,200703.94,2024-02-02T07:00:00Z
2024-02-29,P00318,0.08244,129,0.5803,200001.48,2024-03-02T07:00:00Z
2024-03-31,P00318,0.08244,130,0.5753,199301.47,2024-04-02T07:00:00Z
2024-04-30,P00318,0.08244,131,0.5704,198603.92,2024-05-02T07:00:00Z
2024-05-31,P00318,0.08244,132,0.5654,197908.8,2024-06-02T07:00:00Z
2024-06-30,P00318,0.08244,133,0.5604,197216.12,2024-07-02T07:00:00Z
2024-07-31,P00318,0.08244,134,0.5555,196525.87,2024-08-02T07:00:00Z
2024-08-31,P00318,0.08244,135,0.5505,195838.02,2024-09-02T07:00:00Z
2024-09-30,P00318,0.08244,136,0.5456,195152.59,2024-10-02T07:00:00Z
2024-10-31,P00318,0.08244,137,0.5406,194469.56,2024-11-02T07:00:00Z
2024-11-30,P00318,0.08244,138,0.5356,193788.91,2024-12-02T07:00:00Z
2024-12-31,P00318,0.08244,139,0.5307,193110.65,2025-01-02T07:00:00Z
2025-01-31,P00318,0.08244,140,0.5257,192434.77,2025-02-02T07:00:00Z
2025-02-28,P00318,0.08244,141,0.5208,191761.24,2025-03-02T07:00:00Z
2025-03-31,P00318,0.08244,142,0.5158,191090.08,2025-04-02T07:00:00Z
2025-04-30,P00318,0.08244,143,0.5108,190421.26,2025-05-02T07:00:00Z
2023-07-31,P00319,0.05695,43,0.6689,263811.07,2023-08-02T07:00:00Z
2023-08-31,P00319,0.05695,44,0.6638,262887.73,2023-09-02T07:00:00Z
2023-09-30,P00319,0.05695,45,0.6586,261967.62,2023-10-02T07:00:00Z
2023-10-31,P00319,0.05695,46,0.6534,261050.74,2023-11-02T07:00:00Z
2023-11-30,P00319,0.05695,47,0.6482,260137.06,2023-12-02T07:00:00Z
2023-12-31,P00319,0.05695,48,0.6431,259226.58,2024-01-02T07:00:00Z
2024-01-31,P00319,0.05695,49,0.6379,258319.29,2024-02-02T07:00:00Z
2024-02-29,P00319,0.05695,50,0.6327,257415.17,2024-03-02T07:00:00Z
2024-03-31,P00319,0.05695,51,0.6275,256514.22,2024-04-02T07:00:00Z
2024-04-30,P00319,0.05695,52,0.6224,255616.42,2024-05-02T07:00:00Z
2024-05-31,P00319,0.05695,53,0.6172,254721.76,2024-06-02T07:00:00Z
2024-06-30,P00319,0.05695,54,0.612,253830.23,2024-07-02T07:00:00Z
2024-07-31,P00319,0.05695,55,0.6068,252941.83,2024-08-02T07:00:00Z
2024-08-31,P00319,0.05695,56,0.6017,252056.53,2024-09-02T07:00:00Z
2024-09-30,P00319,0.05695,57,0.5965,251174.33,2024-10-02T07:00:00Z
2024-10-31,P00319,0.05695,58,0.5913,250295.22,2024-11-02T07:00:00Z
2024-11-30,P00319,0.05695,59,0.5861,249419.19,2024-12-02T07:00:00Z
2024-12-31,P00319,0.05695,60,0.5809,248546.22,2025-01-02T07:00:00Z
2025-01-31,P00319,0.05695,61,0.5758,247676.31,2025-02-02T07:00:00Z
2025-02-28,P00319,0.05695,62,0.5706,246809.44,2025-03-02T07:00:00Z
2025-03-31,P00319,0.05695,63,0.5654,245945.61,2025-04-02T07:00:00Z
2025-04-30,P00319,0.05695,64,0.5602,245084.8,2025-05-02T07:00:00Z
2025-05-31,P00319,0.05695,65,0.5551,244227.0,2025-06-02T07:00:00Z
2025-06-30,P00319,0.05695,66,0.5499,243372.21,2025-07-02T07:00:00Z
2025-07-31,P00319,0.05695,67,0.5447,242520.41,2025-08-02T07:00:00Z
2025-08-31,P00319,0.05695,68,0.5395,241671.59,2025-09-02T07:00:00Z
2025-09-30,P00319,0.05695,69,0.5344,240825.73,2025-10-02T07:00:00Z
2025-10-31,P00319,0.05695,70,0.5292,239982.84,2025-11-02T07:00:00Z
2025-11-30,P00319,0.05695,71,0.524,239142.9,2025-12-02T07:00:00Z
2025-12-31,P00319,0.05695,72,0.5188,238305.9,2026-01-02T07:00:00Z
2023-07-31,P00320,0.05658,102,0.5718,94158.79,2023-08-02T07:00:00Z
2023-08-31,P00320,0.05658,103,0.567,93829.23,2023-09-02T07:00:00Z
2023-09-30,P00320,0.05658,104,0.5623,93500.83,2023-10-02T07:00:00Z
2023-10-31,P00320,0.05658,105,0.5575,93173.58,2023-11-02T07:00:00Z
2023-11-30,P00320,0.05658,106,0.5527,92847.47,2023-12-02T07:00:00Z
2023-12-31,P00320,0.05658,107,0.5479,92522.51,2024-01-02T07:00:00Z
2024-01-31,P00320,0.05658,108,0.5431,92198.68,2024-02-02T07:00:00Z
2024-02-29,P00320,0.05658,109,0.5383,91875.98,2024-03-02T07:00:00Z
2024-03-31,P00320,0.05658,110,0.5335,91554.42,2024-04-02T07:00:00Z
2024-04-30,P00320,0.05658,111,0.5287,91233.97,2024-05-02T07:00:00Z
2024-05-31,P00320,0.05658,112,0.524,90914.66,2024-06-02T07:00:00Z
2024-06-30,P00320,0.05658,113,0.5192,90596.45,2024-07-02T07:00:00Z
2023-07-31,P00321,0.05886,105,0.97,415705.12,2023-08-02T07:00:00Z
2023-08-31,P00321,0.05886,106,0.9636,414250.15,2023-09-02T07:00:00Z
2023-09-30,P00321,0.05886,107,0.9572,412800.28,2023-10-02T07:00:00Z
2023-10-31,P00321,0.05886,108,0.9509,411355.48,2023-11-02T07:00:00Z
2023-11-30,P00321,0.05886,109,0.9445,409915.73,2023-12-02T07:00:00Z
2023-12-31,P00321,0.05886,110,0.9381,408481.03,2024-01-02T07:00:00Z
2024-01-31,P00321,0.05886,111,0.9317,407051.34,2024-02-02T07:00:00Z
2024-02-29,P00321,0.05886,112,0.9253,405626.66,2024-03-02T07:00:00Z
2024-03-31,P00321,0.05886,113,0.919,404206.97,2024-04-02T07:00:00Z
2024-04-30,P00321,0.05886,114,0.9126,402792.25,2024-05-02T07:00:00Z
2024-05-31,P00321,0.05886,115,0.9062,401382.47,2024-06-02T07:00:00Z
2024-06-30,P00321,0.05886,116,0.8998,399977.63,2024-07-02T07:00:00Z
2024-07-31,P00321,0.05886,117,0.8934,398577.71,2024-08-02T07:00:00Z
2024-08-31,P00321,0.05886,118,0.8871,397182.69,2024-09-02T07:00:00Z
2024-09-30,P00321,0.05886,119,0.8807,395792.55,2024-10-02T07:00:00Z
2024-10-31,P00321,0.05886,120,0.8743,394407.28,2024-11-02T07:00:00Z
2024-11-30,P00321,0.05886,121,0.8679,393026.85,2024-12-02T07:00:00Z
2024-12-31,P00321,0.05886,122,0.8615,391651.26,2025-01-02T07:00:00Z
2025-01-31,P00321,0.05886,123,0.8552,390280.48,2025-02-02T07:00:00Z
2025-02-28,P00321,0.05886,124,0.8488,388914.5,2025-03-02T07:00:00Z
2025-03-31,P00321,0.05886,125,0.8424,387553.3,2025-04-02T07:00:00Z
2025-04-30,P00321,0.05886,126,0.836,386196.86,2025-05-02T07:00:00Z
2025-05-31,P00321,0.05886,127,0.8296,384845.17,2025-06-02T07:00:00Z
2025-06-30,P00321,0.05886,128,0.8233,383498.21,2025-07-02T07:00:00Z
2025-07-31,P00321,0.05886,129,0.8169,382155.97,2025-08-02T07:00:00Z
2025-08-31,P00321,0.05886,130,0.8105,380818.42,2025-09-02T07:00:00Z
2025-09-30,P00321,0.05886,131,0.8041,379485.56,2025-10-02T07:00:00Z
2025-10-31,P00321,0.05886,132,0.7977,378157.36,2025-11-02T07:00:00Z
2025-11-30,P00321,0.05886,133,0.7914,376833.81,2025-12-02T07:00:00Z
2025-12-31,P00321,0.05886,134,0.785,375514.89,2026-01-02T07:00:00Z
2023-07-31,P00322,0.06194,44,0.5484,250477.54,2023-08-02T07:00:00Z
2023-08-31,P00322,0.06194,45,0.5438,249600.87,2023-09-02T07:00:00Z
2023-09-30,P00322,0.06194,46,0.5391,248727.27,2023-10-02T07:00:00Z
2023-10-31,P00322,0.06194,47,0.5344,247856.72,2023-11-02T07:00:00Z
2023-11-30,P00322,0.06194,48,0.5297,246989.22,2023-12-02T07:00:00Z
2023-12-31,P00322,0.06194,49,0.525,246124.76,2024-01-02T07:00:00Z
2024-01-31,P00322,0.06194,50,0.5203,245263.32,2024-02-02T07:00:00Z
2024-02-29,P00322,0.06194,51,0.5156,244404.9,2024-03-02T07:00:00Z
2024-03-31,P00322,0.06194,52,0.5109,243549.48,2024-04-02T07:00:00Z
2024-04-30,P00322,0.06194,53,0.5062,242697.06,2024-05-02T07:00:00Z
2024-05-31,P00322,0.06194,54,0.5015,241847.62,2024-06-02T07:00:00Z
2024-06-30,P00322,0.06194,55,0.4968,241001.15,2024-07-02T07:00:00Z
2024-07-31,P00322,0.06194,56,0.4921,240157.65,2024-08-02T07:00:00Z
2024-08-31,P00322,0.06194,57,0.4874,239317.1,2024-09-02T07:00:00Z
2024-09-30,P00322,0.06194,58,0.4827,238479.49,2024-10-02T07:00:00Z
2024-10-31,P00322,0.06194,59,0.478,237644.81,2024-11-02T07:00:00Z
2024-11-30,P00322,0.06194,60,0.4733,236813.05,2024-12-02T07:00:00Z
2024-12-31,P00322,0.06194,61,0.4687,235984.21,2025-01-02T07:00:00Z
2025-01-31,P00322,0.06194,62,0.464,235158.26,2025-02-02T07:00:00Z
2025-02-28,P00322,0.06194,63,0.4593,234335.21,2025-03-02T07:00:00Z
2025-03-31,P00322,0.06194,64,0.4546,233515.04,2025-04-02T07:00:00Z
2025-04-30,P00322,0.06194,65,0.4499,232697.73,2025-05-02T07:00:00Z
2025-05-31,P00322,0.06194,66,0.4452,231883.29,2025-06-02T07:00:00Z
2025-06-30,P00322,0.06194,67,0.4405,231071.7,2025-07-02T07:00:00Z
2025-07-31,P00322,0.06194,68,0.4358,230262.95,2025-08-02T07:00:00Z
2025-08-31,P00322,0.06194,69,0.4311,229457.03,2025-09-02T07:00:00Z
2025-09-30,P00322,0.06194,70,0.4264,228653.93,2025-10-02T07:00:00Z
2025-10-31,P00322,0.06194,71,0.4217,227853.64,2025-11-02T07:00:00Z
2025-11-30,P00322,0.06194,72,0.417,227056.15,2025-12-02T07:00:00Z
2025-12-31,P00322,0.06194,73,0.4123,226261.46,2026-01-02T07:00:00Z
2023-07-31,P00323,0.04106,19,0.6358,354105.41,2023-08-02T07:00:00Z
2023-08-31,P00323,0.04106,20,0.6308,352866.04,2023-09-02T07:00:00Z
2023-09-30,P00323,0.04106,21,0.6257,351631.01,2023-10-02T07:00:00Z
2023-10-31,P00323,0.04106,22,0.6207,350400.3,2023-11-02T07:00:00Z
2023-11-30,P00323,0.04106,23,0.6156,349173.9,2023-12-02T07:00:00Z
2023-12-31,P00323,0.04106,24,0.6106,347951.79,2024-01-02T07:00:00Z
2024-01-31,P00323,0.04106,25,0.6055,346733.96,2024-02-02T07:00:00Z
2024-02-29,P00323,0.04106,26,0.6005,345520.39,2024-03-02T07:00:00Z
2024-03-31,P00323,0.04106,27,0.5955,344311.07,2024-04-02T07:00:00Z
2024-04-30,P00323,0.04106,28,0.5904,343105.98,2024-05-02T07:00:00Z
2024-05-31,P00323,0.04106,29,0.5854,341905.11,2024-06-02T07:00:00Z
2024-06-30,P00323,0.04106,30,0.5803,340708.44,2024-07-02T07:00:00Z
2024-07-31,P00323,0.04106,31,0.5753,339515.96,2024-08-02T07:00:00Z
2024-08-31,P00323,0.04106,32,0.5702,338327.66,2024-09-02T07:00:00Z
2024-09-30,P00323,0.04106,33,0.5652,337143.51,2024-10-02T07:00:00Z
2024-10-31,P00323,0.04106,34,0.5602,335963.51,2024-11-02T07:00:00Z
2024-11-30,P00323,0.04106,35,0.5551,334787.64,2024-12-02T07:00:00Z
2024-12-31,P00323,0.04106,36,0.5501,333615.88,2025-01-02T07:00:00Z
2025-01-31,P00323,0.04106,37,0.545,332448.22,2025-02-02T07:00:00Z
2025-02-28,P00323,0.04106,38,0.54,331284.65,2025-03-02T07:00:00Z
2025-03-31,P00323,0.04106,39,0.5349,330125.16,2025-04-02T07:00:00Z
2025-04-30,P00323,0.04106,40,0.5299,328969.72,2025-05-02T07:00:00Z
2025-05-31,P00323,0.04106,41,0.5249,327818.33,2025-06-02T07:00:00Z
2025-06-30,P00323,0.04106,42,0.5198,326670.96,2025-07-02T07:00:00Z
2025-07-31,P00323,0.04106,43,0.5148,325527.61,2025-08-02T07:00:00Z
2025-08-31,P00323,0.04106,44,0.5097,324388.27,2025-09-02T07:00:00Z
2025-09-30,P00323,0.04106,45,0.5047,323252.91,2025-10-02T07:00:00Z
2025-10-31,P00323,0.04106,46,0.4996,322121.52,2025-11-02T07:00:00Z
2025-11-30,P00323,0.04106,47,0.4946,320994.1,2025-12-02T07:00:00Z
2025-12-31,P00323,0.04106,48,0.4896,319870.62,2026-01-02T07:00:00Z
2023-07-31,P00324,0.06409,129,0.97,548873.35,2023-08-02T07:00:00Z
2023-08-31,P00324,0.06409,130,0.9636,546952.29,2023-09-02T07:00:00Z
2023-09-30,P00324,0.06409,131,0.9572,545037.96,2023-10-02T07:00:00Z
2023-10-31,P00324,0.06409,132,0.9509,543130.33,2023-11-02T07:00:00Z
2023-11-30,P00324,0.06409,133,0.9445,541229.37,2023-12-02T07:00:00Z
2023-12-31,P00324,0.06409,134,0.9381,539335.07,2024-01-02T07:00:00Z
2024-01-31,P00324,0.06409,135,0.9317,537447.4,2024-02-02T07:00:00Z
2024-02-29,P00324,0.06409,136,0.9253,535566.33,2024-03-02T07:00:00Z
2024-03-31,P00324,0.06409,137,0.919,533691.85,2024-04-02T07:00:00Z
2024-04-30,P00324,0.06409,138,0.9126,531823.93,2024-05-02T07:00:00Z
2024-05-31,P00324,0.06409,139,0.9062,529962.54,2024-06-02T07:00:00Z
2024-06-30,P00324,0.06409,140,0.8998,528107.67,2024-07-02T07:00:00Z
2024-07-31,P00324,0.06409,141,0.8934,526259.3,2024-08-02T07:00:00Z
2024-08-31,P00324,0.06409,142,0.8871,524417.39,2024-09-02T07:00:00Z
2024-09-30,P00324,0.06409,143,0.8807,522581.93,2024-10-02T07:00:00Z
2024-10-31,P00324,0.06409,144,0.8743,520752.89,2024-11-02T07:00:00Z
2024-11-30,P00324,0.06409,145,0.8679,518930.26,2024-12-02T07:00:00Z
2024-12-31,P00324,0.06409,146,0.8615,517114.0,2025-01-02T07:00:00Z
2025-01-31,P00324,0.06409,147,0.8552,515304.1,2025-02-02T07:00:00Z
2023-07-31,P00325,0.0507,37,0.6568,179299.78,2023-08-02T07:00:00Z
2023-08-31,P00325,0.0507,38,0.6516,178672.23,2023-09-02T07:00:00Z
2023-09-30,P00325,0.0507,39,0.6465,178046.88,2023-10-02T07:00:00Z
2023-10-31,P00325,0.0507,40,0.6414,177423.71,2023-11-02T07:00:00Z
2023-11-30,P00325,0.0507,41,0.6363,176802.73,2023-12-02T07:00:00Z
2023-12-31,P00325,0.0507,42,0.6311,176183.92,2024-01-02T07:00:00Z
2024-01-31,P00325,0.0507,43,0.626,175567.28,2024-02-02T07:00:00Z
2024-02-29,P00325,0.0507,44,0.6209,174952.79,2024-03-02T07:00:00Z
2024-03-31,P00325,0.0507,45,0.6157,174340.46,2024-04-02T07:00:00Z
2024-04-30,P00325,0.0507,46,0.6106,173730.27,2024-05-02T07:00:00Z
2024-05-31,P00325,0.0507,47,0.6055,173122.21,2024-06-02T07:00:00Z
2024-06-30,P00325,0.0507,48,0.6004,172516.28,2024-07-02T07:00:00Z
2024-07-31,P00325,0.0507,49,0.5952,171912.48,2024-08-02T07:00:00Z
2024-08-31,P00325,0.0507,50,0.5901,171310.78,2024-09-02T07:00:00Z
2024-09-30,P00325,0.0507,51,0.585,170711.19,2024-10-02T07:00:00Z
2024-10-31,P00325,0.0507,52,0.5799,170113.7,2024-11-02T07:00:00Z
2024-11-30,P00325,0.0507,53,0.5747,169518.31,2024-12-02T07:00:00Z
2024-12-31,P00325,0.0507,54,0.5696,168924.99,2025-01-02T07:00:00Z
2025-01-31,P00325,0.0507,55,0.5645,168333.76,2025-02-02T07:00:00Z
2025-02-28,P00325,0.0507,56,0.5593,167744.59,2025-03-02T07:00:00Z
2025-03-31,P00325,0.0507,57,0.5542,167157.48,2025-04-02T07:00:00Z
2025-04-30,P00325,0.0507,58,0.5491,166572.43,2025-05-02T07:00:00Z
2025-05-31,P00325,0.0507,59,0.544,165989.43,2025-06-02T07:00:00Z
2025-06-30,P00325,0.0507,60,0.5388,165408.46,2025-07-02T07:00:00Z
2025-07-31,P00325,0.0507,61,0.5337,164829.53,2025-08-02T07:00:00Z
2025-08-31,P00325,0.0507,62,0.5286,164252.63,2025-09-02T07:00:00Z
2025-09-30,P00325,0.0507,63,0.5235,163677.75,2025-10-02T07:00:00Z
2025-10-31,P00325,0.0507,64,0.5183,163104.87,2025-11-02T07:00:00Z
2025-11-30,P00325,0.0507,65,0.5132,162534.01,2025-12-02T07:00:00Z
2025-12-31,P00325,0.0507,66,0.5081,161965.14,2026-01-02T07:00:00Z
2023-07-31,P00326,0.06773,114,0.7549,549563.88,2023-08-02T07:00:00Z
2023-08-31,P00326,0.06773,115,0.7494,547640.41,2023-09-02T07:00:00Z
2023-09-30,P00326,0.06773,116,0.7439,545723.66,2023-10-02T07:00:00Z
2023-10-31,P00326,0.06773,117,0.7384,543813.63,2023-11-02T07:00:00Z
2023-11-30,P00326,0.06773,118,0.7328,541910.28,2023-12-02T07:00:00Z
2023-12-31,P00326,0.06773,119,0.7273,540013.6,2024-01-02T07:00:00Z
2024-01-31,P00326,0.06773,120,0.7218,538123.55,2024-02-02T07:00:00Z
2024-02-29,P00326,0.06773,121,0.7163,536240.12,2024-03-02T07:00:00Z
2024-03-31,P00326,0.06773,122,0.7108,534363.28,2024-04-02T07:00:00Z
2024-04-30,P00326,0.06773,123,0.7052,532493.01,2024-05-02T07:00:00Z
2024-05-31,P00326,0.06773,124,0.6997,530629.28,2024-06-02T07:00:00Z
2024-06-30,P00326,0.06773,125,0.6942,528772.08,2024-07-02T07:00:00Z
2024-07-31,P00326,0.06773,126,0.6887,526921.38,2024-08-02T07:00:00Z
2024-08-31,P00326,0.06773,127,0.6832,525077.15,2024-09-02T07:00:00Z
2024-09-30,P00326,0.06773,128,0.6776,523239.38,2024-10-02T07:00:00Z
2024-10-31,P00326,0.06773,129,0.6721,521408.04,2024-11-02T07:00:00Z
2024-11-30,P00326,0.06773,130,0.6666,519583.12,2024-12-02T07:00:00Z
2024-12-31,P00326,0.06773,131,0.6611,517764.57,2025-01-02T07:00:00Z
2025-01-31,P00326,0.06773,132,0.6556,515952.4,2025-02-02T07:00:00Z
2025-02-28,P00326,0.06773,133,0.6501,514146.57,2025-03-02T07:00:00Z
2025-03-31,P00326,0.06773,134,0.6445,512347.05,2025-04-02T07:00:00Z
2025-04-30,P00326,0.06773,135,0.639,510553.84,2025-05-02T07:00:00Z
2025-05-31,P00326,0.06773,136,0.6335,508766.9,2025-06-02T07:00:00Z
2025-06-30,P00326,0.06773,137,0.628,506986.21,2025-07-02T07:00:00Z
2025-07-31,P00326,0.06773,138,0.6225,505211.76,2025-08-02T07:00:00Z
2025-08-31,P00326,0.06773,139,0.6169,503443.52,2025-09-02T07:00:00Z
2025-09-30,P00326,0.06773,140,0.6114,501681.47,2025-10-02T07:00:00Z
2025-10-31,P00326,0.06773,141,0.6059,499925.58,2025-11-02T07:00:00Z
2025-11-30,P00326,0.06773,142,0.6004,498175.84,2025-12-02T07:00:00Z
2025-12-31,P00326,0.06773,143,0.5949,496432.23,2026-01-02T07:00:00Z
2023-07-31,P00327,0.06132,97,0.9206,682183.25,2023-08-02T07:00:00Z
2023-08-31,P00327,0.06132,98,0.9144,679795.61,2023-09-02T07:00:00Z
2023-09-30,P00327,0.06132,99,0.9082,677416.32,2023-10-02T07:00:00Z
2023-10-31,P00327,0.06132,100,0.9021,675045.37,2023-11-02T07:00:00Z
2023-11-30,P00327,0.06132,101,0.8959,672682.71,2023-12-02T07:00:00Z
2023-12-31,P00327,0.06132,102,0.8897,670328.32,2024-01-02T07:00:00Z
2024-01-31,P00327,0.06132,103,0.8835,667982.17,2024-02-02T07:00:00Z
2024-02-29,P00327,0.06132,104,0.8773,665644.23,2024-03-02T07:00:00Z
2024-03-31,P00327,0.06132,105,0.8712,663314.48,2024-04-02T07:00:00Z
2024-04-30,P00327,0.06132,106,0.865,660992.88,2024-05-02T07:00:00Z
2024-05-31,P00327,0.06132,107,0.8588,658679.4,2024-06-02T07:00:00Z
2024-06-30,P00327,0.06132,108,0.8526,656374.02,2024-07-02T07:00:00Z
2023-07-31,P00328,0.06709,91,0.829,198014.44,2023-08-02T07:00:00Z
2023-08-31,P00328,0.06709,92,0.8232,197321.39,2023-09-02T07:00:00Z
2023-09-30,P00328,0.06709,93,0.8174,196630.76,2023-10-02T07:00:00Z
2023-10-31,P00328,0.06709,94,0.8116,195942.56,2023-11-02T07:00:00Z
2023-11-30,P00328,0.06709,95,0.8058,195256.76,2023-12-02T07:00:00Z
2023-12-31,P00328,0.06709,96,0.8,194573.36,2024-01-02T07:00:00Z
2024-01-31,P00328,0.06709,97,0.7941,193892.35,2024-02-02T07:00:00Z
2024-02-29,P00328,0.06709,98,0.7883,193213.73,2024-03-02T07:00:00Z
2024-03-31,P00328,0.06709,99,0.7825,192537.48,2024-04-02T07:00:00Z
2024-04-30,P00328,0.06709,100,0.7767,191863.6,2024-05-02T07:00:00Z
2024-05-31,P00328,0.06709,101,0.7709,191192.08,2024-06-02T07:00:00Z
2024-06-30,P00328,0.06709,102,0.7651,190522.91,2024-07-02T07:00:00Z
2024-07-31,P00328,0.06709,103,0.7592,189856.08,2024-08-02T07:00:00Z
2024-08-31,P00328,0.06709,104,0.7534,189191.58,2024-09-02T07:00:00Z
2024-09-30,P00328,0.06709,105,0.7476,188529.41,2024-10-02T07:00:00Z
2024-10-31,P00328,0.06709,106,0.7418,187869.56,2024-11-02T07:00:00Z
2024-11-30,P00328,0.06709,107,0.736,187212.01,2024-12-02T07:00:00Z
2024-12-31,P00328,0.06709,108,0.7302,186556.77,2025-01-02T07:00:00Z
2025-01-31,P00328,0.06709,109,0.7243,185903.82,2025-02-02T07:00:00Z
2025-02-28,P00328,0.06709,110,0.7185,185253.16,2025-03-02T07:00:00Z
2025-03-31,P00328,0.06709,111,0.7127,184604.77,2025-04-02T07:00:00Z
2025-04-30,P00328,0.06709,112,0.7069,183958.66,2025-05-02T07:00:00Z
2025-05-31,P00328,0.06709,113,0.7011,183314.8,2025-06-02T07:00:00Z
2025-06-30,P00328,0.06709,114,0.6953,182673.2,2025-07-02T07:00:00Z
2025-07-31,P00328,0.06709,115,0.6894,182033.84,2025-08-02T07:00:00Z
2025-08-31,P00328,0.06709,116,0.6836,181396.72,2025-09-02T07:00:00Z
2025-09-30,P00328,0.06709,117,0.6778,180761.83,2025-10-02T07:00:00Z
2025-10-31,P00328,0.06709,118,0.672,180129.17,2025-11-02T07:00:00Z
2025-11-30,P00328,0.06709,119,0.6662,179498.72,2025-12-02T07:00:00Z
2025-12-31,P00328,0.06709,120,0.6604,178870.47,2026-01-02T07:00:00Z
2023-07-31,P00329,0.06603,3,0.8323,534171.89,2023-08-02T07:00:00Z
2023-08-31,P00329,0.06603,4,0.8265,532302.29,2023-09-02T07:00:00Z
2023-09-30,P00329,0.06603,5,0.8207,530439.23,2023-10-02T07:00:00Z
2023-10-31,P00329,0.06603,6,0.8149,528582.69,2023-11-02T07:00:00Z
2023-11-30,P00329,0.06603,7,0.809,526732.65,2023-12-02T07:00:00Z
2023-12-31,P00329,0.06603,8,0.8032,524889.09,2024-01-02T07:00:00Z
2024-01-31,P00329,0.06603,9,0.7974,523051.98,2024-02-02T07:00:00Z
2024-02-29,P00329,0.06603,10,0.7915,521221.3,2024-03-02T07:00:00Z
2024-03-31,P00329,0.06603,11,0.7857,519397.02,2024-04-02T07:00:00Z
2024-04-30,P00329,0.06603,12,0.7799,517579.13,2024-05-02T07:00:00Z
2024-05-31,P00329,0.06603,13,0.774,515767.6,2024-06-02T07:00:00Z
2024-06-30,P00329,0.06603,14,0.7682,513962.42,2024-07-02T07:00:00Z
2024-07-31,P00329,0.06603,15,0.7624,512163.55,2024-08-02T07:00:00Z
2024-08-31,P00329,0.06603,16,0.7566,510370.98,2024-09-02T07:00:00Z
2024-09-30,P00329,0.06603,17,0.7507,508584.68,2024-10-02T07:00:00Z
2024-10-31,P00329,0.06603,18,0.7449,506804.63,2024-11-02T07:00:00Z
2024-11-30,P00329,0.06603,19,0.7391,505030.82,2024-12-02T07:00:00Z
2024-12-31,P00329,0.06603,20,0.7332,503263.21,2025-01-02T07:00:00Z
2025-01-31,P00329,0.06603,21,0.7274,501501.79,2025-02-02T07:00:00Z
2025-02-28,P00329,0.06603,22,0.7216,499746.53,2025-03-02T07:00:00Z
2025-03-31,P00329,0.06603,23,0.7158,497997.42,2025-04-02T07:00:00Z
2025-04-30,P00329,0.06603,24,0.7099,496254.43,2025-05-02T07:00:00Z
2025-05-31,P00329,0.06603,25,0.7041,494517.54,2025-06-02T07:00:00Z
2025-06-30,P00329,0.06603,26,0.6983,492786.73,2025-07-02T07:00:00Z
2025-07-31,P00329,0.06603,27,0.6924,491061.97,2025-08-02T07:00:00Z
2025-08-31,P00329,0.06603,28,0.6866,489343.25,2025-09-02T07:00:00Z
2025-09-30,P00329,0.06603,29,0.6808,487630.55,2025-10-02T07:00:00Z
2025-10-31,P00329,0.06603,30,0.6749,485923.85,2025-11-02T07:00:00Z
2025-11-30,P00329,0.06603,31,0.6691,484223.11,2025-12-02T07:00:00Z
2025-12-31,P00329,0.06603,32,0.6633,482528.33,2026-01-02T07:00:00Z
2023-07-31,P00330,0.06876,105,0.6521,361397.82,2023-08-02T07:00:00Z
2023-08-31,P00330,0.06876,106,0.647,360132.93,2023-09-02T07:00:00Z
2023-09-30,P00330,0.06876,107,0.6419,358872.46,2023-10-02T07:00:00Z
2023-10-31,P00330,0.06876,108,0.6368,357616.41,2023-11-02T07:00:00Z
2023-11-30,P00330,0.06876,109,0.6317,356364.75,2023-12-02T07:00:00Z
2023-12-31,P00330,0.06876,110,0.6266,355117.47,2024-01-02T07:00:00Z
2024-01-31,P00330,0.06876,111,0.6215,353874.56,2024-02-02T07:00:00Z
2024-02-29,P00330,0.06876,112,0.6163,352636.0,2024-03-02T07:00:00Z
2024-03-31,P00330,0.06876,113,0.6112,351401.78,2024-04-02T07:00:00Z
2024-04-30,P00330,0.06876,114,0.6061,350171.87,2024-05-02T07:00:00Z
2024-05-31,P00330,0.06876,115,0.601,348946.27,2024-06-02T07:00:00Z
2024-06-30,P00330,0.06876,116,0.5959,347724.96,2024-07-02T07:00:00Z
2024-07-31,P00330,0.06876,117,0.5908,346507.92,2024-08-02T07:00:00Z
2024-08-31,P00330,0.06876,118,0.5857,345295.14,2024-09-02T07:00:00Z
2024-09-30,P00330,0.06876,119,0.5806,344086.61,2024-10-02T07:00:00Z
2024-10-31,P00330,0.06876,120,0.5755,342882.31,2024-11-02T07:00:00Z
2024-11-30,P00330,0.06876,121,0.5704,341682.22,2024-12-02T07:00:00Z
2024-12-31,P00330,0.06876,122,0.5653,340486.33,2025-01-02T07:00:00Z
2025-01-31,P00330,0.06876,123,0.5602,339294.63,2025-02-02T07:00:00Z
2025-02-28,P00330,0.06876,124,0.555,338107.1,2025-03-02T07:00:00Z
2025-03-31,P00330,0.06876,125,0.5499,336923.72,2025-04-02T07:00:00Z
2025-04-30,P00330,0.06876,126,0.5448,335744.49,2025-05-02T07:00:00Z
2025-05-31,P00330,0.06876,127,0.5397,334569.38,2025-06-02T07:00:00Z
2025-06-30,P00330,0.06876,128,0.5346,333398.39,2025-07-02T07:00:00Z
2025-07-31,P00330,0.06876,129,0.5295,332231.5,2025-08-02T07:00:00Z
2025-08-31,P00330,0.06876,130,0.5244,331068.69,2025-09-02T07:00:00Z
2025-09-30,P00330,0.06876,131,0.5193,329909.95,2025-10-02T07:00:00Z
2025-10-31,P00330,0.06876,132,0.5142,328755.26,2025-11-02T07:00:00Z
2025-11-30,P00330,0.06876,133,0.5091,327604.62,2025-12-02T07:00:00Z
2025-12-31,P00330,0.06876,134,0.504,326458.0,2026-01-02T07:00:00Z
2023-07-31,P00331,0.08308,103,0.7749,688567.34,2023-08-02T07:00:00Z
2023-08-31,P00331,0.08308,104,0.7693,686157.35,2023-09-02T07:00:00Z
2023-09-30,P00331,0.08308,105,0.7637,683755.8,2023-10-02T07:00:00Z
2023-10-31,P00331,0.08308,106,0.7581,681362.66,2023-11-02T07:00:00Z
2023-11-30,P00331,0.08308,107,0.7525,678977.89,2023-12-02T07:00:00Z
2023-12-31,P00331,0.08308,108,0.7469,676601.47,2024-01-02T07:00:00Z
2024-01-31,P00331,0.08308,109,0.7413,674233.36,2024-02-02T07:00:00Z
2024-02-29,P00331,0.08308,110,0.7357,671873.54,2024-03-02T07:00:00Z
2024-03-31,P00331,0.08308,111,0.7301,669521.99,2024-04-02T07:00:00Z
2024-04-30,P00331,0.08308,112,0.7245,667178.66,2024-05-02T07:00:00Z
2024-05-31,P00331,0.08308,113,0.7189,664843.53,2024-06-02T07:00:00Z
2024-06-30,P00331,0.08308,114,0.7133,662516.58,2024-07-02T07:00:00Z
2024-07-31,P00331,0.08308,115,0.7077,660197.77,2024-08-02T07:00:00Z
2024-08-31,P00331,0.08308,116,0.7021,657887.08,2024-09-02T07:00:00Z
2023-07-31,P00332,0.07118,23,0.5685,488230.71,2023-08-02T07:00:00Z
2023-08-31,P00332,0.07118,24,0.5637,486521.9,2023-09-02T07:00:00Z
2023-09-30,P00332,0.07118,25,0.559,484819.08,2023-10-02T07:00:00Z
2023-10-31,P00332,0.07118,26,0.5542,483122.21,2023-11-02T07:00:00Z
2023-11-30,P00332,0.07118,27,0.5494,481431.28,2023-12-02T07:00:00Z
2023-12-31,P00332,0.07118,28,0.5446,479746.27,2024-01-02T07:00:00Z
2024-01-31,P00332,0.07118,29,0.5399,478067.16,2024-02-02T07:00:00Z
2024-02-29,P00332,0.07118,30,0.5351,476393.92,2024-03-02T07:00:00Z
2024-03-31,P00332,0.07118,31,0.5303,474726.55,2024-04-02T07:00:00Z
2024-04-30,P00332,0.07118,32,0.5255,473065.0,2024-05-02T07:00:00Z
2024-05-31,P00332,0.07118,33,0.5208,471409.28,2024-06-02T07:00:00Z
2024-06-30,P00332,0.07118,34,0.516,469759.34,2024-07-02T07:00:00Z
2024-07-31,P00332,0.07118,35,0.5112,468115.19,2024-08-02T07:00:00Z
2024-08-31,P00332,0.07118,36,0.5064,466476.78,2024-09-02T07:00:00Z
2023-07-31,P00333,0.07953,9,0.6356,399037.47,2023-08-02T07:00:00Z
2023-08-31,P00333,0.07953,10,0.6306,397640.84,2023-09-02T07:00:00Z
2023-09-30,P00333,0.07953,11,0.6255,396249.1,2023-10-02T07:00:00Z
2023-10-31,P00333,0.07953,12,0.6205,394862.22,2023-11-02T07:00:00Z
2023-11-30,P00333,0.07953,13,0.6154,393480.21,2023-12-02T07:00:00Z
2023-12-31,P00333,0.07953,14,0.6104,392103.03,2024-01-02T07:00:00Z
2024-01-31,P00333,0.07953,15,0.6053,390730.66,2024-02-02T07:00:00Z
2024-02-29,P00333,0.07953,16,0.6003,389363.11,2024-03-02T07:00:00Z
2024-03-31,P00333,0.07953,17,0.5953,388000.34,2024-04-02T07:00:00Z
2024-04-30,P00333,0.07953,18,0.5902,386642.34,2024-05-02T07:00:00Z
2024-05-31,P00333,0.07953,19,0.5852,385289.09,2024-06-02T07:00:00Z
2024-06-30,P00333,0.07953,20,0.5801,383940.58,2024-07-02T07:00:00Z
2024-07-31,P00333,0.07953,21,0.5751,382596.78,2024-08-02T07:00:00Z
2024-08-31,P00333,0.07953,22,0.57,381257.69,2024-09-02T07:00:00Z
2024-09-30,P00333,0.07953,23,0.565,379923.29,2024-10-02T07:00:00Z
2024-10-31,P00333,0.07953,24,0.56,378593.56,2024-11-02T07:00:00Z
2024-11-30,P00333,0.07953,25,0.5549,377268.48,2024-12-02T07:00:00Z
2024-12-31,P00333,0.07953,26,0.5499,375948.04,2025-01-02T07:00:00Z
2023-07-31,P00334,0.06603,19,0.6448,211232.04,2023-08-02T07:00:00Z
2023-08-31,P00334,0.06603,20,0.6397,210492.73,2023-09-02T07:00:00Z
2023-09-30,P00334,0.06603,21,0.6346,209756.0,2023-10-02T07:00:00Z
2023-10-31,P00334,0.06603,22,0.6295,209021.86,2023-11-02T07:00:00Z
2023-11-30,P00334,0.06603,23,0.6245,208290.28,2023-12-02T07:00:00Z
2023-12-31,P00334,0.06603,24,0.6194,207561.26,2024-01-02T07:00:00Z
2024-01-31,P00334,0.06603,25,0.6143,206834.8,2024-02-02T07:00:00Z
2024-02-29,P00334,0.06603,26,0.6092,206110.88,2024-03-02T07:00:00Z
2024-03-31,P00334,0.06603,27,0.6042,205389.49,2024-04-02T07:00:00Z
2024-04-30,P00334,0.06603,28,0.5991,204670.63,2024-05-02T07:00:00Z
2024-05-31,P00334,0.06603,29,0.594,203954.28,2024-06-02T07:00:00Z
2024-06-30,P00334,0.06603,30,0.5889,203240.44,2024-07-02T07:00:00Z
2024-07-31,P00334,0.06603,31,0.5838,202529.1,2024-08-02T07:00:00Z
2024-08-31,P00334,0.06603,32,0.5788,201820.25,2024-09-02T07:00:00Z
2024-09-30,P00334,0.06603,33,0.5737,201113.88,2024-10-02T07:00:00Z
2024-10-31,P00334,0.06603,34,0.5686,200409.98,2024-11-02T07:00:00Z
2024-11-30,P00334,0.06603,35,0.5635,199708.54,2024-12-02T07:00:00Z
2024-12-31,P00334,0.06603,36,0.5584,199009.56,2025-01-02T07:00:00Z
2025-01-31,P00334,0.06603,37,0.5534,198313.03,2025-02-02T07:00:00Z
2025-02-28,P00334,0.06603,38,0.5483,197618.93,2025-03-02T07:00:00Z
2025-03-31,P00334,0.06603,39,0.5432,196927.27,2025-04-02T07:00:00Z
2025-04-30,P00334,0.06603,40,0.5381,196238.02,2025-05-02T07:00:00Z
2025-05-31,P00334,0.06603,41,0.533,195551.19,2025-06-02T07:00:00Z
2025-06-30,P00334,0.06603,42,0.528,194866.76,2025-07-02T07:00:00Z
2025-07-31,P00334,0.06603,43,0.5229,194184.73,2025-08-02T07:00:00Z
2025-08-31,P00334,0.06603,44,0.5178,193505.08,2025-09-02T07:00:00Z
2025-09-30,P00334,0.06603,45,0.5127,192827.81,2025-10-02T07:00:00Z
2025-10-31,P00334,0.06603,46,0.5077,192152.91,2025-11-02T07:00:00Z
2025-11-30,P00334,0.06603,47,0.5026,191480.38,2025-12-02T07:00:00Z
2025-12-31,P00334,0.06603,48,0.4975,190810.2,2026-01-02T07:00:00Z
2023-07-31,P00335,0.0534,7,0.7174,532685.06,2023-08-02T07:00:00Z
2023-08-31,P00335,0.0534,8,0.7121,530820.66,2023-09-02T07:00:00Z
2023-09-30,P00335,0.0534,9,0.7067,528962.79,2023-10-02T07:00:00Z
2023-10-31,P00335,0.0534,10,0.7013,527111.42,2023-11-02T07:00:00Z
2023-11-30,P00335,0.0534,11,0.6959,525266.53,2023-12-02T07:00:00Z
2023-12-31,P00335,0.0534,12,0.6906,523428.1,2024-01-02T07:00:00Z
2024-01-31,P00335,0.0534,13,0.6852,521596.1,2024-02-02T07:00:00Z
2024-02-29,P00335,0.0534,14,0.6798,519770.51,2024-03-02T07:00:00Z
2024-03-31,P00335,0.0534,15,0.6745,517951.32,2024-04-02T07:00:00Z
2024-04-30,P00335,0.0534,16,0.6691,516138.49,2024-05-02T07:00:00Z
2024-05-31,P00335,0.0534,17,0.6637,514332.0,2024-06-02T07:00:00Z
2024-06-30,P00335,0.0534,18,0.6584,512531.84,2024-07-02T07:00:00Z
2024-07-31,P00335,0.0534,19,0.653,510737.98,2024-08-02T07:00:00Z
2024-08-31,P00335,0.0534,20,0.6476,508950.4,2024-09-02T07:00:00Z
2024-09-30,P00335,0.0534,21,0.6422,507169.07,2024-10-02T07:00:00Z
2024-10-31,P00335,0.0534,22,0.6369,505393.98,2024-11-02T07:00:00Z
2024-11-30,P00335,0.0534,23,0.6315,503625.1,2024-12-02T07:00:00Z
2024-12-31,P00335,0.0534,24,0.6261,501862.41,2025-01-02T07:00:00Z
2025-01-31,P00335,0.0534,25,0.6208,500105.89,2025-02-02T07:00:00Z
2025-02-28,P00335,0.0534,26,0.6154,498355.52,2025-03-02T07:00:00Z
2025-03-31,P00335,0.0534,27,0.61,496611.28,2025-04-02T07:00:00Z
2025-04-30,P00335,0.0534,28,0.6047,494873.14,2025-05-02T07:00:00Z
2025-05-31,P00335,0.0534,29,0.5993,493141.08,2025-06-02T07:00:00Z
2025-06-30,P00335,0.0534,30,0.5939,491415.09,2025-07-02T07:00:00Z
2025-07-31,P00335,0.0534,31,0.5886,489695.13,2025-08-02T07:00:00Z
2025-08-31,P00335,0.0534,32,0.5832,487981.2,2025-09-02T07:00:00Z
2025-09-30,P00335,0.0534,33,0.5778,486273.27,2025-10-02T07:00:00Z
2025-10-31,P00335,0.0534,34,0.5724,484571.31,2025-11-02T07:00:00Z
2025-11-30,P00335,0.0534,35,0.5671,482875.31,2025-12-02T07:00:00Z
2025-12-31,P00335,0.0534,36,0.5617,481185.25,2026-01-02T07:00:00Z
2023-07-31,P00336,0.07889,33,0.6472,512375.92,2023-08-02T07:00:00Z
2023-08-31,P00336,0.07889,34,0.6421,510582.6,2023-09-02T07:00:00Z
2023-09-30,P00336,0.07889,35,0.637,508795.57,2023-10-02T07:00:00Z
2023-10-31,P00336,0.07889,36,0.6319,507014.78,2023-11-02T07:00:00Z
2023-11-30,P00336,0.07889,37,0.6268,505240.23,2023-12-02T07:00:00Z
2023-12-31,P00336,0.07889,38,0.6217,503471.89,2024-01-02T07:00:00Z
2024-01-31,P00336,0.07889,39,0.6167,501709.74,2024-02-02T07:00:00Z
2024-02-29,P00336,0.07889,40,0.6116,499953.75,2024-03-02T07:00:00Z
2024-03-31,P00336,0.07889,41,0.6065,498203.91,2024-04-02T07:00:00Z
2024-04-30,P00336,0.07889,42,0.6014,496460.2,2024-05-02T07:00:00Z
2024-05-31,P00336,0.07889,43,0.5963,494722.59,2024-06-02T07:00:00Z
2024-06-30,P00336,0.07889,44,0.5912,492991.06,2024-07-02T07:00:00Z
2024-07-31,P00336,0.07889,45,0.5861,491265.59,2024-08-02T07:00:00Z
2024-08-31,P00336,0.07889,46,0.581,489546.16,2024-09-02T07:00:00Z
2024-09-30,P00336,0.07889,47,0.5759,487832.75,2024-10-02T07:00:00Z
2024-10-31,P00336,0.07889,48,0.5709,486125.34,2024-11-02T07:00:00Z
2024-11-30,P00336,0.07889,49,0.5658,484423.9,2024-12-02T07:00:00Z
2024-12-31,P00336,0.07889,50,0.5607,482728.41,2025-01-02T07:00:00Z
2023-07-31,P00337,0.07114,92,0.7868,555066.97,2023-08-02T07:00:00Z
2023-08-31,P00337,0.07114,93,0.7811,553124.24,2023-09-02T07:00:00Z
2023-09-30,P00337,0.07114,94,0.7755,551188.3,2023-10-02T07:00:00Z
2023-10-31,P00337,0.07114,95,0.7698,549259.14,2023-11-02T07:00:00Z
2023-11-30,P00337,0.07114,96,0.7642,547336.73,2023-12-02T07:00:00Z
2023-12-31,P00337,0.07114,97,0.7585,545421.06,2024-01-02T07:00:00Z
2023-07-31,P00338,0.06395,71,0.7793,344736.34,2023-08-02T07:00:00Z
2023-08-31,P00338,0.06395,72,0.7737,343529.76,2023-09-02T07:00:00Z
2023-09-30,P00338,0.06395,73,0.768,342327.41,2023-10-02T07:00:00Z
2023-10-31,P00338,0.06395,74,0.7624,341129.26,2023-11-02T07:00:00Z
2023-11-30,P00338,0.06395,75,0.7568,339935.31,2023-12-02T07:00:00Z
2023-12-31,P00338,0.06395,76,0.7512,338745.54,2024-01-02T07:00:00Z
2024-01-31,P00338,0.06395,77,0.7456,337559.93,2024-02-02T07:00:00Z
2024-02-29,P00338,0.06395,78,0.74,336378.47,2024-03-02T07:00:00Z
2024-03-31,P00338,0.06395,79,0.7343,335201.14,2024-04-02T07:00:00Z
2024-04-30,P00338,0.06395,80,0.7287,334027.94,2024-05-02T07:00:00Z
2024-05-31,P00338,0.06395,81,0.7231,332858.84,2024-06-02T07:00:00Z
2024-06-30,P00338,0.06395,82,0.7175,331693.84,2024-07-02T07:00:00Z
2024-07-31,P00338,0.06395,83,0.7119,330532.91,2024-08-02T07:00:00Z
2023-07-31,P00339,0.06543,79,0.5992,471437.78,2023-08-02T07:00:00Z
2023-08-31,P00339,0.06543,80,0.5943,469787.75,2023-09-02T07:00:00Z
2023-09-30,P00339,0.06543,81,0.5894,468143.49,2023-10-02T07:00:00Z
2023-10-31,P00339,0.06543,82,0.5845,466504.99,2023-11-02T07:00:00Z
2023-11-30,P00339,0.06543,83,0.5796,464872.22,2023-12-02T07:00:00Z
2023-12-31,P00339,0.06543,84,0.5747,463245.17,2024-01-02T07:00:00Z
2024-01-31,P00339,0.06543,85,0.5698,461623.81,2024-02-02T07:00:00Z
2024-02-29,P00339,0.06543,86,0.5649,460008.13,2024-03-02T07:00:00Z
2024-03-31,P00339,0.06543,87,0.56,458398.1,2024-04-02T07:00:00Z
2024-04-30,P00339,0.06543,88,0.5551,456793.7,2024-05-02T07:00:00Z
2024-05-31,P00339,0.06543,89,0.5502,455194.93,2024-06-02T07:00:00Z
2024-06-30,P00339,0.06543,90,0.5453,453601.74,2024-07-02T07:00:00Z
2024-07-31,P00339,0.06543,91,0.5404,452014.14,2024-08-02T07:00:00Z
2024-08-31,P00339,0.06543,92,0.5355,450432.09,2024-09-02T07:00:00Z
2023-07-31,P00340,0.05192,133,0.51,447177.52,2023-08-02T07:00:00Z
2023-08-31,P00340,0.05192,134,0.5055,445612.4,2023-09-02T07:00:00Z
2023-09-30,P00340,0.05192,135,0.5009,444052.76,2023-10-02T07:00:00Z
2023-10-31,P00340,0.05192,136,0.4964,442498.57,2023-11-02T07:00:00Z
2023-11-30,P00340,0.05192,137,0.4919,440949.83,2023-12-02T07:00:00Z
2023-12-31,P00340,0.05192,138,0.4873,439406.5,2024-01-02T07:00:00Z
2024-01-31,P00340,0.05192,139,0.4828,437868.58,2024-02-02T07:00:00Z
2024-02-29,P00340,0.05192,140,0.4782,436336.04,2024-03-02T07:00:00Z
2024-03-31,P00340,0.05192,141,0.4737,434808.86,2024-04-02T07:00:00Z
2024-04-30,P00340,0.05192,142,0.4692,433287.03,2024-05-02T07:00:00Z
2024-05-31,P00340,0.05192,143,0.4646,431770.53,2024-06-02T07:00:00Z
2024-06-30,P00340,0.05192,144,0.4601,430259.33,2024-07-02T07:00:00Z
2023-07-31,P00341,0.08127,50,0.97,107826.5,2023-08-02T07:00:00Z
2023-08-31,P00341,0.08127,51,0.9636,107449.11,2023-09-02T07:00:00Z
2023-09-30,P00341,0.08127,52,0.9572,107073.04,2023-10-02T07:00:00Z
2023-10-31,P00341,0.08127,53,0.9509,106698.28,2023-11-02T07:00:00Z
2023-11-30,P00341,0.08127,54,0.9445,106324.84,2023-12-02T07:00:00Z
2023-12-31,P00341,0.08127,55,0.9381,105952.7,2024-01-02T07:00:00Z
2024-01-31,P00341,0.08127,56,0.9317,105581.86,2024-02-02T07:00:00Z
2024-02-29,P00341,0.08127,57,0.9253,105212.33,2024-03-02T07:00:00Z
2024-03-31,P00341,0.08127,58,0.919,104844.08,2024-04-02T07:00:00Z
2024-04-30,P00341,0.08127,59,0.9126,104477.13,2024-05-02T07:00:00Z
2024-05-31,P00341,0.08127,60,0.9062,104111.46,2024-06-02T07:00:00Z
2024-06-30,P00341,0.08127,61,0.8998,103747.07,2024-07-02T07:00:00Z
2024-07-31,P00341,0.08127,62,0.8934,103383.96,2024-08-02T07:00:00Z
2024-08-31,P00341,0.08127,63,0.8871,103022.11,2024-09-02T07:00:00Z
2024-09-30,P00341,0.08127,64,0.8807,102661.53,2024-10-02T07:00:00Z
2024-10-31,P00341,0.08127,65,0.8743,102302.22,2024-11-02T07:00:00Z
2024-11-30,P00341,0.08127,66,0.8679,101944.16,2024-12-02T07:00:00Z
2024-12-31,P00341,0.08127,67,0.8615,101587.36,2025-01-02T07:00:00Z
2025-01-31,P00341,0.08127,68,0.8552,101231.8,2025-02-02T07:00:00Z
2025-02-28,P00341,0.08127,69,0.8488,100877.49,2025-03-02T07:00:00Z
2025-03-31,P00341,0.08127,70,0.8424,100524.42,2025-04-02T07:00:00Z
2025-04-30,P00341,0.08127,71,0.836,100172.58,2025-05-02T07:00:00Z
2025-05-31,P00341,0.08127,72,0.8296,99821.98,2025-06-02T07:00:00Z
2025-06-30,P00341,0.08127,73,0.8233,99472.6,2025-07-02T07:00:00Z
2025-07-31,P00341,0.08127,74,0.8169,99124.45,2025-08-02T07:00:00Z
2025-08-31,P00341,0.08127,75,0.8105,98777.51,2025-09-02T07:00:00Z
2025-09-30,P00341,0.08127,76,0.8041,98431.79,2025-10-02T07:00:00Z
2025-10-31,P00341,0.08127,77,0.7977,98087.28,2025-11-02T07:00:00Z
2025-11-30,P00341,0.08127,78,0.7914,97743.97,2025-12-02T07:00:00Z
2025-12-31,P00341,0.08127,79,0.785,97401.87,2026-01-02T07:00:00Z
2023-07-31,P00342,0.062,24,0.5532,685710.52,2023-08-02T07:00:00Z
2023-08-31,P00342,0.062,25,0.5485,683310.53,2023-09-02T07:00:00Z
2023-09-30,P00342,0.062,26,0.5438,680918.95,2023-10-02T07:00:00Z
2023-10-31,P00342,0.062,27,0.5391,678535.73,2023-11-02T07:00:00Z
2023-11-30,P00342,0.062,28,0.5344,676160.85,2023-12-02T07:00:00Z
2023-12-31,P00342,0.062,29,0.5297,673794.29,2024-01-02T07:00:00Z
2024-01-31,P00342,0.062,30,0.525,671436.01,2024-02-02T07:00:00Z
2024-02-29,P00342,0.062,31,0.5202,669085.99,2024-03-02T07:00:00Z
2024-03-31,P00342,0.062,32,0.5155,666744.18,2024-04-02T07:00:00Z
2024-04-30,P00342,0.062,33,0.5108,664410.58,2024-05-02T07:00:00Z
2024-05-31,P00342,0.062,34,0.5061,662085.14,2024-06-02T07:00:00Z
2024-06-30,P00342,0.062,35,0.5014,659767.85,2024-07-02T07:00:00Z
2024-07-31,P00342,0.062,36,0.4967,657458.66,2024-08-02T07:00:00Z
2024-08-31,P00342,0.062,37,0.492,655157.55,2024-09-02T07:00:00Z
2024-09-30,P00342,0.062,38,0.4872,652864.5,2024-10-02T07:00:00Z
2024-10-31,P00342,0.062,39,0.4825,650579.48,2024-11-02T07:00:00Z
2024-11-30,P00342,0.062,40,0.4778,648302.45,2024-12-02T07:00:00Z
2024-12-31,P00342,0.062,41,0.4731,646033.39,2025-01-02T07:00:00Z
2025-01-31,P00342,0.062,42,0.4684,643772.27,2025-02-02T07:00:00Z
2025-02-28,P00342,0.062,43,0.4637,641519.07,2025-03-02T07:00:00Z
2025-03-31,P00342,0.062,44,0.459,639273.75,2025-04-02T07:00:00Z
2025-04-30,P00342,0.062,45,0.4543,637036.29,2025-05-02T07:00:00Z
2025-05-31,P00342,0.062,46,0.4495,634806.67,2025-06-02T07:00:00Z
2025-06-30,P00342,0.062,47,0.4448,632584.84,2025-07-02T07:00:00Z
2025-07-31,P00342,0.062,48,0.4401,630370.8,2025-08-02T07:00:00Z
2025-08-31,P00342,0.062,49,0.4354,628164.5,2025-09-02T07:00:00Z
2023-07-31,P00343,0.05815,123,0.6417,95303.5,2023-08-02T07:00:00Z
2023-08-31,P00343,0.05815,124,0.6366,94969.94,2023-09-02T07:00:00Z
2023-09-30,P00343,0.05815,125,0.6316,94637.54,2023-10-02T07:00:00Z
2023-10-31,P00343,0.05815,126,0.6265,94306.31,2023-11-02T07:00:00Z
2023-11-30,P00343,0.05815,127,0.6214,93976.24,2023-12-02T07:00:00Z
2023-12-31,P00343,0.05815,128,0.6164,93647.32,2024-01-02T07:00:00Z
2024-01-31,P00343,0.05815,129,0.6113,93319.56,2024-02-02T07:00:00Z
2024-02-29,P00343,0.05815,130,0.6062,92992.94,2024-03-02T07:00:00Z
2024-03-31,P00343,0.05815,131,0.6012,92667.46,2024-04-02T07:00:00Z
2024-04-30,P00343,0.05815,132,0.5961,92343.13,2024-05-02T07:00:00Z
2024-05-31,P00343,0.05815,133,0.591,92019.93,2024-06-02T07:00:00Z
2024-06-30,P00343,0.05815,134,0.586,91697.86,2024-07-02T07:00:00Z
2024-07-31,P00343,0.05815,135,0.5809,91376.91,2024-08-02T07:00:00Z
2024-08-31,P00343,0.05815,136,0.5758,91057.09,2024-09-02T07:00:00Z
2024-09-30,P00343,0.05815,137,0.5708,90738.39,2024-10-02T07:00:00Z
2024-10-31,P00343,0.05815,138,0.5657,90420.81,2024-11-02T07:00:00Z
2024-11-30,P00343,0.05815,139,0.5606,90104.34,2024-12-02T07:00:00Z
2024-12-31,P00343,0.05815,140,0.5556,89788.97,2025-01-02T07:00:00Z
2025-01-31,P00343,0.05815,141,0.5505,89474.71,2025-02-02T07:00:00Z
2025-02-28,P00343,0.05815,142,0.5454,89161.55,2025-03-02T07:00:00Z
2025-03-31,P00343,0.05815,143,0.5404,88849.48,2025-04-02T07:00:00Z
2025-04-30,P00343,0.05815,144,0.5353,88538.51,2025-05-02T07:00:00Z
2025-05-31,P00343,0.05815,145,0.5302,88228.63,2025-06-02T07:00:00Z
2025-06-30,P00343,0.05815,146,0.5252,87919.83,2025-07-02T07:00:00Z
2023-07-31,P00344,0.054,53,0.725,319424.19,2023-08-02T07:00:00Z
2023-08-31,P00344,0.054,54,0.7196,318306.21,2023-09-02T07:00:00Z
2023-09-30,P00344,0.054,55,0.7142,317192.13,2023-10-02T07:00:00Z
2023-10-31,P00344,0.054,56,0.7088,316081.96,2023-11-02T07:00:00Z
2023-11-30,P00344,0.054,57,0.7034,314975.67,2023-12-02T07:00:00Z
2023-12-31,P00344,0.054,58,0.698,313873.26,2024-01-02T07:00:00Z
2024-01-31,P00344,0.054,59,0.6926,312774.7,2024-02-02T07:00:00Z
2024-02-29,P00344,0.054,60,0.6872,311679.99,2024-03-02T07:00:00Z
2024-03-31,P00344,0.054,61,0.6818,310589.11,2024-04-02T07:00:00Z
2024-04-30,P00344,0.054,62,0.6764,309502.05,2024-05-02T07:00:00Z
2024-05-31,P00344,0.054,63,0.671,308418.79,2024-06-02T07:00:00Z
2024-06-30,P00344,0.054,64,0.6656,307339.33,2024-07-02T07:00:00Z
2024-07-31,P00344,0.054,65,0.6602,306263.64,2024-08-02T07:00:00Z
2024-08-31,P00344,0.054,66,0.6548,305191.72,2024-09-02T07:00:00Z
2023-07-31,P00345,0.04796,130,0.3855,271109.31,2023-08-02T07:00:00Z
2023-08-31,P00345,0.04796,131,0.3815,270160.43,2023-09-02T07:00:00Z
2023-09-30,P00345,0.04796,132,0.3775,269214.87,2023-10-02T07:00:00Z
2023-10-31,P00345,0.04796,133,0.3734,268272.61,2023-11-02T07:00:00Z
2023-11-30,P00345,0.04796,134,0.3694,267333.66,2023-12-02T07:00:00Z
2023-12-31,P00345,0.04796,135,0.3653,266397.99,2024-01-02T07:00:00Z
2024-01-31,P00345,0.04796,136,0.3613,265465.6,2024-02-02T07:00:00Z
2024-02-29,P00345,0.04796,137,0.3572,264536.47,2024-03-02T07:00:00Z
2024-03-31,P00345,0.04796,138,0.3532,263610.59,2024-04-02T07:00:00Z
2024-04-30,P00345,0.04796,139,0.3492,262687.95,2024-05-02T07:00:00Z
2024-05-31,P00345,0.04796,140,0.3451,261768.55,2024-06-02T07:00:00Z
2024-06-30,P00345,0.04796,141,0.3411,260852.36,2024-07-02T07:00:00Z
2024-07-31,P00345,0.04796,142,0.337,259939.37,2024-08-02T07:00:00Z
2024-08-31,P00345,0.04796,143,0.333,259029.59,2024-09-02T07:00:00Z
2024-09-30,P00345,0.04796,144,0.3289,258122.98,2024-10-02T07:00:00Z
2023-07-31,P00346,0.06858,78,0.6277,418912.3,2023-08-02T07:00:00Z
2023-08-31,P00346,0.06858,79,0.6227,417446.11,2023-09-02T07:00:00Z
2023-09-30,P00346,0.06858,80,0.6177,415985.05,2023-10-02T07:00:00Z
2023-10-31,P00346,0.06858,81,0.6127,414529.1,2023-11-02T07:00:00Z
2023-11-30,P00346,0.06858,82,0.6077,413078.25,2023-12-02T07:00:00Z
2023-12-31,P00346,0.06858,83,0.6027,411632.47,2024-01-02T07:00:00Z
2024-01-31,P00346,0.06858,84,0.5977,410191.76,2024-02-02T07:00:00Z
2024-02-29,P00346,0.06858,85,0.5927,408756.09,2024-03-02T07:00:00Z
2024-03-31,P00346,0.06858,86,0.5877,407325.44,2024-04-02T07:00:00Z
2024-04-30,P00346,0.06858,87,0.5826,405899.8,2024-05-02T07:00:00Z
2024-05-31,P00346,0.06858,88,0.5776,404479.15,2024-06-02T07:00:00Z
2024-06-30,P00346,0.06858,89,0.5726,403063.48,2024-07-02T07:00:00Z
2024-07-31,P00346,0.06858,90,0.5676,401652.75,2024-08-02T07:00:00Z
2024-08-31,P00346,0.06858,91,0.5626,400246.97,2024-09-02T07:00:00Z
2023-07-31,P00347,0.05373,11,0.6786,224589.91,2023-08-02T07:00:00Z
2023-08-31,P00347,0.05373,12,0.6734,223803.85,2023-09-02T07:00:00Z
2023-09-30,P00347,0.05373,13,0.6682,223020.53,2023-10-02T07:00:00Z
2023-10-31,P00347,0.05373,14,0.663,222239.96,2023-11-02T07:00:00Z
2023-11-30,P00347,0.05373,15,0.6578,221462.12,2023-12-02T07:00:00Z
2023-12-31,P00347,0.05373,16,0.6526,220687.0,2024-01-02T07:00:00Z
2024-01-31,P00347,0.05373,17,0.6473,219914.6,2024-02-02T07:00:00Z
2024-02-29,P00347,0.05373,18,0.6421,219144.9,2024-03-02T07:00:00Z
2024-03-31,P00347,0.05373,19,0.6369,218377.89,2024-04-02T07:00:00Z
2024-04-30,P00347,0.05373,20,0.6317,217613.57,2024-05-02T07:00:00Z
2024-05-31,P00347,0.05373,21,0.6265,216851.92,2024-06-02T07:00:00Z
2024-06-30,P00347,0.05373,22,0.6213,216092.94,2024-07-02T07:00:00Z
2024-07-31,P00347,0.05373,23,0.6161,215336.61,2024-08-02T07:00:00Z
2024-08-31,P00347,0.05373,24,0.6108,214582.93,2024-09-02T07:00:00Z
2024-09-30,P00347,0.05373,25,0.6056,213831.89,2024-10-02T07:00:00Z
2024-10-31,P00347,0.05373,26,0.6004,213083.48,2024-11-02T07:00:00Z
2024-11-30,P00347,0.05373,27,0.5952,212337.69,2024-12-02T07:00:00Z
2024-12-31,P00347,0.05373,28,0.59,211594.51,2025-01-02T07:00:00Z
2025-01-31,P00347,0.05373,29,0.5848,210853.93,2025-02-02T07:00:00Z
2025-02-28,P00347,0.05373,30,0.5796,210115.94,2025-03-02T07:00:00Z
2025-03-31,P00347,0.05373,31,0.5743,209380.53,2025-04-02T07:00:00Z
2025-04-30,P00347,0.05373,32,0.5691,208647.7,2025-05-02T07:00:00Z
2025-05-31,P00347,0.05373,33,0.5639,207917.43,2025-06-02T07:00:00Z
2025-06-30,P00347,0.05373,34,0.5587,207189.72,2025-07-02T07:00:00Z
2025-07-31,P00347,0.05373,35,0.5535,206464.56,2025-08-02T07:00:00Z
2025-08-31,P00347,0.05373,36,0.5483,205741.93,2025-09-02T07:00:00Z
2025-09-30,P00347,0.05373,37,0.5431,205021.84,2025-10-02T07:00:00Z
2025-10-31,P00347,0.05373,38,0.5378,204304.26,2025-11-02T07:00:00Z
2025-11-30,P00347,0.05373,39,0.5326,203589.2,2025-12-02T07:00:00Z
2025-12-31,P00347,0.05373,40,0.5274,202876.63,2026-01-02T07:00:00Z
2023-07-31,P00348,0.05643,77,0.7135,489860.16,2023-08-02T07:00:00Z
2023-08-31,P00348,0.05643,78,0.7081,488145.65,2023-09-02T07:00:00Z
2023-09-30,P00348,0.05643,79,0.7028,486437.14,2023-10-02T07:00:00Z
2023-10-31,P00348,0.05643,80,0.6974,484734.61,2023-11-02T07:00:00Z
2023-11-30,P00348,0.05643,81,0.6921,483038.04,2023-12-02T07:00:00Z
2023-12-31,P00348,0.05643,82,0.6867,481347.41,2024-01-02T07:00:00Z
2024-01-31,P00348,0.05643,83,0.6814,479662.69,2024-02-02T07:00:00Z
2024-02-29,P00348,0.05643,84,0.676,477983.87,2024-03-02T07:00:00Z
2024-03-31,P00348,0.05643,85,0.6707,476310.93,2024-04-02T07:00:00Z
2024-04-30,P00348,0.05643,86,0.6653,474643.84,2024-05-02T07:00:00Z
2024-05-31,P00348,0.05643,87,0.6599,472982.58,2024-06-02T07:00:00Z
2024-06-30,P00348,0.05643,88,0.6546,471327.15,2024-07-02T07:00:00Z
2024-07-31,P00348,0.05643,89,0.6492,469677.5,2024-08-02T07:00:00Z
2024-08-31,P00348,0.05643,90,0.6439,468033.63,2024-09-02T07:00:00Z
2024-09-30,P00348,0.05643,91,0.6385,466395.51,2024-10-02T07:00:00Z
2024-10-31,P00348,0.05643,92,0.6332,464763.13,2024-11-02T07:00:00Z
2024-11-30,P00348,0.05643,93,0.6278,463136.46,2024-12-02T07:00:00Z
2024-12-31,P00348,0.05643,94,0.6225,461515.48,2025-01-02T07:00:00Z
2025-01-31,P00348,0.05643,95,0.6171,459900.17,2025-02-02T07:00:00Z
2025-02-28,P00348,0.05643,96,0.6118,458290.52,2025-03-02T07:00:00Z
2025-03-31,P00348,0.05643,97,0.6064,456686.51,2025-04-02T07:00:00Z
2025-04-30,P00348,0.05643,98,0.6011,455088.1,2025-05-02T07:00:00Z
2025-05-31,P00348,0.05643,99,0.5957,453495.3,2025-06-02T07:00:00Z
2025-06-30,P00348,0.05643,100,0.5903,451908.06,2025-07-02T07:00:00Z
2025-07-31,P00348,0.05643,101,0.585,450326.38,2025-08-02T07:00:00Z
2025-08-31,P00348,0.05643,102,0.5796,448750.24,2025-09-02T07:00:00Z
2025-09-30,P00348,0.05643,103,0.5743,447179.62,2025-10-02T07:00:00Z
2025-10-31,P00348,0.05643,104,0.5689,445614.49,2025-11-02T07:00:00Z
2025-11-30,P00348,0.05643,105,0.5636,444054.84,2025-12-02T07:00:00Z
2025-12-31,P00348,0.05643,106,0.5582,442500.64,2026-01-02T07:00:00Z
2023-07-31,P00349,0.05788,12,0.8649,402760.47,2023-08-02T07:00:00Z
2023-08-31,P00349,0.05788,13,0.859,401350.81,2023-09-02T07:00:00Z
2023-09-30,P00349,0.05788,14,0.853,399946.08,2023-10-02T07:00:00Z
2023-10-31,P00349,0.05788,15,0.8471,398546.27,2023-11-02T07:00:00Z
2023-11-30,P00349,0.05788,16,0.8411,397151.36,2023-12-02T07:00:00Z
2023-12-31,P00349,0.05788,17,0.8351,395761.33,2024-01-02T07:00:00Z
2024-01-31,P00349,0.05788,18,0.8292,394376.16,2024-02-02T07:00:00Z
2024-02-29,P00349,0.05788,19,0.8232,392995.85,2024-03-02T07:00:00Z
2024-03-31,P00349,0.05788,20,0.8173,391620.36,2024-04-02T07:00:00Z
2024-04-30,P00349,0.05788,21,0.8113,390249.69,2024-05-02T07:00:00Z
2024-05-31,P00349,0.05788,22,0.8054,388883.82,2024-06-02T07:00:00Z
2024-06-30,P00349,0.05788,23,0.7994,387522.72,2024-07-02T07:00:00Z
2024-07-31,P00349,0.05788,24,0.7934,386166.39,2024-08-02T07:00:00Z
2024-08-31,P00349,0.05788,25,0.7875,384814.81,2024-09-02T07:00:00Z
2024-09-30,P00349,0.05788,26,0.7815,383467.96,2024-10-02T07:00:00Z
2024-10-31,P00349,0.05788,27,0.7756,382125.82,2024-11-02T07:00:00Z
2024-11-30,P00349,0.05788,28,0.7696,380788.38,2024-12-02T07:00:00Z
2024-12-31,P00349,0.05788,29,0.7636,379455.62,2025-01-02T07:00:00Z
2025-01-31,P00349,0.05788,30,0.7577,378127.53,2025-02-02T07:00:00Z
2025-02-28,P00349,0.05788,31,0.7517,376804.08,2025-03-02T07:00:00Z
2025-03-31,P00349,0.05788,32,0.7458,375485.27,2025-04-02T07:00:00Z
2023-07-31,P00350,0.05671,111,0.5199,628163.82,2023-08-02T07:00:00Z
2023-08-31,P00350,0.05671,112,0.5153,625965.25,2023-09-02T07:00:00Z
2023-09-30,P00350,0.05671,113,0.5107,623774.37,2023-10-02T07:00:00Z
2023-10-31,P00350,0.05671,114,0.5061,621591.16,2023-11-02T07:00:00Z
2023-11-30,P00350,0.05671,115,0.5016,619415.59,2023-12-02T07:00:00Z
2023-12-31,P00350,0.05671,116,0.497,617247.63,2024-01-02T07:00:00Z
2024-01-31,P00350,0.05671,117,0.4924,615087.27,2024-02-02T07:00:00Z
2024-02-29,P00350,0.05671,118,0.4878,612934.46,2024-03-02T07:00:00Z
2024-03-31,P00350,0.05671,119,0.4832,610789.19,2024-04-02T07:00:00Z
2024-04-30,P00350,0.05671,120,0.4787,608651.43,2024-05-02T07:00:00Z
2024-05-31,P00350,0.05671,121,0.4741,606521.15,2024-06-02T07:00:00Z
2024-06-30,P00350,0.05671,122,0.4695,604398.33,2024-07-02T07:00:00Z
2024-07-31,P00350,0.05671,123,0.4649,602282.93,2024-08-02T07:00:00Z
2024-08-31,P00350,0.05671,124,0.4603,600174.94,2024-09-02T07:00:00Z
2024-09-30,P00350,0.05671,125,0.4558,598074.33,2024-10-02T07:00:00Z
2024-10-31,P00350,0.05671,126,0.4512,595981.07,2024-11-02T07:00:00Z
2024-11-30,P00350,0.05671,127,0.4466,593895.13,2024-12-02T07:00:00Z
2024-12-31,P00350,0.05671,128,0.442,591816.5,2025-01-02T07:00:00Z
2025-01-31,P00350,0.05671,129,0.4374,589745.14,2025-02-02T07:00:00Z
2025-02-28,P00350,0.05671,130,0.4329,587681.04,2025-03-02T07:00:00Z
2025-03-31,P00350,0.05671,131,0.4283,585624.15,2025-04-02T07:00:00Z
2025-04-30,P00350,0.05671,132,0.4237,583574.47,2025-05-02T07:00:00Z
2025-05-31,P00350,0.05671,133,0.4191,581531.96,2025-06-02T07:00:00Z
2025-06-30,P00350,0.05671,134,0.4146,579496.6,2025-07-02T07:00:00Z
2025-07-31,P00350,0.05671,135,0.41,577468.36,2025-08-02T07:00:00Z
2025-08-31,P00350,0.05671,136,0.4054,575447.22,2025-09-02T07:00:00Z
2025-09-30,P00350,0.05671,137,0.4008,573433.15,2025-10-02T07:00:00Z
2025-10-31,P00350,0.05671,138,0.3962,571426.14,2025-11-02T07:00:00Z
2025-11-30,P00350,0.05671,139,0.3917,569426.15,2025-12-02T07:00:00Z
2025-12-31,P00350,0.05671,140,0.3871,567433.15,2026-01-02T07:00:00Z
2023-07-31,P00351,0.04742,69,0.9139,392632.5,2023-08-02T07:00:00Z
2023-08-31,P00351,0.04742,70,0.9077,391258.29,2023-09-02T07:00:00Z
2023-09-30,P00351,0.04742,71,0.9016,389888.88,2023-10-02T07:00:00Z
2023-10-31,P00351,0.04742,72,0.8954,388524.27,2023-11-02T07:00:00Z
2023-11-30,P00351,0.04742,73,0.8893,387164.44,2023-12-02T07:00:00Z
2023-12-31,P00351,0.04742,74,0.8831,385809.36,2024-01-02T07:00:00Z
2024-01-31,P00351,0.04742,75,0.877,384459.03,2024-02-02T07:00:00Z
2024-02-29,P00351,0.04742,76,0.8708,383113.42,2024-03-02T07:00:00Z
2024-03-31,P00351,0.04742,77,0.8646,381772.52,2024-04-02T07:00:00Z
2024-04-30,P00351,0.04742,78,0.8585,380436.32,2024-05-02T07:00:00Z
2024-05-31,P00351,0.04742,79,0.8523,379104.79,2024-06-02T07:00:00Z
2024-06-30,P00351,0.04742,80,0.8462,377777.93,2024-07-02T07:00:00Z
2024-07-31,P00351,0.04742,81,0.84,376455.7,2024-08-02T07:00:00Z
2024-08-31,P00351,0.04742,82,0.8339,375138.11,2024-09-02T07:00:00Z
2024-09-30,P00351,0.04742,83,0.8277,373825.13,2024-10-02T07:00:00Z
2024-10-31,P00351,0.04742,84,0.8216,372516.74,2024-11-02T07:00:00Z
2024-11-30,P00351,0.04742,85,0.8154,371212.93,2024-12-02T07:00:00Z
2024-12-31,P00351,0.04742,86,0.8092,369913.68,2025-01-02T07:00:00Z
2025-01-31,P00351,0.04742,87,0.8031,368618.99,2025-02-02T07:00:00Z
2025-02-28,P00351,0.04742,88,0.7969,367328.82,2025-03-02T07:00:00Z
2025-03-31,P00351,0.04742,89,0.7908,366043.17,2025-04-02T07:00:00Z
2025-04-30,P00351,0.04742,90,0.7846,364762.02,2025-05-02T07:00:00Z
2025-05-31,P00351,0.04742,91,0.7785,363485.35,2025-06-02T07:00:00Z
2025-06-30,P00351,0.04742,92,0.7723,362213.15,2025-07-02T07:00:00Z
2025-07-31,P00351,0.04742,93,0.7662,360945.41,2025-08-02T07:00:00Z
2025-08-31,P00351,0.04742,94,0.76,359682.1,2025-09-02T07:00:00Z
2025-09-30,P00351,0.04742,95,0.7538,358423.21,2025-10-02T07:00:00Z
2025-10-31,P00351,0.04742,96,0.7477,357168.73,2025-11-02T07:00:00Z
2025-11-30,P00351,0.04742,97,0.7415,355918.64,2025-12-02T07:00:00Z
2025-12-31,P00351,0.04742,98,0.7354,354672.92,2026-01-02T07:00:00Z
2023-07-31,P00352,0.06436,96,0.8108,553742.18,2023-08-02T07:00:00Z
2023-08-31,P00352,0.06436,97,0.8051,551804.08,2023-09-02T07:00:00Z
2023-09-30,P00352,0.06436,98,0.7993,549872.77,2023-10-02T07:00:00Z
2023-10-31,P00352,0.06436,99,0.7936,547948.21,2023-11-02T07:00:00Z
2023-11-30,P00352,0.06436,100,0.7878,546030.39,2023-12-02T07:00:00Z
2023-12-31,P00352,0.06436,101,0.7821,544119.29,2024-01-02T07:00:00Z
2024-01-31,P00352,0.06436,102,0.7763,542214.87,2024-02-02T07:00:00Z
2024-02-29,P00352,0.06436,103,0.7706,540317.12,2024-03-02T07:00:00Z
2024-03-31,P00352,0.06436,104,0.7649,538426.01,2024-04-02T07:00:00Z
2024-04-30,P00352,0.06436,105,0.7591,536541.52,2024-05-02T07:00:00Z
2024-05-31,P00352,0.06436,106,0.7534,534663.62,2024-06-02T07:00:00Z
2024-06-30,P00352,0.06436,107,0.7476,532792.3,2024-07-02T07:00:00Z
2024-07-31,P00352,0.06436,108,0.7419,530927.53,2024-08-02T07:00:00Z
2024-08-31,P00352,0.06436,109,0.7361,529069.28,2024-09-02T07:00:00Z
2024-09-30,P00352,0.06436,110,0.7304,527217.54,2024-10-02T07:00:00Z
2024-10-31,P00352,0.06436,111,0.7247,525372.28,2024-11-02T07:00:00Z
2024-11-30,P00352,0.06436,112,0.7189,523533.47,2024-12-02T07:00:00Z
2024-12-31,P00352,0.06436,113,0.7132,521701.11,2025-01-02T07:00:00Z
2025-01-31,P00352,0.06436,114,0.7074,519875.15,2025-02-02T07:00:00Z
2025-02-28,P00352,0.06436,115,0.7017,518055.59,2025-03-02T07:00:00Z
2025-03-31,P00352,0.06436,116,0.6959,516242.39,2025-04-02T07:00:00Z
2025-04-30,P00352,0.06436,117,0.6902,514435.55,2025-05-02T07:00:00Z
2025-05-31,P00352,0.06436,118,0.6845,512635.02,2025-06-02T07:00:00Z
2025-06-30,P00352,0.06436,119,0.6787,510840.8,2025-07-02T07:00:00Z
2025-07-31,P00352,0.06436,120,0.673,509052.86,2025-08-02T07:00:00Z
2025-08-31,P00352,0.06436,121,0.6672,507271.17,2025-09-02T07:00:00Z
2025-09-30,P00352,0.06436,122,0.6615,505495.72,2025-10-02T07:00:00Z
2025-10-31,P00352,0.06436,123,0.6557,503726.49,2025-11-02T07:00:00Z
2025-11-30,P00352,0.06436,124,0.65,501963.44,2025-12-02T07:00:00Z
2025-12-31,P00352,0.06436,125,0.6443,500206.57,2026-01-02T07:00:00Z
2023-07-31,P00353,0.04654,57,0.8972,289614.16,2023-08-02T07:00:00Z
2023-08-31,P00353,0.04654,58,0.8911,288600.51,2023-09-02T07:00:00Z
2023-09-30,P00353,0.04654,59,0.885,287590.41,2023-10-02T07:00:00Z
2023-10-31,P00353,0.04654,60,0.879,286583.84,2023-11-02T07:00:00Z
2023-11-30,P00353,0.04654,61,0.8729,285580.8,2023-12-02T07:00:00Z
2023-12-31,P00353,0.04654,62,0.8668,284581.27,2024-01-02T07:00:00Z
2024-01-31,P00353,0.04654,63,0.8607,283585.23,2024-02-02T07:00:00Z
2024-02-29,P00353,0.04654,64,0.8546,282592.68,2024-03-02T07:00:00Z
2024-03-31,P00353,0.04654,65,0.8485,281603.61,2024-04-02T07:00:00Z
2024-04-30,P00353,0.04654,66,0.8424,280618.0,2024-05-02T07:00:00Z
2024-05-31,P00353,0.04654,67,0.8363,279635.83,2024-06-02T07:00:00Z
2024-06-30,P00353,0.04654,68,0.8302,278657.11,2024-07-02T07:00:00Z
2024-07-31,P00353,0.04654,69,0.8242,277681.81,2024-08-02T07:00:00Z
2024-08-31,P00353,0.04654,70,0.8181,276709.92,2024-09-02T07:00:00Z
2024-09-30,P00353,0.04654,71,0.812,275741.44,2024-10-02T07:00:00Z
2024-10-31,P00353,0.04654,72,0.8059,274776.34,2024-11-02T07:00:00Z
2024-11-30,P00353,0.04654,73,0.7998,273814.62,2024-12-02T07:00:00Z
2024-12-31,P00353,0.04654,74,0.7937,272856.27,2025-01-02T07:00:00Z
2025-01-31,P00353,0.04654,75,0.7876,271901.28,2025-02-02T07:00:00Z
2025-02-28,P00353,0.04654,76,0.7815,270949.62,2025-03-02T07:00:00Z
2025-03-31,P00353,0.04654,77,0.7754,270001.3,2025-04-02T07:00:00Z
2025-04-30,P00353,0.04654,78,0.7694,269056.29,2025-05-02T07:00:00Z
2025-05-31,P00353,0.04654,79,0.7633,268114.6,2025-06-02T07:00:00Z
2025-06-30,P00353,0.04654,80,0.7572,267176.2,2025-07-02T07:00:00Z
2025-07-31,P00353,0.04654,81,0.7511,266241.08,2025-08-02T07:00:00Z
2023-07-31,P00354,0.05532,57,0.6557,251794.2,2023-08-02T07:00:00Z
2023-08-31,P00354,0.05532,58,0.6506,250912.92,2023-09-02T07:00:00Z
2023-09-30,P00354,0.05532,59,0.6455,250034.73,2023-10-02T07:00:00Z
2023-10-31,P00354,0.05532,60,0.6403,249159.6,2023-11-02T07:00:00Z
2023-11-30,P00354,0.05532,61,0.6352,248287.54,2023-12-02T07:00:00Z
2023-12-31,P00354,0.05532,62,0.6301,247418.54,2024-01-02T07:00:00Z
2024-01-31,P00354,0.05532,63,0.625,246552.57,2024-02-02T07:00:00Z
2024-02-29,P00354,0.05532,64,0.6198,245689.64,2024-03-02T07:00:00Z
2024-03-31,P00354,0.05532,65,0.6147,244829.73,2024-04-02T07:00:00Z
2024-04-30,P00354,0.05532,66,0.6096,243972.82,2024-05-02T07:00:00Z
2024-05-31,P00354,0.05532,67,0.6045,243118.92,2024-06-02T07:00:00Z
2024-06-30,P00354,0.05532,68,0.5994,242268.0,2024-07-02T07:00:00Z
2024-07-31,P00354,0.05532,69,0.5942,241420.06,2024-08-02T07:00:00Z
2024-08-31,P00354,0.05532,70,0.5891,240575.09,2024-09-02T07:00:00Z
2024-09-30,P00354,0.05532,71,0.584,239733.08,2024-10-02T07:00:00Z
2024-10-31,P00354,0.05532,72,0.5789,238894.01,2024-11-02T07:00:00Z
2024-11-30,P00354,0.05532,73,0.5737,238057.88,2024-12-02T07:00:00Z
2024-12-31,P00354,0.05532,74,0.5686,237224.68,2025-01-02T07:00:00Z
2025-01-31,P00354,0.05532,75,0.5635,236394.4,2025-02-02T07:00:00Z
2025-02-28,P00354,0.05532,76,0.5584,235567.02,2025-03-02T07:00:00Z
2025-03-31,P00354,0.05532,77,0.5532,234742.53,2025-04-02T07:00:00Z
2025-04-30,P00354,0.05532,78,0.5481,233920.93,2025-05-02T07:00:00Z
2025-05-31,P00354,0.05532,79,0.543,233102.21,2025-06-02T07:00:00Z
2025-06-30,P00354,0.05532,80,0.5379,232286.35,2025-07-02T07:00:00Z
2025-07-31,P00354,0.05532,81,0.5328,231473.35,2025-08-02T07:00:00Z
2025-08-31,P00354,0.05532,82,0.5276,230663.19,2025-09-02T07:00:00Z
2025-09-30,P00354,0.05532,83,0.5225,229855.87,2025-10-02T07:00:00Z
2025-10-31,P00354,0.05532,84,0.5174,229051.38,2025-11-02T07:00:00Z
2025-11-30,P00354,0.05532,85,0.5123,228249.7,2025-12-02T07:00:00Z
2025-12-31,P00354,0.05532,86,0.5071,227450.82,2026-01-02T07:00:00Z
2023-07-31,P00355,0.06191,59,0.7392,677251.59,2023-08-02T07:00:00Z
2023-08-31,P00355,0.06191,60,0.7338,674881.21,2023-09-02T07:00:00Z
2023-09-30,P00355,0.06191,61,0.7283,672519.13,2023-10-02T07:00:00Z
2023-10-31,P00355,0.06191,62,0.7228,670165.31,2023-11-02T07:00:00Z
2023-11-30,P00355,0.06191,63,0.7174,667819.73,2023-12-02T07:00:00Z
2023-12-31,P00355,0.06191,64,0.7119,665482.36,2024-01-02T07:00:00Z
2024-01-31,P00355,0.06191,65,0.7065,663153.17,2024-02-02T07:00:00Z
2024-02-29,P00355,0.06191,66,0.701,660832.14,2024-03-02T07:00:00Z
2024-03-31,P00355,0.06191,67,0.6956,658519.22,2024-04-02T07:00:00Z
2024-04-30,P00355,0.06191,68,0.6901,656214.41,2024-05-02T07:00:00Z
2024-05-31,P00355,0.06191,69,0.6846,653917.66,2024-06-02T07:00:00Z
2024-06-30,P00355,0.06191,70,0.6792,651628.94,2024-07-02T07:00:00Z
2024-07-31,P00355,0.06191,71,0.6737,649348.24,2024-08-02T07:00:00Z
2024-08-31,P00355,0.06191,72,0.6683,647075.52,2024-09-02T07:00:00Z
2024-09-30,P00355,0.06191,73,0.6628,644810.76,2024-10-02T07:00:00Z
2023-07-31,P00356,0.05817,12,0.9637,502282.91,2023-08-02T07:00:00Z
2023-08-31,P00356,0.05817,13,0.9574,500524.92,2023-09-02T07:00:00Z
2023-09-30,P00356,0.05817,14,0.951,498773.08,2023-10-02T07:00:00Z
2023-10-31,P00356,0.05817,15,0.9447,497027.38,2023-11-02T07:00:00Z
2023-11-30,P00356,0.05817,16,0.9383,495287.78,2023-12-02T07:00:00Z
2023-12-31,P00356,0.05817,17,0.932,493554.27,2024-01-02T07:00:00Z
2024-01-31,P00356,0.05817,18,0.9256,491826.83,2024-02-02T07:00:00Z
2024-02-29,P00356,0.05817,19,0.9192,490105.44,2024-03-02T07:00:00Z
2024-03-31,P00356,0.05817,20,0.9129,488390.07,2024-04-02T07:00:00Z
2024-04-30,P00356,0.05817,21,0.9065,486680.71,2024-05-02T07:00:00Z
2024-05-31,P00356,0.05817,22,0.9002,484977.32,2024-06-02T07:00:00Z
2024-06-30,P00356,0.05817,23,0.8938,483279.9,2024-07-02T07:00:00Z
2024-07-31,P00356,0.05817,24,0.8875,481588.42,2024-08-02T07:00:00Z
2024-08-31,P00356,0.05817,25,0.8811,479902.86,2024-09-02T07:00:00Z
2024-09-30,P00356,0.05817,26,0.8748,478223.2,2024-10-02T07:00:00Z
2024-10-31,P00356,0.05817,27,0.8684,476549.42,2024-11-02T07:00:00Z
2024-11-30,P00356,0.05817,28,0.8621,474881.5,2024-12-02T07:00:00Z
2024-12-31,P00356,0.05817,29,0.8557,473219.41,2025-01-02T07:00:00Z
2025-01-31,P00356,0.05817,30,0.8493,471563.15,2025-02-02T07:00:00Z
2025-02-28,P00356,0.05817,31,0.843,469912.67,2025-03-02T07:00:00Z
2025-03-31,P00356,0.05817,32,0.8366,468267.98,2025-04-02T07:00:00Z
2025-04-30,P00356,0.05817,33,0.8303,466629.04,2025-05-02T07:00:00Z
2025-05-31,P00356,0.05817,34,0.8239,464995.84,2025-06-02T07:00:00Z
2025-06-30,P00356,0.05817,35,0.8176,463368.36,2025-07-02T07:00:00Z
2025-07-31,P00356,0.05817,36,0.8112,461746.57,2025-08-02T07:00:00Z
2025-08-31,P00356,0.05817,37,0.8049,460130.45,2025-09-02T07:00:00Z
2025-09-30,P00356,0.05817,38,0.7985,458520.0,2025-10-02T07:00:00Z
2025-10-31,P00356,0.05817,39,0.7922,456915.18,2025-11-02T07:00:00Z
2025-11-30,P00356,0.05817,40,0.7858,455315.97,2025-12-02T07:00:00Z
2025-12-31,P00356,0.05817,41,0.7794,453722.37,2026-01-02T07:00:00Z
2023-07-31,P00357,0.06729,59,0.7001,146702.07,2023-08-02T07:00:00Z
2023-08-31,P00357,0.06729,60,0.6948,146188.61,2023-09-02T07:00:00Z
2023-09-30,P00357,0.06729,61,0.6895,145676.95,2023-10-02T07:00:00Z
2023-10-31,P00357,0.06729,62,0.6842,145167.08,2023-11-02T07:00:00Z
2023-11-30,P00357,0.06729,63,0.6789,144659.0,2023-12-02T07:00:00Z
2023-12-31,P00357,0.06729,64,0.6736,144152.69,2024-01-02T07:00:00Z
2024-01-31,P00357,0.06729,65,0.6683,143648.16,2024-02-02T07:00:00Z
2024-02-29,P00357,0.06729,66,0.663,143145.39,2024-03-02T07:00:00Z
2024-03-31,P00357,0.06729,67,0.6577,142644.38,2024-04-02T07:00:00Z
2024-04-30,P00357,0.06729,68,0.6524,142145.12,2024-05-02T07:00:00Z
2024-05-31,P00357,0.06729,69,0.6471,141647.62,2024-06-02T07:00:00Z
2024-06-30,P00357,0.06729,70,0.6418,141151.85,2024-07-02T07:00:00Z
2024-07-31,P00357,0.06729,71,0.6365,140657.82,2024-08-02T07:00:00Z
2024-08-31,P00357,0.06729,72,0.6312,140165.52,2024-09-02T07:00:00Z
2024-09-30,P00357,0.06729,73,0.6259,139674.94,2024-10-02T07:00:00Z
2024-10-31,P00357,0.06729,74,0.6206,139186.07,2024-11-02T07:00:00Z
2024-11-30,P00357,0.06729,75,0.6153,138698.92,2024-12-02T07:00:00Z
2024-12-31,P00357,0.06729,76,0.61,138213.48,2025-01-02T07:00:00Z
2025-01-31,P00357,0.06729,77,0.6047,137729.73,2025-02-02T07:00:00Z
2025-02-28,P00357,0.06729,78,0.5994,137247.68,2025-03-02T07:00:00Z
2025-03-31,P00357,0.06729,79,0.5941,136767.31,2025-04-02T07:00:00Z
2025-04-30,P00357,0.06729,80,0.5888,136288.62,2025-05-02T07:00:00Z
2025-05-31,P00357,0.06729,81,0.5835,135811.61,2025-06-02T07:00:00Z
2025-06-30,P00357,0.06729,82,0.5782,135336.27,2025-07-02T07:00:00Z
2025-07-31,P00357,0.06729,83,0.5729,134862.6,2025-08-02T07:00:00Z
2025-08-31,P00357,0.06729,84,0.5676,134390.58,2025-09-02T07:00:00Z
2025-09-30,P00357,0.06729,85,0.5623,133920.21,2025-10-02T07:00:00Z
2025-10-31,P00357,0.06729,86,0.557,133451.49,2025-11-02T07:00:00Z
2025-11-30,P00357,0.06729,87,0.5517,132984.41,2025-12-02T07:00:00Z
2025-12-31,P00357,0.06729,88,0.5464,132518.96,2026-01-02T07:00:00Z
2023-07-31,P00358,0.04965,104,0.6514,393271.52,2023-08-02T07:00:00Z
2023-08-31,P00358,0.04965,105,0.6463,391895.07,2023-09-02T07:00:00Z
2023-09-30,P00358,0.04965,106,0.6412,390523.44,2023-10-02T07:00:00Z
2023-10-31,P00358,0.04965,107,0.6361,389156.6,2023-11-02T07:00:00Z
2023-11-30,P00358,0.04965,108,0.631,387794.56,2023-12-02T07:00:00Z
2023-12-31,P00358,0.04965,109,0.6259,386437.28,2024-01-02T07:00:00Z
2024-01-31,P00358,0.04965,110,0.6208,385084.75,2024-02-02T07:00:00Z
2024-02-29,P00358,0.04965,111,0.6156,383736.95,2024-03-02T07:00:00Z
2024-03-31,P00358,0.04965,112,0.6105,382393.87,2024-04-02T07:00:00Z
2024-04-30,P00358,0.04965,113,0.6054,381055.49,2024-05-02T07:00:00Z
2024-05-31,P00358,0.04965,114,0.6003,379721.8,2024-06-02T07:00:00Z
2024-06-30,P00358,0.04965,115,0.5952,378392.77,2024-07-02T07:00:00Z
2024-07-31,P00358,0.04965,116,0.5901,377068.4,2024-08-02T07:00:00Z
2024-08-31,P00358,0.04965,117,0.585,375748.66,2024-09-02T07:00:00Z
2024-09-30,P00358,0.04965,118,0.5799,374433.54,2024-10-02T07:00:00Z
2024-10-31,P00358,0.04965,119,0.5748,373123.02,2024-11-02T07:00:00Z
2024-11-30,P00358,0.04965,120,0.5697,371817.09,2024-12-02T07:00:00Z
2024-12-31,P00358,0.04965,121,0.5646,370515.73,2025-01-02T07:00:00Z
2025-01-31,P00358,0.04965,122,0.5595,369218.92,2025-02-02T07:00:00Z
2025-02-28,P00358,0.04965,123,0.5544,367926.66,2025-03-02T07:00:00Z
2025-03-31,P00358,0.04965,124,0.5493,366638.91,2025-04-02T07:00:00Z
2025-04-30,P00358,0.04965,125,0.5442,365355.68,2025-05-02T07:00:00Z
2025-05-31,P00358,0.04965,126,0.5391,364076.93,2025-06-02T07:00:00Z
2025-06-30,P00358,0.04965,127,0.534,362802.66,2025-07-02T07:00:00Z
2025-07-31,P00358,0.04965,128,0.5289,361532.85,2025-08-02T07:00:00Z
2025-08-31,P00358,0.04965,129,0.5237,360267.49,2025-09-02T07:00:00Z
2025-09-30,P00358,0.04965,130,0.5186,359006.55,2025-10-02T07:00:00Z
2025-10-31,P00358,0.04965,131,0.5135,357750.03,2025-11-02T07:00:00Z
2025-11-30,P00358,0.04965,132,0.5084,356497.9,2025-12-02T07:00:00Z
2025-12-31,P00358,0.04965,133,0.5033,355250.16,2026-01-02T07:00:00Z
2023-07-31,P00359,0.0572,85,0.7654,459195.3,2023-08-02T07:00:00Z
2023-08-31,P00359,0.0572,86,0.7598,457588.12,2023-09-02T07:00:00Z
2023-09-30,P00359,0.0572,87,0.7542,455986.56,2023-10-02T07:00:00Z
2023-10-31,P00359,0.0572,88,0.7487,454390.61,2023-11-02T07:00:00Z
2023-11-30,P00359,0.0572,89,0.7431,452800.24,2023-12-02T07:00:00Z
2023-12-31,P00359,0.0572,90,0.7376,451215.44,2024-01-02T07:00:00Z
2024-01-31,P00359,0.0572,91,0.732,449636.18,2024-02-02T07:00:00Z
2024-02-29,P00359,0.0572,92,0.7264,448062.46,2024-03-02T07:00:00Z
2024-03-31,P00359,0.0572,93,0.7209,446494.24,2024-04-02T07:00:00Z
2024-04-30,P00359,0.0572,94,0.7153,444931.51,2024-05-02T07:00:00Z
2024-05-31,P00359,0.0572,95,0.7097,443374.25,2024-06-02T07:00:00Z
2024-06-30,P00359,0.0572,96,0.7042,441822.44,2024-07-02T07:00:00Z
2024-07-31,P00359,0.0572,97,0.6986,440276.06,2024-08-02T07:00:00Z
2024-08-31,P00359,0.0572,98,0.6931,438735.09,2024-09-02T07:00:00Z
2024-09-30,P00359,0.0572,99,0.6875,437199.52,2024-10-02T07:00:00Z
2024-10-31,P00359,0.0572,100,0.6819,435669.32,2024-11-02T07:00:00Z
2024-11-30,P00359,0.0572,101,0.6764,434144.48,2024-12-02T07:00:00Z
2024-12-31,P00359,0.0572,102,0.6708,432624.97,2025-01-02T07:00:00Z
2025-01-31,P00359,0.0572,103,0.6653,431110.79,2025-02-02T07:00:00Z
2025-02-28,P00359,0.0572,104,0.6597,429601.9,2025-03-02T07:00:00Z
2025-03-31,P00359,0.0572,105,0.6541,428098.29,2025-04-02T07:00:00Z
2025-04-30,P00359,0.0572,106,0.6486,426599.95,2025-05-02T07:00:00Z
2025-05-31,P00359,0.0572,107,0.643,425106.85,2025-06-02T07:00:00Z
2025-06-30,P00359,0.0572,108,0.6374,423618.97,2025-07-02T07:00:00Z
2025-07-31,P00359,0.0572,109,0.6319,422136.31,2025-08-02T07:00:00Z
2025-08-31,P00359,0.0572,110,0.6263,420658.83,2025-09-02T07:00:00Z
2025-09-30,P00359,0.0572,111,0.6208,419186.52,2025-10-02T07:00:00Z
2025-10-31,P00359,0.0572,112,0.6152,417719.37,2025-11-02T07:00:00Z
2025-11-30,P00359,0.0572,113,0.6096,416257.35,2025-12-02T07:00:00Z
2025-12-31,P00359,0.0572,114,0.6041,414800.45,2026-01-02T07:00:00Z
2023-07-31,P00360,0.05916,65,0.8067,162858.6,2023-08-02T07:00:00Z
2023-08-31,P00360,0.05916,66,0.8009,162288.59,2023-09-02T07:00:00Z
2023-09-30,P00360,0.05916,67,0.7952,161720.58,2023-10-02T07:00:00Z
2023-10-31,P00360,0.05916,68,0.7895,161154.56,2023-11-02T07:00:00Z
2023-11-30,P00360,0.05916,69,0.7838,160590.52,2023-12-02T07:00:00Z
2023-12-31,P00360,0.05916,70,0.778,160028.45,2024-01-02T07:00:00Z
2024-01-31,P00360,0.05916,71,0.7723,159468.36,2024-02-02T07:00:00Z
2024-02-29,P00360,0.05916,72,0.7666,158910.22,2024-03-02T07:00:00Z
2024-03-31,P00360,0.05916,73,0.7609,158354.03,2024-04-02T07:00:00Z
2024-04-30,P00360,0.05916,74,0.7551,157799.79,2024-05-02T07:00:00Z
2024-05-31,P00360,0.05916,75,0.7494,157247.49,2024-06-02T07:00:00Z
2024-06-30,P00360,0.05916,76,0.7437,156697.13,2024-07-02T07:00:00Z
2024-07-31,P00360,0.05916,77,0.738,156148.69,2024-08-02T07:00:00Z
2024-08-31,P00360,0.05916,78,0.7322,155602.17,2024-09-02T07:00:00Z
2024-09-30,P00360,0.05916,79,0.7265,155057.56,2024-10-02T07:00:00Z
2024-10-31,P00360,0.05916,80,0.7208,154514.86,2024-11-02T07:00:00Z
2024-11-30,P00360,0.05916,81,0.715,153974.05,2024-12-02T07:00:00Z
2024-12-31,P00360,0.05916,82,0.7093,153435.15,2025-01-02T07:00:00Z
2025-01-31,P00360,0.05916,83,0.7036,152898.12,2025-02-02T07:00:00Z
2025-02-28,P00360,0.05916,84,0.6979,152362.98,2025-03-02T07:00:00Z
2025-03-31,P00360,0.05916,85,0.6921,151829.71,2025-04-02T07:00:00Z
2025-04-30,P00360,0.05916,86,0.6864,151298.3,2025-05-02T07:00:00Z
2025-05-31,P00360,0.05916,87,0.6807,150768.76,2025-06-02T07:00:00Z
2025-06-30,P00360,0.05916,88,0.675,150241.07,2025-07-02T07:00:00Z
2025-07-31,P00360,0.05916,89,0.6692,149715.23,2025-08-02T07:00:00Z
2025-08-31,P00360,0.05916,90,0.6635,149191.22,2025-09-02T07:00:00Z
2025-09-30,P00360,0.05916,91,0.6578,148669.05,2025-10-02T07:00:00Z
2025-10-31,P00360,0.05916,92,0.6521,148148.71,2025-11-02T07:00:00Z
2025-11-30,P00360,0.05916,93,0.6463,147630.19,2025-12-02T07:00:00Z
2025-12-31,P00360,0.05916,94,0.6406,147113.49,2026-01-02T07:00:00Z
2023-07-31,P00361,0.06382,104,0.63,200794.15,2023-08-02T07:00:00Z
2023-08-31,P00361,0.06382,105,0.6249,200091.37,2023-09-02T07:00:00Z
2023-09-30,P00361,0.06382,106,0.6199,199391.05,2023-10-02T07:00:00Z
2023-10-31,P00361,0.06382,107,0.6149,198693.18,2023-11-02T07:00:00Z
2023-11-30,P00361,0.06382,108,0.6099,197997.76,2023-12-02T07:00:00Z
2023-12-31,P00361,0.06382,109,0.6049,197304.76,2024-01-02T07:00:00Z
2024-01-31,P00361,0.06382,110,0.5998,196614.2,2024-02-02T07:00:00Z
2024-02-29,P00361,0.06382,111,0.5948,195926.05,2024-03-02T07:00:00Z
2024-03-31,P00361,0.06382,112,0.5898,195240.31,2024-04-02T07:00:00Z
2024-04-30,P00361,0.06382,113,0.5848,194556.97,2024-05-02T07:00:00Z
2024-05-31,P00361,0.06382,114,0.5798,193876.02,2024-06-02T07:00:00Z
2024-06-30,P00361,0.06382,115,0.5747,193197.45,2024-07-02T07:00:00Z
2024-07-31,P00361,0.06382,116,0.5697,192521.26,2024-08-02T07:00:00Z
2024-08-31,P00361,0.06382,117,0.5647,191847.43,2024-09-02T07:00:00Z
2024-09-30,P00361,0.06382,118,0.5597,191175.97,2024-10-02T07:00:00Z
2024-10-31,P00361,0.06382,119,0.5547,190506.85,2024-11-02T07:00:00Z
2024-11-30,P00361,0.06382,120,0.5496,189840.08,2024-12-02T07:00:00Z
2024-12-31,P00361,0.06382,121,0.5446,189175.64,2025-01-02T07:00:00Z
2025-01-31,P00361,0.06382,122,0.5396,188513.52,2025-02-02T07:00:00Z
2025-02-28,P00361,0.06382,123,0.5346,187853.73,2025-03-02T07:00:00Z
2025-03-31,P00361,0.06382,124,0.5296,187196.24,2025-04-02T07:00:00Z
2025-04-30,P00361,0.06382,125,0.5245,186541.05,2025-05-02T07:00:00Z
2025-05-31,P00361,0.06382,126,0.5195,185888.16,2025-06-02T07:00:00Z
2025-06-30,P00361,0.06382,127,0.5145,185237.55,2025-07-02T07:00:00Z
2023-07-31,P00362,0.06483,110,0.7698,171352.21,2023-08-02T07:00:00Z
2023-08-31,P00362,0.06483,111,0.7642,170752.48,2023-09-02T07:00:00Z
2023-09-30,P00362,0.06483,112,0.7586,170154.84,2023-10-02T07:00:00Z
2023-10-31,P00362,0.06483,113,0.753,169559.3,2023-11-02T07:00:00Z
2023-11-30,P00362,0.06483,114,0.7475,168965.84,2023-12-02T07:00:00Z
2023-12-31,P00362,0.06483,115,0.7419,168374.46,2024-01-02T07:00:00Z
2024-01-31,P00362,0.06483,116,0.7363,167785.15,2024-02-02T07:00:00Z
2024-02-29,P00362,0.06483,117,0.7307,167197.9,2024-03-02T07:00:00Z
2024-03-31,P00362,0.06483,118,0.7251,166612.71,2024-04-02T07:00:00Z
2024-04-30,P00362,0.06483,119,0.7196,166029.57,2024-05-02T07:00:00Z
2024-05-31,P00362,0.06483,120,0.714,165448.46,2024-06-02T07:00:00Z
2024-06-30,P00362,0.06483,121,0.7084,164869.39,2024-07-02T07:00:00Z
2024-07-31,P00362,0.06483,122,0.7028,164292.35,2024-08-02T07:00:00Z
2024-08-31,P00362,0.06483,123,0.6972,163717.33,2024-09-02T07:00:00Z
2024-09-30,P00362,0.06483,124,0.6917,163144.32,2024-10-02T07:00:00Z
2024-10-31,P00362,0.06483,125,0.6861,162573.31,2024-11-02T07:00:00Z
2024-11-30,P00362,0.06483,126,0.6805,162004.31,2024-12-02T07:00:00Z
2024-12-31,P00362,0.06483,127,0.6749,161437.29,2025-01-02T07:00:00Z
2025-01-31,P00362,0.06483,128,0.6693,160872.26,2025-02-02T07:00:00Z
2025-02-28,P00362,0.06483,129,0.6638,160309.21,2025-03-02T07:00:00Z
2025-03-31,P00362,0.06483,130,0.6582,159748.13,2025-04-02T07:00:00Z
2023-07-31,P00363,0.05505,15,0.6387,333128.85,2023-08-02T07:00:00Z
2023-08-31,P00363,0.05505,16,0.6336,331962.9,2023-09-02T07:00:00Z
2023-09-30,P00363,0.05505,17,0.6286,330801.03,2023-10-02T07:00:00Z
2023-10-31,P00363,0.05505,18,0.6235,329643.23,2023-11-02T07:00:00Z
2023-11-30,P00363,0.05505,19,0.6185,328489.47,2023-12-02T07:00:00Z
2023-12-31,P00363,0.05505,20,0.6134,327339.76,2024-01-02T07:00:00Z
2024-01-31,P00363,0.05505,21,0.6084,326194.07,2024-02-02T07:00:00Z
2024-02-29,P00363,0.05505,22,0.6033,325052.39,2024-03-02T07:00:00Z
2024-03-31,P00363,0.05505,23,0.5982,323914.71,2024-04-02T07:00:00Z
2024-04-30,P00363,0.05505,24,0.5932,322781.01,2024-05-02T07:00:00Z
2024-05-31,P00363,0.05505,25,0.5881,321651.27,2024-06-02T07:00:00Z
2024-06-30,P00363,0.05505,26,0.5831,320525.49,2024-07-02T07:00:00Z
2024-07-31,P00363,0.05505,27,0.578,319403.66,2024-08-02T07:00:00Z
2024-08-31,P00363,0.05505,28,0.573,318285.74,2024-09-02T07:00:00Z
2024-09-30,P00363,0.05505,29,0.5679,317171.74,2024-10-02T07:00:00Z
2024-10-31,P00363,0.05505,30,0.5629,316061.64,2024-11-02T07:00:00Z
2024-11-30,P00363,0.05505,31,0.5578,314955.43,2024-12-02T07:00:00Z
2024-12-31,P00363,0.05505,32,0.5528,313853.08,2025-01-02T07:00:00Z
2025-01-31,P00363,0.05505,33,0.5477,312754.6,2025-02-02T07:00:00Z
2025-02-28,P00363,0.05505,34,0.5426,311659.95,2025-03-02T07:00:00Z
2025-03-31,P00363,0.05505,35,0.5376,310569.14,2025-04-02T07:00:00Z
2025-04-30,P00363,0.05505,36,0.5325,309482.15,2025-05-02T07:00:00Z
2025-05-31,P00363,0.05505,37,0.5275,308398.97,2025-06-02T07:00:00Z
2025-06-30,P00363,0.05505,38,0.5224,307319.57,2025-07-02T07:00:00Z
2025-07-31,P00363,0.05505,39,0.5174,306243.95,2025-08-02T07:00:00Z
2025-08-31,P00363,0.05505,40,0.5123,305172.1,2025-09-02T07:00:00Z
2025-09-30,P00363,0.05505,41,0.5073,304103.99,2025-10-02T07:00:00Z
2025-10-31,P00363,0.05505,42,0.5022,303039.63,2025-11-02T07:00:00Z
2025-11-30,P00363,0.05505,43,0.4972,301978.99,2025-12-02T07:00:00Z
2025-12-31,P00363,0.05505,44,0.4921,300922.07,2026-01-02T07:00:00Z
2023-07-31,P00364,0.05467,108,0.6987,397672.96,2023-08-02T07:00:00Z
2023-08-31,P00364,0.05467,109,0.6934,396281.1,2023-09-02T07:00:00Z
2023-09-30,P00364,0.05467,110,0.6881,394894.12,2023-10-02T07:00:00Z
2023-10-31,P00364,0.05467,111,0.6828,393511.99,2023-11-02T07:00:00Z
2023-11-30,P00364,0.05467,112,0.6775,392134.7,2023-12-02T07:00:00Z
2023-12-31,P00364,0.05467,113,0.6722,390762.23,2024-01-02T07:00:00Z
2024-01-31,P00364,0.05467,114,0.6669,389394.56,2024-02-02T07:00:00Z
2024-02-29,P00364,0.05467,115,0.6616,388031.68,2024-03-02T07:00:00Z
2024-03-31,P00364,0.05467,116,0.6563,386673.57,2024-04-02T07:00:00Z
2024-04-30,P00364,0.05467,117,0.651,385320.21,2024-05-02T07:00:00Z
2024-05-31,P00364,0.05467,118,0.6457,383971.59,2024-06-02T07:00:00Z
2024-06-30,P00364,0.05467,119,0.6405,382627.69,2024-07-02T07:00:00Z
2024-07-31,P00364,0.05467,120,0.6352,381288.49,2024-08-02T07:00:00Z
2024-08-31,P00364,0.05467,121,0.6299,379953.98,2024-09-02T07:00:00Z
2024-09-30,P00364,0.05467,122,0.6246,378624.14,2024-10-02T07:00:00Z
2024-10-31,P00364,0.05467,123,0.6193,377298.96,2024-11-02T07:00:00Z
2024-11-30,P00364,0.05467,124,0.614,375978.41,2024-12-02T07:00:00Z
2024-12-31,P00364,0.05467,125,0.6087,374662.49,2025-01-02T07:00:00Z
2025-01-31,P00364,0.05467,126,0.6034,373351.17,2025-02-02T07:00:00Z
2025-02-28,P00364,0.05467,127,0.5981,372044.44,2025-03-02T07:00:00Z
2025-03-31,P00364,0.05467,128,0.5928,370742.29,2025-04-02T07:00:00Z
2025-04-30,P00364,0.05467,129,0.5875,369444.69,2025-05-02T07:00:00Z
2025-05-31,P00364,0.05467,130,0.5822,368151.63,2025-06-02T07:00:00Z
2025-06-30,P00364,0.05467,131,0.5769,366863.1,2025-07-02T07:00:00Z
2025-07-31,P00364,0.05467,132,0.5716,365579.08,2025-08-02T07:00:00Z
2025-08-31,P00364,0.05467,133,0.5663,364299.55,2025-09-02T07:00:00Z
2025-09-30,P00364,0.05467,134,0.561,363024.5,2025-10-02T07:00:00Z
2025-10-31,P00364,0.05467,135,0.5557,361753.92,2025-11-02T07:00:00Z
2025-11-30,P00364,0.05467,136,0.5504,360487.78,2025-12-02T07:00:00Z
2025-12-31,P00364,0.05467,137,0.5451,359226.07,2026-01-02T07:00:00Z
2023-07-31,P00365,0.05759,32,0.7187,580715.74,2023-08-02T07:00:00Z
2023-08-31,P00365,0.05759,33,0.7133,578683.23,2023-09-02T07:00:00Z
2023-09-30,P00365,0.05759,34,0.7079,576657.84,2023-10-02T07:00:00Z
2023-10-31,P00365,0.05759,35,0.7025,574639.54,2023-11-02T07:00:00Z
2023-11-30,P00365,0.05759,36,0.6972,572628.3,2023-12-02T07:00:00Z
2023-12-31,P00365,0.05759,37,0.6918,570624.1,2024-01-02T07:00:00Z
2024-01-31,P00365,0.05759,38,0.6864,568626.92,2024-02-02T07:00:00Z
2024-02-29,P00365,0.05759,39,0.681,566636.73,2024-03-02T07:00:00Z
2024-03-31,P00365,0.05759,40,0.6757,564653.5,2024-04-02T07:00:00Z
2024-04-30,P00365,0.05759,41,0.6703,562677.21,2024-05-02T07:00:00Z
2024-05-31,P00365,0.05759,42,0.6649,560707.84,2024-06-02T07:00:00Z
2024-06-30,P00365,0.05759,43,0.6595,558745.36,2024-07-02T07:00:00Z
2024-07-31,P00365,0.05759,44,0.6542,556789.75,2024-08-02T07:00:00Z
2024-08-31,P00365,0.05759,45,0.6488,554840.99,2024-09-02T07:00:00Z
2024-09-30,P00365,0.05759,46,0.6434,552899.05,2024-10-02T07:00:00Z
2024-10-31,P00365,0.05759,47,0.638,550963.9,2024-11-02T07:00:00Z
2024-11-30,P00365,0.05759,48,0.6327,549035.52,2024-12-02T07:00:00Z
2024-12-31,P00365,0.05759,49,0.6273,547113.9,2025-01-02T07:00:00Z
2025-01-31,P00365,0.05759,50,0.6219,545199.0,2025-02-02T07:00:00Z
2025-02-28,P00365,0.05759,51,0.6166,543290.81,2025-03-02T07:00:00Z
2025-03-31,P00365,0.05759,52,0.6112,541389.29,2025-04-02T07:00:00Z
2025-04-30,P00365,0.05759,53,0.6058,539494.43,2025-05-02T07:00:00Z
2025-05-31,P00365,0.05759,54,0.6004,537606.19,2025-06-02T07:00:00Z
2025-06-30,P00365,0.05759,55,0.5951,535724.57,2025-07-02T07:00:00Z
2025-07-31,P00365,0.05759,56,0.5897,533849.54,2025-08-02T07:00:00Z
2025-08-31,P00365,0.05759,57,0.5843,531981.06,2025-09-02T07:00:00Z
2025-09-30,P00365,0.05759,58,0.5789,530119.13,2025-10-02T07:00:00Z
2025-10-31,P00365,0.05759,59,0.5736,528263.71,2025-11-02T07:00:00Z
2025-11-30,P00365,0.05759,60,0.5682,526414.79,2025-12-02T07:00:00Z
2025-12-31,P00365,0.05759,61,0.5628,524572.34,2026-01-02T07:00:00Z
2023-07-31,P00366,0.06199,79,0.7088,288838.09,2023-08-02T07:00:00Z
2023-08-31,P00366,0.06199,80,0.7034,287827.16,2023-09-02T07:00:00Z
2023-09-30,P00366,0.06199,81,0.6981,286819.76,2023-10-02T07:00:00Z
2023-10-31,P00366,0.06199,82,0.6928,285815.89,2023-11-02T07:00:00Z
2023-11-30,P00366,0.06199,83,0.6874,284815.54,2023-12-02T07:00:00Z
2023-12-31,P00366,0.06199,84,0.6821,283818.68,2024-01-02T07:00:00Z
2024-01-31,P00366,0.06199,85,0.6768,282825.32,2024-02-02T07:00:00Z
2024-02-29,P00366,0.06199,86,0.6714,281835.43,2024-03-02T07:00:00Z
2024-03-31,P00366,0.06199,87,0.6661,280849.0,2024-04-02T07:00:00Z
2024-04-30,P00366,0.06199,88,0.6607,279866.03,2024-05-02T07:00:00Z
2024-05-31,P00366,0.06199,89,0.6554,278886.5,2024-06-02T07:00:00Z
2024-06-30,P00366,0.06199,90,0.6501,277910.4,2024-07-02T07:00:00Z
2024-07-31,P00366,0.06199,91,0.6447,276937.71,2024-08-02T07:00:00Z
2024-08-31,P00366,0.06199,92,0.6394,275968.43,2024-09-02T07:00:00Z
2024-09-30,P00366,0.06199,93,0.6341,275002.54,2024-10-02T07:00:00Z
2024-10-31,P00366,0.06199,94,0.6287,274040.03,2024-11-02T07:00:00Z
2024-11-30,P00366,0.06199,95,0.6234,273080.89,2024-12-02T07:00:00Z
2024-12-31,P00366,0.06199,96,0.6181,272125.11,2025-01-02T07:00:00Z
2025-01-31,P00366,0.06199,97,0.6127,271172.67,2025-02-02T07:00:00Z
2025-02-28,P00366,0.06199,98,0.6074,270223.57,2025-03-02T07:00:00Z
2025-03-31,P00366,0.06199,99,0.6021,269277.78,2025-04-02T07:00:00Z
2025-04-30,P00366,0.06199,100,0.5967,268335.31,2025-05-02T07:00:00Z
2025-05-31,P00366,0.06199,101,0.5914,267396.14,2025-06-02T07:00:00Z
2025-06-30,P00366,0.06199,102,0.5861,266460.25,2025-07-02T07:00:00Z
2023-07-31,P00367,0.05405,48,0.8988,408993.22,2023-08-02T07:00:00Z
2023-08-31,P00367,0.05405,49,0.8927,407561.74,2023-09-02T07:00:00Z
2023-09-30,P00367,0.05405,50,0.8866,406135.28,2023-10-02T07:00:00Z
2023-10-31,P00367,0.05405,51,0.8805,404713.8,2023-11-02T07:00:00Z
2023-11-30,P00367,0.05405,52,0.8744,403297.31,2023-12-02T07:00:00Z
2023-12-31,P00367,0.05405,53,0.8683,401885.77,2024-01-02T07:00:00Z
2024-01-31,P00367,0.05405,54,0.8622,400479.17,2024-02-02T07:00:00Z
2024-02-29,P00367,0.05405,55,0.8561,399077.49,2024-03-02T07:00:00Z
2024-03-31,P00367,0.05405,56,0.85,397680.72,2024-04-02T07:00:00Z
2024-04-30,P00367,0.05405,57,0.8439,396288.83,2024-05-02T07:00:00Z
2024-05-31,P00367,0.05405,58,0.8378,394901.82,2024-06-02T07:00:00Z
2024-06-30,P00367,0.05405,59,0.8317,393519.67,2024-07-02T07:00:00Z
2024-07-31,P00367,0.05405,60,0.8256,392142.35,2024-08-02T07:00:00Z
2024-08-31,P00367,0.05405,61,0.8195,390769.85,2024-09-02T07:00:00Z
2024-09-30,P00367,0.05405,62,0.8134,389402.16,2024-10-02T07:00:00Z
2024-10-31,P00367,0.05405,63,0.8074,388039.25,2024-11-02T07:00:00Z
2024-11-30,P00367,0.05405,64,0.8013,386681.11,2024-12-02T07:00:00Z
2024-12-31,P00367,0.05405,65,0.7952,385327.73,2025-01-02T07:00:00Z
2025-01-31,P00367,0.05405,66,0.7891,383979.08,2025-02-02T07:00:00Z
2025-02-28,P00367,0.05405,67,0.783,382635.15,2025-03-02T07:00:00Z
2025-03-31,P00367,0.05405,68,0.7769,381295.93,2025-04-02T07:00:00Z
2025-04-30,P00367,0.05405,69,0.7708,379961.39,2025-05-02T07:00:00Z
2025-05-31,P00367,0.05405,70,0.7647,378631.53,2025-06-02T07:00:00Z
2025-06-30,P00367,0.05405,71,0.7586,377306.32,2025-07-02T07:00:00Z
2025-07-31,P00367,0.05405,72,0.7525,375985.75,2025-08-02T07:00:00Z
2025-08-31,P00367,0.05405,73,0.7464,374669.8,2025-09-02T07:00:00Z
2025-09-30,P00367,0.05405,74,0.7403,373358.45,2025-10-02T07:00:00Z
2025-10-31,P00367,0.05405,75,0.7342,372051.7,2025-11-02T07:00:00Z
2025-11-30,P00367,0.05405,76,0.7281,370749.52,2025-12-02T07:00:00Z
2025-12-31,P00367,0.05405,77,0.722,369451.89,2026-01-02T07:00:00Z
2023-07-31,P00368,0.07582,108,0.5067,133217.19,2023-08-02T07:00:00Z
2023-08-31,P00368,0.07582,109,0.5022,132750.93,2023-09-02T07:00:00Z
2023-09-30,P00368,0.07582,110,0.4977,132286.3,2023-10-02T07:00:00Z
2023-10-31,P00368,0.07582,111,0.4932,131823.3,2023-11-02T07:00:00Z
2023-11-30,P00368,0.07582,112,0.4886,131361.92,2023-12-02T07:00:00Z
2023-12-31,P00368,0.07582,113,0.4841,130902.15,2024-01-02T07:00:00Z
2024-01-31,P00368,0.07582,114,0.4796,130443.99,2024-02-02T07:00:00Z
2024-02-29,P00368,0.07582,115,0.4751,129987.44,2024-03-02T07:00:00Z
2024-03-31,P00368,0.07582,116,0.4705,129532.48,2024-04-02T07:00:00Z
2024-04-30,P00368,0.07582,117,0.466,129079.12,2024-05-02T07:00:00Z
2024-05-31,P00368,0.07582,118,0.4615,128627.34,2024-06-02T07:00:00Z
2024-06-30,P00368,0.07582,119,0.457,128177.15,2024-07-02T07:00:00Z
2024-07-31,P00368,0.07582,120,0.4524,127728.53,2024-08-02T07:00:00Z
2024-08-31,P00368,0.07582,121,0.4479,127281.48,2024-09-02T07:00:00Z
2024-09-30,P00368,0.07582,122,0.4434,126835.99,2024-10-02T07:00:00Z
2024-10-31,P00368,0.07582,123,0.4388,126392.07,2024-11-02T07:00:00Z
2024-11-30,P00368,0.07582,124,0.4343,125949.69,2024-12-02T07:00:00Z
2024-12-31,P00368,0.07582,125,0.4298,125508.87,2025-01-02T07:00:00Z
2025-01-31,P00368,0.07582,126,0.4253,125069.59,2025-02-02T07:00:00Z
2025-02-28,P00368,0.07582,127,0.4207,124631.85,2025-03-02T07:00:00Z
2025-03-31,P00368,0.07582,128,0.4162,124195.63,2025-04-02T07:00:00Z
2025-04-30,P00368,0.07582,129,0.4117,123760.95,2025-05-02T07:00:00Z
2025-05-31,P00368,0.07582,130,0.4072,123327.79,2025-06-02T07:00:00Z
2025-06-30,P00368,0.07582,131,0.4026,122896.14,2025-07-02T07:00:00Z
2023-07-31,P00369,0.07389,116,0.7296,443037.15,2023-08-02T07:00:00Z
2023-08-31,P00369,0.07389,117,0.7242,441486.52,2023-09-02T07:00:00Z
2023-09-30,P00369,0.07389,118,0.7188,439941.32,2023-10-02T07:00:00Z
2023-10-31,P00369,0.07389,119,0.7134,438401.52,2023-11-02T07:00:00Z
2023-11-30,P00369,0.07389,120,0.708,436867.12,2023-12-02T07:00:00Z
2023-12-31,P00369,0.07389,121,0.7025,435338.08,2024-01-02T07:00:00Z
2024-01-31,P00369,0.07389,122,0.6971,433814.4,2024-02-02T07:00:00Z
2024-02-29,P00369,0.07389,123,0.6917,432296.05,2024-03-02T07:00:00Z
2024-03-31,P00369,0.07389,124,0.6863,430783.01,2024-04-02T07:00:00Z
2024-04-30,P00369,0.07389,125,0.6809,429275.27,2024-05-02T07:00:00Z
2024-05-31,P00369,0.07389,126,0.6755,427772.81,2024-06-02T07:00:00Z
2024-06-30,P00369,0.07389,127,0.67,426275.6,2024-07-02T07:00:00Z
2024-07-31,P00369,0.07389,128,0.6646,424783.64,2024-08-02T07:00:00Z
2024-08-31,P00369,0.07389,129,0.6592,423296.9,2024-09-02T07:00:00Z
2024-09-30,P00369,0.07389,130,0.6538,421815.36,2024-10-02T07:00:00Z
2024-10-31,P00369,0.07389,131,0.6484,420339.0,2024-11-02T07:00:00Z
2024-11-30,P00369,0.07389,132,0.6429,418867.82,2024-12-02T07:00:00Z
2023-07-31,P00370,0.05786,84,0.8722,606897.58,2023-08-02T07:00:00Z
2023-08-31,P00370,0.05786,85,0.8662,604773.44,2023-09-02T07:00:00Z
2023-09-30,P00370,0.05786,86,0.8602,602656.73,2023-10-02T07:00:00Z
2023-10-31,P00370,0.05786,87,0.8542,600547.43,2023-11-02T07:00:00Z
2023-11-30,P00370,0.05786,88,0.8482,598445.52,2023-12-02T07:00:00Z
2023-12-31,P00370,0.05786,89,0.8423,596350.96,2024-01-02T07:00:00Z
2024-01-31,P00370,0.05786,90,0.8363,594263.73,2024-02-02T07:00:00Z
2024-02-29,P00370,0.05786,91,0.8303,592183.81,2024-03-02T07:00:00Z
2024-03-31,P00370,0.05786,92,0.8243,590111.16,2024-04-02T07:00:00Z
2024-04-30,P00370,0.05786,93,0.8183,588045.77,2024-05-02T07:00:00Z
2024-05-31,P00370,0.05786,94,0.8123,585987.61,2024-06-02T07:00:00Z
2024-06-30,P00370,0.05786,95,0.8063,583936.66,2024-07-02T07:00:00Z
2024-07-31,P00370,0.05786,96,0.8003,581892.88,2024-08-02T07:00:00Z
2024-08-31,P00370,0.05786,97,0.7943,579856.25,2024-09-02T07:00:00Z
2023-07-31,P00371,0.0641,90,0.6374,573402.39,2023-08-02T07:00:00Z
2023-08-31,P00371,0.0641,91,0.6324,571395.48,2023-09-02T07:00:00Z
2023-09-30,P00371,0.0641,92,0.6273,569395.6,2023-10-02T07:00:00Z
2023-10-31,P00371,0.0641,93,0.6223,567402.71,2023-11-02T07:00:00Z
2023-11-30,P00371,0.0641,94,0.6172,565416.8,2023-12-02T07:00:00Z
2023-12-31,P00371,0.0641,95,0.6122,563437.84,2024-01-02T07:00:00Z
2024-01-31,P00371,0.0641,96,0.6071,561465.81,2024-02-02T07:00:00Z
2024-02-29,P00371,0.0641,97,0.6021,559500.68,2024-03-02T07:00:00Z
2024-03-31,P00371,0.0641,98,0.597,557542.43,2024-04-02T07:00:00Z
2024-04-30,P00371,0.0641,99,0.592,555591.03,2024-05-02T07:00:00Z
2024-05-31,P00371,0.0641,100,0.5869,553646.46,2024-06-02T07:00:00Z
2024-06-30,P00371,0.0641,101,0.5819,551708.7,2024-07-02T07:00:00Z
2024-07-31,P00371,0.0641,102,0.5768,549777.72,2024-08-02T07:00:00Z
2024-08-31,P00371,0.0641,103,0.5718,547853.5,2024-09-02T07:00:00Z
2024-09-30,P00371,0.0641,104,0.5667,545936.01,2024-10-02T07:00:00Z
2024-10-31,P00371,0.0641,105,0.5617,544025.23,2024-11-02T07:00:00Z
2024-11-30,P00371,0.0641,106,0.5566,542121.15,2024-12-02T07:00:00Z
2024-12-31,P00371,0.0641,107,0.5516,540223.72,2025-01-02T07:00:00Z
2025-01-31,P00371,0.0641,108,0.5465,538332.94,2025-02-02T07:00:00Z
2025-02-28,P00371,0.0641,109,0.5415,536448.77,2025-03-02T07:00:00Z
2025-03-31,P00371,0.0641,110,0.5364,534571.2,2025-04-02T07:00:00Z
2025-04-30,P00371,0.0641,111,0.5314,532700.2,2025-05-02T07:00:00Z
2025-05-31,P00371,0.0641,112,0.5263,530835.75,2025-06-02T07:00:00Z
2025-06-30,P00371,0.0641,113,0.5213,528977.83,2025-07-02T07:00:00Z
2025-07-31,P00371,0.0641,114,0.5162,527126.41,2025-08-02T07:00:00Z
2025-08-31,P00371,0.0641,115,0.5112,525281.46,2025-09-02T07:00:00Z
2025-09-30,P00371,0.0641,116,0.5062,523442.98,2025-10-02T07:00:00Z
2025-10-31,P00371,0.0641,117,0.5011,521610.93,2025-11-02T07:00:00Z
2025-11-30,P00371,0.0641,118,0.4961,519785.29,2025-12-02T07:00:00Z
2025-12-31,P00371,0.0641,119,0.491,517966.04,2026-01-02T07:00:00Z
2023-07-31,P00372,0.06661,56,0.9142,502955.36,2023-08-02T07:00:00Z
2023-08-31,P00372,0.06661,57,0.908,501195.02,2023-09-02T07:00:00Z
2023-09-30,P00372,0.06661,58,0.9019,499440.83,2023-10-02T07:00:00Z
2023-10-31,P00372,0.06661,59,0.8957,497692.79,2023-11-02T07:00:00Z
2023-11-30,P00372,0.06661,60,0.8896,495950.87,2023-12-02T07:00:00Z
2023-12-31,P00372,0.06661,61,0.8834,494215.04,2024-01-02T07:00:00Z
2024-01-31,P00372,0.06661,62,0.8772,492485.29,2024-02-02T07:00:00Z
2024-02-29,P00372,0.06661,63,0.8711,490761.59,2024-03-02T07:00:00Z
2024-03-31,P00372,0.06661,64,0.8649,489043.92,2024-04-02T07:00:00Z
2024-04-30,P00372,0.06661,65,0.8588,487332.27,2024-05-02T07:00:00Z
2024-05-31,P00372,0.06661,66,0.8526,485626.6,2024-06-02T07:00:00Z
2024-06-30,P00372,0.06661,67,0.8465,483926.91,2024-07-02T07:00:00Z
2024-07-31,P00372,0.06661,68,0.8403,482233.17,2024-08-02T07:00:00Z
2023-07-31,P00373,0.05902,130,0.8344,156134.24,2023-08-02T07:00:00Z
2023-08-31,P00373,0.05902,131,0.8286,155587.77,2023-09-02T07:00:00Z
2023-09-30,P00373,0.05902,132,0.8228,155043.21,2023-10-02T07:00:00Z
2023-10-31,P00373,0.05902,133,0.8169,154500.56,2023-11-02T07:00:00Z
2023-11-30,P00373,0.05902,134,0.8111,153959.81,2023-12-02T07:00:00Z
2023-12-31,P00373,0.05902,135,0.8053,153420.95,2024-01-02T07:00:00Z
2024-01-31,P00373,0.05902,136,0.7994,152883.98,2024-02-02T07:00:00Z
2024-02-29,P00373,0.05902,137,0.7936,152348.88,2024-03-02T07:00:00Z
2024-03-31,P00373,0.05902,138,0.7877,151815.66,2024-04-02T07:00:00Z
2024-04-30,P00373,0.05902,139,0.7819,151284.31,2024-05-02T07:00:00Z
2024-05-31,P00373,0.05902,140,0.7761,150754.81,2024-06-02T07:00:00Z
2024-06-30,P00373,0.05902,141,0.7702,150227.17,2024-07-02T07:00:00Z
2024-07-31,P00373,0.05902,142,0.7644,149701.38,2024-08-02T07:00:00Z
2024-08-31,P00373,0.05902,143,0.7586,149177.42,2024-09-02T07:00:00Z
2024-09-30,P00373,0.05902,144,0.7527,148655.3,2024-10-02T07:00:00Z
2024-10-31,P00373,0.05902,145,0.7469,148135.01,2024-11-02T07:00:00Z
2024-11-30,P00373,0.05902,146,0.741,147616.53,2024-12-02T07:00:00Z
2024-12-31,P00373,0.05902,147,0.7352,147099.88,2025-01-02T07:00:00Z
2025-01-31,P00373,0.05902,148,0.7294,146585.03,2025-02-02T07:00:00Z
2025-02-28,P00373,0.05902,149,0.7235,146071.98,2025-03-02T07:00:00Z
2025-03-31,P00373,0.05902,150,0.7177,145560.73,2025-04-02T07:00:00Z
2025-04-30,P00373,0.05902,151,0.7119,145051.26,2025-05-02T07:00:00Z
2025-05-31,P00373,0.05902,152,0.706,144543.58,2025-06-02T07:00:00Z
2025-06-30,P00373,0.05902,153,0.7002,144037.68,2025-07-02T07:00:00Z
2025-07-31,P00373,0.05902,154,0.6943,143533.55,2025-08-02T07:00:00Z
2025-08-31,P00373,0.05902,155,0.6885,143031.18,2025-09-02T07:00:00Z
2025-09-30,P00373,0.05902,156,0.6827,142530.57,2025-10-02T07:00:00Z
2025-10-31,P00373,0.05902,157,0.6768,142031.72,2025-11-02T07:00:00Z
2025-11-30,P00373,0.05902,158,0.671,141534.61,2025-12-02T07:00:00Z
2025-12-31,P00373,0.05902,159,0.6651,141039.23,2026-01-02T07:00:00Z
2023-07-31,P00374,0.07751,13,0.6276,434688.78,2023-08-02T07:00:00Z
2023-08-31,P00374,0.07751,14,0.6226,433167.37,2023-09-02T07:00:00Z
2023-09-30,P00374,0.07751,15,0.6175,431651.28,2023-10-02T07:00:00Z
2023-10-31,P00374,0.07751,16,0.6125,430140.5,2023-11-02T07:00:00Z
2023-11-30,P00374,0.07751,17,0.6075,428635.01,2023-12-02T07:00:00Z
2023-12-31,P00374,0.07751,18,0.6025,427134.79,2024-01-02T07:00:00Z
2024-01-31,P00374,0.07751,19,0.5975,425639.82,2024-02-02T07:00:00Z
2024-02-29,P00374,0.07751,20,0.5925,424150.08,2024-03-02T07:00:00Z
2024-03-31,P00374,0.07751,21,0.5875,422665.55,2024-04-02T07:00:00Z
2024-04-30,P00374,0.07751,22,0.5825,421186.22,2024-05-02T07:00:00Z
2024-05-31,P00374,0.07751,23,0.5775,419712.07,2024-06-02T07:00:00Z
2024-06-30,P00374,0.07751,24,0.5724,418243.08,2024-07-02T07:00:00Z
2023-07-31,P00375,0.0487,42,0.8827,235615.93,2023-08-02T07:00:00Z
2023-08-31,P00375,0.0487,43,0.8767,234791.27,2023-09-02T07:00:00Z
2023-09-30,P00375,0.0487,44,0.8706,233969.5,2023-10-02T07:00:00Z
2023-10-31,P00375,0.0487,45,0.8646,233150.61,2023-11-02T07:00:00Z
2023-11-30,P00375,0.0487,46,0.8586,232334.58,2023-12-02T07:00:00Z
2023-12-31,P00375,0.0487,47,0.8525,231521.41,2024-01-02T07:00:00Z
2024-01-31,P00375,0.0487,48,0.8465,230711.09,2024-02-02T07:00:00Z
2024-02-29,P00375,0.0487,49,0.8405,229903.6,2024-03-02T07:00:00Z
2024-03-31,P00375,0.0487,50,0.8345,229098.94,2024-04-02T07:00:00Z
2024-04-30,P00375,0.0487,51,0.8284,228297.09,2024-05-02T07:00:00Z
2024-05-31,P00375,0.0487,52,0.8224,227498.05,2024-06-02T07:00:00Z
2024-06-30,P00375,0.0487,53,0.8164,226701.81,2024-07-02T07:00:00Z
2024-07-31,P00375,0.0487,54,0.8103,225908.35,2024-08-02T07:00:00Z
2024-08-31,P00375,0.0487,55,0.8043,225117.67,2024-09-02T07:00:00Z
2024-09-30,P00375,0.0487,56,0.7983,224329.76,2024-10-02T07:00:00Z
2024-10-31,P00375,0.0487,57,0.7922,223544.61,2024-11-02T07:00:00Z
2024-11-30,P00375,0.0487,58,0.7862,222762.2,2024-12-02T07:00:00Z
2024-12-31,P00375,0.0487,59,0.7802,221982.53,2025-01-02T07:00:00Z
2025-01-31,P00375,0.0487,60,0.7741,221205.59,2025-02-02T07:00:00Z
2025-02-28,P00375,0.0487,61,0.7681,220431.37,2025-03-02T07:00:00Z
2025-03-31,P00375,0.0487,62,0.7621,219659.86,2025-04-02T07:00:00Z
2025-04-30,P00375,0.0487,63,0.7561,218891.05,2025-05-02T07:00:00Z
2025-05-31,P00375,0.0487,64,0.75,218124.94,2025-06-02T07:00:00Z
2025-06-30,P00375,0.0487,65,0.744,217361.5,2025-07-02T07:00:00Z
2025-07-31,P00375,0.0487,66,0.738,216600.73,2025-08-02T07:00:00Z
2025-08-31,P00375,0.0487,67,0.7319,215842.63,2025-09-02T07:00:00Z
2025-09-30,P00375,0.0487,68,0.7259,215087.18,2025-10-02T07:00:00Z
2025-10-31,P00375,0.0487,69,0.7199,214334.38,2025-11-02T07:00:00Z
2025-11-30,P00375,0.0487,70,0.7138,213584.21,2025-12-02T07:00:00Z
2025-12-31,P00375,0.0487,71,0.7078,212836.66,2026-01-02T07:00:00Z
2023-07-31,P00376,0.04545,53,0.5206,643346.91,2023-08-02T07:00:00Z
2023-08-31,P00376,0.04545,54,0.516,641095.2,2023-09-02T07:00:00Z
2023-09-30,P00376,0.04545,55,0.5114,638851.36,2023-10-02T07:00:00Z
2023-10-31,P00376,0.04545,56,0.5068,636615.38,2023-11-02T07:00:00Z
2023-11-30,P00376,0.04545,57,0.5023,634387.23,2023-12-02T07:00:00Z
2023-12-31,P00376,0.04545,58,0.4977,632166.87,2024-01-02T07:00:00Z
2024-01-31,P00376,0.04545,59,0.4931,629954.29,2024-02-02T07:00:00Z
2024-02-29,P00376,0.04545,60,0.4885,627749.45,2024-03-02T07:00:00Z
2024-03-31,P00376,0.04545,61,0.4839,625552.33,2024-04-02T07:00:00Z
2024-04-30,P00376,0.04545,62,0.4793,623362.89,2024-05-02T07:00:00Z
2024-05-31,P00376,0.04545,63,0.4748,621181.12,2024-06-02T07:00:00Z
2024-06-30,P00376,0.04545,64,0.4702,619006.99,2024-07-02T07:00:00Z
2024-07-31,P00376,0.04545,65,0.4656,616840.46,2024-08-02T07:00:00Z
2024-08-31,P00376,0.04545,66,0.461,614681.52,2024-09-02T07:00:00Z
2024-09-30,P00376,0.04545,67,0.4564,612530.14,2024-10-02T07:00:00Z
2024-10-31,P00376,0.04545,68,0.4519,610386.28,2024-11-02T07:00:00Z
2024-11-30,P00376,0.04545,69,0.4473,608249.93,2024-12-02T07:00:00Z
2024-12-31,P00376,0.04545,70,0.4427,606121.06,2025-01-02T07:00:00Z
2025-01-31,P00376,0.04545,71,0.4381,603999.63,2025-02-02T07:00:00Z
2025-02-28,P00376,0.04545,72,0.4335,601885.63,2025-03-02T07:00:00Z
2025-03-31,P00376,0.04545,73,0.4289,599779.03,2025-04-02T07:00:00Z
2025-04-30,P00376,0.04545,74,0.4244,597679.81,2025-05-02T07:00:00Z
2025-05-31,P00376,0.04545,75,0.4198,595587.93,2025-06-02T07:00:00Z
2025-06-30,P00376,0.04545,76,0.4152,593503.37,2025-07-02T07:00:00Z
2025-07-31,P00376,0.04545,77,0.4106,591426.11,2025-08-02T07:00:00Z
2025-08-31,P00376,0.04545,78,0.406,589356.12,2025-09-02T07:00:00Z
2025-09-30,P00376,0.04545,79,0.4014,587293.37,2025-10-02T07:00:00Z
2025-10-31,P00376,0.04545,80,0.3969,585237.84,2025-11-02T07:00:00Z
2025-11-30,P00376,0.04545,81,0.3923,583189.51,2025-12-02T07:00:00Z
2025-12-31,P00376,0.04545,82,0.3877,581148.35,2026-01-02T07:00:00Z
2023-07-31,P00377,0.04196,64,0.4895,588926.8,2023-08-02T07:00:00Z
2023-08-31,P00377,0.04196,65,0.4851,586865.56,2023-09-02T07:00:00Z
2023-09-30,P00377,0.04196,66,0.4806,584811.53,2023-10-02T07:00:00Z
2023-10-31,P00377,0.04196,67,0.4762,582764.69,2023-11-02T07:00:00Z
2023-11-30,P00377,0.04196,68,0.4717,580725.01,2023-12-02T07:00:00Z
2023-12-31,P00377,0.04196,69,0.4672,578692.47,2024-01-02T07:00:00Z
2024-01-31,P00377,0.04196,70,0.4628,576667.05,2024-02-02T07:00:00Z
2024-02-29,P00377,0.04196,71,0.4583,574648.71,2024-03-02T07:00:00Z
2024-03-31,P00377,0.04196,72,0.4539,572637.44,2024-04-02T07:00:00Z
2024-04-30,P00377,0.04196,73,0.4494,570633.21,2024-05-02T07:00:00Z
2024-05-31,P00377,0.04196,74,0.445,568636.0,2024-06-02T07:00:00Z
2024-06-30,P00377,0.04196,75,0.4405,566645.77,2024-07-02T07:00:00Z
2024-07-31,P00377,0.04196,76,0.436,564662.51,2024-08-02T07:00:00Z
2024-08-31,P00377,0.04196,77,0.4316,562686.19,2024-09-02T07:00:00Z
2024-09-30,P00377,0.04196,78,0.4271,560716.79,2024-10-02T07:00:00Z
2024-10-31,P00377,0.04196,79,0.4227,558754.28,2024-11-02T07:00:00Z
2024-11-30,P00377,0.04196,80,0.4182,556798.64,2024-12-02T07:00:00Z
2024-12-31,P00377,0.04196,81,0.4137,554849.85,2025-01-02T07:00:00Z
2025-01-31,P00377,0.04196,82,0.4093,552907.87,2025-02-02T07:00:00Z
2025-02-28,P00377,0.04196,83,0.4048,550972.69,2025-03-02T07:00:00Z
2025-03-31,P00377,0.04196,84,0.4004,549044.29,2025-04-02T07:00:00Z
2025-04-30,P00377,0.04196,85,0.3959,547122.63,2025-05-02T07:00:00Z
2025-05-31,P00377,0.04196,86,0.3915,545207.71,2025-06-02T07:00:00Z
2025-06-30,P00377,0.04196,87,0.387,543299.48,2025-07-02T07:00:00Z
2025-07-31,P00377,0.04196,88,0.3825,541397.93,2025-08-02T07:00:00Z
2025-08-31,P00377,0.04196,89,0.3781,539503.04,2025-09-02T07:00:00Z
2025-09-30,P00377,0.04196,90,0.3736,537614.78,2025-10-02T07:00:00Z
2025-10-31,P00377,0.04196,91,0.3692,535733.12,2025-11-02T07:00:00Z
2025-11-30,P00377,0.04196,92,0.3647,533858.06,2025-12-02T07:00:00Z
2025-12-31,P00377,0.04196,93,0.3602,531989.56,2026-01-02T07:00:00Z
2023-07-31,P00378,0.07681,124,0.7685,131629.16,2023-08-02T07:00:00Z
2023-08-31,P00378,0.07681,125,0.763,131168.46,2023-09-02T07:00:00Z
2023-09-30,P00378,0.07681,126,0.7574,130709.37,2023-10-02T07:00:00Z
2023-10-31,P00378,0.07681,127,0.7518,130251.89,2023-11-02T07:00:00Z
2023-11-30,P00378,0.07681,128,0.7462,129796.0,2023-12-02T07:00:00Z
2023-12-31,P00378,0.07681,129,0.7407,129341.72,2024-01-02T07:00:00Z
2024-01-31,P00378,0.07681,130,0.7351,128889.02,2024-02-02T07:00:00Z
2024-02-29,P00378,0.07681,131,0.7295,128437.91,2024-03-02T07:00:00Z
2024-03-31,P00378,0.07681,132,0.7239,127988.38,2024-04-02T07:00:00Z
2024-04-30,P00378,0.07681,133,0.7184,127540.42,2024-05-02T07:00:00Z
2024-05-31,P00378,0.07681,134,0.7128,127094.03,2024-06-02T07:00:00Z
2024-06-30,P00378,0.07681,135,0.7072,126649.2,2024-07-02T07:00:00Z
2023-07-31,P00379,0.05128,96,0.6715,595041.72,2023-08-02T07:00:00Z
2023-08-31,P00379,0.05128,97,0.6663,592959.07,2023-09-02T07:00:00Z
2023-09-30,P00379,0.05128,98,0.6611,590883.72,2023-10-02T07:00:00Z
2023-10-31,P00379,0.05128,99,0.6559,588815.62,2023-11-02T07:00:00Z
2023-11-30,P00379,0.05128,100,0.6507,586754.77,2023-12-02T07:00:00Z
2023-12-31,P00379,0.05128,101,0.6455,584701.13,2024-01-02T07:00:00Z
2024-01-31,P00379,0.05128,102,0.6403,582654.67,2024-02-02T07:00:00Z
2024-02-29,P00379,0.05128,103,0.6352,580615.38,2024-03-02T07:00:00Z
2024-03-31,P00379,0.05128,104,0.63,578583.23,2024-04-02T07:00:00Z
2024-04-30,P00379,0.05128,105,0.6248,576558.19,2024-05-02T07:00:00Z
2024-05-31,P00379,0.05128,106,0.6196,574540.23,2024-06-02T07:00:00Z
2024-06-30,P00379,0.05128,107,0.6144,572529.34,2024-07-02T07:00:00Z
2024-07-31,P00379,0.05128,108,0.6092,570525.49,2024-08-02T07:00:00Z
2024-08-31,P00379,0.05128,109,0.604,568528.65,2024-09-02T07:00:00Z
2024-09-30,P00379,0.05128,110,0.5989,566538.8,2024-10-02T07:00:00Z
2024-10-31,P00379,0.05128,111,0.5937,564555.91,2024-11-02T07:00:00Z
2024-11-30,P00379,0.05128,112,0.5885,562579.97,2024-12-02T07:00:00Z
2024-12-31,P00379,0.05128,113,0.5833,560610.94,2025-01-02T07:00:00Z
2025-01-31,P00379,0.05128,114,0.5781,558648.8,2025-02-02T07:00:00Z
2025-02-28,P00379,0.05128,115,0.5729,556693.53,2025-03-02T07:00:00Z
2025-03-31,P00379,0.05128,116,0.5677,554745.1,2025-04-02T07:00:00Z
2025-04-30,P00379,0.05128,117,0.5626,552803.5,2025-05-02T07:00:00Z
2025-05-31,P00379,0.05128,118,0.5574,550868.68,2025-06-02T07:00:00Z
2025-06-30,P00379,0.05128,119,0.5522,548940.64,2025-07-02T07:00:00Z
2025-07-31,P00379,0.05128,120,0.547,547019.35,2025-08-02T07:00:00Z
2025-08-31,P00379,0.05128,121,0.5418,545104.78,2025-09-02T07:00:00Z
2025-09-30,P00379,0.05128,122,0.5366,543196.92,2025-10-02T07:00:00Z
2025-10-31,P00379,0.05128,123,0.5314,541295.73,2025-11-02T07:00:00Z
2025-11-30,P00379,0.05128,124,0.5263,539401.19,2025-12-02T07:00:00Z
2025-12-31,P00379,0.05128,125,0.5211,537513.29,2026-01-02T07:00:00Z
2023-07-31,P00380,0.04417,68,0.6599,180631.25,2023-08-02T07:00:00Z
2023-08-31,P00380,0.04417,69,0.6547,179999.04,2023-09-02T07:00:00Z
2023-09-30,P00380,0.04417,70,0.6496,179369.04,2023-10-02T07:00:00Z
2023-10-31,P00380,0.04417,71,0.6444,178741.25,2023-11-02T07:00:00Z
2023-11-30,P00380,0.04417,72,0.6393,178115.66,2023-12-02T07:00:00Z
2023-12-31,P00380,0.04417,73,0.6342,177492.25,2024-01-02T07:00:00Z
2024-01-31,P00380,0.04417,74,0.629,176871.03,2024-02-02T07:00:00Z
2024-02-29,P00380,0.04417,75,0.6239,176251.98,2024-03-02T07:00:00Z
2024-03-31,P00380,0.04417,76,0.6188,175635.1,2024-04-02T07:00:00Z
2024-04-30,P00380,0.04417,77,0.6136,175020.38,2024-05-02T07:00:00Z
2024-05-31,P00380,0.04417,78,0.6085,174407.81,2024-06-02T07:00:00Z
2024-06-30,P00380,0.04417,79,0.6033,173797.38,2024-07-02T07:00:00Z
2024-07-31,P00380,0.04417,80,0.5982,173189.09,2024-08-02T07:00:00Z
2024-08-31,P00380,0.04417,81,0.5931,172582.93,2024-09-02T07:00:00Z
2024-09-30,P00380,0.04417,82,0.5879,171978.89,2024-10-02T07:00:00Z
2024-10-31,P00380,0.04417,83,0.5828,171376.96,2024-11-02T07:00:00Z
2024-11-30,P00380,0.04417,84,0.5776,170777.14,2024-12-02T07:00:00Z
2024-12-31,P00380,0.04417,85,0.5725,170179.42,2025-01-02T07:00:00Z
2025-01-31,P00380,0.04417,86,0.5674,169583.79,2025-02-02T07:00:00Z
2025-02-28,P00380,0.04417,87,0.5622,168990.25,2025-03-02T07:00:00Z
2025-03-31,P00380,0.04417,88,0.5571,168398.78,2025-04-02T07:00:00Z
2025-04-30,P00380,0.04417,89,0.5519,167809.39,2025-05-02T07:00:00Z
2025-05-31,P00380,0.04417,90,0.5468,167222.05,2025-06-02T07:00:00Z
2025-06-30,P00380,0.04417,91,0.5417,166636.78,2025-07-02T07:00:00Z
2025-07-31,P00380,0.04417,92,0.5365,166053.55,2025-08-02T07:00:00Z
2025-08-31,P00380,0.04417,93,0.5314,165472.36,2025-09-02T07:00:00Z
2025-09-30,P00380,0.04417,94,0.5262,164893.21,2025-10-02T07:00:00Z
2025-10-31,P00380,0.04417,95,0.5211,164316.08,2025-11-02T07:00:00Z
2025-11-30,P00380,0.04417,96,0.516,163740.98,2025-12-02T07:00:00Z
2025-12-31,P00380,0.04417,97,0.5108,163167.88,2026-01-02T07:00:00Z
2023-07-31,P00381,0.06041,123,0.4309,527554.11,2023-08-02T07:00:00Z
2023-08-31,P00381,0.06041,124,0.4266,525707.67,2023-09-02T07:00:00Z
2023-09-30,P00381,0.06041,125,0.4224,523867.69,2023-10-02T07:00:00Z
2023-10-31,P00381,0.06041,126,0.4182,522034.16,2023-11-02T07:00:00Z
2023-11-30,P00381,0.06041,127,0.414,520207.04,2023-12-02T07:00:00Z
2023-12-31,P00381,0.06041,128,0.4097,518386.31,2024-01-02T07:00:00Z
2024-01-31,P00381,0.06041,129,0.4055,516571.96,2024-02-02T07:00:00Z
2024-02-29,P00381,0.06041,130,0.4013,514763.96,2024-03-02T07:00:00Z
2024-03-31,P00381,0.06041,131,0.3971,512962.28,2024-04-02T07:00:00Z
2024-04-30,P00381,0.06041,132,0.3928,511166.92,2024-05-02T07:00:00Z
2024-05-31,P00381,0.06041,133,0.3886,509377.83,2024-06-02T07:00:00Z
2024-06-30,P00381,0.06041,134,0.3844,507595.01,2024-07-02T07:00:00Z
2024-07-31,P00381,0.06041,135,0.3802,505818.43,2024-08-02T07:00:00Z
2024-08-31,P00381,0.06041,136,0.376,504048.06,2024-09-02T07:00:00Z
2024-09-30,P00381,0.06041,137,0.3717,502283.89,2024-10-02T07:00:00Z
2024-10-31,P00381,0.06041,138,0.3675,500525.9,2024-11-02T07:00:00Z
2024-11-30,P00381,0.06041,139,0.3633,498774.06,2024-12-02T07:00:00Z
2024-12-31,P00381,0.06041,140,0.3591,497028.35,2025-01-02T07:00:00Z
2025-01-31,P00381,0.06041,141,0.3548,495288.75,2025-02-02T07:00:00Z
2025-02-28,P00381,0.06041,142,0.3506,493555.24,2025-03-02T07:00:00Z
2025-03-31,P00381,0.06041,143,0.3464,491827.8,2025-04-02T07:00:00Z
2025-04-30,P00381,0.06041,144,0.3422,490106.4,2025-05-02T07:00:00Z
2025-05-31,P00381,0.06041,145,0.3379,488391.03,2025-06-02T07:00:00Z
2025-06-30,P00381,0.06041,146,0.3337,486681.66,2025-07-02T07:00:00Z
2025-07-31,P00381,0.06041,147,0.3295,484978.27,2025-08-02T07:00:00Z
2025-08-31,P00381,0.06041,148,0.3253,483280.85,2025-09-02T07:00:00Z
2025-09-30,P00381,0.06041,149,0.321,481589.37,2025-10-02T07:00:00Z
2025-10-31,P00381,0.06041,150,0.3168,479903.8,2025-11-02T07:00:00Z
2025-11-30,P00381,0.06041,151,0.3126,478224.14,2025-12-02T07:00:00Z
2025-12-31,P00381,0.06041,152,0.3084,476550.36,2026-01-02T07:00:00Z
2023-07-31,P00382,0.0412,24,0.5022,389674.96,2023-08-02T07:00:00Z
2023-08-31,P00382,0.0412,25,0.4977,388311.1,2023-09-02T07:00:00Z
2023-09-30,P00382,0.0412,26,0.4932,386952.01,2023-10-02T07:00:00Z
2023-10-31,P00382,0.0412,27,0.4886,385597.68,2023-11-02T07:00:00Z
2023-11-30,P00382,0.0412,28,0.4841,384248.08,2023-12-02T07:00:00Z
2023-12-31,P00382,0.0412,29,0.4796,382903.22,2024-01-02T07:00:00Z
2024-01-31,P00382,0.0412,30,0.4751,381563.06,2024-02-02T07:00:00Z
2024-02-29,P00382,0.0412,31,0.4706,380227.58,2024-03-02T07:00:00Z
2024-03-31,P00382,0.0412,32,0.4661,378896.79,2024-04-02T07:00:00Z
2024-04-30,P00382,0.0412,33,0.4616,377570.65,2024-05-02T07:00:00Z
2024-05-31,P00382,0.0412,34,0.4571,376249.15,2024-06-02T07:00:00Z
2024-06-30,P00382,0.0412,35,0.4526,374932.28,2024-07-02T07:00:00Z
2024-07-31,P00382,0.0412,36,0.4481,373620.02,2024-08-02T07:00:00Z
2024-08-31,P00382,0.0412,37,0.4436,372312.35,2024-09-02T07:00:00Z
2024-09-30,P00382,0.0412,38,0.439,371009.25,2024-10-02T07:00:00Z
2024-10-31,P00382,0.0412,39,0.4345,369710.72,2024-11-02T07:00:00Z
2024-11-30,P00382,0.0412,40,0.43,368416.73,2024-12-02T07:00:00Z
2024-12-31,P00382,0.0412,41,0.4255,367127.28,2025-01-02T07:00:00Z
2025-01-31,P00382,0.0412,42,0.421,365842.33,2025-02-02T07:00:00Z
2025-02-28,P00382,0.0412,43,0.4165,364561.88,2025-03-02T07:00:00Z
2025-03-31,P00382,0.0412,44,0.412,363285.92,2025-04-02T07:00:00Z
2025-04-30,P00382,0.0412,45,0.4075,362014.41,2025-05-02T07:00:00Z
2025-05-31,P00382,0.0412,46,0.403,360747.36,2025-06-02T07:00:00Z
2025-06-30,P00382,0.0412,47,0.3985,359484.75,2025-07-02T07:00:00Z
2025-07-31,P00382,0.0412,48,0.394,358226.55,2025-08-02T07:00:00Z
2025-08-31,P00382,0.0412,49,0.3895,356972.76,2025-09-02T07:00:00Z
2025-09-30,P00382,0.0412,50,0.3849,355723.35,2025-10-02T07:00:00Z
2025-10-31,P00382,0.0412,51,0.3804,354478.32,2025-11-02T07:00:00Z
2025-11-30,P00382,0.0412,52,0.3759,353237.65,2025-12-02T07:00:00Z
2025-12-31,P00382,0.0412,53,0.3714,352001.32,2026-01-02T07:00:00Z
2023-07-31,P00383,0.06677,112,0.68,499020.82,2023-08-02T07:00:00Z
2023-08-31,P00383,0.06677,113,0.6748,497274.25,2023-09-02T07:00:00Z
2023-09-30,P00383,0.06677,114,0.6696,495533.79,2023-10-02T07:00:00Z
2023-10-31,P00383,0.06677,115,0.6644,493799.42,2023-11-02T07:00:00Z
2023-11-30,P00383,0.06677,116,0.6592,492071.12,2023-12-02T07:00:00Z
2023-12-31,P00383,0.06677,117,0.6539,490348.87,2024-01-02T07:00:00Z
2024-01-31,P00383,0.06677,118,0.6487,488632.65,2024-02-02T07:00:00Z
2024-02-29,P00383,0.06677,119,0.6435,486922.44,2024-03-02T07:00:00Z
2024-03-31,P00383,0.06677,120,0.6383,485218.21,2024-04-02T07:00:00Z
2024-04-30,P00383,0.06677,121,0.6331,483519.94,2024-05-02T07:00:00Z
2023-07-31,P00384,0.0609,16,0.7787,458668.96,2023-08-02T07:00:00Z
2023-08-31,P00384,0.0609,17,0.773,457063.62,2023-09-02T07:00:00Z
2023-09-30,P00384,0.0609,18,0.7674,455463.9,2023-10-02T07:00:00Z
2023-10-31,P00384,0.0609,19,0.7618,453869.77,2023-11-02T07:00:00Z
2023-11-30,P00384,0.0609,20,0.7562,452281.23,2023-12-02T07:00:00Z
2023-12-31,P00384,0.0609,21,0.7506,450698.24,2024-01-02T07:00:00Z
2024-01-31,P00384,0.0609,22,0.745,449120.8,2024-02-02T07:00:00Z
2024-02-29,P00384,0.0609,23,0.7394,447548.88,2024-03-02T07:00:00Z
2024-03-31,P00384,0.0609,24,0.7337,445982.46,2024-04-02T07:00:00Z
2024-04-30,P00384,0.0609,25,0.7281,444421.52,2024-05-02T07:00:00Z
2024-05-31,P00384,0.0609,26,0.7225,442866.04,2024-06-02T07:00:00Z
2024-06-30,P00384,0.0609,27,0.7169,441316.01,2024-07-02T07:00:00Z
2024-07-31,P00384,0.0609,28,0.7113,439771.41,2024-08-02T07:00:00Z
2024-08-31,P00384,0.0609,29,0.7057,438232.21,2024-09-02T07:00:00Z
2024-09-30,P00384,0.0609,30,0.7001,436698.39,2024-10-02T07:00:00Z
2024-10-31,P00384,0.0609,31,0.6944,435169.95,2024-11-02T07:00:00Z
2024-11-30,P00384,0.0609,32,0.6888,433646.85,2024-12-02T07:00:00Z
2024-12-31,P00384,0.0609,33,0.6832,432129.09,2025-01-02T07:00:00Z
2025-01-31,P00384,0.0609,34,0.6776,430616.64,2025-02-02T07:00:00Z
2025-02-28,P00384,0.0609,35,0.672,429109.48,2025-03-02T07:00:00Z
2025-03-31,P00384,0.0609,36,0.6664,427607.6,2025-04-02T07:00:00Z
2025-04-30,P00384,0.0609,37,0.6608,426110.97,2025-05-02T07:00:00Z
2025-05-31,P00384,0.0609,38,0.6551,424619.58,2025-06-02T07:00:00Z
2025-06-30,P00384,0.0609,39,0.6495,423133.41,2025-07-02T07:00:00Z
2025-07-31,P00384,0.0609,40,0.6439,421652.45,2025-08-02T07:00:00Z
2025-08-31,P00384,0.0609,41,0.6383,420176.66,2025-09-02T07:00:00Z
2025-09-30,P00384,0.0609,42,0.6327,418706.04,2025-10-02T07:00:00Z
2025-10-31,P00384,0.0609,43,0.6271,417240.57,2025-11-02T07:00:00Z
2025-11-30,P00384,0.0609,44,0.6215,415780.23,2025-12-02T07:00:00Z
2025-12-31,P00384,0.0609,45,0.6158,414325.0,2026-01-02T07:00:00Z
2023-07-31,P00385,0.08706,39,0.8973,689577.03,2023-08-02T07:00:00Z
2023-08-31,P00385,0.08706,40,0.8912,687163.51,2023-09-02T07:00:00Z
2023-09-30,P00385,0.08706,41,0.8851,684758.44,2023-10-02T07:00:00Z
2023-10-31,P00385,0.08706,42,0.879,682361.78,2023-11-02T07:00:00Z
2023-11-30,P00385,0.08706,43,0.8729,679973.52,2023-12-02T07:00:00Z
2023-12-31,P00385,0.08706,44,0.8668,677593.61,2024-01-02T07:00:00Z
2024-01-31,P00385,0.08706,45,0.8608,675222.03,2024-02-02T07:00:00Z
2024-02-29,P00385,0.08706,46,0.8547,672858.76,2024-03-02T07:00:00Z
2024-03-31,P00385,0.08706,47,0.8486,670503.75,2024-04-02T07:00:00Z
2024-04-30,P00385,0.08706,48,0.8425,668156.99,2024-05-02T07:00:00Z
2024-05-31,P00385,0.08706,49,0.8364,665818.44,2024-06-02T07:00:00Z
2023-07-31,P00386,0.06243,119,0.7834,641716.18,2023-08-02T07:00:00Z
2023-08-31,P00386,0.06243,120,0.7778,639470.17,2023-09-02T07:00:00Z
2023-09-30,P00386,0.06243,121,0.7721,637232.03,2023-10-02T07:00:00Z
2023-10-31,P00386,0.06243,122,0.7665,635001.72,2023-11-02T07:00:00Z
2023-11-30,P00386,0.06243,123,0.7609,632779.21,2023-12-02T07:00:00Z
2023-12-31,P00386,0.06243,124,0.7552,630564.48,2024-01-02T07:00:00Z
2024-01-31,P00386,0.06243,125,0.7496,628357.51,2024-02-02T07:00:00Z
2023-07-31,P00387,0.06517,111,0.4192,685840.22,2023-08-02T07:00:00Z
2023-08-31,P00387,0.06517,112,0.415,683439.78,2023-09-02T07:00:00Z
2023-09-30,P00387,0.06517,113,0.4108,681047.74,2023-10-02T07:00:00Z
2023-10-31,P00387,0.06517,114,0.4066,678664.07,2023-11-02T07:00:00Z
2023-11-30,P00387,0.06517,115,0.4025,676288.75,2023-12-02T07:00:00Z
2023-12-31,P00387,0.06517,116,0.3983,673921.74,2024-01-02T07:00:00Z
2024-01-31,P00387,0.06517,117,0.3941,671563.01,2024-02-02T07:00:00Z
2024-02-29,P00387,0.06517,118,0.3899,669212.54,2024-03-02T07:00:00Z
2024-03-31,P00387,0.06517,119,0.3858,666870.3,2024-04-02T07:00:00Z
2024-04-30,P00387,0.06517,120,0.3816,664536.25,2024-05-02T07:00:00Z
2024-05-31,P00387,0.06517,121,0.3774,662210.37,2024-06-02T07:00:00Z
2024-06-30,P00387,0.06517,122,0.3732,659892.64,2024-07-02T07:00:00Z
2024-07-31,P00387,0.06517,123,0.3691,657583.01,2024-08-02T07:00:00Z
2024-08-31,P00387,0.06517,124,0.3649,655281.47,2024-09-02T07:00:00Z
2024-09-30,P00387,0.06517,125,0.3607,652987.99,2024-10-02T07:00:00Z
2024-10-31,P00387,0.06517,126,0.3565,650702.53,2024-11-02T07:00:00Z
2024-11-30,P00387,0.06517,127,0.3523,648425.07,2024-12-02T07:00:00Z
2024-12-31,P00387,0.06517,128,0.3482,646155.58,2025-01-02T07:00:00Z
2025-01-31,P00387,0.06517,129,0.344,643894.04,2025-02-02T07:00:00Z
2025-02-28,P00387,0.06517,130,0.3398,641640.41,2025-03-02T07:00:00Z
2025-03-31,P00387,0.06517,131,0.3356,639394.67,2025-04-02T07:00:00Z
2025-04-30,P00387,0.06517,132,0.3315,637156.79,2025-05-02T07:00:00Z
2025-05-31,P00387,0.06517,133,0.3273,634926.74,2025-06-02T07:00:00Z
2025-06-30,P00387,0.06517,134,0.3231,632704.49,2025-07-02T07:00:00Z
2025-07-31,P00387,0.06517,135,0.3189,630490.03,2025-08-02T07:00:00Z
2025-08-31,P00387,0.06517,136,0.3148,628283.31,2025-09-02T07:00:00Z
2025-09-30,P00387,0.06517,137,0.3106,626084.32,2025-10-02T07:00:00Z
2025-10-31,P00387,0.06517,138,0.3064,623893.03,2025-11-02T07:00:00Z
2025-11-30,P00387,0.06517,139,0.3022,621709.4,2025-12-02T07:00:00Z
2025-12-31,P00387,0.06517,140,0.2981,619533.42,2026-01-02T07:00:00Z
2023-07-31,P00388,0.055,131,0.6098,621555.79,2023-08-02T07:00:00Z
2023-08-31,P00388,0.055,132,0.6049,619380.34,2023-09-02T07:00:00Z
2023-09-30,P00388,0.055,133,0.5999,617212.51,2023-10-02T07:00:00Z
2023-10-31,P00388,0.055,134,0.595,615052.27,2023-11-02T07:00:00Z
2023-11-30,P00388,0.055,135,0.5901,612899.59,2023-12-02T07:00:00Z
2023-12-31,P00388,0.055,136,0.5851,610754.44,2024-01-02T07:00:00Z
2024-01-31,P00388,0.055,137,0.5802,608616.8,2024-02-02T07:00:00Z
2024-02-29,P00388,0.055,138,0.5752,606486.64,2024-03-02T07:00:00Z
2024-03-31,P00388,0.055,139,0.5703,604363.94,2024-04-02T07:00:00Z
2024-04-30,P00388,0.055,140,0.5654,602248.66,2024-05-02T07:00:00Z
2024-05-31,P00388,0.055,141,0.5604,600140.79,2024-06-02T07:00:00Z
2024-06-30,P00388,0.055,142,0.5555,598040.3,2024-07-02T07:00:00Z
2024-07-31,P00388,0.055,143,0.5505,595947.16,2024-08-02T07:00:00Z
2024-08-31,P00388,0.055,144,0.5456,593861.34,2024-09-02T07:00:00Z
2024-09-30,P00388,0.055,145,0.5407,591782.83,2024-10-02T07:00:00Z
2024-10-31,P00388,0.055,146,0.5357,589711.59,2024-11-02T07:00:00Z
2024-11-30,P00388,0.055,147,0.5308,587647.6,2024-12-02T07:00:00Z
2024-12-31,P00388,0.055,148,0.5258,585590.83,2025-01-02T07:00:00Z
2025-01-31,P00388,0.055,149,0.5209,583541.26,2025-02-02T07:00:00Z
2025-02-28,P00388,0.055,150,0.516,581498.87,2025-03-02T07:00:00Z
2025-03-31,P00388,0.055,151,0.511,579463.62,2025-04-02T07:00:00Z
2025-04-30,P00388,0.055,152,0.5061,577435.5,2025-05-02T07:00:00Z
2025-05-31,P00388,0.055,153,0.5012,575414.48,2025-06-02T07:00:00Z
2025-06-30,P00388,0.055,154,0.4962,573400.53,2025-07-02T07:00:00Z
2025-07-31,P00388,0.055,155,0.4913,571393.62,2025-08-02T07:00:00Z
2025-08-31,P00388,0.055,156,0.4863,569393.75,2025-09-02T07:00:00Z
2025-09-30,P00388,0.055,157,0.4814,567400.87,2025-10-02T07:00:00Z
2025-10-31,P00388,0.055,158,0.4765,565414.96,2025-11-02T07:00:00Z
2025-11-30,P00388,0.055,159,0.4715,563436.01,2025-12-02T07:00:00Z
2025-12-31,P00388,0.055,160,0.4666,561463.99,2026-01-02T07:00:00Z
2023-07-31,P00389,0.05608,14,0.5033,571674.73,2023-08-02T07:00:00Z
2023-08-31,P00389,0.05608,15,0.4988,569673.87,2023-09-02T07:00:00Z
2023-09-30,P00389,0.05608,16,0.4942,567680.01,2023-10-02T07:00:00Z
2023-10-31,P00389,0.05608,17,0.4897,565693.13,2023-11-02T07:00:00Z
2023-11-30,P00389,0.05608,18,0.4852,563713.2,2023-12-02T07:00:00Z
2023-12-31,P00389,0.05608,19,0.4807,561740.21,2024-01-02T07:00:00Z
2024-01-31,P00389,0.05608,20,0.4762,559774.12,2024-02-02T07:00:00Z
2024-02-29,P00389,0.05608,21,0.4717,557814.91,2024-03-02T07:00:00Z
2024-03-31,P00389,0.05608,22,0.4672,555862.56,2024-04-02T07:00:00Z
2024-04-30,P00389,0.05608,23,0.4626,553917.04,2024-05-02T07:00:00Z
2024-05-31,P00389,0.05608,24,0.4581,551978.33,2024-06-02T07:00:00Z
2024-06-30,P00389,0.05608,25,0.4536,550046.4,2024-07-02T07:00:00Z
2024-07-31,P00389,0.05608,26,0.4491,548121.24,2024-08-02T07:00:00Z
2024-08-31,P00389,0.05608,27,0.4446,546202.82,2024-09-02T07:00:00Z
2024-09-30,P00389,0.05608,28,0.4401,544291.11,2024-10-02T07:00:00Z
2024-10-31,P00389,0.05608,29,0.4356,542386.09,2024-11-02T07:00:00Z
2024-11-30,P00389,0.05608,30,0.4311,540487.74,2024-12-02T07:00:00Z
2024-12-31,P00389,0.05608,31,0.4265,538596.03,2025-01-02T07:00:00Z
2025-01-31,P00389,0.05608,32,0.422,536710.94,2025-02-02T07:00:00Z
2025-02-28,P00389,0.05608,33,0.4175,534832.45,2025-03-02T07:00:00Z
2025-03-31,P00389,0.05608,34,0.413,532960.54,2025-04-02T07:00:00Z
2025-04-30,P00389,0.05608,35,0.4085,531095.18,2025-05-02T07:00:00Z
2025-05-31,P00389,0.05608,36,0.404,529236.35,2025-06-02T07:00:00Z
2025-06-30,P00389,0.05608,37,0.3995,527384.02,2025-07-02T07:00:00Z
2025-07-31,P00389,0.05608,38,0.395,525538.17,2025-08-02T07:00:00Z
2025-08-31,P00389,0.05608,39,0.3904,523698.79,2025-09-02T07:00:00Z
2025-09-30,P00389,0.05608,40,0.3859,521865.85,2025-10-02T07:00:00Z
2025-10-31,P00389,0.05608,41,0.3814,520039.31,2025-11-02T07:00:00Z
2025-11-30,P00389,0.05608,42,0.3769,518219.18,2025-12-02T07:00:00Z
2025-12-31,P00389,0.05608,43,0.3724,516405.41,2026-01-02T07:00:00Z
2023-07-31,P00390,0.06633,44,0.8063,606067.52,2023-08-02T07:00:00Z
2023-08-31,P00390,0.06633,45,0.8006,603946.28,2023-09-02T07:00:00Z
2023-09-30,P00390,0.06633,46,0.7949,601832.47,2023-10-02T07:00:00Z
2023-10-31,P00390,0.06633,47,0.7891,599726.06,2023-11-02T07:00:00Z
2023-11-30,P00390,0.06633,48,0.7834,597627.02,2023-12-02T07:00:00Z
2023-12-31,P00390,0.06633,49,0.7777,595535.32,2024-01-02T07:00:00Z
2024-01-31,P00390,0.06633,50,0.772,593450.95,2024-02-02T07:00:00Z
2024-02-29,P00390,0.06633,51,0.7662,591373.87,2024-03-02T07:00:00Z
2024-03-31,P00390,0.06633,52,0.7605,589304.06,2024-04-02T07:00:00Z
2024-04-30,P00390,0.06633,53,0.7548,587241.5,2024-05-02T07:00:00Z
2024-05-31,P00390,0.06633,54,0.7491,585186.15,2024-06-02T07:00:00Z
2024-06-30,P00390,0.06633,55,0.7433,583138.0,2024-07-02T07:00:00Z
2024-07-31,P00390,0.06633,56,0.7376,581097.02,2024-08-02T07:00:00Z
2024-08-31,P00390,0.06633,57,0.7319,579063.18,2024-09-02T07:00:00Z
2024-09-30,P00390,0.06633,58,0.7262,577036.46,2024-10-02T07:00:00Z
2024-10-31,P00390,0.06633,59,0.7204,575016.83,2024-11-02T07:00:00Z
2024-11-30,P00390,0.06633,60,0.7147,573004.27,2024-12-02T07:00:00Z
2024-12-31,P00390,0.06633,61,0.709,570998.76,2025-01-02T07:00:00Z
2025-01-31,P00390,0.06633,62,0.7033,569000.26,2025-02-02T07:00:00Z
2025-02-28,P00390,0.06633,63,0.6975,567008.76,2025-03-02T07:00:00Z
2025-03-31,P00390,0.06633,64,0.6918,565024.23,2025-04-02T07:00:00Z
2025-04-30,P00390,0.06633,65,0.6861,563046.64,2025-05-02T07:00:00Z
2025-05-31,P00390,0.06633,66,0.6804,561075.98,2025-06-02T07:00:00Z
2025-06-30,P00390,0.06633,67,0.6746,559112.21,2025-07-02T07:00:00Z
2025-07-31,P00390,0.06633,68,0.6689,557155.32,2025-08-02T07:00:00Z
2025-08-31,P00390,0.06633,69,0.6632,555205.28,2025-09-02T07:00:00Z
2025-09-30,P00390,0.06633,70,0.6575,553262.06,2025-10-02T07:00:00Z
2025-10-31,P00390,0.06633,71,0.6517,551325.64,2025-11-02T07:00:00Z
2025-11-30,P00390,0.06633,72,0.646,549396.0,2025-12-02T07:00:00Z
2025-12-31,P00390,0.06633,73,0.6403,547473.12,2026-01-02T07:00:00Z
2023-07-31,P00391,0.06857,122,0.6659,341398.16,2023-08-02T07:00:00Z
2023-08-31,P00391,0.06857,123,0.6608,340203.27,2023-09-02T07:00:00Z
2023-09-30,P00391,0.06857,124,0.6556,339012.56,2023-10-02T07:00:00Z
2023-10-31,P00391,0.06857,125,0.6504,337826.01,2023-11-02T07:00:00Z
2023-11-30,P00391,0.06857,126,0.6453,336643.62,2023-12-02T07:00:00Z
2023-12-31,P00391,0.06857,127,0.6401,335465.37,2024-01-02T07:00:00Z
2024-01-31,P00391,0.06857,128,0.6349,334291.24,2024-02-02T07:00:00Z
2024-02-29,P00391,0.06857,129,0.6298,333121.22,2024-03-02T07:00:00Z
2024-03-31,P00391,0.06857,130,0.6246,331955.29,2024-04-02T07:00:00Z
2024-04-30,P00391,0.06857,131,0.6194,330793.45,2024-05-02T07:00:00Z
2024-05-31,P00391,0.06857,132,0.6143,329635.67,2024-06-02T07:00:00Z
2024-06-30,P00391,0.06857,133,0.6091,328481.95,2024-07-02T07:00:00Z
2024-07-31,P00391,0.06857,134,0.604,327332.26,2024-08-02T07:00:00Z
2024-08-31,P00391,0.06857,135,0.5988,326186.6,2024-09-02T07:00:00Z
2024-09-30,P00391,0.06857,136,0.5936,325044.95,2024-10-02T07:00:00Z
2024-10-31,P00391,0.06857,137,0.5885,323907.29,2024-11-02T07:00:00Z
2024-11-30,P00391,0.06857,138,0.5833,322773.61,2024-12-02T07:00:00Z
2024-12-31,P00391,0.06857,139,0.5781,321643.91,2025-01-02T07:00:00Z
2025-01-31,P00391,0.06857,140,0.573,320518.15,2025-02-02T07:00:00Z
2025-02-28,P00391,0.06857,141,0.5678,319396.34,2025-03-02T07:00:00Z
2025-03-31,P00391,0.06857,142,0.5626,318278.45,2025-04-02T07:00:00Z
2025-04-30,P00391,0.06857,143,0.5575,317164.48,2025-05-02T07:00:00Z
2025-05-31,P00391,0.06857,144,0.5523,316054.4,2025-06-02T07:00:00Z
2025-06-30,P00391,0.06857,145,0.5472,314948.21,2025-07-02T07:00:00Z
2025-07-31,P00391,0.06857,146,0.542,313845.89,2025-08-02T07:00:00Z
2025-08-31,P00391,0.06857,147,0.5368,312747.43,2025-09-02T07:00:00Z
2025-09-30,P00391,0.06857,148,0.5317,311652.82,2025-10-02T07:00:00Z
2025-10-31,P00391,0.06857,149,0.5265,310562.03,2025-11-02T07:00:00Z
2025-11-30,P00391,0.06857,150,0.5213,309475.06,2025-12-02T07:00:00Z
2025-12-31,P00391,0.06857,151,0.5162,308391.9,2026-01-02T07:00:00Z
2023-07-31,P00392,0.07468,62,0.47,175855.36,2023-08-02T07:00:00Z
2023-08-31,P00392,0.07468,63,0.4656,175239.87,2023-09-02T07:00:00Z
2023-09-30,P00392,0.07468,64,0.4612,174626.53,2023-10-02T07:00:00Z
2023-10-31,P00392,0.07468,65,0.4568,174015.33,2023-11-02T07:00:00Z
2023-11-30,P00392,0.07468,66,0.4525,173406.28,2023-12-02T07:00:00Z
2023-12-31,P00392,0.07468,67,0.4481,172799.36,2024-01-02T07:00:00Z
2024-01-31,P00392,0.07468,68,0.4437,172194.56,2024-02-02T07:00:00Z
2024-02-29,P00392,0.07468,69,0.4393,171591.88,2024-03-02T07:00:00Z
2024-03-31,P00392,0.07468,70,0.4349,170991.31,2024-04-02T07:00:00Z
2024-04-30,P00392,0.07468,71,0.4306,170392.84,2024-05-02T07:00:00Z
2024-05-31,P00392,0.07468,72,0.4262,169796.46,2024-06-02T07:00:00Z
2024-06-30,P00392,0.07468,73,0.4218,169202.18,2024-07-02T07:00:00Z
2024-07-31,P00392,0.07468,74,0.4174,168609.97,2024-08-02T07:00:00Z
2024-08-31,P00392,0.07468,75,0.413,168019.83,2024-09-02T07:00:00Z
2024-09-30,P00392,0.07468,76,0.4087,167431.76,2024-10-02T07:00:00Z
2023-07-31,P00393,0.08802,15,0.7462,228860.43,2023-08-02T07:00:00Z
2023-08-31,P00393,0.08802,16,0.7407,228059.42,2023-09-02T07:00:00Z
2023-09-30,P00393,0.08802,17,0.7352,227261.21,2023-10-02T07:00:00Z
2023-10-31,P00393,0.08802,18,0.7297,226465.8,2023-11-02T07:00:00Z
2023-11-30,P00393,0.08802,19,0.7242,225673.17,2023-12-02T07:00:00Z
2023-12-31,P00393,0.08802,20,0.7187,224883.31,2024-01-02T07:00:00Z
2024-01-31,P00393,0.08802,21,0.7133,224096.22,2024-02-02T07:00:00Z
2024-02-29,P00393,0.08802,22,0.7078,223311.88,2024-03-02T07:00:00Z
2024-03-31,P00393,0.08802,23,0.7023,222530.29,2024-04-02T07:00:00Z
2024-04-30,P00393,0.08802,24,0.6968,221751.43,2024-05-02T07:00:00Z
2024-05-31,P00393,0.08802,25,0.6913,220975.3,2024-06-02T07:00:00Z
2024-06-30,P00393,0.08802,26,0.6858,220201.89,2024-07-02T07:00:00Z
2024-07-31,P00393,0.08802,27,0.6804,219431.18,2024-08-02T07:00:00Z
2024-08-31,P00393,0.08802,28,0.6749,218663.17,2024-09-02T07:00:00Z
2024-09-30,P00393,0.08802,29,0.6694,217897.85,2024-10-02T07:00:00Z
2024-10-31,P00393,0.08802,30,0.6639,217135.21,2024-11-02T07:00:00Z
2024-11-30,P00393,0.08802,31,0.6584,216375.24,2024-12-02T07:00:00Z
2024-12-31,P00393,0.08802,32,0.6529,215617.92,2025-01-02T07:00:00Z
2025-01-31,P00393,0.08802,33,0.6474,214863.26,2025-02-02T07:00:00Z
2025-02-28,P00393,0.08802,34,0.642,214111.24,2025-03-02T07:00:00Z
2025-03-31,P00393,0.08802,35,0.6365,213361.85,2025-04-02T07:00:00Z
2025-04-30,P00393,0.08802,36,0.631,212615.08,2025-05-02T07:00:00Z
2025-05-31,P00393,0.08802,37,0.6255,211870.93,2025-06-02T07:00:00Z
2025-06-30,P00393,0.08802,38,0.62,211129.38,2025-07-02T07:00:00Z
2025-07-31,P00393,0.08802,39,0.6145,210390.43,2025-08-02T07:00:00Z
2025-08-31,P00393,0.08802,40,0.6091,209654.06,2025-09-02T07:00:00Z
2025-09-30,P00393,0.08802,41,0.6036,208920.27,2025-10-02T07:00:00Z
2025-10-31,P00393,0.08802,42,0.5981,208189.05,2025-11-02T07:00:00Z
2025-11-30,P00393,0.08802,43,0.5926,207460.39,2025-12-02T07:00:00Z
2025-12-31,P00393,0.08802,44,0.5871,206734.28,2026-01-02T07:00:00Z
2023-07-31,P00394,0.05417,50,0.5455,569021.73,2023-08-02T07:00:00Z
2023-08-31,P00394,0.05417,51,0.5408,567030.15,2023-09-02T07:00:00Z
2023-09-30,P00394,0.05417,52,0.5361,565045.55,2023-10-02T07:00:00Z
2023-10-31,P00394,0.05417,53,0.5314,563067.89,2023-11-02T07:00:00Z
2023-11-30,P00394,0.05417,54,0.5267,561097.15,2023-12-02T07:00:00Z
2023-12-31,P00394,0.05417,55,0.5221,559133.31,2024-01-02T07:00:00Z
2024-01-31,P00394,0.05417,56,0.5174,557176.34,2024-02-02T07:00:00Z
2024-02-29,P00394,0.05417,57,0.5127,555226.23,2024-03-02T07:00:00Z
2024-03-31,P00394,0.05417,58,0.508,553282.94,2024-04-02T07:00:00Z
2024-04-30,P00394,0.05417,59,0.5033,551346.45,2024-05-02T07:00:00Z
2024-05-31,P00394,0.05417,60,0.4987,549416.73,2024-06-02T07:00:00Z
2024-06-30,P00394,0.05417,61,0.494,547493.77,2024-07-02T07:00:00Z
2024-07-31,P00394,0.05417,62,0.4893,545577.55,2024-08-02T07:00:00Z
2023-07-31,P00395,0.08054,120,0.6415,607955.32,2023-08-02T07:00:00Z
2023-08-31,P00395,0.08054,121,0.6365,605827.48,2023-09-02T07:00:00Z
2023-09-30,P00395,0.08054,122,0.6314,603707.08,2023-10-02T07:00:00Z
2023-10-31,P00395,0.08054,123,0.6263,601594.11,2023-11-02T07:00:00Z
2023-11-30,P00395,0.08054,124,0.6213,599488.53,2023-12-02T07:00:00Z
2023-12-31,P00395,0.08054,125,0.6162,597390.32,2024-01-02T07:00:00Z
2024-01-31,P00395,0.08054,126,0.6111,595299.45,2024-02-02T07:00:00Z
2023-07-31,P00396,0.04276,96,0.8295,289247.33,2023-08-02T07:00:00Z
2023-08-31,P00396,0.04276,97,0.8237,288234.96,2023-09-02T07:00:00Z
2023-09-30,P00396,0.04276,98,0.8179,287226.14,2023-10-02T07:00:00Z
2023-10-31,P00396,0.04276,99,0.8121,286220.85,2023-11-02T07:00:00Z
2023-11-30,P00396,0.04276,100,0.8063,285219.08,2023-12-02T07:00:00Z
2023-12-31,P00396,0.04276,101,0.8005,284220.81,2024-01-02T07:00:00Z
2024-01-31,P00396,0.04276,102,0.7946,283226.04,2024-02-02T07:00:00Z
2024-02-29,P00396,0.04276,103,0.7888,282234.75,2024-03-02T07:00:00Z
2024-03-31,P00396,0.04276,104,0.783,281246.93,2024-04-02T07:00:00Z
2024-04-30,P00396,0.04276,105,0.7772,280262.56,2024-05-02T07:00:00Z
2024-05-31,P00396,0.04276,106,0.7714,279281.64,2024-06-02T07:00:00Z
2024-06-30,P00396,0.04276,107,0.7655,278304.16,2024-07-02T07:00:00Z
2024-07-31,P00396,0.04276,108,0.7597,277330.09,2024-08-02T07:00:00Z
2024-08-31,P00396,0.04276,109,0.7539,276359.44,2024-09-02T07:00:00Z
2024-09-30,P00396,0.04276,110,0.7481,275392.18,2024-10-02T07:00:00Z
2024-10-31,P00396,0.04276,111,0.7423,274428.31,2024-11-02T07:00:00Z
2024-11-30,P00396,0.04276,112,0.7365,273467.81,2024-12-02T07:00:00Z
2024-12-31,P00396,0.04276,113,0.7306,272510.67,2025-01-02T07:00:00Z
2025-01-31,P00396,0.04276,114,0.7248,271556.88,2025-02-02T07:00:00Z
2025-02-28,P00396,0.04276,115,0.719,270606.43,2025-03-02T07:00:00Z
2025-03-31,P00396,0.04276,116,0.7132,269659.31,2025-04-02T07:00:00Z
2025-04-30,P00396,0.04276,117,0.7074,268715.5,2025-05-02T07:00:00Z
2025-05-31,P00396,0.04276,118,0.7015,267775.0,2025-06-02T07:00:00Z
2025-06-30,P00396,0.04276,119,0.6957,266837.79,2025-07-02T07:00:00Z
2025-07-31,P00396,0.04276,120,0.6899,265903.85,2025-08-02T07:00:00Z
2025-08-31,P00396,0.04276,121,0.6841,264973.19,2025-09-02T07:00:00Z
2025-09-30,P00396,0.04276,122,0.6783,264045.78,2025-10-02T07:00:00Z
2025-10-31,P00396,0.04276,123,0.6725,263121.62,2025-11-02T07:00:00Z
2025-11-30,P00396,0.04276,124,0.6666,262200.7,2025-12-02T07:00:00Z
2025-12-31,P00396,0.04276,125,0.6608,261283.0,2026-01-02T07:00:00Z
2023-07-31,P00397,0.05106,53,0.6244,150256.08,2023-08-02T07:00:00Z
2023-08-31,P00397,0.05106,54,0.6194,149730.18,2023-09-02T07:00:00Z
2023-09-30,P00397,0.05106,55,0.6144,149206.13,2023-10-02T07:00:00Z
2023-10-31,P00397,0.05106,56,0.6094,148683.91,2023-11-02T07:00:00Z
2023-11-30,P00397,0.05106,57,0.6044,148163.51,2023-12-02T07:00:00Z
2023-12-31,P00397,0.05106,58,0.5994,147644.94,2024-01-02T07:00:00Z
2024-01-31,P00397,0.05106,59,0.5944,147128.18,2024-02-02T07:00:00Z
2024-02-29,P00397,0.05106,60,0.5894,146613.23,2024-03-02T07:00:00Z
2024-03-31,P00397,0.05106,61,0.5844,146100.09,2024-04-02T07:00:00Z
2024-04-30,P00397,0.05106,62,0.5794,145588.74,2024-05-02T07:00:00Z
2024-05-31,P00397,0.05106,63,0.5744,145079.18,2024-06-02T07:00:00Z
2024-06-30,P00397,0.05106,64,0.5694,144571.4,2024-07-02T07:00:00Z
2024-07-31,P00397,0.05106,65,0.5644,144065.4,2024-08-02T07:00:00Z
2024-08-31,P00397,0.05106,66,0.5594,143561.17,2024-09-02T07:00:00Z
2024-09-30,P00397,0.05106,67,0.5544,143058.71,2024-10-02T07:00:00Z
2024-10-31,P00397,0.05106,68,0.5494,142558.0,2024-11-02T07:00:00Z
2024-11-30,P00397,0.05106,69,0.5444,142059.05,2024-12-02T07:00:00Z
2024-12-31,P00397,0.05106,70,0.5394,141561.84,2025-01-02T07:00:00Z
2025-01-31,P00397,0.05106,71,0.5345,141066.38,2025-02-02T07:00:00Z
2025-02-28,P00397,0.05106,72,0.5295,140572.64,2025-03-02T07:00:00Z
2025-03-31,P00397,0.05106,73,0.5245,140080.64,2025-04-02T07:00:00Z
2025-04-30,P00397,0.05106,74,0.5195,139590.36,2025-05-02T07:00:00Z
2025-05-31,P00397,0.05106,75,0.5145,139101.79,2025-06-02T07:00:00Z
2025-06-30,P00397,0.05106,76,0.5095,138614.93,2025-07-02T07:00:00Z
2025-07-31,P00397,0.05106,77,0.5045,138129.78,2025-08-02T07:00:00Z
2025-08-31,P00397,0.05106,78,0.4995,137646.33,2025-09-02T07:00:00Z
2025-09-30,P00397,0.05106,79,0.4945,137164.57,2025-10-02T07:00:00Z
2025-10-31,P00397,0.05106,80,0.4895,136684.49,2025-11-02T07:00:00Z
2025-11-30,P00397,0.05106,81,0.4845,136206.09,2025-12-02T07:00:00Z
2025-12-31,P00397,0.05106,82,0.4795,135729.37,2026-01-02T07:00:00Z
2023-07-31,P00398,0.05739,31,0.7435,125843.71,2023-08-02T07:00:00Z
2023-08-31,P00398,0.05739,32,0.738,125403.26,2023-09-02T07:00:00Z
2023-09-30,P00398,0.05739,33,0.7325,124964.35,2023-10-02T07:00:00Z
2023-10-31,P00398,0.05739,34,0.727,124526.97,2023-11-02T07:00:00Z
2023-11-30,P00398,0.05739,35,0.7216,124091.13,2023-12-02T07:00:00Z
2023-12-31,P00398,0.05739,36,0.7161,123656.81,2024-01-02T07:00:00Z
2024-01-31,P00398,0.05739,37,0.7106,123224.01,2024-02-02T07:00:00Z
2024-02-29,P00398,0.05739,38,0.7051,122792.72,2024-03-02T07:00:00Z
2024-03-31,P00398,0.05739,39,0.6997,122362.95,2024-04-02T07:00:00Z
2024-04-30,P00398,0.05739,40,0.6942,121934.68,2024-05-02T07:00:00Z
2024-05-31,P00398,0.05739,41,0.6887,121507.91,2024-06-02T07:00:00Z
2024-06-30,P00398,0.05739,42,0.6832,121082.63,2024-07-02T07:00:00Z
2024-07-31,P00398,0.05739,43,0.6778,120658.84,2024-08-02T07:00:00Z
2024-08-31,P00398,0.05739,44,0.6723,120236.54,2024-09-02T07:00:00Z
2024-09-30,P00398,0.05739,45,0.6668,119815.71,2024-10-02T07:00:00Z
2024-10-31,P00398,0.05739,46,0.6613,119396.35,2024-11-02T07:00:00Z
2024-11-30,P00398,0.05739,47,0.6559,118978.47,2024-12-02T07:00:00Z
2024-12-31,P00398,0.05739,48,0.6504,118562.04,2025-01-02T07:00:00Z
2025-01-31,P00398,0.05739,49,0.6449,118147.07,2025-02-02T07:00:00Z
2025-02-28,P00398,0.05739,50,0.6395,117733.56,2025-03-02T07:00:00Z
2025-03-31,P00398,0.05739,51,0.634,117321.49,2025-04-02T07:00:00Z
2025-04-30,P00398,0.05739,52,0.6285,116910.87,2025-05-02T07:00:00Z
2025-05-31,P00398,0.05739,53,0.623,116501.68,2025-06-02T07:00:00Z
2025-06-30,P00398,0.05739,54,0.6176,116093.92,2025-07-02T07:00:00Z
2025-07-31,P00398,0.05739,55,0.6121,115687.59,2025-08-02T07:00:00Z
2025-08-31,P00398,0.05739,56,0.6066,115282.69,2025-09-02T07:00:00Z
2025-09-30,P00398,0.05739,57,0.6011,114879.2,2025-10-02T07:00:00Z
2025-10-31,P00398,0.05739,58,0.5957,114477.12,2025-11-02T07:00:00Z
2025-11-30,P00398,0.05739,59,0.5902,114076.45,2025-12-02T07:00:00Z
2025-12-31,P00398,0.05739,60,0.5847,113677.18,2026-01-02T07:00:00Z
2023-07-31,P00399,0.0437,88,0.8178,172265.82,2023-08-02T07:00:00Z
2023-08-31,P00399,0.0437,89,0.812,171662.89,2023-09-02T07:00:00Z
2023-09-30,P00399,0.0437,90,0.8062,171062.07,2023-10-02T07:00:00Z
2023-10-31,P00399,0.0437,91,0.8005,170463.35,2023-11-02T07:00:00Z
2023-11-30,P00399,0.0437,92,0.7947,169866.73,2023-12-02T07:00:00Z
2023-12-31,P00399,0.0437,93,0.7889,169272.2,2024-01-02T07:00:00Z
2024-01-31,P00399,0.0437,94,0.7832,168679.74,2024-02-02T07:00:00Z
2024-02-29,P00399,0.0437,95,0.7774,168089.37,2024-03-02T07:00:00Z
2024-03-31,P00399,0.0437,96,0.7716,167501.05,2024-04-02T07:00:00Z
2024-04-30,P00399,0.0437,97,0.7658,166914.8,2024-05-02T07:00:00Z
2024-05-31,P00399,0.0437,98,0.7601,166330.6,2024-06-02T07:00:00Z
2024-06-30,P00399,0.0437,99,0.7543,165748.44,2024-07-02T07:00:00Z
2024-07-31,P00399,0.0437,100,0.7485,165168.32,2024-08-02T07:00:00Z
2024-08-31,P00399,0.0437,101,0.7428,164590.23,2024-09-02T07:00:00Z
2024-09-30,P00399,0.0437,102,0.737,164014.17,2024-10-02T07:00:00Z
2024-10-31,P00399,0.0437,103,0.7312,163440.12,2024-11-02T07:00:00Z
2024-11-30,P00399,0.0437,104,0.7254,162868.08,2024-12-02T07:00:00Z
2024-12-31,P00399,0.0437,105,0.7197,162298.04,2025-01-02T07:00:00Z
2025-01-31,P00399,0.0437,106,0.7139,161729.99,2025-02-02T07:00:00Z
2025-02-28,P00399,0.0437,107,0.7081,161163.94,2025-03-02T07:00:00Z
2025-03-31,P00399,0.0437,108,0.7024,160599.87,2025-04-02T07:00:00Z
2025-04-30,P00399,0.0437,109,0.6966,160037.77,2025-05-02T07:00:00Z
2025-05-31,P00399,0.0437,110,0.6908,159477.63,2025-06-02T07:00:00Z
2025-06-30,P00399,0.0437,111,0.685,158919.46,2025-07-02T07:00:00Z
2025-07-31,P00399,0.0437,112,0.6793,158363.24,2025-08-02T07:00:00Z
2025-08-31,P00399,0.0437,113,0.6735,157808.97,2025-09-02T07:00:00Z
2025-09-30,P00399,0.0437,114,0.6677,157256.64,2025-10-02T07:00:00Z
2025-10-31,P00399,0.0437,115,0.662,156706.24,2025-11-02T07:00:00Z
2025-11-30,P00399,0.0437,116,0.6562,156157.77,2025-12-02T07:00:00Z
2025-12-31,P00399,0.0437,117,0.6504,155611.22,2026-01-02T07:00:00Z
2023-07-31,P00400,0.05299,134,0.6614,348836.26,2023-08-02T07:00:00Z
2023-08-31,P00400,0.05299,135,0.6562,347615.33,2023-09-02T07:00:00Z
2023-09-30,P00400,0.05299,136,0.6511,346398.68,2023-10-02T07:00:00Z
2023-10-31,P00400,0.05299,137,0.646,345186.28,2023-11-02T07:00:00Z
2023-11-30,P00400,0.05299,138,0.6408,343978.13,2023-12-02T07:00:00Z
2023-12-31,P00400,0.05299,139,0.6357,342774.21,2024-01-02T07:00:00Z
2024-01-31,P00400,0.05299,140,0.6305,341574.5,2024-02-02T07:00:00Z
2024-02-29,P00400,0.05299,141,0.6254,340378.99,2024-03-02T07:00:00Z
2024-03-31,P00400,0.05299,142,0.6202,339187.66,2024-04-02T07:00:00Z
2024-04-30,P00400,0.05299,143,0.6151,338000.5,2024-05-02T07:00:00Z
2024-05-31,P00400,0.05299,144,0.6099,336817.5,2024-06-02T07:00:00Z
2024-06-30,P00400,0.05299,145,0.6048,335638.64,2024-07-02T07:00:00Z
2024-07-31,P00400,0.05299,146,0.5996,334463.91,2024-08-02T07:00:00Z
2024-08-31,P00400,0.05299,147,0.5945,333293.28,2024-09-02T07:00:00Z
2024-09-30,P00400,0.05299,148,0.5894,332126.76,2024-10-02T07:00:00Z
2024-10-31,P00400,0.05299,149,0.5842,330964.31,2024-11-02T07:00:00Z
2024-11-30,P00400,0.05299,150,0.5791,329805.94,2024-12-02T07:00:00Z
2024-12-31,P00400,0.05299,151,0.5739,328651.62,2025-01-02T07:00:00Z
2025-01-31,P00400,0.05299,152,0.5688,327501.34,2025-02-02T07:00:00Z
2025-02-28,P00400,0.05299,153,0.5636,326355.08,2025-03-02T07:00:00Z
2025-03-31,P00400,0.05299,154,0.5585,325212.84,2025-04-02T07:00:00Z
2025-04-30,P00400,0.05299,155,0.5533,324074.59,2025-05-02T07:00:00Z
2025-05-31,P00400,0.05299,156,0.5482,322940.33,2025-06-02T07:00:00Z
2025-06-30,P00400,0.05299,157,0.543,321810.04,2025-07-02T07:00:00Z
2025-07-31,P00400,0.05299,158,0.5379,320683.71,2025-08-02T07:00:00Z
2025-08-31,P00400,0.05299,159,0.5328,319561.31,2025-09-02T07:00:00Z
2025-09-30,P00400,0.05299,160,0.5276,318442.85,2025-10-02T07:00:00Z
2025-10-31,P00400,0.05299,161,0.5225,317328.3,2025-11-02T07:00:00Z
2025-11-30,P00400,0.05299,162,0.5173,316217.65,2025-12-02T07:00:00Z
2025-12-31,P00400,0.05299,163,0.5122,315110.89,2026-01-02T07:00:00Z
2023-07-31,P00401,0.05924,8,0.6226,571605.45,2023-08-02T07:00:00Z
2023-08-31,P00401,0.05924,9,0.6176,569604.83,2023-09-02T07:00:00Z
2023-09-30,P00401,0.05924,10,0.6126,567611.21,2023-10-02T07:00:00Z
2023-10-31,P00401,0.05924,11,0.6076,565624.57,2023-11-02T07:00:00Z
2023-11-30,P00401,0.05924,12,0.6026,563644.89,2023-12-02T07:00:00Z
2023-12-31,P00401,0.05924,13,0.5976,561672.13,2024-01-02T07:00:00Z
2024-01-31,P00401,0.05924,14,0.5926,559706.28,2024-02-02T07:00:00Z
2024-02-29,P00401,0.05924,15,0.5876,557747.31,2024-03-02T07:00:00Z
2024-03-31,P00401,0.05924,16,0.5827,555795.19,2024-04-02T07:00:00Z
2024-04-30,P00401,0.05924,17,0.5777,553849.91,2024-05-02T07:00:00Z
2024-05-31,P00401,0.05924,18,0.5727,551911.43,2024-06-02T07:00:00Z
2024-06-30,P00401,0.05924,19,0.5677,549979.74,2024-07-02T07:00:00Z
2024-07-31,P00401,0.05924,20,0.5627,548054.81,2024-08-02T07:00:00Z
2024-08-31,P00401,0.05924,21,0.5577,546136.62,2024-09-02T07:00:00Z
2024-09-30,P00401,0.05924,22,0.5527,544225.14,2024-10-02T07:00:00Z
2024-10-31,P00401,0.05924,23,0.5477,542320.36,2024-11-02T07:00:00Z
2024-11-30,P00401,0.05924,24,0.5427,540422.24,2024-12-02T07:00:00Z
2024-12-31,P00401,0.05924,25,0.5377,538530.76,2025-01-02T07:00:00Z
2025-01-31,P00401,0.05924,26,0.5328,536645.9,2025-02-02T07:00:00Z
2025-02-28,P00401,0.05924,27,0.5278,534767.64,2025-03-02T07:00:00Z
2025-03-31,P00401,0.05924,28,0.5228,532895.95,2025-04-02T07:00:00Z
2023-07-31,P00402,0.07475,134,0.8381,328069.45,2023-08-02T07:00:00Z
2023-08-31,P00402,0.07475,135,0.8323,326921.21,2023-09-02T07:00:00Z
2023-09-30,P00402,0.07475,136,0.8264,325776.98,2023-10-02T07:00:00Z
2023-10-31,P00402,0.07475,137,0.8206,324636.76,2023-11-02T07:00:00Z
2023-11-30,P00402,0.07475,138,0.8147,323500.53,2023-12-02T07:00:00Z
2023-12-31,P00402,0.07475,139,0.8089,322368.28,2024-01-02T07:00:00Z
2024-01-31,P00402,0.07475,140,0.803,321239.99,2024-02-02T07:00:00Z
2024-02-29,P00402,0.07475,141,0.7972,320115.65,2024-03-02T07:00:00Z
2024-03-31,P00402,0.07475,142,0.7913,318995.25,2024-04-02T07:00:00Z
2024-04-30,P00402,0.07475,143,0.7855,317878.77,2024-05-02T07:00:00Z
2024-05-31,P00402,0.07475,144,0.7796,316766.19,2024-06-02T07:00:00Z
2024-06-30,P00402,0.07475,145,0.7738,315657.51,2024-07-02T07:00:00Z
2024-07-31,P00402,0.07475,146,0.7679,314552.71,2024-08-02T07:00:00Z
2024-08-31,P00402,0.07475,147,0.762,313451.77,2024-09-02T07:00:00Z
2024-09-30,P00402,0.07475,148,0.7562,312354.69,2024-10-02T07:00:00Z
2024-10-31,P00402,0.07475,149,0.7503,311261.45,2024-11-02T07:00:00Z
2024-11-30,P00402,0.07475,150,0.7445,310172.03,2024-12-02T07:00:00Z
2024-12-31,P00402,0.07475,151,0.7386,309086.43,2025-01-02T07:00:00Z
2025-01-31,P00402,0.07475,152,0.7328,308004.63,2025-02-02T07:00:00Z
2025-02-28,P00402,0.07475,153,0.7269,306926.61,2025-03-02T07:00:00Z
2025-03-31,P00402,0.07475,154,0.7211,305852.37,2025-04-02T07:00:00Z
2025-04-30,P00402,0.07475,155,0.7152,304781.89,2025-05-02T07:00:00Z
2025-05-31,P00402,0.07475,156,0.7094,303715.15,2025-06-02T07:00:00Z
2025-06-30,P00402,0.07475,157,0.7035,302652.15,2025-07-02T07:00:00Z
2025-07-31,P00402,0.07475,158,0.6977,301592.87,2025-08-02T07:00:00Z
2025-08-31,P00402,0.07475,159,0.6918,300537.29,2025-09-02T07:00:00Z
2025-09-30,P00402,0.07475,160,0.686,299485.41,2025-10-02T07:00:00Z
2025-10-31,P00402,0.07475,161,0.6801,298437.21,2025-11-02T07:00:00Z
2025-11-30,P00402,0.07475,162,0.6743,297392.68,2025-12-02T07:00:00Z
2025-12-31,P00402,0.07475,163,0.6684,296351.81,2026-01-02T07:00:00Z
2023-07-31,P00403,0.0642,108,0.9038,91419.6,2023-08-02T07:00:00Z
2023-08-31,P00403,0.0642,109,0.8977,91099.63,2023-09-02T07:00:00Z
2023-09-30,P00403,0.0642,110,0.8915,90780.78,2023-10-02T07:00:00Z
2023-10-31,P00403,0.0642,111,0.8854,90463.05,2023-11-02T07:00:00Z
2023-11-30,P00403,0.0642,112,0.8793,90146.43,2023-12-02T07:00:00Z
2023-12-31,P00403,0.0642,113,0.8732,89830.92,2024-01-02T07:00:00Z
2024-01-31,P00403,0.0642,114,0.8671,89516.51,2024-02-02T07:00:00Z
2024-02-29,P00403,0.0642,115,0.861,89203.2,2024-03-02T07:00:00Z
2024-03-31,P00403,0.0642,116,0.8549,88890.99,2024-04-02T07:00:00Z
2024-04-30,P00403,0.0642,117,0.8487,88579.87,2024-05-02T07:00:00Z
2024-05-31,P00403,0.0642,118,0.8426,88269.84,2024-06-02T07:00:00Z
2024-06-30,P00403,0.0642,119,0.8365,87960.9,2024-07-02T07:00:00Z
2024-07-31,P00403,0.0642,120,0.8304,87653.03,2024-08-02T07:00:00Z
2024-08-31,P00403,0.0642,121,0.8243,87346.25,2024-09-02T07:00:00Z
2024-09-30,P00403,0.0642,122,0.8182,87040.54,2024-10-02T07:00:00Z
2024-10-31,P00403,0.0642,123,0.812,86735.89,2024-11-02T07:00:00Z
2024-11-30,P00403,0.0642,124,0.8059,86432.32,2024-12-02T07:00:00Z
2024-12-31,P00403,0.0642,125,0.7998,86129.81,2025-01-02T07:00:00Z
2025-01-31,P00403,0.0642,126,0.7937,85828.35,2025-02-02T07:00:00Z
2025-02-28,P00403,0.0642,127,0.7876,85527.95,2025-03-02T07:00:00Z
2025-03-31,P00403,0.0642,128,0.7815,85228.6,2025-04-02T07:00:00Z
2025-04-30,P00403,0.0642,129,0.7754,84930.3,2025-05-02T07:00:00Z
2025-05-31,P00403,0.0642,130,0.7692,84633.05,2025-06-02T07:00:00Z
2025-06-30,P00403,0.0642,131,0.7631,84336.83,2025-07-02T07:00:00Z
2025-07-31,P00403,0.0642,132,0.757,84041.65,2025-08-02T07:00:00Z
2025-08-31,P00403,0.0642,133,0.7509,83747.51,2025-09-02T07:00:00Z
2025-09-30,P00403,0.0642,134,0.7448,83454.39,2025-10-02T07:00:00Z
2025-10-31,P00403,0.0642,135,0.7387,83162.3,2025-11-02T07:00:00Z
2025-11-30,P00403,0.0642,136,0.7326,82871.23,2025-12-02T07:00:00Z
2025-12-31,P00403,0.0642,137,0.7264,82581.18,2026-01-02T07:00:00Z
2023-07-31,P00404,0.07525,110,0.833,92087.81,2023-08-02T07:00:00Z
2023-08-31,P00404,0.07525,111,0.8272,91765.5,2023-09-02T07:00:00Z
2023-09-30,P00404,0.07525,112,0.8214,91444.32,2023-10-02T07:00:00Z
2023-10-31,P00404,0.07525,113,0.8155,91124.27,2023-11-02T07:00:00Z
2023-11-30,P00404,0.07525,114,0.8097,90805.33,2023-12-02T07:00:00Z
2023-12-31,P00404,0.07525,115,0.8039,90487.51,2024-01-02T07:00:00Z
2024-01-31,P00404,0.07525,116,0.7981,90170.81,2024-02-02T07:00:00Z
2024-02-29,P00404,0.07525,117,0.7922,89855.21,2024-03-02T07:00:00Z
2024-03-31,P00404,0.07525,118,0.7864,89540.72,2024-04-02T07:00:00Z
2024-04-30,P00404,0.07525,119,0.7806,89227.32,2024-05-02T07:00:00Z
2024-05-31,P00404,0.07525,120,0.7747,88915.03,2024-06-02T07:00:00Z
2024-06-30,P00404,0.07525,121,0.7689,88603.83,2024-07-02T07:00:00Z
2024-07-31,P00404,0.07525,122,0.7631,88293.71,2024-08-02T07:00:00Z
2024-08-31,P00404,0.07525,123,0.7572,87984.69,2024-09-02T07:00:00Z
2024-09-30,P00404,0.07525,124,0.7514,87676.74,2024-10-02T07:00:00Z
2024-10-31,P00404,0.07525,125,0.7456,87369.87,2024-11-02T07:00:00Z
2024-11-30,P00404,0.07525,126,0.7397,87064.08,2024-12-02T07:00:00Z
2024-12-31,P00404,0.07525,127,0.7339,86759.35,2025-01-02T07:00:00Z
2025-01-31,P00404,0.07525,128,0.7281,86455.69,2025-02-02T07:00:00Z
2025-02-28,P00404,0.07525,129,0.7222,86153.1,2025-03-02T07:00:00Z
2025-03-31,P00404,0.07525,130,0.7164,85851.56,2025-04-02T07:00:00Z
2025-04-30,P00404,0.07525,131,0.7106,85551.08,2025-05-02T07:00:00Z
2023-07-31,P00405,0.05027,7,0.6498,474978.98,2023-08-02T07:00:00Z
2023-08-31,P00405,0.05027,8,0.6447,473316.55,2023-09-02T07:00:00Z
2023-09-30,P00405,0.05027,9,0.6396,471659.95,2023-10-02T07:00:00Z
2023-10-31,P00405,0.05027,10,0.6345,470009.14,2023-11-02T07:00:00Z
2023-11-30,P00405,0.05027,11,0.6294,468364.1,2023-12-02T07:00:00Z
2023-12-31,P00405,0.05027,12,0.6243,466724.83,2024-01-02T07:00:00Z
2024-01-31,P00405,0.05027,13,0.6192,465091.29,2024-02-02T07:00:00Z
2024-02-29,P00405,0.05027,14,0.6141,463463.47,2024-03-02T07:00:00Z
2024-03-31,P00405,0.05027,15,0.609,461841.35,2024-04-02T07:00:00Z
2024-04-30,P00405,0.05027,16,0.6039,460224.91,2024-05-02T07:00:00Z
2024-05-31,P00405,0.05027,17,0.5988,458614.12,2024-06-02T07:00:00Z
2024-06-30,P00405,0.05027,18,0.5937,457008.97,2024-07-02T07:00:00Z
2024-07-31,P00405,0.05027,19,0.5886,455409.44,2024-08-02T07:00:00Z
2024-08-31,P00405,0.05027,20,0.5835,453815.51,2024-09-02T07:00:00Z
2023-07-31,P00406,0.06135,87,0.6846,449033.6,2023-08-02T07:00:00Z
2023-08-31,P00406,0.06135,88,0.6793,447461.98,2023-09-02T07:00:00Z
2023-09-30,P00406,0.06135,89,0.6741,445895.87,2023-10-02T07:00:00Z
2023-10-31,P00406,0.06135,90,0.6689,444335.23,2023-11-02T07:00:00Z
2023-11-30,P00406,0.06135,91,0.6636,442780.06,2023-12-02T07:00:00Z
2023-12-31,P00406,0.06135,92,0.6584,441230.33,2024-01-02T07:00:00Z
2024-01-31,P00406,0.06135,93,0.6532,439686.02,2024-02-02T07:00:00Z
2024-02-29,P00406,0.06135,94,0.6479,438147.12,2024-03-02T07:00:00Z
2024-03-31,P00406,0.06135,95,0.6427,436613.6,2024-04-02T07:00:00Z
2024-04-30,P00406,0.06135,96,0.6374,435085.46,2024-05-02T07:00:00Z
2024-05-31,P00406,0.06135,97,0.6322,433562.66,2024-06-02T07:00:00Z
2024-06-30,P00406,0.06135,98,0.627,432045.19,2024-07-02T07:00:00Z
2024-07-31,P00406,0.06135,99,0.6217,430533.03,2024-08-02T07:00:00Z
2024-08-31,P00406,0.06135,100,0.6165,429026.16,2024-09-02T07:00:00Z
2024-09-30,P00406,0.06135,101,0.6113,427524.57,2024-10-02T07:00:00Z
2023-07-31,P00407,0.07123,119,0.5416,572325.45,2023-08-02T07:00:00Z
2023-08-31,P00407,0.07123,120,0.5369,570322.31,2023-09-02T07:00:00Z
2023-09-30,P00407,0.07123,121,0.5322,568326.18,2023-10-02T07:00:00Z
2023-10-31,P00407,0.07123,122,0.5276,566337.04,2023-11-02T07:00:00Z
2023-11-30,P00407,0.07123,123,0.5229,564354.86,2023-12-02T07:00:00Z
2023-12-31,P00407,0.07123,124,0.5182,562379.62,2024-01-02T07:00:00Z
2024-01-31,P00407,0.07123,125,0.5136,560411.29,2024-02-02T07:00:00Z
2024-02-29,P00407,0.07123,126,0.5089,558449.85,2024-03-02T07:00:00Z
2024-03-31,P00407,0.07123,127,0.5042,556495.28,2024-04-02T07:00:00Z
2024-04-30,P00407,0.07123,128,0.4996,554547.54,2024-05-02T07:00:00Z
2024-05-31,P00407,0.07123,129,0.4949,552606.63,2024-06-02T07:00:00Z
2024-06-30,P00407,0.07123,130,0.4902,550672.5,2024-07-02T07:00:00Z
2024-07-31,P00407,0.07123,131,0.4856,548745.15,2024-08-02T07:00:00Z
2024-08-31,P00407,0.07123,132,0.4809,546824.54,2024-09-02T07:00:00Z
2024-09-30,P00407,0.07123,133,0.4762,544910.66,2024-10-02T07:00:00Z
2024-10-31,P00407,0.07123,134,0.4716,543003.47,2024-11-02T07:00:00Z
2024-11-30,P00407,0.07123,135,0.4669,541102.96,2024-12-02T07:00:00Z
2024-12-31,P00407,0.07123,136,0.4622,539209.1,2025-01-02T07:00:00Z
2025-01-31,P00407,0.07123,137,0.4576,537321.86,2025-02-02T07:00:00Z
2025-02-28,P00407,0.07123,138,0.4529,535441.24,2025-03-02T07:00:00Z
2025-03-31,P00407,0.07123,139,0.4482,533567.19,2025-04-02T07:00:00Z
2023-07-31,P00408,0.05436,84,0.654,324822.92,2023-08-02T07:00:00Z
2023-08-31,P00408,0.05436,85,0.6489,323686.04,2023-09-02T07:00:00Z
2023-09-30,P00408,0.05436,86,0.6438,322553.14,2023-10-02T07:00:00Z
2023-10-31,P00408,0.05436,87,0.6387,321424.2,2023-11-02T07:00:00Z
2023-11-30,P00408,0.05436,88,0.6336,320299.22,2023-12-02T07:00:00Z
2023-12-31,P00408,0.05436,89,0.6285,319178.17,2024-01-02T07:00:00Z
2024-01-31,P00408,0.05436,90,0.6233,318061.05,2024-02-02T07:00:00Z
2024-02-29,P00408,0.05436,91,0.6182,316947.83,2024-03-02T07:00:00Z
2024-03-31,P00408,0.05436,92,0.6131,315838.52,2024-04-02T07:00:00Z
2024-04-30,P00408,0.05436,93,0.608,314733.08,2024-05-02T07:00:00Z
2024-05-31,P00408,0.05436,94,0.6029,313631.52,2024-06-02T07:00:00Z
2024-06-30,P00408,0.05436,95,0.5978,312533.81,2024-07-02T07:00:00Z
2024-07-31,P00408,0.05436,96,0.5927,311439.94,2024-08-02T07:00:00Z
2024-08-31,P00408,0.05436,97,0.5875,310349.9,2024-09-02T07:00:00Z
2024-09-30,P00408,0.05436,98,0.5824,309263.67,2024-10-02T07:00:00Z
2024-10-31,P00408,0.05436,99,0.5773,308181.25,2024-11-02T07:00:00Z
2024-11-30,P00408,0.05436,100,0.5722,307102.62,2024-12-02T07:00:00Z
2024-12-31,P00408,0.05436,101,0.5671,306027.76,2025-01-02T07:00:00Z
2023-07-31,P00409,0.09196,82,0.4632,686192.76,2023-08-02T07:00:00Z
2023-08-31,P00409,0.09196,83,0.4588,683791.09,2023-09-02T07:00:00Z
2023-09-30,P00409,0.09196,84,0.4545,681397.82,2023-10-02T07:00:00Z
2023-10-31,P00409,0.09196,85,0.4501,679012.92,2023-11-02T07:00:00Z
2023-11-30,P00409,0.09196,86,0.4458,676636.38,2023-12-02T07:00:00Z
2023-12-31,P00409,0.09196,87,0.4414,674268.15,2024-01-02T07:00:00Z
2024-01-31,P00409,0.09196,88,0.437,671908.21,2024-02-02T07:00:00Z
2024-02-29,P00409,0.09196,89,0.4327,669556.53,2024-03-02T07:00:00Z
2023-07-31,P00410,0.0628,30,0.5486,602567.0,2023-08-02T07:00:00Z
2023-08-31,P00410,0.0628,31,0.5439,600458.02,2023-09-02T07:00:00Z
2023-09-30,P00410,0.0628,32,0.5392,598356.41,2023-10-02T07:00:00Z
2023-10-31,P00410,0.0628,33,0.5345,596262.17,2023-11-02T07:00:00Z
2023-11-30,P00410,0.0628,34,0.5298,594175.25,2023-12-02T07:00:00Z
2023-12-31,P00410,0.0628,35,0.5251,592095.63,2024-01-02T07:00:00Z
2024-01-31,P00410,0.0628,36,0.5205,590023.3,2024-02-02T07:00:00Z
2024-02-29,P00410,0.0628,37,0.5158,587958.22,2024-03-02T07:00:00Z
2024-03-31,P00410,0.0628,38,0.5111,585900.36,2024-04-02T07:00:00Z
2024-04-30,P00410,0.0628,39,0.5064,583849.71,2024-05-02T07:00:00Z
2024-05-31,P00410,0.0628,40,0.5017,581806.24,2024-06-02T07:00:00Z
2024-06-30,P00410,0.0628,41,0.497,579769.92,2024-07-02T07:00:00Z
2024-07-31,P00410,0.0628,42,0.4923,577740.72,2024-08-02T07:00:00Z
2024-08-31,P00410,0.0628,43,0.4876,575718.63,2024-09-02T07:00:00Z
2024-09-30,P00410,0.0628,44,0.4829,573703.61,2024-10-02T07:00:00Z
2024-10-31,P00410,0.0628,45,0.4782,571695.65,2024-11-02T07:00:00Z
2024-11-30,P00410,0.0628,46,0.4735,569694.72,2024-12-02T07:00:00Z
2024-12-31,P00410,0.0628,47,0.4688,567700.79,2025-01-02T07:00:00Z
2025-01-31,P00410,0.0628,48,0.4641,565713.83,2025-02-02T07:00:00Z
2025-02-28,P00410,0.0628,49,0.4594,563733.83,2025-03-02T07:00:00Z
2025-03-31,P00410,0.0628,50,0.4547,561760.77,2025-04-02T07:00:00Z
2025-04-30,P00410,0.0628,51,0.45,559794.6,2025-05-02T07:00:00Z
2025-05-31,P00410,0.0628,52,0.4453,557835.32,2025-06-02T07:00:00Z
2025-06-30,P00410,0.0628,53,0.4406,555882.9,2025-07-02T07:00:00Z
2025-07-31,P00410,0.0628,54,0.4359,553937.31,2025-08-02T07:00:00Z
2025-08-31,P00410,0.0628,55,0.4313,551998.53,2025-09-02T07:00:00Z
2025-09-30,P00410,0.0628,56,0.4266,550066.53,2025-10-02T07:00:00Z
2025-10-31,P00410,0.0628,57,0.4219,548141.3,2025-11-02T07:00:00Z
2025-11-30,P00410,0.0628,58,0.4172,546222.81,2025-12-02T07:00:00Z
2025-12-31,P00410,0.0628,59,0.4125,544311.03,2026-01-02T07:00:00Z
2023-07-31,P00411,0.05004,16,0.6615,289140.79,2023-08-02T07:00:00Z
2023-08-31,P00411,0.05004,17,0.6563,288128.8,2023-09-02T07:00:00Z
2023-09-30,P00411,0.05004,18,0.6512,287120.35,2023-10-02T07:00:00Z
2023-10-31,P00411,0.05004,19,0.646,286115.43,2023-11-02T07:00:00Z
2023-11-30,P00411,0.05004,20,0.6409,285114.02,2023-12-02T07:00:00Z
2023-12-31,P00411,0.05004,21,0.6357,284116.12,2024-01-02T07:00:00Z
2024-01-31,P00411,0.05004,22,0.6306,283121.72,2024-02-02T07:00:00Z
2024-02-29,P00411,0.05004,23,0.6255,282130.79,2024-03-02T07:00:00Z
2024-03-31,P00411,0.05004,24,0.6203,281143.33,2024-04-02T07:00:00Z
2024-04-30,P00411,0.05004,25,0.6152,280159.33,2024-05-02T07:00:00Z
2024-05-31,P00411,0.05004,26,0.61,279178.77,2024-06-02T07:00:00Z
2024-06-30,P00411,0.05004,27,0.6049,278201.65,2024-07-02T07:00:00Z
2024-07-31,P00411,0.05004,28,0.5997,277227.94,2024-08-02T07:00:00Z
2024-08-31,P00411,0.05004,29,0.5946,276257.64,2024-09-02T07:00:00Z
2024-09-30,P00411,0.05004,30,0.5894,275290.74,2024-10-02T07:00:00Z
2024-10-31,P00411,0.05004,31,0.5843,274327.22,2024-11-02T07:00:00Z
2024-11-30,P00411,0.05004,32,0.5791,273367.08,2024-12-02T07:00:00Z
2024-12-31,P00411,0.05004,33,0.574,272410.29,2025-01-02T07:00:00Z
2025-01-31,P00411,0.05004,34,0.5689,271456.86,2025-02-02T07:00:00Z
2025-02-28,P00411,0.05004,35,0.5637,270506.76,2025-03-02T07:00:00Z
2025-03-31,P00411,0.05004,36,0.5586,269559.99,2025-04-02T07:00:00Z
2025-04-30,P00411,0.05004,37,0.5534,268616.53,2025-05-02T07:00:00Z
2025-05-31,P00411,0.05004,38,0.5483,267676.37,2025-06-02T07:00:00Z
2025-06-30,P00411,0.05004,39,0.5431,266739.5,2025-07-02T07:00:00Z
2025-07-31,P00411,0.05004,40,0.538,265805.91,2025-08-02T07:00:00Z
2025-08-31,P00411,0.05004,41,0.5328,264875.59,2025-09-02T07:00:00Z
2025-09-30,P00411,0.05004,42,0.5277,263948.53,2025-10-02T07:00:00Z
2025-10-31,P00411,0.05004,43,0.5225,263024.71,2025-11-02T07:00:00Z
2025-11-30,P00411,0.05004,44,0.5174,262104.12,2025-12-02T07:00:00Z
2025-12-31,P00411,0.05004,45,0.5122,261186.76,2026-01-02T07:00:00Z
2023-07-31,P00412,0.08714,78,0.7141,636788.6,2023-08-02T07:00:00Z
2023-08-31,P00412,0.08714,79,0.7088,634559.84,2023-09-02T07:00:00Z
2023-09-30,P00412,0.08714,80,0.7034,632338.88,2023-10-02T07:00:00Z
2023-10-31,P00412,0.08714,81,0.6981,630125.69,2023-11-02T07:00:00Z
2023-11-30,P00412,0.08714,82,0.6927,627920.25,2023-12-02T07:00:00Z
2023-12-31,P00412,0.08714,83,0.6874,625722.53,2024-01-02T07:00:00Z
2024-01-31,P00412,0.08714,84,0.682,623532.5,2024-02-02T07:00:00Z
2024-02-29,P00412,0.08714,85,0.6766,621350.14,2024-03-02T07:00:00Z
2024-03-31,P00412,0.08714,86,0.6713,619175.42,2024-04-02T07:00:00Z
2024-04-30,P00412,0.08714,87,0.6659,617008.3,2024-05-02T07:00:00Z
2024-05-31,P00412,0.08714,88,0.6606,614848.77,2024-06-02T07:00:00Z
2024-06-30,P00412,0.08714,89,0.6552,612696.8,2024-07-02T07:00:00Z
2024-07-31,P00412,0.08714,90,0.6499,610552.36,2024-08-02T07:00:00Z
2024-08-31,P00412,0.08714,91,0.6445,608415.43,2024-09-02T07:00:00Z
2024-09-30,P00412,0.08714,92,0.6391,606285.98,2024-10-02T07:00:00Z
2024-10-31,P00412,0.08714,93,0.6338,604163.97,2024-11-02T07:00:00Z
2024-11-30,P00412,0.08714,94,0.6284,602049.4,2024-12-02T07:00:00Z
2024-12-31,P00412,0.08714,95,0.6231,599942.23,2025-01-02T07:00:00Z
2025-01-31,P00412,0.08714,96,0.6177,597842.43,2025-02-02T07:00:00Z
2023-07-31,P00413,0.04427,121,0.5809,300971.35,2023-08-02T07:00:00Z
2023-08-31,P00413,0.04427,122,0.5761,299917.95,2023-09-02T07:00:00Z
2023-09-30,P00413,0.04427,123,0.5713,298868.24,2023-10-02T07:00:00Z
2023-10-31,P00413,0.04427,124,0.5665,297822.2,2023-11-02T07:00:00Z
2023-11-30,P00413,0.04427,125,0.5616,296779.82,2023-12-02T07:00:00Z
2023-12-31,P00413,0.04427,126,0.5568,295741.09,2024-01-02T07:00:00Z
2024-01-31,P00413,0.04427,127,0.552,294706.0,2024-02-02T07:00:00Z
2024-02-29,P00413,0.04427,128,0.5472,293674.53,2024-03-02T07:00:00Z
2024-03-31,P00413,0.04427,129,0.5424,292646.67,2024-04-02T07:00:00Z
2024-04-30,P00413,0.04427,130,0.5375,291622.4,2024-05-02T07:00:00Z
2024-05-31,P00413,0.04427,131,0.5327,290601.72,2024-06-02T07:00:00Z
2024-06-30,P00413,0.04427,132,0.5279,289584.62,2024-07-02T07:00:00Z
2024-07-31,P00413,0.04427,133,0.5231,288571.07,2024-08-02T07:00:00Z
2023-07-31,P00414,0.04347,121,0.7659,151319.07,2023-08-02T07:00:00Z
2023-08-31,P00414,0.04347,122,0.7603,150789.45,2023-09-02T07:00:00Z
2023-09-30,P00414,0.04347,123,0.7547,150261.69,2023-10-02T07:00:00Z
2023-10-31,P00414,0.04347,124,0.7492,149735.77,2023-11-02T07:00:00Z
2023-11-30,P00414,0.04347,125,0.7436,149211.7,2023-12-02T07:00:00Z
2023-12-31,P00414,0.04347,126,0.738,148689.46,2024-01-02T07:00:00Z
2024-01-31,P00414,0.04347,127,0.7325,148169.04,2024-02-02T07:00:00Z
2024-02-29,P00414,0.04347,128,0.7269,147650.45,2024-03-02T07:00:00Z
2024-03-31,P00414,0.04347,129,0.7214,147133.68,2024-04-02T07:00:00Z
2024-04-30,P00414,0.04347,130,0.7158,146618.71,2024-05-02T07:00:00Z
2024-05-31,P00414,0.04347,131,0.7102,146105.54,2024-06-02T07:00:00Z
2024-06-30,P00414,0.04347,132,0.7047,145594.17,2024-07-02T07:00:00Z
2024-07-31,P00414,0.04347,133,0.6991,145084.59,2024-08-02T07:00:00Z
2024-08-31,P00414,0.04347,134,0.6935,144576.8,2024-09-02T07:00:00Z
2024-09-30,P00414,0.04347,135,0.688,144070.78,2024-10-02T07:00:00Z
2024-10-31,P00414,0.04347,136,0.6824,143566.53,2024-11-02T07:00:00Z
2023-07-31,P00415,0.06821,43,0.8764,230878.5,2023-08-02T07:00:00Z
2023-08-31,P00415,0.06821,44,0.8704,230070.43,2023-09-02T07:00:00Z
2023-09-30,P00415,0.06821,45,0.8644,229265.18,2023-10-02T07:00:00Z
2023-10-31,P00415,0.06821,46,0.8584,228462.75,2023-11-02T07:00:00Z
2023-11-30,P00415,0.06821,47,0.8524,227663.13,2023-12-02T07:00:00Z
2023-12-31,P00415,0.06821,48,0.8464,226866.31,2024-01-02T07:00:00Z
2024-01-31,P00415,0.06821,49,0.8404,226072.28,2024-02-02T07:00:00Z
2024-02-29,P00415,0.06821,50,0.8344,225281.02,2024-03-02T07:00:00Z
2024-03-31,P00415,0.06821,51,0.8284,224492.54,2024-04-02T07:00:00Z
2024-04-30,P00415,0.06821,52,0.8224,223706.82,2024-05-02T07:00:00Z
2024-05-31,P00415,0.06821,53,0.8164,222923.84,2024-06-02T07:00:00Z
2024-06-30,P00415,0.06821,54,0.8104,222143.61,2024-07-02T07:00:00Z
2024-07-31,P00415,0.06821,55,0.8044,221366.11,2024-08-02T07:00:00Z
2024-08-31,P00415,0.06821,56,0.7984,220591.33,2024-09-02T07:00:00Z
2024-09-30,P00415,0.06821,57,0.7924,219819.26,2024-10-02T07:00:00Z
2024-10-31,P00415,0.06821,58,0.7864,219049.89,2024-11-02T07:00:00Z
2024-11-30,P00415,0.06821,59,0.7803,218283.21,2024-12-02T07:00:00Z
2024-12-31,P00415,0.06821,60,0.7743,217519.22,2025-01-02T07:00:00Z
2025-01-31,P00415,0.06821,61,0.7683,216757.91,2025-02-02T07:00:00Z
2025-02-28,P00415,0.06821,62,0.7623,215999.25,2025-03-02T07:00:00Z
2025-03-31,P00415,0.06821,63,0.7563,215243.26,2025-04-02T07:00:00Z
2025-04-30,P00415,0.06821,64,0.7503,214489.9,2025-05-02T07:00:00Z
2025-05-31,P00415,0.06821,65,0.7443,213739.19,2025-06-02T07:00:00Z
2025-06-30,P00415,0.06821,66,0.7383,212991.1,2025-07-02T07:00:00Z
2025-07-31,P00415,0.06821,67,0.7323,212245.63,2025-08-02T07:00:00Z
2025-08-31,P00415,0.06821,68,0.7263,211502.77,2025-09-02T07:00:00Z
2025-09-30,P00415,0.06821,69,0.7203,210762.51,2025-10-02T07:00:00Z
2025-10-31,P00415,0.06821,70,0.7143,210024.85,2025-11-02T07:00:00Z
2025-11-30,P00415,0.06821,71,0.7083,209289.76,2025-12-02T07:00:00Z
2025-12-31,P00415,0.06821,72,0.7023,208557.24,2026-01-02T07:00:00Z
2023-07-31,P00416,0.05551,127,0.6761,239570.98,2023-08-02T07:00:00Z
2023-08-31,P00416,0.05551,128,0.6709,238732.48,2023-09-02T07:00:00Z
2023-09-30,P00416,0.05551,129,0.6657,237896.92,2023-10-02T07:00:00Z
2023-10-31,P00416,0.05551,130,0.6605,237064.28,2023-11-02T07:00:00Z
2023-11-30,P00416,0.05551,131,0.6553,236234.55,2023-12-02T07:00:00Z
2023-12-31,P00416,0.05551,132,0.6501,235407.73,2024-01-02T07:00:00Z
2024-01-31,P00416,0.05551,133,0.6449,234583.81,2024-02-02T07:00:00Z
2024-02-29,P00416,0.05551,134,0.6397,233762.76,2024-03-02T07:00:00Z
2024-03-31,P00416,0.05551,135,0.6345,232944.59,2024-04-02T07:00:00Z
2024-04-30,P00416,0.05551,136,0.6293,232129.29,2024-05-02T07:00:00Z
2024-05-31,P00416,0.05551,137,0.6241,231316.83,2024-06-02T07:00:00Z
2024-06-30,P00416,0.05551,138,0.6189,230507.23,2024-07-02T07:00:00Z
2024-07-31,P00416,0.05551,139,0.6137,229700.45,2024-08-02T07:00:00Z
2024-08-31,P00416,0.05551,140,0.6085,228896.5,2024-09-02T07:00:00Z
2024-09-30,P00416,0.05551,141,0.6032,228095.36,2024-10-02T07:00:00Z
2024-10-31,P00416,0.05551,142,0.598,227297.03,2024-11-02T07:00:00Z
2024-11-30,P00416,0.05551,143,0.5928,226501.49,2024-12-02T07:00:00Z
2024-12-31,P00416,0.05551,144,0.5876,225708.73,2025-01-02T07:00:00Z
2025-01-31,P00416,0.05551,145,0.5824,224918.75,2025-02-02T07:00:00Z
2025-02-28,P00416,0.05551,146,0.5772,224131.54,2025-03-02T07:00:00Z
2025-03-31,P00416,0.05551,147,0.572,223347.08,2025-04-02T07:00:00Z
2025-04-30,P00416,0.05551,148,0.5668,222565.36,2025-05-02T07:00:00Z
2025-05-31,P00416,0.05551,149,0.5616,221786.38,2025-06-02T07:00:00Z
2025-06-30,P00416,0.05551,150,0.5564,221010.13,2025-07-02T07:00:00Z
2025-07-31,P00416,0.05551,151,0.5512,220236.59,2025-08-02T07:00:00Z
2025-08-31,P00416,0.05551,152,0.546,219465.77,2025-09-02T07:00:00Z
2025-09-30,P00416,0.05551,153,0.5408,218697.64,2025-10-02T07:00:00Z
2025-10-31,P00416,0.05551,154,0.5356,217932.19,2025-11-02T07:00:00Z
2025-11-30,P00416,0.05551,155,0.5304,217169.43,2025-12-02T07:00:00Z
2025-12-31,P00416,0.05551,156,0.5252,216409.34,2026-01-02T07:00:00Z
2023-07-31,P00417,0.06012,100,0.6778,265510.96,2023-08-02T07:00:00Z
2023-08-31,P00417,0.06012,101,0.6726,264581.67,2023-09-02T07:00:00Z
2023-09-30,P00417,0.06012,102,0.6674,263655.64,2023-10-02T07:00:00Z
2023-10-31,P00417,0.06012,103,0.6622,262732.84,2023-11-02T07:00:00Z
2023-11-30,P00417,0.06012,104,0.657,261813.28,2023-12-02T07:00:00Z
2023-12-31,P00417,0.06012,105,0.6518,260896.93,2024-01-02T07:00:00Z
2024-01-31,P00417,0.06012,106,0.6466,259983.79,2024-02-02T07:00:00Z
2024-02-29,P00417,0.06012,107,0.6413,259073.85,2024-03-02T07:00:00Z
2024-03-31,P00417,0.06012,108,0.6361,258167.09,2024-04-02T07:00:00Z
2024-04-30,P00417,0.06012,109,0.6309,257263.5,2024-05-02T07:00:00Z
2024-05-31,P00417,0.06012,110,0.6257,256363.08,2024-06-02T07:00:00Z
2024-06-30,P00417,0.06012,111,0.6205,255465.81,2024-07-02T07:00:00Z
2024-07-31,P00417,0.06012,112,0.6153,254571.68,2024-08-02T07:00:00Z
2024-08-31,P00417,0.06012,113,0.6101,253680.68,2024-09-02T07:00:00Z
2024-09-30,P00417,0.06012,114,0.6049,252792.8,2024-10-02T07:00:00Z
2024-10-31,P00417,0.06012,115,0.5997,251908.02,2024-11-02T07:00:00Z
2024-11-30,P00417,0.06012,116,0.5944,251026.34,2024-12-02T07:00:00Z
2024-12-31,P00417,0.06012,117,0.5892,250147.75,2025-01-02T07:00:00Z
2025-01-31,P00417,0.06012,118,0.584,249272.24,2025-02-02T07:00:00Z
2025-02-28,P00417,0.06012,119,0.5788,248399.78,2025-03-02T07:00:00Z
2025-03-31,P00417,0.06012,120,0.5736,247530.38,2025-04-02T07:00:00Z
2025-04-30,P00417,0.06012,121,0.5684,246664.03,2025-05-02T07:00:00Z
2025-05-31,P00417,0.06012,122,0.5632,245800.7,2025-06-02T07:00:00Z
2025-06-30,P00417,0.06012,123,0.558,244940.4,2025-07-02T07:00:00Z
2025-07-31,P00417,0.06012,124,0.5527,244083.11,2025-08-02T07:00:00Z
2025-08-31,P00417,0.06012,125,0.5475,243228.82,2025-09-02T07:00:00Z
2025-09-30,P00417,0.06012,126,0.5423,242377.52,2025-10-02T07:00:00Z
2025-10-31,P00417,0.06012,127,0.5371,241529.2,2025-11-02T07:00:00Z
2025-11-30,P00417,0.06012,128,0.5319,240683.84,2025-12-02T07:00:00Z
2025-12-31,P00417,0.06012,129,0.5267,239841.45,2026-01-02T07:00:00Z
2023-07-31,P00418,0.05411,6,0.9033,97642.83,2023-08-02T07:00:00Z
2023-08-31,P00418,0.05411,7,0.8972,97301.08,2023-09-02T07:00:00Z
2023-09-30,P00418,0.05411,8,0.8911,96960.53,2023-10-02T07:00:00Z
2023-10-31,P00418,0.05411,9,0.885,96621.16,2023-11-02T07:00:00Z
2023-11-30,P00418,0.05411,10,0.8789,96282.99,2023-12-02T07:00:00Z
2023-12-31,P00418,0.05411,11,0.8727,95946.0,2024-01-02T07:00:00Z
2024-01-31,P00418,0.05411,12,0.8666,95610.19,2024-02-02T07:00:00Z
2024-02-29,P00418,0.05411,13,0.8605,95275.55,2024-03-02T07:00:00Z
2024-03-31,P00418,0.05411,14,0.8544,94942.09,2024-04-02T07:00:00Z
2024-04-30,P00418,0.05411,15,0.8483,94609.79,2024-05-02T07:00:00Z
2024-05-31,P00418,0.05411,16,0.8422,94278.66,2024-06-02T07:00:00Z
2024-06-30,P00418,0.05411,17,0.8361,93948.68,2024-07-02T07:00:00Z
2024-07-31,P00418,0.05411,18,0.8299,93619.86,2024-08-02T07:00:00Z
2024-08-31,P00418,0.05411,19,0.8238,93292.19,2024-09-02T07:00:00Z
2024-09-30,P00418,0.05411,20,0.8177,92965.67,2024-10-02T07:00:00Z
2024-10-31,P00418,0.05411,21,0.8116,92640.29,2024-11-02T07:00:00Z
2024-11-30,P00418,0.05411,22,0.8055,92316.05,2024-12-02T07:00:00Z
2024-12-31,P00418,0.05411,23,0.7994,91992.94,2025-01-02T07:00:00Z
2025-01-31,P00418,0.05411,24,0.7933,91670.97,2025-02-02T07:00:00Z
2025-02-28,P00418,0.05411,25,0.7872,91350.12,2025-03-02T07:00:00Z
2025-03-31,P00418,0.05411,26,0.781,91030.39,2025-04-02T07:00:00Z
2025-04-30,P00418,0.05411,27,0.7749,90711.79,2025-05-02T07:00:00Z
2025-05-31,P00418,0.05411,28,0.7688,90394.3,2025-06-02T07:00:00Z
2025-06-30,P00418,0.05411,29,0.7627,90077.92,2025-07-02T07:00:00Z
2025-07-31,P00418,0.05411,30,0.7566,89762.64,2025-08-02T07:00:00Z
2025-08-31,P00418,0.05411,31,0.7505,89448.47,2025-09-02T07:00:00Z
2025-09-30,P00418,0.05411,32,0.7444,89135.4,2025-10-02T07:00:00Z
2025-10-31,P00418,0.05411,33,0.7382,88823.43,2025-11-02T07:00:00Z
2025-11-30,P00418,0.05411,34,0.7321,88512.55,2025-12-02T07:00:00Z
2025-12-31,P00418,0.05411,35,0.726,88202.75,2026-01-02T07:00:00Z
2023-07-31,P00419,0.05934,77,0.6298,377573.15,2023-08-02T07:00:00Z
2023-08-31,P00419,0.05934,78,0.6247,376251.64,2023-09-02T07:00:00Z
2023-09-30,P00419,0.05934,79,0.6197,374934.76,2023-10-02T07:00:00Z
2023-10-31,P00419,0.05934,80,0.6147,373622.49,2023-11-02T07:00:00Z
2023-11-30,P00419,0.05934,81,0.6097,372314.81,2023-12-02T07:00:00Z
2023-12-31,P00419,0.05934,82,0.6047,371011.71,2024-01-02T07:00:00Z
2024-01-31,P00419,0.05934,83,0.5997,369713.17,2024-02-02T07:00:00Z
2024-02-29,P00419,0.05934,84,0.5946,368419.17,2024-03-02T07:00:00Z
2024-03-31,P00419,0.05934,85,0.5896,367129.71,2024-04-02T07:00:00Z
2024-04-30,P00419,0.05934,86,0.5846,365844.75,2024-05-02T07:00:00Z
2024-05-31,P00419,0.05934,87,0.5796,364564.3,2024-06-02T07:00:00Z
2024-06-30,P00419,0.05934,88,0.5746,363288.32,2024-07-02T07:00:00Z
2024-07-31,P00419,0.05934,89,0.5695,362016.81,2024-08-02T07:00:00Z
2024-08-31,P00419,0.05934,90,0.5645,360749.75,2024-09-02T07:00:00Z
2024-09-30,P00419,0.05934,91,0.5595,359487.13,2024-10-02T07:00:00Z
2024-10-31,P00419,0.05934,92,0.5545,358228.92,2024-11-02T07:00:00Z
2023-07-31,P00420,0.06086,104,0.4531,623136.51,2023-08-02T07:00:00Z
2023-08-31,P00420,0.06086,105,0.4488,620955.53,2023-09-02T07:00:00Z
2023-09-30,P00420,0.06086,106,0.4445,618782.19,2023-10-02T07:00:00Z
2023-10-31,P00420,0.06086,107,0.4402,616616.45,2023-11-02T07:00:00Z
2023-11-30,P00420,0.06086,108,0.4359,614458.29,2023-12-02T07:00:00Z
2023-12-31,P00420,0.06086,109,0.4316,612307.69,2024-01-02T07:00:00Z
2024-01-31,P00420,0.06086,110,0.4272,610164.61,2024-02-02T07:00:00Z
2024-02-29,P00420,0.06086,111,0.4229,608029.04,2024-03-02T07:00:00Z
2024-03-31,P00420,0.06086,112,0.4186,605900.93,2024-04-02T07:00:00Z
2024-04-30,P00420,0.06086,113,0.4143,603780.28,2024-05-02T07:00:00Z
2024-05-31,P00420,0.06086,114,0.41,601667.05,2024-06-02T07:00:00Z
2024-06-30,P00420,0.06086,115,0.4057,599561.21,2024-07-02T07:00:00Z
2024-07-31,P00420,0.06086,116,0.4014,597462.75,2024-08-02T07:00:00Z
2024-08-31,P00420,0.06086,117,0.3971,595371.63,2024-09-02T07:00:00Z
2024-09-30,P00420,0.06086,118,0.3927,593287.83,2024-10-02T07:00:00Z
2024-10-31,P00420,0.06086,119,0.3884,591211.32,2024-11-02T07:00:00Z
2024-11-30,P00420,0.06086,120,0.3841,589142.08,2024-12-02T07:00:00Z
2024-12-31,P00420,0.06086,121,0.3798,587080.09,2025-01-02T07:00:00Z
2025-01-31,P00420,0.06086,122,0.3755,585025.31,2025-02-02T07:00:00Z
2023-07-31,P00421,0.04098,97,0.7709,630482.45,2023-08-02T07:00:00Z
2023-08-31,P00421,0.04098,98,0.7653,628275.76,2023-09-02T07:00:00Z
2023-09-30,P00421,0.04098,99,0.7597,626076.8,2023-10-02T07:00:00Z
2023-10-31,P00421,0.04098,100,0.7541,623885.53,2023-11-02T07:00:00Z
2023-11-30,P00421,0.04098,101,0.7485,621701.93,2023-12-02T07:00:00Z
2023-12-31,P00421,0.04098,102,0.743,619525.97,2024-01-02T07:00:00Z
2024-01-31,P00421,0.04098,103,0.7374,617357.63,2024-02-02T07:00:00Z
2024-02-29,P00421,0.04098,104,0.7318,615196.88,2024-03-02T07:00:00Z
2024-03-31,P00421,0.04098,105,0.7262,613043.69,2024-04-02T07:00:00Z
2024-04-30,P00421,0.04098,106,0.7206,610898.04,2024-05-02T07:00:00Z
2024-05-31,P00421,0.04098,107,0.715,608759.89,2024-06-02T07:00:00Z
2024-06-30,P00421,0.04098,108,0.7095,606629.23,2024-07-02T07:00:00Z
2024-07-31,P00421,0.04098,109,0.7039,604506.03,2024-08-02T07:00:00Z
2024-08-31,P00421,0.04098,110,0.6983,602390.26,2024-09-02T07:00:00Z
2024-09-30,P00421,0.04098,111,0.6927,600281.89,2024-10-02T07:00:00Z
2024-10-31,P00421,0.04098,112,0.6871,598180.91,2024-11-02T07:00:00Z
2024-11-30,P00421,0.04098,113,0.6815,596087.27,2024-12-02T07:00:00Z
2024-12-31,P00421,0.04098,114,0.676,594000.97,2025-01-02T07:00:00Z
2025-01-31,P00421,0.04098,115,0.6704,591921.97,2025-02-02T07:00:00Z
2025-02-28,P00421,0.04098,116,0.6648,589850.24,2025-03-02T07:00:00Z
2025-03-31,P00421,0.04098,117,0.6592,587785.76,2025-04-02T07:00:00Z
2025-04-30,P00421,0.04098,118,0.6536,585728.51,2025-05-02T07:00:00Z
2025-05-31,P00421,0.04098,119,0.648,583678.46,2025-06-02T07:00:00Z
2025-06-30,P00421,0.04098,120,0.6425,581635.59,2025-07-02T07:00:00Z
2025-07-31,P00421,0.04098,121,0.6369,579599.86,2025-08-02T07:00:00Z
2025-08-31,P00421,0.04098,122,0.6313,577571.26,2025-09-02T07:00:00Z
2025-09-30,P00421,0.04098,123,0.6257,575549.77,2025-10-02T07:00:00Z
2025-10-31,P00421,0.04098,124,0.6201,573535.34,2025-11-02T07:00:00Z
2025-11-30,P00421,0.04098,125,0.6145,571527.97,2025-12-02T07:00:00Z
2025-12-31,P00421,0.04098,126,0.609,569527.62,2026-01-02T07:00:00Z
2023-07-31,P00422,0.04683,124,0.4545,659833.63,2023-08-02T07:00:00Z
2023-08-31,P00422,0.04683,125,0.4501,657524.21,2023-09-02T07:00:00Z
2023-09-30,P00422,0.04683,126,0.4458,655222.88,2023-10-02T07:00:00Z
2023-10-31,P00422,0.04683,127,0.4415,652929.6,2023-11-02T07:00:00Z
2023-11-30,P00422,0.04683,128,0.4372,650644.34,2023-12-02T07:00:00Z
2023-12-31,P00422,0.04683,129,0.4329,648367.09,2024-01-02T07:00:00Z
2024-01-31,P00422,0.04683,130,0.4286,646097.8,2024-02-02T07:00:00Z
2024-02-29,P00422,0.04683,131,0.4242,643836.46,2024-03-02T07:00:00Z
2024-03-31,P00422,0.04683,132,0.4199,641583.03,2024-04-02T07:00:00Z
2024-04-30,P00422,0.04683,133,0.4156,639337.49,2024-05-02T07:00:00Z
2024-05-31,P00422,0.04683,134,0.4113,637099.81,2024-06-02T07:00:00Z
2024-06-30,P00422,0.04683,135,0.407,634869.96,2024-07-02T07:00:00Z
2024-07-31,P00422,0.04683,136,0.4027,632647.92,2024-08-02T07:00:00Z
2024-08-31,P00422,0.04683,137,0.3983,630433.65,2024-09-02T07:00:00Z
2024-09-30,P00422,0.04683,138,0.394,628227.13,2024-10-02T07:00:00Z
2024-10-31,P00422,0.04683,139,0.3897,626028.34,2024-11-02T07:00:00Z
2023-07-31,P00423,0.0499,66,0.7472,550237.14,2023-08-02T07:00:00Z
2023-08-31,P00423,0.0499,67,0.7418,548311.31,2023-09-02T07:00:00Z
2023-09-30,P00423,0.0499,68,0.7363,546392.22,2023-10-02T07:00:00Z
2023-10-31,P00423,0.0499,69,0.7308,544479.85,2023-11-02T07:00:00Z
2023-11-30,P00423,0.0499,70,0.7253,542574.17,2023-12-02T07:00:00Z
2023-12-31,P00423,0.0499,71,0.7198,540675.16,2024-01-02T07:00:00Z
2024-01-31,P00423,0.0499,72,0.7143,538782.8,2024-02-02T07:00:00Z
2024-02-29,P00423,0.0499,73,0.7088,536897.06,2024-03-02T07:00:00Z
2024-03-31,P00423,0.0499,74,0.7033,535017.92,2024-04-02T07:00:00Z
2024-04-30,P00423,0.0499,75,0.6978,533145.35,2024-05-02T07:00:00Z
2024-05-31,P00423,0.0499,76,0.6924,531279.34,2024-06-02T07:00:00Z
2024-06-30,P00423,0.0499,77,0.6869,529419.87,2024-07-02T07:00:00Z
2024-07-31,P00423,0.0499,78,0.6814,527566.9,2024-08-02T07:00:00Z
2024-08-31,P00423,0.0499,79,0.6759,525720.41,2024-09-02T07:00:00Z
2024-09-30,P00423,0.0499,80,0.6704,523880.39,2024-10-02T07:00:00Z
2024-10-31,P00423,0.0499,81,0.6649,522046.81,2024-11-02T07:00:00Z
2024-11-30,P00423,0.0499,82,0.6594,520219.65,2024-12-02T07:00:00Z
2024-12-31,P00423,0.0499,83,0.6539,518398.88,2025-01-02T07:00:00Z
2025-01-31,P00423,0.0499,84,0.6484,516584.48,2025-02-02T07:00:00Z
2025-02-28,P00423,0.0499,85,0.6429,514776.44,2025-03-02T07:00:00Z
2025-03-31,P00423,0.0499,86,0.6375,512974.72,2025-04-02T07:00:00Z
2025-04-30,P00423,0.0499,87,0.632,511179.31,2025-05-02T07:00:00Z
2025-05-31,P00423,0.0499,88,0.6265,509390.18,2025-06-02T07:00:00Z
2025-06-30,P00423,0.0499,89,0.621,507607.31,2025-07-02T07:00:00Z
2025-07-31,P00423,0.0499,90,0.6155,505830.69,2025-08-02T07:00:00Z
2025-08-31,P00423,0.0499,91,0.61,504060.28,2025-09-02T07:00:00Z
2025-09-30,P00423,0.0499,92,0.6045,502296.07,2025-10-02T07:00:00Z
2025-10-31,P00423,0.0499,93,0.599,500538.03,2025-11-02T07:00:00Z
2025-11-30,P00423,0.0499,94,0.5935,498786.15,2025-12-02T07:00:00Z
2025-12-31,P00423,0.0499,95,0.5881,497040.4,2026-01-02T07:00:00Z
2023-07-31,P00424,0.05778,19,0.8363,213376.5,2023-08-02T07:00:00Z
2023-08-31,P00424,0.05778,20,0.8305,212629.68,2023-09-02T07:00:00Z
2023-09-30,P00424,0.05778,21,0.8246,211885.48,2023-10-02T07:00:00Z
2023-10-31,P00424,0.05778,22,0.8188,211143.88,2023-11-02T07:00:00Z
2023-11-30,P00424,0.05778,23,0.813,210404.88,2023-12-02T07:00:00Z
2023-12-31,P00424,0.05778,24,0.8071,209668.46,2024-01-02T07:00:00Z
2024-01-31,P00424,0.05778,25,0.8013,208934.62,2024-02-02T07:00:00Z
2024-02-29,P00424,0.05778,26,0.7954,208203.35,2024-03-02T07:00:00Z
2024-03-31,P00424,0.05778,27,0.7896,207474.64,2024-04-02T07:00:00Z
2024-04-30,P00424,0.05778,28,0.7837,206748.47,2024-05-02T07:00:00Z
2024-05-31,P00424,0.05778,29,0.7779,206024.86,2024-06-02T07:00:00Z
2024-06-30,P00424,0.05778,30,0.772,205303.77,2024-07-02T07:00:00Z
2024-07-31,P00424,0.05778,31,0.7662,204585.2,2024-08-02T07:00:00Z
2024-08-31,P00424,0.05778,32,0.7603,203869.16,2024-09-02T07:00:00Z
2024-09-30,P00424,0.05778,33,0.7545,203155.61,2024-10-02T07:00:00Z
2024-10-31,P00424,0.05778,34,0.7487,202444.57,2024-11-02T07:00:00Z
2024-11-30,P00424,0.05778,35,0.7428,201736.01,2024-12-02T07:00:00Z
2024-12-31,P00424,0.05778,36,0.737,201029.94,2025-01-02T07:00:00Z
2025-01-31,P00424,0.05778,37,0.7311,200326.33,2025-02-02T07:00:00Z
2025-02-28,P00424,0.05778,38,0.7253,199625.19,2025-03-02T07:00:00Z
2025-03-31,P00424,0.05778,39,0.7194,198926.5,2025-04-02T07:00:00Z
2025-04-30,P00424,0.05778,40,0.7136,198230.26,2025-05-02T07:00:00Z
2025-05-31,P00424,0.05778,41,0.7077,197536.45,2025-06-02T07:00:00Z
2025-06-30,P00424,0.05778,42,0.7019,196845.08,2025-07-02T07:00:00Z
2025-07-31,P00424,0.05778,43,0.696,196156.12,2025-08-02T07:00:00Z
2025-08-31,P00424,0.05778,44,0.6902,195469.57,2025-09-02T07:00:00Z
2025-09-30,P00424,0.05778,45,0.6844,194785.43,2025-10-02T07:00:00Z
2025-10-31,P00424,0.05778,46,0.6785,194103.68,2025-11-02T07:00:00Z
2025-11-30,P00424,0.05778,47,0.6727,193424.32,2025-12-02T07:00:00Z
2025-12-31,P00424,0.05778,48,0.6668,192747.33,2026-01-02T07:00:00Z
2023-07-31,P00425,0.04865,102,0.7663,459584.48,2023-08-02T07:00:00Z
2023-08-31,P00425,0.04865,103,0.7607,457975.93,2023-09-02T07:00:00Z
2023-09-30,P00425,0.04865,104,0.7551,456373.02,2023-10-02T07:00:00Z
2023-10-31,P00425,0.04865,105,0.7496,454775.71,2023-11-02T07:00:00Z
2023-11-30,P00425,0.04865,106,0.744,453184.0,2023-12-02T07:00:00Z
2023-12-31,P00425,0.04865,107,0.7384,451597.85,2024-01-02T07:00:00Z
2024-01-31,P00425,0.04865,108,0.7329,450017.26,2024-02-02T07:00:00Z
2024-02-29,P00425,0.04865,109,0.7273,448442.2,2024-03-02T07:00:00Z
2024-03-31,P00425,0.04865,110,0.7217,446872.65,2024-04-02T07:00:00Z
2024-04-30,P00425,0.04865,111,0.7162,445308.6,2024-05-02T07:00:00Z
2024-05-31,P00425,0.04865,112,0.7106,443750.02,2024-06-02T07:00:00Z
2024-06-30,P00425,0.04865,113,0.7051,442196.89,2024-07-02T07:00:00Z
2024-07-31,P00425,0.04865,114,0.6995,440649.2,2024-08-02T07:00:00Z
2024-08-31,P00425,0.04865,115,0.6939,439106.93,2024-09-02T07:00:00Z
2024-09-30,P00425,0.04865,116,0.6884,437570.06,2024-10-02T07:00:00Z
2024-10-31,P00425,0.04865,117,0.6828,436038.56,2024-11-02T07:00:00Z
2024-11-30,P00425,0.04865,118,0.6772,434512.43,2024-12-02T07:00:00Z
2024-12-31,P00425,0.04865,119,0.6717,432991.63,2025-01-02T07:00:00Z
2025-01-31,P00425,0.04865,120,0.6661,431476.16,2025-02-02T07:00:00Z
2025-02-28,P00425,0.04865,121,0.6605,429966.0,2025-03-02T07:00:00Z
2025-03-31,P00425,0.04865,122,0.655,428461.12,2025-04-02T07:00:00Z
2025-04-30,P00425,0.04865,123,0.6494,426961.5,2025-05-02T07:00:00Z
2025-05-31,P00425,0.04865,124,0.6438,425467.14,2025-06-02T07:00:00Z
2025-06-30,P00425,0.04865,125,0.6383,423978.0,2025-07-02T07:00:00Z
2025-07-31,P00425,0.04865,126,0.6327,422494.08,2025-08-02T07:00:00Z
2025-08-31,P00425,0.04865,127,0.6271,421015.35,2025-09-02T07:00:00Z
2025-09-30,P00425,0.04865,128,0.6216,419541.8,2025-10-02T07:00:00Z
2025-10-31,P00425,0.04865,129,0.616,418073.4,2025-11-02T07:00:00Z
2025-11-30,P00425,0.04865,130,0.6104,416610.14,2025-12-02T07:00:00Z
2025-12-31,P00425,0.04865,131,0.6049,415152.01,2026-01-02T07:00:00Z
2023-07-31,P00426,0.04632,62,0.5656,232880.18,2023-08-02T07:00:00Z
2023-08-31,P00426,0.04632,63,0.5608,232065.1,2023-09-02T07:00:00Z
2023-09-30,P00426,0.04632,64,0.556,231252.87,2023-10-02T07:00:00Z
2023-10-31,P00426,0.04632,65,0.5513,230443.49,2023-11-02T07:00:00Z
2023-11-30,P00426,0.04632,66,0.5465,229636.93,2023-12-02T07:00:00Z
2023-12-31,P00426,0.04632,67,0.5417,228833.2,2024-01-02T07:00:00Z
2024-01-31,P00426,0.04632,68,0.537,228032.29,2024-02-02T07:00:00Z
2024-02-29,P00426,0.04632,69,0.5322,227234.18,2024-03-02T07:00:00Z
2024-03-31,P00426,0.04632,70,0.5275,226438.86,2024-04-02T07:00:00Z
2024-04-30,P00426,0.04632,71,0.5227,225646.32,2024-05-02T07:00:00Z
2024-05-31,P00426,0.04632,72,0.5179,224856.56,2024-06-02T07:00:00Z
2024-06-30,P00426,0.04632,73,0.5132,224069.56,2024-07-02T07:00:00Z
2024-07-31,P00426,0.04632,74,0.5084,223285.32,2024-08-02T07:00:00Z
2024-08-31,P00426,0.04632,75,0.5036,222503.82,2024-09-02T07:00:00Z
2024-09-30,P00426,0.04632,76,0.4989,221725.05,2024-10-02T07:00:00Z
2024-10-31,P00426,0.04632,77,0.4941,220949.02,2024-11-02T07:00:00Z
2024-11-30,P00426,0.04632,78,0.4894,220175.7,2024-12-02T07:00:00Z
2024-12-31,P00426,0.04632,79,0.4846,219405.08,2025-01-02T07:00:00Z
2025-01-31,P00426,0.04632,80,0.4798,218637.16,2025-02-02T07:00:00Z
2025-02-28,P00426,0.04632,81,0.4751,217871.93,2025-03-02T07:00:00Z
2025-03-31,P00426,0.04632,82,0.4703,217109.38,2025-04-02T07:00:00Z
2025-04-30,P00426,0.04632,83,0.4655,216349.5,2025-05-02T07:00:00Z
2025-05-31,P00426,0.04632,84,0.4608,215592.27,2025-06-02T07:00:00Z
2025-06-30,P00426,0.04632,85,0.456,214837.7,2025-07-02T07:00:00Z
2025-07-31,P00426,0.04632,86,0.4513,214085.77,2025-08-02T07:00:00Z
2025-08-31,P00426,0.04632,87,0.4465,213336.47,2025-09-02T07:00:00Z
2025-09-30,P00426,0.04632,88,0.4417,212589.79,2025-10-02T07:00:00Z
2025-10-31,P00426,0.04632,89,0.437,211845.73,2025-11-02T07:00:00Z
2025-11-30,P00426,0.04632,90,0.4322,211104.27,2025-12-02T07:00:00Z
2025-12-31,P00426,0.04632,91,0.4274,210365.4,2026-01-02T07:00:00Z
2023-07-31,P00427,0.05381,43,0.97,243697.84,2023-08-02T07:00:00Z
2023-08-31,P00427,0.05381,44,0.9636,242844.9,2023-09-02T07:00:00Z
2023-09-30,P00427,0.05381,45,0.9572,241994.94,2023-10-02T07:00:00Z
2023-10-31,P00427,0.05381,46,0.9509,241147.96,2023-11-02T07:00:00Z
2023-11-30,P00427,0.05381,47,0.9445,240303.94,2023-12-02T07:00:00Z
2023-12-31,P00427,0.05381,48,0.9381,239462.88,2024-01-02T07:00:00Z
2024-01-31,P00427,0.05381,49,0.9317,238624.76,2024-02-02T07:00:00Z
2024-02-29,P00427,0.05381,50,0.9253,237789.57,2024-03-02T07:00:00Z
2024-03-31,P00427,0.05381,51,0.919,236957.31,2024-04-02T07:00:00Z
2024-04-30,P00427,0.05381,52,0.9126,236127.96,2024-05-02T07:00:00Z
2024-05-31,P00427,0.05381,53,0.9062,235301.51,2024-06-02T07:00:00Z
2024-06-30,P00427,0.05381,54,0.8998,234477.95,2024-07-02T07:00:00Z
2024-07-31,P00427,0.05381,55,0.8934,233657.28,2024-08-02T07:00:00Z
2024-08-31,P00427,0.05381,56,0.8871,232839.48,2024-09-02T07:00:00Z
2024-09-30,P00427,0.05381,57,0.8807,232024.54,2024-10-02T07:00:00Z
2024-10-31,P00427,0.05381,58,0.8743,231212.46,2024-11-02T07:00:00Z
2023-07-31,P00428,0.07865,50,0.6295,698479.1,2023-08-02T07:00:00Z
2023-08-31,P00428,0.07865,51,0.6245,696034.42,2023-09-02T07:00:00Z
2023-09-30,P00428,0.07865,52,0.6194,693598.3,2023-10-02T07:00:00Z
2023-10-31,P00428,0.07865,53,0.6144,691170.71,2023-11-02T07:00:00Z
2023-11-30,P00428,0.07865,54,0.6094,688751.61,2023-12-02T07:00:00Z
2023-12-31,P00428,0.07865,55,0.6044,686340.98,2024-01-02T07:00:00Z
2024-01-31,P00428,0.07865,56,0.5994,683938.79,2024-02-02T07:00:00Z
2024-02-29,P00428,0.07865,57,0.5944,681545.0,2024-03-02T07:00:00Z
2024-03-31,P00428,0.07865,58,0.5893,679159.59,2024-04-02T07:00:00Z
2024-04-30,P00428,0.07865,59,0.5843,676782.54,2024-05-02T07:00:00Z
2024-05-31,P00428,0.07865,60,0.5793,674413.8,2024-06-02T07:00:00Z
2024-06-30,P00428,0.07865,61,0.5743,672053.35,2024-07-02T07:00:00Z
2024-07-31,P00428,0.07865,62,0.5693,669701.16,2024-08-02T07:00:00Z
2024-08-31,P00428,0.07865,63,0.5642,667357.21,2024-09-02T07:00:00Z
2024-09-30,P00428,0.07865,64,0.5592,665021.46,2024-10-02T07:00:00Z
2024-10-31,P00428,0.07865,65,0.5542,662693.88,2024-11-02T07:00:00Z
2024-11-30,P00428,0.07865,66,0.5492,660374.45,2024-12-02T07:00:00Z
2024-12-31,P00428,0.07865,67,0.5442,658063.14,2025-01-02T07:00:00Z
2025-01-31,P00428,0.07865,68,0.5392,655759.92,2025-02-02T07:00:00Z
2023-07-31,P00429,0.05585,108,0.7469,341863.74,2023-08-02T07:00:00Z
2023-08-31,P00429,0.05585,109,0.7414,340667.22,2023-09-02T07:00:00Z
2023-09-30,P00429,0.05585,110,0.7359,339474.88,2023-10-02T07:00:00Z
2023-10-31,P00429,0.05585,111,0.7304,338286.72,2023-11-02T07:00:00Z
2023-11-30,P00429,0.05585,112,0.7249,337102.72,2023-12-02T07:00:00Z
2023-12-31,P00429,0.05585,113,0.7195,335922.86,2024-01-02T07:00:00Z
2024-01-31,P00429,0.05585,114,0.714,334747.13,2024-02-02T07:00:00Z
2024-02-29,P00429,0.05585,115,0.7085,333575.51,2024-03-02T07:00:00Z
2024-03-31,P00429,0.05585,116,0.703,332408.0,2024-04-02T07:00:00Z
2024-04-30,P00429,0.05585,117,0.6975,331244.57,2024-05-02T07:00:00Z
2024-05-31,P00429,0.05585,118,0.692,330085.21,2024-06-02T07:00:00Z
2024-06-30,P00429,0.05585,119,0.6865,328929.92,2024-07-02T07:00:00Z
2024-07-31,P00429,0.05585,120,0.681,327778.66,2024-08-02T07:00:00Z
2024-08-31,P00429,0.05585,121,0.6756,326631.44,2024-09-02T07:00:00Z
2024-09-30,P00429,0.05585,122,0.6701,325488.23,2024-10-02T07:00:00Z
2024-10-31,P00429,0.05585,123,0.6646,324349.02,2024-11-02T07:00:00Z
2024-11-30,P00429,0.05585,124,0.6591,323213.79,2024-12-02T07:00:00Z
2024-12-31,P00429,0.05585,125,0.6536,322082.55,2025-01-02T07:00:00Z
2025-01-31,P00429,0.05585,126,0.6481,320955.26,2025-02-02T07:00:00Z
2025-02-28,P00429,0.05585,127,0.6426,319831.91,2025-03-02T07:00:00Z
2025-03-31,P00429,0.05585,128,0.6371,318712.5,2025-04-02T07:00:00Z
2025-04-30,P00429,0.05585,129,0.6317,317597.01,2025-05-02T07:00:00Z
2025-05-31,P00429,0.05585,130,0.6262,316485.42,2025-06-02T07:00:00Z
2025-06-30,P00429,0.05585,131,0.6207,315377.72,2025-07-02T07:00:00Z
2025-07-31,P00429,0.05585,132,0.6152,314273.9,2025-08-02T07:00:00Z
2025-08-31,P00429,0.05585,133,0.6097,313173.94,2025-09-02T07:00:00Z
2025-09-30,P00429,0.05585,134,0.6042,312077.83,2025-10-02T07:00:00Z
2025-10-31,P00429,0.05585,135,0.5987,310985.56,2025-11-02T07:00:00Z
2025-11-30,P00429,0.05585,136,0.5932,309897.11,2025-12-02T07:00:00Z
2025-12-31,P00429,0.05585,137,0.5878,308812.47,2026-01-02T07:00:00Z
2023-07-31,P00430,0.05785,67,0.5882,196409.34,2023-08-02T07:00:00Z
2023-08-31,P00430,0.05785,68,0.5834,195721.91,2023-09-02T07:00:00Z
2023-09-30,P00430,0.05785,69,0.5785,195036.88,2023-10-02T07:00:00Z
2023-10-31,P00430,0.05785,70,0.5737,194354.25,2023-11-02T07:00:00Z
2023-11-30,P00430,0.05785,71,0.5688,193674.01,2023-12-02T07:00:00Z
2023-12-31,P00430,0.05785,72,0.564,192996.15,2024-01-02T07:00:00Z
2024-01-31,P00430,0.05785,73,0.5591,192320.67,2024-02-02T07:00:00Z
2024-02-29,P00430,0.05785,74,0.5543,191647.54,2024-03-02T07:00:00Z
2024-03-31,P00430,0.05785,75,0.5494,190976.78,2024-04-02T07:00:00Z
2024-04-30,P00430,0.05785,76,0.5446,190308.36,2024-05-02T07:00:00Z
2024-05-31,P00430,0.05785,77,0.5397,189642.28,2024-06-02T07:00:00Z
2024-06-30,P00430,0.05785,78,0.5349,188978.53,2024-07-02T07:00:00Z
2024-07-31,P00430,0.05785,79,0.53,188317.11,2024-08-02T07:00:00Z
2024-08-31,P00430,0.05785,80,0.5252,187658.0,2024-09-02T07:00:00Z
2024-09-30,P00430,0.05785,81,0.5203,187001.19,2024-10-02T07:00:00Z
2024-10-31,P00430,0.05785,82,0.5155,186346.69,2024-11-02T07:00:00Z
2024-11-30,P00430,0.05785,83,0.5106,185694.48,2024-12-02T07:00:00Z
2024-12-31,P00430,0.05785,84,0.5057,185044.55,2025-01-02T07:00:00Z
2025-01-31,P00430,0.05785,85,0.5009,184396.89,2025-02-02T07:00:00Z
2025-02-28,P00430,0.05785,86,0.496,183751.5,2025-03-02T07:00:00Z
2025-03-31,P00430,0.05785,87,0.4912,183108.37,2025-04-02T07:00:00Z
2025-04-30,P00430,0.05785,88,0.4863,182467.49,2025-05-02T07:00:00Z
2025-05-31,P00430,0.05785,89,0.4815,181828.85,2025-06-02T07:00:00Z
2025-06-30,P00430,0.05785,90,0.4766,181192.45,2025-07-02T07:00:00Z
2025-07-31,P00430,0.05785,91,0.4718,180558.28,2025-08-02T07:00:00Z
2025-08-31,P00430,0.05785,92,0.4669,179926.33,2025-09-02T07:00:00Z
2025-09-30,P00430,0.05785,93,0.4621,179296.58,2025-10-02T07:00:00Z
2025-10-31,P00430,0.05785,94,0.4572,178669.05,2025-11-02T07:00:00Z
2025-11-30,P00430,0.05785,95,0.4524,178043.7,2025-12-02T07:00:00Z
2025-12-31,P00430,0.05785,96,0.4475,177420.55,2026-01-02T07:00:00Z
2023-07-31,P00431,0.05777,45,0.6263,383169.87,2023-08-02T07:00:00Z
2023-08-31,P00431,0.05777,46,0.6213,381828.78,2023-09-02T07:00:00Z
2023-09-30,P00431,0.05777,47,0.6163,380492.37,2023-10-02T07:00:00Z
2023-10-31,P00431,0.05777,48,0.6113,379160.65,2023-11-02T07:00:00Z
2023-11-30,P00431,0.05777,49,0.6063,377833.59,2023-12-02T07:00:00Z
2023-12-31,P00431,0.05777,50,0.6013,376511.17,2024-01-02T07:00:00Z
2024-01-31,P00431,0.05777,51,0.5963,375193.38,2024-02-02T07:00:00Z
2024-02-29,P00431,0.05777,52,0.5912,373880.21,2024-03-02T07:00:00Z
2024-03-31,P00431,0.05777,53,0.5862,372571.62,2024-04-02T07:00:00Z
2024-04-30,P00431,0.05777,54,0.5812,371267.62,2024-05-02T07:00:00Z
2024-05-31,P00431,0.05777,55,0.5762,369968.19,2024-06-02T07:00:00Z
2024-06-30,P00431,0.05777,56,0.5712,368673.3,2024-07-02T07:00:00Z
2024-07-31,P00431,0.05777,57,0.5662,367382.94,2024-08-02T07:00:00Z
2024-08-31,P00431,0.05777,58,0.5612,366097.1,2024-09-02T07:00:00Z
2023-07-31,P00432,0.07291,102,0.8455,667489.96,2023-08-02T07:00:00Z
2023-08-31,P00432,0.07291,103,0.8396,665153.75,2023-09-02T07:00:00Z
2023-09-30,P00432,0.07291,104,0.8337,662825.71,2023-10-02T07:00:00Z
2023-10-31,P00432,0.07291,105,0.8278,660505.82,2023-11-02T07:00:00Z
2023-11-30,P00432,0.07291,106,0.822,658194.05,2023-12-02T07:00:00Z
2023-12-31,P00432,0.07291,107,0.8161,655890.37,2024-01-02T07:00:00Z
2024-01-31,P00432,0.07291,108,0.8102,653594.75,2024-02-02T07:00:00Z
2024-02-29,P00432,0.07291,109,0.8043,651307.17,2024-03-02T07:00:00Z
2024-03-31,P00432,0.07291,110,0.7984,649027.59,2024-04-02T07:00:00Z
2024-04-30,P00432,0.07291,111,0.7925,646756.0,2024-05-02T07:00:00Z
2024-05-31,P00432,0.07291,112,0.7867,644492.35,2024-06-02T07:00:00Z
2024-06-30,P00432,0.07291,113,0.7808,642236.63,2024-07-02T07:00:00Z
2024-07-31,P00432,0.07291,114,0.7749,639988.8,2024-08-02T07:00:00Z
2024-08-31,P00432,0.07291,115,0.769,637748.84,2024-09-02T07:00:00Z
2024-09-30,P00432,0.07291,116,0.7631,635516.72,2024-10-02T07:00:00Z
2024-10-31,P00432,0.07291,117,0.7573,633292.41,2024-11-02T07:00:00Z
2024-11-30,P00432,0.07291,118,0.7514,631075.89,2024-12-02T07:00:00Z
2024-12-31,P00432,0.07291,119,0.7455,628867.12,2025-01-02T07:00:00Z
2025-01-31,P00432,0.07291,120,0.7396,626666.09,2025-02-02T07:00:00Z
2025-02-28,P00432,0.07291,121,0.7337,624472.75,2025-03-02T07:00:00Z
2025-03-31,P00432,0.07291,122,0.7278,622287.1,2025-04-02T07:00:00Z
2025-04-30,P00432,0.07291,123,0.722,620109.1,2025-05-02T07:00:00Z
2025-05-31,P00432,0.07291,124,0.7161,617938.71,2025-06-02T07:00:00Z
2023-07-31,P00433,0.05779,99,0.6105,651928.26,2023-08-02T07:00:00Z
2023-08-31,P00433,0.05779,100,0.6055,649646.51,2023-09-02T07:00:00Z
2023-09-30,P00433,0.05779,101,0.6006,647372.75,2023-10-02T07:00:00Z
2023-10-31,P00433,0.05779,102,0.5957,645106.94,2023-11-02T07:00:00Z
2023-11-30,P00433,0.05779,103,0.5907,642849.07,2023-12-02T07:00:00Z
2023-12-31,P00433,0.05779,104,0.5858,640599.1,2024-01-02T07:00:00Z
2024-01-31,P00433,0.05779,105,0.5808,638357.0,2024-02-02T07:00:00Z
2024-02-29,P00433,0.05779,106,0.5759,636122.75,2024-03-02T07:00:00Z
2024-03-31,P00433,0.05779,107,0.5709,633896.32,2024-04-02T07:00:00Z
2024-04-30,P00433,0.05779,108,0.566,631677.68,2024-05-02T07:00:00Z
2024-05-31,P00433,0.05779,109,0.5611,629466.81,2024-06-02T07:00:00Z
2024-06-30,P00433,0.05779,110,0.5561,627263.68,2024-07-02T07:00:00Z
2024-07-31,P00433,0.05779,111,0.5512,625068.26,2024-08-02T07:00:00Z
2024-08-31,P00433,0.05779,112,0.5462,622880.52,2024-09-02T07:00:00Z
2024-09-30,P00433,0.05779,113,0.5413,620700.44,2024-10-02T07:00:00Z
2024-10-31,P00433,0.05779,114,0.5363,618527.98,2024-11-02T07:00:00Z
2024-11-30,P00433,0.05779,115,0.5314,616363.14,2024-12-02T07:00:00Z
2024-12-31,P00433,0.05779,116,0.5265,614205.86,2025-01-02T07:00:00Z
2025-01-31,P00433,0.05779,117,0.5215,612056.14,2025-02-02T07:00:00Z
2025-02-28,P00433,0.05779,118,0.5166,609913.95,2025-03-02T07:00:00Z
2025-03-31,P00433,0.05779,119,0.5116,607779.25,2025-04-02T07:00:00Z
2025-04-30,P00433,0.05779,120,0.5067,605652.02,2025-05-02T07:00:00Z
2025-05-31,P00433,0.05779,121,0.5018,603532.24,2025-06-02T07:00:00Z
2025-06-30,P00433,0.05779,122,0.4968,601419.88,2025-07-02T07:00:00Z
2025-07-31,P00433,0.05779,123,0.4919,599314.91,2025-08-02T07:00:00Z
2025-08-31,P00433,0.05779,124,0.4869,597217.3,2025-09-02T07:00:00Z
2025-09-30,P00433,0.05779,125,0.482,595127.04,2025-10-02T07:00:00Z
2025-10-31,P00433,0.05779,126,0.477,593044.1,2025-11-02T07:00:00Z
2025-11-30,P00433,0.05779,127,0.4721,590968.45,2025-12-02T07:00:00Z
2025-12-31,P00433,0.05779,128,0.4672,588900.06,2026-01-02T07:00:00Z
2023-07-31,P00434,0.06221,131,0.7585,344084.77,2023-08-02T07:00:00Z
2023-08-31,P00434,0.06221,132,0.753,342880.47,2023-09-02T07:00:00Z
2023-09-30,P00434,0.06221,133,0.7474,341680.39,2023-10-02T07:00:00Z
2023-10-31,P00434,0.06221,134,0.7419,340484.51,2023-11-02T07:00:00Z
2023-11-30,P00434,0.06221,135,0.7364,339292.81,2023-12-02T07:00:00Z
2023-12-31,P00434,0.06221,136,0.7308,338105.29,2024-01-02T07:00:00Z
2024-01-31,P00434,0.06221,137,0.7253,336921.92,2024-02-02T07:00:00Z
2024-02-29,P00434,0.06221,138,0.7198,335742.69,2024-03-02T07:00:00Z
2024-03-31,P00434,0.06221,139,0.7142,334567.59,2024-04-02T07:00:00Z
2024-04-30,P00434,0.06221,140,0.7087,333396.61,2024-05-02T07:00:00Z
2024-05-31,P00434,0.06221,141,0.7032,332229.72,2024-06-02T07:00:00Z
2024-06-30,P00434,0.06221,142,0.6976,331066.92,2024-07-02T07:00:00Z
2024-07-31,P00434,0.06221,143,0.6921,329908.18,2024-08-02T07:00:00Z
2024-08-31,P00434,0.06221,144,0.6866,328753.5,2024-09-02T07:00:00Z
2024-09-30,P00434,0.06221,145,0.681,327602.87,2024-10-02T07:00:00Z
2024-10-31,P00434,0.06221,146,0.6755,326456.26,2024-11-02T07:00:00Z
2024-11-30,P00434,0.06221,147,0.67,325313.66,2024-12-02T07:00:00Z
2024-12-31,P00434,0.06221,148,0.6644,324175.06,2025-01-02T07:00:00Z
2025-01-31,P00434,0.06221,149,0.6589,323040.45,2025-02-02T07:00:00Z
2025-02-28,P00434,0.06221,150,0.6534,321909.81,2025-03-02T07:00:00Z
2025-03-31,P00434,0.06221,151,0.6478,320783.12,2025-04-02T07:00:00Z
2025-04-30,P00434,0.06221,152,0.6423,319660.38,2025-05-02T07:00:00Z
2025-05-31,P00434,0.06221,153,0.6368,318541.57,2025-06-02T07:00:00Z
2025-06-30,P00434,0.06221,154,0.6312,317426.68,2025-07-02T07:00:00Z
2025-07-31,P00434,0.06221,155,0.6257,316315.68,2025-08-02T07:00:00Z
2025-08-31,P00434,0.06221,156,0.6202,315208.58,2025-09-02T07:00:00Z
2025-09-30,P00434,0.06221,157,0.6146,314105.35,2025-10-02T07:00:00Z
2025-10-31,P00434,0.06221,158,0.6091,313005.98,2025-11-02T07:00:00Z
2025-11-30,P00434,0.06221,159,0.6036,311910.46,2025-12-02T07:00:00Z
2025-12-31,P00434,0.06221,160,0.598,310818.77,2026-01-02T07:00:00Z
2023-07-31,P00435,0.06157,76,0.6154,338337.17,2023-08-02T07:00:00Z
2023-08-31,P00435,0.06157,77,0.6105,337152.99,2023-09-02T07:00:00Z
2023-09-30,P00435,0.06157,78,0.6055,335972.95,2023-10-02T07:00:00Z
2023-07-31,P00436,0.05244,102,0.5535,699658.43,2023-08-02T07:00:00Z
2023-08-31,P00436,0.05244,103,0.5488,697209.63,2023-09-02T07:00:00Z
2023-09-30,P00436,0.05244,104,0.5441,694769.39,2023-10-02T07:00:00Z
2023-10-31,P00436,0.05244,105,0.5393,692337.7,2023-11-02T07:00:00Z
2023-11-30,P00436,0.05244,106,0.5346,689914.52,2023-12-02T07:00:00Z
2023-12-31,P00436,0.05244,107,0.5299,687499.82,2024-01-02T07:00:00Z
2024-01-31,P00436,0.05244,108,0.5252,685093.57,2024-02-02T07:00:00Z
2024-02-29,P00436,0.05244,109,0.5205,682695.74,2024-03-02T07:00:00Z
2024-03-31,P00436,0.05244,110,0.5158,680306.3,2024-04-02T07:00:00Z
2024-04-30,P00436,0.05244,111,0.5111,677925.23,2024-05-02T07:00:00Z
2024-05-31,P00436,0.05244,112,0.5063,675552.49,2024-06-02T07:00:00Z
2024-06-30,P00436,0.05244,113,0.5016,673188.06,2024-07-02T07:00:00Z
2024-07-31,P00436,0.05244,114,0.4969,670831.9,2024-08-02T07:00:00Z
2024-08-31,P00436,0.05244,115,0.4922,668483.99,2024-09-02T07:00:00Z
2024-09-30,P00436,0.05244,116,0.4875,666144.3,2024-10-02T07:00:00Z
2024-10-31,P00436,0.05244,117,0.4828,663812.79,2024-11-02T07:00:00Z
2024-11-30,P00436,0.05244,118,0.4781,661489.45,2024-12-02T07:00:00Z
2024-12-31,P00436,0.05244,119,0.4733,659174.23,2025-01-02T07:00:00Z
2025-01-31,P00436,0.05244,120,0.4686,656867.12,2025-02-02T07:00:00Z
2025-02-28,P00436,0.05244,121,0.4639,654568.09,2025-03-02T07:00:00Z
2025-03-31,P00436,0.05244,122,0.4592,652277.1,2025-04-02T07:00:00Z
2025-04-30,P00436,0.05244,123,0.4545,649994.13,2025-05-02T07:00:00Z
2025-05-31,P00436,0.05244,124,0.4498,647719.15,2025-06-02T07:00:00Z
2025-06-30,P00436,0.05244,125,0.4451,645452.13,2025-07-02T07:00:00Z
2025-07-31,P00436,0.05244,126,0.4403,643193.05,2025-08-02T07:00:00Z
2025-08-31,P00436,0.05244,127,0.4356,640941.88,2025-09-02T07:00:00Z
2025-09-30,P00436,0.05244,128,0.4309,638698.58,2025-10-02T07:00:00Z
2025-10-31,P00436,0.05244,129,0.4262,636463.13,2025-11-02T07:00:00Z
2025-11-30,P00436,0.05244,130,0.4215,634235.51,2025-12-02T07:00:00Z
2025-12-31,P00436,0.05244,131,0.4168,632015.69,2026-01-02T07:00:00Z
2023-07-31,P00437,0.06329,120,0.6251,519956.92,2023-08-02T07:00:00Z
2023-08-31,P00437,0.06329,121,0.6201,518137.07,2023-09-02T07:00:00Z
2023-09-30,P00437,0.06329,122,0.6151,516323.59,2023-10-02T07:00:00Z
2023-10-31,P00437,0.06329,123,0.6101,514516.46,2023-11-02T07:00:00Z
2023-11-30,P00437,0.06329,124,0.6051,512715.65,2023-12-02T07:00:00Z
2023-12-31,P00437,0.06329,125,0.6001,510921.15,2024-01-02T07:00:00Z
2024-01-31,P00437,0.06329,126,0.5951,509132.92,2024-02-02T07:00:00Z
2024-02-29,P00437,0.06329,127,0.5901,507350.96,2024-03-02T07:00:00Z
2024-03-31,P00437,0.06329,128,0.5851,505575.23,2024-04-02T07:00:00Z
2024-04-30,P00437,0.06329,129,0.5801,503805.72,2024-05-02T07:00:00Z
2024-05-31,P00437,0.06329,130,0.5751,502042.4,2024-06-02T07:00:00Z
2024-06-30,P00437,0.06329,131,0.5701,500285.25,2024-07-02T07:00:00Z
2023-07-31,P00438,0.05284,114,0.8336,147057.84,2023-08-02T07:00:00Z
2023-08-31,P00438,0.05284,115,0.8277,146543.14,2023-09-02T07:00:00Z
2023-09-30,P00438,0.05284,116,0.8219,146030.24,2023-10-02T07:00:00Z
2023-10-31,P00438,0.05284,117,0.8161,145519.13,2023-11-02T07:00:00Z
2023-11-30,P00438,0.05284,118,0.8102,145009.81,2023-12-02T07:00:00Z
2023-12-31,P00438,0.05284,119,0.8044,144502.28,2024-01-02T07:00:00Z
2024-01-31,P00438,0.05284,120,0.7986,143996.52,2024-02-02T07:00:00Z
2024-02-29,P00438,0.05284,121,0.7927,143492.53,2024-03-02T07:00:00Z
2024-03-31,P00438,0.05284,122,0.7869,142990.31,2024-04-02T07:00:00Z
2024-04-30,P00438,0.05284,123,0.7811,142489.84,2024-05-02T07:00:00Z
2024-05-31,P00438,0.05284,124,0.7752,141991.13,2024-06-02T07:00:00Z
2024-06-30,P00438,0.05284,125,0.7694,141494.16,2024-07-02T07:00:00Z
2024-07-31,P00438,0.05284,126,0.7636,140998.93,2024-08-02T07:00:00Z
2024-08-31,P00438,0.05284,127,0.7577,140505.43,2024-09-02T07:00:00Z
2024-09-30,P00438,0.05284,128,0.7519,140013.67,2024-10-02T07:00:00Z
2024-10-31,P00438,0.05284,129,0.746,139523.62,2024-11-02T07:00:00Z
2024-11-30,P00438,0.05284,130,0.7402,139035.28,2024-12-02T07:00:00Z
2024-12-31,P00438,0.05284,131,0.7344,138548.66,2025-01-02T07:00:00Z
2025-01-31,P00438,0.05284,132,0.7285,138063.74,2025-02-02T07:00:00Z
2025-02-28,P00438,0.05284,133,0.7227,137580.52,2025-03-02T07:00:00Z
2025-03-31,P00438,0.05284,134,0.7169,137098.99,2025-04-02T07:00:00Z
2025-04-30,P00438,0.05284,135,0.711,136619.14,2025-05-02T07:00:00Z
2025-05-31,P00438,0.05284,136,0.7052,136140.97,2025-06-02T07:00:00Z
2025-06-30,P00438,0.05284,137,0.6994,135664.48,2025-07-02T07:00:00Z
2025-07-31,P00438,0.05284,138,0.6935,135189.65,2025-08-02T07:00:00Z
2025-08-31,P00438,0.05284,139,0.6877,134716.49,2025-09-02T07:00:00Z
2025-09-30,P00438,0.05284,140,0.6819,134244.98,2025-10-02T07:00:00Z
2025-10-31,P00438,0.05284,141,0.676,133775.12,2025-11-02T07:00:00Z
2025-11-30,P00438,0.05284,142,0.6702,133306.91,2025-12-02T07:00:00Z
2025-12-31,P00438,0.05284,143,0.6644,132840.34,2026-01-02T07:00:00Z
2023-07-31,P00439,0.06979,90,0.7817,614459.3,2023-08-02T07:00:00Z
2023-08-31,P00439,0.06979,91,0.7761,612308.69,2023-09-02T07:00:00Z
2023-09-30,P00439,0.06979,92,0.7705,610165.61,2023-10-02T07:00:00Z
2023-10-31,P00439,0.06979,93,0.7649,608030.03,2023-11-02T07:00:00Z
2023-11-30,P00439,0.06979,94,0.7592,605901.93,2023-12-02T07:00:00Z
2023-12-31,P00439,0.06979,95,0.7536,603781.27,2024-01-02T07:00:00Z
2024-01-31,P00439,0.06979,96,0.748,601668.04,2024-02-02T07:00:00Z
2024-02-29,P00439,0.06979,97,0.7424,599562.2,2024-03-02T07:00:00Z
2024-03-31,P00439,0.06979,98,0.7367,597463.73,2024-04-02T07:00:00Z
2024-04-30,P00439,0.06979,99,0.7311,595372.61,2024-05-02T07:00:00Z
2024-05-31,P00439,0.06979,100,0.7255,593288.8,2024-06-02T07:00:00Z
2024-06-30,P00439,0.06979,101,0.7198,591212.29,2024-07-02T07:00:00Z
2024-07-31,P00439,0.06979,102,0.7142,589143.05,2024-08-02T07:00:00Z
2024-08-31,P00439,0.06979,103,0.7086,587081.05,2024-09-02T07:00:00Z
2024-09-30,P00439,0.06979,104,0.703,585026.26,2024-10-02T07:00:00Z
2024-10-31,P00439,0.06979,105,0.6973,582978.67,2024-11-02T07:00:00Z
2024-11-30,P00439,0.06979,106,0.6917,580938.25,2024-12-02T07:00:00Z
2024-12-31,P00439,0.06979,107,0.6861,578904.96,2025-01-02T07:00:00Z
2025-01-31,P00439,0.06979,108,0.6805,576878.8,2025-02-02T07:00:00Z
2025-02-28,P00439,0.06979,109,0.6748,574859.72,2025-03-02T07:00:00Z
2025-03-31,P00439,0.06979,110,0.6692,572847.71,2025-04-02T07:00:00Z
2025-04-30,P00439,0.06979,111,0.6636,570842.74,2025-05-02T07:00:00Z
2025-05-31,P00439,0.06979,112,0.6579,568844.79,2025-06-02T07:00:00Z
2025-06-30,P00439,0.06979,113,0.6523,566853.84,2025-07-02T07:00:00Z
2025-07-31,P00439,0.06979,114,0.6467,564869.85,2025-08-02T07:00:00Z
2025-08-31,P00439,0.06979,115,0.6411,562892.81,2025-09-02T07:00:00Z
2025-09-30,P00439,0.06979,116,0.6354,560922.68,2025-10-02T07:00:00Z
2025-10-31,P00439,0.06979,117,0.6298,558959.45,2025-11-02T07:00:00Z
2025-11-30,P00439,0.06979,118,0.6242,557003.09,2025-12-02T07:00:00Z
2025-12-31,P00439,0.06979,119,0.6186,555053.58,2026-01-02T07:00:00Z
2023-07-31,P00440,0.06975,101,0.7567,421636.62,2023-08-02T07:00:00Z
2023-08-31,P00440,0.06975,102,0.7511,420160.89,2023-09-02T07:00:00Z
2023-09-30,P00440,0.06975,103,0.7456,418690.33,2023-10-02T07:00:00Z
2023-10-31,P00440,0.06975,104,0.7401,417224.91,2023-11-02T07:00:00Z
2023-11-30,P00440,0.06975,105,0.7345,415764.63,2023-12-02T07:00:00Z
2023-12-31,P00440,0.06975,106,0.729,414309.45,2024-01-02T07:00:00Z
2024-01-31,P00440,0.06975,107,0.7235,412859.37,2024-02-02T07:00:00Z
2024-02-29,P00440,0.06975,108,0.718,411414.36,2024-03-02T07:00:00Z
2024-03-31,P00440,0.06975,109,0.7124,409974.41,2024-04-02T07:00:00Z
2024-04-30,P00440,0.06975,110,0.7069,408539.5,2024-05-02T07:00:00Z
2024-05-31,P00440,0.06975,111,0.7014,407109.61,2024-06-02T07:00:00Z
2024-06-30,P00440,0.06975,112,0.6959,405684.73,2024-07-02T07:00:00Z
2024-07-31,P00440,0.06975,113,0.6903,404264.83,2024-08-02T07:00:00Z
2024-08-31,P00440,0.06975,114,0.6848,402849.9,2024-09-02T07:00:00Z
2024-09-30,P00440,0.06975,115,0.6793,401439.93,2024-10-02T07:00:00Z
2024-10-31,P00440,0.06975,116,0.6738,400034.89,2024-11-02T07:00:00Z
2024-11-30,P00440,0.06975,117,0.6682,398634.77,2024-12-02T07:00:00Z
2024-12-31,P00440,0.06975,118,0.6627,397239.54,2025-01-02T07:00:00Z
2025-01-31,P00440,0.06975,119,0.6572,395849.21,2025-02-02T07:00:00Z
2025-02-28,P00440,0.06975,120,0.6516,394463.73,2025-03-02T07:00:00Z
2025-03-31,P00440,0.06975,121,0.6461,393083.11,2025-04-02T07:00:00Z
2025-04-30,P00440,0.06975,122,0.6406,391707.32,2025-05-02T07:00:00Z
2023-07-31,P00441,0.04696,71,0.5879,297490.79,2023-08-02T07:00:00Z
2023-08-31,P00441,0.04696,72,0.5831,296449.57,2023-09-02T07:00:00Z
2023-09-30,P00441,0.04696,73,0.5782,295412.0,2023-10-02T07:00:00Z
2023-10-31,P00441,0.04696,74,0.5734,294378.06,2023-11-02T07:00:00Z
2023-11-30,P00441,0.04696,75,0.5685,293347.73,2023-12-02T07:00:00Z
2023-12-31,P00441,0.04696,76,0.5637,292321.02,2024-01-02T07:00:00Z
2024-01-31,P00441,0.04696,77,0.5588,291297.89,2024-02-02T07:00:00Z
2024-02-29,P00441,0.04696,78,0.554,290278.35,2024-03-02T07:00:00Z
2024-03-31,P00441,0.04696,79,0.5491,289262.38,2024-04-02T07:00:00Z
2024-04-30,P00441,0.04696,80,0.5442,288249.96,2024-05-02T07:00:00Z
2024-05-31,P00441,0.04696,81,0.5394,287241.08,2024-06-02T07:00:00Z
2024-06-30,P00441,0.04696,82,0.5345,286235.74,2024-07-02T07:00:00Z
2024-07-31,P00441,0.04696,83,0.5297,285233.91,2024-08-02T07:00:00Z
2024-08-31,P00441,0.04696,84,0.5248,284235.6,2024-09-02T07:00:00Z
2024-09-30,P00441,0.04696,85,0.52,283240.77,2024-10-02T07:00:00Z
2024-10-31,P00441,0.04696,86,0.5151,282249.43,2024-11-02T07:00:00Z
2024-11-30,P00441,0.04696,87,0.5103,281261.56,2024-12-02T07:00:00Z
2023-07-31,P00442,0.0639,80,0.7495,414821.87,2023-08-02T07:00:00Z
2023-08-31,P00442,0.0639,81,0.744,413369.99,2023-09-02T07:00:00Z
2023-09-30,P00442,0.0639,82,0.7385,411923.2,2023-10-02T07:00:00Z
2023-10-31,P00442,0.0639,83,0.733,410481.47,2023-11-02T07:00:00Z
2023-11-30,P00442,0.0639,84,0.7275,409044.78,2023-12-02T07:00:00Z
2023-12-31,P00442,0.0639,85,0.722,407613.13,2024-01-02T07:00:00Z
2024-01-31,P00442,0.0639,86,0.7165,406186.48,2024-02-02T07:00:00Z
2024-02-29,P00442,0.0639,87,0.711,404764.83,2024-03-02T07:00:00Z
2024-03-31,P00442,0.0639,88,0.7055,403348.15,2024-04-02T07:00:00Z
2024-04-30,P00442,0.0639,89,0.7,401936.43,2024-05-02T07:00:00Z
2024-05-31,P00442,0.0639,90,0.6945,400529.65,2024-06-02T07:00:00Z
2024-06-30,P00442,0.0639,91,0.689,399127.8,2024-07-02T07:00:00Z
2024-07-31,P00442,0.0639,92,0.6835,397730.85,2024-08-02T07:00:00Z
2024-08-31,P00442,0.0639,93,0.678,396338.79,2024-09-02T07:00:00Z
2024-09-30,P00442,0.0639,94,0.6725,394951.61,2024-10-02T07:00:00Z
2024-10-31,P00442,0.0639,95,0.667,393569.28,2024-11-02T07:00:00Z
2024-11-30,P00442,0.0639,96,0.6615,392191.79,2024-12-02T07:00:00Z
2024-12-31,P00442,0.0639,97,0.656,390819.11,2025-01-02T07:00:00Z
2025-01-31,P00442,0.0639,98,0.6505,389451.25,2025-02-02T07:00:00Z
2025-02-28,P00442,0.0639,99,0.645,388088.17,2025-03-02T07:00:00Z
2025-03-31,P00442,0.0639,100,0.6395,386729.86,2025-04-02T07:00:00Z
2025-04-30,P00442,0.0639,101,0.634,385376.31,2025-05-02T07:00:00Z
2025-05-31,P00442,0.0639,102,0.6285,384027.49,2025-06-02T07:00:00Z
2025-06-30,P00442,0.0639,103,0.623,382683.39,2025-07-02T07:00:00Z
2025-07-31,P00442,0.0639,104,0.6175,381344.0,2025-08-02T07:00:00Z
2025-08-31,P00442,0.0639,105,0.612,380009.3,2025-09-02T07:00:00Z
2025-09-30,P00442,0.0639,106,0.6065,378679.26,2025-10-02T07:00:00Z
2025-10-31,P00442,0.0639,107,0.601,377353.89,2025-11-02T07:00:00Z
2025-11-30,P00442,0.0639,108,0.5955,376033.15,2025-12-02T07:00:00Z
2025-12-31,P00442,0.0639,109,0.59,374717.03,2026-01-02T07:00:00Z
2023-07-31,P00443,0.04671,77,0.7207,237953.98,2023-08-02T07:00:00Z
2023-08-31,P00443,0.04671,78,0.7153,237121.14,2023-09-02T07:00:00Z
2023-09-30,P00443,0.04671,79,0.7099,236291.22,2023-10-02T07:00:00Z
2023-10-31,P00443,0.04671,80,0.7045,235464.2,2023-11-02T07:00:00Z
2023-11-30,P00443,0.04671,81,0.6992,234640.07,2023-12-02T07:00:00Z
2023-12-31,P00443,0.04671,82,0.6938,233818.83,2024-01-02T07:00:00Z
2024-01-31,P00443,0.04671,83,0.6884,233000.47,2024-02-02T07:00:00Z
2024-02-29,P00443,0.04671,84,0.683,232184.97,2024-03-02T07:00:00Z
2024-03-31,P00443,0.04671,85,0.6776,231372.32,2024-04-02T07:00:00Z
2024-04-30,P00443,0.04671,86,0.6722,230562.51,2024-05-02T07:00:00Z
2024-05-31,P00443,0.04671,87,0.6669,229755.55,2024-06-02T07:00:00Z
2024-06-30,P00443,0.04671,88,0.6615,228951.4,2024-07-02T07:00:00Z
2024-07-31,P00443,0.04671,89,0.6561,228150.07,2024-08-02T07:00:00Z
2024-08-31,P00443,0.04671,90,0.6507,227351.55,2024-09-02T07:00:00Z
2024-09-30,P00443,0.04671,91,0.6453,226555.82,2024-10-02T07:00:00Z
2024-10-31,P00443,0.04671,92,0.64,225762.87,2024-11-02T07:00:00Z
2024-11-30,P00443,0.04671,93,0.6346,224972.7,2024-12-02T07:00:00Z
2024-12-31,P00443,0.04671,94,0.6292,224185.3,2025-01-02T07:00:00Z
2025-01-31,P00443,0.04671,95,0.6238,223400.65,2025-02-02T07:00:00Z
2025-02-28,P00443,0.04671,96,0.6184,222618.75,2025-03-02T07:00:00Z
2025-03-31,P00443,0.04671,97,0.613,221839.58,2025-04-02T07:00:00Z
2025-04-30,P00443,0.04671,98,0.6077,221063.14,2025-05-02T07:00:00Z
2025-05-31,P00443,0.04671,99,0.6023,220289.42,2025-06-02T07:00:00Z
2025-06-30,P00443,0.04671,100,0.5969,219518.41,2025-07-02T07:00:00Z
2025-07-31,P00443,0.04671,101,0.5915,218750.09,2025-08-02T07:00:00Z
2025-08-31,P00443,0.04671,102,0.5861,217984.47,2025-09-02T07:00:00Z
2025-09-30,P00443,0.04671,103,0.5807,217221.52,2025-10-02T07:00:00Z
2025-10-31,P00443,0.04671,104,0.5754,216461.25,2025-11-02T07:00:00Z
2025-11-30,P00443,0.04671,105,0.57,215703.63,2025-12-02T07:00:00Z
2025-12-31,P00443,0.04671,106,0.5646,214948.67,2026-01-02T07:00:00Z
2023-07-31,P00444,0.08144,75,0.8128,547878.91,2023-08-02T07:00:00Z
2023-08-31,P00444,0.08144,76,0.8071,545961.33,2023-09-02T07:00:00Z
2023-09-30,P00444,0.08144,77,0.8013,544050.47,2023-10-02T07:00:00Z
2023-10-31,P00444,0.08144,78,0.7956,542146.29,2023-11-02T07:00:00Z
2023-11-30,P00444,0.08144,79,0.7898,540248.78,2023-12-02T07:00:00Z
2023-12-31,P00444,0.08144,80,0.784,538357.91,2024-01-02T07:00:00Z
2024-01-31,P00444,0.08144,81,0.7783,536473.66,2024-02-02T07:00:00Z
2024-02-29,P00444,0.08144,82,0.7725,534596.0,2024-03-02T07:00:00Z
2024-03-31,P00444,0.08144,83,0.7668,532724.91,2024-04-02T07:00:00Z
2024-04-30,P00444,0.08144,84,0.761,530860.38,2024-05-02T07:00:00Z
2024-05-31,P00444,0.08144,85,0.7553,529002.36,2024-06-02T07:00:00Z
2024-06-30,P00444,0.08144,86,0.7495,527150.86,2024-07-02T07:00:00Z
2024-07-31,P00444,0.08144,87,0.7438,525305.83,2024-08-02T07:00:00Z
2024-08-31,P00444,0.08144,88,0.738,523467.26,2024-09-02T07:00:00Z
2024-09-30,P00444,0.08144,89,0.7323,521635.12,2024-10-02T07:00:00Z
2024-10-31,P00444,0.08144,90,0.7265,519809.4,2024-11-02T07:00:00Z
2024-11-30,P00444,0.08144,91,0.7208,517990.07,2024-12-02T07:00:00Z
2024-12-31,P00444,0.08144,92,0.715,516177.1,2025-01-02T07:00:00Z
2025-01-31,P00444,0.08144,93,0.7093,514370.48,2025-02-02T07:00:00Z
2025-02-28,P00444,0.08144,94,0.7035,512570.19,2025-03-02T07:00:00Z
2025-03-31,P00444,0.08144,95,0.6978,510776.19,2025-04-02T07:00:00Z
2025-04-30,P00444,0.08144,96,0.692,508988.47,2025-05-02T07:00:00Z
2025-05-31,P00444,0.08144,97,0.6863,507207.01,2025-06-02T07:00:00Z
2025-06-30,P00444,0.08144,98,0.6805,505431.79,2025-07-02T07:00:00Z
2025-07-31,P00444,0.08144,99,0.6748,503662.78,2025-08-02T07:00:00Z
2025-08-31,P00444,0.08144,100,0.669,501899.96,2025-09-02T07:00:00Z
2025-09-30,P00444,0.08144,101,0.6633,500143.31,2025-10-02T07:00:00Z
2025-10-31,P00444,0.08144,102,0.6575,498392.81,2025-11-02T07:00:00Z
2025-11-30,P00444,0.08144,103,0.6518,496648.43,2025-12-02T07:00:00Z
2025-12-31,P00444,0.08144,104,0.646,494910.16,2026-01-02T07:00:00Z
2023-07-31,P00445,0.07008,50,0.8107,138804.64,2023-08-02T07:00:00Z
2023-08-31,P00445,0.07008,51,0.8049,138318.82,2023-09-02T07:00:00Z
2023-09-30,P00445,0.07008,52,0.7992,137834.71,2023-10-02T07:00:00Z
2023-10-31,P00445,0.07008,53,0.7934,137352.29,2023-11-02T07:00:00Z
2023-11-30,P00445,0.07008,54,0.7877,136871.55,2023-12-02T07:00:00Z
2023-12-31,P00445,0.07008,55,0.7819,136392.5,2024-01-02T07:00:00Z
2024-01-31,P00445,0.07008,56,0.7762,135915.13,2024-02-02T07:00:00Z
2024-02-29,P00445,0.07008,57,0.7705,135439.43,2024-03-02T07:00:00Z
2024-03-31,P00445,0.07008,58,0.7647,134965.39,2024-04-02T07:00:00Z
2024-04-30,P00445,0.07008,59,0.759,134493.01,2024-05-02T07:00:00Z
2024-05-31,P00445,0.07008,60,0.7532,134022.28,2024-06-02T07:00:00Z
2024-06-30,P00445,0.07008,61,0.7475,133553.21,2024-07-02T07:00:00Z
2024-07-31,P00445,0.07008,62,0.7418,133085.77,2024-08-02T07:00:00Z
2024-08-31,P00445,0.07008,63,0.736,132619.97,2024-09-02T07:00:00Z
2024-09-30,P00445,0.07008,64,0.7303,132155.8,2024-10-02T07:00:00Z
2024-10-31,P00445,0.07008,65,0.7245,131693.25,2024-11-02T07:00:00Z
2024-11-30,P00445,0.07008,66,0.7188,131232.33,2024-12-02T07:00:00Z
2024-12-31,P00445,0.07008,67,0.713,130773.01,2025-01-02T07:00:00Z
2025-01-31,P00445,0.07008,68,0.7073,130315.31,2025-02-02T07:00:00Z
2025-02-28,P00445,0.07008,69,0.7016,129859.21,2025-03-02T07:00:00Z
2025-03-31,P00445,0.07008,70,0.6958,129404.7,2025-04-02T07:00:00Z
2025-04-30,P00445,0.07008,71,0.6901,128951.78,2025-05-02T07:00:00Z
2025-05-31,P00445,0.07008,72,0.6843,128500.45,2025-06-02T07:00:00Z
2025-06-30,P00445,0.07008,73,0.6786,128050.7,2025-07-02T07:00:00Z
2025-07-31,P00445,0.07008,74,0.6728,127602.52,2025-08-02T07:00:00Z
2025-08-31,P00445,0.07008,75,0.6671,127155.91,2025-09-02T07:00:00Z
2025-09-30,P00445,0.07008,76,0.6614,126710.87,2025-10-02T07:00:00Z
2025-10-31,P00445,0.07008,77,0.6556,126267.38,2025-11-02T07:00:00Z
2025-11-30,P00445,0.07008,78,0.6499,125825.44,2025-12-02T07:00:00Z
2025-12-31,P00445,0.07008,79,0.6441,125385.05,2026-01-02T07:00:00Z
2023-07-31,P00446,0.0555,43,0.7631,208370.84,2023-08-02T07:00:00Z
2023-08-31,P00446,0.0555,44,0.7575,207641.54,2023-09-02T07:00:00Z
2023-09-30,P00446,0.0555,45,0.752,206914.8,2023-10-02T07:00:00Z
2023-10-31,P00446,0.0555,46,0.7464,206190.59,2023-11-02T07:00:00Z
2023-11-30,P00446,0.0555,47,0.7409,205468.93,2023-12-02T07:00:00Z
2023-12-31,P00446,0.0555,48,0.7353,204749.79,2024-01-02T07:00:00Z
2024-01-31,P00446,0.0555,49,0.7298,204033.16,2024-02-02T07:00:00Z
2024-02-29,P00446,0.0555,50,0.7242,203319.05,2024-03-02T07:00:00Z
2024-03-31,P00446,0.0555,51,0.7187,202607.43,2024-04-02T07:00:00Z
2024-04-30,P00446,0.0555,52,0.7131,201898.3,2024-05-02T07:00:00Z
2024-05-31,P00446,0.0555,53,0.7075,201191.66,2024-06-02T07:00:00Z
2024-06-30,P00446,0.0555,54,0.702,200487.49,2024-07-02T07:00:00Z
2024-07-31,P00446,0.0555,55,0.6964,199785.78,2024-08-02T07:00:00Z
2024-08-31,P00446,0.0555,56,0.6909,199086.53,2024-09-02T07:00:00Z
2024-09-30,P00446,0.0555,57,0.6853,198389.73,2024-10-02T07:00:00Z
2024-10-31,P00446,0.0555,58,0.6798,197695.37,2024-11-02T07:00:00Z
2024-11-30,P00446,0.0555,59,0.6742,197003.43,2024-12-02T07:00:00Z
2024-12-31,P00446,0.0555,60,0.6687,196313.92,2025-01-02T07:00:00Z
2025-01-31,P00446,0.0555,61,0.6631,195626.82,2025-02-02T07:00:00Z
2025-02-28,P00446,0.0555,62,0.6576,194942.13,2025-03-02T07:00:00Z
2025-03-31,P00446,0.0555,63,0.652,194259.83,2025-04-02T07:00:00Z
2025-04-30,P00446,0.0555,64,0.6465,193579.92,2025-05-02T07:00:00Z
2025-05-31,P00446,0.0555,65,0.6409,192902.39,2025-06-02T07:00:00Z
2025-06-30,P00446,0.0555,66,0.6354,192227.23,2025-07-02T07:00:00Z
2025-07-31,P00446,0.0555,67,0.6298,191554.44,2025-08-02T07:00:00Z
2025-08-31,P00446,0.0555,68,0.6243,190884.0,2025-09-02T07:00:00Z
2025-09-30,P00446,0.0555,69,0.6187,190215.9,2025-10-02T07:00:00Z
2025-10-31,P00446,0.0555,70,0.6132,189550.15,2025-11-02T07:00:00Z
2025-11-30,P00446,0.0555,71,0.6076,188886.72,2025-12-02T07:00:00Z
2025-12-31,P00446,0.0555,72,0.6021,188225.62,2026-01-02T07:00:00Z
2023-07-31,P00447,0.04237,78,0.7129,364642.9,2023-08-02T07:00:00Z
2023-08-31,P00447,0.04237,79,0.7076,363366.65,2023-09-02T07:00:00Z
2023-09-30,P00447,0.04237,80,0.7022,362094.87,2023-10-02T07:00:00Z
2023-10-31,P00447,0.04237,81,0.6969,360827.53,2023-11-02T07:00:00Z
2023-11-30,P00447,0.04237,82,0.6915,359564.64,2023-12-02T07:00:00Z
2023-12-31,P00447,0.04237,83,0.6862,358306.16,2024-01-02T07:00:00Z
2024-01-31,P00447,0.04237,84,0.6808,357052.09,2024-02-02T07:00:00Z
2024-02-29,P00447,0.04237,85,0.6755,355802.41,2024-03-02T07:00:00Z
2024-03-31,P00447,0.04237,86,0.6701,354557.1,2024-04-02T07:00:00Z
2024-04-30,P00447,0.04237,87,0.6648,353316.15,2024-05-02T07:00:00Z
2024-05-31,P00447,0.04237,88,0.6594,352079.54,2024-06-02T07:00:00Z
2024-06-30,P00447,0.04237,89,0.6541,350847.26,2024-07-02T07:00:00Z
2024-07-31,P00447,0.04237,90,0.6487,349619.3,2024-08-02T07:00:00Z
2024-08-31,P00447,0.04237,91,0.6434,348395.63,2024-09-02T07:00:00Z
2024-09-30,P00447,0.04237,92,0.638,347176.25,2024-10-02T07:00:00Z
2024-10-31,P00447,0.04237,93,0.6326,345961.13,2024-11-02T07:00:00Z
2024-11-30,P00447,0.04237,94,0.6273,344750.27,2024-12-02T07:00:00Z
2024-12-31,P00447,0.04237,95,0.6219,343543.64,2025-01-02T07:00:00Z
2025-01-31,P00447,0.04237,96,0.6166,342341.24,2025-02-02T07:00:00Z
2025-02-28,P00447,0.04237,97,0.6112,341143.04,2025-03-02T07:00:00Z
2025-03-31,P00447,0.04237,98,0.6059,339949.04,2025-04-02T07:00:00Z
2025-04-30,P00447,0.04237,99,0.6005,338759.22,2025-05-02T07:00:00Z
2025-05-31,P00447,0.04237,100,0.5952,337573.56,2025-06-02T07:00:00Z
2025-06-30,P00447,0.04237,101,0.5898,336392.06,2025-07-02T07:00:00Z
2025-07-31,P00447,0.04237,102,0.5845,335214.68,2025-08-02T07:00:00Z
2025-08-31,P00447,0.04237,103,0.5791,334041.43,2025-09-02T07:00:00Z
2025-09-30,P00447,0.04237,104,0.5738,332872.29,2025-10-02T07:00:00Z
2025-10-31,P00447,0.04237,105,0.5684,331707.23,2025-11-02T07:00:00Z
2025-11-30,P00447,0.04237,106,0.5631,330546.26,2025-12-02T07:00:00Z
2025-12-31,P00447,0.04237,107,0.5577,329389.35,2026-01-02T07:00:00Z
2023-07-31,P00448,0.06608,79,0.7912,198277.88,2023-08-02T07:00:00Z
2023-08-31,P00448,0.06608,80,0.7855,197583.91,2023-09-02T07:00:00Z
2023-09-30,P00448,0.06608,81,0.7798,196892.36,2023-10-02T07:00:00Z
2023-10-31,P00448,0.06608,82,0.7742,196203.24,2023-11-02T07:00:00Z
2023-11-30,P00448,0.06608,83,0.7685,195516.53,2023-12-02T07:00:00Z
2023-12-31,P00448,0.06608,84,0.7629,194832.22,2024-01-02T07:00:00Z
2024-01-31,P00448,0.06608,85,0.7572,194150.31,2024-02-02T07:00:00Z
2024-02-29,P00448,0.06608,86,0.7515,193470.78,2024-03-02T07:00:00Z
2024-03-31,P00448,0.06608,87,0.7459,192793.63,2024-04-02T07:00:00Z
2024-04-30,P00448,0.06608,88,0.7402,192118.86,2024-05-02T07:00:00Z
2024-05-31,P00448,0.06608,89,0.7345,191446.44,2024-06-02T07:00:00Z
2024-06-30,P00448,0.06608,90,0.7289,190776.38,2024-07-02T07:00:00Z
2024-07-31,P00448,0.06608,91,0.7232,190108.66,2024-08-02T07:00:00Z
2024-08-31,P00448,0.06608,92,0.7175,189443.28,2024-09-02T07:00:00Z
2024-09-30,P00448,0.06608,93,0.7119,188780.23,2024-10-02T07:00:00Z
2024-10-31,P00448,0.06608,94,0.7062,188119.5,2024-11-02T07:00:00Z
2024-11-30,P00448,0.06608,95,0.7005,187461.08,2024-12-02T07:00:00Z
2024-12-31,P00448,0.06608,96,0.6949,186804.97,2025-01-02T07:00:00Z
2025-01-31,P00448,0.06608,97,0.6892,186151.15,2025-02-02T07:00:00Z
2025-02-28,P00448,0.06608,98,0.6835,185499.62,2025-03-02T07:00:00Z
2025-03-31,P00448,0.06608,99,0.6779,184850.37,2025-04-02T07:00:00Z
2025-04-30,P00448,0.06608,100,0.6722,184203.4,2025-05-02T07:00:00Z
2025-05-31,P00448,0.06608,101,0.6666,183558.68,2025-06-02T07:00:00Z
2025-06-30,P00448,0.06608,102,0.6609,182916.23,2025-07-02T07:00:00Z
2025-07-31,P00448,0.06608,103,0.6552,182276.02,2025-08-02T07:00:00Z
2025-08-31,P00448,0.06608,104,0.6496,181638.05,2025-09-02T07:00:00Z
2025-09-30,P00448,0.06608,105,0.6439,181002.32,2025-10-02T07:00:00Z
2025-10-31,P00448,0.06608,106,0.6382,180368.81,2025-11-02T07:00:00Z
2025-11-30,P00448,0.06608,107,0.6326,179737.52,2025-12-02T07:00:00Z
2025-12-31,P00448,0.06608,108,0.6269,179108.44,2026-01-02T07:00:00Z
2023-07-31,P00449,0.05721,58,0.7155,306050.28,2023-08-02T07:00:00Z
2023-08-31,P00449,0.05721,59,0.7101,304979.1,2023-09-02T07:00:00Z
2023-09-30,P00449,0.05721,60,0.7048,303911.68,2023-10-02T07:00:00Z
2023-10-31,P00449,0.05721,61,0.6994,302847.99,2023-11-02T07:00:00Z
2023-11-30,P00449,0.05721,62,0.694,301788.02,2023-12-02T07:00:00Z
2023-12-31,P00449,0.05721,63,0.6887,300731.76,2024-01-02T07:00:00Z
2024-01-31,P00449,0.05721,64,0.6833,299679.2,2024-02-02T07:00:00Z
2024-02-29,P00449,0.05721,65,0.678,298630.32,2024-03-02T07:00:00Z
2024-03-31,P00449,0.05721,66,0.6726,297585.12,2024-04-02T07:00:00Z
2024-04-30,P00449,0.05721,67,0.6672,296543.57,2024-05-02T07:00:00Z
2024-05-31,P00449,0.05721,68,0.6619,295505.67,2024-06-02T07:00:00Z
2024-06-30,P00449,0.05721,69,0.6565,294471.4,2024-07-02T07:00:00Z
2024-07-31,P00449,0.05721,70,0.6511,293440.75,2024-08-02T07:00:00Z
2024-08-31,P00449,0.05721,71,0.6458,292413.7,2024-09-02T07:00:00Z
2024-09-30,P00449,0.05721,72,0.6404,291390.26,2024-10-02T07:00:00Z
2024-10-31,P00449,0.05721,73,0.6351,290370.39,2024-11-02T07:00:00Z
2024-11-30,P00449,0.05721,74,0.6297,289354.09,2024-12-02T07:00:00Z
2024-12-31,P00449,0.05721,75,0.6243,288341.35,2025-01-02T07:00:00Z
2025-01-31,P00449,0.05721,76,0.619,287332.16,2025-02-02T07:00:00Z
2025-02-28,P00449,0.05721,77,0.6136,286326.5,2025-03-02T07:00:00Z
2025-03-31,P00449,0.05721,78,0.6082,285324.35,2025-04-02T07:00:00Z
2025-04-30,P00449,0.05721,79,0.6029,284325.72,2025-05-02T07:00:00Z
2025-05-31,P00449,0.05721,80,0.5975,283330.58,2025-06-02T07:00:00Z
2025-06-30,P00449,0.05721,81,0.5922,282338.92,2025-07-02T07:00:00Z
2025-07-31,P00449,0.05721,82,0.5868,281350.73,2025-08-02T07:00:00Z
2025-08-31,P00449,0.05721,83,0.5814,280366.01,2025-09-02T07:00:00Z
2025-09-30,P00449,0.05721,84,0.5761,279384.73,2025-10-02T07:00:00Z
2025-10-31,P00449,0.05721,85,0.5707,278406.88,2025-11-02T07:00:00Z
2025-11-30,P00449,0.05721,86,0.5654,277432.46,2025-12-02T07:00:00Z
2025-12-31,P00449,0.05721,87,0.56,276461.44,2026-01-02T07:00:00Z
2023-07-31,P00450,0.07574,29,0.5949,484690.48,2023-08-02T07:00:00Z
2023-08-31,P00450,0.07574,30,0.5901,482994.06,2023-09-02T07:00:00Z
2023-09-30,P00450,0.07574,31,0.5852,481303.58,2023-10-02T07:00:00Z
2023-10-31,P00450,0.07574,32,0.5803,479619.02,2023-11-02T07:00:00Z
2023-11-30,P00450,0.07574,33,0.5754,477940.35,2023-12-02T07:00:00Z
2023-12-31,P00450,0.07574,34,0.5705,476267.56,2024-01-02T07:00:00Z
2024-01-31,P00450,0.07574,35,0.5657,474600.63,2024-02-02T07:00:00Z
2024-02-29,P00450,0.07574,36,0.5608,472939.53,2024-03-02T07:00:00Z
2024-03-31,P00450,0.07574,37,0.5559,471284.24,2024-04-02T07:00:00Z
2024-04-30,P00450,0.07574,38,0.551,469634.74,2024-05-02T07:00:00Z
2024-05-31,P00450,0.07574,39,0.5461,467991.02,2024-06-02T07:00:00Z
2024-06-30,P00450,0.07574,40,0.5413,466353.05,2024-07-02T07:00:00Z
2024-07-31,P00450,0.07574,41,0.5364,464720.82,2024-08-02T07:00:00Z
2024-08-31,P00450,0.07574,42,0.5315,463094.29,2024-09-02T07:00:00Z
2024-09-30,P00450,0.07574,43,0.5266,461473.46,2024-10-02T07:00:00Z
2024-10-31,P00450,0.07574,44,0.5217,459858.31,2024-11-02T07:00:00Z
2024-11-30,P00450,0.07574,45,0.5169,458248.8,2024-12-02T07:00:00Z
2024-12-31,P00450,0.07574,46,0.512,456644.93,2025-01-02T07:00:00Z
2025-01-31,P00450,0.07574,47,0.5071,455046.67,2025-02-02T07:00:00Z
2025-02-28,P00450,0.07574,48,0.5022,453454.01,2025-03-02T07:00:00Z
2025-03-31,P00450,0.07574,49,0.4974,451866.92,2025-04-02T07:00:00Z
2025-04-30,P00450,0.07574,50,0.4925,450285.39,2025-05-02T07:00:00Z
2025-05-31,P00450,0.07574,51,0.4876,448709.39,2025-06-02T07:00:00Z
2025-06-30,P00450,0.07574,52,0.4827,447138.91,2025-07-02T07:00:00Z
2025-07-31,P00450,0.07574,53,0.4778,445573.92,2025-08-02T07:00:00Z
2025-08-31,P00450,0.07574,54,0.473,444014.41,2025-09-02T07:00:00Z
2025-09-30,P00450,0.07574,55,0.4681,442460.36,2025-10-02T07:00:00Z
2025-10-31,P00450,0.07574,56,0.4632,440911.75,2025-11-02T07:00:00Z
2025-11-30,P00450,0.07574,57,0.4583,439368.56,2025-12-02T07:00:00Z
2023-07-31,P00451,0.07902,42,0.7657,481474.05,2023-08-02T07:00:00Z
2023-08-31,P00451,0.07902,43,0.7602,479788.89,2023-09-02T07:00:00Z
2023-09-30,P00451,0.07902,44,0.7546,478109.63,2023-10-02T07:00:00Z
2023-10-31,P00451,0.07902,45,0.7491,476436.25,2023-11-02T07:00:00Z
2023-11-30,P00451,0.07902,46,0.7435,474768.72,2023-12-02T07:00:00Z
2023-12-31,P00451,0.07902,47,0.7379,473107.03,2024-01-02T07:00:00Z
2024-01-31,P00451,0.07902,48,0.7324,471451.15,2024-02-02T07:00:00Z
2024-02-29,P00451,0.07902,49,0.7268,469801.07,2024-03-02T07:00:00Z
2024-03-31,P00451,0.07902,50,0.7212,468156.77,2024-04-02T07:00:00Z
2024-04-30,P00451,0.07902,51,0.7157,466518.22,2024-05-02T07:00:00Z
2024-05-31,P00451,0.07902,52,0.7101,464885.41,2024-06-02T07:00:00Z
2024-06-30,P00451,0.07902,53,0.7045,463258.31,2024-07-02T07:00:00Z
2024-07-31,P00451,0.07902,54,0.699,461636.91,2024-08-02T07:00:00Z
2024-08-31,P00451,0.07902,55,0.6934,460021.18,2024-09-02T07:00:00Z
2024-09-30,P00451,0.07902,56,0.6879,458411.1,2024-10-02T07:00:00Z
2024-10-31,P00451,0.07902,57,0.6823,456806.66,2024-11-02T07:00:00Z
2024-11-30,P00451,0.07902,58,0.6767,455207.84,2024-12-02T07:00:00Z
2024-12-31,P00451,0.07902,59,0.6712,453614.61,2025-01-02T07:00:00Z
2025-01-31,P00451,0.07902,60,0.6656,452026.96,2025-02-02T07:00:00Z
2025-02-28,P00451,0.07902,61,0.66,450444.87,2025-03-02T07:00:00Z
2025-03-31,P00451,0.07902,62,0.6545,448868.31,2025-04-02T07:00:00Z
2025-04-30,P00451,0.07902,63,0.6489,447297.27,2025-05-02T07:00:00Z
2025-05-31,P00451,0.07902,64,0.6434,445731.73,2025-06-02T07:00:00Z
2025-06-30,P00451,0.07902,65,0.6378,444171.67,2025-07-02T07:00:00Z
2025-07-31,P00451,0.07902,66,0.6322,442617.07,2025-08-02T07:00:00Z
2025-08-31,P00451,0.07902,67,0.6267,441067.91,2025-09-02T07:00:00Z
2025-09-30,P00451,0.07902,68,0.6211,439524.17,2025-10-02T07:00:00Z
2025-10-31,P00451,0.07902,69,0.6155,437985.84,2025-11-02T07:00:00Z
2025-11-30,P00451,0.07902,70,0.61,436452.89,2025-12-02T07:00:00Z
2025-12-31,P00451,0.07902,71,0.6044,434925.3,2026-01-02T07:00:00Z
2023-07-31,P00452,0.05015,23,0.6081,101371.8,2023-08-02T07:00:00Z
2023-08-31,P00452,0.05015,24,0.6032,101017.0,2023-09-02T07:00:00Z
2023-09-30,P00452,0.05015,25,0.5983,100663.44,2023-10-02T07:00:00Z
2023-10-31,P00452,0.05015,26,0.5933,100311.12,2023-11-02T07:00:00Z
2023-11-30,P00452,0.05015,27,0.5884,99960.03,2023-12-02T07:00:00Z
2023-12-31,P00452,0.05015,28,0.5835,99610.17,2024-01-02T07:00:00Z
2024-01-31,P00452,0.05015,29,0.5785,99261.53,2024-02-02T07:00:00Z
2024-02-29,P00452,0.05015,30,0.5736,98914.12,2024-03-02T07:00:00Z
2024-03-31,P00452,0.05015,31,0.5687,98567.92,2024-04-02T07:00:00Z
2024-04-30,P00452,0.05015,32,0.5637,98222.93,2024-05-02T07:00:00Z
2024-05-31,P00452,0.05015,33,0.5588,97879.15,2024-06-02T07:00:00Z
2024-06-30,P00452,0.05015,34,0.5539,97536.57,2024-07-02T07:00:00Z
2024-07-31,P00452,0.05015,35,0.5489,97195.19,2024-08-02T07:00:00Z
2024-08-31,P00452,0.05015,36,0.544,96855.01,2024-09-02T07:00:00Z
2024-09-30,P00452,0.05015,37,0.5391,96516.02,2024-10-02T07:00:00Z
2024-10-31,P00452,0.05015,38,0.5341,96178.21,2024-11-02T07:00:00Z
2024-11-30,P00452,0.05015,39,0.5292,95841.59,2024-12-02T07:00:00Z
2024-12-31,P00452,0.05015,40,0.5243,95506.14,2025-01-02T07:00:00Z
2025-01-31,P00452,0.05015,41,0.5193,95171.87,2025-02-02T07:00:00Z
2025-02-28,P00452,0.05015,42,0.5144,94838.77,2025-03-02T07:00:00Z
2025-03-31,P00452,0.05015,43,0.5095,94506.83,2025-04-02T07:00:00Z
2025-04-30,P00452,0.05015,44,0.5045,94176.06,2025-05-02T07:00:00Z
2025-05-31,P00452,0.05015,45,0.4996,93846.44,2025-06-02T07:00:00Z
2025-06-30,P00452,0.05015,46,0.4947,93517.98,2025-07-02T07:00:00Z
2025-07-31,P00452,0.05015,47,0.4897,93190.67,2025-08-02T07:00:00Z
2025-08-31,P00452,0.05015,48,0.4848,92864.5,2025-09-02T07:00:00Z
2025-09-30,P00452,0.05015,49,0.4799,92539.48,2025-10-02T07:00:00Z
2025-10-31,P00452,0.05015,50,0.4749,92215.59,2025-11-02T07:00:00Z
2025-11-30,P00452,0.05015,51,0.47,91892.83,2025-12-02T07:00:00Z
2025-12-31,P00452,0.05015,52,0.4651,91571.21,2026-01-02T07:00:00Z
2023-07-31,P00453,0.0371,105,0.5816,365697.84,2023-08-02T07:00:00Z
2023-08-31,P00453,0.0371,106,0.5768,364417.9,2023-09-02T07:00:00Z
2023-09-30,P00453,0.0371,107,0.572,363142.43,2023-10-02T07:00:00Z
2023-10-31,P00453,0.0371,108,0.5672,361871.44,2023-11-02T07:00:00Z
2023-11-30,P00453,0.0371,109,0.5623,360604.89,2023-12-02T07:00:00Z
2023-12-31,P00453,0.0371,110,0.5575,359342.77,2024-01-02T07:00:00Z
2024-01-31,P00453,0.0371,111,0.5527,358085.07,2024-02-02T07:00:00Z
2024-02-29,P00453,0.0371,112,0.5478,356831.77,2024-03-02T07:00:00Z
2024-03-31,P00453,0.0371,113,0.543,355582.86,2024-04-02T07:00:00Z
2024-04-30,P00453,0.0371,114,0.5382,354338.32,2024-05-02T07:00:00Z
2024-05-31,P00453,0.0371,115,0.5334,353098.14,2024-06-02T07:00:00Z
2024-06-30,P00453,0.0371,116,0.5285,351862.29,2024-07-02T07:00:00Z
2024-07-31,P00453,0.0371,117,0.5237,350630.77,2024-08-02T07:00:00Z
2024-08-31,P00453,0.0371,118,0.5189,349403.57,2024-09-02T07:00:00Z
2024-09-30,P00453,0.0371,119,0.5141,348180.65,2024-10-02T07:00:00Z
2024-10-31,P00453,0.0371,120,0.5092,346962.02,2024-11-02T07:00:00Z
2024-11-30,P00453,0.0371,121,0.5044,345747.66,2024-12-02T07:00:00Z
2024-12-31,P00453,0.0371,122,0.4996,344537.54,2025-01-02T07:00:00Z
2025-01-31,P00453,0.0371,123,0.4948,343331.66,2025-02-02T07:00:00Z
2025-02-28,P00453,0.0371,124,0.4899,342130.0,2025-03-02T07:00:00Z
2025-03-31,P00453,0.0371,125,0.4851,340932.54,2025-04-02T07:00:00Z
2025-04-30,P00453,0.0371,126,0.4803,339739.28,2025-05-02T07:00:00Z
2025-05-31,P00453,0.0371,127,0.4754,338550.19,2025-06-02T07:00:00Z
2025-06-30,P00453,0.0371,128,0.4706,337365.26,2025-07-02T07:00:00Z
2025-07-31,P00453,0.0371,129,0.4658,336184.49,2025-08-02T07:00:00Z
2025-08-31,P00453,0.0371,130,0.461,335007.84,2025-09-02T07:00:00Z
2025-09-30,P00453,0.0371,131,0.4561,333835.31,2025-10-02T07:00:00Z
2025-10-31,P00453,0.0371,132,0.4513,332666.89,2025-11-02T07:00:00Z
2025-11-30,P00453,0.0371,133,0.4465,331502.56,2025-12-02T07:00:00Z
2025-12-31,P00453,0.0371,134,0.4417,330342.3,2026-01-02T07:00:00Z
2023-07-31,P00454,0.05291,80,0.6527,678263.76,2023-08-02T07:00:00Z
2023-08-31,P00454,0.05291,81,0.6476,675889.84,2023-09-02T07:00:00Z
2023-09-30,P00454,0.05291,82,0.6424,673524.22,2023-10-02T07:00:00Z
2023-10-31,P00454,0.05291,83,0.6373,671166.89,2023-11-02T07:00:00Z
2023-11-30,P00454,0.05291,84,0.6322,668817.8,2023-12-02T07:00:00Z
2023-12-31,P00454,0.05291,85,0.6271,666476.94,2024-01-02T07:00:00Z
2024-01-31,P00454,0.05291,86,0.622,664144.27,2024-02-02T07:00:00Z
2024-02-29,P00454,0.05291,87,0.6169,661819.77,2024-03-02T07:00:00Z
2024-03-31,P00454,0.05291,88,0.6118,659503.4,2024-04-02T07:00:00Z
2024-04-30,P00454,0.05291,89,0.6067,657195.14,2024-05-02T07:00:00Z
2024-05-31,P00454,0.05291,90,0.6016,654894.95,2024-06-02T07:00:00Z
2024-06-30,P00454,0.05291,91,0.5964,652602.82,2024-07-02T07:00:00Z
2023-07-31,P00455,0.05962,5,0.4759,251357.35,2023-08-02T07:00:00Z
2023-08-31,P00455,0.05962,6,0.4715,250477.6,2023-09-02T07:00:00Z
2023-09-30,P00455,0.05962,7,0.4671,249600.93,2023-10-02T07:00:00Z
2023-10-31,P00455,0.05962,8,0.4627,248727.32,2023-11-02T07:00:00Z
2023-11-30,P00455,0.05962,9,0.4583,247856.78,2023-12-02T07:00:00Z
2023-12-31,P00455,0.05962,10,0.4539,246989.28,2024-01-02T07:00:00Z
2024-01-31,P00455,0.05962,11,0.4495,246124.82,2024-02-02T07:00:00Z
2024-02-29,P00455,0.05962,12,0.4451,245263.38,2024-03-02T07:00:00Z
2024-03-31,P00455,0.05962,13,0.4407,244404.96,2024-04-02T07:00:00Z
2024-04-30,P00455,0.05962,14,0.4363,243549.54,2024-05-02T07:00:00Z
2024-05-31,P00455,0.05962,15,0.4319,242697.12,2024-06-02T07:00:00Z
2024-06-30,P00455,0.05962,16,0.4275,241847.68,2024-07-02T07:00:00Z
2024-07-31,P00455,0.05962,17,0.4231,241001.21,2024-08-02T07:00:00Z
2024-08-31,P00455,0.05962,18,0.4187,240157.71,2024-09-02T07:00:00Z
2024-09-30,P00455,0.05962,19,0.4143,239317.16,2024-10-02T07:00:00Z
2024-10-31,P00455,0.05962,20,0.4099,238479.55,2024-11-02T07:00:00Z
2024-11-30,P00455,0.05962,21,0.4055,237644.87,2024-12-02T07:00:00Z
2024-12-31,P00455,0.05962,22,0.4011,236813.11,2025-01-02T07:00:00Z
2025-01-31,P00455,0.05962,23,0.3966,235984.26,2025-02-02T07:00:00Z
2025-02-28,P00455,0.05962,24,0.3922,235158.32,2025-03-02T07:00:00Z
2025-03-31,P00455,0.05962,25,0.3878,234335.26,2025-04-02T07:00:00Z
2025-04-30,P00455,0.05962,26,0.3834,233515.09,2025-05-02T07:00:00Z
2025-05-31,P00455,0.05962,27,0.379,232697.79,2025-06-02T07:00:00Z
2025-06-30,P00455,0.05962,28,0.3746,231883.35,2025-07-02T07:00:00Z
2025-07-31,P00455,0.05962,29,0.3702,231071.75,2025-08-02T07:00:00Z
2025-08-31,P00455,0.05962,30,0.3658,230263.0,2025-09-02T07:00:00Z
2025-09-30,P00455,0.05962,31,0.3614,229457.08,2025-10-02T07:00:00Z
2025-10-31,P00455,0.05962,32,0.357,228653.98,2025-11-02T07:00:00Z
2025-11-30,P00455,0.05962,33,0.3526,227853.69,2025-12-02T07:00:00Z
2025-12-31,P00455,0.05962,34,0.3482,227056.21,2026-01-02T07:00:00Z
2023-07-31,P00456,0.07469,43,0.5752,468627.43,2023-08-02T07:00:00Z
2023-08-31,P00456,0.07469,44,0.5704,466987.23,2023-09-02T07:00:00Z
2023-09-30,P00456,0.07469,45,0.5656,465352.78,2023-10-02T07:00:00Z
2023-10-31,P00456,0.07469,46,0.5608,463724.04,2023-11-02T07:00:00Z
2023-11-30,P00456,0.07469,47,0.556,462101.01,2023-12-02T07:00:00Z
2023-12-31,P00456,0.07469,48,0.5512,460483.66,2024-01-02T07:00:00Z
2024-01-31,P00456,0.07469,49,0.5464,458871.96,2024-02-02T07:00:00Z
2024-02-29,P00456,0.07469,50,0.5416,457265.91,2024-03-02T07:00:00Z
2023-07-31,P00457,0.06917,85,0.708,645315.73,2023-08-02T07:00:00Z
2023-08-31,P00457,0.06917,86,0.7026,643057.12,2023-09-02T07:00:00Z
2023-09-30,P00457,0.06917,87,0.6973,640806.43,2023-10-02T07:00:00Z
2023-10-31,P00457,0.06917,88,0.692,638563.6,2023-11-02T07:00:00Z
2023-11-30,P00457,0.06917,89,0.6867,636328.63,2023-12-02T07:00:00Z
2023-12-31,P00457,0.06917,90,0.6813,634101.48,2024-01-02T07:00:00Z
2024-01-31,P00457,0.06917,91,0.676,631882.12,2024-02-02T07:00:00Z
2024-02-29,P00457,0.06917,92,0.6707,629670.54,2024-03-02T07:00:00Z
2024-03-31,P00457,0.06917,93,0.6653,627466.69,2024-04-02T07:00:00Z
2023-07-31,P00458,0.06933,128,0.6248,329762.8,2023-08-02T07:00:00Z
2023-08-31,P00458,0.06933,129,0.6198,328608.63,2023-09-02T07:00:00Z
2023-09-30,P00458,0.06933,130,0.6148,327458.5,2023-10-02T07:00:00Z
2023-10-31,P00458,0.06933,131,0.6098,326312.4,2023-11-02T07:00:00Z
2023-11-30,P00458,0.06933,132,0.6048,325170.3,2023-12-02T07:00:00Z
2023-12-31,P00458,0.06933,133,0.5998,324032.21,2024-01-02T07:00:00Z
2024-01-31,P00458,0.06933,134,0.5948,322898.09,2024-02-02T07:00:00Z
2024-02-29,P00458,0.06933,135,0.5899,321767.95,2024-03-02T07:00:00Z
2024-03-31,P00458,0.06933,136,0.5849,320641.76,2024-04-02T07:00:00Z
2024-04-30,P00458,0.06933,137,0.5799,319519.52,2024-05-02T07:00:00Z
2024-05-31,P00458,0.06933,138,0.5749,318401.2,2024-06-02T07:00:00Z
2024-06-30,P00458,0.06933,139,0.5699,317286.79,2024-07-02T07:00:00Z
2024-07-31,P00458,0.06933,140,0.5649,316176.29,2024-08-02T07:00:00Z
2024-08-31,P00458,0.06933,141,0.5599,315069.67,2024-09-02T07:00:00Z
2024-09-30,P00458,0.06933,142,0.5549,313966.93,2024-10-02T07:00:00Z
2023-07-31,P00459,0.05703,33,0.8173,107957.77,2023-08-02T07:00:00Z
2023-08-31,P00459,0.05703,34,0.8115,107579.92,2023-09-02T07:00:00Z
2023-09-30,P00459,0.05703,35,0.8057,107203.39,2023-10-02T07:00:00Z
2023-10-31,P00459,0.05703,36,0.8,106828.18,2023-11-02T07:00:00Z
2023-11-30,P00459,0.05703,37,0.7942,106454.28,2023-12-02T07:00:00Z
2023-12-31,P00459,0.05703,38,0.7884,106081.69,2024-01-02T07:00:00Z
2024-01-31,P00459,0.05703,39,0.7827,105710.4,2024-02-02T07:00:00Z
2024-02-29,P00459,0.05703,40,0.7769,105340.42,2024-03-02T07:00:00Z
2024-03-31,P00459,0.05703,41,0.7711,104971.72,2024-04-02T07:00:00Z
2024-04-30,P00459,0.05703,42,0.7654,104604.32,2024-05-02T07:00:00Z
2024-05-31,P00459,0.05703,43,0.7596,104238.21,2024-06-02T07:00:00Z
2024-06-30,P00459,0.05703,44,0.7538,103873.37,2024-07-02T07:00:00Z
2024-07-31,P00459,0.05703,45,0.748,103509.82,2024-08-02T07:00:00Z
2024-08-31,P00459,0.05703,46,0.7423,103147.53,2024-09-02T07:00:00Z
2024-09-30,P00459,0.05703,47,0.7365,102786.52,2024-10-02T07:00:00Z
2024-10-31,P00459,0.05703,48,0.7307,102426.76,2024-11-02T07:00:00Z
2023-07-31,P00460,0.06006,112,0.6088,292165.75,2023-08-02T07:00:00Z
2023-08-31,P00460,0.06006,113,0.6039,291143.17,2023-09-02T07:00:00Z
2023-09-30,P00460,0.06006,114,0.599,290124.17,2023-10-02T07:00:00Z
2023-10-31,P00460,0.06006,115,0.594,289108.73,2023-11-02T07:00:00Z
2023-11-30,P00460,0.06006,116,0.5891,288096.85,2023-12-02T07:00:00Z
2023-12-31,P00460,0.06006,117,0.5841,287088.51,2024-01-02T07:00:00Z
2024-01-31,P00460,0.06006,118,0.5792,286083.7,2024-02-02T07:00:00Z
2024-02-29,P00460,0.06006,119,0.5743,285082.41,2024-03-02T07:00:00Z
2024-03-31,P00460,0.06006,120,0.5693,284084.62,2024-04-02T07:00:00Z
2024-04-30,P00460,0.06006,121,0.5644,283090.33,2024-05-02T07:00:00Z
2024-05-31,P00460,0.06006,122,0.5595,282099.51,2024-06-02T07:00:00Z
2024-06-30,P00460,0.06006,123,0.5545,281112.16,2024-07-02T07:00:00Z
2024-07-31,P00460,0.06006,124,0.5496,280128.27,2024-08-02T07:00:00Z
2024-08-31,P00460,0.06006,125,0.5447,279147.82,2024-09-02T07:00:00Z
2024-09-30,P00460,0.06006,126,0.5397,278170.8,2024-10-02T07:00:00Z
2023-07-31,P00461,0.05855,12,0.717,145993.56,2023-08-02T07:00:00Z
2023-08-31,P00461,0.05855,13,0.7116,145482.58,2023-09-02T07:00:00Z
2023-09-30,P00461,0.05855,14,0.7063,144973.39,2023-10-02T07:00:00Z
2023-10-31,P00461,0.05855,15,0.7009,144465.99,2023-11-02T07:00:00Z
2023-11-30,P00461,0.05855,16,0.6955,143960.36,2023-12-02T07:00:00Z
2023-12-31,P00461,0.05855,17,0.6902,143456.49,2024-01-02T07:00:00Z
2024-01-31,P00461,0.05855,18,0.6848,142954.4,2024-02-02T07:00:00Z
2024-02-29,P00461,0.05855,19,0.6794,142454.06,2024-03-02T07:00:00Z
2024-03-31,P00461,0.05855,20,0.6741,141955.47,2024-04-02T07:00:00Z
2024-04-30,P00461,0.05855,21,0.6687,141458.62,2024-05-02T07:00:00Z
2024-05-31,P00461,0.05855,22,0.6633,140963.52,2024-06-02T07:00:00Z
2024-06-30,P00461,0.05855,23,0.658,140470.15,2024-07-02T07:00:00Z
2024-07-31,P00461,0.05855,24,0.6526,139978.5,2024-08-02T07:00:00Z
2024-08-31,P00461,0.05855,25,0.6472,139488.58,2024-09-02T07:00:00Z
2023-07-31,P00462,0.05754,121,0.8995,632885.57,2023-08-02T07:00:00Z
2023-08-31,P00462,0.05754,122,0.8934,630670.47,2023-09-02T07:00:00Z
2023-09-30,P00462,0.05754,123,0.8873,628463.12,2023-10-02T07:00:00Z
2023-10-31,P00462,0.05754,124,0.8812,626263.5,2023-11-02T07:00:00Z
2023-11-30,P00462,0.05754,125,0.8751,624071.58,2023-12-02T07:00:00Z
2023-12-31,P00462,0.05754,126,0.869,621887.33,2024-01-02T07:00:00Z
2024-01-31,P00462,0.05754,127,0.8629,619710.72,2024-02-02T07:00:00Z
2024-02-29,P00462,0.05754,128,0.8568,617541.74,2024-03-02T07:00:00Z
2024-03-31,P00462,0.05754,129,0.8507,615380.34,2024-04-02T07:00:00Z
2024-04-30,P00462,0.05754,130,0.8446,613226.51,2024-05-02T07:00:00Z
2024-05-31,P00462,0.05754,131,0.8385,611080.22,2024-06-02T07:00:00Z
2024-06-30,P00462,0.05754,132,0.8324,608941.44,2024-07-02T07:00:00Z
2024-07-31,P00462,0.05754,133,0.8263,606810.14,2024-08-02T07:00:00Z
2024-08-31,P00462,0.05754,134,0.8202,604686.31,2024-09-02T07:00:00Z
2024-09-30,P00462,0.05754,135,0.8142,602569.9,2024-10-02T07:00:00Z
2024-10-31,P00462,0.05754,136,0.8081,600460.91,2024-11-02T07:00:00Z
2023-07-31,P00463,0.05405,108,0.7327,223209.79,2023-08-02T07:00:00Z
2023-08-31,P00463,0.05405,109,0.7273,222428.56,2023-09-02T07:00:00Z
2023-09-30,P00463,0.05405,110,0.7219,221650.06,2023-10-02T07:00:00Z
2023-10-31,P00463,0.05405,111,0.7164,220874.28,2023-11-02T07:00:00Z
2023-11-30,P00463,0.05405,112,0.711,220101.22,2023-12-02T07:00:00Z
2023-12-31,P00463,0.05405,113,0.7056,219330.87,2024-01-02T07:00:00Z
2024-01-31,P00463,0.05405,114,0.7001,218563.21,2024-02-02T07:00:00Z
2024-02-29,P00463,0.05405,115,0.6947,217798.24,2024-03-02T07:00:00Z
2024-03-31,P00463,0.05405,116,0.6893,217035.94,2024-04-02T07:00:00Z
2024-04-30,P00463,0.05405,117,0.6838,216276.32,2024-05-02T07:00:00Z
2024-05-31,P00463,0.05405,118,0.6784,215519.35,2024-06-02T07:00:00Z
2024-06-30,P00463,0.05405,119,0.673,214765.03,2024-07-02T07:00:00Z
2024-07-31,P00463,0.05405,120,0.6676,214013.35,2024-08-02T07:00:00Z
2024-08-31,P00463,0.05405,121,0.6621,213264.31,2024-09-02T07:00:00Z
2024-09-30,P00463,0.05405,122,0.6567,212517.88,2024-10-02T07:00:00Z
2024-10-31,P00463,0.05405,123,0.6513,211774.07,2024-11-02T07:00:00Z
2024-11-30,P00463,0.05405,124,0.6458,211032.86,2024-12-02T07:00:00Z
2023-07-31,P00464,0.066,116,0.8266,687369.43,2023-08-02T07:00:00Z
2023-08-31,P00464,0.066,117,0.8208,684963.64,2023-09-02T07:00:00Z
2023-09-30,P00464,0.066,118,0.815,682566.26,2023-10-02T07:00:00Z
2023-10-31,P00464,0.066,119,0.8092,680177.28,2023-11-02T07:00:00Z
2023-11-30,P00464,0.066,120,0.8034,677796.66,2023-12-02T07:00:00Z
2023-12-31,P00464,0.066,121,0.7976,675424.37,2024-01-02T07:00:00Z
2024-01-31,P00464,0.066,122,0.7918,673060.39,2024-02-02T07:00:00Z
2024-02-29,P00464,0.066,123,0.786,670704.68,2024-03-02T07:00:00Z
2024-03-31,P00464,0.066,124,0.7802,668357.21,2024-04-02T07:00:00Z
2024-04-30,P00464,0.066,125,0.7743,666017.96,2024-05-02T07:00:00Z
2024-05-31,P00464,0.066,126,0.7685,663686.9,2024-06-02T07:00:00Z
2024-06-30,P00464,0.066,127,0.7627,661363.99,2024-07-02T07:00:00Z
2024-07-31,P00464,0.066,128,0.7569,659049.22,2024-08-02T07:00:00Z
2024-08-31,P00464,0.066,129,0.7511,656742.55,2024-09-02T07:00:00Z
2023-07-31,P00465,0.05795,105,0.704,678154.11,2023-08-02T07:00:00Z
2023-08-31,P00465,0.05795,106,0.6987,675780.57,2023-09-02T07:00:00Z
2023-09-30,P00465,0.05795,107,0.6934,673415.34,2023-10-02T07:00:00Z
2023-10-31,P00465,0.05795,108,0.6881,671058.38,2023-11-02T07:00:00Z
2023-11-30,P00465,0.05795,109,0.6828,668709.68,2023-12-02T07:00:00Z
2023-12-31,P00465,0.05795,110,0.6774,666369.2,2024-01-02T07:00:00Z
2024-01-31,P00465,0.05795,111,0.6721,664036.9,2024-02-02T07:00:00Z
2024-02-29,P00465,0.05795,112,0.6668,661712.78,2024-03-02T07:00:00Z
2024-03-31,P00465,0.05795,113,0.6615,659396.78,2024-04-02T07:00:00Z
2024-04-30,P00465,0.05795,114,0.6562,657088.89,2024-05-02T07:00:00Z
2024-05-31,P00465,0.05795,115,0.6509,654789.08,2024-06-02T07:00:00Z
2024-06-30,P00465,0.05795,116,0.6455,652497.32,2024-07-02T07:00:00Z
2024-07-31,P00465,0.05795,117,0.6402,650213.58,2024-08-02T07:00:00Z
2024-08-31,P00465,0.05795,118,0.6349,647937.83,2024-09-02T07:00:00Z
2023-07-31,P00466,0.06812,75,0.6664,546355.37,2023-08-02T07:00:00Z
2023-08-31,P00466,0.06812,76,0.6612,544443.13,2023-09-02T07:00:00Z
2023-09-30,P00466,0.06812,77,0.6561,542537.58,2023-10-02T07:00:00Z
2023-10-31,P00466,0.06812,78,0.6509,540638.69,2023-11-02T07:00:00Z
2023-11-30,P00466,0.06812,79,0.6457,538746.46,2023-12-02T07:00:00Z
2023-12-31,P00466,0.06812,80,0.6406,536860.85,2024-01-02T07:00:00Z
2024-01-31,P00466,0.06812,81,0.6354,534981.83,2024-02-02T07:00:00Z
2024-02-29,P00466,0.06812,82,0.6302,533109.4,2024-03-02T07:00:00Z
2024-03-31,P00466,0.06812,83,0.6251,531243.51,2024-04-02T07:00:00Z
2024-04-30,P00466,0.06812,84,0.6199,529384.16,2024-05-02T07:00:00Z
2024-05-31,P00466,0.06812,85,0.6147,527531.32,2024-06-02T07:00:00Z
2024-06-30,P00466,0.06812,86,0.6096,525684.96,2024-07-02T07:00:00Z
2024-07-31,P00466,0.06812,87,0.6044,523845.06,2024-08-02T07:00:00Z
2024-08-31,P00466,0.06812,88,0.5992,522011.6,2024-09-02T07:00:00Z
2024-09-30,P00466,0.06812,89,0.5941,520184.56,2024-10-02T07:00:00Z
2024-10-31,P00466,0.06812,90,0.5889,518363.92,2024-11-02T07:00:00Z
2024-11-30,P00466,0.06812,91,0.5837,516549.64,2024-12-02T07:00:00Z
2024-12-31,P00466,0.06812,92,0.5786,514741.72,2025-01-02T07:00:00Z
2025-01-31,P00466,0.06812,93,0.5734,512940.12,2025-02-02T07:00:00Z
2025-02-28,P00466,0.06812,94,0.5682,511144.83,2025-03-02T07:00:00Z
2025-03-31,P00466,0.06812,95,0.5631,509355.82,2025-04-02T07:00:00Z
2025-04-30,P00466,0.06812,96,0.5579,507573.08,2025-05-02T07:00:00Z
2025-05-31,P00466,0.06812,97,0.5527,505796.57,2025-06-02T07:00:00Z
2025-06-30,P00466,0.06812,98,0.5476,504026.29,2025-07-02T07:00:00Z
2025-07-31,P00466,0.06812,99,0.5424,502262.19,2025-08-02T07:00:00Z
2025-08-31,P00466,0.06812,100,0.5372,500504.28,2025-09-02T07:00:00Z
2025-09-30,P00466,0.06812,101,0.5321,498752.51,2025-10-02T07:00:00Z
2025-10-31,P00466,0.06812,102,0.5269,497006.88,2025-11-02T07:00:00Z
2025-11-30,P00466,0.06812,103,0.5217,495267.35,2025-12-02T07:00:00Z
2025-12-31,P00466,0.06812,104,0.5166,493533.92,2026-01-02T07:00:00Z
2023-07-31,P00467,0.06204,110,0.7611,632804.68,2023-08-02T07:00:00Z
2023-08-31,P00467,0.06204,111,0.7556,630589.86,2023-09-02T07:00:00Z
2023-09-30,P00467,0.06204,112,0.75,628382.8,2023-10-02T07:00:00Z
2023-10-31,P00467,0.06204,113,0.7445,626183.46,2023-11-02T07:00:00Z
2023-11-30,P00467,0.06204,114,0.7389,623991.82,2023-12-02T07:00:00Z
2023-12-31,P00467,0.06204,115,0.7334,621807.85,2024-01-02T07:00:00Z
2024-01-31,P00467,0.06204,116,0.7278,619631.52,2024-02-02T07:00:00Z
2024-02-29,P00467,0.06204,117,0.7223,617462.81,2024-03-02T07:00:00Z
2024-03-31,P00467,0.06204,118,0.7167,615301.69,2024-04-02T07:00:00Z
2024-04-30,P00467,0.06204,119,0.7112,613148.13,2024-05-02T07:00:00Z
2024-05-31,P00467,0.06204,120,0.7057,611002.11,2024-06-02T07:00:00Z
2024-06-30,P00467,0.06204,121,0.7001,608863.61,2024-07-02T07:00:00Z
2024-07-31,P00467,0.06204,122,0.6946,606732.58,2024-08-02T07:00:00Z
2024-08-31,P00467,0.06204,123,0.689,604609.02,2024-09-02T07:00:00Z
2024-09-30,P00467,0.06204,124,0.6835,602492.89,2024-10-02T07:00:00Z
2024-10-31,P00467,0.06204,125,0.6779,600384.16,2024-11-02T07:00:00Z
2024-11-30,P00467,0.06204,126,0.6724,598282.82,2024-12-02T07:00:00Z
2024-12-31,P00467,0.06204,127,0.6668,596188.83,2025-01-02T07:00:00Z
2025-01-31,P00467,0.06204,128,0.6613,594102.17,2025-02-02T07:00:00Z
2025-02-28,P00467,0.06204,129,0.6558,592022.81,2025-03-02T07:00:00Z
2025-03-31,P00467,0.06204,130,0.6502,589950.73,2025-04-02T07:00:00Z
2025-04-30,P00467,0.06204,131,0.6447,587885.9,2025-05-02T07:00:00Z
2025-05-31,P00467,0.06204,132,0.6391,585828.3,2025-06-02T07:00:00Z
2025-06-30,P00467,0.06204,133,0.6336,583777.9,2025-07-02T07:00:00Z
2025-07-31,P00467,0.06204,134,0.628,581734.68,2025-08-02T07:00:00Z
2025-08-31,P00467,0.06204,135,0.6225,579698.61,2025-09-02T07:00:00Z
2025-09-30,P00467,0.06204,136,0.6169,577669.66,2025-10-02T07:00:00Z
2025-10-31,P00467,0.06204,137,0.6114,575647.82,2025-11-02T07:00:00Z
2025-11-30,P00467,0.06204,138,0.6059,573633.05,2025-12-02T07:00:00Z
2025-12-31,P00467,0.06204,139,0.6003,571625.34,2026-01-02T07:00:00Z
2023-07-31,P00468,0.05223,21,0.8718,441015.1,2023-08-02T07:00:00Z
2023-08-31,P00468,0.05223,22,0.8658,439471.55,2023-09-02T07:00:00Z
2023-09-30,P00468,0.05223,23,0.8598,437933.4,2023-10-02T07:00:00Z
2023-10-31,P00468,0.05223,24,0.8538,436400.63,2023-11-02T07:00:00Z
2023-11-30,P00468,0.05223,25,0.8478,434873.23,2023-12-02T07:00:00Z
2023-12-31,P00468,0.05223,26,0.8418,433351.17,2024-01-02T07:00:00Z
2024-01-31,P00468,0.05223,27,0.8358,431834.44,2024-02-02T07:00:00Z
2024-02-29,P00468,0.05223,28,0.8298,430323.02,2024-03-02T07:00:00Z
2024-03-31,P00468,0.05223,29,0.8239,428816.89,2024-04-02T07:00:00Z
2024-04-30,P00468,0.05223,30,0.8179,427316.03,2024-05-02T07:00:00Z
2024-05-31,P00468,0.05223,31,0.8119,425820.43,2024-06-02T07:00:00Z
2024-06-30,P00468,0.05223,32,0.8059,424330.05,2024-07-02T07:00:00Z
2024-07-31,P00468,0.05223,33,0.7999,422844.9,2024-08-02T07:00:00Z
2024-08-31,P00468,0.05223,34,0.7939,421364.94,2024-09-02T07:00:00Z
2024-09-30,P00468,0.05223,35,0.7879,419890.16,2024-10-02T07:00:00Z
2024-10-31,P00468,0.05223,36,0.7819,418420.55,2024-11-02T07:00:00Z
2024-11-30,P00468,0.05223,37,0.776,416956.08,2024-12-02T07:00:00Z
2024-12-31,P00468,0.05223,38,0.77,415496.73,2025-01-02T07:00:00Z
2025-01-31,P00468,0.05223,39,0.764,414042.49,2025-02-02T07:00:00Z
2025-02-28,P00468,0.05223,40,0.758,412593.34,2025-03-02T07:00:00Z
2025-03-31,P00468,0.05223,41,0.752,411149.27,2025-04-02T07:00:00Z
2025-04-30,P00468,0.05223,42,0.746,409710.24,2025-05-02T07:00:00Z
2025-05-31,P00468,0.05223,43,0.74,408276.26,2025-06-02T07:00:00Z
2025-06-30,P00468,0.05223,44,0.7341,406847.29,2025-07-02T07:00:00Z
2025-07-31,P00468,0.05223,45,0.7281,405423.33,2025-08-02T07:00:00Z
2025-08-31,P00468,0.05223,46,0.7221,404004.34,2025-09-02T07:00:00Z
2025-09-30,P00468,0.05223,47,0.7161,402590.33,2025-10-02T07:00:00Z
2025-10-31,P00468,0.05223,48,0.7101,401181.26,2025-11-02T07:00:00Z
2025-11-30,P00468,0.05223,49,0.7041,399777.13,2025-12-02T07:00:00Z
2025-12-31,P00468,0.05223,50,0.6981,398377.91,2026-01-02T07:00:00Z
2023-07-31,P00469,0.05122,94,0.6627,569948.45,2023-08-02T07:00:00Z
2023-08-31,P00469,0.05122,95,0.6575,567953.63,2023-09-02T07:00:00Z
2023-09-30,P00469,0.05122,96,0.6524,565965.79,2023-10-02T07:00:00Z
2023-10-31,P00469,0.05122,97,0.6472,563984.91,2023-11-02T07:00:00Z
2023-11-30,P00469,0.05122,98,0.6421,562010.97,2023-12-02T07:00:00Z
2023-12-31,P00469,0.05122,99,0.6369,560043.93,2024-01-02T07:00:00Z
2024-01-31,P00469,0.05122,100,0.6318,558083.77,2024-02-02T07:00:00Z
2024-02-29,P00469,0.05122,101,0.6266,556130.48,2024-03-02T07:00:00Z
2024-03-31,P00469,0.05122,102,0.6215,554184.02,2024-04-02T07:00:00Z
2024-04-30,P00469,0.05122,103,0.6163,552244.38,2024-05-02T07:00:00Z
2024-05-31,P00469,0.05122,104,0.6111,550311.52,2024-06-02T07:00:00Z
2024-06-30,P00469,0.05122,105,0.606,548385.43,2024-07-02T07:00:00Z
2024-07-31,P00469,0.05122,106,0.6008,546466.08,2024-08-02T07:00:00Z
2024-08-31,P00469,0.05122,107,0.5957,544553.45,2024-09-02T07:00:00Z
2024-09-30,P00469,0.05122,108,0.5905,542647.52,2024-10-02T07:00:00Z
2024-10-31,P00469,0.05122,109,0.5854,540748.25,2024-11-02T07:00:00Z
2024-11-30,P00469,0.05122,110,0.5802,538855.63,2024-12-02T07:00:00Z
2024-12-31,P00469,0.05122,111,0.5751,536969.64,2025-01-02T07:00:00Z
2025-01-31,P00469,0.05122,112,0.5699,535090.24,2025-02-02T07:00:00Z
2025-02-28,P00469,0.05122,113,0.5648,533217.43,2025-03-02T07:00:00Z
2025-03-31,P00469,0.05122,114,0.5596,531351.17,2025-04-02T07:00:00Z
2025-04-30,P00469,0.05122,115,0.5545,529491.44,2025-05-02T07:00:00Z
2025-05-31,P00469,0.05122,116,0.5493,527638.22,2025-06-02T07:00:00Z
2025-06-30,P00469,0.05122,117,0.5442,525791.48,2025-07-02T07:00:00Z
2025-07-31,P00469,0.05122,118,0.539,523951.21,2025-08-02T07:00:00Z
2025-08-31,P00469,0.05122,119,0.5339,522117.38,2025-09-02T07:00:00Z
2025-09-30,P00469,0.05122,120,0.5287,520289.97,2025-10-02T07:00:00Z
2025-10-31,P00469,0.05122,121,0.5236,518468.96,2025-11-02T07:00:00Z
2025-11-30,P00469,0.05122,122,0.5184,516654.32,2025-12-02T07:00:00Z
2025-12-31,P00469,0.05122,123,0.5133,514846.03,2026-01-02T07:00:00Z
2023-07-31,P00470,0.0697,77,0.6973,230139.12,2023-08-02T07:00:00Z
2023-08-31,P00470,0.0697,78,0.692,229333.63,2023-09-02T07:00:00Z
2023-09-30,P00470,0.0697,79,0.6867,228530.97,2023-10-02T07:00:00Z
2023-10-31,P00470,0.0697,80,0.6814,227731.11,2023-11-02T07:00:00Z
2023-11-30,P00470,0.0697,81,0.6761,226934.05,2023-12-02T07:00:00Z
2023-12-31,P00470,0.0697,82,0.6708,226139.78,2024-01-02T07:00:00Z
2024-01-31,P00470,0.0697,83,0.6655,225348.29,2024-02-02T07:00:00Z
2024-02-29,P00470,0.0697,84,0.6602,224559.57,2024-03-02T07:00:00Z
2024-03-31,P00470,0.0697,85,0.655,223773.61,2024-04-02T07:00:00Z
2024-04-30,P00470,0.0697,86,0.6497,222990.4,2024-05-02T07:00:00Z
2024-05-31,P00470,0.0697,87,0.6444,222209.94,2024-06-02T07:00:00Z
2024-06-30,P00470,0.0697,88,0.6391,221432.2,2024-07-02T07:00:00Z
2024-07-31,P00470,0.0697,89,0.6338,220657.19,2024-08-02T07:00:00Z
2024-08-31,P00470,0.0697,90,0.6285,219884.89,2024-09-02T07:00:00Z
2024-09-30,P00470,0.0697,91,0.6232,219115.29,2024-10-02T07:00:00Z
2024-10-31,P00470,0.0697,92,0.6179,218348.39,2024-11-02T07:00:00Z
2024-11-30,P00470,0.0697,93,0.6126,217584.17,2024-12-02T07:00:00Z
2023-07-31,P00471,0.06513,20,0.674,337908.43,2023-08-02T07:00:00Z
2023-08-31,P00471,0.06513,21,0.6688,336725.75,2023-09-02T07:00:00Z
2023-09-30,P00471,0.06513,22,0.6636,335547.21,2023-10-02T07:00:00Z
2023-10-31,P00471,0.06513,23,0.6585,334372.8,2023-11-02T07:00:00Z
2023-11-30,P00471,0.06513,24,0.6533,333202.49,2023-12-02T07:00:00Z
2023-12-31,P00471,0.06513,25,0.6481,332036.28,2024-01-02T07:00:00Z
2024-01-31,P00471,0.06513,26,0.6429,330874.15,2024-02-02T07:00:00Z
2024-02-29,P00471,0.06513,27,0.6377,329716.1,2024-03-02T07:00:00Z
2024-03-31,P00471,0.06513,28,0.6325,328562.09,2024-04-02T07:00:00Z
2024-04-30,P00471,0.06513,29,0.6273,327412.12,2024-05-02T07:00:00Z
2024-05-31,P00471,0.06513,30,0.6221,326266.18,2024-06-02T07:00:00Z
2024-06-30,P00471,0.06513,31,0.6169,325124.25,2024-07-02T07:00:00Z
2024-07-31,P00471,0.06513,32,0.6117,323986.31,2024-08-02T07:00:00Z
2024-08-31,P00471,0.06513,33,0.6065,322852.36,2024-09-02T07:00:00Z
2024-09-30,P00471,0.06513,34,0.6013,321722.38,2024-10-02T07:00:00Z
2024-10-31,P00471,0.06513,35,0.5961,320596.35,2024-11-02T07:00:00Z
2024-11-30,P00471,0.06513,36,0.5909,319474.26,2024-12-02T07:00:00Z
2024-12-31,P00471,0.06513,37,0.5857,318356.1,2025-01-02T07:00:00Z
2025-01-31,P00471,0.06513,38,0.5805,317241.86,2025-02-02T07:00:00Z
2025-02-28,P00471,0.06513,39,0.5753,316131.51,2025-03-02T07:00:00Z
2025-03-31,P00471,0.06513,40,0.5701,315025.05,2025-04-02T07:00:00Z
2025-04-30,P00471,0.06513,41,0.5649,313922.46,2025-05-02T07:00:00Z
2025-05-31,P00471,0.06513,42,0.5597,312823.73,2025-06-02T07:00:00Z
2025-06-30,P00471,0.06513,43,0.5545,311728.85,2025-07-02T07:00:00Z
2025-07-31,P00471,0.06513,44,0.5493,310637.8,2025-08-02T07:00:00Z
2025-08-31,P00471,0.06513,45,0.5441,309550.57,2025-09-02T07:00:00Z
2025-09-30,P00471,0.06513,46,0.5389,308467.14,2025-10-02T07:00:00Z
2025-10-31,P00471,0.06513,47,0.5337,307387.5,2025-11-02T07:00:00Z
2025-11-30,P00471,0.06513,48,0.5285,306311.65,2025-12-02T07:00:00Z
2025-12-31,P00471,0.06513,49,0.5234,305239.56,2026-01-02T07:00:00Z
2023-07-31,P00472,0.0772,13,0.9114,345120.55,2023-08-02T07:00:00Z
2023-08-31,P00472,0.0772,14,0.9052,343912.63,2023-09-02T07:00:00Z
2023-09-30,P00472,0.0772,15,0.8991,342708.93,2023-10-02T07:00:00Z
2023-10-31,P00472,0.0772,16,0.8929,341509.45,2023-11-02T07:00:00Z
2023-11-30,P00472,0.0772,17,0.8868,340314.17,2023-12-02T07:00:00Z
2023-12-31,P00472,0.0772,18,0.8806,339123.07,2024-01-02T07:00:00Z
2024-01-31,P00472,0.0772,19,0.8745,337936.14,2024-02-02T07:00:00Z
2024-02-29,P00472,0.0772,20,0.8684,336753.36,2024-03-02T07:00:00Z
2024-03-31,P00472,0.0772,21,0.8622,335574.73,2024-04-02T07:00:00Z
2024-04-30,P00472,0.0772,22,0.8561,334400.21,2024-05-02T07:00:00Z
2024-05-31,P00472,0.0772,23,0.8499,333229.81,2024-06-02T07:00:00Z
2024-06-30,P00472,0.0772,24,0.8438,332063.51,2024-07-02T07:00:00Z
2024-07-31,P00472,0.0772,25,0.8376,330901.29,2024-08-02T07:00:00Z
2024-08-31,P00472,0.0772,26,0.8315,329743.13,2024-09-02T07:00:00Z
2024-09-30,P00472,0.0772,27,0.8253,328589.03,2024-10-02T07:00:00Z
2024-10-31,P00472,0.0772,28,0.8192,327438.97,2024-11-02T07:00:00Z
2024-11-30,P00472,0.0772,29,0.813,326292.93,2024-12-02T07:00:00Z
2024-12-31,P00472,0.0772,30,0.8069,325150.91,2025-01-02T07:00:00Z
2025-01-31,P00472,0.0772,31,0.8008,324012.88,2025-02-02T07:00:00Z
2025-02-28,P00472,0.0772,32,0.7946,322878.84,2025-03-02T07:00:00Z
2025-03-31,P00472,0.0772,33,0.7885,321748.76,2025-04-02T07:00:00Z
2025-04-30,P00472,0.0772,34,0.7823,320622.64,2025-05-02T07:00:00Z
2025-05-31,P00472,0.0772,35,0.7762,319500.46,2025-06-02T07:00:00Z
2025-06-30,P00472,0.0772,36,0.77,318382.21,2025-07-02T07:00:00Z
2025-07-31,P00472,0.0772,37,0.7639,317267.87,2025-08-02T07:00:00Z
2025-08-31,P00472,0.0772,38,0.7577,316157.43,2025-09-02T07:00:00Z
2025-09-30,P00472,0.0772,39,0.7516,315050.88,2025-10-02T07:00:00Z
2025-10-31,P00472,0.0772,40,0.7454,313948.2,2025-11-02T07:00:00Z
2025-11-30,P00472,0.0772,41,0.7393,312849.38,2025-12-02T07:00:00Z
2025-12-31,P00472,0.0772,42,0.7332,311754.41,2026-01-02T07:00:00Z
2023-07-31,P00473,0.06451,87,0.4335,166187.0,2023-08-02T07:00:00Z
2023-08-31,P00473,0.06451,88,0.4293,165605.35,2023-09-02T07:00:00Z
2023-09-30,P00473,0.06451,89,0.425,165025.73,2023-10-02T07:00:00Z
2023-10-31,P00473,0.06451,90,0.4208,164448.14,2023-11-02T07:00:00Z
2023-11-30,P00473,0.06451,91,0.4166,163872.57,2023-12-02T07:00:00Z
2023-12-31,P00473,0.06451,92,0.4123,163299.01,2024-01-02T07:00:00Z
2024-01-31,P00473,0.06451,93,0.4081,162727.47,2024-02-02T07:00:00Z
2024-02-29,P00473,0.06451,94,0.4039,162157.92,2024-03-02T07:00:00Z
2024-03-31,P00473,0.06451,95,0.3996,161590.37,2024-04-02T07:00:00Z
2024-04-30,P00473,0.06451,96,0.3954,161024.8,2024-05-02T07:00:00Z
2024-05-31,P00473,0.06451,97,0.3912,160461.22,2024-06-02T07:00:00Z
2024-06-30,P00473,0.06451,98,0.3869,159899.6,2024-07-02T07:00:00Z
2024-07-31,P00473,0.06451,99,0.3827,159339.95,2024-08-02T07:00:00Z
2023-07-31,P00474,0.06921,81,0.848,655941.29,2023-08-02T07:00:00Z
2023-08-31,P00474,0.06921,82,0.8421,653645.5,2023-09-02T07:00:00Z
2023-09-30,P00474,0.06921,83,0.8362,651357.74,2023-10-02T07:00:00Z
2023-10-31,P00474,0.06921,84,0.8303,649077.98,2023-11-02T07:00:00Z
2023-11-30,P00474,0.06921,85,0.8244,646806.21,2023-12-02T07:00:00Z
2023-12-31,P00474,0.06921,86,0.8186,644542.39,2024-01-02T07:00:00Z
2024-01-31,P00474,0.06921,87,0.8127,642286.49,2024-02-02T07:00:00Z
2024-02-29,P00474,0.06921,88,0.8068,640038.49,2024-03-02T07:00:00Z
2024-03-31,P00474,0.06921,89,0.8009,637798.35,2024-04-02T07:00:00Z
2024-04-30,P00474,0.06921,90,0.795,635566.06,2024-05-02T07:00:00Z
2024-05-31,P00474,0.06921,91,0.7891,633341.58,2024-06-02T07:00:00Z
2024-06-30,P00474,0.06921,92,0.7832,631124.88,2024-07-02T07:00:00Z
2024-07-31,P00474,0.06921,93,0.7773,628915.95,2024-08-02T07:00:00Z
2023-07-31,P00475,0.05195,111,0.4514,678588.17,2023-08-02T07:00:00Z
2023-08-31,P00475,0.05195,112,0.4471,676213.11,2023-09-02T07:00:00Z
2023-09-30,P00475,0.05195,113,0.4428,673846.37,2023-10-02T07:00:00Z
2023-10-31,P00475,0.05195,114,0.4385,671487.9,2023-11-02T07:00:00Z
2023-11-30,P00475,0.05195,115,0.4341,669137.7,2023-12-02T07:00:00Z
2023-12-31,P00475,0.05195,116,0.4298,666795.71,2024-01-02T07:00:00Z
2024-01-31,P00475,0.05195,117,0.4255,664461.93,2024-02-02T07:00:00Z
2024-02-29,P00475,0.05195,118,0.4212,662136.31,2024-03-02T07:00:00Z
2024-03-31,P00475,0.05195,119,0.4169,659818.83,2024-04-02T07:00:00Z
2024-04-30,P00475,0.05195,120,0.4126,657509.47,2024-05-02T07:00:00Z
2024-05-31,P00475,0.05195,121,0.4083,655208.19,2024-06-02T07:00:00Z
2024-06-30,P00475,0.05195,122,0.404,652914.96,2024-07-02T07:00:00Z
2023-07-31,P00476,0.0542,94,0.5967,283715.47,2023-08-02T07:00:00Z
2023-08-31,P00476,0.0542,95,0.5918,282722.47,2023-09-02T07:00:00Z
2023-09-30,P00476,0.0542,96,0.5869,281732.94,2023-10-02T07:00:00Z
2023-10-31,P00476,0.0542,97,0.582,280746.87,2023-11-02T07:00:00Z
2023-11-30,P00476,0.0542,98,0.5771,279764.26,2023-12-02T07:00:00Z
2023-12-31,P00476,0.0542,99,0.5723,278785.08,2024-01-02T07:00:00Z
2024-01-31,P00476,0.0542,100,0.5674,277809.34,2024-02-02T07:00:00Z
2024-02-29,P00476,0.0542,101,0.5625,276837.0,2024-03-02T07:00:00Z
2024-03-31,P00476,0.0542,102,0.5576,275868.07,2024-04-02T07:00:00Z
2024-04-30,P00476,0.0542,103,0.5527,274902.53,2024-05-02T07:00:00Z
2024-05-31,P00476,0.0542,104,0.5478,273940.38,2024-06-02T07:00:00Z
2024-06-30,P00476,0.0542,105,0.5429,272981.58,2024-07-02T07:00:00Z
2024-07-31,P00476,0.0542,106,0.5381,272026.15,2024-08-02T07:00:00Z
2024-08-31,P00476,0.0542,107,0.5332,271074.06,2024-09-02T07:00:00Z
2024-09-30,P00476,0.0542,108,0.5283,270125.3,2024-10-02T07:00:00Z
2024-10-31,P00476,0.0542,109,0.5234,269179.86,2024-11-02T07:00:00Z
2024-11-30,P00476,0.0542,110,0.5185,268237.73,2024-12-02T07:00:00Z
2024-12-31,P00476,0.0542,111,0.5136,267298.9,2025-01-02T07:00:00Z
2025-01-31,P00476,0.0542,112,0.5087,266363.35,2025-02-02T07:00:00Z
2025-02-28,P00476,0.0542,113,0.5038,265431.08,2025-03-02T07:00:00Z
2025-03-31,P00476,0.0542,114,0.499,264502.07,2025-04-02T07:00:00Z
2025-04-30,P00476,0.0542,115,0.4941,263576.31,2025-05-02T07:00:00Z
2025-05-31,P00476,0.0542,116,0.4892,262653.8,2025-06-02T07:00:00Z
2025-06-30,P00476,0.0542,117,0.4843,261734.51,2025-07-02T07:00:00Z
2025-07-31,P00476,0.0542,118,0.4794,260818.44,2025-08-02T07:00:00Z
2025-08-31,P00476,0.0542,119,0.4745,259905.57,2025-09-02T07:00:00Z
2025-09-30,P00476,0.0542,120,0.4696,258995.9,2025-10-02T07:00:00Z
2025-10-31,P00476,0.0542,121,0.4647,258089.42,2025-11-02T07:00:00Z
2025-11-30,P00476,0.0542,122,0.4599,257186.11,2025-12-02T07:00:00Z
2025-12-31,P00476,0.0542,123,0.455,256285.95,2026-01-02T07:00:00Z
2023-07-31,P00477,0.05068,37,0.6724,176863.27,2023-08-02T07:00:00Z
2023-08-31,P00477,0.05068,38,0.6672,176244.25,2023-09-02T07:00:00Z
2023-09-30,P00477,0.05068,39,0.662,175627.39,2023-10-02T07:00:00Z
2023-10-31,P00477,0.05068,40,0.6568,175012.7,2023-11-02T07:00:00Z
2023-11-30,P00477,0.05068,41,0.6516,174400.15,2023-12-02T07:00:00Z
2023-12-31,P00477,0.05068,42,0.6464,173789.75,2024-01-02T07:00:00Z
2024-01-31,P00477,0.05068,43,0.6412,173181.49,2024-02-02T07:00:00Z
2024-02-29,P00477,0.05068,44,0.636,172575.35,2024-03-02T07:00:00Z
2024-03-31,P00477,0.05068,45,0.6309,171971.34,2024-04-02T07:00:00Z
2023-07-31,P00478,0.05994,83,0.6564,694675.68,2023-08-02T07:00:00Z
2023-08-31,P00478,0.05994,84,0.6513,692244.32,2023-09-02T07:00:00Z
2023-09-30,P00478,0.05994,85,0.6462,689821.46,2023-10-02T07:00:00Z
2023-10-31,P00478,0.05994,86,0.641,687407.08,2023-11-02T07:00:00Z
2023-11-30,P00478,0.05994,87,0.6359,685001.16,2023-12-02T07:00:00Z
2023-12-31,P00478,0.05994,88,0.6308,682603.66,2024-01-02T07:00:00Z
2024-01-31,P00478,0.05994,89,0.6257,680214.54,2024-02-02T07:00:00Z
2024-02-29,P00478,0.05994,90,0.6205,677833.79,2024-03-02T07:00:00Z
2024-03-31,P00478,0.05994,91,0.6154,675461.37,2024-04-02T07:00:00Z
2024-04-30,P00478,0.05994,92,0.6103,673097.26,2024-05-02T07:00:00Z
2024-05-31,P00478,0.05994,93,0.6052,670741.42,2024-06-02T07:00:00Z
2024-06-30,P00478,0.05994,94,0.6,668393.82,2024-07-02T07:00:00Z
2024-07-31,P00478,0.05994,95,0.5949,666054.45,2024-08-02T07:00:00Z
2024-08-31,P00478,0.05994,96,0.5898,663723.25,2024-09-02T07:00:00Z
2024-09-30,P00478,0.05994,97,0.5847,661400.22,2024-10-02T07:00:00Z
2024-10-31,P00478,0.05994,98,0.5795,659085.32,2024-11-02T07:00:00Z
2024-11-30,P00478,0.05994,99,0.5744,656778.52,2024-12-02T07:00:00Z
2024-12-31,P00478,0.05994,100,0.5693,654479.8,2025-01-02T07:00:00Z
2025-01-31,P00478,0.05994,101,0.5642,652189.12,2025-02-02T07:00:00Z
2025-02-28,P00478,0.05994,102,0.559,649906.46,2025-03-02T07:00:00Z
2025-03-31,P00478,0.05994,103,0.5539,647631.79,2025-04-02T07:00:00Z
2025-04-30,P00478,0.05994,104,0.5488,645365.07,2025-05-02T07:00:00Z
2025-05-31,P00478,0.05994,105,0.5437,643106.3,2025-06-02T07:00:00Z
2025-06-30,P00478,0.05994,106,0.5385,640855.42,2025-07-02T07:00:00Z
2025-07-31,P00478,0.05994,107,0.5334,638612.43,2025-08-02T07:00:00Z
2025-08-31,P00478,0.05994,108,0.5283,636377.29,2025-09-02T07:00:00Z
2025-09-30,P00478,0.05994,109,0.5231,634149.97,2025-10-02T07:00:00Z
2025-10-31,P00478,0.05994,110,0.518,631930.44,2025-11-02T07:00:00Z
2025-11-30,P00478,0.05994,111,0.5129,629718.69,2025-12-02T07:00:00Z
2025-12-31,P00478,0.05994,112,0.5078,627514.67,2026-01-02T07:00:00Z
2023-07-31,P00479,0.06099,12,0.8189,600077.53,2023-08-02T07:00:00Z
2023-08-31,P00479,0.06099,13,0.8131,597977.26,2023-09-02T07:00:00Z
2023-09-30,P00479,0.06099,14,0.8073,595884.34,2023-10-02T07:00:00Z
2023-10-31,P00479,0.06099,15,0.8016,593798.74,2023-11-02T07:00:00Z
2023-11-30,P00479,0.06099,16,0.7958,591720.45,2023-12-02T07:00:00Z
2023-12-31,P00479,0.06099,17,0.79,589649.43,2024-01-02T07:00:00Z
2024-01-31,P00479,0.06099,18,0.7842,587585.65,2024-02-02T07:00:00Z
2024-02-29,P00479,0.06099,19,0.7784,585529.1,2024-03-02T07:00:00Z
2024-03-31,P00479,0.06099,20,0.7727,583479.75,2024-04-02T07:00:00Z
2024-04-30,P00479,0.06099,21,0.7669,581437.57,2024-05-02T07:00:00Z
2024-05-31,P00479,0.06099,22,0.7611,579402.54,2024-06-02T07:00:00Z
2024-06-30,P00479,0.06099,23,0.7553,577374.63,2024-07-02T07:00:00Z
2024-07-31,P00479,0.06099,24,0.7496,575353.82,2024-08-02T07:00:00Z
2024-08-31,P00479,0.06099,25,0.7438,573340.08,2024-09-02T07:00:00Z
2024-09-30,P00479,0.06099,26,0.738,571333.39,2024-10-02T07:00:00Z
2024-10-31,P00479,0.06099,27,0.7322,569333.72,2024-11-02T07:00:00Z
2024-11-30,P00479,0.06099,28,0.7265,567341.06,2024-12-02T07:00:00Z
2024-12-31,P00479,0.06099,29,0.7207,565355.36,2025-01-02T07:00:00Z
2025-01-31,P00479,0.06099,30,0.7149,563376.62,2025-02-02T07:00:00Z
2025-02-28,P00479,0.06099,31,0.7091,561404.8,2025-03-02T07:00:00Z
2025-03-31,P00479,0.06099,32,0.7034,559439.88,2025-04-02T07:00:00Z
2025-04-30,P00479,0.06099,33,0.6976,557481.84,2025-05-02T07:00:00Z
2025-05-31,P00479,0.06099,34,0.6918,555530.66,2025-06-02T07:00:00Z
2025-06-30,P00479,0.06099,35,0.686,553586.3,2025-07-02T07:00:00Z
2025-07-31,P00479,0.06099,36,0.6803,551648.75,2025-08-02T07:00:00Z
2025-08-31,P00479,0.06099,37,0.6745,549717.98,2025-09-02T07:00:00Z
2025-09-30,P00479,0.06099,38,0.6687,547793.97,2025-10-02T07:00:00Z
2025-10-31,P00479,0.06099,39,0.6629,545876.69,2025-11-02T07:00:00Z
2025-11-30,P00479,0.06099,40,0.6572,543966.12,2025-12-02T07:00:00Z
2025-12-31,P00479,0.06099,41,0.6514,542062.24,2026-01-02T07:00:00Z
2023-07-31,P00480,0.05115,4,0.7869,509591.2,2023-08-02T07:00:00Z
2023-08-31,P00480,0.05115,5,0.7813,507807.63,2023-09-02T07:00:00Z
2023-09-30,P00480,0.05115,6,0.7756,506030.3,2023-10-02T07:00:00Z
2023-10-31,P00480,0.05115,7,0.77,504259.2,2023-11-02T07:00:00Z
2023-11-30,P00480,0.05115,8,0.7643,502494.29,2023-12-02T07:00:00Z
2023-12-31,P00480,0.05115,9,0.7587,500735.56,2024-01-02T07:00:00Z
2024-01-31,P00480,0.05115,10,0.753,498982.99,2024-02-02T07:00:00Z
2024-02-29,P00480,0.05115,11,0.7474,497236.55,2024-03-02T07:00:00Z
2024-03-31,P00480,0.05115,12,0.7418,495496.22,2024-04-02T07:00:00Z
2024-04-30,P00480,0.05115,13,0.7361,493761.98,2024-05-02T07:00:00Z
2024-05-31,P00480,0.05115,14,0.7305,492033.81,2024-06-02T07:00:00Z
2024-06-30,P00480,0.05115,15,0.7248,490311.7,2024-07-02T07:00:00Z
2024-07-31,P00480,0.05115,16,0.7192,488595.61,2024-08-02T07:00:00Z
2024-08-31,P00480,0.05115,17,0.7135,486885.52,2024-09-02T07:00:00Z
2024-09-30,P00480,0.05115,18,0.7079,485181.42,2024-10-02T07:00:00Z
2024-10-31,P00480,0.05115,19,0.7022,483483.29,2024-11-02T07:00:00Z
2024-11-30,P00480,0.05115,20,0.6966,481791.09,2024-12-02T07:00:00Z
2024-12-31,P00480,0.05115,21,0.6909,480104.83,2025-01-02T07:00:00Z
2025-01-31,P00480,0.05115,22,0.6853,478424.46,2025-02-02T07:00:00Z
2025-02-28,P00480,0.05115,23,0.6796,476749.97,2025-03-02T07:00:00Z
2025-03-31,P00480,0.05115,24,0.674,475081.35,2025-04-02T07:00:00Z
2025-04-30,P00480,0.05115,25,0.6683,473418.56,2025-05-02T07:00:00Z
2025-05-31,P00480,0.05115,26,0.6627,471761.6,2025-06-02T07:00:00Z
2025-06-30,P00480,0.05115,27,0.657,470110.43,2025-07-02T07:00:00Z
2025-07-31,P00480,0.05115,28,0.6514,468465.05,2025-08-02T07:00:00Z
2025-08-31,P00480,0.05115,29,0.6457,466825.42,2025-09-02T07:00:00Z
2025-09-30,P00480,0.05115,30,0.6401,465191.53,2025-10-02T07:00:00Z
2025-10-31,P00480,0.05115,31,0.6344,463563.36,2025-11-02T07:00:00Z
2025-11-30,P00480,0.05115,32,0.6288,461940.89,2025-12-02T07:00:00Z
2025-12-31,P00480,0.05115,33,0.6232,460324.09,2026-01-02T07:00:00Z
2023-07-31,P00481,0.06534,82,0.6657,197066.26,2023-08-02T07:00:00Z
2023-08-31,P00481,0.06534,83,0.6605,196376.53,2023-09-02T07:00:00Z
2023-09-30,P00481,0.06534,84,0.6554,195689.21,2023-10-02T07:00:00Z
2023-10-31,P00481,0.06534,85,0.6502,195004.3,2023-11-02T07:00:00Z
2023-11-30,P00481,0.06534,86,0.645,194321.78,2023-12-02T07:00:00Z
2023-12-31,P00481,0.06534,87,0.6399,193641.66,2024-01-02T07:00:00Z
2024-01-31,P00481,0.06534,88,0.6347,192963.91,2024-02-02T07:00:00Z
2024-02-29,P00481,0.06534,89,0.6296,192288.54,2024-03-02T07:00:00Z
2024-03-31,P00481,0.06534,90,0.6244,191615.53,2024-04-02T07:00:00Z
2024-04-30,P00481,0.06534,91,0.6192,190944.87,2024-05-02T07:00:00Z
2024-05-31,P00481,0.06534,92,0.6141,190276.57,2024-06-02T07:00:00Z
2024-06-30,P00481,0.06534,93,0.6089,189610.6,2024-07-02T07:00:00Z
2024-07-31,P00481,0.06534,94,0.6037,188946.96,2024-08-02T07:00:00Z
2024-08-31,P00481,0.06534,95,0.5986,188285.65,2024-09-02T07:00:00Z
2024-09-30,P00481,0.06534,96,0.5934,187626.65,2024-10-02T07:00:00Z
2024-10-31,P00481,0.06534,97,0.5883,186969.95,2024-11-02T07:00:00Z
2024-11-30,P00481,0.06534,98,0.5831,186315.56,2024-12-02T07:00:00Z
2024-12-31,P00481,0.06534,99,0.5779,185663.45,2025-01-02T07:00:00Z
2025-01-31,P00481,0.06534,100,0.5728,185013.63,2025-02-02T07:00:00Z
2023-07-31,P00482,0.06159,104,0.7802,367694.77,2023-08-02T07:00:00Z
2023-08-31,P00482,0.06159,105,0.7746,366407.84,2023-09-02T07:00:00Z
2023-09-30,P00482,0.06159,106,0.769,365125.41,2023-10-02T07:00:00Z
2023-10-31,P00482,0.06159,107,0.7634,363847.47,2023-11-02T07:00:00Z
2023-11-30,P00482,0.06159,108,0.7577,362574.01,2023-12-02T07:00:00Z
2023-12-31,P00482,0.06159,109,0.7521,361305.0,2024-01-02T07:00:00Z
2024-01-31,P00482,0.06159,110,0.7465,360040.43,2024-02-02T07:00:00Z
2024-02-29,P00482,0.06159,111,0.7409,358780.29,2024-03-02T07:00:00Z
2024-03-31,P00482,0.06159,112,0.7353,357524.56,2024-04-02T07:00:00Z
2024-04-30,P00482,0.06159,113,0.7296,356273.22,2024-05-02T07:00:00Z
2024-05-31,P00482,0.06159,114,0.724,355026.26,2024-06-02T07:00:00Z
2024-06-30,P00482,0.06159,115,0.7184,353783.67,2024-07-02T07:00:00Z
2024-07-31,P00482,0.06159,116,0.7128,352545.43,2024-08-02T07:00:00Z
2024-08-31,P00482,0.06159,117,0.7071,351311.52,2024-09-02T07:00:00Z
2024-09-30,P00482,0.06159,118,0.7015,350081.93,2024-10-02T07:00:00Z
2024-10-31,P00482,0.06159,119,0.6959,348856.64,2024-11-02T07:00:00Z
2024-11-30,P00482,0.06159,120,0.6903,347635.65,2024-12-02T07:00:00Z
2024-12-31,P00482,0.06159,121,0.6847,346418.92,2025-01-02T07:00:00Z
2025-01-31,P00482,0.06159,122,0.679,345206.45,2025-02-02T07:00:00Z
2025-02-28,P00482,0.06159,123,0.6734,343998.23,2025-03-02T07:00:00Z
2025-03-31,P00482,0.06159,124,0.6678,342794.24,2025-04-02T07:00:00Z
2025-04-30,P00482,0.06159,125,0.6622,341594.46,2025-05-02T07:00:00Z
2025-05-31,P00482,0.06159,126,0.6566,340398.88,2025-06-02T07:00:00Z
2025-06-30,P00482,0.06159,127,0.6509,339207.48,2025-07-02T07:00:00Z
2025-07-31,P00482,0.06159,128,0.6453,338020.26,2025-08-02T07:00:00Z
2025-08-31,P00482,0.06159,129,0.6397,336837.18,2025-09-02T07:00:00Z
2025-09-30,P00482,0.06159,130,0.6341,335658.25,2025-10-02T07:00:00Z
2025-10-31,P00482,0.06159,131,0.6285,334483.45,2025-11-02T07:00:00Z
2025-11-30,P00482,0.06159,132,0.6228,333312.76,2025-12-02T07:00:00Z
2025-12-31,P00482,0.06159,133,0.6172,332146.16,2026-01-02T07:00:00Z
2023-07-31,P00483,0.04587,58,0.8498,476402.41,2023-08-02T07:00:00Z
2023-08-31,P00483,0.04587,59,0.8439,474735.0,2023-09-02T07:00:00Z
2023-09-30,P00483,0.04587,60,0.838,473073.43,2023-10-02T07:00:00Z
2023-10-31,P00483,0.04587,61,0.8321,471417.67,2023-11-02T07:00:00Z
2023-11-30,P00483,0.04587,62,0.8262,469767.71,2023-12-02T07:00:00Z
2023-12-31,P00483,0.04587,63,0.8203,468123.52,2024-01-02T07:00:00Z
2024-01-31,P00483,0.04587,64,0.8144,466485.09,2024-02-02T07:00:00Z
2024-02-29,P00483,0.04587,65,0.8085,464852.39,2024-03-02T07:00:00Z
2024-03-31,P00483,0.04587,66,0.8026,463225.41,2024-04-02T07:00:00Z
2024-04-30,P00483,0.04587,67,0.7967,461604.12,2024-05-02T07:00:00Z
2024-05-31,P00483,0.04587,68,0.7908,459988.51,2024-06-02T07:00:00Z
2024-06-30,P00483,0.04587,69,0.7849,458378.55,2024-07-02T07:00:00Z
2024-07-31,P00483,0.04587,70,0.779,456774.22,2024-08-02T07:00:00Z
2024-08-31,P00483,0.04587,71,0.7731,455175.51,2024-09-02T07:00:00Z
2024-09-30,P00483,0.04587,72,0.7672,453582.4,2024-10-02T07:00:00Z
2024-10-31,P00483,0.04587,73,0.7613,451994.86,2024-11-02T07:00:00Z
2024-11-30,P00483,0.04587,74,0.7554,450412.88,2024-12-02T07:00:00Z
2024-12-31,P00483,0.04587,75,0.7495,448836.43,2025-01-02T07:00:00Z
2025-01-31,P00483,0.04587,76,0.7436,447265.5,2025-02-02T07:00:00Z
2025-02-28,P00483,0.04587,77,0.7377,445700.08,2025-03-02T07:00:00Z
2025-03-31,P00483,0.04587,78,0.7318,444140.13,2025-04-02T07:00:00Z
2025-04-30,P00483,0.04587,79,0.7259,442585.63,2025-05-02T07:00:00Z
2025-05-31,P00483,0.04587,80,0.72,441036.58,2025-06-02T07:00:00Z
2025-06-30,P00483,0.04587,81,0.7141,439492.96,2025-07-02T07:00:00Z
2025-07-31,P00483,0.04587,82,0.7082,437954.73,2025-08-02T07:00:00Z
2025-08-31,P00483,0.04587,83,0.7023,436421.89,2025-09-02T07:00:00Z
2025-09-30,P00483,0.04587,84,0.6964,434894.41,2025-10-02T07:00:00Z
2025-10-31,P00483,0.04587,85,0.6905,433372.28,2025-11-02T07:00:00Z
2025-11-30,P00483,0.04587,86,0.6846,431855.48,2025-12-02T07:00:00Z
2025-12-31,P00483,0.04587,87,0.6787,430343.99,2026-01-02T07:00:00Z
2023-07-31,P00484,0.04544,126,0.7684,172289.44,2023-08-02T07:00:00Z
2023-08-31,P00484,0.04544,127,0.7628,171686.43,2023-09-02T07:00:00Z
2023-09-30,P00484,0.04544,128,0.7572,171085.52,2023-10-02T07:00:00Z
2023-10-31,P00484,0.04544,129,0.7517,170486.73,2023-11-02T07:00:00Z
2023-11-30,P00484,0.04544,130,0.7461,169890.02,2023-12-02T07:00:00Z
2023-12-31,P00484,0.04544,131,0.7405,169295.41,2024-01-02T07:00:00Z
2024-01-31,P00484,0.04544,132,0.735,168702.87,2024-02-02T07:00:00Z
2024-02-29,P00484,0.04544,133,0.7294,168112.41,2024-03-02T07:00:00Z
2024-03-31,P00484,0.04544,134,0.7238,167524.02,2024-04-02T07:00:00Z
2024-04-30,P00484,0.04544,135,0.7182,166937.69,2024-05-02T07:00:00Z
2024-05-31,P00484,0.04544,136,0.7127,166353.4,2024-06-02T07:00:00Z
2024-06-30,P00484,0.04544,137,0.7071,165771.17,2024-07-02T07:00:00Z
2024-07-31,P00484,0.04544,138,0.7015,165190.97,2024-08-02T07:00:00Z
2024-08-31,P00484,0.04544,139,0.6959,164612.8,2024-09-02T07:00:00Z
2024-09-30,P00484,0.04544,140,0.6904,164036.65,2024-10-02T07:00:00Z
2024-10-31,P00484,0.04544,141,0.6848,163462.53,2024-11-02T07:00:00Z
2024-11-30,P00484,0.04544,142,0.6792,162890.41,2024-12-02T07:00:00Z
2024-12-31,P00484,0.04544,143,0.6736,162320.29,2025-01-02T07:00:00Z
2025-01-31,P00484,0.04544,144,0.6681,161752.17,2025-02-02T07:00:00Z
2025-02-28,P00484,0.04544,145,0.6625,161186.04,2025-03-02T07:00:00Z
2025-03-31,P00484,0.04544,146,0.6569,160621.89,2025-04-02T07:00:00Z
2025-04-30,P00484,0.04544,147,0.6513,160059.71,2025-05-02T07:00:00Z
2025-05-31,P00484,0.04544,148,0.6458,159499.5,2025-06-02T07:00:00Z
2025-06-30,P00484,0.04544,149,0.6402,158941.25,2025-07-02T07:00:00Z
2025-07-31,P00484,0.04544,150,0.6346,158384.96,2025-08-02T07:00:00Z
2025-08-31,P00484,0.04544,151,0.6291,157830.61,2025-09-02T07:00:00Z
2025-09-30,P00484,0.04544,152,0.6235,157278.2,2025-10-02T07:00:00Z
2025-10-31,P00484,0.04544,153,0.6179,156727.73,2025-11-02T07:00:00Z
2025-11-30,P00484,0.04544,154,0.6123,156179.18,2025-12-02T07:00:00Z
2025-12-31,P00484,0.04544,155,0.6068,155632.56,2026-01-02T07:00:00Z
2023-07-31,P00485,0.08464,41,0.7564,216356.08,2023-08-02T07:00:00Z
2023-08-31,P00485,0.08464,42,0.7509,215598.83,2023-09-02T07:00:00Z
2023-09-30,P00485,0.08464,43,0.7454,214844.24,2023-10-02T07:00:00Z
2023-10-31,P00485,0.08464,44,0.7398,214092.28,2023-11-02T07:00:00Z
2023-11-30,P00485,0.08464,45,0.7343,213342.96,2023-12-02T07:00:00Z
2023-12-31,P00485,0.08464,46,0.7288,212596.26,2024-01-02T07:00:00Z
2024-01-31,P00485,0.08464,47,0.7233,211852.17,2024-02-02T07:00:00Z
2024-02-29,P00485,0.08464,48,0.7177,211110.69,2024-03-02T07:00:00Z
2024-03-31,P00485,0.08464,49,0.7122,210371.8,2024-04-02T07:00:00Z
2023-07-31,P00486,0.04971,47,0.8233,476080.99,2023-08-02T07:00:00Z
2023-08-31,P00486,0.04971,48,0.8175,474414.71,2023-09-02T07:00:00Z
2023-09-30,P00486,0.04971,49,0.8117,472754.26,2023-10-02T07:00:00Z
2023-10-31,P00486,0.04971,50,0.806,471099.62,2023-11-02T07:00:00Z
2023-11-30,P00486,0.04971,51,0.8002,469450.77,2023-12-02T07:00:00Z
2023-12-31,P00486,0.04971,52,0.7944,467807.69,2024-01-02T07:00:00Z
2024-01-31,P00486,0.04971,53,0.7886,466170.36,2024-02-02T07:00:00Z
2024-02-29,P00486,0.04971,54,0.7828,464538.77,2024-03-02T07:00:00Z
2024-03-31,P00486,0.04971,55,0.777,462912.88,2024-04-02T07:00:00Z
2024-04-30,P00486,0.04971,56,0.7712,461292.68,2024-05-02T07:00:00Z
2024-05-31,P00486,0.04971,57,0.7654,459678.16,2024-06-02T07:00:00Z
2024-06-30,P00486,0.04971,58,0.7596,458069.29,2024-07-02T07:00:00Z
2024-07-31,P00486,0.04971,59,0.7538,456466.04,2024-08-02T07:00:00Z
2024-08-31,P00486,0.04971,60,0.748,454868.41,2024-09-02T07:00:00Z
2024-09-30,P00486,0.04971,61,0.7422,453276.37,2024-10-02T07:00:00Z
2024-10-31,P00486,0.04971,62,0.7364,451689.91,2024-11-02T07:00:00Z
2024-11-30,P00486,0.04971,63,0.7306,450108.99,2024-12-02T07:00:00Z
2024-12-31,P00486,0.04971,64,0.7248,448533.61,2025-01-02T07:00:00Z
2025-01-31,P00486,0.04971,65,0.7191,446963.74,2025-02-02T07:00:00Z
2025-02-28,P00486,0.04971,66,0.7133,445399.37,2025-03-02T07:00:00Z
2025-03-31,P00486,0.04971,67,0.7075,443840.47,2025-04-02T07:00:00Z
2025-04-30,P00486,0.04971,68,0.7017,442287.03,2025-05-02T07:00:00Z
2025-05-31,P00486,0.04971,69,0.6959,440739.03,2025-06-02T07:00:00Z
2025-06-30,P00486,0.04971,70,0.6901,439196.44,2025-07-02T07:00:00Z
2025-07-31,P00486,0.04971,71,0.6843,437659.25,2025-08-02T07:00:00Z
2025-08-31,P00486,0.04971,72,0.6785,436127.44,2025-09-02T07:00:00Z
2025-09-30,P00486,0.04971,73,0.6727,434601.0,2025-10-02T07:00:00Z
2025-10-31,P00486,0.04971,74,0.6669,433079.89,2025-11-02T07:00:00Z
2025-11-30,P00486,0.04971,75,0.6611,431564.11,2025-12-02T07:00:00Z
2025-12-31,P00486,0.04971,76,0.6553,430053.64,2026-01-02T07:00:00Z
2023-07-31,P00487,0.05352,136,0.9075,214783.74,2023-08-02T07:00:00Z
2023-08-31,P00487,0.05352,137,0.9014,214032.0,2023-09-02T07:00:00Z
2023-09-30,P00487,0.05352,138,0.8953,213282.88,2023-10-02T07:00:00Z
2023-10-31,P00487,0.05352,139,0.8891,212536.39,2023-11-02T07:00:00Z
2023-11-30,P00487,0.05352,140,0.883,211792.52,2023-12-02T07:00:00Z
2023-12-31,P00487,0.05352,141,0.8769,211051.24,2024-01-02T07:00:00Z
2024-01-31,P00487,0.05352,142,0.8707,210312.56,2024-02-02T07:00:00Z
2024-02-29,P00487,0.05352,143,0.8646,209576.47,2024-03-02T07:00:00Z
2024-03-31,P00487,0.05352,144,0.8585,208842.95,2024-04-02T07:00:00Z
2024-04-30,P00487,0.05352,145,0.8524,208112.0,2024-05-02T07:00:00Z
2024-05-31,P00487,0.05352,146,0.8462,207383.61,2024-06-02T07:00:00Z
2024-06-30,P00487,0.05352,147,0.8401,206657.77,2024-07-02T07:00:00Z
2024-07-31,P00487,0.05352,148,0.834,205934.47,2024-08-02T07:00:00Z
2024-08-31,P00487,0.05352,149,0.8278,205213.69,2024-09-02T07:00:00Z
2024-09-30,P00487,0.05352,150,0.8217,204495.45,2024-10-02T07:00:00Z
2024-10-31,P00487,0.05352,151,0.8156,203779.71,2024-11-02T07:00:00Z
2024-11-30,P00487,0.05352,152,0.8094,203066.48,2024-12-02T07:00:00Z
2024-12-31,P00487,0.05352,153,0.8033,202355.75,2025-01-02T07:00:00Z
2025-01-31,P00487,0.05352,154,0.7972,201647.51,2025-02-02T07:00:00Z
2025-02-28,P00487,0.05352,155,0.7911,200941.74,2025-03-02T07:00:00Z
2025-03-31,P00487,0.05352,156,0.7849,200238.44,2025-04-02T07:00:00Z
2025-04-30,P00487,0.05352,157,0.7788,199537.61,2025-05-02T07:00:00Z
2025-05-31,P00487,0.05352,158,0.7727,198839.23,2025-06-02T07:00:00Z
2025-06-30,P00487,0.05352,159,0.7665,198143.29,2025-07-02T07:00:00Z
2025-07-31,P00487,0.05352,160,0.7604,197449.79,2025-08-02T07:00:00Z
2025-08-31,P00487,0.05352,161,0.7543,196758.71,2025-09-02T07:00:00Z
2025-09-30,P00487,0.05352,162,0.7481,196070.06,2025-10-02T07:00:00Z
2025-10-31,P00487,0.05352,163,0.742,195383.81,2025-11-02T07:00:00Z
2025-11-30,P00487,0.05352,164,0.7359,194699.97,2025-12-02T07:00:00Z
2025-12-31,P00487,0.05352,165,0.7298,194018.52,2026-01-02T07:00:00Z
2023-07-31,P00488,0.06854,96,0.7607,121820.58,2023-08-02T07:00:00Z
2023-08-31,P00488,0.06854,97,0.7552,121394.21,2023-09-02T07:00:00Z
2023-09-30,P00488,0.06854,98,0.7496,120969.33,2023-10-02T07:00:00Z
2023-10-31,P00488,0.06854,99,0.7441,120545.94,2023-11-02T07:00:00Z
2023-11-30,P00488,0.06854,100,0.7385,120124.02,2023-12-02T07:00:00Z
2023-12-31,P00488,0.06854,101,0.733,119703.59,2024-01-02T07:00:00Z
2024-01-31,P00488,0.06854,102,0.7274,119284.63,2024-02-02T07:00:00Z
2024-02-29,P00488,0.06854,103,0.7219,118867.13,2024-03-02T07:00:00Z
2024-03-31,P00488,0.06854,104,0.7164,118451.1,2024-04-02T07:00:00Z
2024-04-30,P00488,0.06854,105,0.7108,118036.52,2024-05-02T07:00:00Z
2024-05-31,P00488,0.06854,106,0.7053,117623.39,2024-06-02T07:00:00Z
2024-06-30,P00488,0.06854,107,0.6997,117211.71,2024-07-02T07:00:00Z
2024-07-31,P00488,0.06854,108,0.6942,116801.47,2024-08-02T07:00:00Z
2023-07-31,P00489,0.06672,84,0.7396,262593.76,2023-08-02T07:00:00Z
2023-08-31,P00489,0.06672,85,0.7341,261674.68,2023-09-02T07:00:00Z
2023-09-30,P00489,0.06672,86,0.7287,260758.82,2023-10-02T07:00:00Z
2023-10-31,P00489,0.06672,87,0.7232,259846.16,2023-11-02T07:00:00Z
2023-11-30,P00489,0.06672,88,0.7177,258936.7,2023-12-02T07:00:00Z
2023-12-31,P00489,0.06672,89,0.7123,258030.42,2024-01-02T07:00:00Z
2024-01-31,P00489,0.06672,90,0.7068,257127.32,2024-02-02T07:00:00Z
2024-02-29,P00489,0.06672,91,0.7014,256227.37,2024-03-02T07:00:00Z
2024-03-31,P00489,0.06672,92,0.6959,255330.58,2024-04-02T07:00:00Z
2024-04-30,P00489,0.06672,93,0.6904,254436.92,2024-05-02T07:00:00Z
2024-05-31,P00489,0.06672,94,0.685,253546.39,2024-06-02T07:00:00Z
2024-06-30,P00489,0.06672,95,0.6795,252658.98,2024-07-02T07:00:00Z
2024-07-31,P00489,0.06672,96,0.6741,251774.67,2024-08-02T07:00:00Z
2024-08-31,P00489,0.06672,97,0.6686,250893.46,2024-09-02T07:00:00Z
2024-09-30,P00489,0.06672,98,0.6632,250015.33,2024-10-02T07:00:00Z
2024-10-31,P00489,0.06672,99,0.6577,249140.28,2024-11-02T07:00:00Z
2024-11-30,P00489,0.06672,100,0.6522,248268.29,2024-12-02T07:00:00Z
2024-12-31,P00489,0.06672,101,0.6468,247399.35,2025-01-02T07:00:00Z
2025-01-31,P00489,0.06672,102,0.6413,246533.45,2025-02-02T07:00:00Z
2025-02-28,P00489,0.06672,103,0.6359,245670.58,2025-03-02T07:00:00Z
2025-03-31,P00489,0.06672,104,0.6304,244810.74,2025-04-02T07:00:00Z
2025-04-30,P00489,0.06672,105,0.6249,243953.9,2025-05-02T07:00:00Z
2025-05-31,P00489,0.06672,106,0.6195,243100.06,2025-06-02T07:00:00Z
2025-06-30,P00489,0.06672,107,0.614,242249.21,2025-07-02T07:00:00Z
2025-07-31,P00489,0.06672,108,0.6086,241401.34,2025-08-02T07:00:00Z
2025-08-31,P00489,0.06672,109,0.6031,240556.43,2025-09-02T07:00:00Z
2025-09-30,P00489,0.06672,110,0.5977,239714.49,2025-10-02T07:00:00Z
2025-10-31,P00489,0.06672,111,0.5922,238875.49,2025-11-02T07:00:00Z
2025-11-30,P00489,0.06672,112,0.5867,238039.42,2025-12-02T07:00:00Z
2025-12-31,P00489,0.06672,113,0.5813,237206.28,2026-01-02T07:00:00Z
2023-07-31,P00490,0.05582,108,0.7493,104461.04,2023-08-02T07:00:00Z
2023-08-31,P00490,0.05582,109,0.7438,104095.43,2023-09-02T07:00:00Z
2023-09-30,P00490,0.05582,110,0.7383,103731.09,2023-10-02T07:00:00Z
2023-10-31,P00490,0.05582,111,0.7328,103368.03,2023-11-02T07:00:00Z
2023-11-30,P00490,0.05582,112,0.7273,103006.25,2023-12-02T07:00:00Z
2023-12-31,P00490,0.05582,113,0.7218,102645.72,2024-01-02T07:00:00Z
2024-01-31,P00490,0.05582,114,0.7163,102286.46,2024-02-02T07:00:00Z
2024-02-29,P00490,0.05582,115,0.7108,101928.46,2024-03-02T07:00:00Z
2024-03-31,P00490,0.05582,116,0.7053,101571.71,2024-04-02T07:00:00Z
2024-04-30,P00490,0.05582,117,0.6998,101216.21,2024-05-02T07:00:00Z
2024-05-31,P00490,0.05582,118,0.6943,100861.95,2024-06-02T07:00:00Z
2024-06-30,P00490,0.05582,119,0.6888,100508.94,2024-07-02T07:00:00Z
2024-07-31,P00490,0.05582,120,0.6834,100157.16,2024-08-02T07:00:00Z
2024-08-31,P00490,0.05582,121,0.6779,99806.61,2024-09-02T07:00:00Z
2024-09-30,P00490,0.05582,122,0.6724,99457.28,2024-10-02T07:00:00Z
2024-10-31,P00490,0.05582,123,0.6669,99109.18,2024-11-02T07:00:00Z
2024-11-30,P00490,0.05582,124,0.6614,98762.3,2024-12-02T07:00:00Z
2024-12-31,P00490,0.05582,125,0.6559,98416.63,2025-01-02T07:00:00Z
2025-01-31,P00490,0.05582,126,0.6504,98072.17,2025-02-02T07:00:00Z
2025-02-28,P00490,0.05582,127,0.6449,97728.92,2025-03-02T07:00:00Z
2025-03-31,P00490,0.05582,128,0.6394,97386.87,2025-04-02T07:00:00Z
2023-07-31,P00491,0.07381,107,0.5138,138095.24,2023-08-02T07:00:00Z
2023-08-31,P00491,0.07381,108,0.5092,137611.91,2023-09-02T07:00:00Z
2023-09-30,P00491,0.07381,109,0.5047,137130.26,2023-10-02T07:00:00Z
2023-10-31,P00491,0.07381,110,0.5001,136650.31,2023-11-02T07:00:00Z
2023-11-30,P00491,0.07381,111,0.4956,136172.03,2023-12-02T07:00:00Z
2023-12-31,P00491,0.07381,112,0.491,135695.43,2024-01-02T07:00:00Z
2024-01-31,P00491,0.07381,113,0.4865,135220.5,2024-02-02T07:00:00Z
2024-02-29,P00491,0.07381,114,0.4819,134747.23,2024-03-02T07:00:00Z
2024-03-31,P00491,0.07381,115,0.4774,134275.61,2024-04-02T07:00:00Z
2024-04-30,P00491,0.07381,116,0.4728,133805.65,2024-05-02T07:00:00Z
2024-05-31,P00491,0.07381,117,0.4683,133337.33,2024-06-02T07:00:00Z
2024-06-30,P00491,0.07381,118,0.4637,132870.64,2024-07-02T07:00:00Z
2024-07-31,P00491,0.07381,119,0.4591,132405.6,2024-08-02T07:00:00Z
2024-08-31,P00491,0.07381,120,0.4546,131942.18,2024-09-02T07:00:00Z
2024-09-30,P00491,0.07381,121,0.45,131480.38,2024-10-02T07:00:00Z
2024-10-31,P00491,0.07381,122,0.4455,131020.2,2024-11-02T07:00:00Z
2024-11-30,P00491,0.07381,123,0.4409,130561.63,2024-12-02T07:00:00Z
2024-12-31,P00491,0.07381,124,0.4364,130104.66,2025-01-02T07:00:00Z
2025-01-31,P00491,0.07381,125,0.4318,129649.3,2025-02-02T07:00:00Z
2025-02-28,P00491,0.07381,126,0.4273,129195.52,2025-03-02T07:00:00Z
2023-07-31,P00492,0.05595,16,0.7636,175792.96,2023-08-02T07:00:00Z
2023-08-31,P00492,0.05595,17,0.7581,175177.68,2023-09-02T07:00:00Z
2023-09-30,P00492,0.05595,18,0.7525,174564.56,2023-10-02T07:00:00Z
2023-10-31,P00492,0.05595,19,0.747,173953.59,2023-11-02T07:00:00Z
2023-11-30,P00492,0.05595,20,0.7414,173344.75,2023-12-02T07:00:00Z
2023-12-31,P00492,0.05595,21,0.7358,172738.04,2024-01-02T07:00:00Z
2024-01-31,P00492,0.05595,22,0.7303,172133.46,2024-02-02T07:00:00Z
2024-02-29,P00492,0.05595,23,0.7247,171530.99,2024-03-02T07:00:00Z
2024-03-31,P00492,0.05595,24,0.7192,170930.63,2024-04-02T07:00:00Z
2024-04-30,P00492,0.05595,25,0.7136,170332.38,2024-05-02T07:00:00Z
2024-05-31,P00492,0.05595,26,0.7081,169736.21,2024-06-02T07:00:00Z
2024-06-30,P00492,0.05595,27,0.7025,169142.14,2024-07-02T07:00:00Z
2024-07-31,P00492,0.05595,28,0.697,168550.14,2024-08-02T07:00:00Z
2024-08-31,P00492,0.05595,29,0.6914,167960.21,2024-09-02T07:00:00Z
2024-09-30,P00492,0.05595,30,0.6859,167372.35,2024-10-02T07:00:00Z
2024-10-31,P00492,0.05595,31,0.6803,166786.55,2024-11-02T07:00:00Z
2024-11-30,P00492,0.05595,32,0.6747,166202.8,2024-12-02T07:00:00Z
2024-12-31,P00492,0.05595,33,0.6692,165621.09,2025-01-02T07:00:00Z
2025-01-31,P00492,0.05595,34,0.6636,165041.41,2025-02-02T07:00:00Z
2025-02-28,P00492,0.05595,35,0.6581,164463.77,2025-03-02T07:00:00Z
2025-03-31,P00492,0.05595,36,0.6525,163888.14,2025-04-02T07:00:00Z
2025-04-30,P00492,0.05595,37,0.647,163314.54,2025-05-02T07:00:00Z
2025-05-31,P00492,0.05595,38,0.6414,162742.94,2025-06-02T07:00:00Z
2025-06-30,P00492,0.05595,39,0.6359,162173.34,2025-07-02T07:00:00Z
2025-07-31,P00492,0.05595,40,0.6303,161605.73,2025-08-02T07:00:00Z
2025-08-31,P00492,0.05595,41,0.6248,161040.11,2025-09-02T07:00:00Z
2025-09-30,P00492,0.05595,42,0.6192,160476.47,2025-10-02T07:00:00Z
2025-10-31,P00492,0.05595,43,0.6136,159914.8,2025-11-02T07:00:00Z
2025-11-30,P00492,0.05595,44,0.6081,159355.1,2025-12-02T07:00:00Z
2025-12-31,P00492,0.05595,45,0.6025,158797.36,2026-01-02T07:00:00Z
2023-07-31,P00493,0.05344,39,0.655,325395.26,2023-08-02T07:00:00Z
2023-08-31,P00493,0.05344,40,0.6499,324256.38,2023-09-02T07:00:00Z
2023-09-30,P00493,0.05344,41,0.6448,323121.48,2023-10-02T07:00:00Z
2023-10-31,P00493,0.05344,42,0.6397,321990.55,2023-11-02T07:00:00Z
2023-11-30,P00493,0.05344,43,0.6346,320863.59,2023-12-02T07:00:00Z
2023-12-31,P00493,0.05344,44,0.6294,319740.56,2024-01-02T07:00:00Z
2024-01-31,P00493,0.05344,45,0.6243,318621.47,2024-02-02T07:00:00Z
2024-02-29,P00493,0.05344,46,0.6192,317506.3,2024-03-02T07:00:00Z
2024-03-31,P00493,0.05344,47,0.6141,316395.03,2024-04-02T07:00:00Z
2024-04-30,P00493,0.05344,48,0.609,315287.64,2024-05-02T07:00:00Z
2024-05-31,P00493,0.05344,49,0.6038,314184.14,2024-06-02T07:00:00Z
2024-06-30,P00493,0.05344,50,0.5987,313084.49,2024-07-02T07:00:00Z
2024-07-31,P00493,0.05344,51,0.5936,311988.7,2024-08-02T07:00:00Z
2024-08-31,P00493,0.05344,52,0.5885,310896.74,2024-09-02T07:00:00Z
2024-09-30,P00493,0.05344,53,0.5834,309808.6,2024-10-02T07:00:00Z
2024-10-31,P00493,0.05344,54,0.5782,308724.27,2024-11-02T07:00:00Z
2024-11-30,P00493,0.05344,55,0.5731,307643.73,2024-12-02T07:00:00Z
2024-12-31,P00493,0.05344,56,0.568,306566.98,2025-01-02T07:00:00Z
2025-01-31,P00493,0.05344,57,0.5629,305493.99,2025-02-02T07:00:00Z
2025-02-28,P00493,0.05344,58,0.5578,304424.77,2025-03-02T07:00:00Z
2025-03-31,P00493,0.05344,59,0.5526,303359.28,2025-04-02T07:00:00Z
2025-04-30,P00493,0.05344,60,0.5475,302297.52,2025-05-02T07:00:00Z
2025-05-31,P00493,0.05344,61,0.5424,301239.48,2025-06-02T07:00:00Z
2025-06-30,P00493,0.05344,62,0.5373,300185.14,2025-07-02T07:00:00Z
2025-07-31,P00493,0.05344,63,0.5322,299134.49,2025-08-02T07:00:00Z
2025-08-31,P00493,0.05344,64,0.527,298087.52,2025-09-02T07:00:00Z
2025-09-30,P00493,0.05344,65,0.5219,297044.22,2025-10-02T07:00:00Z
2025-10-31,P00493,0.05344,66,0.5168,296004.56,2025-11-02T07:00:00Z
2025-11-30,P00493,0.05344,67,0.5117,294968.55,2025-12-02T07:00:00Z
2025-12-31,P00493,0.05344,68,0.5066,293936.16,2026-01-02T07:00:00Z
2023-07-31,P00494,0.0616,74,0.6154,190716.93,2023-08-02T07:00:00Z
2023-08-31,P00494,0.0616,75,0.6104,190049.42,2023-09-02T07:00:00Z
2023-09-30,P00494,0.0616,76,0.6055,189384.25,2023-10-02T07:00:00Z
2023-10-31,P00494,0.0616,77,0.6005,188721.4,2023-11-02T07:00:00Z
2023-11-30,P00494,0.0616,78,0.5955,188060.88,2023-12-02T07:00:00Z
2023-12-31,P00494,0.0616,79,0.5906,187402.66,2024-01-02T07:00:00Z
2024-01-31,P00494,0.0616,80,0.5856,186746.76,2024-02-02T07:00:00Z
2024-02-29,P00494,0.0616,81,0.5806,186093.14,2024-03-02T07:00:00Z
2024-03-31,P00494,0.0616,82,0.5757,185441.82,2024-04-02T07:00:00Z
2024-04-30,P00494,0.0616,83,0.5707,184792.77,2024-05-02T07:00:00Z
2024-05-31,P00494,0.0616,84,0.5658,184145.99,2024-06-02T07:00:00Z
2024-06-30,P00494,0.0616,85,0.5608,183501.48,2024-07-02T07:00:00Z
2024-07-31,P00494,0.0616,86,0.5558,182859.23,2024-08-02T07:00:00Z
2024-08-31,P00494,0.0616,87,0.5509,182219.22,2024-09-02T07:00:00Z
2024-09-30,P00494,0.0616,88,0.5459,181581.45,2024-10-02T07:00:00Z
2024-10-31,P00494,0.0616,89,0.541,180945.92,2024-11-02T07:00:00Z
2024-11-30,P00494,0.0616,90,0.536,180312.61,2024-12-02T07:00:00Z
2024-12-31,P00494,0.0616,91,0.531,179681.51,2025-01-02T07:00:00Z
2025-01-31,P00494,0.0616,92,0.5261,179052.63,2025-02-02T07:00:00Z
2025-02-28,P00494,0.0616,93,0.5211,178425.94,2025-03-02T07:00:00Z
2025-03-31,P00494,0.0616,94,0.5161,177801.45,2025-04-02T07:00:00Z
2025-04-30,P00494,0.0616,95,0.5112,177179.15,2025-05-02T07:00:00Z
2025-05-31,P00494,0.0616,96,0.5062,176559.02,2025-06-02T07:00:00Z
2025-06-30,P00494,0.0616,97,0.5013,175941.07,2025-07-02T07:00:00Z
2025-07-31,P00494,0.0616,98,0.4963,175325.27,2025-08-02T07:00:00Z
2025-08-31,P00494,0.0616,99,0.4913,174711.63,2025-09-02T07:00:00Z
2025-09-30,P00494,0.0616,100,0.4864,174100.14,2025-10-02T07:00:00Z
2025-10-31,P00494,0.0616,101,0.4814,173490.79,2025-11-02T07:00:00Z
2025-11-30,P00494,0.0616,102,0.4765,172883.57,2025-12-02T07:00:00Z
2025-12-31,P00494,0.0616,103,0.4715,172278.48,2026-01-02T07:00:00Z
2023-07-31,P00495,0.05831,89,0.8184,375334.64,2023-08-02T07:00:00Z
2023-08-31,P00495,0.05831,90,0.8126,374020.97,2023-09-02T07:00:00Z
2023-09-30,P00495,0.05831,91,0.8068,372711.9,2023-10-02T07:00:00Z
2023-10-31,P00495,0.05831,92,0.8011,371407.4,2023-11-02T07:00:00Z
2023-11-30,P00495,0.05831,93,0.7953,370107.48,2023-12-02T07:00:00Z
2023-12-31,P00495,0.05831,94,0.7895,368812.1,2024-01-02T07:00:00Z
2024-01-31,P00495,0.05831,95,0.7837,367521.26,2024-02-02T07:00:00Z
2024-02-29,P00495,0.05831,96,0.778,366234.93,2024-03-02T07:00:00Z
2024-03-31,P00495,0.05831,97,0.7722,364953.11,2024-04-02T07:00:00Z
2024-04-30,P00495,0.05831,98,0.7664,363675.78,2024-05-02T07:00:00Z
2024-05-31,P00495,0.05831,99,0.7607,362402.91,2024-06-02T07:00:00Z
2024-06-30,P00495,0.05831,100,0.7549,361134.5,2024-07-02T07:00:00Z
2024-07-31,P00495,0.05831,101,0.7491,359870.53,2024-08-02T07:00:00Z
2024-08-31,P00495,0.05831,102,0.7433,358610.98,2024-09-02T07:00:00Z
2024-09-30,P00495,0.05831,103,0.7376,357355.85,2024-10-02T07:00:00Z
2024-10-31,P00495,0.05831,104,0.7318,356105.1,2024-11-02T07:00:00Z
2024-11-30,P00495,0.05831,105,0.726,354858.73,2024-12-02T07:00:00Z
2024-12-31,P00495,0.05831,106,0.7202,353616.73,2025-01-02T07:00:00Z
2025-01-31,P00495,0.05831,107,0.7145,352379.07,2025-02-02T07:00:00Z
2025-02-28,P00495,0.05831,108,0.7087,351145.74,2025-03-02T07:00:00Z
2025-03-31,P00495,0.05831,109,0.7029,349916.73,2025-04-02T07:00:00Z
2025-04-30,P00495,0.05831,110,0.6971,348692.02,2025-05-02T07:00:00Z
2025-05-31,P00495,0.05831,111,0.6914,347471.6,2025-06-02T07:00:00Z
2025-06-30,P00495,0.05831,112,0.6856,346255.45,2025-07-02T07:00:00Z
2025-07-31,P00495,0.05831,113,0.6798,345043.56,2025-08-02T07:00:00Z
2025-08-31,P00495,0.05831,114,0.6741,343835.9,2025-09-02T07:00:00Z
2025-09-30,P00495,0.05831,115,0.6683,342632.48,2025-10-02T07:00:00Z
2025-10-31,P00495,0.05831,116,0.6625,341433.26,2025-11-02T07:00:00Z
2025-11-30,P00495,0.05831,117,0.6567,340238.25,2025-12-02T07:00:00Z
2025-12-31,P00495,0.05831,118,0.651,339047.41,2026-01-02T07:00:00Z
2023-07-31,P00496,0.05386,132,0.5918,658505.37,2023-08-02T07:00:00Z
2023-08-31,P00496,0.05386,133,0.5869,656200.6,2023-09-02T07:00:00Z
2023-09-30,P00496,0.05386,134,0.5821,653903.9,2023-10-02T07:00:00Z
2023-10-31,P00496,0.05386,135,0.5772,651615.24,2023-11-02T07:00:00Z
2023-11-30,P00496,0.05386,136,0.5723,649334.58,2023-12-02T07:00:00Z
2023-12-31,P00496,0.05386,137,0.5675,647061.91,2024-01-02T07:00:00Z
2024-01-31,P00496,0.05386,138,0.5626,644797.19,2024-02-02T07:00:00Z
2024-02-29,P00496,0.05386,139,0.5577,642540.4,2024-03-02T07:00:00Z
2024-03-31,P00496,0.05386,140,0.5529,640291.51,2024-04-02T07:00:00Z
2024-04-30,P00496,0.05386,141,0.548,638050.49,2024-05-02T07:00:00Z
2024-05-31,P00496,0.05386,142,0.5431,635817.32,2024-06-02T07:00:00Z
2024-06-30,P00496,0.05386,143,0.5383,633591.96,2024-07-02T07:00:00Z
2024-07-31,P00496,0.05386,144,0.5334,631374.38,2024-08-02T07:00:00Z
2024-08-31,P00496,0.05386,145,0.5285,629164.57,2024-09-02T07:00:00Z
2024-09-30,P00496,0.05386,146,0.5237,626962.5,2024-10-02T07:00:00Z
2024-10-31,P00496,0.05386,147,0.5188,624768.13,2024-11-02T07:00:00Z
2024-11-30,P00496,0.05386,148,0.5139,622581.44,2024-12-02T07:00:00Z
2024-12-31,P00496,0.05386,149,0.5091,620402.4,2025-01-02T07:00:00Z
2025-01-31,P00496,0.05386,150,0.5042,618231.0,2025-02-02T07:00:00Z
2025-02-28,P00496,0.05386,151,0.4993,616067.19,2025-03-02T07:00:00Z
2025-03-31,P00496,0.05386,152,0.4945,613910.95,2025-04-02T07:00:00Z
2025-04-30,P00496,0.05386,153,0.4896,611762.26,2025-05-02T07:00:00Z
2025-05-31,P00496,0.05386,154,0.4847,609621.1,2025-06-02T07:00:00Z
2025-06-30,P00496,0.05386,155,0.4799,607487.42,2025-07-02T07:00:00Z
2025-07-31,P00496,0.05386,156,0.475,605361.22,2025-08-02T07:00:00Z
2025-08-31,P00496,0.05386,157,0.4701,603242.45,2025-09-02T07:00:00Z
2025-09-30,P00496,0.05386,158,0.4653,601131.1,2025-10-02T07:00:00Z
2025-10-31,P00496,0.05386,159,0.4604,599027.14,2025-11-02T07:00:00Z
2025-11-30,P00496,0.05386,160,0.4555,596930.55,2025-12-02T07:00:00Z
2025-12-31,P00496,0.05386,161,0.4507,594841.29,2026-01-02T07:00:00Z
2023-07-31,P00497,0.0562,70,0.7281,573371.49,2023-08-02T07:00:00Z
2023-08-31,P00497,0.0562,71,0.7227,571364.69,2023-09-02T07:00:00Z
2023-09-30,P00497,0.0562,72,0.7173,569364.91,2023-10-02T07:00:00Z
2023-10-31,P00497,0.0562,73,0.7119,567372.14,2023-11-02T07:00:00Z
2023-11-30,P00497,0.0562,74,0.7065,565386.33,2023-12-02T07:00:00Z
2023-12-31,P00497,0.0562,75,0.701,563407.48,2024-01-02T07:00:00Z
2024-01-31,P00497,0.0562,76,0.6956,561435.56,2024-02-02T07:00:00Z
2024-02-29,P00497,0.0562,77,0.6902,559470.53,2024-03-02T07:00:00Z
2024-03-31,P00497,0.0562,78,0.6848,557512.38,2024-04-02T07:00:00Z
2024-04-30,P00497,0.0562,79,0.6794,555561.09,2024-05-02T07:00:00Z
2024-05-31,P00497,0.0562,80,0.674,553616.63,2024-06-02T07:00:00Z
2024-06-30,P00497,0.0562,81,0.6686,551678.97,2024-07-02T07:00:00Z
2024-07-31,P00497,0.0562,82,0.6632,549748.09,2024-08-02T07:00:00Z
2024-08-31,P00497,0.0562,83,0.6577,547823.97,2024-09-02T07:00:00Z
2024-09-30,P00497,0.0562,84,0.6523,545906.59,2024-10-02T07:00:00Z
2024-10-31,P00497,0.0562,85,0.6469,543995.92,2024-11-02T07:00:00Z
2024-11-30,P00497,0.0562,86,0.6415,542091.93,2024-12-02T07:00:00Z
2024-12-31,P00497,0.0562,87,0.6361,540194.61,2025-01-02T07:00:00Z
2025-01-31,P00497,0.0562,88,0.6307,538303.93,2025-02-02T07:00:00Z
2025-02-28,P00497,0.0562,89,0.6253,536419.86,2025-03-02T07:00:00Z
2025-03-31,P00497,0.0562,90,0.6199,534542.4,2025-04-02T07:00:00Z
2025-04-30,P00497,0.0562,91,0.6144,532671.5,2025-05-02T07:00:00Z
2025-05-31,P00497,0.0562,92,0.609,530807.15,2025-06-02T07:00:00Z
2025-06-30,P00497,0.0562,93,0.6036,528949.32,2025-07-02T07:00:00Z
2023-07-31,P00498,0.0634,33,0.4695,179607.02,2023-08-02T07:00:00Z
2023-08-31,P00498,0.0634,34,0.4652,178978.4,2023-09-02T07:00:00Z
2023-09-30,P00498,0.0634,35,0.4608,178351.97,2023-10-02T07:00:00Z
2023-10-31,P00498,0.0634,36,0.4564,177727.74,2023-11-02T07:00:00Z
2023-11-30,P00498,0.0634,37,0.452,177105.69,2023-12-02T07:00:00Z
2023-12-31,P00498,0.0634,38,0.4477,176485.82,2024-01-02T07:00:00Z
2023-07-31,P00499,0.05474,12,0.6387,110033.33,2023-08-02T07:00:00Z
2023-08-31,P00499,0.05474,13,0.6337,109648.21,2023-09-02T07:00:00Z
2023-09-30,P00499,0.05474,14,0.6286,109264.44,2023-10-02T07:00:00Z
2023-10-31,P00499,0.05474,15,0.6236,108882.02,2023-11-02T07:00:00Z
2023-11-30,P00499,0.05474,16,0.6185,108500.93,2023-12-02T07:00:00Z
2023-12-31,P00499,0.05474,17,0.6134,108121.18,2024-01-02T07:00:00Z
2024-01-31,P00499,0.05474,18,0.6084,107742.75,2024-02-02T07:00:00Z
2024-02-29,P00499,0.05474,19,0.6033,107365.65,2024-03-02T07:00:00Z
2024-03-31,P00499,0.05474,20,0.5983,106989.88,2024-04-02T07:00:00Z
2024-04-30,P00499,0.05474,21,0.5932,106615.41,2024-05-02T07:00:00Z
2024-05-31,P00499,0.05474,22,0.5882,106242.26,2024-06-02T07:00:00Z
2024-06-30,P00499,0.05474,23,0.5831,105870.41,2024-07-02T07:00:00Z
2024-07-31,P00499,0.05474,24,0.5781,105499.86,2024-08-02T07:00:00Z
2024-08-31,P00499,0.05474,25,0.573,105130.61,2024-09-02T07:00:00Z
2024-09-30,P00499,0.05474,26,0.5679,104762.66,2024-10-02T07:00:00Z
2024-10-31,P00499,0.05474,27,0.5629,104395.99,2024-11-02T07:00:00Z
2024-11-30,P00499,0.05474,28,0.5578,104030.6,2024-12-02T07:00:00Z
2024-12-31,P00499,0.05474,29,0.5528,103666.49,2025-01-02T07:00:00Z
2025-01-31,P00499,0.05474,30,0.5477,103303.66,2025-02-02T07:00:00Z
2025-02-28,P00499,0.05474,31,0.5427,102942.1,2025-03-02T07:00:00Z
2025-03-31,P00499,0.05474,32,0.5376,102581.8,2025-04-02T07:00:00Z
2025-04-30,P00499,0.05474,33,0.5326,102222.76,2025-05-02T07:00:00Z
2025-05-31,P00499,0.05474,34,0.5275,101864.98,2025-06-02T07:00:00Z
2025-06-30,P00499,0.05474,35,0.5225,101508.46,2025-07-02T07:00:00Z
2023-07-31,P00500,0.05957,28,0.8799,609694.55,2023-08-02T07:00:00Z
2023-08-31,P00500,0.05957,29,0.8739,607560.62,2023-09-02T07:00:00Z
2023-09-30,P00500,0.05957,30,0.8679,605434.16,2023-10-02T07:00:00Z
2023-10-31,P00500,0.05957,31,0.8619,603315.14,2023-11-02T07:00:00Z
2023-11-30,P00500,0.05957,32,0.8558,601203.53,2023-12-02T07:00:00Z
2023-12-31,P00500,0.05957,33,0.8498,599099.32,2024-01-02T07:00:00Z
2024-01-31,P00500,0.05957,34,0.8438,597002.47,2024-02-02T07:00:00Z
2024-02-29,P00500,0.05957,35,0.8378,594912.97,2024-03-02T07:00:00Z
2024-03-31,P00500,0.05957,36,0.8318,592830.77,2024-04-02T07:00:00Z
2024-04-30,P00500,0.05957,37,0.8257,590755.86,2024-05-02T07:00:00Z
2024-05-31,P00500,0.05957,38,0.8197,588688.22,2024-06-02T07:00:00Z
2024-06-30,P00500,0.05957,39,0.8137,586627.81,2024-07-02T07:00:00Z
2024-07-31,P00500,0.05957,40,0.8077,584574.61,2024-08-02T07:00:00Z
2024-08-31,P00500,0.05957,41,0.8017,582528.6,2024-09-02T07:00:00Z
2024-09-30,P00500,0.05957,42,0.7956,580489.75,2024-10-02T07:00:00Z
2024-10-31,P00500,0.05957,43,0.7896,578458.04,2024-11-02T07:00:00Z
2024-11-30,P00500,0.05957,44,0.7836,576433.43,2024-12-02T07:00:00Z
2024-12-31,P00500,0.05957,45,0.7776,574415.92,2025-01-02T07:00:00Z
2025-01-31,P00500,0.05957,46,0.7716,572405.46,2025-02-02T07:00:00Z
2025-02-28,P00500,0.05957,47,0.7655,570402.04,2025-03-02T07:00:00Z
2025-03-31,P00500,0.05957,48,0.7595,568405.63,2025-04-02T07:00:00Z
2025-04-30,P00500,0.05957,49,0.7535,566416.21,2025-05-02T07:00:00Z
2025-05-31,P00500,0.05957,50,0.7475,564433.76,2025-06-02T07:00:00Z
2025-06-30,P00500,0.05957,51,0.7415,562458.24,2025-07-02T07:00:00Z
2025-07-31,P00500,0.05957,52,0.7354,560489.64,2025-08-02T07:00:00Z
2025-08-31,P00500,0.05957,53,0.7294,558527.92,2025-09-02T07:00:00Z
2025-09-30,P00500,0.05957,54,0.7234,556573.07,2025-10-02T07:00:00Z
2025-10-31,P00500,0.05957,55,0.7174,554625.07,2025-11-02T07:00:00Z
2025-11-30,P00500,0.05957,56,0.7114,552683.88,2025-12-02T07:00:00Z
2025-12-31,P00500,0.05957,57,0.7053,550749.49,2026-01-02T07:00:00Z
2023-07-31,P00501,0.07153,84,0.7479,254430.58,2023-08-02T07:00:00Z
2023-08-31,P00501,0.07153,85,0.7424,253540.07,2023-09-02T07:00:00Z
2023-09-30,P00501,0.07153,86,0.7369,252652.68,2023-10-02T07:00:00Z
2023-10-31,P00501,0.07153,87,0.7314,251768.4,2023-11-02T07:00:00Z
2023-11-30,P00501,0.07153,88,0.7259,250887.21,2023-12-02T07:00:00Z
2023-12-31,P00501,0.07153,89,0.7204,250009.1,2024-01-02T07:00:00Z
2024-01-31,P00501,0.07153,90,0.7149,249134.07,2024-02-02T07:00:00Z
2024-02-29,P00501,0.07153,91,0.7095,248262.1,2024-03-02T07:00:00Z
2024-03-31,P00501,0.07153,92,0.704,247393.19,2024-04-02T07:00:00Z
2024-04-30,P00501,0.07153,93,0.6985,246527.31,2024-05-02T07:00:00Z
2023-07-31,P00502,0.06979,4,0.875,530192.77,2023-08-02T07:00:00Z
2023-08-31,P00502,0.06979,5,0.869,528337.1,2023-09-02T07:00:00Z
2023-09-30,P00502,0.06979,6,0.863,526487.92,2023-10-02T07:00:00Z
2023-10-31,P00502,0.06979,7,0.857,524645.21,2023-11-02T07:00:00Z
2023-11-30,P00502,0.06979,8,0.851,522808.95,2023-12-02T07:00:00Z
2023-12-31,P00502,0.06979,9,0.845,520979.12,2024-01-02T07:00:00Z
2024-01-31,P00502,0.06979,10,0.839,519155.69,2024-02-02T07:00:00Z
2024-02-29,P00502,0.06979,11,0.833,517338.65,2024-03-02T07:00:00Z
2024-03-31,P00502,0.06979,12,0.827,515527.96,2024-04-02T07:00:00Z
2024-04-30,P00502,0.06979,13,0.821,513723.61,2024-05-02T07:00:00Z
2024-05-31,P00502,0.06979,14,0.815,511925.58,2024-06-02T07:00:00Z
2024-06-30,P00502,0.06979,15,0.809,510133.84,2024-07-02T07:00:00Z
2024-07-31,P00502,0.06979,16,0.803,508348.37,2024-08-02T07:00:00Z
2024-08-31,P00502,0.06979,17,0.797,506569.15,2024-09-02T07:00:00Z
2024-09-30,P00502,0.06979,18,0.791,504796.16,2024-10-02T07:00:00Z
2024-10-31,P00502,0.06979,19,0.785,503029.37,2024-11-02T07:00:00Z
2024-11-30,P00502,0.06979,20,0.779,501268.77,2024-12-02T07:00:00Z
2024-12-31,P00502,0.06979,21,0.773,499514.33,2025-01-02T07:00:00Z
2025-01-31,P00502,0.06979,22,0.767,497766.03,2025-02-02T07:00:00Z
2025-02-28,P00502,0.06979,23,0.761,496023.85,2025-03-02T07:00:00Z
2025-03-31,P00502,0.06979,24,0.755,494287.77,2025-04-02T07:00:00Z
2025-04-30,P00502,0.06979,25,0.749,492557.76,2025-05-02T07:00:00Z
2025-05-31,P00502,0.06979,26,0.743,490833.81,2025-06-02T07:00:00Z
2025-06-30,P00502,0.06979,27,0.737,489115.89,2025-07-02T07:00:00Z
2025-07-31,P00502,0.06979,28,0.731,487403.98,2025-08-02T07:00:00Z
2025-08-31,P00502,0.06979,29,0.725,485698.07,2025-09-02T07:00:00Z
2025-09-30,P00502,0.06979,30,0.719,483998.13,2025-10-02T07:00:00Z
2025-10-31,P00502,0.06979,31,0.713,482304.13,2025-11-02T07:00:00Z
2025-11-30,P00502,0.06979,32,0.707,480616.07,2025-12-02T07:00:00Z
2025-12-31,P00502,0.06979,33,0.701,478933.91,2026-01-02T07:00:00Z
2023-07-31,P00503,0.08253,55,0.8721,561259.98,2023-08-02T07:00:00Z
2023-08-31,P00503,0.08253,56,0.8661,559295.57,2023-09-02T07:00:00Z
2023-09-30,P00503,0.08253,57,0.8601,557338.04,2023-10-02T07:00:00Z
2023-10-31,P00503,0.08253,58,0.8541,555387.35,2023-11-02T07:00:00Z
2023-11-30,P00503,0.08253,59,0.8481,553443.5,2023-12-02T07:00:00Z
2023-12-31,P00503,0.08253,60,0.8421,551506.44,2024-01-02T07:00:00Z
2024-01-31,P00503,0.08253,61,0.8361,549576.17,2024-02-02T07:00:00Z
2024-02-29,P00503,0.08253,62,0.8301,547652.66,2024-03-02T07:00:00Z
2024-03-31,P00503,0.08253,63,0.8242,545735.87,2024-04-02T07:00:00Z
2024-04-30,P00503,0.08253,64,0.8182,543825.8,2024-05-02T07:00:00Z
2024-05-31,P00503,0.08253,65,0.8122,541922.41,2024-06-02T07:00:00Z
2024-06-30,P00503,0.08253,66,0.8062,540025.68,2024-07-02T07:00:00Z
2024-07-31,P00503,0.08253,67,0.8002,538135.59,2024-08-02T07:00:00Z
2024-08-31,P00503,0.08253,68,0.7942,536252.11,2024-09-02T07:00:00Z
2024-09-30,P00503,0.08253,69,0.7882,534375.23,2024-10-02T07:00:00Z
2024-10-31,P00503,0.08253,70,0.7822,532504.92,2024-11-02T07:00:00Z
2024-11-30,P00503,0.08253,71,0.7763,530641.15,2024-12-02T07:00:00Z
2024-12-31,P00503,0.08253,72,0.7703,528783.91,2025-01-02T07:00:00Z
2025-01-31,P00503,0.08253,73,0.7643,526933.16,2025-02-02T07:00:00Z
2025-02-28,P00503,0.08253,74,0.7583,525088.9,2025-03-02T07:00:00Z
2025-03-31,P00503,0.08253,75,0.7523,523251.08,2025-04-02T07:00:00Z
2023-07-31,P00504,0.04841,92,0.6048,103765.67,2023-08-02T07:00:00Z
2023-08-31,P00504,0.04841,93,0.5999,103402.49,2023-09-02T07:00:00Z
2023-09-30,P00504,0.04841,94,0.5949,103040.58,2023-10-02T07:00:00Z
2023-10-31,P00504,0.04841,95,0.59,102679.94,2023-11-02T07:00:00Z
2023-11-30,P00504,0.04841,96,0.5851,102320.56,2023-12-02T07:00:00Z
2023-12-31,P00504,0.04841,97,0.5802,101962.44,2024-01-02T07:00:00Z
2024-01-31,P00504,0.04841,98,0.5753,101605.57,2024-02-02T07:00:00Z
2024-02-29,P00504,0.04841,99,0.5703,101249.95,2024-03-02T07:00:00Z
2024-03-31,P00504,0.04841,100,0.5654,100895.57,2024-04-02T07:00:00Z
2024-04-30,P00504,0.04841,101,0.5605,100542.44,2024-05-02T07:00:00Z
2024-05-31,P00504,0.04841,102,0.5556,100190.54,2024-06-02T07:00:00Z
2024-06-30,P00504,0.04841,103,0.5507,99839.87,2024-07-02T07:00:00Z
2024-07-31,P00504,0.04841,104,0.5457,99490.44,2024-08-02T07:00:00Z
2024-08-31,P00504,0.04841,105,0.5408,99142.22,2024-09-02T07:00:00Z
2024-09-30,P00504,0.04841,106,0.5359,98795.22,2024-10-02T07:00:00Z
2024-10-31,P00504,0.04841,107,0.531,98449.44,2024-11-02T07:00:00Z
2024-11-30,P00504,0.04841,108,0.5261,98104.86,2024-12-02T07:00:00Z
2024-12-31,P00504,0.04841,109,0.5212,97761.5,2025-01-02T07:00:00Z
2025-01-31,P00504,0.04841,110,0.5162,97419.33,2025-02-02T07:00:00Z
2025-02-28,P00504,0.04841,111,0.5113,97078.36,2025-03-02T07:00:00Z
2025-03-31,P00504,0.04841,112,0.5064,96738.59,2025-04-02T07:00:00Z
2025-04-30,P00504,0.04841,113,0.5015,96400.01,2025-05-02T07:00:00Z
2025-05-31,P00504,0.04841,114,0.4966,96062.61,2025-06-02T07:00:00Z
2025-06-30,P00504,0.04841,115,0.4916,95726.39,2025-07-02T07:00:00Z
2025-07-31,P00504,0.04841,116,0.4867,95391.34,2025-08-02T07:00:00Z
2025-08-31,P00504,0.04841,117,0.4818,95057.47,2025-09-02T07:00:00Z
2025-09-30,P00504,0.04841,118,0.4769,94724.77,2025-10-02T07:00:00Z
2025-10-31,P00504,0.04841,119,0.472,94393.24,2025-11-02T07:00:00Z
2025-11-30,P00504,0.04841,120,0.467,94062.86,2025-12-02T07:00:00Z
2025-12-31,P00504,0.04841,121,0.4621,93733.64,2026-01-02T07:00:00Z
2023-07-31,P00505,0.08276,106,0.9252,693575.37,2023-08-02T07:00:00Z
2023-08-31,P00505,0.08276,107,0.919,691147.86,2023-09-02T07:00:00Z
2023-09-30,P00505,0.08276,108,0.9128,688728.84,2023-10-02T07:00:00Z
2023-10-31,P00505,0.08276,109,0.9066,686318.29,2023-11-02T07:00:00Z
2023-11-30,P00505,0.08276,110,0.9004,683916.17,2023-12-02T07:00:00Z
2023-12-31,P00505,0.08276,111,0.8942,681522.47,2024-01-02T07:00:00Z
2024-01-31,P00505,0.08276,112,0.888,679137.14,2024-02-02T07:00:00Z
2024-02-29,P00505,0.08276,113,0.8818,676760.16,2024-03-02T07:00:00Z
2024-03-31,P00505,0.08276,114,0.8756,674391.5,2024-04-02T07:00:00Z
2024-04-30,P00505,0.08276,115,0.8694,672031.13,2024-05-02T07:00:00Z
2024-05-31,P00505,0.08276,116,0.8632,669679.02,2024-06-02T07:00:00Z
2024-06-30,P00505,0.08276,117,0.857,667335.14,2024-07-02T07:00:00Z
2024-07-31,P00505,0.08276,118,0.8508,664999.47,2024-08-02T07:00:00Z
2024-08-31,P00505,0.08276,119,0.8446,662671.97,2024-09-02T07:00:00Z
2024-09-30,P00505,0.08276,120,0.8384,660352.62,2024-10-02T07:00:00Z
2024-10-31,P00505,0.08276,121,0.8322,658041.39,2024-11-02T07:00:00Z
2024-11-30,P00505,0.08276,122,0.826,655738.24,2024-12-02T07:00:00Z
2024-12-31,P00505,0.08276,123,0.8198,653443.16,2025-01-02T07:00:00Z
2025-01-31,P00505,0.08276,124,0.8136,651156.11,2025-02-02T07:00:00Z
2025-02-28,P00505,0.08276,125,0.8074,648877.06,2025-03-02T07:00:00Z
2025-03-31,P00505,0.08276,126,0.8012,646605.99,2025-04-02T07:00:00Z
2025-04-30,P00505,0.08276,127,0.795,644342.87,2025-05-02T07:00:00Z
2025-05-31,P00505,0.08276,128,0.7888,642087.67,2025-06-02T07:00:00Z
2025-06-30,P00505,0.08276,129,0.7826,639840.36,2025-07-02T07:00:00Z
2025-07-31,P00505,0.08276,130,0.7764,637600.92,2025-08-02T07:00:00Z
2025-08-31,P00505,0.08276,131,0.7702,635369.32,2025-09-02T07:00:00Z
2025-09-30,P00505,0.08276,132,0.764,633145.52,2025-10-02T07:00:00Z
2025-10-31,P00505,0.08276,133,0.7578,630929.51,2025-11-02T07:00:00Z
2025-11-30,P00505,0.08276,134,0.7516,628721.26,2025-12-02T07:00:00Z
2025-12-31,P00505,0.08276,135,0.7454,626520.74,2026-01-02T07:00:00Z
2023-07-31,P00506,0.06561,104,0.7359,571190.29,2023-08-02T07:00:00Z
2023-08-31,P00506,0.06561,105,0.7305,569191.12,2023-09-02T07:00:00Z
2023-09-30,P00506,0.06561,106,0.725,567198.96,2023-10-02T07:00:00Z
2023-10-31,P00506,0.06561,107,0.7196,565213.76,2023-11-02T07:00:00Z
2023-11-30,P00506,0.06561,108,0.7141,563235.51,2023-12-02T07:00:00Z
2023-12-31,P00506,0.06561,109,0.7087,561264.19,2024-01-02T07:00:00Z
2024-01-31,P00506,0.06561,110,0.7033,559299.76,2024-02-02T07:00:00Z
2024-02-29,P00506,0.06561,111,0.6978,557342.21,2024-03-02T07:00:00Z
2024-03-31,P00506,0.06561,112,0.6924,555391.51,2024-04-02T07:00:00Z
2024-04-30,P00506,0.06561,113,0.6869,553447.64,2024-05-02T07:00:00Z
2024-05-31,P00506,0.06561,114,0.6815,551510.58,2024-06-02T07:00:00Z
2024-06-30,P00506,0.06561,115,0.676,549580.29,2024-07-02T07:00:00Z
2024-07-31,P00506,0.06561,116,0.6706,547656.76,2024-08-02T07:00:00Z
2024-08-31,P00506,0.06561,117,0.6651,545739.96,2024-09-02T07:00:00Z
2024-09-30,P00506,0.06561,118,0.6597,543829.87,2024-10-02T07:00:00Z
2024-10-31,P00506,0.06561,119,0.6543,541926.47,2024-11-02T07:00:00Z
2024-11-30,P00506,0.06561,120,0.6488,540029.72,2024-12-02T07:00:00Z
2024-12-31,P00506,0.06561,121,0.6434,538139.62,2025-01-02T07:00:00Z
2025-01-31,P00506,0.06561,122,0.6379,536256.13,2025-02-02T07:00:00Z
2025-02-28,P00506,0.06561,123,0.6325,534379.23,2025-03-02T07:00:00Z
2025-03-31,P00506,0.06561,124,0.627,532508.91,2025-04-02T07:00:00Z
2025-04-30,P00506,0.06561,125,0.6216,530645.13,2025-05-02T07:00:00Z
2025-05-31,P00506,0.06561,126,0.6162,528787.87,2025-06-02T07:00:00Z
2025-06-30,P00506,0.06561,127,0.6107,526937.11,2025-07-02T07:00:00Z
2025-07-31,P00506,0.06561,128,0.6053,525092.83,2025-08-02T07:00:00Z
2025-08-31,P00506,0.06561,129,0.5998,523255.01,2025-09-02T07:00:00Z
2025-09-30,P00506,0.06561,130,0.5944,521423.61,2025-10-02T07:00:00Z
2025-10-31,P00506,0.06561,131,0.5889,519598.63,2025-11-02T07:00:00Z
2025-11-30,P00506,0.06561,132,0.5835,517780.04,2025-12-02T07:00:00Z
2025-12-31,P00506,0.06561,133,0.5781,515967.81,2026-01-02T07:00:00Z
2023-07-31,P00507,0.05954,68,0.71,99329.44,2023-08-02T07:00:00Z
2023-08-31,P00507,0.05954,69,0.7047,98981.79,2023-09-02T07:00:00Z
2023-09-30,P00507,0.05954,70,0.6993,98635.35,2023-10-02T07:00:00Z
2023-10-31,P00507,0.05954,71,0.694,98290.13,2023-11-02T07:00:00Z
2023-11-30,P00507,0.05954,72,0.6887,97946.11,2023-12-02T07:00:00Z
2023-12-31,P00507,0.05954,73,0.6833,97603.3,2024-01-02T07:00:00Z
2024-01-31,P00507,0.05954,74,0.678,97261.69,2024-02-02T07:00:00Z
2024-02-29,P00507,0.05954,75,0.6726,96921.27,2024-03-02T07:00:00Z
2024-03-31,P00507,0.05954,76,0.6673,96582.05,2024-04-02T07:00:00Z
2024-04-30,P00507,0.05954,77,0.662,96244.01,2024-05-02T07:00:00Z
2024-05-31,P00507,0.05954,78,0.6566,95907.16,2024-06-02T07:00:00Z
2024-06-30,P00507,0.05954,79,0.6513,95571.48,2024-07-02T07:00:00Z
2024-07-31,P00507,0.05954,80,0.6459,95236.98,2024-08-02T07:00:00Z
2024-08-31,P00507,0.05954,81,0.6406,94903.65,2024-09-02T07:00:00Z
2024-09-30,P00507,0.05954,82,0.6353,94571.49,2024-10-02T07:00:00Z
2024-10-31,P00507,0.05954,83,0.6299,94240.49,2024-11-02T07:00:00Z
2024-11-30,P00507,0.05954,84,0.6246,93910.65,2024-12-02T07:00:00Z
2024-12-31,P00507,0.05954,85,0.6192,93581.96,2025-01-02T07:00:00Z
2025-01-31,P00507,0.05954,86,0.6139,93254.42,2025-02-02T07:00:00Z
2025-02-28,P00507,0.05954,87,0.6086,92928.03,2025-03-02T07:00:00Z
2025-03-31,P00507,0.05954,88,0.6032,92602.78,2025-04-02T07:00:00Z
2025-04-30,P00507,0.05954,89,0.5979,92278.68,2025-05-02T07:00:00Z
2025-05-31,P00507,0.05954,90,0.5925,91955.7,2025-06-02T07:00:00Z
2025-06-30,P00507,0.05954,91,0.5872,91633.85,2025-07-02T07:00:00Z
2025-07-31,P00507,0.05954,92,0.5819,91313.14,2025-08-02T07:00:00Z
2025-08-31,P00507,0.05954,93,0.5765,90993.54,2025-09-02T07:00:00Z
2025-09-30,P00507,0.05954,94,0.5712,90675.06,2025-10-02T07:00:00Z
2025-10-31,P00507,0.05954,95,0.5658,90357.7,2025-11-02T07:00:00Z
2025-11-30,P00507,0.05954,96,0.5605,90041.45,2025-12-02T07:00:00Z
2025-12-31,P00507,0.05954,97,0.5552,89726.3,2026-01-02T07:00:00Z
2023-07-31,P00508,0.05719,57,0.4984,306463.26,2023-08-02T07:00:00Z
2023-08-31,P00508,0.05719,58,0.4939,305390.64,2023-09-02T07:00:00Z
2023-09-30,P00508,0.05719,59,0.4894,304321.77,2023-10-02T07:00:00Z
2023-10-31,P00508,0.05719,60,0.4849,303256.65,2023-11-02T07:00:00Z
2023-11-30,P00508,0.05719,61,0.4804,302195.25,2023-12-02T07:00:00Z
2023-12-31,P00508,0.05719,62,0.4759,301137.56,2024-01-02T07:00:00Z
2024-01-31,P00508,0.05719,63,0.4714,300083.58,2024-02-02T07:00:00Z
2024-02-29,P00508,0.05719,64,0.4669,299033.29,2024-03-02T07:00:00Z
2024-03-31,P00508,0.05719,65,0.4624,297986.67,2024-04-02T07:00:00Z
2024-04-30,P00508,0.05719,66,0.4579,296943.72,2024-05-02T07:00:00Z
2023-07-31,P00509,0.05652,122,0.4969,228919.08,2023-08-02T07:00:00Z
2023-08-31,P00509,0.05652,123,0.4924,228117.86,2023-09-02T07:00:00Z
2023-09-30,P00509,0.05652,124,0.488,227319.45,2023-10-02T07:00:00Z
2023-10-31,P00509,0.05652,125,0.4835,226523.83,2023-11-02T07:00:00Z
2023-11-30,P00509,0.05652,126,0.479,225731.0,2023-12-02T07:00:00Z
2023-12-31,P00509,0.05652,127,0.4745,224940.94,2024-01-02T07:00:00Z
2024-01-31,P00509,0.05652,128,0.47,224153.65,2024-02-02T07:00:00Z
2024-02-29,P00509,0.05652,129,0.4655,223369.11,2024-03-02T07:00:00Z
2024-03-31,P00509,0.05652,130,0.461,222587.32,2024-04-02T07:00:00Z
2024-04-30,P00509,0.05652,131,0.4565,221808.26,2024-05-02T07:00:00Z
2024-05-31,P00509,0.05652,132,0.4521,221031.93,2024-06-02T07:00:00Z
2024-06-30,P00509,0.05652,133,0.4476,220258.32,2024-07-02T07:00:00Z
2024-07-31,P00509,0.05652,134,0.4431,219487.42,2024-08-02T07:00:00Z
2024-08-31,P00509,0.05652,135,0.4386,218719.21,2024-09-02T07:00:00Z
2024-09-30,P00509,0.05652,136,0.4341,217953.69,2024-10-02T07:00:00Z
2024-10-31,P00509,0.05652,137,0.4296,217190.86,2024-11-02T07:00:00Z
2024-11-30,P00509,0.05652,138,0.4251,216430.69,2024-12-02T07:00:00Z
2024-12-31,P00509,0.05652,139,0.4206,215673.18,2025-01-02T07:00:00Z
2025-01-31,P00509,0.05652,140,0.4162,214918.32,2025-02-02T07:00:00Z
2025-02-28,P00509,0.05652,141,0.4117,214166.11,2025-03-02T07:00:00Z
2025-03-31,P00509,0.05652,142,0.4072,213416.53,2025-04-02T07:00:00Z
2025-04-30,P00509,0.05652,143,0.4027,212669.57,2025-05-02T07:00:00Z
2025-05-31,P00509,0.05652,144,0.3982,211925.23,2025-06-02T07:00:00Z
2025-06-30,P00509,0.05652,145,0.3937,211183.49,2025-07-02T07:00:00Z
2025-07-31,P00509,0.05652,146,0.3892,210444.35,2025-08-02T07:00:00Z
2025-08-31,P00509,0.05652,147,0.3847,209707.79,2025-09-02T07:00:00Z
2025-09-30,P00509,0.05652,148,0.3803,208973.81,2025-10-02T07:00:00Z
2025-10-31,P00509,0.05652,149,0.3758,208242.41,2025-11-02T07:00:00Z
2025-11-30,P00509,0.05652,150,0.3713,207513.56,2025-12-02T07:00:00Z
2025-12-31,P00509,0.05652,151,0.3668,206787.26,2026-01-02T07:00:00Z
2023-07-31,P00510,0.07163,50,0.5985,605573.54,2023-08-02T07:00:00Z
2023-08-31,P00510,0.07163,51,0.5936,603454.03,2023-09-02T07:00:00Z
2023-09-30,P00510,0.07163,52,0.5887,601341.94,2023-10-02T07:00:00Z
2023-10-31,P00510,0.07163,53,0.5838,599237.25,2023-11-02T07:00:00Z
2023-11-30,P00510,0.07163,54,0.5789,597139.92,2023-12-02T07:00:00Z
2023-12-31,P00510,0.07163,55,0.574,595049.93,2024-01-02T07:00:00Z
2024-01-31,P00510,0.07163,56,0.5691,592967.25,2024-02-02T07:00:00Z
2024-02-29,P00510,0.07163,57,0.5642,590891.87,2024-03-02T07:00:00Z
2024-03-31,P00510,0.07163,58,0.5593,588823.74,2024-04-02T07:00:00Z
2024-04-30,P00510,0.07163,59,0.5544,586762.86,2024-05-02T07:00:00Z
2024-05-31,P00510,0.07163,60,0.5495,584709.19,2024-06-02T07:00:00Z
2024-06-30,P00510,0.07163,61,0.5446,582662.71,2024-07-02T07:00:00Z
2024-07-31,P00510,0.07163,62,0.5397,580623.39,2024-08-02T07:00:00Z
2024-08-31,P00510,0.07163,63,0.5348,578591.21,2024-09-02T07:00:00Z
2024-09-30,P00510,0.07163,64,0.5299,576566.14,2024-10-02T07:00:00Z
2024-10-31,P00510,0.07163,65,0.5251,574548.16,2024-11-02T07:00:00Z
2024-11-30,P00510,0.07163,66,0.5202,572537.24,2024-12-02T07:00:00Z
2024-12-31,P00510,0.07163,67,0.5153,570533.36,2025-01-02T07:00:00Z
2025-01-31,P00510,0.07163,68,0.5104,568536.49,2025-02-02T07:00:00Z
2025-02-28,P00510,0.07163,69,0.5055,566546.61,2025-03-02T07:00:00Z
2025-03-31,P00510,0.07163,70,0.5006,564563.7,2025-04-02T07:00:00Z
2025-04-30,P00510,0.07163,71,0.4957,562587.73,2025-05-02T07:00:00Z
2025-05-31,P00510,0.07163,72,0.4908,560618.67,2025-06-02T07:00:00Z
2025-06-30,P00510,0.07163,73,0.4859,558656.51,2025-07-02T07:00:00Z
2025-07-31,P00510,0.07163,74,0.481,556701.21,2025-08-02T07:00:00Z
2023-07-31,P00511,0.06793,125,0.85,440543.55,2023-08-02T07:00:00Z
2023-08-31,P00511,0.06793,126,0.8441,439001.65,2023-09-02T07:00:00Z
2023-09-30,P00511,0.06793,127,0.8382,437465.14,2023-10-02T07:00:00Z
2023-10-31,P00511,0.06793,128,0.8323,435934.01,2023-11-02T07:00:00Z
2023-11-30,P00511,0.06793,129,0.8264,434408.24,2023-12-02T07:00:00Z
2023-12-31,P00511,0.06793,130,0.8205,432887.82,2024-01-02T07:00:00Z
2024-01-31,P00511,0.06793,131,0.8146,431372.71,2024-02-02T07:00:00Z
2024-02-29,P00511,0.06793,132,0.8087,429862.9,2024-03-02T07:00:00Z
2024-03-31,P00511,0.06793,133,0.8028,428358.38,2024-04-02T07:00:00Z
2024-04-30,P00511,0.06793,134,0.7969,426859.13,2024-05-02T07:00:00Z
2024-05-31,P00511,0.06793,135,0.791,425365.12,2024-06-02T07:00:00Z
2024-06-30,P00511,0.06793,136,0.7851,423876.34,2024-07-02T07:00:00Z
2024-07-31,P00511,0.06793,137,0.7792,422392.78,2024-08-02T07:00:00Z
2024-08-31,P00511,0.06793,138,0.7733,420914.4,2024-09-02T07:00:00Z
2024-09-30,P00511,0.06793,139,0.7674,419441.2,2024-10-02T07:00:00Z
2024-10-31,P00511,0.06793,140,0.7615,417973.16,2024-11-02T07:00:00Z
2024-11-30,P00511,0.06793,141,0.7556,416510.25,2024-12-02T07:00:00Z
2024-12-31,P00511,0.06793,142,0.7497,415052.47,2025-01-02T07:00:00Z
2025-01-31,P00511,0.06793,143,0.7438,413599.78,2025-02-02T07:00:00Z
2025-02-28,P00511,0.06793,144,0.7379,412152.18,2025-03-02T07:00:00Z
2025-03-31,P00511,0.06793,145,0.732,410709.65,2025-04-02T07:00:00Z
2025-04-30,P00511,0.06793,146,0.7261,409272.17,2025-05-02T07:00:00Z
2025-05-31,P00511,0.06793,147,0.7202,407839.71,2025-06-02T07:00:00Z
2025-06-30,P00511,0.06793,148,0.7143,406412.28,2025-07-02T07:00:00Z
2025-07-31,P00511,0.06793,149,0.7084,404989.83,2025-08-02T07:00:00Z
2025-08-31,P00511,0.06793,150,0.7025,403572.37,2025-09-02T07:00:00Z
2025-09-30,P00511,0.06793,151,0.6966,402159.86,2025-10-02T07:00:00Z
2025-10-31,P00511,0.06793,152,0.6907,400752.31,2025-11-02T07:00:00Z
2025-11-30,P00511,0.06793,153,0.6848,399349.67,2025-12-02T07:00:00Z
2025-12-31,P00511,0.06793,154,0.6789,397951.95,2026-01-02T07:00:00Z
2023-07-31,P00512,0.04245,24,0.8176,571032.35,2023-08-02T07:00:00Z
2023-08-31,P00512,0.04245,25,0.8118,569033.74,2023-09-02T07:00:00Z
2023-09-30,P00512,0.04245,26,0.8061,567042.12,2023-10-02T07:00:00Z
2023-10-31,P00512,0.04245,27,0.8003,565057.47,2023-11-02T07:00:00Z
2023-11-30,P00512,0.04245,28,0.7945,563079.77,2023-12-02T07:00:00Z
2023-12-31,P00512,0.04245,29,0.7887,561108.99,2024-01-02T07:00:00Z
2024-01-31,P00512,0.04245,30,0.783,559145.11,2024-02-02T07:00:00Z
2024-02-29,P00512,0.04245,31,0.7772,557188.1,2024-03-02T07:00:00Z
2024-03-31,P00512,0.04245,32,0.7714,555237.94,2024-04-02T07:00:00Z
2024-04-30,P00512,0.04245,33,0.7657,553294.61,2024-05-02T07:00:00Z
2024-05-31,P00512,0.04245,34,0.7599,551358.08,2024-06-02T07:00:00Z
2024-06-30,P00512,0.04245,35,0.7541,549428.33,2024-07-02T07:00:00Z
2024-07-31,P00512,0.04245,36,0.7484,547505.33,2024-08-02T07:00:00Z
2024-08-31,P00512,0.04245,37,0.7426,545589.06,2024-09-02T07:00:00Z
2024-09-30,P00512,0.04245,38,0.7368,543679.5,2024-10-02T07:00:00Z
2024-10-31,P00512,0.04245,39,0.731,541776.62,2024-11-02T07:00:00Z
2024-11-30,P00512,0.04245,40,0.7253,539880.4,2024-12-02T07:00:00Z
2024-12-31,P00512,0.04245,41,0.7195,537990.82,2025-01-02T07:00:00Z
2025-01-31,P00512,0.04245,42,0.7137,536107.85,2025-02-02T07:00:00Z
2025-02-28,P00512,0.04245,43,0.708,534231.47,2025-03-02T07:00:00Z
2025-03-31,P00512,0.04245,44,0.7022,532361.66,2025-04-02T07:00:00Z
2025-04-30,P00512,0.04245,45,0.6964,530498.4,2025-05-02T07:00:00Z
2025-05-31,P00512,0.04245,46,0.6906,528641.65,2025-06-02T07:00:00Z
2025-06-30,P00512,0.04245,47,0.6849,526791.41,2025-07-02T07:00:00Z
2025-07-31,P00512,0.04245,48,0.6791,524947.64,2025-08-02T07:00:00Z
2025-08-31,P00512,0.04245,49,0.6733,523110.32,2025-09-02T07:00:00Z
2025-09-30,P00512,0.04245,50,0.6676,521279.43,2025-10-02T07:00:00Z
2025-10-31,P00512,0.04245,51,0.6618,519454.96,2025-11-02T07:00:00Z
2025-11-30,P00512,0.04245,52,0.656,517636.86,2025-12-02T07:00:00Z
2025-12-31,P00512,0.04245,53,0.6503,515825.14,2026-01-02T07:00:00Z
2023-07-31,P00513,0.06426,60,0.8789,392752.9,2023-08-02T07:00:00Z
2023-08-31,P00513,0.06426,61,0.8729,391378.26,2023-09-02T07:00:00Z
2023-09-30,P00513,0.06426,62,0.8668,390008.44,2023-10-02T07:00:00Z
2023-10-31,P00513,0.06426,63,0.8608,388643.41,2023-11-02T07:00:00Z
2023-11-30,P00513,0.06426,64,0.8548,387283.16,2023-12-02T07:00:00Z
2023-12-31,P00513,0.06426,65,0.8488,385927.67,2024-01-02T07:00:00Z
2024-01-31,P00513,0.06426,66,0.8428,384576.92,2024-02-02T07:00:00Z
2024-02-29,P00513,0.06426,67,0.8368,383230.9,2024-03-02T07:00:00Z
2024-03-31,P00513,0.06426,68,0.8308,381889.59,2024-04-02T07:00:00Z
2024-04-30,P00513,0.06426,69,0.8247,380552.98,2024-05-02T07:00:00Z
2024-05-31,P00513,0.06426,70,0.8187,379221.05,2024-06-02T07:00:00Z
2024-06-30,P00513,0.06426,71,0.8127,377893.77,2024-07-02T07:00:00Z
2024-07-31,P00513,0.06426,72,0.8067,376571.14,2024-08-02T07:00:00Z
2024-08-31,P00513,0.06426,73,0.8007,375253.14,2024-09-02T07:00:00Z
2024-09-30,P00513,0.06426,74,0.7947,373939.76,2024-10-02T07:00:00Z
2024-10-31,P00513,0.06426,75,0.7886,372630.97,2024-11-02T07:00:00Z
2024-11-30,P00513,0.06426,76,0.7826,371326.76,2024-12-02T07:00:00Z
2024-12-31,P00513,0.06426,77,0.7766,370027.12,2025-01-02T07:00:00Z
2025-01-31,P00513,0.06426,78,0.7706,368732.02,2025-02-02T07:00:00Z
2025-02-28,P00513,0.06426,79,0.7646,367441.46,2025-03-02T07:00:00Z
2025-03-31,P00513,0.06426,80,0.7586,366155.41,2025-04-02T07:00:00Z
2025-04-30,P00513,0.06426,81,0.7526,364873.87,2025-05-02T07:00:00Z
2025-05-31,P00513,0.06426,82,0.7465,363596.81,2025-06-02T07:00:00Z
2025-06-30,P00513,0.06426,83,0.7405,362324.22,2025-07-02T07:00:00Z
2025-07-31,P00513,0.06426,84,0.7345,361056.09,2025-08-02T07:00:00Z
2025-08-31,P00513,0.06426,85,0.7285,359792.39,2025-09-02T07:00:00Z
2025-09-30,P00513,0.06426,86,0.7225,358533.12,2025-10-02T07:00:00Z
2025-10-31,P00513,0.06426,87,0.7165,357278.25,2025-11-02T07:00:00Z
2025-11-30,P00513,0.06426,88,0.7104,356027.78,2025-12-02T07:00:00Z
2025-12-31,P00513,0.06426,89,0.7044,354781.68,2026-01-02T07:00:00Z
2023-07-31,P00514,0.03885,137,0.5967,319253.31,2023-08-02T07:00:00Z
2023-08-31,P00514,0.03885,138,0.5918,318135.92,2023-09-02T07:00:00Z
2023-09-30,P00514,0.03885,139,0.5869,317022.45,2023-10-02T07:00:00Z
2023-10-31,P00514,0.03885,140,0.582,315912.87,2023-11-02T07:00:00Z
2023-11-30,P00514,0.03885,141,0.5771,314807.17,2023-12-02T07:00:00Z
2023-12-31,P00514,0.03885,142,0.5722,313705.35,2024-01-02T07:00:00Z
2024-01-31,P00514,0.03885,143,0.5674,312607.38,2024-02-02T07:00:00Z
2024-02-29,P00514,0.03885,144,0.5625,311513.25,2024-03-02T07:00:00Z
2024-03-31,P00514,0.03885,145,0.5576,310422.96,2024-04-02T07:00:00Z
2024-04-30,P00514,0.03885,146,0.5527,309336.48,2024-05-02T07:00:00Z
2024-05-31,P00514,0.03885,147,0.5478,308253.8,2024-06-02T07:00:00Z
2024-06-30,P00514,0.03885,148,0.5429,307174.91,2024-07-02T07:00:00Z
2024-07-31,P00514,0.03885,149,0.538,306099.8,2024-08-02T07:00:00Z
2024-08-31,P00514,0.03885,150,0.5331,305028.45,2024-09-02T07:00:00Z
2024-09-30,P00514,0.03885,151,0.5283,303960.85,2024-10-02T07:00:00Z
2023-07-31,P00515,0.05732,85,0.8222,261050.81,2023-08-02T07:00:00Z
2023-08-31,P00515,0.05732,86,0.8164,260137.13,2023-09-02T07:00:00Z
2023-09-30,P00515,0.05732,87,0.8106,259226.65,2023-10-02T07:00:00Z
2023-10-31,P00515,0.05732,88,0.8048,258319.36,2023-11-02T07:00:00Z
2023-11-30,P00515,0.05732,89,0.799,257415.24,2023-12-02T07:00:00Z
2023-12-31,P00515,0.05732,90,0.7932,256514.29,2024-01-02T07:00:00Z
2024-01-31,P00515,0.05732,91,0.7874,255616.49,2024-02-02T07:00:00Z
2024-02-29,P00515,0.05732,92,0.7816,254721.83,2024-03-02T07:00:00Z
2024-03-31,P00515,0.05732,93,0.7759,253830.3,2024-04-02T07:00:00Z
2024-04-30,P00515,0.05732,94,0.7701,252941.9,2024-05-02T07:00:00Z
2024-05-31,P00515,0.05732,95,0.7643,252056.6,2024-06-02T07:00:00Z
2024-06-30,P00515,0.05732,96,0.7585,251174.4,2024-07-02T07:00:00Z
2024-07-31,P00515,0.05732,97,0.7527,250295.29,2024-08-02T07:00:00Z
2024-08-31,P00515,0.05732,98,0.7469,249419.26,2024-09-02T07:00:00Z
2024-09-30,P00515,0.05732,99,0.7411,248546.29,2024-10-02T07:00:00Z
2024-10-31,P00515,0.05732,100,0.7353,247676.38,2024-11-02T07:00:00Z
2024-11-30,P00515,0.05732,101,0.7295,246809.51,2024-12-02T07:00:00Z
2024-12-31,P00515,0.05732,102,0.7238,245945.68,2025-01-02T07:00:00Z
2025-01-31,P00515,0.05732,103,0.718,245084.87,2025-02-02T07:00:00Z
2025-02-28,P00515,0.05732,104,0.7122,244227.07,2025-03-02T07:00:00Z
2025-03-31,P00515,0.05732,105,0.7064,243372.28,2025-04-02T07:00:00Z
2025-04-30,P00515,0.05732,106,0.7006,242520.47,2025-05-02T07:00:00Z
2025-05-31,P00515,0.05732,107,0.6948,241671.65,2025-06-02T07:00:00Z
2025-06-30,P00515,0.05732,108,0.689,240825.8,2025-07-02T07:00:00Z
2025-07-31,P00515,0.05732,109,0.6832,239982.91,2025-08-02T07:00:00Z
2025-08-31,P00515,0.05732,110,0.6774,239142.97,2025-09-02T07:00:00Z
2025-09-30,P00515,0.05732,111,0.6717,238305.97,2025-10-02T07:00:00Z
2025-10-31,P00515,0.05732,112,0.6659,237471.9,2025-11-02T07:00:00Z
2025-11-30,P00515,0.05732,113,0.6601,236640.75,2025-12-02T07:00:00Z
2025-12-31,P00515,0.05732,114,0.6543,235812.51,2026-01-02T07:00:00Z
2023-07-31,P00516,0.06041,19,0.6035,215878.83,2023-08-02T07:00:00Z
2023-08-31,P00516,0.06041,20,0.5986,215123.25,2023-09-02T07:00:00Z
2023-07-31,P00517,0.05303,127,0.775,552395.46,2023-08-02T07:00:00Z
2023-08-31,P00517,0.05303,128,0.7694,550462.08,2023-09-02T07:00:00Z
2023-09-30,P00517,0.05303,129,0.7638,548535.46,2023-10-02T07:00:00Z
2023-10-31,P00517,0.05303,130,0.7582,546615.58,2023-11-02T07:00:00Z
2023-11-30,P00517,0.05303,131,0.7526,544702.43,2023-12-02T07:00:00Z
2023-12-31,P00517,0.05303,132,0.747,542795.97,2024-01-02T07:00:00Z
2024-01-31,P00517,0.05303,133,0.7414,540896.19,2024-02-02T07:00:00Z
2024-02-29,P00517,0.05303,134,0.7358,539003.05,2024-03-02T07:00:00Z
2024-03-31,P00517,0.05303,135,0.7302,537116.54,2024-04-02T07:00:00Z
2024-04-30,P00517,0.05303,136,0.7246,535236.63,2024-05-02T07:00:00Z
2024-05-31,P00517,0.05303,137,0.719,533363.3,2024-06-02T07:00:00Z
2024-06-30,P00517,0.05303,138,0.7134,531496.53,2024-07-02T07:00:00Z
2024-07-31,P00517,0.05303,139,0.7078,529636.29,2024-08-02T07:00:00Z
2024-08-31,P00517,0.05303,140,0.7022,527782.57,2024-09-02T07:00:00Z
2024-09-30,P00517,0.05303,141,0.6966,525935.33,2024-10-02T07:00:00Z
2024-10-31,P00517,0.05303,142,0.691,524094.55,2024-11-02T07:00:00Z
2024-11-30,P00517,0.05303,143,0.6854,522260.22,2024-12-02T07:00:00Z
2024-12-31,P00517,0.05303,144,0.6798,520432.31,2025-01-02T07:00:00Z
2025-01-31,P00517,0.05303,145,0.6742,518610.8,2025-02-02T07:00:00Z
2025-02-28,P00517,0.05303,146,0.6686,516795.66,2025-03-02T07:00:00Z
2025-03-31,P00517,0.05303,147,0.663,514986.88,2025-04-02T07:00:00Z
2025-04-30,P00517,0.05303,148,0.6574,513184.42,2025-05-02T07:00:00Z
2025-05-31,P00517,0.05303,149,0.6518,511388.28,2025-06-02T07:00:00Z
2025-06-30,P00517,0.05303,150,0.6462,509598.42,2025-07-02T07:00:00Z
2025-07-31,P00517,0.05303,151,0.6406,507814.82,2025-08-02T07:00:00Z
2025-08-31,P00517,0.05303,152,0.635,506037.47,2025-09-02T07:00:00Z
2025-09-30,P00517,0.05303,153,0.6294,504266.34,2025-10-02T07:00:00Z
2025-10-31,P00517,0.05303,154,0.6238,502501.41,2025-11-02T07:00:00Z
2025-11-30,P00517,0.05303,155,0.6182,500742.65,2025-12-02T07:00:00Z
2025-12-31,P00517,0.05303,156,0.6126,498990.05,2026-01-02T07:00:00Z
2023-07-31,P00518,0.06617,39,0.7296,521364.76,2023-08-02T07:00:00Z
2023-08-31,P00518,0.06617,40,0.7242,519539.98,2023-09-02T07:00:00Z
2023-09-30,P00518,0.06617,41,0.7187,517721.59,2023-10-02T07:00:00Z
2023-10-31,P00518,0.06617,42,0.7133,515909.57,2023-11-02T07:00:00Z
2023-11-30,P00518,0.06617,43,0.7079,514103.88,2023-12-02T07:00:00Z
2023-12-31,P00518,0.06617,44,0.7025,512304.52,2024-01-02T07:00:00Z
2024-01-31,P00518,0.06617,45,0.6971,510511.45,2024-02-02T07:00:00Z
2024-02-29,P00518,0.06617,46,0.6917,508724.66,2024-03-02T07:00:00Z
2024-03-31,P00518,0.06617,47,0.6862,506944.13,2024-04-02T07:00:00Z
2024-04-30,P00518,0.06617,48,0.6808,505169.82,2024-05-02T07:00:00Z
2024-05-31,P00518,0.06617,49,0.6754,503401.73,2024-06-02T07:00:00Z
2024-06-30,P00518,0.06617,50,0.67,501639.82,2024-07-02T07:00:00Z
2023-07-31,P00519,0.06345,87,0.6681,604747.55,2023-08-02T07:00:00Z
2023-08-31,P00519,0.06345,88,0.6629,602630.93,2023-09-02T07:00:00Z
2023-09-30,P00519,0.06345,89,0.6577,600521.73,2023-10-02T07:00:00Z
2023-10-31,P00519,0.06345,90,0.6526,598419.9,2023-11-02T07:00:00Z
2023-11-30,P00519,0.06345,91,0.6474,596325.43,2023-12-02T07:00:00Z
2023-12-31,P00519,0.06345,92,0.6422,594238.29,2024-01-02T07:00:00Z
2024-01-31,P00519,0.06345,93,0.6371,592158.46,2024-02-02T07:00:00Z
2024-02-29,P00519,0.06345,94,0.6319,590085.9,2024-03-02T07:00:00Z
2024-03-31,P00519,0.06345,95,0.6267,588020.6,2024-04-02T07:00:00Z
2024-04-30,P00519,0.06345,96,0.6215,585962.53,2024-05-02T07:00:00Z
2024-05-31,P00519,0.06345,97,0.6164,583911.66,2024-06-02T07:00:00Z
2024-06-30,P00519,0.06345,98,0.6112,581867.97,2024-07-02T07:00:00Z
2024-07-31,P00519,0.06345,99,0.606,579831.43,2024-08-02T07:00:00Z
2024-08-31,P00519,0.06345,100,0.6008,577802.02,2024-09-02T07:00:00Z
2024-09-30,P00519,0.06345,101,0.5957,575779.71,2024-10-02T07:00:00Z
2024-10-31,P00519,0.06345,102,0.5905,573764.49,2024-11-02T07:00:00Z
2024-11-30,P00519,0.06345,103,0.5853,571756.31,2024-12-02T07:00:00Z
2024-12-31,P00519,0.06345,104,0.5802,569755.16,2025-01-02T07:00:00Z
2025-01-31,P00519,0.06345,105,0.575,567761.02,2025-02-02T07:00:00Z
2025-02-28,P00519,0.06345,106,0.5698,565773.86,2025-03-02T07:00:00Z
2025-03-31,P00519,0.06345,107,0.5646,563793.65,2025-04-02T07:00:00Z
2025-04-30,P00519,0.06345,108,0.5595,561820.37,2025-05-02T07:00:00Z
2025-05-31,P00519,0.06345,109,0.5543,559854.0,2025-06-02T07:00:00Z
2025-06-30,P00519,0.06345,110,0.5491,557894.51,2025-07-02T07:00:00Z
2025-07-31,P00519,0.06345,111,0.544,555941.88,2025-08-02T07:00:00Z
2025-08-31,P00519,0.06345,112,0.5388,553996.08,2025-09-02T07:00:00Z
2025-09-30,P00519,0.06345,113,0.5336,552057.1,2025-10-02T07:00:00Z
2025-10-31,P00519,0.06345,114,0.5284,550124.9,2025-11-02T07:00:00Z
2025-11-30,P00519,0.06345,115,0.5233,548199.46,2025-12-02T07:00:00Z
2025-12-31,P00519,0.06345,116,0.5181,546280.76,2026-01-02T07:00:00Z
2023-07-31,P00520,0.06663,88,0.5851,386019.78,2023-08-02T07:00:00Z
2023-08-31,P00520,0.06663,89,0.5802,384668.71,2023-09-02T07:00:00Z
2023-09-30,P00520,0.06663,90,0.5754,383322.37,2023-10-02T07:00:00Z
2023-10-31,P00520,0.06663,91,0.5706,381980.74,2023-11-02T07:00:00Z
2023-11-30,P00520,0.06663,92,0.5657,380643.81,2023-12-02T07:00:00Z
2023-12-31,P00520,0.06663,93,0.5609,379311.56,2024-01-02T07:00:00Z
2024-01-31,P00520,0.06663,94,0.556,377983.97,2024-02-02T07:00:00Z
2024-02-29,P00520,0.06663,95,0.5512,376661.02,2024-03-02T07:00:00Z
2024-03-31,P00520,0.06663,96,0.5464,375342.71,2024-04-02T07:00:00Z
2024-04-30,P00520,0.06663,97,0.5415,374029.01,2024-05-02T07:00:00Z
2024-05-31,P00520,0.06663,98,0.5367,372719.91,2024-06-02T07:00:00Z
2024-06-30,P00520,0.06663,99,0.5318,371415.39,2024-07-02T07:00:00Z
2024-07-31,P00520,0.06663,100,0.527,370115.43,2024-08-02T07:00:00Z
2024-08-31,P00520,0.06663,101,0.5222,368820.03,2024-09-02T07:00:00Z
2024-09-30,P00520,0.06663,102,0.5173,367529.16,2024-10-02T07:00:00Z
2024-10-31,P00520,0.06663,103,0.5125,366242.81,2024-11-02T07:00:00Z
2024-11-30,P00520,0.06663,104,0.5076,364960.96,2024-12-02T07:00:00Z
2024-12-31,P00520,0.06663,105,0.5028,363683.59,2025-01-02T07:00:00Z
2025-01-31,P00520,0.06663,106,0.498,362410.7,2025-02-02T07:00:00Z
2025-02-28,P00520,0.06663,107,0.4931,361142.26,2025-03-02T07:00:00Z
2025-03-31,P00520,0.06663,108,0.4883,359878.27,2025-04-02T07:00:00Z
2025-04-30,P00520,0.06663,109,0.4834,358618.69,2025-05-02T07:00:00Z
2025-05-31,P00520,0.06663,110,0.4786,357363.53,2025-06-02T07:00:00Z
2025-06-30,P00520,0.06663,111,0.4738,356112.75,2025-07-02T07:00:00Z
2025-07-31,P00520,0.06663,112,0.4689,354866.36,2025-08-02T07:00:00Z
2025-08-31,P00520,0.06663,113,0.4641,353624.33,2025-09-02T07:00:00Z
2025-09-30,P00520,0.06663,114,0.4592,352386.64,2025-10-02T07:00:00Z
2025-10-31,P00520,0.06663,115,0.4544,351153.29,2025-11-02T07:00:00Z
2025-11-30,P00520,0.06663,116,0.4496,349924.25,2025-12-02T07:00:00Z
2025-12-31,P00520,0.06663,117,0.4447,348699.52,2026-01-02T07:00:00Z
2023-07-31,P00521,0.06923,46,0.5295,572513.69,2023-08-02T07:00:00Z
2023-08-31,P00521,0.06923,47,0.5248,570509.89,2023-09-02T07:00:00Z
2023-09-30,P00521,0.06923,48,0.5202,568513.11,2023-10-02T07:00:00Z
2023-10-31,P00521,0.06923,49,0.5156,566523.31,2023-11-02T07:00:00Z
2023-11-30,P00521,0.06923,50,0.511,564540.48,2023-12-02T07:00:00Z
2023-12-31,P00521,0.06923,51,0.5064,562564.59,2024-01-02T07:00:00Z
2024-01-31,P00521,0.06923,52,0.5018,560595.61,2024-02-02T07:00:00Z
2024-02-29,P00521,0.06923,53,0.4971,558633.53,2024-03-02T07:00:00Z
2024-03-31,P00521,0.06923,54,0.4925,556678.31,2024-04-02T07:00:00Z
2024-04-30,P00521,0.06923,55,0.4879,554729.94,2024-05-02T07:00:00Z
2024-05-31,P00521,0.06923,56,0.4833,552788.38,2024-06-02T07:00:00Z
2024-06-30,P00521,0.06923,57,0.4787,550853.62,2024-07-02T07:00:00Z
2024-07-31,P00521,0.06923,58,0.4741,548925.63,2024-08-02T07:00:00Z
2024-08-31,P00521,0.06923,59,0.4694,547004.39,2024-09-02T07:00:00Z
2024-09-30,P00521,0.06923,60,0.4648,545089.88,2024-10-02T07:00:00Z
2024-10-31,P00521,0.06923,61,0.4602,543182.06,2024-11-02T07:00:00Z
2024-11-30,P00521,0.06923,62,0.4556,541280.93,2024-12-02T07:00:00Z
2024-12-31,P00521,0.06923,63,0.451,539386.44,2025-01-02T07:00:00Z
2025-01-31,P00521,0.06923,64,0.4463,537498.59,2025-02-02T07:00:00Z
2025-02-28,P00521,0.06923,65,0.4417,535617.35,2025-03-02T07:00:00Z
2025-03-31,P00521,0.06923,66,0.4371,533742.69,2025-04-02T07:00:00Z
2025-04-30,P00521,0.06923,67,0.4325,531874.59,2025-05-02T07:00:00Z
2025-05-31,P00521,0.06923,68,0.4279,530013.03,2025-06-02T07:00:00Z
2025-06-30,P00521,0.06923,69,0.4233,528157.98,2025-07-02T07:00:00Z
2025-07-31,P00521,0.06923,70,0.4186,526309.43,2025-08-02T07:00:00Z
2025-08-31,P00521,0.06923,71,0.414,524467.34,2025-09-02T07:00:00Z
2025-09-30,P00521,0.06923,72,0.4094,522631.71,2025-10-02T07:00:00Z
2025-10-31,P00521,0.06923,73,0.4048,520802.5,2025-11-02T07:00:00Z
2025-11-30,P00521,0.06923,74,0.4002,518979.69,2025-12-02T07:00:00Z
2025-12-31,P00521,0.06923,75,0.3955,517163.26,2026-01-02T07:00:00Z
2023-07-31,P00522,0.06645,49,0.9122,559402.88,2023-08-02T07:00:00Z
2023-08-31,P00522,0.06645,50,0.9061,557444.97,2023-09-02T07:00:00Z
2023-09-30,P00522,0.06645,51,0.8999,555493.91,2023-10-02T07:00:00Z
2023-10-31,P00522,0.06645,52,0.8938,553549.68,2023-11-02T07:00:00Z
2023-11-30,P00522,0.06645,53,0.8876,551612.26,2023-12-02T07:00:00Z
2023-12-31,P00522,0.06645,54,0.8815,549681.62,2024-01-02T07:00:00Z
2024-01-31,P00522,0.06645,55,0.8753,547757.73,2024-02-02T07:00:00Z
2024-02-29,P00522,0.06645,56,0.8692,545840.58,2024-03-02T07:00:00Z
2024-03-31,P00522,0.06645,57,0.863,543930.14,2024-04-02T07:00:00Z
2024-04-30,P00522,0.06645,58,0.8569,542026.38,2024-05-02T07:00:00Z
2024-05-31,P00522,0.06645,59,0.8507,540129.29,2024-06-02T07:00:00Z
2024-06-30,P00522,0.06645,60,0.8446,538238.84,2024-07-02T07:00:00Z
2024-07-31,P00522,0.06645,61,0.8384,536355.0,2024-08-02T07:00:00Z
2024-08-31,P00522,0.06645,62,0.8323,534477.76,2024-09-02T07:00:00Z
2024-09-30,P00522,0.06645,63,0.8261,532607.09,2024-10-02T07:00:00Z
2024-10-31,P00522,0.06645,64,0.82,530742.96,2024-11-02T07:00:00Z
2024-11-30,P00522,0.06645,65,0.8138,528885.36,2024-12-02T07:00:00Z
2024-12-31,P00522,0.06645,66,0.8077,527034.26,2025-01-02T07:00:00Z
2025-01-31,P00522,0.06645,67,0.8015,525189.64,2025-02-02T07:00:00Z
2025-02-28,P00522,0.06645,68,0.7954,523351.48,2025-03-02T07:00:00Z
2025-03-31,P00522,0.06645,69,0.7892,521519.75,2025-04-02T07:00:00Z
2025-04-30,P00522,0.06645,70,0.7831,519694.43,2025-05-02T07:00:00Z
2025-05-31,P00522,0.06645,71,0.7769,517875.5,2025-06-02T07:00:00Z
2025-06-30,P00522,0.06645,72,0.7708,516062.93,2025-07-02T07:00:00Z
2025-07-31,P00522,0.06645,73,0.7646,514256.71,2025-08-02T07:00:00Z
2025-08-31,P00522,0.06645,74,0.7585,512456.82,2025-09-02T07:00:00Z
2025-09-30,P00522,0.06645,75,0.7523,510663.22,2025-10-02T07:00:00Z
2025-10-31,P00522,0.06645,76,0.7462,508875.9,2025-11-02T07:00:00Z
2025-11-30,P00522,0.06645,77,0.74,507094.83,2025-12-02T07:00:00Z
2025-12-31,P00522,0.06645,78,0.7339,505320.0,2026-01-02T07:00:00Z
2023-07-31,P00523,0.07122,77,0.638,457756.29,2023-08-02T07:00:00Z
2023-08-31,P00523,0.07122,78,0.633,456154.14,2023-09-02T07:00:00Z
2023-07-31,P00524,0.04941,127,0.7126,592570.7,2023-08-02T07:00:00Z
2023-08-31,P00524,0.04941,128,0.7073,590496.7,2023-09-02T07:00:00Z
2023-09-30,P00524,0.04941,129,0.7019,588429.96,2023-10-02T07:00:00Z
2023-10-31,P00524,0.04941,130,0.6966,586370.46,2023-11-02T07:00:00Z
2023-11-30,P00524,0.04941,131,0.6912,584318.16,2023-12-02T07:00:00Z
2023-12-31,P00524,0.04941,132,0.6859,582273.05,2024-01-02T07:00:00Z
2024-01-31,P00524,0.04941,133,0.6805,580235.09,2024-02-02T07:00:00Z
2024-02-29,P00524,0.04941,134,0.6752,578204.27,2024-03-02T07:00:00Z
2024-03-31,P00524,0.04941,135,0.6698,576180.56,2024-04-02T07:00:00Z
2024-04-30,P00524,0.04941,136,0.6645,574163.92,2024-05-02T07:00:00Z
2024-05-31,P00524,0.04941,137,0.6591,572154.35,2024-06-02T07:00:00Z
2024-06-30,P00524,0.04941,138,0.6538,570151.81,2024-07-02T07:00:00Z
2024-07-31,P00524,0.04941,139,0.6484,568156.28,2024-08-02T07:00:00Z
2024-08-31,P00524,0.04941,140,0.6431,566167.73,2024-09-02T07:00:00Z
2024-09-30,P00524,0.04941,141,0.6377,564186.14,2024-10-02T07:00:00Z
2024-10-31,P00524,0.04941,142,0.6324,562211.49,2024-11-02T07:00:00Z
2024-11-30,P00524,0.04941,143,0.627,560243.75,2024-12-02T07:00:00Z
2024-12-31,P00524,0.04941,144,0.6217,558282.9,2025-01-02T07:00:00Z
2025-01-31,P00524,0.04941,145,0.6163,556328.91,2025-02-02T07:00:00Z
2025-02-28,P00524,0.04941,146,0.611,554381.76,2025-03-02T07:00:00Z
2025-03-31,P00524,0.04941,147,0.6056,552441.42,2025-04-02T07:00:00Z
2025-04-30,P00524,0.04941,148,0.6003,550507.88,2025-05-02T07:00:00Z
2025-05-31,P00524,0.04941,149,0.5949,548581.1,2025-06-02T07:00:00Z
2025-06-30,P00524,0.04941,150,0.5896,546661.07,2025-07-02T07:00:00Z
2025-07-31,P00524,0.04941,151,0.5842,544747.75,2025-08-02T07:00:00Z
2025-08-31,P00524,0.04941,152,0.5789,542841.13,2025-09-02T07:00:00Z
2025-09-30,P00524,0.04941,153,0.5735,540941.19,2025-10-02T07:00:00Z
2025-10-31,P00524,0.04941,154,0.5682,539047.9,2025-11-02T07:00:00Z
2025-11-30,P00524,0.04941,155,0.5628,537161.23,2025-12-02T07:00:00Z
2025-12-31,P00524,0.04941,156,0.5575,535281.16,2026-01-02T07:00:00Z
2023-07-31,P00525,0.06709,113,0.5749,360263.01,2023-08-02T07:00:00Z
2023-08-31,P00525,0.06709,114,0.5701,359002.09,2023-09-02T07:00:00Z
2023-09-30,P00525,0.06709,115,0.5653,357745.58,2023-10-02T07:00:00Z
2023-10-31,P00525,0.06709,116,0.5605,356493.47,2023-11-02T07:00:00Z
2023-11-30,P00525,0.06709,117,0.5557,355245.75,2023-12-02T07:00:00Z
2023-12-31,P00525,0.06709,118,0.5509,354002.39,2024-01-02T07:00:00Z
2024-01-31,P00525,0.06709,119,0.5461,352763.38,2024-02-02T07:00:00Z
2024-02-29,P00525,0.06709,120,0.5413,351528.71,2024-03-02T07:00:00Z
2024-03-31,P00525,0.06709,121,0.5365,350298.35,2024-04-02T07:00:00Z
2024-04-30,P00525,0.06709,122,0.5317,349072.31,2024-05-02T07:00:00Z
2024-05-31,P00525,0.06709,123,0.5269,347850.56,2024-06-02T07:00:00Z
2024-06-30,P00525,0.06709,124,0.5221,346633.08,2024-07-02T07:00:00Z
2024-07-31,P00525,0.06709,125,0.5173,345419.86,2024-08-02T07:00:00Z
2024-08-31,P00525,0.06709,126,0.5125,344210.9,2024-09-02T07:00:00Z
2024-09-30,P00525,0.06709,127,0.5077,343006.16,2024-10-02T07:00:00Z
2024-10-31,P00525,0.06709,128,0.5029,341805.64,2024-11-02T07:00:00Z
2024-11-30,P00525,0.06709,129,0.4981,340609.32,2024-12-02T07:00:00Z
2024-12-31,P00525,0.06709,130,0.4933,339417.18,2025-01-02T07:00:00Z
2025-01-31,P00525,0.06709,131,0.4885,338229.22,2025-02-02T07:00:00Z
2025-02-28,P00525,0.06709,132,0.4837,337045.42,2025-03-02T07:00:00Z
2025-03-31,P00525,0.06709,133,0.4789,335865.76,2025-04-02T07:00:00Z
2025-04-30,P00525,0.06709,134,0.4741,334690.23,2025-05-02T07:00:00Z
2025-05-31,P00525,0.06709,135,0.4693,333518.82,2025-06-02T07:00:00Z
2025-06-30,P00525,0.06709,136,0.4645,332351.5,2025-07-02T07:00:00Z
2025-07-31,P00525,0.06709,137,0.4597,331188.27,2025-08-02T07:00:00Z
2025-08-31,P00525,0.06709,138,0.4549,330029.11,2025-09-02T07:00:00Z
2025-09-30,P00525,0.06709,139,0.4501,328874.01,2025-10-02T07:00:00Z
2025-10-31,P00525,0.06709,140,0.4453,327722.95,2025-11-02T07:00:00Z
2025-11-30,P00525,0.06709,141,0.4405,326575.92,2025-12-02T07:00:00Z
2025-12-31,P00525,0.06709,142,0.4357,325432.9,2026-01-02T07:00:00Z
2023-07-31,P00526,0.06143,92,0.7783,184849.61,2023-08-02T07:00:00Z
2023-08-31,P00526,0.06143,93,0.7727,184202.64,2023-09-02T07:00:00Z
2023-09-30,P00526,0.06143,94,0.767,183557.93,2023-10-02T07:00:00Z
2023-10-31,P00526,0.06143,95,0.7614,182915.47,2023-11-02T07:00:00Z
2023-11-30,P00526,0.06143,96,0.7558,182275.27,2023-12-02T07:00:00Z
2023-12-31,P00526,0.06143,97,0.7502,181637.31,2024-01-02T07:00:00Z
2024-01-31,P00526,0.06143,98,0.7446,181001.58,2024-02-02T07:00:00Z
2024-02-29,P00526,0.06143,99,0.739,180368.07,2024-03-02T07:00:00Z
2024-03-31,P00526,0.06143,100,0.7334,179736.78,2024-04-02T07:00:00Z
2024-04-30,P00526,0.06143,101,0.7277,179107.7,2024-05-02T07:00:00Z
2024-05-31,P00526,0.06143,102,0.7221,178480.83,2024-06-02T07:00:00Z
2024-06-30,P00526,0.06143,103,0.7165,177856.14,2024-07-02T07:00:00Z
2024-07-31,P00526,0.06143,104,0.7109,177233.65,2024-08-02T07:00:00Z
2023-07-31,P00527,0.05214,65,0.5517,447800.57,2023-08-02T07:00:00Z
2023-08-31,P00527,0.05214,66,0.5469,446233.27,2023-09-02T07:00:00Z
2023-09-30,P00527,0.05214,67,0.5422,444671.45,2023-10-02T07:00:00Z
2023-10-31,P00527,0.05214,68,0.5375,443115.1,2023-11-02T07:00:00Z
2023-11-30,P00527,0.05214,69,0.5328,441564.2,2023-12-02T07:00:00Z
2023-12-31,P00527,0.05214,70,0.5281,440018.72,2024-01-02T07:00:00Z
2024-01-31,P00527,0.05214,71,0.5234,438478.66,2024-02-02T07:00:00Z
2024-02-29,P00527,0.05214,72,0.5187,436943.98,2024-03-02T07:00:00Z
2024-03-31,P00527,0.05214,73,0.514,435414.68,2024-04-02T07:00:00Z
2024-04-30,P00527,0.05214,74,0.5093,433890.73,2024-05-02T07:00:00Z
2024-05-31,P00527,0.05214,75,0.5046,432372.11,2024-06-02T07:00:00Z
2024-06-30,P00527,0.05214,76,0.4999,430858.81,2024-07-02T07:00:00Z
2024-07-31,P00527,0.05214,77,0.4952,429350.8,2024-08-02T07:00:00Z
2024-08-31,P00527,0.05214,78,0.4905,427848.07,2024-09-02T07:00:00Z
2024-09-30,P00527,0.05214,79,0.4858,426350.61,2024-10-02T07:00:00Z
2024-10-31,P00527,0.05214,80,0.4811,424858.38,2024-11-02T07:00:00Z
2024-11-30,P00527,0.05214,81,0.4763,423371.37,2024-12-02T07:00:00Z
2023-07-31,P00528,0.07048,73,0.97,591626.59,2023-08-02T07:00:00Z
2023-08-31,P00528,0.07048,74,0.9636,589555.9,2023-09-02T07:00:00Z
2023-09-30,P00528,0.07048,75,0.9572,587492.45,2023-10-02T07:00:00Z
2023-10-31,P00528,0.07048,76,0.9509,585436.23,2023-11-02T07:00:00Z
2023-11-30,P00528,0.07048,77,0.9445,583387.2,2023-12-02T07:00:00Z
2023-12-31,P00528,0.07048,78,0.9381,581345.35,2024-01-02T07:00:00Z
2024-01-31,P00528,0.07048,79,0.9317,579310.64,2024-02-02T07:00:00Z
2024-02-29,P00528,0.07048,80,0.9253,577283.05,2024-03-02T07:00:00Z
2024-03-31,P00528,0.07048,81,0.919,575262.56,2024-04-02T07:00:00Z
2024-04-30,P00528,0.07048,82,0.9126,573249.14,2024-05-02T07:00:00Z
2024-05-31,P00528,0.07048,83,0.9062,571242.77,2024-06-02T07:00:00Z
2024-06-30,P00528,0.07048,84,0.8998,569243.42,2024-07-02T07:00:00Z
2024-07-31,P00528,0.07048,85,0.8934,567251.07,2024-08-02T07:00:00Z
2024-08-31,P00528,0.07048,86,0.8871,565265.69,2024-09-02T07:00:00Z
2024-09-30,P00528,0.07048,87,0.8807,563287.26,2024-10-02T07:00:00Z
2024-10-31,P00528,0.07048,88,0.8743,561315.75,2024-11-02T07:00:00Z
2024-11-30,P00528,0.07048,89,0.8679,559351.15,2024-12-02T07:00:00Z
2024-12-31,P00528,0.07048,90,0.8615,557393.42,2025-01-02T07:00:00Z
2025-01-31,P00528,0.07048,91,0.8552,555442.54,2025-02-02T07:00:00Z
2025-02-28,P00528,0.07048,92,0.8488,553498.49,2025-03-02T07:00:00Z
2025-03-31,P00528,0.07048,93,0.8424,551561.25,2025-04-02T07:00:00Z
2025-04-30,P00528,0.07048,94,0.836,549630.78,2025-05-02T07:00:00Z
2025-05-31,P00528,0.07048,95,0.8296,547707.08,2025-06-02T07:00:00Z
2025-06-30,P00528,0.07048,96,0.8233,545790.1,2025-07-02T07:00:00Z
2025-07-31,P00528,0.07048,97,0.8169,543879.84,2025-08-02T07:00:00Z
2025-08-31,P00528,0.07048,98,0.8105,541976.26,2025-09-02T07:00:00Z
2025-09-30,P00528,0.07048,99,0.8041,540079.34,2025-10-02T07:00:00Z
2025-10-31,P00528,0.07048,100,0.7977,538189.06,2025-11-02T07:00:00Z
2025-11-30,P00528,0.07048,101,0.7914,536305.4,2025-12-02T07:00:00Z
2025-12-31,P00528,0.07048,102,0.785,534428.33,2026-01-02T07:00:00Z
2023-07-31,P00529,0.05823,32,0.5846,437168.96,2023-08-02T07:00:00Z
2023-08-31,P00529,0.05823,33,0.5798,435638.87,2023-09-02T07:00:00Z
2023-09-30,P00529,0.05823,34,0.575,434114.13,2023-10-02T07:00:00Z
2023-10-31,P00529,0.05823,35,0.5701,432594.73,2023-11-02T07:00:00Z
2023-11-30,P00529,0.05823,36,0.5653,431080.65,2023-12-02T07:00:00Z
2023-12-31,P00529,0.05823,37,0.5605,429571.87,2024-01-02T07:00:00Z
2024-01-31,P00529,0.05823,38,0.5556,428068.37,2024-02-02T07:00:00Z
2024-02-29,P00529,0.05823,39,0.5508,426570.13,2024-03-02T07:00:00Z
2024-03-31,P00529,0.05823,40,0.5459,425077.13,2024-04-02T07:00:00Z
2024-04-30,P00529,0.05823,41,0.5411,423589.36,2024-05-02T07:00:00Z
2024-05-31,P00529,0.05823,42,0.5363,422106.8,2024-06-02T07:00:00Z
2024-06-30,P00529,0.05823,43,0.5314,420629.43,2024-07-02T07:00:00Z
2024-07-31,P00529,0.05823,44,0.5266,419157.22,2024-08-02T07:00:00Z
2024-08-31,P00529,0.05823,45,0.5217,417690.17,2024-09-02T07:00:00Z
2024-09-30,P00529,0.05823,46,0.5169,416228.26,2024-10-02T07:00:00Z
2024-10-31,P00529,0.05823,47,0.5121,414771.46,2024-11-02T07:00:00Z
2024-11-30,P00529,0.05823,48,0.5072,413319.76,2024-12-02T07:00:00Z
2024-12-31,P00529,0.05823,49,0.5024,411873.14,2025-01-02T07:00:00Z
2025-01-31,P00529,0.05823,50,0.4976,410431.58,2025-02-02T07:00:00Z
2025-02-28,P00529,0.05823,51,0.4927,408995.07,2025-03-02T07:00:00Z
2025-03-31,P00529,0.05823,52,0.4879,407563.59,2025-04-02T07:00:00Z
2025-04-30,P00529,0.05823,53,0.483,406137.12,2025-05-02T07:00:00Z
2025-05-31,P00529,0.05823,54,0.4782,404715.64,2025-06-02T07:00:00Z
2025-06-30,P00529,0.05823,55,0.4734,403299.13,2025-07-02T07:00:00Z
2025-07-31,P00529,0.05823,56,0.4685,401887.59,2025-08-02T07:00:00Z
2025-08-31,P00529,0.05823,57,0.4637,400480.98,2025-09-02T07:00:00Z
2025-09-30,P00529,0.05823,58,0.4588,399079.3,2025-10-02T07:00:00Z
2025-10-31,P00529,0.05823,59,0.454,397682.52,2025-11-02T07:00:00Z
2025-11-30,P00529,0.05823,60,0.4492,396290.63,2025-12-02T07:00:00Z
2025-12-31,P00529,0.05823,61,0.4443,394903.61,2026-01-02T07:00:00Z
2023-07-31,P00530,0.06484,21,0.9383,377310.73,2023-08-02T07:00:00Z
2023-08-31,P00530,0.06484,22,0.932,375990.14,2023-09-02T07:00:00Z
2023-09-30,P00530,0.06484,23,0.9258,374674.18,2023-10-02T07:00:00Z
2023-10-31,P00530,0.06484,24,0.9195,373362.82,2023-11-02T07:00:00Z
2023-11-30,P00530,0.06484,25,0.9133,372056.05,2023-12-02T07:00:00Z
2023-12-31,P00530,0.06484,26,0.907,370753.85,2024-01-02T07:00:00Z
2024-01-31,P00530,0.06484,27,0.9008,369456.21,2024-02-02T07:00:00Z
2024-02-29,P00530,0.06484,28,0.8945,368163.12,2024-03-02T07:00:00Z
2024-03-31,P00530,0.06484,29,0.8883,366874.55,2024-04-02T07:00:00Z
2024-04-30,P00530,0.06484,30,0.882,365590.48,2024-05-02T07:00:00Z
2024-05-31,P00530,0.06484,31,0.8757,364310.92,2024-06-02T07:00:00Z
2024-06-30,P00530,0.06484,32,0.8695,363035.83,2024-07-02T07:00:00Z
2024-07-31,P00530,0.06484,33,0.8632,361765.2,2024-08-02T07:00:00Z
2024-08-31,P00530,0.06484,34,0.857,360499.03,2024-09-02T07:00:00Z
2024-09-30,P00530,0.06484,35,0.8507,359237.28,2024-10-02T07:00:00Z
2024-10-31,P00530,0.06484,36,0.8445,357979.95,2024-11-02T07:00:00Z
2024-11-30,P00530,0.06484,37,0.8382,356727.02,2024-12-02T07:00:00Z
2024-12-31,P00530,0.06484,38,0.832,355478.47,2025-01-02T07:00:00Z
2025-01-31,P00530,0.06484,39,0.8257,354234.3,2025-02-02T07:00:00Z
2025-02-28,P00530,0.06484,40,0.8195,352994.48,2025-03-02T07:00:00Z
2025-03-31,P00530,0.06484,41,0.8132,351759.0,2025-04-02T07:00:00Z
2025-04-30,P00530,0.06484,42,0.807,350527.84,2025-05-02T07:00:00Z
2025-05-31,P00530,0.06484,43,0.8007,349300.99,2025-06-02T07:00:00Z
2025-06-30,P00530,0.06484,44,0.7945,348078.44,2025-07-02T07:00:00Z
2025-07-31,P00530,0.06484,45,0.7882,346860.17,2025-08-02T07:00:00Z
2025-08-31,P00530,0.06484,46,0.7819,345646.16,2025-09-02T07:00:00Z
2025-09-30,P00530,0.06484,47,0.7757,344436.39,2025-10-02T07:00:00Z
2025-10-31,P00530,0.06484,48,0.7694,343230.87,2025-11-02T07:00:00Z
2025-11-30,P00530,0.06484,49,0.7632,342029.56,2025-12-02T07:00:00Z
2025-12-31,P00530,0.06484,50,0.7569,340832.46,2026-01-02T07:00:00Z
2023-07-31,P00531,0.06737,38,0.3732,335653.54,2023-08-02T07:00:00Z
2023-08-31,P00531,0.06737,39,0.3692,334478.75,2023-09-02T07:00:00Z
2023-09-30,P00531,0.06737,40,0.3652,333308.08,2023-10-02T07:00:00Z
2023-10-31,P00531,0.06737,41,0.3612,332141.5,2023-11-02T07:00:00Z
2023-11-30,P00531,0.06737,42,0.3572,330979.0,2023-12-02T07:00:00Z
2023-12-31,P00531,0.06737,43,0.3532,329820.58,2024-01-02T07:00:00Z
2024-01-31,P00531,0.06737,44,0.3492,328666.2,2024-02-02T07:00:00Z
2024-02-29,P00531,0.06737,45,0.3453,327515.87,2024-03-02T07:00:00Z
2024-03-31,P00531,0.06737,46,0.3413,326369.57,2024-04-02T07:00:00Z
2024-04-30,P00531,0.06737,47,0.3373,325227.27,2024-05-02T07:00:00Z
2024-05-31,P00531,0.06737,48,0.3333,324088.98,2024-06-02T07:00:00Z
2024-06-30,P00531,0.06737,49,0.3293,322954.67,2024-07-02T07:00:00Z
2024-07-31,P00531,0.06737,50,0.3253,321824.33,2024-08-02T07:00:00Z
2024-08-31,P00531,0.06737,51,0.3213,320697.94,2024-09-02T07:00:00Z
2024-09-30,P00531,0.06737,52,0.3173,319575.5,2024-10-02T07:00:00Z
2024-10-31,P00531,0.06737,53,0.3133,318456.98,2024-11-02T07:00:00Z
2023-07-31,P00532,0.04259,33,0.7314,619918.61,2023-08-02T07:00:00Z
2023-08-31,P00532,0.04259,34,0.7259,617748.89,2023-09-02T07:00:00Z
2023-09-30,P00532,0.04259,35,0.7205,615586.77,2023-10-02T07:00:00Z
2023-10-31,P00532,0.04259,36,0.7151,613432.22,2023-11-02T07:00:00Z
2023-11-30,P00532,0.04259,37,0.7097,611285.21,2023-12-02T07:00:00Z
2023-12-31,P00532,0.04259,38,0.7042,609145.71,2024-01-02T07:00:00Z
2024-01-31,P00532,0.04259,39,0.6988,607013.7,2024-02-02T07:00:00Z
2024-02-29,P00532,0.04259,40,0.6934,604889.15,2024-03-02T07:00:00Z
2024-03-31,P00532,0.04259,41,0.688,602772.04,2024-04-02T07:00:00Z
2024-04-30,P00532,0.04259,42,0.6825,600662.34,2024-05-02T07:00:00Z
2024-05-31,P00532,0.04259,43,0.6771,598560.02,2024-06-02T07:00:00Z
2024-06-30,P00532,0.04259,44,0.6717,596465.06,2024-07-02T07:00:00Z
2024-07-31,P00532,0.04259,45,0.6663,594377.43,2024-08-02T07:00:00Z
2024-08-31,P00532,0.04259,46,0.6608,592297.11,2024-09-02T07:00:00Z
2024-09-30,P00532,0.04259,47,0.6554,590224.07,2024-10-02T07:00:00Z
2024-10-31,P00532,0.04259,48,0.65,588158.29,2024-11-02T07:00:00Z
2024-11-30,P00532,0.04259,49,0.6446,586099.73,2024-12-02T07:00:00Z
2024-12-31,P00532,0.04259,50,0.6391,584048.38,2025-01-02T07:00:00Z
2025-01-31,P00532,0.04259,51,0.6337,582004.21,2025-02-02T07:00:00Z
2025-02-28,P00532,0.04259,52,0.6283,579967.2,2025-03-02T07:00:00Z
2025-03-31,P00532,0.04259,53,0.6229,577937.31,2025-04-02T07:00:00Z
2025-04-30,P00532,0.04259,54,0.6174,575914.53,2025-05-02T07:00:00Z
2025-05-31,P00532,0.04259,55,0.612,573898.83,2025-06-02T07:00:00Z
2025-06-30,P00532,0.04259,56,0.6066,571890.19,2025-07-02T07:00:00Z
2025-07-31,P00532,0.04259,57,0.6012,569888.57,2025-08-02T07:00:00Z
2025-08-31,P00532,0.04259,58,0.5957,567893.96,2025-09-02T07:00:00Z
2025-09-30,P00532,0.04259,59,0.5903,565906.33,2025-10-02T07:00:00Z
2025-10-31,P00532,0.04259,60,0.5849,563925.66,2025-11-02T07:00:00Z
2025-11-30,P00532,0.04259,61,0.5794,561951.92,2025-12-02T07:00:00Z
2025-12-31,P00532,0.04259,62,0.574,559985.09,2026-01-02T07:00:00Z
2023-07-31,P00533,0.05232,31,0.6936,596155.43,2023-08-02T07:00:00Z
2023-08-31,P00533,0.05232,32,0.6884,594068.89,2023-09-02T07:00:00Z
2023-09-30,P00533,0.05232,33,0.6831,591989.64,2023-10-02T07:00:00Z
2023-10-31,P00533,0.05232,34,0.6778,589917.68,2023-11-02T07:00:00Z
2023-11-30,P00533,0.05232,35,0.6725,587852.97,2023-12-02T07:00:00Z
2023-12-31,P00533,0.05232,36,0.6673,585795.48,2024-01-02T07:00:00Z
2024-01-31,P00533,0.05232,37,0.662,583745.2,2024-02-02T07:00:00Z
2024-02-29,P00533,0.05232,38,0.6567,581702.09,2024-03-02T07:00:00Z
2024-03-31,P00533,0.05232,39,0.6514,579666.13,2024-04-02T07:00:00Z
2024-04-30,P00533,0.05232,40,0.6462,577637.3,2024-05-02T07:00:00Z
2024-05-31,P00533,0.05232,41,0.6409,575615.57,2024-06-02T07:00:00Z
2024-06-30,P00533,0.05232,42,0.6356,573600.92,2024-07-02T07:00:00Z
2024-07-31,P00533,0.05232,43,0.6303,571593.31,2024-08-02T07:00:00Z
2024-08-31,P00533,0.05232,44,0.6251,569592.74,2024-09-02T07:00:00Z
2024-09-30,P00533,0.05232,45,0.6198,567599.16,2024-10-02T07:00:00Z
2024-10-31,P00533,0.05232,46,0.6145,565612.57,2024-11-02T07:00:00Z
2024-11-30,P00533,0.05232,47,0.6092,563632.92,2024-12-02T07:00:00Z
2024-12-31,P00533,0.05232,48,0.604,561660.21,2025-01-02T07:00:00Z
2025-01-31,P00533,0.05232,49,0.5987,559694.4,2025-02-02T07:00:00Z
2025-02-28,P00533,0.05232,50,0.5934,557735.47,2025-03-02T07:00:00Z
2025-03-31,P00533,0.05232,51,0.5881,555783.39,2025-04-02T07:00:00Z
2025-04-30,P00533,0.05232,52,0.5829,553838.15,2025-05-02T07:00:00Z
2025-05-31,P00533,0.05232,53,0.5776,551899.72,2025-06-02T07:00:00Z
2025-06-30,P00533,0.05232,54,0.5723,549968.07,2025-07-02T07:00:00Z
2025-07-31,P00533,0.05232,55,0.567,548043.18,2025-08-02T07:00:00Z
2025-08-31,P00533,0.05232,56,0.5618,546125.03,2025-09-02T07:00:00Z
2025-09-30,P00533,0.05232,57,0.5565,544213.59,2025-10-02T07:00:00Z
2025-10-31,P00533,0.05232,58,0.5512,542308.84,2025-11-02T07:00:00Z
2025-11-30,P00533,0.05232,59,0.5459,540410.76,2025-12-02T07:00:00Z
2025-12-31,P00533,0.05232,60,0.5407,538519.32,2026-01-02T07:00:00Z
2023-07-31,P00534,0.05806,19,0.6519,223772.46,2023-08-02T07:00:00Z
2023-08-31,P00534,0.05806,20,0.6468,222989.26,2023-09-02T07:00:00Z
2023-09-30,P00534,0.05806,21,0.6417,222208.79,2023-10-02T07:00:00Z
2023-10-31,P00534,0.05806,22,0.6366,221431.06,2023-11-02T07:00:00Z
2023-11-30,P00534,0.05806,23,0.6315,220656.05,2023-12-02T07:00:00Z
2023-12-31,P00534,0.05806,24,0.6264,219883.76,2024-01-02T07:00:00Z
2024-01-31,P00534,0.05806,25,0.6213,219114.17,2024-02-02T07:00:00Z
2024-02-29,P00534,0.05806,26,0.6161,218347.27,2024-03-02T07:00:00Z
2024-03-31,P00534,0.05806,27,0.611,217583.05,2024-04-02T07:00:00Z
2024-04-30,P00534,0.05806,28,0.6059,216821.51,2024-05-02T07:00:00Z
2024-05-31,P00534,0.05806,29,0.6008,216062.63,2024-06-02T07:00:00Z
2024-06-30,P00534,0.05806,30,0.5957,215306.41,2024-07-02T07:00:00Z
2024-07-31,P00534,0.05806,31,0.5906,214552.84,2024-08-02T07:00:00Z
2024-08-31,P00534,0.05806,32,0.5855,213801.91,2024-09-02T07:00:00Z
2024-09-30,P00534,0.05806,33,0.5804,213053.6,2024-10-02T07:00:00Z
2024-10-31,P00534,0.05806,34,0.5753,212307.91,2024-11-02T07:00:00Z
2024-11-30,P00534,0.05806,35,0.5702,211564.84,2024-12-02T07:00:00Z
2024-12-31,P00534,0.05806,36,0.5651,210824.36,2025-01-02T07:00:00Z
2025-01-31,P00534,0.05806,37,0.56,210086.47,2025-02-02T07:00:00Z
2025-02-28,P00534,0.05806,38,0.5549,209351.17,2025-03-02T07:00:00Z
2025-03-31,P00534,0.05806,39,0.5497,208618.44,2025-04-02T07:00:00Z
2025-04-30,P00534,0.05806,40,0.5446,207888.28,2025-05-02T07:00:00Z
2025-05-31,P00534,0.05806,41,0.5395,207160.67,2025-06-02T07:00:00Z
2025-06-30,P00534,0.05806,42,0.5344,206435.61,2025-07-02T07:00:00Z
2025-07-31,P00534,0.05806,43,0.5293,205713.08,2025-08-02T07:00:00Z
2025-08-31,P00534,0.05806,44,0.5242,204993.09,2025-09-02T07:00:00Z
2025-09-30,P00534,0.05806,45,0.5191,204275.61,2025-10-02T07:00:00Z
2025-10-31,P00534,0.05806,46,0.514,203560.64,2025-11-02T07:00:00Z
2025-11-30,P00534,0.05806,47,0.5089,202848.18,2025-12-02T07:00:00Z
2025-12-31,P00534,0.05806,48,0.5038,202138.21,2026-01-02T07:00:00Z
2023-07-31,P00535,0.06164,91,0.6426,355294.11,2023-08-02T07:00:00Z
2023-08-31,P00535,0.06164,92,0.6375,354050.58,2023-09-02T07:00:00Z
2023-09-30,P00535,0.06164,93,0.6325,352811.4,2023-10-02T07:00:00Z
2023-10-31,P00535,0.06164,94,0.6274,351576.56,2023-11-02T07:00:00Z
2023-11-30,P00535,0.06164,95,0.6223,350346.05,2023-12-02T07:00:00Z
2023-12-31,P00535,0.06164,96,0.6173,349119.83,2024-01-02T07:00:00Z
2024-01-31,P00535,0.06164,97,0.6122,347897.92,2024-02-02T07:00:00Z
2024-02-29,P00535,0.06164,98,0.6071,346680.27,2024-03-02T07:00:00Z
2024-03-31,P00535,0.06164,99,0.602,345466.89,2024-04-02T07:00:00Z
2024-04-30,P00535,0.06164,100,0.597,344257.76,2024-05-02T07:00:00Z
2024-05-31,P00535,0.06164,101,0.5919,343052.86,2024-06-02T07:00:00Z
2024-06-30,P00535,0.06164,102,0.5868,341852.17,2024-07-02T07:00:00Z
2024-07-31,P00535,0.06164,103,0.5818,340655.69,2024-08-02T07:00:00Z
2024-08-31,P00535,0.06164,104,0.5767,339463.39,2024-09-02T07:00:00Z
2024-09-30,P00535,0.06164,105,0.5716,338275.27,2024-10-02T07:00:00Z
2024-10-31,P00535,0.06164,106,0.5666,337091.31,2024-11-02T07:00:00Z
2024-11-30,P00535,0.06164,107,0.5615,335911.49,2024-12-02T07:00:00Z
2024-12-31,P00535,0.06164,108,0.5564,334735.8,2025-01-02T07:00:00Z
2025-01-31,P00535,0.06164,109,0.5513,333564.22,2025-02-02T07:00:00Z
2025-02-28,P00535,0.06164,110,0.5463,332396.75,2025-03-02T07:00:00Z
2025-03-31,P00535,0.06164,111,0.5412,331233.36,2025-04-02T07:00:00Z
2025-04-30,P00535,0.06164,112,0.5361,330074.04,2025-05-02T07:00:00Z
2025-05-31,P00535,0.06164,113,0.5311,328918.78,2025-06-02T07:00:00Z
2025-06-30,P00535,0.06164,114,0.526,327767.57,2025-07-02T07:00:00Z
2025-07-31,P00535,0.06164,115,0.5209,326620.38,2025-08-02T07:00:00Z
2025-08-31,P00535,0.06164,116,0.5159,325477.21,2025-09-02T07:00:00Z
2025-09-30,P00535,0.06164,117,0.5108,324338.04,2025-10-02T07:00:00Z
2025-10-31,P00535,0.06164,118,0.5057,323202.86,2025-11-02T07:00:00Z
2025-11-30,P00535,0.06164,119,0.5006,322071.65,2025-12-02T07:00:00Z
2025-12-31,P00535,0.06164,120,0.4956,320944.4,2026-01-02T07:00:00Z
2023-07-31,P00536,0.04803,30,0.5769,178237.52,2023-08-02T07:00:00Z
2023-08-31,P00536,0.04803,31,0.5721,177613.69,2023-09-02T07:00:00Z
2023-09-30,P00536,0.04803,32,0.5673,176992.04,2023-10-02T07:00:00Z
2023-10-31,P00536,0.04803,33,0.5625,176372.57,2023-11-02T07:00:00Z
2023-11-30,P00536,0.04803,34,0.5577,175755.26,2023-12-02T07:00:00Z
2023-12-31,P00536,0.04803,35,0.5529,175140.12,2024-01-02T07:00:00Z
2024-01-31,P00536,0.04803,36,0.5481,174527.13,2024-02-02T07:00:00Z
2024-02-29,P00536,0.04803,37,0.5433,173916.29,2024-03-02T07:00:00Z
2024-03-31,P00536,0.04803,38,0.5384,173307.58,2024-04-02T07:00:00Z
2024-04-30,P00536,0.04803,39,0.5336,172701.0,2024-05-02T07:00:00Z
2024-05-31,P00536,0.04803,40,0.5288,172096.55,2024-06-02T07:00:00Z
2024-06-30,P00536,0.04803,41,0.524,171494.21,2024-07-02T07:00:00Z
2024-07-31,P00536,0.04803,42,0.5192,170893.98,2024-08-02T07:00:00Z
2024-08-31,P00536,0.04803,43,0.5144,170295.85,2024-09-02T07:00:00Z
2024-09-30,P00536,0.04803,44,0.5096,169699.82,2024-10-02T07:00:00Z
2024-10-31,P00536,0.04803,45,0.5048,169105.87,2024-11-02T07:00:00Z
2024-11-30,P00536,0.04803,46,0.5,168514.0,2024-12-02T07:00:00Z
2024-12-31,P00536,0.04803,47,0.4952,167924.2,2025-01-02T07:00:00Z
2025-01-31,P00536,0.04803,48,0.4904,167336.46,2025-02-02T07:00:00Z
2025-02-28,P00536,0.04803,49,0.4856,166750.79,2025-03-02T07:00:00Z
2025-03-31,P00536,0.04803,50,0.4808,166167.16,2025-04-02T07:00:00Z
2025-04-30,P00536,0.04803,51,0.4759,165585.57,2025-05-02T07:00:00Z
2025-05-31,P00536,0.04803,52,0.4711,165006.02,2025-06-02T07:00:00Z
2025-06-30,P00536,0.04803,53,0.4663,164428.5,2025-07-02T07:00:00Z
2025-07-31,P00536,0.04803,54,0.4615,163853.0,2025-08-02T07:00:00Z
2025-08-31,P00536,0.04803,55,0.4567,163279.52,2025-09-02T07:00:00Z
2025-09-30,P00536,0.04803,56,0.4519,162708.04,2025-10-02T07:00:00Z
2025-10-31,P00536,0.04803,57,0.4471,162138.56,2025-11-02T07:00:00Z
2025-11-30,P00536,0.04803,58,0.4423,161571.08,2025-12-02T07:00:00Z
2025-12-31,P00536,0.04803,59,0.4375,161005.58,2026-01-02T07:00:00Z
2023-07-31,P00537,0.07489,68,0.4887,91701.03,2023-08-02T07:00:00Z
2023-08-31,P00537,0.07489,69,0.4842,91380.08,2023-09-02T07:00:00Z
2023-09-30,P00537,0.07489,70,0.4798,91060.25,2023-10-02T07:00:00Z
2023-10-31,P00537,0.07489,71,0.4753,90741.54,2023-11-02T07:00:00Z
2023-11-30,P00537,0.07489,72,0.4708,90423.94,2023-12-02T07:00:00Z
2023-12-31,P00537,0.07489,73,0.4664,90107.46,2024-01-02T07:00:00Z
2024-01-31,P00537,0.07489,74,0.4619,89792.08,2024-02-02T07:00:00Z
2024-02-29,P00537,0.07489,75,0.4575,89477.81,2024-03-02T07:00:00Z
2024-03-31,P00537,0.07489,76,0.453,89164.64,2024-04-02T07:00:00Z
2024-04-30,P00537,0.07489,77,0.4486,88852.56,2024-05-02T07:00:00Z
2024-05-31,P00537,0.07489,78,0.4441,88541.58,2024-06-02T07:00:00Z
2024-06-30,P00537,0.07489,79,0.4397,88231.68,2024-07-02T07:00:00Z
2024-07-31,P00537,0.07489,80,0.4352,87922.87,2024-08-02T07:00:00Z
2023-07-31,P00538,0.05812,104,0.7677,464280.44,2023-08-02T07:00:00Z
2023-08-31,P00538,0.05812,105,0.7622,462655.46,2023-09-02T07:00:00Z
2023-09-30,P00538,0.05812,106,0.7566,461036.16,2023-10-02T07:00:00Z
2023-10-31,P00538,0.05812,107,0.751,459422.54,2023-11-02T07:00:00Z
2023-11-30,P00538,0.05812,108,0.7455,457814.56,2023-12-02T07:00:00Z
2023-12-31,P00538,0.05812,109,0.7399,456212.21,2024-01-02T07:00:00Z
2024-01-31,P00538,0.05812,110,0.7343,454615.47,2024-02-02T07:00:00Z
2024-02-29,P00538,0.05812,111,0.7287,453024.31,2024-03-02T07:00:00Z
2024-03-31,P00538,0.05812,112,0.7232,451438.73,2024-04-02T07:00:00Z
2024-04-30,P00538,0.05812,113,0.7176,449858.69,2024-05-02T07:00:00Z
2024-05-31,P00538,0.05812,114,0.712,448284.19,2024-06-02T07:00:00Z
2024-06-30,P00538,0.05812,115,0.7065,446715.19,2024-07-02T07:00:00Z
2024-07-31,P00538,0.05812,116,0.7009,445151.69,2024-08-02T07:00:00Z
2024-08-31,P00538,0.05812,117,0.6953,443593.66,2024-09-02T07:00:00Z
2024-09-30,P00538,0.05812,118,0.6897,442041.08,2024-10-02T07:00:00Z
2024-10-31,P00538,0.05812,119,0.6842,440493.93,2024-11-02T07:00:00Z
2024-11-30,P00538,0.05812,120,0.6786,438952.21,2024-12-02T07:00:00Z
2024-12-31,P00538,0.05812,121,0.673,437415.87,2025-01-02T07:00:00Z
2025-01-31,P00538,0.05812,122,0.6675,435884.92,2025-02-02T07:00:00Z
2025-02-28,P00538,0.05812,123,0.6619,434359.32,2025-03-02T07:00:00Z
2025-03-31,P00538,0.05812,124,0.6563,432839.06,2025-04-02T07:00:00Z
2025-04-30,P00538,0.05812,125,0.6507,431324.13,2025-05-02T07:00:00Z
2025-05-31,P00538,0.05812,126,0.6452,429814.49,2025-06-02T07:00:00Z
2025-06-30,P00538,0.05812,127,0.6396,428310.14,2025-07-02T07:00:00Z
2025-07-31,P00538,0.05812,128,0.634,426811.06,2025-08-02T07:00:00Z
2025-08-31,P00538,0.05812,129,0.6285,425317.22,2025-09-02T07:00:00Z
2025-09-30,P00538,0.05812,130,0.6229,423828.61,2025-10-02T07:00:00Z
2025-10-31,P00538,0.05812,131,0.6173,422345.21,2025-11-02T07:00:00Z
2025-11-30,P00538,0.05812,132,0.6118,420867.0,2025-12-02T07:00:00Z
2025-12-31,P00538,0.05812,133,0.6062,419393.96,2026-01-02T07:00:00Z
2023-07-31,P00539,0.0454,46,0.6932,644061.35,2023-08-02T07:00:00Z
2023-08-31,P00539,0.0454,47,0.6879,641807.14,2023-09-02T07:00:00Z
2023-09-30,P00539,0.0454,48,0.6826,639560.81,2023-10-02T07:00:00Z
2023-10-31,P00539,0.0454,49,0.6773,637322.35,2023-11-02T07:00:00Z
2023-11-30,P00539,0.0454,50,0.6721,635091.72,2023-12-02T07:00:00Z
2023-12-31,P00539,0.0454,51,0.6668,632868.9,2024-01-02T07:00:00Z
2024-01-31,P00539,0.0454,52,0.6615,630653.86,2024-02-02T07:00:00Z
2024-02-29,P00539,0.0454,53,0.6562,628446.57,2024-03-02T07:00:00Z
2024-03-31,P00539,0.0454,54,0.651,626247.01,2024-04-02T07:00:00Z
2024-04-30,P00539,0.0454,55,0.6457,624055.14,2024-05-02T07:00:00Z
2024-05-31,P00539,0.0454,56,0.6404,621870.95,2024-06-02T07:00:00Z
2024-06-30,P00539,0.0454,57,0.6352,619694.4,2024-07-02T07:00:00Z
2024-07-31,P00539,0.0454,58,0.6299,617525.47,2024-08-02T07:00:00Z
2024-08-31,P00539,0.0454,59,0.6246,615364.13,2024-09-02T07:00:00Z
2024-09-30,P00539,0.0454,60,0.6193,613210.36,2024-10-02T07:00:00Z
2024-10-31,P00539,0.0454,61,0.6141,611064.12,2024-11-02T07:00:00Z
2024-11-30,P00539,0.0454,62,0.6088,608925.4,2024-12-02T07:00:00Z
2024-12-31,P00539,0.0454,63,0.6035,606794.16,2025-01-02T07:00:00Z
2023-07-31,P00540,0.03941,45,0.8734,698907.91,2023-08-02T07:00:00Z
2023-08-31,P00540,0.03941,46,0.8674,696461.73,2023-09-02T07:00:00Z
2023-09-30,P00540,0.03941,47,0.8614,694024.12,2023-10-02T07:00:00Z
2023-10-31,P00540,0.03941,48,0.8554,691595.03,2023-11-02T07:00:00Z
2023-11-30,P00540,0.03941,49,0.8494,689174.45,2023-12-02T07:00:00Z
2023-12-31,P00540,0.03941,50,0.8434,686762.34,2024-01-02T07:00:00Z
2024-01-31,P00540,0.03941,51,0.8375,684358.67,2024-02-02T07:00:00Z
2024-02-29,P00540,0.03941,52,0.8315,681963.42,2024-03-02T07:00:00Z
2024-03-31,P00540,0.03941,53,0.8255,679576.54,2024-04-02T07:00:00Z
2024-04-30,P00540,0.03941,54,0.8195,677198.03,2024-05-02T07:00:00Z
2024-05-31,P00540,0.03941,55,0.8135,674827.83,2024-06-02T07:00:00Z
2024-06-30,P00540,0.03941,56,0.8075,672465.93,2024-07-02T07:00:00Z
2024-07-31,P00540,0.03941,57,0.8015,670112.3,2024-08-02T07:00:00Z
2024-08-31,P00540,0.03941,58,0.7955,667766.91,2024-09-02T07:00:00Z
2024-09-30,P00540,0.03941,59,0.7895,665429.73,2024-10-02T07:00:00Z
2024-10-31,P00540,0.03941,60,0.7835,663100.72,2024-11-02T07:00:00Z
2024-11-30,P00540,0.03941,61,0.7775,660779.87,2024-12-02T07:00:00Z
2024-12-31,P00540,0.03941,62,0.7715,658467.14,2025-01-02T07:00:00Z
2025-01-31,P00540,0.03941,63,0.7655,656162.51,2025-02-02T07:00:00Z
2025-02-28,P00540,0.03941,64,0.7595,653865.94,2025-03-02T07:00:00Z
2025-03-31,P00540,0.03941,65,0.7535,651577.41,2025-04-02T07:00:00Z
2025-04-30,P00540,0.03941,66,0.7475,649296.89,2025-05-02T07:00:00Z
2025-05-31,P00540,0.03941,67,0.7416,647024.35,2025-06-02T07:00:00Z
2025-06-30,P00540,0.03941,68,0.7356,644759.76,2025-07-02T07:00:00Z
2025-07-31,P00540,0.03941,69,0.7296,642503.1,2025-08-02T07:00:00Z
2025-08-31,P00540,0.03941,70,0.7236,640254.34,2025-09-02T07:00:00Z
2025-09-30,P00540,0.03941,71,0.7176,638013.45,2025-10-02T07:00:00Z
2025-10-31,P00540,0.03941,72,0.7116,635780.4,2025-11-02T07:00:00Z
2025-11-30,P00540,0.03941,73,0.7056,633555.17,2025-12-02T07:00:00Z
2025-12-31,P00540,0.03941,74,0.6996,631337.73,2026-01-02T07:00:00Z
2023-07-31,P00541,0.05952,68,0.7585,207009.62,2023-08-02T07:00:00Z
2023-08-31,P00541,0.05952,69,0.753,206285.09,2023-09-02T07:00:00Z
2023-09-30,P00541,0.05952,70,0.7474,205563.09,2023-10-02T07:00:00Z
2023-10-31,P00541,0.05952,71,0.7419,204843.62,2023-11-02T07:00:00Z
2023-11-30,P00541,0.05952,72,0.7364,204126.67,2023-12-02T07:00:00Z
2023-12-31,P00541,0.05952,73,0.7308,203412.22,2024-01-02T07:00:00Z
2024-01-31,P00541,0.05952,74,0.7253,202700.28,2024-02-02T07:00:00Z
2024-02-29,P00541,0.05952,75,0.7198,201990.83,2024-03-02T07:00:00Z
2024-03-31,P00541,0.05952,76,0.7142,201283.86,2024-04-02T07:00:00Z
2024-04-30,P00541,0.05952,77,0.7087,200579.37,2024-05-02T07:00:00Z
2024-05-31,P00541,0.05952,78,0.7032,199877.34,2024-06-02T07:00:00Z
2024-06-30,P00541,0.05952,79,0.6976,199177.77,2024-07-02T07:00:00Z
2024-07-31,P00541,0.05952,80,0.6921,198480.65,2024-08-02T07:00:00Z
2024-08-31,P00541,0.05952,81,0.6866,197785.96,2024-09-02T07:00:00Z
2024-09-30,P00541,0.05952,82,0.681,197093.71,2024-10-02T07:00:00Z
2024-10-31,P00541,0.05952,83,0.6755,196403.88,2024-11-02T07:00:00Z
2024-11-30,P00541,0.05952,84,0.67,195716.47,2024-12-02T07:00:00Z
2024-12-31,P00541,0.05952,85,0.6644,195031.46,2025-01-02T07:00:00Z
2025-01-31,P00541,0.05952,86,0.6589,194348.85,2025-02-02T07:00:00Z
2025-02-28,P00541,0.05952,87,0.6534,193668.63,2025-03-02T07:00:00Z
2025-03-31,P00541,0.05952,88,0.6478,192990.79,2025-04-02T07:00:00Z
2025-04-30,P00541,0.05952,89,0.6423,192315.32,2025-05-02T07:00:00Z
2025-05-31,P00541,0.05952,90,0.6367,191642.22,2025-06-02T07:00:00Z
2025-06-30,P00541,0.05952,91,0.6312,190971.47,2025-07-02T07:00:00Z
2025-07-31,P00541,0.05952,92,0.6257,190303.07,2025-08-02T07:00:00Z
2025-08-31,P00541,0.05952,93,0.6201,189637.01,2025-09-02T07:00:00Z
2025-09-30,P00541,0.05952,94,0.6146,188973.28,2025-10-02T07:00:00Z
2025-10-31,P00541,0.05952,95,0.6091,188311.88,2025-11-02T07:00:00Z
2025-11-30,P00541,0.05952,96,0.6035,187652.78,2025-12-02T07:00:00Z
2025-12-31,P00541,0.05952,97,0.598,186996.0,2026-01-02T07:00:00Z
2023-07-31,P00542,0.05817,13,0.9115,184352.22,2023-08-02T07:00:00Z
2023-08-31,P00542,0.05817,14,0.9054,183706.99,2023-09-02T07:00:00Z
2023-09-30,P00542,0.05817,15,0.8992,183064.01,2023-10-02T07:00:00Z
2023-10-31,P00542,0.05817,16,0.8931,182423.29,2023-11-02T07:00:00Z
2023-11-30,P00542,0.05817,17,0.887,181784.81,2023-12-02T07:00:00Z
2023-12-31,P00542,0.05817,18,0.8808,181148.56,2024-01-02T07:00:00Z
2024-01-31,P00542,0.05817,19,0.8747,180514.54,2024-02-02T07:00:00Z
2024-02-29,P00542,0.05817,20,0.8685,179882.74,2024-03-02T07:00:00Z
2024-03-31,P00542,0.05817,21,0.8624,179253.15,2024-04-02T07:00:00Z
2024-04-30,P00542,0.05817,22,0.8562,178625.76,2024-05-02T07:00:00Z
2024-05-31,P00542,0.05817,23,0.8501,178000.57,2024-06-02T07:00:00Z
2024-06-30,P00542,0.05817,24,0.8439,177377.57,2024-07-02T07:00:00Z
2024-07-31,P00542,0.05817,25,0.8378,176756.75,2024-08-02T07:00:00Z
2024-08-31,P00542,0.05817,26,0.8316,176138.1,2024-09-02T07:00:00Z
2024-09-30,P00542,0.05817,27,0.8255,175521.62,2024-10-02T07:00:00Z
2024-10-31,P00542,0.05817,28,0.8193,174907.29,2024-11-02T07:00:00Z
2024-11-30,P00542,0.05817,29,0.8132,174295.12,2024-12-02T07:00:00Z
2024-12-31,P00542,0.05817,30,0.8071,173685.08,2025-01-02T07:00:00Z
2025-01-31,P00542,0.05817,31,0.8009,173077.19,2025-02-02T07:00:00Z
2025-02-28,P00542,0.05817,32,0.7948,172471.42,2025-03-02T07:00:00Z
2025-03-31,P00542,0.05817,33,0.7886,171867.77,2025-04-02T07:00:00Z
2025-04-30,P00542,0.05817,34,0.7825,171266.23,2025-05-02T07:00:00Z
2025-05-31,P00542,0.05817,35,0.7763,170666.8,2025-06-02T07:00:00Z
2023-07-31,P00543,0.04936,108,0.5389,338896.75,2023-08-02T07:00:00Z
2023-08-31,P00543,0.04936,109,0.5342,337710.61,2023-09-02T07:00:00Z
2023-09-30,P00543,0.04936,110,0.5295,336528.62,2023-10-02T07:00:00Z
2023-10-31,P00543,0.04936,111,0.5249,335350.77,2023-11-02T07:00:00Z
2023-11-30,P00543,0.04936,112,0.5202,334177.05,2023-12-02T07:00:00Z
2023-12-31,P00543,0.04936,113,0.5156,333007.43,2024-01-02T07:00:00Z
2024-01-31,P00543,0.04936,114,0.5109,331841.9,2024-02-02T07:00:00Z
2024-02-29,P00543,0.04936,115,0.5063,330680.45,2024-03-02T07:00:00Z
2024-03-31,P00543,0.04936,116,0.5016,329523.07,2024-04-02T07:00:00Z
2024-04-30,P00543,0.04936,117,0.497,328369.74,2024-05-02T07:00:00Z
2024-05-31,P00543,0.04936,118,0.4923,327220.45,2024-06-02T07:00:00Z
2024-06-30,P00543,0.04936,119,0.4876,326075.18,2024-07-02T07:00:00Z
2024-07-31,P00543,0.04936,120,0.483,324933.91,2024-08-02T07:00:00Z
2024-08-31,P00543,0.04936,121,0.4783,323796.64,2024-09-02T07:00:00Z
2024-09-30,P00543,0.04936,122,0.4737,322663.36,2024-10-02T07:00:00Z
2024-10-31,P00543,0.04936,123,0.469,321534.03,2024-11-02T07:00:00Z
2024-11-30,P00543,0.04936,124,0.4644,320408.67,2024-12-02T07:00:00Z
2024-12-31,P00543,0.04936,125,0.4597,319287.23,2025-01-02T07:00:00Z
2025-01-31,P00543,0.04936,126,0.4551,318169.73,2025-02-02T07:00:00Z
2023-07-31,P00544,0.0724,84,0.5979,111638.57,2023-08-02T07:00:00Z
2023-08-31,P00544,0.0724,85,0.5931,111247.84,2023-09-02T07:00:00Z
2023-09-30,P00544,0.0724,86,0.5882,110858.47,2023-10-02T07:00:00Z
2023-10-31,P00544,0.0724,87,0.5833,110470.46,2023-11-02T07:00:00Z
2023-11-30,P00544,0.0724,88,0.5784,110083.82,2023-12-02T07:00:00Z
2023-12-31,P00544,0.0724,89,0.5735,109698.52,2024-01-02T07:00:00Z
2024-01-31,P00544,0.0724,90,0.5686,109314.58,2024-02-02T07:00:00Z
2024-02-29,P00544,0.0724,91,0.5637,108931.98,2024-03-02T07:00:00Z
2024-03-31,P00544,0.0724,92,0.5588,108550.72,2024-04-02T07:00:00Z
2024-04-30,P00544,0.0724,93,0.5539,108170.79,2024-05-02T07:00:00Z
2024-05-31,P00544,0.0724,94,0.549,107792.19,2024-06-02T07:00:00Z
2024-06-30,P00544,0.0724,95,0.5441,107414.92,2024-07-02T07:00:00Z
2024-07-31,P00544,0.0724,96,0.5392,107038.97,2024-08-02T07:00:00Z
2024-08-31,P00544,0.0724,97,0.5344,106664.33,2024-09-02T07:00:00Z
2024-09-30,P00544,0.0724,98,0.5295,106291.0,2024-10-02T07:00:00Z
2024-10-31,P00544,0.0724,99,0.5246,105918.99,2024-11-02T07:00:00Z
2024-11-30,P00544,0.0724,100,0.5197,105548.27,2024-12-02T07:00:00Z
2024-12-31,P00544,0.0724,101,0.5148,105178.85,2025-01-02T07:00:00Z
2025-01-31,P00544,0.0724,102,0.5099,104810.72,2025-02-02T07:00:00Z
2025-02-28,P00544,0.0724,103,0.505,104443.89,2025-03-02T07:00:00Z
2025-03-31,P00544,0.0724,104,0.5001,104078.33,2025-04-02T07:00:00Z
2025-04-30,P00544,0.0724,105,0.4952,103714.06,2025-05-02T07:00:00Z
2025-05-31,P00544,0.0724,106,0.4903,103351.06,2025-06-02T07:00:00Z
2025-06-30,P00544,0.0724,107,0.4854,102989.33,2025-07-02T07:00:00Z
2025-07-31,P00544,0.0724,108,0.4805,102628.87,2025-08-02T07:00:00Z
2025-08-31,P00544,0.0724,109,0.4757,102269.67,2025-09-02T07:00:00Z
2025-09-30,P00544,0.0724,110,0.4708,101911.72,2025-10-02T07:00:00Z
2025-10-31,P00544,0.0724,111,0.4659,101555.03,2025-11-02T07:00:00Z
2025-11-30,P00544,0.0724,112,0.461,101199.59,2025-12-02T07:00:00Z
2025-12-31,P00544,0.0724,113,0.4561,100845.39,2026-01-02T07:00:00Z
2023-07-31,P00545,0.0606,50,0.97,170756.37,2023-08-02T07:00:00Z
2023-08-31,P00545,0.0606,51,0.9636,170158.72,2023-09-02T07:00:00Z
2023-09-30,P00545,0.0606,52,0.9572,169563.17,2023-10-02T07:00:00Z
2023-10-31,P00545,0.0606,53,0.9509,168969.7,2023-11-02T07:00:00Z
2023-11-30,P00545,0.0606,54,0.9445,168378.3,2023-12-02T07:00:00Z
2023-12-31,P00545,0.0606,55,0.9381,167788.98,2024-01-02T07:00:00Z
2024-01-31,P00545,0.0606,56,0.9317,167201.72,2024-02-02T07:00:00Z
2024-02-29,P00545,0.0606,57,0.9253,166616.51,2024-03-02T07:00:00Z
2024-03-31,P00545,0.0606,58,0.919,166033.35,2024-04-02T07:00:00Z
2024-04-30,P00545,0.0606,59,0.9126,165452.24,2024-05-02T07:00:00Z
2024-05-31,P00545,0.0606,60,0.9062,164873.15,2024-06-02T07:00:00Z
2024-06-30,P00545,0.0606,61,0.8998,164296.1,2024-07-02T07:00:00Z
2024-07-31,P00545,0.0606,62,0.8934,163721.06,2024-08-02T07:00:00Z
2024-08-31,P00545,0.0606,63,0.8871,163148.04,2024-09-02T07:00:00Z
2024-09-30,P00545,0.0606,64,0.8807,162577.02,2024-10-02T07:00:00Z
2023-07-31,P00546,0.06194,94,0.5988,642261.47,2023-08-02T07:00:00Z
2023-08-31,P00546,0.06194,95,0.5939,640013.55,2023-09-02T07:00:00Z
2023-09-30,P00546,0.06194,96,0.589,637773.51,2023-10-02T07:00:00Z
2023-10-31,P00546,0.06194,97,0.5841,635541.3,2023-11-02T07:00:00Z
2023-11-30,P00546,0.06194,98,0.5793,633316.91,2023-12-02T07:00:00Z
2023-07-31,P00547,0.05783,117,0.7638,177945.39,2023-08-02T07:00:00Z
2023-08-31,P00547,0.05783,118,0.7582,177322.58,2023-09-02T07:00:00Z
2023-09-30,P00547,0.05783,119,0.7527,176701.95,2023-10-02T07:00:00Z
2023-10-31,P00547,0.05783,120,0.7471,176083.5,2023-11-02T07:00:00Z
2023-11-30,P00547,0.05783,121,0.7416,175467.2,2023-12-02T07:00:00Z
2023-12-31,P00547,0.05783,122,0.736,174853.07,2024-01-02T07:00:00Z
2024-01-31,P00547,0.05783,123,0.7305,174241.08,2024-02-02T07:00:00Z
2024-02-29,P00547,0.05783,124,0.7249,173631.24,2024-03-02T07:00:00Z
2024-03-31,P00547,0.05783,125,0.7193,173023.53,2024-04-02T07:00:00Z
2024-04-30,P00547,0.05783,126,0.7138,172417.95,2024-05-02T07:00:00Z
2024-05-31,P00547,0.05783,127,0.7082,171814.48,2024-06-02T07:00:00Z
2024-06-30,P00547,0.05783,128,0.7027,171213.13,2024-07-02T07:00:00Z
2024-07-31,P00547,0.05783,129,0.6971,170613.89,2024-08-02T07:00:00Z
2024-08-31,P00547,0.05783,130,0.6916,170016.74,2024-09-02T07:00:00Z
2024-09-30,P00547,0.05783,131,0.686,169421.68,2024-10-02T07:00:00Z
2024-10-31,P00547,0.05783,132,0.6805,168828.7,2024-11-02T07:00:00Z
2024-11-30,P00547,0.05783,133,0.6749,168237.8,2024-12-02T07:00:00Z
2024-12-31,P00547,0.05783,134,0.6694,167648.97,2025-01-02T07:00:00Z
2025-01-31,P00547,0.05783,135,0.6638,167062.2,2025-02-02T07:00:00Z
2025-02-28,P00547,0.05783,136,0.6582,166477.48,2025-03-02T07:00:00Z
2025-03-31,P00547,0.05783,137,0.6527,165894.81,2025-04-02T07:00:00Z
2025-04-30,P00547,0.05783,138,0.6471,165314.18,2025-05-02T07:00:00Z
2025-05-31,P00547,0.05783,139,0.6416,164735.58,2025-06-02T07:00:00Z
2025-06-30,P00547,0.05783,140,0.636,164159.01,2025-07-02T07:00:00Z
2025-07-31,P00547,0.05783,141,0.6305,163584.45,2025-08-02T07:00:00Z
2025-08-31,P00547,0.05783,142,0.6249,163011.9,2025-09-02T07:00:00Z
2025-09-30,P00547,0.05783,143,0.6194,162441.36,2025-10-02T07:00:00Z
2025-10-31,P00547,0.05783,144,0.6138,161872.82,2025-11-02T07:00:00Z
2025-11-30,P00547,0.05783,145,0.6082,161306.26,2025-12-02T07:00:00Z
2025-12-31,P00547,0.05783,146,0.6027,160741.69,2026-01-02T07:00:00Z
2023-07-31,P00548,0.08103,3,0.8878,554060.44,2023-08-02T07:00:00Z
2023-08-31,P00548,0.08103,4,0.8817,552121.23,2023-09-02T07:00:00Z
2023-09-30,P00548,0.08103,5,0.8757,550188.8,2023-10-02T07:00:00Z
2023-10-31,P00548,0.08103,6,0.8696,548263.14,2023-11-02T07:00:00Z
2023-11-30,P00548,0.08103,7,0.8635,546344.22,2023-12-02T07:00:00Z
2023-12-31,P00548,0.08103,8,0.8575,544432.02,2024-01-02T07:00:00Z
2024-01-31,P00548,0.08103,9,0.8514,542526.51,2024-02-02T07:00:00Z
2024-02-29,P00548,0.08103,10,0.8454,540627.66,2024-03-02T07:00:00Z
2024-03-31,P00548,0.08103,11,0.8393,538735.47,2024-04-02T07:00:00Z
2024-04-30,P00548,0.08103,12,0.8333,536849.89,2024-05-02T07:00:00Z
2024-05-31,P00548,0.08103,13,0.8272,534970.92,2024-06-02T07:00:00Z
2024-06-30,P00548,0.08103,14,0.8212,533098.52,2024-07-02T07:00:00Z
2024-07-31,P00548,0.08103,15,0.8151,531232.67,2024-08-02T07:00:00Z
2024-08-31,P00548,0.08103,16,0.8091,529373.36,2024-09-02T07:00:00Z
2024-09-30,P00548,0.08103,17,0.803,527520.55,2024-10-02T07:00:00Z
2024-10-31,P00548,0.08103,18,0.797,525674.23,2024-11-02T07:00:00Z
2024-11-30,P00548,0.08103,19,0.7909,523834.37,2024-12-02T07:00:00Z
2024-12-31,P00548,0.08103,20,0.7849,522000.95,2025-01-02T07:00:00Z
2025-01-31,P00548,0.08103,21,0.7788,520173.95,2025-02-02T07:00:00Z
2025-02-28,P00548,0.08103,22,0.7728,518353.34,2025-03-02T07:00:00Z
2025-03-31,P00548,0.08103,23,0.7667,516539.1,2025-04-02T07:00:00Z
2025-04-30,P00548,0.08103,24,0.7607,514731.22,2025-05-02T07:00:00Z
2025-05-31,P00548,0.08103,25,0.7546,512929.66,2025-06-02T07:00:00Z
2025-06-30,P00548,0.08103,26,0.7486,511134.4,2025-07-02T07:00:00Z
2025-07-31,P00548,0.08103,27,0.7425,509345.43,2025-08-02T07:00:00Z
2025-08-31,P00548,0.08103,28,0.7365,507562.72,2025-09-02T07:00:00Z
2025-09-30,P00548,0.08103,29,0.7304,505786.25,2025-10-02T07:00:00Z
2025-10-31,P00548,0.08103,30,0.7244,504016.0,2025-11-02T07:00:00Z
2025-11-30,P00548,0.08103,31,0.7183,502251.95,2025-12-02T07:00:00Z
2025-12-31,P00548,0.08103,32,0.7123,500494.06,2026-01-02T07:00:00Z
2023-07-31,P00549,0.05399,60,0.6656,586395.51,2023-08-02T07:00:00Z
2023-08-31,P00549,0.05399,61,0.6604,584343.13,2023-09-02T07:00:00Z
2023-09-30,P00549,0.05399,62,0.6552,582297.92,2023-10-02T07:00:00Z
2023-10-31,P00549,0.05399,63,0.6501,580259.88,2023-11-02T07:00:00Z
2023-11-30,P00549,0.05399,64,0.6449,578228.97,2023-12-02T07:00:00Z
2023-12-31,P00549,0.05399,65,0.6398,576205.17,2024-01-02T07:00:00Z
2024-01-31,P00549,0.05399,66,0.6346,574188.45,2024-02-02T07:00:00Z
2024-02-29,P00549,0.05399,67,0.6294,572178.79,2024-03-02T07:00:00Z
2024-03-31,P00549,0.05399,68,0.6243,570176.17,2024-04-02T07:00:00Z
2024-04-30,P00549,0.05399,69,0.6191,568180.55,2024-05-02T07:00:00Z
2024-05-31,P00549,0.05399,70,0.6139,566191.92,2024-06-02T07:00:00Z
2024-06-30,P00549,0.05399,71,0.6088,564210.25,2024-07-02T07:00:00Z
2024-07-31,P00549,0.05399,72,0.6036,562235.51,2024-08-02T07:00:00Z
2024-08-31,P00549,0.05399,73,0.5985,560267.69,2024-09-02T07:00:00Z
2024-09-30,P00549,0.05399,74,0.5933,558306.75,2024-10-02T07:00:00Z
2024-10-31,P00549,0.05399,75,0.5881,556352.68,2024-11-02T07:00:00Z
2024-11-30,P00549,0.05399,76,0.583,554405.44,2024-12-02T07:00:00Z
2024-12-31,P00549,0.05399,77,0.5778,552465.02,2025-01-02T07:00:00Z
2025-01-31,P00549,0.05399,78,0.5726,550531.4,2025-02-02T07:00:00Z
2025-02-28,P00549,0.05399,79,0.5675,548604.54,2025-03-02T07:00:00Z
2025-03-31,P00549,0.05399,80,0.5623,546684.42,2025-04-02T07:00:00Z
2025-04-30,P00549,0.05399,81,0.5572,544771.02,2025-05-02T07:00:00Z
2025-05-31,P00549,0.05399,82,0.552,542864.33,2025-06-02T07:00:00Z
2025-06-30,P00549,0.05399,83,0.5468,540964.3,2025-07-02T07:00:00Z
2025-07-31,P00549,0.05399,84,0.5417,539070.93,2025-08-02T07:00:00Z
2025-08-31,P00549,0.05399,85,0.5365,537184.18,2025-09-02T07:00:00Z
2025-09-30,P00549,0.05399,86,0.5313,535304.03,2025-10-02T07:00:00Z
2025-10-31,P00549,0.05399,87,0.5262,533430.47,2025-11-02T07:00:00Z
2025-11-30,P00549,0.05399,88,0.521,531563.46,2025-12-02T07:00:00Z
2025-12-31,P00549,0.05399,89,0.5159,529702.99,2026-01-02T07:00:00Z
2023-07-31,P00550,0.05827,37,0.7819,520803.69,2023-08-02T07:00:00Z
2023-08-31,P00550,0.05827,38,0.7763,518980.88,2023-09-02T07:00:00Z
2023-09-30,P00550,0.05827,39,0.7707,517164.44,2023-10-02T07:00:00Z
2023-10-31,P00550,0.05827,40,0.765,515354.37,2023-11-02T07:00:00Z
2023-11-30,P00550,0.05827,41,0.7594,513550.63,2023-12-02T07:00:00Z
2023-12-31,P00550,0.05827,42,0.7538,511753.2,2024-01-02T07:00:00Z
2024-01-31,P00550,0.05827,43,0.7481,509962.06,2024-02-02T07:00:00Z
2024-02-29,P00550,0.05827,44,0.7425,508177.2,2024-03-02T07:00:00Z
2024-03-31,P00550,0.05827,45,0.7369,506398.58,2024-04-02T07:00:00Z
2024-04-30,P00550,0.05827,46,0.7313,504626.18,2024-05-02T07:00:00Z
2024-05-31,P00550,0.05827,47,0.7256,502859.99,2024-06-02T07:00:00Z
2024-06-30,P00550,0.05827,48,0.72,501099.98,2024-07-02T07:00:00Z
2024-07-31,P00550,0.05827,49,0.7144,499346.13,2024-08-02T07:00:00Z
2024-08-31,P00550,0.05827,50,0.7087,497598.42,2024-09-02T07:00:00Z
2024-09-30,P00550,0.05827,51,0.7031,495856.82,2024-10-02T07:00:00Z
2024-10-31,P00550,0.05827,52,0.6975,494121.33,2024-11-02T07:00:00Z
2024-11-30,P00550,0.05827,53,0.6919,492391.9,2024-12-02T07:00:00Z
2024-12-31,P00550,0.05827,54,0.6862,490668.53,2025-01-02T07:00:00Z
2025-01-31,P00550,0.05827,55,0.6806,488951.19,2025-02-02T07:00:00Z
2025-02-28,P00550,0.05827,56,0.675,487239.86,2025-03-02T07:00:00Z
2025-03-31,P00550,0.05827,57,0.6694,485534.52,2025-04-02T07:00:00Z
2025-04-30,P00550,0.05827,58,0.6637,483835.15,2025-05-02T07:00:00Z
2025-05-31,P00550,0.05827,59,0.6581,482141.73,2025-06-02T07:00:00Z
2025-06-30,P00550,0.05827,60,0.6525,480454.23,2025-07-02T07:00:00Z
2025-07-31,P00550,0.05827,61,0.6468,478772.64,2025-08-02T07:00:00Z
2025-08-31,P00550,0.05827,62,0.6412,477096.94,2025-09-02T07:00:00Z
2025-09-30,P00550,0.05827,63,0.6356,475427.1,2025-10-02T07:00:00Z
2025-10-31,P00550,0.05827,64,0.63,473763.1,2025-11-02T07:00:00Z
2025-11-30,P00550,0.05827,65,0.6243,472104.93,2025-12-02T07:00:00Z
2025-12-31,P00550,0.05827,66,0.6187,470452.56,2026-01-02T07:00:00Z
2023-07-31,P00551,0.05032,37,0.777,305254.04,2023-08-02T07:00:00Z
2023-08-31,P00551,0.05032,38,0.7714,304185.65,2023-09-02T07:00:00Z
2023-09-30,P00551,0.05032,39,0.7658,303121.0,2023-10-02T07:00:00Z
2023-10-31,P00551,0.05032,40,0.7602,302060.08,2023-11-02T07:00:00Z
2023-11-30,P00551,0.05032,41,0.7546,301002.87,2023-12-02T07:00:00Z
2023-12-31,P00551,0.05032,42,0.749,299949.36,2024-01-02T07:00:00Z
2024-01-31,P00551,0.05032,43,0.7433,298899.53,2024-02-02T07:00:00Z
2024-02-29,P00551,0.05032,44,0.7377,297853.39,2024-03-02T07:00:00Z
2024-03-31,P00551,0.05032,45,0.7321,296810.9,2024-04-02T07:00:00Z
2024-04-30,P00551,0.05032,46,0.7265,295772.06,2024-05-02T07:00:00Z
2024-05-31,P00551,0.05032,47,0.7209,294736.86,2024-06-02T07:00:00Z
2024-06-30,P00551,0.05032,48,0.7153,293705.28,2024-07-02T07:00:00Z
2024-07-31,P00551,0.05032,49,0.7097,292677.31,2024-08-02T07:00:00Z
2024-08-31,P00551,0.05032,50,0.7041,291652.94,2024-09-02T07:00:00Z
2024-09-30,P00551,0.05032,51,0.6985,290632.16,2024-10-02T07:00:00Z
2024-10-31,P00551,0.05032,52,0.6929,289614.94,2024-11-02T07:00:00Z
2024-11-30,P00551,0.05032,53,0.6873,288601.29,2024-12-02T07:00:00Z
2024-12-31,P00551,0.05032,54,0.6817,287591.19,2025-01-02T07:00:00Z
2025-01-31,P00551,0.05032,55,0.6761,286584.62,2025-02-02T07:00:00Z
2025-02-28,P00551,0.05032,56,0.6704,285581.57,2025-03-02T07:00:00Z
2025-03-31,P00551,0.05032,57,0.6648,284582.04,2025-04-02T07:00:00Z
2025-04-30,P00551,0.05032,58,0.6592,283586.0,2025-05-02T07:00:00Z
2025-05-31,P00551,0.05032,59,0.6536,282593.45,2025-06-02T07:00:00Z
2025-06-30,P00551,0.05032,60,0.648,281604.37,2025-07-02T07:00:00Z
2025-07-31,P00551,0.05032,61,0.6424,280618.75,2025-08-02T07:00:00Z
2025-08-31,P00551,0.05032,62,0.6368,279636.59,2025-09-02T07:00:00Z
2025-09-30,P00551,0.05032,63,0.6312,278657.86,2025-10-02T07:00:00Z
2025-10-31,P00551,0.05032,64,0.6256,277682.56,2025-11-02T07:00:00Z
2025-11-30,P00551,0.05032,65,0.62,276710.67,2025-12-02T07:00:00Z
2025-12-31,P00551,0.05032,66,0.6144,275742.18,2026-01-02T07:00:00Z
2023-07-31,P00552,0.04619,34,0.4207,556967.63,2023-08-02T07:00:00Z
2023-08-31,P00552,0.04619,35,0.4165,555018.24,2023-09-02T07:00:00Z
2023-09-30,P00552,0.04619,36,0.4123,553075.68,2023-10-02T07:00:00Z
2023-10-31,P00552,0.04619,37,0.4081,551139.91,2023-11-02T07:00:00Z
2023-11-30,P00552,0.04619,38,0.404,549210.92,2023-12-02T07:00:00Z
2023-12-31,P00552,0.04619,39,0.3998,547288.69,2024-01-02T07:00:00Z
2024-01-31,P00552,0.04619,40,0.3956,545373.18,2024-02-02T07:00:00Z
2024-02-29,P00552,0.04619,41,0.3914,543464.37,2024-03-02T07:00:00Z
2024-03-31,P00552,0.04619,42,0.3872,541562.24,2024-04-02T07:00:00Z
2024-04-30,P00552,0.04619,43,0.383,539666.78,2024-05-02T07:00:00Z
2024-05-31,P00552,0.04619,44,0.3789,537777.94,2024-06-02T07:00:00Z
2024-06-30,P00552,0.04619,45,0.3747,535895.72,2024-07-02T07:00:00Z
2024-07-31,P00552,0.04619,46,0.3705,534020.09,2024-08-02T07:00:00Z
2024-08-31,P00552,0.04619,47,0.3663,532151.02,2024-09-02T07:00:00Z
2024-09-30,P00552,0.04619,48,0.3621,530288.49,2024-10-02T07:00:00Z
2024-10-31,P00552,0.04619,49,0.3579,528432.48,2024-11-02T07:00:00Z
2024-11-30,P00552,0.04619,50,0.3538,526582.96,2024-12-02T07:00:00Z
2024-12-31,P00552,0.04619,51,0.3496,524739.92,2025-01-02T07:00:00Z
2025-01-31,P00552,0.04619,52,0.3454,522903.33,2025-02-02T07:00:00Z
2025-02-28,P00552,0.04619,53,0.3412,521073.17,2025-03-02T07:00:00Z
2025-03-31,P00552,0.04619,54,0.337,519249.42,2025-04-02T07:00:00Z
2025-04-30,P00552,0.04619,55,0.3328,517432.04,2025-05-02T07:00:00Z
2025-05-31,P00552,0.04619,56,0.3287,515621.03,2025-06-02T07:00:00Z
2025-06-30,P00552,0.04619,57,0.3245,513816.36,2025-07-02T07:00:00Z
2025-07-31,P00552,0.04619,58,0.3203,512018.0,2025-08-02T07:00:00Z
2025-08-31,P00552,0.04619,59,0.3161,510225.94,2025-09-02T07:00:00Z
2025-09-30,P00552,0.04619,60,0.3119,508440.15,2025-10-02T07:00:00Z
2025-10-31,P00552,0.04619,61,0.3078,506660.61,2025-11-02T07:00:00Z
2025-11-30,P00552,0.04619,62,0.3036,504887.29,2025-12-02T07:00:00Z
2025-12-31,P00552,0.04619,63,0.2994,503120.19,2026-01-02T07:00:00Z
2023-07-31,P00553,0.06586,18,0.6778,163747.38,2023-08-02T07:00:00Z
2023-08-31,P00553,0.06586,19,0.6726,163174.26,2023-09-02T07:00:00Z
2023-09-30,P00553,0.06586,20,0.6673,162603.15,2023-10-02T07:00:00Z
2023-10-31,P00553,0.06586,21,0.6621,162034.04,2023-11-02T07:00:00Z
2023-11-30,P00553,0.06586,22,0.6569,161466.92,2023-12-02T07:00:00Z
2023-12-31,P00553,0.06586,23,0.6517,160901.79,2024-01-02T07:00:00Z
2024-01-31,P00553,0.06586,24,0.6465,160338.63,2024-02-02T07:00:00Z
2024-02-29,P00553,0.06586,25,0.6413,159777.45,2024-03-02T07:00:00Z
2024-03-31,P00553,0.06586,26,0.6361,159218.23,2024-04-02T07:00:00Z
2024-04-30,P00553,0.06586,27,0.6309,158660.96,2024-05-02T07:00:00Z
2024-05-31,P00553,0.06586,28,0.6257,158105.65,2024-06-02T07:00:00Z
2024-06-30,P00553,0.06586,29,0.6204,157552.28,2024-07-02T07:00:00Z
2024-07-31,P00553,0.06586,30,0.6152,157000.85,2024-08-02T07:00:00Z
2024-08-31,P00553,0.06586,31,0.61,156451.34,2024-09-02T07:00:00Z
2023-07-31,P00554,0.06085,39,0.7777,255540.65,2023-08-02T07:00:00Z
2023-08-31,P00554,0.06085,40,0.7721,254646.26,2023-09-02T07:00:00Z
2023-09-30,P00554,0.06085,41,0.7665,253755.0,2023-10-02T07:00:00Z
2023-10-31,P00554,0.06085,42,0.7609,252866.85,2023-11-02T07:00:00Z
2023-11-30,P00554,0.06085,43,0.7553,251981.82,2023-12-02T07:00:00Z
2023-12-31,P00554,0.06085,44,0.7497,251099.88,2024-01-02T07:00:00Z
2024-01-31,P00554,0.06085,45,0.7441,250221.03,2024-02-02T07:00:00Z
2024-02-29,P00554,0.06085,46,0.7385,249345.26,2024-03-02T07:00:00Z
2024-03-31,P00554,0.06085,47,0.7328,248472.55,2024-04-02T07:00:00Z
2024-04-30,P00554,0.06085,48,0.7272,247602.9,2024-05-02T07:00:00Z
2024-05-31,P00554,0.06085,49,0.7216,246736.29,2024-06-02T07:00:00Z
2024-06-30,P00554,0.06085,50,0.716,245872.71,2024-07-02T07:00:00Z
2024-07-31,P00554,0.06085,51,0.7104,245012.16,2024-08-02T07:00:00Z
2024-08-31,P00554,0.06085,52,0.7048,244154.61,2024-09-02T07:00:00Z
2023-07-31,P00555,0.07362,60,0.5738,408337.09,2023-08-02T07:00:00Z
2023-08-31,P00555,0.07362,61,0.569,406907.91,2023-09-02T07:00:00Z
2023-09-30,P00555,0.07362,62,0.5642,405483.73,2023-10-02T07:00:00Z
2023-10-31,P00555,0.07362,63,0.5594,404064.54,2023-11-02T07:00:00Z
2023-11-30,P00555,0.07362,64,0.5546,402650.31,2023-12-02T07:00:00Z
2023-12-31,P00555,0.07362,65,0.5498,401241.04,2024-01-02T07:00:00Z
2024-01-31,P00555,0.07362,66,0.5451,399836.69,2024-02-02T07:00:00Z
2024-02-29,P00555,0.07362,67,0.5403,398437.27,2024-03-02T07:00:00Z
2024-03-31,P00555,0.07362,68,0.5355,397042.73,2024-04-02T07:00:00Z
2024-04-30,P00555,0.07362,69,0.5307,395653.09,2024-05-02T07:00:00Z
2024-05-31,P00555,0.07362,70,0.5259,394268.3,2024-06-02T07:00:00Z
2024-06-30,P00555,0.07362,71,0.5211,392888.36,2024-07-02T07:00:00Z
2024-07-31,P00555,0.07362,72,0.5163,391513.25,2024-08-02T07:00:00Z
2024-08-31,P00555,0.07362,73,0.5115,390142.95,2024-09-02T07:00:00Z
2024-09-30,P00555,0.07362,74,0.5067,388777.45,2024-10-02T07:00:00Z
2024-10-31,P00555,0.07362,75,0.5019,387416.73,2024-11-02T07:00:00Z
2024-11-30,P00555,0.07362,76,0.4971,386060.77,2024-12-02T07:00:00Z
2024-12-31,P00555,0.07362,77,0.4923,384709.56,2025-01-02T07:00:00Z
2025-01-31,P00555,0.07362,78,0.4875,383363.08,2025-02-02T07:00:00Z
2025-02-28,P00555,0.07362,79,0.4827,382021.31,2025-03-02T07:00:00Z
2023-07-31,P00556,0.04694,45,0.6287,623711.97,2023-08-02T07:00:00Z
2023-08-31,P00556,0.04694,46,0.6237,621528.98,2023-09-02T07:00:00Z
2023-09-30,P00556,0.04694,47,0.6187,619353.63,2023-10-02T07:00:00Z
2023-10-31,P00556,0.04694,48,0.6137,617185.89,2023-11-02T07:00:00Z
2023-11-30,P00556,0.04694,49,0.6087,615025.74,2023-12-02T07:00:00Z
2023-12-31,P00556,0.04694,50,0.6037,612873.15,2024-01-02T07:00:00Z
2024-01-31,P00556,0.04694,51,0.5987,610728.09,2024-02-02T07:00:00Z
2024-02-29,P00556,0.04694,52,0.5936,608590.54,2024-03-02T07:00:00Z
2024-03-31,P00556,0.04694,53,0.5886,606460.48,2024-04-02T07:00:00Z
2024-04-30,P00556,0.04694,54,0.5836,604337.87,2024-05-02T07:00:00Z
2024-05-31,P00556,0.04694,55,0.5786,602222.68,2024-06-02T07:00:00Z
2024-06-30,P00556,0.04694,56,0.5736,600114.9,2024-07-02T07:00:00Z
2024-07-31,P00556,0.04694,57,0.5686,598014.5,2024-08-02T07:00:00Z
2024-08-31,P00556,0.04694,58,0.5635,595921.45,2024-09-02T07:00:00Z
2024-09-30,P00556,0.04694,59,0.5585,593835.73,2024-10-02T07:00:00Z
2024-10-31,P00556,0.04694,60,0.5535,591757.3,2024-11-02T07:00:00Z
2024-11-30,P00556,0.04694,61,0.5485,589686.15,2024-12-02T07:00:00Z
2024-12-31,P00556,0.04694,62,0.5435,587622.25,2025-01-02T07:00:00Z
2025-01-31,P00556,0.04694,63,0.5385,585565.57,2025-02-02T07:00:00Z
2025-02-28,P00556,0.04694,64,0.5335,583516.09,2025-03-02T07:00:00Z
2025-03-31,P00556,0.04694,65,0.5284,581473.78,2025-04-02T07:00:00Z
2025-04-30,P00556,0.04694,66,0.5234,579438.63,2025-05-02T07:00:00Z
2025-05-31,P00556,0.04694,67,0.5184,577410.59,2025-06-02T07:00:00Z
2025-06-30,P00556,0.04694,68,0.5134,575389.65,2025-07-02T07:00:00Z
2025-07-31,P00556,0.04694,69,0.5084,573375.79,2025-08-02T07:00:00Z
2025-08-31,P00556,0.04694,70,0.5034,571368.98,2025-09-02T07:00:00Z
2025-09-30,P00556,0.04694,71,0.4984,569369.18,2025-10-02T07:00:00Z
2025-10-31,P00556,0.04694,72,0.4933,567376.39,2025-11-02T07:00:00Z
2025-11-30,P00556,0.04694,73,0.4883,565390.57,2025-12-02T07:00:00Z
2025-12-31,P00556,0.04694,74,0.4833,563411.71,2026-01-02T07:00:00Z
2023-07-31,P00557,0.06471,100,0.5089,244394.89,2023-08-02T07:00:00Z
2023-08-31,P00557,0.06471,101,0.5043,243539.51,2023-09-02T07:00:00Z
2023-09-30,P00557,0.06471,102,0.4998,242687.12,2023-10-02T07:00:00Z
2023-10-31,P00557,0.06471,103,0.4953,241837.71,2023-11-02T07:00:00Z
2023-11-30,P00557,0.06471,104,0.4907,240991.28,2023-12-02T07:00:00Z
2023-12-31,P00557,0.06471,105,0.4862,240147.81,2024-01-02T07:00:00Z
2024-01-31,P00557,0.06471,106,0.4817,239307.3,2024-02-02T07:00:00Z
2024-02-29,P00557,0.06471,107,0.4771,238469.72,2024-03-02T07:00:00Z
2024-03-31,P00557,0.06471,108,0.4726,237635.08,2024-04-02T07:00:00Z
2024-04-30,P00557,0.06471,109,0.468,236803.35,2024-05-02T07:00:00Z
2024-05-31,P00557,0.06471,110,0.4635,235974.54,2024-06-02T07:00:00Z
2024-06-30,P00557,0.06471,111,0.459,235148.63,2024-07-02T07:00:00Z
2024-07-31,P00557,0.06471,112,0.4544,234325.61,2024-08-02T07:00:00Z
2024-08-31,P00557,0.06471,113,0.4499,233505.47,2024-09-02T07:00:00Z
2024-09-30,P00557,0.06471,114,0.4454,232688.2,2024-10-02T07:00:00Z
2024-10-31,P00557,0.06471,115,0.4408,231873.79,2024-11-02T07:00:00Z
2024-11-30,P00557,0.06471,116,0.4363,231062.23,2024-12-02T07:00:00Z
2024-12-31,P00557,0.06471,117,0.4318,230253.52,2025-01-02T07:00:00Z
2025-01-31,P00557,0.06471,118,0.4272,229447.63,2025-02-02T07:00:00Z
2025-02-28,P00557,0.06471,119,0.4227,228644.56,2025-03-02T07:00:00Z
2023-07-31,P00558,0.05962,117,0.716,682734.2,2023-08-02T07:00:00Z
2023-08-31,P00558,0.05962,118,0.7106,680344.63,2023-09-02T07:00:00Z
2023-09-30,P00558,0.05962,119,0.7052,677963.42,2023-10-02T07:00:00Z
2023-10-31,P00558,0.05962,120,0.6999,675590.55,2023-11-02T07:00:00Z
2023-11-30,P00558,0.05962,121,0.6945,673225.99,2023-12-02T07:00:00Z
2023-12-31,P00558,0.05962,122,0.6891,670869.69,2024-01-02T07:00:00Z
2024-01-31,P00558,0.05962,123,0.6838,668521.65,2024-02-02T07:00:00Z
2024-02-29,P00558,0.05962,124,0.6784,666181.82,2024-03-02T07:00:00Z
2024-03-31,P00558,0.05962,125,0.673,663850.19,2024-04-02T07:00:00Z
2024-04-30,P00558,0.05962,126,0.6677,661526.71,2024-05-02T07:00:00Z
2024-05-31,P00558,0.05962,127,0.6623,659211.37,2024-06-02T07:00:00Z
2024-06-30,P00558,0.05962,128,0.657,656904.13,2024-07-02T07:00:00Z
2024-07-31,P00558,0.05962,129,0.6516,654604.96,2024-08-02T07:00:00Z
2024-08-31,P00558,0.05962,130,0.6462,652313.85,2024-09-02T07:00:00Z
2024-09-30,P00558,0.05962,131,0.6409,650030.75,2024-10-02T07:00:00Z
2023-07-31,P00559,0.05618,21,0.8436,272469.68,2023-08-02T07:00:00Z
2023-08-31,P00559,0.05618,22,0.8377,271516.04,2023-09-02T07:00:00Z
2023-09-30,P00559,0.05618,23,0.8318,270565.73,2023-10-02T07:00:00Z
2023-10-31,P00559,0.05618,24,0.826,269618.75,2023-11-02T07:00:00Z
2023-11-30,P00559,0.05618,25,0.8201,268675.08,2023-12-02T07:00:00Z
2023-12-31,P00559,0.05618,26,0.8142,267734.72,2024-01-02T07:00:00Z
2024-01-31,P00559,0.05618,27,0.8083,266797.65,2024-02-02T07:00:00Z
2024-02-29,P00559,0.05618,28,0.8025,265863.86,2024-03-02T07:00:00Z
2024-03-31,P00559,0.05618,29,0.7966,264933.33,2024-04-02T07:00:00Z
2024-04-30,P00559,0.05618,30,0.7907,264006.07,2024-05-02T07:00:00Z
2024-05-31,P00559,0.05618,31,0.7848,263082.05,2024-06-02T07:00:00Z
2024-06-30,P00559,0.05618,32,0.779,262161.26,2024-07-02T07:00:00Z
2024-07-31,P00559,0.05618,33,0.7731,261243.7,2024-08-02T07:00:00Z
2024-08-31,P00559,0.05618,34,0.7672,260329.34,2024-09-02T07:00:00Z
2024-09-30,P00559,0.05618,35,0.7613,259418.19,2024-10-02T07:00:00Z
2024-10-31,P00559,0.05618,36,0.7555,258510.23,2024-11-02T07:00:00Z
2024-11-30,P00559,0.05618,37,0.7496,257605.44,2024-12-02T07:00:00Z
2024-12-31,P00559,0.05618,38,0.7437,256703.82,2025-01-02T07:00:00Z
2025-01-31,P00559,0.05618,39,0.7378,255805.36,2025-02-02T07:00:00Z
2025-02-28,P00559,0.05618,40,0.732,254910.04,2025-03-02T07:00:00Z
2025-03-31,P00559,0.05618,41,0.7261,254017.85,2025-04-02T07:00:00Z
2025-04-30,P00559,0.05618,42,0.7202,253128.79,2025-05-02T07:00:00Z
2025-05-31,P00559,0.05618,43,0.7143,252242.84,2025-06-02T07:00:00Z
2025-06-30,P00559,0.05618,44,0.7085,251359.99,2025-07-02T07:00:00Z
2025-07-31,P00559,0.05618,45,0.7026,250480.23,2025-08-02T07:00:00Z
2025-08-31,P00559,0.05618,46,0.6967,249603.55,2025-09-02T07:00:00Z
2025-09-30,P00559,0.05618,47,0.6908,248729.94,2025-10-02T07:00:00Z
2025-10-31,P00559,0.05618,48,0.685,247859.38,2025-11-02T07:00:00Z
2025-11-30,P00559,0.05618,49,0.6791,246991.87,2025-12-02T07:00:00Z
2025-12-31,P00559,0.05618,50,0.6732,246127.4,2026-01-02T07:00:00Z
2023-07-31,P00560,0.04653,96,0.8501,433957.51,2023-08-02T07:00:00Z
2023-08-31,P00560,0.04653,97,0.8442,432438.66,2023-09-02T07:00:00Z
2023-09-30,P00560,0.04653,98,0.8383,430925.12,2023-10-02T07:00:00Z
2023-10-31,P00560,0.04653,99,0.8324,429416.89,2023-11-02T07:00:00Z
2023-11-30,P00560,0.04653,100,0.8265,427913.93,2023-12-02T07:00:00Z
2023-12-31,P00560,0.04653,101,0.8206,426416.23,2024-01-02T07:00:00Z
2024-01-31,P00560,0.04653,102,0.8147,424923.77,2024-02-02T07:00:00Z
2024-02-29,P00560,0.04653,103,0.8088,423436.54,2024-03-02T07:00:00Z
2024-03-31,P00560,0.04653,104,0.8029,421954.51,2024-04-02T07:00:00Z
2024-04-30,P00560,0.04653,105,0.797,420477.67,2024-05-02T07:00:00Z
2024-05-31,P00560,0.04653,106,0.7911,419006.0,2024-06-02T07:00:00Z
2024-06-30,P00560,0.04653,107,0.7852,417539.48,2024-07-02T07:00:00Z
2024-07-31,P00560,0.04653,108,0.7793,416078.09,2024-08-02T07:00:00Z
2024-08-31,P00560,0.04653,109,0.7734,414621.81,2024-09-02T07:00:00Z
2024-09-30,P00560,0.04653,110,0.7675,413170.64,2024-10-02T07:00:00Z
2024-10-31,P00560,0.04653,111,0.7616,411724.54,2024-11-02T07:00:00Z
2024-11-30,P00560,0.04653,112,0.7557,410283.51,2024-12-02T07:00:00Z
2024-12-31,P00560,0.04653,113,0.7498,408847.51,2025-01-02T07:00:00Z
2025-01-31,P00560,0.04653,114,0.7439,407416.55,2025-02-02T07:00:00Z
2025-02-28,P00560,0.04653,115,0.738,405990.59,2025-03-02T07:00:00Z
2025-03-31,P00560,0.04653,116,0.7321,404569.62,2025-04-02T07:00:00Z
2025-04-30,P00560,0.04653,117,0.7262,403153.63,2025-05-02T07:00:00Z
2025-05-31,P00560,0.04653,118,0.7203,401742.59,2025-06-02T07:00:00Z
2025-06-30,P00560,0.04653,119,0.7144,400336.49,2025-07-02T07:00:00Z
2025-07-31,P00560,0.04653,120,0.7085,398935.31,2025-08-02T07:00:00Z
2025-08-31,P00560,0.04653,121,0.7026,397539.04,2025-09-02T07:00:00Z
2025-09-30,P00560,0.04653,122,0.6967,396147.65,2025-10-02T07:00:00Z
2025-10-31,P00560,0.04653,123,0.6908,394761.14,2025-11-02T07:00:00Z
2025-11-30,P00560,0.04653,124,0.6849,393379.47,2025-12-02T07:00:00Z
2025-12-31,P00560,0.04653,125,0.679,392002.64,2026-01-02T07:00:00Z
2023-07-31,P00561,0.04897,1,0.782,244104.27,2023-08-02T07:00:00Z
2023-08-31,P00561,0.04897,2,0.7764,243249.91,2023-09-02T07:00:00Z
2023-09-30,P00561,0.04897,3,0.7707,242398.53,2023-10-02T07:00:00Z
2023-10-31,P00561,0.04897,4,0.7651,241550.14,2023-11-02T07:00:00Z
2023-11-30,P00561,0.04897,5,0.7595,240704.71,2023-12-02T07:00:00Z
2023-12-31,P00561,0.04897,6,0.7538,239862.24,2024-01-02T07:00:00Z
2024-01-31,P00561,0.04897,7,0.7482,239022.73,2024-02-02T07:00:00Z
2024-02-29,P00561,0.04897,8,0.7426,238186.15,2024-03-02T07:00:00Z
2024-03-31,P00561,0.04897,9,0.737,237352.49,2024-04-02T07:00:00Z
2024-04-30,P00561,0.04897,10,0.7313,236521.76,2024-05-02T07:00:00Z
2024-05-31,P00561,0.04897,11,0.7257,235693.93,2024-06-02T07:00:00Z
2024-06-30,P00561,0.04897,12,0.7201,234869.01,2024-07-02T07:00:00Z
2024-07-31,P00561,0.04897,13,0.7144,234046.96,2024-08-02T07:00:00Z
2024-08-31,P00561,0.04897,14,0.7088,233227.8,2024-09-02T07:00:00Z
2024-09-30,P00561,0.04897,15,0.7032,232411.5,2024-10-02T07:00:00Z
2024-10-31,P00561,0.04897,16,0.6976,231598.06,2024-11-02T07:00:00Z
2024-11-30,P00561,0.04897,17,0.6919,230787.47,2024-12-02T07:00:00Z
2024-12-31,P00561,0.04897,18,0.6863,229979.71,2025-01-02T07:00:00Z
2025-01-31,P00561,0.04897,19,0.6807,229174.78,2025-02-02T07:00:00Z
2025-02-28,P00561,0.04897,20,0.6751,228372.67,2025-03-02T07:00:00Z
2025-03-31,P00561,0.04897,21,0.6694,227573.37,2025-04-02T07:00:00Z
2025-04-30,P00561,0.04897,22,0.6638,226776.86,2025-05-02T07:00:00Z
2025-05-31,P00561,0.04897,23,0.6582,225983.14,2025-06-02T07:00:00Z
2025-06-30,P00561,0.04897,24,0.6525,225192.2,2025-07-02T07:00:00Z
2025-07-31,P00561,0.04897,25,0.6469,224404.03,2025-08-02T07:00:00Z
2025-08-31,P00561,0.04897,26,0.6413,223618.61,2025-09-02T07:00:00Z
2025-09-30,P00561,0.04897,27,0.6357,222835.95,2025-10-02T07:00:00Z
2025-10-31,P00561,0.04897,28,0.63,222056.02,2025-11-02T07:00:00Z
2025-11-30,P00561,0.04897,29,0.6244,221278.83,2025-12-02T07:00:00Z
2025-12-31,P00561,0.04897,30,0.6188,220504.35,2026-01-02T07:00:00Z
2023-07-31,P00562,0.05993,107,0.5596,551997.67,2023-08-02T07:00:00Z
2023-08-31,P00562,0.05993,108,0.5549,550065.68,2023-09-02T07:00:00Z
2023-09-30,P00562,0.05993,109,0.5501,548140.45,2023-10-02T07:00:00Z
2023-10-31,P00562,0.05993,110,0.5454,546221.96,2023-11-02T07:00:00Z
2023-11-30,P00562,0.05993,111,0.5406,544310.18,2023-12-02T07:00:00Z
2023-12-31,P00562,0.05993,112,0.5359,542405.09,2024-01-02T07:00:00Z
2024-01-31,P00562,0.05993,113,0.5312,540506.68,2024-02-02T07:00:00Z
2024-02-29,P00562,0.05993,114,0.5264,538614.9,2024-03-02T07:00:00Z
2024-03-31,P00562,0.05993,115,0.5217,536729.75,2024-04-02T07:00:00Z
2024-04-30,P00562,0.05993,116,0.5169,534851.2,2024-05-02T07:00:00Z
2024-05-31,P00562,0.05993,117,0.5122,532979.22,2024-06-02T07:00:00Z
2024-06-30,P00562,0.05993,118,0.5075,531113.79,2024-07-02T07:00:00Z
2024-07-31,P00562,0.05993,119,0.5027,529254.89,2024-08-02T07:00:00Z
2024-08-31,P00562,0.05993,120,0.498,527402.5,2024-09-02T07:00:00Z
2024-09-30,P00562,0.05993,121,0.4933,525556.59,2024-10-02T07:00:00Z
2024-10-31,P00562,0.05993,122,0.4885,523717.14,2024-11-02T07:00:00Z
2024-11-30,P00562,0.05993,123,0.4838,521884.13,2024-12-02T07:00:00Z
2024-12-31,P00562,0.05993,124,0.479,520057.54,2025-01-02T07:00:00Z
2025-01-31,P00562,0.05993,125,0.4743,518237.34,2025-02-02T07:00:00Z
2025-02-28,P00562,0.05993,126,0.4696,516423.51,2025-03-02T07:00:00Z
2025-03-31,P00562,0.05993,127,0.4648,514616.02,2025-04-02T07:00:00Z
2025-04-30,P00562,0.05993,128,0.4601,512814.87,2025-05-02T07:00:00Z
2025-05-31,P00562,0.05993,129,0.4553,511020.02,2025-06-02T07:00:00Z
2025-06-30,P00562,0.05993,130,0.4506,509231.45,2025-07-02T07:00:00Z
2025-07-31,P00562,0.05993,131,0.4459,507449.14,2025-08-02T07:00:00Z
2025-08-31,P00562,0.05993,132,0.4411,505673.06,2025-09-02T07:00:00Z
2025-09-30,P00562,0.05993,133,0.4364,503903.21,2025-10-02T07:00:00Z
2025-10-31,P00562,0.05993,134,0.4317,502139.55,2025-11-02T07:00:00Z
2025-11-30,P00562,0.05993,135,0.4269,500382.06,2025-12-02T07:00:00Z
2025-12-31,P00562,0.05993,136,0.4222,498630.72,2026-01-02T07:00:00Z
2023-07-31,P00563,0.07494,7,0.5706,273951.46,2023-08-02T07:00:00Z
2023-08-31,P00563,0.07494,8,0.5658,272992.63,2023-09-02T07:00:00Z
2023-09-30,P00563,0.07494,9,0.561,272037.16,2023-10-02T07:00:00Z
2023-10-31,P00563,0.07494,10,0.5562,271085.03,2023-11-02T07:00:00Z
2023-11-30,P00563,0.07494,11,0.5515,270136.23,2023-12-02T07:00:00Z
2023-12-31,P00563,0.07494,12,0.5467,269190.75,2024-01-02T07:00:00Z
2024-01-31,P00563,0.07494,13,0.5419,268248.58,2024-02-02T07:00:00Z
2024-02-29,P00563,0.07494,14,0.5371,267309.71,2024-03-02T07:00:00Z
2024-03-31,P00563,0.07494,15,0.5323,266374.13,2024-04-02T07:00:00Z
2024-04-30,P00563,0.07494,16,0.5275,265441.82,2024-05-02T07:00:00Z
2024-05-31,P00563,0.07494,17,0.5228,264512.77,2024-06-02T07:00:00Z
2024-06-30,P00563,0.07494,18,0.518,263586.98,2024-07-02T07:00:00Z
2024-07-31,P00563,0.07494,19,0.5132,262664.42,2024-08-02T07:00:00Z
2024-08-31,P00563,0.07494,20,0.5084,261745.1,2024-09-02T07:00:00Z
2024-09-30,P00563,0.07494,21,0.5036,260828.99,2024-10-02T07:00:00Z
2024-10-31,P00563,0.07494,22,0.4989,259916.09,2024-11-02T07:00:00Z
2024-11-30,P00563,0.07494,23,0.4941,259006.38,2024-12-02T07:00:00Z
2024-12-31,P00563,0.07494,24,0.4893,258099.86,2025-01-02T07:00:00Z
2025-01-31,P00563,0.07494,25,0.4845,257196.51,2025-02-02T07:00:00Z
2025-02-28,P00563,0.07494,26,0.4797,256296.32,2025-03-02T07:00:00Z
2025-03-31,P00563,0.07494,27,0.4749,255399.29,2025-04-02T07:00:00Z
2025-04-30,P00563,0.07494,28,0.4702,254505.39,2025-05-02T07:00:00Z
2025-05-31,P00563,0.07494,29,0.4654,253614.62,2025-06-02T07:00:00Z
2025-06-30,P00563,0.07494,30,0.4606,252726.97,2025-07-02T07:00:00Z
2025-07-31,P00563,0.07494,31,0.4558,251842.42,2025-08-02T07:00:00Z
2025-08-31,P00563,0.07494,32,0.451,250960.98,2025-09-02T07:00:00Z
2025-09-30,P00563,0.07494,33,0.4462,250082.61,2025-10-02T07:00:00Z
2025-10-31,P00563,0.07494,34,0.4415,249207.32,2025-11-02T07:00:00Z
2025-11-30,P00563,0.07494,35,0.4367,248335.1,2025-12-02T07:00:00Z
2025-12-31,P00563,0.07494,36,0.4319,247465.93,2026-01-02T07:00:00Z
2023-07-31,P00564,0.03515,4,0.5693,265102.53,2023-08-02T07:00:00Z
2023-08-31,P00564,0.03515,5,0.5645,264174.67,2023-09-02T07:00:00Z
2023-09-30,P00564,0.03515,6,0.5597,263250.06,2023-10-02T07:00:00Z
2023-10-31,P00564,0.03515,7,0.5549,262328.68,2023-11-02T07:00:00Z
2023-11-30,P00564,0.03515,8,0.5501,261410.53,2023-12-02T07:00:00Z
2023-12-31,P00564,0.03515,9,0.5454,260495.6,2024-01-02T07:00:00Z
2024-01-31,P00564,0.03515,10,0.5406,259583.86,2024-02-02T07:00:00Z
2024-02-29,P00564,0.03515,11,0.5358,258675.32,2024-03-02T07:00:00Z
2024-03-31,P00564,0.03515,12,0.531,257769.96,2024-04-02T07:00:00Z
2024-04-30,P00564,0.03515,13,0.5263,256867.76,2024-05-02T07:00:00Z
2024-05-31,P00564,0.03515,14,0.5215,255968.72,2024-06-02T07:00:00Z
2024-06-30,P00564,0.03515,15,0.5167,255072.83,2024-07-02T07:00:00Z
2024-07-31,P00564,0.03515,16,0.5119,254180.08,2024-08-02T07:00:00Z
2024-08-31,P00564,0.03515,17,0.5071,253290.45,2024-09-02T07:00:00Z
2024-09-30,P00564,0.03515,18,0.5024,252403.93,2024-10-02T07:00:00Z
2024-10-31,P00564,0.03515,19,0.4976,251520.52,2024-11-02T07:00:00Z
2024-11-30,P00564,0.03515,20,0.4928,250640.2,2024-12-02T07:00:00Z
2024-12-31,P00564,0.03515,21,0.488,249762.96,2025-01-02T07:00:00Z
2025-01-31,P00564,0.03515,22,0.4833,248888.78,2025-02-02T07:00:00Z
2025-02-28,P00564,0.03515,23,0.4785,248017.67,2025-03-02T07:00:00Z
2025-03-31,P00564,0.03515,24,0.4737,247149.61,2025-04-02T07:00:00Z
2025-04-30,P00564,0.03515,25,0.4689,246284.59,2025-05-02T07:00:00Z
2025-05-31,P00564,0.03515,26,0.4642,245422.59,2025-06-02T07:00:00Z
2025-06-30,P00564,0.03515,27,0.4594,244563.61,2025-07-02T07:00:00Z
2025-07-31,P00564,0.03515,28,0.4546,243707.64,2025-08-02T07:00:00Z
2025-08-31,P00564,0.03515,29,0.4498,242854.66,2025-09-02T07:00:00Z
2025-09-30,P00564,0.03515,30,0.445,242004.67,2025-10-02T07:00:00Z
2025-10-31,P00564,0.03515,31,0.4403,241157.66,2025-11-02T07:00:00Z
2025-11-30,P00564,0.03515,32,0.4355,240313.6,2025-12-02T07:00:00Z
2025-12-31,P00564,0.03515,33,0.4307,239472.51,2026-01-02T07:00:00Z
2023-07-31,P00565,0.05059,53,0.6841,244215.82,2023-08-02T07:00:00Z
2023-08-31,P00565,0.05059,54,0.6789,243361.06,2023-09-02T07:00:00Z
2023-09-30,P00565,0.05059,55,0.6736,242509.3,2023-10-02T07:00:00Z
2023-10-31,P00565,0.05059,56,0.6684,241660.52,2023-11-02T07:00:00Z
2023-11-30,P00565,0.05059,57,0.6632,240814.71,2023-12-02T07:00:00Z
2023-12-31,P00565,0.05059,58,0.6579,239971.86,2024-01-02T07:00:00Z
2024-01-31,P00565,0.05059,59,0.6527,239131.95,2024-02-02T07:00:00Z
2024-02-29,P00565,0.05059,60,0.6474,238294.99,2024-03-02T07:00:00Z
2024-03-31,P00565,0.05059,61,0.6422,237460.96,2024-04-02T07:00:00Z
2024-04-30,P00565,0.05059,62,0.637,236629.85,2024-05-02T07:00:00Z
2024-05-31,P00565,0.05059,63,0.6317,235801.64,2024-06-02T07:00:00Z
2024-06-30,P00565,0.05059,64,0.6265,234976.34,2024-07-02T07:00:00Z
2024-07-31,P00565,0.05059,65,0.6213,234153.92,2024-08-02T07:00:00Z
2024-08-31,P00565,0.05059,66,0.616,233334.38,2024-09-02T07:00:00Z
2024-09-30,P00565,0.05059,67,0.6108,232517.71,2024-10-02T07:00:00Z
2024-10-31,P00565,0.05059,68,0.6056,231703.9,2024-11-02T07:00:00Z
2024-11-30,P00565,0.05059,69,0.6003,230892.93,2024-12-02T07:00:00Z
2024-12-31,P00565,0.05059,70,0.5951,230084.81,2025-01-02T07:00:00Z
2025-01-31,P00565,0.05059,71,0.5898,229279.51,2025-02-02T07:00:00Z
2025-02-28,P00565,0.05059,72,0.5846,228477.03,2025-03-02T07:00:00Z
2025-03-31,P00565,0.05059,73,0.5794,227677.36,2025-04-02T07:00:00Z
2025-04-30,P00565,0.05059,74,0.5741,226880.49,2025-05-02T07:00:00Z
2025-05-31,P00565,0.05059,75,0.5689,226086.41,2025-06-02T07:00:00Z
2025-06-30,P00565,0.05059,76,0.5637,225295.11,2025-07-02T07:00:00Z
2025-07-31,P00565,0.05059,77,0.5584,224506.58,2025-08-02T07:00:00Z
2025-08-31,P00565,0.05059,78,0.5532,223720.8,2025-09-02T07:00:00Z
2025-09-30,P00565,0.05059,79,0.548,222937.78,2025-10-02T07:00:00Z
2025-10-31,P00565,0.05059,80,0.5427,222157.5,2025-11-02T07:00:00Z
2025-11-30,P00565,0.05059,81,0.5375,221379.95,2025-12-02T07:00:00Z
2025-12-31,P00565,0.05059,82,0.5322,220605.12,2026-01-02T07:00:00Z
2023-07-31,P00566,0.0578,69,0.84,129395.26,2023-08-02T07:00:00Z
2023-08-31,P00566,0.0578,70,0.8341,128942.38,2023-09-02T07:00:00Z
2023-09-30,P00566,0.0578,71,0.8283,128491.08,2023-10-02T07:00:00Z
2023-10-31,P00566,0.0578,72,0.8224,128041.36,2023-11-02T07:00:00Z
2023-11-30,P00566,0.0578,73,0.8165,127593.21,2023-12-02T07:00:00Z
2023-12-31,P00566,0.0578,74,0.8107,127146.64,2024-01-02T07:00:00Z
2024-01-31,P00566,0.0578,75,0.8048,126701.63,2024-02-02T07:00:00Z
2024-02-29,P00566,0.0578,76,0.799,126258.17,2024-03-02T07:00:00Z
2024-03-31,P00566,0.0578,77,0.7931,125816.27,2024-04-02T07:00:00Z
2024-04-30,P00566,0.0578,78,0.7872,125375.91,2024-05-02T07:00:00Z
2024-05-31,P00566,0.0578,79,0.7814,124937.09,2024-06-02T07:00:00Z
2024-06-30,P00566,0.0578,80,0.7755,124499.81,2024-07-02T07:00:00Z
2024-07-31,P00566,0.0578,81,0.7697,124064.06,2024-08-02T07:00:00Z
2024-08-31,P00566,0.0578,82,0.7638,123629.84,2024-09-02T07:00:00Z
2024-09-30,P00566,0.0578,83,0.7579,123197.14,2024-10-02T07:00:00Z
2024-10-31,P00566,0.0578,84,0.7521,122765.95,2024-11-02T07:00:00Z
2024-11-30,P00566,0.0578,85,0.7462,122336.26,2024-12-02T07:00:00Z
2024-12-31,P00566,0.0578,86,0.7404,121908.09,2025-01-02T07:00:00Z
2025-01-31,P00566,0.0578,87,0.7345,121481.41,2025-02-02T07:00:00Z
2025-02-28,P00566,0.0578,88,0.7286,121056.22,2025-03-02T07:00:00Z
2025-03-31,P00566,0.0578,89,0.7228,120632.53,2025-04-02T07:00:00Z
2025-04-30,P00566,0.0578,90,0.7169,120210.31,2025-05-02T07:00:00Z
2025-05-31,P00566,0.0578,91,0.7111,119789.58,2025-06-02T07:00:00Z
2025-06-30,P00566,0.0578,92,0.7052,119370.31,2025-07-02T07:00:00Z
2025-07-31,P00566,0.0578,93,0.6993,118952.52,2025-08-02T07:00:00Z
2025-08-31,P00566,0.0578,94,0.6935,118536.18,2025-09-02T07:00:00Z
2025-09-30,P00566,0.0578,95,0.6876,118121.31,2025-10-02T07:00:00Z
2025-10-31,P00566,0.0578,96,0.6818,117707.88,2025-11-02T07:00:00Z
2025-11-30,P00566,0.0578,97,0.6759,117295.91,2025-12-02T07:00:00Z
2025-12-31,P00566,0.0578,98,0.67,116885.37,2026-01-02T07:00:00Z
2023-07-31,P00567,0.06006,55,0.8896,459312.13,2023-08-02T07:00:00Z
2023-08-31,P00567,0.06006,56,0.8835,457704.54,2023-09-02T07:00:00Z
2023-09-30,P00567,0.06006,57,0.8775,456102.57,2023-10-02T07:00:00Z
2023-10-31,P00567,0.06006,58,0.8714,454506.21,2023-11-02T07:00:00Z
2023-11-30,P00567,0.06006,59,0.8654,452915.44,2023-12-02T07:00:00Z
2023-12-31,P00567,0.06006,60,0.8593,451330.24,2024-01-02T07:00:00Z
2024-01-31,P00567,0.06006,61,0.8532,449750.58,2024-02-02T07:00:00Z
2024-02-29,P00567,0.06006,62,0.8472,448176.45,2024-03-02T07:00:00Z
2024-03-31,P00567,0.06006,63,0.8411,446607.84,2024-04-02T07:00:00Z
2024-04-30,P00567,0.06006,64,0.8351,445044.71,2024-05-02T07:00:00Z
2024-05-31,P00567,0.06006,65,0.829,443487.05,2024-06-02T07:00:00Z
2023-07-31,P00568,0.05854,56,0.8341,458594.32,2023-08-02T07:00:00Z
2023-08-31,P00568,0.05854,57,0.8282,456989.24,2023-09-02T07:00:00Z
2023-09-30,P00568,0.05854,58,0.8224,455389.78,2023-10-02T07:00:00Z
2023-10-31,P00568,0.05854,59,0.8166,453795.91,2023-11-02T07:00:00Z
2023-11-30,P00568,0.05854,60,0.8107,452207.63,2023-12-02T07:00:00Z
2023-12-31,P00568,0.05854,61,0.8049,450624.9,2024-01-02T07:00:00Z
2024-01-31,P00568,0.05854,62,0.7991,449047.71,2024-02-02T07:00:00Z
2024-02-29,P00568,0.05854,63,0.7932,447476.05,2024-03-02T07:00:00Z
2024-03-31,P00568,0.05854,64,0.7874,445909.88,2024-04-02T07:00:00Z
2024-04-30,P00568,0.05854,65,0.7815,444349.2,2024-05-02T07:00:00Z
2024-05-31,P00568,0.05854,66,0.7757,442793.97,2024-06-02T07:00:00Z
2024-06-30,P00568,0.05854,67,0.7699,441244.19,2024-07-02T07:00:00Z
2024-07-31,P00568,0.05854,68,0.764,439699.84,2024-08-02T07:00:00Z
2024-08-31,P00568,0.05854,69,0.7582,438160.89,2024-09-02T07:00:00Z
2024-09-30,P00568,0.05854,70,0.7524,436627.33,2024-10-02T07:00:00Z
2024-10-31,P00568,0.05854,71,0.7465,435099.13,2024-11-02T07:00:00Z
2024-11-30,P00568,0.05854,72,0.7407,433576.29,2024-12-02T07:00:00Z
2024-12-31,P00568,0.05854,73,0.7349,432058.77,2025-01-02T07:00:00Z
2025-01-31,P00568,0.05854,74,0.729,430546.56,2025-02-02T07:00:00Z
2025-02-28,P00568,0.05854,75,0.7232,429039.65,2025-03-02T07:00:00Z
2025-03-31,P00568,0.05854,76,0.7173,427538.01,2025-04-02T07:00:00Z
2025-04-30,P00568,0.05854,77,0.7115,426041.63,2025-05-02T07:00:00Z
2025-05-31,P00568,0.05854,78,0.7057,424550.48,2025-06-02T07:00:00Z
2025-06-30,P00568,0.05854,79,0.6998,423064.56,2025-07-02T07:00:00Z
2025-07-31,P00568,0.05854,80,0.694,421583.83,2025-08-02T07:00:00Z
2025-08-31,P00568,0.05854,81,0.6882,420108.29,2025-09-02T07:00:00Z
2025-09-30,P00568,0.05854,82,0.6823,418637.91,2025-10-02T07:00:00Z
2025-10-31,P00568,0.05854,83,0.6765,417172.67,2025-11-02T07:00:00Z
2025-11-30,P00568,0.05854,84,0.6707,415712.57,2025-12-02T07:00:00Z
2025-12-31,P00568,0.05854,85,0.6648,414257.58,2026-01-02T07:00:00Z
2023-07-31,P00569,0.06967,57,0.7386,258787.81,2023-08-02T07:00:00Z
2023-08-31,P00569,0.06967,58,0.7331,257882.05,2023-09-02T07:00:00Z
2023-09-30,P00569,0.06967,59,0.7277,256979.47,2023-10-02T07:00:00Z
2023-07-31,P00570,0.04365,21,0.7716,196694.2,2023-08-02T07:00:00Z
2023-08-31,P00570,0.04365,22,0.766,196005.77,2023-09-02T07:00:00Z
2023-09-30,P00570,0.04365,23,0.7605,195319.75,2023-10-02T07:00:00Z
2023-10-31,P00570,0.04365,24,0.7549,194636.13,2023-11-02T07:00:00Z
2023-11-30,P00570,0.04365,25,0.7493,193954.9,2023-12-02T07:00:00Z
2023-12-31,P00570,0.04365,26,0.7437,193276.06,2024-01-02T07:00:00Z
2024-01-31,P00570,0.04365,27,0.7381,192599.6,2024-02-02T07:00:00Z
2024-02-29,P00570,0.04365,28,0.7325,191925.5,2024-03-02T07:00:00Z
2024-03-31,P00570,0.04365,29,0.7269,191253.76,2024-04-02T07:00:00Z
2024-04-30,P00570,0.04365,30,0.7213,190584.37,2024-05-02T07:00:00Z
2024-05-31,P00570,0.04365,31,0.7158,189917.32,2024-06-02T07:00:00Z
2024-06-30,P00570,0.04365,32,0.7102,189252.61,2024-07-02T07:00:00Z
2024-07-31,P00570,0.04365,33,0.7046,188590.23,2024-08-02T07:00:00Z
2024-08-31,P00570,0.04365,34,0.699,187930.16,2024-09-02T07:00:00Z
2024-09-30,P00570,0.04365,35,0.6934,187272.41,2024-10-02T07:00:00Z
2024-10-31,P00570,0.04365,36,0.6878,186616.96,2024-11-02T07:00:00Z
2024-11-30,P00570,0.04365,37,0.6822,185963.8,2024-12-02T07:00:00Z
2024-12-31,P00570,0.04365,38,0.6767,185312.92,2025-01-02T07:00:00Z
2025-01-31,P00570,0.04365,39,0.6711,184664.33,2025-02-02T07:00:00Z
2025-02-28,P00570,0.04365,40,0.6655,184018.0,2025-03-02T07:00:00Z
2025-03-31,P00570,0.04365,41,0.6599,183373.94,2025-04-02T07:00:00Z
2025-04-30,P00570,0.04365,42,0.6543,182732.13,2025-05-02T07:00:00Z
2025-05-31,P00570,0.04365,43,0.6487,182092.57,2025-06-02T07:00:00Z
2025-06-30,P00570,0.04365,44,0.6431,181455.24,2025-07-02T07:00:00Z
2025-07-31,P00570,0.04365,45,0.6376,180820.15,2025-08-02T07:00:00Z
2025-08-31,P00570,0.04365,46,0.632,180187.28,2025-09-02T07:00:00Z
2025-09-30,P00570,0.04365,47,0.6264,179556.62,2025-10-02T07:00:00Z
2025-10-31,P00570,0.04365,48,0.6208,178928.18,2025-11-02T07:00:00Z
2025-11-30,P00570,0.04365,49,0.6152,178301.93,2025-12-02T07:00:00Z
2025-12-31,P00570,0.04365,50,0.6096,177677.87,2026-01-02T07:00:00Z
2023-07-31,P00571,0.06084,84,0.9079,442560.78,2023-08-02T07:00:00Z
2023-08-31,P00571,0.06084,85,0.9017,441011.82,2023-09-02T07:00:00Z
2023-09-30,P00571,0.06084,86,0.8956,439468.28,2023-10-02T07:00:00Z
2023-10-31,P00571,0.06084,87,0.8895,437930.14,2023-11-02T07:00:00Z
2023-11-30,P00571,0.06084,88,0.8833,436397.38,2023-12-02T07:00:00Z
2023-12-31,P00571,0.06084,89,0.8772,434869.99,2024-01-02T07:00:00Z
2024-01-31,P00571,0.06084,90,0.8711,433347.95,2024-02-02T07:00:00Z
2024-02-29,P00571,0.06084,91,0.8649,431831.23,2024-03-02T07:00:00Z
2024-03-31,P00571,0.06084,92,0.8588,430319.82,2024-04-02T07:00:00Z
2024-04-30,P00571,0.06084,93,0.8527,428813.7,2024-05-02T07:00:00Z
2024-05-31,P00571,0.06084,94,0.8466,427312.85,2024-06-02T07:00:00Z
2024-06-30,P00571,0.06084,95,0.8404,425817.26,2024-07-02T07:00:00Z
2024-07-31,P00571,0.06084,96,0.8343,424326.9,2024-08-02T07:00:00Z
2024-08-31,P00571,0.06084,97,0.8282,422841.75,2024-09-02T07:00:00Z
2024-09-30,P00571,0.06084,98,0.822,421361.81,2024-10-02T07:00:00Z
2024-10-31,P00571,0.06084,99,0.8159,419887.04,2024-11-02T07:00:00Z
2024-11-30,P00571,0.06084,100,0.8098,418417.43,2024-12-02T07:00:00Z
2024-12-31,P00571,0.06084,101,0.8036,416952.97,2025-01-02T07:00:00Z
2025-01-31,P00571,0.06084,102,0.7975,415493.64,2025-02-02T07:00:00Z
2025-02-28,P00571,0.06084,103,0.7914,414039.41,2025-03-02T07:00:00Z
2025-03-31,P00571,0.06084,104,0.7852,412590.27,2025-04-02T07:00:00Z
2025-04-30,P00571,0.06084,105,0.7791,411146.21,2025-05-02T07:00:00Z
2025-05-31,P00571,0.06084,106,0.773,409707.19,2025-06-02T07:00:00Z
2025-06-30,P00571,0.06084,107,0.7668,408273.22,2025-07-02T07:00:00Z
2025-07-31,P00571,0.06084,108,0.7607,406844.26,2025-08-02T07:00:00Z
2025-08-31,P00571,0.06084,109,0.7546,405420.31,2025-09-02T07:00:00Z
2025-09-30,P00571,0.06084,110,0.7485,404001.34,2025-10-02T07:00:00Z
2025-10-31,P00571,0.06084,111,0.7423,402587.33,2025-11-02T07:00:00Z
2025-11-30,P00571,0.06084,112,0.7362,401178.28,2025-12-02T07:00:00Z
2025-12-31,P00571,0.06084,113,0.7301,399774.15,2026-01-02T07:00:00Z
2023-07-31,P00572,0.06957,81,0.6737,566619.08,2023-08-02T07:00:00Z
2023-08-31,P00572,0.06957,82,0.6685,564635.91,2023-09-02T07:00:00Z
2023-09-30,P00572,0.06957,83,0.6633,562659.69,2023-10-02T07:00:00Z
2023-10-31,P00572,0.06957,84,0.6581,560690.38,2023-11-02T07:00:00Z
2023-11-30,P00572,0.06957,85,0.6529,558727.96,2023-12-02T07:00:00Z
2023-12-31,P00572,0.06957,86,0.6477,556772.41,2024-01-02T07:00:00Z
2024-01-31,P00572,0.06957,87,0.6425,554823.71,2024-02-02T07:00:00Z
2024-02-29,P00572,0.06957,88,0.6373,552881.83,2024-03-02T07:00:00Z
2024-03-31,P00572,0.06957,89,0.6322,550946.74,2024-04-02T07:00:00Z
2024-04-30,P00572,0.06957,90,0.627,549018.43,2024-05-02T07:00:00Z
2024-05-31,P00572,0.06957,91,0.6218,547096.86,2024-06-02T07:00:00Z
2024-06-30,P00572,0.06957,92,0.6166,545182.02,2024-07-02T07:00:00Z
2024-07-31,P00572,0.06957,93,0.6114,543273.89,2024-08-02T07:00:00Z
2024-08-31,P00572,0.06957,94,0.6062,541372.43,2024-09-02T07:00:00Z
2024-09-30,P00572,0.06957,95,0.601,539477.63,2024-10-02T07:00:00Z
2023-07-31,P00573,0.07235,37,0.8324,550815.77,2023-08-02T07:00:00Z
2023-08-31,P00573,0.07235,38,0.8266,548887.91,2023-09-02T07:00:00Z
2023-09-30,P00573,0.07235,39,0.8208,546966.81,2023-10-02T07:00:00Z
2023-10-31,P00573,0.07235,40,0.815,545052.42,2023-11-02T07:00:00Z
2023-11-30,P00573,0.07235,41,0.8091,543144.74,2023-12-02T07:00:00Z
2023-12-31,P00573,0.07235,42,0.8033,541243.73,2024-01-02T07:00:00Z
2024-01-31,P00573,0.07235,43,0.7975,539349.38,2024-02-02T07:00:00Z
2024-02-29,P00573,0.07235,44,0.7916,537461.66,2024-03-02T07:00:00Z
2024-03-31,P00573,0.07235,45,0.7858,535580.54,2024-04-02T07:00:00Z
2024-04-30,P00573,0.07235,46,0.78,533706.01,2024-05-02T07:00:00Z
2024-05-31,P00573,0.07235,47,0.7741,531838.04,2024-06-02T07:00:00Z
2024-06-30,P00573,0.07235,48,0.7683,529976.61,2024-07-02T07:00:00Z
2024-07-31,P00573,0.07235,49,0.7625,528121.69,2024-08-02T07:00:00Z
2024-08-31,P00573,0.07235,50,0.7567,526273.26,2024-09-02T07:00:00Z
2024-09-30,P00573,0.07235,51,0.7508,524431.31,2024-10-02T07:00:00Z
2023-07-31,P00574,0.06554,132,0.7421,482873.26,2023-08-02T07:00:00Z
2023-08-31,P00574,0.06554,133,0.7366,481183.2,2023-09-02T07:00:00Z
2023-09-30,P00574,0.06554,134,0.7312,479499.06,2023-10-02T07:00:00Z
2023-10-31,P00574,0.06554,135,0.7257,477820.82,2023-11-02T07:00:00Z
2023-11-30,P00574,0.06554,136,0.7202,476148.44,2023-12-02T07:00:00Z
2023-12-31,P00574,0.06554,137,0.7148,474481.92,2024-01-02T07:00:00Z
2024-01-31,P00574,0.06554,138,0.7093,472821.24,2024-02-02T07:00:00Z
2024-02-29,P00574,0.06554,139,0.7038,471166.36,2024-03-02T07:00:00Z
2024-03-31,P00574,0.06554,140,0.6983,469517.28,2024-04-02T07:00:00Z
2024-04-30,P00574,0.06554,141,0.6929,467873.97,2024-05-02T07:00:00Z
2024-05-31,P00574,0.06554,142,0.6874,466236.41,2024-06-02T07:00:00Z
2024-06-30,P00574,0.06554,143,0.6819,464604.58,2024-07-02T07:00:00Z
2024-07-31,P00574,0.06554,144,0.6765,462978.47,2024-08-02T07:00:00Z
2024-08-31,P00574,0.06554,145,0.671,461358.04,2024-09-02T07:00:00Z
2024-09-30,P00574,0.06554,146,0.6655,459743.29,2024-10-02T07:00:00Z
2024-10-31,P00574,0.06554,147,0.6601,458134.19,2024-11-02T07:00:00Z
2024-11-30,P00574,0.06554,148,0.6546,456530.72,2024-12-02T07:00:00Z
2024-12-31,P00574,0.06554,149,0.6491,454932.86,2025-01-02T07:00:00Z
2025-01-31,P00574,0.06554,150,0.6437,453340.6,2025-02-02T07:00:00Z
2025-02-28,P00574,0.06554,151,0.6382,451753.9,2025-03-02T07:00:00Z
2025-03-31,P00574,0.06554,152,0.6327,450172.76,2025-04-02T07:00:00Z
2025-04-30,P00574,0.06554,153,0.6273,448597.16,2025-05-02T07:00:00Z
2025-05-31,P00574,0.06554,154,0.6218,447027.07,2025-06-02T07:00:00Z
2025-06-30,P00574,0.06554,155,0.6163,445462.48,2025-07-02T07:00:00Z
2025-07-31,P00574,0.06554,156,0.6109,443903.36,2025-08-02T07:00:00Z
2025-08-31,P00574,0.06554,157,0.6054,442349.69,2025-09-02T07:00:00Z
2025-09-30,P00574,0.06554,158,0.5999,440801.47,2025-10-02T07:00:00Z
2025-10-31,P00574,0.06554,159,0.5944,439258.67,2025-11-02T07:00:00Z
2025-11-30,P00574,0.06554,160,0.589,437721.26,2025-12-02T07:00:00Z
2025-12-31,P00574,0.06554,161,0.5835,436189.24,2026-01-02T07:00:00Z
2023-07-31,P00575,0.04816,50,0.7549,684557.37,2023-08-02T07:00:00Z
2023-08-31,P00575,0.04816,51,0.7493,682161.42,2023-09-02T07:00:00Z
2023-09-30,P00575,0.04816,52,0.7438,679773.85,2023-10-02T07:00:00Z
2023-10-31,P00575,0.04816,53,0.7383,677394.65,2023-11-02T07:00:00Z
2023-11-30,P00575,0.04816,54,0.7328,675023.76,2023-12-02T07:00:00Z
2023-12-31,P00575,0.04816,55,0.7273,672661.18,2024-01-02T07:00:00Z
2024-01-31,P00575,0.04816,56,0.7218,670306.87,2024-02-02T07:00:00Z
2024-02-29,P00575,0.04816,57,0.7162,667960.79,2024-03-02T07:00:00Z
2024-03-31,P00575,0.04816,58,0.7107,665622.93,2024-04-02T07:00:00Z
2024-04-30,P00575,0.04816,59,0.7052,663293.25,2024-05-02T07:00:00Z
2024-05-31,P00575,0.04816,60,0.6997,660971.72,2024-06-02T07:00:00Z
2024-06-30,P00575,0.04816,61,0.6942,658658.32,2024-07-02T07:00:00Z
2024-07-31,P00575,0.04816,62,0.6886,656353.02,2024-08-02T07:00:00Z
2024-08-31,P00575,0.04816,63,0.6831,654055.78,2024-09-02T07:00:00Z
2024-09-30,P00575,0.04816,64,0.6776,651766.59,2024-10-02T07:00:00Z
2024-10-31,P00575,0.04816,65,0.6721,649485.4,2024-11-02T07:00:00Z
2024-11-30,P00575,0.04816,66,0.6666,647212.21,2024-12-02T07:00:00Z
2024-12-31,P00575,0.04816,67,0.661,644946.96,2025-01-02T07:00:00Z
2025-01-31,P00575,0.04816,68,0.6555,642689.65,2025-02-02T07:00:00Z
2025-02-28,P00575,0.04816,69,0.65,640440.23,2025-03-02T07:00:00Z
2025-03-31,P00575,0.04816,70,0.6445,638198.69,2025-04-02T07:00:00Z
2025-04-30,P00575,0.04816,71,0.639,635965.0,2025-05-02T07:00:00Z
2025-05-31,P00575,0.04816,72,0.6334,633739.12,2025-06-02T07:00:00Z
2025-06-30,P00575,0.04816,73,0.6279,631521.03,2025-07-02T07:00:00Z
2025-07-31,P00575,0.04816,74,0.6224,629310.71,2025-08-02T07:00:00Z
2025-08-31,P00575,0.04816,75,0.6169,627108.12,2025-09-02T07:00:00Z
2025-09-30,P00575,0.04816,76,0.6114,624913.24,2025-10-02T07:00:00Z
2025-10-31,P00575,0.04816,77,0.6058,622726.05,2025-11-02T07:00:00Z
2025-11-30,P00575,0.04816,78,0.6003,620546.51,2025-12-02T07:00:00Z
2025-12-31,P00575,0.04816,79,0.5948,618374.59,2026-01-02T07:00:00Z
2023-07-31,P00576,0.066,105,0.9226,526559.94,2023-08-02T07:00:00Z
2023-08-31,P00576,0.066,106,0.9164,524716.98,2023-09-02T07:00:00Z
2023-09-30,P00576,0.066,107,0.9102,522880.47,2023-10-02T07:00:00Z
2023-10-31,P00576,0.066,108,0.904,521050.39,2023-11-02T07:00:00Z
2023-11-30,P00576,0.066,109,0.8978,519226.71,2023-12-02T07:00:00Z
2023-12-31,P00576,0.066,110,0.8916,517409.42,2024-01-02T07:00:00Z
2024-01-31,P00576,0.066,111,0.8854,515598.49,2024-02-02T07:00:00Z
2024-02-29,P00576,0.066,112,0.8793,513793.89,2024-03-02T07:00:00Z
2024-03-31,P00576,0.066,113,0.8731,511995.61,2024-04-02T07:00:00Z
2024-04-30,P00576,0.066,114,0.8669,510203.63,2024-05-02T07:00:00Z
2024-05-31,P00576,0.066,115,0.8607,508417.92,2024-06-02T07:00:00Z
2024-06-30,P00576,0.066,116,0.8545,506638.45,2024-07-02T07:00:00Z
2024-07-31,P00576,0.066,117,0.8483,504865.22,2024-08-02T07:00:00Z
2024-08-31,P00576,0.066,118,0.8421,503098.19,2024-09-02T07:00:00Z
2024-09-30,P00576,0.066,119,0.8359,501337.35,2024-10-02T07:00:00Z
2024-10-31,P00576,0.066,120,0.8297,499582.67,2024-11-02T07:00:00Z
2024-11-30,P00576,0.066,121,0.8235,497834.13,2024-12-02T07:00:00Z
2024-12-31,P00576,0.066,122,0.8174,496091.71,2025-01-02T07:00:00Z
2025-01-31,P00576,0.066,123,0.8112,494355.39,2025-02-02T07:00:00Z
2025-02-28,P00576,0.066,124,0.805,492625.14,2025-03-02T07:00:00Z
2025-03-31,P00576,0.066,125,0.7988,490900.95,2025-04-02T07:00:00Z
2025-04-30,P00576,0.066,126,0.7926,489182.8,2025-05-02T07:00:00Z
2025-05-31,P00576,0.066,127,0.7864,487470.66,2025-06-02T07:00:00Z
2025-06-30,P00576,0.066,128,0.7802,485764.51,2025-07-02T07:00:00Z
2025-07-31,P00576,0.066,129,0.774,484064.34,2025-08-02T07:00:00Z
2025-08-31,P00576,0.066,130,0.7678,482370.11,2025-09-02T07:00:00Z
2025-09-30,P00576,0.066,131,0.7616,480681.82,2025-10-02T07:00:00Z
2025-10-31,P00576,0.066,132,0.7554,478999.43,2025-11-02T07:00:00Z
2025-11-30,P00576,0.066,133,0.7493,477322.93,2025-12-02T07:00:00Z
2025-12-31,P00576,0.066,134,0.7431,475652.3,2026-01-02T07:00:00Z
2023-07-31,P00577,0.05878,85,0.6807,349508.97,2023-08-02T07:00:00Z
2023-08-31,P00577,0.05878,86,0.6754,348285.69,2023-09-02T07:00:00Z
2023-09-30,P00577,0.05878,87,0.6702,347066.69,2023-10-02T07:00:00Z
2023-10-31,P00577,0.05878,88,0.665,345851.96,2023-11-02T07:00:00Z
2023-11-30,P00577,0.05878,89,0.6598,344641.47,2023-12-02T07:00:00Z
2023-12-31,P00577,0.05878,90,0.6545,343435.23,2024-01-02T07:00:00Z
2024-01-31,P00577,0.05878,91,0.6493,342233.2,2024-02-02T07:00:00Z
2024-02-29,P00577,0.05878,92,0.6441,341035.39,2024-03-02T07:00:00Z
2024-03-31,P00577,0.05878,93,0.6389,339841.76,2024-04-02T07:00:00Z
2024-04-30,P00577,0.05878,94,0.6336,338652.32,2024-05-02T07:00:00Z
2024-05-31,P00577,0.05878,95,0.6284,337467.04,2024-06-02T07:00:00Z
2024-06-30,P00577,0.05878,96,0.6232,336285.9,2024-07-02T07:00:00Z
2024-07-31,P00577,0.05878,97,0.618,335108.9,2024-08-02T07:00:00Z
2024-08-31,P00577,0.05878,98,0.6128,333936.02,2024-09-02T07:00:00Z
2024-09-30,P00577,0.05878,99,0.6075,332767.24,2024-10-02T07:00:00Z
2024-10-31,P00577,0.05878,100,0.6023,331602.56,2024-11-02T07:00:00Z
2024-11-30,P00577,0.05878,101,0.5971,330441.95,2024-12-02T07:00:00Z
2024-12-31,P00577,0.05878,102,0.5919,329285.4,2025-01-02T07:00:00Z
2025-01-31,P00577,0.05878,103,0.5866,328132.9,2025-02-02T07:00:00Z
2025-02-28,P00577,0.05878,104,0.5814,326984.44,2025-03-02T07:00:00Z
2025-03-31,P00577,0.05878,105,0.5762,325839.99,2025-04-02T07:00:00Z
2025-04-30,P00577,0.05878,106,0.571,324699.55,2025-05-02T07:00:00Z
2025-05-31,P00577,0.05878,107,0.5658,323563.1,2025-06-02T07:00:00Z
2025-06-30,P00577,0.05878,108,0.5605,322430.63,2025-07-02T07:00:00Z
2025-07-31,P00577,0.05878,109,0.5553,321302.13,2025-08-02T07:00:00Z
2025-08-31,P00577,0.05878,110,0.5501,320177.57,2025-09-02T07:00:00Z
2025-09-30,P00577,0.05878,111,0.5449,319056.95,2025-10-02T07:00:00Z
2025-10-31,P00577,0.05878,112,0.5396,317940.25,2025-11-02T07:00:00Z
2025-11-30,P00577,0.05878,113,0.5344,316827.46,2025-12-02T07:00:00Z
2025-12-31,P00577,0.05878,114,0.5292,315718.56,2026-01-02T07:00:00Z
2023-07-31,P00578,0.04622,30,0.5953,394283.47,2023-08-02T07:00:00Z
2023-08-31,P00578,0.04622,31,0.5904,392903.48,2023-09-02T07:00:00Z
2023-09-30,P00578,0.04622,32,0.5855,391528.32,2023-10-02T07:00:00Z
2023-10-31,P00578,0.04622,33,0.5806,390157.97,2023-11-02T07:00:00Z
2023-11-30,P00578,0.04622,34,0.5758,388792.41,2023-12-02T07:00:00Z
2023-12-31,P00578,0.04622,35,0.5709,387431.64,2024-01-02T07:00:00Z
2024-01-31,P00578,0.04622,36,0.566,386075.63,2024-02-02T07:00:00Z
2024-02-29,P00578,0.04622,37,0.5611,384724.36,2024-03-02T07:00:00Z
2024-03-31,P00578,0.04622,38,0.5562,383377.83,2024-04-02T07:00:00Z
2024-04-30,P00578,0.04622,39,0.5513,382036.01,2024-05-02T07:00:00Z
2024-05-31,P00578,0.04622,40,0.5465,380698.88,2024-06-02T07:00:00Z
2024-06-30,P00578,0.04622,41,0.5416,379366.44,2024-07-02T07:00:00Z
2024-07-31,P00578,0.04622,42,0.5367,378038.65,2024-08-02T07:00:00Z
2024-08-31,P00578,0.04622,43,0.5318,376715.52,2024-09-02T07:00:00Z
2024-09-30,P00578,0.04622,44,0.5269,375397.01,2024-10-02T07:00:00Z
2024-10-31,P00578,0.04622,45,0.5221,374083.12,2024-11-02T07:00:00Z
2024-11-30,P00578,0.04622,46,0.5172,372773.83,2024-12-02T07:00:00Z
2024-12-31,P00578,0.04622,47,0.5123,371469.12,2025-01-02T07:00:00Z
2025-01-31,P00578,0.04622,48,0.5074,370168.98,2025-02-02T07:00:00Z
2025-02-28,P00578,0.04622,49,0.5025,368873.39,2025-03-02T07:00:00Z
2025-03-31,P00578,0.04622,50,0.4977,367582.33,2025-04-02T07:00:00Z
2025-04-30,P00578,0.04622,51,0.4928,366295.8,2025-05-02T07:00:00Z
2025-05-31,P00578,0.04622,52,0.4879,365013.76,2025-06-02T07:00:00Z
2025-06-30,P00578,0.04622,53,0.483,363736.21,2025-07-02T07:00:00Z
2025-07-31,P00578,0.04622,54,0.4781,362463.14,2025-08-02T07:00:00Z
2025-08-31,P00578,0.04622,55,0.4732,361194.51,2025-09-02T07:00:00Z
2025-09-30,P00578,0.04622,56,0.4684,359930.33,2025-10-02T07:00:00Z
2025-10-31,P00578,0.04622,57,0.4635,358670.58,2025-11-02T07:00:00Z
2025-11-30,P00578,0.04622,58,0.4586,357415.23,2025-12-02T07:00:00Z
2025-12-31,P00578,0.04622,59,0.4537,356164.28,2026-01-02T07:00:00Z
2023-07-31,P00579,0.05533,18,0.7651,408786.21,2023-08-02T07:00:00Z
2023-08-31,P00579,0.05533,19,0.7595,407355.46,2023-09-02T07:00:00Z
2023-09-30,P00579,0.05533,20,0.754,405929.71,2023-10-02T07:00:00Z
2023-10-31,P00579,0.05533,21,0.7484,404508.96,2023-11-02T07:00:00Z
2023-11-30,P00579,0.05533,22,0.7428,403093.18,2023-12-02T07:00:00Z
2023-12-31,P00579,0.05533,23,0.7373,401682.35,2024-01-02T07:00:00Z
2024-01-31,P00579,0.05533,24,0.7317,400276.46,2024-02-02T07:00:00Z
2024-02-29,P00579,0.05533,25,0.7262,398875.5,2024-03-02T07:00:00Z
2024-03-31,P00579,0.05533,26,0.7206,397479.43,2024-04-02T07:00:00Z
2024-04-30,P00579,0.05533,27,0.715,396088.25,2024-05-02T07:00:00Z
2024-05-31,P00579,0.05533,28,0.7095,394701.95,2024-06-02T07:00:00Z
2024-06-30,P00579,0.05533,29,0.7039,393320.49,2024-07-02T07:00:00Z
2024-07-31,P00579,0.05533,30,0.6984,391943.87,2024-08-02T07:00:00Z
2024-08-31,P00579,0.05533,31,0.6928,390572.06,2024-09-02T07:00:00Z
2024-09-30,P00579,0.05533,32,0.6872,389205.06,2024-10-02T07:00:00Z
2024-10-31,P00579,0.05533,33,0.6817,387842.84,2024-11-02T07:00:00Z
2024-11-30,P00579,0.05533,34,0.6761,386485.39,2024-12-02T07:00:00Z
2024-12-31,P00579,0.05533,35,0.6706,385132.69,2025-01-02T07:00:00Z
2025-01-31,P00579,0.05533,36,0.665,383784.73,2025-02-02T07:00:00Z
2025-02-28,P00579,0.05533,37,0.6594,382441.48,2025-03-02T07:00:00Z
2025-03-31,P00579,0.05533,38,0.6539,381102.94,2025-04-02T07:00:00Z
2025-04-30,P00579,0.05533,39,0.6483,379769.08,2025-05-02T07:00:00Z
2025-05-31,P00579,0.05533,40,0.6428,378439.89,2025-06-02T07:00:00Z
2025-06-30,P00579,0.05533,41,0.6372,377115.35,2025-07-02T07:00:00Z
2025-07-31,P00579,0.05533,42,0.6316,375795.44,2025-08-02T07:00:00Z
2025-08-31,P00579,0.05533,43,0.6261,374480.16,2025-09-02T07:00:00Z
2025-09-30,P00579,0.05533,44,0.6205,373169.48,2025-10-02T07:00:00Z
2025-10-31,P00579,0.05533,45,0.615,371863.39,2025-11-02T07:00:00Z
2025-11-30,P00579,0.05533,46,0.6094,370561.86,2025-12-02T07:00:00Z
2025-12-31,P00579,0.05533,47,0.6038,369264.9,2026-01-02T07:00:00Z
2023-07-31,P00580,0.07621,131,0.6494,280601.09,2023-08-02T07:00:00Z
2023-08-31,P00580,0.07621,132,0.6443,279618.99,2023-09-02T07:00:00Z
2023-09-30,P00580,0.07621,133,0.6392,278640.32,2023-10-02T07:00:00Z
2023-10-31,P00580,0.07621,134,0.6341,277665.08,2023-11-02T07:00:00Z
2023-11-30,P00580,0.07621,135,0.629,276693.25,2023-12-02T07:00:00Z
2023-12-31,P00580,0.07621,136,0.6239,275724.82,2024-01-02T07:00:00Z
2024-01-31,P00580,0.07621,137,0.6188,274759.79,2024-02-02T07:00:00Z
2024-02-29,P00580,0.07621,138,0.6137,273798.13,2024-03-02T07:00:00Z
2024-03-31,P00580,0.07621,139,0.6086,272839.83,2024-04-02T07:00:00Z
2024-04-30,P00580,0.07621,140,0.6035,271884.9,2024-05-02T07:00:00Z
2024-05-31,P00580,0.07621,141,0.5984,270933.3,2024-06-02T07:00:00Z
2024-06-30,P00580,0.07621,142,0.5933,269985.03,2024-07-02T07:00:00Z
2024-07-31,P00580,0.07621,143,0.5882,269040.08,2024-08-02T07:00:00Z
2023-07-31,P00581,0.06581,132,0.691,109005.77,2023-08-02T07:00:00Z
2023-08-31,P00581,0.06581,133,0.6857,108624.25,2023-09-02T07:00:00Z
2023-09-30,P00581,0.06581,134,0.6804,108244.06,2023-10-02T07:00:00Z
2023-10-31,P00581,0.06581,135,0.6752,107865.21,2023-11-02T07:00:00Z
2023-11-30,P00581,0.06581,136,0.6699,107487.68,2023-12-02T07:00:00Z
2023-12-31,P00581,0.06581,137,0.6646,107111.48,2024-01-02T07:00:00Z
2024-01-31,P00581,0.06581,138,0.6594,106736.59,2024-02-02T07:00:00Z
2024-02-29,P00581,0.06581,139,0.6541,106363.01,2024-03-02T07:00:00Z
2024-03-31,P00581,0.06581,140,0.6489,105990.74,2024-04-02T07:00:00Z
2024-04-30,P00581,0.06581,141,0.6436,105619.77,2024-05-02T07:00:00Z
2024-05-31,P00581,0.06581,142,0.6383,105250.1,2024-06-02T07:00:00Z
2024-06-30,P00581,0.06581,143,0.6331,104881.72,2024-07-02T07:00:00Z
2024-07-31,P00581,0.06581,144,0.6278,104514.64,2024-08-02T07:00:00Z
2024-08-31,P00581,0.06581,145,0.6225,104148.84,2024-09-02T07:00:00Z
2024-09-30,P00581,0.06581,146,0.6173,103784.32,2024-10-02T07:00:00Z
2024-10-31,P00581,0.06581,147,0.612,103421.07,2024-11-02T07:00:00Z
2024-11-30,P00581,0.06581,148,0.6067,103059.1,2024-12-02T07:00:00Z
2024-12-31,P00581,0.06581,149,0.6015,102698.39,2025-01-02T07:00:00Z
2025-01-31,P00581,0.06581,150,0.5962,102338.95,2025-02-02T07:00:00Z
2025-02-28,P00581,0.06581,151,0.5909,101980.76,2025-03-02T07:00:00Z
2025-03-31,P00581,0.06581,152,0.5857,101623.83,2025-04-02T07:00:00Z
2025-04-30,P00581,0.06581,153,0.5804,101268.14,2025-05-02T07:00:00Z
2025-05-31,P00581,0.06581,154,0.5752,100913.71,2025-06-02T07:00:00Z
2025-06-30,P00581,0.06581,155,0.5699,100560.51,2025-07-02T07:00:00Z
2025-07-31,P00581,0.06581,156,0.5646,100208.55,2025-08-02T07:00:00Z
2025-08-31,P00581,0.06581,157,0.5594,99857.82,2025-09-02T07:00:00Z
2023-07-31,P00582,0.07913,120,0.7749,690962.16,2023-08-02T07:00:00Z
2023-08-31,P00582,0.07913,121,0.7693,688543.79,2023-09-02T07:00:00Z
2023-09-30,P00582,0.07913,122,0.7637,686133.89,2023-10-02T07:00:00Z
2023-10-31,P00582,0.07913,123,0.7581,683732.42,2023-11-02T07:00:00Z
2023-07-31,P00583,0.06218,2,0.6682,248879.27,2023-08-02T07:00:00Z
2023-08-31,P00583,0.06218,3,0.663,248008.19,2023-09-02T07:00:00Z
2023-09-30,P00583,0.06218,4,0.6578,247140.16,2023-10-02T07:00:00Z
2023-10-31,P00583,0.06218,5,0.6527,246275.17,2023-11-02T07:00:00Z
2023-11-30,P00583,0.06218,6,0.6475,245413.21,2023-12-02T07:00:00Z
2023-12-31,P00583,0.06218,7,0.6423,244554.26,2024-01-02T07:00:00Z
2024-01-31,P00583,0.06218,8,0.6372,243698.32,2024-02-02T07:00:00Z
2024-02-29,P00583,0.06218,9,0.632,242845.38,2024-03-02T07:00:00Z
2024-03-31,P00583,0.06218,10,0.6268,241995.42,2024-04-02T07:00:00Z
2024-04-30,P00583,0.06218,11,0.6216,241148.44,2024-05-02T07:00:00Z
2024-05-31,P00583,0.06218,12,0.6165,240304.42,2024-06-02T07:00:00Z
2024-06-30,P00583,0.06218,13,0.6113,239463.35,2024-07-02T07:00:00Z
2024-07-31,P00583,0.06218,14,0.6061,238625.23,2024-08-02T07:00:00Z
2024-08-31,P00583,0.06218,15,0.6009,237790.04,2024-09-02T07:00:00Z
2024-09-30,P00583,0.06218,16,0.5958,236957.78,2024-10-02T07:00:00Z
2024-10-31,P00583,0.06218,17,0.5906,236128.42,2024-11-02T07:00:00Z
2024-11-30,P00583,0.06218,18,0.5854,235301.98,2024-12-02T07:00:00Z
2024-12-31,P00583,0.06218,19,0.5803,234478.42,2025-01-02T07:00:00Z
2025-01-31,P00583,0.06218,20,0.5751,233657.74,2025-02-02T07:00:00Z
2025-02-28,P00583,0.06218,21,0.5699,232839.94,2025-03-02T07:00:00Z
2025-03-31,P00583,0.06218,22,0.5647,232025.0,2025-04-02T07:00:00Z
2025-04-30,P00583,0.06218,23,0.5596,231212.91,2025-05-02T07:00:00Z
2025-05-31,P00583,0.06218,24,0.5544,230403.67,2025-06-02T07:00:00Z
2025-06-30,P00583,0.06218,25,0.5492,229597.26,2025-07-02T07:00:00Z
2025-07-31,P00583,0.06218,26,0.544,228793.67,2025-08-02T07:00:00Z
2025-08-31,P00583,0.06218,27,0.5389,227992.89,2025-09-02T07:00:00Z
2025-09-30,P00583,0.06218,28,0.5337,227194.91,2025-10-02T07:00:00Z
2025-10-31,P00583,0.06218,29,0.5285,226399.73,2025-11-02T07:00:00Z
2025-11-30,P00583,0.06218,30,0.5234,225607.33,2025-12-02T07:00:00Z
2025-12-31,P00583,0.06218,31,0.5182,224817.71,2026-01-02T07:00:00Z
2023-07-31,P00584,0.07589,41,0.5975,387364.29,2023-08-02T07:00:00Z
2023-08-31,P00584,0.07589,42,0.5926,386008.51,2023-09-02T07:00:00Z
2023-09-30,P00584,0.07589,43,0.5877,384657.49,2023-10-02T07:00:00Z
2023-10-31,P00584,0.07589,44,0.5828,383311.18,2023-11-02T07:00:00Z
2023-11-30,P00584,0.07589,45,0.5779,381969.59,2023-12-02T07:00:00Z
2023-12-31,P00584,0.07589,46,0.573,380632.7,2024-01-02T07:00:00Z
2024-01-31,P00584,0.07589,47,0.5681,379300.49,2024-02-02T07:00:00Z
2024-02-29,P00584,0.07589,48,0.5632,377972.94,2024-03-02T07:00:00Z
2024-03-31,P00584,0.07589,49,0.5583,376650.03,2024-04-02T07:00:00Z
2024-04-30,P00584,0.07589,50,0.5535,375331.75,2024-05-02T07:00:00Z
2024-05-31,P00584,0.07589,51,0.5486,374018.09,2024-06-02T07:00:00Z
2024-06-30,P00584,0.07589,52,0.5437,372709.03,2024-07-02T07:00:00Z
2024-07-31,P00584,0.07589,53,0.5388,371404.55,2024-08-02T07:00:00Z
2024-08-31,P00584,0.07589,54,0.5339,370104.63,2024-09-02T07:00:00Z
2024-09-30,P00584,0.07589,55,0.529,368809.27,2024-10-02T07:00:00Z
2024-10-31,P00584,0.07589,56,0.5241,367518.43,2024-11-02T07:00:00Z
2024-11-30,P00584,0.07589,57,0.5192,366232.12,2024-12-02T07:00:00Z
2024-12-31,P00584,0.07589,58,0.5143,364950.31,2025-01-02T07:00:00Z
2025-01-31,P00584,0.07589,59,0.5094,363672.98,2025-02-02T07:00:00Z
2025-02-28,P00584,0.07589,60,0.5046,362400.13,2025-03-02T07:00:00Z
2025-03-31,P00584,0.07589,61,0.4997,361131.73,2025-04-02T07:00:00Z
2025-04-30,P00584,0.07589,62,0.4948,359867.76,2025-05-02T07:00:00Z
2025-05-31,P00584,0.07589,63,0.4899,358608.23,2025-06-02T07:00:00Z
2025-06-30,P00584,0.07589,64,0.485,357353.1,2025-07-02T07:00:00Z
2025-07-31,P00584,0.07589,65,0.4801,356102.36,2025-08-02T07:00:00Z
2025-08-31,P00584,0.07589,66,0.4752,354856.0,2025-09-02T07:00:00Z
2025-09-30,P00584,0.07589,67,0.4703,353614.01,2025-10-02T07:00:00Z
2025-10-31,P00584,0.07589,68,0.4654,352376.36,2025-11-02T07:00:00Z
2025-11-30,P00584,0.07589,69,0.4605,351143.04,2025-12-02T07:00:00Z
2025-12-31,P00584,0.07589,70,0.4557,349914.04,2026-01-02T07:00:00Z
2023-07-31,P00585,0.04509,24,0.7374,135041.48,2023-08-02T07:00:00Z
2023-08-31,P00585,0.04509,25,0.732,134568.83,2023-09-02T07:00:00Z
2023-09-30,P00585,0.04509,26,0.7265,134097.84,2023-10-02T07:00:00Z
2023-10-31,P00585,0.04509,27,0.7211,133628.5,2023-11-02T07:00:00Z
2023-11-30,P00585,0.04509,28,0.7156,133160.8,2023-12-02T07:00:00Z
2023-12-31,P00585,0.04509,29,0.7102,132694.74,2024-01-02T07:00:00Z
2024-01-31,P00585,0.04509,30,0.7047,132230.31,2024-02-02T07:00:00Z
2024-02-29,P00585,0.04509,31,0.6993,131767.5,2024-03-02T07:00:00Z
2024-03-31,P00585,0.04509,32,0.6938,131306.31,2024-04-02T07:00:00Z
2024-04-30,P00585,0.04509,33,0.6884,130846.74,2024-05-02T07:00:00Z
2024-05-31,P00585,0.04509,34,0.6829,130388.78,2024-06-02T07:00:00Z
2024-06-30,P00585,0.04509,35,0.6775,129932.42,2024-07-02T07:00:00Z
2024-07-31,P00585,0.04509,36,0.672,129477.66,2024-08-02T07:00:00Z
2024-08-31,P00585,0.04509,37,0.6666,129024.48,2024-09-02T07:00:00Z
2024-09-30,P00585,0.04509,38,0.6611,128572.9,2024-10-02T07:00:00Z
2024-10-31,P00585,0.04509,39,0.6557,128122.89,2024-11-02T07:00:00Z
2024-11-30,P00585,0.04509,40,0.6502,127674.46,2024-12-02T07:00:00Z
2024-12-31,P00585,0.04509,41,0.6448,127227.6,2025-01-02T07:00:00Z
2025-01-31,P00585,0.04509,42,0.6393,126782.31,2025-02-02T07:00:00Z
2025-02-28,P00585,0.04509,43,0.6339,126338.57,2025-03-02T07:00:00Z
2025-03-31,P00585,0.04509,44,0.6284,125896.38,2025-04-02T07:00:00Z
2025-04-30,P00585,0.04509,45,0.623,125455.74,2025-05-02T07:00:00Z
2025-05-31,P00585,0.04509,46,0.6175,125016.65,2025-06-02T07:00:00Z
2025-06-30,P00585,0.04509,47,0.6121,124579.09,2025-07-02T07:00:00Z
2025-07-31,P00585,0.04509,48,0.6066,124143.06,2025-08-02T07:00:00Z
2025-08-31,P00585,0.04509,49,0.6012,123708.56,2025-09-02T07:00:00Z
2025-09-30,P00585,0.04509,50,0.5957,123275.58,2025-10-02T07:00:00Z
2025-10-31,P00585,0.04509,51,0.5903,122844.12,2025-11-02T07:00:00Z
2025-11-30,P00585,0.04509,52,0.5848,122414.16,2025-12-02T07:00:00Z
2025-12-31,P00585,0.04509,53,0.5794,121985.72,2026-01-02T07:00:00Z
2023-07-31,P00586,0.06951,2,0.7497,521048.27,2023-08-02T07:00:00Z
2023-08-31,P00586,0.06951,3,0.7442,519224.6,2023-09-02T07:00:00Z
2023-09-30,P00586,0.06951,4,0.7387,517407.31,2023-10-02T07:00:00Z
2023-10-31,P00586,0.06951,5,0.7332,515596.39,2023-11-02T07:00:00Z
2023-11-30,P00586,0.06951,6,0.7277,513791.8,2023-12-02T07:00:00Z
2023-12-31,P00586,0.06951,7,0.7222,511993.53,2024-01-02T07:00:00Z
2024-01-31,P00586,0.06951,8,0.7167,510201.55,2024-02-02T07:00:00Z
2024-02-29,P00586,0.06951,9,0.7112,508415.85,2024-03-02T07:00:00Z
2024-03-31,P00586,0.06951,10,0.7057,506636.39,2024-04-02T07:00:00Z
2024-04-30,P00586,0.06951,11,0.7002,504863.17,2024-05-02T07:00:00Z
2024-05-31,P00586,0.06951,12,0.6947,503096.14,2024-06-02T07:00:00Z
2024-06-30,P00586,0.06951,13,0.6892,501335.31,2024-07-02T07:00:00Z
2024-07-31,P00586,0.06951,14,0.6837,499580.63,2024-08-02T07:00:00Z
2024-08-31,P00586,0.06951,15,0.6782,497832.1,2024-09-02T07:00:00Z
2024-09-30,P00586,0.06951,16,0.6727,496089.69,2024-10-02T07:00:00Z
2024-10-31,P00586,0.06951,17,0.6672,494353.38,2024-11-02T07:00:00Z
2024-11-30,P00586,0.06951,18,0.6617,492623.14,2024-12-02T07:00:00Z
2024-12-31,P00586,0.06951,19,0.6562,490898.96,2025-01-02T07:00:00Z
2025-01-31,P00586,0.06951,20,0.6507,489180.81,2025-02-02T07:00:00Z
2025-02-28,P00586,0.06951,21,0.6452,487468.68,2025-03-02T07:00:00Z
2025-03-31,P00586,0.06951,22,0.6397,485762.54,2025-04-02T07:00:00Z
2025-04-30,P00586,0.06951,23,0.6342,484062.37,2025-05-02T07:00:00Z
2025-05-31,P00586,0.06951,24,0.6287,482368.15,2025-06-02T07:00:00Z
2025-06-30,P00586,0.06951,25,0.6232,480679.86,2025-07-02T07:00:00Z
2025-07-31,P00586,0.06951,26,0.6177,478997.48,2025-08-02T07:00:00Z
2025-08-31,P00586,0.06951,27,0.6122,477320.99,2025-09-02T07:00:00Z
2025-09-30,P00586,0.06951,28,0.6067,475650.37,2025-10-02T07:00:00Z
2025-10-31,P00586,0.06951,29,0.6012,473985.59,2025-11-02T07:00:00Z
2025-11-30,P00586,0.06951,30,0.5957,472326.64,2025-12-02T07:00:00Z
2025-12-31,P00586,0.06951,31,0.5902,470673.5,2026-01-02T07:00:00Z
2023-07-31,P00587,0.06668,131,0.8637,104157.45,2023-08-02T07:00:00Z
2023-08-31,P00587,0.06668,132,0.8577,103792.9,2023-09-02T07:00:00Z
2023-09-30,P00587,0.06668,133,0.8518,103429.62,2023-10-02T07:00:00Z
2023-10-31,P00587,0.06668,134,0.8458,103067.62,2023-11-02T07:00:00Z
2023-11-30,P00587,0.06668,135,0.8399,102706.88,2023-12-02T07:00:00Z
2023-12-31,P00587,0.06668,136,0.8339,102347.41,2024-01-02T07:00:00Z
2024-01-31,P00587,0.06668,137,0.8279,101989.19,2024-02-02T07:00:00Z
2024-02-29,P00587,0.06668,138,0.822,101632.23,2024-03-02T07:00:00Z
2024-03-31,P00587,0.06668,139,0.816,101276.52,2024-04-02T07:00:00Z
2024-04-30,P00587,0.06668,140,0.8101,100922.05,2024-05-02T07:00:00Z
2024-05-31,P00587,0.06668,141,0.8041,100568.82,2024-06-02T07:00:00Z
2024-06-30,P00587,0.06668,142,0.7982,100216.83,2024-07-02T07:00:00Z
2024-07-31,P00587,0.06668,143,0.7922,99866.07,2024-08-02T07:00:00Z
2024-08-31,P00587,0.06668,144,0.7863,99516.54,2024-09-02T07:00:00Z
2024-09-30,P00587,0.06668,145,0.7803,99168.23,2024-10-02T07:00:00Z
2024-10-31,P00587,0.06668,146,0.7743,98821.15,2024-11-02T07:00:00Z
2024-11-30,P00587,0.06668,147,0.7684,98475.27,2024-12-02T07:00:00Z
2024-12-31,P00587,0.06668,148,0.7624,98130.61,2025-01-02T07:00:00Z
2025-01-31,P00587,0.06668,149,0.7565,97787.15,2025-02-02T07:00:00Z
2025-02-28,P00587,0.06668,150,0.7505,97444.9,2025-03-02T07:00:00Z
2025-03-31,P00587,0.06668,151,0.7446,97103.84,2025-04-02T07:00:00Z
2025-04-30,P00587,0.06668,152,0.7386,96763.98,2025-05-02T07:00:00Z
2025-05-31,P00587,0.06668,153,0.7327,96425.3,2025-06-02T07:00:00Z
2025-06-30,P00587,0.06668,154,0.7267,96087.81,2025-07-02T07:00:00Z
2025-07-31,P00587,0.06668,155,0.7208,95751.51,2025-08-02T07:00:00Z
2025-08-31,P00587,0.06668,156,0.7148,95416.38,2025-09-02T07:00:00Z
2025-09-30,P00587,0.06668,157,0.7088,95082.42,2025-10-02T07:00:00Z
2025-10-31,P00587,0.06668,158,0.7029,94749.63,2025-11-02T07:00:00Z
2025-11-30,P00587,0.06668,159,0.6969,94418.01,2025-12-02T07:00:00Z
2025-12-31,P00587,0.06668,160,0.691,94087.54,2026-01-02T07:00:00Z
2023-07-31,P00588,0.06378,30,0.9147,185062.09,2023-08-02T07:00:00Z
2023-08-31,P00588,0.06378,31,0.9085,184414.37,2023-09-02T07:00:00Z
2023-09-30,P00588,0.06378,32,0.9024,183768.92,2023-10-02T07:00:00Z
2023-10-31,P00588,0.06378,33,0.8962,183125.73,2023-11-02T07:00:00Z
2023-11-30,P00588,0.06378,34,0.89,182484.79,2023-12-02T07:00:00Z
2023-12-31,P00588,0.06378,35,0.8839,181846.09,2024-01-02T07:00:00Z
2024-01-31,P00588,0.06378,36,0.8777,181209.63,2024-02-02T07:00:00Z
2024-02-29,P00588,0.06378,37,0.8716,180575.4,2024-03-02T07:00:00Z
2024-03-31,P00588,0.06378,38,0.8654,179943.39,2024-04-02T07:00:00Z
2024-04-30,P00588,0.06378,39,0.8593,179313.58,2024-05-02T07:00:00Z
2024-05-31,P00588,0.06378,40,0.8531,178685.99,2024-06-02T07:00:00Z
2024-06-30,P00588,0.06378,41,0.8469,178060.59,2024-07-02T07:00:00Z
2024-07-31,P00588,0.06378,42,0.8408,177437.37,2024-08-02T07:00:00Z
2024-08-31,P00588,0.06378,43,0.8346,176816.34,2024-09-02T07:00:00Z
2024-09-30,P00588,0.06378,44,0.8285,176197.48,2024-10-02T07:00:00Z
2024-10-31,P00588,0.06378,45,0.8223,175580.79,2024-11-02T07:00:00Z
2024-11-30,P00588,0.06378,46,0.8161,174966.26,2024-12-02T07:00:00Z
2024-12-31,P00588,0.06378,47,0.81,174353.88,2025-01-02T07:00:00Z
2025-01-31,P00588,0.06378,48,0.8038,173743.64,2025-02-02T07:00:00Z
2025-02-28,P00588,0.06378,49,0.7977,173135.54,2025-03-02T07:00:00Z
2025-03-31,P00588,0.06378,50,0.7915,172529.56,2025-04-02T07:00:00Z
2025-04-30,P00588,0.06378,51,0.7853,171925.71,2025-05-02T07:00:00Z
2025-05-31,P00588,0.06378,52,0.7792,171323.97,2025-06-02T07:00:00Z
2025-06-30,P00588,0.06378,53,0.773,170724.34,2025-07-02T07:00:00Z
2025-07-31,P00588,0.06378,54,0.7669,170126.8,2025-08-02T07:00:00Z
2025-08-31,P00588,0.06378,55,0.7607,169531.36,2025-09-02T07:00:00Z
2025-09-30,P00588,0.06378,56,0.7546,168938.0,2025-10-02T07:00:00Z
2025-10-31,P00588,0.06378,57,0.7484,168346.71,2025-11-02T07:00:00Z
2025-11-30,P00588,0.06378,58,0.7422,167757.5,2025-12-02T07:00:00Z
2025-12-31,P00588,0.06378,59,0.7361,167170.35,2026-01-02T07:00:00Z
2023-07-31,P00589,0.06201,75,0.6862,306881.83,2023-08-02T07:00:00Z
2023-08-31,P00589,0.06201,76,0.681,305807.74,2023-09-02T07:00:00Z
2023-09-30,P00589,0.06201,77,0.6758,304737.42,2023-10-02T07:00:00Z
2023-10-31,P00589,0.06201,78,0.6705,303670.84,2023-11-02T07:00:00Z
2023-11-30,P00589,0.06201,79,0.6653,302607.99,2023-12-02T07:00:00Z
2023-12-31,P00589,0.06201,80,0.66,301548.86,2024-01-02T07:00:00Z
2024-01-31,P00589,0.06201,81,0.6548,300493.44,2024-02-02T07:00:00Z
2024-02-29,P00589,0.06201,82,0.6495,299441.71,2024-03-02T07:00:00Z
2024-03-31,P00589,0.06201,83,0.6443,298393.67,2024-04-02T07:00:00Z
2024-04-30,P00589,0.06201,84,0.639,297349.29,2024-05-02T07:00:00Z
2024-05-31,P00589,0.06201,85,0.6338,296308.57,2024-06-02T07:00:00Z
2024-06-30,P00589,0.06201,86,0.6286,295271.49,2024-07-02T07:00:00Z
2024-07-31,P00589,0.06201,87,0.6233,294238.04,2024-08-02T07:00:00Z
2024-08-31,P00589,0.06201,88,0.6181,293208.2,2024-09-02T07:00:00Z
2024-09-30,P00589,0.06201,89,0.6128,292181.97,2024-10-02T07:00:00Z
2024-10-31,P00589,0.06201,90,0.6076,291159.34,2024-11-02T07:00:00Z
2024-11-30,P00589,0.06201,91,0.6023,290140.28,2024-12-02T07:00:00Z
2024-12-31,P00589,0.06201,92,0.5971,289124.79,2025-01-02T07:00:00Z
2023-07-31,P00590,0.04165,78,0.9531,602840.66,2023-08-02T07:00:00Z
2023-08-31,P00590,0.04165,79,0.9468,600730.72,2023-09-02T07:00:00Z
2023-09-30,P00590,0.04165,80,0.9405,598628.16,2023-10-02T07:00:00Z
2023-10-31,P00590,0.04165,81,0.9342,596532.96,2023-11-02T07:00:00Z
2023-11-30,P00590,0.04165,82,0.9279,594445.1,2023-12-02T07:00:00Z
2023-12-31,P00590,0.04165,83,0.9215,592364.54,2024-01-02T07:00:00Z
2024-01-31,P00590,0.04165,84,0.9152,590291.26,2024-02-02T07:00:00Z
2024-02-29,P00590,0.04165,85,0.9089,588225.24,2024-03-02T07:00:00Z
2024-03-31,P00590,0.04165,86,0.9026,586166.45,2024-04-02T07:00:00Z
2024-04-30,P00590,0.04165,87,0.8963,584114.87,2024-05-02T07:00:00Z
2024-05-31,P00590,0.04165,88,0.89,582070.47,2024-06-02T07:00:00Z
2024-06-30,P00590,0.04165,89,0.8837,580033.22,2024-07-02T07:00:00Z
2024-07-31,P00590,0.04165,90,0.8774,578003.11,2024-08-02T07:00:00Z
2024-08-31,P00590,0.04165,91,0.871,575980.1,2024-09-02T07:00:00Z
2024-09-30,P00590,0.04165,92,0.8647,573964.17,2024-10-02T07:00:00Z
2024-10-31,P00590,0.04165,93,0.8584,571955.29,2024-11-02T07:00:00Z
2024-11-30,P00590,0.04165,94,0.8521,569953.45,2024-12-02T07:00:00Z
2024-12-31,P00590,0.04165,95,0.8458,567958.61,2025-01-02T07:00:00Z
2025-01-31,P00590,0.04165,96,0.8395,565970.76,2025-02-02T07:00:00Z
2025-02-28,P00590,0.04165,97,0.8332,563989.86,2025-03-02T07:00:00Z
2025-03-31,P00590,0.04165,98,0.8269,562015.89,2025-04-02T07:00:00Z
2025-04-30,P00590,0.04165,99,0.8205,560048.84,2025-05-02T07:00:00Z
2025-05-31,P00590,0.04165,100,0.8142,558088.67,2025-06-02T07:00:00Z
2025-06-30,P00590,0.04165,101,0.8079,556135.36,2025-07-02T07:00:00Z
2025-07-31,P00590,0.04165,102,0.8016,554188.88,2025-08-02T07:00:00Z
2025-08-31,P00590,0.04165,103,0.7953,552249.22,2025-09-02T07:00:00Z
2025-09-30,P00590,0.04165,104,0.789,550316.35,2025-10-02T07:00:00Z
2025-10-31,P00590,0.04165,105,0.7827,548390.24,2025-11-02T07:00:00Z
2025-11-30,P00590,0.04165,106,0.7764,546470.88,2025-12-02T07:00:00Z
2025-12-31,P00590,0.04165,107,0.77,544558.23,2026-01-02T07:00:00Z
2023-07-31,P00591,0.0776,82,0.5831,154814.21,2023-08-02T07:00:00Z
2023-08-31,P00591,0.0776,83,0.5783,154272.36,2023-09-02T07:00:00Z
2023-09-30,P00591,0.0776,84,0.5734,153732.41,2023-10-02T07:00:00Z
2023-10-31,P00591,0.0776,85,0.5686,153194.34,2023-11-02T07:00:00Z
2023-11-30,P00591,0.0776,86,0.5638,152658.16,2023-12-02T07:00:00Z
2023-12-31,P00591,0.0776,87,0.559,152123.86,2024-01-02T07:00:00Z
2024-01-31,P00591,0.0776,88,0.5541,151591.43,2024-02-02T07:00:00Z
2024-02-29,P00591,0.0776,89,0.5493,151060.86,2024-03-02T07:00:00Z
2024-03-31,P00591,0.0776,90,0.5445,150532.14,2024-04-02T07:00:00Z
2024-04-30,P00591,0.0776,91,0.5396,150005.28,2024-05-02T07:00:00Z
2024-05-31,P00591,0.0776,92,0.5348,149480.26,2024-06-02T07:00:00Z
2024-06-30,P00591,0.0776,93,0.53,148957.08,2024-07-02T07:00:00Z
2024-07-31,P00591,0.0776,94,0.5251,148435.73,2024-08-02T07:00:00Z
2024-08-31,P00591,0.0776,95,0.5203,147916.21,2024-09-02T07:00:00Z
2023-07-31,P00592,0.05813,77,0.7562,597595.81,2023-08-02T07:00:00Z
2023-08-31,P00592,0.05813,78,0.7506,595504.22,2023-09-02T07:00:00Z
2023-09-30,P00592,0.05813,79,0.7451,593419.96,2023-10-02T07:00:00Z
2023-10-31,P00592,0.05813,80,0.7396,591342.99,2023-11-02T07:00:00Z
2023-11-30,P00592,0.05813,81,0.7341,589273.29,2023-12-02T07:00:00Z
2023-12-31,P00592,0.05813,82,0.7285,587210.83,2024-01-02T07:00:00Z
2024-01-31,P00592,0.05813,83,0.723,585155.6,2024-02-02T07:00:00Z
2024-02-29,P00592,0.05813,84,0.7175,583107.55,2024-03-02T07:00:00Z
2024-03-31,P00592,0.05813,85,0.712,581066.67,2024-04-02T07:00:00Z
2024-04-30,P00592,0.05813,86,0.7064,579032.94,2024-05-02T07:00:00Z
2024-05-31,P00592,0.05813,87,0.7009,577006.33,2024-06-02T07:00:00Z
2024-06-30,P00592,0.05813,88,0.6954,574986.8,2024-07-02T07:00:00Z
2024-07-31,P00592,0.05813,89,0.6899,572974.35,2024-08-02T07:00:00Z
2024-08-31,P00592,0.05813,90,0.6843,570968.94,2024-09-02T07:00:00Z
2024-09-30,P00592,0.05813,91,0.6788,568970.55,2024-10-02T07:00:00Z
2024-10-31,P00592,0.05813,92,0.6733,566979.15,2024-11-02T07:00:00Z
2024-11-30,P00592,0.05813,93,0.6678,564994.72,2024-12-02T07:00:00Z
2024-12-31,P00592,0.05813,94,0.6622,563017.24,2025-01-02T07:00:00Z
2025-01-31,P00592,0.05813,95,0.6567,561046.68,2025-02-02T07:00:00Z
2025-02-28,P00592,0.05813,96,0.6512,559083.02,2025-03-02T07:00:00Z
2025-03-31,P00592,0.05813,97,0.6457,557126.23,2025-04-02T07:00:00Z
2025-04-30,P00592,0.05813,98,0.6402,555176.29,2025-05-02T07:00:00Z
2025-05-31,P00592,0.05813,99,0.6346,553233.17,2025-06-02T07:00:00Z
2025-06-30,P00592,0.05813,100,0.6291,551296.85,2025-07-02T07:00:00Z
2025-07-31,P00592,0.05813,101,0.6236,549367.31,2025-08-02T07:00:00Z
2025-08-31,P00592,0.05813,102,0.6181,547444.53,2025-09-02T07:00:00Z
2025-09-30,P00592,0.05813,103,0.6125,545528.47,2025-10-02T07:00:00Z
2025-10-31,P00592,0.05813,104,0.607,543619.12,2025-11-02T07:00:00Z
2025-11-30,P00592,0.05813,105,0.6015,541716.46,2025-12-02T07:00:00Z
2025-12-31,P00592,0.05813,106,0.596,539820.45,2026-01-02T07:00:00Z
2023-07-31,P00593,0.06386,117,0.3224,325865.59,2023-08-02T07:00:00Z
2023-08-31,P00593,0.06386,118,0.3186,324725.06,2023-09-02T07:00:00Z
2023-09-30,P00593,0.06386,119,0.3148,323588.52,2023-10-02T07:00:00Z
2023-10-31,P00593,0.06386,120,0.311,322455.96,2023-11-02T07:00:00Z
2023-11-30,P00593,0.06386,121,0.3072,321327.37,2023-12-02T07:00:00Z
2023-12-31,P00593,0.06386,122,0.3034,320202.72,2024-01-02T07:00:00Z
2024-01-31,P00593,0.06386,123,0.2997,319082.01,2024-02-02T07:00:00Z
2024-02-29,P00593,0.06386,124,0.2959,317965.22,2024-03-02T07:00:00Z
2024-03-31,P00593,0.06386,125,0.2921,316852.35,2024-04-02T07:00:00Z
2024-04-30,P00593,0.06386,126,0.2883,315743.36,2024-05-02T07:00:00Z
2024-05-31,P00593,0.06386,127,0.2845,314638.26,2024-06-02T07:00:00Z
2024-06-30,P00593,0.06386,128,0.2807,313537.03,2024-07-02T07:00:00Z
2024-07-31,P00593,0.06386,129,0.2769,312439.65,2024-08-02T07:00:00Z
2024-08-31,P00593,0.06386,130,0.2731,311346.11,2024-09-02T07:00:00Z
2024-09-30,P00593,0.06386,131,0.2693,310256.4,2024-10-02T07:00:00Z
2024-10-31,P00593,0.06386,132,0.2655,309170.5,2024-11-02T07:00:00Z
2024-11-30,P00593,0.06386,133,0.2618,308088.4,2024-12-02T07:00:00Z
2024-12-31,P00593,0.06386,134,0.258,307010.09,2025-01-02T07:00:00Z
2025-01-31,P00593,0.06386,135,0.2542,305935.56,2025-02-02T07:00:00Z
2025-02-28,P00593,0.06386,136,0.2504,304864.78,2025-03-02T07:00:00Z
2025-03-31,P00593,0.06386,137,0.2466,303797.76,2025-04-02T07:00:00Z
2025-04-30,P00593,0.06386,138,0.2428,302734.47,2025-05-02T07:00:00Z
2025-05-31,P00593,0.06386,139,0.239,301674.89,2025-06-02T07:00:00Z
2025-06-30,P00593,0.06386,140,0.2352,300619.03,2025-07-02T07:00:00Z
2025-07-31,P00593,0.06386,141,0.2314,299566.87,2025-08-02T07:00:00Z
2025-08-31,P00593,0.06386,142,0.2277,298518.38,2025-09-02T07:00:00Z
2025-09-30,P00593,0.06386,143,0.2239,297473.57,2025-10-02T07:00:00Z
2025-10-31,P00593,0.06386,144,0.2201,296432.41,2025-11-02T07:00:00Z
2025-11-30,P00593,0.06386,145,0.2163,295394.9,2025-12-02T07:00:00Z
2025-12-31,P00593,0.06386,146,0.2125,294361.01,2026-01-02T07:00:00Z
2023-07-31,P00594,0.03726,38,0.7771,156195.19,2023-08-02T07:00:00Z
2023-08-31,P00594,0.03726,39,0.7715,155648.51,2023-09-02T07:00:00Z
2023-09-30,P00594,0.03726,40,0.7659,155103.74,2023-10-02T07:00:00Z
2023-10-31,P00594,0.03726,41,0.7603,154560.87,2023-11-02T07:00:00Z
2023-11-30,P00594,0.03726,42,0.7547,154019.91,2023-12-02T07:00:00Z
2023-12-31,P00594,0.03726,43,0.7491,153480.84,2024-01-02T07:00:00Z
2024-01-31,P00594,0.03726,44,0.7435,152943.66,2024-02-02T07:00:00Z
2024-02-29,P00594,0.03726,45,0.7379,152408.36,2024-03-02T07:00:00Z
2024-03-31,P00594,0.03726,46,0.7323,151874.93,2024-04-02T07:00:00Z
2024-04-30,P00594,0.03726,47,0.7267,151343.36,2024-05-02T07:00:00Z
2024-05-31,P00594,0.03726,48,0.7211,150813.66,2024-06-02T07:00:00Z
2024-06-30,P00594,0.03726,49,0.7154,150285.81,2024-07-02T07:00:00Z
2024-07-31,P00594,0.03726,50,0.7098,149759.81,2024-08-02T07:00:00Z
2024-08-31,P00594,0.03726,51,0.7042,149235.65,2024-09-02T07:00:00Z
2024-09-30,P00594,0.03726,52,0.6986,148713.33,2024-10-02T07:00:00Z
2024-10-31,P00594,0.03726,53,0.693,148192.83,2024-11-02T07:00:00Z
2024-11-30,P00594,0.03726,54,0.6874,147674.16,2024-12-02T07:00:00Z
2024-12-31,P00594,0.03726,55,0.6818,147157.3,2025-01-02T07:00:00Z
2025-01-31,P00594,0.03726,56,0.6762,146642.25,2025-02-02T07:00:00Z
2025-02-28,P00594,0.03726,57,0.6706,146129.0,2025-03-02T07:00:00Z
2025-03-31,P00594,0.03726,58,0.665,145617.55,2025-04-02T07:00:00Z
2025-04-30,P00594,0.03726,59,0.6594,145107.89,2025-05-02T07:00:00Z
2025-05-31,P00594,0.03726,60,0.6537,144600.01,2025-06-02T07:00:00Z
2025-06-30,P00594,0.03726,61,0.6481,144093.91,2025-07-02T07:00:00Z
2025-07-31,P00594,0.03726,62,0.6425,143589.58,2025-08-02T07:00:00Z
2025-08-31,P00594,0.03726,63,0.6369,143087.02,2025-09-02T07:00:00Z
2025-09-30,P00594,0.03726,64,0.6313,142586.21,2025-10-02T07:00:00Z
2025-10-31,P00594,0.03726,65,0.6257,142087.16,2025-11-02T07:00:00Z
2025-11-30,P00594,0.03726,66,0.6201,141589.86,2025-12-02T07:00:00Z
2025-12-31,P00594,0.03726,67,0.6145,141094.29,2026-01-02T07:00:00Z
2023-07-31,P00595,0.04914,124,0.7652,293261.02,2023-08-02T07:00:00Z
2023-08-31,P00595,0.04914,125,0.7597,292234.61,2023-09-02T07:00:00Z
2023-09-30,P00595,0.04914,126,0.7541,291211.79,2023-10-02T07:00:00Z
2023-10-31,P00595,0.04914,127,0.7485,290192.54,2023-11-02T07:00:00Z
2023-11-30,P00595,0.04914,128,0.743,289176.87,2023-12-02T07:00:00Z
2023-12-31,P00595,0.04914,129,0.7374,288164.75,2024-01-02T07:00:00Z
2024-01-31,P00595,0.04914,130,0.7319,287156.17,2024-02-02T07:00:00Z
2024-02-29,P00595,0.04914,131,0.7263,286151.13,2024-03-02T07:00:00Z
2024-03-31,P00595,0.04914,132,0.7207,285149.6,2024-04-02T07:00:00Z
2024-04-30,P00595,0.04914,133,0.7152,284151.58,2024-05-02T07:00:00Z
2024-05-31,P00595,0.04914,134,0.7096,283157.04,2024-06-02T07:00:00Z
2024-06-30,P00595,0.04914,135,0.7041,282166.0,2024-07-02T07:00:00Z
2024-07-31,P00595,0.04914,136,0.6985,281178.41,2024-08-02T07:00:00Z
2024-08-31,P00595,0.04914,137,0.6929,280194.29,2024-09-02T07:00:00Z
2024-09-30,P00595,0.04914,138,0.6874,279213.61,2024-10-02T07:00:00Z
2024-10-31,P00595,0.04914,139,0.6818,278236.36,2024-11-02T07:00:00Z
2024-11-30,P00595,0.04914,140,0.6762,277262.53,2024-12-02T07:00:00Z
2024-12-31,P00595,0.04914,141,0.6707,276292.12,2025-01-02T07:00:00Z
2025-01-31,P00595,0.04914,142,0.6651,275325.09,2025-02-02T07:00:00Z
2025-02-28,P00595,0.04914,143,0.6596,274361.46,2025-03-02T07:00:00Z
2025-03-31,P00595,0.04914,144,0.654,273401.19,2025-04-02T07:00:00Z
2025-04-30,P00595,0.04914,145,0.6484,272444.29,2025-05-02T07:00:00Z
2025-05-31,P00595,0.04914,146,0.6429,271490.73,2025-06-02T07:00:00Z
2025-06-30,P00595,0.04914,147,0.6373,270540.51,2025-07-02T07:00:00Z
2025-07-31,P00595,0.04914,148,0.6318,269593.62,2025-08-02T07:00:00Z
2025-08-31,P00595,0.04914,149,0.6262,268650.04,2025-09-02T07:00:00Z
2025-09-30,P00595,0.04914,150,0.6206,267709.77,2025-10-02T07:00:00Z
2025-10-31,P00595,0.04914,151,0.6151,266772.79,2025-11-02T07:00:00Z
2025-11-30,P00595,0.04914,152,0.6095,265839.08,2025-12-02T07:00:00Z
2025-12-31,P00595,0.04914,153,0.604,264908.64,2026-01-02T07:00:00Z
2023-07-31,P00596,0.05582,104,0.7008,616387.48,2023-08-02T07:00:00Z
2023-08-31,P00596,0.05582,105,0.6955,614230.12,2023-09-02T07:00:00Z
2023-09-30,P00596,0.05582,106,0.6902,612080.32,2023-10-02T07:00:00Z
2023-10-31,P00596,0.05582,107,0.6849,609938.04,2023-11-02T07:00:00Z
2023-11-30,P00596,0.05582,108,0.6796,607803.25,2023-12-02T07:00:00Z
2023-12-31,P00596,0.05582,109,0.6743,605675.94,2024-01-02T07:00:00Z
2024-01-31,P00596,0.05582,110,0.669,603556.08,2024-02-02T07:00:00Z
2024-02-29,P00596,0.05582,111,0.6637,601443.63,2024-03-02T07:00:00Z
2024-03-31,P00596,0.05582,112,0.6584,599338.58,2024-04-02T07:00:00Z
2024-04-30,P00596,0.05582,113,0.6531,597240.89,2024-05-02T07:00:00Z
2024-05-31,P00596,0.05582,114,0.6478,595150.55,2024-06-02T07:00:00Z
2024-06-30,P00596,0.05582,115,0.6425,593067.52,2024-07-02T07:00:00Z
2024-07-31,P00596,0.05582,116,0.6372,590991.79,2024-08-02T07:00:00Z
2024-08-31,P00596,0.05582,117,0.6319,588923.32,2024-09-02T07:00:00Z
2024-09-30,P00596,0.05582,118,0.6266,586862.08,2024-10-02T07:00:00Z
2024-10-31,P00596,0.05582,119,0.6213,584808.07,2024-11-02T07:00:00Z
2024-11-30,P00596,0.05582,120,0.6159,582761.24,2024-12-02T07:00:00Z
2024-12-31,P00596,0.05582,121,0.6106,580721.57,2025-01-02T07:00:00Z
2025-01-31,P00596,0.05582,122,0.6053,578689.05,2025-02-02T07:00:00Z
2025-02-28,P00596,0.05582,123,0.6,576663.64,2025-03-02T07:00:00Z
2025-03-31,P00596,0.05582,124,0.5947,574645.31,2025-04-02T07:00:00Z
2025-04-30,P00596,0.05582,125,0.5894,572634.06,2025-05-02T07:00:00Z
2025-05-31,P00596,0.05582,126,0.5841,570629.84,2025-06-02T07:00:00Z
2025-06-30,P00596,0.05582,127,0.5788,568632.63,2025-07-02T07:00:00Z
2025-07-31,P00596,0.05582,128,0.5735,566642.42,2025-08-02T07:00:00Z
2025-08-31,P00596,0.05582,129,0.5682,564659.17,2025-09-02T07:00:00Z
2025-09-30,P00596,0.05582,130,0.5629,562682.86,2025-10-02T07:00:00Z
2025-10-31,P00596,0.05582,131,0.5576,560713.47,2025-11-02T07:00:00Z
2025-11-30,P00596,0.05582,132,0.5523,558750.97,2025-12-02T07:00:00Z
2025-12-31,P00596,0.05582,133,0.547,556795.35,2026-01-02T07:00:00Z
2023-07-31,P00597,0.0608,100,0.6331,591946.57,2023-08-02T07:00:00Z
2023-08-31,P00597,0.0608,101,0.6281,589874.76,2023-09-02T07:00:00Z
2023-09-30,P00597,0.0608,102,0.623,587810.2,2023-10-02T07:00:00Z
2023-10-31,P00597,0.0608,103,0.618,585752.86,2023-11-02T07:00:00Z
2023-11-30,P00597,0.0608,104,0.613,583702.72,2023-12-02T07:00:00Z
2023-12-31,P00597,0.0608,105,0.6079,581659.77,2024-01-02T07:00:00Z
2024-01-31,P00597,0.0608,106,0.6029,579623.96,2024-02-02T07:00:00Z
2023-07-31,P00598,0.06864,69,0.7232,232613.68,2023-08-02T07:00:00Z
2023-07-31,P00599,0.05029,34,0.6597,295538.22,2023-08-02T07:00:00Z
2023-08-31,P00599,0.05029,35,0.6545,294503.84,2023-09-02T07:00:00Z
2023-09-30,P00599,0.05029,36,0.6494,293473.07,2023-10-02T07:00:00Z
2023-10-31,P00599,0.05029,37,0.6442,292445.92,2023-11-02T07:00:00Z
2023-11-30,P00599,0.05029,38,0.6391,291422.36,2023-12-02T07:00:00Z
2023-12-31,P00599,0.05029,39,0.634,290402.38,2024-01-02T07:00:00Z
2024-01-31,P00599,0.05029,40,0.6288,289385.97,2024-02-02T07:00:00Z
2024-02-29,P00599,0.05029,41,0.6237,288373.12,2024-03-02T07:00:00Z
2024-03-31,P00599,0.05029,42,0.6186,287363.81,2024-04-02T07:00:00Z
2024-04-30,P00599,0.05029,43,0.6134,286358.04,2024-05-02T07:00:00Z
2024-05-31,P00599,0.05029,44,0.6083,285355.79,2024-06-02T07:00:00Z
2024-06-30,P00599,0.05029,45,0.6031,284357.04,2024-07-02T07:00:00Z
2024-07-31,P00599,0.05029,46,0.598,283361.79,2024-08-02T07:00:00Z
2024-08-31,P00599,0.05029,47,0.5929,282370.03,2024-09-02T07:00:00Z
2024-09-30,P00599,0.05029,48,0.5877,281381.73,2024-10-02T07:00:00Z
2024-10-31,P00599,0.05029,49,0.5826,280396.89,2024-11-02T07:00:00Z
2024-11-30,P00599,0.05029,50,0.5774,279415.51,2024-12-02T07:00:00Z
2024-12-31,P00599,0.05029,51,0.5723,278437.55,2025-01-02T07:00:00Z
2025-01-31,P00599,0.05029,52,0.5672,277463.02,2025-02-02T07:00:00Z
2025-02-28,P00599,0.05029,53,0.562,276491.9,2025-03-02T07:00:00Z
2025-03-31,P00599,0.05029,54,0.5569,275524.18,2025-04-02T07:00:00Z
2025-04-30,P00599,0.05029,55,0.5517,274559.84,2025-05-02T07:00:00Z
2025-05-31,P00599,0.05029,56,0.5466,273598.88,2025-06-02T07:00:00Z
2025-06-30,P00599,0.05029,57,0.5415,272641.29,2025-07-02T07:00:00Z
2025-07-31,P00599,0.05029,58,0.5363,271687.04,2025-08-02T07:00:00Z
2025-08-31,P00599,0.05029,59,0.5312,270736.14,2025-09-02T07:00:00Z
2025-09-30,P00599,0.05029,60,0.5261,269788.56,2025-10-02T07:00:00Z
2025-10-31,P00599,0.05029,61,0.5209,268844.3,2025-11-02T07:00:00Z
2025-11-30,P00599,0.05029,62,0.5158,267903.35,2025-12-02T07:00:00Z
2025-12-31,P00599,0.05029,63,0.5106,266965.68,2026-01-02T07:00:00Z
