date,loan,prepaid,kt
2023-07-31,P00000,0,2023-08-31T12:00:00Z
2023-08-31,P00000,0,2023-10-01T12:00:00Z
2023-09-30,P00000,0,2023-10-31T12:00:00Z
2023-10-31,P00000,0,2023-12-01T12:00:00Z
2023-11-30,P00000,0,2023-12-31T12:00:00Z
2023-12-31,P00000,0,2024-01-31T12:00:00Z
2024-01-31,P00000,0,2024-03-02T12:00:00Z
2024-02-29,P00000,0,2024-03-31T12:00:00Z
2024-03-31,P00000,0,2024-05-01T12:00:00Z
2024-04-30,P00000,0,2024-05-31T12:00:00Z
2024-05-31,P00000,0,2024-07-01T12:00:00Z
2024-06-30,P00000,0,2024-07-31T12:00:00Z
2024-07-31,P00000,0,2024-08-31T12:00:00Z
2024-08-31,P00000,0,2024-10-01T12:00:00Z
2024-09-30,P00000,0,2024-10-31T12:00:00Z
2024-10-31,P00000,0,2024-12-01T12:00:00Z
2024-11-30,P00000,0,2024-12-31T12:00:00Z
2024-12-31,P00000,0,2025-01-31T12:00:00Z
2025-01-31,P00000,0,2025-03-03T12:00:00Z
2025-02-28,P00000,0,2025-03-31T12:00:00Z
2025-03-31,P00000,1,2025-05-01T12:00:00Z
2023-07-31,P00001,0,2023-08-31T12:00:00Z
2023-08-31,P00001,0,2023-10-01T12:00:00Z
2023-09-30,P00001,0,2023-10-31T12:00:00Z
2023-10-31,P00001,0,2023-12-01T12:00:00Z
2023-11-30,P00001,0,2023-12-31T12:00:00Z
2023-12-31,P00001,0,2024-01-31T12:00:00Z
2024-01-31,P00001,0,2024-03-02T12:00:00Z
2024-02-29,P00001,0,2024-03-31T12:00:00Z
2024-03-31,P00001,0,2024-05-01T12:00:00Z
2024-04-30,P00001,0,2024-05-31T12:00:00Z
2024-05-31,P00001,0,2024-07-01T12:00:00Z
2024-06-30,P00001,0,2024-07-31T12:00:00Z
2024-07-31,P00001,0,2024-08-31T12:00:00Z
2024-08-31,P00001,0,2024-10-01T12:00:00Z
2024-09-30,P00001,0,2024-10-31T12:00:00Z
2024-10-31,P00001,0,2024-12-01T12:00:00Z
2024-11-30,P00001,0,2024-12-31T12:00:00Z
2024-12-31,P00001,0,2025-01-31T12:00:00Z
2025-01-31,P00001,0,2025-03-03T12:00:00Z
2025-02-28,P00001,0,2025-03-31T12:00:00Z
2025-03-31,P00001,0,2025-05-01T12:00:00Z
2025-04-30,P00001,0,2025-05-31T12:00:00Z
2025-05-31,P00001,0,2025-07-01T12:00:00Z
2025-06-30,P00001,0,2025-07-31T12:00:00Z
2025-07-31,P00001,0,2025-08-31T12:00:00Z
2025-08-31,P00001,0,2025-10-01T12:00:00Z
2025-09-30,P00001,0,2025-10-31T12:00:00Z
2025-10-31,P00001,0,2025-12-01T12:00:00Z
2025-11-30,P00001,0,2025-12-31T12:00:00Z
2025-12-31,P00001,0,2026-01-31T12:00:00Z
2023-07-31,P00002,0,2023-08-31T12:00:00Z
2023-08-31,P00002,0,2023-10-01T12:00:00Z
2023-09-30,P00002,0,2023-10-31T12:00:00Z
2023-10-31,P00002,0,2023-12-01T12:00:00Z
2023-11-30,P00002,0,2023-12-31T12:00:00Z
2023-12-31,P00002,0,2024-01-31T12:00:00Z
2024-01-31,P00002,0,2024-03-02T12:00:00Z
2024-02-29,P00002,0,2024-03-31T12:00:00Z
2024-03-31,P00002,0,2024-05-01T12:00:00Z
2024-04-30,P00002,0,2024-05-31T12:00:00Z
2024-05-31,P00002,0,2024-07-01T12:00:00Z
2024-06-30,P00002,0,2024-07-31T12:00:00Z
2024-07-31,P00002,0,2024-08-31T12:00:00Z
2024-08-31,P00002,0,2024-10-01T12:00:00Z
2024-09-30,P00002,0,2024-10-31T12:00:00Z
2024-10-31,P00002,0,2024-12-01T12:00:00Z
2024-11-30,P00002,0,2024-12-31T12:00:00Z
2024-12-31,P00002,0,2025-01-31T12:00:00Z
2025-01-31,P00002,0,2025-03-03T12:00:00Z
2025-02-28,P00002,0,2025-03-31T12:00:00Z
2025-03-31,P00002,0,2025-05-01T12:00:00Z
2025-04-30,P00002,0,2025-05-31T12:00:00Z
2025-05-31,P00002,0,2025-07-01T12:00:00Z
2025-06-30,P00002,0,2025-07-31T12:00:00Z
2025-07-31,P00002,0,2025-08-31T12:00:00Z
2025-08-31,P00002,0,2025-10-01T12:00:00Z
2025-09-30,P00002,0,2025-10-31T12:00:00Z
2025-10-31,P00002,0,2025-12-01T12:00:00Z
2025-11-30,P00002,0,2025-12-31T12:00:00Z
2025-12-31,P00002,0,2026-01-31T12:00:00Z
2023-07-31,P00003,0,2023-08-31T12:00:00Z
2023-08-31,P00003,0,2023-10-01T12:00:00Z
2023-09-30,P00003,0,2023-10-31T12:00:00Z
2023-10-31,P00003,0,2023-12-01T12:00:00Z
2023-11-30,P00003,0,2023-12-31T12:00:00Z
2023-12-31,P00003,0,2024-01-31T12:00:00Z
2024-01-31,P00003,1,2024-03-02T12:00:00Z
2023-07-31,P00004,0,2023-08-31T12:00:00Z
2023-08-31,P00004,0,2023-10-01T12:00:00Z
2023-09-30,P00004,0,2023-10-31T12:00:00Z
2023-10-31,P00004,0,2023-12-01T12:00:00Z
2023-11-30,P00004,0,2023-12-31T12:00:00Z
2023-12-31,P00004,0,2024-01-31T12:00:00Z
2024-01-31,P00004,0,2024-03-02T12:00:00Z
2024-02-29,P00004,0,2024-03-31T12:00:00Z
2024-03-31,P00004,0,2024-05-01T12:00:00Z
2024-04-30,P00004,0,2024-05-31T12:00:00Z
2024-05-31,P00004,0,2024-07-01T12:00:00Z
2024-06-30,P00004,0,2024-07-31T12:00:00Z
2024-07-31,P00004,0,2024-08-31T12:00:00Z
2024-08-31,P00004,0,2024-10-01T12:00:00Z
2024-09-30,P00004,0,2024-10-31T12:00:00Z
2024-10-31,P00004,0,2024-12-01T12:00:00Z
2024-11-30,P00004,0,2024-12-31T12:00:00Z
2024-12-31,P00004,0,2025-01-31T12:00:00Z
2025-01-31,P00004,0,2025-03-03T12:00:00Z
2025-02-28,P00004,0,2025-03-31T12:00:00Z
2025-03-31,P00004,0,2025-05-01T12:00:00Z
2025-04-30,P00004,0,2025-05-31T12:00:00Z
2025-05-31,P00004,0,2025-07-01T12:00:00Z
2025-06-30,P00004,0,2025-07-31T12:00:00Z
2025-07-31,P00004,0,2025-08-31T12:00:00Z
2025-08-31,P00004,0,2025-10-01T12:00:00Z
2025-09-30,P00004,0,2025-10-31T12:00:00Z
2025-10-31,P00004,0,2025-12-01T12:00:00Z
2025-11-30,P00004,0,2025-12-31T12:00:00Z
2025-12-31,P00004,0,2026-01-31T12:00:00Z
2023-07-31,P00005,0,2023-08-31T12:00:00Z
2023-08-31,P00005,0,2023-10-01T12:00:00Z
2023-09-30,P00005,0,2023-10-31T12:00:00Z
2023-10-31,P00005,0,2023-12-01T12:00:00Z
2023-11-30,P00005,0,2023-12-31T12:00:00Z
2023-12-31,P00005,0,2024-01-31T12:00:00Z
2024-01-31,P00005,0,2024-03-02T12:00:00Z
2024-02-29,P00005,0,2024-03-31T12:00:00Z
2024-03-31,P00005,0,2024-05-01T12:00:00Z
2024-04-30,P00005,0,2024-05-31T12:00:00Z
2024-05-31,P00005,0,2024-07-01T12:00:00Z
2024-06-30,P00005,0,2024-07-31T12:00:00Z
2024-07-31,P00005,0,2024-08-31T12:00:00Z
2024-08-31,P00005,0,2024-10-01T12:00:00Z
2024-09-30,P00005,0,2024-10-31T12:00:00Z
2024-10-31,P00005,0,2024-12-01T12:00:00Z
2024-11-30,P00005,0,2024-12-31T12:00:00Z
2024-12-31,P00005,0,2025-01-31T12:00:00Z
2025-01-31,P00005,1,2025-03-03T12:00:00Z
2023-07-31,P00006,0,2023-08-31T12:00:00Z
2023-08-31,P00006,0,2023-10-01T12:00:00Z
2023-09-30,P00006,0,2023-10-31T12:00:00Z
2023-10-31,P00006,0,2023-12-01T12:00:00Z
2023-11-30,P00006,0,2023-12-31T12:00:00Z
2023-12-31,P00006,0,2024-01-31T12:00:00Z
2024-01-31,P00006,0,2024-03-02T12:00:00Z
2024-02-29,P00006,0,2024-03-31T12:00:00Z
2024-03-31,P00006,0,2024-05-01T12:00:00Z
2024-04-30,P00006,0,2024-05-31T12:00:00Z
2024-05-31,P00006,0,2024-07-01T12:00:00Z
2024-06-30,P00006,0,2024-07-31T12:00:00Z
2024-07-31,P00006,0,2024-08-31T12:00:00Z
2024-08-31,P00006,0,2024-10-01T12:00:00Z
2024-09-30,P00006,0,2024-10-31T12:00:00Z
2024-10-31,P00006,0,2024-12-01T12:00:00Z
2024-11-30,P00006,0,2024-12-31T12:00:00Z
2024-12-31,P00006,0,2025-01-31T12:00:00Z
2025-01-31,P00006,0,2025-03-03T12:00:00Z
2025-02-28,P00006,0,2025-03-31T12:00:00Z
2025-03-31,P00006,0,2025-05-01T12:00:00Z
2025-04-30,P00006,0,2025-05-31T12:00:00Z
2025-05-31,P00006,0,2025-07-01T12:00:00Z
2025-06-30,P00006,0,2025-07-31T12:00:00Z
2025-07-31,P00006,0,2025-08-31T12:00:00Z
2025-08-31,P00006,0,2025-10-01T12:00:00Z
2025-09-30,P00006,0,2025-10-31T12:00:00Z
2025-10-31,P00006,0,2025-12-01T12:00:00Z
2025-11-30,P00006,0,2025-12-31T12:00:00Z
2025-12-31,P00006,0,2026-01-31T12:00:00Z
2023-07-31,P00007,0,2023-08-31T12:00:00Z
2023-08-31,P00007,1,2023-10-01T12:00:00Z
2023-07-31,P00008,0,2023-08-31T12:00:00Z
2023-08-31,P00008,0,2023-10-01T12:00:00Z
2023-09-30,P00008,0,2023-10-31T12:00:00Z
2023-10-31,P00008,0,2023-12-01T12:00:00Z
2023-11-30,P00008,0,2023-12-31T12:00:00Z
2023-12-31,P00008,0,2024-01-31T12:00:00Z
2024-01-31,P00008,0,2024-03-02T12:00:00Z
2024-02-29,P00008,0,2024-03-31T12:00:00Z
2024-03-31,P00008,0,2024-05-01T12:00:00Z
2024-04-30,P00008,0,2024-05-31T12:00:00Z
2024-05-31,P00008,0,2024-07-01T12:00:00Z
2024-06-30,P00008,0,2024-07-31T12:00:00Z
2024-07-31,P00008,0,2024-08-31T12:00:00Z
2024-08-31,P00008,0,2024-10-01T12:00:00Z
2024-09-30,P00008,0,2024-10-31T12:00:00Z
2024-10-31,P00008,0,2024-12-01T12:00:00Z
2024-11-30,P00008,0,2024-12-31T12:00:00Z
2024-12-31,P00008,0,2025-01-31T12:00:00Z
2025-01-31,P00008,0,2025-03-03T12:00:00Z
2025-02-28,P00008,0,2025-03-31T12:00:00Z
2025-03-31,P00008,0,2025-05-01T12:00:00Z
2025-04-30,P00008,0,2025-05-31T12:00:00Z
2025-05-31,P00008,0,2025-07-01T12:00:00Z
2025-06-30,P00008,0,2025-07-31T12:00:00Z
2025-07-31,P00008,0,2025-08-31T12:00:00Z
2025-08-31,P00008,0,2025-10-01T12:00:00Z
2025-09-30,P00008,0,2025-10-31T12:00:00Z
2025-10-31,P00008,0,2025-12-01T12:00:00Z
2025-11-30,P00008,0,2025-12-31T12:00:00Z
2025-12-31,P00008,0,2026-01-31T12:00:00Z
2023-07-31,P00009,0,2023-08-31T12:00:00Z
2023-08-31,P00009,0,2023-10-01T12:00:00Z
2023-09-30,P00009,0,2023-10-31T12:00:00Z
2023-10-31,P00009,0,2023-12-01T12:00:00Z
2023-11-30,P00009,0,2023-12-31T12:00:00Z
2023-12-31,P00009,0,2024-01-31T12:00:00Z
2024-01-31,P00009,0,2024-03-02T12:00:00Z
2024-02-29,P00009,0,2024-03-31T12:00:00Z
2024-03-31,P00009,0,2024-05-01T12:00:00Z
2024-04-30,P00009,0,2024-05-31T12:00:00Z
2024-05-31,P00009,0,2024-07-01T12:00:00Z
2024-06-30,P00009,0,2024-07-31T12:00:00Z
2024-07-31,P00009,0,2024-08-31T12:00:00Z
2024-08-31,P00009,0,2024-10-01T12:00:00Z
2024-09-30,P00009,0,2024-10-31T12:00:00Z
2024-10-31,P00009,0,2024-12-01T12:00:00Z
2024-11-30,P00009,0,2024-12-31T12:00:00Z
2024-12-31,P00009,0,2025-01-31T12:00:00Z
2025-01-31,P00009,0,2025-03-03T12:00:00Z
2025-02-28,P00009,0,2025-03-31T12:00:00Z
2025-03-31,P00009,0,2025-05-01T12:00:00Z
2025-04-30,P00009,0,2025-05-31T12:00:00Z
2025-05-31,P00009,0,2025-07-01T12:00:00Z
2025-06-30,P00009,0,2025-07-31T12:00:00Z
2025-07-31,P00009,0,2025-08-31T12:00:00Z
2025-08-31,P00009,0,2025-10-01T12:00:00Z
2025-09-30,P00009,0,2025-10-31T12:00:00Z
2025-10-31,P00009,0,2025-12-01T12:00:00Z
2025-11-30,P00009,0,2025-12-31T12:00:00Z
2025-12-31,P00009,0,2026-01-31T12:00:00Z
2023-07-31,P00010,0,2023-08-31T12:00:00Z
2023-08-31,P00010,0,2023-10-01T12:00:00Z
2023-09-30,P00010,0,2023-10-31T12:00:00Z
2023-10-31,P00010,0,2023-12-01T12:00:00Z
2023-11-30,P00010,0,2023-12-31T12:00:00Z
2023-12-31,P00010,0,2024-01-31T12:00:00Z
2024-01-31,P00010,0,2024-03-02T12:00:00Z
2024-02-29,P00010,0,2024-03-31T12:00:00Z
2024-03-31,P00010,0,2024-05-01T12:00:00Z
2024-04-30,P00010,0,2024-05-31T12:00:00Z
2024-05-31,P00010,0,2024-07-01T12:00:00Z
2024-06-30,P00010,0,2024-07-31T12:00:00Z
2024-07-31,P00010,1,2024-08-31T12:00:00Z
2023-07-31,P00011,0,2023-08-31T12:00:00Z
2023-08-31,P00011,0,2023-10-01T12:00:00Z
2023-09-30,P00011,0,2023-10-31T12:00:00Z
2023-10-31,P00011,0,2023-12-01T12:00:00Z
2023-11-30,P00011,0,2023-12-31T12:00:00Z
2023-12-31,P00011,0,2024-01-31T12:00:00Z
2024-01-31,P00011,0,2024-03-02T12:00:00Z
2024-02-29,P00011,0,2024-03-31T12:00:00Z
2024-03-31,P00011,0,2024-05-01T12:00:00Z
2024-04-30,P00011,0,2024-05-31T12:00:00Z
2024-05-31,P00011,0,2024-07-01T12:00:00Z
2024-06-30,P00011,0,2024-07-31T12:00:00Z
2024-07-31,P00011,1,2024-08-31T12:00:00Z
2023-07-31,P00012,0,2023-08-31T12:00:00Z
2023-08-31,P00012,0,2023-10-01T12:00:00Z
2023-09-30,P00012,0,2023-10-31T12:00:00Z
2023-10-31,P00012,0,2023-12-01T12:00:00Z
2023-11-30,P00012,0,2023-12-31T12:00:00Z
2023-12-31,P00012,0,2024-01-31T12:00:00Z
2024-01-31,P00012,0,2024-03-02T12:00:00Z
2024-02-29,P00012,0,2024-03-31T12:00:00Z
2024-03-31,P00012,0,2024-05-01T12:00:00Z
2024-04-30,P00012,0,2024-05-31T12:00:00Z
2024-05-31,P00012,0,2024-07-01T12:00:00Z
2024-06-30,P00012,0,2024-07-31T12:00:00Z
2024-07-31,P00012,0,2024-08-31T12:00:00Z
2024-08-31,P00012,0,2024-10-01T12:00:00Z
2024-09-30,P00012,0,2024-10-31T12:00:00Z
2024-10-31,P00012,0,2024-12-01T12:00:00Z
2024-11-30,P00012,0,2024-12-31T12:00:00Z
2024-12-31,P00012,0,2025-01-31T12:00:00Z
2025-01-31,P00012,0,2025-03-03T12:00:00Z
2025-02-28,P00012,0,2025-03-31T12:00:00Z
2025-03-31,P00012,0,2025-05-01T12:00:00Z
2025-04-30,P00012,0,2025-05-31T12:00:00Z
2025-05-31,P00012,0,2025-07-01T12:00:00Z
2025-06-30,P00012,0,2025-07-31T12:00:00Z
2025-07-31,P00012,0,2025-08-31T12:00:00Z
2025-08-31,P00012,0,2025-10-01T12:00:00Z
2025-09-30,P00012,0,2025-10-31T12:00:00Z
2025-10-31,P00012,0,2025-12-01T12:00:00Z
2025-11-30,P00012,0,2025-12-31T12:00:00Z
2025-12-31,P00012,0,2026-01-31T12:00:00Z
2023-07-31,P00013,0,2023-08-31T12:00:00Z
2023-08-31,P00013,0,2023-10-01T12:00:00Z
2023-09-30,P00013,0,2023-10-31T12:00:00Z
2023-10-31,P00013,0,2023-12-01T12:00:00Z
2023-11-30,P00013,0,2023-12-31T12:00:00Z
2023-12-31,P00013,1,2024-01-31T12:00:00Z
2023-07-31,P00014,0,2023-08-31T12:00:00Z
2023-08-31,P00014,0,2023-10-01T12:00:00Z
2023-09-30,P00014,0,2023-10-31T12:00:00Z
2023-10-31,P00014,0,2023-12-01T12:00:00Z
2023-11-30,P00014,0,2023-12-31T12:00:00Z
2023-12-31,P00014,0,2024-01-31T12:00:00Z
2024-01-31,P00014,0,2024-03-02T12:00:00Z
2024-02-29,P00014,0,2024-03-31T12:00:00Z
2024-03-31,P00014,0,2024-05-01T12:00:00Z
2024-04-30,P00014,0,2024-05-31T12:00:00Z
2024-05-31,P00014,0,2024-07-01T12:00:00Z
2024-06-30,P00014,0,2024-07-31T12:00:00Z
2024-07-31,P00014,0,2024-08-31T12:00:00Z
2024-08-31,P00014,0,2024-10-01T12:00:00Z
2024-09-30,P00014,0,2024-10-31T12:00:00Z
2024-10-31,P00014,0,2024-12-01T12:00:00Z
2024-11-30,P00014,0,2024-12-31T12:00:00Z
2024-12-31,P00014,0,2025-01-31T12:00:00Z
2025-01-31,P00014,0,2025-03-03T12:00:00Z
2025-02-28,P00014,0,2025-03-31T12:00:00Z
2025-03-31,P00014,0,2025-05-01T12:00:00Z
2025-04-30,P00014,0,2025-05-31T12:00:00Z
2025-05-31,P00014,0,2025-07-01T12:00:00Z
2025-06-30,P00014,0,2025-07-31T12:00:00Z
2025-07-31,P00014,0,2025-08-31T12:00:00Z
2025-08-31,P00014,0,2025-10-01T12:00:00Z
2025-09-30,P00014,0,2025-10-31T12:00:00Z
2025-10-31,P00014,0,2025-12-01T12:00:00Z
2025-11-30,P00014,0,2025-12-31T12:00:00Z
2025-12-31,P00014,0,2026-01-31T12:00:00Z
2023-07-31,P00015,0,2023-08-31T12:00:00Z
2023-08-31,P00015,0,2023-10-01T12:00:00Z
2023-09-30,P00015,0,2023-10-31T12:00:00Z
2023-10-31,P00015,0,2023-12-01T12:00:00Z
2023-11-30,P00015,0,2023-12-31T12:00:00Z
2023-12-31,P00015,0,2024-01-31T12:00:00Z
2024-01-31,P00015,0,2024-03-02T12:00:00Z
2024-02-29,P00015,0,2024-03-31T12:00:00Z
2024-03-31,P00015,0,2024-05-01T12:00:00Z
2024-04-30,P00015,0,2024-05-31T12:00:00Z
2024-05-31,P00015,0,2024-07-01T12:00:00Z
2024-06-30,P00015,0,2024-07-31T12:00:00Z
2024-07-31,P00015,0,2024-08-31T12:00:00Z
2024-08-31,P00015,0,2024-10-01T12:00:00Z
2024-09-30,P00015,0,2024-10-31T12:00:00Z
2024-10-31,P00015,0,2024-12-01T12:00:00Z
2024-11-30,P00015,0,2024-12-31T12:00:00Z
2024-12-31,P00015,0,2025-01-31T12:00:00Z
2025-01-31,P00015,0,2025-03-03T12:00:00Z
2025-02-28,P00015,0,2025-03-31T12:00:00Z
2025-03-31,P00015,0,2025-05-01T12:00:00Z
2025-04-30,P00015,0,2025-05-31T12:00:00Z
2025-05-31,P00015,0,2025-07-01T12:00:00Z
2025-06-30,P00015,0,2025-07-31T12:00:00Z
2025-07-31,P00015,1,2025-08-31T12:00:00Z
2023-07-31,P00016,0,2023-08-31T12:00:00Z
2023-08-31,P00016,0,2023-10-01T12:00:00Z
2023-09-30,P00016,0,2023-10-31T12:00:00Z
2023-10-31,P00016,0,2023-12-01T12:00:00Z
2023-11-30,P00016,0,2023-12-31T12:00:00Z
2023-12-31,P00016,0,2024-01-31T12:00:00Z
2024-01-31,P00016,0,2024-03-02T12:00:00Z
2024-02-29,P00016,0,2024-03-31T12:00:00Z
2024-03-31,P00016,0,2024-05-01T12:00:00Z
2024-04-30,P00016,0,2024-05-31T12:00:00Z
2024-05-31,P00016,0,2024-07-01T12:00:00Z
2024-06-30,P00016,0,2024-07-31T12:00:00Z
2024-07-31,P00016,0,2024-08-31T12:00:00Z
2024-08-31,P00016,0,2024-10-01T12:00:00Z
2024-09-30,P00016,0,2024-10-31T12:00:00Z
2024-10-31,P00016,0,2024-12-01T12:00:00Z
2024-11-30,P00016,0,2024-12-31T12:00:00Z
2024-12-31,P00016,0,2025-01-31T12:00:00Z
2025-01-31,P00016,0,2025-03-03T12:00:00Z
2025-02-28,P00016,0,2025-03-31T12:00:00Z
2025-03-31,P00016,0,2025-05-01T12:00:00Z
2025-04-30,P00016,0,2025-05-31T12:00:00Z
2025-05-31,P00016,0,2025-07-01T12:00:00Z
2025-06-30,P00016,0,2025-07-31T12:00:00Z
2025-07-31,P00016,0,2025-08-31T12:00:00Z
2025-08-31,P00016,0,2025-10-01T12:00:00Z
2025-09-30,P00016,0,2025-10-31T12:00:00Z
2025-10-31,P00016,0,2025-12-01T12:00:00Z
2025-11-30,P00016,0,2025-12-31T12:00:00Z
2025-12-31,P00016,0,2026-01-31T12:00:00Z
2023-07-31,P00017,0,2023-08-31T12:00:00Z
2023-08-31,P00017,0,2023-10-01T12:00:00Z
2023-09-30,P00017,0,2023-10-31T12:00:00Z
2023-10-31,P00017,0,2023-12-01T12:00:00Z
2023-11-30,P00017,0,2023-12-31T12:00:00Z
2023-12-31,P00017,0,2024-01-31T12:00:00Z
2024-01-31,P00017,0,2024-03-02T12:00:00Z
2024-02-29,P00017,0,2024-03-31T12:00:00Z
2024-03-31,P00017,0,2024-05-01T12:00:00Z
2024-04-30,P00017,0,2024-05-31T12:00:00Z
2024-05-31,P00017,0,2024-07-01T12:00:00Z
2024-06-30,P00017,0,2024-07-31T12:00:00Z
2024-07-31,P00017,0,2024-08-31T12:00:00Z
2024-08-31,P00017,0,2024-10-01T12:00:00Z
2024-09-30,P00017,0,2024-10-31T12:00:00Z
2024-10-31,P00017,0,2024-12-01T12:00:00Z
2024-11-30,P00017,0,2024-12-31T12:00:00Z
2024-12-31,P00017,0,2025-01-31T12:00:00Z
2025-01-31,P00017,0,2025-03-03T12:00:00Z
2025-02-28,P00017,0,2025-03-31T12:00:00Z
2025-03-31,P00017,0,2025-05-01T12:00:00Z
2025-04-30,P00017,0,2025-05-31T12:00:00Z
2025-05-31,P00017,0,2025-07-01T12:00:00Z
2025-06-30,P00017,0,2025-07-31T12:00:00Z
2025-07-31,P00017,0,2025-08-31T12:00:00Z
2025-08-31,P00017,0,2025-10-01T12:00:00Z
2025-09-30,P00017,0,2025-10-31T12:00:00Z
2025-10-31,P00017,0,2025-12-01T12:00:00Z
2025-11-30,P00017,0,2025-12-31T12:00:00Z
2025-12-31,P00017,0,2026-01-31T12:00:00Z
2023-07-31,P00018,0,2023-08-31T12:00:00Z
2023-08-31,P00018,0,2023-10-01T12:00:00Z
2023-09-30,P00018,0,2023-10-31T12:00:00Z
2023-10-31,P00018,0,2023-12-01T12:00:00Z
2023-11-30,P00018,0,2023-12-31T12:00:00Z
2023-12-31,P00018,0,2024-01-31T12:00:00Z
2024-01-31,P00018,0,2024-03-02T12:00:00Z
2024-02-29,P00018,0,2024-03-31T12:00:00Z
2024-03-31,P00018,0,2024-05-01T12:00:00Z
2024-04-30,P00018,0,2024-05-31T12:00:00Z
2024-05-31,P00018,0,2024-07-01T12:00:00Z
2024-06-30,P00018,0,2024-07-31T12:00:00Z
2024-07-31,P00018,0,2024-08-31T12:00:00Z
2024-08-31,P00018,0,2024-10-01T12:00:00Z
2024-09-30,P00018,0,2024-10-31T12:00:00Z
2024-10-31,P00018,0,2024-12-01T12:00:00Z
2024-11-30,P00018,0,2024-12-31T12:00:00Z
2024-12-31,P00018,0,2025-01-31T12:00:00Z
2025-01-31,P00018,0,2025-03-03T12:00:00Z
2025-02-28,P00018,0,2025-03-31T12:00:00Z
2025-03-31,P00018,0,2025-05-01T12:00:00Z
2025-04-30,P00018,0,2025-05-31T12:00:00Z
2025-05-31,P00018,0,2025-07-01T12:00:00Z
2025-06-30,P00018,0,2025-07-31T12:00:00Z
2025-07-31,P00018,0,2025-08-31T12:00:00Z
2025-08-31,P00018,0,2025-10-01T12:00:00Z
2025-09-30,P00018,0,2025-10-31T12:00:00Z
2025-10-31,P00018,0,2025-12-01T12:00:00Z
2025-11-30,P00018,0,2025-12-31T12:00:00Z
2025-12-31,P00018,0,2026-01-31T12:00:00Z
2023-07-31,P00019,0,2023-08-31T12:00:00Z
2023-08-31,P00019,0,2023-10-01T12:00:00Z
2023-09-30,P00019,0,2023-10-31T12:00:00Z
2023-10-31,P00019,0,2023-12-01T12:00:00Z
2023-11-30,P00019,0,2023-12-31T12:00:00Z
2023-12-31,P00019,0,2024-01-31T12:00:00Z
2024-01-31,P00019,0,2024-03-02T12:00:00Z
2024-02-29,P00019,0,2024-03-31T12:00:00Z
2024-03-31,P00019,0,2024-05-01T12:00:00Z
2024-04-30,P00019,0,2024-05-31T12:00:00Z
2024-05-31,P00019,0,2024-07-01T12:00:00Z
2024-06-30,P00019,0,2024-07-31T12:00:00Z
2024-07-31,P00019,0,2024-08-31T12:00:00Z
2024-08-31,P00019,0,2024-10-01T12:00:00Z
2024-09-30,P00019,0,2024-10-31T12:00:00Z
2024-10-31,P00019,0,2024-12-01T12:00:00Z
2024-11-30,P00019,0,2024-12-31T12:00:00Z
2024-12-31,P00019,0,2025-01-31T12:00:00Z
2025-01-31,P00019,0,2025-03-03T12:00:00Z
2025-02-28,P00019,0,2025-03-31T12:00:00Z
2025-03-31,P00019,0,2025-05-01T12:00:00Z
2025-04-30,P00019,0,2025-05-31T12:00:00Z
2025-05-31,P00019,0,2025-07-01T12:00:00Z
2025-06-30,P00019,0,2025-07-31T12:00:00Z
2025-07-31,P00019,1,2025-08-31T12:00:00Z
2023-07-31,P00020,0,2023-08-31T12:00:00Z
2023-08-31,P00020,0,2023-10-01T12:00:00Z
2023-09-30,P00020,0,2023-10-31T12:00:00Z
2023-10-31,P00020,0,2023-12-01T12:00:00Z
2023-11-30,P00020,0,2023-12-31T12:00:00Z
2023-12-31,P00020,0,2024-01-31T12:00:00Z
2024-01-31,P00020,0,2024-03-02T12:00:00Z
2024-02-29,P00020,0,2024-03-31T12:00:00Z
2024-03-31,P00020,0,2024-05-01T12:00:00Z
2024-04-30,P00020,0,2024-05-31T12:00:00Z
2024-05-31,P00020,0,2024-07-01T12:00:00Z
2024-06-30,P00020,0,2024-07-31T12:00:00Z
2024-07-31,P00020,1,2024-08-31T12:00:00Z
2023-07-31,P00021,0,2023-08-31T12:00:00Z
2023-08-31,P00021,0,2023-10-01T12:00:00Z
2023-09-30,P00021,0,2023-10-31T12:00:00Z
2023-10-31,P00021,0,2023-12-01T12:00:00Z
2023-11-30,P00021,0,2023-12-31T12:00:00Z
2023-12-31,P00021,0,2024-01-31T12:00:00Z
2024-01-31,P00021,0,2024-03-02T12:00:00Z
2024-02-29,P00021,0,2024-03-31T12:00:00Z
2024-03-31,P00021,0,2024-05-01T12:00:00Z
2024-04-30,P00021,0,2024-05-31T12:00:00Z
2024-05-31,P00021,0,2024-07-01T12:00:00Z
2024-06-30,P00021,0,2024-07-31T12:00:00Z
2024-07-31,P00021,0,2024-08-31T12:00:00Z
2024-08-31,P00021,0,2024-10-01T12:00:00Z
2024-09-30,P00021,0,2024-10-31T12:00:00Z
2024-10-31,P00021,0,2024-12-01T12:00:00Z
2024-11-30,P00021,0,2024-12-31T12:00:00Z
2024-12-31,P00021,0,2025-01-31T12:00:00Z
2025-01-31,P00021,0,2025-03-03T12:00:00Z
2025-02-28,P00021,0,2025-03-31T12:00:00Z
2025-03-31,P00021,0,2025-05-01T12:00:00Z
2025-04-30,P00021,0,2025-05-31T12:00:00Z
2025-05-31,P00021,1,2025-07-01T12:00:00Z
2023-07-31,P00022,0,2023-08-31T12:00:00Z
2023-08-31,P00022,0,2023-10-01T12:00:00Z
2023-09-30,P00022,0,2023-10-31T12:00:00Z
2023-10-31,P00022,0,2023-12-01T12:00:00Z
2023-11-30,P00022,0,2023-12-31T12:00:00Z
2023-12-31,P00022,0,2024-01-31T12:00:00Z
2024-01-31,P00022,0,2024-03-02T12:00:00Z
2024-02-29,P00022,0,2024-03-31T12:00:00Z
2024-03-31,P00022,0,2024-05-01T12:00:00Z
2024-04-30,P00022,0,2024-05-31T12:00:00Z
2024-05-31,P00022,0,2024-07-01T12:00:00Z
2024-06-30,P00022,0,2024-07-31T12:00:00Z
2024-07-31,P00022,0,2024-08-31T12:00:00Z
2024-08-31,P00022,0,2024-10-01T12:00:00Z
2024-09-30,P00022,0,2024-10-31T12:00:00Z
2024-10-31,P00022,0,2024-12-01T12:00:00Z
2024-11-30,P00022,0,2024-12-31T12:00:00Z
2024-12-31,P00022,0,2025-01-31T12:00:00Z
2025-01-31,P00022,0,2025-03-03T12:00:00Z
2025-02-28,P00022,0,2025-03-31T12:00:00Z
2025-03-31,P00022,0,2025-05-01T12:00:00Z
2025-04-30,P00022,0,2025-05-31T12:00:00Z
2025-05-31,P00022,0,2025-07-01T12:00:00Z
2025-06-30,P00022,0,2025-07-31T12:00:00Z
2025-07-31,P00022,1,2025-08-31T12:00:00Z
2023-07-31,P00023,0,2023-08-31T12:00:00Z
2023-08-31,P00023,0,2023-10-01T12:00:00Z
2023-09-30,P00023,0,2023-10-31T12:00:00Z
2023-10-31,P00023,0,2023-12-01T12:00:00Z
2023-11-30,P00023,0,2023-12-31T12:00:00Z
2023-12-31,P00023,0,2024-01-31T12:00:00Z
2024-01-31,P00023,0,2024-03-02T12:00:00Z
2024-02-29,P00023,0,2024-03-31T12:00:00Z
2024-03-31,P00023,0,2024-05-01T12:00:00Z
2024-04-30,P00023,0,2024-05-31T12:00:00Z
2024-05-31,P00023,0,2024-07-01T12:00:00Z
2024-06-30,P00023,0,2024-07-31T12:00:00Z
2024-07-31,P00023,0,2024-08-31T12:00:00Z
2024-08-31,P00023,0,2024-10-01T12:00:00Z
2024-09-30,P00023,0,2024-10-31T12:00:00Z
2024-10-31,P00023,0,2024-12-01T12:00:00Z
2024-11-30,P00023,0,2024-12-31T12:00:00Z
2024-12-31,P00023,0,2025-01-31T12:00:00Z
2025-01-31,P00023,0,2025-03-03T12:00:00Z
2025-02-28,P00023,0,2025-03-31T12:00:00Z
2025-03-31,P00023,0,2025-05-01T12:00:00Z
2025-04-30,P00023,0,2025-05-31T12:00:00Z
2025-05-31,P00023,0,2025-07-01T12:00:00Z
2025-06-30,P00023,0,2025-07-31T12:00:00Z
2025-07-31,P00023,0,2025-08-31T12:00:00Z
2025-08-31,P00023,0,2025-10-01T12:00:00Z
2025-09-30,P00023,0,2025-10-31T12:00:00Z
2025-10-31,P00023,0,2025-12-01T12:00:00Z
2025-11-30,P00023,0,2025-12-31T12:00:00Z
2025-12-31,P00023,0,2026-01-31T12:00:00Z
2023-07-31,P00024,0,2023-08-31T12:00:00Z
2023-08-31,P00024,0,2023-10-01T12:00:00Z
2023-09-30,P00024,0,2023-10-31T12:00:00Z
2023-10-31,P00024,0,2023-12-01T12:00:00Z
2023-11-30,P00024,0,2023-12-31T12:00:00Z
2023-12-31,P00024,0,2024-01-31T12:00:00Z
2024-01-31,P00024,0,2024-03-02T12:00:00Z
2024-02-29,P00024,0,2024-03-31T12:00:00Z
2024-03-31,P00024,0,2024-05-01T12:00:00Z
2024-04-30,P00024,0,2024-05-31T12:00:00Z
2024-05-31,P00024,0,2024-07-01T12:00:00Z
2024-06-30,P00024,0,2024-07-31T12:00:00Z
2024-07-31,P00024,1,2024-08-31T12:00:00Z
2023-07-31,P00025,0,2023-08-31T12:00:00Z
2023-08-31,P00025,0,2023-10-01T12:00:00Z
2023-09-30,P00025,0,2023-10-31T12:00:00Z
2023-10-31,P00025,0,2023-12-01T12:00:00Z
2023-11-30,P00025,0,2023-12-31T12:00:00Z
2023-12-31,P00025,0,2024-01-31T12:00:00Z
2024-01-31,P00025,0,2024-03-02T12:00:00Z
2024-02-29,P00025,0,2024-03-31T12:00:00Z
2024-03-31,P00025,0,2024-05-01T12:00:00Z
2024-04-30,P00025,0,2024-05-31T12:00:00Z
2024-05-31,P00025,0,2024-07-01T12:00:00Z
2024-06-30,P00025,0,2024-07-31T12:00:00Z
2024-07-31,P00025,0,2024-08-31T12:00:00Z
2024-08-31,P00025,0,2024-10-01T12:00:00Z
2024-09-30,P00025,0,2024-10-31T12:00:00Z
2024-10-31,P00025,0,2024-12-01T12:00:00Z
2024-11-30,P00025,0,2024-12-31T12:00:00Z
2024-12-31,P00025,0,2025-01-31T12:00:00Z
2025-01-31,P00025,0,2025-03-03T12:00:00Z
2025-02-28,P00025,1,2025-03-31T12:00:00Z
2023-07-31,P00026,0,2023-08-31T12:00:00Z
2023-08-31,P00026,0,2023-10-01T12:00:00Z
2023-09-30,P00026,0,2023-10-31T12:00:00Z
2023-10-31,P00026,0,2023-12-01T12:00:00Z
2023-11-30,P00026,0,2023-12-31T12:00:00Z
2023-12-31,P00026,0,2024-01-31T12:00:00Z
2024-01-31,P00026,0,2024-03-02T12:00:00Z
2024-02-29,P00026,0,2024-03-31T12:00:00Z
2024-03-31,P00026,0,2024-05-01T12:00:00Z
2024-04-30,P00026,0,2024-05-31T12:00:00Z
2024-05-31,P00026,0,2024-07-01T12:00:00Z
2024-06-30,P00026,0,2024-07-31T12:00:00Z
2024-07-31,P00026,0,2024-08-31T12:00:00Z
2024-08-31,P00026,0,2024-10-01T12:00:00Z
2024-09-30,P00026,0,2024-10-31T12:00:00Z
2024-10-31,P00026,0,2024-12-01T12:00:00Z
2024-11-30,P00026,0,2024-12-31T12:00:00Z
2024-12-31,P00026,0,2025-01-31T12:00:00Z
2025-01-31,P00026,0,2025-03-03T12:00:00Z
2025-02-28,P00026,0,2025-03-31T12:00:00Z
2025-03-31,P00026,0,2025-05-01T12:00:00Z
2025-04-30,P00026,0,2025-05-31T12:00:00Z
2025-05-31,P00026,0,2025-07-01T12:00:00Z
2025-06-30,P00026,0,2025-07-31T12:00:00Z
2025-07-31,P00026,0,2025-08-31T12:00:00Z
2025-08-31,P00026,0,2025-10-01T12:00:00Z
2025-09-30,P00026,0,2025-10-31T12:00:00Z
2025-10-31,P00026,0,2025-12-01T12:00:00Z
2025-11-30,P00026,0,2025-12-31T12:00:00Z
2025-12-31,P00026,0,2026-01-31T12:00:00Z
2023-07-31,P00027,0,2023-08-31T12:00:00Z
2023-08-31,P00027,0,2023-10-01T12:00:00Z
2023-09-30,P00027,0,2023-10-31T12:00:00Z
2023-10-31,P00027,0,2023-12-01T12:00:00Z
2023-11-30,P00027,0,2023-12-31T12:00:00Z
2023-12-31,P00027,0,2024-01-31T12:00:00Z
2024-01-31,P00027,0,2024-03-02T12:00:00Z
2024-02-29,P00027,0,2024-03-31T12:00:00Z
2024-03-31,P00027,0,2024-05-01T12:00:00Z
2024-04-30,P00027,0,2024-05-31T12:00:00Z
2024-05-31,P00027,0,2024-07-01T12:00:00Z
2024-06-30,P00027,0,2024-07-31T12:00:00Z
2024-07-31,P00027,0,2024-08-31T12:00:00Z
2024-08-31,P00027,0,2024-10-01T12:00:00Z
2024-09-30,P00027,0,2024-10-31T12:00:00Z
2024-10-31,P00027,0,2024-12-01T12:00:00Z
2024-11-30,P00027,0,2024-12-31T12:00:00Z
2024-12-31,P00027,0,2025-01-31T12:00:00Z
2025-01-31,P00027,0,2025-03-03T12:00:00Z
2025-02-28,P00027,0,2025-03-31T12:00:00Z
2025-03-31,P00027,0,2025-05-01T12:00:00Z
2025-04-30,P00027,0,2025-05-31T12:00:00Z
2025-05-31,P00027,0,2025-07-01T12:00:00Z
2025-06-30,P00027,0,2025-07-31T12:00:00Z
2025-07-31,P00027,0,2025-08-31T12:00:00Z
2025-08-31,P00027,0,2025-10-01T12:00:00Z
2025-09-30,P00027,0,2025-10-31T12:00:00Z
2025-10-31,P00027,0,2025-12-01T12:00:00Z
2025-11-30,P00027,0,2025-12-31T12:00:00Z
2025-12-31,P00027,0,2026-01-31T12:00:00Z
2023-07-31,P00028,0,2023-08-31T12:00:00Z
2023-08-31,P00028,0,2023-10-01T12:00:00Z
2023-09-30,P00028,0,2023-10-31T12:00:00Z
2023-10-31,P00028,0,2023-12-01T12:00:00Z
2023-11-30,P00028,0,2023-12-31T12:00:00Z
2023-12-31,P00028,0,2024-01-31T12:00:00Z
2024-01-31,P00028,0,2024-03-02T12:00:00Z
2024-02-29,P00028,0,2024-03-31T12:00:00Z
2024-03-31,P00028,0,2024-05-01T12:00:00Z
2024-04-30,P00028,0,2024-05-31T12:00:00Z
2024-05-31,P00028,0,2024-07-01T12:00:00Z
2024-06-30,P00028,0,2024-07-31T12:00:00Z
2024-07-31,P00028,0,2024-08-31T12:00:00Z
2024-08-31,P00028,0,2024-10-01T12:00:00Z
2024-09-30,P00028,0,2024-10-31T12:00:00Z
2024-10-31,P00028,0,2024-12-01T12:00:00Z
2024-11-30,P00028,0,2024-12-31T12:00:00Z
2024-12-31,P00028,0,2025-01-31T12:00:00Z
2025-01-31,P00028,0,2025-03-03T12:00:00Z
2025-02-28,P00028,0,2025-03-31T12:00:00Z
2025-03-31,P00028,0,2025-05-01T12:00:00Z
2025-04-30,P00028,0,2025-05-31T12:00:00Z
2025-05-31,P00028,0,2025-07-01T12:00:00Z
2025-06-30,P00028,0,2025-07-31T12:00:00Z
2025-07-31,P00028,0,2025-08-31T12:00:00Z
2025-08-31,P00028,0,2025-10-01T12:00:00Z
2025-09-30,P00028,0,2025-10-31T12:00:00Z
2025-10-31,P00028,0,2025-12-01T12:00:00Z
2025-11-30,P00028,0,2025-12-31T12:00:00Z
2025-12-31,P00028,0,2026-01-31T12:00:00Z
2023-07-31,P00029,0,2023-08-31T12:00:00Z
2023-08-31,P00029,0,2023-10-01T12:00:00Z
2023-09-30,P00029,0,2023-10-31T12:00:00Z
2023-10-31,P00029,0,2023-12-01T12:00:00Z
2023-11-30,P00029,0,2023-12-31T12:00:00Z
2023-12-31,P00029,0,2024-01-31T12:00:00Z
2024-01-31,P00029,0,2024-03-02T12:00:00Z
2024-02-29,P00029,0,2024-03-31T12:00:00Z
2024-03-31,P00029,0,2024-05-01T12:00:00Z
2024-04-30,P00029,0,2024-05-31T12:00:00Z
2024-05-31,P00029,0,2024-07-01T12:00:00Z
2024-06-30,P00029,0,2024-07-31T12:00:00Z
2024-07-31,P00029,0,2024-08-31T12:00:00Z
2024-08-31,P00029,0,2024-10-01T12:00:00Z
2024-09-30,P00029,0,2024-10-31T12:00:00Z
2024-10-31,P00029,0,2024-12-01T12:00:00Z
2024-11-30,P00029,0,2024-12-31T12:00:00Z
2024-12-31,P00029,0,2025-01-31T12:00:00Z
2025-01-31,P00029,0,2025-03-03T12:00:00Z
2025-02-28,P00029,0,2025-03-31T12:00:00Z
2025-03-31,P00029,0,2025-05-01T12:00:00Z
2025-04-30,P00029,0,2025-05-31T12:00:00Z
2025-05-31,P00029,0,2025-07-01T12:00:00Z
2025-06-30,P00029,0,2025-07-31T12:00:00Z
2025-07-31,P00029,0,2025-08-31T12:00:00Z
2025-08-31,P00029,0,2025-10-01T12:00:00Z
2025-09-30,P00029,0,2025-10-31T12:00:00Z
2025-10-31,P00029,0,2025-12-01T12:00:00Z
2025-11-30,P00029,0,2025-12-31T12:00:00Z
2025-12-31,P00029,0,2026-01-31T12:00:00Z
2023-07-31,P00030,0,2023-08-31T12:00:00Z
2023-08-31,P00030,0,2023-10-01T12:00:00Z
2023-09-30,P00030,0,2023-10-31T12:00:00Z
2023-10-31,P00030,0,2023-12-01T12:00:00Z
2023-11-30,P00030,0,2023-12-31T12:00:00Z
2023-12-31,P00030,1,2024-01-31T12:00:00Z
2023-07-31,P00031,0,2023-08-31T12:00:00Z
2023-08-31,P00031,0,2023-10-01T12:00:00Z
2023-09-30,P00031,0,2023-10-31T12:00:00Z
2023-10-31,P00031,0,2023-12-01T12:00:00Z
2023-11-30,P00031,0,2023-12-31T12:00:00Z
2023-12-31,P00031,0,2024-01-31T12:00:00Z
2024-01-31,P00031,0,2024-03-02T12:00:00Z
2024-02-29,P00031,0,2024-03-31T12:00:00Z
2024-03-31,P00031,0,2024-05-01T12:00:00Z
2024-04-30,P00031,0,2024-05-31T12:00:00Z
2024-05-31,P00031,0,2024-07-01T12:00:00Z
2024-06-30,P00031,0,2024-07-31T12:00:00Z
2024-07-31,P00031,0,2024-08-31T12:00:00Z
2024-08-31,P00031,0,2024-10-01T12:00:00Z
2024-09-30,P00031,0,2024-10-31T12:00:00Z
2024-10-31,P00031,0,2024-12-01T12:00:00Z
2024-11-30,P00031,0,2024-12-31T12:00:00Z
2024-12-31,P00031,0,2025-01-31T12:00:00Z
2025-01-31,P00031,0,2025-03-03T12:00:00Z
2025-02-28,P00031,0,2025-03-31T12:00:00Z
2025-03-31,P00031,0,2025-05-01T12:00:00Z
2025-04-30,P00031,0,2025-05-31T12:00:00Z
2025-05-31,P00031,0,2025-07-01T12:00:00Z
2025-06-30,P00031,0,2025-07-31T12:00:00Z
2025-07-31,P00031,0,2025-08-31T12:00:00Z
2025-08-31,P00031,0,2025-10-01T12:00:00Z
2025-09-30,P00031,0,2025-10-31T12:00:00Z
2025-10-31,P00031,0,2025-12-01T12:00:00Z
2025-11-30,P00031,0,2025-12-31T12:00:00Z
2025-12-31,P00031,0,2026-01-31T12:00:00Z
2023-07-31,P00032,0,2023-08-31T12:00:00Z
2023-08-31,P00032,0,2023-10-01T12:00:00Z
2023-09-30,P00032,0,2023-10-31T12:00:00Z
2023-10-31,P00032,0,2023-12-01T12:00:00Z
2023-11-30,P00032,0,2023-12-31T12:00:00Z
2023-12-31,P00032,0,2024-01-31T12:00:00Z
2024-01-31,P00032,0,2024-03-02T12:00:00Z
2024-02-29,P00032,0,2024-03-31T12:00:00Z
2024-03-31,P00032,0,2024-05-01T12:00:00Z
2024-04-30,P00032,0,2024-05-31T12:00:00Z
2024-05-31,P00032,0,2024-07-01T12:00:00Z
2024-06-30,P00032,0,2024-07-31T12:00:00Z
2024-07-31,P00032,0,2024-08-31T12:00:00Z
2024-08-31,P00032,0,2024-10-01T12:00:00Z
2024-09-30,P00032,0,2024-10-31T12:00:00Z
2024-10-31,P00032,0,2024-12-01T12:00:00Z
2024-11-30,P00032,0,2024-12-31T12:00:00Z
2024-12-31,P00032,0,2025-01-31T12:00:00Z
2025-01-31,P00032,0,2025-03-03T12:00:00Z
2025-02-28,P00032,0,2025-03-31T12:00:00Z
2025-03-31,P00032,0,2025-05-01T12:00:00Z
2025-04-30,P00032,0,2025-05-31T12:00:00Z
2025-05-31,P00032,0,2025-07-01T12:00:00Z
2025-06-30,P00032,0,2025-07-31T12:00:00Z
2025-07-31,P00032,0,2025-08-31T12:00:00Z
2025-08-31,P00032,0,2025-10-01T12:00:00Z
2025-09-30,P00032,0,2025-10-31T12:00:00Z
2025-10-31,P00032,0,2025-12-01T12:00:00Z
2025-11-30,P00032,0,2025-12-31T12:00:00Z
2025-12-31,P00032,0,2026-01-31T12:00:00Z
2023-07-31,P00033,0,2023-08-31T12:00:00Z
2023-08-31,P00033,0,2023-10-01T12:00:00Z
2023-09-30,P00033,0,2023-10-31T12:00:00Z
2023-10-31,P00033,0,2023-12-01T12:00:00Z
2023-11-30,P00033,0,2023-12-31T12:00:00Z
2023-12-31,P00033,0,2024-01-31T12:00:00Z
2024-01-31,P00033,0,2024-03-02T12:00:00Z
2024-02-29,P00033,0,2024-03-31T12:00:00Z
2024-03-31,P00033,0,2024-05-01T12:00:00Z
2024-04-30,P00033,0,2024-05-31T12:00:00Z
2024-05-31,P00033,0,2024-07-01T12:00:00Z
2024-06-30,P00033,0,2024-07-31T12:00:00Z
2024-07-31,P00033,0,2024-08-31T12:00:00Z
2024-08-31,P00033,1,2024-10-01T12:00:00Z
2023-07-31,P00034,0,2023-08-31T12:00:00Z
2023-08-31,P00034,0,2023-10-01T12:00:00Z
2023-09-30,P00034,0,2023-10-31T12:00:00Z
2023-10-31,P00034,0,2023-12-01T12:00:00Z
2023-11-30,P00034,0,2023-12-31T12:00:00Z
2023-12-31,P00034,0,2024-01-31T12:00:00Z
2024-01-31,P00034,0,2024-03-02T12:00:00Z
2024-02-29,P00034,0,2024-03-31T12:00:00Z
2024-03-31,P00034,0,2024-05-01T12:00:00Z
2024-04-30,P00034,0,2024-05-31T12:00:00Z
2024-05-31,P00034,0,2024-07-01T12:00:00Z
2024-06-30,P00034,0,2024-07-31T12:00:00Z
2024-07-31,P00034,0,2024-08-31T12:00:00Z
2024-08-31,P00034,0,2024-10-01T12:00:00Z
2024-09-30,P00034,0,2024-10-31T12:00:00Z
2024-10-31,P00034,0,2024-12-01T12:00:00Z
2024-11-30,P00034,0,2024-12-31T12:00:00Z
2024-12-31,P00034,0,2025-01-31T12:00:00Z
2025-01-31,P00034,0,2025-03-03T12:00:00Z
2025-02-28,P00034,0,2025-03-31T12:00:00Z
2025-03-31,P00034,0,2025-05-01T12:00:00Z
2025-04-30,P00034,0,2025-05-31T12:00:00Z
2025-05-31,P00034,0,2025-07-01T12:00:00Z
2025-06-30,P00034,0,2025-07-31T12:00:00Z
2025-07-31,P00034,0,2025-08-31T12:00:00Z
2025-08-31,P00034,0,2025-10-01T12:00:00Z
2025-09-30,P00034,0,2025-10-31T12:00:00Z
2025-10-31,P00034,0,2025-12-01T12:00:00Z
2025-11-30,P00034,0,2025-12-31T12:00:00Z
2025-12-31,P00034,0,2026-01-31T12:00:00Z
2023-07-31,P00035,0,2023-08-31T12:00:00Z
2023-08-31,P00035,0,2023-10-01T12:00:00Z
2023-09-30,P00035,0,2023-10-31T12:00:00Z
2023-10-31,P00035,0,2023-12-01T12:00:00Z
2023-11-30,P00035,0,2023-12-31T12:00:00Z
2023-12-31,P00035,0,2024-01-31T12:00:00Z
2024-01-31,P00035,0,2024-03-02T12:00:00Z
2024-02-29,P00035,0,2024-03-31T12:00:00Z
2024-03-31,P00035,0,2024-05-01T12:00:00Z
2024-04-30,P00035,0,2024-05-31T12:00:00Z
2024-05-31,P00035,0,2024-07-01T12:00:00Z
2024-06-30,P00035,0,2024-07-31T12:00:00Z
2024-07-31,P00035,0,2024-08-31T12:00:00Z
2024-08-31,P00035,0,2024-10-01T12:00:00Z
2024-09-30,P00035,0,2024-10-31T12:00:00Z
2024-10-31,P00035,1,2024-12-01T12:00:00Z
2023-07-31,P00036,0,2023-08-31T12:00:00Z
2023-08-31,P00036,0,2023-10-01T12:00:00Z
2023-09-30,P00036,0,2023-10-31T12:00:00Z
2023-10-31,P00036,0,2023-12-01T12:00:00Z
2023-11-30,P00036,0,2023-12-31T12:00:00Z
2023-12-31,P00036,0,2024-01-31T12:00:00Z
2024-01-31,P00036,0,2024-03-02T12:00:00Z
2024-02-29,P00036,0,2024-03-31T12:00:00Z
2024-03-31,P00036,0,2024-05-01T12:00:00Z
2024-04-30,P00036,0,2024-05-31T12:00:00Z
2024-05-31,P00036,0,2024-07-01T12:00:00Z
2024-06-30,P00036,0,2024-07-31T12:00:00Z
2024-07-31,P00036,0,2024-08-31T12:00:00Z
2024-08-31,P00036,0,2024-10-01T12:00:00Z
2024-09-30,P00036,0,2024-10-31T12:00:00Z
2024-10-31,P00036,0,2024-12-01T12:00:00Z
2024-11-30,P00036,0,2024-12-31T12:00:00Z
2024-12-31,P00036,0,2025-01-31T12:00:00Z
2025-01-31,P00036,0,2025-03-03T12:00:00Z
2025-02-28,P00036,0,2025-03-31T12:00:00Z
2025-03-31,P00036,0,2025-05-01T12:00:00Z
2025-04-30,P00036,0,2025-05-31T12:00:00Z
2025-05-31,P00036,0,2025-07-01T12:00:00Z
2025-06-30,P00036,0,2025-07-31T12:00:00Z
2025-07-31,P00036,0,2025-08-31T12:00:00Z
2025-08-31,P00036,0,2025-10-01T12:00:00Z
2025-09-30,P00036,0,2025-10-31T12:00:00Z
2025-10-31,P00036,0,2025-12-01T12:00:00Z
2025-11-30,P00036,0,2025-12-31T12:00:00Z
2025-12-31,P00036,0,2026-01-31T12:00:00Z
2023-07-31,P00037,0,2023-08-31T12:00:00Z
2023-08-31,P00037,0,2023-10-01T12:00:00Z
2023-09-30,P00037,0,2023-10-31T12:00:00Z
2023-10-31,P00037,0,2023-12-01T12:00:00Z
2023-11-30,P00037,0,2023-12-31T12:00:00Z
2023-12-31,P00037,0,2024-01-31T12:00:00Z
2024-01-31,P00037,0,2024-03-02T12:00:00Z
2024-02-29,P00037,0,2024-03-31T12:00:00Z
2024-03-31,P00037,0,2024-05-01T12:00:00Z
2024-04-30,P00037,0,2024-05-31T12:00:00Z
2024-05-31,P00037,0,2024-07-01T12:00:00Z
2024-06-30,P00037,0,2024-07-31T12:00:00Z
2024-07-31,P00037,0,2024-08-31T12:00:00Z
2024-08-31,P00037,0,2024-10-01T12:00:00Z
2024-09-30,P00037,0,2024-10-31T12:00:00Z
2024-10-31,P00037,0,2024-12-01T12:00:00Z
2024-11-30,P00037,0,2024-12-31T12:00:00Z
2024-12-31,P00037,0,2025-01-31T12:00:00Z
2025-01-31,P00037,0,2025-03-03T12:00:00Z
2025-02-28,P00037,0,2025-03-31T12:00:00Z
2025-03-31,P00037,0,2025-05-01T12:00:00Z
2025-04-30,P00037,0,2025-05-31T12:00:00Z
2025-05-31,P00037,0,2025-07-01T12:00:00Z
2025-06-30,P00037,0,2025-07-31T12:00:00Z
2025-07-31,P00037,0,2025-08-31T12:00:00Z
2025-08-31,P00037,0,2025-10-01T12:00:00Z
2025-09-30,P00037,0,2025-10-31T12:00:00Z
2025-10-31,P00037,0,2025-12-01T12:00:00Z
2025-11-30,P00037,0,2025-12-31T12:00:00Z
2025-12-31,P00037,0,2026-01-31T12:00:00Z
2023-07-31,P00038,0,2023-08-31T12:00:00Z
2023-08-31,P00038,0,2023-10-01T12:00:00Z
2023-09-30,P00038,0,2023-10-31T12:00:00Z
2023-10-31,P00038,0,2023-12-01T12:00:00Z
2023-11-30,P00038,0,2023-12-31T12:00:00Z
2023-12-31,P00038,0,2024-01-31T12:00:00Z
2024-01-31,P00038,0,2024-03-02T12:00:00Z
2024-02-29,P00038,0,2024-03-31T12:00:00Z
2024-03-31,P00038,0,2024-05-01T12:00:00Z
2024-04-30,P00038,0,2024-05-31T12:00:00Z
2024-05-31,P00038,0,2024-07-01T12:00:00Z
2024-06-30,P00038,0,2024-07-31T12:00:00Z
2024-07-31,P00038,0,2024-08-31T12:00:00Z
2024-08-31,P00038,0,2024-10-01T12:00:00Z
2024-09-30,P00038,0,2024-10-31T12:00:00Z
2024-10-31,P00038,1,2024-12-01T12:00:00Z
2023-07-31,P00039,0,2023-08-31T12:00:00Z
2023-08-31,P00039,0,2023-10-01T12:00:00Z
2023-09-30,P00039,0,2023-10-31T12:00:00Z
2023-10-31,P00039,0,2023-12-01T12:00:00Z
2023-11-30,P00039,0,2023-12-31T12:00:00Z
2023-12-31,P00039,0,2024-01-31T12:00:00Z
2024-01-31,P00039,0,2024-03-02T12:00:00Z
2024-02-29,P00039,0,2024-03-31T12:00:00Z
2024-03-31,P00039,0,2024-05-01T12:00:00Z
2024-04-30,P00039,0,2024-05-31T12:00:00Z
2024-05-31,P00039,0,2024-07-01T12:00:00Z
2024-06-30,P00039,0,2024-07-31T12:00:00Z
2024-07-31,P00039,0,2024-08-31T12:00:00Z
2024-08-31,P00039,0,2024-10-01T12:00:00Z
2024-09-30,P00039,0,2024-10-31T12:00:00Z
2024-10-31,P00039,0,2024-12-01T12:00:00Z
2024-11-30,P00039,0,2024-12-31T12:00:00Z
2024-12-31,P00039,0,2025-01-31T12:00:00Z
2025-01-31,P00039,0,2025-03-03T12:00:00Z
2025-02-28,P00039,0,2025-03-31T12:00:00Z
2025-03-31,P00039,0,2025-05-01T12:00:00Z
2025-04-30,P00039,0,2025-05-31T12:00:00Z
2025-05-31,P00039,0,2025-07-01T12:00:00Z
2025-06-30,P00039,0,2025-07-31T12:00:00Z
2025-07-31,P00039,0,2025-08-31T12:00:00Z
2025-08-31,P00039,0,2025-10-01T12:00:00Z
2025-09-30,P00039,0,2025-10-31T12:00:00Z
2025-10-31,P00039,0,2025-12-01T12:00:00Z
2025-11-30,P00039,0,2025-12-31T12:00:00Z
2025-12-31,P00039,0,2026-01-31T12:00:00Z
2023-07-31,P00040,0,2023-08-31T12:00:00Z
2023-08-31,P00040,0,2023-10-01T12:00:00Z
2023-09-30,P00040,0,2023-10-31T12:00:00Z
2023-10-31,P00040,0,2023-12-01T12:00:00Z
2023-11-30,P00040,0,2023-12-31T12:00:00Z
2023-12-31,P00040,0,2024-01-31T12:00:00Z
2024-01-31,P00040,0,2024-03-02T12:00:00Z
2024-02-29,P00040,0,2024-03-31T12:00:00Z
2024-03-31,P00040,0,2024-05-01T12:00:00Z
2024-04-30,P00040,0,2024-05-31T12:00:00Z
2024-05-31,P00040,0,2024-07-01T12:00:00Z
2024-06-30,P00040,0,2024-07-31T12:00:00Z
2024-07-31,P00040,0,2024-08-31T12:00:00Z
2024-08-31,P00040,0,2024-10-01T12:00:00Z
2024-09-30,P00040,0,2024-10-31T12:00:00Z
2024-10-31,P00040,0,2024-12-01T12:00:00Z
2024-11-30,P00040,0,2024-12-31T12:00:00Z
2024-12-31,P00040,0,2025-01-31T12:00:00Z
2025-01-31,P00040,0,2025-03-03T12:00:00Z
2025-02-28,P00040,0,2025-03-31T12:00:00Z
2025-03-31,P00040,0,2025-05-01T12:00:00Z
2025-04-30,P00040,0,2025-05-31T12:00:00Z
2025-05-31,P00040,0,2025-07-01T12:00:00Z
2025-06-30,P00040,0,2025-07-31T12:00:00Z
2025-07-31,P00040,0,2025-08-31T12:00:00Z
2025-08-31,P00040,0,2025-10-01T12:00:00Z
2025-09-30,P00040,0,2025-10-31T12:00:00Z
2025-10-31,P00040,0,2025-12-01T12:00:00Z
2025-11-30,P00040,0,2025-12-31T12:00:00Z
2025-12-31,P00040,0,2026-01-31T12:00:00Z
2023-07-31,P00041,0,2023-08-31T12:00:00Z
2023-08-31,P00041,0,2023-10-01T12:00:00Z
2023-09-30,P00041,0,2023-10-31T12:00:00Z
2023-10-31,P00041,0,2023-12-01T12:00:00Z
2023-11-30,P00041,0,2023-12-31T12:00:00Z
2023-12-31,P00041,0,2024-01-31T12:00:00Z
2024-01-31,P00041,0,2024-03-02T12:00:00Z
2024-02-29,P00041,0,2024-03-31T12:00:00Z
2024-03-31,P00041,0,2024-05-01T12:00:00Z
2024-04-30,P00041,0,2024-05-31T12:00:00Z
2024-05-31,P00041,0,2024-07-01T12:00:00Z
2024-06-30,P00041,0,2024-07-31T12:00:00Z
2024-07-31,P00041,0,2024-08-31T12:00:00Z
2024-08-31,P00041,0,2024-10-01T12:00:00Z
2024-09-30,P00041,0,2024-10-31T12:00:00Z
2024-10-31,P00041,0,2024-12-01T12:00:00Z
2024-11-30,P00041,0,2024-12-31T12:00:00Z
2024-12-31,P00041,0,2025-01-31T12:00:00Z
2025-01-31,P00041,0,2025-03-03T12:00:00Z
2025-02-28,P00041,0,2025-03-31T12:00:00Z
2025-03-31,P00041,0,2025-05-01T12:00:00Z
2025-04-30,P00041,0,2025-05-31T12:00:00Z
2025-05-31,P00041,0,2025-07-01T12:00:00Z
2025-06-30,P00041,0,2025-07-31T12:00:00Z
2025-07-31,P00041,0,2025-08-31T12:00:00Z
2025-08-31,P00041,0,2025-10-01T12:00:00Z
2025-09-30,P00041,0,2025-10-31T12:00:00Z
2025-10-31,P00041,0,2025-12-01T12:00:00Z
2025-11-30,P00041,0,2025-12-31T12:00:00Z
2025-12-31,P00041,0,2026-01-31T12:00:00Z
2023-07-31,P00042,0,2023-08-31T12:00:00Z
2023-08-31,P00042,0,2023-10-01T12:00:00Z
2023-09-30,P00042,0,2023-10-31T12:00:00Z
2023-10-31,P00042,0,2023-12-01T12:00:00Z
2023-11-30,P00042,0,2023-12-31T12:00:00Z
2023-12-31,P00042,0,2024-01-31T12:00:00Z
2024-01-31,P00042,0,2024-03-02T12:00:00Z
2024-02-29,P00042,0,2024-03-31T12:00:00Z
2024-03-31,P00042,0,2024-05-01T12:00:00Z
2024-04-30,P00042,0,2024-05-31T12:00:00Z
2024-05-31,P00042,0,2024-07-01T12:00:00Z
2024-06-30,P00042,0,2024-07-31T12:00:00Z
2024-07-31,P00042,0,2024-08-31T12:00:00Z
2024-08-31,P00042,0,2024-10-01T12:00:00Z
2024-09-30,P00042,0,2024-10-31T12:00:00Z
2024-10-31,P00042,0,2024-12-01T12:00:00Z
2024-11-30,P00042,0,2024-12-31T12:00:00Z
2024-12-31,P00042,0,2025-01-31T12:00:00Z
2025-01-31,P00042,0,2025-03-03T12:00:00Z
2025-02-28,P00042,0,2025-03-31T12:00:00Z
2025-03-31,P00042,0,2025-05-01T12:00:00Z
2025-04-30,P00042,0,2025-05-31T12:00:00Z
2025-05-31,P00042,0,2025-07-01T12:00:00Z
2025-06-30,P00042,0,2025-07-31T12:00:00Z
2025-07-31,P00042,0,2025-08-31T12:00:00Z
2025-08-31,P00042,0,2025-10-01T12:00:00Z
2025-09-30,P00042,0,2025-10-31T12:00:00Z
2025-10-31,P00042,0,2025-12-01T12:00:00Z
2025-11-30,P00042,0,2025-12-31T12:00:00Z
2025-12-31,P00042,0,2026-01-31T12:00:00Z
2023-07-31,P00043,0,2023-08-31T12:00:00Z
2023-08-31,P00043,0,2023-10-01T12:00:00Z
2023-09-30,P00043,0,2023-10-31T12:00:00Z
2023-10-31,P00043,0,2023-12-01T12:00:00Z
2023-11-30,P00043,0,2023-12-31T12:00:00Z
2023-12-31,P00043,0,2024-01-31T12:00:00Z
2024-01-31,P00043,0,2024-03-02T12:00:00Z
2024-02-29,P00043,0,2024-03-31T12:00:00Z
2024-03-31,P00043,0,2024-05-01T12:00:00Z
2024-04-30,P00043,0,2024-05-31T12:00:00Z
2024-05-31,P00043,0,2024-07-01T12:00:00Z
2024-06-30,P00043,0,2024-07-31T12:00:00Z
2024-07-31,P00043,0,2024-08-31T12:00:00Z
2024-08-31,P00043,0,2024-10-01T12:00:00Z
2024-09-30,P00043,0,2024-10-31T12:00:00Z
2024-10-31,P00043,0,2024-12-01T12:00:00Z
2024-11-30,P00043,0,2024-12-31T12:00:00Z
2024-12-31,P00043,0,2025-01-31T12:00:00Z
2025-01-31,P00043,0,2025-03-03T12:00:00Z
2025-02-28,P00043,0,2025-03-31T12:00:00Z
2025-03-31,P00043,0,2025-05-01T12:00:00Z
2025-04-30,P00043,0,2025-05-31T12:00:00Z
2025-05-31,P00043,0,2025-07-01T12:00:00Z
2025-06-30,P00043,0,2025-07-31T12:00:00Z
2025-07-31,P00043,0,2025-08-31T12:00:00Z
2025-08-31,P00043,0,2025-10-01T12:00:00Z
2025-09-30,P00043,0,2025-10-31T12:00:00Z
2025-10-31,P00043,0,2025-12-01T12:00:00Z
2025-11-30,P00043,0,2025-12-31T12:00:00Z
2025-12-31,P00043,0,2026-01-31T12:00:00Z
2023-07-31,P00044,0,2023-08-31T12:00:00Z
2023-08-31,P00044,0,2023-10-01T12:00:00Z
2023-09-30,P00044,0,2023-10-31T12:00:00Z
2023-10-31,P00044,0,2023-12-01T12:00:00Z
2023-11-30,P00044,0,2023-12-31T12:00:00Z
2023-12-31,P00044,0,2024-01-31T12:00:00Z
2024-01-31,P00044,0,2024-03-02T12:00:00Z
2024-02-29,P00044,0,2024-03-31T12:00:00Z
2024-03-31,P00044,0,2024-05-01T12:00:00Z
2024-04-30,P00044,1,2024-05-31T12:00:00Z
2023-07-31,P00045,0,2023-08-31T12:00:00Z
2023-08-31,P00045,0,2023-10-01T12:00:00Z
2023-09-30,P00045,0,2023-10-31T12:00:00Z
2023-10-31,P00045,0,2023-12-01T12:00:00Z
2023-11-30,P00045,0,2023-12-31T12:00:00Z
2023-12-31,P00045,0,2024-01-31T12:00:00Z
2024-01-31,P00045,0,2024-03-02T12:00:00Z
2024-02-29,P00045,0,2024-03-31T12:00:00Z
2024-03-31,P00045,0,2024-05-01T12:00:00Z
2024-04-30,P00045,0,2024-05-31T12:00:00Z
2024-05-31,P00045,0,2024-07-01T12:00:00Z
2024-06-30,P00045,0,2024-07-31T12:00:00Z
2024-07-31,P00045,0,2024-08-31T12:00:00Z
2024-08-31,P00045,0,2024-10-01T12:00:00Z
2024-09-30,P00045,0,2024-10-31T12:00:00Z
2024-10-31,P00045,0,2024-12-01T12:00:00Z
2024-11-30,P00045,0,2024-12-31T12:00:00Z
2024-12-31,P00045,0,2025-01-31T12:00:00Z
2025-01-31,P00045,0,2025-03-03T12:00:00Z
2025-02-28,P00045,0,2025-03-31T12:00:00Z
2025-03-31,P00045,0,2025-05-01T12:00:00Z
2025-04-30,P00045,0,2025-05-31T12:00:00Z
2025-05-31,P00045,0,2025-07-01T12:00:00Z
2025-06-30,P00045,1,2025-07-31T12:00:00Z
2023-07-31,P00046,0,2023-08-31T12:00:00Z
2023-08-31,P00046,0,2023-10-01T12:00:00Z
2023-09-30,P00046,0,2023-10-31T12:00:00Z
2023-10-31,P00046,0,2023-12-01T12:00:00Z
2023-11-30,P00046,0,2023-12-31T12:00:00Z
2023-12-31,P00046,0,2024-01-31T12:00:00Z
2024-01-31,P00046,0,2024-03-02T12:00:00Z
2024-02-29,P00046,0,2024-03-31T12:00:00Z
2024-03-31,P00046,0,2024-05-01T12:00:00Z
2024-04-30,P00046,0,2024-05-31T12:00:00Z
2024-05-31,P00046,0,2024-07-01T12:00:00Z
2024-06-30,P00046,0,2024-07-31T12:00:00Z
2024-07-31,P00046,0,2024-08-31T12:00:00Z
2024-08-31,P00046,0,2024-10-01T12:00:00Z
2024-09-30,P00046,0,2024-10-31T12:00:00Z
2024-10-31,P00046,0,2024-12-01T12:00:00Z
2024-11-30,P00046,0,2024-12-31T12:00:00Z
2024-12-31,P00046,0,2025-01-31T12:00:00Z
2025-01-31,P00046,0,2025-03-03T12:00:00Z
2025-02-28,P00046,0,2025-03-31T12:00:00Z
2025-03-31,P00046,0,2025-05-01T12:00:00Z
2025-04-30,P00046,0,2025-05-31T12:00:00Z
2025-05-31,P00046,0,2025-07-01T12:00:00Z
2025-06-30,P00046,0,2025-07-31T12:00:00Z
2025-07-31,P00046,0,2025-08-31T12:00:00Z
2025-08-31,P00046,0,2025-10-01T12:00:00Z
2025-09-30,P00046,0,2025-10-31T12:00:00Z
2025-10-31,P00046,0,2025-12-01T12:00:00Z
2025-11-30,P00046,0,2025-12-31T12:00:00Z
2025-12-31,P00046,0,2026-01-31T12:00:00Z
2023-07-31,P00047,0,2023-08-31T12:00:00Z
2023-08-31,P00047,0,2023-10-01T12:00:00Z
2023-09-30,P00047,0,2023-10-31T12:00:00Z
2023-10-31,P00047,0,2023-12-01T12:00:00Z
2023-11-30,P00047,0,2023-12-31T12:00:00Z
2023-12-31,P00047,0,2024-01-31T12:00:00Z
2024-01-31,P00047,0,2024-03-02T12:00:00Z
2024-02-29,P00047,0,2024-03-31T12:00:00Z
2024-03-31,P00047,0,2024-05-01T12:00:00Z
2024-04-30,P00047,1,2024-05-31T12:00:00Z
2023-07-31,P00048,0,2023-08-31T12:00:00Z
2023-08-31,P00048,0,2023-10-01T12:00:00Z
2023-09-30,P00048,0,2023-10-31T12:00:00Z
2023-10-31,P00048,0,2023-12-01T12:00:00Z
2023-11-30,P00048,0,2023-12-31T12:00:00Z
2023-12-31,P00048,0,2024-01-31T12:00:00Z
2024-01-31,P00048,0,2024-03-02T12:00:00Z
2024-02-29,P00048,0,2024-03-31T12:00:00Z
2024-03-31,P00048,0,2024-05-01T12:00:00Z
2024-04-30,P00048,0,2024-05-31T12:00:00Z
2024-05-31,P00048,0,2024-07-01T12:00:00Z
2024-06-30,P00048,0,2024-07-31T12:00:00Z
2024-07-31,P00048,0,2024-08-31T12:00:00Z
2024-08-31,P00048,0,2024-10-01T12:00:00Z
2024-09-30,P00048,0,2024-10-31T12:00:00Z
2024-10-31,P00048,0,2024-12-01T12:00:00Z
2024-11-30,P00048,0,2024-12-31T12:00:00Z
2024-12-31,P00048,0,2025-01-31T12:00:00Z
2025-01-31,P00048,0,2025-03-03T12:00:00Z
2025-02-28,P00048,0,2025-03-31T12:00:00Z
2025-03-31,P00048,0,2025-05-01T12:00:00Z
2025-04-30,P00048,0,2025-05-31T12:00:00Z
2025-05-31,P00048,0,2025-07-01T12:00:00Z
2025-06-30,P00048,0,2025-07-31T12:00:00Z
2025-07-31,P00048,0,2025-08-31T12:00:00Z
2025-08-31,P00048,0,2025-10-01T12:00:00Z
2025-09-30,P00048,0,2025-10-31T12:00:00Z
2025-10-31,P00048,0,2025-12-01T12:00:00Z
2025-11-30,P00048,0,2025-12-31T12:00:00Z
2025-12-31,P00048,0,2026-01-31T12:00:00Z
2023-07-31,P00049,0,2023-08-31T12:00:00Z
2023-08-31,P00049,0,2023-10-01T12:00:00Z
2023-09-30,P00049,0,2023-10-31T12:00:00Z
2023-10-31,P00049,0,2023-12-01T12:00:00Z
2023-11-30,P00049,0,2023-12-31T12:00:00Z
2023-12-31,P00049,0,2024-01-31T12:00:00Z
2024-01-31,P00049,0,2024-03-02T12:00:00Z
2024-02-29,P00049,0,2024-03-31T12:00:00Z
2024-03-31,P00049,0,2024-05-01T12:00:00Z
2024-04-30,P00049,0,2024-05-31T12:00:00Z
2024-05-31,P00049,0,2024-07-01T12:00:00Z
2024-06-30,P00049,0,2024-07-31T12:00:00Z
2024-07-31,P00049,0,2024-08-31T12:00:00Z
2024-08-31,P00049,0,2024-10-01T12:00:00Z
2024-09-30,P00049,0,2024-10-31T12:00:00Z
2024-10-31,P00049,0,2024-12-01T12:00:00Z
2024-11-30,P00049,0,2024-12-31T12:00:00Z
2024-12-31,P00049,0,2025-01-31T12:00:00Z
2025-01-31,P00049,0,2025-03-03T12:00:00Z
2025-02-28,P00049,0,2025-03-31T12:00:00Z
2025-03-31,P00049,0,2025-05-01T12:00:00Z
2025-04-30,P00049,0,2025-05-31T12:00:00Z
2025-05-31,P00049,0,2025-07-01T12:00:00Z
2025-06-30,P00049,0,2025-07-31T12:00:00Z
2025-07-31,P00049,0,2025-08-31T12:00:00Z
2025-08-31,P00049,0,2025-10-01T12:00:00Z
2025-09-30,P00049,0,2025-10-31T12:00:00Z
2025-10-31,P00049,0,2025-12-01T12:00:00Z
2025-11-30,P00049,0,2025-12-31T12:00:00Z
2025-12-31,P00049,0,2026-01-31T12:00:00Z
2023-07-31,P00050,0,2023-08-31T12:00:00Z
2023-08-31,P00050,0,2023-10-01T12:00:00Z
2023-09-30,P00050,0,2023-10-31T12:00:00Z
2023-10-31,P00050,0,2023-12-01T12:00:00Z
2023-11-30,P00050,0,2023-12-31T12:00:00Z
2023-12-31,P00050,0,2024-01-31T12:00:00Z
2024-01-31,P00050,0,2024-03-02T12:00:00Z
2024-02-29,P00050,0,2024-03-31T12:00:00Z
2024-03-31,P00050,0,2024-05-01T12:00:00Z
2024-04-30,P00050,0,2024-05-31T12:00:00Z
2024-05-31,P00050,0,2024-07-01T12:00:00Z
2024-06-30,P00050,0,2024-07-31T12:00:00Z
2024-07-31,P00050,0,2024-08-31T12:00:00Z
2024-08-31,P00050,0,2024-10-01T12:00:00Z
2024-09-30,P00050,0,2024-10-31T12:00:00Z
2024-10-31,P00050,0,2024-12-01T12:00:00Z
2024-11-30,P00050,0,2024-12-31T12:00:00Z
2024-12-31,P00050,0,2025-01-31T12:00:00Z
2025-01-31,P00050,0,2025-03-03T12:00:00Z
2025-02-28,P00050,0,2025-03-31T12:00:00Z
2025-03-31,P00050,0,2025-05-01T12:00:00Z
2025-04-30,P00050,0,2025-05-31T12:00:00Z
2025-05-31,P00050,0,2025-07-01T12:00:00Z
2025-06-30,P00050,0,2025-07-31T12:00:00Z
2025-07-31,P00050,0,2025-08-31T12:00:00Z
2025-08-31,P00050,0,2025-10-01T12:00:00Z
2025-09-30,P00050,0,2025-10-31T12:00:00Z
2025-10-31,P00050,0,2025-12-01T12:00:00Z
2025-11-30,P00050,0,2025-12-31T12:00:00Z
2025-12-31,P00050,0,2026-01-31T12:00:00Z
2023-07-31,P00051,0,2023-08-31T12:00:00Z
2023-08-31,P00051,0,2023-10-01T12:00:00Z
2023-09-30,P00051,0,2023-10-31T12:00:00Z
2023-10-31,P00051,0,2023-12-01T12:00:00Z
2023-11-30,P00051,0,2023-12-31T12:00:00Z
2023-12-31,P00051,0,2024-01-31T12:00:00Z
2024-01-31,P00051,0,2024-03-02T12:00:00Z
2024-02-29,P00051,0,2024-03-31T12:00:00Z
2024-03-31,P00051,0,2024-05-01T12:00:00Z
2024-04-30,P00051,0,2024-05-31T12:00:00Z
2024-05-31,P00051,0,2024-07-01T12:00:00Z
2024-06-30,P00051,0,2024-07-31T12:00:00Z
2024-07-31,P00051,0,2024-08-31T12:00:00Z
2024-08-31,P00051,0,2024-10-01T12:00:00Z
2024-09-30,P00051,0,2024-10-31T12:00:00Z
2024-10-31,P00051,0,2024-12-01T12:00:00Z
2024-11-30,P00051,0,2024-12-31T12:00:00Z
2024-12-31,P00051,0,2025-01-31T12:00:00Z
2025-01-31,P00051,0,2025-03-03T12:00:00Z
2025-02-28,P00051,0,2025-03-31T12:00:00Z
2025-03-31,P00051,0,2025-05-01T12:00:00Z
2025-04-30,P00051,0,2025-05-31T12:00:00Z
2025-05-31,P00051,0,2025-07-01T12:00:00Z
2025-06-30,P00051,0,2025-07-31T12:00:00Z
2025-07-31,P00051,0,2025-08-31T12:00:00Z
2025-08-31,P00051,0,2025-10-01T12:00:00Z
2025-09-30,P00051,0,2025-10-31T12:00:00Z
2025-10-31,P00051,0,2025-12-01T12:00:00Z
2025-11-30,P00051,0,2025-12-31T12:00:00Z
2025-12-31,P00051,0,2026-01-31T12:00:00Z
2023-07-31,P00052,0,2023-08-31T12:00:00Z
2023-08-31,P00052,0,2023-10-01T12:00:00Z
2023-09-30,P00052,0,2023-10-31T12:00:00Z
2023-10-31,P00052,0,2023-12-01T12:00:00Z
2023-11-30,P00052,0,2023-12-31T12:00:00Z
2023-12-31,P00052,0,2024-01-31T12:00:00Z
2024-01-31,P00052,0,2024-03-02T12:00:00Z
2024-02-29,P00052,0,2024-03-31T12:00:00Z
2024-03-31,P00052,0,2024-05-01T12:00:00Z
2024-04-30,P00052,0,2024-05-31T12:00:00Z
2024-05-31,P00052,0,2024-07-01T12:00:00Z
2024-06-30,P00052,0,2024-07-31T12:00:00Z
2024-07-31,P00052,0,2024-08-31T12:00:00Z
2024-08-31,P00052,1,2024-10-01T12:00:00Z
2023-07-31,P00053,0,2023-08-31T12:00:00Z
2023-08-31,P00053,0,2023-10-01T12:00:00Z
2023-09-30,P00053,0,2023-10-31T12:00:00Z
2023-10-31,P00053,0,2023-12-01T12:00:00Z
2023-11-30,P00053,0,2023-12-31T12:00:00Z
2023-12-31,P00053,0,2024-01-31T12:00:00Z
2024-01-31,P00053,0,2024-03-02T12:00:00Z
2024-02-29,P00053,0,2024-03-31T12:00:00Z
2024-03-31,P00053,0,2024-05-01T12:00:00Z
2024-04-30,P00053,0,2024-05-31T12:00:00Z
2024-05-31,P00053,0,2024-07-01T12:00:00Z
2024-06-30,P00053,0,2024-07-31T12:00:00Z
2024-07-31,P00053,0,2024-08-31T12:00:00Z
2024-08-31,P00053,0,2024-10-01T12:00:00Z
2024-09-30,P00053,0,2024-10-31T12:00:00Z
2024-10-31,P00053,0,2024-12-01T12:00:00Z
2024-11-30,P00053,0,2024-12-31T12:00:00Z
2024-12-31,P00053,0,2025-01-31T12:00:00Z
2025-01-31,P00053,0,2025-03-03T12:00:00Z
2025-02-28,P00053,0,2025-03-31T12:00:00Z
2025-03-31,P00053,0,2025-05-01T12:00:00Z
2025-04-30,P00053,0,2025-05-31T12:00:00Z
2025-05-31,P00053,0,2025-07-01T12:00:00Z
2025-06-30,P00053,0,2025-07-31T12:00:00Z
2025-07-31,P00053,0,2025-08-31T12:00:00Z
2025-08-31,P00053,0,2025-10-01T12:00:00Z
2025-09-30,P00053,0,2025-10-31T12:00:00Z
2025-10-31,P00053,0,2025-12-01T12:00:00Z
2025-11-30,P00053,0,2025-12-31T12:00:00Z
2025-12-31,P00053,0,2026-01-31T12:00:00Z
2023-07-31,P00054,0,2023-08-31T12:00:00Z
2023-08-31,P00054,0,2023-10-01T12:00:00Z
2023-09-30,P00054,0,2023-10-31T12:00:00Z
2023-10-31,P00054,0,2023-12-01T12:00:00Z
2023-11-30,P00054,0,2023-12-31T12:00:00Z
2023-12-31,P00054,0,2024-01-31T12:00:00Z
2024-01-31,P00054,0,2024-03-02T12:00:00Z
2024-02-29,P00054,0,2024-03-31T12:00:00Z
2024-03-31,P00054,0,2024-05-01T12:00:00Z
2024-04-30,P00054,0,2024-05-31T12:00:00Z
2024-05-31,P00054,0,2024-07-01T12:00:00Z
2024-06-30,P00054,0,2024-07-31T12:00:00Z
2024-07-31,P00054,0,2024-08-31T12:00:00Z
2024-08-31,P00054,0,2024-10-01T12:00:00Z
2024-09-30,P00054,0,2024-10-31T12:00:00Z
2024-10-31,P00054,0,2024-12-01T12:00:00Z
2024-11-30,P00054,0,2024-12-31T12:00:00Z
2024-12-31,P00054,0,2025-01-31T12:00:00Z
2025-01-31,P00054,0,2025-03-03T12:00:00Z
2025-02-28,P00054,0,2025-03-31T12:00:00Z
2025-03-31,P00054,0,2025-05-01T12:00:00Z
2025-04-30,P00054,0,2025-05-31T12:00:00Z
2025-05-31,P00054,0,2025-07-01T12:00:00Z
2025-06-30,P00054,0,2025-07-31T12:00:00Z
2025-07-31,P00054,1,2025-08-31T12:00:00Z
2023-07-31,P00055,0,2023-08-31T12:00:00Z
2023-08-31,P00055,0,2023-10-01T12:00:00Z
2023-09-30,P00055,0,2023-10-31T12:00:00Z
2023-10-31,P00055,0,2023-12-01T12:00:00Z
2023-11-30,P00055,0,2023-12-31T12:00:00Z
2023-12-31,P00055,0,2024-01-31T12:00:00Z
2024-01-31,P00055,0,2024-03-02T12:00:00Z
2024-02-29,P00055,0,2024-03-31T12:00:00Z
2024-03-31,P00055,0,2024-05-01T12:00:00Z
2024-04-30,P00055,0,2024-05-31T12:00:00Z
2024-05-31,P00055,0,2024-07-01T12:00:00Z
2024-06-30,P00055,0,2024-07-31T12:00:00Z
2024-07-31,P00055,0,2024-08-31T12:00:00Z
2024-08-31,P00055,0,2024-10-01T12:00:00Z
2024-09-30,P00055,0,2024-10-31T12:00:00Z
2024-10-31,P00055,0,2024-12-01T12:00:00Z
2024-11-30,P00055,0,2024-12-31T12:00:00Z
2024-12-31,P00055,0,2025-01-31T12:00:00Z
2025-01-31,P00055,0,2025-03-03T12:00:00Z
2025-02-28,P00055,0,2025-03-31T12:00:00Z
2025-03-31,P00055,0,2025-05-01T12:00:00Z
2025-04-30,P00055,0,2025-05-31T12:00:00Z
2025-05-31,P00055,0,2025-07-01T12:00:00Z
2025-06-30,P00055,0,2025-07-31T12:00:00Z
2025-07-31,P00055,0,2025-08-31T12:00:00Z
2025-08-31,P00055,0,2025-10-01T12:00:00Z
2025-09-30,P00055,0,2025-10-31T12:00:00Z
2025-10-31,P00055,0,2025-12-01T12:00:00Z
2025-11-30,P00055,0,2025-12-31T12:00:00Z
2025-12-31,P00055,0,2026-01-31T12:00:00Z
2023-07-31,P00056,0,2023-08-31T12:00:00Z
2023-08-31,P00056,0,2023-10-01T12:00:00Z
2023-09-30,P00056,0,2023-10-31T12:00:00Z
2023-10-31,P00056,0,2023-12-01T12:00:00Z
2023-11-30,P00056,0,2023-12-31T12:00:00Z
2023-12-31,P00056,0,2024-01-31T12:00:00Z
2024-01-31,P00056,0,2024-03-02T12:00:00Z
2024-02-29,P00056,0,2024-03-31T12:00:00Z
2024-03-31,P00056,0,2024-05-01T12:00:00Z
2024-04-30,P00056,1,2024-05-31T12:00:00Z
2023-07-31,P00057,0,2023-08-31T12:00:00Z
2023-08-31,P00057,0,2023-10-01T12:00:00Z
2023-09-30,P00057,0,2023-10-31T12:00:00Z
2023-10-31,P00057,0,2023-12-01T12:00:00Z
2023-11-30,P00057,0,2023-12-31T12:00:00Z
2023-12-31,P00057,0,2024-01-31T12:00:00Z
2024-01-31,P00057,0,2024-03-02T12:00:00Z
2024-02-29,P00057,0,2024-03-31T12:00:00Z
2024-03-31,P00057,0,2024-05-01T12:00:00Z
2024-04-30,P00057,0,2024-05-31T12:00:00Z
2024-05-31,P00057,0,2024-07-01T12:00:00Z
2024-06-30,P00057,0,2024-07-31T12:00:00Z
2024-07-31,P00057,1,2024-08-31T12:00:00Z
2023-07-31,P00058,0,2023-08-31T12:00:00Z
2023-08-31,P00058,0,2023-10-01T12:00:00Z
2023-09-30,P00058,0,2023-10-31T12:00:00Z
2023-10-31,P00058,0,2023-12-01T12:00:00Z
2023-11-30,P00058,0,2023-12-31T12:00:00Z
2023-12-31,P00058,0,2024-01-31T12:00:00Z
2024-01-31,P00058,0,2024-03-02T12:00:00Z
2024-02-29,P00058,0,2024-03-31T12:00:00Z
2024-03-31,P00058,0,2024-05-01T12:00:00Z
2024-04-30,P00058,0,2024-05-31T12:00:00Z
2024-05-31,P00058,0,2024-07-01T12:00:00Z
2024-06-30,P00058,0,2024-07-31T12:00:00Z
2024-07-31,P00058,0,2024-08-31T12:00:00Z
2024-08-31,P00058,0,2024-10-01T12:00:00Z
2024-09-30,P00058,0,2024-10-31T12:00:00Z
2024-10-31,P00058,0,2024-12-01T12:00:00Z
2024-11-30,P00058,0,2024-12-31T12:00:00Z
2024-12-31,P00058,0,2025-01-31T12:00:00Z
2025-01-31,P00058,0,2025-03-03T12:00:00Z
2025-02-28,P00058,0,2025-03-31T12:00:00Z
2025-03-31,P00058,0,2025-05-01T12:00:00Z
2025-04-30,P00058,0,2025-05-31T12:00:00Z
2025-05-31,P00058,0,2025-07-01T12:00:00Z
2025-06-30,P00058,0,2025-07-31T12:00:00Z
2025-07-31,P00058,0,2025-08-31T12:00:00Z
2025-08-31,P00058,0,2025-10-01T12:00:00Z
2025-09-30,P00058,0,2025-10-31T12:00:00Z
2025-10-31,P00058,0,2025-12-01T12:00:00Z
2025-11-30,P00058,0,2025-12-31T12:00:00Z
2025-12-31,P00058,0,2026-01-31T12:00:00Z
2023-07-31,P00059,0,2023-08-31T12:00:00Z
2023-08-31,P00059,0,2023-10-01T12:00:00Z
2023-09-30,P00059,0,2023-10-31T12:00:00Z
2023-10-31,P00059,0,2023-12-01T12:00:00Z
2023-11-30,P00059,0,2023-12-31T12:00:00Z
2023-12-31,P00059,0,2024-01-31T12:00:00Z
2024-01-31,P00059,0,2024-03-02T12:00:00Z
2024-02-29,P00059,1,2024-03-31T12:00:00Z
2023-07-31,P00060,0,2023-08-31T12:00:00Z
2023-08-31,P00060,0,2023-10-01T12:00:00Z
2023-09-30,P00060,0,2023-10-31T12:00:00Z
2023-10-31,P00060,0,2023-12-01T12:00:00Z
2023-11-30,P00060,0,2023-12-31T12:00:00Z
2023-12-31,P00060,0,2024-01-31T12:00:00Z
2024-01-31,P00060,0,2024-03-02T12:00:00Z
2024-02-29,P00060,0,2024-03-31T12:00:00Z
2024-03-31,P00060,0,2024-05-01T12:00:00Z
2024-04-30,P00060,0,2024-05-31T12:00:00Z
2024-05-31,P00060,1,2024-07-01T12:00:00Z
2023-07-31,P00061,0,2023-08-31T12:00:00Z
2023-08-31,P00061,0,2023-10-01T12:00:00Z
2023-09-30,P00061,0,2023-10-31T12:00:00Z
2023-10-31,P00061,0,2023-12-01T12:00:00Z
2023-11-30,P00061,0,2023-12-31T12:00:00Z
2023-12-31,P00061,0,2024-01-31T12:00:00Z
2024-01-31,P00061,1,2024-03-02T12:00:00Z
2023-07-31,P00062,0,2023-08-31T12:00:00Z
2023-08-31,P00062,0,2023-10-01T12:00:00Z
2023-09-30,P00062,0,2023-10-31T12:00:00Z
2023-10-31,P00062,0,2023-12-01T12:00:00Z
2023-11-30,P00062,0,2023-12-31T12:00:00Z
2023-12-31,P00062,0,2024-01-31T12:00:00Z
2024-01-31,P00062,0,2024-03-02T12:00:00Z
2024-02-29,P00062,0,2024-03-31T12:00:00Z
2024-03-31,P00062,0,2024-05-01T12:00:00Z
2024-04-30,P00062,0,2024-05-31T12:00:00Z
2024-05-31,P00062,0,2024-07-01T12:00:00Z
2024-06-30,P00062,0,2024-07-31T12:00:00Z
2024-07-31,P00062,0,2024-08-31T12:00:00Z
2024-08-31,P00062,0,2024-10-01T12:00:00Z
2024-09-30,P00062,0,2024-10-31T12:00:00Z
2024-10-31,P00062,0,2024-12-01T12:00:00Z
2024-11-30,P00062,0,2024-12-31T12:00:00Z
2024-12-31,P00062,0,2025-01-31T12:00:00Z
2025-01-31,P00062,0,2025-03-03T12:00:00Z
2025-02-28,P00062,0,2025-03-31T12:00:00Z
2025-03-31,P00062,0,2025-05-01T12:00:00Z
2025-04-30,P00062,0,2025-05-31T12:00:00Z
2025-05-31,P00062,0,2025-07-01T12:00:00Z
2025-06-30,P00062,0,2025-07-31T12:00:00Z
2025-07-31,P00062,0,2025-08-31T12:00:00Z
2025-08-31,P00062,0,2025-10-01T12:00:00Z
2025-09-30,P00062,0,2025-10-31T12:00:00Z
2025-10-31,P00062,0,2025-12-01T12:00:00Z
2025-11-30,P00062,0,2025-12-31T12:00:00Z
2025-12-31,P00062,0,2026-01-31T12:00:00Z
2023-07-31,P00063,0,2023-08-31T12:00:00Z
2023-08-31,P00063,0,2023-10-01T12:00:00Z
2023-09-30,P00063,0,2023-10-31T12:00:00Z
2023-10-31,P00063,0,2023-12-01T12:00:00Z
2023-11-30,P00063,0,2023-12-31T12:00:00Z
2023-12-31,P00063,0,2024-01-31T12:00:00Z
2024-01-31,P00063,0,2024-03-02T12:00:00Z
2024-02-29,P00063,0,2024-03-31T12:00:00Z
2024-03-31,P00063,0,2024-05-01T12:00:00Z
2024-04-30,P00063,0,2024-05-31T12:00:00Z
2024-05-31,P00063,0,2024-07-01T12:00:00Z
2024-06-30,P00063,0,2024-07-31T12:00:00Z
2024-07-31,P00063,1,2024-08-31T12:00:00Z
2023-07-31,P00064,0,2023-08-31T12:00:00Z
2023-08-31,P00064,0,2023-10-01T12:00:00Z
2023-09-30,P00064,0,2023-10-31T12:00:00Z
2023-10-31,P00064,0,2023-12-01T12:00:00Z
2023-11-30,P00064,0,2023-12-31T12:00:00Z
2023-12-31,P00064,0,2024-01-31T12:00:00Z
2024-01-31,P00064,0,2024-03-02T12:00:00Z
2024-02-29,P00064,0,2024-03-31T12:00:00Z
2024-03-31,P00064,0,2024-05-01T12:00:00Z
2024-04-30,P00064,0,2024-05-31T12:00:00Z
2024-05-31,P00064,0,2024-07-01T12:00:00Z
2024-06-30,P00064,1,2024-07-31T12:00:00Z
2023-07-31,P00065,0,2023-08-31T12:00:00Z
2023-08-31,P00065,0,2023-10-01T12:00:00Z
2023-09-30,P00065,0,2023-10-31T12:00:00Z
2023-10-31,P00065,0,2023-12-01T12:00:00Z
2023-11-30,P00065,0,2023-12-31T12:00:00Z
2023-12-31,P00065,0,2024-01-31T12:00:00Z
2024-01-31,P00065,0,2024-03-02T12:00:00Z
2024-02-29,P00065,0,2024-03-31T12:00:00Z
2024-03-31,P00065,0,2024-05-01T12:00:00Z
2024-04-30,P00065,0,2024-05-31T12:00:00Z
2024-05-31,P00065,0,2024-07-01T12:00:00Z
2024-06-30,P00065,0,2024-07-31T12:00:00Z
2024-07-31,P00065,0,2024-08-31T12:00:00Z
2024-08-31,P00065,0,2024-10-01T12:00:00Z
2024-09-30,P00065,0,2024-10-31T12:00:00Z
2024-10-31,P00065,0,2024-12-01T12:00:00Z
2024-11-30,P00065,0,2024-12-31T12:00:00Z
2024-12-31,P00065,1,2025-01-31T12:00:00Z
2023-07-31,P00066,0,2023-08-31T12:00:00Z
2023-08-31,P00066,0,2023-10-01T12:00:00Z
2023-09-30,P00066,0,2023-10-31T12:00:00Z
2023-10-31,P00066,0,2023-12-01T12:00:00Z
2023-11-30,P00066,0,2023-12-31T12:00:00Z
2023-12-31,P00066,0,2024-01-31T12:00:00Z
2024-01-31,P00066,0,2024-03-02T12:00:00Z
2024-02-29,P00066,0,2024-03-31T12:00:00Z
2024-03-31,P00066,0,2024-05-01T12:00:00Z
2024-04-30,P00066,0,2024-05-31T12:00:00Z
2024-05-31,P00066,0,2024-07-01T12:00:00Z
2024-06-30,P00066,0,2024-07-31T12:00:00Z
2024-07-31,P00066,0,2024-08-31T12:00:00Z
2024-08-31,P00066,0,2024-10-01T12:00:00Z
2024-09-30,P00066,0,2024-10-31T12:00:00Z
2024-10-31,P00066,0,2024-12-01T12:00:00Z
2024-11-30,P00066,0,2024-12-31T12:00:00Z
2024-12-31,P00066,0,2025-01-31T12:00:00Z
2025-01-31,P00066,0,2025-03-03T12:00:00Z
2025-02-28,P00066,0,2025-03-31T12:00:00Z
2025-03-31,P00066,0,2025-05-01T12:00:00Z
2025-04-30,P00066,0,2025-05-31T12:00:00Z
2025-05-31,P00066,0,2025-07-01T12:00:00Z
2025-06-30,P00066,0,2025-07-31T12:00:00Z
2025-07-31,P00066,0,2025-08-31T12:00:00Z
2025-08-31,P00066,0,2025-10-01T12:00:00Z
2025-09-30,P00066,0,2025-10-31T12:00:00Z
2025-10-31,P00066,0,2025-12-01T12:00:00Z
2025-11-30,P00066,0,2025-12-31T12:00:00Z
2025-12-31,P00066,0,2026-01-31T12:00:00Z
2023-07-31,P00067,0,2023-08-31T12:00:00Z
2023-08-31,P00067,0,2023-10-01T12:00:00Z
2023-09-30,P00067,0,2023-10-31T12:00:00Z
2023-10-31,P00067,0,2023-12-01T12:00:00Z
2023-11-30,P00067,0,2023-12-31T12:00:00Z
2023-12-31,P00067,0,2024-01-31T12:00:00Z
2024-01-31,P00067,0,2024-03-02T12:00:00Z
2024-02-29,P00067,0,2024-03-31T12:00:00Z
2024-03-31,P00067,0,2024-05-01T12:00:00Z
2024-04-30,P00067,0,2024-05-31T12:00:00Z
2024-05-31,P00067,0,2024-07-01T12:00:00Z
2024-06-30,P00067,0,2024-07-31T12:00:00Z
2024-07-31,P00067,1,2024-08-31T12:00:00Z
2023-07-31,P00068,0,2023-08-31T12:00:00Z
2023-08-31,P00068,0,2023-10-01T12:00:00Z
2023-09-30,P00068,0,2023-10-31T12:00:00Z
2023-10-31,P00068,0,2023-12-01T12:00:00Z
2023-11-30,P00068,0,2023-12-31T12:00:00Z
2023-12-31,P00068,0,2024-01-31T12:00:00Z
2024-01-31,P00068,0,2024-03-02T12:00:00Z
2024-02-29,P00068,0,2024-03-31T12:00:00Z
2024-03-31,P00068,1,2024-05-01T12:00:00Z
2023-07-31,P00069,0,2023-08-31T12:00:00Z
2023-08-31,P00069,0,2023-10-01T12:00:00Z
2023-09-30,P00069,0,2023-10-31T12:00:00Z
2023-10-31,P00069,0,2023-12-01T12:00:00Z
2023-11-30,P00069,0,2023-12-31T12:00:00Z
2023-12-31,P00069,0,2024-01-31T12:00:00Z
2024-01-31,P00069,0,2024-03-02T12:00:00Z
2024-02-29,P00069,0,2024-03-31T12:00:00Z
2024-03-31,P00069,0,2024-05-01T12:00:00Z
2024-04-30,P00069,0,2024-05-31T12:00:00Z
2024-05-31,P00069,0,2024-07-01T12:00:00Z
2024-06-30,P00069,0,2024-07-31T12:00:00Z
2024-07-31,P00069,0,2024-08-31T12:00:00Z
2024-08-31,P00069,0,2024-10-01T12:00:00Z
2024-09-30,P00069,0,2024-10-31T12:00:00Z
2024-10-31,P00069,0,2024-12-01T12:00:00Z
2024-11-30,P00069,0,2024-12-31T12:00:00Z
2024-12-31,P00069,0,2025-01-31T12:00:00Z
2025-01-31,P00069,0,2025-03-03T12:00:00Z
2025-02-28,P00069,0,2025-03-31T12:00:00Z
2025-03-31,P00069,0,2025-05-01T12:00:00Z
2025-04-30,P00069,0,2025-05-31T12:00:00Z
2025-05-31,P00069,0,2025-07-01T12:00:00Z
2025-06-30,P00069,0,2025-07-31T12:00:00Z
2025-07-31,P00069,0,2025-08-31T12:00:00Z
2025-08-31,P00069,0,2025-10-01T12:00:00Z
2025-09-30,P00069,0,2025-10-31T12:00:00Z
2025-10-31,P00069,0,2025-12-01T12:00:00Z
2025-11-30,P00069,0,2025-12-31T12:00:00Z
2025-12-31,P00069,0,2026-01-31T12:00:00Z
2023-07-31,P00070,0,2023-08-31T12:00:00Z
2023-08-31,P00070,0,2023-10-01T12:00:00Z
2023-09-30,P00070,0,2023-10-31T12:00:00Z
2023-10-31,P00070,0,2023-12-01T12:00:00Z
2023-11-30,P00070,0,2023-12-31T12:00:00Z
2023-12-31,P00070,0,2024-01-31T12:00:00Z
2024-01-31,P00070,0,2024-03-02T12:00:00Z
2024-02-29,P00070,0,2024-03-31T12:00:00Z
2024-03-31,P00070,0,2024-05-01T12:00:00Z
2024-04-30,P00070,0,2024-05-31T12:00:00Z
2024-05-31,P00070,0,2024-07-01T12:00:00Z
2024-06-30,P00070,0,2024-07-31T12:00:00Z
2024-07-31,P00070,0,2024-08-31T12:00:00Z
2024-08-31,P00070,0,2024-10-01T12:00:00Z
2024-09-30,P00070,0,2024-10-31T12:00:00Z
2024-10-31,P00070,0,2024-12-01T12:00:00Z
2024-11-30,P00070,0,2024-12-31T12:00:00Z
2024-12-31,P00070,0,2025-01-31T12:00:00Z
2025-01-31,P00070,1,2025-03-03T12:00:00Z
2023-07-31,P00071,0,2023-08-31T12:00:00Z
2023-08-31,P00071,0,2023-10-01T12:00:00Z
2023-09-30,P00071,0,2023-10-31T12:00:00Z
2023-10-31,P00071,0,2023-12-01T12:00:00Z
2023-11-30,P00071,0,2023-12-31T12:00:00Z
2023-12-31,P00071,0,2024-01-31T12:00:00Z
2024-01-31,P00071,0,2024-03-02T12:00:00Z
2024-02-29,P00071,0,2024-03-31T12:00:00Z
2024-03-31,P00071,0,2024-05-01T12:00:00Z
2024-04-30,P00071,0,2024-05-31T12:00:00Z
2024-05-31,P00071,0,2024-07-01T12:00:00Z
2024-06-30,P00071,0,2024-07-31T12:00:00Z
2024-07-31,P00071,0,2024-08-31T12:00:00Z
2024-08-31,P00071,0,2024-10-01T12:00:00Z
2024-09-30,P00071,0,2024-10-31T12:00:00Z
2024-10-31,P00071,0,2024-12-01T12:00:00Z
2024-11-30,P00071,0,2024-12-31T12:00:00Z
2024-12-31,P00071,0,2025-01-31T12:00:00Z
2025-01-31,P00071,0,2025-03-03T12:00:00Z
2025-02-28,P00071,0,2025-03-31T12:00:00Z
2025-03-31,P00071,0,2025-05-01T12:00:00Z
2025-04-30,P00071,0,2025-05-31T12:00:00Z
2025-05-31,P00071,0,2025-07-01T12:00:00Z
2025-06-30,P00071,0,2025-07-31T12:00:00Z
2025-07-31,P00071,0,2025-08-31T12:00:00Z
2025-08-31,P00071,0,2025-10-01T12:00:00Z
2025-09-30,P00071,0,2025-10-31T12:00:00Z
2025-10-31,P00071,0,2025-12-01T12:00:00Z
2025-11-30,P00071,0,2025-12-31T12:00:00Z
2025-12-31,P00071,0,2026-01-31T12:00:00Z
2023-07-31,P00072,0,2023-08-31T12:00:00Z
2023-08-31,P00072,0,2023-10-01T12:00:00Z
2023-09-30,P00072,0,2023-10-31T12:00:00Z
2023-10-31,P00072,0,2023-12-01T12:00:00Z
2023-11-30,P00072,0,2023-12-31T12:00:00Z
2023-12-31,P00072,0,2024-01-31T12:00:00Z
2024-01-31,P00072,0,2024-03-02T12:00:00Z
2024-02-29,P00072,0,2024-03-31T12:00:00Z
2024-03-31,P00072,1,2024-05-01T12:00:00Z
2023-07-31,P00073,0,2023-08-31T12:00:00Z
2023-08-31,P00073,0,2023-10-01T12:00:00Z
2023-09-30,P00073,0,2023-10-31T12:00:00Z
2023-10-31,P00073,0,2023-12-01T12:00:00Z
2023-11-30,P00073,0,2023-12-31T12:00:00Z
2023-12-31,P00073,0,2024-01-31T12:00:00Z
2024-01-31,P00073,0,2024-03-02T12:00:00Z
2024-02-29,P00073,0,2024-03-31T12:00:00Z
2024-03-31,P00073,0,2024-05-01T12:00:00Z
2024-04-30,P00073,0,2024-05-31T12:00:00Z
2024-05-31,P00073,0,2024-07-01T12:00:00Z
2024-06-30,P00073,0,2024-07-31T12:00:00Z
2024-07-31,P00073,0,2024-08-31T12:00:00Z
2024-08-31,P00073,0,2024-10-01T12:00:00Z
2024-09-30,P00073,0,2024-10-31T12:00:00Z
2024-10-31,P00073,0,2024-12-01T12:00:00Z
2024-11-30,P00073,0,2024-12-31T12:00:00Z
2024-12-31,P00073,0,2025-01-31T12:00:00Z
2025-01-31,P00073,0,2025-03-03T12:00:00Z
2025-02-28,P00073,0,2025-03-31T12:00:00Z
2025-03-31,P00073,0,2025-05-01T12:00:00Z
2025-04-30,P00073,0,2025-05-31T12:00:00Z
2025-05-31,P00073,0,2025-07-01T12:00:00Z
2025-06-30,P00073,0,2025-07-31T12:00:00Z
2025-07-31,P00073,0,2025-08-31T12:00:00Z
2025-08-31,P00073,0,2025-10-01T12:00:00Z
2025-09-30,P00073,0,2025-10-31T12:00:00Z
2025-10-31,P00073,0,2025-12-01T12:00:00Z
2025-11-30,P00073,0,2025-12-31T12:00:00Z
2025-12-31,P00073,0,2026-01-31T12:00:00Z
2023-07-31,P00074,0,2023-08-31T12:00:00Z
2023-08-31,P00074,0,2023-10-01T12:00:00Z
2023-09-30,P00074,0,2023-10-31T12:00:00Z
2023-10-31,P00074,0,2023-12-01T12:00:00Z
2023-11-30,P00074,0,2023-12-31T12:00:00Z
2023-12-31,P00074,0,2024-01-31T12:00:00Z
2024-01-31,P00074,0,2024-03-02T12:00:00Z
2024-02-29,P00074,0,2024-03-31T12:00:00Z
2024-03-31,P00074,0,2024-05-01T12:00:00Z
2024-04-30,P00074,0,2024-05-31T12:00:00Z
2024-05-31,P00074,0,2024-07-01T12:00:00Z
2024-06-30,P00074,0,2024-07-31T12:00:00Z
2024-07-31,P00074,0,2024-08-31T12:00:00Z
2024-08-31,P00074,0,2024-10-01T12:00:00Z
2024-09-30,P00074,0,2024-10-31T12:00:00Z
2024-10-31,P00074,0,2024-12-01T12:00:00Z
2024-11-30,P00074,0,2024-12-31T12:00:00Z
2024-12-31,P00074,0,2025-01-31T12:00:00Z
2025-01-31,P00074,0,2025-03-03T12:00:00Z
2025-02-28,P00074,0,2025-03-31T12:00:00Z
2025-03-31,P00074,0,2025-05-01T12:00:00Z
2025-04-30,P00074,0,2025-05-31T12:00:00Z
2025-05-31,P00074,0,2025-07-01T12:00:00Z
2025-06-30,P00074,0,2025-07-31T12:00:00Z
2025-07-31,P00074,0,2025-08-31T12:00:00Z
2025-08-31,P00074,0,2025-10-01T12:00:00Z
2025-09-30,P00074,0,2025-10-31T12:00:00Z
2025-10-31,P00074,0,2025-12-01T12:00:00Z
2025-11-30,P00074,0,2025-12-31T12:00:00Z
2025-12-31,P00074,0,2026-01-31T12:00:00Z
2023-07-31,P00075,0,2023-08-31T12:00:00Z
2023-08-31,P00075,0,2023-10-01T12:00:00Z
2023-09-30,P00075,0,2023-10-31T12:00:00Z
2023-10-31,P00075,0,2023-12-01T12:00:00Z
2023-11-30,P00075,0,2023-12-31T12:00:00Z
2023-12-31,P00075,0,2024-01-31T12:00:00Z
2024-01-31,P00075,0,2024-03-02T12:00:00Z
2024-02-29,P00075,0,2024-03-31T12:00:00Z
2024-03-31,P00075,0,2024-05-01T12:00:00Z
2024-04-30,P00075,0,2024-05-31T12:00:00Z
2024-05-31,P00075,0,2024-07-01T12:00:00Z
2024-06-30,P00075,0,2024-07-31T12:00:00Z
2024-07-31,P00075,0,2024-08-31T12:00:00Z
2024-08-31,P00075,0,2024-10-01T12:00:00Z
2024-09-30,P00075,0,2024-10-31T12:00:00Z
2024-10-31,P00075,0,2024-12-01T12:00:00Z
2024-11-30,P00075,0,2024-12-31T12:00:00Z
2024-12-31,P00075,0,2025-01-31T12:00:00Z
2025-01-31,P00075,0,2025-03-03T12:00:00Z
2025-02-28,P00075,0,2025-03-31T12:00:00Z
2025-03-31,P00075,0,2025-05-01T12:00:00Z
2025-04-30,P00075,0,2025-05-31T12:00:00Z
2025-05-31,P00075,0,2025-07-01T12:00:00Z
2025-06-30,P00075,0,2025-07-31T12:00:00Z
2025-07-31,P00075,0,2025-08-31T12:00:00Z
2025-08-31,P00075,0,2025-10-01T12:00:00Z
2025-09-30,P00075,0,2025-10-31T12:00:00Z
2025-10-31,P00075,0,2025-12-01T12:00:00Z
2025-11-30,P00075,0,2025-12-31T12:00:00Z
2025-12-31,P00075,0,2026-01-31T12:00:00Z
2023-07-31,P00076,0,2023-08-31T12:00:00Z
2023-08-31,P00076,0,2023-10-01T12:00:00Z
2023-09-30,P00076,0,2023-10-31T12:00:00Z
2023-10-31,P00076,0,2023-12-01T12:00:00Z
2023-11-30,P00076,0,2023-12-31T12:00:00Z
2023-12-31,P00076,0,2024-01-31T12:00:00Z
2024-01-31,P00076,0,2024-03-02T12:00:00Z
2024-02-29,P00076,0,2024-03-31T12:00:00Z
2024-03-31,P00076,0,2024-05-01T12:00:00Z
2024-04-30,P00076,0,2024-05-31T12:00:00Z
2024-05-31,P00076,0,2024-07-01T12:00:00Z
2024-06-30,P00076,0,2024-07-31T12:00:00Z
2024-07-31,P00076,0,2024-08-31T12:00:00Z
2024-08-31,P00076,0,2024-10-01T12:00:00Z
2024-09-30,P00076,0,2024-10-31T12:00:00Z
2024-10-31,P00076,0,2024-12-01T12:00:00Z
2024-11-30,P00076,0,2024-12-31T12:00:00Z
2024-12-31,P00076,0,2025-01-31T12:00:00Z
2025-01-31,P00076,0,2025-03-03T12:00:00Z
2025-02-28,P00076,0,2025-03-31T12:00:00Z
2025-03-31,P00076,0,2025-05-01T12:00:00Z
2025-04-30,P00076,0,2025-05-31T12:00:00Z
2025-05-31,P00076,0,2025-07-01T12:00:00Z
2025-06-30,P00076,0,2025-07-31T12:00:00Z
2025-07-31,P00076,0,2025-08-31T12:00:00Z
2025-08-31,P00076,0,2025-10-01T12:00:00Z
2025-09-30,P00076,0,2025-10-31T12:00:00Z
2025-10-31,P00076,0,2025-12-01T12:00:00Z
2025-11-30,P00076,0,2025-12-31T12:00:00Z
2025-12-31,P00076,0,2026-01-31T12:00:00Z
2023-07-31,P00077,0,2023-08-31T12:00:00Z
2023-08-31,P00077,1,2023-10-01T12:00:00Z
2023-07-31,P00078,0,2023-08-31T12:00:00Z
2023-08-31,P00078,0,2023-10-01T12:00:00Z
2023-09-30,P00078,0,2023-10-31T12:00:00Z
2023-10-31,P00078,0,2023-12-01T12:00:00Z
2023-11-30,P00078,0,2023-12-31T12:00:00Z
2023-12-31,P00078,0,2024-01-31T12:00:00Z
2024-01-31,P00078,0,2024-03-02T12:00:00Z
2024-02-29,P00078,0,2024-03-31T12:00:00Z
2024-03-31,P00078,0,2024-05-01T12:00:00Z
2024-04-30,P00078,0,2024-05-31T12:00:00Z
2024-05-31,P00078,0,2024-07-01T12:00:00Z
2024-06-30,P00078,0,2024-07-31T12:00:00Z
2024-07-31,P00078,0,2024-08-31T12:00:00Z
2024-08-31,P00078,0,2024-10-01T12:00:00Z
2024-09-30,P00078,0,2024-10-31T12:00:00Z
2024-10-31,P00078,0,2024-12-01T12:00:00Z
2024-11-30,P00078,0,2024-12-31T12:00:00Z
2024-12-31,P00078,0,2025-01-31T12:00:00Z
2025-01-31,P00078,0,2025-03-03T12:00:00Z
2025-02-28,P00078,0,2025-03-31T12:00:00Z
2025-03-31,P00078,0,2025-05-01T12:00:00Z
2025-04-30,P00078,0,2025-05-31T12:00:00Z
2025-05-31,P00078,0,2025-07-01T12:00:00Z
2025-06-30,P00078,0,2025-07-31T12:00:00Z
2025-07-31,P00078,0,2025-08-31T12:00:00Z
2025-08-31,P00078,0,2025-10-01T12:00:00Z
2025-09-30,P00078,0,2025-10-31T12:00:00Z
2025-10-31,P00078,0,2025-12-01T12:00:00Z
2025-11-30,P00078,0,2025-12-31T12:00:00Z
2025-12-31,P00078,0,2026-01-31T12:00:00Z
2023-07-31,P00079,0,2023-08-31T12:00:00Z
2023-08-31,P00079,0,2023-10-01T12:00:00Z
2023-09-30,P00079,0,2023-10-31T12:00:00Z
2023-10-31,P00079,0,2023-12-01T12:00:00Z
2023-11-30,P00079,0,2023-12-31T12:00:00Z
2023-12-31,P00079,0,2024-01-31T12:00:00Z
2024-01-31,P00079,0,2024-03-02T12:00:00Z
2024-02-29,P00079,0,2024-03-31T12:00:00Z
2024-03-31,P00079,0,2024-05-01T12:00:00Z
2024-04-30,P00079,0,2024-05-31T12:00:00Z
2024-05-31,P00079,0,2024-07-01T12:00:00Z
2024-06-30,P00079,0,2024-07-31T12:00:00Z
2024-07-31,P00079,0,2024-08-31T12:00:00Z
2024-08-31,P00079,0,2024-10-01T12:00:00Z
2024-09-30,P00079,0,2024-10-31T12:00:00Z
2024-10-31,P00079,0,2024-12-01T12:00:00Z
2024-11-30,P00079,0,2024-12-31T12:00:00Z
2024-12-31,P00079,0,2025-01-31T12:00:00Z
2025-01-31,P00079,0,2025-03-03T12:00:00Z
2025-02-28,P00079,0,2025-03-31T12:00:00Z
2025-03-31,P00079,0,2025-05-01T12:00:00Z
2025-04-30,P00079,0,2025-05-31T12:00:00Z
2025-05-31,P00079,0,2025-07-01T12:00:00Z
2025-06-30,P00079,0,2025-07-31T12:00:00Z
2025-07-31,P00079,0,2025-08-31T12:00:00Z
2025-08-31,P00079,0,2025-10-01T12:00:00Z
2025-09-30,P00079,0,2025-10-31T12:00:00Z
2025-10-31,P00079,0,2025-12-01T12:00:00Z
2025-11-30,P00079,0,2025-12-31T12:00:00Z
2025-12-31,P00079,0,2026-01-31T12:00:00Z
2023-07-31,P00080,0,2023-08-31T12:00:00Z
2023-08-31,P00080,0,2023-10-01T12:00:00Z
2023-09-30,P00080,0,2023-10-31T12:00:00Z
2023-10-31,P00080,0,2023-12-01T12:00:00Z
2023-11-30,P00080,0,2023-12-31T12:00:00Z
2023-12-31,P00080,0,2024-01-31T12:00:00Z
2024-01-31,P00080,0,2024-03-02T12:00:00Z
2024-02-29,P00080,0,2024-03-31T12:00:00Z
2024-03-31,P00080,0,2024-05-01T12:00:00Z
2024-04-30,P00080,0,2024-05-31T12:00:00Z
2024-05-31,P00080,0,2024-07-01T12:00:00Z
2024-06-30,P00080,0,2024-07-31T12:00:00Z
2024-07-31,P00080,0,2024-08-31T12:00:00Z
2024-08-31,P00080,0,2024-10-01T12:00:00Z
2024-09-30,P00080,0,2024-10-31T12:00:00Z
2024-10-31,P00080,0,2024-12-01T12:00:00Z
2024-11-30,P00080,0,2024-12-31T12:00:00Z
2024-12-31,P00080,0,2025-01-31T12:00:00Z
2025-01-31,P00080,0,2025-03-03T12:00:00Z
2025-02-28,P00080,0,2025-03-31T12:00:00Z
2025-03-31,P00080,0,2025-05-01T12:00:00Z
2025-04-30,P00080,0,2025-05-31T12:00:00Z
2025-05-31,P00080,0,2025-07-01T12:00:00Z
2025-06-30,P00080,0,2025-07-31T12:00:00Z
2025-07-31,P00080,0,2025-08-31T12:00:00Z
2025-08-31,P00080,0,2025-10-01T12:00:00Z
2025-09-30,P00080,0,2025-10-31T12:00:00Z
2025-10-31,P00080,0,2025-12-01T12:00:00Z
2025-11-30,P00080,0,2025-12-31T12:00:00Z
2025-12-31,P00080,0,2026-01-31T12:00:00Z
2023-07-31,P00081,0,2023-08-31T12:00:00Z
2023-08-31,P00081,0,2023-10-01T12:00:00Z
2023-09-30,P00081,0,2023-10-31T12:00:00Z
2023-10-31,P00081,0,2023-12-01T12:00:00Z
2023-11-30,P00081,0,2023-12-31T12:00:00Z
2023-12-31,P00081,0,2024-01-31T12:00:00Z
2024-01-31,P00081,0,2024-03-02T12:00:00Z
2024-02-29,P00081,0,2024-03-31T12:00:00Z
2024-03-31,P00081,0,2024-05-01T12:00:00Z
2024-04-30,P00081,1,2024-05-31T12:00:00Z
2023-07-31,P00082,0,2023-08-31T12:00:00Z
2023-08-31,P00082,0,2023-10-01T12:00:00Z
2023-09-30,P00082,0,2023-10-31T12:00:00Z
2023-10-31,P00082,0,2023-12-01T12:00:00Z
2023-11-30,P00082,0,2023-12-31T12:00:00Z
2023-12-31,P00082,0,2024-01-31T12:00:00Z
2024-01-31,P00082,0,2024-03-02T12:00:00Z
2024-02-29,P00082,0,2024-03-31T12:00:00Z
2024-03-31,P00082,0,2024-05-01T12:00:00Z
2024-04-30,P00082,0,2024-05-31T12:00:00Z
2024-05-31,P00082,0,2024-07-01T12:00:00Z
2024-06-30,P00082,0,2024-07-31T12:00:00Z
2024-07-31,P00082,0,2024-08-31T12:00:00Z
2024-08-31,P00082,0,2024-10-01T12:00:00Z
2024-09-30,P00082,0,2024-10-31T12:00:00Z
2024-10-31,P00082,0,2024-12-01T12:00:00Z
2024-11-30,P00082,0,2024-12-31T12:00:00Z
2024-12-31,P00082,1,2025-01-31T12:00:00Z
2023-07-31,P00083,0,2023-08-31T12:00:00Z
2023-08-31,P00083,0,2023-10-01T12:00:00Z
2023-09-30,P00083,0,2023-10-31T12:00:00Z
2023-10-31,P00083,0,2023-12-01T12:00:00Z
2023-11-30,P00083,0,2023-12-31T12:00:00Z
2023-12-31,P00083,0,2024-01-31T12:00:00Z
2024-01-31,P00083,0,2024-03-02T12:00:00Z
2024-02-29,P00083,0,2024-03-31T12:00:00Z
2024-03-31,P00083,0,2024-05-01T12:00:00Z
2024-04-30,P00083,0,2024-05-31T12:00:00Z
2024-05-31,P00083,0,2024-07-01T12:00:00Z
2024-06-30,P00083,0,2024-07-31T12:00:00Z
2024-07-31,P00083,0,2024-08-31T12:00:00Z
2024-08-31,P00083,0,2024-10-01T12:00:00Z
2024-09-30,P00083,0,2024-10-31T12:00:00Z
2024-10-31,P00083,0,2024-12-01T12:00:00Z
2024-11-30,P00083,0,2024-12-31T12:00:00Z
2024-12-31,P00083,0,2025-01-31T12:00:00Z
2025-01-31,P00083,0,2025-03-03T12:00:00Z
2025-02-28,P00083,0,2025-03-31T12:00:00Z
2025-03-31,P00083,0,2025-05-01T12:00:00Z
2025-04-30,P00083,0,2025-05-31T12:00:00Z
2025-05-31,P00083,0,2025-07-01T12:00:00Z
2025-06-30,P00083,0,2025-07-31T12:00:00Z
2025-07-31,P00083,0,2025-08-31T12:00:00Z
2025-08-31,P00083,0,2025-10-01T12:00:00Z
2025-09-30,P00083,0,2025-10-31T12:00:00Z
2025-10-31,P00083,0,2025-12-01T12:00:00Z
2025-11-30,P00083,0,2025-12-31T12:00:00Z
2025-12-31,P00083,0,2026-01-31T12:00:00Z
2023-07-31,P00084,0,2023-08-31T12:00:00Z
2023-08-31,P00084,0,2023-10-01T12:00:00Z
2023-09-30,P00084,0,2023-10-31T12:00:00Z
2023-10-31,P00084,0,2023-12-01T12:00:00Z
2023-11-30,P00084,0,2023-12-31T12:00:00Z
2023-12-31,P00084,0,2024-01-31T12:00:00Z
2024-01-31,P00084,0,2024-03-02T12:00:00Z
2024-02-29,P00084,0,2024-03-31T12:00:00Z
2024-03-31,P00084,0,2024-05-01T12:00:00Z
2024-04-30,P00084,0,2024-05-31T12:00:00Z
2024-05-31,P00084,0,2024-07-01T12:00:00Z
2024-06-30,P00084,0,2024-07-31T12:00:00Z
2024-07-31,P00084,0,2024-08-31T12:00:00Z
2024-08-31,P00084,0,2024-10-01T12:00:00Z
2024-09-30,P00084,0,2024-10-31T12:00:00Z
2024-10-31,P00084,0,2024-12-01T12:00:00Z
2024-11-30,P00084,0,2024-12-31T12:00:00Z
2024-12-31,P00084,0,2025-01-31T12:00:00Z
2025-01-31,P00084,0,2025-03-03T12:00:00Z
2025-02-28,P00084,0,2025-03-31T12:00:00Z
2025-03-31,P00084,0,2025-05-01T12:00:00Z
2025-04-30,P00084,0,2025-05-31T12:00:00Z
2025-05-31,P00084,0,2025-07-01T12:00:00Z
2025-06-30,P00084,0,2025-07-31T12:00:00Z
2025-07-31,P00084,0,2025-08-31T12:00:00Z
2025-08-31,P00084,0,2025-10-01T12:00:00Z
2025-09-30,P00084,0,2025-10-31T12:00:00Z
2025-10-31,P00084,0,2025-12-01T12:00:00Z
2025-11-30,P00084,0,2025-12-31T12:00:00Z
2025-12-31,P00084,0,2026-01-31T12:00:00Z
2023-07-31,P00085,0,2023-08-31T12:00:00Z
2023-08-31,P00085,0,2023-10-01T12:00:00Z
2023-09-30,P00085,0,2023-10-31T12:00:00Z
2023-10-31,P00085,0,2023-12-01T12:00:00Z
2023-11-30,P00085,0,2023-12-31T12:00:00Z
2023-12-31,P00085,0,2024-01-31T12:00:00Z
2024-01-31,P00085,0,2024-03-02T12:00:00Z
2024-02-29,P00085,0,2024-03-31T12:00:00Z
2024-03-31,P00085,0,2024-05-01T12:00:00Z
2024-04-30,P00085,0,2024-05-31T12:00:00Z
2024-05-31,P00085,0,2024-07-01T12:00:00Z
2024-06-30,P00085,0,2024-07-31T12:00:00Z
2024-07-31,P00085,0,2024-08-31T12:00:00Z
2024-08-31,P00085,0,2024-10-01T12:00:00Z
2024-09-30,P00085,0,2024-10-31T12:00:00Z
2024-10-31,P00085,0,2024-12-01T12:00:00Z
2024-11-30,P00085,0,2024-12-31T12:00:00Z
2024-12-31,P00085,0,2025-01-31T12:00:00Z
2025-01-31,P00085,0,2025-03-03T12:00:00Z
2025-02-28,P00085,0,2025-03-31T12:00:00Z
2025-03-31,P00085,0,2025-05-01T12:00:00Z
2025-04-30,P00085,0,2025-05-31T12:00:00Z
2025-05-31,P00085,0,2025-07-01T12:00:00Z
2025-06-30,P00085,0,2025-07-31T12:00:00Z
2025-07-31,P00085,0,2025-08-31T12:00:00Z
2025-08-31,P00085,0,2025-10-01T12:00:00Z
2025-09-30,P00085,0,2025-10-31T12:00:00Z
2025-10-31,P00085,0,2025-12-01T12:00:00Z
2025-11-30,P00085,0,2025-12-31T12:00:00Z
2025-12-31,P00085,0,2026-01-31T12:00:00Z
2023-07-31,P00086,0,2023-08-31T12:00:00Z
2023-08-31,P00086,0,2023-10-01T12:00:00Z
2023-09-30,P00086,0,2023-10-31T12:00:00Z
2023-10-31,P00086,0,2023-12-01T12:00:00Z
2023-11-30,P00086,0,2023-12-31T12:00:00Z
2023-12-31,P00086,0,2024-01-31T12:00:00Z
2024-01-31,P00086,0,2024-03-02T12:00:00Z
2024-02-29,P00086,0,2024-03-31T12:00:00Z
2024-03-31,P00086,0,2024-05-01T12:00:00Z
2024-04-30,P00086,0,2024-05-31T12:00:00Z
2024-05-31,P00086,0,2024-07-01T12:00:00Z
2024-06-30,P00086,0,2024-07-31T12:00:00Z
2024-07-31,P00086,0,2024-08-31T12:00:00Z
2024-08-31,P00086,0,2024-10-01T12:00:00Z
2024-09-30,P00086,0,2024-10-31T12:00:00Z
2024-10-31,P00086,0,2024-12-01T12:00:00Z
2024-11-30,P00086,0,2024-12-31T12:00:00Z
2024-12-31,P00086,0,2025-01-31T12:00:00Z
2025-01-31,P00086,0,2025-03-03T12:00:00Z
2025-02-28,P00086,0,2025-03-31T12:00:00Z
2025-03-31,P00086,0,2025-05-01T12:00:00Z
2025-04-30,P00086,0,2025-05-31T12:00:00Z
2025-05-31,P00086,0,2025-07-01T12:00:00Z
2025-06-30,P00086,0,2025-07-31T12:00:00Z
2025-07-31,P00086,0,2025-08-31T12:00:00Z
2025-08-31,P00086,0,2025-10-01T12:00:00Z
2025-09-30,P00086,0,2025-10-31T12:00:00Z
2025-10-31,P00086,0,2025-12-01T12:00:00Z
2025-11-30,P00086,0,2025-12-31T12:00:00Z
2025-12-31,P00086,0,2026-01-31T12:00:00Z
2023-07-31,P00087,0,2023-08-31T12:00:00Z
2023-08-31,P00087,0,2023-10-01T12:00:00Z
2023-09-30,P00087,0,2023-10-31T12:00:00Z
2023-10-31,P00087,0,2023-12-01T12:00:00Z
2023-11-30,P00087,0,2023-12-31T12:00:00Z
2023-12-31,P00087,0,2024-01-31T12:00:00Z
2024-01-31,P00087,0,2024-03-02T12:00:00Z
2024-02-29,P00087,0,2024-03-31T12:00:00Z
2024-03-31,P00087,0,2024-05-01T12:00:00Z
2024-04-30,P00087,0,2024-05-31T12:00:00Z
2024-05-31,P00087,0,2024-07-01T12:00:00Z
2024-06-30,P00087,0,2024-07-31T12:00:00Z
2024-07-31,P00087,0,2024-08-31T12:00:00Z
2024-08-31,P00087,0,2024-10-01T12:00:00Z
2024-09-30,P00087,0,2024-10-31T12:00:00Z
2024-10-31,P00087,0,2024-12-01T12:00:00Z
2024-11-30,P00087,0,2024-12-31T12:00:00Z
2024-12-31,P00087,0,2025-01-31T12:00:00Z
2025-01-31,P00087,0,2025-03-03T12:00:00Z
2025-02-28,P00087,0,2025-03-31T12:00:00Z
2025-03-31,P00087,0,2025-05-01T12:00:00Z
2025-04-30,P00087,0,2025-05-31T12:00:00Z
2025-05-31,P00087,0,2025-07-01T12:00:00Z
2025-06-30,P00087,0,2025-07-31T12:00:00Z
2025-07-31,P00087,0,2025-08-31T12:00:00Z
2025-08-31,P00087,0,2025-10-01T12:00:00Z
2025-09-30,P00087,0,2025-10-31T12:00:00Z
2025-10-31,P00087,0,2025-12-01T12:00:00Z
2025-11-30,P00087,0,2025-12-31T12:00:00Z
2025-12-31,P00087,0,2026-01-31T12:00:00Z
2023-07-31,P00088,0,2023-08-31T12:00:00Z
2023-08-31,P00088,0,2023-10-01T12:00:00Z
2023-09-30,P00088,0,2023-10-31T12:00:00Z
2023-10-31,P00088,0,2023-12-01T12:00:00Z
2023-11-30,P00088,0,2023-12-31T12:00:00Z
2023-12-31,P00088,0,2024-01-31T12:00:00Z
2024-01-31,P00088,0,2024-03-02T12:00:00Z
2024-02-29,P00088,0,2024-03-31T12:00:00Z
2024-03-31,P00088,0,2024-05-01T12:00:00Z
2024-04-30,P00088,0,2024-05-31T12:00:00Z
2024-05-31,P00088,0,2024-07-01T12:00:00Z
2024-06-30,P00088,0,2024-07-31T12:00:00Z
2024-07-31,P00088,0,2024-08-31T12:00:00Z
2024-08-31,P00088,0,2024-10-01T12:00:00Z
2024-09-30,P00088,0,2024-10-31T12:00:00Z
2024-10-31,P00088,0,2024-12-01T12:00:00Z
2024-11-30,P00088,0,2024-12-31T12:00:00Z
2024-12-31,P00088,0,2025-01-31T12:00:00Z
2025-01-31,P00088,0,2025-03-03T12:00:00Z
2025-02-28,P00088,0,2025-03-31T12:00:00Z
2025-03-31,P00088,0,2025-05-01T12:00:00Z
2025-04-30,P00088,0,2025-05-31T12:00:00Z
2025-05-31,P00088,0,2025-07-01T12:00:00Z
2025-06-30,P00088,0,2025-07-31T12:00:00Z
2025-07-31,P00088,0,2025-08-31T12:00:00Z
2025-08-31,P00088,0,2025-10-01T12:00:00Z
2025-09-30,P00088,0,2025-10-31T12:00:00Z
2025-10-31,P00088,0,2025-12-01T12:00:00Z
2025-11-30,P00088,0,2025-12-31T12:00:00Z
2025-12-31,P00088,0,2026-01-31T12:00:00Z
2023-07-31,P00089,0,2023-08-31T12:00:00Z
2023-08-31,P00089,0,2023-10-01T12:00:00Z
2023-09-30,P00089,0,2023-10-31T12:00:00Z
2023-10-31,P00089,0,2023-12-01T12:00:00Z
2023-11-30,P00089,0,2023-12-31T12:00:00Z
2023-12-31,P00089,0,2024-01-31T12:00:00Z
2024-01-31,P00089,0,2024-03-02T12:00:00Z
2024-02-29,P00089,0,2024-03-31T12:00:00Z
2024-03-31,P00089,0,2024-05-01T12:00:00Z
2024-04-30,P00089,0,2024-05-31T12:00:00Z
2024-05-31,P00089,0,2024-07-01T12:00:00Z
2024-06-30,P00089,0,2024-07-31T12:00:00Z
2024-07-31,P00089,0,2024-08-31T12:00:00Z
2024-08-31,P00089,0,2024-10-01T12:00:00Z
2024-09-30,P00089,0,2024-10-31T12:00:00Z
2024-10-31,P00089,0,2024-12-01T12:00:00Z
2024-11-30,P00089,0,2024-12-31T12:00:00Z
2024-12-31,P00089,0,2025-01-31T12:00:00Z
2025-01-31,P00089,0,2025-03-03T12:00:00Z
2025-02-28,P00089,0,2025-03-31T12:00:00Z
2025-03-31,P00089,0,2025-05-01T12:00:00Z
2025-04-30,P00089,0,2025-05-31T12:00:00Z
2025-05-31,P00089,0,2025-07-01T12:00:00Z
2025-06-30,P00089,0,2025-07-31T12:00:00Z
2025-07-31,P00089,0,2025-08-31T12:00:00Z
2025-08-31,P00089,0,2025-10-01T12:00:00Z
2025-09-30,P00089,0,2025-10-31T12:00:00Z
2025-10-31,P00089,0,2025-12-01T12:00:00Z
2025-11-30,P00089,0,2025-12-31T12:00:00Z
2025-12-31,P00089,0,2026-01-31T12:00:00Z
2023-07-31,P00090,0,2023-08-31T12:00:00Z
2023-08-31,P00090,0,2023-10-01T12:00:00Z
2023-09-30,P00090,0,2023-10-31T12:00:00Z
2023-10-31,P00090,0,2023-12-01T12:00:00Z
2023-11-30,P00090,0,2023-12-31T12:00:00Z
2023-12-31,P00090,0,2024-01-31T12:00:00Z
2024-01-31,P00090,0,2024-03-02T12:00:00Z
2024-02-29,P00090,0,2024-03-31T12:00:00Z
2024-03-31,P00090,0,2024-05-01T12:00:00Z
2024-04-30,P00090,0,2024-05-31T12:00:00Z
2024-05-31,P00090,0,2024-07-01T12:00:00Z
2024-06-30,P00090,0,2024-07-31T12:00:00Z
2024-07-31,P00090,0,2024-08-31T12:00:00Z
2024-08-31,P00090,0,2024-10-01T12:00:00Z
2024-09-30,P00090,0,2024-10-31T12:00:00Z
2024-10-31,P00090,0,2024-12-01T12:00:00Z
2024-11-30,P00090,0,2024-12-31T12:00:00Z
2024-12-31,P00090,0,2025-01-31T12:00:00Z
2025-01-31,P00090,0,2025-03-03T12:00:00Z
2025-02-28,P00090,0,2025-03-31T12:00:00Z
2025-03-31,P00090,0,2025-05-01T12:00:00Z
2025-04-30,P00090,0,2025-05-31T12:00:00Z
2025-05-31,P00090,0,2025-07-01T12:00:00Z
2025-06-30,P00090,0,2025-07-31T12:00:00Z
2025-07-31,P00090,0,2025-08-31T12:00:00Z
2025-08-31,P00090,0,2025-10-01T12:00:00Z
2025-09-30,P00090,0,2025-10-31T12:00:00Z
2025-10-31,P00090,0,2025-12-01T12:00:00Z
2025-11-30,P00090,0,2025-12-31T12:00:00Z
2025-12-31,P00090,0,2026-01-31T12:00:00Z
2023-07-31,P00091,0,2023-08-31T12:00:00Z
2023-08-31,P00091,0,2023-10-01T12:00:00Z
2023-09-30,P00091,0,2023-10-31T12:00:00Z
2023-10-31,P00091,0,2023-12-01T12:00:00Z
2023-11-30,P00091,0,2023-12-31T12:00:00Z
2023-12-31,P00091,0,2024-01-31T12:00:00Z
2024-01-31,P00091,0,2024-03-02T12:00:00Z
2024-02-29,P00091,0,2024-03-31T12:00:00Z
2024-03-31,P00091,0,2024-05-01T12:00:00Z
2024-04-30,P00091,0,2024-05-31T12:00:00Z
2024-05-31,P00091,0,2024-07-01T12:00:00Z
2024-06-30,P00091,0,2024-07-31T12:00:00Z
2024-07-31,P00091,0,2024-08-31T12:00:00Z
2024-08-31,P00091,0,2024-10-01T12:00:00Z
2024-09-30,P00091,0,2024-10-31T12:00:00Z
2024-10-31,P00091,0,2024-12-01T12:00:00Z
2024-11-30,P00091,0,2024-12-31T12:00:00Z
2024-12-31,P00091,0,2025-01-31T12:00:00Z
2025-01-31,P00091,0,2025-03-03T12:00:00Z
2025-02-28,P00091,0,2025-03-31T12:00:00Z
2025-03-31,P00091,0,2025-05-01T12:00:00Z
2025-04-30,P00091,0,2025-05-31T12:00:00Z
2025-05-31,P00091,0,2025-07-01T12:00:00Z
2025-06-30,P00091,0,2025-07-31T12:00:00Z
2025-07-31,P00091,0,2025-08-31T12:00:00Z
2025-08-31,P00091,0,2025-10-01T12:00:00Z
2025-09-30,P00091,0,2025-10-31T12:00:00Z
2025-10-31,P00091,0,2025-12-01T12:00:00Z
2025-11-30,P00091,0,2025-12-31T12:00:00Z
2025-12-31,P00091,0,2026-01-31T12:00:00Z
2023-07-31,P00092,0,2023-08-31T12:00:00Z
2023-08-31,P00092,1,2023-10-01T12:00:00Z
2023-07-31,P00093,0,2023-08-31T12:00:00Z
2023-08-31,P00093,0,2023-10-01T12:00:00Z
2023-09-30,P00093,0,2023-10-31T12:00:00Z
2023-10-31,P00093,0,2023-12-01T12:00:00Z
2023-11-30,P00093,0,2023-12-31T12:00:00Z
2023-12-31,P00093,0,2024-01-31T12:00:00Z
2024-01-31,P00093,0,2024-03-02T12:00:00Z
2024-02-29,P00093,0,2024-03-31T12:00:00Z
2024-03-31,P00093,0,2024-05-01T12:00:00Z
2024-04-30,P00093,0,2024-05-31T12:00:00Z
2024-05-31,P00093,0,2024-07-01T12:00:00Z
2024-06-30,P00093,0,2024-07-31T12:00:00Z
2024-07-31,P00093,0,2024-08-31T12:00:00Z
2024-08-31,P00093,0,2024-10-01T12:00:00Z
2024-09-30,P00093,0,2024-10-31T12:00:00Z
2024-10-31,P00093,0,2024-12-01T12:00:00Z
2024-11-30,P00093,0,2024-12-31T12:00:00Z
2024-12-31,P00093,0,2025-01-31T12:00:00Z
2025-01-31,P00093,0,2025-03-03T12:00:00Z
2025-02-28,P00093,0,2025-03-31T12:00:00Z
2025-03-31,P00093,0,2025-05-01T12:00:00Z
2025-04-30,P00093,0,2025-05-31T12:00:00Z
2025-05-31,P00093,0,2025-07-01T12:00:00Z
2025-06-30,P00093,0,2025-07-31T12:00:00Z
2025-07-31,P00093,0,2025-08-31T12:00:00Z
2025-08-31,P00093,0,2025-10-01T12:00:00Z
2025-09-30,P00093,0,2025-10-31T12:00:00Z
2025-10-31,P00093,0,2025-12-01T12:00:00Z
2025-11-30,P00093,0,2025-12-31T12:00:00Z
2025-12-31,P00093,0,2026-01-31T12:00:00Z
2023-07-31,P00094,0,2023-08-31T12:00:00Z
2023-08-31,P00094,0,2023-10-01T12:00:00Z
2023-09-30,P00094,0,2023-10-31T12:00:00Z
2023-10-31,P00094,0,2023-12-01T12:00:00Z
2023-11-30,P00094,0,2023-12-31T12:00:00Z
2023-12-31,P00094,0,2024-01-31T12:00:00Z
2024-01-31,P00094,0,2024-03-02T12:00:00Z
2024-02-29,P00094,0,2024-03-31T12:00:00Z
2024-03-31,P00094,0,2024-05-01T12:00:00Z
2024-04-30,P00094,0,2024-05-31T12:00:00Z
2024-05-31,P00094,0,2024-07-01T12:00:00Z
2024-06-30,P00094,0,2024-07-31T12:00:00Z
2024-07-31,P00094,0,2024-08-31T12:00:00Z
2024-08-31,P00094,0,2024-10-01T12:00:00Z
2024-09-30,P00094,0,2024-10-31T12:00:00Z
2024-10-31,P00094,0,2024-12-01T12:00:00Z
2024-11-30,P00094,0,2024-12-31T12:00:00Z
2024-12-31,P00094,0,2025-01-31T12:00:00Z
2025-01-31,P00094,0,2025-03-03T12:00:00Z
2025-02-28,P00094,0,2025-03-31T12:00:00Z
2025-03-31,P00094,0,2025-05-01T12:00:00Z
2025-04-30,P00094,0,2025-05-31T12:00:00Z
2025-05-31,P00094,0,2025-07-01T12:00:00Z
2025-06-30,P00094,0,2025-07-31T12:00:00Z
2025-07-31,P00094,0,2025-08-31T12:00:00Z
2025-08-31,P00094,0,2025-10-01T12:00:00Z
2025-09-30,P00094,0,2025-10-31T12:00:00Z
2025-10-31,P00094,0,2025-12-01T12:00:00Z
2025-11-30,P00094,0,2025-12-31T12:00:00Z
2025-12-31,P00094,0,2026-01-31T12:00:00Z
2023-07-31,P00095,0,2023-08-31T12:00:00Z
2023-08-31,P00095,0,2023-10-01T12:00:00Z
2023-09-30,P00095,0,2023-10-31T12:00:00Z
2023-10-31,P00095,0,2023-12-01T12:00:00Z
2023-11-30,P00095,0,2023-12-31T12:00:00Z
2023-12-31,P00095,0,2024-01-31T12:00:00Z
2024-01-31,P00095,0,2024-03-02T12:00:00Z
2024-02-29,P00095,0,2024-03-31T12:00:00Z
2024-03-31,P00095,0,2024-05-01T12:00:00Z
2024-04-30,P00095,0,2024-05-31T12:00:00Z
2024-05-31,P00095,0,2024-07-01T12:00:00Z
2024-06-30,P00095,0,2024-07-31T12:00:00Z
2024-07-31,P00095,0,2024-08-31T12:00:00Z
2024-08-31,P00095,0,2024-10-01T12:00:00Z
2024-09-30,P00095,0,2024-10-31T12:00:00Z
2024-10-31,P00095,0,2024-12-01T12:00:00Z
2024-11-30,P00095,0,2024-12-31T12:00:00Z
2024-12-31,P00095,0,2025-01-31T12:00:00Z
2025-01-31,P00095,0,2025-03-03T12:00:00Z
2025-02-28,P00095,0,2025-03-31T12:00:00Z
2025-03-31,P00095,0,2025-05-01T12:00:00Z
2025-04-30,P00095,0,2025-05-31T12:00:00Z
2025-05-31,P00095,0,2025-07-01T12:00:00Z
2025-06-30,P00095,0,2025-07-31T12:00:00Z
2025-07-31,P00095,0,2025-08-31T12:00:00Z
2025-08-31,P00095,0,2025-10-01T12:00:00Z
2025-09-30,P00095,0,2025-10-31T12:00:00Z
2025-10-31,P00095,0,2025-12-01T12:00:00Z
2025-11-30,P00095,0,2025-12-31T12:00:00Z
2025-12-31,P00095,0,2026-01-31T12:00:00Z
2023-07-31,P00096,0,2023-08-31T12:00:00Z
2023-08-31,P00096,0,2023-10-01T12:00:00Z
2023-09-30,P00096,1,2023-10-31T12:00:00Z
2023-07-31,P00097,0,2023-08-31T12:00:00Z
2023-08-31,P00097,0,2023-10-01T12:00:00Z
2023-09-30,P00097,0,2023-10-31T12:00:00Z
2023-10-31,P00097,0,2023-12-01T12:00:00Z
2023-11-30,P00097,0,2023-12-31T12:00:00Z
2023-12-31,P00097,0,2024-01-31T12:00:00Z
2024-01-31,P00097,0,2024-03-02T12:00:00Z
2024-02-29,P00097,0,2024-03-31T12:00:00Z
2024-03-31,P00097,0,2024-05-01T12:00:00Z
2024-04-30,P00097,0,2024-05-31T12:00:00Z
2024-05-31,P00097,1,2024-07-01T12:00:00Z
2023-07-31,P00098,0,2023-08-31T12:00:00Z
2023-08-31,P00098,0,2023-10-01T12:00:00Z
2023-09-30,P00098,0,2023-10-31T12:00:00Z
2023-10-31,P00098,0,2023-12-01T12:00:00Z
2023-11-30,P00098,0,2023-12-31T12:00:00Z
2023-12-31,P00098,0,2024-01-31T12:00:00Z
2024-01-31,P00098,0,2024-03-02T12:00:00Z
2024-02-29,P00098,0,2024-03-31T12:00:00Z
2024-03-31,P00098,0,2024-05-01T12:00:00Z
2024-04-30,P00098,0,2024-05-31T12:00:00Z
2024-05-31,P00098,0,2024-07-01T12:00:00Z
2024-06-30,P00098,0,2024-07-31T12:00:00Z
2024-07-31,P00098,0,2024-08-31T12:00:00Z
2024-08-31,P00098,0,2024-10-01T12:00:00Z
2024-09-30,P00098,0,2024-10-31T12:00:00Z
2024-10-31,P00098,0,2024-12-01T12:00:00Z
2024-11-30,P00098,0,2024-12-31T12:00:00Z
2024-12-31,P00098,0,2025-01-31T12:00:00Z
2025-01-31,P00098,0,2025-03-03T12:00:00Z
2025-02-28,P00098,0,2025-03-31T12:00:00Z
2025-03-31,P00098,0,2025-05-01T12:00:00Z
2025-04-30,P00098,0,2025-05-31T12:00:00Z
2025-05-31,P00098,0,2025-07-01T12:00:00Z
2025-06-30,P00098,0,2025-07-31T12:00:00Z
2025-07-31,P00098,0,2025-08-31T12:00:00Z
2025-08-31,P00098,0,2025-10-01T12:00:00Z
2025-09-30,P00098,0,2025-10-31T12:00:00Z
2025-10-31,P00098,0,2025-12-01T12:00:00Z
2025-11-30,P00098,0,2025-12-31T12:00:00Z
2025-12-31,P00098,0,2026-01-31T12:00:00Z
2023-07-31,P00099,0,2023-08-31T12:00:00Z
2023-08-31,P00099,0,2023-10-01T12:00:00Z
2023-09-30,P00099,0,2023-10-31T12:00:00Z
2023-10-31,P00099,0,2023-12-01T12:00:00Z
2023-11-30,P00099,0,2023-12-31T12:00:00Z
2023-12-31,P00099,0,2024-01-31T12:00:00Z
2024-01-31,P00099,0,2024-03-02T12:00:00Z
2024-02-29,P00099,0,2024-03-31T12:00:00Z
2024-03-31,P00099,0,2024-05-01T12:00:00Z
2024-04-30,P00099,0,2024-05-31T12:00:00Z
2024-05-31,P00099,0,2024-07-01T12:00:00Z
2024-06-30,P00099,0,2024-07-31T12:00:00Z
2024-07-31,P00099,0,2024-08-31T12:00:00Z
2024-08-31,P00099,0,2024-10-01T12:00:00Z
2024-09-30,P00099,0,2024-10-31T12:00:00Z
2024-10-31,P00099,0,2024-12-01T12:00:00Z
2024-11-30,P00099,0,2024-12-31T12:00:00Z
2024-12-31,P00099,0,2025-01-31T12:00:00Z
2025-01-31,P00099,0,2025-03-03T12:00:00Z
2025-02-28,P00099,0,2025-03-31T12:00:00Z
2025-03-31,P00099,0,2025-05-01T12:00:00Z
2025-04-30,P00099,0,2025-05-31T12:00:00Z
2025-05-31,P00099,0,2025-07-01T12:00:00Z
2025-06-30,P00099,0,2025-07-31T12:00:00Z
2025-07-31,P00099,0,2025-08-31T12:00:00Z
2025-08-31,P00099,0,2025-10-01T12:00:00Z
2025-09-30,P00099,0,2025-10-31T12:00:00Z
2025-10-31,P00099,0,2025-12-01T12:00:00Z
2025-11-30,P00099,0,2025-12-31T12:00:00Z
2025-12-31,P00099,0,2026-01-31T12:00:00Z
2023-07-31,P00100,0,2023-08-31T12:00:00Z
2023-08-31,P00100,0,2023-10-01T12:00:00Z
2023-09-30,P00100,0,2023-10-31T12:00:00Z
2023-10-31,P00100,0,2023-12-01T12:00:00Z
2023-11-30,P00100,0,2023-12-31T12:00:00Z
2023-12-31,P00100,0,2024-01-31T12:00:00Z
2024-01-31,P00100,0,2024-03-02T12:00:00Z
2024-02-29,P00100,0,2024-03-31T12:00:00Z
2024-03-31,P00100,0,2024-05-01T12:00:00Z
2024-04-30,P00100,0,2024-05-31T12:00:00Z
2024-05-31,P00100,0,2024-07-01T12:00:00Z
2024-06-30,P00100,0,2024-07-31T12:00:00Z
2024-07-31,P00100,0,2024-08-31T12:00:00Z
2024-08-31,P00100,0,2024-10-01T12:00:00Z
2024-09-30,P00100,0,2024-10-31T12:00:00Z
2024-10-31,P00100,0,2024-12-01T12:00:00Z
2024-11-30,P00100,0,2024-12-31T12:00:00Z
2024-12-31,P00100,0,2025-01-31T12:00:00Z
2025-01-31,P00100,0,2025-03-03T12:00:00Z
2025-02-28,P00100,0,2025-03-31T12:00:00Z
2025-03-31,P00100,0,2025-05-01T12:00:00Z
2025-04-30,P00100,0,2025-05-31T12:00:00Z
2025-05-31,P00100,0,2025-07-01T12:00:00Z
2025-06-30,P00100,0,2025-07-31T12:00:00Z
2025-07-31,P00100,0,2025-08-31T12:00:00Z
2025-08-31,P00100,1,2025-10-01T12:00:00Z
2023-07-31,P00101,0,2023-08-31T12:00:00Z
2023-08-31,P00101,0,2023-10-01T12:00:00Z
2023-09-30,P00101,0,2023-10-31T12:00:00Z
2023-10-31,P00101,0,2023-12-01T12:00:00Z
2023-11-30,P00101,0,2023-12-31T12:00:00Z
2023-12-31,P00101,0,2024-01-31T12:00:00Z
2024-01-31,P00101,0,2024-03-02T12:00:00Z
2024-02-29,P00101,0,2024-03-31T12:00:00Z
2024-03-31,P00101,0,2024-05-01T12:00:00Z
2024-04-30,P00101,0,2024-05-31T12:00:00Z
2024-05-31,P00101,0,2024-07-01T12:00:00Z
2024-06-30,P00101,0,2024-07-31T12:00:00Z
2024-07-31,P00101,0,2024-08-31T12:00:00Z
2024-08-31,P00101,0,2024-10-01T12:00:00Z
2024-09-30,P00101,0,2024-10-31T12:00:00Z
2024-10-31,P00101,0,2024-12-01T12:00:00Z
2024-11-30,P00101,0,2024-12-31T12:00:00Z
2024-12-31,P00101,0,2025-01-31T12:00:00Z
2025-01-31,P00101,0,2025-03-03T12:00:00Z
2025-02-28,P00101,0,2025-03-31T12:00:00Z
2025-03-31,P00101,0,2025-05-01T12:00:00Z
2025-04-30,P00101,1,2025-05-31T12:00:00Z
2023-07-31,P00102,0,2023-08-31T12:00:00Z
2023-08-31,P00102,0,2023-10-01T12:00:00Z
2023-09-30,P00102,0,2023-10-31T12:00:00Z
2023-10-31,P00102,0,2023-12-01T12:00:00Z
2023-11-30,P00102,0,2023-12-31T12:00:00Z
2023-12-31,P00102,0,2024-01-31T12:00:00Z
2024-01-31,P00102,0,2024-03-02T12:00:00Z
2024-02-29,P00102,0,2024-03-31T12:00:00Z
2024-03-31,P00102,0,2024-05-01T12:00:00Z
2024-04-30,P00102,0,2024-05-31T12:00:00Z
2024-05-31,P00102,0,2024-07-01T12:00:00Z
2024-06-30,P00102,0,2024-07-31T12:00:00Z
2024-07-31,P00102,0,2024-08-31T12:00:00Z
2024-08-31,P00102,0,2024-10-01T12:00:00Z
2024-09-30,P00102,0,2024-10-31T12:00:00Z
2024-10-31,P00102,0,2024-12-01T12:00:00Z
2024-11-30,P00102,0,2024-12-31T12:00:00Z
2024-12-31,P00102,0,2025-01-31T12:00:00Z
2025-01-31,P00102,0,2025-03-03T12:00:00Z
2025-02-28,P00102,0,2025-03-31T12:00:00Z
2025-03-31,P00102,0,2025-05-01T12:00:00Z
2025-04-30,P00102,0,2025-05-31T12:00:00Z
2025-05-31,P00102,0,2025-07-01T12:00:00Z
2025-06-30,P00102,0,2025-07-31T12:00:00Z
2025-07-31,P00102,0,2025-08-31T12:00:00Z
2025-08-31,P00102,0,2025-10-01T12:00:00Z
2025-09-30,P00102,0,2025-10-31T12:00:00Z
2025-10-31,P00102,0,2025-12-01T12:00:00Z
2025-11-30,P00102,0,2025-12-31T12:00:00Z
2025-12-31,P00102,0,2026-01-31T12:00:00Z
2023-07-31,P00103,0,2023-08-31T12:00:00Z
2023-08-31,P00103,0,2023-10-01T12:00:00Z
2023-09-30,P00103,0,2023-10-31T12:00:00Z
2023-10-31,P00103,0,2023-12-01T12:00:00Z
2023-11-30,P00103,0,2023-12-31T12:00:00Z
2023-12-31,P00103,0,2024-01-31T12:00:00Z
2024-01-31,P00103,1,2024-03-02T12:00:00Z
2023-07-31,P00104,0,2023-08-31T12:00:00Z
2023-08-31,P00104,0,2023-10-01T12:00:00Z
2023-09-30,P00104,0,2023-10-31T12:00:00Z
2023-10-31,P00104,0,2023-12-01T12:00:00Z
2023-11-30,P00104,0,2023-12-31T12:00:00Z
2023-12-31,P00104,0,2024-01-31T12:00:00Z
2024-01-31,P00104,0,2024-03-02T12:00:00Z
2024-02-29,P00104,0,2024-03-31T12:00:00Z
2024-03-31,P00104,0,2024-05-01T12:00:00Z
2024-04-30,P00104,0,2024-05-31T12:00:00Z
2024-05-31,P00104,0,2024-07-01T12:00:00Z
2024-06-30,P00104,0,2024-07-31T12:00:00Z
2024-07-31,P00104,0,2024-08-31T12:00:00Z
2024-08-31,P00104,0,2024-10-01T12:00:00Z
2024-09-30,P00104,0,2024-10-31T12:00:00Z
2024-10-31,P00104,0,2024-12-01T12:00:00Z
2024-11-30,P00104,0,2024-12-31T12:00:00Z
2024-12-31,P00104,0,2025-01-31T12:00:00Z
2025-01-31,P00104,0,2025-03-03T12:00:00Z
2025-02-28,P00104,0,2025-03-31T12:00:00Z
2025-03-31,P00104,0,2025-05-01T12:00:00Z
2025-04-30,P00104,0,2025-05-31T12:00:00Z
2025-05-31,P00104,0,2025-07-01T12:00:00Z
2025-06-30,P00104,0,2025-07-31T12:00:00Z
2025-07-31,P00104,0,2025-08-31T12:00:00Z
2025-08-31,P00104,0,2025-10-01T12:00:00Z
2025-09-30,P00104,0,2025-10-31T12:00:00Z
2025-10-31,P00104,0,2025-12-01T12:00:00Z
2025-11-30,P00104,0,2025-12-31T12:00:00Z
2025-12-31,P00104,0,2026-01-31T12:00:00Z
2023-07-31,P00105,0,2023-08-31T12:00:00Z
2023-08-31,P00105,0,2023-10-01T12:00:00Z
2023-09-30,P00105,0,2023-10-31T12:00:00Z
2023-10-31,P00105,0,2023-12-01T12:00:00Z
2023-11-30,P00105,0,2023-12-31T12:00:00Z
2023-12-31,P00105,0,2024-01-31T12:00:00Z
2024-01-31,P00105,0,2024-03-02T12:00:00Z
2024-02-29,P00105,0,2024-03-31T12:00:00Z
2024-03-31,P00105,0,2024-05-01T12:00:00Z
2024-04-30,P00105,0,2024-05-31T12:00:00Z
2024-05-31,P00105,0,2024-07-01T12:00:00Z
2024-06-30,P00105,0,2024-07-31T12:00:00Z
2024-07-31,P00105,0,2024-08-31T12:00:00Z
2024-08-31,P00105,0,2024-10-01T12:00:00Z
2024-09-30,P00105,0,2024-10-31T12:00:00Z
2024-10-31,P00105,0,2024-12-01T12:00:00Z
2024-11-30,P00105,0,2024-12-31T12:00:00Z
2024-12-31,P00105,0,2025-01-31T12:00:00Z
2025-01-31,P00105,0,2025-03-03T12:00:00Z
2025-02-28,P00105,0,2025-03-31T12:00:00Z
2025-03-31,P00105,0,2025-05-01T12:00:00Z
2025-04-30,P00105,0,2025-05-31T12:00:00Z
2025-05-31,P00105,0,2025-07-01T12:00:00Z
2025-06-30,P00105,0,2025-07-31T12:00:00Z
2025-07-31,P00105,0,2025-08-31T12:00:00Z
2025-08-31,P00105,0,2025-10-01T12:00:00Z
2025-09-30,P00105,0,2025-10-31T12:00:00Z
2025-10-31,P00105,0,2025-12-01T12:00:00Z
2025-11-30,P00105,0,2025-12-31T12:00:00Z
2025-12-31,P00105,0,2026-01-31T12:00:00Z
2023-07-31,P00106,0,2023-08-31T12:00:00Z
2023-08-31,P00106,0,2023-10-01T12:00:00Z
2023-09-30,P00106,0,2023-10-31T12:00:00Z
2023-10-31,P00106,0,2023-12-01T12:00:00Z
2023-11-30,P00106,0,2023-12-31T12:00:00Z
2023-12-31,P00106,0,2024-01-31T12:00:00Z
2024-01-31,P00106,0,2024-03-02T12:00:00Z
2024-02-29,P00106,0,2024-03-31T12:00:00Z
2024-03-31,P00106,0,2024-05-01T12:00:00Z
2024-04-30,P00106,0,2024-05-31T12:00:00Z
2024-05-31,P00106,0,2024-07-01T12:00:00Z
2024-06-30,P00106,0,2024-07-31T12:00:00Z
2024-07-31,P00106,0,2024-08-31T12:00:00Z
2024-08-31,P00106,0,2024-10-01T12:00:00Z
2024-09-30,P00106,0,2024-10-31T12:00:00Z
2024-10-31,P00106,0,2024-12-01T12:00:00Z
2024-11-30,P00106,0,2024-12-31T12:00:00Z
2024-12-31,P00106,0,2025-01-31T12:00:00Z
2025-01-31,P00106,0,2025-03-03T12:00:00Z
2025-02-28,P00106,0,2025-03-31T12:00:00Z
2025-03-31,P00106,0,2025-05-01T12:00:00Z
2025-04-30,P00106,0,2025-05-31T12:00:00Z
2025-05-31,P00106,0,2025-07-01T12:00:00Z
2025-06-30,P00106,0,2025-07-31T12:00:00Z
2025-07-31,P00106,0,2025-08-31T12:00:00Z
2025-08-31,P00106,0,2025-10-01T12:00:00Z
2025-09-30,P00106,0,2025-10-31T12:00:00Z
2025-10-31,P00106,0,2025-12-01T12:00:00Z
2025-11-30,P00106,0,2025-12-31T12:00:00Z
2025-12-31,P00106,0,2026-01-31T12:00:00Z
2023-07-31,P00107,0,2023-08-31T12:00:00Z
2023-08-31,P00107,0,2023-10-01T12:00:00Z
2023-09-30,P00107,0,2023-10-31T12:00:00Z
2023-10-31,P00107,0,2023-12-01T12:00:00Z
2023-11-30,P00107,0,2023-12-31T12:00:00Z
2023-12-31,P00107,0,2024-01-31T12:00:00Z
2024-01-31,P00107,0,2024-03-02T12:00:00Z
2024-02-29,P00107,0,2024-03-31T12:00:00Z
2024-03-31,P00107,0,2024-05-01T12:00:00Z
2024-04-30,P00107,0,2024-05-31T12:00:00Z
2024-05-31,P00107,0,2024-07-01T12:00:00Z
2024-06-30,P00107,0,2024-07-31T12:00:00Z
2024-07-31,P00107,0,2024-08-31T12:00:00Z
2024-08-31,P00107,0,2024-10-01T12:00:00Z
2024-09-30,P00107,0,2024-10-31T12:00:00Z
2024-10-31,P00107,0,2024-12-01T12:00:00Z
2024-11-30,P00107,0,2024-12-31T12:00:00Z
2024-12-31,P00107,0,2025-01-31T12:00:00Z
2025-01-31,P00107,0,2025-03-03T12:00:00Z
2025-02-28,P00107,0,2025-03-31T12:00:00Z
2025-03-31,P00107,0,2025-05-01T12:00:00Z
2025-04-30,P00107,0,2025-05-31T12:00:00Z
2025-05-31,P00107,0,2025-07-01T12:00:00Z
2025-06-30,P00107,0,2025-07-31T12:00:00Z
2025-07-31,P00107,0,2025-08-31T12:00:00Z
2025-08-31,P00107,0,2025-10-01T12:00:00Z
2025-09-30,P00107,0,2025-10-31T12:00:00Z
2025-10-31,P00107,0,2025-12-01T12:00:00Z
2025-11-30,P00107,0,2025-12-31T12:00:00Z
2025-12-31,P00107,0,2026-01-31T12:00:00Z
2023-07-31,P00108,0,2023-08-31T12:00:00Z
2023-08-31,P00108,0,2023-10-01T12:00:00Z
2023-09-30,P00108,0,2023-10-31T12:00:00Z
2023-10-31,P00108,0,2023-12-01T12:00:00Z
2023-11-30,P00108,0,2023-12-31T12:00:00Z
2023-12-31,P00108,0,2024-01-31T12:00:00Z
2024-01-31,P00108,0,2024-03-02T12:00:00Z
2024-02-29,P00108,0,2024-03-31T12:00:00Z
2024-03-31,P00108,0,2024-05-01T12:00:00Z
2024-04-30,P00108,0,2024-05-31T12:00:00Z
2024-05-31,P00108,0,2024-07-01T12:00:00Z
2024-06-30,P00108,0,2024-07-31T12:00:00Z
2024-07-31,P00108,0,2024-08-31T12:00:00Z
2024-08-31,P00108,0,2024-10-01T12:00:00Z
2024-09-30,P00108,0,2024-10-31T12:00:00Z
2024-10-31,P00108,0,2024-12-01T12:00:00Z
2024-11-30,P00108,0,2024-12-31T12:00:00Z
2024-12-31,P00108,0,2025-01-31T12:00:00Z
2025-01-31,P00108,0,2025-03-03T12:00:00Z
2025-02-28,P00108,0,2025-03-31T12:00:00Z
2025-03-31,P00108,0,2025-05-01T12:00:00Z
2025-04-30,P00108,0,2025-05-31T12:00:00Z
2025-05-31,P00108,0,2025-07-01T12:00:00Z
2025-06-30,P00108,0,2025-07-31T12:00:00Z
2025-07-31,P00108,0,2025-08-31T12:00:00Z
2025-08-31,P00108,0,2025-10-01T12:00:00Z
2025-09-30,P00108,0,2025-10-31T12:00:00Z
2025-10-31,P00108,0,2025-12-01T12:00:00Z
2025-11-30,P00108,0,2025-12-31T12:00:00Z
2025-12-31,P00108,0,2026-01-31T12:00:00Z
2023-07-31,P00109,0,2023-08-31T12:00:00Z
2023-08-31,P00109,0,2023-10-01T12:00:00Z
2023-09-30,P00109,0,2023-10-31T12:00:00Z
2023-10-31,P00109,0,2023-12-01T12:00:00Z
2023-11-30,P00109,0,2023-12-31T12:00:00Z
2023-12-31,P00109,1,2024-01-31T12:00:00Z
2023-07-31,P00110,0,2023-08-31T12:00:00Z
2023-08-31,P00110,0,2023-10-01T12:00:00Z
2023-09-30,P00110,0,2023-10-31T12:00:00Z
2023-10-31,P00110,0,2023-12-01T12:00:00Z
2023-11-30,P00110,0,2023-12-31T12:00:00Z
2023-12-31,P00110,0,2024-01-31T12:00:00Z
2024-01-31,P00110,0,2024-03-02T12:00:00Z
2024-02-29,P00110,0,2024-03-31T12:00:00Z
2024-03-31,P00110,0,2024-05-01T12:00:00Z
2024-04-30,P00110,0,2024-05-31T12:00:00Z
2024-05-31,P00110,0,2024-07-01T12:00:00Z
2024-06-30,P00110,0,2024-07-31T12:00:00Z
2024-07-31,P00110,0,2024-08-31T12:00:00Z
2024-08-31,P00110,0,2024-10-01T12:00:00Z
2024-09-30,P00110,0,2024-10-31T12:00:00Z
2024-10-31,P00110,0,2024-12-01T12:00:00Z
2024-11-30,P00110,0,2024-12-31T12:00:00Z
2024-12-31,P00110,0,2025-01-31T12:00:00Z
2025-01-31,P00110,0,2025-03-03T12:00:00Z
2025-02-28,P00110,0,2025-03-31T12:00:00Z
2025-03-31,P00110,0,2025-05-01T12:00:00Z
2025-04-30,P00110,0,2025-05-31T12:00:00Z
2025-05-31,P00110,0,2025-07-01T12:00:00Z
2025-06-30,P00110,0,2025-07-31T12:00:00Z
2025-07-31,P00110,0,2025-08-31T12:00:00Z
2025-08-31,P00110,1,2025-10-01T12:00:00Z
2023-07-31,P00111,0,2023-08-31T12:00:00Z
2023-08-31,P00111,0,2023-10-01T12:00:00Z
2023-09-30,P00111,0,2023-10-31T12:00:00Z
2023-10-31,P00111,0,2023-12-01T12:00:00Z
2023-11-30,P00111,0,2023-12-31T12:00:00Z
2023-12-31,P00111,0,2024-01-31T12:00:00Z
2024-01-31,P00111,0,2024-03-02T12:00:00Z
2024-02-29,P00111,0,2024-03-31T12:00:00Z
2024-03-31,P00111,0,2024-05-01T12:00:00Z
2024-04-30,P00111,0,2024-05-31T12:00:00Z
2024-05-31,P00111,0,2024-07-01T12:00:00Z
2024-06-30,P00111,0,2024-07-31T12:00:00Z
2024-07-31,P00111,0,2024-08-31T12:00:00Z
2024-08-31,P00111,0,2024-10-01T12:00:00Z
2024-09-30,P00111,0,2024-10-31T12:00:00Z
2024-10-31,P00111,0,2024-12-01T12:00:00Z
2024-11-30,P00111,0,2024-12-31T12:00:00Z
2024-12-31,P00111,0,2025-01-31T12:00:00Z
2025-01-31,P00111,0,2025-03-03T12:00:00Z
2025-02-28,P00111,0,2025-03-31T12:00:00Z
2025-03-31,P00111,0,2025-05-01T12:00:00Z
2025-04-30,P00111,0,2025-05-31T12:00:00Z
2025-05-31,P00111,0,2025-07-01T12:00:00Z
2025-06-30,P00111,0,2025-07-31T12:00:00Z
2025-07-31,P00111,0,2025-08-31T12:00:00Z
2025-08-31,P00111,0,2025-10-01T12:00:00Z
2025-09-30,P00111,0,2025-10-31T12:00:00Z
2025-10-31,P00111,0,2025-12-01T12:00:00Z
2025-11-30,P00111,0,2025-12-31T12:00:00Z
2025-12-31,P00111,0,2026-01-31T12:00:00Z
2023-07-31,P00112,0,2023-08-31T12:00:00Z
2023-08-31,P00112,0,2023-10-01T12:00:00Z
2023-09-30,P00112,0,2023-10-31T12:00:00Z
2023-10-31,P00112,0,2023-12-01T12:00:00Z
2023-11-30,P00112,0,2023-12-31T12:00:00Z
2023-12-31,P00112,0,2024-01-31T12:00:00Z
2024-01-31,P00112,0,2024-03-02T12:00:00Z
2024-02-29,P00112,0,2024-03-31T12:00:00Z
2024-03-31,P00112,0,2024-05-01T12:00:00Z
2024-04-30,P00112,0,2024-05-31T12:00:00Z
2024-05-31,P00112,0,2024-07-01T12:00:00Z
2024-06-30,P00112,0,2024-07-31T12:00:00Z
2024-07-31,P00112,0,2024-08-31T12:00:00Z
2024-08-31,P00112,0,2024-10-01T12:00:00Z
2024-09-30,P00112,0,2024-10-31T12:00:00Z
2024-10-31,P00112,0,2024-12-01T12:00:00Z
2024-11-30,P00112,0,2024-12-31T12:00:00Z
2024-12-31,P00112,0,2025-01-31T12:00:00Z
2025-01-31,P00112,0,2025-03-03T12:00:00Z
2025-02-28,P00112,0,2025-03-31T12:00:00Z
2025-03-31,P00112,0,2025-05-01T12:00:00Z
2025-04-30,P00112,0,2025-05-31T12:00:00Z
2025-05-31,P00112,0,2025-07-01T12:00:00Z
2025-06-30,P00112,0,2025-07-31T12:00:00Z
2025-07-31,P00112,0,2025-08-31T12:00:00Z
2025-08-31,P00112,0,2025-10-01T12:00:00Z
2025-09-30,P00112,0,2025-10-31T12:00:00Z
2025-10-31,P00112,0,2025-12-01T12:00:00Z
2025-11-30,P00112,0,2025-12-31T12:00:00Z
2025-12-31,P00112,0,2026-01-31T12:00:00Z
2023-07-31,P00113,0,2023-08-31T12:00:00Z
2023-08-31,P00113,0,2023-10-01T12:00:00Z
2023-09-30,P00113,0,2023-10-31T12:00:00Z
2023-10-31,P00113,0,2023-12-01T12:00:00Z
2023-11-30,P00113,0,2023-12-31T12:00:00Z
2023-12-31,P00113,0,2024-01-31T12:00:00Z
2024-01-31,P00113,0,2024-03-02T12:00:00Z
2024-02-29,P00113,0,2024-03-31T12:00:00Z
2024-03-31,P00113,0,2024-05-01T12:00:00Z
2024-04-30,P00113,0,2024-05-31T12:00:00Z
2024-05-31,P00113,0,2024-07-01T12:00:00Z
2024-06-30,P00113,0,2024-07-31T12:00:00Z
2024-07-31,P00113,0,2024-08-31T12:00:00Z
2024-08-31,P00113,0,2024-10-01T12:00:00Z
2024-09-30,P00113,0,2024-10-31T12:00:00Z
2024-10-31,P00113,1,2024-12-01T12:00:00Z
2023-07-31,P00114,0,2023-08-31T12:00:00Z
2023-08-31,P00114,0,2023-10-01T12:00:00Z
2023-09-30,P00114,0,2023-10-31T12:00:00Z
2023-10-31,P00114,0,2023-12-01T12:00:00Z
2023-11-30,P00114,0,2023-12-31T12:00:00Z
2023-12-31,P00114,0,2024-01-31T12:00:00Z
2024-01-31,P00114,0,2024-03-02T12:00:00Z
2024-02-29,P00114,0,2024-03-31T12:00:00Z
2024-03-31,P00114,0,2024-05-01T12:00:00Z
2024-04-30,P00114,0,2024-05-31T12:00:00Z
2024-05-31,P00114,0,2024-07-01T12:00:00Z
2024-06-30,P00114,0,2024-07-31T12:00:00Z
2024-07-31,P00114,0,2024-08-31T12:00:00Z
2024-08-31,P00114,0,2024-10-01T12:00:00Z
2024-09-30,P00114,0,2024-10-31T12:00:00Z
2024-10-31,P00114,0,2024-12-01T12:00:00Z
2024-11-30,P00114,0,2024-12-31T12:00:00Z
2024-12-31,P00114,0,2025-01-31T12:00:00Z
2025-01-31,P00114,0,2025-03-03T12:00:00Z
2025-02-28,P00114,0,2025-03-31T12:00:00Z
2025-03-31,P00114,0,2025-05-01T12:00:00Z
2025-04-30,P00114,0,2025-05-31T12:00:00Z
2025-05-31,P00114,0,2025-07-01T12:00:00Z
2025-06-30,P00114,0,2025-07-31T12:00:00Z
2025-07-31,P00114,0,2025-08-31T12:00:00Z
2025-08-31,P00114,0,2025-10-01T12:00:00Z
2025-09-30,P00114,0,2025-10-31T12:00:00Z
2025-10-31,P00114,0,2025-12-01T12:00:00Z
2025-11-30,P00114,1,2025-12-31T12:00:00Z
2023-07-31,P00115,0,2023-08-31T12:00:00Z
2023-08-31,P00115,0,2023-10-01T12:00:00Z
2023-09-30,P00115,0,2023-10-31T12:00:00Z
2023-10-31,P00115,0,2023-12-01T12:00:00Z
2023-11-30,P00115,0,2023-12-31T12:00:00Z
2023-12-31,P00115,0,2024-01-31T12:00:00Z
2024-01-31,P00115,0,2024-03-02T12:00:00Z
2024-02-29,P00115,0,2024-03-31T12:00:00Z
2024-03-31,P00115,0,2024-05-01T12:00:00Z
2024-04-30,P00115,0,2024-05-31T12:00:00Z
2024-05-31,P00115,0,2024-07-01T12:00:00Z
2024-06-30,P00115,0,2024-07-31T12:00:00Z
2024-07-31,P00115,0,2024-08-31T12:00:00Z
2024-08-31,P00115,0,2024-10-01T12:00:00Z
2024-09-30,P00115,0,2024-10-31T12:00:00Z
2024-10-31,P00115,0,2024-12-01T12:00:00Z
2024-11-30,P00115,0,2024-12-31T12:00:00Z
2024-12-31,P00115,0,2025-01-31T12:00:00Z
2025-01-31,P00115,0,2025-03-03T12:00:00Z
2025-02-28,P00115,0,2025-03-31T12:00:00Z
2025-03-31,P00115,0,2025-05-01T12:00:00Z
2025-04-30,P00115,0,2025-05-31T12:00:00Z
2025-05-31,P00115,0,2025-07-01T12:00:00Z
2025-06-30,P00115,0,2025-07-31T12:00:00Z
2025-07-31,P00115,0,2025-08-31T12:00:00Z
2025-08-31,P00115,0,2025-10-01T12:00:00Z
2025-09-30,P00115,0,2025-10-31T12:00:00Z
2025-10-31,P00115,0,2025-12-01T12:00:00Z
2025-11-30,P00115,0,2025-12-31T12:00:00Z
2025-12-31,P00115,0,2026-01-31T12:00:00Z
2023-07-31,P00116,0,2023-08-31T12:00:00Z
2023-08-31,P00116,0,2023-10-01T12:00:00Z
2023-09-30,P00116,0,2023-10-31T12:00:00Z
2023-10-31,P00116,0,2023-12-01T12:00:00Z
2023-11-30,P00116,0,2023-12-31T12:00:00Z
2023-12-31,P00116,0,2024-01-31T12:00:00Z
2024-01-31,P00116,0,2024-03-02T12:00:00Z
2024-02-29,P00116,0,2024-03-31T12:00:00Z
2024-03-31,P00116,0,2024-05-01T12:00:00Z
2024-04-30,P00116,0,2024-05-31T12:00:00Z
2024-05-31,P00116,0,2024-07-01T12:00:00Z
2024-06-30,P00116,0,2024-07-31T12:00:00Z
2024-07-31,P00116,0,2024-08-31T12:00:00Z
2024-08-31,P00116,0,2024-10-01T12:00:00Z
2024-09-30,P00116,0,2024-10-31T12:00:00Z
2024-10-31,P00116,0,2024-12-01T12:00:00Z
2024-11-30,P00116,0,2024-12-31T12:00:00Z
2024-12-31,P00116,0,2025-01-31T12:00:00Z
2025-01-31,P00116,1,2025-03-03T12:00:00Z
2023-07-31,P00117,0,2023-08-31T12:00:00Z
2023-08-31,P00117,0,2023-10-01T12:00:00Z
2023-09-30,P00117,0,2023-10-31T12:00:00Z
2023-10-31,P00117,0,2023-12-01T12:00:00Z
2023-11-30,P00117,0,2023-12-31T12:00:00Z
2023-12-31,P00117,0,2024-01-31T12:00:00Z
2024-01-31,P00117,0,2024-03-02T12:00:00Z
2024-02-29,P00117,0,2024-03-31T12:00:00Z
2024-03-31,P00117,0,2024-05-01T12:00:00Z
2024-04-30,P00117,0,2024-05-31T12:00:00Z
2024-05-31,P00117,0,2024-07-01T12:00:00Z
2024-06-30,P00117,0,2024-07-31T12:00:00Z
2024-07-31,P00117,0,2024-08-31T12:00:00Z
2024-08-31,P00117,0,2024-10-01T12:00:00Z
2024-09-30,P00117,0,2024-10-31T12:00:00Z
2024-10-31,P00117,0,2024-12-01T12:00:00Z
2024-11-30,P00117,0,2024-12-31T12:00:00Z
2024-12-31,P00117,0,2025-01-31T12:00:00Z
2025-01-31,P00117,0,2025-03-03T12:00:00Z
2025-02-28,P00117,0,2025-03-31T12:00:00Z
2025-03-31,P00117,0,2025-05-01T12:00:00Z
2025-04-30,P00117,0,2025-05-31T12:00:00Z
2025-05-31,P00117,0,2025-07-01T12:00:00Z
2025-06-30,P00117,0,2025-07-31T12:00:00Z
2025-07-31,P00117,0,2025-08-31T12:00:00Z
2025-08-31,P00117,0,2025-10-01T12:00:00Z
2025-09-30,P00117,0,2025-10-31T12:00:00Z
2025-10-31,P00117,0,2025-12-01T12:00:00Z
2025-11-30,P00117,1,2025-12-31T12:00:00Z
2023-07-31,P00118,0,2023-08-31T12:00:00Z
2023-08-31,P00118,0,2023-10-01T12:00:00Z
2023-09-30,P00118,0,2023-10-31T12:00:00Z
2023-10-31,P00118,0,2023-12-01T12:00:00Z
2023-11-30,P00118,0,2023-12-31T12:00:00Z
2023-12-31,P00118,0,2024-01-31T12:00:00Z
2024-01-31,P00118,0,2024-03-02T12:00:00Z
2024-02-29,P00118,0,2024-03-31T12:00:00Z
2024-03-31,P00118,0,2024-05-01T12:00:00Z
2024-04-30,P00118,0,2024-05-31T12:00:00Z
2024-05-31,P00118,0,2024-07-01T12:00:00Z
2024-06-30,P00118,0,2024-07-31T12:00:00Z
2024-07-31,P00118,0,2024-08-31T12:00:00Z
2024-08-31,P00118,0,2024-10-01T12:00:00Z
2024-09-30,P00118,0,2024-10-31T12:00:00Z
2024-10-31,P00118,0,2024-12-01T12:00:00Z
2024-11-30,P00118,0,2024-12-31T12:00:00Z
2024-12-31,P00118,0,2025-01-31T12:00:00Z
2025-01-31,P00118,0,2025-03-03T12:00:00Z
2025-02-28,P00118,0,2025-03-31T12:00:00Z
2025-03-31,P00118,0,2025-05-01T12:00:00Z
2025-04-30,P00118,0,2025-05-31T12:00:00Z
2025-05-31,P00118,0,2025-07-01T12:00:00Z
2025-06-30,P00118,0,2025-07-31T12:00:00Z
2025-07-31,P00118,0,2025-08-31T12:00:00Z
2025-08-31,P00118,0,2025-10-01T12:00:00Z
2025-09-30,P00118,0,2025-10-31T12:00:00Z
2025-10-31,P00118,0,2025-12-01T12:00:00Z
2025-11-30,P00118,0,2025-12-31T12:00:00Z
2025-12-31,P00118,0,2026-01-31T12:00:00Z
2023-07-31,P00119,0,2023-08-31T12:00:00Z
2023-08-31,P00119,0,2023-10-01T12:00:00Z
2023-09-30,P00119,0,2023-10-31T12:00:00Z
2023-10-31,P00119,0,2023-12-01T12:00:00Z
2023-11-30,P00119,0,2023-12-31T12:00:00Z
2023-12-31,P00119,0,2024-01-31T12:00:00Z
2024-01-31,P00119,0,2024-03-02T12:00:00Z
2024-02-29,P00119,0,2024-03-31T12:00:00Z
2024-03-31,P00119,0,2024-05-01T12:00:00Z
2024-04-30,P00119,0,2024-05-31T12:00:00Z
2024-05-31,P00119,0,2024-07-01T12:00:00Z
2024-06-30,P00119,0,2024-07-31T12:00:00Z
2024-07-31,P00119,0,2024-08-31T12:00:00Z
2024-08-31,P00119,0,2024-10-01T12:00:00Z
2024-09-30,P00119,0,2024-10-31T12:00:00Z
2024-10-31,P00119,1,2024-12-01T12:00:00Z
2023-07-31,P00120,0,2023-08-31T12:00:00Z
2023-08-31,P00120,0,2023-10-01T12:00:00Z
2023-09-30,P00120,0,2023-10-31T12:00:00Z
2023-10-31,P00120,0,2023-12-01T12:00:00Z
2023-11-30,P00120,0,2023-12-31T12:00:00Z
2023-12-31,P00120,0,2024-01-31T12:00:00Z
2024-01-31,P00120,0,2024-03-02T12:00:00Z
2024-02-29,P00120,0,2024-03-31T12:00:00Z
2024-03-31,P00120,0,2024-05-01T12:00:00Z
2024-04-30,P00120,0,2024-05-31T12:00:00Z
2024-05-31,P00120,0,2024-07-01T12:00:00Z
2024-06-30,P00120,0,2024-07-31T12:00:00Z
2024-07-31,P00120,0,2024-08-31T12:00:00Z
2024-08-31,P00120,1,2024-10-01T12:00:00Z
2023-07-31,P00121,0,2023-08-31T12:00:00Z
2023-08-31,P00121,0,2023-10-01T12:00:00Z
2023-09-30,P00121,0,2023-10-31T12:00:00Z
2023-10-31,P00121,0,2023-12-01T12:00:00Z
2023-11-30,P00121,0,2023-12-31T12:00:00Z
2023-12-31,P00121,0,2024-01-31T12:00:00Z
2024-01-31,P00121,0,2024-03-02T12:00:00Z
2024-02-29,P00121,0,2024-03-31T12:00:00Z
2024-03-31,P00121,0,2024-05-01T12:00:00Z
2024-04-30,P00121,0,2024-05-31T12:00:00Z
2024-05-31,P00121,0,2024-07-01T12:00:00Z
2024-06-30,P00121,0,2024-07-31T12:00:00Z
2024-07-31,P00121,0,2024-08-31T12:00:00Z
2024-08-31,P00121,0,2024-10-01T12:00:00Z
2024-09-30,P00121,0,2024-10-31T12:00:00Z
2024-10-31,P00121,0,2024-12-01T12:00:00Z
2024-11-30,P00121,0,2024-12-31T12:00:00Z
2024-12-31,P00121,0,2025-01-31T12:00:00Z
2025-01-31,P00121,0,2025-03-03T12:00:00Z
2025-02-28,P00121,0,2025-03-31T12:00:00Z
2025-03-31,P00121,0,2025-05-01T12:00:00Z
2025-04-30,P00121,0,2025-05-31T12:00:00Z
2025-05-31,P00121,0,2025-07-01T12:00:00Z
2025-06-30,P00121,0,2025-07-31T12:00:00Z
2025-07-31,P00121,0,2025-08-31T12:00:00Z
2025-08-31,P00121,0,2025-10-01T12:00:00Z
2025-09-30,P00121,0,2025-10-31T12:00:00Z
2025-10-31,P00121,0,2025-12-01T12:00:00Z
2025-11-30,P00121,0,2025-12-31T12:00:00Z
2025-12-31,P00121,0,2026-01-31T12:00:00Z
2023-07-31,P00122,0,2023-08-31T12:00:00Z
2023-08-31,P00122,0,2023-10-01T12:00:00Z
2023-09-30,P00122,0,2023-10-31T12:00:00Z
2023-10-31,P00122,0,2023-12-01T12:00:00Z
2023-11-30,P00122,0,2023-12-31T12:00:00Z
2023-12-31,P00122,0,2024-01-31T12:00:00Z
2024-01-31,P00122,0,2024-03-02T12:00:00Z
2024-02-29,P00122,0,2024-03-31T12:00:00Z
2024-03-31,P00122,0,2024-05-01T12:00:00Z
2024-04-30,P00122,0,2024-05-31T12:00:00Z
2024-05-31,P00122,0,2024-07-01T12:00:00Z
2024-06-30,P00122,0,2024-07-31T12:00:00Z
2024-07-31,P00122,0,2024-08-31T12:00:00Z
2024-08-31,P00122,0,2024-10-01T12:00:00Z
2024-09-30,P00122,0,2024-10-31T12:00:00Z
2024-10-31,P00122,0,2024-12-01T12:00:00Z
2024-11-30,P00122,0,2024-12-31T12:00:00Z
2024-12-31,P00122,0,2025-01-31T12:00:00Z
2025-01-31,P00122,0,2025-03-03T12:00:00Z
2025-02-28,P00122,0,2025-03-31T12:00:00Z
2025-03-31,P00122,0,2025-05-01T12:00:00Z
2025-04-30,P00122,0,2025-05-31T12:00:00Z
2025-05-31,P00122,0,2025-07-01T12:00:00Z
2025-06-30,P00122,0,2025-07-31T12:00:00Z
2025-07-31,P00122,0,2025-08-31T12:00:00Z
2025-08-31,P00122,0,2025-10-01T12:00:00Z
2025-09-30,P00122,0,2025-10-31T12:00:00Z
2025-10-31,P00122,0,2025-12-01T12:00:00Z
2025-11-30,P00122,0,2025-12-31T12:00:00Z
2025-12-31,P00122,0,2026-01-31T12:00:00Z
2023-07-31,P00123,0,2023-08-31T12:00:00Z
2023-08-31,P00123,0,2023-10-01T12:00:00Z
2023-09-30,P00123,0,2023-10-31T12:00:00Z
2023-10-31,P00123,0,2023-12-01T12:00:00Z
2023-11-30,P00123,0,2023-12-31T12:00:00Z
2023-12-31,P00123,0,2024-01-31T12:00:00Z
2024-01-31,P00123,0,2024-03-02T12:00:00Z
2024-02-29,P00123,0,2024-03-31T12:00:00Z
2024-03-31,P00123,0,2024-05-01T12:00:00Z
2024-04-30,P00123,0,2024-05-31T12:00:00Z
2024-05-31,P00123,0,2024-07-01T12:00:00Z
2024-06-30,P00123,1,2024-07-31T12:00:00Z
2023-07-31,P00124,0,2023-08-31T12:00:00Z
2023-08-31,P00124,0,2023-10-01T12:00:00Z
2023-09-30,P00124,0,2023-10-31T12:00:00Z
2023-10-31,P00124,0,2023-12-01T12:00:00Z
2023-11-30,P00124,0,2023-12-31T12:00:00Z
2023-12-31,P00124,0,2024-01-31T12:00:00Z
2024-01-31,P00124,0,2024-03-02T12:00:00Z
2024-02-29,P00124,0,2024-03-31T12:00:00Z
2024-03-31,P00124,0,2024-05-01T12:00:00Z
2024-04-30,P00124,0,2024-05-31T12:00:00Z
2024-05-31,P00124,0,2024-07-01T12:00:00Z
2024-06-30,P00124,0,2024-07-31T12:00:00Z
2024-07-31,P00124,0,2024-08-31T12:00:00Z
2024-08-31,P00124,0,2024-10-01T12:00:00Z
2024-09-30,P00124,0,2024-10-31T12:00:00Z
2024-10-31,P00124,0,2024-12-01T12:00:00Z
2024-11-30,P00124,0,2024-12-31T12:00:00Z
2024-12-31,P00124,0,2025-01-31T12:00:00Z
2025-01-31,P00124,0,2025-03-03T12:00:00Z
2025-02-28,P00124,0,2025-03-31T12:00:00Z
2025-03-31,P00124,0,2025-05-01T12:00:00Z
2025-04-30,P00124,0,2025-05-31T12:00:00Z
2025-05-31,P00124,0,2025-07-01T12:00:00Z
2025-06-30,P00124,0,2025-07-31T12:00:00Z
2025-07-31,P00124,0,2025-08-31T12:00:00Z
2025-08-31,P00124,0,2025-10-01T12:00:00Z
2025-09-30,P00124,0,2025-10-31T12:00:00Z
2025-10-31,P00124,0,2025-12-01T12:00:00Z
2025-11-30,P00124,0,2025-12-31T12:00:00Z
2025-12-31,P00124,0,2026-01-31T12:00:00Z
2023-07-31,P00125,0,2023-08-31T12:00:00Z
2023-08-31,P00125,0,2023-10-01T12:00:00Z
2023-09-30,P00125,0,2023-10-31T12:00:00Z
2023-10-31,P00125,0,2023-12-01T12:00:00Z
2023-11-30,P00125,0,2023-12-31T12:00:00Z
2023-12-31,P00125,0,2024-01-31T12:00:00Z
2024-01-31,P00125,0,2024-03-02T12:00:00Z
2024-02-29,P00125,0,2024-03-31T12:00:00Z
2024-03-31,P00125,0,2024-05-01T12:00:00Z
2024-04-30,P00125,0,2024-05-31T12:00:00Z
2024-05-31,P00125,0,2024-07-01T12:00:00Z
2024-06-30,P00125,0,2024-07-31T12:00:00Z
2024-07-31,P00125,0,2024-08-31T12:00:00Z
2024-08-31,P00125,0,2024-10-01T12:00:00Z
2024-09-30,P00125,0,2024-10-31T12:00:00Z
2024-10-31,P00125,0,2024-12-01T12:00:00Z
2024-11-30,P00125,0,2024-12-31T12:00:00Z
2024-12-31,P00125,0,2025-01-31T12:00:00Z
2025-01-31,P00125,0,2025-03-03T12:00:00Z
2025-02-28,P00125,0,2025-03-31T12:00:00Z
2025-03-31,P00125,0,2025-05-01T12:00:00Z
2025-04-30,P00125,0,2025-05-31T12:00:00Z
2025-05-31,P00125,0,2025-07-01T12:00:00Z
2025-06-30,P00125,0,2025-07-31T12:00:00Z
2025-07-31,P00125,0,2025-08-31T12:00:00Z
2025-08-31,P00125,0,2025-10-01T12:00:00Z
2025-09-30,P00125,0,2025-10-31T12:00:00Z
2025-10-31,P00125,0,2025-12-01T12:00:00Z
2025-11-30,P00125,0,2025-12-31T12:00:00Z
2025-12-31,P00125,0,2026-01-31T12:00:00Z
2023-07-31,P00126,0,2023-08-31T12:00:00Z
2023-08-31,P00126,0,2023-10-01T12:00:00Z
2023-09-30,P00126,0,2023-10-31T12:00:00Z
2023-10-31,P00126,0,2023-12-01T12:00:00Z
2023-11-30,P00126,0,2023-12-31T12:00:00Z
2023-12-31,P00126,0,2024-01-31T12:00:00Z
2024-01-31,P00126,0,2024-03-02T12:00:00Z
2024-02-29,P00126,0,2024-03-31T12:00:00Z
2024-03-31,P00126,0,2024-05-01T12:00:00Z
2024-04-30,P00126,0,2024-05-31T12:00:00Z
2024-05-31,P00126,0,2024-07-01T12:00:00Z
2024-06-30,P00126,0,2024-07-31T12:00:00Z
2024-07-31,P00126,0,2024-08-31T12:00:00Z
2024-08-31,P00126,0,2024-10-01T12:00:00Z
2024-09-30,P00126,0,2024-10-31T12:00:00Z
2024-10-31,P00126,0,2024-12-01T12:00:00Z
2024-11-30,P00126,0,2024-12-31T12:00:00Z
2024-12-31,P00126,0,2025-01-31T12:00:00Z
2025-01-31,P00126,0,2025-03-03T12:00:00Z
2025-02-28,P00126,0,2025-03-31T12:00:00Z
2025-03-31,P00126,0,2025-05-01T12:00:00Z
2025-04-30,P00126,0,2025-05-31T12:00:00Z
2025-05-31,P00126,0,2025-07-01T12:00:00Z
2025-06-30,P00126,0,2025-07-31T12:00:00Z
2025-07-31,P00126,0,2025-08-31T12:00:00Z
2025-08-31,P00126,0,2025-10-01T12:00:00Z
2025-09-30,P00126,0,2025-10-31T12:00:00Z
2025-10-31,P00126,0,2025-12-01T12:00:00Z
2025-11-30,P00126,0,2025-12-31T12:00:00Z
2025-12-31,P00126,0,2026-01-31T12:00:00Z
2023-07-31,P00127,0,2023-08-31T12:00:00Z
2023-08-31,P00127,0,2023-10-01T12:00:00Z
2023-09-30,P00127,0,2023-10-31T12:00:00Z
2023-10-31,P00127,0,2023-12-01T12:00:00Z
2023-11-30,P00127,0,2023-12-31T12:00:00Z
2023-12-31,P00127,0,2024-01-31T12:00:00Z
2024-01-31,P00127,0,2024-03-02T12:00:00Z
2024-02-29,P00127,0,2024-03-31T12:00:00Z
2024-03-31,P00127,0,2024-05-01T12:00:00Z
2024-04-30,P00127,0,2024-05-31T12:00:00Z
2024-05-31,P00127,0,2024-07-01T12:00:00Z
2024-06-30,P00127,0,2024-07-31T12:00:00Z
2024-07-31,P00127,0,2024-08-31T12:00:00Z
2024-08-31,P00127,0,2024-10-01T12:00:00Z
2024-09-30,P00127,0,2024-10-31T12:00:00Z
2024-10-31,P00127,0,2024-12-01T12:00:00Z
2024-11-30,P00127,0,2024-12-31T12:00:00Z
2024-12-31,P00127,0,2025-01-31T12:00:00Z
2025-01-31,P00127,0,2025-03-03T12:00:00Z
2025-02-28,P00127,0,2025-03-31T12:00:00Z
2025-03-31,P00127,0,2025-05-01T12:00:00Z
2025-04-30,P00127,0,2025-05-31T12:00:00Z
2025-05-31,P00127,0,2025-07-01T12:00:00Z
2025-06-30,P00127,0,2025-07-31T12:00:00Z
2025-07-31,P00127,0,2025-08-31T12:00:00Z
2025-08-31,P00127,0,2025-10-01T12:00:00Z
2025-09-30,P00127,0,2025-10-31T12:00:00Z
2025-10-31,P00127,0,2025-12-01T12:00:00Z
2025-11-30,P00127,0,2025-12-31T12:00:00Z
2025-12-31,P00127,0,2026-01-31T12:00:00Z
2023-07-31,P00128,0,2023-08-31T12:00:00Z
2023-08-31,P00128,0,2023-10-01T12:00:00Z
2023-09-30,P00128,0,2023-10-31T12:00:00Z
2023-10-31,P00128,0,2023-12-01T12:00:00Z
2023-11-30,P00128,0,2023-12-31T12:00:00Z
2023-12-31,P00128,0,2024-01-31T12:00:00Z
2024-01-31,P00128,0,2024-03-02T12:00:00Z
2024-02-29,P00128,0,2024-03-31T12:00:00Z
2024-03-31,P00128,0,2024-05-01T12:00:00Z
2024-04-30,P00128,0,2024-05-31T12:00:00Z
2024-05-31,P00128,0,2024-07-01T12:00:00Z
2024-06-30,P00128,0,2024-07-31T12:00:00Z
2024-07-31,P00128,0,2024-08-31T12:00:00Z
2024-08-31,P00128,0,2024-10-01T12:00:00Z
2024-09-30,P00128,0,2024-10-31T12:00:00Z
2024-10-31,P00128,0,2024-12-01T12:00:00Z
2024-11-30,P00128,0,2024-12-31T12:00:00Z
2024-12-31,P00128,0,2025-01-31T12:00:00Z
2025-01-31,P00128,0,2025-03-03T12:00:00Z
2025-02-28,P00128,0,2025-03-31T12:00:00Z
2025-03-31,P00128,1,2025-05-01T12:00:00Z
2023-07-31,P00129,0,2023-08-31T12:00:00Z
2023-08-31,P00129,0,2023-10-01T12:00:00Z
2023-09-30,P00129,0,2023-10-31T12:00:00Z
2023-10-31,P00129,0,2023-12-01T12:00:00Z
2023-11-30,P00129,0,2023-12-31T12:00:00Z
2023-12-31,P00129,0,2024-01-31T12:00:00Z
2024-01-31,P00129,0,2024-03-02T12:00:00Z
2024-02-29,P00129,0,2024-03-31T12:00:00Z
2024-03-31,P00129,0,2024-05-01T12:00:00Z
2024-04-30,P00129,0,2024-05-31T12:00:00Z
2024-05-31,P00129,0,2024-07-01T12:00:00Z
2024-06-30,P00129,0,2024-07-31T12:00:00Z
2024-07-31,P00129,0,2024-08-31T12:00:00Z
2024-08-31,P00129,1,2024-10-01T12:00:00Z
2023-07-31,P00130,0,2023-08-31T12:00:00Z
2023-08-31,P00130,0,2023-10-01T12:00:00Z
2023-09-30,P00130,0,2023-10-31T12:00:00Z
2023-10-31,P00130,0,2023-12-01T12:00:00Z
2023-11-30,P00130,0,2023-12-31T12:00:00Z
2023-12-31,P00130,0,2024-01-31T12:00:00Z
2024-01-31,P00130,0,2024-03-02T12:00:00Z
2024-02-29,P00130,0,2024-03-31T12:00:00Z
2024-03-31,P00130,0,2024-05-01T12:00:00Z
2024-04-30,P00130,0,2024-05-31T12:00:00Z
2024-05-31,P00130,0,2024-07-01T12:00:00Z
2024-06-30,P00130,0,2024-07-31T12:00:00Z
2024-07-31,P00130,0,2024-08-31T12:00:00Z
2024-08-31,P00130,0,2024-10-01T12:00:00Z
2024-09-30,P00130,0,2024-10-31T12:00:00Z
2024-10-31,P00130,0,2024-12-01T12:00:00Z
2024-11-30,P00130,0,2024-12-31T12:00:00Z
2024-12-31,P00130,0,2025-01-31T12:00:00Z
2025-01-31,P00130,0,2025-03-03T12:00:00Z
2025-02-28,P00130,0,2025-03-31T12:00:00Z
2025-03-31,P00130,0,2025-05-01T12:00:00Z
2025-04-30,P00130,0,2025-05-31T12:00:00Z
2025-05-31,P00130,0,2025-07-01T12:00:00Z
2025-06-30,P00130,0,2025-07-31T12:00:00Z
2025-07-31,P00130,0,2025-08-31T12:00:00Z
2025-08-31,P00130,0,2025-10-01T12:00:00Z
2025-09-30,P00130,0,2025-10-31T12:00:00Z
2025-10-31,P00130,0,2025-12-01T12:00:00Z
2025-11-30,P00130,0,2025-12-31T12:00:00Z
2025-12-31,P00130,0,2026-01-31T12:00:00Z
2023-07-31,P00131,0,2023-08-31T12:00:00Z
2023-08-31,P00131,0,2023-10-01T12:00:00Z
2023-09-30,P00131,0,2023-10-31T12:00:00Z
2023-10-31,P00131,0,2023-12-01T12:00:00Z
2023-11-30,P00131,0,2023-12-31T12:00:00Z
2023-12-31,P00131,0,2024-01-31T12:00:00Z
2024-01-31,P00131,0,2024-03-02T12:00:00Z
2024-02-29,P00131,0,2024-03-31T12:00:00Z
2024-03-31,P00131,0,2024-05-01T12:00:00Z
2024-04-30,P00131,0,2024-05-31T12:00:00Z
2024-05-31,P00131,0,2024-07-01T12:00:00Z
2024-06-30,P00131,0,2024-07-31T12:00:00Z
2024-07-31,P00131,0,2024-08-31T12:00:00Z
2024-08-31,P00131,0,2024-10-01T12:00:00Z
2024-09-30,P00131,0,2024-10-31T12:00:00Z
2024-10-31,P00131,0,2024-12-01T12:00:00Z
2024-11-30,P00131,0,2024-12-31T12:00:00Z
2024-12-31,P00131,0,2025-01-31T12:00:00Z
2025-01-31,P00131,0,2025-03-03T12:00:00Z
2025-02-28,P00131,0,2025-03-31T12:00:00Z
2025-03-31,P00131,0,2025-05-01T12:00:00Z
2025-04-30,P00131,1,2025-05-31T12:00:00Z
2023-07-31,P00132,0,2023-08-31T12:00:00Z
2023-08-31,P00132,0,2023-10-01T12:00:00Z
2023-09-30,P00132,0,2023-10-31T12:00:00Z
2023-10-31,P00132,0,2023-12-01T12:00:00Z
2023-11-30,P00132,0,2023-12-31T12:00:00Z
2023-12-31,P00132,0,2024-01-31T12:00:00Z
2024-01-31,P00132,0,2024-03-02T12:00:00Z
2024-02-29,P00132,0,2024-03-31T12:00:00Z
2024-03-31,P00132,0,2024-05-01T12:00:00Z
2024-04-30,P00132,0,2024-05-31T12:00:00Z
2024-05-31,P00132,0,2024-07-01T12:00:00Z
2024-06-30,P00132,0,2024-07-31T12:00:00Z
2024-07-31,P00132,0,2024-08-31T12:00:00Z
2024-08-31,P00132,0,2024-10-01T12:00:00Z
2024-09-30,P00132,0,2024-10-31T12:00:00Z
2024-10-31,P00132,0,2024-12-01T12:00:00Z
2024-11-30,P00132,0,2024-12-31T12:00:00Z
2024-12-31,P00132,0,2025-01-31T12:00:00Z
2025-01-31,P00132,1,2025-03-03T12:00:00Z
2023-07-31,P00133,0,2023-08-31T12:00:00Z
2023-08-31,P00133,0,2023-10-01T12:00:00Z
2023-09-30,P00133,0,2023-10-31T12:00:00Z
2023-10-31,P00133,0,2023-12-01T12:00:00Z
2023-11-30,P00133,0,2023-12-31T12:00:00Z
2023-12-31,P00133,0,2024-01-31T12:00:00Z
2024-01-31,P00133,0,2024-03-02T12:00:00Z
2024-02-29,P00133,0,2024-03-31T12:00:00Z
2024-03-31,P00133,0,2024-05-01T12:00:00Z
2024-04-30,P00133,0,2024-05-31T12:00:00Z
2024-05-31,P00133,0,2024-07-01T12:00:00Z
2024-06-30,P00133,0,2024-07-31T12:00:00Z
2024-07-31,P00133,0,2024-08-31T12:00:00Z
2024-08-31,P00133,0,2024-10-01T12:00:00Z
2024-09-30,P00133,0,2024-10-31T12:00:00Z
2024-10-31,P00133,0,2024-12-01T12:00:00Z
2024-11-30,P00133,0,2024-12-31T12:00:00Z
2024-12-31,P00133,0,2025-01-31T12:00:00Z
2025-01-31,P00133,0,2025-03-03T12:00:00Z
2025-02-28,P00133,1,2025-03-31T12:00:00Z
2023-07-31,P00134,0,2023-08-31T12:00:00Z
2023-08-31,P00134,0,2023-10-01T12:00:00Z
2023-09-30,P00134,0,2023-10-31T12:00:00Z
2023-10-31,P00134,0,2023-12-01T12:00:00Z
2023-11-30,P00134,0,2023-12-31T12:00:00Z
2023-12-31,P00134,0,2024-01-31T12:00:00Z
2024-01-31,P00134,0,2024-03-02T12:00:00Z
2024-02-29,P00134,0,2024-03-31T12:00:00Z
2024-03-31,P00134,0,2024-05-01T12:00:00Z
2024-04-30,P00134,0,2024-05-31T12:00:00Z
2024-05-31,P00134,1,2024-07-01T12:00:00Z
2023-07-31,P00135,0,2023-08-31T12:00:00Z
2023-08-31,P00135,0,2023-10-01T12:00:00Z
2023-09-30,P00135,0,2023-10-31T12:00:00Z
2023-10-31,P00135,0,2023-12-01T12:00:00Z
2023-11-30,P00135,0,2023-12-31T12:00:00Z
2023-12-31,P00135,0,2024-01-31T12:00:00Z
2024-01-31,P00135,0,2024-03-02T12:00:00Z
2024-02-29,P00135,0,2024-03-31T12:00:00Z
2024-03-31,P00135,0,2024-05-01T12:00:00Z
2024-04-30,P00135,0,2024-05-31T12:00:00Z
2024-05-31,P00135,0,2024-07-01T12:00:00Z
2024-06-30,P00135,0,2024-07-31T12:00:00Z
2024-07-31,P00135,0,2024-08-31T12:00:00Z
2024-08-31,P00135,0,2024-10-01T12:00:00Z
2024-09-30,P00135,0,2024-10-31T12:00:00Z
2024-10-31,P00135,0,2024-12-01T12:00:00Z
2024-11-30,P00135,0,2024-12-31T12:00:00Z
2024-12-31,P00135,0,2025-01-31T12:00:00Z
2025-01-31,P00135,0,2025-03-03T12:00:00Z
2025-02-28,P00135,0,2025-03-31T12:00:00Z
2025-03-31,P00135,0,2025-05-01T12:00:00Z
2025-04-30,P00135,0,2025-05-31T12:00:00Z
2025-05-31,P00135,0,2025-07-01T12:00:00Z
2025-06-30,P00135,0,2025-07-31T12:00:00Z
2025-07-31,P00135,0,2025-08-31T12:00:00Z
2025-08-31,P00135,0,2025-10-01T12:00:00Z
2025-09-30,P00135,0,2025-10-31T12:00:00Z
2025-10-31,P00135,0,2025-12-01T12:00:00Z
2025-11-30,P00135,0,2025-12-31T12:00:00Z
2025-12-31,P00135,0,2026-01-31T12:00:00Z
2023-07-31,P00136,0,2023-08-31T12:00:00Z
2023-08-31,P00136,0,2023-10-01T12:00:00Z
2023-09-30,P00136,0,2023-10-31T12:00:00Z
2023-10-31,P00136,0,2023-12-01T12:00:00Z
2023-11-30,P00136,0,2023-12-31T12:00:00Z
2023-12-31,P00136,0,2024-01-31T12:00:00Z
2024-01-31,P00136,0,2024-03-02T12:00:00Z
2024-02-29,P00136,0,2024-03-31T12:00:00Z
2024-03-31,P00136,0,2024-05-01T12:00:00Z
2024-04-30,P00136,0,2024-05-31T12:00:00Z
2024-05-31,P00136,0,2024-07-01T12:00:00Z
2024-06-30,P00136,0,2024-07-31T12:00:00Z
2024-07-31,P00136,0,2024-08-31T12:00:00Z
2024-08-31,P00136,0,2024-10-01T12:00:00Z
2024-09-30,P00136,0,2024-10-31T12:00:00Z
2024-10-31,P00136,0,2024-12-01T12:00:00Z
2024-11-30,P00136,0,2024-12-31T12:00:00Z
2024-12-31,P00136,0,2025-01-31T12:00:00Z
2025-01-31,P00136,1,2025-03-03T12:00:00Z
2023-07-31,P00137,0,2023-08-31T12:00:00Z
2023-08-31,P00137,0,2023-10-01T12:00:00Z
2023-09-30,P00137,0,2023-10-31T12:00:00Z
2023-10-31,P00137,0,2023-12-01T12:00:00Z
2023-11-30,P00137,0,2023-12-31T12:00:00Z
2023-12-31,P00137,0,2024-01-31T12:00:00Z
2024-01-31,P00137,0,2024-03-02T12:00:00Z
2024-02-29,P00137,0,2024-03-31T12:00:00Z
2024-03-31,P00137,0,2024-05-01T12:00:00Z
2024-04-30,P00137,0,2024-05-31T12:00:00Z
2024-05-31,P00137,0,2024-07-01T12:00:00Z
2024-06-30,P00137,0,2024-07-31T12:00:00Z
2024-07-31,P00137,0,2024-08-31T12:00:00Z
2024-08-31,P00137,0,2024-10-01T12:00:00Z
2024-09-30,P00137,0,2024-10-31T12:00:00Z
2024-10-31,P00137,0,2024-12-01T12:00:00Z
2024-11-30,P00137,0,2024-12-31T12:00:00Z
2024-12-31,P00137,0,2025-01-31T12:00:00Z
2025-01-31,P00137,0,2025-03-03T12:00:00Z
2025-02-28,P00137,0,2025-03-31T12:00:00Z
2025-03-31,P00137,0,2025-05-01T12:00:00Z
2025-04-30,P00137,0,2025-05-31T12:00:00Z
2025-05-31,P00137,0,2025-07-01T12:00:00Z
2025-06-30,P00137,0,2025-07-31T12:00:00Z
2025-07-31,P00137,0,2025-08-31T12:00:00Z
2025-08-31,P00137,0,2025-10-01T12:00:00Z
2025-09-30,P00137,0,2025-10-31T12:00:00Z
2025-10-31,P00137,0,2025-12-01T12:00:00Z
2025-11-30,P00137,0,2025-12-31T12:00:00Z
2025-12-31,P00137,0,2026-01-31T12:00:00Z
2023-07-31,P00138,0,2023-08-31T12:00:00Z
2023-08-31,P00138,0,2023-10-01T12:00:00Z
2023-09-30,P00138,0,2023-10-31T12:00:00Z
2023-10-31,P00138,0,2023-12-01T12:00:00Z
2023-11-30,P00138,0,2023-12-31T12:00:00Z
2023-12-31,P00138,0,2024-01-31T12:00:00Z
2024-01-31,P00138,0,2024-03-02T12:00:00Z
2024-02-29,P00138,0,2024-03-31T12:00:00Z
2024-03-31,P00138,0,2024-05-01T12:00:00Z
2024-04-30,P00138,0,2024-05-31T12:00:00Z
2024-05-31,P00138,0,2024-07-01T12:00:00Z
2024-06-30,P00138,0,2024-07-31T12:00:00Z
2024-07-31,P00138,0,2024-08-31T12:00:00Z
2024-08-31,P00138,0,2024-10-01T12:00:00Z
2024-09-30,P00138,0,2024-10-31T12:00:00Z
2024-10-31,P00138,0,2024-12-01T12:00:00Z
2024-11-30,P00138,0,2024-12-31T12:00:00Z
2024-12-31,P00138,0,2025-01-31T12:00:00Z
2025-01-31,P00138,0,2025-03-03T12:00:00Z
2025-02-28,P00138,0,2025-03-31T12:00:00Z
2025-03-31,P00138,0,2025-05-01T12:00:00Z
2025-04-30,P00138,0,2025-05-31T12:00:00Z
2025-05-31,P00138,0,2025-07-01T12:00:00Z
2025-06-30,P00138,0,2025-07-31T12:00:00Z
2025-07-31,P00138,0,2025-08-31T12:00:00Z
2025-08-31,P00138,0,2025-10-01T12:00:00Z
2025-09-30,P00138,0,2025-10-31T12:00:00Z
2025-10-31,P00138,0,2025-12-01T12:00:00Z
2025-11-30,P00138,0,2025-12-31T12:00:00Z
2025-12-31,P00138,0,2026-01-31T12:00:00Z
2023-07-31,P00139,0,2023-08-31T12:00:00Z
2023-08-31,P00139,0,2023-10-01T12:00:00Z
2023-09-30,P00139,0,2023-10-31T12:00:00Z
2023-10-31,P00139,0,2023-12-01T12:00:00Z
2023-11-30,P00139,0,2023-12-31T12:00:00Z
2023-12-31,P00139,0,2024-01-31T12:00:00Z
2024-01-31,P00139,0,2024-03-02T12:00:00Z
2024-02-29,P00139,0,2024-03-31T12:00:00Z
2024-03-31,P00139,0,2024-05-01T12:00:00Z
2024-04-30,P00139,0,2024-05-31T12:00:00Z
2024-05-31,P00139,0,2024-07-01T12:00:00Z
2024-06-30,P00139,0,2024-07-31T12:00:00Z
2024-07-31,P00139,0,2024-08-31T12:00:00Z
2024-08-31,P00139,0,2024-10-01T12:00:00Z
2024-09-30,P00139,0,2024-10-31T12:00:00Z
2024-10-31,P00139,0,2024-12-01T12:00:00Z
2024-11-30,P00139,0,2024-12-31T12:00:00Z
2024-12-31,P00139,0,2025-01-31T12:00:00Z
2025-01-31,P00139,0,2025-03-03T12:00:00Z
2025-02-28,P00139,0,2025-03-31T12:00:00Z
2025-03-31,P00139,0,2025-05-01T12:00:00Z
2025-04-30,P00139,0,2025-05-31T12:00:00Z
2025-05-31,P00139,0,2025-07-01T12:00:00Z
2025-06-30,P00139,0,2025-07-31T12:00:00Z
2025-07-31,P00139,0,2025-08-31T12:00:00Z
2025-08-31,P00139,0,2025-10-01T12:00:00Z
2025-09-30,P00139,0,2025-10-31T12:00:00Z
2025-10-31,P00139,0,2025-12-01T12:00:00Z
2025-11-30,P00139,0,2025-12-31T12:00:00Z
2025-12-31,P00139,0,2026-01-31T12:00:00Z
2023-07-31,P00140,0,2023-08-31T12:00:00Z
2023-08-31,P00140,0,2023-10-01T12:00:00Z
2023-09-30,P00140,0,2023-10-31T12:00:00Z
2023-10-31,P00140,0,2023-12-01T12:00:00Z
2023-11-30,P00140,0,2023-12-31T12:00:00Z
2023-12-31,P00140,0,2024-01-31T12:00:00Z
2024-01-31,P00140,0,2024-03-02T12:00:00Z
2024-02-29,P00140,0,2024-03-31T12:00:00Z
2024-03-31,P00140,0,2024-05-01T12:00:00Z
2024-04-30,P00140,0,2024-05-31T12:00:00Z
2024-05-31,P00140,0,2024-07-01T12:00:00Z
2024-06-30,P00140,0,2024-07-31T12:00:00Z
2024-07-31,P00140,1,2024-08-31T12:00:00Z
2023-07-31,P00141,0,2023-08-31T12:00:00Z
2023-08-31,P00141,0,2023-10-01T12:00:00Z
2023-09-30,P00141,0,2023-10-31T12:00:00Z
2023-10-31,P00141,0,2023-12-01T12:00:00Z
2023-11-30,P00141,0,2023-12-31T12:00:00Z
2023-12-31,P00141,0,2024-01-31T12:00:00Z
2024-01-31,P00141,0,2024-03-02T12:00:00Z
2024-02-29,P00141,0,2024-03-31T12:00:00Z
2024-03-31,P00141,0,2024-05-01T12:00:00Z
2024-04-30,P00141,0,2024-05-31T12:00:00Z
2024-05-31,P00141,0,2024-07-01T12:00:00Z
2024-06-30,P00141,0,2024-07-31T12:00:00Z
2024-07-31,P00141,0,2024-08-31T12:00:00Z
2024-08-31,P00141,0,2024-10-01T12:00:00Z
2024-09-30,P00141,0,2024-10-31T12:00:00Z
2024-10-31,P00141,0,2024-12-01T12:00:00Z
2024-11-30,P00141,0,2024-12-31T12:00:00Z
2024-12-31,P00141,0,2025-01-31T12:00:00Z
2025-01-31,P00141,0,2025-03-03T12:00:00Z
2025-02-28,P00141,0,2025-03-31T12:00:00Z
2025-03-31,P00141,0,2025-05-01T12:00:00Z
2025-04-30,P00141,0,2025-05-31T12:00:00Z
2025-05-31,P00141,0,2025-07-01T12:00:00Z
2025-06-30,P00141,0,2025-07-31T12:00:00Z
2025-07-31,P00141,0,2025-08-31T12:00:00Z
2025-08-31,P00141,0,2025-10-01T12:00:00Z
2025-09-30,P00141,0,2025-10-31T12:00:00Z
2025-10-31,P00141,0,2025-12-01T12:00:00Z
2025-11-30,P00141,0,2025-12-31T12:00:00Z
2025-12-31,P00141,0,2026-01-31T12:00:00Z
2023-07-31,P00142,0,2023-08-31T12:00:00Z
2023-08-31,P00142,0,2023-10-01T12:00:00Z
2023-09-30,P00142,0,2023-10-31T12:00:00Z
2023-10-31,P00142,0,2023-12-01T12:00:00Z
2023-11-30,P00142,0,2023-12-31T12:00:00Z
2023-12-31,P00142,0,2024-01-31T12:00:00Z
2024-01-31,P00142,0,2024-03-02T12:00:00Z
2024-02-29,P00142,0,2024-03-31T12:00:00Z
2024-03-31,P00142,0,2024-05-01T12:00:00Z
2024-04-30,P00142,0,2024-05-31T12:00:00Z
2024-05-31,P00142,0,2024-07-01T12:00:00Z
2024-06-30,P00142,0,2024-07-31T12:00:00Z
2024-07-31,P00142,0,2024-08-31T12:00:00Z
2024-08-31,P00142,0,2024-10-01T12:00:00Z
2024-09-30,P00142,0,2024-10-31T12:00:00Z
2024-10-31,P00142,0,2024-12-01T12:00:00Z
2024-11-30,P00142,0,2024-12-31T12:00:00Z
2024-12-31,P00142,0,2025-01-31T12:00:00Z
2025-01-31,P00142,0,2025-03-03T12:00:00Z
2025-02-28,P00142,0,2025-03-31T12:00:00Z
2025-03-31,P00142,0,2025-05-01T12:00:00Z
2025-04-30,P00142,0,2025-05-31T12:00:00Z
2025-05-31,P00142,0,2025-07-01T12:00:00Z
2025-06-30,P00142,0,2025-07-31T12:00:00Z
2025-07-31,P00142,0,2025-08-31T12:00:00Z
2025-08-31,P00142,0,2025-10-01T12:00:00Z
2025-09-30,P00142,0,2025-10-31T12:00:00Z
2025-10-31,P00142,0,2025-12-01T12:00:00Z
2025-11-30,P00142,0,2025-12-31T12:00:00Z
2025-12-31,P00142,0,2026-01-31T12:00:00Z
2023-07-31,P00143,0,2023-08-31T12:00:00Z
2023-08-31,P00143,0,2023-10-01T12:00:00Z
2023-09-30,P00143,0,2023-10-31T12:00:00Z
2023-10-31,P00143,0,2023-12-01T12:00:00Z
2023-11-30,P00143,0,2023-12-31T12:00:00Z
2023-12-31,P00143,0,2024-01-31T12:00:00Z
2024-01-31,P00143,0,2024-03-02T12:00:00Z
2024-02-29,P00143,0,2024-03-31T12:00:00Z
2024-03-31,P00143,1,2024-05-01T12:00:00Z
2023-07-31,P00144,0,2023-08-31T12:00:00Z
2023-08-31,P00144,0,2023-10-01T12:00:00Z
2023-09-30,P00144,0,2023-10-31T12:00:00Z
2023-10-31,P00144,0,2023-12-01T12:00:00Z
2023-11-30,P00144,0,2023-12-31T12:00:00Z
2023-12-31,P00144,0,2024-01-31T12:00:00Z
2024-01-31,P00144,0,2024-03-02T12:00:00Z
2024-02-29,P00144,0,2024-03-31T12:00:00Z
2024-03-31,P00144,0,2024-05-01T12:00:00Z
2024-04-30,P00144,0,2024-05-31T12:00:00Z
2024-05-31,P00144,0,2024-07-01T12:00:00Z
2024-06-30,P00144,0,2024-07-31T12:00:00Z
2024-07-31,P00144,0,2024-08-31T12:00:00Z
2024-08-31,P00144,0,2024-10-01T12:00:00Z
2024-09-30,P00144,0,2024-10-31T12:00:00Z
2024-10-31,P00144,0,2024-12-01T12:00:00Z
2024-11-30,P00144,0,2024-12-31T12:00:00Z
2024-12-31,P00144,0,2025-01-31T12:00:00Z
2025-01-31,P00144,0,2025-03-03T12:00:00Z
2025-02-28,P00144,0,2025-03-31T12:00:00Z
2025-03-31,P00144,0,2025-05-01T12:00:00Z
2025-04-30,P00144,0,2025-05-31T12:00:00Z
2025-05-31,P00144,0,2025-07-01T12:00:00Z
2025-06-30,P00144,0,2025-07-31T12:00:00Z
2025-07-31,P00144,0,2025-08-31T12:00:00Z
2025-08-31,P00144,0,2025-10-01T12:00:00Z
2025-09-30,P00144,0,2025-10-31T12:00:00Z
2025-10-31,P00144,0,2025-12-01T12:00:00Z
2025-11-30,P00144,0,2025-12-31T12:00:00Z
2025-12-31,P00144,0,2026-01-31T12:00:00Z
2023-07-31,P00145,0,2023-08-31T12:00:00Z
2023-08-31,P00145,0,2023-10-01T12:00:00Z
2023-09-30,P00145,0,2023-10-31T12:00:00Z
2023-10-31,P00145,0,2023-12-01T12:00:00Z
2023-11-30,P00145,0,2023-12-31T12:00:00Z
2023-12-31,P00145,0,2024-01-31T12:00:00Z
2024-01-31,P00145,0,2024-03-02T12:00:00Z
2024-02-29,P00145,0,2024-03-31T12:00:00Z
2024-03-31,P00145,0,2024-05-01T12:00:00Z
2024-04-30,P00145,0,2024-05-31T12:00:00Z
2024-05-31,P00145,0,2024-07-01T12:00:00Z
2024-06-30,P00145,1,2024-07-31T12:00:00Z
2023-07-31,P00146,0,2023-08-31T12:00:00Z
2023-08-31,P00146,0,2023-10-01T12:00:00Z
2023-09-30,P00146,0,2023-10-31T12:00:00Z
2023-10-31,P00146,0,2023-12-01T12:00:00Z
2023-11-30,P00146,0,2023-12-31T12:00:00Z
2023-12-31,P00146,0,2024-01-31T12:00:00Z
2024-01-31,P00146,0,2024-03-02T12:00:00Z
2024-02-29,P00146,0,2024-03-31T12:00:00Z
2024-03-31,P00146,0,2024-05-01T12:00:00Z
2024-04-30,P00146,0,2024-05-31T12:00:00Z
2024-05-31,P00146,0,2024-07-01T12:00:00Z
2024-06-30,P00146,0,2024-07-31T12:00:00Z
2024-07-31,P00146,0,2024-08-31T12:00:00Z
2024-08-31,P00146,0,2024-10-01T12:00:00Z
2024-09-30,P00146,0,2024-10-31T12:00:00Z
2024-10-31,P00146,0,2024-12-01T12:00:00Z
2024-11-30,P00146,0,2024-12-31T12:00:00Z
2024-12-31,P00146,0,2025-01-31T12:00:00Z
2025-01-31,P00146,0,2025-03-03T12:00:00Z
2025-02-28,P00146,0,2025-03-31T12:00:00Z
2025-03-31,P00146,0,2025-05-01T12:00:00Z
2025-04-30,P00146,0,2025-05-31T12:00:00Z
2025-05-31,P00146,0,2025-07-01T12:00:00Z
2025-06-30,P00146,0,2025-07-31T12:00:00Z
2025-07-31,P00146,0,2025-08-31T12:00:00Z
2025-08-31,P00146,0,2025-10-01T12:00:00Z
2025-09-30,P00146,0,2025-10-31T12:00:00Z
2025-10-31,P00146,0,2025-12-01T12:00:00Z
2025-11-30,P00146,0,2025-12-31T12:00:00Z
2025-12-31,P00146,0,2026-01-31T12:00:00Z
2023-07-31,P00147,0,2023-08-31T12:00:00Z
2023-08-31,P00147,0,2023-10-01T12:00:00Z
2023-09-30,P00147,1,2023-10-31T12:00:00Z
2023-07-31,P00148,0,2023-08-31T12:00:00Z
2023-08-31,P00148,0,2023-10-01T12:00:00Z
2023-09-30,P00148,0,2023-10-31T12:00:00Z
2023-10-31,P00148,0,2023-12-01T12:00:00Z
2023-11-30,P00148,0,2023-12-31T12:00:00Z
2023-12-31,P00148,0,2024-01-31T12:00:00Z
2024-01-31,P00148,0,2024-03-02T12:00:00Z
2024-02-29,P00148,0,2024-03-31T12:00:00Z
2024-03-31,P00148,0,2024-05-01T12:00:00Z
2024-04-30,P00148,0,2024-05-31T12:00:00Z
2024-05-31,P00148,0,2024-07-01T12:00:00Z
2024-06-30,P00148,0,2024-07-31T12:00:00Z
2024-07-31,P00148,0,2024-08-31T12:00:00Z
2024-08-31,P00148,0,2024-10-01T12:00:00Z
2024-09-30,P00148,0,2024-10-31T12:00:00Z
2024-10-31,P00148,1,2024-12-01T12:00:00Z
2023-07-31,P00149,0,2023-08-31T12:00:00Z
2023-08-31,P00149,0,2023-10-01T12:00:00Z
2023-09-30,P00149,0,2023-10-31T12:00:00Z
2023-10-31,P00149,0,2023-12-01T12:00:00Z
2023-11-30,P00149,0,2023-12-31T12:00:00Z
2023-12-31,P00149,0,2024-01-31T12:00:00Z
2024-01-31,P00149,0,2024-03-02T12:00:00Z
2024-02-29,P00149,0,2024-03-31T12:00:00Z
2024-03-31,P00149,0,2024-05-01T12:00:00Z
2024-04-30,P00149,0,2024-05-31T12:00:00Z
2024-05-31,P00149,0,2024-07-01T12:00:00Z
2024-06-30,P00149,0,2024-07-31T12:00:00Z
2024-07-31,P00149,0,2024-08-31T12:00:00Z
2024-08-31,P00149,0,2024-10-01T12:00:00Z
2024-09-30,P00149,0,2024-10-31T12:00:00Z
2024-10-31,P00149,0,2024-12-01T12:00:00Z
2024-11-30,P00149,0,2024-12-31T12:00:00Z
2024-12-31,P00149,0,2025-01-31T12:00:00Z
2025-01-31,P00149,0,2025-03-03T12:00:00Z
2025-02-28,P00149,0,2025-03-31T12:00:00Z
2025-03-31,P00149,0,2025-05-01T12:00:00Z
2025-04-30,P00149,0,2025-05-31T12:00:00Z
2025-05-31,P00149,0,2025-07-01T12:00:00Z
2025-06-30,P00149,0,2025-07-31T12:00:00Z
2025-07-31,P00149,0,2025-08-31T12:00:00Z
2025-08-31,P00149,0,2025-10-01T12:00:00Z
2025-09-30,P00149,0,2025-10-31T12:00:00Z
2025-10-31,P00149,0,2025-12-01T12:00:00Z
2025-11-30,P00149,0,2025-12-31T12:00:00Z
2025-12-31,P00149,0,2026-01-31T12:00:00Z
2023-07-31,P00150,0,2023-08-31T12:00:00Z
2023-08-31,P00150,0,2023-10-01T12:00:00Z
2023-09-30,P00150,0,2023-10-31T12:00:00Z
2023-10-31,P00150,0,2023-12-01T12:00:00Z
2023-11-30,P00150,0,2023-12-31T12:00:00Z
2023-12-31,P00150,0,2024-01-31T12:00:00Z
2024-01-31,P00150,0,2024-03-02T12:00:00Z
2024-02-29,P00150,0,2024-03-31T12:00:00Z
2024-03-31,P00150,0,2024-05-01T12:00:00Z
2024-04-30,P00150,1,2024-05-31T12:00:00Z
2023-07-31,P00151,0,2023-08-31T12:00:00Z
2023-08-31,P00151,0,2023-10-01T12:00:00Z
2023-09-30,P00151,0,2023-10-31T12:00:00Z
2023-10-31,P00151,0,2023-12-01T12:00:00Z
2023-11-30,P00151,0,2023-12-31T12:00:00Z
2023-12-31,P00151,0,2024-01-31T12:00:00Z
2024-01-31,P00151,0,2024-03-02T12:00:00Z
2024-02-29,P00151,0,2024-03-31T12:00:00Z
2024-03-31,P00151,0,2024-05-01T12:00:00Z
2024-04-30,P00151,0,2024-05-31T12:00:00Z
2024-05-31,P00151,0,2024-07-01T12:00:00Z
2024-06-30,P00151,0,2024-07-31T12:00:00Z
2024-07-31,P00151,0,2024-08-31T12:00:00Z
2024-08-31,P00151,0,2024-10-01T12:00:00Z
2024-09-30,P00151,0,2024-10-31T12:00:00Z
2024-10-31,P00151,0,2024-12-01T12:00:00Z
2024-11-30,P00151,0,2024-12-31T12:00:00Z
2024-12-31,P00151,1,2025-01-31T12:00:00Z
2023-07-31,P00152,0,2023-08-31T12:00:00Z
2023-08-31,P00152,0,2023-10-01T12:00:00Z
2023-09-30,P00152,0,2023-10-31T12:00:00Z
2023-10-31,P00152,0,2023-12-01T12:00:00Z
2023-11-30,P00152,0,2023-12-31T12:00:00Z
2023-12-31,P00152,0,2024-01-31T12:00:00Z
2024-01-31,P00152,0,2024-03-02T12:00:00Z
2024-02-29,P00152,0,2024-03-31T12:00:00Z
2024-03-31,P00152,0,2024-05-01T12:00:00Z
2024-04-30,P00152,0,2024-05-31T12:00:00Z
2024-05-31,P00152,0,2024-07-01T12:00:00Z
2024-06-30,P00152,0,2024-07-31T12:00:00Z
2024-07-31,P00152,0,2024-08-31T12:00:00Z
2024-08-31,P00152,0,2024-10-01T12:00:00Z
2024-09-30,P00152,0,2024-10-31T12:00:00Z
2024-10-31,P00152,0,2024-12-01T12:00:00Z
2024-11-30,P00152,0,2024-12-31T12:00:00Z
2024-12-31,P00152,0,2025-01-31T12:00:00Z
2025-01-31,P00152,0,2025-03-03T12:00:00Z
2025-02-28,P00152,0,2025-03-31T12:00:00Z
2025-03-31,P00152,0,2025-05-01T12:00:00Z
2025-04-30,P00152,0,2025-05-31T12:00:00Z
2025-05-31,P00152,0,2025-07-01T12:00:00Z
2025-06-30,P00152,0,2025-07-31T12:00:00Z
2025-07-31,P00152,0,2025-08-31T12:00:00Z
2025-08-31,P00152,0,2025-10-01T12:00:00Z
2025-09-30,P00152,0,2025-10-31T12:00:00Z
2025-10-31,P00152,0,2025-12-01T12:00:00Z
2025-11-30,P00152,0,2025-12-31T12:00:00Z
2025-12-31,P00152,0,2026-01-31T12:00:00Z
2023-07-31,P00153,0,2023-08-31T12:00:00Z
2023-08-31,P00153,0,2023-10-01T12:00:00Z
2023-09-30,P00153,0,2023-10-31T12:00:00Z
2023-10-31,P00153,0,2023-12-01T12:00:00Z
2023-11-30,P00153,0,2023-12-31T12:00:00Z
2023-12-31,P00153,0,2024-01-31T12:00:00Z
2024-01-31,P00153,0,2024-03-02T12:00:00Z
2024-02-29,P00153,0,2024-03-31T12:00:00Z
2024-03-31,P00153,0,2024-05-01T12:00:00Z
2024-04-30,P00153,0,2024-05-31T12:00:00Z
2024-05-31,P00153,0,2024-07-01T12:00:00Z
2024-06-30,P00153,0,2024-07-31T12:00:00Z
2024-07-31,P00153,0,2024-08-31T12:00:00Z
2024-08-31,P00153,0,2024-10-01T12:00:00Z
2024-09-30,P00153,0,2024-10-31T12:00:00Z
2024-10-31,P00153,0,2024-12-01T12:00:00Z
2024-11-30,P00153,0,2024-12-31T12:00:00Z
2024-12-31,P00153,0,2025-01-31T12:00:00Z
2025-01-31,P00153,0,2025-03-03T12:00:00Z
2025-02-28,P00153,0,2025-03-31T12:00:00Z
2025-03-31,P00153,0,2025-05-01T12:00:00Z
2025-04-30,P00153,0,2025-05-31T12:00:00Z
2025-05-31,P00153,0,2025-07-01T12:00:00Z
2025-06-30,P00153,0,2025-07-31T12:00:00Z
2025-07-31,P00153,0,2025-08-31T12:00:00Z
2025-08-31,P00153,0,2025-10-01T12:00:00Z
2025-09-30,P00153,0,2025-10-31T12:00:00Z
2025-10-31,P00153,0,2025-12-01T12:00:00Z
2025-11-30,P00153,0,2025-12-31T12:00:00Z
2025-12-31,P00153,0,2026-01-31T12:00:00Z
2023-07-31,P00154,0,2023-08-31T12:00:00Z
2023-08-31,P00154,0,2023-10-01T12:00:00Z
2023-09-30,P00154,0,2023-10-31T12:00:00Z
2023-10-31,P00154,0,2023-12-01T12:00:00Z
2023-11-30,P00154,0,2023-12-31T12:00:00Z
2023-12-31,P00154,0,2024-01-31T12:00:00Z
2024-01-31,P00154,0,2024-03-02T12:00:00Z
2024-02-29,P00154,0,2024-03-31T12:00:00Z
2024-03-31,P00154,0,2024-05-01T12:00:00Z
2024-04-30,P00154,0,2024-05-31T12:00:00Z
2024-05-31,P00154,0,2024-07-01T12:00:00Z
2024-06-30,P00154,0,2024-07-31T12:00:00Z
2024-07-31,P00154,0,2024-08-31T12:00:00Z
2024-08-31,P00154,0,2024-10-01T12:00:00Z
2024-09-30,P00154,0,2024-10-31T12:00:00Z
2024-10-31,P00154,0,2024-12-01T12:00:00Z
2024-11-30,P00154,0,2024-12-31T12:00:00Z
2024-12-31,P00154,0,2025-01-31T12:00:00Z
2025-01-31,P00154,0,2025-03-03T12:00:00Z
2025-02-28,P00154,0,2025-03-31T12:00:00Z
2025-03-31,P00154,0,2025-05-01T12:00:00Z
2025-04-30,P00154,0,2025-05-31T12:00:00Z
2025-05-31,P00154,0,2025-07-01T12:00:00Z
2025-06-30,P00154,0,2025-07-31T12:00:00Z
2025-07-31,P00154,0,2025-08-31T12:00:00Z
2025-08-31,P00154,0,2025-10-01T12:00:00Z
2025-09-30,P00154,0,2025-10-31T12:00:00Z
2025-10-31,P00154,0,2025-12-01T12:00:00Z
2025-11-30,P00154,0,2025-12-31T12:00:00Z
2025-12-31,P00154,0,2026-01-31T12:00:00Z
2023-07-31,P00155,0,2023-08-31T12:00:00Z
2023-08-31,P00155,0,2023-10-01T12:00:00Z
2023-09-30,P00155,0,2023-10-31T12:00:00Z
2023-10-31,P00155,0,2023-12-01T12:00:00Z
2023-11-30,P00155,0,2023-12-31T12:00:00Z
2023-12-31,P00155,0,2024-01-31T12:00:00Z
2024-01-31,P00155,0,2024-03-02T12:00:00Z
2024-02-29,P00155,0,2024-03-31T12:00:00Z
2024-03-31,P00155,0,2024-05-01T12:00:00Z
2024-04-30,P00155,0,2024-05-31T12:00:00Z
2024-05-31,P00155,0,2024-07-01T12:00:00Z
2024-06-30,P00155,0,2024-07-31T12:00:00Z
2024-07-31,P00155,0,2024-08-31T12:00:00Z
2024-08-31,P00155,0,2024-10-01T12:00:00Z
2024-09-30,P00155,0,2024-10-31T12:00:00Z
2024-10-31,P00155,0,2024-12-01T12:00:00Z
2024-11-30,P00155,0,2024-12-31T12:00:00Z
2024-12-31,P00155,0,2025-01-31T12:00:00Z
2025-01-31,P00155,0,2025-03-03T12:00:00Z
2025-02-28,P00155,0,2025-03-31T12:00:00Z
2025-03-31,P00155,0,2025-05-01T12:00:00Z
2025-04-30,P00155,0,2025-05-31T12:00:00Z
2025-05-31,P00155,0,2025-07-01T12:00:00Z
2025-06-30,P00155,0,2025-07-31T12:00:00Z
2025-07-31,P00155,0,2025-08-31T12:00:00Z
2025-08-31,P00155,0,2025-10-01T12:00:00Z
2025-09-30,P00155,0,2025-10-31T12:00:00Z
2025-10-31,P00155,0,2025-12-01T12:00:00Z
2025-11-30,P00155,0,2025-12-31T12:00:00Z
2025-12-31,P00155,0,2026-01-31T12:00:00Z
2023-07-31,P00156,0,2023-08-31T12:00:00Z
2023-08-31,P00156,0,2023-10-01T12:00:00Z
2023-09-30,P00156,0,2023-10-31T12:00:00Z
2023-10-31,P00156,0,2023-12-01T12:00:00Z
2023-11-30,P00156,0,2023-12-31T12:00:00Z
2023-12-31,P00156,0,2024-01-31T12:00:00Z
2024-01-31,P00156,0,2024-03-02T12:00:00Z
2024-02-29,P00156,1,2024-03-31T12:00:00Z
2023-07-31,P00157,0,2023-08-31T12:00:00Z
2023-08-31,P00157,0,2023-10-01T12:00:00Z
2023-09-30,P00157,0,2023-10-31T12:00:00Z
2023-10-31,P00157,0,2023-12-01T12:00:00Z
2023-11-30,P00157,0,2023-12-31T12:00:00Z
2023-12-31,P00157,0,2024-01-31T12:00:00Z
2024-01-31,P00157,0,2024-03-02T12:00:00Z
2024-02-29,P00157,0,2024-03-31T12:00:00Z
2024-03-31,P00157,0,2024-05-01T12:00:00Z
2024-04-30,P00157,0,2024-05-31T12:00:00Z
2024-05-31,P00157,0,2024-07-01T12:00:00Z
2024-06-30,P00157,0,2024-07-31T12:00:00Z
2024-07-31,P00157,0,2024-08-31T12:00:00Z
2024-08-31,P00157,0,2024-10-01T12:00:00Z
2024-09-30,P00157,0,2024-10-31T12:00:00Z
2024-10-31,P00157,0,2024-12-01T12:00:00Z
2024-11-30,P00157,0,2024-12-31T12:00:00Z
2024-12-31,P00157,0,2025-01-31T12:00:00Z
2025-01-31,P00157,0,2025-03-03T12:00:00Z
2025-02-28,P00157,0,2025-03-31T12:00:00Z
2025-03-31,P00157,0,2025-05-01T12:00:00Z
2025-04-30,P00157,0,2025-05-31T12:00:00Z
2025-05-31,P00157,0,2025-07-01T12:00:00Z
2025-06-30,P00157,0,2025-07-31T12:00:00Z
2025-07-31,P00157,0,2025-08-31T12:00:00Z
2025-08-31,P00157,0,2025-10-01T12:00:00Z
2025-09-30,P00157,0,2025-10-31T12:00:00Z
2025-10-31,P00157,0,2025-12-01T12:00:00Z
2025-11-30,P00157,0,2025-12-31T12:00:00Z
2025-12-31,P00157,0,2026-01-31T12:00:00Z
2023-07-31,P00158,0,2023-08-31T12:00:00Z
2023-08-31,P00158,0,2023-10-01T12:00:00Z
2023-09-30,P00158,0,2023-10-31T12:00:00Z
2023-10-31,P00158,0,2023-12-01T12:00:00Z
2023-11-30,P00158,0,2023-12-31T12:00:00Z
2023-12-31,P00158,0,2024-01-31T12:00:00Z
2024-01-31,P00158,0,2024-03-02T12:00:00Z
2024-02-29,P00158,0,2024-03-31T12:00:00Z
2024-03-31,P00158,0,2024-05-01T12:00:00Z
2024-04-30,P00158,0,2024-05-31T12:00:00Z
2024-05-31,P00158,0,2024-07-01T12:00:00Z
2024-06-30,P00158,0,2024-07-31T12:00:00Z
2024-07-31,P00158,0,2024-08-31T12:00:00Z
2024-08-31,P00158,0,2024-10-01T12:00:00Z
2024-09-30,P00158,0,2024-10-31T12:00:00Z
2024-10-31,P00158,0,2024-12-01T12:00:00Z
2024-11-30,P00158,0,2024-12-31T12:00:00Z
2024-12-31,P00158,0,2025-01-31T12:00:00Z
2025-01-31,P00158,0,2025-03-03T12:00:00Z
2025-02-28,P00158,0,2025-03-31T12:00:00Z
2025-03-31,P00158,0,2025-05-01T12:00:00Z
2025-04-30,P00158,0,2025-05-31T12:00:00Z
2025-05-31,P00158,0,2025-07-01T12:00:00Z
2025-06-30,P00158,0,2025-07-31T12:00:00Z
2025-07-31,P00158,0,2025-08-31T12:00:00Z
2025-08-31,P00158,0,2025-10-01T12:00:00Z
2025-09-30,P00158,0,2025-10-31T12:00:00Z
2025-10-31,P00158,0,2025-12-01T12:00:00Z
2025-11-30,P00158,0,2025-12-31T12:00:00Z
2025-12-31,P00158,0,2026-01-31T12:00:00Z
2023-07-31,P00159,0,2023-08-31T12:00:00Z
2023-08-31,P00159,0,2023-10-01T12:00:00Z
2023-09-30,P00159,0,2023-10-31T12:00:00Z
2023-10-31,P00159,0,2023-12-01T12:00:00Z
2023-11-30,P00159,0,2023-12-31T12:00:00Z
2023-12-31,P00159,0,2024-01-31T12:00:00Z
2024-01-31,P00159,0,2024-03-02T12:00:00Z
2024-02-29,P00159,0,2024-03-31T12:00:00Z
2024-03-31,P00159,0,2024-05-01T12:00:00Z
2024-04-30,P00159,0,2024-05-31T12:00:00Z
2024-05-31,P00159,0,2024-07-01T12:00:00Z
2024-06-30,P00159,0,2024-07-31T12:00:00Z
2024-07-31,P00159,0,2024-08-31T12:00:00Z
2024-08-31,P00159,0,2024-10-01T12:00:00Z
2024-09-30,P00159,0,2024-10-31T12:00:00Z
2024-10-31,P00159,0,2024-12-01T12:00:00Z
2024-11-30,P00159,0,2024-12-31T12:00:00Z
2024-12-31,P00159,0,2025-01-31T12:00:00Z
2025-01-31,P00159,0,2025-03-03T12:00:00Z
2025-02-28,P00159,0,2025-03-31T12:00:00Z
2025-03-31,P00159,0,2025-05-01T12:00:00Z
2025-04-30,P00159,0,2025-05-31T12:00:00Z
2025-05-31,P00159,0,2025-07-01T12:00:00Z
2025-06-30,P00159,0,2025-07-31T12:00:00Z
2025-07-31,P00159,0,2025-08-31T12:00:00Z
2025-08-31,P00159,0,2025-10-01T12:00:00Z
2025-09-30,P00159,0,2025-10-31T12:00:00Z
2025-10-31,P00159,0,2025-12-01T12:00:00Z
2025-11-30,P00159,0,2025-12-31T12:00:00Z
2025-12-31,P00159,0,2026-01-31T12:00:00Z
2023-07-31,P00160,0,2023-08-31T12:00:00Z
2023-08-31,P00160,0,2023-10-01T12:00:00Z
2023-09-30,P00160,0,2023-10-31T12:00:00Z
2023-10-31,P00160,0,2023-12-01T12:00:00Z
2023-11-30,P00160,0,2023-12-31T12:00:00Z
2023-12-31,P00160,0,2024-01-31T12:00:00Z
2024-01-31,P00160,0,2024-03-02T12:00:00Z
2024-02-29,P00160,0,2024-03-31T12:00:00Z
2024-03-31,P00160,0,2024-05-01T12:00:00Z
2024-04-30,P00160,0,2024-05-31T12:00:00Z
2024-05-31,P00160,0,2024-07-01T12:00:00Z
2024-06-30,P00160,0,2024-07-31T12:00:00Z
2024-07-31,P00160,0,2024-08-31T12:00:00Z
2024-08-31,P00160,1,2024-10-01T12:00:00Z
2023-07-31,P00161,0,2023-08-31T12:00:00Z
2023-08-31,P00161,0,2023-10-01T12:00:00Z
2023-09-30,P00161,0,2023-10-31T12:00:00Z
2023-10-31,P00161,0,2023-12-01T12:00:00Z
2023-11-30,P00161,0,2023-12-31T12:00:00Z
2023-12-31,P00161,0,2024-01-31T12:00:00Z
2024-01-31,P00161,0,2024-03-02T12:00:00Z
2024-02-29,P00161,0,2024-03-31T12:00:00Z
2024-03-31,P00161,0,2024-05-01T12:00:00Z
2024-04-30,P00161,0,2024-05-31T12:00:00Z
2024-05-31,P00161,0,2024-07-01T12:00:00Z
2024-06-30,P00161,0,2024-07-31T12:00:00Z
2024-07-31,P00161,0,2024-08-31T12:00:00Z
2024-08-31,P00161,0,2024-10-01T12:00:00Z
2024-09-30,P00161,0,2024-10-31T12:00:00Z
2024-10-31,P00161,0,2024-12-01T12:00:00Z
2024-11-30,P00161,0,2024-12-31T12:00:00Z
2024-12-31,P00161,0,2025-01-31T12:00:00Z
2025-01-31,P00161,0,2025-03-03T12:00:00Z
2025-02-28,P00161,0,2025-03-31T12:00:00Z
2025-03-31,P00161,0,2025-05-01T12:00:00Z
2025-04-30,P00161,0,2025-05-31T12:00:00Z
2025-05-31,P00161,0,2025-07-01T12:00:00Z
2025-06-30,P00161,0,2025-07-31T12:00:00Z
2025-07-31,P00161,0,2025-08-31T12:00:00Z
2025-08-31,P00161,1,2025-10-01T12:00:00Z
2023-07-31,P00162,0,2023-08-31T12:00:00Z
2023-08-31,P00162,0,2023-10-01T12:00:00Z
2023-09-30,P00162,0,2023-10-31T12:00:00Z
2023-10-31,P00162,0,2023-12-01T12:00:00Z
2023-11-30,P00162,0,2023-12-31T12:00:00Z
2023-12-31,P00162,0,2024-01-31T12:00:00Z
2024-01-31,P00162,0,2024-03-02T12:00:00Z
2024-02-29,P00162,0,2024-03-31T12:00:00Z
2024-03-31,P00162,0,2024-05-01T12:00:00Z
2024-04-30,P00162,0,2024-05-31T12:00:00Z
2024-05-31,P00162,0,2024-07-01T12:00:00Z
2024-06-30,P00162,0,2024-07-31T12:00:00Z
2024-07-31,P00162,0,2024-08-31T12:00:00Z
2024-08-31,P00162,0,2024-10-01T12:00:00Z
2024-09-30,P00162,0,2024-10-31T12:00:00Z
2024-10-31,P00162,0,2024-12-01T12:00:00Z
2024-11-30,P00162,0,2024-12-31T12:00:00Z
2024-12-31,P00162,0,2025-01-31T12:00:00Z
2025-01-31,P00162,0,2025-03-03T12:00:00Z
2025-02-28,P00162,0,2025-03-31T12:00:00Z
2025-03-31,P00162,0,2025-05-01T12:00:00Z
2025-04-30,P00162,0,2025-05-31T12:00:00Z
2025-05-31,P00162,0,2025-07-01T12:00:00Z
2025-06-30,P00162,0,2025-07-31T12:00:00Z
2025-07-31,P00162,0,2025-08-31T12:00:00Z
2025-08-31,P00162,0,2025-10-01T12:00:00Z
2025-09-30,P00162,0,2025-10-31T12:00:00Z
2025-10-31,P00162,0,2025-12-01T12:00:00Z
2025-11-30,P00162,0,2025-12-31T12:00:00Z
2025-12-31,P00162,0,2026-01-31T12:00:00Z
2023-07-31,P00163,0,2023-08-31T12:00:00Z
2023-08-31,P00163,0,2023-10-01T12:00:00Z
2023-09-30,P00163,0,2023-10-31T12:00:00Z
2023-10-31,P00163,0,2023-12-01T12:00:00Z
2023-11-30,P00163,0,2023-12-31T12:00:00Z
2023-12-31,P00163,0,2024-01-31T12:00:00Z
2024-01-31,P00163,0,2024-03-02T12:00:00Z
2024-02-29,P00163,0,2024-03-31T12:00:00Z
2024-03-31,P00163,0,2024-05-01T12:00:00Z
2024-04-30,P00163,1,2024-05-31T12:00:00Z
2023-07-31,P00164,0,2023-08-31T12:00:00Z
2023-08-31,P00164,1,2023-10-01T12:00:00Z
2023-07-31,P00165,0,2023-08-31T12:00:00Z
2023-08-31,P00165,0,2023-10-01T12:00:00Z
2023-09-30,P00165,0,2023-10-31T12:00:00Z
2023-10-31,P00165,0,2023-12-01T12:00:00Z
2023-11-30,P00165,0,2023-12-31T12:00:00Z
2023-12-31,P00165,0,2024-01-31T12:00:00Z
2024-01-31,P00165,0,2024-03-02T12:00:00Z
2024-02-29,P00165,0,2024-03-31T12:00:00Z
2024-03-31,P00165,0,2024-05-01T12:00:00Z
2024-04-30,P00165,0,2024-05-31T12:00:00Z
2024-05-31,P00165,0,2024-07-01T12:00:00Z
2024-06-30,P00165,0,2024-07-31T12:00:00Z
2024-07-31,P00165,0,2024-08-31T12:00:00Z
2024-08-31,P00165,0,2024-10-01T12:00:00Z
2024-09-30,P00165,0,2024-10-31T12:00:00Z
2024-10-31,P00165,0,2024-12-01T12:00:00Z
2024-11-30,P00165,0,2024-12-31T12:00:00Z
2024-12-31,P00165,0,2025-01-31T12:00:00Z
2025-01-31,P00165,0,2025-03-03T12:00:00Z
2025-02-28,P00165,0,2025-03-31T12:00:00Z
2025-03-31,P00165,0,2025-05-01T12:00:00Z
2025-04-30,P00165,0,2025-05-31T12:00:00Z
2025-05-31,P00165,0,2025-07-01T12:00:00Z
2025-06-30,P00165,0,2025-07-31T12:00:00Z
2025-07-31,P00165,0,2025-08-31T12:00:00Z
2025-08-31,P00165,0,2025-10-01T12:00:00Z
2025-09-30,P00165,0,2025-10-31T12:00:00Z
2025-10-31,P00165,0,2025-12-01T12:00:00Z
2025-11-30,P00165,0,2025-12-31T12:00:00Z
2025-12-31,P00165,0,2026-01-31T12:00:00Z
2023-07-31,P00166,0,2023-08-31T12:00:00Z
2023-08-31,P00166,0,2023-10-01T12:00:00Z
2023-09-30,P00166,0,2023-10-31T12:00:00Z
2023-10-31,P00166,0,2023-12-01T12:00:00Z
2023-11-30,P00166,0,2023-12-31T12:00:00Z
2023-12-31,P00166,0,2024-01-31T12:00:00Z
2024-01-31,P00166,0,2024-03-02T12:00:00Z
2024-02-29,P00166,0,2024-03-31T12:00:00Z
2024-03-31,P00166,0,2024-05-01T12:00:00Z
2024-04-30,P00166,1,2024-05-31T12:00:00Z
2023-07-31,P00167,0,2023-08-31T12:00:00Z
2023-08-31,P00167,0,2023-10-01T12:00:00Z
2023-09-30,P00167,0,2023-10-31T12:00:00Z
2023-10-31,P00167,0,2023-12-01T12:00:00Z
2023-11-30,P00167,0,2023-12-31T12:00:00Z
2023-12-31,P00167,0,2024-01-31T12:00:00Z
2024-01-31,P00167,0,2024-03-02T12:00:00Z
2024-02-29,P00167,0,2024-03-31T12:00:00Z
2024-03-31,P00167,0,2024-05-01T12:00:00Z
2024-04-30,P00167,0,2024-05-31T12:00:00Z
2024-05-31,P00167,0,2024-07-01T12:00:00Z
2024-06-30,P00167,0,2024-07-31T12:00:00Z
2024-07-31,P00167,0,2024-08-31T12:00:00Z
2024-08-31,P00167,0,2024-10-01T12:00:00Z
2024-09-30,P00167,0,2024-10-31T12:00:00Z
2024-10-31,P00167,0,2024-12-01T12:00:00Z
2024-11-30,P00167,0,2024-12-31T12:00:00Z
2024-12-31,P00167,0,2025-01-31T12:00:00Z
2025-01-31,P00167,0,2025-03-03T12:00:00Z
2025-02-28,P00167,0,2025-03-31T12:00:00Z
2025-03-31,P00167,0,2025-05-01T12:00:00Z
2025-04-30,P00167,0,2025-05-31T12:00:00Z
2025-05-31,P00167,0,2025-07-01T12:00:00Z
2025-06-30,P00167,1,2025-07-31T12:00:00Z
2023-07-31,P00168,0,2023-08-31T12:00:00Z
2023-08-31,P00168,0,2023-10-01T12:00:00Z
2023-09-30,P00168,0,2023-10-31T12:00:00Z
2023-10-31,P00168,0,2023-12-01T12:00:00Z
2023-11-30,P00168,0,2023-12-31T12:00:00Z
2023-12-31,P00168,0,2024-01-31T12:00:00Z
2024-01-31,P00168,0,2024-03-02T12:00:00Z
2024-02-29,P00168,0,2024-03-31T12:00:00Z
2024-03-31,P00168,0,2024-05-01T12:00:00Z
2024-04-30,P00168,0,2024-05-31T12:00:00Z
2024-05-31,P00168,0,2024-07-01T12:00:00Z
2024-06-30,P00168,0,2024-07-31T12:00:00Z
2024-07-31,P00168,0,2024-08-31T12:00:00Z
2024-08-31,P00168,0,2024-10-01T12:00:00Z
2024-09-30,P00168,0,2024-10-31T12:00:00Z
2024-10-31,P00168,0,2024-12-01T12:00:00Z
2024-11-30,P00168,1,2024-12-31T12:00:00Z
2023-07-31,P00169,0,2023-08-31T12:00:00Z
2023-08-31,P00169,0,2023-10-01T12:00:00Z
2023-09-30,P00169,0,2023-10-31T12:00:00Z
2023-10-31,P00169,0,2023-12-01T12:00:00Z
2023-11-30,P00169,0,2023-12-31T12:00:00Z
2023-12-31,P00169,0,2024-01-31T12:00:00Z
2024-01-31,P00169,0,2024-03-02T12:00:00Z
2024-02-29,P00169,0,2024-03-31T12:00:00Z
2024-03-31,P00169,0,2024-05-01T12:00:00Z
2024-04-30,P00169,0,2024-05-31T12:00:00Z
2024-05-31,P00169,0,2024-07-01T12:00:00Z
2024-06-30,P00169,1,2024-07-31T12:00:00Z
2023-07-31,P00170,0,2023-08-31T12:00:00Z
2023-08-31,P00170,0,2023-10-01T12:00:00Z
2023-09-30,P00170,0,2023-10-31T12:00:00Z
2023-10-31,P00170,0,2023-12-01T12:00:00Z
2023-11-30,P00170,0,2023-12-31T12:00:00Z
2023-12-31,P00170,0,2024-01-31T12:00:00Z
2024-01-31,P00170,0,2024-03-02T12:00:00Z
2024-02-29,P00170,0,2024-03-31T12:00:00Z
2024-03-31,P00170,0,2024-05-01T12:00:00Z
2024-04-30,P00170,0,2024-05-31T12:00:00Z
2024-05-31,P00170,0,2024-07-01T12:00:00Z
2024-06-30,P00170,0,2024-07-31T12:00:00Z
2024-07-31,P00170,0,2024-08-31T12:00:00Z
2024-08-31,P00170,0,2024-10-01T12:00:00Z
2024-09-30,P00170,0,2024-10-31T12:00:00Z
2024-10-31,P00170,0,2024-12-01T12:00:00Z
2024-11-30,P00170,0,2024-12-31T12:00:00Z
2024-12-31,P00170,0,2025-01-31T12:00:00Z
2025-01-31,P00170,0,2025-03-03T12:00:00Z
2025-02-28,P00170,0,2025-03-31T12:00:00Z
2025-03-31,P00170,0,2025-05-01T12:00:00Z
2025-04-30,P00170,0,2025-05-31T12:00:00Z
2025-05-31,P00170,0,2025-07-01T12:00:00Z
2025-06-30,P00170,0,2025-07-31T12:00:00Z
2025-07-31,P00170,0,2025-08-31T12:00:00Z
2025-08-31,P00170,0,2025-10-01T12:00:00Z
2025-09-30,P00170,0,2025-10-31T12:00:00Z
2025-10-31,P00170,0,2025-12-01T12:00:00Z
2025-11-30,P00170,0,2025-12-31T12:00:00Z
2025-12-31,P00170,0,2026-01-31T12:00:00Z
2023-07-31,P00171,0,2023-08-31T12:00:00Z
2023-08-31,P00171,0,2023-10-01T12:00:00Z
2023-09-30,P00171,0,2023-10-31T12:00:00Z
2023-10-31,P00171,0,2023-12-01T12:00:00Z
2023-11-30,P00171,0,2023-12-31T12:00:00Z
2023-12-31,P00171,0,2024-01-31T12:00:00Z
2024-01-31,P00171,0,2024-03-02T12:00:00Z
2024-02-29,P00171,0,2024-03-31T12:00:00Z
2024-03-31,P00171,0,2024-05-01T12:00:00Z
2024-04-30,P00171,0,2024-05-31T12:00:00Z
2024-05-31,P00171,0,2024-07-01T12:00:00Z
2024-06-30,P00171,0,2024-07-31T12:00:00Z
2024-07-31,P00171,0,2024-08-31T12:00:00Z
2024-08-31,P00171,0,2024-10-01T12:00:00Z
2024-09-30,P00171,0,2024-10-31T12:00:00Z
2024-10-31,P00171,0,2024-12-01T12:00:00Z
2024-11-30,P00171,0,2024-12-31T12:00:00Z
2024-12-31,P00171,0,2025-01-31T12:00:00Z
2025-01-31,P00171,0,2025-03-03T12:00:00Z
2025-02-28,P00171,0,2025-03-31T12:00:00Z
2025-03-31,P00171,0,2025-05-01T12:00:00Z
2025-04-30,P00171,0,2025-05-31T12:00:00Z
2025-05-31,P00171,0,2025-07-01T12:00:00Z
2025-06-30,P00171,0,2025-07-31T12:00:00Z
2025-07-31,P00171,0,2025-08-31T12:00:00Z
2025-08-31,P00171,0,2025-10-01T12:00:00Z
2025-09-30,P00171,0,2025-10-31T12:00:00Z
2025-10-31,P00171,0,2025-12-01T12:00:00Z
2025-11-30,P00171,0,2025-12-31T12:00:00Z
2025-12-31,P00171,0,2026-01-31T12:00:00Z
2023-07-31,P00172,0,2023-08-31T12:00:00Z
2023-08-31,P00172,0,2023-10-01T12:00:00Z
2023-09-30,P00172,0,2023-10-31T12:00:00Z
2023-10-31,P00172,0,2023-12-01T12:00:00Z
2023-11-30,P00172,0,2023-12-31T12:00:00Z
2023-12-31,P00172,0,2024-01-31T12:00:00Z
2024-01-31,P00172,0,2024-03-02T12:00:00Z
2024-02-29,P00172,0,2024-03-31T12:00:00Z
2024-03-31,P00172,0,2024-05-01T12:00:00Z
2024-04-30,P00172,0,2024-05-31T12:00:00Z
2024-05-31,P00172,0,2024-07-01T12:00:00Z
2024-06-30,P00172,0,2024-07-31T12:00:00Z
2024-07-31,P00172,0,2024-08-31T12:00:00Z
2024-08-31,P00172,0,2024-10-01T12:00:00Z
2024-09-30,P00172,0,2024-10-31T12:00:00Z
2024-10-31,P00172,0,2024-12-01T12:00:00Z
2024-11-30,P00172,0,2024-12-31T12:00:00Z
2024-12-31,P00172,0,2025-01-31T12:00:00Z
2025-01-31,P00172,0,2025-03-03T12:00:00Z
2025-02-28,P00172,0,2025-03-31T12:00:00Z
2025-03-31,P00172,0,2025-05-01T12:00:00Z
2025-04-30,P00172,0,2025-05-31T12:00:00Z
2025-05-31,P00172,0,2025-07-01T12:00:00Z
2025-06-30,P00172,0,2025-07-31T12:00:00Z
2025-07-31,P00172,0,2025-08-31T12:00:00Z
2025-08-31,P00172,0,2025-10-01T12:00:00Z
2025-09-30,P00172,0,2025-10-31T12:00:00Z
2025-10-31,P00172,0,2025-12-01T12:00:00Z
2025-11-30,P00172,0,2025-12-31T12:00:00Z
2025-12-31,P00172,0,2026-01-31T12:00:00Z
2023-07-31,P00173,0,2023-08-31T12:00:00Z
2023-08-31,P00173,0,2023-10-01T12:00:00Z
2023-09-30,P00173,0,2023-10-31T12:00:00Z
2023-10-31,P00173,0,2023-12-01T12:00:00Z
2023-11-30,P00173,0,2023-12-31T12:00:00Z
2023-12-31,P00173,0,2024-01-31T12:00:00Z
2024-01-31,P00173,0,2024-03-02T12:00:00Z
2024-02-29,P00173,0,2024-03-31T12:00:00Z
2024-03-31,P00173,0,2024-05-01T12:00:00Z
2024-04-30,P00173,0,2024-05-31T12:00:00Z
2024-05-31,P00173,0,2024-07-01T12:00:00Z
2024-06-30,P00173,0,2024-07-31T12:00:00Z
2024-07-31,P00173,0,2024-08-31T12:00:00Z
2024-08-31,P00173,0,2024-10-01T12:00:00Z
2024-09-30,P00173,0,2024-10-31T12:00:00Z
2024-10-31,P00173,0,2024-12-01T12:00:00Z
2024-11-30,P00173,0,2024-12-31T12:00:00Z
2024-12-31,P00173,0,2025-01-31T12:00:00Z
2025-01-31,P00173,0,2025-03-03T12:00:00Z
2025-02-28,P00173,0,2025-03-31T12:00:00Z
2025-03-31,P00173,0,2025-05-01T12:00:00Z
2025-04-30,P00173,0,2025-05-31T12:00:00Z
2025-05-31,P00173,0,2025-07-01T12:00:00Z
2025-06-30,P00173,0,2025-07-31T12:00:00Z
2025-07-31,P00173,0,2025-08-31T12:00:00Z
2025-08-31,P00173,0,2025-10-01T12:00:00Z
2025-09-30,P00173,0,2025-10-31T12:00:00Z
2025-10-31,P00173,0,2025-12-01T12:00:00Z
2025-11-30,P00173,0,2025-12-31T12:00:00Z
2025-12-31,P00173,0,2026-01-31T12:00:00Z
2023-07-31,P00174,0,2023-08-31T12:00:00Z
2023-08-31,P00174,0,2023-10-01T12:00:00Z
2023-09-30,P00174,0,2023-10-31T12:00:00Z
2023-10-31,P00174,0,2023-12-01T12:00:00Z
2023-11-30,P00174,0,2023-12-31T12:00:00Z
2023-12-31,P00174,0,2024-01-31T12:00:00Z
2024-01-31,P00174,0,2024-03-02T12:00:00Z
2024-02-29,P00174,0,2024-03-31T12:00:00Z
2024-03-31,P00174,0,2024-05-01T12:00:00Z
2024-04-30,P00174,0,2024-05-31T12:00:00Z
2024-05-31,P00174,0,2024-07-01T12:00:00Z
2024-06-30,P00174,0,2024-07-31T12:00:00Z
2024-07-31,P00174,0,2024-08-31T12:00:00Z
2024-08-31,P00174,0,2024-10-01T12:00:00Z
2024-09-30,P00174,0,2024-10-31T12:00:00Z
2024-10-31,P00174,0,2024-12-01T12:00:00Z
2024-11-30,P00174,1,2024-12-31T12:00:00Z
2023-07-31,P00175,0,2023-08-31T12:00:00Z
2023-08-31,P00175,0,2023-10-01T12:00:00Z
2023-09-30,P00175,0,2023-10-31T12:00:00Z
2023-10-31,P00175,0,2023-12-01T12:00:00Z
2023-11-30,P00175,0,2023-12-31T12:00:00Z
2023-12-31,P00175,0,2024-01-31T12:00:00Z
2024-01-31,P00175,0,2024-03-02T12:00:00Z
2024-02-29,P00175,0,2024-03-31T12:00:00Z
2024-03-31,P00175,0,2024-05-01T12:00:00Z
2024-04-30,P00175,0,2024-05-31T12:00:00Z
2024-05-31,P00175,0,2024-07-01T12:00:00Z
2024-06-30,P00175,0,2024-07-31T12:00:00Z
2024-07-31,P00175,0,2024-08-31T12:00:00Z
2024-08-31,P00175,0,2024-10-01T12:00:00Z
2024-09-30,P00175,0,2024-10-31T12:00:00Z
2024-10-31,P00175,0,2024-12-01T12:00:00Z
2024-11-30,P00175,0,2024-12-31T12:00:00Z
2024-12-31,P00175,0,2025-01-31T12:00:00Z
2025-01-31,P00175,0,2025-03-03T12:00:00Z
2025-02-28,P00175,0,2025-03-31T12:00:00Z
2025-03-31,P00175,0,2025-05-01T12:00:00Z
2025-04-30,P00175,0,2025-05-31T12:00:00Z
2025-05-31,P00175,0,2025-07-01T12:00:00Z
2025-06-30,P00175,0,2025-07-31T12:00:00Z
2025-07-31,P00175,0,2025-08-31T12:00:00Z
2025-08-31,P00175,0,2025-10-01T12:00:00Z
2025-09-30,P00175,0,2025-10-31T12:00:00Z
2025-10-31,P00175,0,2025-12-01T12:00:00Z
2025-11-30,P00175,0,2025-12-31T12:00:00Z
2025-12-31,P00175,0,2026-01-31T12:00:00Z
2023-07-31,P00176,0,2023-08-31T12:00:00Z
2023-08-31,P00176,0,2023-10-01T12:00:00Z
2023-09-30,P00176,0,2023-10-31T12:00:00Z
2023-10-31,P00176,0,2023-12-01T12:00:00Z
2023-11-30,P00176,0,2023-12-31T12:00:00Z
2023-12-31,P00176,0,2024-01-31T12:00:00Z
2024-01-31,P00176,0,2024-03-02T12:00:00Z
2024-02-29,P00176,0,2024-03-31T12:00:00Z
2024-03-31,P00176,0,2024-05-01T12:00:00Z
2024-04-30,P00176,0,2024-05-31T12:00:00Z
2024-05-31,P00176,0,2024-07-01T12:00:00Z
2024-06-30,P00176,0,2024-07-31T12:00:00Z
2024-07-31,P00176,0,2024-08-31T12:00:00Z
2024-08-31,P00176,0,2024-10-01T12:00:00Z
2024-09-30,P00176,0,2024-10-31T12:00:00Z
2024-10-31,P00176,0,2024-12-01T12:00:00Z
2024-11-30,P00176,0,2024-12-31T12:00:00Z
2024-12-31,P00176,0,2025-01-31T12:00:00Z
2025-01-31,P00176,0,2025-03-03T12:00:00Z
2025-02-28,P00176,0,2025-03-31T12:00:00Z
2025-03-31,P00176,0,2025-05-01T12:00:00Z
2025-04-30,P00176,0,2025-05-31T12:00:00Z
2025-05-31,P00176,0,2025-07-01T12:00:00Z
2025-06-30,P00176,0,2025-07-31T12:00:00Z
2025-07-31,P00176,0,2025-08-31T12:00:00Z
2025-08-31,P00176,0,2025-10-01T12:00:00Z
2025-09-30,P00176,0,2025-10-31T12:00:00Z
2025-10-31,P00176,0,2025-12-01T12:00:00Z
2025-11-30,P00176,0,2025-12-31T12:00:00Z
2025-12-31,P00176,0,2026-01-31T12:00:00Z
2023-07-31,P00177,0,2023-08-31T12:00:00Z
2023-08-31,P00177,0,2023-10-01T12:00:00Z
2023-09-30,P00177,0,2023-10-31T12:00:00Z
2023-10-31,P00177,0,2023-12-01T12:00:00Z
2023-11-30,P00177,0,2023-12-31T12:00:00Z
2023-12-31,P00177,0,2024-01-31T12:00:00Z
2024-01-31,P00177,0,2024-03-02T12:00:00Z
2024-02-29,P00177,0,2024-03-31T12:00:00Z
2024-03-31,P00177,0,2024-05-01T12:00:00Z
2024-04-30,P00177,0,2024-05-31T12:00:00Z
2024-05-31,P00177,0,2024-07-01T12:00:00Z
2024-06-30,P00177,0,2024-07-31T12:00:00Z
2024-07-31,P00177,0,2024-08-31T12:00:00Z
2024-08-31,P00177,0,2024-10-01T12:00:00Z
2024-09-30,P00177,0,2024-10-31T12:00:00Z
2024-10-31,P00177,1,2024-12-01T12:00:00Z
2023-07-31,P00178,0,2023-08-31T12:00:00Z
2023-08-31,P00178,0,2023-10-01T12:00:00Z
2023-09-30,P00178,0,2023-10-31T12:00:00Z
2023-10-31,P00178,0,2023-12-01T12:00:00Z
2023-11-30,P00178,0,2023-12-31T12:00:00Z
2023-12-31,P00178,0,2024-01-31T12:00:00Z
2024-01-31,P00178,0,2024-03-02T12:00:00Z
2024-02-29,P00178,0,2024-03-31T12:00:00Z
2024-03-31,P00178,0,2024-05-01T12:00:00Z
2024-04-30,P00178,0,2024-05-31T12:00:00Z
2024-05-31,P00178,0,2024-07-01T12:00:00Z
2024-06-30,P00178,0,2024-07-31T12:00:00Z
2024-07-31,P00178,0,2024-08-31T12:00:00Z
2024-08-31,P00178,0,2024-10-01T12:00:00Z
2024-09-30,P00178,0,2024-10-31T12:00:00Z
2024-10-31,P00178,0,2024-12-01T12:00:00Z
2024-11-30,P00178,0,2024-12-31T12:00:00Z
2024-12-31,P00178,0,2025-01-31T12:00:00Z
2025-01-31,P00178,0,2025-03-03T12:00:00Z
2025-02-28,P00178,0,2025-03-31T12:00:00Z
2025-03-31,P00178,0,2025-05-01T12:00:00Z
2025-04-30,P00178,0,2025-05-31T12:00:00Z
2025-05-31,P00178,0,2025-07-01T12:00:00Z
2025-06-30,P00178,0,2025-07-31T12:00:00Z
2025-07-31,P00178,0,2025-08-31T12:00:00Z
2025-08-31,P00178,0,2025-10-01T12:00:00Z
2025-09-30,P00178,0,2025-10-31T12:00:00Z
2025-10-31,P00178,0,2025-12-01T12:00:00Z
2025-11-30,P00178,0,2025-12-31T12:00:00Z
2025-12-31,P00178,0,2026-01-31T12:00:00Z
2023-07-31,P00179,0,2023-08-31T12:00:00Z
2023-08-31,P00179,0,2023-10-01T12:00:00Z
2023-09-30,P00179,0,2023-10-31T12:00:00Z
2023-10-31,P00179,0,2023-12-01T12:00:00Z
2023-11-30,P00179,0,2023-12-31T12:00:00Z
2023-12-31,P00179,0,2024-01-31T12:00:00Z
2024-01-31,P00179,0,2024-03-02T12:00:00Z
2024-02-29,P00179,0,2024-03-31T12:00:00Z
2024-03-31,P00179,0,2024-05-01T12:00:00Z
2024-04-30,P00179,0,2024-05-31T12:00:00Z
2024-05-31,P00179,0,2024-07-01T12:00:00Z
2024-06-30,P00179,0,2024-07-31T12:00:00Z
2024-07-31,P00179,0,2024-08-31T12:00:00Z
2024-08-31,P00179,0,2024-10-01T12:00:00Z
2024-09-30,P00179,0,2024-10-31T12:00:00Z
2024-10-31,P00179,0,2024-12-01T12:00:00Z
2024-11-30,P00179,0,2024-12-31T12:00:00Z
2024-12-31,P00179,0,2025-01-31T12:00:00Z
2025-01-31,P00179,0,2025-03-03T12:00:00Z
2025-02-28,P00179,0,2025-03-31T12:00:00Z
2025-03-31,P00179,0,2025-05-01T12:00:00Z
2025-04-30,P00179,0,2025-05-31T12:00:00Z
2025-05-31,P00179,0,2025-07-01T12:00:00Z
2025-06-30,P00179,0,2025-07-31T12:00:00Z
2025-07-31,P00179,0,2025-08-31T12:00:00Z
2025-08-31,P00179,0,2025-10-01T12:00:00Z
2025-09-30,P00179,0,2025-10-31T12:00:00Z
2025-10-31,P00179,0,2025-12-01T12:00:00Z
2025-11-30,P00179,0,2025-12-31T12:00:00Z
2025-12-31,P00179,0,2026-01-31T12:00:00Z
2023-07-31,P00180,0,2023-08-31T12:00:00Z
2023-08-31,P00180,0,2023-10-01T12:00:00Z
2023-09-30,P00180,0,2023-10-31T12:00:00Z
2023-10-31,P00180,0,2023-12-01T12:00:00Z
2023-11-30,P00180,0,2023-12-31T12:00:00Z
2023-12-31,P00180,0,2024-01-31T12:00:00Z
2024-01-31,P00180,0,2024-03-02T12:00:00Z
2024-02-29,P00180,0,2024-03-31T12:00:00Z
2024-03-31,P00180,0,2024-05-01T12:00:00Z
2024-04-30,P00180,0,2024-05-31T12:00:00Z
2024-05-31,P00180,0,2024-07-01T12:00:00Z
2024-06-30,P00180,0,2024-07-31T12:00:00Z
2024-07-31,P00180,0,2024-08-31T12:00:00Z
2024-08-31,P00180,0,2024-10-01T12:00:00Z
2024-09-30,P00180,0,2024-10-31T12:00:00Z
2024-10-31,P00180,0,2024-12-01T12:00:00Z
2024-11-30,P00180,0,2024-12-31T12:00:00Z
2024-12-31,P00180,0,2025-01-31T12:00:00Z
2025-01-31,P00180,0,2025-03-03T12:00:00Z
2025-02-28,P00180,0,2025-03-31T12:00:00Z
2025-03-31,P00180,0,2025-05-01T12:00:00Z
2025-04-30,P00180,0,2025-05-31T12:00:00Z
2025-05-31,P00180,0,2025-07-01T12:00:00Z
2025-06-30,P00180,0,2025-07-31T12:00:00Z
2025-07-31,P00180,0,2025-08-31T12:00:00Z
2025-08-31,P00180,0,2025-10-01T12:00:00Z
2025-09-30,P00180,0,2025-10-31T12:00:00Z
2025-10-31,P00180,0,2025-12-01T12:00:00Z
2025-11-30,P00180,0,2025-12-31T12:00:00Z
2025-12-31,P00180,0,2026-01-31T12:00:00Z
2023-07-31,P00181,0,2023-08-31T12:00:00Z
2023-08-31,P00181,0,2023-10-01T12:00:00Z
2023-09-30,P00181,0,2023-10-31T12:00:00Z
2023-10-31,P00181,0,2023-12-01T12:00:00Z
2023-11-30,P00181,0,2023-12-31T12:00:00Z
2023-12-31,P00181,0,2024-01-31T12:00:00Z
2024-01-31,P00181,0,2024-03-02T12:00:00Z
2024-02-29,P00181,0,2024-03-31T12:00:00Z
2024-03-31,P00181,0,2024-05-01T12:00:00Z
2024-04-30,P00181,0,2024-05-31T12:00:00Z
2024-05-31,P00181,0,2024-07-01T12:00:00Z
2024-06-30,P00181,0,2024-07-31T12:00:00Z
2024-07-31,P00181,0,2024-08-31T12:00:00Z
2024-08-31,P00181,0,2024-10-01T12:00:00Z
2024-09-30,P00181,0,2024-10-31T12:00:00Z
2024-10-31,P00181,0,2024-12-01T12:00:00Z
2024-11-30,P00181,0,2024-12-31T12:00:00Z
2024-12-31,P00181,0,2025-01-31T12:00:00Z
2025-01-31,P00181,0,2025-03-03T12:00:00Z
2025-02-28,P00181,0,2025-03-31T12:00:00Z
2025-03-31,P00181,0,2025-05-01T12:00:00Z
2025-04-30,P00181,0,2025-05-31T12:00:00Z
2025-05-31,P00181,0,2025-07-01T12:00:00Z
2025-06-30,P00181,0,2025-07-31T12:00:00Z
2025-07-31,P00181,0,2025-08-31T12:00:00Z
2025-08-31,P00181,0,2025-10-01T12:00:00Z
2025-09-30,P00181,0,2025-10-31T12:00:00Z
2025-10-31,P00181,0,2025-12-01T12:00:00Z
2025-11-30,P00181,0,2025-12-31T12:00:00Z
2025-12-31,P00181,0,2026-01-31T12:00:00Z
2023-07-31,P00182,0,2023-08-31T12:00:00Z
2023-08-31,P00182,0,2023-10-01T12:00:00Z
2023-09-30,P00182,0,2023-10-31T12:00:00Z
2023-10-31,P00182,0,2023-12-01T12:00:00Z
2023-11-30,P00182,0,2023-12-31T12:00:00Z
2023-12-31,P00182,0,2024-01-31T12:00:00Z
2024-01-31,P00182,0,2024-03-02T12:00:00Z
2024-02-29,P00182,0,2024-03-31T12:00:00Z
2024-03-31,P00182,0,2024-05-01T12:00:00Z
2024-04-30,P00182,0,2024-05-31T12:00:00Z
2024-05-31,P00182,0,2024-07-01T12:00:00Z
2024-06-30,P00182,0,2024-07-31T12:00:00Z
2024-07-31,P00182,0,2024-08-31T12:00:00Z
2024-08-31,P00182,0,2024-10-01T12:00:00Z
2024-09-30,P00182,0,2024-10-31T12:00:00Z
2024-10-31,P00182,0,2024-12-01T12:00:00Z
2024-11-30,P00182,0,2024-12-31T12:00:00Z
2024-12-31,P00182,0,2025-01-31T12:00:00Z
2025-01-31,P00182,0,2025-03-03T12:00:00Z
2025-02-28,P00182,0,2025-03-31T12:00:00Z
2025-03-31,P00182,0,2025-05-01T12:00:00Z
2025-04-30,P00182,0,2025-05-31T12:00:00Z
2025-05-31,P00182,0,2025-07-01T12:00:00Z
2025-06-30,P00182,0,2025-07-31T12:00:00Z
2025-07-31,P00182,0,2025-08-31T12:00:00Z
2025-08-31,P00182,0,2025-10-01T12:00:00Z
2025-09-30,P00182,0,2025-10-31T12:00:00Z
2025-10-31,P00182,0,2025-12-01T12:00:00Z
2025-11-30,P00182,0,2025-12-31T12:00:00Z
2025-12-31,P00182,0,2026-01-31T12:00:00Z
2023-07-31,P00183,0,2023-08-31T12:00:00Z
2023-08-31,P00183,0,2023-10-01T12:00:00Z
2023-09-30,P00183,0,2023-10-31T12:00:00Z
2023-10-31,P00183,0,2023-12-01T12:00:00Z
2023-11-30,P00183,0,2023-12-31T12:00:00Z
2023-12-31,P00183,0,2024-01-31T12:00:00Z
2024-01-31,P00183,1,2024-03-02T12:00:00Z
2023-07-31,P00184,0,2023-08-31T12:00:00Z
2023-08-31,P00184,0,2023-10-01T12:00:00Z
2023-09-30,P00184,0,2023-10-31T12:00:00Z
2023-10-31,P00184,0,2023-12-01T12:00:00Z
2023-11-30,P00184,0,2023-12-31T12:00:00Z
2023-12-31,P00184,0,2024-01-31T12:00:00Z
2024-01-31,P00184,0,2024-03-02T12:00:00Z
2024-02-29,P00184,0,2024-03-31T12:00:00Z
2024-03-31,P00184,0,2024-05-01T12:00:00Z
2024-04-30,P00184,0,2024-05-31T12:00:00Z
2024-05-31,P00184,0,2024-07-01T12:00:00Z
2024-06-30,P00184,0,2024-07-31T12:00:00Z
2024-07-31,P00184,0,2024-08-31T12:00:00Z
2024-08-31,P00184,0,2024-10-01T12:00:00Z
2024-09-30,P00184,0,2024-10-31T12:00:00Z
2024-10-31,P00184,0,2024-12-01T12:00:00Z
2024-11-30,P00184,0,2024-12-31T12:00:00Z
2024-12-31,P00184,0,2025-01-31T12:00:00Z
2025-01-31,P00184,0,2025-03-03T12:00:00Z
2025-02-28,P00184,0,2025-03-31T12:00:00Z
2025-03-31,P00184,0,2025-05-01T12:00:00Z
2025-04-30,P00184,0,2025-05-31T12:00:00Z
2025-05-31,P00184,0,2025-07-01T12:00:00Z
2025-06-30,P00184,0,2025-07-31T12:00:00Z
2025-07-31,P00184,1,2025-08-31T12:00:00Z
2023-07-31,P00185,0,2023-08-31T12:00:00Z
2023-08-31,P00185,0,2023-10-01T12:00:00Z
2023-09-30,P00185,0,2023-10-31T12:00:00Z
2023-10-31,P00185,0,2023-12-01T12:00:00Z
2023-11-30,P00185,0,2023-12-31T12:00:00Z
2023-12-31,P00185,0,2024-01-31T12:00:00Z
2024-01-31,P00185,0,2024-03-02T12:00:00Z
2024-02-29,P00185,0,2024-03-31T12:00:00Z
2024-03-31,P00185,0,2024-05-01T12:00:00Z
2024-04-30,P00185,0,2024-05-31T12:00:00Z
2024-05-31,P00185,0,2024-07-01T12:00:00Z
2024-06-30,P00185,0,2024-07-31T12:00:00Z
2024-07-31,P00185,0,2024-08-31T12:00:00Z
2024-08-31,P00185,0,2024-10-01T12:00:00Z
2024-09-30,P00185,0,2024-10-31T12:00:00Z
2024-10-31,P00185,0,2024-12-01T12:00:00Z
2024-11-30,P00185,0,2024-12-31T12:00:00Z
2024-12-31,P00185,0,2025-01-31T12:00:00Z
2025-01-31,P00185,0,2025-03-03T12:00:00Z
2025-02-28,P00185,0,2025-03-31T12:00:00Z
2025-03-31,P00185,0,2025-05-01T12:00:00Z
2025-04-30,P00185,0,2025-05-31T12:00:00Z
2025-05-31,P00185,0,2025-07-01T12:00:00Z
2025-06-30,P00185,0,2025-07-31T12:00:00Z
2025-07-31,P00185,0,2025-08-31T12:00:00Z
2025-08-31,P00185,0,2025-10-01T12:00:00Z
2025-09-30,P00185,0,2025-10-31T12:00:00Z
2025-10-31,P00185,0,2025-12-01T12:00:00Z
2025-11-30,P00185,0,2025-12-31T12:00:00Z
2025-12-31,P00185,0,2026-01-31T12:00:00Z
2023-07-31,P00186,0,2023-08-31T12:00:00Z
2023-08-31,P00186,0,2023-10-01T12:00:00Z
2023-09-30,P00186,0,2023-10-31T12:00:00Z
2023-10-31,P00186,0,2023-12-01T12:00:00Z
2023-11-30,P00186,0,2023-12-31T12:00:00Z
2023-12-31,P00186,0,2024-01-31T12:00:00Z
2024-01-31,P00186,0,2024-03-02T12:00:00Z
2024-02-29,P00186,0,2024-03-31T12:00:00Z
2024-03-31,P00186,0,2024-05-01T12:00:00Z
2024-04-30,P00186,0,2024-05-31T12:00:00Z
2024-05-31,P00186,0,2024-07-01T12:00:00Z
2024-06-30,P00186,0,2024-07-31T12:00:00Z
2024-07-31,P00186,0,2024-08-31T12:00:00Z
2024-08-31,P00186,0,2024-10-01T12:00:00Z
2024-09-30,P00186,0,2024-10-31T12:00:00Z
2024-10-31,P00186,0,2024-12-01T12:00:00Z
2024-11-30,P00186,0,2024-12-31T12:00:00Z
2024-12-31,P00186,0,2025-01-31T12:00:00Z
2025-01-31,P00186,0,2025-03-03T12:00:00Z
2025-02-28,P00186,0,2025-03-31T12:00:00Z
2025-03-31,P00186,0,2025-05-01T12:00:00Z
2025-04-30,P00186,0,2025-05-31T12:00:00Z
2025-05-31,P00186,0,2025-07-01T12:00:00Z
2025-06-30,P00186,0,2025-07-31T12:00:00Z
2025-07-31,P00186,0,2025-08-31T12:00:00Z
2025-08-31,P00186,0,2025-10-01T12:00:00Z
2025-09-30,P00186,0,2025-10-31T12:00:00Z
2025-10-31,P00186,0,2025-12-01T12:00:00Z
2025-11-30,P00186,0,2025-12-31T12:00:00Z
2025-12-31,P00186,0,2026-01-31T12:00:00Z
2023-07-31,P00187,0,2023-08-31T12:00:00Z
2023-08-31,P00187,0,2023-10-01T12:00:00Z
2023-09-30,P00187,0,2023-10-31T12:00:00Z
2023-10-31,P00187,0,2023-12-01T12:00:00Z
2023-11-30,P00187,0,2023-12-31T12:00:00Z
2023-12-31,P00187,0,2024-01-31T12:00:00Z
2024-01-31,P00187,0,2024-03-02T12:00:00Z
2024-02-29,P00187,0,2024-03-31T12:00:00Z
2024-03-31,P00187,0,2024-05-01T12:00:00Z
2024-04-30,P00187,0,2024-05-31T12:00:00Z
2024-05-31,P00187,0,2024-07-01T12:00:00Z
2024-06-30,P00187,0,2024-07-31T12:00:00Z
2024-07-31,P00187,0,2024-08-31T12:00:00Z
2024-08-31,P00187,0,2024-10-01T12:00:00Z
2024-09-30,P00187,0,2024-10-31T12:00:00Z
2024-10-31,P00187,0,2024-12-01T12:00:00Z
2024-11-30,P00187,0,2024-12-31T12:00:00Z
2024-12-31,P00187,0,2025-01-31T12:00:00Z
2025-01-31,P00187,0,2025-03-03T12:00:00Z
2025-02-28,P00187,0,2025-03-31T12:00:00Z
2025-03-31,P00187,0,2025-05-01T12:00:00Z
2025-04-30,P00187,0,2025-05-31T12:00:00Z
2025-05-31,P00187,0,2025-07-01T12:00:00Z
2025-06-30,P00187,0,2025-07-31T12:00:00Z
2025-07-31,P00187,0,2025-08-31T12:00:00Z
2025-08-31,P00187,0,2025-10-01T12:00:00Z
2025-09-30,P00187,0,2025-10-31T12:00:00Z
2025-10-31,P00187,0,2025-12-01T12:00:00Z
2025-11-30,P00187,0,2025-12-31T12:00:00Z
2025-12-31,P00187,0,2026-01-31T12:00:00Z
2023-07-31,P00188,0,2023-08-31T12:00:00Z
2023-08-31,P00188,0,2023-10-01T12:00:00Z
2023-09-30,P00188,0,2023-10-31T12:00:00Z
2023-10-31,P00188,0,2023-12-01T12:00:00Z
2023-11-30,P00188,0,2023-12-31T12:00:00Z
2023-12-31,P00188,0,2024-01-31T12:00:00Z
2024-01-31,P00188,0,2024-03-02T12:00:00Z
2024-02-29,P00188,0,2024-03-31T12:00:00Z
2024-03-31,P00188,0,2024-05-01T12:00:00Z
2024-04-30,P00188,0,2024-05-31T12:00:00Z
2024-05-31,P00188,0,2024-07-01T12:00:00Z
2024-06-30,P00188,0,2024-07-31T12:00:00Z
2024-07-31,P00188,0,2024-08-31T12:00:00Z
2024-08-31,P00188,1,2024-10-01T12:00:00Z
2023-07-31,P00189,0,2023-08-31T12:00:00Z
2023-08-31,P00189,0,2023-10-01T12:00:00Z
2023-09-30,P00189,0,2023-10-31T12:00:00Z
2023-10-31,P00189,0,2023-12-01T12:00:00Z
2023-11-30,P00189,0,2023-12-31T12:00:00Z
2023-12-31,P00189,0,2024-01-31T12:00:00Z
2024-01-31,P00189,0,2024-03-02T12:00:00Z
2024-02-29,P00189,0,2024-03-31T12:00:00Z
2024-03-31,P00189,0,2024-05-01T12:00:00Z
2024-04-30,P00189,0,2024-05-31T12:00:00Z
2024-05-31,P00189,0,2024-07-01T12:00:00Z
2024-06-30,P00189,0,2024-07-31T12:00:00Z
2024-07-31,P00189,0,2024-08-31T12:00:00Z
2024-08-31,P00189,0,2024-10-01T12:00:00Z
2024-09-30,P00189,0,2024-10-31T12:00:00Z
2024-10-31,P00189,0,2024-12-01T12:00:00Z
2024-11-30,P00189,0,2024-12-31T12:00:00Z
2024-12-31,P00189,0,2025-01-31T12:00:00Z
2025-01-31,P00189,0,2025-03-03T12:00:00Z
2025-02-28,P00189,0,2025-03-31T12:00:00Z
2025-03-31,P00189,0,2025-05-01T12:00:00Z
2025-04-30,P00189,0,2025-05-31T12:00:00Z
2025-05-31,P00189,0,2025-07-01T12:00:00Z
2025-06-30,P00189,1,2025-07-31T12:00:00Z
2023-07-31,P00190,0,2023-08-31T12:00:00Z
2023-08-31,P00190,0,2023-10-01T12:00:00Z
2023-09-30,P00190,0,2023-10-31T12:00:00Z
2023-10-31,P00190,0,2023-12-01T12:00:00Z
2023-11-30,P00190,0,2023-12-31T12:00:00Z
2023-12-31,P00190,0,2024-01-31T12:00:00Z
2024-01-31,P00190,0,2024-03-02T12:00:00Z
2024-02-29,P00190,0,2024-03-31T12:00:00Z
2024-03-31,P00190,0,2024-05-01T12:00:00Z
2024-04-30,P00190,0,2024-05-31T12:00:00Z
2024-05-31,P00190,0,2024-07-01T12:00:00Z
2024-06-30,P00190,0,2024-07-31T12:00:00Z
2024-07-31,P00190,0,2024-08-31T12:00:00Z
2024-08-31,P00190,0,2024-10-01T12:00:00Z
2024-09-30,P00190,0,2024-10-31T12:00:00Z
2024-10-31,P00190,0,2024-12-01T12:00:00Z
2024-11-30,P00190,0,2024-12-31T12:00:00Z
2024-12-31,P00190,0,2025-01-31T12:00:00Z
2025-01-31,P00190,0,2025-03-03T12:00:00Z
2025-02-28,P00190,0,2025-03-31T12:00:00Z
2025-03-31,P00190,0,2025-05-01T12:00:00Z
2025-04-30,P00190,0,2025-05-31T12:00:00Z
2025-05-31,P00190,0,2025-07-01T12:00:00Z
2025-06-30,P00190,0,2025-07-31T12:00:00Z
2025-07-31,P00190,0,2025-08-31T12:00:00Z
2025-08-31,P00190,0,2025-10-01T12:00:00Z
2025-09-30,P00190,0,2025-10-31T12:00:00Z
2025-10-31,P00190,0,2025-12-01T12:00:00Z
2025-11-30,P00190,0,2025-12-31T12:00:00Z
2025-12-31,P00190,0,2026-01-31T12:00:00Z
2023-07-31,P00191,0,2023-08-31T12:00:00Z
2023-08-31,P00191,0,2023-10-01T12:00:00Z
2023-09-30,P00191,0,2023-10-31T12:00:00Z
2023-10-31,P00191,0,2023-12-01T12:00:00Z
2023-11-30,P00191,0,2023-12-31T12:00:00Z
2023-12-31,P00191,0,2024-01-31T12:00:00Z
2024-01-31,P00191,0,2024-03-02T12:00:00Z
2024-02-29,P00191,0,2024-03-31T12:00:00Z
2024-03-31,P00191,0,2024-05-01T12:00:00Z
2024-04-30,P00191,0,2024-05-31T12:00:00Z
2024-05-31,P00191,0,2024-07-01T12:00:00Z
2024-06-30,P00191,0,2024-07-31T12:00:00Z
2024-07-31,P00191,0,2024-08-31T12:00:00Z
2024-08-31,P00191,0,2024-10-01T12:00:00Z
2024-09-30,P00191,0,2024-10-31T12:00:00Z
2024-10-31,P00191,0,2024-12-01T12:00:00Z
2024-11-30,P00191,0,2024-12-31T12:00:00Z
2024-12-31,P00191,0,2025-01-31T12:00:00Z
2025-01-31,P00191,0,2025-03-03T12:00:00Z
2025-02-28,P00191,0,2025-03-31T12:00:00Z
2025-03-31,P00191,0,2025-05-01T12:00:00Z
2025-04-30,P00191,0,2025-05-31T12:00:00Z
2025-05-31,P00191,0,2025-07-01T12:00:00Z
2025-06-30,P00191,0,2025-07-31T12:00:00Z
2025-07-31,P00191,0,2025-08-31T12:00:00Z
2025-08-31,P00191,0,2025-10-01T12:00:00Z
2025-09-30,P00191,0,2025-10-31T12:00:00Z
2025-10-31,P00191,0,2025-12-01T12:00:00Z
2025-11-30,P00191,0,2025-12-31T12:00:00Z
2025-12-31,P00191,0,2026-01-31T12:00:00Z
2023-07-31,P00192,0,2023-08-31T12:00:00Z
2023-08-31,P00192,0,2023-10-01T12:00:00Z
2023-09-30,P00192,0,2023-10-31T12:00:00Z
2023-10-31,P00192,0,2023-12-01T12:00:00Z
2023-11-30,P00192,0,2023-12-31T12:00:00Z
2023-12-31,P00192,0,2024-01-31T12:00:00Z
2024-01-31,P00192,0,2024-03-02T12:00:00Z
2024-02-29,P00192,0,2024-03-31T12:00:00Z
2024-03-31,P00192,0,2024-05-01T12:00:00Z
2024-04-30,P00192,0,2024-05-31T12:00:00Z
2024-05-31,P00192,0,2024-07-01T12:00:00Z
2024-06-30,P00192,0,2024-07-31T12:00:00Z
2024-07-31,P00192,0,2024-08-31T12:00:00Z
2024-08-31,P00192,0,2024-10-01T12:00:00Z
2024-09-30,P00192,0,2024-10-31T12:00:00Z
2024-10-31,P00192,0,2024-12-01T12:00:00Z
2024-11-30,P00192,0,2024-12-31T12:00:00Z
2024-12-31,P00192,0,2025-01-31T12:00:00Z
2025-01-31,P00192,0,2025-03-03T12:00:00Z
2025-02-28,P00192,0,2025-03-31T12:00:00Z
2025-03-31,P00192,0,2025-05-01T12:00:00Z
2025-04-30,P00192,0,2025-05-31T12:00:00Z
2025-05-31,P00192,0,2025-07-01T12:00:00Z
2025-06-30,P00192,0,2025-07-31T12:00:00Z
2025-07-31,P00192,0,2025-08-31T12:00:00Z
2025-08-31,P00192,0,2025-10-01T12:00:00Z
2025-09-30,P00192,0,2025-10-31T12:00:00Z
2025-10-31,P00192,0,2025-12-01T12:00:00Z
2025-11-30,P00192,0,2025-12-31T12:00:00Z
2025-12-31,P00192,0,2026-01-31T12:00:00Z
2023-07-31,P00193,0,2023-08-31T12:00:00Z
2023-08-31,P00193,0,2023-10-01T12:00:00Z
2023-09-30,P00193,0,2023-10-31T12:00:00Z
2023-10-31,P00193,0,2023-12-01T12:00:00Z
2023-11-30,P00193,0,2023-12-31T12:00:00Z
2023-12-31,P00193,0,2024-01-31T12:00:00Z
2024-01-31,P00193,0,2024-03-02T12:00:00Z
2024-02-29,P00193,0,2024-03-31T12:00:00Z
2024-03-31,P00193,0,2024-05-01T12:00:00Z
2024-04-30,P00193,0,2024-05-31T12:00:00Z
2024-05-31,P00193,0,2024-07-01T12:00:00Z
2024-06-30,P00193,0,2024-07-31T12:00:00Z
2024-07-31,P00193,0,2024-08-31T12:00:00Z
2024-08-31,P00193,0,2024-10-01T12:00:00Z
2024-09-30,P00193,0,2024-10-31T12:00:00Z
2024-10-31,P00193,0,2024-12-01T12:00:00Z
2024-11-30,P00193,0,2024-12-31T12:00:00Z
2024-12-31,P00193,0,2025-01-31T12:00:00Z
2025-01-31,P00193,0,2025-03-03T12:00:00Z
2025-02-28,P00193,0,2025-03-31T12:00:00Z
2025-03-31,P00193,0,2025-05-01T12:00:00Z
2025-04-30,P00193,0,2025-05-31T12:00:00Z
2025-05-31,P00193,0,2025-07-01T12:00:00Z
2025-06-30,P00193,0,2025-07-31T12:00:00Z
2025-07-31,P00193,0,2025-08-31T12:00:00Z
2025-08-31,P00193,0,2025-10-01T12:00:00Z
2025-09-30,P00193,0,2025-10-31T12:00:00Z
2025-10-31,P00193,0,2025-12-01T12:00:00Z
2025-11-30,P00193,0,2025-12-31T12:00:00Z
2025-12-31,P00193,0,2026-01-31T12:00:00Z
2023-07-31,P00194,0,2023-08-31T12:00:00Z
2023-08-31,P00194,0,2023-10-01T12:00:00Z
2023-09-30,P00194,0,2023-10-31T12:00:00Z
2023-10-31,P00194,0,2023-12-01T12:00:00Z
2023-11-30,P00194,0,2023-12-31T12:00:00Z
2023-12-31,P00194,1,2024-01-31T12:00:00Z
2023-07-31,P00195,0,2023-08-31T12:00:00Z
2023-08-31,P00195,0,2023-10-01T12:00:00Z
2023-09-30,P00195,0,2023-10-31T12:00:00Z
2023-10-31,P00195,0,2023-12-01T12:00:00Z
2023-11-30,P00195,0,2023-12-31T12:00:00Z
2023-12-31,P00195,0,2024-01-31T12:00:00Z
2024-01-31,P00195,0,2024-03-02T12:00:00Z
2024-02-29,P00195,0,2024-03-31T12:00:00Z
2024-03-31,P00195,0,2024-05-01T12:00:00Z
2024-04-30,P00195,0,2024-05-31T12:00:00Z
2024-05-31,P00195,0,2024-07-01T12:00:00Z
2024-06-30,P00195,0,2024-07-31T12:00:00Z
2024-07-31,P00195,0,2024-08-31T12:00:00Z
2024-08-31,P00195,0,2024-10-01T12:00:00Z
2024-09-30,P00195,0,2024-10-31T12:00:00Z
2024-10-31,P00195,0,2024-12-01T12:00:00Z
2024-11-30,P00195,0,2024-12-31T12:00:00Z
2024-12-31,P00195,0,2025-01-31T12:00:00Z
2025-01-31,P00195,0,2025-03-03T12:00:00Z
2025-02-28,P00195,0,2025-03-31T12:00:00Z
2025-03-31,P00195,0,2025-05-01T12:00:00Z
2025-04-30,P00195,0,2025-05-31T12:00:00Z
2025-05-31,P00195,1,2025-07-01T12:00:00Z
2023-07-31,P00196,0,2023-08-31T12:00:00Z
2023-08-31,P00196,0,2023-10-01T12:00:00Z
2023-09-30,P00196,0,2023-10-31T12:00:00Z
2023-10-31,P00196,0,2023-12-01T12:00:00Z
2023-11-30,P00196,0,2023-12-31T12:00:00Z
2023-12-31,P00196,0,2024-01-31T12:00:00Z
2024-01-31,P00196,0,2024-03-02T12:00:00Z
2024-02-29,P00196,0,2024-03-31T12:00:00Z
2024-03-31,P00196,0,2024-05-01T12:00:00Z
2024-04-30,P00196,0,2024-05-31T12:00:00Z
2024-05-31,P00196,0,2024-07-01T12:00:00Z
2024-06-30,P00196,0,2024-07-31T12:00:00Z
2024-07-31,P00196,0,2024-08-31T12:00:00Z
2024-08-31,P00196,0,2024-10-01T12:00:00Z
2024-09-30,P00196,0,2024-10-31T12:00:00Z
2024-10-31,P00196,0,2024-12-01T12:00:00Z
2024-11-30,P00196,0,2024-12-31T12:00:00Z
2024-12-31,P00196,0,2025-01-31T12:00:00Z
2025-01-31,P00196,0,2025-03-03T12:00:00Z
2025-02-28,P00196,0,2025-03-31T12:00:00Z
2025-03-31,P00196,0,2025-05-01T12:00:00Z
2025-04-30,P00196,0,2025-05-31T12:00:00Z
2025-05-31,P00196,0,2025-07-01T12:00:00Z
2025-06-30,P00196,0,2025-07-31T12:00:00Z
2025-07-31,P00196,0,2025-08-31T12:00:00Z
2025-08-31,P00196,0,2025-10-01T12:00:00Z
2025-09-30,P00196,0,2025-10-31T12:00:00Z
2025-10-31,P00196,0,2025-12-01T12:00:00Z
2025-11-30,P00196,0,2025-12-31T12:00:00Z
2025-12-31,P00196,0,2026-01-31T12:00:00Z
2023-07-31,P00197,0,2023-08-31T12:00:00Z
2023-08-31,P00197,0,2023-10-01T12:00:00Z
2023-09-30,P00197,0,2023-10-31T12:00:00Z
2023-10-31,P00197,0,2023-12-01T12:00:00Z
2023-11-30,P00197,0,2023-12-31T12:00:00Z
2023-12-31,P00197,0,2024-01-31T12:00:00Z
2024-01-31,P00197,0,2024-03-02T12:00:00Z
2024-02-29,P00197,0,2024-03-31T12:00:00Z
2024-03-31,P00197,0,2024-05-01T12:00:00Z
2024-04-30,P00197,0,2024-05-31T12:00:00Z
2024-05-31,P00197,0,2024-07-01T12:00:00Z
2024-06-30,P00197,0,2024-07-31T12:00:00Z
2024-07-31,P00197,0,2024-08-31T12:00:00Z
2024-08-31,P00197,0,2024-10-01T12:00:00Z
2024-09-30,P00197,0,2024-10-31T12:00:00Z
2024-10-31,P00197,0,2024-12-01T12:00:00Z
2024-11-30,P00197,0,2024-12-31T12:00:00Z
2024-12-31,P00197,0,2025-01-31T12:00:00Z
2025-01-31,P00197,0,2025-03-03T12:00:00Z
2025-02-28,P00197,0,2025-03-31T12:00:00Z
2025-03-31,P00197,0,2025-05-01T12:00:00Z
2025-04-30,P00197,0,2025-05-31T12:00:00Z
2025-05-31,P00197,0,2025-07-01T12:00:00Z
2025-06-30,P00197,0,2025-07-31T12:00:00Z
2025-07-31,P00197,0,2025-08-31T12:00:00Z
2025-08-31,P00197,0,2025-10-01T12:00:00Z
2025-09-30,P00197,0,2025-10-31T12:00:00Z
2025-10-31,P00197,0,2025-12-01T12:00:00Z
2025-11-30,P00197,0,2025-12-31T12:00:00Z
2025-12-31,P00197,0,2026-01-31T12:00:00Z
2023-07-31,P00198,0,2023-08-31T12:00:00Z
2023-08-31,P00198,0,2023-10-01T12:00:00Z
2023-09-30,P00198,0,2023-10-31T12:00:00Z
2023-10-31,P00198,0,2023-12-01T12:00:00Z
2023-11-30,P00198,0,2023-12-31T12:00:00Z
2023-12-31,P00198,0,2024-01-31T12:00:00Z
2024-01-31,P00198,0,2024-03-02T12:00:00Z
2024-02-29,P00198,0,2024-03-31T12:00:00Z
2024-03-31,P00198,0,2024-05-01T12:00:00Z
2024-04-30,P00198,0,2024-05-31T12:00:00Z
2024-05-31,P00198,0,2024-07-01T12:00:00Z
2024-06-30,P00198,0,2024-07-31T12:00:00Z
2024-07-31,P00198,0,2024-08-31T12:00:00Z
2024-08-31,P00198,0,2024-10-01T12:00:00Z
2024-09-30,P00198,0,2024-10-31T12:00:00Z
2024-10-31,P00198,0,2024-12-01T12:00:00Z
2024-11-30,P00198,0,2024-12-31T12:00:00Z
2024-12-31,P00198,0,2025-01-31T12:00:00Z
2025-01-31,P00198,0,2025-03-03T12:00:00Z
2025-02-28,P00198,0,2025-03-31T12:00:00Z
2025-03-31,P00198,0,2025-05-01T12:00:00Z
2025-04-30,P00198,0,2025-05-31T12:00:00Z
2025-05-31,P00198,0,2025-07-01T12:00:00Z
2025-06-30,P00198,0,2025-07-31T12:00:00Z
2025-07-31,P00198,0,2025-08-31T12:00:00Z
2025-08-31,P00198,0,2025-10-01T12:00:00Z
2025-09-30,P00198,0,2025-10-31T12:00:00Z
2025-10-31,P00198,0,2025-12-01T12:00:00Z
2025-11-30,P00198,0,2025-12-31T12:00:00Z
2025-12-31,P00198,0,2026-01-31T12:00:00Z
2023-07-31,P00199,0,2023-08-31T12:00:00Z
2023-08-31,P00199,0,2023-10-01T12:00:00Z
2023-09-30,P00199,0,2023-10-31T12:00:00Z
2023-10-31,P00199,0,2023-12-01T12:00:00Z
2023-11-30,P00199,0,2023-12-31T12:00:00Z
2023-12-31,P00199,0,2024-01-31T12:00:00Z
2024-01-31,P00199,0,2024-03-02T12:00:00Z
2024-02-29,P00199,0,2024-03-31T12:00:00Z
2024-03-31,P00199,0,2024-05-01T12:00:00Z
2024-04-30,P00199,0,2024-05-31T12:00:00Z
2024-05-31,P00199,0,2024-07-01T12:00:00Z
2024-06-30,P00199,0,2024-07-31T12:00:00Z
2024-07-31,P00199,0,2024-08-31T12:00:00Z
2024-08-31,P00199,1,2024-10-01T12:00:00Z
2023-07-31,P00200,0,2023-08-31T12:00:00Z
2023-08-31,P00200,0,2023-10-01T12:00:00Z
2023-09-30,P00200,0,2023-10-31T12:00:00Z
2023-10-31,P00200,0,2023-12-01T12:00:00Z
2023-11-30,P00200,0,2023-12-31T12:00:00Z
2023-12-31,P00200,0,2024-01-31T12:00:00Z
2024-01-31,P00200,0,2024-03-02T12:00:00Z
2024-02-29,P00200,0,2024-03-31T12:00:00Z
2024-03-31,P00200,0,2024-05-01T12:00:00Z
2024-04-30,P00200,0,2024-05-31T12:00:00Z
2024-05-31,P00200,0,2024-07-01T12:00:00Z
2024-06-30,P00200,0,2024-07-31T12:00:00Z
2024-07-31,P00200,0,2024-08-31T12:00:00Z
2024-08-31,P00200,0,2024-10-01T12:00:00Z
2024-09-30,P00200,1,2024-10-31T12:00:00Z
2023-07-31,P00201,0,2023-08-31T12:00:00Z
2023-08-31,P00201,0,2023-10-01T12:00:00Z
2023-09-30,P00201,0,2023-10-31T12:00:00Z
2023-10-31,P00201,0,2023-12-01T12:00:00Z
2023-11-30,P00201,0,2023-12-31T12:00:00Z
2023-12-31,P00201,0,2024-01-31T12:00:00Z
2024-01-31,P00201,0,2024-03-02T12:00:00Z
2024-02-29,P00201,0,2024-03-31T12:00:00Z
2024-03-31,P00201,0,2024-05-01T12:00:00Z
2024-04-30,P00201,0,2024-05-31T12:00:00Z
2024-05-31,P00201,0,2024-07-01T12:00:00Z
2024-06-30,P00201,0,2024-07-31T12:00:00Z
2024-07-31,P00201,0,2024-08-31T12:00:00Z
2024-08-31,P00201,0,2024-10-01T12:00:00Z
2024-09-30,P00201,0,2024-10-31T12:00:00Z
2024-10-31,P00201,0,2024-12-01T12:00:00Z
2024-11-30,P00201,0,2024-12-31T12:00:00Z
2024-12-31,P00201,0,2025-01-31T12:00:00Z
2025-01-31,P00201,0,2025-03-03T12:00:00Z
2025-02-28,P00201,0,2025-03-31T12:00:00Z
2025-03-31,P00201,0,2025-05-01T12:00:00Z
2025-04-30,P00201,0,2025-05-31T12:00:00Z
2025-05-31,P00201,0,2025-07-01T12:00:00Z
2025-06-30,P00201,0,2025-07-31T12:00:00Z
2025-07-31,P00201,0,2025-08-31T12:00:00Z
2025-08-31,P00201,0,2025-10-01T12:00:00Z
2025-09-30,P00201,0,2025-10-31T12:00:00Z
2025-10-31,P00201,0,2025-12-01T12:00:00Z
2025-11-30,P00201,0,2025-12-31T12:00:00Z
2025-12-31,P00201,0,2026-01-31T12:00:00Z
2023-07-31,P00202,0,2023-08-31T12:00:00Z
2023-08-31,P00202,0,2023-10-01T12:00:00Z
2023-09-30,P00202,0,2023-10-31T12:00:00Z
2023-10-31,P00202,0,2023-12-01T12:00:00Z
2023-11-30,P00202,0,2023-12-31T12:00:00Z
2023-12-31,P00202,0,2024-01-31T12:00:00Z
2024-01-31,P00202,0,2024-03-02T12:00:00Z
2024-02-29,P00202,0,2024-03-31T12:00:00Z
2024-03-31,P00202,0,2024-05-01T12:00:00Z
2024-04-30,P00202,0,2024-05-31T12:00:00Z
2024-05-31,P00202,0,2024-07-01T12:00:00Z
2024-06-30,P00202,0,2024-07-31T12:00:00Z
2024-07-31,P00202,0,2024-08-31T12:00:00Z
2024-08-31,P00202,0,2024-10-01T12:00:00Z
2024-09-30,P00202,1,2024-10-31T12:00:00Z
2023-07-31,P00203,0,2023-08-31T12:00:00Z
2023-08-31,P00203,0,2023-10-01T12:00:00Z
2023-09-30,P00203,0,2023-10-31T12:00:00Z
2023-10-31,P00203,0,2023-12-01T12:00:00Z
2023-11-30,P00203,0,2023-12-31T12:00:00Z
2023-12-31,P00203,0,2024-01-31T12:00:00Z
2024-01-31,P00203,0,2024-03-02T12:00:00Z
2024-02-29,P00203,0,2024-03-31T12:00:00Z
2024-03-31,P00203,0,2024-05-01T12:00:00Z
2024-04-30,P00203,0,2024-05-31T12:00:00Z
2024-05-31,P00203,0,2024-07-01T12:00:00Z
2024-06-30,P00203,0,2024-07-31T12:00:00Z
2024-07-31,P00203,0,2024-08-31T12:00:00Z
2024-08-31,P00203,0,2024-10-01T12:00:00Z
2024-09-30,P00203,0,2024-10-31T12:00:00Z
2024-10-31,P00203,0,2024-12-01T12:00:00Z
2024-11-30,P00203,0,2024-12-31T12:00:00Z
2024-12-31,P00203,0,2025-01-31T12:00:00Z
2025-01-31,P00203,0,2025-03-03T12:00:00Z
2025-02-28,P00203,0,2025-03-31T12:00:00Z
2025-03-31,P00203,0,2025-05-01T12:00:00Z
2025-04-30,P00203,0,2025-05-31T12:00:00Z
2025-05-31,P00203,0,2025-07-01T12:00:00Z
2025-06-30,P00203,0,2025-07-31T12:00:00Z
2025-07-31,P00203,0,2025-08-31T12:00:00Z
2025-08-31,P00203,0,2025-10-01T12:00:00Z
2025-09-30,P00203,0,2025-10-31T12:00:00Z
2025-10-31,P00203,0,2025-12-01T12:00:00Z
2025-11-30,P00203,0,2025-12-31T12:00:00Z
2025-12-31,P00203,0,2026-01-31T12:00:00Z
2023-07-31,P00204,0,2023-08-31T12:00:00Z
2023-08-31,P00204,0,2023-10-01T12:00:00Z
2023-09-30,P00204,0,2023-10-31T12:00:00Z
2023-10-31,P00204,0,2023-12-01T12:00:00Z
2023-11-30,P00204,0,2023-12-31T12:00:00Z
2023-12-31,P00204,0,2024-01-31T12:00:00Z
2024-01-31,P00204,0,2024-03-02T12:00:00Z
2024-02-29,P00204,1,2024-03-31T12:00:00Z
2023-07-31,P00205,0,2023-08-31T12:00:00Z
2023-08-31,P00205,0,2023-10-01T12:00:00Z
2023-09-30,P00205,0,2023-10-31T12:00:00Z
2023-10-31,P00205,0,2023-12-01T12:00:00Z
2023-11-30,P00205,0,2023-12-31T12:00:00Z
2023-12-31,P00205,0,2024-01-31T12:00:00Z
2024-01-31,P00205,0,2024-03-02T12:00:00Z
2024-02-29,P00205,0,2024-03-31T12:00:00Z
2024-03-31,P00205,0,2024-05-01T12:00:00Z
2024-04-30,P00205,0,2024-05-31T12:00:00Z
2024-05-31,P00205,0,2024-07-01T12:00:00Z
2024-06-30,P00205,0,2024-07-31T12:00:00Z
2024-07-31,P00205,0,2024-08-31T12:00:00Z
2024-08-31,P00205,1,2024-10-01T12:00:00Z
2023-07-31,P00206,0,2023-08-31T12:00:00Z
2023-08-31,P00206,0,2023-10-01T12:00:00Z
2023-09-30,P00206,0,2023-10-31T12:00:00Z
2023-10-31,P00206,0,2023-12-01T12:00:00Z
2023-11-30,P00206,0,2023-12-31T12:00:00Z
2023-12-31,P00206,0,2024-01-31T12:00:00Z
2024-01-31,P00206,0,2024-03-02T12:00:00Z
2024-02-29,P00206,0,2024-03-31T12:00:00Z
2024-03-31,P00206,0,2024-05-01T12:00:00Z
2024-04-30,P00206,0,2024-05-31T12:00:00Z
2024-05-31,P00206,0,2024-07-01T12:00:00Z
2024-06-30,P00206,1,2024-07-31T12:00:00Z
2023-07-31,P00207,0,2023-08-31T12:00:00Z
2023-08-31,P00207,0,2023-10-01T12:00:00Z
2023-09-30,P00207,0,2023-10-31T12:00:00Z
2023-10-31,P00207,0,2023-12-01T12:00:00Z
2023-11-30,P00207,0,2023-12-31T12:00:00Z
2023-12-31,P00207,0,2024-01-31T12:00:00Z
2024-01-31,P00207,0,2024-03-02T12:00:00Z
2024-02-29,P00207,0,2024-03-31T12:00:00Z
2024-03-31,P00207,0,2024-05-01T12:00:00Z
2024-04-30,P00207,0,2024-05-31T12:00:00Z
2024-05-31,P00207,0,2024-07-01T12:00:00Z
2024-06-30,P00207,0,2024-07-31T12:00:00Z
2024-07-31,P00207,0,2024-08-31T12:00:00Z
2024-08-31,P00207,0,2024-10-01T12:00:00Z
2024-09-30,P00207,0,2024-10-31T12:00:00Z
2024-10-31,P00207,0,2024-12-01T12:00:00Z
2024-11-30,P00207,0,2024-12-31T12:00:00Z
2024-12-31,P00207,0,2025-01-31T12:00:00Z
2025-01-31,P00207,0,2025-03-03T12:00:00Z
2025-02-28,P00207,0,2025-03-31T12:00:00Z
2025-03-31,P00207,0,2025-05-01T12:00:00Z
2025-04-30,P00207,0,2025-05-31T12:00:00Z
2025-05-31,P00207,0,2025-07-01T12:00:00Z
2025-06-30,P00207,0,2025-07-31T12:00:00Z
2025-07-31,P00207,0,2025-08-31T12:00:00Z
2025-08-31,P00207,0,2025-10-01T12:00:00Z
2025-09-30,P00207,0,2025-10-31T12:00:00Z
2025-10-31,P00207,0,2025-12-01T12:00:00Z
2025-11-30,P00207,0,2025-12-31T12:00:00Z
2025-12-31,P00207,0,2026-01-31T12:00:00Z
2023-07-31,P00208,0,2023-08-31T12:00:00Z
2023-08-31,P00208,0,2023-10-01T12:00:00Z
2023-09-30,P00208,0,2023-10-31T12:00:00Z
2023-10-31,P00208,0,2023-12-01T12:00:00Z
2023-11-30,P00208,0,2023-12-31T12:00:00Z
2023-12-31,P00208,0,2024-01-31T12:00:00Z
2024-01-31,P00208,0,2024-03-02T12:00:00Z
2024-02-29,P00208,0,2024-03-31T12:00:00Z
2024-03-31,P00208,0,2024-05-01T12:00:00Z
2024-04-30,P00208,0,2024-05-31T12:00:00Z
2024-05-31,P00208,0,2024-07-01T12:00:00Z
2024-06-30,P00208,0,2024-07-31T12:00:00Z
2024-07-31,P00208,0,2024-08-31T12:00:00Z
2024-08-31,P00208,0,2024-10-01T12:00:00Z
2024-09-30,P00208,0,2024-10-31T12:00:00Z
2024-10-31,P00208,0,2024-12-01T12:00:00Z
2024-11-30,P00208,0,2024-12-31T12:00:00Z
2024-12-31,P00208,0,2025-01-31T12:00:00Z
2025-01-31,P00208,0,2025-03-03T12:00:00Z
2025-02-28,P00208,0,2025-03-31T12:00:00Z
2025-03-31,P00208,0,2025-05-01T12:00:00Z
2025-04-30,P00208,0,2025-05-31T12:00:00Z
2025-05-31,P00208,0,2025-07-01T12:00:00Z
2025-06-30,P00208,0,2025-07-31T12:00:00Z
2025-07-31,P00208,0,2025-08-31T12:00:00Z
2025-08-31,P00208,0,2025-10-01T12:00:00Z
2025-09-30,P00208,0,2025-10-31T12:00:00Z
2025-10-31,P00208,0,2025-12-01T12:00:00Z
2025-11-30,P00208,0,2025-12-31T12:00:00Z
2025-12-31,P00208,0,2026-01-31T12:00:00Z
2023-07-31,P00209,0,2023-08-31T12:00:00Z
2023-08-31,P00209,0,2023-10-01T12:00:00Z
2023-09-30,P00209,0,2023-10-31T12:00:00Z
2023-10-31,P00209,0,2023-12-01T12:00:00Z
2023-11-30,P00209,0,2023-12-31T12:00:00Z
2023-12-31,P00209,0,2024-01-31T12:00:00Z
2024-01-31,P00209,0,2024-03-02T12:00:00Z
2024-02-29,P00209,0,2024-03-31T12:00:00Z
2024-03-31,P00209,0,2024-05-01T12:00:00Z
2024-04-30,P00209,0,2024-05-31T12:00:00Z
2024-05-31,P00209,0,2024-07-01T12:00:00Z
2024-06-30,P00209,0,2024-07-31T12:00:00Z
2024-07-31,P00209,0,2024-08-31T12:00:00Z
2024-08-31,P00209,0,2024-10-01T12:00:00Z
2024-09-30,P00209,0,2024-10-31T12:00:00Z
2024-10-31,P00209,0,2024-12-01T12:00:00Z
2024-11-30,P00209,0,2024-12-31T12:00:00Z
2024-12-31,P00209,0,2025-01-31T12:00:00Z
2025-01-31,P00209,0,2025-03-03T12:00:00Z
2025-02-28,P00209,0,2025-03-31T12:00:00Z
2025-03-31,P00209,0,2025-05-01T12:00:00Z
2025-04-30,P00209,0,2025-05-31T12:00:00Z
2025-05-31,P00209,0,2025-07-01T12:00:00Z
2025-06-30,P00209,0,2025-07-31T12:00:00Z
2025-07-31,P00209,0,2025-08-31T12:00:00Z
2025-08-31,P00209,0,2025-10-01T12:00:00Z
2025-09-30,P00209,0,2025-10-31T12:00:00Z
2025-10-31,P00209,1,2025-12-01T12:00:00Z
2023-07-31,P00210,0,2023-08-31T12:00:00Z
2023-08-31,P00210,0,2023-10-01T12:00:00Z
2023-09-30,P00210,0,2023-10-31T12:00:00Z
2023-10-31,P00210,0,2023-12-01T12:00:00Z
2023-11-30,P00210,0,2023-12-31T12:00:00Z
2023-12-31,P00210,0,2024-01-31T12:00:00Z
2024-01-31,P00210,0,2024-03-02T12:00:00Z
2024-02-29,P00210,0,2024-03-31T12:00:00Z
2024-03-31,P00210,0,2024-05-01T12:00:00Z
2024-04-30,P00210,0,2024-05-31T12:00:00Z
2024-05-31,P00210,0,2024-07-01T12:00:00Z
2024-06-30,P00210,0,2024-07-31T12:00:00Z
2024-07-31,P00210,0,2024-08-31T12:00:00Z
2024-08-31,P00210,0,2024-10-01T12:00:00Z
2024-09-30,P00210,0,2024-10-31T12:00:00Z
2024-10-31,P00210,0,2024-12-01T12:00:00Z
2024-11-30,P00210,0,2024-12-31T12:00:00Z
2024-12-31,P00210,0,2025-01-31T12:00:00Z
2025-01-31,P00210,0,2025-03-03T12:00:00Z
2025-02-28,P00210,0,2025-03-31T12:00:00Z
2025-03-31,P00210,1,2025-05-01T12:00:00Z
2023-07-31,P00211,0,2023-08-31T12:00:00Z
2023-08-31,P00211,0,2023-10-01T12:00:00Z
2023-09-30,P00211,0,2023-10-31T12:00:00Z
2023-10-31,P00211,0,2023-12-01T12:00:00Z
2023-11-30,P00211,0,2023-12-31T12:00:00Z
2023-12-31,P00211,0,2024-01-31T12:00:00Z
2024-01-31,P00211,0,2024-03-02T12:00:00Z
2024-02-29,P00211,0,2024-03-31T12:00:00Z
2024-03-31,P00211,0,2024-05-01T12:00:00Z
2024-04-30,P00211,0,2024-05-31T12:00:00Z
2024-05-31,P00211,0,2024-07-01T12:00:00Z
2024-06-30,P00211,0,2024-07-31T12:00:00Z
2024-07-31,P00211,0,2024-08-31T12:00:00Z
2024-08-31,P00211,0,2024-10-01T12:00:00Z
2024-09-30,P00211,0,2024-10-31T12:00:00Z
2024-10-31,P00211,0,2024-12-01T12:00:00Z
2024-11-30,P00211,0,2024-12-31T12:00:00Z
2024-12-31,P00211,0,2025-01-31T12:00:00Z
2025-01-31,P00211,0,2025-03-03T12:00:00Z
2025-02-28,P00211,0,2025-03-31T12:00:00Z
2025-03-31,P00211,0,2025-05-01T12:00:00Z
2025-04-30,P00211,0,2025-05-31T12:00:00Z
2025-05-31,P00211,0,2025-07-01T12:00:00Z
2025-06-30,P00211,0,2025-07-31T12:00:00Z
2025-07-31,P00211,0,2025-08-31T12:00:00Z
2025-08-31,P00211,0,2025-10-01T12:00:00Z
2025-09-30,P00211,0,2025-10-31T12:00:00Z
2025-10-31,P00211,0,2025-12-01T12:00:00Z
2025-11-30,P00211,0,2025-12-31T12:00:00Z
2025-12-31,P00211,0,2026-01-31T12:00:00Z
2023-07-31,P00212,0,2023-08-31T12:00:00Z
2023-08-31,P00212,0,2023-10-01T12:00:00Z
2023-09-30,P00212,0,2023-10-31T12:00:00Z
2023-10-31,P00212,0,2023-12-01T12:00:00Z
2023-11-30,P00212,0,2023-12-31T12:00:00Z
2023-12-31,P00212,0,2024-01-31T12:00:00Z
2024-01-31,P00212,0,2024-03-02T12:00:00Z
2024-02-29,P00212,0,2024-03-31T12:00:00Z
2024-03-31,P00212,0,2024-05-01T12:00:00Z
2024-04-30,P00212,0,2024-05-31T12:00:00Z
2024-05-31,P00212,0,2024-07-01T12:00:00Z
2024-06-30,P00212,0,2024-07-31T12:00:00Z
2024-07-31,P00212,0,2024-08-31T12:00:00Z
2024-08-31,P00212,0,2024-10-01T12:00:00Z
2024-09-30,P00212,0,2024-10-31T12:00:00Z
2024-10-31,P00212,0,2024-12-01T12:00:00Z
2024-11-30,P00212,0,2024-12-31T12:00:00Z
2024-12-31,P00212,0,2025-01-31T12:00:00Z
2025-01-31,P00212,0,2025-03-03T12:00:00Z
2025-02-28,P00212,0,2025-03-31T12:00:00Z
2025-03-31,P00212,0,2025-05-01T12:00:00Z
2025-04-30,P00212,0,2025-05-31T12:00:00Z
2025-05-31,P00212,0,2025-07-01T12:00:00Z
2025-06-30,P00212,0,2025-07-31T12:00:00Z
2025-07-31,P00212,0,2025-08-31T12:00:00Z
2025-08-31,P00212,0,2025-10-01T12:00:00Z
2025-09-30,P00212,0,2025-10-31T12:00:00Z
2025-10-31,P00212,0,2025-12-01T12:00:00Z
2025-11-30,P00212,0,2025-12-31T12:00:00Z
2025-12-31,P00212,0,2026-01-31T12:00:00Z
2023-07-31,P00213,0,2023-08-31T12:00:00Z
2023-08-31,P00213,0,2023-10-01T12:00:00Z
2023-09-30,P00213,0,2023-10-31T12:00:00Z
2023-10-31,P00213,1,2023-12-01T12:00:00Z
2023-07-31,P00214,0,2023-08-31T12:00:00Z
2023-08-31,P00214,0,2023-10-01T12:00:00Z
2023-09-30,P00214,0,2023-10-31T12:00:00Z
2023-10-31,P00214,0,2023-12-01T12:00:00Z
2023-11-30,P00214,0,2023-12-31T12:00:00Z
2023-12-31,P00214,0,2024-01-31T12:00:00Z
2024-01-31,P00214,0,2024-03-02T12:00:00Z
2024-02-29,P00214,0,2024-03-31T12:00:00Z
2024-03-31,P00214,0,2024-05-01T12:00:00Z
2024-04-30,P00214,0,2024-05-31T12:00:00Z
2024-05-31,P00214,0,2024-07-01T12:00:00Z
2024-06-30,P00214,0,2024-07-31T12:00:00Z
2024-07-31,P00214,0,2024-08-31T12:00:00Z
2024-08-31,P00214,0,2024-10-01T12:00:00Z
2024-09-30,P00214,0,2024-10-31T12:00:00Z
2024-10-31,P00214,0,2024-12-01T12:00:00Z
2024-11-30,P00214,0,2024-12-31T12:00:00Z
2024-12-31,P00214,0,2025-01-31T12:00:00Z
2025-01-31,P00214,0,2025-03-03T12:00:00Z
2025-02-28,P00214,0,2025-03-31T12:00:00Z
2025-03-31,P00214,0,2025-05-01T12:00:00Z
2025-04-30,P00214,0,2025-05-31T12:00:00Z
2025-05-31,P00214,0,2025-07-01T12:00:00Z
2025-06-30,P00214,0,2025-07-31T12:00:00Z
2025-07-31,P00214,0,2025-08-31T12:00:00Z
2025-08-31,P00214,0,2025-10-01T12:00:00Z
2025-09-30,P00214,0,2025-10-31T12:00:00Z
2025-10-31,P00214,0,2025-12-01T12:00:00Z
2025-11-30,P00214,0,2025-12-31T12:00:00Z
2025-12-31,P00214,0,2026-01-31T12:00:00Z
2023-07-31,P00215,0,2023-08-31T12:00:00Z
2023-08-31,P00215,0,2023-10-01T12:00:00Z
2023-09-30,P00215,0,2023-10-31T12:00:00Z
2023-10-31,P00215,0,2023-12-01T12:00:00Z
2023-11-30,P00215,0,2023-12-31T12:00:00Z
2023-12-31,P00215,0,2024-01-31T12:00:00Z
2024-01-31,P00215,0,2024-03-02T12:00:00Z
2024-02-29,P00215,0,2024-03-31T12:00:00Z
2024-03-31,P00215,0,2024-05-01T12:00:00Z
2024-04-30,P00215,0,2024-05-31T12:00:00Z
2024-05-31,P00215,0,2024-07-01T12:00:00Z
2024-06-30,P00215,0,2024-07-31T12:00:00Z
2024-07-31,P00215,0,2024-08-31T12:00:00Z
2024-08-31,P00215,0,2024-10-01T12:00:00Z
2024-09-30,P00215,0,2024-10-31T12:00:00Z
2024-10-31,P00215,0,2024-12-01T12:00:00Z
2024-11-30,P00215,0,2024-12-31T12:00:00Z
2024-12-31,P00215,0,2025-01-31T12:00:00Z
2025-01-31,P00215,0,2025-03-03T12:00:00Z
2025-02-28,P00215,0,2025-03-31T12:00:00Z
2025-03-31,P00215,0,2025-05-01T12:00:00Z
2025-04-30,P00215,0,2025-05-31T12:00:00Z
2025-05-31,P00215,0,2025-07-01T12:00:00Z
2025-06-30,P00215,0,2025-07-31T12:00:00Z
2025-07-31,P00215,0,2025-08-31T12:00:00Z
2025-08-31,P00215,0,2025-10-01T12:00:00Z
2025-09-30,P00215,0,2025-10-31T12:00:00Z
2025-10-31,P00215,0,2025-12-01T12:00:00Z
2025-11-30,P00215,0,2025-12-31T12:00:00Z
2025-12-31,P00215,0,2026-01-31T12:00:00Z
2023-07-31,P00216,0,2023-08-31T12:00:00Z
2023-08-31,P00216,0,2023-10-01T12:00:00Z
2023-09-30,P00216,0,2023-10-31T12:00:00Z
2023-10-31,P00216,0,2023-12-01T12:00:00Z
2023-11-30,P00216,0,2023-12-31T12:00:00Z
2023-12-31,P00216,0,2024-01-31T12:00:00Z
2024-01-31,P00216,0,2024-03-02T12:00:00Z
2024-02-29,P00216,0,2024-03-31T12:00:00Z
2024-03-31,P00216,0,2024-05-01T12:00:00Z
2024-04-30,P00216,0,2024-05-31T12:00:00Z
2024-05-31,P00216,0,2024-07-01T12:00:00Z
2024-06-30,P00216,0,2024-07-31T12:00:00Z
2024-07-31,P00216,0,2024-08-31T12:00:00Z
2024-08-31,P00216,0,2024-10-01T12:00:00Z
2024-09-30,P00216,0,2024-10-31T12:00:00Z
2024-10-31,P00216,0,2024-12-01T12:00:00Z
2024-11-30,P00216,0,2024-12-31T12:00:00Z
2024-12-31,P00216,0,2025-01-31T12:00:00Z
2025-01-31,P00216,0,2025-03-03T12:00:00Z
2025-02-28,P00216,0,2025-03-31T12:00:00Z
2025-03-31,P00216,0,2025-05-01T12:00:00Z
2025-04-30,P00216,0,2025-05-31T12:00:00Z
2025-05-31,P00216,0,2025-07-01T12:00:00Z
2025-06-30,P00216,0,2025-07-31T12:00:00Z
2025-07-31,P00216,0,2025-08-31T12:00:00Z
2025-08-31,P00216,0,2025-10-01T12:00:00Z
2025-09-30,P00216,0,2025-10-31T12:00:00Z
2025-10-31,P00216,0,2025-12-01T12:00:00Z
2025-11-30,P00216,0,2025-12-31T12:00:00Z
2025-12-31,P00216,0,2026-01-31T12:00:00Z
2023-07-31,P00217,0,2023-08-31T12:00:00Z
2023-08-31,P00217,0,2023-10-01T12:00:00Z
2023-09-30,P00217,0,2023-10-31T12:00:00Z
2023-10-31,P00217,0,2023-12-01T12:00:00Z
2023-11-30,P00217,0,2023-12-31T12:00:00Z
2023-12-31,P00217,0,2024-01-31T12:00:00Z
2024-01-31,P00217,0,2024-03-02T12:00:00Z
2024-02-29,P00217,0,2024-03-31T12:00:00Z
2024-03-31,P00217,0,2024-05-01T12:00:00Z
2024-04-30,P00217,0,2024-05-31T12:00:00Z
2024-05-31,P00217,0,2024-07-01T12:00:00Z
2024-06-30,P00217,0,2024-07-31T12:00:00Z
2024-07-31,P00217,0,2024-08-31T12:00:00Z
2024-08-31,P00217,0,2024-10-01T12:00:00Z
2024-09-30,P00217,0,2024-10-31T12:00:00Z
2024-10-31,P00217,0,2024-12-01T12:00:00Z
2024-11-30,P00217,1,2024-12-31T12:00:00Z
2023-07-31,P00218,0,2023-08-31T12:00:00Z
2023-08-31,P00218,0,2023-10-01T12:00:00Z
2023-09-30,P00218,0,2023-10-31T12:00:00Z
2023-10-31,P00218,0,2023-12-01T12:00:00Z
2023-11-30,P00218,0,2023-12-31T12:00:00Z
2023-12-31,P00218,0,2024-01-31T12:00:00Z
2024-01-31,P00218,0,2024-03-02T12:00:00Z
2024-02-29,P00218,0,2024-03-31T12:00:00Z
2024-03-31,P00218,0,2024-05-01T12:00:00Z
2024-04-30,P00218,0,2024-05-31T12:00:00Z
2024-05-31,P00218,0,2024-07-01T12:00:00Z
2024-06-30,P00218,0,2024-07-31T12:00:00Z
2024-07-31,P00218,0,2024-08-31T12:00:00Z
2024-08-31,P00218,0,2024-10-01T12:00:00Z
2024-09-30,P00218,0,2024-10-31T12:00:00Z
2024-10-31,P00218,0,2024-12-01T12:00:00Z
2024-11-30,P00218,0,2024-12-31T12:00:00Z
2024-12-31,P00218,0,2025-01-31T12:00:00Z
2025-01-31,P00218,0,2025-03-03T12:00:00Z
2025-02-28,P00218,0,2025-03-31T12:00:00Z
2025-03-31,P00218,0,2025-05-01T12:00:00Z
2025-04-30,P00218,0,2025-05-31T12:00:00Z
2025-05-31,P00218,0,2025-07-01T12:00:00Z
2025-06-30,P00218,0,2025-07-31T12:00:00Z
2025-07-31,P00218,0,2025-08-31T12:00:00Z
2025-08-31,P00218,0,2025-10-01T12:00:00Z
2025-09-30,P00218,0,2025-10-31T12:00:00Z
2025-10-31,P00218,0,2025-12-01T12:00:00Z
2025-11-30,P00218,0,2025-12-31T12:00:00Z
2025-12-31,P00218,0,2026-01-31T12:00:00Z
2023-07-31,P00219,0,2023-08-31T12:00:00Z
2023-08-31,P00219,0,2023-10-01T12:00:00Z
2023-09-30,P00219,0,2023-10-31T12:00:00Z
2023-10-31,P00219,0,2023-12-01T12:00:00Z
2023-11-30,P00219,0,2023-12-31T12:00:00Z
2023-12-31,P00219,0,2024-01-31T12:00:00Z
2024-01-31,P00219,0,2024-03-02T12:00:00Z
2024-02-29,P00219,0,2024-03-31T12:00:00Z
2024-03-31,P00219,0,2024-05-01T12:00:00Z
2024-04-30,P00219,0,2024-05-31T12:00:00Z
2024-05-31,P00219,0,2024-07-01T12:00:00Z
2024-06-30,P00219,0,2024-07-31T12:00:00Z
2024-07-31,P00219,0,2024-08-31T12:00:00Z
2024-08-31,P00219,0,2024-10-01T12:00:00Z
2024-09-30,P00219,0,2024-10-31T12:00:00Z
2024-10-31,P00219,0,2024-12-01T12:00:00Z
2024-11-30,P00219,0,2024-12-31T12:00:00Z
2024-12-31,P00219,0,2025-01-31T12:00:00Z
2025-01-31,P00219,0,2025-03-03T12:00:00Z
2025-02-28,P00219,0,2025-03-31T12:00:00Z
2025-03-31,P00219,0,2025-05-01T12:00:00Z
2025-04-30,P00219,0,2025-05-31T12:00:00Z
2025-05-31,P00219,0,2025-07-01T12:00:00Z
2025-06-30,P00219,0,2025-07-31T12:00:00Z
2025-07-31,P00219,0,2025-08-31T12:00:00Z
2025-08-31,P00219,0,2025-10-01T12:00:00Z
2025-09-30,P00219,0,2025-10-31T12:00:00Z
2025-10-31,P00219,0,2025-12-01T12:00:00Z
2025-11-30,P00219,0,2025-12-31T12:00:00Z
2025-12-31,P00219,0,2026-01-31T12:00:00Z
2023-07-31,P00220,0,2023-08-31T12:00:00Z
2023-08-31,P00220,0,2023-10-01T12:00:00Z
2023-09-30,P00220,0,2023-10-31T12:00:00Z
2023-10-31,P00220,0,2023-12-01T12:00:00Z
2023-11-30,P00220,0,2023-12-31T12:00:00Z
2023-12-31,P00220,1,2024-01-31T12:00:00Z
2023-07-31,P00221,0,2023-08-31T12:00:00Z
2023-08-31,P00221,0,2023-10-01T12:00:00Z
2023-09-30,P00221,0,2023-10-31T12:00:00Z
2023-10-31,P00221,0,2023-12-01T12:00:00Z
2023-11-30,P00221,0,2023-12-31T12:00:00Z
2023-12-31,P00221,0,2024-01-31T12:00:00Z
2024-01-31,P00221,0,2024-03-02T12:00:00Z
2024-02-29,P00221,0,2024-03-31T12:00:00Z
2024-03-31,P00221,0,2024-05-01T12:00:00Z
2024-04-30,P00221,0,2024-05-31T12:00:00Z
2024-05-31,P00221,0,2024-07-01T12:00:00Z
2024-06-30,P00221,0,2024-07-31T12:00:00Z
2024-07-31,P00221,0,2024-08-31T12:00:00Z
2024-08-31,P00221,0,2024-10-01T12:00:00Z
2024-09-30,P00221,0,2024-10-31T12:00:00Z
2024-10-31,P00221,0,2024-12-01T12:00:00Z
2024-11-30,P00221,0,2024-12-31T12:00:00Z
2024-12-31,P00221,0,2025-01-31T12:00:00Z
2025-01-31,P00221,0,2025-03-03T12:00:00Z
2025-02-28,P00221,0,2025-03-31T12:00:00Z
2025-03-31,P00221,0,2025-05-01T12:00:00Z
2025-04-30,P00221,0,2025-05-31T12:00:00Z
2025-05-31,P00221,1,2025-07-01T12:00:00Z
2023-07-31,P00222,0,2023-08-31T12:00:00Z
2023-08-31,P00222,0,2023-10-01T12:00:00Z
2023-09-30,P00222,0,2023-10-31T12:00:00Z
2023-10-31,P00222,0,2023-12-01T12:00:00Z
2023-11-30,P00222,0,2023-12-31T12:00:00Z
2023-12-31,P00222,0,2024-01-31T12:00:00Z
2024-01-31,P00222,0,2024-03-02T12:00:00Z
2024-02-29,P00222,0,2024-03-31T12:00:00Z
2024-03-31,P00222,0,2024-05-01T12:00:00Z
2024-04-30,P00222,0,2024-05-31T12:00:00Z
2024-05-31,P00222,0,2024-07-01T12:00:00Z
2024-06-30,P00222,0,2024-07-31T12:00:00Z
2024-07-31,P00222,0,2024-08-31T12:00:00Z
2024-08-31,P00222,0,2024-10-01T12:00:00Z
2024-09-30,P00222,0,2024-10-31T12:00:00Z
2024-10-31,P00222,0,2024-12-01T12:00:00Z
2024-11-30,P00222,0,2024-12-31T12:00:00Z
2024-12-31,P00222,0,2025-01-31T12:00:00Z
2025-01-31,P00222,0,2025-03-03T12:00:00Z
2025-02-28,P00222,0,2025-03-31T12:00:00Z
2025-03-31,P00222,0,2025-05-01T12:00:00Z
2025-04-30,P00222,0,2025-05-31T12:00:00Z
2025-05-31,P00222,0,2025-07-01T12:00:00Z
2025-06-30,P00222,0,2025-07-31T12:00:00Z
2025-07-31,P00222,1,2025-08-31T12:00:00Z
2023-07-31,P00223,0,2023-08-31T12:00:00Z
2023-08-31,P00223,0,2023-10-01T12:00:00Z
2023-09-30,P00223,0,2023-10-31T12:00:00Z
2023-10-31,P00223,0,2023-12-01T12:00:00Z
2023-11-30,P00223,0,2023-12-31T12:00:00Z
2023-12-31,P00223,0,2024-01-31T12:00:00Z
2024-01-31,P00223,0,2024-03-02T12:00:00Z
2024-02-29,P00223,0,2024-03-31T12:00:00Z
2024-03-31,P00223,0,2024-05-01T12:00:00Z
2024-04-30,P00223,0,2024-05-31T12:00:00Z
2024-05-31,P00223,0,2024-07-01T12:00:00Z
2024-06-30,P00223,0,2024-07-31T12:00:00Z
2024-07-31,P00223,0,2024-08-31T12:00:00Z
2024-08-31,P00223,0,2024-10-01T12:00:00Z
2024-09-30,P00223,0,2024-10-31T12:00:00Z
2024-10-31,P00223,0,2024-12-01T12:00:00Z
2024-11-30,P00223,0,2024-12-31T12:00:00Z
2024-12-31,P00223,1,2025-01-31T12:00:00Z
2023-07-31,P00224,0,2023-08-31T12:00:00Z
2023-08-31,P00224,0,2023-10-01T12:00:00Z
2023-09-30,P00224,0,2023-10-31T12:00:00Z
2023-10-31,P00224,0,2023-12-01T12:00:00Z
2023-11-30,P00224,0,2023-12-31T12:00:00Z
2023-12-31,P00224,0,2024-01-31T12:00:00Z
2024-01-31,P00224,0,2024-03-02T12:00:00Z
2024-02-29,P00224,0,2024-03-31T12:00:00Z
2024-03-31,P00224,0,2024-05-01T12:00:00Z
2024-04-30,P00224,0,2024-05-31T12:00:00Z
2024-05-31,P00224,0,2024-07-01T12:00:00Z
2024-06-30,P00224,0,2024-07-31T12:00:00Z
2024-07-31,P00224,0,2024-08-31T12:00:00Z
2024-08-31,P00224,0,2024-10-01T12:00:00Z
2024-09-30,P00224,0,2024-10-31T12:00:00Z
2024-10-31,P00224,0,2024-12-01T12:00:00Z
2024-11-30,P00224,0,2024-12-31T12:00:00Z
2024-12-31,P00224,0,2025-01-31T12:00:00Z
2025-01-31,P00224,0,2025-03-03T12:00:00Z
2025-02-28,P00224,0,2025-03-31T12:00:00Z
2025-03-31,P00224,0,2025-05-01T12:00:00Z
2025-04-30,P00224,0,2025-05-31T12:00:00Z
2025-05-31,P00224,0,2025-07-01T12:00:00Z
2025-06-30,P00224,0,2025-07-31T12:00:00Z
2025-07-31,P00224,0,2025-08-31T12:00:00Z
2025-08-31,P00224,0,2025-10-01T12:00:00Z
2025-09-30,P00224,0,2025-10-31T12:00:00Z
2025-10-31,P00224,0,2025-12-01T12:00:00Z
2025-11-30,P00224,0,2025-12-31T12:00:00Z
2025-12-31,P00224,0,2026-01-31T12:00:00Z
2023-07-31,P00225,0,2023-08-31T12:00:00Z
2023-08-31,P00225,0,2023-10-01T12:00:00Z
2023-09-30,P00225,1,2023-10-31T12:00:00Z
2023-07-31,P00226,0,2023-08-31T12:00:00Z
2023-08-31,P00226,0,2023-10-01T12:00:00Z
2023-09-30,P00226,0,2023-10-31T12:00:00Z
2023-10-31,P00226,0,2023-12-01T12:00:00Z
2023-11-30,P00226,0,2023-12-31T12:00:00Z
2023-12-31,P00226,0,2024-01-31T12:00:00Z
2024-01-31,P00226,0,2024-03-02T12:00:00Z
2024-02-29,P00226,0,2024-03-31T12:00:00Z
2024-03-31,P00226,0,2024-05-01T12:00:00Z
2024-04-30,P00226,0,2024-05-31T12:00:00Z
2024-05-31,P00226,0,2024-07-01T12:00:00Z
2024-06-30,P00226,0,2024-07-31T12:00:00Z
2024-07-31,P00226,0,2024-08-31T12:00:00Z
2024-08-31,P00226,0,2024-10-01T12:00:00Z
2024-09-30,P00226,0,2024-10-31T12:00:00Z
2024-10-31,P00226,0,2024-12-01T12:00:00Z
2024-11-30,P00226,0,2024-12-31T12:00:00Z
2024-12-31,P00226,0,2025-01-31T12:00:00Z
2025-01-31,P00226,0,2025-03-03T12:00:00Z
2025-02-28,P00226,0,2025-03-31T12:00:00Z
2025-03-31,P00226,0,2025-05-01T12:00:00Z
2025-04-30,P00226,0,2025-05-31T12:00:00Z
2025-05-31,P00226,0,2025-07-01T12:00:00Z
2025-06-30,P00226,0,2025-07-31T12:00:00Z
2025-07-31,P00226,0,2025-08-31T12:00:00Z
2025-08-31,P00226,0,2025-10-01T12:00:00Z
2025-09-30,P00226,0,2025-10-31T12:00:00Z
2025-10-31,P00226,0,2025-12-01T12:00:00Z
2025-11-30,P00226,0,2025-12-31T12:00:00Z
2025-12-31,P00226,0,2026-01-31T12:00:00Z
2023-07-31,P00227,0,2023-08-31T12:00:00Z
2023-08-31,P00227,0,2023-10-01T12:00:00Z
2023-09-30,P00227,0,2023-10-31T12:00:00Z
2023-10-31,P00227,0,2023-12-01T12:00:00Z
2023-11-30,P00227,0,2023-12-31T12:00:00Z
2023-12-31,P00227,0,2024-01-31T12:00:00Z
2024-01-31,P00227,0,2024-03-02T12:00:00Z
2024-02-29,P00227,0,2024-03-31T12:00:00Z
2024-03-31,P00227,0,2024-05-01T12:00:00Z
2024-04-30,P00227,0,2024-05-31T12:00:00Z
2024-05-31,P00227,0,2024-07-01T12:00:00Z
2024-06-30,P00227,0,2024-07-31T12:00:00Z
2024-07-31,P00227,0,2024-08-31T12:00:00Z
2024-08-31,P00227,0,2024-10-01T12:00:00Z
2024-09-30,P00227,0,2024-10-31T12:00:00Z
2024-10-31,P00227,0,2024-12-01T12:00:00Z
2024-11-30,P00227,0,2024-12-31T12:00:00Z
2024-12-31,P00227,0,2025-01-31T12:00:00Z
2025-01-31,P00227,0,2025-03-03T12:00:00Z
2025-02-28,P00227,0,2025-03-31T12:00:00Z
2025-03-31,P00227,0,2025-05-01T12:00:00Z
2025-04-30,P00227,0,2025-05-31T12:00:00Z
2025-05-31,P00227,0,2025-07-01T12:00:00Z
2025-06-30,P00227,0,2025-07-31T12:00:00Z
2025-07-31,P00227,0,2025-08-31T12:00:00Z
2025-08-31,P00227,0,2025-10-01T12:00:00Z
2025-09-30,P00227,0,2025-10-31T12:00:00Z
2025-10-31,P00227,0,2025-12-01T12:00:00Z
2025-11-30,P00227,0,2025-12-31T12:00:00Z
2025-12-31,P00227,0,2026-01-31T12:00:00Z
2023-07-31,P00228,0,2023-08-31T12:00:00Z
2023-08-31,P00228,0,2023-10-01T12:00:00Z
2023-09-30,P00228,0,2023-10-31T12:00:00Z
2023-10-31,P00228,0,2023-12-01T12:00:00Z
2023-11-30,P00228,0,2023-12-31T12:00:00Z
2023-12-31,P00228,0,2024-01-31T12:00:00Z
2024-01-31,P00228,0,2024-03-02T12:00:00Z
2024-02-29,P00228,0,2024-03-31T12:00:00Z
2024-03-31,P00228,0,2024-05-01T12:00:00Z
2024-04-30,P00228,0,2024-05-31T12:00:00Z
2024-05-31,P00228,0,2024-07-01T12:00:00Z
2024-06-30,P00228,0,2024-07-31T12:00:00Z
2024-07-31,P00228,0,2024-08-31T12:00:00Z
2024-08-31,P00228,0,2024-10-01T12:00:00Z
2024-09-30,P00228,0,2024-10-31T12:00:00Z
2024-10-31,P00228,0,2024-12-01T12:00:00Z
2024-11-30,P00228,0,2024-12-31T12:00:00Z
2024-12-31,P00228,0,2025-01-31T12:00:00Z
2025-01-31,P00228,0,2025-03-03T12:00:00Z
2025-02-28,P00228,0,2025-03-31T12:00:00Z
2025-03-31,P00228,0,2025-05-01T12:00:00Z
2025-04-30,P00228,0,2025-05-31T12:00:00Z
2025-05-31,P00228,0,2025-07-01T12:00:00Z
2025-06-30,P00228,0,2025-07-31T12:00:00Z
2025-07-31,P00228,0,2025-08-31T12:00:00Z
2025-08-31,P00228,0,2025-10-01T12:00:00Z
2025-09-30,P00228,0,2025-10-31T12:00:00Z
2025-10-31,P00228,0,2025-12-01T12:00:00Z
2025-11-30,P00228,0,2025-12-31T12:00:00Z
2025-12-31,P00228,0,2026-01-31T12:00:00Z
2023-07-31,P00229,0,2023-08-31T12:00:00Z
2023-08-31,P00229,0,2023-10-01T12:00:00Z
2023-09-30,P00229,0,2023-10-31T12:00:00Z
2023-10-31,P00229,0,2023-12-01T12:00:00Z
2023-11-30,P00229,0,2023-12-31T12:00:00Z
2023-12-31,P00229,0,2024-01-31T12:00:00Z
2024-01-31,P00229,0,2024-03-02T12:00:00Z
2024-02-29,P00229,0,2024-03-31T12:00:00Z
2024-03-31,P00229,0,2024-05-01T12:00:00Z
2024-04-30,P00229,0,2024-05-31T12:00:00Z
2024-05-31,P00229,0,2024-07-01T12:00:00Z
2024-06-30,P00229,0,2024-07-31T12:00:00Z
2024-07-31,P00229,0,2024-08-31T12:00:00Z
2024-08-31,P00229,0,2024-10-01T12:00:00Z
2024-09-30,P00229,0,2024-10-31T12:00:00Z
2024-10-31,P00229,0,2024-12-01T12:00:00Z
2024-11-30,P00229,0,2024-12-31T12:00:00Z
2024-12-31,P00229,0,2025-01-31T12:00:00Z
2025-01-31,P00229,0,2025-03-03T12:00:00Z
2025-02-28,P00229,0,2025-03-31T12:00:00Z
2025-03-31,P00229,0,2025-05-01T12:00:00Z
2025-04-30,P00229,0,2025-05-31T12:00:00Z
2025-05-31,P00229,0,2025-07-01T12:00:00Z
2025-06-30,P00229,0,2025-07-31T12:00:00Z
2025-07-31,P00229,0,2025-08-31T12:00:00Z
2025-08-31,P00229,0,2025-10-01T12:00:00Z
2025-09-30,P00229,0,2025-10-31T12:00:00Z
2025-10-31,P00229,0,2025-12-01T12:00:00Z
2025-11-30,P00229,0,2025-12-31T12:00:00Z
2025-12-31,P00229,0,2026-01-31T12:00:00Z
2023-07-31,P00230,0,2023-08-31T12:00:00Z
2023-08-31,P00230,0,2023-10-01T12:00:00Z
2023-09-30,P00230,0,2023-10-31T12:00:00Z
2023-10-31,P00230,0,2023-12-01T12:00:00Z
2023-11-30,P00230,0,2023-12-31T12:00:00Z
2023-12-31,P00230,0,2024-01-31T12:00:00Z
2024-01-31,P00230,0,2024-03-02T12:00:00Z
2024-02-29,P00230,0,2024-03-31T12:00:00Z
2024-03-31,P00230,0,2024-05-01T12:00:00Z
2024-04-30,P00230,0,2024-05-31T12:00:00Z
2024-05-31,P00230,0,2024-07-01T12:00:00Z
2024-06-30,P00230,0,2024-07-31T12:00:00Z
2024-07-31,P00230,0,2024-08-31T12:00:00Z
2024-08-31,P00230,0,2024-10-01T12:00:00Z
2024-09-30,P00230,0,2024-10-31T12:00:00Z
2024-10-31,P00230,0,2024-12-01T12:00:00Z
2024-11-30,P00230,0,2024-12-31T12:00:00Z
2024-12-31,P00230,0,2025-01-31T12:00:00Z
2025-01-31,P00230,0,2025-03-03T12:00:00Z
2025-02-28,P00230,0,2025-03-31T12:00:00Z
2025-03-31,P00230,0,2025-05-01T12:00:00Z
2025-04-30,P00230,0,2025-05-31T12:00:00Z
2025-05-31,P00230,0,2025-07-01T12:00:00Z
2025-06-30,P00230,0,2025-07-31T12:00:00Z
2025-07-31,P00230,0,2025-08-31T12:00:00Z
2025-08-31,P00230,0,2025-10-01T12:00:00Z
2025-09-30,P00230,0,2025-10-31T12:00:00Z
2025-10-31,P00230,0,2025-12-01T12:00:00Z
2025-11-30,P00230,0,2025-12-31T12:00:00Z
2025-12-31,P00230,0,2026-01-31T12:00:00Z
2023-07-31,P00231,0,2023-08-31T12:00:00Z
2023-08-31,P00231,0,2023-10-01T12:00:00Z
2023-09-30,P00231,0,2023-10-31T12:00:00Z
2023-10-31,P00231,0,2023-12-01T12:00:00Z
2023-11-30,P00231,0,2023-12-31T12:00:00Z
2023-12-31,P00231,0,2024-01-31T12:00:00Z
2024-01-31,P00231,0,2024-03-02T12:00:00Z
2024-02-29,P00231,0,2024-03-31T12:00:00Z
2024-03-31,P00231,0,2024-05-01T12:00:00Z
2024-04-30,P00231,0,2024-05-31T12:00:00Z
2024-05-31,P00231,0,2024-07-01T12:00:00Z
2024-06-30,P00231,0,2024-07-31T12:00:00Z
2024-07-31,P00231,0,2024-08-31T12:00:00Z
2024-08-31,P00231,0,2024-10-01T12:00:00Z
2024-09-30,P00231,0,2024-10-31T12:00:00Z
2024-10-31,P00231,0,2024-12-01T12:00:00Z
2024-11-30,P00231,1,2024-12-31T12:00:00Z
2023-07-31,P00232,0,2023-08-31T12:00:00Z
2023-08-31,P00232,0,2023-10-01T12:00:00Z
2023-09-30,P00232,0,2023-10-31T12:00:00Z
2023-10-31,P00232,0,2023-12-01T12:00:00Z
2023-11-30,P00232,0,2023-12-31T12:00:00Z
2023-12-31,P00232,0,2024-01-31T12:00:00Z
2024-01-31,P00232,0,2024-03-02T12:00:00Z
2024-02-29,P00232,0,2024-03-31T12:00:00Z
2024-03-31,P00232,0,2024-05-01T12:00:00Z
2024-04-30,P00232,0,2024-05-31T12:00:00Z
2024-05-31,P00232,0,2024-07-01T12:00:00Z
2024-06-30,P00232,0,2024-07-31T12:00:00Z
2024-07-31,P00232,0,2024-08-31T12:00:00Z
2024-08-31,P00232,0,2024-10-01T12:00:00Z
2024-09-30,P00232,0,2024-10-31T12:00:00Z
2024-10-31,P00232,0,2024-12-01T12:00:00Z
2024-11-30,P00232,0,2024-12-31T12:00:00Z
2024-12-31,P00232,1,2025-01-31T12:00:00Z
2023-07-31,P00233,0,2023-08-31T12:00:00Z
2023-08-31,P00233,0,2023-10-01T12:00:00Z
2023-09-30,P00233,0,2023-10-31T12:00:00Z
2023-10-31,P00233,0,2023-12-01T12:00:00Z
2023-11-30,P00233,0,2023-12-31T12:00:00Z
2023-12-31,P00233,0,2024-01-31T12:00:00Z
2024-01-31,P00233,0,2024-03-02T12:00:00Z
2024-02-29,P00233,0,2024-03-31T12:00:00Z
2024-03-31,P00233,0,2024-05-01T12:00:00Z
2024-04-30,P00233,0,2024-05-31T12:00:00Z
2024-05-31,P00233,0,2024-07-01T12:00:00Z
2024-06-30,P00233,0,2024-07-31T12:00:00Z
2024-07-31,P00233,0,2024-08-31T12:00:00Z
2024-08-31,P00233,0,2024-10-01T12:00:00Z
2024-09-30,P00233,0,2024-10-31T12:00:00Z
2024-10-31,P00233,0,2024-12-01T12:00:00Z
2024-11-30,P00233,0,2024-12-31T12:00:00Z
2024-12-31,P00233,0,2025-01-31T12:00:00Z
2025-01-31,P00233,0,2025-03-03T12:00:00Z
2025-02-28,P00233,0,2025-03-31T12:00:00Z
2025-03-31,P00233,0,2025-05-01T12:00:00Z
2025-04-30,P00233,0,2025-05-31T12:00:00Z
2025-05-31,P00233,0,2025-07-01T12:00:00Z
2025-06-30,P00233,0,2025-07-31T12:00:00Z
2025-07-31,P00233,0,2025-08-31T12:00:00Z
2025-08-31,P00233,0,2025-10-01T12:00:00Z
2025-09-30,P00233,0,2025-10-31T12:00:00Z
2025-10-31,P00233,0,2025-12-01T12:00:00Z
2025-11-30,P00233,0,2025-12-31T12:00:00Z
2025-12-31,P00233,0,2026-01-31T12:00:00Z
2023-07-31,P00234,0,2023-08-31T12:00:00Z
2023-08-31,P00234,0,2023-10-01T12:00:00Z
2023-09-30,P00234,0,2023-10-31T12:00:00Z
2023-10-31,P00234,0,2023-12-01T12:00:00Z
2023-11-30,P00234,0,2023-12-31T12:00:00Z
2023-12-31,P00234,0,2024-01-31T12:00:00Z
2024-01-31,P00234,0,2024-03-02T12:00:00Z
2024-02-29,P00234,0,2024-03-31T12:00:00Z
2024-03-31,P00234,0,2024-05-01T12:00:00Z
2024-04-30,P00234,0,2024-05-31T12:00:00Z
2024-05-31,P00234,0,2024-07-01T12:00:00Z
2024-06-30,P00234,0,2024-07-31T12:00:00Z
2024-07-31,P00234,0,2024-08-31T12:00:00Z
2024-08-31,P00234,0,2024-10-01T12:00:00Z
2024-09-30,P00234,0,2024-10-31T12:00:00Z
2024-10-31,P00234,0,2024-12-01T12:00:00Z
2024-11-30,P00234,0,2024-12-31T12:00:00Z
2024-12-31,P00234,0,2025-01-31T12:00:00Z
2025-01-31,P00234,0,2025-03-03T12:00:00Z
2025-02-28,P00234,0,2025-03-31T12:00:00Z
2025-03-31,P00234,0,2025-05-01T12:00:00Z
2025-04-30,P00234,0,2025-05-31T12:00:00Z
2025-05-31,P00234,0,2025-07-01T12:00:00Z
2025-06-30,P00234,0,2025-07-31T12:00:00Z
2025-07-31,P00234,1,2025-08-31T12:00:00Z
2023-07-31,P00235,0,2023-08-31T12:00:00Z
2023-08-31,P00235,0,2023-10-01T12:00:00Z
2023-09-30,P00235,0,2023-10-31T12:00:00Z
2023-10-31,P00235,0,2023-12-01T12:00:00Z
2023-11-30,P00235,0,2023-12-31T12:00:00Z
2023-12-31,P00235,0,2024-01-31T12:00:00Z
2024-01-31,P00235,0,2024-03-02T12:00:00Z
2024-02-29,P00235,0,2024-03-31T12:00:00Z
2024-03-31,P00235,0,2024-05-01T12:00:00Z
2024-04-30,P00235,0,2024-05-31T12:00:00Z
2024-05-31,P00235,0,2024-07-01T12:00:00Z
2024-06-30,P00235,0,2024-07-31T12:00:00Z
2024-07-31,P00235,0,2024-08-31T12:00:00Z
2024-08-31,P00235,0,2024-10-01T12:00:00Z
2024-09-30,P00235,1,2024-10-31T12:00:00Z
2023-07-31,P00236,0,2023-08-31T12:00:00Z
2023-08-31,P00236,0,2023-10-01T12:00:00Z
2023-09-30,P00236,0,2023-10-31T12:00:00Z
2023-10-31,P00236,0,2023-12-01T12:00:00Z
2023-11-30,P00236,0,2023-12-31T12:00:00Z
2023-12-31,P00236,0,2024-01-31T12:00:00Z
2024-01-31,P00236,0,2024-03-02T12:00:00Z
2024-02-29,P00236,0,2024-03-31T12:00:00Z
2024-03-31,P00236,0,2024-05-01T12:00:00Z
2024-04-30,P00236,0,2024-05-31T12:00:00Z
2024-05-31,P00236,0,2024-07-01T12:00:00Z
2024-06-30,P00236,0,2024-07-31T12:00:00Z
2024-07-31,P00236,0,2024-08-31T12:00:00Z
2024-08-31,P00236,0,2024-10-01T12:00:00Z
2024-09-30,P00236,0,2024-10-31T12:00:00Z
2024-10-31,P00236,0,2024-12-01T12:00:00Z
2024-11-30,P00236,0,2024-12-31T12:00:00Z
2024-12-31,P00236,0,2025-01-31T12:00:00Z
2025-01-31,P00236,0,2025-03-03T12:00:00Z
2025-02-28,P00236,0,2025-03-31T12:00:00Z
2025-03-31,P00236,0,2025-05-01T12:00:00Z
2025-04-30,P00236,0,2025-05-31T12:00:00Z
2025-05-31,P00236,0,2025-07-01T12:00:00Z
2025-06-30,P00236,0,2025-07-31T12:00:00Z
2025-07-31,P00236,0,2025-08-31T12:00:00Z
2025-08-31,P00236,0,2025-10-01T12:00:00Z
2025-09-30,P00236,0,2025-10-31T12:00:00Z
2025-10-31,P00236,0,2025-12-01T12:00:00Z
2025-11-30,P00236,0,2025-12-31T12:00:00Z
2025-12-31,P00236,0,2026-01-31T12:00:00Z
2023-07-31,P00237,0,2023-08-31T12:00:00Z
2023-08-31,P00237,0,2023-10-01T12:00:00Z
2023-09-30,P00237,0,2023-10-31T12:00:00Z
2023-10-31,P00237,0,2023-12-01T12:00:00Z
2023-11-30,P00237,0,2023-12-31T12:00:00Z
2023-12-31,P00237,0,2024-01-31T12:00:00Z
2024-01-31,P00237,0,2024-03-02T12:00:00Z
2024-02-29,P00237,0,2024-03-31T12:00:00Z
2024-03-31,P00237,0,2024-05-01T12:00:00Z
2024-04-30,P00237,0,2024-05-31T12:00:00Z
2024-05-31,P00237,1,2024-07-01T12:00:00Z
2023-07-31,P00238,0,2023-08-31T12:00:00Z
2023-08-31,P00238,0,2023-10-01T12:00:00Z
2023-09-30,P00238,0,2023-10-31T12:00:00Z
2023-10-31,P00238,0,2023-12-01T12:00:00Z
2023-11-30,P00238,0,2023-12-31T12:00:00Z
2023-12-31,P00238,0,2024-01-31T12:00:00Z
2024-01-31,P00238,0,2024-03-02T12:00:00Z
2024-02-29,P00238,0,2024-03-31T12:00:00Z
2024-03-31,P00238,0,2024-05-01T12:00:00Z
2024-04-30,P00238,0,2024-05-31T12:00:00Z
2024-05-31,P00238,0,2024-07-01T12:00:00Z
2024-06-30,P00238,0,2024-07-31T12:00:00Z
2024-07-31,P00238,0,2024-08-31T12:00:00Z
2024-08-31,P00238,0,2024-10-01T12:00:00Z
2024-09-30,P00238,0,2024-10-31T12:00:00Z
2024-10-31,P00238,0,2024-12-01T12:00:00Z
2024-11-30,P00238,0,2024-12-31T12:00:00Z
2024-12-31,P00238,0,2025-01-31T12:00:00Z
2025-01-31,P00238,0,2025-03-03T12:00:00Z
2025-02-28,P00238,0,2025-03-31T12:00:00Z
2025-03-31,P00238,0,2025-05-01T12:00:00Z
2025-04-30,P00238,0,2025-05-31T12:00:00Z
2025-05-31,P00238,0,2025-07-01T12:00:00Z
2025-06-30,P00238,0,2025-07-31T12:00:00Z
2025-07-31,P00238,0,2025-08-31T12:00:00Z
2025-08-31,P00238,0,2025-10-01T12:00:00Z
2025-09-30,P00238,0,2025-10-31T12:00:00Z
2025-10-31,P00238,0,2025-12-01T12:00:00Z
2025-11-30,P00238,0,2025-12-31T12:00:00Z
2025-12-31,P00238,0,2026-01-31T12:00:00Z
2023-07-31,P00239,0,2023-08-31T12:00:00Z
2023-08-31,P00239,0,2023-10-01T12:00:00Z
2023-09-30,P00239,0,2023-10-31T12:00:00Z
2023-10-31,P00239,0,2023-12-01T12:00:00Z
2023-11-30,P00239,0,2023-12-31T12:00:00Z
2023-12-31,P00239,0,2024-01-31T12:00:00Z
2024-01-31,P00239,0,2024-03-02T12:00:00Z
2024-02-29,P00239,0,2024-03-31T12:00:00Z
2024-03-31,P00239,0,2024-05-01T12:00:00Z
2024-04-30,P00239,0,2024-05-31T12:00:00Z
2024-05-31,P00239,0,2024-07-01T12:00:00Z
2024-06-30,P00239,0,2024-07-31T12:00:00Z
2024-07-31,P00239,0,2024-08-31T12:00:00Z
2024-08-31,P00239,0,2024-10-01T12:00:00Z
2024-09-30,P00239,0,2024-10-31T12:00:00Z
2024-10-31,P00239,0,2024-12-01T12:00:00Z
2024-11-30,P00239,0,2024-12-31T12:00:00Z
2024-12-31,P00239,0,2025-01-31T12:00:00Z
2025-01-31,P00239,0,2025-03-03T12:00:00Z
2025-02-28,P00239,0,2025-03-31T12:00:00Z
2025-03-31,P00239,0,2025-05-01T12:00:00Z
2025-04-30,P00239,0,2025-05-31T12:00:00Z
2025-05-31,P00239,0,2025-07-01T12:00:00Z
2025-06-30,P00239,0,2025-07-31T12:00:00Z
2025-07-31,P00239,0,2025-08-31T12:00:00Z
2025-08-31,P00239,0,2025-10-01T12:00:00Z
2025-09-30,P00239,0,2025-10-31T12:00:00Z
2025-10-31,P00239,0,2025-12-01T12:00:00Z
2025-11-30,P00239,0,2025-12-31T12:00:00Z
2025-12-31,P00239,0,2026-01-31T12:00:00Z
2023-07-31,P00240,0,2023-08-31T12:00:00Z
2023-08-31,P00240,0,2023-10-01T12:00:00Z
2023-09-30,P00240,0,2023-10-31T12:00:00Z
2023-10-31,P00240,0,2023-12-01T12:00:00Z
2023-11-30,P00240,0,2023-12-31T12:00:00Z
2023-12-31,P00240,0,2024-01-31T12:00:00Z
2024-01-31,P00240,0,2024-03-02T12:00:00Z
2024-02-29,P00240,0,2024-03-31T12:00:00Z
2024-03-31,P00240,0,2024-05-01T12:00:00Z
2024-04-30,P00240,0,2024-05-31T12:00:00Z
2024-05-31,P00240,0,2024-07-01T12:00:00Z
2024-06-30,P00240,0,2024-07-31T12:00:00Z
2024-07-31,P00240,0,2024-08-31T12:00:00Z
2024-08-31,P00240,0,2024-10-01T12:00:00Z
2024-09-30,P00240,0,2024-10-31T12:00:00Z
2024-10-31,P00240,0,2024-12-01T12:00:00Z
2024-11-30,P00240,0,2024-12-31T12:00:00Z
2024-12-31,P00240,0,2025-01-31T12:00:00Z
2025-01-31,P00240,0,2025-03-03T12:00:00Z
2025-02-28,P00240,0,2025-03-31T12:00:00Z
2025-03-31,P00240,0,2025-05-01T12:00:00Z
2025-04-30,P00240,0,2025-05-31T12:00:00Z
2025-05-31,P00240,1,2025-07-01T12:00:00Z
2023-07-31,P00241,0,2023-08-31T12:00:00Z
2023-08-31,P00241,0,2023-10-01T12:00:00Z
2023-09-30,P00241,0,2023-10-31T12:00:00Z
2023-10-31,P00241,0,2023-12-01T12:00:00Z
2023-11-30,P00241,0,2023-12-31T12:00:00Z
2023-12-31,P00241,0,2024-01-31T12:00:00Z
2024-01-31,P00241,0,2024-03-02T12:00:00Z
2024-02-29,P00241,0,2024-03-31T12:00:00Z
2024-03-31,P00241,0,2024-05-01T12:00:00Z
2024-04-30,P00241,0,2024-05-31T12:00:00Z
2024-05-31,P00241,0,2024-07-01T12:00:00Z
2024-06-30,P00241,0,2024-07-31T12:00:00Z
2024-07-31,P00241,0,2024-08-31T12:00:00Z
2024-08-31,P00241,1,2024-10-01T12:00:00Z
2023-07-31,P00242,0,2023-08-31T12:00:00Z
2023-08-31,P00242,0,2023-10-01T12:00:00Z
2023-09-30,P00242,0,2023-10-31T12:00:00Z
2023-10-31,P00242,0,2023-12-01T12:00:00Z
2023-11-30,P00242,0,2023-12-31T12:00:00Z
2023-12-31,P00242,0,2024-01-31T12:00:00Z
2024-01-31,P00242,0,2024-03-02T12:00:00Z
2024-02-29,P00242,0,2024-03-31T12:00:00Z
2024-03-31,P00242,0,2024-05-01T12:00:00Z
2024-04-30,P00242,0,2024-05-31T12:00:00Z
2024-05-31,P00242,0,2024-07-01T12:00:00Z
2024-06-30,P00242,0,2024-07-31T12:00:00Z
2024-07-31,P00242,0,2024-08-31T12:00:00Z
2024-08-31,P00242,0,2024-10-01T12:00:00Z
2024-09-30,P00242,0,2024-10-31T12:00:00Z
2024-10-31,P00242,0,2024-12-01T12:00:00Z
2024-11-30,P00242,0,2024-12-31T12:00:00Z
2024-12-31,P00242,0,2025-01-31T12:00:00Z
2025-01-31,P00242,0,2025-03-03T12:00:00Z
2025-02-28,P00242,0,2025-03-31T12:00:00Z
2025-03-31,P00242,0,2025-05-01T12:00:00Z
2025-04-30,P00242,0,2025-05-31T12:00:00Z
2025-05-31,P00242,0,2025-07-01T12:00:00Z
2025-06-30,P00242,0,2025-07-31T12:00:00Z
2025-07-31,P00242,0,2025-08-31T12:00:00Z
2025-08-31,P00242,0,2025-10-01T12:00:00Z
2025-09-30,P00242,0,2025-10-31T12:00:00Z
2025-10-31,P00242,0,2025-12-01T12:00:00Z
2025-11-30,P00242,0,2025-12-31T12:00:00Z
2025-12-31,P00242,0,2026-01-31T12:00:00Z
2023-07-31,P00243,0,2023-08-31T12:00:00Z
2023-08-31,P00243,0,2023-10-01T12:00:00Z
2023-09-30,P00243,0,2023-10-31T12:00:00Z
2023-10-31,P00243,0,2023-12-01T12:00:00Z
2023-11-30,P00243,0,2023-12-31T12:00:00Z
2023-12-31,P00243,0,2024-01-31T12:00:00Z
2024-01-31,P00243,0,2024-03-02T12:00:00Z
2024-02-29,P00243,0,2024-03-31T12:00:00Z
2024-03-31,P00243,0,2024-05-01T12:00:00Z
2024-04-30,P00243,0,2024-05-31T12:00:00Z
2024-05-31,P00243,0,2024-07-01T12:00:00Z
2024-06-30,P00243,0,2024-07-31T12:00:00Z
2024-07-31,P00243,0,2024-08-31T12:00:00Z
2024-08-31,P00243,0,2024-10-01T12:00:00Z
2024-09-30,P00243,0,2024-10-31T12:00:00Z
2024-10-31,P00243,0,2024-12-01T12:00:00Z
2024-11-30,P00243,0,2024-12-31T12:00:00Z
2024-12-31,P00243,0,2025-01-31T12:00:00Z
2025-01-31,P00243,0,2025-03-03T12:00:00Z
2025-02-28,P00243,0,2025-03-31T12:00:00Z
2025-03-31,P00243,0,2025-05-01T12:00:00Z
2025-04-30,P00243,0,2025-05-31T12:00:00Z
2025-05-31,P00243,0,2025-07-01T12:00:00Z
2025-06-30,P00243,0,2025-07-31T12:00:00Z
2025-07-31,P00243,0,2025-08-31T12:00:00Z
2025-08-31,P00243,0,2025-10-01T12:00:00Z
2025-09-30,P00243,0,2025-10-31T12:00:00Z
2025-10-31,P00243,0,2025-12-01T12:00:00Z
2025-11-30,P00243,0,2025-12-31T12:00:00Z
2025-12-31,P00243,0,2026-01-31T12:00:00Z
2023-07-31,P00244,0,2023-08-31T12:00:00Z
2023-08-31,P00244,0,2023-10-01T12:00:00Z
2023-09-30,P00244,0,2023-10-31T12:00:00Z
2023-10-31,P00244,0,2023-12-01T12:00:00Z
2023-11-30,P00244,0,2023-12-31T12:00:00Z
2023-12-31,P00244,0,2024-01-31T12:00:00Z
2024-01-31,P00244,0,2024-03-02T12:00:00Z
2024-02-29,P00244,0,2024-03-31T12:00:00Z
2024-03-31,P00244,0,2024-05-01T12:00:00Z
2024-04-30,P00244,1,2024-05-31T12:00:00Z
2023-07-31,P00245,0,2023-08-31T12:00:00Z
2023-08-31,P00245,0,2023-10-01T12:00:00Z
2023-09-30,P00245,0,2023-10-31T12:00:00Z
2023-10-31,P00245,0,2023-12-01T12:00:00Z
2023-11-30,P00245,0,2023-12-31T12:00:00Z
2023-12-31,P00245,0,2024-01-31T12:00:00Z
2024-01-31,P00245,0,2024-03-02T12:00:00Z
2024-02-29,P00245,0,2024-03-31T12:00:00Z
2024-03-31,P00245,0,2024-05-01T12:00:00Z
2024-04-30,P00245,0,2024-05-31T12:00:00Z
2024-05-31,P00245,0,2024-07-01T12:00:00Z
2024-06-30,P00245,0,2024-07-31T12:00:00Z
2024-07-31,P00245,0,2024-08-31T12:00:00Z
2024-08-31,P00245,0,2024-10-01T12:00:00Z
2024-09-30,P00245,0,2024-10-31T12:00:00Z
2024-10-31,P00245,0,2024-12-01T12:00:00Z
2024-11-30,P00245,0,2024-12-31T12:00:00Z
2024-12-31,P00245,0,2025-01-31T12:00:00Z
2025-01-31,P00245,0,2025-03-03T12:00:00Z
2025-02-28,P00245,0,2025-03-31T12:00:00Z
2025-03-31,P00245,0,2025-05-01T12:00:00Z
2025-04-30,P00245,0,2025-05-31T12:00:00Z
2025-05-31,P00245,1,2025-07-01T12:00:00Z
2023-07-31,P00246,0,2023-08-31T12:00:00Z
2023-08-31,P00246,0,2023-10-01T12:00:00Z
2023-09-30,P00246,0,2023-10-31T12:00:00Z
2023-10-31,P00246,0,2023-12-01T12:00:00Z
2023-11-30,P00246,0,2023-12-31T12:00:00Z
2023-12-31,P00246,0,2024-01-31T12:00:00Z
2024-01-31,P00246,0,2024-03-02T12:00:00Z
2024-02-29,P00246,0,2024-03-31T12:00:00Z
2024-03-31,P00246,0,2024-05-01T12:00:00Z
2024-04-30,P00246,0,2024-05-31T12:00:00Z
2024-05-31,P00246,0,2024-07-01T12:00:00Z
2024-06-30,P00246,0,2024-07-31T12:00:00Z
2024-07-31,P00246,0,2024-08-31T12:00:00Z
2024-08-31,P00246,0,2024-10-01T12:00:00Z
2024-09-30,P00246,0,2024-10-31T12:00:00Z
2024-10-31,P00246,0,2024-12-01T12:00:00Z
2024-11-30,P00246,0,2024-12-31T12:00:00Z
2024-12-31,P00246,0,2025-01-31T12:00:00Z
2025-01-31,P00246,0,2025-03-03T12:00:00Z
2025-02-28,P00246,0,2025-03-31T12:00:00Z
2025-03-31,P00246,0,2025-05-01T12:00:00Z
2025-04-30,P00246,0,2025-05-31T12:00:00Z
2025-05-31,P00246,0,2025-07-01T12:00:00Z
2025-06-30,P00246,0,2025-07-31T12:00:00Z
2025-07-31,P00246,0,2025-08-31T12:00:00Z
2025-08-31,P00246,0,2025-10-01T12:00:00Z
2025-09-30,P00246,0,2025-10-31T12:00:00Z
2025-10-31,P00246,0,2025-12-01T12:00:00Z
2025-11-30,P00246,0,2025-12-31T12:00:00Z
2025-12-31,P00246,0,2026-01-31T12:00:00Z
2023-07-31,P00247,0,2023-08-31T12:00:00Z
2023-08-31,P00247,0,2023-10-01T12:00:00Z
2023-09-30,P00247,0,2023-10-31T12:00:00Z
2023-10-31,P00247,0,2023-12-01T12:00:00Z
2023-11-30,P00247,0,2023-12-31T12:00:00Z
2023-12-31,P00247,0,2024-01-31T12:00:00Z
2024-01-31,P00247,0,2024-03-02T12:00:00Z
2024-02-29,P00247,0,2024-03-31T12:00:00Z
2024-03-31,P00247,0,2024-05-01T12:00:00Z
2024-04-30,P00247,0,2024-05-31T12:00:00Z
2024-05-31,P00247,0,2024-07-01T12:00:00Z
2024-06-30,P00247,0,2024-07-31T12:00:00Z
2024-07-31,P00247,0,2024-08-31T12:00:00Z
2024-08-31,P00247,0,2024-10-01T12:00:00Z
2024-09-30,P00247,0,2024-10-31T12:00:00Z
2024-10-31,P00247,0,2024-12-01T12:00:00Z
2024-11-30,P00247,0,2024-12-31T12:00:00Z
2024-12-31,P00247,0,2025-01-31T12:00:00Z
2025-01-31,P00247,0,2025-03-03T12:00:00Z
2025-02-28,P00247,0,2025-03-31T12:00:00Z
2025-03-31,P00247,0,2025-05-01T12:00:00Z
2025-04-30,P00247,0,2025-05-31T12:00:00Z
2025-05-31,P00247,0,2025-07-01T12:00:00Z
2025-06-30,P00247,0,2025-07-31T12:00:00Z
2025-07-31,P00247,0,2025-08-31T12:00:00Z
2025-08-31,P00247,0,2025-10-01T12:00:00Z
2025-09-30,P00247,0,2025-10-31T12:00:00Z
2025-10-31,P00247,0,2025-12-01T12:00:00Z
2025-11-30,P00247,0,2025-12-31T12:00:00Z
2025-12-31,P00247,0,2026-01-31T12:00:00Z
2023-07-31,P00248,0,2023-08-31T12:00:00Z
2023-08-31,P00248,0,2023-10-01T12:00:00Z
2023-09-30,P00248,0,2023-10-31T12:00:00Z
2023-10-31,P00248,0,2023-12-01T12:00:00Z
2023-11-30,P00248,0,2023-12-31T12:00:00Z
2023-12-31,P00248,0,2024-01-31T12:00:00Z
2024-01-31,P00248,0,2024-03-02T12:00:00Z
2024-02-29,P00248,0,2024-03-31T12:00:00Z
2024-03-31,P00248,0,2024-05-01T12:00:00Z
2024-04-30,P00248,0,2024-05-31T12:00:00Z
2024-05-31,P00248,0,2024-07-01T12:00:00Z
2024-06-30,P00248,0,2024-07-31T12:00:00Z
2024-07-31,P00248,0,2024-08-31T12:00:00Z
2024-08-31,P00248,0,2024-10-01T12:00:00Z
2024-09-30,P00248,0,2024-10-31T12:00:00Z
2024-10-31,P00248,0,2024-12-01T12:00:00Z
2024-11-30,P00248,0,2024-12-31T12:00:00Z
2024-12-31,P00248,0,2025-01-31T12:00:00Z
2025-01-31,P00248,0,2025-03-03T12:00:00Z
2025-02-28,P00248,0,2025-03-31T12:00:00Z
2025-03-31,P00248,0,2025-05-01T12:00:00Z
2025-04-30,P00248,0,2025-05-31T12:00:00Z
2025-05-31,P00248,0,2025-07-01T12:00:00Z
2025-06-30,P00248,0,2025-07-31T12:00:00Z
2025-07-31,P00248,0,2025-08-31T12:00:00Z
2025-08-31,P00248,0,2025-10-01T12:00:00Z
2025-09-30,P00248,0,2025-10-31T12:00:00Z
2025-10-31,P00248,0,2025-12-01T12:00:00Z
2025-11-30,P00248,0,2025-12-31T12:00:00Z
2025-12-31,P00248,0,2026-01-31T12:00:00Z
2023-07-31,P00249,0,2023-08-31T12:00:00Z
2023-08-31,P00249,0,2023-10-01T12:00:00Z
2023-09-30,P00249,0,2023-10-31T12:00:00Z
2023-10-31,P00249,0,2023-12-01T12:00:00Z
2023-11-30,P00249,0,2023-12-31T12:00:00Z
2023-12-31,P00249,0,2024-01-31T12:00:00Z
2024-01-31,P00249,0,2024-03-02T12:00:00Z
2024-02-29,P00249,0,2024-03-31T12:00:00Z
2024-03-31,P00249,0,2024-05-01T12:00:00Z
2024-04-30,P00249,0,2024-05-31T12:00:00Z
2024-05-31,P00249,0,2024-07-01T12:00:00Z
2024-06-30,P00249,0,2024-07-31T12:00:00Z
2024-07-31,P00249,0,2024-08-31T12:00:00Z
2024-08-31,P00249,0,2024-10-01T12:00:00Z
2024-09-30,P00249,0,2024-10-31T12:00:00Z
2024-10-31,P00249,0,2024-12-01T12:00:00Z
2024-11-30,P00249,0,2024-12-31T12:00:00Z
2024-12-31,P00249,0,2025-01-31T12:00:00Z
2025-01-31,P00249,0,2025-03-03T12:00:00Z
2025-02-28,P00249,0,2025-03-31T12:00:00Z
2025-03-31,P00249,0,2025-05-01T12:00:00Z
2025-04-30,P00249,0,2025-05-31T12:00:00Z
2025-05-31,P00249,0,2025-07-01T12:00:00Z
2025-06-30,P00249,0,2025-07-31T12:00:00Z
2025-07-31,P00249,0,2025-08-31T12:00:00Z
2025-08-31,P00249,0,2025-10-01T12:00:00Z
2025-09-30,P00249,0,2025-10-31T12:00:00Z
2025-10-31,P00249,0,2025-12-01T12:00:00Z
2025-11-30,P00249,0,2025-12-31T12:00:00Z
2025-12-31,P00249,0,2026-01-31T12:00:00Z
2023-07-31,P00250,0,2023-08-31T12:00:00Z
2023-08-31,P00250,0,2023-10-01T12:00:00Z
2023-09-30,P00250,0,2023-10-31T12:00:00Z
2023-10-31,P00250,0,2023-12-01T12:00:00Z
2023-11-30,P00250,0,2023-12-31T12:00:00Z
2023-12-31,P00250,0,2024-01-31T12:00:00Z
2024-01-31,P00250,0,2024-03-02T12:00:00Z
2024-02-29,P00250,0,2024-03-31T12:00:00Z
2024-03-31,P00250,0,2024-05-01T12:00:00Z
2024-04-30,P00250,0,2024-05-31T12:00:00Z
2024-05-31,P00250,0,2024-07-01T12:00:00Z
2024-06-30,P00250,0,2024-07-31T12:00:00Z
2024-07-31,P00250,0,2024-08-31T12:00:00Z
2024-08-31,P00250,0,2024-10-01T12:00:00Z
2024-09-30,P00250,0,2024-10-31T12:00:00Z
2024-10-31,P00250,0,2024-12-01T12:00:00Z
2024-11-30,P00250,0,2024-12-31T12:00:00Z
2024-12-31,P00250,0,2025-01-31T12:00:00Z
2025-01-31,P00250,0,2025-03-03T12:00:00Z
2025-02-28,P00250,0,2025-03-31T12:00:00Z
2025-03-31,P00250,0,2025-05-01T12:00:00Z
2025-04-30,P00250,0,2025-05-31T12:00:00Z
2025-05-31,P00250,0,2025-07-01T12:00:00Z
2025-06-30,P00250,0,2025-07-31T12:00:00Z
2025-07-31,P00250,0,2025-08-31T12:00:00Z
2025-08-31,P00250,0,2025-10-01T12:00:00Z
2025-09-30,P00250,0,2025-10-31T12:00:00Z
2025-10-31,P00250,0,2025-12-01T12:00:00Z
2025-11-30,P00250,0,2025-12-31T12:00:00Z
2025-12-31,P00250,0,2026-01-31T12:00:00Z
2023-07-31,P00251,0,2023-08-31T12:00:00Z
2023-08-31,P00251,0,2023-10-01T12:00:00Z
2023-09-30,P00251,0,2023-10-31T12:00:00Z
2023-10-31,P00251,0,2023-12-01T12:00:00Z
2023-11-30,P00251,0,2023-12-31T12:00:00Z
2023-12-31,P00251,0,2024-01-31T12:00:00Z
2024-01-31,P00251,0,2024-03-02T12:00:00Z
2024-02-29,P00251,0,2024-03-31T12:00:00Z
2024-03-31,P00251,0,2024-05-01T12:00:00Z
2024-04-30,P00251,0,2024-05-31T12:00:00Z
2024-05-31,P00251,0,2024-07-01T12:00:00Z
2024-06-30,P00251,0,2024-07-31T12:00:00Z
2024-07-31,P00251,0,2024-08-31T12:00:00Z
2024-08-31,P00251,0,2024-10-01T12:00:00Z
2024-09-30,P00251,0,2024-10-31T12:00:00Z
2024-10-31,P00251,0,2024-12-01T12:00:00Z
2024-11-30,P00251,0,2024-12-31T12:00:00Z
2024-12-31,P00251,0,2025-01-31T12:00:00Z
2025-01-31,P00251,0,2025-03-03T12:00:00Z
2025-02-28,P00251,0,2025-03-31T12:00:00Z
2025-03-31,P00251,0,2025-05-01T12:00:00Z
2025-04-30,P00251,0,2025-05-31T12:00:00Z
2025-05-31,P00251,0,2025-07-01T12:00:00Z
2025-06-30,P00251,0,2025-07-31T12:00:00Z
2025-07-31,P00251,0,2025-08-31T12:00:00Z
2025-08-31,P00251,0,2025-10-01T12:00:00Z
2025-09-30,P00251,0,2025-10-31T12:00:00Z
2025-10-31,P00251,0,2025-12-01T12:00:00Z
2025-11-30,P00251,0,2025-12-31T12:00:00Z
2025-12-31,P00251,0,2026-01-31T12:00:00Z
2023-07-31,P00252,0,2023-08-31T12:00:00Z
2023-08-31,P00252,0,2023-10-01T12:00:00Z
2023-09-30,P00252,0,2023-10-31T12:00:00Z
2023-10-31,P00252,0,2023-12-01T12:00:00Z
2023-11-30,P00252,0,2023-12-31T12:00:00Z
2023-12-31,P00252,0,2024-01-31T12:00:00Z
2024-01-31,P00252,0,2024-03-02T12:00:00Z
2024-02-29,P00252,0,2024-03-31T12:00:00Z
2024-03-31,P00252,0,2024-05-01T12:00:00Z
2024-04-30,P00252,0,2024-05-31T12:00:00Z
2024-05-31,P00252,0,2024-07-01T12:00:00Z
2024-06-30,P00252,0,2024-07-31T12:00:00Z
2024-07-31,P00252,0,2024-08-31T12:00:00Z
2024-08-31,P00252,0,2024-10-01T12:00:00Z
2024-09-30,P00252,0,2024-10-31T12:00:00Z
2024-10-31,P00252,0,2024-12-01T12:00:00Z
2024-11-30,P00252,0,2024-12-31T12:00:00Z
2024-12-31,P00252,0,2025-01-31T12:00:00Z
2025-01-31,P00252,0,2025-03-03T12:00:00Z
2025-02-28,P00252,0,2025-03-31T12:00:00Z
2025-03-31,P00252,0,2025-05-01T12:00:00Z
2025-04-30,P00252,0,2025-05-31T12:00:00Z
2025-05-31,P00252,0,2025-07-01T12:00:00Z
2025-06-30,P00252,0,2025-07-31T12:00:00Z
2025-07-31,P00252,0,2025-08-31T12:00:00Z
2025-08-31,P00252,0,2025-10-01T12:00:00Z
2025-09-30,P00252,0,2025-10-31T12:00:00Z
2025-10-31,P00252,0,2025-12-01T12:00:00Z
2025-11-30,P00252,0,2025-12-31T12:00:00Z
2025-12-31,P00252,0,2026-01-31T12:00:00Z
2023-07-31,P00253,0,2023-08-31T12:00:00Z
2023-08-31,P00253,0,2023-10-01T12:00:00Z
2023-09-30,P00253,0,2023-10-31T12:00:00Z
2023-10-31,P00253,0,2023-12-01T12:00:00Z
2023-11-30,P00253,0,2023-12-31T12:00:00Z
2023-12-31,P00253,0,2024-01-31T12:00:00Z
2024-01-31,P00253,0,2024-03-02T12:00:00Z
2024-02-29,P00253,0,2024-03-31T12:00:00Z
2024-03-31,P00253,0,2024-05-01T12:00:00Z
2024-04-30,P00253,0,2024-05-31T12:00:00Z
2024-05-31,P00253,0,2024-07-01T12:00:00Z
2024-06-30,P00253,0,2024-07-31T12:00:00Z
2024-07-31,P00253,0,2024-08-31T12:00:00Z
2024-08-31,P00253,0,2024-10-01T12:00:00Z
2024-09-30,P00253,0,2024-10-31T12:00:00Z
2024-10-31,P00253,0,2024-12-01T12:00:00Z
2024-11-30,P00253,0,2024-12-31T12:00:00Z
2024-12-31,P00253,0,2025-01-31T12:00:00Z
2025-01-31,P00253,0,2025-03-03T12:00:00Z
2025-02-28,P00253,0,2025-03-31T12:00:00Z
2025-03-31,P00253,0,2025-05-01T12:00:00Z
2025-04-30,P00253,0,2025-05-31T12:00:00Z
2025-05-31,P00253,0,2025-07-01T12:00:00Z
2025-06-30,P00253,0,2025-07-31T12:00:00Z
2025-07-31,P00253,0,2025-08-31T12:00:00Z
2025-08-31,P00253,0,2025-10-01T12:00:00Z
2025-09-30,P00253,0,2025-10-31T12:00:00Z
2025-10-31,P00253,0,2025-12-01T12:00:00Z
2025-11-30,P00253,0,2025-12-31T12:00:00Z
2025-12-31,P00253,0,2026-01-31T12:00:00Z
2023-07-31,P00254,0,2023-08-31T12:00:00Z
2023-08-31,P00254,0,2023-10-01T12:00:00Z
2023-09-30,P00254,0,2023-10-31T12:00:00Z
2023-10-31,P00254,0,2023-12-01T12:00:00Z
2023-11-30,P00254,0,2023-12-31T12:00:00Z
2023-12-31,P00254,0,2024-01-31T12:00:00Z
2024-01-31,P00254,0,2024-03-02T12:00:00Z
2024-02-29,P00254,0,2024-03-31T12:00:00Z
2024-03-31,P00254,0,2024-05-01T12:00:00Z
2024-04-30,P00254,0,2024-05-31T12:00:00Z
2024-05-31,P00254,0,2024-07-01T12:00:00Z
2024-06-30,P00254,0,2024-07-31T12:00:00Z
2024-07-31,P00254,0,2024-08-31T12:00:00Z
2024-08-31,P00254,0,2024-10-01T12:00:00Z
2024-09-30,P00254,0,2024-10-31T12:00:00Z
2024-10-31,P00254,0,2024-12-01T12:00:00Z
2024-11-30,P00254,0,2024-12-31T12:00:00Z
2024-12-31,P00254,0,2025-01-31T12:00:00Z
2025-01-31,P00254,0,2025-03-03T12:00:00Z
2025-02-28,P00254,0,2025-03-31T12:00:00Z
2025-03-31,P00254,0,2025-05-01T12:00:00Z
2025-04-30,P00254,0,2025-05-31T12:00:00Z
2025-05-31,P00254,0,2025-07-01T12:00:00Z
2025-06-30,P00254,0,2025-07-31T12:00:00Z
2025-07-31,P00254,0,2025-08-31T12:00:00Z
2025-08-31,P00254,0,2025-10-01T12:00:00Z
2025-09-30,P00254,0,2025-10-31T12:00:00Z
2025-10-31,P00254,0,2025-12-01T12:00:00Z
2025-11-30,P00254,0,2025-12-31T12:00:00Z
2025-12-31,P00254,0,2026-01-31T12:00:00Z
2023-07-31,P00255,0,2023-08-31T12:00:00Z
2023-08-31,P00255,0,2023-10-01T12:00:00Z
2023-09-30,P00255,0,2023-10-31T12:00:00Z
2023-10-31,P00255,0,2023-12-01T12:00:00Z
2023-11-30,P00255,0,2023-12-31T12:00:00Z
2023-12-31,P00255,0,2024-01-31T12:00:00Z
2024-01-31,P00255,0,2024-03-02T12:00:00Z
2024-02-29,P00255,0,2024-03-31T12:00:00Z
2024-03-31,P00255,0,2024-05-01T12:00:00Z
2024-04-30,P00255,0,2024-05-31T12:00:00Z
2024-05-31,P00255,0,2024-07-01T12:00:00Z
2024-06-30,P00255,0,2024-07-31T12:00:00Z
2024-07-31,P00255,0,2024-08-31T12:00:00Z
2024-08-31,P00255,0,2024-10-01T12:00:00Z
2024-09-30,P00255,0,2024-10-31T12:00:00Z
2024-10-31,P00255,0,2024-12-01T12:00:00Z
2024-11-30,P00255,0,2024-12-31T12:00:00Z
2024-12-31,P00255,0,2025-01-31T12:00:00Z
2025-01-31,P00255,0,2025-03-03T12:00:00Z
2025-02-28,P00255,0,2025-03-31T12:00:00Z
2025-03-31,P00255,0,2025-05-01T12:00:00Z
2025-04-30,P00255,0,2025-05-31T12:00:00Z
2025-05-31,P00255,0,2025-07-01T12:00:00Z
2025-06-30,P00255,0,2025-07-31T12:00:00Z
2025-07-31,P00255,0,2025-08-31T12:00:00Z
2025-08-31,P00255,0,2025-10-01T12:00:00Z
2025-09-30,P00255,0,2025-10-31T12:00:00Z
2025-10-31,P00255,0,2025-12-01T12:00:00Z
2025-11-30,P00255,0,2025-12-31T12:00:00Z
2025-12-31,P00255,0,2026-01-31T12:00:00Z
2023-07-31,P00256,0,2023-08-31T12:00:00Z
2023-08-31,P00256,0,2023-10-01T12:00:00Z
2023-09-30,P00256,0,2023-10-31T12:00:00Z
2023-10-31,P00256,0,2023-12-01T12:00:00Z
2023-11-30,P00256,0,2023-12-31T12:00:00Z
2023-12-31,P00256,0,2024-01-31T12:00:00Z
2024-01-31,P00256,0,2024-03-02T12:00:00Z
2024-02-29,P00256,0,2024-03-31T12:00:00Z
2024-03-31,P00256,0,2024-05-01T12:00:00Z
2024-04-30,P00256,0,2024-05-31T12:00:00Z
2024-05-31,P00256,0,2024-07-01T12:00:00Z
2024-06-30,P00256,0,2024-07-31T12:00:00Z
2024-07-31,P00256,0,2024-08-31T12:00:00Z
2024-08-31,P00256,0,2024-10-01T12:00:00Z
2024-09-30,P00256,0,2024-10-31T12:00:00Z
2024-10-31,P00256,0,2024-12-01T12:00:00Z
2024-11-30,P00256,0,2024-12-31T12:00:00Z
2024-12-31,P00256,0,2025-01-31T12:00:00Z
2025-01-31,P00256,0,2025-03-03T12:00:00Z
2025-02-28,P00256,0,2025-03-31T12:00:00Z
2025-03-31,P00256,0,2025-05-01T12:00:00Z
2025-04-30,P00256,0,2025-05-31T12:00:00Z
2025-05-31,P00256,0,2025-07-01T12:00:00Z
2025-06-30,P00256,1,2025-07-31T12:00:00Z
2023-07-31,P00257,0,2023-08-31T12:00:00Z
2023-08-31,P00257,0,2023-10-01T12:00:00Z
2023-09-30,P00257,0,2023-10-31T12:00:00Z
2023-10-31,P00257,0,2023-12-01T12:00:00Z
2023-11-30,P00257,0,2023-12-31T12:00:00Z
2023-12-31,P00257,0,2024-01-31T12:00:00Z
2024-01-31,P00257,0,2024-03-02T12:00:00Z
2024-02-29,P00257,0,2024-03-31T12:00:00Z
2024-03-31,P00257,0,2024-05-01T12:00:00Z
2024-04-30,P00257,0,2024-05-31T12:00:00Z
2024-05-31,P00257,0,2024-07-01T12:00:00Z
2024-06-30,P00257,0,2024-07-31T12:00:00Z
2024-07-31,P00257,0,2024-08-31T12:00:00Z
2024-08-31,P00257,0,2024-10-01T12:00:00Z
2024-09-30,P00257,0,2024-10-31T12:00:00Z
2024-10-31,P00257,0,2024-12-01T12:00:00Z
2024-11-30,P00257,0,2024-12-31T12:00:00Z
2024-12-31,P00257,0,2025-01-31T12:00:00Z
2025-01-31,P00257,0,2025-03-03T12:00:00Z
2025-02-28,P00257,0,2025-03-31T12:00:00Z
2025-03-31,P00257,0,2025-05-01T12:00:00Z
2025-04-30,P00257,0,2025-05-31T12:00:00Z
2025-05-31,P00257,0,2025-07-01T12:00:00Z
2025-06-30,P00257,0,2025-07-31T12:00:00Z
2025-07-31,P00257,0,2025-08-31T12:00:00Z
2025-08-31,P00257,0,2025-10-01T12:00:00Z
2025-09-30,P00257,0,2025-10-31T12:00:00Z
2025-10-31,P00257,0,2025-12-01T12:00:00Z
2025-11-30,P00257,0,2025-12-31T12:00:00Z
2025-12-31,P00257,0,2026-01-31T12:00:00Z
2023-07-31,P00258,0,2023-08-31T12:00:00Z
2023-08-31,P00258,0,2023-10-01T12:00:00Z
2023-09-30,P00258,0,2023-10-31T12:00:00Z
2023-10-31,P00258,0,2023-12-01T12:00:00Z
2023-11-30,P00258,0,2023-12-31T12:00:00Z
2023-12-31,P00258,0,2024-01-31T12:00:00Z
2024-01-31,P00258,0,2024-03-02T12:00:00Z
2024-02-29,P00258,0,2024-03-31T12:00:00Z
2024-03-31,P00258,0,2024-05-01T12:00:00Z
2024-04-30,P00258,0,2024-05-31T12:00:00Z
2024-05-31,P00258,0,2024-07-01T12:00:00Z
2024-06-30,P00258,0,2024-07-31T12:00:00Z
2024-07-31,P00258,0,2024-08-31T12:00:00Z
2024-08-31,P00258,0,2024-10-01T12:00:00Z
2024-09-30,P00258,0,2024-10-31T12:00:00Z
2024-10-31,P00258,0,2024-12-01T12:00:00Z
2024-11-30,P00258,0,2024-12-31T12:00:00Z
2024-12-31,P00258,0,2025-01-31T12:00:00Z
2025-01-31,P00258,0,2025-03-03T12:00:00Z
2025-02-28,P00258,0,2025-03-31T12:00:00Z
2025-03-31,P00258,0,2025-05-01T12:00:00Z
2025-04-30,P00258,0,2025-05-31T12:00:00Z
2025-05-31,P00258,0,2025-07-01T12:00:00Z
2025-06-30,P00258,0,2025-07-31T12:00:00Z
2025-07-31,P00258,0,2025-08-31T12:00:00Z
2025-08-31,P00258,0,2025-10-01T12:00:00Z
2025-09-30,P00258,0,2025-10-31T12:00:00Z
2025-10-31,P00258,0,2025-12-01T12:00:00Z
2025-11-30,P00258,0,2025-12-31T12:00:00Z
2025-12-31,P00258,0,2026-01-31T12:00:00Z
2023-07-31,P00259,0,2023-08-31T12:00:00Z
2023-08-31,P00259,0,2023-10-01T12:00:00Z
2023-09-30,P00259,0,2023-10-31T12:00:00Z
2023-10-31,P00259,0,2023-12-01T12:00:00Z
2023-11-30,P00259,0,2023-12-31T12:00:00Z
2023-12-31,P00259,0,2024-01-31T12:00:00Z
2024-01-31,P00259,0,2024-03-02T12:00:00Z
2024-02-29,P00259,0,2024-03-31T12:00:00Z
2024-03-31,P00259,1,2024-05-01T12:00:00Z
2023-07-31,P00260,0,2023-08-31T12:00:00Z
2023-08-31,P00260,0,2023-10-01T12:00:00Z
2023-09-30,P00260,0,2023-10-31T12:00:00Z
2023-10-31,P00260,0,2023-12-01T12:00:00Z
2023-11-30,P00260,0,2023-12-31T12:00:00Z
2023-12-31,P00260,0,2024-01-31T12:00:00Z
2024-01-31,P00260,0,2024-03-02T12:00:00Z
2024-02-29,P00260,0,2024-03-31T12:00:00Z
2024-03-31,P00260,0,2024-05-01T12:00:00Z
2024-04-30,P00260,0,2024-05-31T12:00:00Z
2024-05-31,P00260,0,2024-07-01T12:00:00Z
2024-06-30,P00260,0,2024-07-31T12:00:00Z
2024-07-31,P00260,0,2024-08-31T12:00:00Z
2024-08-31,P00260,0,2024-10-01T12:00:00Z
2024-09-30,P00260,0,2024-10-31T12:00:00Z
2024-10-31,P00260,0,2024-12-01T12:00:00Z
2024-11-30,P00260,0,2024-12-31T12:00:00Z
2024-12-31,P00260,0,2025-01-31T12:00:00Z
2025-01-31,P00260,0,2025-03-03T12:00:00Z
2025-02-28,P00260,0,2025-03-31T12:00:00Z
2025-03-31,P00260,0,2025-05-01T12:00:00Z
2025-04-30,P00260,0,2025-05-31T12:00:00Z
2025-05-31,P00260,0,2025-07-01T12:00:00Z
2025-06-30,P00260,0,2025-07-31T12:00:00Z
2025-07-31,P00260,0,2025-08-31T12:00:00Z
2025-08-31,P00260,0,2025-10-01T12:00:00Z
2025-09-30,P00260,1,2025-10-31T12:00:00Z
2023-07-31,P00261,0,2023-08-31T12:00:00Z
2023-08-31,P00261,0,2023-10-01T12:00:00Z
2023-09-30,P00261,0,2023-10-31T12:00:00Z
2023-10-31,P00261,0,2023-12-01T12:00:00Z
2023-11-30,P00261,0,2023-12-31T12:00:00Z
2023-12-31,P00261,0,2024-01-31T12:00:00Z
2024-01-31,P00261,0,2024-03-02T12:00:00Z
2024-02-29,P00261,0,2024-03-31T12:00:00Z
2024-03-31,P00261,0,2024-05-01T12:00:00Z
2024-04-30,P00261,0,2024-05-31T12:00:00Z
2024-05-31,P00261,0,2024-07-01T12:00:00Z
2024-06-30,P00261,0,2024-07-31T12:00:00Z
2024-07-31,P00261,0,2024-08-31T12:00:00Z
2024-08-31,P00261,0,2024-10-01T12:00:00Z
2024-09-30,P00261,0,2024-10-31T12:00:00Z
2024-10-31,P00261,0,2024-12-01T12:00:00Z
2024-11-30,P00261,0,2024-12-31T12:00:00Z
2024-12-31,P00261,0,2025-01-31T12:00:00Z
2025-01-31,P00261,0,2025-03-03T12:00:00Z
2025-02-28,P00261,0,2025-03-31T12:00:00Z
2025-03-31,P00261,0,2025-05-01T12:00:00Z
2025-04-30,P00261,0,2025-05-31T12:00:00Z
2025-05-31,P00261,0,2025-07-01T12:00:00Z
2025-06-30,P00261,0,2025-07-31T12:00:00Z
2025-07-31,P00261,0,2025-08-31T12:00:00Z
2025-08-31,P00261,0,2025-10-01T12:00:00Z
2025-09-30,P00261,0,2025-10-31T12:00:00Z
2025-10-31,P00261,0,2025-12-01T12:00:00Z
2025-11-30,P00261,0,2025-12-31T12:00:00Z
2025-12-31,P00261,0,2026-01-31T12:00:00Z
2023-07-31,P00262,0,2023-08-31T12:00:00Z
2023-08-31,P00262,0,2023-10-01T12:00:00Z
2023-09-30,P00262,0,2023-10-31T12:00:00Z
2023-10-31,P00262,0,2023-12-01T12:00:00Z
2023-11-30,P00262,0,2023-12-31T12:00:00Z
2023-12-31,P00262,0,2024-01-31T12:00:00Z
2024-01-31,P00262,0,2024-03-02T12:00:00Z
2024-02-29,P00262,0,2024-03-31T12:00:00Z
2024-03-31,P00262,0,2024-05-01T12:00:00Z
2024-04-30,P00262,0,2024-05-31T12:00:00Z
2024-05-31,P00262,0,2024-07-01T12:00:00Z
2024-06-30,P00262,0,2024-07-31T12:00:00Z
2024-07-31,P00262,0,2024-08-31T12:00:00Z
2024-08-31,P00262,0,2024-10-01T12:00:00Z
2024-09-30,P00262,0,2024-10-31T12:00:00Z
2024-10-31,P00262,0,2024-12-01T12:00:00Z
2024-11-30,P00262,0,2024-12-31T12:00:00Z
2024-12-31,P00262,0,2025-01-31T12:00:00Z
2025-01-31,P00262,0,2025-03-03T12:00:00Z
2025-02-28,P00262,0,2025-03-31T12:00:00Z
2025-03-31,P00262,0,2025-05-01T12:00:00Z
2025-04-30,P00262,0,2025-05-31T12:00:00Z
2025-05-31,P00262,0,2025-07-01T12:00:00Z
2025-06-30,P00262,0,2025-07-31T12:00:00Z
2025-07-31,P00262,0,2025-08-31T12:00:00Z
2025-08-31,P00262,0,2025-10-01T12:00:00Z
2025-09-30,P00262,0,2025-10-31T12:00:00Z
2025-10-31,P00262,0,2025-12-01T12:00:00Z
2025-11-30,P00262,0,2025-12-31T12:00:00Z
2025-12-31,P00262,0,2026-01-31T12:00:00Z
2023-07-31,P00263,0,2023-08-31T12:00:00Z
2023-08-31,P00263,0,2023-10-01T12:00:00Z
2023-09-30,P00263,0,2023-10-31T12:00:00Z
2023-10-31,P00263,0,2023-12-01T12:00:00Z
2023-11-30,P00263,0,2023-12-31T12:00:00Z
2023-12-31,P00263,0,2024-01-31T12:00:00Z
2024-01-31,P00263,0,2024-03-02T12:00:00Z
2024-02-29,P00263,0,2024-03-31T12:00:00Z
2024-03-31,P00263,0,2024-05-01T12:00:00Z
2024-04-30,P00263,0,2024-05-31T12:00:00Z
2024-05-31,P00263,0,2024-07-01T12:00:00Z
2024-06-30,P00263,0,2024-07-31T12:00:00Z
2024-07-31,P00263,0,2024-08-31T12:00:00Z
2024-08-31,P00263,0,2024-10-01T12:00:00Z
2024-09-30,P00263,0,2024-10-31T12:00:00Z
2024-10-31,P00263,1,2024-12-01T12:00:00Z
2023-07-31,P00264,0,2023-08-31T12:00:00Z
2023-08-31,P00264,0,2023-10-01T12:00:00Z
2023-09-30,P00264,0,2023-10-31T12:00:00Z
2023-10-31,P00264,0,2023-12-01T12:00:00Z
2023-11-30,P00264,0,2023-12-31T12:00:00Z
2023-12-31,P00264,0,2024-01-31T12:00:00Z
2024-01-31,P00264,0,2024-03-02T12:00:00Z
2024-02-29,P00264,0,2024-03-31T12:00:00Z
2024-03-31,P00264,0,2024-05-01T12:00:00Z
2024-04-30,P00264,0,2024-05-31T12:00:00Z
2024-05-31,P00264,0,2024-07-01T12:00:00Z
2024-06-30,P00264,0,2024-07-31T12:00:00Z
2024-07-31,P00264,0,2024-08-31T12:00:00Z
2024-08-31,P00264,0,2024-10-01T12:00:00Z
2024-09-30,P00264,0,2024-10-31T12:00:00Z
2024-10-31,P00264,0,2024-12-01T12:00:00Z
2024-11-30,P00264,0,2024-12-31T12:00:00Z
2024-12-31,P00264,0,2025-01-31T12:00:00Z
2025-01-31,P00264,0,2025-03-03T12:00:00Z
2025-02-28,P00264,0,2025-03-31T12:00:00Z
2025-03-31,P00264,0,2025-05-01T12:00:00Z
2025-04-30,P00264,0,2025-05-31T12:00:00Z
2025-05-31,P00264,0,2025-07-01T12:00:00Z
2025-06-30,P00264,0,2025-07-31T12:00:00Z
2025-07-31,P00264,0,2025-08-31T12:00:00Z
2025-08-31,P00264,0,2025-10-01T12:00:00Z
2025-09-30,P00264,0,2025-10-31T12:00:00Z
2025-10-31,P00264,0,2025-12-01T12:00:00Z
2025-11-30,P00264,0,2025-12-31T12:00:00Z
2025-12-31,P00264,0,2026-01-31T12:00:00Z
2023-07-31,P00265,0,2023-08-31T12:00:00Z
2023-08-31,P00265,0,2023-10-01T12:00:00Z
2023-09-30,P00265,0,2023-10-31T12:00:00Z
2023-10-31,P00265,0,2023-12-01T12:00:00Z
2023-11-30,P00265,0,2023-12-31T12:00:00Z
2023-12-31,P00265,1,2024-01-31T12:00:00Z
2023-07-31,P00266,0,2023-08-31T12:00:00Z
2023-08-31,P00266,0,2023-10-01T12:00:00Z
2023-09-30,P00266,0,2023-10-31T12:00:00Z
2023-10-31,P00266,0,2023-12-01T12:00:00Z
2023-11-30,P00266,0,2023-12-31T12:00:00Z
2023-12-31,P00266,0,2024-01-31T12:00:00Z
2024-01-31,P00266,0,2024-03-02T12:00:00Z
2024-02-29,P00266,0,2024-03-31T12:00:00Z
2024-03-31,P00266,0,2024-05-01T12:00:00Z
2024-04-30,P00266,1,2024-05-31T12:00:00Z
2023-07-31,P00267,0,2023-08-31T12:00:00Z
2023-08-31,P00267,0,2023-10-01T12:00:00Z
2023-09-30,P00267,0,2023-10-31T12:00:00Z
2023-10-31,P00267,0,2023-12-01T12:00:00Z
2023-11-30,P00267,0,2023-12-31T12:00:00Z
2023-12-31,P00267,0,2024-01-31T12:00:00Z
2024-01-31,P00267,0,2024-03-02T12:00:00Z
2024-02-29,P00267,0,2024-03-31T12:00:00Z
2024-03-31,P00267,0,2024-05-01T12:00:00Z
2024-04-30,P00267,0,2024-05-31T12:00:00Z
2024-05-31,P00267,0,2024-07-01T12:00:00Z
2024-06-30,P00267,0,2024-07-31T12:00:00Z
2024-07-31,P00267,0,2024-08-31T12:00:00Z
2024-08-31,P00267,0,2024-10-01T12:00:00Z
2024-09-30,P00267,0,2024-10-31T12:00:00Z
2024-10-31,P00267,0,2024-12-01T12:00:00Z
2024-11-30,P00267,0,2024-12-31T12:00:00Z
2024-12-31,P00267,0,2025-01-31T12:00:00Z
2025-01-31,P00267,0,2025-03-03T12:00:00Z
2025-02-28,P00267,0,2025-03-31T12:00:00Z
2025-03-31,P00267,0,2025-05-01T12:00:00Z
2025-04-30,P00267,0,2025-05-31T12:00:00Z
2025-05-31,P00267,0,2025-07-01T12:00:00Z
2025-06-30,P00267,0,2025-07-31T12:00:00Z
2025-07-31,P00267,0,2025-08-31T12:00:00Z
2025-08-31,P00267,0,2025-10-01T12:00:00Z
2025-09-30,P00267,0,2025-10-31T12:00:00Z
2025-10-31,P00267,0,2025-12-01T12:00:00Z
2025-11-30,P00267,0,2025-12-31T12:00:00Z
2025-12-31,P00267,0,2026-01-31T12:00:00Z
2023-07-31,P00268,0,2023-08-31T12:00:00Z
2023-08-31,P00268,0,2023-10-01T12:00:00Z
2023-09-30,P00268,0,2023-10-31T12:00:00Z
2023-10-31,P00268,0,2023-12-01T12:00:00Z
2023-11-30,P00268,0,2023-12-31T12:00:00Z
2023-12-31,P00268,0,2024-01-31T12:00:00Z
2024-01-31,P00268,0,2024-03-02T12:00:00Z
2024-02-29,P00268,0,2024-03-31T12:00:00Z
2024-03-31,P00268,0,2024-05-01T12:00:00Z
2024-04-30,P00268,0,2024-05-31T12:00:00Z
2024-05-31,P00268,0,2024-07-01T12:00:00Z
2024-06-30,P00268,0,2024-07-31T12:00:00Z
2024-07-31,P00268,0,2024-08-31T12:00:00Z
2024-08-31,P00268,0,2024-10-01T12:00:00Z
2024-09-30,P00268,0,2024-10-31T12:00:00Z
2024-10-31,P00268,0,2024-12-01T12:00:00Z
2024-11-30,P00268,0,2024-12-31T12:00:00Z
2024-12-31,P00268,0,2025-01-31T12:00:00Z
2025-01-31,P00268,0,2025-03-03T12:00:00Z
2025-02-28,P00268,0,2025-03-31T12:00:00Z
2025-03-31,P00268,0,2025-05-01T12:00:00Z
2025-04-30,P00268,0,2025-05-31T12:00:00Z
2025-05-31,P00268,0,2025-07-01T12:00:00Z
2025-06-30,P00268,0,2025-07-31T12:00:00Z
2025-07-31,P00268,0,2025-08-31T12:00:00Z
2025-08-31,P00268,0,2025-10-01T12:00:00Z
2025-09-30,P00268,0,2025-10-31T12:00:00Z
2025-10-31,P00268,0,2025-12-01T12:00:00Z
2025-11-30,P00268,0,2025-12-31T12:00:00Z
2025-12-31,P00268,0,2026-01-31T12:00:00Z
2023-07-31,P00269,0,2023-08-31T12:00:00Z
2023-08-31,P00269,0,2023-10-01T12:00:00Z
2023-09-30,P00269,0,2023-10-31T12:00:00Z
2023-10-31,P00269,0,2023-12-01T12:00:00Z
2023-11-30,P00269,0,2023-12-31T12:00:00Z
2023-12-31,P00269,0,2024-01-31T12:00:00Z
2024-01-31,P00269,0,2024-03-02T12:00:00Z
2024-02-29,P00269,0,2024-03-31T12:00:00Z
2024-03-31,P00269,0,2024-05-01T12:00:00Z
2024-04-30,P00269,0,2024-05-31T12:00:00Z
2024-05-31,P00269,0,2024-07-01T12:00:00Z
2024-06-30,P00269,0,2024-07-31T12:00:00Z
2024-07-31,P00269,0,2024-08-31T12:00:00Z
2024-08-31,P00269,0,2024-10-01T12:00:00Z
2024-09-30,P00269,0,2024-10-31T12:00:00Z
2024-10-31,P00269,0,2024-12-01T12:00:00Z
2024-11-30,P00269,0,2024-12-31T12:00:00Z
2024-12-31,P00269,0,2025-01-31T12:00:00Z
2025-01-31,P00269,0,2025-03-03T12:00:00Z
2025-02-28,P00269,0,2025-03-31T12:00:00Z
2025-03-31,P00269,0,2025-05-01T12:00:00Z
2025-04-30,P00269,0,2025-05-31T12:00:00Z
2025-05-31,P00269,0,2025-07-01T12:00:00Z
2025-06-30,P00269,0,2025-07-31T12:00:00Z
2025-07-31,P00269,1,2025-08-31T12:00:00Z
2023-07-31,P00270,0,2023-08-31T12:00:00Z
2023-08-31,P00270,0,2023-10-01T12:00:00Z
2023-09-30,P00270,0,2023-10-31T12:00:00Z
2023-10-31,P00270,0,2023-12-01T12:00:00Z
2023-11-30,P00270,0,2023-12-31T12:00:00Z
2023-12-31,P00270,0,2024-01-31T12:00:00Z
2024-01-31,P00270,0,2024-03-02T12:00:00Z
2024-02-29,P00270,0,2024-03-31T12:00:00Z
2024-03-31,P00270,0,2024-05-01T12:00:00Z
2024-04-30,P00270,0,2024-05-31T12:00:00Z
2024-05-31,P00270,0,2024-07-01T12:00:00Z
2024-06-30,P00270,0,2024-07-31T12:00:00Z
2024-07-31,P00270,0,2024-08-31T12:00:00Z
2024-08-31,P00270,0,2024-10-01T12:00:00Z
2024-09-30,P00270,0,2024-10-31T12:00:00Z
2024-10-31,P00270,0,2024-12-01T12:00:00Z
2024-11-30,P00270,0,2024-12-31T12:00:00Z
2024-12-31,P00270,0,2025-01-31T12:00:00Z
2025-01-31,P00270,0,2025-03-03T12:00:00Z
2025-02-28,P00270,0,2025-03-31T12:00:00Z
2025-03-31,P00270,0,2025-05-01T12:00:00Z
2025-04-30,P00270,0,2025-05-31T12:00:00Z
2025-05-31,P00270,0,2025-07-01T12:00:00Z
2025-06-30,P00270,0,2025-07-31T12:00:00Z
2025-07-31,P00270,0,2025-08-31T12:00:00Z
2025-08-31,P00270,0,2025-10-01T12:00:00Z
2025-09-30,P00270,0,2025-10-31T12:00:00Z
2025-10-31,P00270,0,2025-12-01T12:00:00Z
2025-11-30,P00270,0,2025-12-31T12:00:00Z
2025-12-31,P00270,0,2026-01-31T12:00:00Z
2023-07-31,P00271,0,2023-08-31T12:00:00Z
2023-08-31,P00271,0,2023-10-01T12:00:00Z
2023-09-30,P00271,1,2023-10-31T12:00:00Z
2023-07-31,P00272,0,2023-08-31T12:00:00Z
2023-08-31,P00272,0,2023-10-01T12:00:00Z
2023-09-30,P00272,0,2023-10-31T12:00:00Z
2023-10-31,P00272,0,2023-12-01T12:00:00Z
2023-11-30,P00272,0,2023-12-31T12:00:00Z
2023-12-31,P00272,0,2024-01-31T12:00:00Z
2024-01-31,P00272,0,2024-03-02T12:00:00Z
2024-02-29,P00272,0,2024-03-31T12:00:00Z
2024-03-31,P00272,0,2024-05-01T12:00:00Z
2024-04-30,P00272,0,2024-05-31T12:00:00Z
2024-05-31,P00272,0,2024-07-01T12:00:00Z
2024-06-30,P00272,0,2024-07-31T12:00:00Z
2024-07-31,P00272,0,2024-08-31T12:00:00Z
2024-08-31,P00272,0,2024-10-01T12:00:00Z
2024-09-30,P00272,0,2024-10-31T12:00:00Z
2024-10-31,P00272,0,2024-12-01T12:00:00Z
2024-11-30,P00272,0,2024-12-31T12:00:00Z
2024-12-31,P00272,0,2025-01-31T12:00:00Z
2025-01-31,P00272,0,2025-03-03T12:00:00Z
2025-02-28,P00272,0,2025-03-31T12:00:00Z
2025-03-31,P00272,0,2025-05-01T12:00:00Z
2025-04-30,P00272,0,2025-05-31T12:00:00Z
2025-05-31,P00272,0,2025-07-01T12:00:00Z
2025-06-30,P00272,0,2025-07-31T12:00:00Z
2025-07-31,P00272,0,2025-08-31T12:00:00Z
2025-08-31,P00272,0,2025-10-01T12:00:00Z
2025-09-30,P00272,1,2025-10-31T12:00:00Z
2023-07-31,P00273,0,2023-08-31T12:00:00Z
2023-08-31,P00273,0,2023-10-01T12:00:00Z
2023-09-30,P00273,0,2023-10-31T12:00:00Z
2023-10-31,P00273,0,2023-12-01T12:00:00Z
2023-11-30,P00273,0,2023-12-31T12:00:00Z
2023-12-31,P00273,0,2024-01-31T12:00:00Z
2024-01-31,P00273,0,2024-03-02T12:00:00Z
2024-02-29,P00273,1,2024-03-31T12:00:00Z
2023-07-31,P00274,0,2023-08-31T12:00:00Z
2023-08-31,P00274,0,2023-10-01T12:00:00Z
2023-09-30,P00274,0,2023-10-31T12:00:00Z
2023-10-31,P00274,0,2023-12-01T12:00:00Z
2023-11-30,P00274,0,2023-12-31T12:00:00Z
2023-12-31,P00274,0,2024-01-31T12:00:00Z
2024-01-31,P00274,0,2024-03-02T12:00:00Z
2024-02-29,P00274,0,2024-03-31T12:00:00Z
2024-03-31,P00274,0,2024-05-01T12:00:00Z
2024-04-30,P00274,0,2024-05-31T12:00:00Z
2024-05-31,P00274,0,2024-07-01T12:00:00Z
2024-06-30,P00274,0,2024-07-31T12:00:00Z
2024-07-31,P00274,0,2024-08-31T12:00:00Z
2024-08-31,P00274,0,2024-10-01T12:00:00Z
2024-09-30,P00274,0,2024-10-31T12:00:00Z
2024-10-31,P00274,0,2024-12-01T12:00:00Z
2024-11-30,P00274,0,2024-12-31T12:00:00Z
2024-12-31,P00274,0,2025-01-31T12:00:00Z
2025-01-31,P00274,0,2025-03-03T12:00:00Z
2025-02-28,P00274,0,2025-03-31T12:00:00Z
2025-03-31,P00274,0,2025-05-01T12:00:00Z
2025-04-30,P00274,0,2025-05-31T12:00:00Z
2025-05-31,P00274,0,2025-07-01T12:00:00Z
2025-06-30,P00274,0,2025-07-31T12:00:00Z
2025-07-31,P00274,0,2025-08-31T12:00:00Z
2025-08-31,P00274,0,2025-10-01T12:00:00Z
2025-09-30,P00274,0,2025-10-31T12:00:00Z
2025-10-31,P00274,0,2025-12-01T12:00:00Z
2025-11-30,P00274,0,2025-12-31T12:00:00Z
2025-12-31,P00274,0,2026-01-31T12:00:00Z
2023-07-31,P00275,0,2023-08-31T12:00:00Z
2023-08-31,P00275,0,2023-10-01T12:00:00Z
2023-09-30,P00275,0,2023-10-31T12:00:00Z
2023-10-31,P00275,0,2023-12-01T12:00:00Z
2023-11-30,P00275,0,2023-12-31T12:00:00Z
2023-12-31,P00275,0,2024-01-31T12:00:00Z
2024-01-31,P00275,0,2024-03-02T12:00:00Z
2024-02-29,P00275,0,2024-03-31T12:00:00Z
2024-03-31,P00275,0,2024-05-01T12:00:00Z
2024-04-30,P00275,0,2024-05-31T12:00:00Z
2024-05-31,P00275,0,2024-07-01T12:00:00Z
2024-06-30,P00275,0,2024-07-31T12:00:00Z
2024-07-31,P00275,0,2024-08-31T12:00:00Z
2024-08-31,P00275,0,2024-10-01T12:00:00Z
2024-09-30,P00275,0,2024-10-31T12:00:00Z
2024-10-31,P00275,0,2024-12-01T12:00:00Z
2024-11-30,P00275,0,2024-12-31T12:00:00Z
2024-12-31,P00275,0,2025-01-31T12:00:00Z
2025-01-31,P00275,0,2025-03-03T12:00:00Z
2025-02-28,P00275,0,2025-03-31T12:00:00Z
2025-03-31,P00275,0,2025-05-01T12:00:00Z
2025-04-30,P00275,0,2025-05-31T12:00:00Z
2025-05-31,P00275,0,2025-07-01T12:00:00Z
2025-06-30,P00275,0,2025-07-31T12:00:00Z
2025-07-31,P00275,0,2025-08-31T12:00:00Z
2025-08-31,P00275,0,2025-10-01T12:00:00Z
2025-09-30,P00275,0,2025-10-31T12:00:00Z
2025-10-31,P00275,0,2025-12-01T12:00:00Z
2025-11-30,P00275,0,2025-12-31T12:00:00Z
2025-12-31,P00275,0,2026-01-31T12:00:00Z
2023-07-31,P00276,0,2023-08-31T12:00:00Z
2023-08-31,P00276,0,2023-10-01T12:00:00Z
2023-09-30,P00276,0,2023-10-31T12:00:00Z
2023-10-31,P00276,0,2023-12-01T12:00:00Z
2023-11-30,P00276,0,2023-12-31T12:00:00Z
2023-12-31,P00276,0,2024-01-31T12:00:00Z
2024-01-31,P00276,0,2024-03-02T12:00:00Z
2024-02-29,P00276,1,2024-03-31T12:00:00Z
2023-07-31,P00277,0,2023-08-31T12:00:00Z
2023-08-31,P00277,0,2023-10-01T12:00:00Z
2023-09-30,P00277,0,2023-10-31T12:00:00Z
2023-10-31,P00277,0,2023-12-01T12:00:00Z
2023-11-30,P00277,0,2023-12-31T12:00:00Z
2023-12-31,P00277,0,2024-01-31T12:00:00Z
2024-01-31,P00277,0,2024-03-02T12:00:00Z
2024-02-29,P00277,0,2024-03-31T12:00:00Z
2024-03-31,P00277,0,2024-05-01T12:00:00Z
2024-04-30,P00277,0,2024-05-31T12:00:00Z
2024-05-31,P00277,0,2024-07-01T12:00:00Z
2024-06-30,P00277,0,2024-07-31T12:00:00Z
2024-07-31,P00277,0,2024-08-31T12:00:00Z
2024-08-31,P00277,0,2024-10-01T12:00:00Z
2024-09-30,P00277,0,2024-10-31T12:00:00Z
2024-10-31,P00277,0,2024-12-01T12:00:00Z
2024-11-30,P00277,0,2024-12-31T12:00:00Z
2024-12-31,P00277,0,2025-01-31T12:00:00Z
2025-01-31,P00277,0,2025-03-03T12:00:00Z
2025-02-28,P00277,0,2025-03-31T12:00:00Z
2025-03-31,P00277,0,2025-05-01T12:00:00Z
2025-04-30,P00277,0,2025-05-31T12:00:00Z
2025-05-31,P00277,0,2025-07-01T12:00:00Z
2025-06-30,P00277,0,2025-07-31T12:00:00Z
2025-07-31,P00277,0,2025-08-31T12:00:00Z
2025-08-31,P00277,0,2025-10-01T12:00:00Z
2025-09-30,P00277,0,2025-10-31T12:00:00Z
2025-10-31,P00277,0,2025-12-01T12:00:00Z
2025-11-30,P00277,0,2025-12-31T12:00:00Z
2025-12-31,P00277,0,2026-01-31T12:00:00Z
2023-07-31,P00278,0,2023-08-31T12:00:00Z
2023-08-31,P00278,0,2023-10-01T12:00:00Z
2023-09-30,P00278,0,2023-10-31T12:00:00Z
2023-10-31,P00278,0,2023-12-01T12:00:00Z
2023-11-30,P00278,0,2023-12-31T12:00:00Z
2023-12-31,P00278,0,2024-01-31T12:00:00Z
2024-01-31,P00278,0,2024-03-02T12:00:00Z
2024-02-29,P00278,0,2024-03-31T12:00:00Z
2024-03-31,P00278,0,2024-05-01T12:00:00Z
2024-04-30,P00278,0,2024-05-31T12:00:00Z
2024-05-31,P00278,0,2024-07-01T12:00:00Z
2024-06-30,P00278,0,2024-07-31T12:00:00Z
2024-07-31,P00278,0,2024-08-31T12:00:00Z
2024-08-31,P00278,0,2024-10-01T12:00:00Z
2024-09-30,P00278,0,2024-10-31T12:00:00Z
2024-10-31,P00278,0,2024-12-01T12:00:00Z
2024-11-30,P00278,0,2024-12-31T12:00:00Z
2024-12-31,P00278,0,2025-01-31T12:00:00Z
2025-01-31,P00278,0,2025-03-03T12:00:00Z
2025-02-28,P00278,0,2025-03-31T12:00:00Z
2025-03-31,P00278,0,2025-05-01T12:00:00Z
2025-04-30,P00278,0,2025-05-31T12:00:00Z
2025-05-31,P00278,0,2025-07-01T12:00:00Z
2025-06-30,P00278,0,2025-07-31T12:00:00Z
2025-07-31,P00278,0,2025-08-31T12:00:00Z
2025-08-31,P00278,0,2025-10-01T12:00:00Z
2025-09-30,P00278,0,2025-10-31T12:00:00Z
2025-10-31,P00278,0,2025-12-01T12:00:00Z
2025-11-30,P00278,0,2025-12-31T12:00:00Z
2025-12-31,P00278,0,2026-01-31T12:00:00Z
2023-07-31,P00279,0,2023-08-31T12:00:00Z
2023-08-31,P00279,0,2023-10-01T12:00:00Z
2023-09-30,P00279,0,2023-10-31T12:00:00Z
2023-10-31,P00279,0,2023-12-01T12:00:00Z
2023-11-30,P00279,0,2023-12-31T12:00:00Z
2023-12-31,P00279,0,2024-01-31T12:00:00Z
2024-01-31,P00279,0,2024-03-02T12:00:00Z
2024-02-29,P00279,0,2024-03-31T12:00:00Z
2024-03-31,P00279,0,2024-05-01T12:00:00Z
2024-04-30,P00279,0,2024-05-31T12:00:00Z
2024-05-31,P00279,0,2024-07-01T12:00:00Z
2024-06-30,P00279,0,2024-07-31T12:00:00Z
2024-07-31,P00279,0,2024-08-31T12:00:00Z
2024-08-31,P00279,0,2024-10-01T12:00:00Z
2024-09-30,P00279,0,2024-10-31T12:00:00Z
2024-10-31,P00279,0,2024-12-01T12:00:00Z
2024-11-30,P00279,0,2024-12-31T12:00:00Z
2024-12-31,P00279,0,2025-01-31T12:00:00Z
2025-01-31,P00279,0,2025-03-03T12:00:00Z
2025-02-28,P00279,0,2025-03-31T12:00:00Z
2025-03-31,P00279,0,2025-05-01T12:00:00Z
2025-04-30,P00279,0,2025-05-31T12:00:00Z
2025-05-31,P00279,0,2025-07-01T12:00:00Z
2025-06-30,P00279,0,2025-07-31T12:00:00Z
2025-07-31,P00279,0,2025-08-31T12:00:00Z
2025-08-31,P00279,0,2025-10-01T12:00:00Z
2025-09-30,P00279,0,2025-10-31T12:00:00Z
2025-10-31,P00279,0,2025-12-01T12:00:00Z
2025-11-30,P00279,0,2025-12-31T12:00:00Z
2025-12-31,P00279,0,2026-01-31T12:00:00Z
2023-07-31,P00280,0,2023-08-31T12:00:00Z
2023-08-31,P00280,0,2023-10-01T12:00:00Z
2023-09-30,P00280,0,2023-10-31T12:00:00Z
2023-10-31,P00280,0,2023-12-01T12:00:00Z
2023-11-30,P00280,0,2023-12-31T12:00:00Z
2023-12-31,P00280,0,2024-01-31T12:00:00Z
2024-01-31,P00280,0,2024-03-02T12:00:00Z
2024-02-29,P00280,0,2024-03-31T12:00:00Z
2024-03-31,P00280,0,2024-05-01T12:00:00Z
2024-04-30,P00280,0,2024-05-31T12:00:00Z
2024-05-31,P00280,0,2024-07-01T12:00:00Z
2024-06-30,P00280,0,2024-07-31T12:00:00Z
2024-07-31,P00280,0,2024-08-31T12:00:00Z
2024-08-31,P00280,0,2024-10-01T12:00:00Z
2024-09-30,P00280,0,2024-10-31T12:00:00Z
2024-10-31,P00280,1,2024-12-01T12:00:00Z
2023-07-31,P00281,0,2023-08-31T12:00:00Z
2023-08-31,P00281,0,2023-10-01T12:00:00Z
2023-09-30,P00281,0,2023-10-31T12:00:00Z
2023-10-31,P00281,0,2023-12-01T12:00:00Z
2023-11-30,P00281,0,2023-12-31T12:00:00Z
2023-12-31,P00281,0,2024-01-31T12:00:00Z
2024-01-31,P00281,0,2024-03-02T12:00:00Z
2024-02-29,P00281,0,2024-03-31T12:00:00Z
2024-03-31,P00281,0,2024-05-01T12:00:00Z
2024-04-30,P00281,0,2024-05-31T12:00:00Z
2024-05-31,P00281,0,2024-07-01T12:00:00Z
2024-06-30,P00281,0,2024-07-31T12:00:00Z
2024-07-31,P00281,0,2024-08-31T12:00:00Z
2024-08-31,P00281,0,2024-10-01T12:00:00Z
2024-09-30,P00281,0,2024-10-31T12:00:00Z
2024-10-31,P00281,1,2024-12-01T12:00:00Z
2023-07-31,P00282,0,2023-08-31T12:00:00Z
2023-08-31,P00282,1,2023-10-01T12:00:00Z
2023-07-31,P00283,0,2023-08-31T12:00:00Z
2023-08-31,P00283,0,2023-10-01T12:00:00Z
2023-09-30,P00283,0,2023-10-31T12:00:00Z
2023-10-31,P00283,1,2023-12-01T12:00:00Z
2023-07-31,P00284,0,2023-08-31T12:00:00Z
2023-08-31,P00284,0,2023-10-01T12:00:00Z
2023-09-30,P00284,0,2023-10-31T12:00:00Z
2023-10-31,P00284,0,2023-12-01T12:00:00Z
2023-11-30,P00284,0,2023-12-31T12:00:00Z
2023-12-31,P00284,0,2024-01-31T12:00:00Z
2024-01-31,P00284,0,2024-03-02T12:00:00Z
2024-02-29,P00284,0,2024-03-31T12:00:00Z
2024-03-31,P00284,0,2024-05-01T12:00:00Z
2024-04-30,P00284,0,2024-05-31T12:00:00Z
2024-05-31,P00284,0,2024-07-01T12:00:00Z
2024-06-30,P00284,0,2024-07-31T12:00:00Z
2024-07-31,P00284,0,2024-08-31T12:00:00Z
2024-08-31,P00284,0,2024-10-01T12:00:00Z
2024-09-30,P00284,0,2024-10-31T12:00:00Z
2024-10-31,P00284,0,2024-12-01T12:00:00Z
2024-11-30,P00284,0,2024-12-31T12:00:00Z
2024-12-31,P00284,0,2025-01-31T12:00:00Z
2025-01-31,P00284,0,2025-03-03T12:00:00Z
2025-02-28,P00284,0,2025-03-31T12:00:00Z
2025-03-31,P00284,0,2025-05-01T12:00:00Z
2025-04-30,P00284,0,2025-05-31T12:00:00Z
2025-05-31,P00284,0,2025-07-01T12:00:00Z
2025-06-30,P00284,0,2025-07-31T12:00:00Z
2025-07-31,P00284,0,2025-08-31T12:00:00Z
2025-08-31,P00284,0,2025-10-01T12:00:00Z
2025-09-30,P00284,0,2025-10-31T12:00:00Z
2025-10-31,P00284,0,2025-12-01T12:00:00Z
2025-11-30,P00284,0,2025-12-31T12:00:00Z
2025-12-31,P00284,0,2026-01-31T12:00:00Z
2023-07-31,P00285,0,2023-08-31T12:00:00Z
2023-08-31,P00285,0,2023-10-01T12:00:00Z
2023-09-30,P00285,0,2023-10-31T12:00:00Z
2023-10-31,P00285,0,2023-12-01T12:00:00Z
2023-11-30,P00285,0,2023-12-31T12:00:00Z
2023-12-31,P00285,0,2024-01-31T12:00:00Z
2024-01-31,P00285,0,2024-03-02T12:00:00Z
2024-02-29,P00285,0,2024-03-31T12:00:00Z
2024-03-31,P00285,0,2024-05-01T12:00:00Z
2024-04-30,P00285,0,2024-05-31T12:00:00Z
2024-05-31,P00285,0,2024-07-01T12:00:00Z
2024-06-30,P00285,0,2024-07-31T12:00:00Z
2024-07-31,P00285,0,2024-08-31T12:00:00Z
2024-08-31,P00285,0,2024-10-01T12:00:00Z
2024-09-30,P00285,0,2024-10-31T12:00:00Z
2024-10-31,P00285,0,2024-12-01T12:00:00Z
2024-11-30,P00285,0,2024-12-31T12:00:00Z
2024-12-31,P00285,0,2025-01-31T12:00:00Z
2025-01-31,P00285,0,2025-03-03T12:00:00Z
2025-02-28,P00285,0,2025-03-31T12:00:00Z
2025-03-31,P00285,0,2025-05-01T12:00:00Z
2025-04-30,P00285,1,2025-05-31T12:00:00Z
2023-07-31,P00286,0,2023-08-31T12:00:00Z
2023-08-31,P00286,0,2023-10-01T12:00:00Z
2023-09-30,P00286,0,2023-10-31T12:00:00Z
2023-10-31,P00286,0,2023-12-01T12:00:00Z
2023-11-30,P00286,0,2023-12-31T12:00:00Z
2023-12-31,P00286,0,2024-01-31T12:00:00Z
2024-01-31,P00286,0,2024-03-02T12:00:00Z
2024-02-29,P00286,0,2024-03-31T12:00:00Z
2024-03-31,P00286,0,2024-05-01T12:00:00Z
2024-04-30,P00286,0,2024-05-31T12:00:00Z
2024-05-31,P00286,0,2024-07-01T12:00:00Z
2024-06-30,P00286,0,2024-07-31T12:00:00Z
2024-07-31,P00286,1,2024-08-31T12:00:00Z
2023-07-31,P00287,0,2023-08-31T12:00:00Z
2023-08-31,P00287,0,2023-10-01T12:00:00Z
2023-09-30,P00287,0,2023-10-31T12:00:00Z
2023-10-31,P00287,0,2023-12-01T12:00:00Z
2023-11-30,P00287,0,2023-12-31T12:00:00Z
2023-12-31,P00287,0,2024-01-31T12:00:00Z
2024-01-31,P00287,0,2024-03-02T12:00:00Z
2024-02-29,P00287,0,2024-03-31T12:00:00Z
2024-03-31,P00287,1,2024-05-01T12:00:00Z
2023-07-31,P00288,0,2023-08-31T12:00:00Z
2023-08-31,P00288,0,2023-10-01T12:00:00Z
2023-09-30,P00288,0,2023-10-31T12:00:00Z
2023-10-31,P00288,0,2023-12-01T12:00:00Z
2023-11-30,P00288,0,2023-12-31T12:00:00Z
2023-12-31,P00288,0,2024-01-31T12:00:00Z
2024-01-31,P00288,0,2024-03-02T12:00:00Z
2024-02-29,P00288,0,2024-03-31T12:00:00Z
2024-03-31,P00288,0,2024-05-01T12:00:00Z
2024-04-30,P00288,0,2024-05-31T12:00:00Z
2024-05-31,P00288,0,2024-07-01T12:00:00Z
2024-06-30,P00288,0,2024-07-31T12:00:00Z
2024-07-31,P00288,0,2024-08-31T12:00:00Z
2024-08-31,P00288,0,2024-10-01T12:00:00Z
2024-09-30,P00288,0,2024-10-31T12:00:00Z
2024-10-31,P00288,0,2024-12-01T12:00:00Z
2024-11-30,P00288,0,2024-12-31T12:00:00Z
2024-12-31,P00288,0,2025-01-31T12:00:00Z
2025-01-31,P00288,0,2025-03-03T12:00:00Z
2025-02-28,P00288,0,2025-03-31T12:00:00Z
2025-03-31,P00288,0,2025-05-01T12:00:00Z
2025-04-30,P00288,0,2025-05-31T12:00:00Z
2025-05-31,P00288,0,2025-07-01T12:00:00Z
2025-06-30,P00288,0,2025-07-31T12:00:00Z
2025-07-31,P00288,0,2025-08-31T12:00:00Z
2025-08-31,P00288,0,2025-10-01T12:00:00Z
2025-09-30,P00288,0,2025-10-31T12:00:00Z
2025-10-31,P00288,0,2025-12-01T12:00:00Z
2025-11-30,P00288,0,2025-12-31T12:00:00Z
2025-12-31,P00288,0,2026-01-31T12:00:00Z
2023-07-31,P00289,0,2023-08-31T12:00:00Z
2023-08-31,P00289,0,2023-10-01T12:00:00Z
2023-09-30,P00289,0,2023-10-31T12:00:00Z
2023-10-31,P00289,0,2023-12-01T12:00:00Z
2023-11-30,P00289,0,2023-12-31T12:00:00Z
2023-12-31,P00289,0,2024-01-31T12:00:00Z
2024-01-31,P00289,0,2024-03-02T12:00:00Z
2024-02-29,P00289,0,2024-03-31T12:00:00Z
2024-03-31,P00289,0,2024-05-01T12:00:00Z
2024-04-30,P00289,0,2024-05-31T12:00:00Z
2024-05-31,P00289,0,2024-07-01T12:00:00Z
2024-06-30,P00289,0,2024-07-31T12:00:00Z
2024-07-31,P00289,0,2024-08-31T12:00:00Z
2024-08-31,P00289,0,2024-10-01T12:00:00Z
2024-09-30,P00289,0,2024-10-31T12:00:00Z
2024-10-31,P00289,0,2024-12-01T12:00:00Z
2024-11-30,P00289,0,2024-12-31T12:00:00Z
2024-12-31,P00289,0,2025-01-31T12:00:00Z
2025-01-31,P00289,0,2025-03-03T12:00:00Z
2025-02-28,P00289,0,2025-03-31T12:00:00Z
2025-03-31,P00289,0,2025-05-01T12:00:00Z
2025-04-30,P00289,0,2025-05-31T12:00:00Z
2025-05-31,P00289,0,2025-07-01T12:00:00Z
2025-06-30,P00289,0,2025-07-31T12:00:00Z
2025-07-31,P00289,0,2025-08-31T12:00:00Z
2025-08-31,P00289,0,2025-10-01T12:00:00Z
2025-09-30,P00289,0,2025-10-31T12:00:00Z
2025-10-31,P00289,0,2025-12-01T12:00:00Z
2025-11-30,P00289,0,2025-12-31T12:00:00Z
2025-12-31,P00289,0,2026-01-31T12:00:00Z
2023-07-31,P00290,0,2023-08-31T12:00:00Z
2023-08-31,P00290,0,2023-10-01T12:00:00Z
2023-09-30,P00290,0,2023-10-31T12:00:00Z
2023-10-31,P00290,0,2023-12-01T12:00:00Z
2023-11-30,P00290,0,2023-12-31T12:00:00Z
2023-12-31,P00290,0,2024-01-31T12:00:00Z
2024-01-31,P00290,0,2024-03-02T12:00:00Z
2024-02-29,P00290,0,2024-03-31T12:00:00Z
2024-03-31,P00290,0,2024-05-01T12:00:00Z
2024-04-30,P00290,0,2024-05-31T12:00:00Z
2024-05-31,P00290,0,2024-07-01T12:00:00Z
2024-06-30,P00290,0,2024-07-31T12:00:00Z
2024-07-31,P00290,0,2024-08-31T12:00:00Z
2024-08-31,P00290,0,2024-10-01T12:00:00Z
2024-09-30,P00290,0,2024-10-31T12:00:00Z
2024-10-31,P00290,0,2024-12-01T12:00:00Z
2024-11-30,P00290,0,2024-12-31T12:00:00Z
2024-12-31,P00290,0,2025-01-31T12:00:00Z
2025-01-31,P00290,0,2025-03-03T12:00:00Z
2025-02-28,P00290,0,2025-03-31T12:00:00Z
2025-03-31,P00290,1,2025-05-01T12:00:00Z
2023-07-31,P00291,0,2023-08-31T12:00:00Z
2023-08-31,P00291,0,2023-10-01T12:00:00Z
2023-09-30,P00291,0,2023-10-31T12:00:00Z
2023-10-31,P00291,0,2023-12-01T12:00:00Z
2023-11-30,P00291,0,2023-12-31T12:00:00Z
2023-12-31,P00291,0,2024-01-31T12:00:00Z
2024-01-31,P00291,0,2024-03-02T12:00:00Z
2024-02-29,P00291,0,2024-03-31T12:00:00Z
2024-03-31,P00291,0,2024-05-01T12:00:00Z
2024-04-30,P00291,0,2024-05-31T12:00:00Z
2024-05-31,P00291,0,2024-07-01T12:00:00Z
2024-06-30,P00291,0,2024-07-31T12:00:00Z
2024-07-31,P00291,0,2024-08-31T12:00:00Z
2024-08-31,P00291,0,2024-10-01T12:00:00Z
2024-09-30,P00291,0,2024-10-31T12:00:00Z
2024-10-31,P00291,0,2024-12-01T12:00:00Z
2024-11-30,P00291,0,2024-12-31T12:00:00Z
2024-12-31,P00291,0,2025-01-31T12:00:00Z
2025-01-31,P00291,0,2025-03-03T12:00:00Z
2025-02-28,P00291,0,2025-03-31T12:00:00Z
2025-03-31,P00291,0,2025-05-01T12:00:00Z
2025-04-30,P00291,0,2025-05-31T12:00:00Z
2025-05-31,P00291,0,2025-07-01T12:00:00Z
2025-06-30,P00291,0,2025-07-31T12:00:00Z
2025-07-31,P00291,0,2025-08-31T12:00:00Z
2025-08-31,P00291,0,2025-10-01T12:00:00Z
2025-09-30,P00291,0,2025-10-31T12:00:00Z
2025-10-31,P00291,0,2025-12-01T12:00:00Z
2025-11-30,P00291,0,2025-12-31T12:00:00Z
2025-12-31,P00291,0,2026-01-31T12:00:00Z
2023-07-31,P00292,0,2023-08-31T12:00:00Z
2023-08-31,P00292,0,2023-10-01T12:00:00Z
2023-09-30,P00292,0,2023-10-31T12:00:00Z
2023-10-31,P00292,0,2023-12-01T12:00:00Z
2023-11-30,P00292,0,2023-12-31T12:00:00Z
2023-12-31,P00292,0,2024-01-31T12:00:00Z
2024-01-31,P00292,0,2024-03-02T12:00:00Z
2024-02-29,P00292,0,2024-03-31T12:00:00Z
2024-03-31,P00292,0,2024-05-01T12:00:00Z
2024-04-30,P00292,0,2024-05-31T12:00:00Z
2024-05-31,P00292,0,2024-07-01T12:00:00Z
2024-06-30,P00292,1,2024-07-31T12:00:00Z
2023-07-31,P00293,0,2023-08-31T12:00:00Z
2023-08-31,P00293,0,2023-10-01T12:00:00Z
2023-09-30,P00293,0,2023-10-31T12:00:00Z
2023-10-31,P00293,0,2023-12-01T12:00:00Z
2023-11-30,P00293,0,2023-12-31T12:00:00Z
2023-12-31,P00293,0,2024-01-31T12:00:00Z
2024-01-31,P00293,0,2024-03-02T12:00:00Z
2024-02-29,P00293,0,2024-03-31T12:00:00Z
2024-03-31,P00293,0,2024-05-01T12:00:00Z
2024-04-30,P00293,0,2024-05-31T12:00:00Z
2024-05-31,P00293,0,2024-07-01T12:00:00Z
2024-06-30,P00293,0,2024-07-31T12:00:00Z
2024-07-31,P00293,0,2024-08-31T12:00:00Z
2024-08-31,P00293,0,2024-10-01T12:00:00Z
2024-09-30,P00293,0,2024-10-31T12:00:00Z
2024-10-31,P00293,0,2024-12-01T12:00:00Z
2024-11-30,P00293,0,2024-12-31T12:00:00Z
2024-12-31,P00293,0,2025-01-31T12:00:00Z
2025-01-31,P00293,0,2025-03-03T12:00:00Z
2025-02-28,P00293,0,2025-03-31T12:00:00Z
2025-03-31,P00293,0,2025-05-01T12:00:00Z
2025-04-30,P00293,0,2025-05-31T12:00:00Z
2025-05-31,P00293,0,2025-07-01T12:00:00Z
2025-06-30,P00293,0,2025-07-31T12:00:00Z
2025-07-31,P00293,0,2025-08-31T12:00:00Z
2025-08-31,P00293,0,2025-10-01T12:00:00Z
2025-09-30,P00293,0,2025-10-31T12:00:00Z
2025-10-31,P00293,0,2025-12-01T12:00:00Z
2025-11-30,P00293,0,2025-12-31T12:00:00Z
2025-12-31,P00293,0,2026-01-31T12:00:00Z
2023-07-31,P00294,0,2023-08-31T12:00:00Z
2023-08-31,P00294,0,2023-10-01T12:00:00Z
2023-09-30,P00294,0,2023-10-31T12:00:00Z
2023-10-31,P00294,0,2023-12-01T12:00:00Z
2023-11-30,P00294,0,2023-12-31T12:00:00Z
2023-12-31,P00294,0,2024-01-31T12:00:00Z
2024-01-31,P00294,0,2024-03-02T12:00:00Z
2024-02-29,P00294,0,2024-03-31T12:00:00Z
2024-03-31,P00294,0,2024-05-01T12:00:00Z
2024-04-30,P00294,0,2024-05-31T12:00:00Z
2024-05-31,P00294,0,2024-07-01T12:00:00Z
2024-06-30,P00294,0,2024-07-31T12:00:00Z
2024-07-31,P00294,0,2024-08-31T12:00:00Z
2024-08-31,P00294,0,2024-10-01T12:00:00Z
2024-09-30,P00294,0,2024-10-31T12:00:00Z
2024-10-31,P00294,0,2024-12-01T12:00:00Z
2024-11-30,P00294,0,2024-12-31T12:00:00Z
2024-12-31,P00294,0,2025-01-31T12:00:00Z
2025-01-31,P00294,0,2025-03-03T12:00:00Z
2025-02-28,P00294,0,2025-03-31T12:00:00Z
2025-03-31,P00294,0,2025-05-01T12:00:00Z
2025-04-30,P00294,0,2025-05-31T12:00:00Z
2025-05-31,P00294,0,2025-07-01T12:00:00Z
2025-06-30,P00294,0,2025-07-31T12:00:00Z
2025-07-31,P00294,0,2025-08-31T12:00:00Z
2025-08-31,P00294,0,2025-10-01T12:00:00Z
2025-09-30,P00294,0,2025-10-31T12:00:00Z
2025-10-31,P00294,0,2025-12-01T12:00:00Z
2025-11-30,P00294,0,2025-12-31T12:00:00Z
2025-12-31,P00294,0,2026-01-31T12:00:00Z
2023-07-31,P00295,0,2023-08-31T12:00:00Z
2023-08-31,P00295,0,2023-10-01T12:00:00Z
2023-09-30,P00295,0,2023-10-31T12:00:00Z
2023-10-31,P00295,0,2023-12-01T12:00:00Z
2023-11-30,P00295,0,2023-12-31T12:00:00Z
2023-12-31,P00295,0,2024-01-31T12:00:00Z
2024-01-31,P00295,0,2024-03-02T12:00:00Z
2024-02-29,P00295,0,2024-03-31T12:00:00Z
2024-03-31,P00295,0,2024-05-01T12:00:00Z
2024-04-30,P00295,0,2024-05-31T12:00:00Z
2024-05-31,P00295,0,2024-07-01T12:00:00Z
2024-06-30,P00295,0,2024-07-31T12:00:00Z
2024-07-31,P00295,0,2024-08-31T12:00:00Z
2024-08-31,P00295,0,2024-10-01T12:00:00Z
2024-09-30,P00295,0,2024-10-31T12:00:00Z
2024-10-31,P00295,0,2024-12-01T12:00:00Z
2024-11-30,P00295,0,2024-12-31T12:00:00Z
2024-12-31,P00295,0,2025-01-31T12:00:00Z
2025-01-31,P00295,0,2025-03-03T12:00:00Z
2025-02-28,P00295,0,2025-03-31T12:00:00Z
2025-03-31,P00295,0,2025-05-01T12:00:00Z
2025-04-30,P00295,0,2025-05-31T12:00:00Z
2025-05-31,P00295,0,2025-07-01T12:00:00Z
2025-06-30,P00295,0,2025-07-31T12:00:00Z
2025-07-31,P00295,0,2025-08-31T12:00:00Z
2025-08-31,P00295,1,2025-10-01T12:00:00Z
2023-07-31,P00296,0,2023-08-31T12:00:00Z
2023-08-31,P00296,0,2023-10-01T12:00:00Z
2023-09-30,P00296,0,2023-10-31T12:00:00Z
2023-10-31,P00296,0,2023-12-01T12:00:00Z
2023-11-30,P00296,0,2023-12-31T12:00:00Z
2023-12-31,P00296,0,2024-01-31T12:00:00Z
2024-01-31,P00296,0,2024-03-02T12:00:00Z
2024-02-29,P00296,0,2024-03-31T12:00:00Z
2024-03-31,P00296,0,2024-05-01T12:00:00Z
2024-04-30,P00296,0,2024-05-31T12:00:00Z
2024-05-31,P00296,0,2024-07-01T12:00:00Z
2024-06-30,P00296,0,2024-07-31T12:00:00Z
2024-07-31,P00296,0,2024-08-31T12:00:00Z
2024-08-31,P00296,0,2024-10-01T12:00:00Z
2024-09-30,P00296,0,2024-10-31T12:00:00Z
2024-10-31,P00296,0,2024-12-01T12:00:00Z
2024-11-30,P00296,0,2024-12-31T12:00:00Z
2024-12-31,P00296,0,2025-01-31T12:00:00Z
2025-01-31,P00296,0,2025-03-03T12:00:00Z
2025-02-28,P00296,0,2025-03-31T12:00:00Z
2025-03-31,P00296,0,2025-05-01T12:00:00Z
2025-04-30,P00296,0,2025-05-31T12:00:00Z
2025-05-31,P00296,0,2025-07-01T12:00:00Z
2025-06-30,P00296,0,2025-07-31T12:00:00Z
2025-07-31,P00296,0,2025-08-31T12:00:00Z
2025-08-31,P00296,0,2025-10-01T12:00:00Z
2025-09-30,P00296,0,2025-10-31T12:00:00Z
2025-10-31,P00296,0,2025-12-01T12:00:00Z
2025-11-30,P00296,0,2025-12-31T12:00:00Z
2025-12-31,P00296,0,2026-01-31T12:00:00Z
2023-07-31,P00297,0,2023-08-31T12:00:00Z
2023-08-31,P00297,0,2023-10-01T12:00:00Z
2023-09-30,P00297,0,2023-10-31T12:00:00Z
2023-10-31,P00297,0,2023-12-01T12:00:00Z
2023-11-30,P00297,0,2023-12-31T12:00:00Z
2023-12-31,P00297,0,2024-01-31T12:00:00Z
2024-01-31,P00297,0,2024-03-02T12:00:00Z
2024-02-29,P00297,0,2024-03-31T12:00:00Z
2024-03-31,P00297,0,2024-05-01T12:00:00Z
2024-04-30,P00297,0,2024-05-31T12:00:00Z
2024-05-31,P00297,0,2024-07-01T12:00:00Z
2024-06-30,P00297,0,2024-07-31T12:00:00Z
2024-07-31,P00297,0,2024-08-31T12:00:00Z
2024-08-31,P00297,0,2024-10-01T12:00:00Z
2024-09-30,P00297,0,2024-10-31T12:00:00Z
2024-10-31,P00297,0,2024-12-01T12:00:00Z
2024-11-30,P00297,0,2024-12-31T12:00:00Z
2024-12-31,P00297,0,2025-01-31T12:00:00Z
2025-01-31,P00297,0,2025-03-03T12:00:00Z
2025-02-28,P00297,0,2025-03-31T12:00:00Z
2025-03-31,P00297,0,2025-05-01T12:00:00Z
2025-04-30,P00297,0,2025-05-31T12:00:00Z
2025-05-31,P00297,0,2025-07-01T12:00:00Z
2025-06-30,P00297,0,2025-07-31T12:00:00Z
2025-07-31,P00297,0,2025-08-31T12:00:00Z
2025-08-31,P00297,0,2025-10-01T12:00:00Z
2025-09-30,P00297,0,2025-10-31T12:00:00Z
2025-10-31,P00297,0,2025-12-01T12:00:00Z
2025-11-30,P00297,0,2025-12-31T12:00:00Z
2025-12-31,P00297,0,2026-01-31T12:00:00Z
2023-07-31,P00298,0,2023-08-31T12:00:00Z
2023-08-31,P00298,0,2023-10-01T12:00:00Z
2023-09-30,P00298,0,2023-10-31T12:00:00Z
2023-10-31,P00298,0,2023-12-01T12:00:00Z
2023-11-30,P00298,0,2023-12-31T12:00:00Z
2023-12-31,P00298,0,2024-01-31T12:00:00Z
2024-01-31,P00298,0,2024-03-02T12:00:00Z
2024-02-29,P00298,0,2024-03-31T12:00:00Z
2024-03-31,P00298,0,2024-05-01T12:00:00Z
2024-04-30,P00298,0,2024-05-31T12:00:00Z
2024-05-31,P00298,0,2024-07-01T12:00:00Z
2024-06-30,P00298,0,2024-07-31T12:00:00Z
2024-07-31,P00298,0,2024-08-31T12:00:00Z
2024-08-31,P00298,0,2024-10-01T12:00:00Z
2024-09-30,P00298,0,2024-10-31T12:00:00Z
2024-10-31,P00298,0,2024-12-01T12:00:00Z
2024-11-30,P00298,0,2024-12-31T12:00:00Z
2024-12-31,P00298,0,2025-01-31T12:00:00Z
2025-01-31,P00298,0,2025-03-03T12:00:00Z
2025-02-28,P00298,0,2025-03-31T12:00:00Z
2025-03-31,P00298,0,2025-05-01T12:00:00Z
2025-04-30,P00298,0,2025-05-31T12:00:00Z
2025-05-31,P00298,0,2025-07-01T12:00:00Z
2025-06-30,P00298,0,2025-07-31T12:00:00Z
2025-07-31,P00298,0,2025-08-31T12:00:00Z
2025-08-31,P00298,0,2025-10-01T12:00:00Z
2025-09-30,P00298,0,2025-10-31T12:00:00Z
2025-10-31,P00298,0,2025-12-01T12:00:00Z
2025-11-30,P00298,0,2025-12-31T12:00:00Z
2025-12-31,P00298,0,2026-01-31T12:00:00Z
2023-07-31,P00299,0,2023-08-31T12:00:00Z
2023-08-31,P00299,0,2023-10-01T12:00:00Z
2023-09-30,P00299,0,2023-10-31T12:00:00Z
2023-10-31,P00299,0,2023-12-01T12:00:00Z
2023-11-30,P00299,0,2023-12-31T12:00:00Z
2023-12-31,P00299,0,2024-01-31T12:00:00Z
2024-01-31,P00299,0,2024-03-02T12:00:00Z
2024-02-29,P00299,0,2024-03-31T12:00:00Z
2024-03-31,P00299,0,2024-05-01T12:00:00Z
2024-04-30,P00299,0,2024-05-31T12:00:00Z
2024-05-31,P00299,0,2024-07-01T12:00:00Z
2024-06-30,P00299,0,2024-07-31T12:00:00Z
2024-07-31,P00299,0,2024-08-31T12:00:00Z
2024-08-31,P00299,0,2024-10-01T12:00:00Z
2024-09-30,P00299,0,2024-10-31T12:00:00Z
2024-10-31,P00299,0,2024-12-01T12:00:00Z
2024-11-30,P00299,0,2024-12-31T12:00:00Z
2024-12-31,P00299,0,2025-01-31T12:00:00Z
2025-01-31,P00299,0,2025-03-03T12:00:00Z
2025-02-28,P00299,0,2025-03-31T12:00:00Z
2025-03-31,P00299,0,2025-05-01T12:00:00Z
2025-04-30,P00299,0,2025-05-31T12:00:00Z
2025-05-31,P00299,0,2025-07-01T12:00:00Z
2025-06-30,P00299,0,2025-07-31T12:00:00Z
2025-07-31,P00299,0,2025-08-31T12:00:00Z
2025-08-31,P00299,0,2025-10-01T12:00:00Z
2025-09-30,P00299,0,2025-10-31T12:00:00Z
2025-10-31,P00299,0,2025-12-01T12:00:00Z
2025-11-30,P00299,0,2025-12-31T12:00:00Z
2025-12-31,P00299,0,2026-01-31T12:00:00Z
2023-07-31,P00300,0,2023-08-31T12:00:00Z
2023-08-31,P00300,0,2023-10-01T12:00:00Z
2023-09-30,P00300,0,2023-10-31T12:00:00Z
2023-10-31,P00300,0,2023-12-01T12:00:00Z
2023-11-30,P00300,0,2023-12-31T12:00:00Z
2023-12-31,P00300,0,2024-01-31T12:00:00Z
2024-01-31,P00300,0,2024-03-02T12:00:00Z
2024-02-29,P00300,0,2024-03-31T12:00:00Z
2024-03-31,P00300,0,2024-05-01T12:00:00Z
2024-04-30,P00300,0,2024-05-31T12:00:00Z
2024-05-31,P00300,0,2024-07-01T12:00:00Z
2024-06-30,P00300,0,2024-07-31T12:00:00Z
2024-07-31,P00300,0,2024-08-31T12:00:00Z
2024-08-31,P00300,0,2024-10-01T12:00:00Z
2024-09-30,P00300,0,2024-10-31T12:00:00Z
2024-10-31,P00300,0,2024-12-01T12:00:00Z
2024-11-30,P00300,0,2024-12-31T12:00:00Z
2024-12-31,P00300,0,2025-01-31T12:00:00Z
2025-01-31,P00300,0,2025-03-03T12:00:00Z
2025-02-28,P00300,0,2025-03-31T12:00:00Z
2025-03-31,P00300,0,2025-05-01T12:00:00Z
2025-04-30,P00300,0,2025-05-31T12:00:00Z
2025-05-31,P00300,0,2025-07-01T12:00:00Z
2025-06-30,P00300,0,2025-07-31T12:00:00Z
2025-07-31,P00300,0,2025-08-31T12:00:00Z
2025-08-31,P00300,0,2025-10-01T12:00:00Z
2025-09-30,P00300,0,2025-10-31T12:00:00Z
2025-10-31,P00300,0,2025-12-01T12:00:00Z
2025-11-30,P00300,0,2025-12-31T12:00:00Z
2025-12-31,P00300,0,2026-01-31T12:00:00Z
2023-07-31,P00301,0,2023-08-31T12:00:00Z
2023-08-31,P00301,0,2023-10-01T12:00:00Z
2023-09-30,P00301,0,2023-10-31T12:00:00Z
2023-10-31,P00301,0,2023-12-01T12:00:00Z
2023-11-30,P00301,0,2023-12-31T12:00:00Z
2023-12-31,P00301,0,2024-01-31T12:00:00Z
2024-01-31,P00301,0,2024-03-02T12:00:00Z
2024-02-29,P00301,0,2024-03-31T12:00:00Z
2024-03-31,P00301,0,2024-05-01T12:00:00Z
2024-04-30,P00301,0,2024-05-31T12:00:00Z
2024-05-31,P00301,0,2024-07-01T12:00:00Z
2024-06-30,P00301,0,2024-07-31T12:00:00Z
2024-07-31,P00301,0,2024-08-31T12:00:00Z
2024-08-31,P00301,0,2024-10-01T12:00:00Z
2024-09-30,P00301,0,2024-10-31T12:00:00Z
2024-10-31,P00301,0,2024-12-01T12:00:00Z
2024-11-30,P00301,0,2024-12-31T12:00:00Z
2024-12-31,P00301,0,2025-01-31T12:00:00Z
2025-01-31,P00301,0,2025-03-03T12:00:00Z
2025-02-28,P00301,0,2025-03-31T12:00:00Z
2025-03-31,P00301,0,2025-05-01T12:00:00Z
2025-04-30,P00301,0,2025-05-31T12:00:00Z
2025-05-31,P00301,0,2025-07-01T12:00:00Z
2025-06-30,P00301,0,2025-07-31T12:00:00Z
2025-07-31,P00301,0,2025-08-31T12:00:00Z
2025-08-31,P00301,0,2025-10-01T12:00:00Z
2025-09-30,P00301,0,2025-10-31T12:00:00Z
2025-10-31,P00301,0,2025-12-01T12:00:00Z
2025-11-30,P00301,0,2025-12-31T12:00:00Z
2025-12-31,P00301,0,2026-01-31T12:00:00Z
2023-07-31,P00302,0,2023-08-31T12:00:00Z
2023-08-31,P00302,0,2023-10-01T12:00:00Z
2023-09-30,P00302,0,2023-10-31T12:00:00Z
2023-10-31,P00302,0,2023-12-01T12:00:00Z
2023-11-30,P00302,0,2023-12-31T12:00:00Z
2023-12-31,P00302,0,2024-01-31T12:00:00Z
2024-01-31,P00302,0,2024-03-02T12:00:00Z
2024-02-29,P00302,0,2024-03-31T12:00:00Z
2024-03-31,P00302,0,2024-05-01T12:00:00Z
2024-04-30,P00302,0,2024-05-31T12:00:00Z
2024-05-31,P00302,0,2024-07-01T12:00:00Z
2024-06-30,P00302,0,2024-07-31T12:00:00Z
2024-07-31,P00302,0,2024-08-31T12:00:00Z
2024-08-31,P00302,0,2024-10-01T12:00:00Z
2024-09-30,P00302,0,2024-10-31T12:00:00Z
2024-10-31,P00302,0,2024-12-01T12:00:00Z
2024-11-30,P00302,0,2024-12-31T12:00:00Z
2024-12-31,P00302,0,2025-01-31T12:00:00Z
2025-01-31,P00302,0,2025-03-03T12:00:00Z
2025-02-28,P00302,0,2025-03-31T12:00:00Z
2025-03-31,P00302,0,2025-05-01T12:00:00Z
2025-04-30,P00302,0,2025-05-31T12:00:00Z
2025-05-31,P00302,1,2025-07-01T12:00:00Z
2023-07-31,P00303,0,2023-08-31T12:00:00Z
2023-08-31,P00303,0,2023-10-01T12:00:00Z
2023-09-30,P00303,0,2023-10-31T12:00:00Z
2023-10-31,P00303,0,2023-12-01T12:00:00Z
2023-11-30,P00303,0,2023-12-31T12:00:00Z
2023-12-31,P00303,0,2024-01-31T12:00:00Z
2024-01-31,P00303,0,2024-03-02T12:00:00Z
2024-02-29,P00303,0,2024-03-31T12:00:00Z
2024-03-31,P00303,0,2024-05-01T12:00:00Z
2024-04-30,P00303,0,2024-05-31T12:00:00Z
2024-05-31,P00303,0,2024-07-01T12:00:00Z
2024-06-30,P00303,0,2024-07-31T12:00:00Z
2024-07-31,P00303,0,2024-08-31T12:00:00Z
2024-08-31,P00303,0,2024-10-01T12:00:00Z
2024-09-30,P00303,1,2024-10-31T12:00:00Z
2023-07-31,P00304,0,2023-08-31T12:00:00Z
2023-08-31,P00304,0,2023-10-01T12:00:00Z
2023-09-30,P00304,0,2023-10-31T12:00:00Z
2023-10-31,P00304,0,2023-12-01T12:00:00Z
2023-11-30,P00304,0,2023-12-31T12:00:00Z
2023-12-31,P00304,0,2024-01-31T12:00:00Z
2024-01-31,P00304,0,2024-03-02T12:00:00Z
2024-02-29,P00304,0,2024-03-31T12:00:00Z
2024-03-31,P00304,0,2024-05-01T12:00:00Z
2024-04-30,P00304,0,2024-05-31T12:00:00Z
2024-05-31,P00304,0,2024-07-01T12:00:00Z
2024-06-30,P00304,0,2024-07-31T12:00:00Z
2024-07-31,P00304,0,2024-08-31T12:00:00Z
2024-08-31,P00304,0,2024-10-01T12:00:00Z
2024-09-30,P00304,0,2024-10-31T12:00:00Z
2024-10-31,P00304,0,2024-12-01T12:00:00Z
2024-11-30,P00304,0,2024-12-31T12:00:00Z
2024-12-31,P00304,0,2025-01-31T12:00:00Z
2025-01-31,P00304,0,2025-03-03T12:00:00Z
2025-02-28,P00304,0,2025-03-31T12:00:00Z
2025-03-31,P00304,0,2025-05-01T12:00:00Z
2025-04-30,P00304,0,2025-05-31T12:00:00Z
2025-05-31,P00304,0,2025-07-01T12:00:00Z
2025-06-30,P00304,0,2025-07-31T12:00:00Z
2025-07-31,P00304,0,2025-08-31T12:00:00Z
2025-08-31,P00304,0,2025-10-01T12:00:00Z
2025-09-30,P00304,0,2025-10-31T12:00:00Z
2025-10-31,P00304,0,2025-12-01T12:00:00Z
2025-11-30,P00304,0,2025-12-31T12:00:00Z
2025-12-31,P00304,0,2026-01-31T12:00:00Z
2023-07-31,P00305,0,2023-08-31T12:00:00Z
2023-08-31,P00305,0,2023-10-01T12:00:00Z
2023-09-30,P00305,0,2023-10-31T12:00:00Z
2023-10-31,P00305,0,2023-12-01T12:00:00Z
2023-11-30,P00305,1,2023-12-31T12:00:00Z
2023-07-31,P00306,0,2023-08-31T12:00:00Z
2023-08-31,P00306,0,2023-10-01T12:00:00Z
2023-09-30,P00306,0,2023-10-31T12:00:00Z
2023-10-31,P00306,0,2023-12-01T12:00:00Z
2023-11-30,P00306,0,2023-12-31T12:00:00Z
2023-12-31,P00306,0,2024-01-31T12:00:00Z
2024-01-31,P00306,0,2024-03-02T12:00:00Z
2024-02-29,P00306,0,2024-03-31T12:00:00Z
2024-03-31,P00306,0,2024-05-01T12:00:00Z
2024-04-30,P00306,0,2024-05-31T12:00:00Z
2024-05-31,P00306,0,2024-07-01T12:00:00Z
2024-06-30,P00306,0,2024-07-31T12:00:00Z
2024-07-31,P00306,0,2024-08-31T12:00:00Z
2024-08-31,P00306,0,2024-10-01T12:00:00Z
2024-09-30,P00306,0,2024-10-31T12:00:00Z
2024-10-31,P00306,0,2024-12-01T12:00:00Z
2024-11-30,P00306,0,2024-12-31T12:00:00Z
2024-12-31,P00306,0,2025-01-31T12:00:00Z
2025-01-31,P00306,1,2025-03-03T12:00:00Z
2023-07-31,P00307,0,2023-08-31T12:00:00Z
2023-08-31,P00307,0,2023-10-01T12:00:00Z
2023-09-30,P00307,0,2023-10-31T12:00:00Z
2023-10-31,P00307,0,2023-12-01T12:00:00Z
2023-11-30,P00307,0,2023-12-31T12:00:00Z
2023-12-31,P00307,0,2024-01-31T12:00:00Z
2024-01-31,P00307,0,2024-03-02T12:00:00Z
2024-02-29,P00307,0,2024-03-31T12:00:00Z
2024-03-31,P00307,0,2024-05-01T12:00:00Z
2024-04-30,P00307,0,2024-05-31T12:00:00Z
2024-05-31,P00307,0,2024-07-01T12:00:00Z
2024-06-30,P00307,0,2024-07-31T12:00:00Z
2024-07-31,P00307,0,2024-08-31T12:00:00Z
2024-08-31,P00307,0,2024-10-01T12:00:00Z
2024-09-30,P00307,0,2024-10-31T12:00:00Z
2024-10-31,P00307,0,2024-12-01T12:00:00Z
2024-11-30,P00307,0,2024-12-31T12:00:00Z
2024-12-31,P00307,0,2025-01-31T12:00:00Z
2025-01-31,P00307,0,2025-03-03T12:00:00Z
2025-02-28,P00307,0,2025-03-31T12:00:00Z
2025-03-31,P00307,0,2025-05-01T12:00:00Z
2025-04-30,P00307,0,2025-05-31T12:00:00Z
2025-05-31,P00307,0,2025-07-01T12:00:00Z
2025-06-30,P00307,0,2025-07-31T12:00:00Z
2025-07-31,P00307,0,2025-08-31T12:00:00Z
2025-08-31,P00307,0,2025-10-01T12:00:00Z
2025-09-30,P00307,0,2025-10-31T12:00:00Z
2025-10-31,P00307,1,2025-12-01T12:00:00Z
2023-07-31,P00308,0,2023-08-31T12:00:00Z
2023-08-31,P00308,0,2023-10-01T12:00:00Z
2023-09-30,P00308,0,2023-10-31T12:00:00Z
2023-10-31,P00308,0,2023-12-01T12:00:00Z
2023-11-30,P00308,0,2023-12-31T12:00:00Z
2023-12-31,P00308,0,2024-01-31T12:00:00Z
2024-01-31,P00308,0,2024-03-02T12:00:00Z
2024-02-29,P00308,0,2024-03-31T12:00:00Z
2024-03-31,P00308,0,2024-05-01T12:00:00Z
2024-04-30,P00308,0,2024-05-31T12:00:00Z
2024-05-31,P00308,0,2024-07-01T12:00:00Z
2024-06-30,P00308,0,2024-07-31T12:00:00Z
2024-07-31,P00308,0,2024-08-31T12:00:00Z
2024-08-31,P00308,0,2024-10-01T12:00:00Z
2024-09-30,P00308,0,2024-10-31T12:00:00Z
2024-10-31,P00308,0,2024-12-01T12:00:00Z
2024-11-30,P00308,0,2024-12-31T12:00:00Z
2024-12-31,P00308,0,2025-01-31T12:00:00Z
2025-01-31,P00308,0,2025-03-03T12:00:00Z
2025-02-28,P00308,0,2025-03-31T12:00:00Z
2025-03-31,P00308,0,2025-05-01T12:00:00Z
2025-04-30,P00308,0,2025-05-31T12:00:00Z
2025-05-31,P00308,0,2025-07-01T12:00:00Z
2025-06-30,P00308,0,2025-07-31T12:00:00Z
2025-07-31,P00308,0,2025-08-31T12:00:00Z
2025-08-31,P00308,0,2025-10-01T12:00:00Z
2025-09-30,P00308,0,2025-10-31T12:00:00Z
2025-10-31,P00308,0,2025-12-01T12:00:00Z
2025-11-30,P00308,0,2025-12-31T12:00:00Z
2025-12-31,P00308,0,2026-01-31T12:00:00Z
2023-07-31,P00309,0,2023-08-31T12:00:00Z
2023-08-31,P00309,0,2023-10-01T12:00:00Z
2023-09-30,P00309,0,2023-10-31T12:00:00Z
2023-10-31,P00309,0,2023-12-01T12:00:00Z
2023-11-30,P00309,0,2023-12-31T12:00:00Z
2023-12-31,P00309,0,2024-01-31T12:00:00Z
2024-01-31,P00309,0,2024-03-02T12:00:00Z
2024-02-29,P00309,0,2024-03-31T12:00:00Z
2024-03-31,P00309,0,2024-05-01T12:00:00Z
2024-04-30,P00309,0,2024-05-31T12:00:00Z
2024-05-31,P00309,0,2024-07-01T12:00:00Z
2024-06-30,P00309,0,2024-07-31T12:00:00Z
2024-07-31,P00309,0,2024-08-31T12:00:00Z
2024-08-31,P00309,0,2024-10-01T12:00:00Z
2024-09-30,P00309,0,2024-10-31T12:00:00Z
2024-10-31,P00309,0,2024-12-01T12:00:00Z
2024-11-30,P00309,0,2024-12-31T12:00:00Z
2024-12-31,P00309,0,2025-01-31T12:00:00Z
2025-01-31,P00309,0,2025-03-03T12:00:00Z
2025-02-28,P00309,0,2025-03-31T12:00:00Z
2025-03-31,P00309,0,2025-05-01T12:00:00Z
2025-04-30,P00309,0,2025-05-31T12:00:00Z
2025-05-31,P00309,0,2025-07-01T12:00:00Z
2025-06-30,P00309,0,2025-07-31T12:00:00Z
2025-07-31,P00309,0,2025-08-31T12:00:00Z
2025-08-31,P00309,0,2025-10-01T12:00:00Z
2025-09-30,P00309,0,2025-10-31T12:00:00Z
2025-10-31,P00309,0,2025-12-01T12:00:00Z
2025-11-30,P00309,0,2025-12-31T12:00:00Z
2025-12-31,P00309,0,2026-01-31T12:00:00Z
2023-07-31,P00310,0,2023-08-31T12:00:00Z
2023-08-31,P00310,0,2023-10-01T12:00:00Z
2023-09-30,P00310,0,2023-10-31T12:00:00Z
2023-10-31,P00310,0,2023-12-01T12:00:00Z
2023-11-30,P00310,0,2023-12-31T12:00:00Z
2023-12-31,P00310,0,2024-01-31T12:00:00Z
2024-01-31,P00310,0,2024-03-02T12:00:00Z
2024-02-29,P00310,0,2024-03-31T12:00:00Z
2024-03-31,P00310,0,2024-05-01T12:00:00Z
2024-04-30,P00310,0,2024-05-31T12:00:00Z
2024-05-31,P00310,0,2024-07-01T12:00:00Z
2024-06-30,P00310,0,2024-07-31T12:00:00Z
2024-07-31,P00310,0,2024-08-31T12:00:00Z
2024-08-31,P00310,0,2024-10-01T12:00:00Z
2024-09-30,P00310,0,2024-10-31T12:00:00Z
2024-10-31,P00310,0,2024-12-01T12:00:00Z
2024-11-30,P00310,0,2024-12-31T12:00:00Z
2024-12-31,P00310,0,2025-01-31T12:00:00Z
2025-01-31,P00310,0,2025-03-03T12:00:00Z
2025-02-28,P00310,0,2025-03-31T12:00:00Z
2025-03-31,P00310,0,2025-05-01T12:00:00Z
2025-04-30,P00310,0,2025-05-31T12:00:00Z
2025-05-31,P00310,0,2025-07-01T12:00:00Z
2025-06-30,P00310,0,2025-07-31T12:00:00Z
2025-07-31,P00310,0,2025-08-31T12:00:00Z
2025-08-31,P00310,0,2025-10-01T12:00:00Z
2025-09-30,P00310,0,2025-10-31T12:00:00Z
2025-10-31,P00310,0,2025-12-01T12:00:00Z
2025-11-30,P00310,0,2025-12-31T12:00:00Z
2025-12-31,P00310,0,2026-01-31T12:00:00Z
2023-07-31,P00311,0,2023-08-31T12:00:00Z
2023-08-31,P00311,0,2023-10-01T12:00:00Z
2023-09-30,P00311,0,2023-10-31T12:00:00Z
2023-10-31,P00311,0,2023-12-01T12:00:00Z
2023-11-30,P00311,0,2023-12-31T12:00:00Z
2023-12-31,P00311,0,2024-01-31T12:00:00Z
2024-01-31,P00311,0,2024-03-02T12:00:00Z
2024-02-29,P00311,0,2024-03-31T12:00:00Z
2024-03-31,P00311,0,2024-05-01T12:00:00Z
2024-04-30,P00311,0,2024-05-31T12:00:00Z
2024-05-31,P00311,0,2024-07-01T12:00:00Z
2024-06-30,P00311,0,2024-07-31T12:00:00Z
2024-07-31,P00311,0,2024-08-31T12:00:00Z
2024-08-31,P00311,0,2024-10-01T12:00:00Z
2024-09-30,P00311,0,2024-10-31T12:00:00Z
2024-10-31,P00311,0,2024-12-01T12:00:00Z
2024-11-30,P00311,0,2024-12-31T12:00:00Z
2024-12-31,P00311,0,2025-01-31T12:00:00Z
2025-01-31,P00311,0,2025-03-03T12:00:00Z
2025-02-28,P00311,0,2025-03-31T12:00:00Z
2025-03-31,P00311,1,2025-05-01T12:00:00Z
2023-07-31,P00312,0,2023-08-31T12:00:00Z
2023-08-31,P00312,0,2023-10-01T12:00:00Z
2023-09-30,P00312,0,2023-10-31T12:00:00Z
2023-10-31,P00312,0,2023-12-01T12:00:00Z
2023-11-30,P00312,0,2023-12-31T12:00:00Z
2023-12-31,P00312,0,2024-01-31T12:00:00Z
2024-01-31,P00312,0,2024-03-02T12:00:00Z
2024-02-29,P00312,0,2024-03-31T12:00:00Z
2024-03-31,P00312,0,2024-05-01T12:00:00Z
2024-04-30,P00312,0,2024-05-31T12:00:00Z
2024-05-31,P00312,0,2024-07-01T12:00:00Z
2024-06-30,P00312,0,2024-07-31T12:00:00Z
2024-07-31,P00312,0,2024-08-31T12:00:00Z
2024-08-31,P00312,0,2024-10-01T12:00:00Z
2024-09-30,P00312,0,2024-10-31T12:00:00Z
2024-10-31,P00312,0,2024-12-01T12:00:00Z
2024-11-30,P00312,0,2024-12-31T12:00:00Z
2024-12-31,P00312,0,2025-01-31T12:00:00Z
2025-01-31,P00312,0,2025-03-03T12:00:00Z
2025-02-28,P00312,0,2025-03-31T12:00:00Z
2025-03-31,P00312,0,2025-05-01T12:00:00Z
2025-04-30,P00312,0,2025-05-31T12:00:00Z
2025-05-31,P00312,0,2025-07-01T12:00:00Z
2025-06-30,P00312,0,2025-07-31T12:00:00Z
2025-07-31,P00312,0,2025-08-31T12:00:00Z
2025-08-31,P00312,0,2025-10-01T12:00:00Z
2025-09-30,P00312,0,2025-10-31T12:00:00Z
2025-10-31,P00312,0,2025-12-01T12:00:00Z
2025-11-30,P00312,0,2025-12-31T12:00:00Z
2025-12-31,P00312,0,2026-01-31T12:00:00Z
2023-07-31,P00313,0,2023-08-31T12:00:00Z
2023-08-31,P00313,0,2023-10-01T12:00:00Z
2023-09-30,P00313,0,2023-10-31T12:00:00Z
2023-10-31,P00313,0,2023-12-01T12:00:00Z
2023-11-30,P00313,0,2023-12-31T12:00:00Z
2023-12-31,P00313,0,2024-01-31T12:00:00Z
2024-01-31,P00313,0,2024-03-02T12:00:00Z
2024-02-29,P00313,0,2024-03-31T12:00:00Z
2024-03-31,P00313,0,2024-05-01T12:00:00Z
2024-04-30,P00313,0,2024-05-31T12:00:00Z
2024-05-31,P00313,0,2024-07-01T12:00:00Z
2024-06-30,P00313,0,2024-07-31T12:00:00Z
2024-07-31,P00313,0,2024-08-31T12:00:00Z
2024-08-31,P00313,0,2024-10-01T12:00:00Z
2024-09-30,P00313,0,2024-10-31T12:00:00Z
2024-10-31,P00313,0,2024-12-01T12:00:00Z
2024-11-30,P00313,0,2024-12-31T12:00:00Z
2024-12-31,P00313,0,2025-01-31T12:00:00Z
2025-01-31,P00313,0,2025-03-03T12:00:00Z
2025-02-28,P00313,0,2025-03-31T12:00:00Z
2025-03-31,P00313,0,2025-05-01T12:00:00Z
2025-04-30,P00313,0,2025-05-31T12:00:00Z
2025-05-31,P00313,0,2025-07-01T12:00:00Z
2025-06-30,P00313,0,2025-07-31T12:00:00Z
2025-07-31,P00313,0,2025-08-31T12:00:00Z
2025-08-31,P00313,0,2025-10-01T12:00:00Z
2025-09-30,P00313,0,2025-10-31T12:00:00Z
2025-10-31,P00313,0,2025-12-01T12:00:00Z
2025-11-30,P00313,0,2025-12-31T12:00:00Z
2025-12-31,P00313,0,2026-01-31T12:00:00Z
2023-07-31,P00314,0,2023-08-31T12:00:00Z
2023-08-31,P00314,0,2023-10-01T12:00:00Z
2023-09-30,P00314,0,2023-10-31T12:00:00Z
2023-10-31,P00314,0,2023-12-01T12:00:00Z
2023-11-30,P00314,0,2023-12-31T12:00:00Z
2023-12-31,P00314,0,2024-01-31T12:00:00Z
2024-01-31,P00314,0,2024-03-02T12:00:00Z
2024-02-29,P00314,0,2024-03-31T12:00:00Z
2024-03-31,P00314,0,2024-05-01T12:00:00Z
2024-04-30,P00314,0,2024-05-31T12:00:00Z
2024-05-31,P00314,0,2024-07-01T12:00:00Z
2024-06-30,P00314,0,2024-07-31T12:00:00Z
2024-07-31,P00314,0,2024-08-31T12:00:00Z
2024-08-31,P00314,0,2024-10-01T12:00:00Z
2024-09-30,P00314,0,2024-10-31T12:00:00Z
2024-10-31,P00314,0,2024-12-01T12:00:00Z
2024-11-30,P00314,0,2024-12-31T12:00:00Z
2024-12-31,P00314,0,2025-01-31T12:00:00Z
2025-01-31,P00314,0,2025-03-03T12:00:00Z
2025-02-28,P00314,0,2025-03-31T12:00:00Z
2025-03-31,P00314,0,2025-05-01T12:00:00Z
2025-04-30,P00314,0,2025-05-31T12:00:00Z
2025-05-31,P00314,0,2025-07-01T12:00:00Z
2025-06-30,P00314,0,2025-07-31T12:00:00Z
2025-07-31,P00314,0,2025-08-31T12:00:00Z
2025-08-31,P00314,0,2025-10-01T12:00:00Z
2025-09-30,P00314,0,2025-10-31T12:00:00Z
2025-10-31,P00314,0,2025-12-01T12:00:00Z
2025-11-30,P00314,0,2025-12-31T12:00:00Z
2025-12-31,P00314,0,2026-01-31T12:00:00Z
2023-07-31,P00315,0,2023-08-31T12:00:00Z
2023-08-31,P00315,0,2023-10-01T12:00:00Z
2023-09-30,P00315,0,2023-10-31T12:00:00Z
2023-10-31,P00315,0,2023-12-01T12:00:00Z
2023-11-30,P00315,0,2023-12-31T12:00:00Z
2023-12-31,P00315,0,2024-01-31T12:00:00Z
2024-01-31,P00315,0,2024-03-02T12:00:00Z
2024-02-29,P00315,0,2024-03-31T12:00:00Z
2024-03-31,P00315,0,2024-05-01T12:00:00Z
2024-04-30,P00315,0,2024-05-31T12:00:00Z
2024-05-31,P00315,0,2024-07-01T12:00:00Z
2024-06-30,P00315,0,2024-07-31T12:00:00Z
2024-07-31,P00315,0,2024-08-31T12:00:00Z
2024-08-31,P00315,0,2024-10-01T12:00:00Z
2024-09-30,P00315,0,2024-10-31T12:00:00Z
2024-10-31,P00315,0,2024-12-01T12:00:00Z
2024-11-30,P00315,0,2024-12-31T12:00:00Z
2024-12-31,P00315,0,2025-01-31T12:00:00Z
2025-01-31,P00315,0,2025-03-03T12:00:00Z
2025-02-28,P00315,0,2025-03-31T12:00:00Z
2025-03-31,P00315,0,2025-05-01T12:00:00Z
2025-04-30,P00315,0,2025-05-31T12:00:00Z
2025-05-31,P00315,0,2025-07-01T12:00:00Z
2025-06-30,P00315,0,2025-07-31T12:00:00Z
2025-07-31,P00315,0,2025-08-31T12:00:00Z
2025-08-31,P00315,0,2025-10-01T12:00:00Z
2025-09-30,P00315,0,2025-10-31T12:00:00Z
2025-10-31,P00315,0,2025-12-01T12:00:00Z
2025-11-30,P00315,0,2025-12-31T12:00:00Z
2025-12-31,P00315,0,2026-01-31T12:00:00Z
2023-07-31,P00316,0,2023-08-31T12:00:00Z
2023-08-31,P00316,0,2023-10-01T12:00:00Z
2023-09-30,P00316,0,2023-10-31T12:00:00Z
2023-10-31,P00316,0,2023-12-01T12:00:00Z
2023-11-30,P00316,0,2023-12-31T12:00:00Z
2023-12-31,P00316,0,2024-01-31T12:00:00Z
2024-01-31,P00316,0,2024-03-02T12:00:00Z
2024-02-29,P00316,0,2024-03-31T12:00:00Z
2024-03-31,P00316,0,2024-05-01T12:00:00Z
2024-04-30,P00316,0,2024-05-31T12:00:00Z
2024-05-31,P00316,1,2024-07-01T12:00:00Z
2023-07-31,P00317,0,2023-08-31T12:00:00Z
2023-08-31,P00317,0,2023-10-01T12:00:00Z
2023-09-30,P00317,0,2023-10-31T12:00:00Z
2023-10-31,P00317,0,2023-12-01T12:00:00Z
2023-11-30,P00317,0,2023-12-31T12:00:00Z
2023-12-31,P00317,0,2024-01-31T12:00:00Z
2024-01-31,P00317,0,2024-03-02T12:00:00Z
2024-02-29,P00317,0,2024-03-31T12:00:00Z
2024-03-31,P00317,0,2024-05-01T12:00:00Z
2024-04-30,P00317,0,2024-05-31T12:00:00Z
2024-05-31,P00317,0,2024-07-01T12:00:00Z
2024-06-30,P00317,0,2024-07-31T12:00:00Z
2024-07-31,P00317,0,2024-08-31T12:00:00Z
2024-08-31,P00317,0,2024-10-01T12:00:00Z
2024-09-30,P00317,0,2024-10-31T12:00:00Z
2024-10-31,P00317,0,2024-12-01T12:00:00Z
2024-11-30,P00317,0,2024-12-31T12:00:00Z
2024-12-31,P00317,0,2025-01-31T12:00:00Z
2025-01-31,P00317,0,2025-03-03T12:00:00Z
2025-02-28,P00317,0,2025-03-31T12:00:00Z
2025-03-31,P00317,0,2025-05-01T12:00:00Z
2025-04-30,P00317,0,2025-05-31T12:00:00Z
2025-05-31,P00317,0,2025-07-01T12:00:00Z
2025-06-30,P00317,0,2025-07-31T12:00:00Z
2025-07-31,P00317,0,2025-08-31T12:00:00Z
2025-08-31,P00317,0,2025-10-01T12:00:00Z
2025-09-30,P00317,0,2025-10-31T12:00:00Z
2025-10-31,P00317,0,2025-12-01T12:00:00Z
2025-11-30,P00317,0,2025-12-31T12:00:00Z
2025-12-31,P00317,0,2026-01-31T12:00:00Z
2023-07-31,P00318,0,2023-08-31T12:00:00Z
2023-08-31,P00318,0,2023-10-01T12:00:00Z
2023-09-30,P00318,0,2023-10-31T12:00:00Z
2023-10-31,P00318,0,2023-12-01T12:00:00Z
2023-11-30,P00318,0,2023-12-31T12:00:00Z
2023-12-31,P00318,0,2024-01-31T12:00:00Z
2024-01-31,P00318,0,2024-03-02T12:00:00Z
2024-02-29,P00318,0,2024-03-31T12:00:00Z
2024-03-31,P00318,0,2024-05-01T12:00:00Z
2024-04-30,P00318,0,2024-05-31T12:00:00Z
2024-05-31,P00318,0,2024-07-01T12:00:00Z
2024-06-30,P00318,0,2024-07-31T12:00:00Z
2024-07-31,P00318,0,2024-08-31T12:00:00Z
2024-08-31,P00318,0,2024-10-01T12:00:00Z
2024-09-30,P00318,0,2024-10-31T12:00:00Z
2024-10-31,P00318,0,2024-12-01T12:00:00Z
2024-11-30,P00318,0,2024-12-31T12:00:00Z
2024-12-31,P00318,0,2025-01-31T12:00:00Z
2025-01-31,P00318,0,2025-03-03T12:00:00Z
2025-02-28,P00318,0,2025-03-31T12:00:00Z
2025-03-31,P00318,0,2025-05-01T12:00:00Z
2025-04-30,P00318,1,2025-05-31T12:00:00Z
2023-07-31,P00319,0,2023-08-31T12:00:00Z
2023-08-31,P00319,0,2023-10-01T12:00:00Z
2023-09-30,P00319,0,2023-10-31T12:00:00Z
2023-10-31,P00319,0,2023-12-01T12:00:00Z
2023-11-30,P00319,0,2023-12-31T12:00:00Z
2023-12-31,P00319,0,2024-01-31T12:00:00Z
2024-01-31,P00319,0,2024-03-02T12:00:00Z
2024-02-29,P00319,0,2024-03-31T12:00:00Z
2024-03-31,P00319,0,2024-05-01T12:00:00Z
2024-04-30,P00319,0,2024-05-31T12:00:00Z
2024-05-31,P00319,0,2024-07-01T12:00:00Z
2024-06-30,P00319,0,2024-07-31T12:00:00Z
2024-07-31,P00319,0,2024-08-31T12:00:00Z
2024-08-31,P00319,0,2024-10-01T12:00:00Z
2024-09-30,P00319,0,2024-10-31T12:00:00Z
2024-10-31,P00319,0,2024-12-01T12:00:00Z
2024-11-30,P00319,0,2024-12-31T12:00:00Z
2024-12-31,P00319,0,2025-01-31T12:00:00Z
2025-01-31,P00319,0,2025-03-03T12:00:00Z
2025-02-28,P00319,0,2025-03-31T12:00:00Z
2025-03-31,P00319,0,2025-05-01T12:00:00Z
2025-04-30,P00319,0,2025-05-31T12:00:00Z
2025-05-31,P00319,0,2025-07-01T12:00:00Z
2025-06-30,P00319,0,2025-07-31T12:00:00Z
2025-07-31,P00319,0,2025-08-31T12:00:00Z
2025-08-31,P00319,0,2025-10-01T12:00:00Z
2025-09-30,P00319,0,2025-10-31T12:00:00Z
2025-10-31,P00319,0,2025-12-01T12:00:00Z
2025-11-30,P00319,0,2025-12-31T12:00:00Z
2025-12-31,P00319,0,2026-01-31T12:00:00Z
2023-07-31,P00320,0,2023-08-31T12:00:00Z
2023-08-31,P00320,0,2023-10-01T12:00:00Z
2023-09-30,P00320,0,2023-10-31T12:00:00Z
2023-10-31,P00320,0,2023-12-01T12:00:00Z
2023-11-30,P00320,0,2023-12-31T12:00:00Z
2023-12-31,P00320,0,2024-01-31T12:00:00Z
2024-01-31,P00320,0,2024-03-02T12:00:00Z
2024-02-29,P00320,0,2024-03-31T12:00:00Z
2024-03-31,P00320,0,2024-05-01T12:00:00Z
2024-04-30,P00320,0,2024-05-31T12:00:00Z
2024-05-31,P00320,0,2024-07-01T12:00:00Z
2024-06-30,P00320,1,2024-07-31T12:00:00Z
2023-07-31,P00321,0,2023-08-31T12:00:00Z
2023-08-31,P00321,0,2023-10-01T12:00:00Z
2023-09-30,P00321,0,2023-10-31T12:00:00Z
2023-10-31,P00321,0,2023-12-01T12:00:00Z
2023-11-30,P00321,0,2023-12-31T12:00:00Z
2023-12-31,P00321,0,2024-01-31T12:00:00Z
2024-01-31,P00321,0,2024-03-02T12:00:00Z
2024-02-29,P00321,0,2024-03-31T12:00:00Z
2024-03-31,P00321,0,2024-05-01T12:00:00Z
2024-04-30,P00321,0,2024-05-31T12:00:00Z
2024-05-31,P00321,0,2024-07-01T12:00:00Z
2024-06-30,P00321,0,2024-07-31T12:00:00Z
2024-07-31,P00321,0,2024-08-31T12:00:00Z
2024-08-31,P00321,0,2024-10-01T12:00:00Z
2024-09-30,P00321,0,2024-10-31T12:00:00Z
2024-10-31,P00321,0,2024-12-01T12:00:00Z
2024-11-30,P00321,0,2024-12-31T12:00:00Z
2024-12-31,P00321,0,2025-01-31T12:00:00Z
2025-01-31,P00321,0,2025-03-03T12:00:00Z
2025-02-28,P00321,0,2025-03-31T12:00:00Z
2025-03-31,P00321,0,2025-05-01T12:00:00Z
2025-04-30,P00321,0,2025-05-31T12:00:00Z
2025-05-31,P00321,0,2025-07-01T12:00:00Z
2025-06-30,P00321,0,2025-07-31T12:00:00Z
2025-07-31,P00321,0,2025-08-31T12:00:00Z
2025-08-31,P00321,0,2025-10-01T12:00:00Z
2025-09-30,P00321,0,2025-10-31T12:00:00Z
2025-10-31,P00321,0,2025-12-01T12:00:00Z
2025-11-30,P00321,0,2025-12-31T12:00:00Z
2025-12-31,P00321,0,2026-01-31T12:00:00Z
2023-07-31,P00322,0,2023-08-31T12:00:00Z
2023-08-31,P00322,0,2023-10-01T12:00:00Z
2023-09-30,P00322,0,2023-10-31T12:00:00Z
2023-10-31,P00322,0,2023-12-01T12:00:00Z
2023-11-30,P00322,0,2023-12-31T12:00:00Z
2023-12-31,P00322,0,2024-01-31T12:00:00Z
2024-01-31,P00322,0,2024-03-02T12:00:00Z
2024-02-29,P00322,0,2024-03-31T12:00:00Z
2024-03-31,P00322,0,2024-05-01T12:00:00Z
2024-04-30,P00322,0,2024-05-31T12:00:00Z
2024-05-31,P00322,0,2024-07-01T12:00:00Z
2024-06-30,P00322,0,2024-07-31T12:00:00Z
2024-07-31,P00322,0,2024-08-31T12:00:00Z
2024-08-31,P00322,0,2024-10-01T12:00:00Z
2024-09-30,P00322,0,2024-10-31T12:00:00Z
2024-10-31,P00322,0,2024-12-01T12:00:00Z
2024-11-30,P00322,0,2024-12-31T12:00:00Z
2024-12-31,P00322,0,2025-01-31T12:00:00Z
2025-01-31,P00322,0,2025-03-03T12:00:00Z
2025-02-28,P00322,0,2025-03-31T12:00:00Z
2025-03-31,P00322,0,2025-05-01T12:00:00Z
2025-04-30,P00322,0,2025-05-31T12:00:00Z
2025-05-31,P00322,0,2025-07-01T12:00:00Z
2025-06-30,P00322,0,2025-07-31T12:00:00Z
2025-07-31,P00322,0,2025-08-31T12:00:00Z
2025-08-31,P00322,0,2025-10-01T12:00:00Z
2025-09-30,P00322,0,2025-10-31T12:00:00Z
2025-10-31,P00322,0,2025-12-01T12:00:00Z
2025-11-30,P00322,0,2025-12-31T12:00:00Z
2025-12-31,P00322,0,2026-01-31T12:00:00Z
2023-07-31,P00323,0,2023-08-31T12:00:00Z
2023-08-31,P00323,0,2023-10-01T12:00:00Z
2023-09-30,P00323,0,2023-10-31T12:00:00Z
2023-10-31,P00323,0,2023-12-01T12:00:00Z
2023-11-30,P00323,0,2023-12-31T12:00:00Z
2023-12-31,P00323,0,2024-01-31T12:00:00Z
2024-01-31,P00323,0,2024-03-02T12:00:00Z
2024-02-29,P00323,0,2024-03-31T12:00:00Z
2024-03-31,P00323,0,2024-05-01T12:00:00Z
2024-04-30,P00323,0,2024-05-31T12:00:00Z
2024-05-31,P00323,0,2024-07-01T12:00:00Z
2024-06-30,P00323,0,2024-07-31T12:00:00Z
2024-07-31,P00323,0,2024-08-31T12:00:00Z
2024-08-31,P00323,0,2024-10-01T12:00:00Z
2024-09-30,P00323,0,2024-10-31T12:00:00Z
2024-10-31,P00323,0,2024-12-01T12:00:00Z
2024-11-30,P00323,0,2024-12-31T12:00:00Z
2024-12-31,P00323,0,2025-01-31T12:00:00Z
2025-01-31,P00323,0,2025-03-03T12:00:00Z
2025-02-28,P00323,0,2025-03-31T12:00:00Z
2025-03-31,P00323,0,2025-05-01T12:00:00Z
2025-04-30,P00323,0,2025-05-31T12:00:00Z
2025-05-31,P00323,0,2025-07-01T12:00:00Z
2025-06-30,P00323,0,2025-07-31T12:00:00Z
2025-07-31,P00323,0,2025-08-31T12:00:00Z
2025-08-31,P00323,0,2025-10-01T12:00:00Z
2025-09-30,P00323,0,2025-10-31T12:00:00Z
2025-10-31,P00323,0,2025-12-01T12:00:00Z
2025-11-30,P00323,0,2025-12-31T12:00:00Z
2025-12-31,P00323,0,2026-01-31T12:00:00Z
2023-07-31,P00324,0,2023-08-31T12:00:00Z
2023-08-31,P00324,0,2023-10-01T12:00:00Z
2023-09-30,P00324,0,2023-10-31T12:00:00Z
2023-10-31,P00324,0,2023-12-01T12:00:00Z
2023-11-30,P00324,0,2023-12-31T12:00:00Z
2023-12-31,P00324,0,2024-01-31T12:00:00Z
2024-01-31,P00324,0,2024-03-02T12:00:00Z
2024-02-29,P00324,0,2024-03-31T12:00:00Z
2024-03-31,P00324,0,2024-05-01T12:00:00Z
2024-04-30,P00324,0,2024-05-31T12:00:00Z
2024-05-31,P00324,0,2024-07-01T12:00:00Z
2024-06-30,P00324,0,2024-07-31T12:00:00Z
2024-07-31,P00324,0,2024-08-31T12:00:00Z
2024-08-31,P00324,0,2024-10-01T12:00:00Z
2024-09-30,P00324,0,2024-10-31T12:00:00Z
2024-10-31,P00324,0,2024-12-01T12:00:00Z
2024-11-30,P00324,0,2024-12-31T12:00:00Z
2024-12-31,P00324,0,2025-01-31T12:00:00Z
2025-01-31,P00324,1,2025-03-03T12:00:00Z
2023-07-31,P00325,0,2023-08-31T12:00:00Z
2023-08-31,P00325,0,2023-10-01T12:00:00Z
2023-09-30,P00325,0,2023-10-31T12:00:00Z
2023-10-31,P00325,0,2023-12-01T12:00:00Z
2023-11-30,P00325,0,2023-12-31T12:00:00Z
2023-12-31,P00325,0,2024-01-31T12:00:00Z
2024-01-31,P00325,0,2024-03-02T12:00:00Z
2024-02-29,P00325,0,2024-03-31T12:00:00Z
2024-03-31,P00325,0,2024-05-01T12:00:00Z
2024-04-30,P00325,0,2024-05-31T12:00:00Z
2024-05-31,P00325,0,2024-07-01T12:00:00Z
2024-06-30,P00325,0,2024-07-31T12:00:00Z
2024-07-31,P00325,0,2024-08-31T12:00:00Z
2024-08-31,P00325,0,2024-10-01T12:00:00Z
2024-09-30,P00325,0,2024-10-31T12:00:00Z
2024-10-31,P00325,0,2024-12-01T12:00:00Z
2024-11-30,P00325,0,2024-12-31T12:00:00Z
2024-12-31,P00325,0,2025-01-31T12:00:00Z
2025-01-31,P00325,0,2025-03-03T12:00:00Z
2025-02-28,P00325,0,2025-03-31T12:00:00Z
2025-03-31,P00325,0,2025-05-01T12:00:00Z
2025-04-30,P00325,0,2025-05-31T12:00:00Z
2025-05-31,P00325,0,2025-07-01T12:00:00Z
2025-06-30,P00325,0,2025-07-31T12:00:00Z
2025-07-31,P00325,0,2025-08-31T12:00:00Z
2025-08-31,P00325,0,2025-10-01T12:00:00Z
2025-09-30,P00325,0,2025-10-31T12:00:00Z
2025-10-31,P00325,0,2025-12-01T12:00:00Z
2025-11-30,P00325,0,2025-12-31T12:00:00Z
2025-12-31,P00325,0,2026-01-31T12:00:00Z
2023-07-31,P00326,0,2023-08-31T12:00:00Z
2023-08-31,P00326,0,2023-10-01T12:00:00Z
2023-09-30,P00326,0,2023-10-31T12:00:00Z
2023-10-31,P00326,0,2023-12-01T12:00:00Z
2023-11-30,P00326,0,2023-12-31T12:00:00Z
2023-12-31,P00326,0,2024-01-31T12:00:00Z
2024-01-31,P00326,0,2024-03-02T12:00:00Z
2024-02-29,P00326,0,2024-03-31T12:00:00Z
2024-03-31,P00326,0,2024-05-01T12:00:00Z
2024-04-30,P00326,0,2024-05-31T12:00:00Z
2024-05-31,P00326,0,2024-07-01T12:00:00Z
2024-06-30,P00326,0,2024-07-31T12:00:00Z
2024-07-31,P00326,0,2024-08-31T12:00:00Z
2024-08-31,P00326,0,2024-10-01T12:00:00Z
2024-09-30,P00326,0,2024-10-31T12:00:00Z
2024-10-31,P00326,0,2024-12-01T12:00:00Z
2024-11-30,P00326,0,2024-12-31T12:00:00Z
2024-12-31,P00326,0,2025-01-31T12:00:00Z
2025-01-31,P00326,0,2025-03-03T12:00:00Z
2025-02-28,P00326,0,2025-03-31T12:00:00Z
2025-03-31,P00326,0,2025-05-01T12:00:00Z
2025-04-30,P00326,0,2025-05-31T12:00:00Z
2025-05-31,P00326,0,2025-07-01T12:00:00Z
2025-06-30,P00326,0,2025-07-31T12:00:00Z
2025-07-31,P00326,0,2025-08-31T12:00:00Z
2025-08-31,P00326,0,2025-10-01T12:00:00Z
2025-09-30,P00326,0,2025-10-31T12:00:00Z
2025-10-31,P00326,0,2025-12-01T12:00:00Z
2025-11-30,P00326,0,2025-12-31T12:00:00Z
2025-12-31,P00326,0,2026-01-31T12:00:00Z
2023-07-31,P00327,0,2023-08-31T12:00:00Z
2023-08-31,P00327,0,2023-10-01T12:00:00Z
2023-09-30,P00327,0,2023-10-31T12:00:00Z
2023-10-31,P00327,0,2023-12-01T12:00:00Z
2023-11-30,P00327,0,2023-12-31T12:00:00Z
2023-12-31,P00327,0,2024-01-31T12:00:00Z
2024-01-31,P00327,0,2024-03-02T12:00:00Z
2024-02-29,P00327,0,2024-03-31T12:00:00Z
2024-03-31,P00327,0,2024-05-01T12:00:00Z
2024-04-30,P00327,0,2024-05-31T12:00:00Z
2024-05-31,P00327,0,2024-07-01T12:00:00Z
2024-06-30,P00327,1,2024-07-31T12:00:00Z
2023-07-31,P00328,0,2023-08-31T12:00:00Z
2023-08-31,P00328,0,2023-10-01T12:00:00Z
2023-09-30,P00328,0,2023-10-31T12:00:00Z
2023-10-31,P00328,0,2023-12-01T12:00:00Z
2023-11-30,P00328,0,2023-12-31T12:00:00Z
2023-12-31,P00328,0,2024-01-31T12:00:00Z
2024-01-31,P00328,0,2024-03-02T12:00:00Z
2024-02-29,P00328,0,2024-03-31T12:00:00Z
2024-03-31,P00328,0,2024-05-01T12:00:00Z
2024-04-30,P00328,0,2024-05-31T12:00:00Z
2024-05-31,P00328,0,2024-07-01T12:00:00Z
2024-06-30,P00328,0,2024-07-31T12:00:00Z
2024-07-31,P00328,0,2024-08-31T12:00:00Z
2024-08-31,P00328,0,2024-10-01T12:00:00Z
2024-09-30,P00328,0,2024-10-31T12:00:00Z
2024-10-31,P00328,0,2024-12-01T12:00:00Z
2024-11-30,P00328,0,2024-12-31T12:00:00Z
2024-12-31,P00328,0,2025-01-31T12:00:00Z
2025-01-31,P00328,0,2025-03-03T12:00:00Z
2025-02-28,P00328,0,2025-03-31T12:00:00Z
2025-03-31,P00328,0,2025-05-01T12:00:00Z
2025-04-30,P00328,0,2025-05-31T12:00:00Z
2025-05-31,P00328,0,2025-07-01T12:00:00Z
2025-06-30,P00328,0,2025-07-31T12:00:00Z
2025-07-31,P00328,0,2025-08-31T12:00:00Z
2025-08-31,P00328,0,2025-10-01T12:00:00Z
2025-09-30,P00328,0,2025-10-31T12:00:00Z
2025-10-31,P00328,0,2025-12-01T12:00:00Z
2025-11-30,P00328,0,2025-12-31T12:00:00Z
2025-12-31,P00328,0,2026-01-31T12:00:00Z
2023-07-31,P00329,0,2023-08-31T12:00:00Z
2023-08-31,P00329,0,2023-10-01T12:00:00Z
2023-09-30,P00329,0,2023-10-31T12:00:00Z
2023-10-31,P00329,0,2023-12-01T12:00:00Z
2023-11-30,P00329,0,2023-12-31T12:00:00Z
2023-12-31,P00329,0,2024-01-31T12:00:00Z
2024-01-31,P00329,0,2024-03-02T12:00:00Z
2024-02-29,P00329,0,2024-03-31T12:00:00Z
2024-03-31,P00329,0,2024-05-01T12:00:00Z
2024-04-30,P00329,0,2024-05-31T12:00:00Z
2024-05-31,P00329,0,2024-07-01T12:00:00Z
2024-06-30,P00329,0,2024-07-31T12:00:00Z
2024-07-31,P00329,0,2024-08-31T12:00:00Z
2024-08-31,P00329,0,2024-10-01T12:00:00Z
2024-09-30,P00329,0,2024-10-31T12:00:00Z
2024-10-31,P00329,0,2024-12-01T12:00:00Z
2024-11-30,P00329,0,2024-12-31T12:00:00Z
2024-12-31,P00329,0,2025-01-31T12:00:00Z
2025-01-31,P00329,0,2025-03-03T12:00:00Z
2025-02-28,P00329,0,2025-03-31T12:00:00Z
2025-03-31,P00329,0,2025-05-01T12:00:00Z
2025-04-30,P00329,0,2025-05-31T12:00:00Z
2025-05-31,P00329,0,2025-07-01T12:00:00Z
2025-06-30,P00329,0,2025-07-31T12:00:00Z
2025-07-31,P00329,0,2025-08-31T12:00:00Z
2025-08-31,P00329,0,2025-10-01T12:00:00Z
2025-09-30,P00329,0,2025-10-31T12:00:00Z
2025-10-31,P00329,0,2025-12-01T12:00:00Z
2025-11-30,P00329,0,2025-12-31T12:00:00Z
2025-12-31,P00329,0,2026-01-31T12:00:00Z
2023-07-31,P00330,0,2023-08-31T12:00:00Z
2023-08-31,P00330,0,2023-10-01T12:00:00Z
2023-09-30,P00330,0,2023-10-31T12:00:00Z
2023-10-31,P00330,0,2023-12-01T12:00:00Z
2023-11-30,P00330,0,2023-12-31T12:00:00Z
2023-12-31,P00330,0,2024-01-31T12:00:00Z
2024-01-31,P00330,0,2024-03-02T12:00:00Z
2024-02-29,P00330,0,2024-03-31T12:00:00Z
2024-03-31,P00330,0,2024-05-01T12:00:00Z
2024-04-30,P00330,0,2024-05-31T12:00:00Z
2024-05-31,P00330,0,2024-07-01T12:00:00Z
2024-06-30,P00330,0,2024-07-31T12:00:00Z
2024-07-31,P00330,0,2024-08-31T12:00:00Z
2024-08-31,P00330,0,2024-10-01T12:00:00Z
2024-09-30,P00330,0,2024-10-31T12:00:00Z
2024-10-31,P00330,0,2024-12-01T12:00:00Z
2024-11-30,P00330,0,2024-12-31T12:00:00Z
2024-12-31,P00330,0,2025-01-31T12:00:00Z
2025-01-31,P00330,0,2025-03-03T12:00:00Z
2025-02-28,P00330,0,2025-03-31T12:00:00Z
2025-03-31,P00330,0,2025-05-01T12:00:00Z
2025-04-30,P00330,0,2025-05-31T12:00:00Z
2025-05-31,P00330,0,2025-07-01T12:00:00Z
2025-06-30,P00330,0,2025-07-31T12:00:00Z
2025-07-31,P00330,0,2025-08-31T12:00:00Z
2025-08-31,P00330,0,2025-10-01T12:00:00Z
2025-09-30,P00330,0,2025-10-31T12:00:00Z
2025-10-31,P00330,0,2025-12-01T12:00:00Z
2025-11-30,P00330,0,2025-12-31T12:00:00Z
2025-12-31,P00330,0,2026-01-31T12:00:00Z
2023-07-31,P00331,0,2023-08-31T12:00:00Z
2023-08-31,P00331,0,2023-10-01T12:00:00Z
2023-09-30,P00331,0,2023-10-31T12:00:00Z
2023-10-31,P00331,0,2023-12-01T12:00:00Z
2023-11-30,P00331,0,2023-12-31T12:00:00Z
2023-12-31,P00331,0,2024-01-31T12:00:00Z
2024-01-31,P00331,0,2024-03-02T12:00:00Z
2024-02-29,P00331,0,2024-03-31T12:00:00Z
2024-03-31,P00331,0,2024-05-01T12:00:00Z
2024-04-30,P00331,0,2024-05-31T12:00:00Z
2024-05-31,P00331,0,2024-07-01T12:00:00Z
2024-06-30,P00331,0,2024-07-31T12:00:00Z
2024-07-31,P00331,0,2024-08-31T12:00:00Z
2024-08-31,P00331,1,2024-10-01T12:00:00Z
2023-07-31,P00332,0,2023-08-31T12:00:00Z
2023-08-31,P00332,0,2023-10-01T12:00:00Z
2023-09-30,P00332,0,2023-10-31T12:00:00Z
2023-10-31,P00332,0,2023-12-01T12:00:00Z
2023-11-30,P00332,0,2023-12-31T12:00:00Z
2023-12-31,P00332,0,2024-01-31T12:00:00Z
2024-01-31,P00332,0,2024-03-02T12:00:00Z
2024-02-29,P00332,0,2024-03-31T12:00:00Z
2024-03-31,P00332,0,2024-05-01T12:00:00Z
2024-04-30,P00332,0,2024-05-31T12:00:00Z
2024-05-31,P00332,0,2024-07-01T12:00:00Z
2024-06-30,P00332,0,2024-07-31T12:00:00Z
2024-07-31,P00332,0,2024-08-31T12:00:00Z
2024-08-31,P00332,1,2024-10-01T12:00:00Z
2023-07-31,P00333,0,2023-08-31T12:00:00Z
2023-08-31,P00333,0,2023-10-01T12:00:00Z
2023-09-30,P00333,0,2023-10-31T12:00:00Z
2023-10-31,P00333,0,2023-12-01T12:00:00Z
2023-11-30,P00333,0,2023-12-31T12:00:00Z
2023-12-31,P00333,0,2024-01-31T12:00:00Z
2024-01-31,P00333,0,2024-03-02T12:00:00Z
2024-02-29,P00333,0,2024-03-31T12:00:00Z
2024-03-31,P00333,0,2024-05-01T12:00:00Z
2024-04-30,P00333,0,2024-05-31T12:00:00Z
2024-05-31,P00333,0,2024-07-01T12:00:00Z
2024-06-30,P00333,0,2024-07-31T12:00:00Z
2024-07-31,P00333,0,2024-08-31T12:00:00Z
2024-08-31,P00333,0,2024-10-01T12:00:00Z
2024-09-30,P00333,0,2024-10-31T12:00:00Z
2024-10-31,P00333,0,2024-12-01T12:00:00Z
2024-11-30,P00333,0,2024-12-31T12:00:00Z
2024-12-31,P00333,1,2025-01-31T12:00:00Z
2023-07-31,P00334,0,2023-08-31T12:00:00Z
2023-08-31,P00334,0,2023-10-01T12:00:00Z
2023-09-30,P00334,0,2023-10-31T12:00:00Z
2023-10-31,P00334,0,2023-12-01T12:00:00Z
2023-11-30,P00334,0,2023-12-31T12:00:00Z
2023-12-31,P00334,0,2024-01-31T12:00:00Z
2024-01-31,P00334,0,2024-03-02T12:00:00Z
2024-02-29,P00334,0,2024-03-31T12:00:00Z
2024-03-31,P00334,0,2024-05-01T12:00:00Z
2024-04-30,P00334,0,2024-05-31T12:00:00Z
2024-05-31,P00334,0,2024-07-01T12:00:00Z
2024-06-30,P00334,0,2024-07-31T12:00:00Z
2024-07-31,P00334,0,2024-08-31T12:00:00Z
2024-08-31,P00334,0,2024-10-01T12:00:00Z
2024-09-30,P00334,0,2024-10-31T12:00:00Z
2024-10-31,P00334,0,2024-12-01T12:00:00Z
2024-11-30,P00334,0,2024-12-31T12:00:00Z
2024-12-31,P00334,0,2025-01-31T12:00:00Z
2025-01-31,P00334,0,2025-03-03T12:00:00Z
2025-02-28,P00334,0,2025-03-31T12:00:00Z
2025-03-31,P00334,0,2025-05-01T12:00:00Z
2025-04-30,P00334,0,2025-05-31T12:00:00Z
2025-05-31,P00334,0,2025-07-01T12:00:00Z
2025-06-30,P00334,0,2025-07-31T12:00:00Z
2025-07-31,P00334,0,2025-08-31T12:00:00Z
2025-08-31,P00334,0,2025-10-01T12:00:00Z
2025-09-30,P00334,0,2025-10-31T12:00:00Z
2025-10-31,P00334,0,2025-12-01T12:00:00Z
2025-11-30,P00334,0,2025-12-31T12:00:00Z
2025-12-31,P00334,0,2026-01-31T12:00:00Z
2023-07-31,P00335,0,2023-08-31T12:00:00Z
2023-08-31,P00335,0,2023-10-01T12:00:00Z
2023-09-30,P00335,0,2023-10-31T12:00:00Z
2023-10-31,P00335,0,2023-12-01T12:00:00Z
2023-11-30,P00335,0,2023-12-31T12:00:00Z
2023-12-31,P00335,0,2024-01-31T12:00:00Z
2024-01-31,P00335,0,2024-03-02T12:00:00Z
2024-02-29,P00335,0,2024-03-31T12:00:00Z
2024-03-31,P00335,0,2024-05-01T12:00:00Z
2024-04-30,P00335,0,2024-05-31T12:00:00Z
2024-05-31,P00335,0,2024-07-01T12:00:00Z
2024-06-30,P00335,0,2024-07-31T12:00:00Z
2024-07-31,P00335,0,2024-08-31T12:00:00Z
2024-08-31,P00335,0,2024-10-01T12:00:00Z
2024-09-30,P00335,0,2024-10-31T12:00:00Z
2024-10-31,P00335,0,2024-12-01T12:00:00Z
2024-11-30,P00335,0,2024-12-31T12:00:00Z
2024-12-31,P00335,0,2025-01-31T12:00:00Z
2025-01-31,P00335,0,2025-03-03T12:00:00Z
2025-02-28,P00335,0,2025-03-31T12:00:00Z
2025-03-31,P00335,0,2025-05-01T12:00:00Z
2025-04-30,P00335,0,2025-05-31T12:00:00Z
2025-05-31,P00335,0,2025-07-01T12:00:00Z
2025-06-30,P00335,0,2025-07-31T12:00:00Z
2025-07-31,P00335,0,2025-08-31T12:00:00Z
2025-08-31,P00335,0,2025-10-01T12:00:00Z
2025-09-30,P00335,0,2025-10-31T12:00:00Z
2025-10-31,P00335,0,2025-12-01T12:00:00Z
2025-11-30,P00335,0,2025-12-31T12:00:00Z
2025-12-31,P00335,0,2026-01-31T12:00:00Z
2023-07-31,P00336,0,2023-08-31T12:00:00Z
2023-08-31,P00336,0,2023-10-01T12:00:00Z
2023-09-30,P00336,0,2023-10-31T12:00:00Z
2023-10-31,P00336,0,2023-12-01T12:00:00Z
2023-11-30,P00336,0,2023-12-31T12:00:00Z
2023-12-31,P00336,0,2024-01-31T12:00:00Z
2024-01-31,P00336,0,2024-03-02T12:00:00Z
2024-02-29,P00336,0,2024-03-31T12:00:00Z
2024-03-31,P00336,0,2024-05-01T12:00:00Z
2024-04-30,P00336,0,2024-05-31T12:00:00Z
2024-05-31,P00336,0,2024-07-01T12:00:00Z
2024-06-30,P00336,0,2024-07-31T12:00:00Z
2024-07-31,P00336,0,2024-08-31T12:00:00Z
2024-08-31,P00336,0,2024-10-01T12:00:00Z
2024-09-30,P00336,0,2024-10-31T12:00:00Z
2024-10-31,P00336,0,2024-12-01T12:00:00Z
2024-11-30,P00336,0,2024-12-31T12:00:00Z
2024-12-31,P00336,1,2025-01-31T12:00:00Z
2023-07-31,P00337,0,2023-08-31T12:00:00Z
2023-08-31,P00337,0,2023-10-01T12:00:00Z
2023-09-30,P00337,0,2023-10-31T12:00:00Z
2023-10-31,P00337,0,2023-12-01T12:00:00Z
2023-11-30,P00337,0,2023-12-31T12:00:00Z
2023-12-31,P00337,1,2024-01-31T12:00:00Z
2023-07-31,P00338,0,2023-08-31T12:00:00Z
2023-08-31,P00338,0,2023-10-01T12:00:00Z
2023-09-30,P00338,0,2023-10-31T12:00:00Z
2023-10-31,P00338,0,2023-12-01T12:00:00Z
2023-11-30,P00338,0,2023-12-31T12:00:00Z
2023-12-31,P00338,0,2024-01-31T12:00:00Z
2024-01-31,P00338,0,2024-03-02T12:00:00Z
2024-02-29,P00338,0,2024-03-31T12:00:00Z
2024-03-31,P00338,0,2024-05-01T12:00:00Z
2024-04-30,P00338,0,2024-05-31T12:00:00Z
2024-05-31,P00338,0,2024-07-01T12:00:00Z
2024-06-30,P00338,0,2024-07-31T12:00:00Z
2024-07-31,P00338,1,2024-08-31T12:00:00Z
2023-07-31,P00339,0,2023-08-31T12:00:00Z
2023-08-31,P00339,0,2023-10-01T12:00:00Z
2023-09-30,P00339,0,2023-10-31T12:00:00Z
2023-10-31,P00339,0,2023-12-01T12:00:00Z
2023-11-30,P00339,0,2023-12-31T12:00:00Z
2023-12-31,P00339,0,2024-01-31T12:00:00Z
2024-01-31,P00339,0,2024-03-02T12:00:00Z
2024-02-29,P00339,0,2024-03-31T12:00:00Z
2024-03-31,P00339,0,2024-05-01T12:00:00Z
2024-04-30,P00339,0,2024-05-31T12:00:00Z
2024-05-31,P00339,0,2024-07-01T12:00:00Z
2024-06-30,P00339,0,2024-07-31T12:00:00Z
2024-07-31,P00339,0,2024-08-31T12:00:00Z
2024-08-31,P00339,1,2024-10-01T12:00:00Z
2023-07-31,P00340,0,2023-08-31T12:00:00Z
2023-08-31,P00340,0,2023-10-01T12:00:00Z
2023-09-30,P00340,0,2023-10-31T12:00:00Z
2023-10-31,P00340,0,2023-12-01T12:00:00Z
2023-11-30,P00340,0,2023-12-31T12:00:00Z
2023-12-31,P00340,0,2024-01-31T12:00:00Z
2024-01-31,P00340,0,2024-03-02T12:00:00Z
2024-02-29,P00340,0,2024-03-31T12:00:00Z
2024-03-31,P00340,0,2024-05-01T12:00:00Z
2024-04-30,P00340,0,2024-05-31T12:00:00Z
2024-05-31,P00340,0,2024-07-01T12:00:00Z
2024-06-30,P00340,1,2024-07-31T12:00:00Z
2023-07-31,P00341,0,2023-08-31T12:00:00Z
2023-08-31,P00341,0,2023-10-01T12:00:00Z
2023-09-30,P00341,0,2023-10-31T12:00:00Z
2023-10-31,P00341,0,2023-12-01T12:00:00Z
2023-11-30,P00341,0,2023-12-31T12:00:00Z
2023-12-31,P00341,0,2024-01-31T12:00:00Z
2024-01-31,P00341,0,2024-03-02T12:00:00Z
2024-02-29,P00341,0,2024-03-31T12:00:00Z
2024-03-31,P00341,0,2024-05-01T12:00:00Z
2024-04-30,P00341,0,2024-05-31T12:00:00Z
2024-05-31,P00341,0,2024-07-01T12:00:00Z
2024-06-30,P00341,0,2024-07-31T12:00:00Z
2024-07-31,P00341,0,2024-08-31T12:00:00Z
2024-08-31,P00341,0,2024-10-01T12:00:00Z
2024-09-30,P00341,0,2024-10-31T12:00:00Z
2024-10-31,P00341,0,2024-12-01T12:00:00Z
2024-11-30,P00341,0,2024-12-31T12:00:00Z
2024-12-31,P00341,0,2025-01-31T12:00:00Z
2025-01-31,P00341,0,2025-03-03T12:00:00Z
2025-02-28,P00341,0,2025-03-31T12:00:00Z
2025-03-31,P00341,0,2025-05-01T12:00:00Z
2025-04-30,P00341,0,2025-05-31T12:00:00Z
2025-05-31,P00341,0,2025-07-01T12:00:00Z
2025-06-30,P00341,0,2025-07-31T12:00:00Z
2025-07-31,P00341,0,2025-08-31T12:00:00Z
2025-08-31,P00341,0,2025-10-01T12:00:00Z
2025-09-30,P00341,0,2025-10-31T12:00:00Z
2025-10-31,P00341,0,2025-12-01T12:00:00Z
2025-11-30,P00341,0,2025-12-31T12:00:00Z
2025-12-31,P00341,0,2026-01-31T12:00:00Z
2023-07-31,P00342,0,2023-08-31T12:00:00Z
2023-08-31,P00342,0,2023-10-01T12:00:00Z
2023-09-30,P00342,0,2023-10-31T12:00:00Z
2023-10-31,P00342,0,2023-12-01T12:00:00Z
2023-11-30,P00342,0,2023-12-31T12:00:00Z
2023-12-31,P00342,0,2024-01-31T12:00:00Z
2024-01-31,P00342,0,2024-03-02T12:00:00Z
2024-02-29,P00342,0,2024-03-31T12:00:00Z
2024-03-31,P00342,0,2024-05-01T12:00:00Z
2024-04-30,P00342,0,2024-05-31T12:00:00Z
2024-05-31,P00342,0,2024-07-01T12:00:00Z
2024-06-30,P00342,0,2024-07-31T12:00:00Z
2024-07-31,P00342,0,2024-08-31T12:00:00Z
2024-08-31,P00342,0,2024-10-01T12:00:00Z
2024-09-30,P00342,0,2024-10-31T12:00:00Z
2024-10-31,P00342,0,2024-12-01T12:00:00Z
2024-11-30,P00342,0,2024-12-31T12:00:00Z
2024-12-31,P00342,0,2025-01-31T12:00:00Z
2025-01-31,P00342,0,2025-03-03T12:00:00Z
2025-02-28,P00342,0,2025-03-31T12:00:00Z
2025-03-31,P00342,0,2025-05-01T12:00:00Z
2025-04-30,P00342,0,2025-05-31T12:00:00Z
2025-05-31,P00342,0,2025-07-01T12:00:00Z
2025-06-30,P00342,0,2025-07-31T12:00:00Z
2025-07-31,P00342,0,2025-08-31T12:00:00Z
2025-08-31,P00342,1,2025-10-01T12:00:00Z
2023-07-31,P00343,0,2023-08-31T12:00:00Z
2023-08-31,P00343,0,2023-10-01T12:00:00Z
2023-09-30,P00343,0,2023-10-31T12:00:00Z
2023-10-31,P00343,0,2023-12-01T12:00:00Z
2023-11-30,P00343,0,2023-12-31T12:00:00Z
2023-12-31,P00343,0,2024-01-31T12:00:00Z
2024-01-31,P00343,0,2024-03-02T12:00:00Z
2024-02-29,P00343,0,2024-03-31T12:00:00Z
2024-03-31,P00343,0,2024-05-01T12:00:00Z
2024-04-30,P00343,0,2024-05-31T12:00:00Z
2024-05-31,P00343,0,2024-07-01T12:00:00Z
2024-06-30,P00343,0,2024-07-31T12:00:00Z
2024-07-31,P00343,0,2024-08-31T12:00:00Z
2024-08-31,P00343,0,2024-10-01T12:00:00Z
2024-09-30,P00343,0,2024-10-31T12:00:00Z
2024-10-31,P00343,0,2024-12-01T12:00:00Z
2024-11-30,P00343,0,2024-12-31T12:00:00Z
2024-12-31,P00343,0,2025-01-31T12:00:00Z
2025-01-31,P00343,0,2025-03-03T12:00:00Z
2025-02-28,P00343,0,2025-03-31T12:00:00Z
2025-03-31,P00343,0,2025-05-01T12:00:00Z
2025-04-30,P00343,0,2025-05-31T12:00:00Z
2025-05-31,P00343,0,2025-07-01T12:00:00Z
2025-06-30,P00343,1,2025-07-31T12:00:00Z
2023-07-31,P00344,0,2023-08-31T12:00:00Z
2023-08-31,P00344,0,2023-10-01T12:00:00Z
2023-09-30,P00344,0,2023-10-31T12:00:00Z
2023-10-31,P00344,0,2023-12-01T12:00:00Z
2023-11-30,P00344,0,2023-12-31T12:00:00Z
2023-12-31,P00344,0,2024-01-31T12:00:00Z
2024-01-31,P00344,0,2024-03-02T12:00:00Z
2024-02-29,P00344,0,2024-03-31T12:00:00Z
2024-03-31,P00344,0,2024-05-01T12:00:00Z
2024-04-30,P00344,0,2024-05-31T12:00:00Z
2024-05-31,P00344,0,2024-07-01T12:00:00Z
2024-06-30,P00344,0,2024-07-31T12:00:00Z
2024-07-31,P00344,0,2024-08-31T12:00:00Z
2024-08-31,P00344,1,2024-10-01T12:00:00Z
2023-07-31,P00345,0,2023-08-31T12:00:00Z
2023-08-31,P00345,0,2023-10-01T12:00:00Z
2023-09-30,P00345,0,2023-10-31T12:00:00Z
2023-10-31,P00345,0,2023-12-01T12:00:00Z
2023-11-30,P00345,0,2023-12-31T12:00:00Z
2023-12-31,P00345,0,2024-01-31T12:00:00Z
2024-01-31,P00345,0,2024-03-02T12:00:00Z
2024-02-29,P00345,0,2024-03-31T12:00:00Z
2024-03-31,P00345,0,2024-05-01T12:00:00Z
2024-04-30,P00345,0,2024-05-31T12:00:00Z
2024-05-31,P00345,0,2024-07-01T12:00:00Z
2024-06-30,P00345,0,2024-07-31T12:00:00Z
2024-07-31,P00345,0,2024-08-31T12:00:00Z
2024-08-31,P00345,0,2024-10-01T12:00:00Z
2024-09-30,P00345,1,2024-10-31T12:00:00Z
2023-07-31,P00346,0,2023-08-31T12:00:00Z
2023-08-31,P00346,0,2023-10-01T12:00:00Z
2023-09-30,P00346,0,2023-10-31T12:00:00Z
2023-10-31,P00346,0,2023-12-01T12:00:00Z
2023-11-30,P00346,0,2023-12-31T12:00:00Z
2023-12-31,P00346,0,2024-01-31T12:00:00Z
2024-01-31,P00346,0,2024-03-02T12:00:00Z
2024-02-29,P00346,0,2024-03-31T12:00:00Z
2024-03-31,P00346,0,2024-05-01T12:00:00Z
2024-04-30,P00346,0,2024-05-31T12:00:00Z
2024-05-31,P00346,0,2024-07-01T12:00:00Z
2024-06-30,P00346,0,2024-07-31T12:00:00Z
2024-07-31,P00346,0,2024-08-31T12:00:00Z
2024-08-31,P00346,1,2024-10-01T12:00:00Z
2023-07-31,P00347,0,2023-08-31T12:00:00Z
2023-08-31,P00347,0,2023-10-01T12:00:00Z
2023-09-30,P00347,0,2023-10-31T12:00:00Z
2023-10-31,P00347,0,2023-12-01T12:00:00Z
2023-11-30,P00347,0,2023-12-31T12:00:00Z
2023-12-31,P00347,0,2024-01-31T12:00:00Z
2024-01-31,P00347,0,2024-03-02T12:00:00Z
2024-02-29,P00347,0,2024-03-31T12:00:00Z
2024-03-31,P00347,0,2024-05-01T12:00:00Z
2024-04-30,P00347,0,2024-05-31T12:00:00Z
2024-05-31,P00347,0,2024-07-01T12:00:00Z
2024-06-30,P00347,0,2024-07-31T12:00:00Z
2024-07-31,P00347,0,2024-08-31T12:00:00Z
2024-08-31,P00347,0,2024-10-01T12:00:00Z
2024-09-30,P00347,0,2024-10-31T12:00:00Z
2024-10-31,P00347,0,2024-12-01T12:00:00Z
2024-11-30,P00347,0,2024-12-31T12:00:00Z
2024-12-31,P00347,0,2025-01-31T12:00:00Z
2025-01-31,P00347,0,2025-03-03T12:00:00Z
2025-02-28,P00347,0,2025-03-31T12:00:00Z
2025-03-31,P00347,0,2025-05-01T12:00:00Z
2025-04-30,P00347,0,2025-05-31T12:00:00Z
2025-05-31,P00347,0,2025-07-01T12:00:00Z
2025-06-30,P00347,0,2025-07-31T12:00:00Z
2025-07-31,P00347,0,2025-08-31T12:00:00Z
2025-08-31,P00347,0,2025-10-01T12:00:00Z
2025-09-30,P00347,0,2025-10-31T12:00:00Z
2025-10-31,P00347,0,2025-12-01T12:00:00Z
2025-11-30,P00347,0,2025-12-31T12:00:00Z
2025-12-31,P00347,0,2026-01-31T12:00:00Z
2023-07-31,P00348,0,2023-08-31T12:00:00Z
2023-08-31,P00348,0,2023-10-01T12:00:00Z
2023-09-30,P00348,0,2023-10-31T12:00:00Z
2023-10-31,P00348,0,2023-12-01T12:00:00Z
2023-11-30,P00348,0,2023-12-31T12:00:00Z
2023-12-31,P00348,0,2024-01-31T12:00:00Z
2024-01-31,P00348,0,2024-03-02T12:00:00Z
2024-02-29,P00348,0,2024-03-31T12:00:00Z
2024-03-31,P00348,0,2024-05-01T12:00:00Z
2024-04-30,P00348,0,2024-05-31T12:00:00Z
2024-05-31,P00348,0,2024-07-01T12:00:00Z
2024-06-30,P00348,0,2024-07-31T12:00:00Z
2024-07-31,P00348,0,2024-08-31T12:00:00Z
2024-08-31,P00348,0,2024-10-01T12:00:00Z
2024-09-30,P00348,0,2024-10-31T12:00:00Z
2024-10-31,P00348,0,2024-12-01T12:00:00Z
2024-11-30,P00348,0,2024-12-31T12:00:00Z
2024-12-31,P00348,0,2025-01-31T12:00:00Z
2025-01-31,P00348,0,2025-03-03T12:00:00Z
2025-02-28,P00348,0,2025-03-31T12:00:00Z
2025-03-31,P00348,0,2025-05-01T12:00:00Z
2025-04-30,P00348,0,2025-05-31T12:00:00Z
2025-05-31,P00348,0,2025-07-01T12:00:00Z
2025-06-30,P00348,0,2025-07-31T12:00:00Z
2025-07-31,P00348,0,2025-08-31T12:00:00Z
2025-08-31,P00348,0,2025-10-01T12:00:00Z
2025-09-30,P00348,0,2025-10-31T12:00:00Z
2025-10-31,P00348,0,2025-12-01T12:00:00Z
2025-11-30,P00348,0,2025-12-31T12:00:00Z
2025-12-31,P00348,0,2026-01-31T12:00:00Z
2023-07-31,P00349,0,2023-08-31T12:00:00Z
2023-08-31,P00349,0,2023-10-01T12:00:00Z
2023-09-30,P00349,0,2023-10-31T12:00:00Z
2023-10-31,P00349,0,2023-12-01T12:00:00Z
2023-11-30,P00349,0,2023-12-31T12:00:00Z
2023-12-31,P00349,0,2024-01-31T12:00:00Z
2024-01-31,P00349,0,2024-03-02T12:00:00Z
2024-02-29,P00349,0,2024-03-31T12:00:00Z
2024-03-31,P00349,0,2024-05-01T12:00:00Z
2024-04-30,P00349,0,2024-05-31T12:00:00Z
2024-05-31,P00349,0,2024-07-01T12:00:00Z
2024-06-30,P00349,0,2024-07-31T12:00:00Z
2024-07-31,P00349,0,2024-08-31T12:00:00Z
2024-08-31,P00349,0,2024-10-01T12:00:00Z
2024-09-30,P00349,0,2024-10-31T12:00:00Z
2024-10-31,P00349,0,2024-12-01T12:00:00Z
2024-11-30,P00349,0,2024-12-31T12:00:00Z
2024-12-31,P00349,0,2025-01-31T12:00:00Z
2025-01-31,P00349,0,2025-03-03T12:00:00Z
2025-02-28,P00349,0,2025-03-31T12:00:00Z
2025-03-31,P00349,1,2025-05-01T12:00:00Z
2023-07-31,P00350,0,2023-08-31T12:00:00Z
2023-08-31,P00350,0,2023-10-01T12:00:00Z
2023-09-30,P00350,0,2023-10-31T12:00:00Z
2023-10-31,P00350,0,2023-12-01T12:00:00Z
2023-11-30,P00350,0,2023-12-31T12:00:00Z
2023-12-31,P00350,0,2024-01-31T12:00:00Z
2024-01-31,P00350,0,2024-03-02T12:00:00Z
2024-02-29,P00350,0,2024-03-31T12:00:00Z
2024-03-31,P00350,0,2024-05-01T12:00:00Z
2024-04-30,P00350,0,2024-05-31T12:00:00Z
2024-05-31,P00350,0,2024-07-01T12:00:00Z
2024-06-30,P00350,0,2024-07-31T12:00:00Z
2024-07-31,P00350,0,2024-08-31T12:00:00Z
2024-08-31,P00350,0,2024-10-01T12:00:00Z
2024-09-30,P00350,0,2024-10-31T12:00:00Z
2024-10-31,P00350,0,2024-12-01T12:00:00Z
2024-11-30,P00350,0,2024-12-31T12:00:00Z
2024-12-31,P00350,0,2025-01-31T12:00:00Z
2025-01-31,P00350,0,2025-03-03T12:00:00Z
2025-02-28,P00350,0,2025-03-31T12:00:00Z
2025-03-31,P00350,0,2025-05-01T12:00:00Z
2025-04-30,P00350,0,2025-05-31T12:00:00Z
2025-05-31,P00350,0,2025-07-01T12:00:00Z
2025-06-30,P00350,0,2025-07-31T12:00:00Z
2025-07-31,P00350,0,2025-08-31T12:00:00Z
2025-08-31,P00350,0,2025-10-01T12:00:00Z
2025-09-30,P00350,0,2025-10-31T12:00:00Z
2025-10-31,P00350,0,2025-12-01T12:00:00Z
2025-11-30,P00350,0,2025-12-31T12:00:00Z
2025-12-31,P00350,0,2026-01-31T12:00:00Z
2023-07-31,P00351,0,2023-08-31T12:00:00Z
2023-08-31,P00351,0,2023-10-01T12:00:00Z
2023-09-30,P00351,0,2023-10-31T12:00:00Z
2023-10-31,P00351,0,2023-12-01T12:00:00Z
2023-11-30,P00351,0,2023-12-31T12:00:00Z
2023-12-31,P00351,0,2024-01-31T12:00:00Z
2024-01-31,P00351,0,2024-03-02T12:00:00Z
2024-02-29,P00351,0,2024-03-31T12:00:00Z
2024-03-31,P00351,0,2024-05-01T12:00:00Z
2024-04-30,P00351,0,2024-05-31T12:00:00Z
2024-05-31,P00351,0,2024-07-01T12:00:00Z
2024-06-30,P00351,0,2024-07-31T12:00:00Z
2024-07-31,P00351,0,2024-08-31T12:00:00Z
2024-08-31,P00351,0,2024-10-01T12:00:00Z
2024-09-30,P00351,0,2024-10-31T12:00:00Z
2024-10-31,P00351,0,2024-12-01T12:00:00Z
2024-11-30,P00351,0,2024-12-31T12:00:00Z
2024-12-31,P00351,0,2025-01-31T12:00:00Z
2025-01-31,P00351,0,2025-03-03T12:00:00Z
2025-02-28,P00351,0,2025-03-31T12:00:00Z
2025-03-31,P00351,0,2025-05-01T12:00:00Z
2025-04-30,P00351,0,2025-05-31T12:00:00Z
2025-05-31,P00351,0,2025-07-01T12:00:00Z
2025-06-30,P00351,0,2025-07-31T12:00:00Z
2025-07-31,P00351,0,2025-08-31T12:00:00Z
2025-08-31,P00351,0,2025-10-01T12:00:00Z
2025-09-30,P00351,0,2025-10-31T12:00:00Z
2025-10-31,P00351,0,2025-12-01T12:00:00Z
2025-11-30,P00351,0,2025-12-31T12:00:00Z
2025-12-31,P00351,0,2026-01-31T12:00:00Z
2023-07-31,P00352,0,2023-08-31T12:00:00Z
2023-08-31,P00352,0,2023-10-01T12:00:00Z
2023-09-30,P00352,0,2023-10-31T12:00:00Z
2023-10-31,P00352,0,2023-12-01T12:00:00Z
2023-11-30,P00352,0,2023-12-31T12:00:00Z
2023-12-31,P00352,0,2024-01-31T12:00:00Z
2024-01-31,P00352,0,2024-03-02T12:00:00Z
2024-02-29,P00352,0,2024-03-31T12:00:00Z
2024-03-31,P00352,0,2024-05-01T12:00:00Z
2024-04-30,P00352,0,2024-05-31T12:00:00Z
2024-05-31,P00352,0,2024-07-01T12:00:00Z
2024-06-30,P00352,0,2024-07-31T12:00:00Z
2024-07-31,P00352,0,2024-08-31T12:00:00Z
2024-08-31,P00352,0,2024-10-01T12:00:00Z
2024-09-30,P00352,0,2024-10-31T12:00:00Z
2024-10-31,P00352,0,2024-12-01T12:00:00Z
2024-11-30,P00352,0,2024-12-31T12:00:00Z
2024-12-31,P00352,0,2025-01-31T12:00:00Z
2025-01-31,P00352,0,2025-03-03T12:00:00Z
2025-02-28,P00352,0,2025-03-31T12:00:00Z
2025-03-31,P00352,0,2025-05-01T12:00:00Z
2025-04-30,P00352,0,2025-05-31T12:00:00Z
2025-05-31,P00352,0,2025-07-01T12:00:00Z
2025-06-30,P00352,0,2025-07-31T12:00:00Z
2025-07-31,P00352,0,2025-08-31T12:00:00Z
2025-08-31,P00352,0,2025-10-01T12:00:00Z
2025-09-30,P00352,0,2025-10-31T12:00:00Z
2025-10-31,P00352,0,2025-12-01T12:00:00Z
2025-11-30,P00352,0,2025-12-31T12:00:00Z
2025-12-31,P00352,0,2026-01-31T12:00:00Z
2023-07-31,P00353,0,2023-08-31T12:00:00Z
2023-08-31,P00353,0,2023-10-01T12:00:00Z
2023-09-30,P00353,0,2023-10-31T12:00:00Z
2023-10-31,P00353,0,2023-12-01T12:00:00Z
2023-11-30,P00353,0,2023-12-31T12:00:00Z
2023-12-31,P00353,0,2024-01-31T12:00:00Z
2024-01-31,P00353,0,2024-03-02T12:00:00Z
2024-02-29,P00353,0,2024-03-31T12:00:00Z
2024-03-31,P00353,0,2024-05-01T12:00:00Z
2024-04-30,P00353,0,2024-05-31T12:00:00Z
2024-05-31,P00353,0,2024-07-01T12:00:00Z
2024-06-30,P00353,0,2024-07-31T12:00:00Z
2024-07-31,P00353,0,2024-08-31T12:00:00Z
2024-08-31,P00353,0,2024-10-01T12:00:00Z
2024-09-30,P00353,0,2024-10-31T12:00:00Z
2024-10-31,P00353,0,2024-12-01T12:00:00Z
2024-11-30,P00353,0,2024-12-31T12:00:00Z
2024-12-31,P00353,0,2025-01-31T12:00:00Z
2025-01-31,P00353,0,2025-03-03T12:00:00Z
2025-02-28,P00353,0,2025-03-31T12:00:00Z
2025-03-31,P00353,0,2025-05-01T12:00:00Z
2025-04-30,P00353,0,2025-05-31T12:00:00Z
2025-05-31,P00353,0,2025-07-01T12:00:00Z
2025-06-30,P00353,0,2025-07-31T12:00:00Z
2025-07-31,P00353,1,2025-08-31T12:00:00Z
2023-07-31,P00354,0,2023-08-31T12:00:00Z
2023-08-31,P00354,0,2023-10-01T12:00:00Z
2023-09-30,P00354,0,2023-10-31T12:00:00Z
2023-10-31,P00354,0,2023-12-01T12:00:00Z
2023-11-30,P00354,0,2023-12-31T12:00:00Z
2023-12-31,P00354,0,2024-01-31T12:00:00Z
2024-01-31,P00354,0,2024-03-02T12:00:00Z
2024-02-29,P00354,0,2024-03-31T12:00:00Z
2024-03-31,P00354,0,2024-05-01T12:00:00Z
2024-04-30,P00354,0,2024-05-31T12:00:00Z
2024-05-31,P00354,0,2024-07-01T12:00:00Z
2024-06-30,P00354,0,2024-07-31T12:00:00Z
2024-07-31,P00354,0,2024-08-31T12:00:00Z
2024-08-31,P00354,0,2024-10-01T12:00:00Z
2024-09-30,P00354,0,2024-10-31T12:00:00Z
2024-10-31,P00354,0,2024-12-01T12:00:00Z
2024-11-30,P00354,0,2024-12-31T12:00:00Z
2024-12-31,P00354,0,2025-01-31T12:00:00Z
2025-01-31,P00354,0,2025-03-03T12:00:00Z
2025-02-28,P00354,0,2025-03-31T12:00:00Z
2025-03-31,P00354,0,2025-05-01T12:00:00Z
2025-04-30,P00354,0,2025-05-31T12:00:00Z
2025-05-31,P00354,0,2025-07-01T12:00:00Z
2025-06-30,P00354,0,2025-07-31T12:00:00Z
2025-07-31,P00354,0,2025-08-31T12:00:00Z
2025-08-31,P00354,0,2025-10-01T12:00:00Z
2025-09-30,P00354,0,2025-10-31T12:00:00Z
2025-10-31,P00354,0,2025-12-01T12:00:00Z
2025-11-30,P00354,0,2025-12-31T12:00:00Z
2025-12-31,P00354,0,2026-01-31T12:00:00Z
2023-07-31,P00355,0,2023-08-31T12:00:00Z
2023-08-31,P00355,0,2023-10-01T12:00:00Z
2023-09-30,P00355,0,2023-10-31T12:00:00Z
2023-10-31,P00355,0,2023-12-01T12:00:00Z
2023-11-30,P00355,0,2023-12-31T12:00:00Z
2023-12-31,P00355,0,2024-01-31T12:00:00Z
2024-01-31,P00355,0,2024-03-02T12:00:00Z
2024-02-29,P00355,0,2024-03-31T12:00:00Z
2024-03-31,P00355,0,2024-05-01T12:00:00Z
2024-04-30,P00355,0,2024-05-31T12:00:00Z
2024-05-31,P00355,0,2024-07-01T12:00:00Z
2024-06-30,P00355,0,2024-07-31T12:00:00Z
2024-07-31,P00355,0,2024-08-31T12:00:00Z
2024-08-31,P00355,0,2024-10-01T12:00:00Z
2024-09-30,P00355,1,2024-10-31T12:00:00Z
2023-07-31,P00356,0,2023-08-31T12:00:00Z
2023-08-31,P00356,0,2023-10-01T12:00:00Z
2023-09-30,P00356,0,2023-10-31T12:00:00Z
2023-10-31,P00356,0,2023-12-01T12:00:00Z
2023-11-30,P00356,0,2023-12-31T12:00:00Z
2023-12-31,P00356,0,2024-01-31T12:00:00Z
2024-01-31,P00356,0,2024-03-02T12:00:00Z
2024-02-29,P00356,0,2024-03-31T12:00:00Z
2024-03-31,P00356,0,2024-05-01T12:00:00Z
2024-04-30,P00356,0,2024-05-31T12:00:00Z
2024-05-31,P00356,0,2024-07-01T12:00:00Z
2024-06-30,P00356,0,2024-07-31T12:00:00Z
2024-07-31,P00356,0,2024-08-31T12:00:00Z
2024-08-31,P00356,0,2024-10-01T12:00:00Z
2024-09-30,P00356,0,2024-10-31T12:00:00Z
2024-10-31,P00356,0,2024-12-01T12:00:00Z
2024-11-30,P00356,0,2024-12-31T12:00:00Z
2024-12-31,P00356,0,2025-01-31T12:00:00Z
2025-01-31,P00356,0,2025-03-03T12:00:00Z
2025-02-28,P00356,0,2025-03-31T12:00:00Z
2025-03-31,P00356,0,2025-05-01T12:00:00Z
2025-04-30,P00356,0,2025-05-31T12:00:00Z
2025-05-31,P00356,0,2025-07-01T12:00:00Z
2025-06-30,P00356,0,2025-07-31T12:00:00Z
2025-07-31,P00356,0,2025-08-31T12:00:00Z
2025-08-31,P00356,0,2025-10-01T12:00:00Z
2025-09-30,P00356,0,2025-10-31T12:00:00Z
2025-10-31,P00356,0,2025-12-01T12:00:00Z
2025-11-30,P00356,0,2025-12-31T12:00:00Z
2025-12-31,P00356,0,2026-01-31T12:00:00Z
2023-07-31,P00357,0,2023-08-31T12:00:00Z
2023-08-31,P00357,0,2023-10-01T12:00:00Z
2023-09-30,P00357,0,2023-10-31T12:00:00Z
2023-10-31,P00357,0,2023-12-01T12:00:00Z
2023-11-30,P00357,0,2023-12-31T12:00:00Z
2023-12-31,P00357,0,2024-01-31T12:00:00Z
2024-01-31,P00357,0,2024-03-02T12:00:00Z
2024-02-29,P00357,0,2024-03-31T12:00:00Z
2024-03-31,P00357,0,2024-05-01T12:00:00Z
2024-04-30,P00357,0,2024-05-31T12:00:00Z
2024-05-31,P00357,0,2024-07-01T12:00:00Z
2024-06-30,P00357,0,2024-07-31T12:00:00Z
2024-07-31,P00357,0,2024-08-31T12:00:00Z
2024-08-31,P00357,0,2024-10-01T12:00:00Z
2024-09-30,P00357,0,2024-10-31T12:00:00Z
2024-10-31,P00357,0,2024-12-01T12:00:00Z
2024-11-30,P00357,0,2024-12-31T12:00:00Z
2024-12-31,P00357,0,2025-01-31T12:00:00Z
2025-01-31,P00357,0,2025-03-03T12:00:00Z
2025-02-28,P00357,0,2025-03-31T12:00:00Z
2025-03-31,P00357,0,2025-05-01T12:00:00Z
2025-04-30,P00357,0,2025-05-31T12:00:00Z
2025-05-31,P00357,0,2025-07-01T12:00:00Z
2025-06-30,P00357,0,2025-07-31T12:00:00Z
2025-07-31,P00357,0,2025-08-31T12:00:00Z
2025-08-31,P00357,0,2025-10-01T12:00:00Z
2025-09-30,P00357,0,2025-10-31T12:00:00Z
2025-10-31,P00357,0,2025-12-01T12:00:00Z
2025-11-30,P00357,0,2025-12-31T12:00:00Z
2025-12-31,P00357,0,2026-01-31T12:00:00Z
2023-07-31,P00358,0,2023-08-31T12:00:00Z
2023-08-31,P00358,0,2023-10-01T12:00:00Z
2023-09-30,P00358,0,2023-10-31T12:00:00Z
2023-10-31,P00358,0,2023-12-01T12:00:00Z
2023-11-30,P00358,0,2023-12-31T12:00:00Z
2023-12-31,P00358,0,2024-01-31T12:00:00Z
2024-01-31,P00358,0,2024-03-02T12:00:00Z
2024-02-29,P00358,0,2024-03-31T12:00:00Z
2024-03-31,P00358,0,2024-05-01T12:00:00Z
2024-04-30,P00358,0,2024-05-31T12:00:00Z
2024-05-31,P00358,0,2024-07-01T12:00:00Z
2024-06-30,P00358,0,2024-07-31T12:00:00Z
2024-07-31,P00358,0,2024-08-31T12:00:00Z
2024-08-31,P00358,0,2024-10-01T12:00:00Z
2024-09-30,P00358,0,2024-10-31T12:00:00Z
2024-10-31,P00358,0,2024-12-01T12:00:00Z
2024-11-30,P00358,0,2024-12-31T12:00:00Z
2024-12-31,P00358,0,2025-01-31T12:00:00Z
2025-01-31,P00358,0,2025-03-03T12:00:00Z
2025-02-28,P00358,0,2025-03-31T12:00:00Z
2025-03-31,P00358,0,2025-05-01T12:00:00Z
2025-04-30,P00358,0,2025-05-31T12:00:00Z
2025-05-31,P00358,0,2025-07-01T12:00:00Z
2025-06-30,P00358,0,2025-07-31T12:00:00Z
2025-07-31,P00358,0,2025-08-31T12:00:00Z
2025-08-31,P00358,0,2025-10-01T12:00:00Z
2025-09-30,P00358,0,2025-10-31T12:00:00Z
2025-10-31,P00358,0,2025-12-01T12:00:00Z
2025-11-30,P00358,0,2025-12-31T12:00:00Z
2025-12-31,P00358,0,2026-01-31T12:00:00Z
2023-07-31,P00359,0,2023-08-31T12:00:00Z
2023-08-31,P00359,0,2023-10-01T12:00:00Z
2023-09-30,P00359,0,2023-10-31T12:00:00Z
2023-10-31,P00359,0,2023-12-01T12:00:00Z
2023-11-30,P00359,0,2023-12-31T12:00:00Z
2023-12-31,P00359,0,2024-01-31T12:00:00Z
2024-01-31,P00359,0,2024-03-02T12:00:00Z
2024-02-29,P00359,0,2024-03-31T12:00:00Z
2024-03-31,P00359,0,2024-05-01T12:00:00Z
2024-04-30,P00359,0,2024-05-31T12:00:00Z
2024-05-31,P00359,0,2024-07-01T12:00:00Z
2024-06-30,P00359,0,2024-07-31T12:00:00Z
2024-07-31,P00359,0,2024-08-31T12:00:00Z
2024-08-31,P00359,0,2024-10-01T12:00:00Z
2024-09-30,P00359,0,2024-10-31T12:00:00Z
2024-10-31,P00359,0,2024-12-01T12:00:00Z
2024-11-30,P00359,0,2024-12-31T12:00:00Z
2024-12-31,P00359,0,2025-01-31T12:00:00Z
2025-01-31,P00359,0,2025-03-03T12:00:00Z
2025-02-28,P00359,0,2025-03-31T12:00:00Z
2025-03-31,P00359,0,2025-05-01T12:00:00Z
2025-04-30,P00359,0,2025-05-31T12:00:00Z
2025-05-31,P00359,0,2025-07-01T12:00:00Z
2025-06-30,P00359,0,2025-07-31T12:00:00Z
2025-07-31,P00359,0,2025-08-31T12:00:00Z
2025-08-31,P00359,0,2025-10-01T12:00:00Z
2025-09-30,P00359,0,2025-10-31T12:00:00Z
2025-10-31,P00359,0,2025-12-01T12:00:00Z
2025-11-30,P00359,0,2025-12-31T12:00:00Z
2025-12-31,P00359,0,2026-01-31T12:00:00Z
2023-07-31,P00360,0,2023-08-31T12:00:00Z
2023-08-31,P00360,0,2023-10-01T12:00:00Z
2023-09-30,P00360,0,2023-10-31T12:00:00Z
2023-10-31,P00360,0,2023-12-01T12:00:00Z
2023-11-30,P00360,0,2023-12-31T12:00:00Z
2023-12-31,P00360,0,2024-01-31T12:00:00Z
2024-01-31,P00360,0,2024-03-02T12:00:00Z
2024-02-29,P00360,0,2024-03-31T12:00:00Z
2024-03-31,P00360,0,2024-05-01T12:00:00Z
2024-04-30,P00360,0,2024-05-31T12:00:00Z
2024-05-31,P00360,0,2024-07-01T12:00:00Z
2024-06-30,P00360,0,2024-07-31T12:00:00Z
2024-07-31,P00360,0,2024-08-31T12:00:00Z
2024-08-31,P00360,0,2024-10-01T12:00:00Z
2024-09-30,P00360,0,2024-10-31T12:00:00Z
2024-10-31,P00360,0,2024-12-01T12:00:00Z
2024-11-30,P00360,0,2024-12-31T12:00:00Z
2024-12-31,P00360,0,2025-01-31T12:00:00Z
2025-01-31,P00360,0,2025-03-03T12:00:00Z
2025-02-28,P00360,0,2025-03-31T12:00:00Z
2025-03-31,P00360,0,2025-05-01T12:00:00Z
2025-04-30,P00360,0,2025-05-31T12:00:00Z
2025-05-31,P00360,0,2025-07-01T12:00:00Z
2025-06-30,P00360,0,2025-07-31T12:00:00Z
2025-07-31,P00360,0,2025-08-31T12:00:00Z
2025-08-31,P00360,0,2025-10-01T12:00:00Z
2025-09-30,P00360,0,2025-10-31T12:00:00Z
2025-10-31,P00360,0,2025-12-01T12:00:00Z
2025-11-30,P00360,0,2025-12-31T12:00:00Z
2025-12-31,P00360,0,2026-01-31T12:00:00Z
2023-07-31,P00361,0,2023-08-31T12:00:00Z
2023-08-31,P00361,0,2023-10-01T12:00:00Z
2023-09-30,P00361,0,2023-10-31T12:00:00Z
2023-10-31,P00361,0,2023-12-01T12:00:00Z
2023-11-30,P00361,0,2023-12-31T12:00:00Z
2023-12-31,P00361,0,2024-01-31T12:00:00Z
2024-01-31,P00361,0,2024-03-02T12:00:00Z
2024-02-29,P00361,0,2024-03-31T12:00:00Z
2024-03-31,P00361,0,2024-05-01T12:00:00Z
2024-04-30,P00361,0,2024-05-31T12:00:00Z
2024-05-31,P00361,0,2024-07-01T12:00:00Z
2024-06-30,P00361,0,2024-07-31T12:00:00Z
2024-07-31,P00361,0,2024-08-31T12:00:00Z
2024-08-31,P00361,0,2024-10-01T12:00:00Z
2024-09-30,P00361,0,2024-10-31T12:00:00Z
2024-10-31,P00361,0,2024-12-01T12:00:00Z
2024-11-30,P00361,0,2024-12-31T12:00:00Z
2024-12-31,P00361,0,2025-01-31T12:00:00Z
2025-01-31,P00361,0,2025-03-03T12:00:00Z
2025-02-28,P00361,0,2025-03-31T12:00:00Z
2025-03-31,P00361,0,2025-05-01T12:00:00Z
2025-04-30,P00361,0,2025-05-31T12:00:00Z
2025-05-31,P00361,0,2025-07-01T12:00:00Z
2025-06-30,P00361,1,2025-07-31T12:00:00Z
2023-07-31,P00362,0,2023-08-31T12:00:00Z
2023-08-31,P00362,0,2023-10-01T12:00:00Z
2023-09-30,P00362,0,2023-10-31T12:00:00Z
2023-10-31,P00362,0,2023-12-01T12:00:00Z
2023-11-30,P00362,0,2023-12-31T12:00:00Z
2023-12-31,P00362,0,2024-01-31T12:00:00Z
2024-01-31,P00362,0,2024-03-02T12:00:00Z
2024-02-29,P00362,0,2024-03-31T12:00:00Z
2024-03-31,P00362,0,2024-05-01T12:00:00Z
2024-04-30,P00362,0,2024-05-31T12:00:00Z
2024-05-31,P00362,0,2024-07-01T12:00:00Z
2024-06-30,P00362,0,2024-07-31T12:00:00Z
2024-07-31,P00362,0,2024-08-31T12:00:00Z
2024-08-31,P00362,0,2024-10-01T12:00:00Z
2024-09-30,P00362,0,2024-10-31T12:00:00Z
2024-10-31,P00362,0,2024-12-01T12:00:00Z
2024-11-30,P00362,0,2024-12-31T12:00:00Z
2024-12-31,P00362,0,2025-01-31T12:00:00Z
2025-01-31,P00362,0,2025-03-03T12:00:00Z
2025-02-28,P00362,0,2025-03-31T12:00:00Z
2025-03-31,P00362,1,2025-05-01T12:00:00Z
2023-07-31,P00363,0,2023-08-31T12:00:00Z
2023-08-31,P00363,0,2023-10-01T12:00:00Z
2023-09-30,P00363,0,2023-10-31T12:00:00Z
2023-10-31,P00363,0,2023-12-01T12:00:00Z
2023-11-30,P00363,0,2023-12-31T12:00:00Z
2023-12-31,P00363,0,2024-01-31T12:00:00Z
2024-01-31,P00363,0,2024-03-02T12:00:00Z
2024-02-29,P00363,0,2024-03-31T12:00:00Z
2024-03-31,P00363,0,2024-05-01T12:00:00Z
2024-04-30,P00363,0,2024-05-31T12:00:00Z
2024-05-31,P00363,0,2024-07-01T12:00:00Z
2024-06-30,P00363,0,2024-07-31T12:00:00Z
2024-07-31,P00363,0,2024-08-31T12:00:00Z
2024-08-31,P00363,0,2024-10-01T12:00:00Z
2024-09-30,P00363,0,2024-10-31T12:00:00Z
2024-10-31,P00363,0,2024-12-01T12:00:00Z
2024-11-30,P00363,0,2024-12-31T12:00:00Z
2024-12-31,P00363,0,2025-01-31T12:00:00Z
2025-01-31,P00363,0,2025-03-03T12:00:00Z
2025-02-28,P00363,0,2025-03-31T12:00:00Z
2025-03-31,P00363,0,2025-05-01T12:00:00Z
2025-04-30,P00363,0,2025-05-31T12:00:00Z
2025-05-31,P00363,0,2025-07-01T12:00:00Z
2025-06-30,P00363,0,2025-07-31T12:00:00Z
2025-07-31,P00363,0,2025-08-31T12:00:00Z
2025-08-31,P00363,0,2025-10-01T12:00:00Z
2025-09-30,P00363,0,2025-10-31T12:00:00Z
2025-10-31,P00363,0,2025-12-01T12:00:00Z
2025-11-30,P00363,0,2025-12-31T12:00:00Z
2025-12-31,P00363,0,2026-01-31T12:00:00Z
2023-07-31,P00364,0,2023-08-31T12:00:00Z
2023-08-31,P00364,0,2023-10-01T12:00:00Z
2023-09-30,P00364,0,2023-10-31T12:00:00Z
2023-10-31,P00364,0,2023-12-01T12:00:00Z
2023-11-30,P00364,0,2023-12-31T12:00:00Z
2023-12-31,P00364,0,2024-01-31T12:00:00Z
2024-01-31,P00364,0,2024-03-02T12:00:00Z
2024-02-29,P00364,0,2024-03-31T12:00:00Z
2024-03-31,P00364,0,2024-05-01T12:00:00Z
2024-04-30,P00364,0,2024-05-31T12:00:00Z
2024-05-31,P00364,0,2024-07-01T12:00:00Z
2024-06-30,P00364,0,2024-07-31T12:00:00Z
2024-07-31,P00364,0,2024-08-31T12:00:00Z
2024-08-31,P00364,0,2024-10-01T12:00:00Z
2024-09-30,P00364,0,2024-10-31T12:00:00Z
2024-10-31,P00364,0,2024-12-01T12:00:00Z
2024-11-30,P00364,0,2024-12-31T12:00:00Z
2024-12-31,P00364,0,2025-01-31T12:00:00Z
2025-01-31,P00364,0,2025-03-03T12:00:00Z
2025-02-28,P00364,0,2025-03-31T12:00:00Z
2025-03-31,P00364,0,2025-05-01T12:00:00Z
2025-04-30,P00364,0,2025-05-31T12:00:00Z
2025-05-31,P00364,0,2025-07-01T12:00:00Z
2025-06-30,P00364,0,2025-07-31T12:00:00Z
2025-07-31,P00364,0,2025-08-31T12:00:00Z
2025-08-31,P00364,0,2025-10-01T12:00:00Z
2025-09-30,P00364,0,2025-10-31T12:00:00Z
2025-10-31,P00364,0,2025-12-01T12:00:00Z
2025-11-30,P00364,0,2025-12-31T12:00:00Z
2025-12-31,P00364,0,2026-01-31T12:00:00Z
2023-07-31,P00365,0,2023-08-31T12:00:00Z
2023-08-31,P00365,0,2023-10-01T12:00:00Z
2023-09-30,P00365,0,2023-10-31T12:00:00Z
2023-10-31,P00365,0,2023-12-01T12:00:00Z
2023-11-30,P00365,0,2023-12-31T12:00:00Z
2023-12-31,P00365,0,2024-01-31T12:00:00Z
2024-01-31,P00365,0,2024-03-02T12:00:00Z
2024-02-29,P00365,0,2024-03-31T12:00:00Z
2024-03-31,P00365,0,2024-05-01T12:00:00Z
2024-04-30,P00365,0,2024-05-31T12:00:00Z
2024-05-31,P00365,0,2024-07-01T12:00:00Z
2024-06-30,P00365,0,2024-07-31T12:00:00Z
2024-07-31,P00365,0,2024-08-31T12:00:00Z
2024-08-31,P00365,0,2024-10-01T12:00:00Z
2024-09-30,P00365,0,2024-10-31T12:00:00Z
2024-10-31,P00365,0,2024-12-01T12:00:00Z
2024-11-30,P00365,0,2024-12-31T12:00:00Z
2024-12-31,P00365,0,2025-01-31T12:00:00Z
2025-01-31,P00365,0,2025-03-03T12:00:00Z
2025-02-28,P00365,0,2025-03-31T12:00:00Z
2025-03-31,P00365,0,2025-05-01T12:00:00Z
2025-04-30,P00365,0,2025-05-31T12:00:00Z
2025-05-31,P00365,0,2025-07-01T12:00:00Z
2025-06-30,P00365,0,2025-07-31T12:00:00Z
2025-07-31,P00365,0,2025-08-31T12:00:00Z
2025-08-31,P00365,0,2025-10-01T12:00:00Z
2025-09-30,P00365,0,2025-10-31T12:00:00Z
2025-10-31,P00365,0,2025-12-01T12:00:00Z
2025-11-30,P00365,0,2025-12-31T12:00:00Z
2025-12-31,P00365,0,2026-01-31T12:00:00Z
2023-07-31,P00366,0,2023-08-31T12:00:00Z
2023-08-31,P00366,0,2023-10-01T12:00:00Z
2023-09-30,P00366,0,2023-10-31T12:00:00Z
2023-10-31,P00366,0,2023-12-01T12:00:00Z
2023-11-30,P00366,0,2023-12-31T12:00:00Z
2023-12-31,P00366,0,2024-01-31T12:00:00Z
2024-01-31,P00366,0,2024-03-02T12:00:00Z
2024-02-29,P00366,0,2024-03-31T12:00:00Z
2024-03-31,P00366,0,2024-05-01T12:00:00Z
2024-04-30,P00366,0,2024-05-31T12:00:00Z
2024-05-31,P00366,0,2024-07-01T12:00:00Z
2024-06-30,P00366,0,2024-07-31T12:00:00Z
2024-07-31,P00366,0,2024-08-31T12:00:00Z
2024-08-31,P00366,0,2024-10-01T12:00:00Z
2024-09-30,P00366,0,2024-10-31T12:00:00Z
2024-10-31,P00366,0,2024-12-01T12:00:00Z
2024-11-30,P00366,0,2024-12-31T12:00:00Z
2024-12-31,P00366,0,2025-01-31T12:00:00Z
2025-01-31,P00366,0,2025-03-03T12:00:00Z
2025-02-28,P00366,0,2025-03-31T12:00:00Z
2025-03-31,P00366,0,2025-05-01T12:00:00Z
2025-04-30,P00366,0,2025-05-31T12:00:00Z
2025-05-31,P00366,0,2025-07-01T12:00:00Z
2025-06-30,P00366,1,2025-07-31T12:00:00Z
2023-07-31,P00367,0,2023-08-31T12:00:00Z
2023-08-31,P00367,0,2023-10-01T12:00:00Z
2023-09-30,P00367,0,2023-10-31T12:00:00Z
2023-10-31,P00367,0,2023-12-01T12:00:00Z
2023-11-30,P00367,0,2023-12-31T12:00:00Z
2023-12-31,P00367,0,2024-01-31T12:00:00Z
2024-01-31,P00367,0,2024-03-02T12:00:00Z
2024-02-29,P00367,0,2024-03-31T12:00:00Z
2024-03-31,P00367,0,2024-05-01T12:00:00Z
2024-04-30,P00367,0,2024-05-31T12:00:00Z
2024-05-31,P00367,0,2024-07-01T12:00:00Z
2024-06-30,P00367,0,2024-07-31T12:00:00Z
2024-07-31,P00367,0,2024-08-31T12:00:00Z
2024-08-31,P00367,0,2024-10-01T12:00:00Z
2024-09-30,P00367,0,2024-10-31T12:00:00Z
2024-10-31,P00367,0,2024-12-01T12:00:00Z
2024-11-30,P00367,0,2024-12-31T12:00:00Z
2024-12-31,P00367,0,2025-01-31T12:00:00Z
2025-01-31,P00367,0,2025-03-03T12:00:00Z
2025-02-28,P00367,0,2025-03-31T12:00:00Z
2025-03-31,P00367,0,2025-05-01T12:00:00Z
2025-04-30,P00367,0,2025-05-31T12:00:00Z
2025-05-31,P00367,0,2025-07-01T12:00:00Z
2025-06-30,P00367,0,2025-07-31T12:00:00Z
2025-07-31,P00367,0,2025-08-31T12:00:00Z
2025-08-31,P00367,0,2025-10-01T12:00:00Z
2025-09-30,P00367,0,2025-10-31T12:00:00Z
2025-10-31,P00367,0,2025-12-01T12:00:00Z
2025-11-30,P00367,0,2025-12-31T12:00:00Z
2025-12-31,P00367,0,2026-01-31T12:00:00Z
2023-07-31,P00368,0,2023-08-31T12:00:00Z
2023-08-31,P00368,0,2023-10-01T12:00:00Z
2023-09-30,P00368,0,2023-10-31T12:00:00Z
2023-10-31,P00368,0,2023-12-01T12:00:00Z
2023-11-30,P00368,0,2023-12-31T12:00:00Z
2023-12-31,P00368,0,2024-01-31T12:00:00Z
2024-01-31,P00368,0,2024-03-02T12:00:00Z
2024-02-29,P00368,0,2024-03-31T12:00:00Z
2024-03-31,P00368,0,2024-05-01T12:00:00Z
2024-04-30,P00368,0,2024-05-31T12:00:00Z
2024-05-31,P00368,0,2024-07-01T12:00:00Z
2024-06-30,P00368,0,2024-07-31T12:00:00Z
2024-07-31,P00368,0,2024-08-31T12:00:00Z
2024-08-31,P00368,0,2024-10-01T12:00:00Z
2024-09-30,P00368,0,2024-10-31T12:00:00Z
2024-10-31,P00368,0,2024-12-01T12:00:00Z
2024-11-30,P00368,0,2024-12-31T12:00:00Z
2024-12-31,P00368,0,2025-01-31T12:00:00Z
2025-01-31,P00368,0,2025-03-03T12:00:00Z
2025-02-28,P00368,0,2025-03-31T12:00:00Z
2025-03-31,P00368,0,2025-05-01T12:00:00Z
2025-04-30,P00368,0,2025-05-31T12:00:00Z
2025-05-31,P00368,0,2025-07-01T12:00:00Z
2025-06-30,P00368,1,2025-07-31T12:00:00Z
2023-07-31,P00369,0,2023-08-31T12:00:00Z
2023-08-31,P00369,0,2023-10-01T12:00:00Z
2023-09-30,P00369,0,2023-10-31T12:00:00Z
2023-10-31,P00369,0,2023-12-01T12:00:00Z
2023-11-30,P00369,0,2023-12-31T12:00:00Z
2023-12-31,P00369,0,2024-01-31T12:00:00Z
2024-01-31,P00369,0,2024-03-02T12:00:00Z
2024-02-29,P00369,0,2024-03-31T12:00:00Z
2024-03-31,P00369,0,2024-05-01T12:00:00Z
2024-04-30,P00369,0,2024-05-31T12:00:00Z
2024-05-31,P00369,0,2024-07-01T12:00:00Z
2024-06-30,P00369,0,2024-07-31T12:00:00Z
2024-07-31,P00369,0,2024-08-31T12:00:00Z
2024-08-31,P00369,0,2024-10-01T12:00:00Z
2024-09-30,P00369,0,2024-10-31T12:00:00Z
2024-10-31,P00369,0,2024-12-01T12:00:00Z
2024-11-30,P00369,1,2024-12-31T12:00:00Z
2023-07-31,P00370,0,2023-08-31T12:00:00Z
2023-08-31,P00370,0,2023-10-01T12:00:00Z
2023-09-30,P00370,0,2023-10-31T12:00:00Z
2023-10-31,P00370,0,2023-12-01T12:00:00Z
2023-11-30,P00370,0,2023-12-31T12:00:00Z
2023-12-31,P00370,0,2024-01-31T12:00:00Z
2024-01-31,P00370,0,2024-03-02T12:00:00Z
2024-02-29,P00370,0,2024-03-31T12:00:00Z
2024-03-31,P00370,0,2024-05-01T12:00:00Z
2024-04-30,P00370,0,2024-05-31T12:00:00Z
2024-05-31,P00370,0,2024-07-01T12:00:00Z
2024-06-30,P00370,0,2024-07-31T12:00:00Z
2024-07-31,P00370,0,2024-08-31T12:00:00Z
2024-08-31,P00370,1,2024-10-01T12:00:00Z
2023-07-31,P00371,0,2023-08-31T12:00:00Z
2023-08-31,P00371,0,2023-10-01T12:00:00Z
2023-09-30,P00371,0,2023-10-31T12:00:00Z
2023-10-31,P00371,0,2023-12-01T12:00:00Z
2023-11-30,P00371,0,2023-12-31T12:00:00Z
2023-12-31,P00371,0,2024-01-31T12:00:00Z
2024-01-31,P00371,0,2024-03-02T12:00:00Z
2024-02-29,P00371,0,2024-03-31T12:00:00Z
2024-03-31,P00371,0,2024-05-01T12:00:00Z
2024-04-30,P00371,0,2024-05-31T12:00:00Z
2024-05-31,P00371,0,2024-07-01T12:00:00Z
2024-06-30,P00371,0,2024-07-31T12:00:00Z
2024-07-31,P00371,0,2024-08-31T12:00:00Z
2024-08-31,P00371,0,2024-10-01T12:00:00Z
2024-09-30,P00371,0,2024-10-31T12:00:00Z
2024-10-31,P00371,0,2024-12-01T12:00:00Z
2024-11-30,P00371,0,2024-12-31T12:00:00Z
2024-12-31,P00371,0,2025-01-31T12:00:00Z
2025-01-31,P00371,0,2025-03-03T12:00:00Z
2025-02-28,P00371,0,2025-03-31T12:00:00Z
2025-03-31,P00371,0,2025-05-01T12:00:00Z
2025-04-30,P00371,0,2025-05-31T12:00:00Z
2025-05-31,P00371,0,2025-07-01T12:00:00Z
2025-06-30,P00371,0,2025-07-31T12:00:00Z
2025-07-31,P00371,0,2025-08-31T12:00:00Z
2025-08-31,P00371,0,2025-10-01T12:00:00Z
2025-09-30,P00371,0,2025-10-31T12:00:00Z
2025-10-31,P00371,0,2025-12-01T12:00:00Z
2025-11-30,P00371,0,2025-12-31T12:00:00Z
2025-12-31,P00371,0,2026-01-31T12:00:00Z
2023-07-31,P00372,0,2023-08-31T12:00:00Z
2023-08-31,P00372,0,2023-10-01T12:00:00Z
2023-09-30,P00372,0,2023-10-31T12:00:00Z
2023-10-31,P00372,0,2023-12-01T12:00:00Z
2023-11-30,P00372,0,2023-12-31T12:00:00Z
2023-12-31,P00372,0,2024-01-31T12:00:00Z
2024-01-31,P00372,0,2024-03-02T12:00:00Z
2024-02-29,P00372,0,2024-03-31T12:00:00Z
2024-03-31,P00372,0,2024-05-01T12:00:00Z
2024-04-30,P00372,0,2024-05-31T12:00:00Z
2024-05-31,P00372,0,2024-07-01T12:00:00Z
2024-06-30,P00372,0,2024-07-31T12:00:00Z
2024-07-31,P00372,1,2024-08-31T12:00:00Z
2023-07-31,P00373,0,2023-08-31T12:00:00Z
2023-08-31,P00373,0,2023-10-01T12:00:00Z
2023-09-30,P00373,0,2023-10-31T12:00:00Z
2023-10-31,P00373,0,2023-12-01T12:00:00Z
2023-11-30,P00373,0,2023-12-31T12:00:00Z
2023-12-31,P00373,0,2024-01-31T12:00:00Z
2024-01-31,P00373,0,2024-03-02T12:00:00Z
2024-02-29,P00373,0,2024-03-31T12:00:00Z
2024-03-31,P00373,0,2024-05-01T12:00:00Z
2024-04-30,P00373,0,2024-05-31T12:00:00Z
2024-05-31,P00373,0,2024-07-01T12:00:00Z
2024-06-30,P00373,0,2024-07-31T12:00:00Z
2024-07-31,P00373,0,2024-08-31T12:00:00Z
2024-08-31,P00373,0,2024-10-01T12:00:00Z
2024-09-30,P00373,0,2024-10-31T12:00:00Z
2024-10-31,P00373,0,2024-12-01T12:00:00Z
2024-11-30,P00373,0,2024-12-31T12:00:00Z
2024-12-31,P00373,0,2025-01-31T12:00:00Z
2025-01-31,P00373,0,2025-03-03T12:00:00Z
2025-02-28,P00373,0,2025-03-31T12:00:00Z
2025-03-31,P00373,0,2025-05-01T12:00:00Z
2025-04-30,P00373,0,2025-05-31T12:00:00Z
2025-05-31,P00373,0,2025-07-01T12:00:00Z
2025-06-30,P00373,0,2025-07-31T12:00:00Z
2025-07-31,P00373,0,2025-08-31T12:00:00Z
2025-08-31,P00373,0,2025-10-01T12:00:00Z
2025-09-30,P00373,0,2025-10-31T12:00:00Z
2025-10-31,P00373,0,2025-12-01T12:00:00Z
2025-11-30,P00373,0,2025-12-31T12:00:00Z
2025-12-31,P00373,0,2026-01-31T12:00:00Z
2023-07-31,P00374,0,2023-08-31T12:00:00Z
2023-08-31,P00374,0,2023-10-01T12:00:00Z
2023-09-30,P00374,0,2023-10-31T12:00:00Z
2023-10-31,P00374,0,2023-12-01T12:00:00Z
2023-11-30,P00374,0,2023-12-31T12:00:00Z
2023-12-31,P00374,0,2024-01-31T12:00:00Z
2024-01-31,P00374,0,2024-03-02T12:00:00Z
2024-02-29,P00374,0,2024-03-31T12:00:00Z
2024-03-31,P00374,0,2024-05-01T12:00:00Z
2024-04-30,P00374,0,2024-05-31T12:00:00Z
2024-05-31,P00374,0,2024-07-01T12:00:00Z
2024-06-30,P00374,1,2024-07-31T12:00:00Z
2023-07-31,P00375,0,2023-08-31T12:00:00Z
2023-08-31,P00375,0,2023-10-01T12:00:00Z
2023-09-30,P00375,0,2023-10-31T12:00:00Z
2023-10-31,P00375,0,2023-12-01T12:00:00Z
2023-11-30,P00375,0,2023-12-31T12:00:00Z
2023-12-31,P00375,0,2024-01-31T12:00:00Z
2024-01-31,P00375,0,2024-03-02T12:00:00Z
2024-02-29,P00375,0,2024-03-31T12:00:00Z
2024-03-31,P00375,0,2024-05-01T12:00:00Z
2024-04-30,P00375,0,2024-05-31T12:00:00Z
2024-05-31,P00375,0,2024-07-01T12:00:00Z
2024-06-30,P00375,0,2024-07-31T12:00:00Z
2024-07-31,P00375,0,2024-08-31T12:00:00Z
2024-08-31,P00375,0,2024-10-01T12:00:00Z
2024-09-30,P00375,0,2024-10-31T12:00:00Z
2024-10-31,P00375,0,2024-12-01T12:00:00Z
2024-11-30,P00375,0,2024-12-31T12:00:00Z
2024-12-31,P00375,0,2025-01-31T12:00:00Z
2025-01-31,P00375,0,2025-03-03T12:00:00Z
2025-02-28,P00375,0,2025-03-31T12:00:00Z
2025-03-31,P00375,0,2025-05-01T12:00:00Z
2025-04-30,P00375,0,2025-05-31T12:00:00Z
2025-05-31,P00375,0,2025-07-01T12:00:00Z
2025-06-30,P00375,0,2025-07-31T12:00:00Z
2025-07-31,P00375,0,2025-08-31T12:00:00Z
2025-08-31,P00375,0,2025-10-01T12:00:00Z
2025-09-30,P00375,0,2025-10-31T12:00:00Z
2025-10-31,P00375,0,2025-12-01T12:00:00Z
2025-11-30,P00375,0,2025-12-31T12:00:00Z
2025-12-31,P00375,0,2026-01-31T12:00:00Z
2023-07-31,P00376,0,2023-08-31T12:00:00Z
2023-08-31,P00376,0,2023-10-01T12:00:00Z
2023-09-30,P00376,0,2023-10-31T12:00:00Z
2023-10-31,P00376,0,2023-12-01T12:00:00Z
2023-11-30,P00376,0,2023-12-31T12:00:00Z
2023-12-31,P00376,0,2024-01-31T12:00:00Z
2024-01-31,P00376,0,2024-03-02T12:00:00Z
2024-02-29,P00376,0,2024-03-31T12:00:00Z
2024-03-31,P00376,0,2024-05-01T12:00:00Z
2024-04-30,P00376,0,2024-05-31T12:00:00Z
2024-05-31,P00376,0,2024-07-01T12:00:00Z
2024-06-30,P00376,0,2024-07-31T12:00:00Z
2024-07-31,P00376,0,2024-08-31T12:00:00Z
2024-08-31,P00376,0,2024-10-01T12:00:00Z
2024-09-30,P00376,0,2024-10-31T12:00:00Z
2024-10-31,P00376,0,2024-12-01T12:00:00Z
2024-11-30,P00376,0,2024-12-31T12:00:00Z
2024-12-31,P00376,0,2025-01-31T12:00:00Z
2025-01-31,P00376,0,2025-03-03T12:00:00Z
2025-02-28,P00376,0,2025-03-31T12:00:00Z
2025-03-31,P00376,0,2025-05-01T12:00:00Z
2025-04-30,P00376,0,2025-05-31T12:00:00Z
2025-05-31,P00376,0,2025-07-01T12:00:00Z
2025-06-30,P00376,0,2025-07-31T12:00:00Z
2025-07-31,P00376,0,2025-08-31T12:00:00Z
2025-08-31,P00376,0,2025-10-01T12:00:00Z
2025-09-30,P00376,0,2025-10-31T12:00:00Z
2025-10-31,P00376,0,2025-12-01T12:00:00Z
2025-11-30,P00376,0,2025-12-31T12:00:00Z
2025-12-31,P00376,0,2026-01-31T12:00:00Z
2023-07-31,P00377,0,2023-08-31T12:00:00Z
2023-08-31,P00377,0,2023-10-01T12:00:00Z
2023-09-30,P00377,0,2023-10-31T12:00:00Z
2023-10-31,P00377,0,2023-12-01T12:00:00Z
2023-11-30,P00377,0,2023-12-31T12:00:00Z
2023-12-31,P00377,0,2024-01-31T12:00:00Z
2024-01-31,P00377,0,2024-03-02T12:00:00Z
2024-02-29,P00377,0,2024-03-31T12:00:00Z
2024-03-31,P00377,0,2024-05-01T12:00:00Z
2024-04-30,P00377,0,2024-05-31T12:00:00Z
2024-05-31,P00377,0,2024-07-01T12:00:00Z
2024-06-30,P00377,0,2024-07-31T12:00:00Z
2024-07-31,P00377,0,2024-08-31T12:00:00Z
2024-08-31,P00377,0,2024-10-01T12:00:00Z
2024-09-30,P00377,0,2024-10-31T12:00:00Z
2024-10-31,P00377,0,2024-12-01T12:00:00Z
2024-11-30,P00377,0,2024-12-31T12:00:00Z
2024-12-31,P00377,0,2025-01-31T12:00:00Z
2025-01-31,P00377,0,2025-03-03T12:00:00Z
2025-02-28,P00377,0,2025-03-31T12:00:00Z
2025-03-31,P00377,0,2025-05-01T12:00:00Z
2025-04-30,P00377,0,2025-05-31T12:00:00Z
2025-05-31,P00377,0,2025-07-01T12:00:00Z
2025-06-30,P00377,0,2025-07-31T12:00:00Z
2025-07-31,P00377,0,2025-08-31T12:00:00Z
2025-08-31,P00377,0,2025-10-01T12:00:00Z
2025-09-30,P00377,0,2025-10-31T12:00:00Z
2025-10-31,P00377,0,2025-12-01T12:00:00Z
2025-11-30,P00377,0,2025-12-31T12:00:00Z
2025-12-31,P00377,0,2026-01-31T12:00:00Z
2023-07-31,P00378,0,2023-08-31T12:00:00Z
2023-08-31,P00378,0,2023-10-01T12:00:00Z
2023-09-30,P00378,0,2023-10-31T12:00:00Z
2023-10-31,P00378,0,2023-12-01T12:00:00Z
2023-11-30,P00378,0,2023-12-31T12:00:00Z
2023-12-31,P00378,0,2024-01-31T12:00:00Z
2024-01-31,P00378,0,2024-03-02T12:00:00Z
2024-02-29,P00378,0,2024-03-31T12:00:00Z
2024-03-31,P00378,0,2024-05-01T12:00:00Z
2024-04-30,P00378,0,2024-05-31T12:00:00Z
2024-05-31,P00378,0,2024-07-01T12:00:00Z
2024-06-30,P00378,1,2024-07-31T12:00:00Z
2023-07-31,P00379,0,2023-08-31T12:00:00Z
2023-08-31,P00379,0,2023-10-01T12:00:00Z
2023-09-30,P00379,0,2023-10-31T12:00:00Z
2023-10-31,P00379,0,2023-12-01T12:00:00Z
2023-11-30,P00379,0,2023-12-31T12:00:00Z
2023-12-31,P00379,0,2024-01-31T12:00:00Z
2024-01-31,P00379,0,2024-03-02T12:00:00Z
2024-02-29,P00379,0,2024-03-31T12:00:00Z
2024-03-31,P00379,0,2024-05-01T12:00:00Z
2024-04-30,P00379,0,2024-05-31T12:00:00Z
2024-05-31,P00379,0,2024-07-01T12:00:00Z
2024-06-30,P00379,0,2024-07-31T12:00:00Z
2024-07-31,P00379,0,2024-08-31T12:00:00Z
2024-08-31,P00379,0,2024-10-01T12:00:00Z
2024-09-30,P00379,0,2024-10-31T12:00:00Z
2024-10-31,P00379,0,2024-12-01T12:00:00Z
2024-11-30,P00379,0,2024-12-31T12:00:00Z
2024-12-31,P00379,0,2025-01-31T12:00:00Z
2025-01-31,P00379,0,2025-03-03T12:00:00Z
2025-02-28,P00379,0,2025-03-31T12:00:00Z
2025-03-31,P00379,0,2025-05-01T12:00:00Z
2025-04-30,P00379,0,2025-05-31T12:00:00Z
2025-05-31,P00379,0,2025-07-01T12:00:00Z
2025-06-30,P00379,0,2025-07-31T12:00:00Z
2025-07-31,P00379,0,2025-08-31T12:00:00Z
2025-08-31,P00379,0,2025-10-01T12:00:00Z
2025-09-30,P00379,0,2025-10-31T12:00:00Z
2025-10-31,P00379,0,2025-12-01T12:00:00Z
2025-11-30,P00379,0,2025-12-31T12:00:00Z
2025-12-31,P00379,0,2026-01-31T12:00:00Z
2023-07-31,P00380,0,2023-08-31T12:00:00Z
2023-08-31,P00380,0,2023-10-01T12:00:00Z
2023-09-30,P00380,0,2023-10-31T12:00:00Z
2023-10-31,P00380,0,2023-12-01T12:00:00Z
2023-11-30,P00380,0,2023-12-31T12:00:00Z
2023-12-31,P00380,0,2024-01-31T12:00:00Z
2024-01-31,P00380,0,2024-03-02T12:00:00Z
2024-02-29,P00380,0,2024-03-31T12:00:00Z
2024-03-31,P00380,0,2024-05-01T12:00:00Z
2024-04-30,P00380,0,2024-05-31T12:00:00Z
2024-05-31,P00380,0,2024-07-01T12:00:00Z
2024-06-30,P00380,0,2024-07-31T12:00:00Z
2024-07-31,P00380,0,2024-08-31T12:00:00Z
2024-08-31,P00380,0,2024-10-01T12:00:00Z
2024-09-30,P00380,0,2024-10-31T12:00:00Z
2024-10-31,P00380,0,2024-12-01T12:00:00Z
2024-11-30,P00380,0,2024-12-31T12:00:00Z
2024-12-31,P00380,0,2025-01-31T12:00:00Z
2025-01-31,P00380,0,2025-03-03T12:00:00Z
2025-02-28,P00380,0,2025-03-31T12:00:00Z
2025-03-31,P00380,0,2025-05-01T12:00:00Z
2025-04-30,P00380,0,2025-05-31T12:00:00Z
2025-05-31,P00380,0,2025-07-01T12:00:00Z
2025-06-30,P00380,0,2025-07-31T12:00:00Z
2025-07-31,P00380,0,2025-08-31T12:00:00Z
2025-08-31,P00380,0,2025-10-01T12:00:00Z
2025-09-30,P00380,0,2025-10-31T12:00:00Z
2025-10-31,P00380,0,2025-12-01T12:00:00Z
2025-11-30,P00380,0,2025-12-31T12:00:00Z
2025-12-31,P00380,0,2026-01-31T12:00:00Z
2023-07-31,P00381,0,2023-08-31T12:00:00Z
2023-08-31,P00381,0,2023-10-01T12:00:00Z
2023-09-30,P00381,0,2023-10-31T12:00:00Z
2023-10-31,P00381,0,2023-12-01T12:00:00Z
2023-11-30,P00381,0,2023-12-31T12:00:00Z
2023-12-31,P00381,0,2024-01-31T12:00:00Z
2024-01-31,P00381,0,2024-03-02T12:00:00Z
2024-02-29,P00381,0,2024-03-31T12:00:00Z
2024-03-31,P00381,0,2024-05-01T12:00:00Z
2024-04-30,P00381,0,2024-05-31T12:00:00Z
2024-05-31,P00381,0,2024-07-01T12:00:00Z
2024-06-30,P00381,0,2024-07-31T12:00:00Z
2024-07-31,P00381,0,2024-08-31T12:00:00Z
2024-08-31,P00381,0,2024-10-01T12:00:00Z
2024-09-30,P00381,0,2024-10-31T12:00:00Z
2024-10-31,P00381,0,2024-12-01T12:00:00Z
2024-11-30,P00381,0,2024-12-31T12:00:00Z
2024-12-31,P00381,0,2025-01-31T12:00:00Z
2025-01-31,P00381,0,2025-03-03T12:00:00Z
2025-02-28,P00381,0,2025-03-31T12:00:00Z
2025-03-31,P00381,0,2025-05-01T12:00:00Z
2025-04-30,P00381,0,2025-05-31T12:00:00Z
2025-05-31,P00381,0,2025-07-01T12:00:00Z
2025-06-30,P00381,0,2025-07-31T12:00:00Z
2025-07-31,P00381,0,2025-08-31T12:00:00Z
2025-08-31,P00381,0,2025-10-01T12:00:00Z
2025-09-30,P00381,0,2025-10-31T12:00:00Z
2025-10-31,P00381,0,2025-12-01T12:00:00Z
2025-11-30,P00381,0,2025-12-31T12:00:00Z
2025-12-31,P00381,0,2026-01-31T12:00:00Z
2023-07-31,P00382,0,2023-08-31T12:00:00Z
2023-08-31,P00382,0,2023-10-01T12:00:00Z
2023-09-30,P00382,0,2023-10-31T12:00:00Z
2023-10-31,P00382,0,2023-12-01T12:00:00Z
2023-11-30,P00382,0,2023-12-31T12:00:00Z
2023-12-31,P00382,0,2024-01-31T12:00:00Z
2024-01-31,P00382,0,2024-03-02T12:00:00Z
2024-02-29,P00382,0,2024-03-31T12:00:00Z
2024-03-31,P00382,0,2024-05-01T12:00:00Z
2024-04-30,P00382,0,2024-05-31T12:00:00Z
2024-05-31,P00382,0,2024-07-01T12:00:00Z
2024-06-30,P00382,0,2024-07-31T12:00:00Z
2024-07-31,P00382,0,2024-08-31T12:00:00Z
2024-08-31,P00382,0,2024-10-01T12:00:00Z
2024-09-30,P00382,0,2024-10-31T12:00:00Z
2024-10-31,P00382,0,2024-12-01T12:00:00Z
2024-11-30,P00382,0,2024-12-31T12:00:00Z
2024-12-31,P00382,0,2025-01-31T12:00:00Z
2025-01-31,P00382,0,2025-03-03T12:00:00Z
2025-02-28,P00382,0,2025-03-31T12:00:00Z
2025-03-31,P00382,0,2025-05-01T12:00:00Z
2025-04-30,P00382,0,2025-05-31T12:00:00Z
2025-05-31,P00382,0,2025-07-01T12:00:00Z
2025-06-30,P00382,0,2025-07-31T12:00:00Z
2025-07-31,P00382,0,2025-08-31T12:00:00Z
2025-08-31,P00382,0,2025-10-01T12:00:00Z
2025-09-30,P00382,0,2025-10-31T12:00:00Z
2025-10-31,P00382,0,2025-12-01T12:00:00Z
2025-11-30,P00382,0,2025-12-31T12:00:00Z
2025-12-31,P00382,0,2026-01-31T12:00:00Z
2023-07-31,P00383,0,2023-08-31T12:00:00Z
2023-08-31,P00383,0,2023-10-01T12:00:00Z
2023-09-30,P00383,0,2023-10-31T12:00:00Z
2023-10-31,P00383,0,2023-12-01T12:00:00Z
2023-11-30,P00383,0,2023-12-31T12:00:00Z
2023-12-31,P00383,0,2024-01-31T12:00:00Z
2024-01-31,P00383,0,2024-03-02T12:00:00Z
2024-02-29,P00383,0,2024-03-31T12:00:00Z
2024-03-31,P00383,0,2024-05-01T12:00:00Z
2024-04-30,P00383,1,2024-05-31T12:00:00Z
2023-07-31,P00384,0,2023-08-31T12:00:00Z
2023-08-31,P00384,0,2023-10-01T12:00:00Z
2023-09-30,P00384,0,2023-10-31T12:00:00Z
2023-10-31,P00384,0,2023-12-01T12:00:00Z
2023-11-30,P00384,0,2023-12-31T12:00:00Z
2023-12-31,P00384,0,2024-01-31T12:00:00Z
2024-01-31,P00384,0,2024-03-02T12:00:00Z
2024-02-29,P00384,0,2024-03-31T12:00:00Z
2024-03-31,P00384,0,2024-05-01T12:00:00Z
2024-04-30,P00384,0,2024-05-31T12:00:00Z
2024-05-31,P00384,0,2024-07-01T12:00:00Z
2024-06-30,P00384,0,2024-07-31T12:00:00Z
2024-07-31,P00384,0,2024-08-31T12:00:00Z
2024-08-31,P00384,0,2024-10-01T12:00:00Z
2024-09-30,P00384,0,2024-10-31T12:00:00Z
2024-10-31,P00384,0,2024-12-01T12:00:00Z
2024-11-30,P00384,0,2024-12-31T12:00:00Z
2024-12-31,P00384,0,2025-01-31T12:00:00Z
2025-01-31,P00384,0,2025-03-03T12:00:00Z
2025-02-28,P00384,0,2025-03-31T12:00:00Z
2025-03-31,P00384,0,2025-05-01T12:00:00Z
2025-04-30,P00384,0,2025-05-31T12:00:00Z
2025-05-31,P00384,0,2025-07-01T12:00:00Z
2025-06-30,P00384,0,2025-07-31T12:00:00Z
2025-07-31,P00384,0,2025-08-31T12:00:00Z
2025-08-31,P00384,0,2025-10-01T12:00:00Z
2025-09-30,P00384,0,2025-10-31T12:00:00Z
2025-10-31,P00384,0,2025-12-01T12:00:00Z
2025-11-30,P00384,0,2025-12-31T12:00:00Z
2025-12-31,P00384,0,2026-01-31T12:00:00Z
2023-07-31,P00385,0,2023-08-31T12:00:00Z
2023-08-31,P00385,0,2023-10-01T12:00:00Z
2023-09-30,P00385,0,2023-10-31T12:00:00Z
2023-10-31,P00385,0,2023-12-01T12:00:00Z
2023-11-30,P00385,0,2023-12-31T12:00:00Z
2023-12-31,P00385,0,2024-01-31T12:00:00Z
2024-01-31,P00385,0,2024-03-02T12:00:00Z
2024-02-29,P00385,0,2024-03-31T12:00:00Z
2024-03-31,P00385,0,2024-05-01T12:00:00Z
2024-04-30,P00385,0,2024-05-31T12:00:00Z
2024-05-31,P00385,1,2024-07-01T12:00:00Z
2023-07-31,P00386,0,2023-08-31T12:00:00Z
2023-08-31,P00386,0,2023-10-01T12:00:00Z
2023-09-30,P00386,0,2023-10-31T12:00:00Z
2023-10-31,P00386,0,2023-12-01T12:00:00Z
2023-11-30,P00386,0,2023-12-31T12:00:00Z
2023-12-31,P00386,0,2024-01-31T12:00:00Z
2024-01-31,P00386,1,2024-03-02T12:00:00Z
2023-07-31,P00387,0,2023-08-31T12:00:00Z
2023-08-31,P00387,0,2023-10-01T12:00:00Z
2023-09-30,P00387,0,2023-10-31T12:00:00Z
2023-10-31,P00387,0,2023-12-01T12:00:00Z
2023-11-30,P00387,0,2023-12-31T12:00:00Z
2023-12-31,P00387,0,2024-01-31T12:00:00Z
2024-01-31,P00387,0,2024-03-02T12:00:00Z
2024-02-29,P00387,0,2024-03-31T12:00:00Z
2024-03-31,P00387,0,2024-05-01T12:00:00Z
2024-04-30,P00387,0,2024-05-31T12:00:00Z
2024-05-31,P00387,0,2024-07-01T12:00:00Z
2024-06-30,P00387,0,2024-07-31T12:00:00Z
2024-07-31,P00387,0,2024-08-31T12:00:00Z
2024-08-31,P00387,0,2024-10-01T12:00:00Z
2024-09-30,P00387,0,2024-10-31T12:00:00Z
2024-10-31,P00387,0,2024-12-01T12:00:00Z
2024-11-30,P00387,0,2024-12-31T12:00:00Z
2024-12-31,P00387,0,2025-01-31T12:00:00Z
2025-01-31,P00387,0,2025-03-03T12:00:00Z
2025-02-28,P00387,0,2025-03-31T12:00:00Z
2025-03-31,P00387,0,2025-05-01T12:00:00Z
2025-04-30,P00387,0,2025-05-31T12:00:00Z
2025-05-31,P00387,0,2025-07-01T12:00:00Z
2025-06-30,P00387,0,2025-07-31T12:00:00Z
2025-07-31,P00387,0,2025-08-31T12:00:00Z
2025-08-31,P00387,0,2025-10-01T12:00:00Z
2025-09-30,P00387,0,2025-10-31T12:00:00Z
2025-10-31,P00387,0,2025-12-01T12:00:00Z
2025-11-30,P00387,0,2025-12-31T12:00:00Z
2025-12-31,P00387,0,2026-01-31T12:00:00Z
2023-07-31,P00388,0,2023-08-31T12:00:00Z
2023-08-31,P00388,0,2023-10-01T12:00:00Z
2023-09-30,P00388,0,2023-10-31T12:00:00Z
2023-10-31,P00388,0,2023-12-01T12:00:00Z
2023-11-30,P00388,0,2023-12-31T12:00:00Z
2023-12-31,P00388,0,2024-01-31T12:00:00Z
2024-01-31,P00388,0,2024-03-02T12:00:00Z
2024-02-29,P00388,0,2024-03-31T12:00:00Z
2024-03-31,P00388,0,2024-05-01T12:00:00Z
2024-04-30,P00388,0,2024-05-31T12:00:00Z
2024-05-31,P00388,0,2024-07-01T12:00:00Z
2024-06-30,P00388,0,2024-07-31T12:00:00Z
2024-07-31,P00388,0,2024-08-31T12:00:00Z
2024-08-31,P00388,0,2024-10-01T12:00:00Z
2024-09-30,P00388,0,2024-10-31T12:00:00Z
2024-10-31,P00388,0,2024-12-01T12:00:00Z
2024-11-30,P00388,0,2024-12-31T12:00:00Z
2024-12-31,P00388,0,2025-01-31T12:00:00Z
2025-01-31,P00388,0,2025-03-03T12:00:00Z
2025-02-28,P00388,0,2025-03-31T12:00:00Z
2025-03-31,P00388,0,2025-05-01T12:00:00Z
2025-04-30,P00388,0,2025-05-31T12:00:00Z
2025-05-31,P00388,0,2025-07-01T12:00:00Z
2025-06-30,P00388,0,2025-07-31T12:00:00Z
2025-07-31,P00388,0,2025-08-31T12:00:00Z
2025-08-31,P00388,0,2025-10-01T12:00:00Z
2025-09-30,P00388,0,2025-10-31T12:00:00Z
2025-10-31,P00388,0,2025-12-01T12:00:00Z
2025-11-30,P00388,0,2025-12-31T12:00:00Z
2025-12-31,P00388,0,2026-01-31T12:00:00Z
2023-07-31,P00389,0,2023-08-31T12:00:00Z
2023-08-31,P00389,0,2023-10-01T12:00:00Z
2023-09-30,P00389,0,2023-10-31T12:00:00Z
2023-10-31,P00389,0,2023-12-01T12:00:00Z
2023-11-30,P00389,0,2023-12-31T12:00:00Z
2023-12-31,P00389,0,2024-01-31T12:00:00Z
2024-01-31,P00389,0,2024-03-02T12:00:00Z
2024-02-29,P00389,0,2024-03-31T12:00:00Z
2024-03-31,P00389,0,2024-05-01T12:00:00Z
2024-04-30,P00389,0,2024-05-31T12:00:00Z
2024-05-31,P00389,0,2024-07-01T12:00:00Z
2024-06-30,P00389,0,2024-07-31T12:00:00Z
2024-07-31,P00389,0,2024-08-31T12:00:00Z
2024-08-31,P00389,0,2024-10-01T12:00:00Z
2024-09-30,P00389,0,2024-10-31T12:00:00Z
2024-10-31,P00389,0,2024-12-01T12:00:00Z
2024-11-30,P00389,0,2024-12-31T12:00:00Z
2024-12-31,P00389,0,2025-01-31T12:00:00Z
2025-01-31,P00389,0,2025-03-03T12:00:00Z
2025-02-28,P00389,0,2025-03-31T12:00:00Z
2025-03-31,P00389,0,2025-05-01T12:00:00Z
2025-04-30,P00389,0,2025-05-31T12:00:00Z
2025-05-31,P00389,0,2025-07-01T12:00:00Z
2025-06-30,P00389,0,2025-07-31T12:00:00Z
2025-07-31,P00389,0,2025-08-31T12:00:00Z
2025-08-31,P00389,0,2025-10-01T12:00:00Z
2025-09-30,P00389,0,2025-10-31T12:00:00Z
2025-10-31,P00389,0,2025-12-01T12:00:00Z
2025-11-30,P00389,0,2025-12-31T12:00:00Z
2025-12-31,P00389,0,2026-01-31T12:00:00Z
2023-07-31,P00390,0,2023-08-31T12:00:00Z
2023-08-31,P00390,0,2023-10-01T12:00:00Z
2023-09-30,P00390,0,2023-10-31T12:00:00Z
2023-10-31,P00390,0,2023-12-01T12:00:00Z
2023-11-30,P00390,0,2023-12-31T12:00:00Z
2023-12-31,P00390,0,2024-01-31T12:00:00Z
2024-01-31,P00390,0,2024-03-02T12:00:00Z
2024-02-29,P00390,0,2024-03-31T12:00:00Z
2024-03-31,P00390,0,2024-05-01T12:00:00Z
2024-04-30,P00390,0,2024-05-31T12:00:00Z
2024-05-31,P00390,0,2024-07-01T12:00:00Z
2024-06-30,P00390,0,2024-07-31T12:00:00Z
2024-07-31,P00390,0,2024-08-31T12:00:00Z
2024-08-31,P00390,0,2024-10-01T12:00:00Z
2024-09-30,P00390,0,2024-10-31T12:00:00Z
2024-10-31,P00390,0,2024-12-01T12:00:00Z
2024-11-30,P00390,0,2024-12-31T12:00:00Z
2024-12-31,P00390,0,2025-01-31T12:00:00Z
2025-01-31,P00390,0,2025-03-03T12:00:00Z
2025-02-28,P00390,0,2025-03-31T12:00:00Z
2025-03-31,P00390,0,2025-05-01T12:00:00Z
2025-04-30,P00390,0,2025-05-31T12:00:00Z
2025-05-31,P00390,0,2025-07-01T12:00:00Z
2025-06-30,P00390,0,2025-07-31T12:00:00Z
2025-07-31,P00390,0,2025-08-31T12:00:00Z
2025-08-31,P00390,0,2025-10-01T12:00:00Z
2025-09-30,P00390,0,2025-10-31T12:00:00Z
2025-10-31,P00390,0,2025-12-01T12:00:00Z
2025-11-30,P00390,0,2025-12-31T12:00:00Z
2025-12-31,P00390,0,2026-01-31T12:00:00Z
2023-07-31,P00391,0,2023-08-31T12:00:00Z
2023-08-31,P00391,0,2023-10-01T12:00:00Z
2023-09-30,P00391,0,2023-10-31T12:00:00Z
2023-10-31,P00391,0,2023-12-01T12:00:00Z
2023-11-30,P00391,0,2023-12-31T12:00:00Z
2023-12-31,P00391,0,2024-01-31T12:00:00Z
2024-01-31,P00391,0,2024-03-02T12:00:00Z
2024-02-29,P00391,0,2024-03-31T12:00:00Z
2024-03-31,P00391,0,2024-05-01T12:00:00Z
2024-04-30,P00391,0,2024-05-31T12:00:00Z
2024-05-31,P00391,0,2024-07-01T12:00:00Z
2024-06-30,P00391,0,2024-07-31T12:00:00Z
2024-07-31,P00391,0,2024-08-31T12:00:00Z
2024-08-31,P00391,0,2024-10-01T12:00:00Z
2024-09-30,P00391,0,2024-10-31T12:00:00Z
2024-10-31,P00391,0,2024-12-01T12:00:00Z
2024-11-30,P00391,0,2024-12-31T12:00:00Z
2024-12-31,P00391,0,2025-01-31T12:00:00Z
2025-01-31,P00391,0,2025-03-03T12:00:00Z
2025-02-28,P00391,0,2025-03-31T12:00:00Z
2025-03-31,P00391,0,2025-05-01T12:00:00Z
2025-04-30,P00391,0,2025-05-31T12:00:00Z
2025-05-31,P00391,0,2025-07-01T12:00:00Z
2025-06-30,P00391,0,2025-07-31T12:00:00Z
2025-07-31,P00391,0,2025-08-31T12:00:00Z
2025-08-31,P00391,0,2025-10-01T12:00:00Z
2025-09-30,P00391,0,2025-10-31T12:00:00Z
2025-10-31,P00391,0,2025-12-01T12:00:00Z
2025-11-30,P00391,0,2025-12-31T12:00:00Z
2025-12-31,P00391,0,2026-01-31T12:00:00Z
2023-07-31,P00392,0,2023-08-31T12:00:00Z
2023-08-31,P00392,0,2023-10-01T12:00:00Z
2023-09-30,P00392,0,2023-10-31T12:00:00Z
2023-10-31,P00392,0,2023-12-01T12:00:00Z
2023-11-30,P00392,0,2023-12-31T12:00:00Z
2023-12-31,P00392,0,2024-01-31T12:00:00Z
2024-01-31,P00392,0,2024-03-02T12:00:00Z
2024-02-29,P00392,0,2024-03-31T12:00:00Z
2024-03-31,P00392,0,2024-05-01T12:00:00Z
2024-04-30,P00392,0,2024-05-31T12:00:00Z
2024-05-31,P00392,0,2024-07-01T12:00:00Z
2024-06-30,P00392,0,2024-07-31T12:00:00Z
2024-07-31,P00392,0,2024-08-31T12:00:00Z
2024-08-31,P00392,0,2024-10-01T12:00:00Z
2024-09-30,P00392,1,2024-10-31T12:00:00Z
2023-07-31,P00393,0,2023-08-31T12:00:00Z
2023-08-31,P00393,0,2023-10-01T12:00:00Z
2023-09-30,P00393,0,2023-10-31T12:00:00Z
2023-10-31,P00393,0,2023-12-01T12:00:00Z
2023-11-30,P00393,0,2023-12-31T12:00:00Z
2023-12-31,P00393,0,2024-01-31T12:00:00Z
2024-01-31,P00393,0,2024-03-02T12:00:00Z
2024-02-29,P00393,0,2024-03-31T12:00:00Z
2024-03-31,P00393,0,2024-05-01T12:00:00Z
2024-04-30,P00393,0,2024-05-31T12:00:00Z
2024-05-31,P00393,0,2024-07-01T12:00:00Z
2024-06-30,P00393,0,2024-07-31T12:00:00Z
2024-07-31,P00393,0,2024-08-31T12:00:00Z
2024-08-31,P00393,0,2024-10-01T12:00:00Z
2024-09-30,P00393,0,2024-10-31T12:00:00Z
2024-10-31,P00393,0,2024-12-01T12:00:00Z
2024-11-30,P00393,0,2024-12-31T12:00:00Z
2024-12-31,P00393,0,2025-01-31T12:00:00Z
2025-01-31,P00393,0,2025-03-03T12:00:00Z
2025-02-28,P00393,0,2025-03-31T12:00:00Z
2025-03-31,P00393,0,2025-05-01T12:00:00Z
2025-04-30,P00393,0,2025-05-31T12:00:00Z
2025-05-31,P00393,0,2025-07-01T12:00:00Z
2025-06-30,P00393,0,2025-07-31T12:00:00Z
2025-07-31,P00393,0,2025-08-31T12:00:00Z
2025-08-31,P00393,0,2025-10-01T12:00:00Z
2025-09-30,P00393,0,2025-10-31T12:00:00Z
2025-10-31,P00393,0,2025-12-01T12:00:00Z
2025-11-30,P00393,0,2025-12-31T12:00:00Z
2025-12-31,P00393,0,2026-01-31T12:00:00Z
2023-07-31,P00394,0,2023-08-31T12:00:00Z
2023-08-31,P00394,0,2023-10-01T12:00:00Z
2023-09-30,P00394,0,2023-10-31T12:00:00Z
2023-10-31,P00394,0,2023-12-01T12:00:00Z
2023-11-30,P00394,0,2023-12-31T12:00:00Z
2023-12-31,P00394,0,2024-01-31T12:00:00Z
2024-01-31,P00394,0,2024-03-02T12:00:00Z
2024-02-29,P00394,0,2024-03-31T12:00:00Z
2024-03-31,P00394,0,2024-05-01T12:00:00Z
2024-04-30,P00394,0,2024-05-31T12:00:00Z
2024-05-31,P00394,0,2024-07-01T12:00:00Z
2024-06-30,P00394,0,2024-07-31T12:00:00Z
2024-07-31,P00394,1,2024-08-31T12:00:00Z
2023-07-31,P00395,0,2023-08-31T12:00:00Z
2023-08-31,P00395,0,2023-10-01T12:00:00Z
2023-09-30,P00395,0,2023-10-31T12:00:00Z
2023-10-31,P00395,0,2023-12-01T12:00:00Z
2023-11-30,P00395,0,2023-12-31T12:00:00Z
2023-12-31,P00395,0,2024-01-31T12:00:00Z
2024-01-31,P00395,1,2024-03-02T12:00:00Z
2023-07-31,P00396,0,2023-08-31T12:00:00Z
2023-08-31,P00396,0,2023-10-01T12:00:00Z
2023-09-30,P00396,0,2023-10-31T12:00:00Z
2023-10-31,P00396,0,2023-12-01T12:00:00Z
2023-11-30,P00396,0,2023-12-31T12:00:00Z
2023-12-31,P00396,0,2024-01-31T12:00:00Z
2024-01-31,P00396,0,2024-03-02T12:00:00Z
2024-02-29,P00396,0,2024-03-31T12:00:00Z
2024-03-31,P00396,0,2024-05-01T12:00:00Z
2024-04-30,P00396,0,2024-05-31T12:00:00Z
2024-05-31,P00396,0,2024-07-01T12:00:00Z
2024-06-30,P00396,0,2024-07-31T12:00:00Z
2024-07-31,P00396,0,2024-08-31T12:00:00Z
2024-08-31,P00396,0,2024-10-01T12:00:00Z
2024-09-30,P00396,0,2024-10-31T12:00:00Z
2024-10-31,P00396,0,2024-12-01T12:00:00Z
2024-11-30,P00396,0,2024-12-31T12:00:00Z
2024-12-31,P00396,0,2025-01-31T12:00:00Z
2025-01-31,P00396,0,2025-03-03T12:00:00Z
2025-02-28,P00396,0,2025-03-31T12:00:00Z
2025-03-31,P00396,0,2025-05-01T12:00:00Z
2025-04-30,P00396,0,2025-05-31T12:00:00Z
2025-05-31,P00396,0,2025-07-01T12:00:00Z
2025-06-30,P00396,0,2025-07-31T12:00:00Z
2025-07-31,P00396,0,2025-08-31T12:00:00Z
2025-08-31,P00396,0,2025-10-01T12:00:00Z
2025-09-30,P00396,0,2025-10-31T12:00:00Z
2025-10-31,P00396,0,2025-12-01T12:00:00Z
2025-11-30,P00396,0,2025-12-31T12:00:00Z
2025-12-31,P00396,0,2026-01-31T12:00:00Z
2023-07-31,P00397,0,2023-08-31T12:00:00Z
2023-08-31,P00397,0,2023-10-01T12:00:00Z
2023-09-30,P00397,0,2023-10-31T12:00:00Z
2023-10-31,P00397,0,2023-12-01T12:00:00Z
2023-11-30,P00397,0,2023-12-31T12:00:00Z
2023-12-31,P00397,0,2024-01-31T12:00:00Z
2024-01-31,P00397,0,2024-03-02T12:00:00Z
2024-02-29,P00397,0,2024-03-31T12:00:00Z
2024-03-31,P00397,0,2024-05-01T12:00:00Z
2024-04-30,P00397,0,2024-05-31T12:00:00Z
2024-05-31,P00397,0,2024-07-01T12:00:00Z
2024-06-30,P00397,0,2024-07-31T12:00:00Z
2024-07-31,P00397,0,2024-08-31T12:00:00Z
2024-08-31,P00397,0,2024-10-01T12:00:00Z
2024-09-30,P00397,0,2024-10-31T12:00:00Z
2024-10-31,P00397,0,2024-12-01T12:00:00Z
2024-11-30,P00397,0,2024-12-31T12:00:00Z
2024-12-31,P00397,0,2025-01-31T12:00:00Z
2025-01-31,P00397,0,2025-03-03T12:00:00Z
2025-02-28,P00397,0,2025-03-31T12:00:00Z
2025-03-31,P00397,0,2025-05-01T12:00:00Z
2025-04-30,P00397,0,2025-05-31T12:00:00Z
2025-05-31,P00397,0,2025-07-01T12:00:00Z
2025-06-30,P00397,0,2025-07-31T12:00:00Z
2025-07-31,P00397,0,2025-08-31T12:00:00Z
2025-08-31,P00397,0,2025-10-01T12:00:00Z
2025-09-30,P00397,0,2025-10-31T12:00:00Z
2025-10-31,P00397,0,2025-12-01T12:00:00Z
2025-11-30,P00397,0,2025-12-31T12:00:00Z
2025-12-31,P00397,0,2026-01-31T12:00:00Z
2023-07-31,P00398,0,2023-08-31T12:00:00Z
2023-08-31,P00398,0,2023-10-01T12:00:00Z
2023-09-30,P00398,0,2023-10-31T12:00:00Z
2023-10-31,P00398,0,2023-12-01T12:00:00Z
2023-11-30,P00398,0,2023-12-31T12:00:00Z
2023-12-31,P00398,0,2024-01-31T12:00:00Z
2024-01-31,P00398,0,2024-03-02T12:00:00Z
2024-02-29,P00398,0,2024-03-31T12:00:00Z
2024-03-31,P00398,0,2024-05-01T12:00:00Z
2024-04-30,P00398,0,2024-05-31T12:00:00Z
2024-05-31,P00398,0,2024-07-01T12:00:00Z
2024-06-30,P00398,0,2024-07-31T12:00:00Z
2024-07-31,P00398,0,2024-08-31T12:00:00Z
2024-08-31,P00398,0,2024-10-01T12:00:00Z
2024-09-30,P00398,0,2024-10-31T12:00:00Z
2024-10-31,P00398,0,2024-12-01T12:00:00Z
2024-11-30,P00398,0,2024-12-31T12:00:00Z
2024-12-31,P00398,0,2025-01-31T12:00:00Z
2025-01-31,P00398,0,2025-03-03T12:00:00Z
2025-02-28,P00398,0,2025-03-31T12:00:00Z
2025-03-31,P00398,0,2025-05-01T12:00:00Z
2025-04-30,P00398,0,2025-05-31T12:00:00Z
2025-05-31,P00398,0,2025-07-01T12:00:00Z
2025-06-30,P00398,0,2025-07-31T12:00:00Z
2025-07-31,P00398,0,2025-08-31T12:00:00Z
2025-08-31,P00398,0,2025-10-01T12:00:00Z
2025-09-30,P00398,0,2025-10-31T12:00:00Z
2025-10-31,P00398,0,2025-12-01T12:00:00Z
2025-11-30,P00398,0,2025-12-31T12:00:00Z
2025-12-31,P00398,0,2026-01-31T12:00:00Z
2023-07-31,P00399,0,2023-08-31T12:00:00Z
2023-08-31,P00399,0,2023-10-01T12:00:00Z
2023-09-30,P00399,0,2023-10-31T12:00:00Z
2023-10-31,P00399,0,2023-12-01T12:00:00Z
2023-11-30,P00399,0,2023-12-31T12:00:00Z
2023-12-31,P00399,0,2024-01-31T12:00:00Z
2024-01-31,P00399,0,2024-03-02T12:00:00Z
2024-02-29,P00399,0,2024-03-31T12:00:00Z
2024-03-31,P00399,0,2024-05-01T12:00:00Z
2024-04-30,P00399,0,2024-05-31T12:00:00Z
2024-05-31,P00399,0,2024-07-01T12:00:00Z
2024-06-30,P00399,0,2024-07-31T12:00:00Z
2024-07-31,P00399,0,2024-08-31T12:00:00Z
2024-08-31,P00399,0,2024-10-01T12:00:00Z
2024-09-30,P00399,0,2024-10-31T12:00:00Z
2024-10-31,P00399,0,2024-12-01T12:00:00Z
2024-11-30,P00399,0,2024-12-31T12:00:00Z
2024-12-31,P00399,0,2025-01-31T12:00:00Z
2025-01-31,P00399,0,2025-03-03T12:00:00Z
2025-02-28,P00399,0,2025-03-31T12:00:00Z
2025-03-31,P00399,0,2025-05-01T12:00:00Z
2025-04-30,P00399,0,2025-05-31T12:00:00Z
2025-05-31,P00399,0,2025-07-01T12:00:00Z
2025-06-30,P00399,0,2025-07-31T12:00:00Z
2025-07-31,P00399,0,2025-08-31T12:00:00Z
2025-08-31,P00399,0,2025-10-01T12:00:00Z
2025-09-30,P00399,0,2025-10-31T12:00:00Z
2025-10-31,P00399,0,2025-12-01T12:00:00Z
2025-11-30,P00399,0,2025-12-31T12:00:00Z
2025-12-31,P00399,0,2026-01-31T12:00:00Z
2023-07-31,P00400,0,2023-08-31T12:00:00Z
2023-08-31,P00400,0,2023-10-01T12:00:00Z
2023-09-30,P00400,0,2023-10-31T12:00:00Z
2023-10-31,P00400,0,2023-12-01T12:00:00Z
2023-11-30,P00400,0,2023-12-31T12:00:00Z
2023-12-31,P00400,0,2024-01-31T12:00:00Z
2024-01-31,P00400,0,2024-03-02T12:00:00Z
2024-02-29,P00400,0,2024-03-31T12:00:00Z
2024-03-31,P00400,0,2024-05-01T12:00:00Z
2024-04-30,P00400,0,2024-05-31T12:00:00Z
2024-05-31,P00400,0,2024-07-01T12:00:00Z
2024-06-30,P00400,0,2024-07-31T12:00:00Z
2024-07-31,P00400,0,2024-08-31T12:00:00Z
2024-08-31,P00400,0,2024-10-01T12:00:00Z
2024-09-30,P00400,0,2024-10-31T12:00:00Z
2024-10-31,P00400,0,2024-12-01T12:00:00Z
2024-11-30,P00400,0,2024-12-31T12:00:00Z
2024-12-31,P00400,0,2025-01-31T12:00:00Z
2025-01-31,P00400,0,2025-03-03T12:00:00Z
2025-02-28,P00400,0,2025-03-31T12:00:00Z
2025-03-31,P00400,0,2025-05-01T12:00:00Z
2025-04-30,P00400,0,2025-05-31T12:00:00Z
2025-05-31,P00400,0,2025-07-01T12:00:00Z
2025-06-30,P00400,0,2025-07-31T12:00:00Z
2025-07-31,P00400,0,2025-08-31T12:00:00Z
2025-08-31,P00400,0,2025-10-01T12:00:00Z
2025-09-30,P00400,0,2025-10-31T12:00:00Z
2025-10-31,P00400,0,2025-12-01T12:00:00Z
2025-11-30,P00400,0,2025-12-31T12:00:00Z
2025-12-31,P00400,0,2026-01-31T12:00:00Z
2023-07-31,P00401,0,2023-08-31T12:00:00Z
2023-08-31,P00401,0,2023-10-01T12:00:00Z
2023-09-30,P00401,0,2023-10-31T12:00:00Z
2023-10-31,P00401,0,2023-12-01T12:00:00Z
2023-11-30,P00401,0,2023-12-31T12:00:00Z
2023-12-31,P00401,0,2024-01-31T12:00:00Z
2024-01-31,P00401,0,2024-03-02T12:00:00Z
2024-02-29,P00401,0,2024-03-31T12:00:00Z
2024-03-31,P00401,0,2024-05-01T12:00:00Z
2024-04-30,P00401,0,2024-05-31T12:00:00Z
2024-05-31,P00401,0,2024-07-01T12:00:00Z
2024-06-30,P00401,0,2024-07-31T12:00:00Z
2024-07-31,P00401,0,2024-08-31T12:00:00Z
2024-08-31,P00401,0,2024-10-01T12:00:00Z
2024-09-30,P00401,0,2024-10-31T12:00:00Z
2024-10-31,P00401,0,2024-12-01T12:00:00Z
2024-11-30,P00401,0,2024-12-31T12:00:00Z
2024-12-31,P00401,0,2025-01-31T12:00:00Z
2025-01-31,P00401,0,2025-03-03T12:00:00Z
2025-02-28,P00401,0,2025-03-31T12:00:00Z
2025-03-31,P00401,1,2025-05-01T12:00:00Z
2023-07-31,P00402,0,2023-08-31T12:00:00Z
2023-08-31,P00402,0,2023-10-01T12:00:00Z
2023-09-30,P00402,0,2023-10-31T12:00:00Z
2023-10-31,P00402,0,2023-12-01T12:00:00Z
2023-11-30,P00402,0,2023-12-31T12:00:00Z
2023-12-31,P00402,0,2024-01-31T12:00:00Z
2024-01-31,P00402,0,2024-03-02T12:00:00Z
2024-02-29,P00402,0,2024-03-31T12:00:00Z
2024-03-31,P00402,0,2024-05-01T12:00:00Z
2024-04-30,P00402,0,2024-05-31T12:00:00Z
2024-05-31,P00402,0,2024-07-01T12:00:00Z
2024-06-30,P00402,0,2024-07-31T12:00:00Z
2024-07-31,P00402,0,2024-08-31T12:00:00Z
2024-08-31,P00402,0,2024-10-01T12:00:00Z
2024-09-30,P00402,0,2024-10-31T12:00:00Z
2024-10-31,P00402,0,2024-12-01T12:00:00Z
2024-11-30,P00402,0,2024-12-31T12:00:00Z
2024-12-31,P00402,0,2025-01-31T12:00:00Z
2025-01-31,P00402,0,2025-03-03T12:00:00Z
2025-02-28,P00402,0,2025-03-31T12:00:00Z
2025-03-31,P00402,0,2025-05-01T12:00:00Z
2025-04-30,P00402,0,2025-05-31T12:00:00Z
2025-05-31,P00402,0,2025-07-01T12:00:00Z
2025-06-30,P00402,0,2025-07-31T12:00:00Z
2025-07-31,P00402,0,2025-08-31T12:00:00Z
2025-08-31,P00402,0,2025-10-01T12:00:00Z
2025-09-30,P00402,0,2025-10-31T12:00:00Z
2025-10-31,P00402,0,2025-12-01T12:00:00Z
2025-11-30,P00402,0,2025-12-31T12:00:00Z
2025-12-31,P00402,0,2026-01-31T12:00:00Z
2023-07-31,P00403,0,2023-08-31T12:00:00Z
2023-08-31,P00403,0,2023-10-01T12:00:00Z
2023-09-30,P00403,0,2023-10-31T12:00:00Z
2023-10-31,P00403,0,2023-12-01T12:00:00Z
2023-11-30,P00403,0,2023-12-31T12:00:00Z
2023-12-31,P00403,0,2024-01-31T12:00:00Z
2024-01-31,P00403,0,2024-03-02T12:00:00Z
2024-02-29,P00403,0,2024-03-31T12:00:00Z
2024-03-31,P00403,0,2024-05-01T12:00:00Z
2024-04-30,P00403,0,2024-05-31T12:00:00Z
2024-05-31,P00403,0,2024-07-01T12:00:00Z
2024-06-30,P00403,0,2024-07-31T12:00:00Z
2024-07-31,P00403,0,2024-08-31T12:00:00Z
2024-08-31,P00403,0,2024-10-01T12:00:00Z
2024-09-30,P00403,0,2024-10-31T12:00:00Z
2024-10-31,P00403,0,2024-12-01T12:00:00Z
2024-11-30,P00403,0,2024-12-31T12:00:00Z
2024-12-31,P00403,0,2025-01-31T12:00:00Z
2025-01-31,P00403,0,2025-03-03T12:00:00Z
2025-02-28,P00403,0,2025-03-31T12:00:00Z
2025-03-31,P00403,0,2025-05-01T12:00:00Z
2025-04-30,P00403,0,2025-05-31T12:00:00Z
2025-05-31,P00403,0,2025-07-01T12:00:00Z
2025-06-30,P00403,0,2025-07-31T12:00:00Z
2025-07-31,P00403,0,2025-08-31T12:00:00Z
2025-08-31,P00403,0,2025-10-01T12:00:00Z
2025-09-30,P00403,0,2025-10-31T12:00:00Z
2025-10-31,P00403,0,2025-12-01T12:00:00Z
2025-11-30,P00403,0,2025-12-31T12:00:00Z
2025-12-31,P00403,0,2026-01-31T12:00:00Z
2023-07-31,P00404,0,2023-08-31T12:00:00Z
2023-08-31,P00404,0,2023-10-01T12:00:00Z
2023-09-30,P00404,0,2023-10-31T12:00:00Z
2023-10-31,P00404,0,2023-12-01T12:00:00Z
2023-11-30,P00404,0,2023-12-31T12:00:00Z
2023-12-31,P00404,0,2024-01-31T12:00:00Z
2024-01-31,P00404,0,2024-03-02T12:00:00Z
2024-02-29,P00404,0,2024-03-31T12:00:00Z
2024-03-31,P00404,0,2024-05-01T12:00:00Z
2024-04-30,P00404,0,2024-05-31T12:00:00Z
2024-05-31,P00404,0,2024-07-01T12:00:00Z
2024-06-30,P00404,0,2024-07-31T12:00:00Z
2024-07-31,P00404,0,2024-08-31T12:00:00Z
2024-08-31,P00404,0,2024-10-01T12:00:00Z
2024-09-30,P00404,0,2024-10-31T12:00:00Z
2024-10-31,P00404,0,2024-12-01T12:00:00Z
2024-11-30,P00404,0,2024-12-31T12:00:00Z
2024-12-31,P00404,0,2025-01-31T12:00:00Z
2025-01-31,P00404,0,2025-03-03T12:00:00Z
2025-02-28,P00404,0,2025-03-31T12:00:00Z
2025-03-31,P00404,0,2025-05-01T12:00:00Z
2025-04-30,P00404,1,2025-05-31T12:00:00Z
2023-07-31,P00405,0,2023-08-31T12:00:00Z
2023-08-31,P00405,0,2023-10-01T12:00:00Z
2023-09-30,P00405,0,2023-10-31T12:00:00Z
2023-10-31,P00405,0,2023-12-01T12:00:00Z
2023-11-30,P00405,0,2023-12-31T12:00:00Z
2023-12-31,P00405,0,2024-01-31T12:00:00Z
2024-01-31,P00405,0,2024-03-02T12:00:00Z
2024-02-29,P00405,0,2024-03-31T12:00:00Z
2024-03-31,P00405,0,2024-05-01T12:00:00Z
2024-04-30,P00405,0,2024-05-31T12:00:00Z
2024-05-31,P00405,0,2024-07-01T12:00:00Z
2024-06-30,P00405,0,2024-07-31T12:00:00Z
2024-07-31,P00405,0,2024-08-31T12:00:00Z
2024-08-31,P00405,1,2024-10-01T12:00:00Z
2023-07-31,P00406,0,2023-08-31T12:00:00Z
2023-08-31,P00406,0,2023-10-01T12:00:00Z
2023-09-30,P00406,0,2023-10-31T12:00:00Z
2023-10-31,P00406,0,2023-12-01T12:00:00Z
2023-11-30,P00406,0,2023-12-31T12:00:00Z
2023-12-31,P00406,0,2024-01-31T12:00:00Z
2024-01-31,P00406,0,2024-03-02T12:00:00Z
2024-02-29,P00406,0,2024-03-31T12:00:00Z
2024-03-31,P00406,0,2024-05-01T12:00:00Z
2024-04-30,P00406,0,2024-05-31T12:00:00Z
2024-05-31,P00406,0,2024-07-01T12:00:00Z
2024-06-30,P00406,0,2024-07-31T12:00:00Z
2024-07-31,P00406,0,2024-08-31T12:00:00Z
2024-08-31,P00406,0,2024-10-01T12:00:00Z
2024-09-30,P00406,1,2024-10-31T12:00:00Z
2023-07-31,P00407,0,2023-08-31T12:00:00Z
2023-08-31,P00407,0,2023-10-01T12:00:00Z
2023-09-30,P00407,0,2023-10-31T12:00:00Z
2023-10-31,P00407,0,2023-12-01T12:00:00Z
2023-11-30,P00407,0,2023-12-31T12:00:00Z
2023-12-31,P00407,0,2024-01-31T12:00:00Z
2024-01-31,P00407,0,2024-03-02T12:00:00Z
2024-02-29,P00407,0,2024-03-31T12:00:00Z
2024-03-31,P00407,0,2024-05-01T12:00:00Z
2024-04-30,P00407,0,2024-05-31T12:00:00Z
2024-05-31,P00407,0,2024-07-01T12:00:00Z
2024-06-30,P00407,0,2024-07-31T12:00:00Z
2024-07-31,P00407,0,2024-08-31T12:00:00Z
2024-08-31,P00407,0,2024-10-01T12:00:00Z
2024-09-30,P00407,0,2024-10-31T12:00:00Z
2024-10-31,P00407,0,2024-12-01T12:00:00Z
2024-11-30,P00407,0,2024-12-31T12:00:00Z
2024-12-31,P00407,0,2025-01-31T12:00:00Z
2025-01-31,P00407,0,2025-03-03T12:00:00Z
2025-02-28,P00407,0,2025-03-31T12:00:00Z
2025-03-31,P00407,1,2025-05-01T12:00:00Z
2023-07-31,P00408,0,2023-08-31T12:00:00Z
2023-08-31,P00408,0,2023-10-01T12:00:00Z
2023-09-30,P00408,0,2023-10-31T12:00:00Z
2023-10-31,P00408,0,2023-12-01T12:00:00Z
2023-11-30,P00408,0,2023-12-31T12:00:00Z
2023-12-31,P00408,0,2024-01-31T12:00:00Z
2024-01-31,P00408,0,2024-03-02T12:00:00Z
2024-02-29,P00408,0,2024-03-31T12:00:00Z
2024-03-31,P00408,0,2024-05-01T12:00:00Z
2024-04-30,P00408,0,2024-05-31T12:00:00Z
2024-05-31,P00408,0,2024-07-01T12:00:00Z
2024-06-30,P00408,0,2024-07-31T12:00:00Z
2024-07-31,P00408,0,2024-08-31T12:00:00Z
2024-08-31,P00408,0,2024-10-01T12:00:00Z
2024-09-30,P00408,0,2024-10-31T12:00:00Z
2024-10-31,P00408,0,2024-12-01T12:00:00Z
2024-11-30,P00408,0,2024-12-31T12:00:00Z
2024-12-31,P00408,1,2025-01-31T12:00:00Z
2023-07-31,P00409,0,2023-08-31T12:00:00Z
2023-08-31,P00409,0,2023-10-01T12:00:00Z
2023-09-30,P00409,0,2023-10-31T12:00:00Z
2023-10-31,P00409,0,2023-12-01T12:00:00Z
2023-11-30,P00409,0,2023-12-31T12:00:00Z
2023-12-31,P00409,0,2024-01-31T12:00:00Z
2024-01-31,P00409,0,2024-03-02T12:00:00Z
2024-02-29,P00409,1,2024-03-31T12:00:00Z
2023-07-31,P00410,0,2023-08-31T12:00:00Z
2023-08-31,P00410,0,2023-10-01T12:00:00Z
2023-09-30,P00410,0,2023-10-31T12:00:00Z
2023-10-31,P00410,0,2023-12-01T12:00:00Z
2023-11-30,P00410,0,2023-12-31T12:00:00Z
2023-12-31,P00410,0,2024-01-31T12:00:00Z
2024-01-31,P00410,0,2024-03-02T12:00:00Z
2024-02-29,P00410,0,2024-03-31T12:00:00Z
2024-03-31,P00410,0,2024-05-01T12:00:00Z
2024-04-30,P00410,0,2024-05-31T12:00:00Z
2024-05-31,P00410,0,2024-07-01T12:00:00Z
2024-06-30,P00410,0,2024-07-31T12:00:00Z
2024-07-31,P00410,0,2024-08-31T12:00:00Z
2024-08-31,P00410,0,2024-10-01T12:00:00Z
2024-09-30,P00410,0,2024-10-31T12:00:00Z
2024-10-31,P00410,0,2024-12-01T12:00:00Z
2024-11-30,P00410,0,2024-12-31T12:00:00Z
2024-12-31,P00410,0,2025-01-31T12:00:00Z
2025-01-31,P00410,0,2025-03-03T12:00:00Z
2025-02-28,P00410,0,2025-03-31T12:00:00Z
2025-03-31,P00410,0,2025-05-01T12:00:00Z
2025-04-30,P00410,0,2025-05-31T12:00:00Z
2025-05-31,P00410,0,2025-07-01T12:00:00Z
2025-06-30,P00410,0,2025-07-31T12:00:00Z
2025-07-31,P00410,0,2025-08-31T12:00:00Z
2025-08-31,P00410,0,2025-10-01T12:00:00Z
2025-09-30,P00410,0,2025-10-31T12:00:00Z
2025-10-31,P00410,0,2025-12-01T12:00:00Z
2025-11-30,P00410,0,2025-12-31T12:00:00Z
2025-12-31,P00410,0,2026-01-31T12:00:00Z
2023-07-31,P00411,0,2023-08-31T12:00:00Z
2023-08-31,P00411,0,2023-10-01T12:00:00Z
2023-09-30,P00411,0,2023-10-31T12:00:00Z
2023-10-31,P00411,0,2023-12-01T12:00:00Z
2023-11-30,P00411,0,2023-12-31T12:00:00Z
2023-12-31,P00411,0,2024-01-31T12:00:00Z
2024-01-31,P00411,0,2024-03-02T12:00:00Z
2024-02-29,P00411,0,2024-03-31T12:00:00Z
2024-03-31,P00411,0,2024-05-01T12:00:00Z
2024-04-30,P00411,0,2024-05-31T12:00:00Z
2024-05-31,P00411,0,2024-07-01T12:00:00Z
2024-06-30,P00411,0,2024-07-31T12:00:00Z
2024-07-31,P00411,0,2024-08-31T12:00:00Z
2024-08-31,P00411,0,2024-10-01T12:00:00Z
2024-09-30,P00411,0,2024-10-31T12:00:00Z
2024-10-31,P00411,0,2024-12-01T12:00:00Z
2024-11-30,P00411,0,2024-12-31T12:00:00Z
2024-12-31,P00411,0,2025-01-31T12:00:00Z
2025-01-31,P00411,0,2025-03-03T12:00:00Z
2025-02-28,P00411,0,2025-03-31T12:00:00Z
2025-03-31,P00411,0,2025-05-01T12:00:00Z
2025-04-30,P00411,0,2025-05-31T12:00:00Z
2025-05-31,P00411,0,2025-07-01T12:00:00Z
2025-06-30,P00411,0,2025-07-31T12:00:00Z
2025-07-31,P00411,0,2025-08-31T12:00:00Z
2025-08-31,P00411,0,2025-10-01T12:00:00Z
2025-09-30,P00411,0,2025-10-31T12:00:00Z
2025-10-31,P00411,0,2025-12-01T12:00:00Z
2025-11-30,P00411,0,2025-12-31T12:00:00Z
2025-12-31,P00411,0,2026-01-31T12:00:00Z
2023-07-31,P00412,0,2023-08-31T12:00:00Z
2023-08-31,P00412,0,2023-10-01T12:00:00Z
2023-09-30,P00412,0,2023-10-31T12:00:00Z
2023-10-31,P00412,0,2023-12-01T12:00:00Z
2023-11-30,P00412,0,2023-12-31T12:00:00Z
2023-12-31,P00412,0,2024-01-31T12:00:00Z
2024-01-31,P00412,0,2024-03-02T12:00:00Z
2024-02-29,P00412,0,2024-03-31T12:00:00Z
2024-03-31,P00412,0,2024-05-01T12:00:00Z
2024-04-30,P00412,0,2024-05-31T12:00:00Z
2024-05-31,P00412,0,2024-07-01T12:00:00Z
2024-06-30,P00412,0,2024-07-31T12:00:00Z
2024-07-31,P00412,0,2024-08-31T12:00:00Z
2024-08-31,P00412,0,2024-10-01T12:00:00Z
2024-09-30,P00412,0,2024-10-31T12:00:00Z
2024-10-31,P00412,0,2024-12-01T12:00:00Z
2024-11-30,P00412,0,2024-12-31T12:00:00Z
2024-12-31,P00412,0,2025-01-31T12:00:00Z
2025-01-31,P00412,1,2025-03-03T12:00:00Z
2023-07-31,P00413,0,2023-08-31T12:00:00Z
2023-08-31,P00413,0,2023-10-01T12:00:00Z
2023-09-30,P00413,0,2023-10-31T12:00:00Z
2023-10-31,P00413,0,2023-12-01T12:00:00Z
2023-11-30,P00413,0,2023-12-31T12:00:00Z
2023-12-31,P00413,0,2024-01-31T12:00:00Z
2024-01-31,P00413,0,2024-03-02T12:00:00Z
2024-02-29,P00413,0,2024-03-31T12:00:00Z
2024-03-31,P00413,0,2024-05-01T12:00:00Z
2024-04-30,P00413,0,2024-05-31T12:00:00Z
2024-05-31,P00413,0,2024-07-01T12:00:00Z
2024-06-30,P00413,0,2024-07-31T12:00:00Z
2024-07-31,P00413,1,2024-08-31T12:00:00Z
2023-07-31,P00414,0,2023-08-31T12:00:00Z
2023-08-31,P00414,0,2023-10-01T12:00:00Z
2023-09-30,P00414,0,2023-10-31T12:00:00Z
2023-10-31,P00414,0,2023-12-01T12:00:00Z
2023-11-30,P00414,0,2023-12-31T12:00:00Z
2023-12-31,P00414,0,2024-01-31T12:00:00Z
2024-01-31,P00414,0,2024-03-02T12:00:00Z
2024-02-29,P00414,0,2024-03-31T12:00:00Z
2024-03-31,P00414,0,2024-05-01T12:00:00Z
2024-04-30,P00414,0,2024-05-31T12:00:00Z
2024-05-31,P00414,0,2024-07-01T12:00:00Z
2024-06-30,P00414,0,2024-07-31T12:00:00Z
2024-07-31,P00414,0,2024-08-31T12:00:00Z
2024-08-31,P00414,0,2024-10-01T12:00:00Z
2024-09-30,P00414,0,2024-10-31T12:00:00Z
2024-10-31,P00414,1,2024-12-01T12:00:00Z
2023-07-31,P00415,0,2023-08-31T12:00:00Z
2023-08-31,P00415,0,2023-10-01T12:00:00Z
2023-09-30,P00415,0,2023-10-31T12:00:00Z
2023-10-31,P00415,0,2023-12-01T12:00:00Z
2023-11-30,P00415,0,2023-12-31T12:00:00Z
2023-12-31,P00415,0,2024-01-31T12:00:00Z
2024-01-31,P00415,0,2024-03-02T12:00:00Z
2024-02-29,P00415,0,2024-03-31T12:00:00Z
2024-03-31,P00415,0,2024-05-01T12:00:00Z
2024-04-30,P00415,0,2024-05-31T12:00:00Z
2024-05-31,P00415,0,2024-07-01T12:00:00Z
2024-06-30,P00415,0,2024-07-31T12:00:00Z
2024-07-31,P00415,0,2024-08-31T12:00:00Z
2024-08-31,P00415,0,2024-10-01T12:00:00Z
2024-09-30,P00415,0,2024-10-31T12:00:00Z
2024-10-31,P00415,0,2024-12-01T12:00:00Z
2024-11-30,P00415,0,2024-12-31T12:00:00Z
2024-12-31,P00415,0,2025-01-31T12:00:00Z
2025-01-31,P00415,0,2025-03-03T12:00:00Z
2025-02-28,P00415,0,2025-03-31T12:00:00Z
2025-03-31,P00415,0,2025-05-01T12:00:00Z
2025-04-30,P00415,0,2025-05-31T12:00:00Z
2025-05-31,P00415,0,2025-07-01T12:00:00Z
2025-06-30,P00415,0,2025-07-31T12:00:00Z
2025-07-31,P00415,0,2025-08-31T12:00:00Z
2025-08-31,P00415,0,2025-10-01T12:00:00Z
2025-09-30,P00415,0,2025-10-31T12:00:00Z
2025-10-31,P00415,0,2025-12-01T12:00:00Z
2025-11-30,P00415,0,2025-12-31T12:00:00Z
2025-12-31,P00415,0,2026-01-31T12:00:00Z
2023-07-31,P00416,0,2023-08-31T12:00:00Z
2023-08-31,P00416,0,2023-10-01T12:00:00Z
2023-09-30,P00416,0,2023-10-31T12:00:00Z
2023-10-31,P00416,0,2023-12-01T12:00:00Z
2023-11-30,P00416,0,2023-12-31T12:00:00Z
2023-12-31,P00416,0,2024-01-31T12:00:00Z
2024-01-31,P00416,0,2024-03-02T12:00:00Z
2024-02-29,P00416,0,2024-03-31T12:00:00Z
2024-03-31,P00416,0,2024-05-01T12:00:00Z
2024-04-30,P00416,0,2024-05-31T12:00:00Z
2024-05-31,P00416,0,2024-07-01T12:00:00Z
2024-06-30,P00416,0,2024-07-31T12:00:00Z
2024-07-31,P00416,0,2024-08-31T12:00:00Z
2024-08-31,P00416,0,2024-10-01T12:00:00Z
2024-09-30,P00416,0,2024-10-31T12:00:00Z
2024-10-31,P00416,0,2024-12-01T12:00:00Z
2024-11-30,P00416,0,2024-12-31T12:00:00Z
2024-12-31,P00416,0,2025-01-31T12:00:00Z
2025-01-31,P00416,0,2025-03-03T12:00:00Z
2025-02-28,P00416,0,2025-03-31T12:00:00Z
2025-03-31,P00416,0,2025-05-01T12:00:00Z
2025-04-30,P00416,0,2025-05-31T12:00:00Z
2025-05-31,P00416,0,2025-07-01T12:00:00Z
2025-06-30,P00416,0,2025-07-31T12:00:00Z
2025-07-31,P00416,0,2025-08-31T12:00:00Z
2025-08-31,P00416,0,2025-10-01T12:00:00Z
2025-09-30,P00416,0,2025-10-31T12:00:00Z
2025-10-31,P00416,0,2025-12-01T12:00:00Z
2025-11-30,P00416,0,2025-12-31T12:00:00Z
2025-12-31,P00416,0,2026-01-31T12:00:00Z
2023-07-31,P00417,0,2023-08-31T12:00:00Z
2023-08-31,P00417,0,2023-10-01T12:00:00Z
2023-09-30,P00417,0,2023-10-31T12:00:00Z
2023-10-31,P00417,0,2023-12-01T12:00:00Z
2023-11-30,P00417,0,2023-12-31T12:00:00Z
2023-12-31,P00417,0,2024-01-31T12:00:00Z
2024-01-31,P00417,0,2024-03-02T12:00:00Z
2024-02-29,P00417,0,2024-03-31T12:00:00Z
2024-03-31,P00417,0,2024-05-01T12:00:00Z
2024-04-30,P00417,0,2024-05-31T12:00:00Z
2024-05-31,P00417,0,2024-07-01T12:00:00Z
2024-06-30,P00417,0,2024-07-31T12:00:00Z
2024-07-31,P00417,0,2024-08-31T12:00:00Z
2024-08-31,P00417,0,2024-10-01T12:00:00Z
2024-09-30,P00417,0,2024-10-31T12:00:00Z
2024-10-31,P00417,0,2024-12-01T12:00:00Z
2024-11-30,P00417,0,2024-12-31T12:00:00Z
2024-12-31,P00417,0,2025-01-31T12:00:00Z
2025-01-31,P00417,0,2025-03-03T12:00:00Z
2025-02-28,P00417,0,2025-03-31T12:00:00Z
2025-03-31,P00417,0,2025-05-01T12:00:00Z
2025-04-30,P00417,0,2025-05-31T12:00:00Z
2025-05-31,P00417,0,2025-07-01T12:00:00Z
2025-06-30,P00417,0,2025-07-31T12:00:00Z
2025-07-31,P00417,0,2025-08-31T12:00:00Z
2025-08-31,P00417,0,2025-10-01T12:00:00Z
2025-09-30,P00417,0,2025-10-31T12:00:00Z
2025-10-31,P00417,0,2025-12-01T12:00:00Z
2025-11-30,P00417,0,2025-12-31T12:00:00Z
2025-12-31,P00417,0,2026-01-31T12:00:00Z
2023-07-31,P00418,0,2023-08-31T12:00:00Z
2023-08-31,P00418,0,2023-10-01T12:00:00Z
2023-09-30,P00418,0,2023-10-31T12:00:00Z
2023-10-31,P00418,0,2023-12-01T12:00:00Z
2023-11-30,P00418,0,2023-12-31T12:00:00Z
2023-12-31,P00418,0,2024-01-31T12:00:00Z
2024-01-31,P00418,0,2024-03-02T12:00:00Z
2024-02-29,P00418,0,2024-03-31T12:00:00Z
2024-03-31,P00418,0,2024-05-01T12:00:00Z
2024-04-30,P00418,0,2024-05-31T12:00:00Z
2024-05-31,P00418,0,2024-07-01T12:00:00Z
2024-06-30,P00418,0,2024-07-31T12:00:00Z
2024-07-31,P00418,0,2024-08-31T12:00:00Z
2024-08-31,P00418,0,2024-10-01T12:00:00Z
2024-09-30,P00418,0,2024-10-31T12:00:00Z
2024-10-31,P00418,0,2024-12-01T12:00:00Z
2024-11-30,P00418,0,2024-12-31T12:00:00Z
2024-12-31,P00418,0,2025-01-31T12:00:00Z
2025-01-31,P00418,0,2025-03-03T12:00:00Z
2025-02-28,P00418,0,2025-03-31T12:00:00Z
2025-03-31,P00418,0,2025-05-01T12:00:00Z
2025-04-30,P00418,0,2025-05-31T12:00:00Z
2025-05-31,P00418,0,2025-07-01T12:00:00Z
2025-06-30,P00418,0,2025-07-31T12:00:00Z
2025-07-31,P00418,0,2025-08-31T12:00:00Z
2025-08-31,P00418,0,2025-10-01T12:00:00Z
2025-09-30,P00418,0,2025-10-31T12:00:00Z
2025-10-31,P00418,0,2025-12-01T12:00:00Z
2025-11-30,P00418,0,2025-12-31T12:00:00Z
2025-12-31,P00418,0,2026-01-31T12:00:00Z
2023-07-31,P00419,0,2023-08-31T12:00:00Z
2023-08-31,P00419,0,2023-10-01T12:00:00Z
2023-09-30,P00419,0,2023-10-31T12:00:00Z
2023-10-31,P00419,0,2023-12-01T12:00:00Z
2023-11-30,P00419,0,2023-12-31T12:00:00Z
2023-12-31,P00419,0,2024-01-31T12:00:00Z
2024-01-31,P00419,0,2024-03-02T12:00:00Z
2024-02-29,P00419,0,2024-03-31T12:00:00Z
2024-03-31,P00419,0,2024-05-01T12:00:00Z
2024-04-30,P00419,0,2024-05-31T12:00:00Z
2024-05-31,P00419,0,2024-07-01T12:00:00Z
2024-06-30,P00419,0,2024-07-31T12:00:00Z
2024-07-31,P00419,0,2024-08-31T12:00:00Z
2024-08-31,P00419,0,2024-10-01T12:00:00Z
2024-09-30,P00419,0,2024-10-31T12:00:00Z
2024-10-31,P00419,1,2024-12-01T12:00:00Z
2023-07-31,P00420,0,2023-08-31T12:00:00Z
2023-08-31,P00420,0,2023-10-01T12:00:00Z
2023-09-30,P00420,0,2023-10-31T12:00:00Z
2023-10-31,P00420,0,2023-12-01T12:00:00Z
2023-11-30,P00420,0,2023-12-31T12:00:00Z
2023-12-31,P00420,0,2024-01-31T12:00:00Z
2024-01-31,P00420,0,2024-03-02T12:00:00Z
2024-02-29,P00420,0,2024-03-31T12:00:00Z
2024-03-31,P00420,0,2024-05-01T12:00:00Z
2024-04-30,P00420,0,2024-05-31T12:00:00Z
2024-05-31,P00420,0,2024-07-01T12:00:00Z
2024-06-30,P00420,0,2024-07-31T12:00:00Z
2024-07-31,P00420,0,2024-08-31T12:00:00Z
2024-08-31,P00420,0,2024-10-01T12:00:00Z
2024-09-30,P00420,0,2024-10-31T12:00:00Z
2024-10-31,P00420,0,2024-12-01T12:00:00Z
2024-11-30,P00420,0,2024-12-31T12:00:00Z
2024-12-31,P00420,0,2025-01-31T12:00:00Z
2025-01-31,P00420,1,2025-03-03T12:00:00Z
2023-07-31,P00421,0,2023-08-31T12:00:00Z
2023-08-31,P00421,0,2023-10-01T12:00:00Z
2023-09-30,P00421,0,2023-10-31T12:00:00Z
2023-10-31,P00421,0,2023-12-01T12:00:00Z
2023-11-30,P00421,0,2023-12-31T12:00:00Z
2023-12-31,P00421,0,2024-01-31T12:00:00Z
2024-01-31,P00421,0,2024-03-02T12:00:00Z
2024-02-29,P00421,0,2024-03-31T12:00:00Z
2024-03-31,P00421,0,2024-05-01T12:00:00Z
2024-04-30,P00421,0,2024-05-31T12:00:00Z
2024-05-31,P00421,0,2024-07-01T12:00:00Z
2024-06-30,P00421,0,2024-07-31T12:00:00Z
2024-07-31,P00421,0,2024-08-31T12:00:00Z
2024-08-31,P00421,0,2024-10-01T12:00:00Z
2024-09-30,P00421,0,2024-10-31T12:00:00Z
2024-10-31,P00421,0,2024-12-01T12:00:00Z
2024-11-30,P00421,0,2024-12-31T12:00:00Z
2024-12-31,P00421,0,2025-01-31T12:00:00Z
2025-01-31,P00421,0,2025-03-03T12:00:00Z
2025-02-28,P00421,0,2025-03-31T12:00:00Z
2025-03-31,P00421,0,2025-05-01T12:00:00Z
2025-04-30,P00421,0,2025-05-31T12:00:00Z
2025-05-31,P00421,0,2025-07-01T12:00:00Z
2025-06-30,P00421,0,2025-07-31T12:00:00Z
2025-07-31,P00421,0,2025-08-31T12:00:00Z
2025-08-31,P00421,0,2025-10-01T12:00:00Z
2025-09-30,P00421,0,2025-10-31T12:00:00Z
2025-10-31,P00421,0,2025-12-01T12:00:00Z
2025-11-30,P00421,0,2025-12-31T12:00:00Z
2025-12-31,P00421,0,2026-01-31T12:00:00Z
2023-07-31,P00422,0,2023-08-31T12:00:00Z
2023-08-31,P00422,0,2023-10-01T12:00:00Z
2023-09-30,P00422,0,2023-10-31T12:00:00Z
2023-10-31,P00422,0,2023-12-01T12:00:00Z
2023-11-30,P00422,0,2023-12-31T12:00:00Z
2023-12-31,P00422,0,2024-01-31T12:00:00Z
2024-01-31,P00422,0,2024-03-02T12:00:00Z
2024-02-29,P00422,0,2024-03-31T12:00:00Z
2024-03-31,P00422,0,2024-05-01T12:00:00Z
2024-04-30,P00422,0,2024-05-31T12:00:00Z
2024-05-31,P00422,0,2024-07-01T12:00:00Z
2024-06-30,P00422,0,2024-07-31T12:00:00Z
2024-07-31,P00422,0,2024-08-31T12:00:00Z
2024-08-31,P00422,0,2024-10-01T12:00:00Z
2024-09-30,P00422,0,2024-10-31T12:00:00Z
2024-10-31,P00422,1,2024-12-01T12:00:00Z
2023-07-31,P00423,0,2023-08-31T12:00:00Z
2023-08-31,P00423,0,2023-10-01T12:00:00Z
2023-09-30,P00423,0,2023-10-31T12:00:00Z
2023-10-31,P00423,0,2023-12-01T12:00:00Z
2023-11-30,P00423,0,2023-12-31T12:00:00Z
2023-12-31,P00423,0,2024-01-31T12:00:00Z
2024-01-31,P00423,0,2024-03-02T12:00:00Z
2024-02-29,P00423,0,2024-03-31T12:00:00Z
2024-03-31,P00423,0,2024-05-01T12:00:00Z
2024-04-30,P00423,0,2024-05-31T12:00:00Z
2024-05-31,P00423,0,2024-07-01T12:00:00Z
2024-06-30,P00423,0,2024-07-31T12:00:00Z
2024-07-31,P00423,0,2024-08-31T12:00:00Z
2024-08-31,P00423,0,2024-10-01T12:00:00Z
2024-09-30,P00423,0,2024-10-31T12:00:00Z
2024-10-31,P00423,0,2024-12-01T12:00:00Z
2024-11-30,P00423,0,2024-12-31T12:00:00Z
2024-12-31,P00423,0,2025-01-31T12:00:00Z
2025-01-31,P00423,0,2025-03-03T12:00:00Z
2025-02-28,P00423,0,2025-03-31T12:00:00Z
2025-03-31,P00423,0,2025-05-01T12:00:00Z
2025-04-30,P00423,0,2025-05-31T12:00:00Z
2025-05-31,P00423,0,2025-07-01T12:00:00Z
2025-06-30,P00423,0,2025-07-31T12:00:00Z
2025-07-31,P00423,0,2025-08-31T12:00:00Z
2025-08-31,P00423,0,2025-10-01T12:00:00Z
2025-09-30,P00423,0,2025-10-31T12:00:00Z
2025-10-31,P00423,0,2025-12-01T12:00:00Z
2025-11-30,P00423,0,2025-12-31T12:00:00Z
2025-12-31,P00423,0,2026-01-31T12:00:00Z
2023-07-31,P00424,0,2023-08-31T12:00:00Z
2023-08-31,P00424,0,2023-10-01T12:00:00Z
2023-09-30,P00424,0,2023-10-31T12:00:00Z
2023-10-31,P00424,0,2023-12-01T12:00:00Z
2023-11-30,P00424,0,2023-12-31T12:00:00Z
2023-12-31,P00424,0,2024-01-31T12:00:00Z
2024-01-31,P00424,0,2024-03-02T12:00:00Z
2024-02-29,P00424,0,2024-03-31T12:00:00Z
2024-03-31,P00424,0,2024-05-01T12:00:00Z
2024-04-30,P00424,0,2024-05-31T12:00:00Z
2024-05-31,P00424,0,2024-07-01T12:00:00Z
2024-06-30,P00424,0,2024-07-31T12:00:00Z
2024-07-31,P00424,0,2024-08-31T12:00:00Z
2024-08-31,P00424,0,2024-10-01T12:00:00Z
2024-09-30,P00424,0,2024-10-31T12:00:00Z
2024-10-31,P00424,0,2024-12-01T12:00:00Z
2024-11-30,P00424,0,2024-12-31T12:00:00Z
2024-12-31,P00424,0,2025-01-31T12:00:00Z
2025-01-31,P00424,0,2025-03-03T12:00:00Z
2025-02-28,P00424,0,2025-03-31T12:00:00Z
2025-03-31,P00424,0,2025-05-01T12:00:00Z
2025-04-30,P00424,0,2025-05-31T12:00:00Z
2025-05-31,P00424,0,2025-07-01T12:00:00Z
2025-06-30,P00424,0,2025-07-31T12:00:00Z
2025-07-31,P00424,0,2025-08-31T12:00:00Z
2025-08-31,P00424,0,2025-10-01T12:00:00Z
2025-09-30,P00424,0,2025-10-31T12:00:00Z
2025-10-31,P00424,0,2025-12-01T12:00:00Z
2025-11-30,P00424,0,2025-12-31T12:00:00Z
2025-12-31,P00424,0,2026-01-31T12:00:00Z
2023-07-31,P00425,0,2023-08-31T12:00:00Z
2023-08-31,P00425,0,2023-10-01T12:00:00Z
2023-09-30,P00425,0,2023-10-31T12:00:00Z
2023-10-31,P00425,0,2023-12-01T12:00:00Z
2023-11-30,P00425,0,2023-12-31T12:00:00Z
2023-12-31,P00425,0,2024-01-31T12:00:00Z
2024-01-31,P00425,0,2024-03-02T12:00:00Z
2024-02-29,P00425,0,2024-03-31T12:00:00Z
2024-03-31,P00425,0,2024-05-01T12:00:00Z
2024-04-30,P00425,0,2024-05-31T12:00:00Z
2024-05-31,P00425,0,2024-07-01T12:00:00Z
2024-06-30,P00425,0,2024-07-31T12:00:00Z
2024-07-31,P00425,0,2024-08-31T12:00:00Z
2024-08-31,P00425,0,2024-10-01T12:00:00Z
2024-09-30,P00425,0,2024-10-31T12:00:00Z
2024-10-31,P00425,0,2024-12-01T12:00:00Z
2024-11-30,P00425,0,2024-12-31T12:00:00Z
2024-12-31,P00425,0,2025-01-31T12:00:00Z
2025-01-31,P00425,0,2025-03-03T12:00:00Z
2025-02-28,P00425,0,2025-03-31T12:00:00Z
2025-03-31,P00425,0,2025-05-01T12:00:00Z
2025-04-30,P00425,0,2025-05-31T12:00:00Z
2025-05-31,P00425,0,2025-07-01T12:00:00Z
2025-06-30,P00425,0,2025-07-31T12:00:00Z
2025-07-31,P00425,0,2025-08-31T12:00:00Z
2025-08-31,P00425,0,2025-10-01T12:00:00Z
2025-09-30,P00425,0,2025-10-31T12:00:00Z
2025-10-31,P00425,0,2025-12-01T12:00:00Z
2025-11-30,P00425,0,2025-12-31T12:00:00Z
2025-12-31,P00425,0,2026-01-31T12:00:00Z
2023-07-31,P00426,0,2023-08-31T12:00:00Z
2023-08-31,P00426,0,2023-10-01T12:00:00Z
2023-09-30,P00426,0,2023-10-31T12:00:00Z
2023-10-31,P00426,0,2023-12-01T12:00:00Z
2023-11-30,P00426,0,2023-12-31T12:00:00Z
2023-12-31,P00426,0,2024-01-31T12:00:00Z
2024-01-31,P00426,0,2024-03-02T12:00:00Z
2024-02-29,P00426,0,2024-03-31T12:00:00Z
2024-03-31,P00426,0,2024-05-01T12:00:00Z
2024-04-30,P00426,0,2024-05-31T12:00:00Z
2024-05-31,P00426,0,2024-07-01T12:00:00Z
2024-06-30,P00426,0,2024-07-31T12:00:00Z
2024-07-31,P00426,0,2024-08-31T12:00:00Z
2024-08-31,P00426,0,2024-10-01T12:00:00Z
2024-09-30,P00426,0,2024-10-31T12:00:00Z
2024-10-31,P00426,0,2024-12-01T12:00:00Z
2024-11-30,P00426,0,2024-12-31T12:00:00Z
2024-12-31,P00426,0,2025-01-31T12:00:00Z
2025-01-31,P00426,0,2025-03-03T12:00:00Z
2025-02-28,P00426,0,2025-03-31T12:00:00Z
2025-03-31,P00426,0,2025-05-01T12:00:00Z
2025-04-30,P00426,0,2025-05-31T12:00:00Z
2025-05-31,P00426,0,2025-07-01T12:00:00Z
2025-06-30,P00426,0,2025-07-31T12:00:00Z
2025-07-31,P00426,0,2025-08-31T12:00:00Z
2025-08-31,P00426,0,2025-10-01T12:00:00Z
2025-09-30,P00426,0,2025-10-31T12:00:00Z
2025-10-31,P00426,0,2025-12-01T12:00:00Z
2025-11-30,P00426,0,2025-12-31T12:00:00Z
2025-12-31,P00426,0,2026-01-31T12:00:00Z
2023-07-31,P00427,0,2023-08-31T12:00:00Z
2023-08-31,P00427,0,2023-10-01T12:00:00Z
2023-09-30,P00427,0,2023-10-31T12:00:00Z
2023-10-31,P00427,0,2023-12-01T12:00:00Z
2023-11-30,P00427,0,2023-12-31T12:00:00Z
2023-12-31,P00427,0,2024-01-31T12:00:00Z
2024-01-31,P00427,0,2024-03-02T12:00:00Z
2024-02-29,P00427,0,2024-03-31T12:00:00Z
2024-03-31,P00427,0,2024-05-01T12:00:00Z
2024-04-30,P00427,0,2024-05-31T12:00:00Z
2024-05-31,P00427,0,2024-07-01T12:00:00Z
2024-06-30,P00427,0,2024-07-31T12:00:00Z
2024-07-31,P00427,0,2024-08-31T12:00:00Z
2024-08-31,P00427,0,2024-10-01T12:00:00Z
2024-09-30,P00427,0,2024-10-31T12:00:00Z
2024-10-31,P00427,1,2024-12-01T12:00:00Z
2023-07-31,P00428,0,2023-08-31T12:00:00Z
2023-08-31,P00428,0,2023-10-01T12:00:00Z
2023-09-30,P00428,0,2023-10-31T12:00:00Z
2023-10-31,P00428,0,2023-12-01T12:00:00Z
2023-11-30,P00428,0,2023-12-31T12:00:00Z
2023-12-31,P00428,0,2024-01-31T12:00:00Z
2024-01-31,P00428,0,2024-03-02T12:00:00Z
2024-02-29,P00428,0,2024-03-31T12:00:00Z
2024-03-31,P00428,0,2024-05-01T12:00:00Z
2024-04-30,P00428,0,2024-05-31T12:00:00Z
2024-05-31,P00428,0,2024-07-01T12:00:00Z
2024-06-30,P00428,0,2024-07-31T12:00:00Z
2024-07-31,P00428,0,2024-08-31T12:00:00Z
2024-08-31,P00428,0,2024-10-01T12:00:00Z
2024-09-30,P00428,0,2024-10-31T12:00:00Z
2024-10-31,P00428,0,2024-12-01T12:00:00Z
2024-11-30,P00428,0,2024-12-31T12:00:00Z
2024-12-31,P00428,0,2025-01-31T12:00:00Z
2025-01-31,P00428,1,2025-03-03T12:00:00Z
2023-07-31,P00429,0,2023-08-31T12:00:00Z
2023-08-31,P00429,0,2023-10-01T12:00:00Z
2023-09-30,P00429,0,2023-10-31T12:00:00Z
2023-10-31,P00429,0,2023-12-01T12:00:00Z
2023-11-30,P00429,0,2023-12-31T12:00:00Z
2023-12-31,P00429,0,2024-01-31T12:00:00Z
2024-01-31,P00429,0,2024-03-02T12:00:00Z
2024-02-29,P00429,0,2024-03-31T12:00:00Z
2024-03-31,P00429,0,2024-05-01T12:00:00Z
2024-04-30,P00429,0,2024-05-31T12:00:00Z
2024-05-31,P00429,0,2024-07-01T12:00:00Z
2024-06-30,P00429,0,2024-07-31T12:00:00Z
2024-07-31,P00429,0,2024-08-31T12:00:00Z
2024-08-31,P00429,0,2024-10-01T12:00:00Z
2024-09-30,P00429,0,2024-10-31T12:00:00Z
2024-10-31,P00429,0,2024-12-01T12:00:00Z
2024-11-30,P00429,0,2024-12-31T12:00:00Z
2024-12-31,P00429,0,2025-01-31T12:00:00Z
2025-01-31,P00429,0,2025-03-03T12:00:00Z
2025-02-28,P00429,0,2025-03-31T12:00:00Z
2025-03-31,P00429,0,2025-05-01T12:00:00Z
2025-04-30,P00429,0,2025-05-31T12:00:00Z
2025-05-31,P00429,0,2025-07-01T12:00:00Z
2025-06-30,P00429,0,2025-07-31T12:00:00Z
2025-07-31,P00429,0,2025-08-31T12:00:00Z
2025-08-31,P00429,0,2025-10-01T12:00:00Z
2025-09-30,P00429,0,2025-10-31T12:00:00Z
2025-10-31,P00429,0,2025-12-01T12:00:00Z
2025-11-30,P00429,0,2025-12-31T12:00:00Z
2025-12-31,P00429,0,2026-01-31T12:00:00Z
2023-07-31,P00430,0,2023-08-31T12:00:00Z
2023-08-31,P00430,0,2023-10-01T12:00:00Z
2023-09-30,P00430,0,2023-10-31T12:00:00Z
2023-10-31,P00430,0,2023-12-01T12:00:00Z
2023-11-30,P00430,0,2023-12-31T12:00:00Z
2023-12-31,P00430,0,2024-01-31T12:00:00Z
2024-01-31,P00430,0,2024-03-02T12:00:00Z
2024-02-29,P00430,0,2024-03-31T12:00:00Z
2024-03-31,P00430,0,2024-05-01T12:00:00Z
2024-04-30,P00430,0,2024-05-31T12:00:00Z
2024-05-31,P00430,0,2024-07-01T12:00:00Z
2024-06-30,P00430,0,2024-07-31T12:00:00Z
2024-07-31,P00430,0,2024-08-31T12:00:00Z
2024-08-31,P00430,0,2024-10-01T12:00:00Z
2024-09-30,P00430,0,2024-10-31T12:00:00Z
2024-10-31,P00430,0,2024-12-01T12:00:00Z
2024-11-30,P00430,0,2024-12-31T12:00:00Z
2024-12-31,P00430,0,2025-01-31T12:00:00Z
2025-01-31,P00430,0,2025-03-03T12:00:00Z
2025-02-28,P00430,0,2025-03-31T12:00:00Z
2025-03-31,P00430,0,2025-05-01T12:00:00Z
2025-04-30,P00430,0,2025-05-31T12:00:00Z
2025-05-31,P00430,0,2025-07-01T12:00:00Z
2025-06-30,P00430,0,2025-07-31T12:00:00Z
2025-07-31,P00430,0,2025-08-31T12:00:00Z
2025-08-31,P00430,0,2025-10-01T12:00:00Z
2025-09-30,P00430,0,2025-10-31T12:00:00Z
2025-10-31,P00430,0,2025-12-01T12:00:00Z
2025-11-30,P00430,0,2025-12-31T12:00:00Z
2025-12-31,P00430,0,2026-01-31T12:00:00Z
2023-07-31,P00431,0,2023-08-31T12:00:00Z
2023-08-31,P00431,0,2023-10-01T12:00:00Z
2023-09-30,P00431,0,2023-10-31T12:00:00Z
2023-10-31,P00431,0,2023-12-01T12:00:00Z
2023-11-30,P00431,0,2023-12-31T12:00:00Z
2023-12-31,P00431,0,2024-01-31T12:00:00Z
2024-01-31,P00431,0,2024-03-02T12:00:00Z
2024-02-29,P00431,0,2024-03-31T12:00:00Z
2024-03-31,P00431,0,2024-05-01T12:00:00Z
2024-04-30,P00431,0,2024-05-31T12:00:00Z
2024-05-31,P00431,0,2024-07-01T12:00:00Z
2024-06-30,P00431,0,2024-07-31T12:00:00Z
2024-07-31,P00431,0,2024-08-31T12:00:00Z
2024-08-31,P00431,1,2024-10-01T12:00:00Z
2023-07-31,P00432,0,2023-08-31T12:00:00Z
2023-08-31,P00432,0,2023-10-01T12:00:00Z
2023-09-30,P00432,0,2023-10-31T12:00:00Z
2023-10-31,P00432,0,2023-12-01T12:00:00Z
2023-11-30,P00432,0,2023-12-31T12:00:00Z
2023-12-31,P00432,0,2024-01-31T12:00:00Z
2024-01-31,P00432,0,2024-03-02T12:00:00Z
2024-02-29,P00432,0,2024-03-31T12:00:00Z
2024-03-31,P00432,0,2024-05-01T12:00:00Z
2024-04-30,P00432,0,2024-05-31T12:00:00Z
2024-05-31,P00432,0,2024-07-01T12:00:00Z
2024-06-30,P00432,0,2024-07-31T12:00:00Z
2024-07-31,P00432,0,2024-08-31T12:00:00Z
2024-08-31,P00432,0,2024-10-01T12:00:00Z
2024-09-30,P00432,0,2024-10-31T12:00:00Z
2024-10-31,P00432,0,2024-12-01T12:00:00Z
2024-11-30,P00432,0,2024-12-31T12:00:00Z
2024-12-31,P00432,0,2025-01-31T12:00:00Z
2025-01-31,P00432,0,2025-03-03T12:00:00Z
2025-02-28,P00432,0,2025-03-31T12:00:00Z
2025-03-31,P00432,0,2025-05-01T12:00:00Z
2025-04-30,P00432,0,2025-05-31T12:00:00Z
2025-05-31,P00432,1,2025-07-01T12:00:00Z
2023-07-31,P00433,0,2023-08-31T12:00:00Z
2023-08-31,P00433,0,2023-10-01T12:00:00Z
2023-09-30,P00433,0,2023-10-31T12:00:00Z
2023-10-31,P00433,0,2023-12-01T12:00:00Z
2023-11-30,P00433,0,2023-12-31T12:00:00Z
2023-12-31,P00433,0,2024-01-31T12:00:00Z
2024-01-31,P00433,0,2024-03-02T12:00:00Z
2024-02-29,P00433,0,2024-03-31T12:00:00Z
2024-03-31,P00433,0,2024-05-01T12:00:00Z
2024-04-30,P00433,0,2024-05-31T12:00:00Z
2024-05-31,P00433,0,2024-07-01T12:00:00Z
2024-06-30,P00433,0,2024-07-31T12:00:00Z
2024-07-31,P00433,0,2024-08-31T12:00:00Z
2024-08-31,P00433,0,2024-10-01T12:00:00Z
2024-09-30,P00433,0,2024-10-31T12:00:00Z
2024-10-31,P00433,0,2024-12-01T12:00:00Z
2024-11-30,P00433,0,2024-12-31T12:00:00Z
2024-12-31,P00433,0,2025-01-31T12:00:00Z
2025-01-31,P00433,0,2025-03-03T12:00:00Z
2025-02-28,P00433,0,2025-03-31T12:00:00Z
2025-03-31,P00433,0,2025-05-01T12:00:00Z
2025-04-30,P00433,0,2025-05-31T12:00:00Z
2025-05-31,P00433,0,2025-07-01T12:00:00Z
2025-06-30,P00433,0,2025-07-31T12:00:00Z
2025-07-31,P00433,0,2025-08-31T12:00:00Z
2025-08-31,P00433,0,2025-10-01T12:00:00Z
2025-09-30,P00433,0,2025-10-31T12:00:00Z
2025-10-31,P00433,0,2025-12-01T12:00:00Z
2025-11-30,P00433,0,2025-12-31T12:00:00Z
2025-12-31,P00433,0,2026-01-31T12:00:00Z
2023-07-31,P00434,0,2023-08-31T12:00:00Z
2023-08-31,P00434,0,2023-10-01T12:00:00Z
2023-09-30,P00434,0,2023-10-31T12:00:00Z
2023-10-31,P00434,0,2023-12-01T12:00:00Z
2023-11-30,P00434,0,2023-12-31T12:00:00Z
2023-12-31,P00434,0,2024-01-31T12:00:00Z
2024-01-31,P00434,0,2024-03-02T12:00:00Z
2024-02-29,P00434,0,2024-03-31T12:00:00Z
2024-03-31,P00434,0,2024-05-01T12:00:00Z
2024-04-30,P00434,0,2024-05-31T12:00:00Z
2024-05-31,P00434,0,2024-07-01T12:00:00Z
2024-06-30,P00434,0,2024-07-31T12:00:00Z
2024-07-31,P00434,0,2024-08-31T12:00:00Z
2024-08-31,P00434,0,2024-10-01T12:00:00Z
2024-09-30,P00434,0,2024-10-31T12:00:00Z
2024-10-31,P00434,0,2024-12-01T12:00:00Z
2024-11-30,P00434,0,2024-12-31T12:00:00Z
2024-12-31,P00434,0,2025-01-31T12:00:00Z
2025-01-31,P00434,0,2025-03-03T12:00:00Z
2025-02-28,P00434,0,2025-03-31T12:00:00Z
2025-03-31,P00434,0,2025-05-01T12:00:00Z
2025-04-30,P00434,0,2025-05-31T12:00:00Z
2025-05-31,P00434,0,2025-07-01T12:00:00Z
2025-06-30,P00434,0,2025-07-31T12:00:00Z
2025-07-31,P00434,0,2025-08-31T12:00:00Z
2025-08-31,P00434,0,2025-10-01T12:00:00Z
2025-09-30,P00434,0,2025-10-31T12:00:00Z
2025-10-31,P00434,0,2025-12-01T12:00:00Z
2025-11-30,P00434,0,2025-12-31T12:00:00Z
2025-12-31,P00434,0,2026-01-31T12:00:00Z
2023-07-31,P00435,0,2023-08-31T12:00:00Z
2023-08-31,P00435,0,2023-10-01T12:00:00Z
2023-09-30,P00435,1,2023-10-31T12:00:00Z
2023-07-31,P00436,0,2023-08-31T12:00:00Z
2023-08-31,P00436,0,2023-10-01T12:00:00Z
2023-09-30,P00436,0,2023-10-31T12:00:00Z
2023-10-31,P00436,0,2023-12-01T12:00:00Z
2023-11-30,P00436,0,2023-12-31T12:00:00Z
2023-12-31,P00436,0,2024-01-31T12:00:00Z
2024-01-31,P00436,0,2024-03-02T12:00:00Z
2024-02-29,P00436,0,2024-03-31T12:00:00Z
2024-03-31,P00436,0,2024-05-01T12:00:00Z
2024-04-30,P00436,0,2024-05-31T12:00:00Z
2024-05-31,P00436,0,2024-07-01T12:00:00Z
2024-06-30,P00436,0,2024-07-31T12:00:00Z
2024-07-31,P00436,0,2024-08-31T12:00:00Z
2024-08-31,P00436,0,2024-10-01T12:00:00Z
2024-09-30,P00436,0,2024-10-31T12:00:00Z
2024-10-31,P00436,0,2024-12-01T12:00:00Z
2024-11-30,P00436,0,2024-12-31T12:00:00Z
2024-12-31,P00436,0,2025-01-31T12:00:00Z
2025-01-31,P00436,0,2025-03-03T12:00:00Z
2025-02-28,P00436,0,2025-03-31T12:00:00Z
2025-03-31,P00436,0,2025-05-01T12:00:00Z
2025-04-30,P00436,0,2025-05-31T12:00:00Z
2025-05-31,P00436,0,2025-07-01T12:00:00Z
2025-06-30,P00436,0,2025-07-31T12:00:00Z
2025-07-31,P00436,0,2025-08-31T12:00:00Z
2025-08-31,P00436,0,2025-10-01T12:00:00Z
2025-09-30,P00436,0,2025-10-31T12:00:00Z
2025-10-31,P00436,0,2025-12-01T12:00:00Z
2025-11-30,P00436,0,2025-12-31T12:00:00Z
2025-12-31,P00436,0,2026-01-31T12:00:00Z
2023-07-31,P00437,0,2023-08-31T12:00:00Z
2023-08-31,P00437,0,2023-10-01T12:00:00Z
2023-09-30,P00437,0,2023-10-31T12:00:00Z
2023-10-31,P00437,0,2023-12-01T12:00:00Z
2023-11-30,P00437,0,2023-12-31T12:00:00Z
2023-12-31,P00437,0,2024-01-31T12:00:00Z
2024-01-31,P00437,0,2024-03-02T12:00:00Z
2024-02-29,P00437,0,2024-03-31T12:00:00Z
2024-03-31,P00437,0,2024-05-01T12:00:00Z
2024-04-30,P00437,0,2024-05-31T12:00:00Z
2024-05-31,P00437,0,2024-07-01T12:00:00Z
2024-06-30,P00437,1,2024-07-31T12:00:00Z
2023-07-31,P00438,0,2023-08-31T12:00:00Z
2023-08-31,P00438,0,2023-10-01T12:00:00Z
2023-09-30,P00438,0,2023-10-31T12:00:00Z
2023-10-31,P00438,0,2023-12-01T12:00:00Z
2023-11-30,P00438,0,2023-12-31T12:00:00Z
2023-12-31,P00438,0,2024-01-31T12:00:00Z
2024-01-31,P00438,0,2024-03-02T12:00:00Z
2024-02-29,P00438,0,2024-03-31T12:00:00Z
2024-03-31,P00438,0,2024-05-01T12:00:00Z
2024-04-30,P00438,0,2024-05-31T12:00:00Z
2024-05-31,P00438,0,2024-07-01T12:00:00Z
2024-06-30,P00438,0,2024-07-31T12:00:00Z
2024-07-31,P00438,0,2024-08-31T12:00:00Z
2024-08-31,P00438,0,2024-10-01T12:00:00Z
2024-09-30,P00438,0,2024-10-31T12:00:00Z
2024-10-31,P00438,0,2024-12-01T12:00:00Z
2024-11-30,P00438,0,2024-12-31T12:00:00Z
2024-12-31,P00438,0,2025-01-31T12:00:00Z
2025-01-31,P00438,0,2025-03-03T12:00:00Z
2025-02-28,P00438,0,2025-03-31T12:00:00Z
2025-03-31,P00438,0,2025-05-01T12:00:00Z
2025-04-30,P00438,0,2025-05-31T12:00:00Z
2025-05-31,P00438,0,2025-07-01T12:00:00Z
2025-06-30,P00438,0,2025-07-31T12:00:00Z
2025-07-31,P00438,0,2025-08-31T12:00:00Z
2025-08-31,P00438,0,2025-10-01T12:00:00Z
2025-09-30,P00438,0,2025-10-31T12:00:00Z
2025-10-31,P00438,0,2025-12-01T12:00:00Z
2025-11-30,P00438,0,2025-12-31T12:00:00Z
2025-12-31,P00438,0,2026-01-31T12:00:00Z
2023-07-31,P00439,0,2023-08-31T12:00:00Z
2023-08-31,P00439,0,2023-10-01T12:00:00Z
2023-09-30,P00439,0,2023-10-31T12:00:00Z
2023-10-31,P00439,0,2023-12-01T12:00:00Z
2023-11-30,P00439,0,2023-12-31T12:00:00Z
2023-12-31,P00439,0,2024-01-31T12:00:00Z
2024-01-31,P00439,0,2024-03-02T12:00:00Z
2024-02-29,P00439,0,2024-03-31T12:00:00Z
2024-03-31,P00439,0,2024-05-01T12:00:00Z
2024-04-30,P00439,0,2024-05-31T12:00:00Z
2024-05-31,P00439,0,2024-07-01T12:00:00Z
2024-06-30,P00439,0,2024-07-31T12:00:00Z
2024-07-31,P00439,0,2024-08-31T12:00:00Z
2024-08-31,P00439,0,2024-10-01T12:00:00Z
2024-09-30,P00439,0,2024-10-31T12:00:00Z
2024-10-31,P00439,0,2024-12-01T12:00:00Z
2024-11-30,P00439,0,2024-12-31T12:00:00Z
2024-12-31,P00439,0,2025-01-31T12:00:00Z
2025-01-31,P00439,0,2025-03-03T12:00:00Z
2025-02-28,P00439,0,2025-03-31T12:00:00Z
2025-03-31,P00439,0,2025-05-01T12:00:00Z
2025-04-30,P00439,0,2025-05-31T12:00:00Z
2025-05-31,P00439,0,2025-07-01T12:00:00Z
2025-06-30,P00439,0,2025-07-31T12:00:00Z
2025-07-31,P00439,0,2025-08-31T12:00:00Z
2025-08-31,P00439,0,2025-10-01T12:00:00Z
2025-09-30,P00439,0,2025-10-31T12:00:00Z
2025-10-31,P00439,0,2025-12-01T12:00:00Z
2025-11-30,P00439,0,2025-12-31T12:00:00Z
2025-12-31,P00439,0,2026-01-31T12:00:00Z
2023-07-31,P00440,0,2023-08-31T12:00:00Z
2023-08-31,P00440,0,2023-10-01T12:00:00Z
2023-09-30,P00440,0,2023-10-31T12:00:00Z
2023-10-31,P00440,0,2023-12-01T12:00:00Z
2023-11-30,P00440,0,2023-12-31T12:00:00Z
2023-12-31,P00440,0,2024-01-31T12:00:00Z
2024-01-31,P00440,0,2024-03-02T12:00:00Z
2024-02-29,P00440,0,2024-03-31T12:00:00Z
2024-03-31,P00440,0,2024-05-01T12:00:00Z
2024-04-30,P00440,0,2024-05-31T12:00:00Z
2024-05-31,P00440,0,2024-07-01T12:00:00Z
2024-06-30,P00440,0,2024-07-31T12:00:00Z
2024-07-31,P00440,0,2024-08-31T12:00:00Z
2024-08-31,P00440,0,2024-10-01T12:00:00Z
2024-09-30,P00440,0,2024-10-31T12:00:00Z
2024-10-31,P00440,0,2024-12-01T12:00:00Z
2024-11-30,P00440,0,2024-12-31T12:00:00Z
2024-12-31,P00440,0,2025-01-31T12:00:00Z
2025-01-31,P00440,0,2025-03-03T12:00:00Z
2025-02-28,P00440,0,2025-03-31T12:00:00Z
2025-03-31,P00440,0,2025-05-01T12:00:00Z
2025-04-30,P00440,1,2025-05-31T12:00:00Z
2023-07-31,P00441,0,2023-08-31T12:00:00Z
2023-08-31,P00441,0,2023-10-01T12:00:00Z
2023-09-30,P00441,0,2023-10-31T12:00:00Z
2023-10-31,P00441,0,2023-12-01T12:00:00Z
2023-11-30,P00441,0,2023-12-31T12:00:00Z
2023-12-31,P00441,0,2024-01-31T12:00:00Z
2024-01-31,P00441,0,2024-03-02T12:00:00Z
2024-02-29,P00441,0,2024-03-31T12:00:00Z
2024-03-31,P00441,0,2024-05-01T12:00:00Z
2024-04-30,P00441,0,2024-05-31T12:00:00Z
2024-05-31,P00441,0,2024-07-01T12:00:00Z
2024-06-30,P00441,0,2024-07-31T12:00:00Z
2024-07-31,P00441,0,2024-08-31T12:00:00Z
2024-08-31,P00441,0,2024-10-01T12:00:00Z
2024-09-30,P00441,0,2024-10-31T12:00:00Z
2024-10-31,P00441,0,2024-12-01T12:00:00Z
2024-11-30,P00441,1,2024-12-31T12:00:00Z
2023-07-31,P00442,0,2023-08-31T12:00:00Z
2023-08-31,P00442,0,2023-10-01T12:00:00Z
2023-09-30,P00442,0,2023-10-31T12:00:00Z
2023-10-31,P00442,0,2023-12-01T12:00:00Z
2023-11-30,P00442,0,2023-12-31T12:00:00Z
2023-12-31,P00442,0,2024-01-31T12:00:00Z
2024-01-31,P00442,0,2024-03-02T12:00:00Z
2024-02-29,P00442,0,2024-03-31T12:00:00Z
2024-03-31,P00442,0,2024-05-01T12:00:00Z
2024-04-30,P00442,0,2024-05-31T12:00:00Z
2024-05-31,P00442,0,2024-07-01T12:00:00Z
2024-06-30,P00442,0,2024-07-31T12:00:00Z
2024-07-31,P00442,0,2024-08-31T12:00:00Z
2024-08-31,P00442,0,2024-10-01T12:00:00Z
2024-09-30,P00442,0,2024-10-31T12:00:00Z
2024-10-31,P00442,0,2024-12-01T12:00:00Z
2024-11-30,P00442,0,2024-12-31T12:00:00Z
2024-12-31,P00442,0,2025-01-31T12:00:00Z
2025-01-31,P00442,0,2025-03-03T12:00:00Z
2025-02-28,P00442,0,2025-03-31T12:00:00Z
2025-03-31,P00442,0,2025-05-01T12:00:00Z
2025-04-30,P00442,0,2025-05-31T12:00:00Z
2025-05-31,P00442,0,2025-07-01T12:00:00Z
2025-06-30,P00442,0,2025-07-31T12:00:00Z
2025-07-31,P00442,0,2025-08-31T12:00:00Z
2025-08-31,P00442,0,2025-10-01T12:00:00Z
2025-09-30,P00442,0,2025-10-31T12:00:00Z
2025-10-31,P00442,0,2025-12-01T12:00:00Z
2025-11-30,P00442,0,2025-12-31T12:00:00Z
2025-12-31,P00442,0,2026-01-31T12:00:00Z
2023-07-31,P00443,0,2023-08-31T12:00:00Z
2023-08-31,P00443,0,2023-10-01T12:00:00Z
2023-09-30,P00443,0,2023-10-31T12:00:00Z
2023-10-31,P00443,0,2023-12-01T12:00:00Z
2023-11-30,P00443,0,2023-12-31T12:00:00Z
2023-12-31,P00443,0,2024-01-31T12:00:00Z
2024-01-31,P00443,0,2024-03-02T12:00:00Z
2024-02-29,P00443,0,2024-03-31T12:00:00Z
2024-03-31,P00443,0,2024-05-01T12:00:00Z
2024-04-30,P00443,0,2024-05-31T12:00:00Z
2024-05-31,P00443,0,2024-07-01T12:00:00Z
2024-06-30,P00443,0,2024-07-31T12:00:00Z
2024-07-31,P00443,0,2024-08-31T12:00:00Z
2024-08-31,P00443,0,2024-10-01T12:00:00Z
2024-09-30,P00443,0,2024-10-31T12:00:00Z
2024-10-31,P00443,0,2024-12-01T12:00:00Z
2024-11-30,P00443,0,2024-12-31T12:00:00Z
2024-12-31,P00443,0,2025-01-31T12:00:00Z
2025-01-31,P00443,0,2025-03-03T12:00:00Z
2025-02-28,P00443,0,2025-03-31T12:00:00Z
2025-03-31,P00443,0,2025-05-01T12:00:00Z
2025-04-30,P00443,0,2025-05-31T12:00:00Z
2025-05-31,P00443,0,2025-07-01T12:00:00Z
2025-06-30,P00443,0,2025-07-31T12:00:00Z
2025-07-31,P00443,0,2025-08-31T12:00:00Z
2025-08-31,P00443,0,2025-10-01T12:00:00Z
2025-09-30,P00443,0,2025-10-31T12:00:00Z
2025-10-31,P00443,0,2025-12-01T12:00:00Z
2025-11-30,P00443,0,2025-12-31T12:00:00Z
2025-12-31,P00443,0,2026-01-31T12:00:00Z
2023-07-31,P00444,0,2023-08-31T12:00:00Z
2023-08-31,P00444,0,2023-10-01T12:00:00Z
2023-09-30,P00444,0,2023-10-31T12:00:00Z
2023-10-31,P00444,0,2023-12-01T12:00:00Z
2023-11-30,P00444,0,2023-12-31T12:00:00Z
2023-12-31,P00444,0,2024-01-31T12:00:00Z
2024-01-31,P00444,0,2024-03-02T12:00:00Z
2024-02-29,P00444,0,2024-03-31T12:00:00Z
2024-03-31,P00444,0,2024-05-01T12:00:00Z
2024-04-30,P00444,0,2024-05-31T12:00:00Z
2024-05-31,P00444,0,2024-07-01T12:00:00Z
2024-06-30,P00444,0,2024-07-31T12:00:00Z
2024-07-31,P00444,0,2024-08-31T12:00:00Z
2024-08-31,P00444,0,2024-10-01T12:00:00Z
2024-09-30,P00444,0,2024-10-31T12:00:00Z
2024-10-31,P00444,0,2024-12-01T12:00:00Z
2024-11-30,P00444,0,2024-12-31T12:00:00Z
2024-12-31,P00444,0,2025-01-31T12:00:00Z
2025-01-31,P00444,0,2025-03-03T12:00:00Z
2025-02-28,P00444,0,2025-03-31T12:00:00Z
2025-03-31,P00444,0,2025-05-01T12:00:00Z
2025-04-30,P00444,0,2025-05-31T12:00:00Z
2025-05-31,P00444,0,2025-07-01T12:00:00Z
2025-06-30,P00444,0,2025-07-31T12:00:00Z
2025-07-31,P00444,0,2025-08-31T12:00:00Z
2025-08-31,P00444,0,2025-10-01T12:00:00Z
2025-09-30,P00444,0,2025-10-31T12:00:00Z
2025-10-31,P00444,0,2025-12-01T12:00:00Z
2025-11-30,P00444,0,2025-12-31T12:00:00Z
2025-12-31,P00444,0,2026-01-31T12:00:00Z
2023-07-31,P00445,0,2023-08-31T12:00:00Z
2023-08-31,P00445,0,2023-10-01T12:00:00Z
2023-09-30,P00445,0,2023-10-31T12:00:00Z
2023-10-31,P00445,0,2023-12-01T12:00:00Z
2023-11-30,P00445,0,2023-12-31T12:00:00Z
2023-12-31,P00445,0,2024-01-31T12:00:00Z
2024-01-31,P00445,0,2024-03-02T12:00:00Z
2024-02-29,P00445,0,2024-03-31T12:00:00Z
2024-03-31,P00445,0,2024-05-01T12:00:00Z
2024-04-30,P00445,0,2024-05-31T12:00:00Z
2024-05-31,P00445,0,2024-07-01T12:00:00Z
2024-06-30,P00445,0,2024-07-31T12:00:00Z
2024-07-31,P00445,0,2024-08-31T12:00:00Z
2024-08-31,P00445,0,2024-10-01T12:00:00Z
2024-09-30,P00445,0,2024-10-31T12:00:00Z
2024-10-31,P00445,0,2024-12-01T12:00:00Z
2024-11-30,P00445,0,2024-12-31T12:00:00Z
2024-12-31,P00445,0,2025-01-31T12:00:00Z
2025-01-31,P00445,0,2025-03-03T12:00:00Z
2025-02-28,P00445,0,2025-03-31T12:00:00Z
2025-03-31,P00445,0,2025-05-01T12:00:00Z
2025-04-30,P00445,0,2025-05-31T12:00:00Z
2025-05-31,P00445,0,2025-07-01T12:00:00Z
2025-06-30,P00445,0,2025-07-31T12:00:00Z
2025-07-31,P00445,0,2025-08-31T12:00:00Z
2025-08-31,P00445,0,2025-10-01T12:00:00Z
2025-09-30,P00445,0,2025-10-31T12:00:00Z
2025-10-31,P00445,0,2025-12-01T12:00:00Z
2025-11-30,P00445,0,2025-12-31T12:00:00Z
2025-12-31,P00445,0,2026-01-31T12:00:00Z
2023-07-31,P00446,0,2023-08-31T12:00:00Z
2023-08-31,P00446,0,2023-10-01T12:00:00Z
2023-09-30,P00446,0,2023-10-31T12:00:00Z
2023-10-31,P00446,0,2023-12-01T12:00:00Z
2023-11-30,P00446,0,2023-12-31T12:00:00Z
2023-12-31,P00446,0,2024-01-31T12:00:00Z
2024-01-31,P00446,0,2024-03-02T12:00:00Z
2024-02-29,P00446,0,2024-03-31T12:00:00Z
2024-03-31,P00446,0,2024-05-01T12:00:00Z
2024-04-30,P00446,0,2024-05-31T12:00:00Z
2024-05-31,P00446,0,2024-07-01T12:00:00Z
2024-06-30,P00446,0,2024-07-31T12:00:00Z
2024-07-31,P00446,0,2024-08-31T12:00:00Z
2024-08-31,P00446,0,2024-10-01T12:00:00Z
2024-09-30,P00446,0,2024-10-31T12:00:00Z
2024-10-31,P00446,0,2024-12-01T12:00:00Z
2024-11-30,P00446,0,2024-12-31T12:00:00Z
2024-12-31,P00446,0,2025-01-31T12:00:00Z
2025-01-31,P00446,0,2025-03-03T12:00:00Z
2025-02-28,P00446,0,2025-03-31T12:00:00Z
2025-03-31,P00446,0,2025-05-01T12:00:00Z
2025-04-30,P00446,0,2025-05-31T12:00:00Z
2025-05-31,P00446,0,2025-07-01T12:00:00Z
2025-06-30,P00446,0,2025-07-31T12:00:00Z
2025-07-31,P00446,0,2025-08-31T12:00:00Z
2025-08-31,P00446,0,2025-10-01T12:00:00Z
2025-09-30,P00446,0,2025-10-31T12:00:00Z
2025-10-31,P00446,0,2025-12-01T12:00:00Z
2025-11-30,P00446,0,2025-12-31T12:00:00Z
2025-12-31,P00446,0,2026-01-31T12:00:00Z
2023-07-31,P00447,0,2023-08-31T12:00:00Z
2023-08-31,P00447,0,2023-10-01T12:00:00Z
2023-09-30,P00447,0,2023-10-31T12:00:00Z
2023-10-31,P00447,0,2023-12-01T12:00:00Z
2023-11-30,P00447,0,2023-12-31T12:00:00Z
2023-12-31,P00447,0,2024-01-31T12:00:00Z
2024-01-31,P00447,0,2024-03-02T12:00:00Z
2024-02-29,P00447,0,2024-03-31T12:00:00Z
2024-03-31,P00447,0,2024-05-01T12:00:00Z
2024-04-30,P00447,0,2024-05-31T12:00:00Z
2024-05-31,P00447,0,2024-07-01T12:00:00Z
2024-06-30,P00447,0,2024-07-31T12:00:00Z
2024-07-31,P00447,0,2024-08-31T12:00:00Z
2024-08-31,P00447,0,2024-10-01T12:00:00Z
2024-09-30,P00447,0,2024-10-31T12:00:00Z
2024-10-31,P00447,0,2024-12-01T12:00:00Z
2024-11-30,P00447,0,2024-12-31T12:00:00Z
2024-12-31,P00447,0,2025-01-31T12:00:00Z
2025-01-31,P00447,0,2025-03-03T12:00:00Z
2025-02-28,P00447,0,2025-03-31T12:00:00Z
2025-03-31,P00447,0,2025-05-01T12:00:00Z
2025-04-30,P00447,0,2025-05-31T12:00:00Z
2025-05-31,P00447,0,2025-07-01T12:00:00Z
2025-06-30,P00447,0,2025-07-31T12:00:00Z
2025-07-31,P00447,0,2025-08-31T12:00:00Z
2025-08-31,P00447,0,2025-10-01T12:00:00Z
2025-09-30,P00447,0,2025-10-31T12:00:00Z
2025-10-31,P00447,0,2025-12-01T12:00:00Z
2025-11-30,P00447,0,2025-12-31T12:00:00Z
2025-12-31,P00447,0,2026-01-31T12:00:00Z
2023-07-31,P00448,0,2023-08-31T12:00:00Z
2023-08-31,P00448,0,2023-10-01T12:00:00Z
2023-09-30,P00448,0,2023-10-31T12:00:00Z
2023-10-31,P00448,0,2023-12-01T12:00:00Z
2023-11-30,P00448,0,2023-12-31T12:00:00Z
2023-12-31,P00448,0,2024-01-31T12:00:00Z
2024-01-31,P00448,0,2024-03-02T12:00:00Z
2024-02-29,P00448,0,2024-03-31T12:00:00Z
2024-03-31,P00448,0,2024-05-01T12:00:00Z
2024-04-30,P00448,0,2024-05-31T12:00:00Z
2024-05-31,P00448,0,2024-07-01T12:00:00Z
2024-06-30,P00448,0,2024-07-31T12:00:00Z
2024-07-31,P00448,0,2024-08-31T12:00:00Z
2024-08-31,P00448,0,2024-10-01T12:00:00Z
2024-09-30,P00448,0,2024-10-31T12:00:00Z
2024-10-31,P00448,0,2024-12-01T12:00:00Z
2024-11-30,P00448,0,2024-12-31T12:00:00Z
2024-12-31,P00448,0,2025-01-31T12:00:00Z
2025-01-31,P00448,0,2025-03-03T12:00:00Z
2025-02-28,P00448,0,2025-03-31T12:00:00Z
2025-03-31,P00448,0,2025-05-01T12:00:00Z
2025-04-30,P00448,0,2025-05-31T12:00:00Z
2025-05-31,P00448,0,2025-07-01T12:00:00Z
2025-06-30,P00448,0,2025-07-31T12:00:00Z
2025-07-31,P00448,0,2025-08-31T12:00:00Z
2025-08-31,P00448,0,2025-10-01T12:00:00Z
2025-09-30,P00448,0,2025-10-31T12:00:00Z
2025-10-31,P00448,0,2025-12-01T12:00:00Z
2025-11-30,P00448,0,2025-12-31T12:00:00Z
2025-12-31,P00448,0,2026-01-31T12:00:00Z
2023-07-31,P00449,0,2023-08-31T12:00:00Z
2023-08-31,P00449,0,2023-10-01T12:00:00Z
2023-09-30,P00449,0,2023-10-31T12:00:00Z
2023-10-31,P00449,0,2023-12-01T12:00:00Z
2023-11-30,P00449,0,2023-12-31T12:00:00Z
2023-12-31,P00449,0,2024-01-31T12:00:00Z
2024-01-31,P00449,0,2024-03-02T12:00:00Z
2024-02-29,P00449,0,2024-03-31T12:00:00Z
2024-03-31,P00449,0,2024-05-01T12:00:00Z
2024-04-30,P00449,0,2024-05-31T12:00:00Z
2024-05-31,P00449,0,2024-07-01T12:00:00Z
2024-06-30,P00449,0,2024-07-31T12:00:00Z
2024-07-31,P00449,0,2024-08-31T12:00:00Z
2024-08-31,P00449,0,2024-10-01T12:00:00Z
2024-09-30,P00449,0,2024-10-31T12:00:00Z
2024-10-31,P00449,0,2024-12-01T12:00:00Z
2024-11-30,P00449,0,2024-12-31T12:00:00Z
2024-12-31,P00449,0,2025-01-31T12:00:00Z
2025-01-31,P00449,0,2025-03-03T12:00:00Z
2025-02-28,P00449,0,2025-03-31T12:00:00Z
2025-03-31,P00449,0,2025-05-01T12:00:00Z
2025-04-30,P00449,0,2025-05-31T12:00:00Z
2025-05-31,P00449,0,2025-07-01T12:00:00Z
2025-06-30,P00449,0,2025-07-31T12:00:00Z
2025-07-31,P00449,0,2025-08-31T12:00:00Z
2025-08-31,P00449,0,2025-10-01T12:00:00Z
2025-09-30,P00449,0,2025-10-31T12:00:00Z
2025-10-31,P00449,0,2025-12-01T12:00:00Z
2025-11-30,P00449,0,2025-12-31T12:00:00Z
2025-12-31,P00449,0,2026-01-31T12:00:00Z
2023-07-31,P00450,0,2023-08-31T12:00:00Z
2023-08-31,P00450,0,2023-10-01T12:00:00Z
2023-09-30,P00450,0,2023-10-31T12:00:00Z
2023-10-31,P00450,0,2023-12-01T12:00:00Z
2023-11-30,P00450,0,2023-12-31T12:00:00Z
2023-12-31,P00450,0,2024-01-31T12:00:00Z
2024-01-31,P00450,0,2024-03-02T12:00:00Z
2024-02-29,P00450,0,2024-03-31T12:00:00Z
2024-03-31,P00450,0,2024-05-01T12:00:00Z
2024-04-30,P00450,0,2024-05-31T12:00:00Z
2024-05-31,P00450,0,2024-07-01T12:00:00Z
2024-06-30,P00450,0,2024-07-31T12:00:00Z
2024-07-31,P00450,0,2024-08-31T12:00:00Z
2024-08-31,P00450,0,2024-10-01T12:00:00Z
2024-09-30,P00450,0,2024-10-31T12:00:00Z
2024-10-31,P00450,0,2024-12-01T12:00:00Z
2024-11-30,P00450,0,2024-12-31T12:00:00Z
2024-12-31,P00450,0,2025-01-31T12:00:00Z
2025-01-31,P00450,0,2025-03-03T12:00:00Z
2025-02-28,P00450,0,2025-03-31T12:00:00Z
2025-03-31,P00450,0,2025-05-01T12:00:00Z
2025-04-30,P00450,0,2025-05-31T12:00:00Z
2025-05-31,P00450,0,2025-07-01T12:00:00Z
2025-06-30,P00450,0,2025-07-31T12:00:00Z
2025-07-31,P00450,0,2025-08-31T12:00:00Z
2025-08-31,P00450,0,2025-10-01T12:00:00Z
2025-09-30,P00450,0,2025-10-31T12:00:00Z
2025-10-31,P00450,0,2025-12-01T12:00:00Z
2025-11-30,P00450,1,2025-12-31T12:00:00Z
2023-07-31,P00451,0,2023-08-31T12:00:00Z
2023-08-31,P00451,0,2023-10-01T12:00:00Z
2023-09-30,P00451,0,2023-10-31T12:00:00Z
2023-10-31,P00451,0,2023-12-01T12:00:00Z
2023-11-30,P00451,0,2023-12-31T12:00:00Z
2023-12-31,P00451,0,2024-01-31T12:00:00Z
2024-01-31,P00451,0,2024-03-02T12:00:00Z
2024-02-29,P00451,0,2024-03-31T12:00:00Z
2024-03-31,P00451,0,2024-05-01T12:00:00Z
2024-04-30,P00451,0,2024-05-31T12:00:00Z
2024-05-31,P00451,0,2024-07-01T12:00:00Z
2024-06-30,P00451,0,2024-07-31T12:00:00Z
2024-07-31,P00451,0,2024-08-31T12:00:00Z
2024-08-31,P00451,0,2024-10-01T12:00:00Z
2024-09-30,P00451,0,2024-10-31T12:00:00Z
2024-10-31,P00451,0,2024-12-01T12:00:00Z
2024-11-30,P00451,0,2024-12-31T12:00:00Z
2024-12-31,P00451,0,2025-01-31T12:00:00Z
2025-01-31,P00451,0,2025-03-03T12:00:00Z
2025-02-28,P00451,0,2025-03-31T12:00:00Z
2025-03-31,P00451,0,2025-05-01T12:00:00Z
2025-04-30,P00451,0,2025-05-31T12:00:00Z
2025-05-31,P00451,0,2025-07-01T12:00:00Z
2025-06-30,P00451,0,2025-07-31T12:00:00Z
2025-07-31,P00451,0,2025-08-31T12:00:00Z
2025-08-31,P00451,0,2025-10-01T12:00:00Z
2025-09-30,P00451,0,2025-10-31T12:00:00Z
2025-10-31,P00451,0,2025-12-01T12:00:00Z
2025-11-30,P00451,0,2025-12-31T12:00:00Z
2025-12-31,P00451,0,2026-01-31T12:00:00Z
2023-07-31,P00452,0,2023-08-31T12:00:00Z
2023-08-31,P00452,0,2023-10-01T12:00:00Z
2023-09-30,P00452,0,2023-10-31T12:00:00Z
2023-10-31,P00452,0,2023-12-01T12:00:00Z
2023-11-30,P00452,0,2023-12-31T12:00:00Z
2023-12-31,P00452,0,2024-01-31T12:00:00Z
2024-01-31,P00452,0,2024-03-02T12:00:00Z
2024-02-29,P00452,0,2024-03-31T12:00:00Z
2024-03-31,P00452,0,2024-05-01T12:00:00Z
2024-04-30,P00452,0,2024-05-31T12:00:00Z
2024-05-31,P00452,0,2024-07-01T12:00:00Z
2024-06-30,P00452,0,2024-07-31T12:00:00Z
2024-07-31,P00452,0,2024-08-31T12:00:00Z
2024-08-31,P00452,0,2024-10-01T12:00:00Z
2024-09-30,P00452,0,2024-10-31T12:00:00Z
2024-10-31,P00452,0,2024-12-01T12:00:00Z
2024-11-30,P00452,0,2024-12-31T12:00:00Z
2024-12-31,P00452,0,2025-01-31T12:00:00Z
2025-01-31,P00452,0,2025-03-03T12:00:00Z
2025-02-28,P00452,0,2025-03-31T12:00:00Z
2025-03-31,P00452,0,2025-05-01T12:00:00Z
2025-04-30,P00452,0,2025-05-31T12:00:00Z
2025-05-31,P00452,0,2025-07-01T12:00:00Z
2025-06-30,P00452,0,2025-07-31T12:00:00Z
2025-07-31,P00452,0,2025-08-31T12:00:00Z
2025-08-31,P00452,0,2025-10-01T12:00:00Z
2025-09-30,P00452,0,2025-10-31T12:00:00Z
2025-10-31,P00452,0,2025-12-01T12:00:00Z
2025-11-30,P00452,0,2025-12-31T12:00:00Z
2025-12-31,P00452,0,2026-01-31T12:00:00Z
2023-07-31,P00453,0,2023-08-31T12:00:00Z
2023-08-31,P00453,0,2023-10-01T12:00:00Z
2023-09-30,P00453,0,2023-10-31T12:00:00Z
2023-10-31,P00453,0,2023-12-01T12:00:00Z
2023-11-30,P00453,0,2023-12-31T12:00:00Z
2023-12-31,P00453,0,2024-01-31T12:00:00Z
2024-01-31,P00453,0,2024-03-02T12:00:00Z
2024-02-29,P00453,0,2024-03-31T12:00:00Z
2024-03-31,P00453,0,2024-05-01T12:00:00Z
2024-04-30,P00453,0,2024-05-31T12:00:00Z
2024-05-31,P00453,0,2024-07-01T12:00:00Z
2024-06-30,P00453,0,2024-07-31T12:00:00Z
2024-07-31,P00453,0,2024-08-31T12:00:00Z
2024-08-31,P00453,0,2024-10-01T12:00:00Z
2024-09-30,P00453,0,2024-10-31T12:00:00Z
2024-10-31,P00453,0,2024-12-01T12:00:00Z
2024-11-30,P00453,0,2024-12-31T12:00:00Z
2024-12-31,P00453,0,2025-01-31T12:00:00Z
2025-01-31,P00453,0,2025-03-03T12:00:00Z
2025-02-28,P00453,0,2025-03-31T12:00:00Z
2025-03-31,P00453,0,2025-05-01T12:00:00Z
2025-04-30,P00453,0,2025-05-31T12:00:00Z
2025-05-31,P00453,0,2025-07-01T12:00:00Z
2025-06-30,P00453,0,2025-07-31T12:00:00Z
2025-07-31,P00453,0,2025-08-31T12:00:00Z
2025-08-31,P00453,0,2025-10-01T12:00:00Z
2025-09-30,P00453,0,2025-10-31T12:00:00Z
2025-10-31,P00453,0,2025-12-01T12:00:00Z
2025-11-30,P00453,0,2025-12-31T12:00:00Z
2025-12-31,P00453,0,2026-01-31T12:00:00Z
2023-07-31,P00454,0,2023-08-31T12:00:00Z
2023-08-31,P00454,0,2023-10-01T12:00:00Z
2023-09-30,P00454,0,2023-10-31T12:00:00Z
2023-10-31,P00454,0,2023-12-01T12:00:00Z
2023-11-30,P00454,0,2023-12-31T12:00:00Z
2023-12-31,P00454,0,2024-01-31T12:00:00Z
2024-01-31,P00454,0,2024-03-02T12:00:00Z
2024-02-29,P00454,0,2024-03-31T12:00:00Z
2024-03-31,P00454,0,2024-05-01T12:00:00Z
2024-04-30,P00454,0,2024-05-31T12:00:00Z
2024-05-31,P00454,0,2024-07-01T12:00:00Z
2024-06-30,P00454,1,2024-07-31T12:00:00Z
2023-07-31,P00455,0,2023-08-31T12:00:00Z
2023-08-31,P00455,0,2023-10-01T12:00:00Z
2023-09-30,P00455,0,2023-10-31T12:00:00Z
2023-10-31,P00455,0,2023-12-01T12:00:00Z
2023-11-30,P00455,0,2023-12-31T12:00:00Z
2023-12-31,P00455,0,2024-01-31T12:00:00Z
2024-01-31,P00455,0,2024-03-02T12:00:00Z
2024-02-29,P00455,0,2024-03-31T12:00:00Z
2024-03-31,P00455,0,2024-05-01T12:00:00Z
2024-04-30,P00455,0,2024-05-31T12:00:00Z
2024-05-31,P00455,0,2024-07-01T12:00:00Z
2024-06-30,P00455,0,2024-07-31T12:00:00Z
2024-07-31,P00455,0,2024-08-31T12:00:00Z
2024-08-31,P00455,0,2024-10-01T12:00:00Z
2024-09-30,P00455,0,2024-10-31T12:00:00Z
2024-10-31,P00455,0,2024-12-01T12:00:00Z
2024-11-30,P00455,0,2024-12-31T12:00:00Z
2024-12-31,P00455,0,2025-01-31T12:00:00Z
2025-01-31,P00455,0,2025-03-03T12:00:00Z
2025-02-28,P00455,0,2025-03-31T12:00:00Z
2025-03-31,P00455,0,2025-05-01T12:00:00Z
2025-04-30,P00455,0,2025-05-31T12:00:00Z
2025-05-31,P00455,0,2025-07-01T12:00:00Z
2025-06-30,P00455,0,2025-07-31T12:00:00Z
2025-07-31,P00455,0,2025-08-31T12:00:00Z
2025-08-31,P00455,0,2025-10-01T12:00:00Z
2025-09-30,P00455,0,2025-10-31T12:00:00Z
2025-10-31,P00455,0,2025-12-01T12:00:00Z
2025-11-30,P00455,0,2025-12-31T12:00:00Z
2025-12-31,P00455,0,2026-01-31T12:00:00Z
2023-07-31,P00456,0,2023-08-31T12:00:00Z
2023-08-31,P00456,0,2023-10-01T12:00:00Z
2023-09-30,P00456,0,2023-10-31T12:00:00Z
2023-10-31,P00456,0,2023-12-01T12:00:00Z
2023-11-30,P00456,0,2023-12-31T12:00:00Z
2023-12-31,P00456,0,2024-01-31T12:00:00Z
2024-01-31,P00456,0,2024-03-02T12:00:00Z
2024-02-29,P00456,1,2024-03-31T12:00:00Z
2023-07-31,P00457,0,2023-08-31T12:00:00Z
2023-08-31,P00457,0,2023-10-01T12:00:00Z
2023-09-30,P00457,0,2023-10-31T12:00:00Z
2023-10-31,P00457,0,2023-12-01T12:00:00Z
2023-11-30,P00457,0,2023-12-31T12:00:00Z
2023-12-31,P00457,0,2024-01-31T12:00:00Z
2024-01-31,P00457,0,2024-03-02T12:00:00Z
2024-02-29,P00457,0,2024-03-31T12:00:00Z
2024-03-31,P00457,1,2024-05-01T12:00:00Z
2023-07-31,P00458,0,2023-08-31T12:00:00Z
2023-08-31,P00458,0,2023-10-01T12:00:00Z
2023-09-30,P00458,0,2023-10-31T12:00:00Z
2023-10-31,P00458,0,2023-12-01T12:00:00Z
2023-11-30,P00458,0,2023-12-31T12:00:00Z
2023-12-31,P00458,0,2024-01-31T12:00:00Z
2024-01-31,P00458,0,2024-03-02T12:00:00Z
2024-02-29,P00458,0,2024-03-31T12:00:00Z
2024-03-31,P00458,0,2024-05-01T12:00:00Z
2024-04-30,P00458,0,2024-05-31T12:00:00Z
2024-05-31,P00458,0,2024-07-01T12:00:00Z
2024-06-30,P00458,0,2024-07-31T12:00:00Z
2024-07-31,P00458,0,2024-08-31T12:00:00Z
2024-08-31,P00458,0,2024-10-01T12:00:00Z
2024-09-30,P00458,1,2024-10-31T12:00:00Z
2023-07-31,P00459,0,2023-08-31T12:00:00Z
2023-08-31,P00459,0,2023-10-01T12:00:00Z
2023-09-30,P00459,0,2023-10-31T12:00:00Z
2023-10-31,P00459,0,2023-12-01T12:00:00Z
2023-11-30,P00459,0,2023-12-31T12:00:00Z
2023-12-31,P00459,0,2024-01-31T12:00:00Z
2024-01-31,P00459,0,2024-03-02T12:00:00Z
2024-02-29,P00459,0,2024-03-31T12:00:00Z
2024-03-31,P00459,0,2024-05-01T12:00:00Z
2024-04-30,P00459,0,2024-05-31T12:00:00Z
2024-05-31,P00459,0,2024-07-01T12:00:00Z
2024-06-30,P00459,0,2024-07-31T12:00:00Z
2024-07-31,P00459,0,2024-08-31T12:00:00Z
2024-08-31,P00459,0,2024-10-01T12:00:00Z
2024-09-30,P00459,0,2024-10-31T12:00:00Z
2024-10-31,P00459,1,2024-12-01T12:00:00Z
2023-07-31,P00460,0,2023-08-31T12:00:00Z
2023-08-31,P00460,0,2023-10-01T12:00:00Z
2023-09-30,P00460,0,2023-10-31T12:00:00Z
2023-10-31,P00460,0,2023-12-01T12:00:00Z
2023-11-30,P00460,0,2023-12-31T12:00:00Z
2023-12-31,P00460,0,2024-01-31T12:00:00Z
2024-01-31,P00460,0,2024-03-02T12:00:00Z
2024-02-29,P00460,0,2024-03-31T12:00:00Z
2024-03-31,P00460,0,2024-05-01T12:00:00Z
2024-04-30,P00460,0,2024-05-31T12:00:00Z
2024-05-31,P00460,0,2024-07-01T12:00:00Z
2024-06-30,P00460,0,2024-07-31T12:00:00Z
2024-07-31,P00460,0,2024-08-31T12:00:00Z
2024-08-31,P00460,0,2024-10-01T12:00:00Z
2024-09-30,P00460,1,2024-10-31T12:00:00Z
2023-07-31,P00461,0,2023-08-31T12:00:00Z
2023-08-31,P00461,0,2023-10-01T12:00:00Z
2023-09-30,P00461,0,2023-10-31T12:00:00Z
2023-10-31,P00461,0,2023-12-01T12:00:00Z
2023-11-30,P00461,0,2023-12-31T12:00:00Z
2023-12-31,P00461,0,2024-01-31T12:00:00Z
2024-01-31,P00461,0,2024-03-02T12:00:00Z
2024-02-29,P00461,0,2024-03-31T12:00:00Z
2024-03-31,P00461,0,2024-05-01T12:00:00Z
2024-04-30,P00461,0,2024-05-31T12:00:00Z
2024-05-31,P00461,0,2024-07-01T12:00:00Z
2024-06-30,P00461,0,2024-07-31T12:00:00Z
2024-07-31,P00461,0,2024-08-31T12:00:00Z
2024-08-31,P00461,1,2024-10-01T12:00:00Z
2023-07-31,P00462,0,2023-08-31T12:00:00Z
2023-08-31,P00462,0,2023-10-01T12:00:00Z
2023-09-30,P00462,0,2023-10-31T12:00:00Z
2023-10-31,P00462,0,2023-12-01T12:00:00Z
2023-11-30,P00462,0,2023-12-31T12:00:00Z
2023-12-31,P00462,0,2024-01-31T12:00:00Z
2024-01-31,P00462,0,2024-03-02T12:00:00Z
2024-02-29,P00462,0,2024-03-31T12:00:00Z
2024-03-31,P00462,0,2024-05-01T12:00:00Z
2024-04-30,P00462,0,2024-05-31T12:00:00Z
2024-05-31,P00462,0,2024-07-01T12:00:00Z
2024-06-30,P00462,0,2024-07-31T12:00:00Z
2024-07-31,P00462,0,2024-08-31T12:00:00Z
2024-08-31,P00462,0,2024-10-01T12:00:00Z
2024-09-30,P00462,0,2024-10-31T12:00:00Z
2024-10-31,P00462,1,2024-12-01T12:00:00Z
2023-07-31,P00463,0,2023-08-31T12:00:00Z
2023-08-31,P00463,0,2023-10-01T12:00:00Z
2023-09-30,P00463,0,2023-10-31T12:00:00Z
2023-10-31,P00463,0,2023-12-01T12:00:00Z
2023-11-30,P00463,0,2023-12-31T12:00:00Z
2023-12-31,P00463,0,2024-01-31T12:00:00Z
2024-01-31,P00463,0,2024-03-02T12:00:00Z
2024-02-29,P00463,0,2024-03-31T12:00:00Z
2024-03-31,P00463,0,2024-05-01T12:00:00Z
2024-04-30,P00463,0,2024-05-31T12:00:00Z
2024-05-31,P00463,0,2024-07-01T12:00:00Z
2024-06-30,P00463,0,2024-07-31T12:00:00Z
2024-07-31,P00463,0,2024-08-31T12:00:00Z
2024-08-31,P00463,0,2024-10-01T12:00:00Z
2024-09-30,P00463,0,2024-10-31T12:00:00Z
2024-10-31,P00463,0,2024-12-01T12:00:00Z
2024-11-30,P00463,1,2024-12-31T12:00:00Z
2023-07-31,P00464,0,2023-08-31T12:00:00Z
2023-08-31,P00464,0,2023-10-01T12:00:00Z
2023-09-30,P00464,0,2023-10-31T12:00:00Z
2023-10-31,P00464,0,2023-12-01T12:00:00Z
2023-11-30,P00464,0,2023-12-31T12:00:00Z
2023-12-31,P00464,0,2024-01-31T12:00:00Z
2024-01-31,P00464,0,2024-03-02T12:00:00Z
2024-02-29,P00464,0,2024-03-31T12:00:00Z
2024-03-31,P00464,0,2024-05-01T12:00:00Z
2024-04-30,P00464,0,2024-05-31T12:00:00Z
2024-05-31,P00464,0,2024-07-01T12:00:00Z
2024-06-30,P00464,0,2024-07-31T12:00:00Z
2024-07-31,P00464,0,2024-08-31T12:00:00Z
2024-08-31,P00464,1,2024-10-01T12:00:00Z
2023-07-31,P00465,0,2023-08-31T12:00:00Z
2023-08-31,P00465,0,2023-10-01T12:00:00Z
2023-09-30,P00465,0,2023-10-31T12:00:00Z
2023-10-31,P00465,0,2023-12-01T12:00:00Z
2023-11-30,P00465,0,2023-12-31T12:00:00Z
2023-12-31,P00465,0,2024-01-31T12:00:00Z
2024-01-31,P00465,0,2024-03-02T12:00:00Z
2024-02-29,P00465,0,2024-03-31T12:00:00Z
2024-03-31,P00465,0,2024-05-01T12:00:00Z
2024-04-30,P00465,0,2024-05-31T12:00:00Z
2024-05-31,P00465,0,2024-07-01T12:00:00Z
2024-06-30,P00465,0,2024-07-31T12:00:00Z
2024-07-31,P00465,0,2024-08-31T12:00:00Z
2024-08-31,P00465,1,2024-10-01T12:00:00Z
2023-07-31,P00466,0,2023-08-31T12:00:00Z
2023-08-31,P00466,0,2023-10-01T12:00:00Z
2023-09-30,P00466,0,2023-10-31T12:00:00Z
2023-10-31,P00466,0,2023-12-01T12:00:00Z
2023-11-30,P00466,0,2023-12-31T12:00:00Z
2023-12-31,P00466,0,2024-01-31T12:00:00Z
2024-01-31,P00466,0,2024-03-02T12:00:00Z
2024-02-29,P00466,0,2024-03-31T12:00:00Z
2024-03-31,P00466,0,2024-05-01T12:00:00Z
2024-04-30,P00466,0,2024-05-31T12:00:00Z
2024-05-31,P00466,0,2024-07-01T12:00:00Z
2024-06-30,P00466,0,2024-07-31T12:00:00Z
2024-07-31,P00466,0,2024-08-31T12:00:00Z
2024-08-31,P00466,0,2024-10-01T12:00:00Z
2024-09-30,P00466,0,2024-10-31T12:00:00Z
2024-10-31,P00466,0,2024-12-01T12:00:00Z
2024-11-30,P00466,0,2024-12-31T12:00:00Z
2024-12-31,P00466,0,2025-01-31T12:00:00Z
2025-01-31,P00466,0,2025-03-03T12:00:00Z
2025-02-28,P00466,0,2025-03-31T12:00:00Z
2025-03-31,P00466,0,2025-05-01T12:00:00Z
2025-04-30,P00466,0,2025-05-31T12:00:00Z
2025-05-31,P00466,0,2025-07-01T12:00:00Z
2025-06-30,P00466,0,2025-07-31T12:00:00Z
2025-07-31,P00466,0,2025-08-31T12:00:00Z
2025-08-31,P00466,0,2025-10-01T12:00:00Z
2025-09-30,P00466,0,2025-10-31T12:00:00Z
2025-10-31,P00466,0,2025-12-01T12:00:00Z
2025-11-30,P00466,0,2025-12-31T12:00:00Z
2025-12-31,P00466,0,2026-01-31T12:00:00Z
2023-07-31,P00467,0,2023-08-31T12:00:00Z
2023-08-31,P00467,0,2023-10-01T12:00:00Z
2023-09-30,P00467,0,2023-10-31T12:00:00Z
2023-10-31,P00467,0,2023-12-01T12:00:00Z
2023-11-30,P00467,0,2023-12-31T12:00:00Z
2023-12-31,P00467,0,2024-01-31T12:00:00Z
2024-01-31,P00467,0,2024-03-02T12:00:00Z
2024-02-29,P00467,0,2024-03-31T12:00:00Z
2024-03-31,P00467,0,2024-05-01T12:00:00Z
2024-04-30,P00467,0,2024-05-31T12:00:00Z
2024-05-31,P00467,0,2024-07-01T12:00:00Z
2024-06-30,P00467,0,2024-07-31T12:00:00Z
2024-07-31,P00467,0,2024-08-31T12:00:00Z
2024-08-31,P00467,0,2024-10-01T12:00:00Z
2024-09-30,P00467,0,2024-10-31T12:00:00Z
2024-10-31,P00467,0,2024-12-01T12:00:00Z
2024-11-30,P00467,0,2024-12-31T12:00:00Z
2024-12-31,P00467,0,2025-01-31T12:00:00Z
2025-01-31,P00467,0,2025-03-03T12:00:00Z
2025-02-28,P00467,0,2025-03-31T12:00:00Z
2025-03-31,P00467,0,2025-05-01T12:00:00Z
2025-04-30,P00467,0,2025-05-31T12:00:00Z
2025-05-31,P00467,0,2025-07-01T12:00:00Z
2025-06-30,P00467,0,2025-07-31T12:00:00Z
2025-07-31,P00467,0,2025-08-31T12:00:00Z
2025-08-31,P00467,0,2025-10-01T12:00:00Z
2025-09-30,P00467,0,2025-10-31T12:00:00Z
2025-10-31,P00467,0,2025-12-01T12:00:00Z
2025-11-30,P00467,0,2025-12-31T12:00:00Z
2025-12-31,P00467,0,2026-01-31T12:00:00Z
2023-07-31,P00468,0,2023-08-31T12:00:00Z
2023-08-31,P00468,0,2023-10-01T12:00:00Z
2023-09-30,P00468,0,2023-10-31T12:00:00Z
2023-10-31,P00468,0,2023-12-01T12:00:00Z
2023-11-30,P00468,0,2023-12-31T12:00:00Z
2023-12-31,P00468,0,2024-01-31T12:00:00Z
2024-01-31,P00468,0,2024-03-02T12:00:00Z
2024-02-29,P00468,0,2024-03-31T12:00:00Z
2024-03-31,P00468,0,2024-05-01T12:00:00Z
2024-04-30,P00468,0,2024-05-31T12:00:00Z
2024-05-31,P00468,0,2024-07-01T12:00:00Z
2024-06-30,P00468,0,2024-07-31T12:00:00Z
2024-07-31,P00468,0,2024-08-31T12:00:00Z
2024-08-31,P00468,0,2024-10-01T12:00:00Z
2024-09-30,P00468,0,2024-10-31T12:00:00Z
2024-10-31,P00468,0,2024-12-01T12:00:00Z
2024-11-30,P00468,0,2024-12-31T12:00:00Z
2024-12-31,P00468,0,2025-01-31T12:00:00Z
2025-01-31,P00468,0,2025-03-03T12:00:00Z
2025-02-28,P00468,0,2025-03-31T12:00:00Z
2025-03-31,P00468,0,2025-05-01T12:00:00Z
2025-04-30,P00468,0,2025-05-31T12:00:00Z
2025-05-31,P00468,0,2025-07-01T12:00:00Z
2025-06-30,P00468,0,2025-07-31T12:00:00Z
2025-07-31,P00468,0,2025-08-31T12:00:00Z
2025-08-31,P00468,0,2025-10-01T12:00:00Z
2025-09-30,P00468,0,2025-10-31T12:00:00Z
2025-10-31,P00468,0,2025-12-01T12:00:00Z
2025-11-30,P00468,0,2025-12-31T12:00:00Z
2025-12-31,P00468,0,2026-01-31T12:00:00Z
2023-07-31,P00469,0,2023-08-31T12:00:00Z
2023-08-31,P00469,0,2023-10-01T12:00:00Z
2023-09-30,P00469,0,2023-10-31T12:00:00Z
2023-10-31,P00469,0,2023-12-01T12:00:00Z
2023-11-30,P00469,0,2023-12-31T12:00:00Z
2023-12-31,P00469,0,2024-01-31T12:00:00Z
2024-01-31,P00469,0,2024-03-02T12:00:00Z
2024-02-29,P00469,0,2024-03-31T12:00:00Z
2024-03-31,P00469,0,2024-05-01T12:00:00Z
2024-04-30,P00469,0,2024-05-31T12:00:00Z
2024-05-31,P00469,0,2024-07-01T12:00:00Z
2024-06-30,P00469,0,2024-07-31T12:00:00Z
2024-07-31,P00469,0,2024-08-31T12:00:00Z
2024-08-31,P00469,0,2024-10-01T12:00:00Z
2024-09-30,P00469,0,2024-10-31T12:00:00Z
2024-10-31,P00469,0,2024-12-01T12:00:00Z
2024-11-30,P00469,0,2024-12-31T12:00:00Z
2024-12-31,P00469,0,2025-01-31T12:00:00Z
2025-01-31,P00469,0,2025-03-03T12:00:00Z
2025-02-28,P00469,0,2025-03-31T12:00:00Z
2025-03-31,P00469,0,2025-05-01T12:00:00Z
2025-04-30,P00469,0,2025-05-31T12:00:00Z
2025-05-31,P00469,0,2025-07-01T12:00:00Z
2025-06-30,P00469,0,2025-07-31T12:00:00Z
2025-07-31,P00469,0,2025-08-31T12:00:00Z
2025-08-31,P00469,0,2025-10-01T12:00:00Z
2025-09-30,P00469,0,2025-10-31T12:00:00Z
2025-10-31,P00469,0,2025-12-01T12:00:00Z
2025-11-30,P00469,0,2025-12-31T12:00:00Z
2025-12-31,P00469,0,2026-01-31T12:00:00Z
2023-07-31,P00470,0,2023-08-31T12:00:00Z
2023-08-31,P00470,0,2023-10-01T12:00:00Z
2023-09-30,P00470,0,2023-10-31T12:00:00Z
2023-10-31,P00470,0,2023-12-01T12:00:00Z
2023-11-30,P00470,0,2023-12-31T12:00:00Z
2023-12-31,P00470,0,2024-01-31T12:00:00Z
2024-01-31,P00470,0,2024-03-02T12:00:00Z
2024-02-29,P00470,0,2024-03-31T12:00:00Z
2024-03-31,P00470,0,2024-05-01T12:00:00Z
2024-04-30,P00470,0,2024-05-31T12:00:00Z
2024-05-31,P00470,0,2024-07-01T12:00:00Z
2024-06-30,P00470,0,2024-07-31T12:00:00Z
2024-07-31,P00470,0,2024-08-31T12:00:00Z
2024-08-31,P00470,0,2024-10-01T12:00:00Z
2024-09-30,P00470,0,2024-10-31T12:00:00Z
2024-10-31,P00470,0,2024-12-01T12:00:00Z
2024-11-30,P00470,1,2024-12-31T12:00:00Z
2023-07-31,P00471,0,2023-08-31T12:00:00Z
2023-08-31,P00471,0,2023-10-01T12:00:00Z
2023-09-30,P00471,0,2023-10-31T12:00:00Z
2023-10-31,P00471,0,2023-12-01T12:00:00Z
2023-11-30,P00471,0,2023-12-31T12:00:00Z
2023-12-31,P00471,0,2024-01-31T12:00:00Z
2024-01-31,P00471,0,2024-03-02T12:00:00Z
2024-02-29,P00471,0,2024-03-31T12:00:00Z
2024-03-31,P00471,0,2024-05-01T12:00:00Z
2024-04-30,P00471,0,2024-05-31T12:00:00Z
2024-05-31,P00471,0,2024-07-01T12:00:00Z
2024-06-30,P00471,0,2024-07-31T12:00:00Z
2024-07-31,P00471,0,2024-08-31T12:00:00Z
2024-08-31,P00471,0,2024-10-01T12:00:00Z
2024-09-30,P00471,0,2024-10-31T12:00:00Z
2024-10-31,P00471,0,2024-12-01T12:00:00Z
2024-11-30,P00471,0,2024-12-31T12:00:00Z
2024-12-31,P00471,0,2025-01-31T12:00:00Z
2025-01-31,P00471,0,2025-03-03T12:00:00Z
2025-02-28,P00471,0,2025-03-31T12:00:00Z
2025-03-31,P00471,0,2025-05-01T12:00:00Z
2025-04-30,P00471,0,2025-05-31T12:00:00Z
2025-05-31,P00471,0,2025-07-01T12:00:00Z
2025-06-30,P00471,0,2025-07-31T12:00:00Z
2025-07-31,P00471,0,2025-08-31T12:00:00Z
2025-08-31,P00471,0,2025-10-01T12:00:00Z
2025-09-30,P00471,0,2025-10-31T12:00:00Z
2025-10-31,P00471,0,2025-12-01T12:00:00Z
2025-11-30,P00471,0,2025-12-31T12:00:00Z
2025-12-31,P00471,0,2026-01-31T12:00:00Z
2023-07-31,P00472,0,2023-08-31T12:00:00Z
2023-08-31,P00472,0,2023-10-01T12:00:00Z
2023-09-30,P00472,0,2023-10-31T12:00:00Z
2023-10-31,P00472,0,2023-12-01T12:00:00Z
2023-11-30,P00472,0,2023-12-31T12:00:00Z
2023-12-31,P00472,0,2024-01-31T12:00:00Z
2024-01-31,P00472,0,2024-03-02T12:00:00Z
2024-02-29,P00472,0,2024-03-31T12:00:00Z
2024-03-31,P00472,0,2024-05-01T12:00:00Z
2024-04-30,P00472,0,2024-05-31T12:00:00Z
2024-05-31,P00472,0,2024-07-01T12:00:00Z
2024-06-30,P00472,0,2024-07-31T12:00:00Z
2024-07-31,P00472,0,2024-08-31T12:00:00Z
2024-08-31,P00472,0,2024-10-01T12:00:00Z
2024-09-30,P00472,0,2024-10-31T12:00:00Z
2024-10-31,P00472,0,2024-12-01T12:00:00Z
2024-11-30,P00472,0,2024-12-31T12:00:00Z
2024-12-31,P00472,0,2025-01-31T12:00:00Z
2025-01-31,P00472,0,2025-03-03T12:00:00Z
2025-02-28,P00472,0,2025-03-31T12:00:00Z
2025-03-31,P00472,0,2025-05-01T12:00:00Z
2025-04-30,P00472,0,2025-05-31T12:00:00Z
2025-05-31,P00472,0,2025-07-01T12:00:00Z
2025-06-30,P00472,0,2025-07-31T12:00:00Z
2025-07-31,P00472,0,2025-08-31T12:00:00Z
2025-08-31,P00472,0,2025-10-01T12:00:00Z
2025-09-30,P00472,0,2025-10-31T12:00:00Z
2025-10-31,P00472,0,2025-12-01T12:00:00Z
2025-11-30,P00472,0,2025-12-31T12:00:00Z
2025-12-31,P00472,0,2026-01-31T12:00:00Z
2023-07-31,P00473,0,2023-08-31T12:00:00Z
2023-08-31,P00473,0,2023-10-01T12:00:00Z
2023-09-30,P00473,0,2023-10-31T12:00:00Z
2023-10-31,P00473,0,2023-12-01T12:00:00Z
2023-11-30,P00473,0,2023-12-31T12:00:00Z
2023-12-31,P00473,0,2024-01-31T12:00:00Z
2024-01-31,P00473,0,2024-03-02T12:00:00Z
2024-02-29,P00473,0,2024-03-31T12:00:00Z
2024-03-31,P00473,0,2024-05-01T12:00:00Z
2024-04-30,P00473,0,2024-05-31T12:00:00Z
2024-05-31,P00473,0,2024-07-01T12:00:00Z
2024-06-30,P00473,0,2024-07-31T12:00:00Z
2024-07-31,P00473,1,2024-08-31T12:00:00Z
2023-07-31,P00474,0,2023-08-31T12:00:00Z
2023-08-31,P00474,0,2023-10-01T12:00:00Z
2023-09-30,P00474,0,2023-10-31T12:00:00Z
2023-10-31,P00474,0,2023-12-01T12:00:00Z
2023-11-30,P00474,0,2023-12-31T12:00:00Z
2023-12-31,P00474,0,2024-01-31T12:00:00Z
2024-01-31,P00474,0,2024-03-02T12:00:00Z
2024-02-29,P00474,0,2024-03-31T12:00:00Z
2024-03-31,P00474,0,2024-05-01T12:00:00Z
2024-04-30,P00474,0,2024-05-31T12:00:00Z
2024-05-31,P00474,0,2024-07-01T12:00:00Z
2024-06-30,P00474,0,2024-07-31T12:00:00Z
2024-07-31,P00474,1,2024-08-31T12:00:00Z
2023-07-31,P00475,0,2023-08-31T12:00:00Z
2023-08-31,P00475,0,2023-10-01T12:00:00Z
2023-09-30,P00475,0,2023-10-31T12:00:00Z
2023-10-31,P00475,0,2023-12-01T12:00:00Z
2023-11-30,P00475,0,2023-12-31T12:00:00Z
2023-12-31,P00475,0,2024-01-31T12:00:00Z
2024-01-31,P00475,0,2024-03-02T12:00:00Z
2024-02-29,P00475,0,2024-03-31T12:00:00Z
2024-03-31,P00475,0,2024-05-01T12:00:00Z
2024-04-30,P00475,0,2024-05-31T12:00:00Z
2024-05-31,P00475,0,2024-07-01T12:00:00Z
2024-06-30,P00475,1,2024-07-31T12:00:00Z
2023-07-31,P00476,0,2023-08-31T12:00:00Z
2023-08-31,P00476,0,2023-10-01T12:00:00Z
2023-09-30,P00476,0,2023-10-31T12:00:00Z
2023-10-31,P00476,0,2023-12-01T12:00:00Z
2023-11-30,P00476,0,2023-12-31T12:00:00Z
2023-12-31,P00476,0,2024-01-31T12:00:00Z
2024-01-31,P00476,0,2024-03-02T12:00:00Z
2024-02-29,P00476,0,2024-03-31T12:00:00Z
2024-03-31,P00476,0,2024-05-01T12:00:00Z
2024-04-30,P00476,0,2024-05-31T12:00:00Z
2024-05-31,P00476,0,2024-07-01T12:00:00Z
2024-06-30,P00476,0,2024-07-31T12:00:00Z
2024-07-31,P00476,0,2024-08-31T12:00:00Z
2024-08-31,P00476,0,2024-10-01T12:00:00Z
2024-09-30,P00476,0,2024-10-31T12:00:00Z
2024-10-31,P00476,0,2024-12-01T12:00:00Z
2024-11-30,P00476,0,2024-12-31T12:00:00Z
2024-12-31,P00476,0,2025-01-31T12:00:00Z
2025-01-31,P00476,0,2025-03-03T12:00:00Z
2025-02-28,P00476,0,2025-03-31T12:00:00Z
2025-03-31,P00476,0,2025-05-01T12:00:00Z
2025-04-30,P00476,0,2025-05-31T12:00:00Z
2025-05-31,P00476,0,2025-07-01T12:00:00Z
2025-06-30,P00476,0,2025-07-31T12:00:00Z
2025-07-31,P00476,0,2025-08-31T12:00:00Z
2025-08-31,P00476,0,2025-10-01T12:00:00Z
2025-09-30,P00476,0,2025-10-31T12:00:00Z
2025-10-31,P00476,0,2025-12-01T12:00:00Z
2025-11-30,P00476,0,2025-12-31T12:00:00Z
2025-12-31,P00476,0,2026-01-31T12:00:00Z
2023-07-31,P00477,0,2023-08-31T12:00:00Z
2023-08-31,P00477,0,2023-10-01T12:00:00Z
2023-09-30,P00477,0,2023-10-31T12:00:00Z
2023-10-31,P00477,0,2023-12-01T12:00:00Z
2023-11-30,P00477,0,2023-12-31T12:00:00Z
2023-12-31,P00477,0,2024-01-31T12:00:00Z
2024-01-31,P00477,0,2024-03-02T12:00:00Z
2024-02-29,P00477,0,2024-03-31T12:00:00Z
2024-03-31,P00477,1,2024-05-01T12:00:00Z
2023-07-31,P00478,0,2023-08-31T12:00:00Z
2023-08-31,P00478,0,2023-10-01T12:00:00Z
2023-09-30,P00478,0,2023-10-31T12:00:00Z
2023-10-31,P00478,0,2023-12-01T12:00:00Z
2023-11-30,P00478,0,2023-12-31T12:00:00Z
2023-12-31,P00478,0,2024-01-31T12:00:00Z
2024-01-31,P00478,0,2024-03-02T12:00:00Z
2024-02-29,P00478,0,2024-03-31T12:00:00Z
2024-03-31,P00478,0,2024-05-01T12:00:00Z
2024-04-30,P00478,0,2024-05-31T12:00:00Z
2024-05-31,P00478,0,2024-07-01T12:00:00Z
2024-06-30,P00478,0,2024-07-31T12:00:00Z
2024-07-31,P00478,0,2024-08-31T12:00:00Z
2024-08-31,P00478,0,2024-10-01T12:00:00Z
2024-09-30,P00478,0,2024-10-31T12:00:00Z
2024-10-31,P00478,0,2024-12-01T12:00:00Z
2024-11-30,P00478,0,2024-12-31T12:00:00Z
2024-12-31,P00478,0,2025-01-31T12:00:00Z
2025-01-31,P00478,0,2025-03-03T12:00:00Z
2025-02-28,P00478,0,2025-03-31T12:00:00Z
2025-03-31,P00478,0,2025-05-01T12:00:00Z
2025-04-30,P00478,0,2025-05-31T12:00:00Z
2025-05-31,P00478,0,2025-07-01T12:00:00Z
2025-06-30,P00478,0,2025-07-31T12:00:00Z
2025-07-31,P00478,0,2025-08-31T12:00:00Z
2025-08-31,P00478,0,2025-10-01T12:00:00Z
2025-09-30,P00478,0,2025-10-31T12:00:00Z
2025-10-31,P00478,0,2025-12-01T12:00:00Z
2025-11-30,P00478,0,2025-12-31T12:00:00Z
2025-12-31,P00478,0,2026-01-31T12:00:00Z
2023-07-31,P00479,0,2023-08-31T12:00:00Z
2023-08-31,P00479,0,2023-10-01T12:00:00Z
2023-09-30,P00479,0,2023-10-31T12:00:00Z
2023-10-31,P00479,0,2023-12-01T12:00:00Z
2023-11-30,P00479,0,2023-12-31T12:00:00Z
2023-12-31,P00479,0,2024-01-31T12:00:00Z
2024-01-31,P00479,0,2024-03-02T12:00:00Z
2024-02-29,P00479,0,2024-03-31T12:00:00Z
2024-03-31,P00479,0,2024-05-01T12:00:00Z
2024-04-30,P00479,0,2024-05-31T12:00:00Z
2024-05-31,P00479,0,2024-07-01T12:00:00Z
2024-06-30,P00479,0,2024-07-31T12:00:00Z
2024-07-31,P00479,0,2024-08-31T12:00:00Z
2024-08-31,P00479,0,2024-10-01T12:00:00Z
2024-09-30,P00479,0,2024-10-31T12:00:00Z
2024-10-31,P00479,0,2024-12-01T12:00:00Z
2024-11-30,P00479,0,2024-12-31T12:00:00Z
2024-12-31,P00479,0,2025-01-31T12:00:00Z
2025-01-31,P00479,0,2025-03-03T12:00:00Z
2025-02-28,P00479,0,2025-03-31T12:00:00Z
2025-03-31,P00479,0,2025-05-01T12:00:00Z
2025-04-30,P00479,0,2025-05-31T12:00:00Z
2025-05-31,P00479,0,2025-07-01T12:00:00Z
2025-06-30,P00479,0,2025-07-31T12:00:00Z
2025-07-31,P00479,0,2025-08-31T12:00:00Z
2025-08-31,P00479,0,2025-10-01T12:00:00Z
2025-09-30,P00479,0,2025-10-31T12:00:00Z
2025-10-31,P00479,0,2025-12-01T12:00:00Z
2025-11-30,P00479,0,2025-12-31T12:00:00Z
2025-12-31,P00479,0,2026-01-31T12:00:00Z
2023-07-31,P00480,0,2023-08-31T12:00:00Z
2023-08-31,P00480,0,2023-10-01T12:00:00Z
2023-09-30,P00480,0,2023-10-31T12:00:00Z
2023-10-31,P00480,0,2023-12-01T12:00:00Z
2023-11-30,P00480,0,2023-12-31T12:00:00Z
2023-12-31,P00480,0,2024-01-31T12:00:00Z
2024-01-31,P00480,0,2024-03-02T12:00:00Z
2024-02-29,P00480,0,2024-03-31T12:00:00Z
2024-03-31,P00480,0,2024-05-01T12:00:00Z
2024-04-30,P00480,0,2024-05-31T12:00:00Z
2024-05-31,P00480,0,2024-07-01T12:00:00Z
2024-06-30,P00480,0,2024-07-31T12:00:00Z
2024-07-31,P00480,0,2024-08-31T12:00:00Z
2024-08-31,P00480,0,2024-10-01T12:00:00Z
2024-09-30,P00480,0,2024-10-31T12:00:00Z
2024-10-31,P00480,0,2024-12-01T12:00:00Z
2024-11-30,P00480,0,2024-12-31T12:00:00Z
2024-12-31,P00480,0,2025-01-31T12:00:00Z
2025-01-31,P00480,0,2025-03-03T12:00:00Z
2025-02-28,P00480,0,2025-03-31T12:00:00Z
2025-03-31,P00480,0,2025-05-01T12:00:00Z
2025-04-30,P00480,0,2025-05-31T12:00:00Z
2025-05-31,P00480,0,2025-07-01T12:00:00Z
2025-06-30,P00480,0,2025-07-31T12:00:00Z
2025-07-31,P00480,0,2025-08-31T12:00:00Z
2025-08-31,P00480,0,2025-10-01T12:00:00Z
2025-09-30,P00480,0,2025-10-31T12:00:00Z
2025-10-31,P00480,0,2025-12-01T12:00:00Z
2025-11-30,P00480,0,2025-12-31T12:00:00Z
2025-12-31,P00480,0,2026-01-31T12:00:00Z
2023-07-31,P00481,0,2023-08-31T12:00:00Z
2023-08-31,P00481,0,2023-10-01T12:00:00Z
2023-09-30,P00481,0,2023-10-31T12:00:00Z
2023-10-31,P00481,0,2023-12-01T12:00:00Z
2023-11-30,P00481,0,2023-12-31T12:00:00Z
2023-12-31,P00481,0,2024-01-31T12:00:00Z
2024-01-31,P00481,0,2024-03-02T12:00:00Z
2024-02-29,P00481,0,2024-03-31T12:00:00Z
2024-03-31,P00481,0,2024-05-01T12:00:00Z
2024-04-30,P00481,0,2024-05-31T12:00:00Z
2024-05-31,P00481,0,2024-07-01T12:00:00Z
2024-06-30,P00481,0,2024-07-31T12:00:00Z
2024-07-31,P00481,0,2024-08-31T12:00:00Z
2024-08-31,P00481,0,2024-10-01T12:00:00Z
2024-09-30,P00481,0,2024-10-31T12:00:00Z
2024-10-31,P00481,0,2024-12-01T12:00:00Z
2024-11-30,P00481,0,2024-12-31T12:00:00Z
2024-12-31,P00481,0,2025-01-31T12:00:00Z
2025-01-31,P00481,1,2025-03-03T12:00:00Z
2023-07-31,P00482,0,2023-08-31T12:00:00Z
2023-08-31,P00482,0,2023-10-01T12:00:00Z
2023-09-30,P00482,0,2023-10-31T12:00:00Z
2023-10-31,P00482,0,2023-12-01T12:00:00Z
2023-11-30,P00482,0,2023-12-31T12:00:00Z
2023-12-31,P00482,0,2024-01-31T12:00:00Z
2024-01-31,P00482,0,2024-03-02T12:00:00Z
2024-02-29,P00482,0,2024-03-31T12:00:00Z
2024-03-31,P00482,0,2024-05-01T12:00:00Z
2024-04-30,P00482,0,2024-05-31T12:00:00Z
2024-05-31,P00482,0,2024-07-01T12:00:00Z
2024-06-30,P00482,0,2024-07-31T12:00:00Z
2024-07-31,P00482,0,2024-08-31T12:00:00Z
2024-08-31,P00482,0,2024-10-01T12:00:00Z
2024-09-30,P00482,0,2024-10-31T12:00:00Z
2024-10-31,P00482,0,2024-12-01T12:00:00Z
2024-11-30,P00482,0,2024-12-31T12:00:00Z
2024-12-31,P00482,0,2025-01-31T12:00:00Z
2025-01-31,P00482,0,2025-03-03T12:00:00Z
2025-02-28,P00482,0,2025-03-31T12:00:00Z
2025-03-31,P00482,0,2025-05-01T12:00:00Z
2025-04-30,P00482,0,2025-05-31T12:00:00Z
2025-05-31,P00482,0,2025-07-01T12:00:00Z
2025-06-30,P00482,0,2025-07-31T12:00:00Z
2025-07-31,P00482,0,2025-08-31T12:00:00Z
2025-08-31,P00482,0,2025-10-01T12:00:00Z
2025-09-30,P00482,0,2025-10-31T12:00:00Z
2025-10-31,P00482,0,2025-12-01T12:00:00Z
2025-11-30,P00482,0,2025-12-31T12:00:00Z
2025-12-31,P00482,0,2026-01-31T12:00:00Z
2023-07-31,P00483,0,2023-08-31T12:00:00Z
2023-08-31,P00483,0,2023-10-01T12:00:00Z
2023-09-30,P00483,0,2023-10-31T12:00:00Z
2023-10-31,P00483,0,2023-12-01T12:00:00Z
2023-11-30,P00483,0,2023-12-31T12:00:00Z
2023-12-31,P00483,0,2024-01-31T12:00:00Z
2024-01-31,P00483,0,2024-03-02T12:00:00Z
2024-02-29,P00483,0,2024-03-31T12:00:00Z
2024-03-31,P00483,0,2024-05-01T12:00:00Z
2024-04-30,P00483,0,2024-05-31T12:00:00Z
2024-05-31,P00483,0,2024-07-01T12:00:00Z
2024-06-30,P00483,0,2024-07-31T12:00:00Z
2024-07-31,P00483,0,2024-08-31T12:00:00Z
2024-08-31,P00483,0,2024-10-01T12:00:00Z
2024-09-30,P00483,0,2024-10-31T12:00:00Z
2024-10-31,P00483,0,2024-12-01T12:00:00Z
2024-11-30,P00483,0,2024-12-31T12:00:00Z
2024-12-31,P00483,0,2025-01-31T12:00:00Z
2025-01-31,P00483,0,2025-03-03T12:00:00Z
2025-02-28,P00483,0,2025-03-31T12:00:00Z
2025-03-31,P00483,0,2025-05-01T12:00:00Z
2025-04-30,P00483,0,2025-05-31T12:00:00Z
2025-05-31,P00483,0,2025-07-01T12:00:00Z
2025-06-30,P00483,0,2025-07-31T12:00:00Z
2025-07-31,P00483,0,2025-08-31T12:00:00Z
2025-08-31,P00483,0,2025-10-01T12:00:00Z
2025-09-30,P00483,0,2025-10-31T12:00:00Z
2025-10-31,P00483,0,2025-12-01T12:00:00Z
2025-11-30,P00483,0,2025-12-31T12:00:00Z
2025-12-31,P00483,0,2026-01-31T12:00:00Z
2023-07-31,P00484,0,2023-08-31T12:00:00Z
2023-08-31,P00484,0,2023-10-01T12:00:00Z
2023-09-30,P00484,0,2023-10-31T12:00:00Z
2023-10-31,P00484,0,2023-12-01T12:00:00Z
2023-11-30,P00484,0,2023-12-31T12:00:00Z
2023-12-31,P00484,0,2024-01-31T12:00:00Z
2024-01-31,P00484,0,2024-03-02T12:00:00Z
2024-02-29,P00484,0,2024-03-31T12:00:00Z
2024-03-31,P00484,0,2024-05-01T12:00:00Z
2024-04-30,P00484,0,2024-05-31T12:00:00Z
2024-05-31,P00484,0,2024-07-01T12:00:00Z
2024-06-30,P00484,0,2024-07-31T12:00:00Z
2024-07-31,P00484,0,2024-08-31T12:00:00Z
2024-08-31,P00484,0,2024-10-01T12:00:00Z
2024-09-30,P00484,0,2024-10-31T12:00:00Z
2024-10-31,P00484,0,2024-12-01T12:00:00Z
2024-11-30,P00484,0,2024-12-31T12:00:00Z
2024-12-31,P00484,0,2025-01-31T12:00:00Z
2025-01-31,P00484,0,2025-03-03T12:00:00Z
2025-02-28,P00484,0,2025-03-31T12:00:00Z
2025-03-31,P00484,0,2025-05-01T12:00:00Z
2025-04-30,P00484,0,2025-05-31T12:00:00Z
2025-05-31,P00484,0,2025-07-01T12:00:00Z
2025-06-30,P00484,0,2025-07-31T12:00:00Z
2025-07-31,P00484,0,2025-08-31T12:00:00Z
2025-08-31,P00484,0,2025-10-01T12:00:00Z
2025-09-30,P00484,0,2025-10-31T12:00:00Z
2025-10-31,P00484,0,2025-12-01T12:00:00Z
2025-11-30,P00484,0,2025-12-31T12:00:00Z
2025-12-31,P00484,0,2026-01-31T12:00:00Z
2023-07-31,P00485,0,2023-08-31T12:00:00Z
2023-08-31,P00485,0,2023-10-01T12:00:00Z
2023-09-30,P00485,0,2023-10-31T12:00:00Z
2023-10-31,P00485,0,2023-12-01T12:00:00Z
2023-11-30,P00485,0,2023-12-31T12:00:00Z
2023-12-31,P00485,0,2024-01-31T12:00:00Z
2024-01-31,P00485,0,2024-03-02T12:00:00Z
2024-02-29,P00485,0,2024-03-31T12:00:00Z
2024-03-31,P00485,1,2024-05-01T12:00:00Z
2023-07-31,P00486,0,2023-08-31T12:00:00Z
2023-08-31,P00486,0,2023-10-01T12:00:00Z
2023-09-30,P00486,0,2023-10-31T12:00:00Z
2023-10-31,P00486,0,2023-12-01T12:00:00Z
2023-11-30,P00486,0,2023-12-31T12:00:00Z
2023-12-31,P00486,0,2024-01-31T12:00:00Z
2024-01-31,P00486,0,2024-03-02T12:00:00Z
2024-02-29,P00486,0,2024-03-31T12:00:00Z
2024-03-31,P00486,0,2024-05-01T12:00:00Z
2024-04-30,P00486,0,2024-05-31T12:00:00Z
2024-05-31,P00486,0,2024-07-01T12:00:00Z
2024-06-30,P00486,0,2024-07-31T12:00:00Z
2024-07-31,P00486,0,2024-08-31T12:00:00Z
2024-08-31,P00486,0,2024-10-01T12:00:00Z
2024-09-30,P00486,0,2024-10-31T12:00:00Z
2024-10-31,P00486,0,2024-12-01T12:00:00Z
2024-11-30,P00486,0,2024-12-31T12:00:00Z
2024-12-31,P00486,0,2025-01-31T12:00:00Z
2025-01-31,P00486,0,2025-03-03T12:00:00Z
2025-02-28,P00486,0,2025-03-31T12:00:00Z
2025-03-31,P00486,0,2025-05-01T12:00:00Z
2025-04-30,P00486,0,2025-05-31T12:00:00Z
2025-05-31,P00486,0,2025-07-01T12:00:00Z
2025-06-30,P00486,0,2025-07-31T12:00:00Z
2025-07-31,P00486,0,2025-08-31T12:00:00Z
2025-08-31,P00486,0,2025-10-01T12:00:00Z
2025-09-30,P00486,0,2025-10-31T12:00:00Z
2025-10-31,P00486,0,2025-12-01T12:00:00Z
2025-11-30,P00486,0,2025-12-31T12:00:00Z
2025-12-31,P00486,0,2026-01-31T12:00:00Z
2023-07-31,P00487,0,2023-08-31T12:00:00Z
2023-08-31,P00487,0,2023-10-01T12:00:00Z
2023-09-30,P00487,0,2023-10-31T12:00:00Z
2023-10-31,P00487,0,2023-12-01T12:00:00Z
2023-11-30,P00487,0,2023-12-31T12:00:00Z
2023-12-31,P00487,0,2024-01-31T12:00:00Z
2024-01-31,P00487,0,2024-03-02T12:00:00Z
2024-02-29,P00487,0,2024-03-31T12:00:00Z
2024-03-31,P00487,0,2024-05-01T12:00:00Z
2024-04-30,P00487,0,2024-05-31T12:00:00Z
2024-05-31,P00487,0,2024-07-01T12:00:00Z
2024-06-30,P00487,0,2024-07-31T12:00:00Z
2024-07-31,P00487,0,2024-08-31T12:00:00Z
2024-08-31,P00487,0,2024-10-01T12:00:00Z
2024-09-30,P00487,0,2024-10-31T12:00:00Z
2024-10-31,P00487,0,2024-12-01T12:00:00Z
2024-11-30,P00487,0,2024-12-31T12:00:00Z
2024-12-31,P00487,0,2025-01-31T12:00:00Z
2025-01-31,P00487,0,2025-03-03T12:00:00Z
2025-02-28,P00487,0,2025-03-31T12:00:00Z
2025-03-31,P00487,0,2025-05-01T12:00:00Z
2025-04-30,P00487,0,2025-05-31T12:00:00Z
2025-05-31,P00487,0,2025-07-01T12:00:00Z
2025-06-30,P00487,0,2025-07-31T12:00:00Z
2025-07-31,P00487,0,2025-08-31T12:00:00Z
2025-08-31,P00487,0,2025-10-01T12:00:00Z
2025-09-30,P00487,0,2025-10-31T12:00:00Z
2025-10-31,P00487,0,2025-12-01T12:00:00Z
2025-11-30,P00487,0,2025-12-31T12:00:00Z
2025-12-31,P00487,0,2026-01-31T12:00:00Z
2023-07-31,P00488,0,2023-08-31T12:00:00Z
2023-08-31,P00488,0,2023-10-01T12:00:00Z
2023-09-30,P00488,0,2023-10-31T12:00:00Z
2023-10-31,P00488,0,2023-12-01T12:00:00Z
2023-11-30,P00488,0,2023-12-31T12:00:00Z
2023-12-31,P00488,0,2024-01-31T12:00:00Z
2024-01-31,P00488,0,2024-03-02T12:00:00Z
2024-02-29,P00488,0,2024-03-31T12:00:00Z
2024-03-31,P00488,0,2024-05-01T12:00:00Z
2024-04-30,P00488,0,2024-05-31T12:00:00Z
2024-05-31,P00488,0,2024-07-01T12:00:00Z
2024-06-30,P00488,0,2024-07-31T12:00:00Z
2024-07-31,P00488,1,2024-08-31T12:00:00Z
2023-07-31,P00489,0,2023-08-31T12:00:00Z
2023-08-31,P00489,0,2023-10-01T12:00:00Z
2023-09-30,P00489,0,2023-10-31T12:00:00Z
2023-10-31,P00489,0,2023-12-01T12:00:00Z
2023-11-30,P00489,0,2023-12-31T12:00:00Z
2023-12-31,P00489,0,2024-01-31T12:00:00Z
2024-01-31,P00489,0,2024-03-02T12:00:00Z
2024-02-29,P00489,0,2024-03-31T12:00:00Z
2024-03-31,P00489,0,2024-05-01T12:00:00Z
2024-04-30,P00489,0,2024-05-31T12:00:00Z
2024-05-31,P00489,0,2024-07-01T12:00:00Z
2024-06-30,P00489,0,2024-07-31T12:00:00Z
2024-07-31,P00489,0,2024-08-31T12:00:00Z
2024-08-31,P00489,0,2024-10-01T12:00:00Z
2024-09-30,P00489,0,2024-10-31T12:00:00Z
2024-10-31,P00489,0,2024-12-01T12:00:00Z
2024-11-30,P00489,0,2024-12-31T12:00:00Z
2024-12-31,P00489,0,2025-01-31T12:00:00Z
2025-01-31,P00489,0,2025-03-03T12:00:00Z
2025-02-28,P00489,0,2025-03-31T12:00:00Z
2025-03-31,P00489,0,2025-05-01T12:00:00Z
2025-04-30,P00489,0,2025-05-31T12:00:00Z
2025-05-31,P00489,0,2025-07-01T12:00:00Z
2025-06-30,P00489,0,2025-07-31T12:00:00Z
2025-07-31,P00489,0,2025-08-31T12:00:00Z
2025-08-31,P00489,0,2025-10-01T12:00:00Z
2025-09-30,P00489,0,2025-10-31T12:00:00Z
2025-10-31,P00489,0,2025-12-01T12:00:00Z
2025-11-30,P00489,0,2025-12-31T12:00:00Z
2025-12-31,P00489,0,2026-01-31T12:00:00Z
2023-07-31,P00490,0,2023-08-31T12:00:00Z
2023-08-31,P00490,0,2023-10-01T12:00:00Z
2023-09-30,P00490,0,2023-10-31T12:00:00Z
2023-10-31,P00490,0,2023-12-01T12:00:00Z
2023-11-30,P00490,0,2023-12-31T12:00:00Z
2023-12-31,P00490,0,2024-01-31T12:00:00Z
2024-01-31,P00490,0,2024-03-02T12:00:00Z
2024-02-29,P00490,0,2024-03-31T12:00:00Z
2024-03-31,P00490,0,2024-05-01T12:00:00Z
2024-04-30,P00490,0,2024-05-31T12:00:00Z
2024-05-31,P00490,0,2024-07-01T12:00:00Z
2024-06-30,P00490,0,2024-07-31T12:00:00Z
2024-07-31,P00490,0,2024-08-31T12:00:00Z
2024-08-31,P00490,0,2024-10-01T12:00:00Z
2024-09-30,P00490,0,2024-10-31T12:00:00Z
2024-10-31,P00490,0,2024-12-01T12:00:00Z
2024-11-30,P00490,0,2024-12-31T12:00:00Z
2024-12-31,P00490,0,2025-01-31T12:00:00Z
2025-01-31,P00490,0,2025-03-03T12:00:00Z
2025-02-28,P00490,0,2025-03-31T12:00:00Z
2025-03-31,P00490,1,2025-05-01T12:00:00Z
2023-07-31,P00491,0,2023-08-31T12:00:00Z
2023-08-31,P00491,0,2023-10-01T12:00:00Z
2023-09-30,P00491,0,2023-10-31T12:00:00Z
2023-10-31,P00491,0,2023-12-01T12:00:00Z
2023-11-30,P00491,0,2023-12-31T12:00:00Z
2023-12-31,P00491,0,2024-01-31T12:00:00Z
2024-01-31,P00491,0,2024-03-02T12:00:00Z
2024-02-29,P00491,0,2024-03-31T12:00:00Z
2024-03-31,P00491,0,2024-05-01T12:00:00Z
2024-04-30,P00491,0,2024-05-31T12:00:00Z
2024-05-31,P00491,0,2024-07-01T12:00:00Z
2024-06-30,P00491,0,2024-07-31T12:00:00Z
2024-07-31,P00491,0,2024-08-31T12:00:00Z
2024-08-31,P00491,0,2024-10-01T12:00:00Z
2024-09-30,P00491,0,2024-10-31T12:00:00Z
2024-10-31,P00491,0,2024-12-01T12:00:00Z
2024-11-30,P00491,0,2024-12-31T12:00:00Z
2024-12-31,P00491,0,2025-01-31T12:00:00Z
2025-01-31,P00491,0,2025-03-03T12:00:00Z
2025-02-28,P00491,1,2025-03-31T12:00:00Z
2023-07-31,P00492,0,2023-08-31T12:00:00Z
2023-08-31,P00492,0,2023-10-01T12:00:00Z
2023-09-30,P00492,0,2023-10-31T12:00:00Z
2023-10-31,P00492,0,2023-12-01T12:00:00Z
2023-11-30,P00492,0,2023-12-31T12:00:00Z
2023-12-31,P00492,0,2024-01-31T12:00:00Z
2024-01-31,P00492,0,2024-03-02T12:00:00Z
2024-02-29,P00492,0,2024-03-31T12:00:00Z
2024-03-31,P00492,0,2024-05-01T12:00:00Z
2024-04-30,P00492,0,2024-05-31T12:00:00Z
2024-05-31,P00492,0,2024-07-01T12:00:00Z
2024-06-30,P00492,0,2024-07-31T12:00:00Z
2024-07-31,P00492,0,2024-08-31T12:00:00Z
2024-08-31,P00492,0,2024-10-01T12:00:00Z
2024-09-30,P00492,0,2024-10-31T12:00:00Z
2024-10-31,P00492,0,2024-12-01T12:00:00Z
2024-11-30,P00492,0,2024-12-31T12:00:00Z
2024-12-31,P00492,0,2025-01-31T12:00:00Z
2025-01-31,P00492,0,2025-03-03T12:00:00Z
2025-02-28,P00492,0,2025-03-31T12:00:00Z
2025-03-31,P00492,0,2025-05-01T12:00:00Z
2025-04-30,P00492,0,2025-05-31T12:00:00Z
2025-05-31,P00492,0,2025-07-01T12:00:00Z
2025-06-30,P00492,0,2025-07-31T12:00:00Z
2025-07-31,P00492,0,2025-08-31T12:00:00Z
2025-08-31,P00492,0,2025-10-01T12:00:00Z
2025-09-30,P00492,0,2025-10-31T12:00:00Z
2025-10-31,P00492,0,2025-12-01T12:00:00Z
2025-11-30,P00492,0,2025-12-31T12:00:00Z
2025-12-31,P00492,0,2026-01-31T12:00:00Z
2023-07-31,P00493,0,2023-08-31T12:00:00Z
2023-08-31,P00493,0,2023-10-01T12:00:00Z
2023-09-30,P00493,0,2023-10-31T12:00:00Z
2023-10-31,P00493,0,2023-12-01T12:00:00Z
2023-11-30,P00493,0,2023-12-31T12:00:00Z
2023-12-31,P00493,0,2024-01-31T12:00:00Z
2024-01-31,P00493,0,2024-03-02T12:00:00Z
2024-02-29,P00493,0,2024-03-31T12:00:00Z
2024-03-31,P00493,0,2024-05-01T12:00:00Z
2024-04-30,P00493,0,2024-05-31T12:00:00Z
2024-05-31,P00493,0,2024-07-01T12:00:00Z
2024-06-30,P00493,0,2024-07-31T12:00:00Z
2024-07-31,P00493,0,2024-08-31T12:00:00Z
2024-08-31,P00493,0,2024-10-01T12:00:00Z
2024-09-30,P00493,0,2024-10-31T12:00:00Z
2024-10-31,P00493,0,2024-12-01T12:00:00Z
2024-11-30,P00493,0,2024-12-31T12:00:00Z
2024-12-31,P00493,0,2025-01-31T12:00:00Z
2025-01-31,P00493,0,2025-03-03T12:00:00Z
2025-02-28,P00493,0,2025-03-31T12:00:00Z
2025-03-31,P00493,0,2025-05-01T12:00:00Z
2025-04-30,P00493,0,2025-05-31T12:00:00Z
2025-05-31,P00493,0,2025-07-01T12:00:00Z
2025-06-30,P00493,0,2025-07-31T12:00:00Z
2025-07-31,P00493,0,2025-08-31T12:00:00Z
2025-08-31,P00493,0,2025-10-01T12:00:00Z
2025-09-30,P00493,0,2025-10-31T12:00:00Z
2025-10-31,P00493,0,2025-12-01T12:00:00Z
2025-11-30,P00493,0,2025-12-31T12:00:00Z
2025-12-31,P00493,0,2026-01-31T12:00:00Z
2023-07-31,P00494,0,2023-08-31T12:00:00Z
2023-08-31,P00494,0,2023-10-01T12:00:00Z
2023-09-30,P00494,0,2023-10-31T12:00:00Z
2023-10-31,P00494,0,2023-12-01T12:00:00Z
2023-11-30,P00494,0,2023-12-31T12:00:00Z
2023-12-31,P00494,0,2024-01-31T12:00:00Z
2024-01-31,P00494,0,2024-03-02T12:00:00Z
2024-02-29,P00494,0,2024-03-31T12:00:00Z
2024-03-31,P00494,0,2024-05-01T12:00:00Z
2024-04-30,P00494,0,2024-05-31T12:00:00Z
2024-05-31,P00494,0,2024-07-01T12:00:00Z
2024-06-30,P00494,0,2024-07-31T12:00:00Z
2024-07-31,P00494,0,2024-08-31T12:00:00Z
2024-08-31,P00494,0,2024-10-01T12:00:00Z
2024-09-30,P00494,0,2024-10-31T12:00:00Z
2024-10-31,P00494,0,2024-12-01T12:00:00Z
2024-11-30,P00494,0,2024-12-31T12:00:00Z
2024-12-31,P00494,0,2025-01-31T12:00:00Z
2025-01-31,P00494,0,2025-03-03T12:00:00Z
2025-02-28,P00494,0,2025-03-31T12:00:00Z
2025-03-31,P00494,0,2025-05-01T12:00:00Z
2025-04-30,P00494,0,2025-05-31T12:00:00Z
2025-05-31,P00494,0,2025-07-01T12:00:00Z
2025-06-30,P00494,0,2025-07-31T12:00:00Z
2025-07-31,P00494,0,2025-08-31T12:00:00Z
2025-08-31,P00494,0,2025-10-01T12:00:00Z
2025-09-30,P00494,0,2025-10-31T12:00:00Z
2025-10-31,P00494,0,2025-12-01T12:00:00Z
2025-11-30,P00494,0,2025-12-31T12:00:00Z
2025-12-31,P00494,0,2026-01-31T12:00:00Z
2023-07-31,P00495,0,2023-08-31T12:00:00Z
2023-08-31,P00495,0,2023-10-01T12:00:00Z
2023-09-30,P00495,0,2023-10-31T12:00:00Z
2023-10-31,P00495,0,2023-12-01T12:00:00Z
2023-11-30,P00495,0,2023-12-31T12:00:00Z
2023-12-31,P00495,0,2024-01-31T12:00:00Z
2024-01-31,P00495,0,2024-03-02T12:00:00Z
2024-02-29,P00495,0,2024-03-31T12:00:00Z
2024-03-31,P00495,0,2024-05-01T12:00:00Z
2024-04-30,P00495,0,2024-05-31T12:00:00Z
2024-05-31,P00495,0,2024-07-01T12:00:00Z
2024-06-30,P00495,0,2024-07-31T12:00:00Z
2024-07-31,P00495,0,2024-08-31T12:00:00Z
2024-08-31,P00495,0,2024-10-01T12:00:00Z
2024-09-30,P00495,0,2024-10-31T12:00:00Z
2024-10-31,P00495,0,2024-12-01T12:00:00Z
2024-11-30,P00495,0,2024-12-31T12:00:00Z
2024-12-31,P00495,0,2025-01-31T12:00:00Z
2025-01-31,P00495,0,2025-03-03T12:00:00Z
2025-02-28,P00495,0,2025-03-31T12:00:00Z
2025-03-31,P00495,0,2025-05-01T12:00:00Z
2025-04-30,P00495,0,2025-05-31T12:00:00Z
2025-05-31,P00495,0,2025-07-01T12:00:00Z
2025-06-30,P00495,0,2025-07-31T12:00:00Z
2025-07-31,P00495,0,2025-08-31T12:00:00Z
2025-08-31,P00495,0,2025-10-01T12:00:00Z
2025-09-30,P00495,0,2025-10-31T12:00:00Z
2025-10-31,P00495,0,2025-12-01T12:00:00Z
2025-11-30,P00495,0,2025-12-31T12:00:00Z
2025-12-31,P00495,0,2026-01-31T12:00:00Z
2023-07-31,P00496,0,2023-08-31T12:00:00Z
2023-08-31,P00496,0,2023-10-01T12:00:00Z
2023-09-30,P00496,0,2023-10-31T12:00:00Z
2023-10-31,P00496,0,2023-12-01T12:00:00Z
2023-11-30,P00496,0,2023-12-31T12:00:00Z
2023-12-31,P00496,0,2024-01-31T12:00:00Z
2024-01-31,P00496,0,2024-03-02T12:00:00Z
2024-02-29,P00496,0,2024-03-31T12:00:00Z
2024-03-31,P00496,0,2024-05-01T12:00:00Z
2024-04-30,P00496,0,2024-05-31T12:00:00Z
2024-05-31,P00496,0,2024-07-01T12:00:00Z
2024-06-30,P00496,0,2024-07-31T12:00:00Z
2024-07-31,P00496,0,2024-08-31T12:00:00Z
2024-08-31,P00496,0,2024-10-01T12:00:00Z
2024-09-30,P00496,0,2024-10-31T12:00:00Z
2024-10-31,P00496,0,2024-12-01T12:00:00Z
2024-11-30,P00496,0,2024-12-31T12:00:00Z
2024-12-31,P00496,0,2025-01-31T12:00:00Z
2025-01-31,P00496,0,2025-03-03T12:00:00Z
2025-02-28,P00496,0,2025-03-31T12:00:00Z
2025-03-31,P00496,0,2025-05-01T12:00:00Z
2025-04-30,P00496,0,2025-05-31T12:00:00Z
2025-05-31,P00496,0,2025-07-01T12:00:00Z
2025-06-30,P00496,0,2025-07-31T12:00:00Z
2025-07-31,P00496,0,2025-08-31T12:00:00Z
2025-08-31,P00496,0,2025-10-01T12:00:00Z
2025-09-30,P00496,0,2025-10-31T12:00:00Z
2025-10-31,P00496,0,2025-12-01T12:00:00Z
2025-11-30,P00496,0,2025-12-31T12:00:00Z
2025-12-31,P00496,0,2026-01-31T12:00:00Z
2023-07-31,P00497,0,2023-08-31T12:00:00Z
2023-08-31,P00497,0,2023-10-01T12:00:00Z
2023-09-30,P00497,0,2023-10-31T12:00:00Z
2023-10-31,P00497,0,2023-12-01T12:00:00Z
2023-11-30,P00497,0,2023-12-31T12:00:00Z
2023-12-31,P00497,0,2024-01-31T12:00:00Z
2024-01-31,P00497,0,2024-03-02T12:00:00Z
2024-02-29,P00497,0,2024-03-31T12:00:00Z
2024-03-31,P00497,0,2024-05-01T12:00:00Z
2024-04-30,P00497,0,2024-05-31T12:00:00Z
2024-05-31,P00497,0,2024-07-01T12:00:00Z
2024-06-30,P00497,0,2024-07-31T12:00:00Z
2024-07-31,P00497,0,2024-08-31T12:00:00Z
2024-08-31,P00497,0,2024-10-01T12:00:00Z
2024-09-30,P00497,0,2024-10-31T12:00:00Z
2024-10-31,P00497,0,2024-12-01T12:00:00Z
2024-11-30,P00497,0,2024-12-31T12:00:00Z
2024-12-31,P00497,0,2025-01-31T12:00:00Z
2025-01-31,P00497,0,2025-03-03T12:00:00Z
2025-02-28,P00497,0,2025-03-31T12:00:00Z
2025-03-31,P00497,0,2025-05-01T12:00:00Z
2025-04-30,P00497,0,2025-05-31T12:00:00Z
2025-05-31,P00497,0,2025-07-01T12:00:00Z
2025-06-30,P00497,1,2025-07-31T12:00:00Z
2023-07-31,P00498,0,2023-08-31T12:00:00Z
2023-08-31,P00498,0,2023-10-01T12:00:00Z
2023-09-30,P00498,0,2023-10-31T12:00:00Z
2023-10-31,P00498,0,2023-12-01T12:00:00Z
2023-11-30,P00498,0,2023-12-31T12:00:00Z
2023-12-31,P00498,1,2024-01-31T12:00:00Z
2023-07-31,P00499,0,2023-08-31T12:00:00Z
2023-08-31,P00499,0,2023-10-01T12:00:00Z
2023-09-30,P00499,0,2023-10-31T12:00:00Z
2023-10-31,P00499,0,2023-12-01T12:00:00Z
2023-11-30,P00499,0,2023-12-31T12:00:00Z
2023-12-31,P00499,0,2024-01-31T12:00:00Z
2024-01-31,P00499,0,2024-03-02T12:00:00Z
2024-02-29,P00499,0,2024-03-31T12:00:00Z
2024-03-31,P00499,0,2024-05-01T12:00:00Z
2024-04-30,P00499,0,2024-05-31T12:00:00Z
2024-05-31,P00499,0,2024-07-01T12:00:00Z
2024-06-30,P00499,0,2024-07-31T12:00:00Z
2024-07-31,P00499,0,2024-08-31T12:00:00Z
2024-08-31,P00499,0,2024-10-01T12:00:00Z
2024-09-30,P00499,0,2024-10-31T12:00:00Z
2024-10-31,P00499,0,2024-12-01T12:00:00Z
2024-11-30,P00499,0,2024-12-31T12:00:00Z
2024-12-31,P00499,0,2025-01-31T12:00:00Z
2025-01-31,P00499,0,2025-03-03T12:00:00Z
2025-02-28,P00499,0,2025-03-31T12:00:00Z
2025-03-31,P00499,0,2025-05-01T12:00:00Z
2025-04-30,P00499,0,2025-05-31T12:00:00Z
2025-05-31,P00499,0,2025-07-01T12:00:00Z
2025-06-30,P00499,1,2025-07-31T12:00:00Z
2023-07-31,P00500,0,2023-08-31T12:00:00Z
2023-08-31,P00500,0,2023-10-01T12:00:00Z
2023-09-30,P00500,0,2023-10-31T12:00:00Z
2023-10-31,P00500,0,2023-12-01T12:00:00Z
2023-11-30,P00500,0,2023-12-31T12:00:00Z
2023-12-31,P00500,0,2024-01-31T12:00:00Z
2024-01-31,P00500,0,2024-03-02T12:00:00Z
2024-02-29,P00500,0,2024-03-31T12:00:00Z
2024-03-31,P00500,0,2024-05-01T12:00:00Z
2024-04-30,P00500,0,2024-05-31T12:00:00Z
2024-05-31,P00500,0,2024-07-01T12:00:00Z
2024-06-30,P00500,0,2024-07-31T12:00:00Z
2024-07-31,P00500,0,2024-08-31T12:00:00Z
2024-08-31,P00500,0,2024-10-01T12:00:00Z
2024-09-30,P00500,0,2024-10-31T12:00:00Z
2024-10-31,P00500,0,2024-12-01T12:00:00Z
2024-11-30,P00500,0,2024-12-31T12:00:00Z
2024-12-31,P00500,0,2025-01-31T12:00:00Z
2025-01-31,P00500,0,2025-03-03T12:00:00Z
2025-02-28,P00500,0,2025-03-31T12:00:00Z
2025-03-31,P00500,0,2025-05-01T12:00:00Z
2025-04-30,P00500,0,2025-05-31T12:00:00Z
2025-05-31,P00500,0,2025-07-01T12:00:00Z
2025-06-30,P00500,0,2025-07-31T12:00:00Z
2025-07-31,P00500,0,2025-08-31T12:00:00Z
2025-08-31,P00500,0,2025-10-01T12:00:00Z
2025-09-30,P00500,0,2025-10-31T12:00:00Z
2025-10-31,P00500,0,2025-12-01T12:00:00Z
2025-11-30,P00500,0,2025-12-31T12:00:00Z
2025-12-31,P00500,0,2026-01-31T12:00:00Z
2023-07-31,P00501,0,2023-08-31T12:00:00Z
2023-08-31,P00501,0,2023-10-01T12:00:00Z
2023-09-30,P00501,0,2023-10-31T12:00:00Z
2023-10-31,P00501,0,2023-12-01T12:00:00Z
2023-11-30,P00501,0,2023-12-31T12:00:00Z
2023-12-31,P00501,0,2024-01-31T12:00:00Z
2024-01-31,P00501,0,2024-03-02T12:00:00Z
2024-02-29,P00501,0,2024-03-31T12:00:00Z
2024-03-31,P00501,0,2024-05-01T12:00:00Z
2024-04-30,P00501,1,2024-05-31T12:00:00Z
2023-07-31,P00502,0,2023-08-31T12:00:00Z
2023-08-31,P00502,0,2023-10-01T12:00:00Z
2023-09-30,P00502,0,2023-10-31T12:00:00Z
2023-10-31,P00502,0,2023-12-01T12:00:00Z
2023-11-30,P00502,0,2023-12-31T12:00:00Z
2023-12-31,P00502,0,2024-01-31T12:00:00Z
2024-01-31,P00502,0,2024-03-02T12:00:00Z
2024-02-29,P00502,0,2024-03-31T12:00:00Z
2024-03-31,P00502,0,2024-05-01T12:00:00Z
2024-04-30,P00502,0,2024-05-31T12:00:00Z
2024-05-31,P00502,0,2024-07-01T12:00:00Z
2024-06-30,P00502,0,2024-07-31T12:00:00Z
2024-07-31,P00502,0,2024-08-31T12:00:00Z
2024-08-31,P00502,0,2024-10-01T12:00:00Z
2024-09-30,P00502,0,2024-10-31T12:00:00Z
2024-10-31,P00502,0,2024-12-01T12:00:00Z
2024-11-30,P00502,0,2024-12-31T12:00:00Z
2024-12-31,P00502,0,2025-01-31T12:00:00Z
2025-01-31,P00502,0,2025-03-03T12:00:00Z
2025-02-28,P00502,0,2025-03-31T12:00:00Z
2025-03-31,P00502,0,2025-05-01T12:00:00Z
2025-04-30,P00502,0,2025-05-31T12:00:00Z
2025-05-31,P00502,0,2025-07-01T12:00:00Z
2025-06-30,P00502,0,2025-07-31T12:00:00Z
2025-07-31,P00502,0,2025-08-31T12:00:00Z
2025-08-31,P00502,0,2025-10-01T12:00:00Z
2025-09-30,P00502,0,2025-10-31T12:00:00Z
2025-10-31,P00502,0,2025-12-01T12:00:00Z
2025-11-30,P00502,0,2025-12-31T12:00:00Z
2025-12-31,P00502,0,2026-01-31T12:00:00Z
2023-07-31,P00503,0,2023-08-31T12:00:00Z
2023-08-31,P00503,0,2023-10-01T12:00:00Z
2023-09-30,P00503,0,2023-10-31T12:00:00Z
2023-10-31,P00503,0,2023-12-01T12:00:00Z
2023-11-30,P00503,0,2023-12-31T12:00:00Z
2023-12-31,P00503,0,2024-01-31T12:00:00Z
2024-01-31,P00503,0,2024-03-02T12:00:00Z
2024-02-29,P00503,0,2024-03-31T12:00:00Z
2024-03-31,P00503,0,2024-05-01T12:00:00Z
2024-04-30,P00503,0,2024-05-31T12:00:00Z
2024-05-31,P00503,0,2024-07-01T12:00:00Z
2024-06-30,P00503,0,2024-07-31T12:00:00Z
2024-07-31,P00503,0,2024-08-31T12:00:00Z
2024-08-31,P00503,0,2024-10-01T12:00:00Z
2024-09-30,P00503,0,2024-10-31T12:00:00Z
2024-10-31,P00503,0,2024-12-01T12:00:00Z
2024-11-30,P00503,0,2024-12-31T12:00:00Z
2024-12-31,P00503,0,2025-01-31T12:00:00Z
2025-01-31,P00503,0,2025-03-03T12:00:00Z
2025-02-28,P00503,0,2025-03-31T12:00:00Z
2025-03-31,P00503,1,2025-05-01T12:00:00Z
2023-07-31,P00504,0,2023-08-31T12:00:00Z
2023-08-31,P00504,0,2023-10-01T12:00:00Z
2023-09-30,P00504,0,2023-10-31T12:00:00Z
2023-10-31,P00504,0,2023-12-01T12:00:00Z
2023-11-30,P00504,0,2023-12-31T12:00:00Z
2023-12-31,P00504,0,2024-01-31T12:00:00Z
2024-01-31,P00504,0,2024-03-02T12:00:00Z
2024-02-29,P00504,0,2024-03-31T12:00:00Z
2024-03-31,P00504,0,2024-05-01T12:00:00Z
2024-04-30,P00504,0,2024-05-31T12:00:00Z
2024-05-31,P00504,0,2024-07-01T12:00:00Z
2024-06-30,P00504,0,2024-07-31T12:00:00Z
2024-07-31,P00504,0,2024-08-31T12:00:00Z
2024-08-31,P00504,0,2024-10-01T12:00:00Z
2024-09-30,P00504,0,2024-10-31T12:00:00Z
2024-10-31,P00504,0,2024-12-01T12:00:00Z
2024-11-30,P00504,0,2024-12-31T12:00:00Z
2024-12-31,P00504,0,2025-01-31T12:00:00Z
2025-01-31,P00504,0,2025-03-03T12:00:00Z
2025-02-28,P00504,0,2025-03-31T12:00:00Z
2025-03-31,P00504,0,2025-05-01T12:00:00Z
2025-04-30,P00504,0,2025-05-31T12:00:00Z
2025-05-31,P00504,0,2025-07-01T12:00:00Z
2025-06-30,P00504,0,2025-07-31T12:00:00Z
2025-07-31,P00504,0,2025-08-31T12:00:00Z
2025-08-31,P00504,0,2025-10-01T12:00:00Z
2025-09-30,P00504,0,2025-10-31T12:00:00Z
2025-10-31,P00504,0,2025-12-01T12:00:00Z
2025-11-30,P00504,0,2025-12-31T12:00:00Z
2025-12-31,P00504,0,2026-01-31T12:00:00Z
2023-07-31,P00505,0,2023-08-31T12:00:00Z
2023-08-31,P00505,0,2023-10-01T12:00:00Z
2023-09-30,P00505,0,2023-10-31T12:00:00Z
2023-10-31,P00505,0,2023-12-01T12:00:00Z
2023-11-30,P00505,0,2023-12-31T12:00:00Z
2023-12-31,P00505,0,2024-01-31T12:00:00Z
2024-01-31,P00505,0,2024-03-02T12:00:00Z
2024-02-29,P00505,0,2024-03-31T12:00:00Z
2024-03-31,P00505,0,2024-05-01T12:00:00Z
2024-04-30,P00505,0,2024-05-31T12:00:00Z
2024-05-31,P00505,0,2024-07-01T12:00:00Z
2024-06-30,P00505,0,2024-07-31T12:00:00Z
2024-07-31,P00505,0,2024-08-31T12:00:00Z
2024-08-31,P00505,0,2024-10-01T12:00:00Z
2024-09-30,P00505,0,2024-10-31T12:00:00Z
2024-10-31,P00505,0,2024-12-01T12:00:00Z
2024-11-30,P00505,0,2024-12-31T12:00:00Z
2024-12-31,P00505,0,2025-01-31T12:00:00Z
2025-01-31,P00505,0,2025-03-03T12:00:00Z
2025-02-28,P00505,0,2025-03-31T12:00:00Z
2025-03-31,P00505,0,2025-05-01T12:00:00Z
2025-04-30,P00505,0,2025-05-31T12:00:00Z
2025-05-31,P00505,0,2025-07-01T12:00:00Z
2025-06-30,P00505,0,2025-07-31T12:00:00Z
2025-07-31,P00505,0,2025-08-31T12:00:00Z
2025-08-31,P00505,0,2025-10-01T12:00:00Z
2025-09-30,P00505,0,2025-10-31T12:00:00Z
2025-10-31,P00505,0,2025-12-01T12:00:00Z
2025-11-30,P00505,0,2025-12-31T12:00:00Z
2025-12-31,P00505,0,2026-01-31T12:00:00Z
2023-07-31,P00506,0,2023-08-31T12:00:00Z
2023-08-31,P00506,0,2023-10-01T12:00:00Z
2023-09-30,P00506,0,2023-10-31T12:00:00Z
2023-10-31,P00506,0,2023-12-01T12:00:00Z
2023-11-30,P00506,0,2023-12-31T12:00:00Z
2023-12-31,P00506,0,2024-01-31T12:00:00Z
2024-01-31,P00506,0,2024-03-02T12:00:00Z
2024-02-29,P00506,0,2024-03-31T12:00:00Z
2024-03-31,P00506,0,2024-05-01T12:00:00Z
2024-04-30,P00506,0,2024-05-31T12:00:00Z
2024-05-31,P00506,0,2024-07-01T12:00:00Z
2024-06-30,P00506,0,2024-07-31T12:00:00Z
2024-07-31,P00506,0,2024-08-31T12:00:00Z
2024-08-31,P00506,0,2024-10-01T12:00:00Z
2024-09-30,P00506,0,2024-10-31T12:00:00Z
2024-10-31,P00506,0,2024-12-01T12:00:00Z
2024-11-30,P00506,0,2024-12-31T12:00:00Z
2024-12-31,P00506,0,2025-01-31T12:00:00Z
2025-01-31,P00506,0,2025-03-03T12:00:00Z
2025-02-28,P00506,0,2025-03-31T12:00:00Z
2025-03-31,P00506,0,2025-05-01T12:00:00Z
2025-04-30,P00506,0,2025-05-31T12:00:00Z
2025-05-31,P00506,0,2025-07-01T12:00:00Z
2025-06-30,P00506,0,2025-07-31T12:00:00Z
2025-07-31,P00506,0,2025-08-31T12:00:00Z
2025-08-31,P00506,0,2025-10-01T12:00:00Z
2025-09-30,P00506,0,2025-10-31T12:00:00Z
2025-10-31,P00506,0,2025-12-01T12:00:00Z
2025-11-30,P00506,0,2025-12-31T12:00:00Z
2025-12-31,P00506,0,2026-01-31T12:00:00Z
2023-07-31,P00507,0,2023-08-31T12:00:00Z
2023-08-31,P00507,0,2023-10-01T12:00:00Z
2023-09-30,P00507,0,2023-10-31T12:00:00Z
2023-10-31,P00507,0,2023-12-01T12:00:00Z
2023-11-30,P00507,0,2023-12-31T12:00:00Z
2023-12-31,P00507,0,2024-01-31T12:00:00Z
2024-01-31,P00507,0,2024-03-02T12:00:00Z
2024-02-29,P00507,0,2024-03-31T12:00:00Z
2024-03-31,P00507,0,2024-05-01T12:00:00Z
2024-04-30,P00507,0,2024-05-31T12:00:00Z
2024-05-31,P00507,0,2024-07-01T12:00:00Z
2024-06-30,P00507,0,2024-07-31T12:00:00Z
2024-07-31,P00507,0,2024-08-31T12:00:00Z
2024-08-31,P00507,0,2024-10-01T12:00:00Z
2024-09-30,P00507,0,2024-10-31T12:00:00Z
2024-10-31,P00507,0,2024-12-01T12:00:00Z
2024-11-30,P00507,0,2024-12-31T12:00:00Z
2024-12-31,P00507,0,2025-01-31T12:00:00Z
2025-01-31,P00507,0,2025-03-03T12:00:00Z
2025-02-28,P00507,0,2025-03-31T12:00:00Z
2025-03-31,P00507,0,2025-05-01T12:00:00Z
2025-04-30,P00507,0,2025-05-31T12:00:00Z
2025-05-31,P00507,0,2025-07-01T12:00:00Z
2025-06-30,P00507,0,2025-07-31T12:00:00Z
2025-07-31,P00507,0,2025-08-31T12:00:00Z
2025-08-31,P00507,0,2025-10-01T12:00:00Z
2025-09-30,P00507,0,2025-10-31T12:00:00Z
2025-10-31,P00507,0,2025-12-01T12:00:00Z
2025-11-30,P00507,0,2025-12-31T12:00:00Z
2025-12-31,P00507,0,2026-01-31T12:00:00Z
2023-07-31,P00508,0,2023-08-31T12:00:00Z
2023-08-31,P00508,0,2023-10-01T12:00:00Z
2023-09-30,P00508,0,2023-10-31T12:00:00Z
2023-10-31,P00508,0,2023-12-01T12:00:00Z
2023-11-30,P00508,0,2023-12-31T12:00:00Z
2023-12-31,P00508,0,2024-01-31T12:00:00Z
2024-01-31,P00508,0,2024-03-02T12:00:00Z
2024-02-29,P00508,0,2024-03-31T12:00:00Z
2024-03-31,P00508,0,2024-05-01T12:00:00Z
2024-04-30,P00508,1,2024-05-31T12:00:00Z
2023-07-31,P00509,0,2023-08-31T12:00:00Z
2023-08-31,P00509,0,2023-10-01T12:00:00Z
2023-09-30,P00509,0,2023-10-31T12:00:00Z
2023-10-31,P00509,0,2023-12-01T12:00:00Z
2023-11-30,P00509,0,2023-12-31T12:00:00Z
2023-12-31,P00509,0,2024-01-31T12:00:00Z
2024-01-31,P00509,0,2024-03-02T12:00:00Z
2024-02-29,P00509,0,2024-03-31T12:00:00Z
2024-03-31,P00509,0,2024-05-01T12:00:00Z
2024-04-30,P00509,0,2024-05-31T12:00:00Z
2024-05-31,P00509,0,2024-07-01T12:00:00Z
2024-06-30,P00509,0,2024-07-31T12:00:00Z
2024-07-31,P00509,0,2024-08-31T12:00:00Z
2024-08-31,P00509,0,2024-10-01T12:00:00Z
2024-09-30,P00509,0,2024-10-31T12:00:00Z
2024-10-31,P00509,0,2024-12-01T12:00:00Z
2024-11-30,P00509,0,2024-12-31T12:00:00Z
2024-12-31,P00509,0,2025-01-31T12:00:00Z
2025-01-31,P00509,0,2025-03-03T12:00:00Z
2025-02-28,P00509,0,2025-03-31T12:00:00Z
2025-03-31,P00509,0,2025-05-01T12:00:00Z
2025-04-30,P00509,0,2025-05-31T12:00:00Z
2025-05-31,P00509,0,2025-07-01T12:00:00Z
2025-06-30,P00509,0,2025-07-31T12:00:00Z
2025-07-31,P00509,0,2025-08-31T12:00:00Z
2025-08-31,P00509,0,2025-10-01T12:00:00Z
2025-09-30,P00509,0,2025-10-31T12:00:00Z
2025-10-31,P00509,0,2025-12-01T12:00:00Z
2025-11-30,P00509,0,2025-12-31T12:00:00Z
2025-12-31,P00509,0,2026-01-31T12:00:00Z
2023-07-31,P00510,0,2023-08-31T12:00:00Z
2023-08-31,P00510,0,2023-10-01T12:00:00Z
2023-09-30,P00510,0,2023-10-31T12:00:00Z
2023-10-31,P00510,0,2023-12-01T12:00:00Z
2023-11-30,P00510,0,2023-12-31T12:00:00Z
2023-12-31,P00510,0,2024-01-31T12:00:00Z
2024-01-31,P00510,0,2024-03-02T12:00:00Z
2024-02-29,P00510,0,2024-03-31T12:00:00Z
2024-03-31,P00510,0,2024-05-01T12:00:00Z
2024-04-30,P00510,0,2024-05-31T12:00:00Z
2024-05-31,P00510,0,2024-07-01T12:00:00Z
2024-06-30,P00510,0,2024-07-31T12:00:00Z
2024-07-31,P00510,0,2024-08-31T12:00:00Z
2024-08-31,P00510,0,2024-10-01T12:00:00Z
2024-09-30,P00510,0,2024-10-31T12:00:00Z
2024-10-31,P00510,0,2024-12-01T12:00:00Z
2024-11-30,P00510,0,2024-12-31T12:00:00Z
2024-12-31,P00510,0,2025-01-31T12:00:00Z
2025-01-31,P00510,0,2025-03-03T12:00:00Z
2025-02-28,P00510,0,2025-03-31T12:00:00Z
2025-03-31,P00510,0,2025-05-01T12:00:00Z
2025-04-30,P00510,0,2025-05-31T12:00:00Z
2025-05-31,P00510,0,2025-07-01T12:00:00Z
2025-06-30,P00510,0,2025-07-31T12:00:00Z
2025-07-31,P00510,1,2025-08-31T12:00:00Z
2023-07-31,P00511,0,2023-08-31T12:00:00Z
2023-08-31,P00511,0,2023-10-01T12:00:00Z
2023-09-30,P00511,0,2023-10-31T12:00:00Z
2023-10-31,P00511,0,2023-12-01T12:00:00Z
2023-11-30,P00511,0,2023-12-31T12:00:00Z
2023-12-31,P00511,0,2024-01-31T12:00:00Z
2024-01-31,P00511,0,2024-03-02T12:00:00Z
2024-02-29,P00511,0,2024-03-31T12:00:00Z
2024-03-31,P00511,0,2024-05-01T12:00:00Z
2024-04-30,P00511,0,2024-05-31T12:00:00Z
2024-05-31,P00511,0,2024-07-01T12:00:00Z
2024-06-30,P00511,0,2024-07-31T12:00:00Z
2024-07-31,P00511,0,2024-08-31T12:00:00Z
2024-08-31,P00511,0,2024-10-01T12:00:00Z
2024-09-30,P00511,0,2024-10-31T12:00:00Z
2024-10-31,P00511,0,2024-12-01T12:00:00Z
2024-11-30,P00511,0,2024-12-31T12:00:00Z
2024-12-31,P00511,0,2025-01-31T12:00:00Z
2025-01-31,P00511,0,2025-03-03T12:00:00Z
2025-02-28,P00511,0,2025-03-31T12:00:00Z
2025-03-31,P00511,0,2025-05-01T12:00:00Z
2025-04-30,P00511,0,2025-05-31T12:00:00Z
2025-05-31,P00511,0,2025-07-01T12:00:00Z
2025-06-30,P00511,0,2025-07-31T12:00:00Z
2025-07-31,P00511,0,2025-08-31T12:00:00Z
2025-08-31,P00511,0,2025-10-01T12:00:00Z
2025-09-30,P00511,0,2025-10-31T12:00:00Z
2025-10-31,P00511,0,2025-12-01T12:00:00Z
2025-11-30,P00511,0,2025-12-31T12:00:00Z
2025-12-31,P00511,0,2026-01-31T12:00:00Z
2023-07-31,P00512,0,2023-08-31T12:00:00Z
2023-08-31,P00512,0,2023-10-01T12:00:00Z
2023-09-30,P00512,0,2023-10-31T12:00:00Z
2023-10-31,P00512,0,2023-12-01T12:00:00Z
2023-11-30,P00512,0,2023-12-31T12:00:00Z
2023-12-31,P00512,0,2024-01-31T12:00:00Z
2024-01-31,P00512,0,2024-03-02T12:00:00Z
2024-02-29,P00512,0,2024-03-31T12:00:00Z
2024-03-31,P00512,0,2024-05-01T12:00:00Z
2024-04-30,P00512,0,2024-05-31T12:00:00Z
2024-05-31,P00512,0,2024-07-01T12:00:00Z
2024-06-30,P00512,0,2024-07-31T12:00:00Z
2024-07-31,P00512,0,2024-08-31T12:00:00Z
2024-08-31,P00512,0,2024-10-01T12:00:00Z
2024-09-30,P00512,0,2024-10-31T12:00:00Z
2024-10-31,P00512,0,2024-12-01T12:00:00Z
2024-11-30,P00512,0,2024-12-31T12:00:00Z
2024-12-31,P00512,0,2025-01-31T12:00:00Z
2025-01-31,P00512,0,2025-03-03T12:00:00Z
2025-02-28,P00512,0,2025-03-31T12:00:00Z
2025-03-31,P00512,0,2025-05-01T12:00:00Z
2025-04-30,P00512,0,2025-05-31T12:00:00Z
2025-05-31,P00512,0,2025-07-01T12:00:00Z
2025-06-30,P00512,0,2025-07-31T12:00:00Z
2025-07-31,P00512,0,2025-08-31T12:00:00Z
2025-08-31,P00512,0,2025-10-01T12:00:00Z
2025-09-30,P00512,0,2025-10-31T12:00:00Z
2025-10-31,P00512,0,2025-12-01T12:00:00Z
2025-11-30,P00512,0,2025-12-31T12:00:00Z
2025-12-31,P00512,0,2026-01-31T12:00:00Z
2023-07-31,P00513,0,2023-08-31T12:00:00Z
2023-08-31,P00513,0,2023-10-01T12:00:00Z
2023-09-30,P00513,0,2023-10-31T12:00:00Z
2023-10-31,P00513,0,2023-12-01T12:00:00Z
2023-11-30,P00513,0,2023-12-31T12:00:00Z
2023-12-31,P00513,0,2024-01-31T12:00:00Z
2024-01-31,P00513,0,2024-03-02T12:00:00Z
2024-02-29,P00513,0,2024-03-31T12:00:00Z
2024-03-31,P00513,0,2024-05-01T12:00:00Z
2024-04-30,P00513,0,2024-05-31T12:00:00Z
2024-05-31,P00513,0,2024-07-01T12:00:00Z
2024-06-30,P00513,0,2024-07-31T12:00:00Z
2024-07-31,P00513,0,2024-08-31T12:00:00Z
2024-08-31,P00513,0,2024-10-01T12:00:00Z
2024-09-30,P00513,0,2024-10-31T12:00:00Z
2024-10-31,P00513,0,2024-12-01T12:00:00Z
2024-11-30,P00513,0,2024-12-31T12:00:00Z
2024-12-31,P00513,0,2025-01-31T12:00:00Z
2025-01-31,P00513,0,2025-03-03T12:00:00Z
2025-02-28,P00513,0,2025-03-31T12:00:00Z
2025-03-31,P00513,0,2025-05-01T12:00:00Z
2025-04-30,P00513,0,2025-05-31T12:00:00Z
2025-05-31,P00513,0,2025-07-01T12:00:00Z
2025-06-30,P00513,0,2025-07-31T12:00:00Z
2025-07-31,P00513,0,2025-08-31T12:00:00Z
2025-08-31,P00513,0,2025-10-01T12:00:00Z
2025-09-30,P00513,0,2025-10-31T12:00:00Z
2025-10-31,P00513,0,2025-12-01T12:00:00Z
2025-11-30,P00513,0,2025-12-31T12:00:00Z
2025-12-31,P00513,0,2026-01-31T12:00:00Z
2023-07-31,P00514,0,2023-08-31T12:00:00Z
2023-08-31,P00514,0,2023-10-01T12:00:00Z
2023-09-30,P00514,0,2023-10-31T12:00:00Z
2023-10-31,P00514,0,2023-12-01T12:00:00Z
2023-11-30,P00514,0,2023-12-31T12:00:00Z
2023-12-31,P00514,0,2024-01-31T12:00:00Z
2024-01-31,P00514,0,2024-03-02T12:00:00Z
2024-02-29,P00514,0,2024-03-31T12:00:00Z
2024-03-31,P00514,0,2024-05-01T12:00:00Z
2024-04-30,P00514,0,2024-05-31T12:00:00Z
2024-05-31,P00514,0,2024-07-01T12:00:00Z
2024-06-30,P00514,0,2024-07-31T12:00:00Z
2024-07-31,P00514,0,2024-08-31T12:00:00Z
2024-08-31,P00514,0,2024-10-01T12:00:00Z
2024-09-30,P00514,1,2024-10-31T12:00:00Z
2023-07-31,P00515,0,2023-08-31T12:00:00Z
2023-08-31,P00515,0,2023-10-01T12:00:00Z
2023-09-30,P00515,0,2023-10-31T12:00:00Z
2023-10-31,P00515,0,2023-12-01T12:00:00Z
2023-11-30,P00515,0,2023-12-31T12:00:00Z
2023-12-31,P00515,0,2024-01-31T12:00:00Z
2024-01-31,P00515,0,2024-03-02T12:00:00Z
2024-02-29,P00515,0,2024-03-31T12:00:00Z
2024-03-31,P00515,0,2024-05-01T12:00:00Z
2024-04-30,P00515,0,2024-05-31T12:00:00Z
2024-05-31,P00515,0,2024-07-01T12:00:00Z
2024-06-30,P00515,0,2024-07-31T12:00:00Z
2024-07-31,P00515,0,2024-08-31T12:00:00Z
2024-08-31,P00515,0,2024-10-01T12:00:00Z
2024-09-30,P00515,0,2024-10-31T12:00:00Z
2024-10-31,P00515,0,2024-12-01T12:00:00Z
2024-11-30,P00515,0,2024-12-31T12:00:00Z
2024-12-31,P00515,0,2025-01-31T12:00:00Z
2025-01-31,P00515,0,2025-03-03T12:00:00Z
2025-02-28,P00515,0,2025-03-31T12:00:00Z
2025-03-31,P00515,0,2025-05-01T12:00:00Z
2025-04-30,P00515,0,2025-05-31T12:00:00Z
2025-05-31,P00515,0,2025-07-01T12:00:00Z
2025-06-30,P00515,0,2025-07-31T12:00:00Z
2025-07-31,P00515,0,2025-08-31T12:00:00Z
2025-08-31,P00515,0,2025-10-01T12:00:00Z
2025-09-30,P00515,0,2025-10-31T12:00:00Z
2025-10-31,P00515,0,2025-12-01T12:00:00Z
2025-11-30,P00515,0,2025-12-31T12:00:00Z
2025-12-31,P00515,0,2026-01-31T12:00:00Z
2023-07-31,P00516,0,2023-08-31T12:00:00Z
2023-08-31,P00516,1,2023-10-01T12:00:00Z
2023-07-31,P00517,0,2023-08-31T12:00:00Z
2023-08-31,P00517,0,2023-10-01T12:00:00Z
2023-09-30,P00517,0,2023-10-31T12:00:00Z
2023-10-31,P00517,0,2023-12-01T12:00:00Z
2023-11-30,P00517,0,2023-12-31T12:00:00Z
2023-12-31,P00517,0,2024-01-31T12:00:00Z
2024-01-31,P00517,0,2024-03-02T12:00:00Z
2024-02-29,P00517,0,2024-03-31T12:00:00Z
2024-03-31,P00517,0,2024-05-01T12:00:00Z
2024-04-30,P00517,0,2024-05-31T12:00:00Z
2024-05-31,P00517,0,2024-07-01T12:00:00Z
2024-06-30,P00517,0,2024-07-31T12:00:00Z
2024-07-31,P00517,0,2024-08-31T12:00:00Z
2024-08-31,P00517,0,2024-10-01T12:00:00Z
2024-09-30,P00517,0,2024-10-31T12:00:00Z
2024-10-31,P00517,0,2024-12-01T12:00:00Z
2024-11-30,P00517,0,2024-12-31T12:00:00Z
2024-12-31,P00517,0,2025-01-31T12:00:00Z
2025-01-31,P00517,0,2025-03-03T12:00:00Z
2025-02-28,P00517,0,2025-03-31T12:00:00Z
2025-03-31,P00517,0,2025-05-01T12:00:00Z
2025-04-30,P00517,0,2025-05-31T12:00:00Z
2025-05-31,P00517,0,2025-07-01T12:00:00Z
2025-06-30,P00517,0,2025-07-31T12:00:00Z
2025-07-31,P00517,0,2025-08-31T12:00:00Z
2025-08-31,P00517,0,2025-10-01T12:00:00Z
2025-09-30,P00517,0,2025-10-31T12:00:00Z
2025-10-31,P00517,0,2025-12-01T12:00:00Z
2025-11-30,P00517,0,2025-12-31T12:00:00Z
2025-12-31,P00517,0,2026-01-31T12:00:00Z
2023-07-31,P00518,0,2023-08-31T12:00:00Z
2023-08-31,P00518,0,2023-10-01T12:00:00Z
2023-09-30,P00518,0,2023-10-31T12:00:00Z
2023-10-31,P00518,0,2023-12-01T12:00:00Z
2023-11-30,P00518,0,2023-12-31T12:00:00Z
2023-12-31,P00518,0,2024-01-31T12:00:00Z
2024-01-31,P00518,0,2024-03-02T12:00:00Z
2024-02-29,P00518,0,2024-03-31T12:00:00Z
2024-03-31,P00518,0,2024-05-01T12:00:00Z
2024-04-30,P00518,0,2024-05-31T12:00:00Z
2024-05-31,P00518,0,2024-07-01T12:00:00Z
2024-06-30,P00518,1,2024-07-31T12:00:00Z
2023-07-31,P00519,0,2023-08-31T12:00:00Z
2023-08-31,P00519,0,2023-10-01T12:00:00Z
2023-09-30,P00519,0,2023-10-31T12:00:00Z
2023-10-31,P00519,0,2023-12-01T12:00:00Z
2023-11-30,P00519,0,2023-12-31T12:00:00Z
2023-12-31,P00519,0,2024-01-31T12:00:00Z
2024-01-31,P00519,0,2024-03-02T12:00:00Z
2024-02-29,P00519,0,2024-03-31T12:00:00Z
2024-03-31,P00519,0,2024-05-01T12:00:00Z
2024-04-30,P00519,0,2024-05-31T12:00:00Z
2024-05-31,P00519,0,2024-07-01T12:00:00Z
2024-06-30,P00519,0,2024-07-31T12:00:00Z
2024-07-31,P00519,0,2024-08-31T12:00:00Z
2024-08-31,P00519,0,2024-10-01T12:00:00Z
2024-09-30,P00519,0,2024-10-31T12:00:00Z
2024-10-31,P00519,0,2024-12-01T12:00:00Z
2024-11-30,P00519,0,2024-12-31T12:00:00Z
2024-12-31,P00519,0,2025-01-31T12:00:00Z
2025-01-31,P00519,0,2025-03-03T12:00:00Z
2025-02-28,P00519,0,2025-03-31T12:00:00Z
2025-03-31,P00519,0,2025-05-01T12:00:00Z
2025-04-30,P00519,0,2025-05-31T12:00:00Z
2025-05-31,P00519,0,2025-07-01T12:00:00Z
2025-06-30,P00519,0,2025-07-31T12:00:00Z
2025-07-31,P00519,0,2025-08-31T12:00:00Z
2025-08-31,P00519,0,2025-10-01T12:00:00Z
2025-09-30,P00519,0,2025-10-31T12:00:00Z
2025-10-31,P00519,0,2025-12-01T12:00:00Z
2025-11-30,P00519,0,2025-12-31T12:00:00Z
2025-12-31,P00519,0,2026-01-31T12:00:00Z
2023-07-31,P00520,0,2023-08-31T12:00:00Z
2023-08-31,P00520,0,2023-10-01T12:00:00Z
2023-09-30,P00520,0,2023-10-31T12:00:00Z
2023-10-31,P00520,0,2023-12-01T12:00:00Z
2023-11-30,P00520,0,2023-12-31T12:00:00Z
2023-12-31,P00520,0,2024-01-31T12:00:00Z
2024-01-31,P00520,0,2024-03-02T12:00:00Z
2024-02-29,P00520,0,2024-03-31T12:00:00Z
2024-03-31,P00520,0,2024-05-01T12:00:00Z
2024-04-30,P00520,0,2024-05-31T12:00:00Z
2024-05-31,P00520,0,2024-07-01T12:00:00Z
2024-06-30,P00520,0,2024-07-31T12:00:00Z
2024-07-31,P00520,0,2024-08-31T12:00:00Z
2024-08-31,P00520,0,2024-10-01T12:00:00Z
2024-09-30,P00520,0,2024-10-31T12:00:00Z
2024-10-31,P00520,0,2024-12-01T12:00:00Z
2024-11-30,P00520,0,2024-12-31T12:00:00Z
2024-12-31,P00520,0,2025-01-31T12:00:00Z
2025-01-31,P00520,0,2025-03-03T12:00:00Z
2025-02-28,P00520,0,2025-03-31T12:00:00Z
2025-03-31,P00520,0,2025-05-01T12:00:00Z
2025-04-30,P00520,0,2025-05-31T12:00:00Z
2025-05-31,P00520,0,2025-07-01T12:00:00Z
2025-06-30,P00520,0,2025-07-31T12:00:00Z
2025-07-31,P00520,0,2025-08-31T12:00:00Z
2025-08-31,P00520,0,2025-10-01T12:00:00Z
2025-09-30,P00520,0,2025-10-31T12:00:00Z
2025-10-31,P00520,0,2025-12-01T12:00:00Z
2025-11-30,P00520,0,2025-12-31T12:00:00Z
2025-12-31,P00520,0,2026-01-31T12:00:00Z
2023-07-31,P00521,0,2023-08-31T12:00:00Z
2023-08-31,P00521,0,2023-10-01T12:00:00Z
2023-09-30,P00521,0,2023-10-31T12:00:00Z
2023-10-31,P00521,0,2023-12-01T12:00:00Z
2023-11-30,P00521,0,2023-12-31T12:00:00Z
2023-12-31,P00521,0,2024-01-31T12:00:00Z
2024-01-31,P00521,0,2024-03-02T12:00:00Z
2024-02-29,P00521,0,2024-03-31T12:00:00Z
2024-03-31,P00521,0,2024-05-01T12:00:00Z
2024-04-30,P00521,0,2024-05-31T12:00:00Z
2024-05-31,P00521,0,2024-07-01T12:00:00Z
2024-06-30,P00521,0,2024-07-31T12:00:00Z
2024-07-31,P00521,0,2024-08-31T12:00:00Z
2024-08-31,P00521,0,2024-10-01T12:00:00Z
2024-09-30,P00521,0,2024-10-31T12:00:00Z
2024-10-31,P00521,0,2024-12-01T12:00:00Z
2024-11-30,P00521,0,2024-12-31T12:00:00Z
2024-12-31,P00521,0,2025-01-31T12:00:00Z
2025-01-31,P00521,0,2025-03-03T12:00:00Z
2025-02-28,P00521,0,2025-03-31T12:00:00Z
2025-03-31,P00521,0,2025-05-01T12:00:00Z
2025-04-30,P00521,0,2025-05-31T12:00:00Z
2025-05-31,P00521,0,2025-07-01T12:00:00Z
2025-06-30,P00521,0,2025-07-31T12:00:00Z
2025-07-31,P00521,0,2025-08-31T12:00:00Z
2025-08-31,P00521,0,2025-10-01T12:00:00Z
2025-09-30,P00521,0,2025-10-31T12:00:00Z
2025-10-31,P00521,0,2025-12-01T12:00:00Z
2025-11-30,P00521,0,2025-12-31T12:00:00Z
2025-12-31,P00521,0,2026-01-31T12:00:00Z
2023-07-31,P00522,0,2023-08-31T12:00:00Z
2023-08-31,P00522,0,2023-10-01T12:00:00Z
2023-09-30,P00522,0,2023-10-31T12:00:00Z
2023-10-31,P00522,0,2023-12-01T12:00:00Z
2023-11-30,P00522,0,2023-12-31T12:00:00Z
2023-12-31,P00522,0,2024-01-31T12:00:00Z
2024-01-31,P00522,0,2024-03-02T12:00:00Z
2024-02-29,P00522,0,2024-03-31T12:00:00Z
2024-03-31,P00522,0,2024-05-01T12:00:00Z
2024-04-30,P00522,0,2024-05-31T12:00:00Z
2024-05-31,P00522,0,2024-07-01T12:00:00Z
2024-06-30,P00522,0,2024-07-31T12:00:00Z
2024-07-31,P00522,0,2024-08-31T12:00:00Z
2024-08-31,P00522,0,2024-10-01T12:00:00Z
2024-09-30,P00522,0,2024-10-31T12:00:00Z
2024-10-31,P00522,0,2024-12-01T12:00:00Z
2024-11-30,P00522,0,2024-12-31T12:00:00Z
2024-12-31,P00522,0,2025-01-31T12:00:00Z
2025-01-31,P00522,0,2025-03-03T12:00:00Z
2025-02-28,P00522,0,2025-03-31T12:00:00Z
2025-03-31,P00522,0,2025-05-01T12:00:00Z
2025-04-30,P00522,0,2025-05-31T12:00:00Z
2025-05-31,P00522,0,2025-07-01T12:00:00Z
2025-06-30,P00522,0,2025-07-31T12:00:00Z
2025-07-31,P00522,0,2025-08-31T12:00:00Z
2025-08-31,P00522,0,2025-10-01T12:00:00Z
2025-09-30,P00522,0,2025-10-31T12:00:00Z
2025-10-31,P00522,0,2025-12-01T12:00:00Z
2025-11-30,P00522,0,2025-12-31T12:00:00Z
2025-12-31,P00522,0,2026-01-31T12:00:00Z
2023-07-31,P00523,0,2023-08-31T12:00:00Z
2023-08-31,P00523,1,2023-10-01T12:00:00Z
2023-07-31,P00524,0,2023-08-31T12:00:00Z
2023-08-31,P00524,0,2023-10-01T12:00:00Z
2023-09-30,P00524,0,2023-10-31T12:00:00Z
2023-10-31,P00524,0,2023-12-01T12:00:00Z
2023-11-30,P00524,0,2023-12-31T12:00:00Z
2023-12-31,P00524,0,2024-01-31T12:00:00Z
2024-01-31,P00524,0,2024-03-02T12:00:00Z
2024-02-29,P00524,0,2024-03-31T12:00:00Z
2024-03-31,P00524,0,2024-05-01T12:00:00Z
2024-04-30,P00524,0,2024-05-31T12:00:00Z
2024-05-31,P00524,0,2024-07-01T12:00:00Z
2024-06-30,P00524,0,2024-07-31T12:00:00Z
2024-07-31,P00524,0,2024-08-31T12:00:00Z
2024-08-31,P00524,0,2024-10-01T12:00:00Z
2024-09-30,P00524,0,2024-10-31T12:00:00Z
2024-10-31,P00524,0,2024-12-01T12:00:00Z
2024-11-30,P00524,0,2024-12-31T12:00:00Z
2024-12-31,P00524,0,2025-01-31T12:00:00Z
2025-01-31,P00524,0,2025-03-03T12:00:00Z
2025-02-28,P00524,0,2025-03-31T12:00:00Z
2025-03-31,P00524,0,2025-05-01T12:00:00Z
2025-04-30,P00524,0,2025-05-31T12:00:00Z
2025-05-31,P00524,0,2025-07-01T12:00:00Z
2025-06-30,P00524,0,2025-07-31T12:00:00Z
2025-07-31,P00524,0,2025-08-31T12:00:00Z
2025-08-31,P00524,0,2025-10-01T12:00:00Z
2025-09-30,P00524,0,2025-10-31T12:00:00Z
2025-10-31,P00524,0,2025-12-01T12:00:00Z
2025-11-30,P00524,0,2025-12-31T12:00:00Z
2025-12-31,P00524,0,2026-01-31T12:00:00Z
2023-07-31,P00525,0,2023-08-31T12:00:00Z
2023-08-31,P00525,0,2023-10-01T12:00:00Z
2023-09-30,P00525,0,2023-10-31T12:00:00Z
2023-10-31,P00525,0,2023-12-01T12:00:00Z
2023-11-30,P00525,0,2023-12-31T12:00:00Z
2023-12-31,P00525,0,2024-01-31T12:00:00Z
2024-01-31,P00525,0,2024-03-02T12:00:00Z
2024-02-29,P00525,0,2024-03-31T12:00:00Z
2024-03-31,P00525,0,2024-05-01T12:00:00Z
2024-04-30,P00525,0,2024-05-31T12:00:00Z
2024-05-31,P00525,0,2024-07-01T12:00:00Z
2024-06-30,P00525,0,2024-07-31T12:00:00Z
2024-07-31,P00525,0,2024-08-31T12:00:00Z
2024-08-31,P00525,0,2024-10-01T12:00:00Z
2024-09-30,P00525,0,2024-10-31T12:00:00Z
2024-10-31,P00525,0,2024-12-01T12:00:00Z
2024-11-30,P00525,0,2024-12-31T12:00:00Z
2024-12-31,P00525,0,2025-01-31T12:00:00Z
2025-01-31,P00525,0,2025-03-03T12:00:00Z
2025-02-28,P00525,0,2025-03-31T12:00:00Z
2025-03-31,P00525,0,2025-05-01T12:00:00Z
2025-04-30,P00525,0,2025-05-31T12:00:00Z
2025-05-31,P00525,0,2025-07-01T12:00:00Z
2025-06-30,P00525,0,2025-07-31T12:00:00Z
2025-07-31,P00525,0,2025-08-31T12:00:00Z
2025-08-31,P00525,0,2025-10-01T12:00:00Z
2025-09-30,P00525,0,2025-10-31T12:00:00Z
2025-10-31,P00525,0,2025-12-01T12:00:00Z
2025-11-30,P00525,0,2025-12-31T12:00:00Z
2025-12-31,P00525,0,2026-01-31T12:00:00Z
2023-07-31,P00526,0,2023-08-31T12:00:00Z
2023-08-31,P00526,0,2023-10-01T12:00:00Z
2023-09-30,P00526,0,2023-10-31T12:00:00Z
2023-10-31,P00526,0,2023-12-01T12:00:00Z
2023-11-30,P00526,0,2023-12-31T12:00:00Z
2023-12-31,P00526,0,2024-01-31T12:00:00Z
2024-01-31,P00526,0,2024-03-02T12:00:00Z
2024-02-29,P00526,0,2024-03-31T12:00:00Z
2024-03-31,P00526,0,2024-05-01T12:00:00Z
2024-04-30,P00526,0,2024-05-31T12:00:00Z
2024-05-31,P00526,0,2024-07-01T12:00:00Z
2024-06-30,P00526,0,2024-07-31T12:00:00Z
2024-07-31,P00526,1,2024-08-31T12:00:00Z
2023-07-31,P00527,0,2023-08-31T12:00:00Z
2023-08-31,P00527,0,2023-10-01T12:00:00Z
2023-09-30,P00527,0,2023-10-31T12:00:00Z
2023-10-31,P00527,0,2023-12-01T12:00:00Z
2023-11-30,P00527,0,2023-12-31T12:00:00Z
2023-12-31,P00527,0,2024-01-31T12:00:00Z
2024-01-31,P00527,0,2024-03-02T12:00:00Z
2024-02-29,P00527,0,2024-03-31T12:00:00Z
2024-03-31,P00527,0,2024-05-01T12:00:00Z
2024-04-30,P00527,0,2024-05-31T12:00:00Z
2024-05-31,P00527,0,2024-07-01T12:00:00Z
2024-06-30,P00527,0,2024-07-31T12:00:00Z
2024-07-31,P00527,0,2024-08-31T12:00:00Z
2024-08-31,P00527,0,2024-10-01T12:00:00Z
2024-09-30,P00527,0,2024-10-31T12:00:00Z
2024-10-31,P00527,0,2024-12-01T12:00:00Z
2024-11-30,P00527,1,2024-12-31T12:00:00Z
2023-07-31,P00528,0,2023-08-31T12:00:00Z
2023-08-31,P00528,0,2023-10-01T12:00:00Z
2023-09-30,P00528,0,2023-10-31T12:00:00Z
2023-10-31,P00528,0,2023-12-01T12:00:00Z
2023-11-30,P00528,0,2023-12-31T12:00:00Z
2023-12-31,P00528,0,2024-01-31T12:00:00Z
2024-01-31,P00528,0,2024-03-02T12:00:00Z
2024-02-29,P00528,0,2024-03-31T12:00:00Z
2024-03-31,P00528,0,2024-05-01T12:00:00Z
2024-04-30,P00528,0,2024-05-31T12:00:00Z
2024-05-31,P00528,0,2024-07-01T12:00:00Z
2024-06-30,P00528,0,2024-07-31T12:00:00Z
2024-07-31,P00528,0,2024-08-31T12:00:00Z
2024-08-31,P00528,0,2024-10-01T12:00:00Z
2024-09-30,P00528,0,2024-10-31T12:00:00Z
2024-10-31,P00528,0,2024-12-01T12:00:00Z
2024-11-30,P00528,0,2024-12-31T12:00:00Z
2024-12-31,P00528,0,2025-01-31T12:00:00Z
2025-01-31,P00528,0,2025-03-03T12:00:00Z
2025-02-28,P00528,0,2025-03-31T12:00:00Z
2025-03-31,P00528,0,2025-05-01T12:00:00Z
2025-04-30,P00528,0,2025-05-31T12:00:00Z
2025-05-31,P00528,0,2025-07-01T12:00:00Z
2025-06-30,P00528,0,2025-07-31T12:00:00Z
2025-07-31,P00528,0,2025-08-31T12:00:00Z
2025-08-31,P00528,0,2025-10-01T12:00:00Z
2025-09-30,P00528,0,2025-10-31T12:00:00Z
2025-10-31,P00528,0,2025-12-01T12:00:00Z
2025-11-30,P00528,0,2025-12-31T12:00:00Z
2025-12-31,P00528,0,2026-01-31T12:00:00Z
2023-07-31,P00529,0,2023-08-31T12:00:00Z
2023-08-31,P00529,0,2023-10-01T12:00:00Z
2023-09-30,P00529,0,2023-10-31T12:00:00Z
2023-10-31,P00529,0,2023-12-01T12:00:00Z
2023-11-30,P00529,0,2023-12-31T12:00:00Z
2023-12-31,P00529,0,2024-01-31T12:00:00Z
2024-01-31,P00529,0,2024-03-02T12:00:00Z
2024-02-29,P00529,0,2024-03-31T12:00:00Z
2024-03-31,P00529,0,2024-05-01T12:00:00Z
2024-04-30,P00529,0,2024-05-31T12:00:00Z
2024-05-31,P00529,0,2024-07-01T12:00:00Z
2024-06-30,P00529,0,2024-07-31T12:00:00Z
2024-07-31,P00529,0,2024-08-31T12:00:00Z
2024-08-31,P00529,0,2024-10-01T12:00:00Z
2024-09-30,P00529,0,2024-10-31T12:00:00Z
2024-10-31,P00529,0,2024-12-01T12:00:00Z
2024-11-30,P00529,0,2024-12-31T12:00:00Z
2024-12-31,P00529,0,2025-01-31T12:00:00Z
2025-01-31,P00529,0,2025-03-03T12:00:00Z
2025-02-28,P00529,0,2025-03-31T12:00:00Z
2025-03-31,P00529,0,2025-05-01T12:00:00Z
2025-04-30,P00529,0,2025-05-31T12:00:00Z
2025-05-31,P00529,0,2025-07-01T12:00:00Z
2025-06-30,P00529,0,2025-07-31T12:00:00Z
2025-07-31,P00529,0,2025-08-31T12:00:00Z
2025-08-31,P00529,0,2025-10-01T12:00:00Z
2025-09-30,P00529,0,2025-10-31T12:00:00Z
2025-10-31,P00529,0,2025-12-01T12:00:00Z
2025-11-30,P00529,0,2025-12-31T12:00:00Z
2025-12-31,P00529,0,2026-01-31T12:00:00Z
2023-07-31,P00530,0,2023-08-31T12:00:00Z
2023-08-31,P00530,0,2023-10-01T12:00:00Z
2023-09-30,P00530,0,2023-10-31T12:00:00Z
2023-10-31,P00530,0,2023-12-01T12:00:00Z
2023-11-30,P00530,0,2023-12-31T12:00:00Z
2023-12-31,P00530,0,2024-01-31T12:00:00Z
2024-01-31,P00530,0,2024-03-02T12:00:00Z
2024-02-29,P00530,0,2024-03-31T12:00:00Z
2024-03-31,P00530,0,2024-05-01T12:00:00Z
2024-04-30,P00530,0,2024-05-31T12:00:00Z
2024-05-31,P00530,0,2024-07-01T12:00:00Z
2024-06-30,P00530,0,2024-07-31T12:00:00Z
2024-07-31,P00530,0,2024-08-31T12:00:00Z
2024-08-31,P00530,0,2024-10-01T12:00:00Z
2024-09-30,P00530,0,2024-10-31T12:00:00Z
2024-10-31,P00530,0,2024-12-01T12:00:00Z
2024-11-30,P00530,0,2024-12-31T12:00:00Z
2024-12-31,P00530,0,2025-01-31T12:00:00Z
2025-01-31,P00530,0,2025-03-03T12:00:00Z
2025-02-28,P00530,0,2025-03-31T12:00:00Z
2025-03-31,P00530,0,2025-05-01T12:00:00Z
2025-04-30,P00530,0,2025-05-31T12:00:00Z
2025-05-31,P00530,0,2025-07-01T12:00:00Z
2025-06-30,P00530,0,2025-07-31T12:00:00Z
2025-07-31,P00530,0,2025-08-31T12:00:00Z
2025-08-31,P00530,0,2025-10-01T12:00:00Z
2025-09-30,P00530,0,2025-10-31T12:00:00Z
2025-10-31,P00530,0,2025-12-01T12:00:00Z
2025-11-30,P00530,0,2025-12-31T12:00:00Z
2025-12-31,P00530,0,2026-01-31T12:00:00Z
2023-07-31,P00531,0,2023-08-31T12:00:00Z
2023-08-31,P00531,0,2023-10-01T12:00:00Z
2023-09-30,P00531,0,2023-10-31T12:00:00Z
2023-10-31,P00531,0,2023-12-01T12:00:00Z
2023-11-30,P00531,0,2023-12-31T12:00:00Z
2023-12-31,P00531,0,2024-01-31T12:00:00Z
2024-01-31,P00531,0,2024-03-02T12:00:00Z
2024-02-29,P00531,0,2024-03-31T12:00:00Z
2024-03-31,P00531,0,2024-05-01T12:00:00Z
2024-04-30,P00531,0,2024-05-31T12:00:00Z
2024-05-31,P00531,0,2024-07-01T12:00:00Z
2024-06-30,P00531,0,2024-07-31T12:00:00Z
2024-07-31,P00531,0,2024-08-31T12:00:00Z
2024-08-31,P00531,0,2024-10-01T12:00:00Z
2024-09-30,P00531,0,2024-10-31T12:00:00Z
2024-10-31,P00531,1,2024-12-01T12:00:00Z
2023-07-31,P00532,0,2023-08-31T12:00:00Z
2023-08-31,P00532,0,2023-10-01T12:00:00Z
2023-09-30,P00532,0,2023-10-31T12:00:00Z
2023-10-31,P00532,0,2023-12-01T12:00:00Z
2023-11-30,P00532,0,2023-12-31T12:00:00Z
2023-12-31,P00532,0,2024-01-31T12:00:00Z
2024-01-31,P00532,0,2024-03-02T12:00:00Z
2024-02-29,P00532,0,2024-03-31T12:00:00Z
2024-03-31,P00532,0,2024-05-01T12:00:00Z
2024-04-30,P00532,0,2024-05-31T12:00:00Z
2024-05-31,P00532,0,2024-07-01T12:00:00Z
2024-06-30,P00532,0,2024-07-31T12:00:00Z
2024-07-31,P00532,0,2024-08-31T12:00:00Z
2024-08-31,P00532,0,2024-10-01T12:00:00Z
2024-09-30,P00532,0,2024-10-31T12:00:00Z
2024-10-31,P00532,0,2024-12-01T12:00:00Z
2024-11-30,P00532,0,2024-12-31T12:00:00Z
2024-12-31,P00532,0,2025-01-31T12:00:00Z
2025-01-31,P00532,0,2025-03-03T12:00:00Z
2025-02-28,P00532,0,2025-03-31T12:00:00Z
2025-03-31,P00532,0,2025-05-01T12:00:00Z
2025-04-30,P00532,0,2025-05-31T12:00:00Z
2025-05-31,P00532,0,2025-07-01T12:00:00Z
2025-06-30,P00532,0,2025-07-31T12:00:00Z
2025-07-31,P00532,0,2025-08-31T12:00:00Z
2025-08-31,P00532,0,2025-10-01T12:00:00Z
2025-09-30,P00532,0,2025-10-31T12:00:00Z
2025-10-31,P00532,0,2025-12-01T12:00:00Z
2025-11-30,P00532,0,2025-12-31T12:00:00Z
2025-12-31,P00532,0,2026-01-31T12:00:00Z
2023-07-31,P00533,0,2023-08-31T12:00:00Z
2023-08-31,P00533,0,2023-10-01T12:00:00Z
2023-09-30,P00533,0,2023-10-31T12:00:00Z
2023-10-31,P00533,0,2023-12-01T12:00:00Z
2023-11-30,P00533,0,2023-12-31T12:00:00Z
2023-12-31,P00533,0,2024-01-31T12:00:00Z
2024-01-31,P00533,0,2024-03-02T12:00:00Z
2024-02-29,P00533,0,2024-03-31T12:00:00Z
2024-03-31,P00533,0,2024-05-01T12:00:00Z
2024-04-30,P00533,0,2024-05-31T12:00:00Z
2024-05-31,P00533,0,2024-07-01T12:00:00Z
2024-06-30,P00533,0,2024-07-31T12:00:00Z
2024-07-31,P00533,0,2024-08-31T12:00:00Z
2024-08-31,P00533,0,2024-10-01T12:00:00Z
2024-09-30,P00533,0,2024-10-31T12:00:00Z
2024-10-31,P00533,0,2024-12-01T12:00:00Z
2024-11-30,P00533,0,2024-12-31T12:00:00Z
2024-12-31,P00533,0,2025-01-31T12:00:00Z
2025-01-31,P00533,0,2025-03-03T12:00:00Z
2025-02-28,P00533,0,2025-03-31T12:00:00Z
2025-03-31,P00533,0,2025-05-01T12:00:00Z
2025-04-30,P00533,0,2025-05-31T12:00:00Z
2025-05-31,P00533,0,2025-07-01T12:00:00Z
2025-06-30,P00533,0,2025-07-31T12:00:00Z
2025-07-31,P00533,0,2025-08-31T12:00:00Z
2025-08-31,P00533,0,2025-10-01T12:00:00Z
2025-09-30,P00533,0,2025-10-31T12:00:00Z
2025-10-31,P00533,0,2025-12-01T12:00:00Z
2025-11-30,P00533,0,2025-12-31T12:00:00Z
2025-12-31,P00533,0,2026-01-31T12:00:00Z
2023-07-31,P00534,0,2023-08-31T12:00:00Z
2023-08-31,P00534,0,2023-10-01T12:00:00Z
2023-09-30,P00534,0,2023-10-31T12:00:00Z
2023-10-31,P00534,0,2023-12-01T12:00:00Z
2023-11-30,P00534,0,2023-12-31T12:00:00Z
2023-12-31,P00534,0,2024-01-31T12:00:00Z
2024-01-31,P00534,0,2024-03-02T12:00:00Z
2024-02-29,P00534,0,2024-03-31T12:00:00Z
2024-03-31,P00534,0,2024-05-01T12:00:00Z
2024-04-30,P00534,0,2024-05-31T12:00:00Z
2024-05-31,P00534,0,2024-07-01T12:00:00Z
2024-06-30,P00534,0,2024-07-31T12:00:00Z
2024-07-31,P00534,0,2024-08-31T12:00:00Z
2024-08-31,P00534,0,2024-10-01T12:00:00Z
2024-09-30,P00534,0,2024-10-31T12:00:00Z
2024-10-31,P00534,0,2024-12-01T12:00:00Z
2024-11-30,P00534,0,2024-12-31T12:00:00Z
2024-12-31,P00534,0,2025-01-31T12:00:00Z
2025-01-31,P00534,0,2025-03-03T12:00:00Z
2025-02-28,P00534,0,2025-03-31T12:00:00Z
2025-03-31,P00534,0,2025-05-01T12:00:00Z
2025-04-30,P00534,0,2025-05-31T12:00:00Z
2025-05-31,P00534,0,2025-07-01T12:00:00Z
2025-06-30,P00534,0,2025-07-31T12:00:00Z
2025-07-31,P00534,0,2025-08-31T12:00:00Z
2025-08-31,P00534,0,2025-10-01T12:00:00Z
2025-09-30,P00534,0,2025-10-31T12:00:00Z
2025-10-31,P00534,0,2025-12-01T12:00:00Z
2025-11-30,P00534,0,2025-12-31T12:00:00Z
2025-12-31,P00534,0,2026-01-31T12:00:00Z
2023-07-31,P00535,0,2023-08-31T12:00:00Z
2023-08-31,P00535,0,2023-10-01T12:00:00Z
2023-09-30,P00535,0,2023-10-31T12:00:00Z
2023-10-31,P00535,0,2023-12-01T12:00:00Z
2023-11-30,P00535,0,2023-12-31T12:00:00Z
2023-12-31,P00535,0,2024-01-31T12:00:00Z
2024-01-31,P00535,0,2024-03-02T12:00:00Z
2024-02-29,P00535,0,2024-03-31T12:00:00Z
2024-03-31,P00535,0,2024-05-01T12:00:00Z
2024-04-30,P00535,0,2024-05-31T12:00:00Z
2024-05-31,P00535,0,2024-07-01T12:00:00Z
2024-06-30,P00535,0,2024-07-31T12:00:00Z
2024-07-31,P00535,0,2024-08-31T12:00:00Z
2024-08-31,P00535,0,2024-10-01T12:00:00Z
2024-09-30,P00535,0,2024-10-31T12:00:00Z
2024-10-31,P00535,0,2024-12-01T12:00:00Z
2024-11-30,P00535,0,2024-12-31T12:00:00Z
2024-12-31,P00535,0,2025-01-31T12:00:00Z
2025-01-31,P00535,0,2025-03-03T12:00:00Z
2025-02-28,P00535,0,2025-03-31T12:00:00Z
2025-03-31,P00535,0,2025-05-01T12:00:00Z
2025-04-30,P00535,0,2025-05-31T12:00:00Z
2025-05-31,P00535,0,2025-07-01T12:00:00Z
2025-06-30,P00535,0,2025-07-31T12:00:00Z
2025-07-31,P00535,0,2025-08-31T12:00:00Z
2025-08-31,P00535,0,2025-10-01T12:00:00Z
2025-09-30,P00535,0,2025-10-31T12:00:00Z
2025-10-31,P00535,0,2025-12-01T12:00:00Z
2025-11-30,P00535,0,2025-12-31T12:00:00Z
2025-12-31,P00535,0,2026-01-31T12:00:00Z
2023-07-31,P00536,0,2023-08-31T12:00:00Z
2023-08-31,P00536,0,2023-10-01T12:00:00Z
2023-09-30,P00536,0,2023-10-31T12:00:00Z
2023-10-31,P00536,0,2023-12-01T12:00:00Z
2023-11-30,P00536,0,2023-12-31T12:00:00Z
2023-12-31,P00536,0,2024-01-31T12:00:00Z
2024-01-31,P00536,0,2024-03-02T12:00:00Z
2024-02-29,P00536,0,2024-03-31T12:00:00Z
2024-03-31,P00536,0,2024-05-01T12:00:00Z
2024-04-30,P00536,0,2024-05-31T12:00:00Z
2024-05-31,P00536,0,2024-07-01T12:00:00Z
2024-06-30,P00536,0,2024-07-31T12:00:00Z
2024-07-31,P00536,0,2024-08-31T12:00:00Z
2024-08-31,P00536,0,2024-10-01T12:00:00Z
2024-09-30,P00536,0,2024-10-31T12:00:00Z
2024-10-31,P00536,0,2024-12-01T12:00:00Z
2024-11-30,P00536,0,2024-12-31T12:00:00Z
2024-12-31,P00536,0,2025-01-31T12:00:00Z
2025-01-31,P00536,0,2025-03-03T12:00:00Z
2025-02-28,P00536,0,2025-03-31T12:00:00Z
2025-03-31,P00536,0,2025-05-01T12:00:00Z
2025-04-30,P00536,0,2025-05-31T12:00:00Z
2025-05-31,P00536,0,2025-07-01T12:00:00Z
2025-06-30,P00536,0,2025-07-31T12:00:00Z
2025-07-31,P00536,0,2025-08-31T12:00:00Z
2025-08-31,P00536,0,2025-10-01T12:00:00Z
2025-09-30,P00536,0,2025-10-31T12:00:00Z
2025-10-31,P00536,0,2025-12-01T12:00:00Z
2025-11-30,P00536,0,2025-12-31T12:00:00Z
2025-12-31,P00536,0,2026-01-31T12:00:00Z
2023-07-31,P00537,0,2023-08-31T12:00:00Z
2023-08-31,P00537,0,2023-10-01T12:00:00Z
2023-09-30,P00537,0,2023-10-31T12:00:00Z
2023-10-31,P00537,0,2023-12-01T12:00:00Z
2023-11-30,P00537,0,2023-12-31T12:00:00Z
2023-12-31,P00537,0,2024-01-31T12:00:00Z
2024-01-31,P00537,0,2024-03-02T12:00:00Z
2024-02-29,P00537,0,2024-03-31T12:00:00Z
2024-03-31,P00537,0,2024-05-01T12:00:00Z
2024-04-30,P00537,0,2024-05-31T12:00:00Z
2024-05-31,P00537,0,2024-07-01T12:00:00Z
2024-06-30,P00537,0,2024-07-31T12:00:00Z
2024-07-31,P00537,1,2024-08-31T12:00:00Z
2023-07-31,P00538,0,2023-08-31T12:00:00Z
2023-08-31,P00538,0,2023-10-01T12:00:00Z
2023-09-30,P00538,0,2023-10-31T12:00:00Z
2023-10-31,P00538,0,2023-12-01T12:00:00Z
2023-11-30,P00538,0,2023-12-31T12:00:00Z
2023-12-31,P00538,0,2024-01-31T12:00:00Z
2024-01-31,P00538,0,2024-03-02T12:00:00Z
2024-02-29,P00538,0,2024-03-31T12:00:00Z
2024-03-31,P00538,0,2024-05-01T12:00:00Z
2024-04-30,P00538,0,2024-05-31T12:00:00Z
2024-05-31,P00538,0,2024-07-01T12:00:00Z
2024-06-30,P00538,0,2024-07-31T12:00:00Z
2024-07-31,P00538,0,2024-08-31T12:00:00Z
2024-08-31,P00538,0,2024-10-01T12:00:00Z
2024-09-30,P00538,0,2024-10-31T12:00:00Z
2024-10-31,P00538,0,2024-12-01T12:00:00Z
2024-11-30,P00538,0,2024-12-31T12:00:00Z
2024-12-31,P00538,0,2025-01-31T12:00:00Z
2025-01-31,P00538,0,2025-03-03T12:00:00Z
2025-02-28,P00538,0,2025-03-31T12:00:00Z
2025-03-31,P00538,0,2025-05-01T12:00:00Z
2025-04-30,P00538,0,2025-05-31T12:00:00Z
2025-05-31,P00538,0,2025-07-01T12:00:00Z
2025-06-30,P00538,0,2025-07-31T12:00:00Z
2025-07-31,P00538,0,2025-08-31T12:00:00Z
2025-08-31,P00538,0,2025-10-01T12:00:00Z
2025-09-30,P00538,0,2025-10-31T12:00:00Z
2025-10-31,P00538,0,2025-12-01T12:00:00Z
2025-11-30,P00538,0,2025-12-31T12:00:00Z
2025-12-31,P00538,0,2026-01-31T12:00:00Z
2023-07-31,P00539,0,2023-08-31T12:00:00Z
2023-08-31,P00539,0,2023-10-01T12:00:00Z
2023-09-30,P00539,0,2023-10-31T12:00:00Z
2023-10-31,P00539,0,2023-12-01T12:00:00Z
2023-11-30,P00539,0,2023-12-31T12:00:00Z
2023-12-31,P00539,0,2024-01-31T12:00:00Z
2024-01-31,P00539,0,2024-03-02T12:00:00Z
2024-02-29,P00539,0,2024-03-31T12:00:00Z
2024-03-31,P00539,0,2024-05-01T12:00:00Z
2024-04-30,P00539,0,2024-05-31T12:00:00Z
2024-05-31,P00539,0,2024-07-01T12:00:00Z
2024-06-30,P00539,0,2024-07-31T12:00:00Z
2024-07-31,P00539,0,2024-08-31T12:00:00Z
2024-08-31,P00539,0,2024-10-01T12:00:00Z
2024-09-30,P00539,0,2024-10-31T12:00:00Z
2024-10-31,P00539,0,2024-12-01T12:00:00Z
2024-11-30,P00539,0,2024-12-31T12:00:00Z
2024-12-31,P00539,1,2025-01-31T12:00:00Z
2023-07-31,P00540,0,2023-08-31T12:00:00Z
2023-08-31,P00540,0,2023-10-01T12:00:00Z
2023-09-30,P00540,0,2023-10-31T12:00:00Z
2023-10-31,P00540,0,2023-12-01T12:00:00Z
2023-11-30,P00540,0,2023-12-31T12:00:00Z
2023-12-31,P00540,0,2024-01-31T12:00:00Z
2024-01-31,P00540,0,2024-03-02T12:00:00Z
2024-02-29,P00540,0,2024-03-31T12:00:00Z
2024-03-31,P00540,0,2024-05-01T12:00:00Z
2024-04-30,P00540,0,2024-05-31T12:00:00Z
2024-05-31,P00540,0,2024-07-01T12:00:00Z
2024-06-30,P00540,0,2024-07-31T12:00:00Z
2024-07-31,P00540,0,2024-08-31T12:00:00Z
2024-08-31,P00540,0,2024-10-01T12:00:00Z
2024-09-30,P00540,0,2024-10-31T12:00:00Z
2024-10-31,P00540,0,2024-12-01T12:00:00Z
2024-11-30,P00540,0,2024-12-31T12:00:00Z
2024-12-31,P00540,0,2025-01-31T12:00:00Z
2025-01-31,P00540,0,2025-03-03T12:00:00Z
2025-02-28,P00540,0,2025-03-31T12:00:00Z
2025-03-31,P00540,0,2025-05-01T12:00:00Z
2025-04-30,P00540,0,2025-05-31T12:00:00Z
2025-05-31,P00540,0,2025-07-01T12:00:00Z
2025-06-30,P00540,0,2025-07-31T12:00:00Z
2025-07-31,P00540,0,2025-08-31T12:00:00Z
2025-08-31,P00540,0,2025-10-01T12:00:00Z
2025-09-30,P00540,0,2025-10-31T12:00:00Z
2025-10-31,P00540,0,2025-12-01T12:00:00Z
2025-11-30,P00540,0,2025-12-31T12:00:00Z
2025-12-31,P00540,0,2026-01-31T12:00:00Z
2023-07-31,P00541,0,2023-08-31T12:00:00Z
2023-08-31,P00541,0,2023-10-01T12:00:00Z
2023-09-30,P00541,0,2023-10-31T12:00:00Z
2023-10-31,P00541,0,2023-12-01T12:00:00Z
2023-11-30,P00541,0,2023-12-31T12:00:00Z
2023-12-31,P00541,0,2024-01-31T12:00:00Z
2024-01-31,P00541,0,2024-03-02T12:00:00Z
2024-02-29,P00541,0,2024-03-31T12:00:00Z
2024-03-31,P00541,0,2024-05-01T12:00:00Z
2024-04-30,P00541,0,2024-05-31T12:00:00Z
2024-05-31,P00541,0,2024-07-01T12:00:00Z
2024-06-30,P00541,0,2024-07-31T12:00:00Z
2024-07-31,P00541,0,2024-08-31T12:00:00Z
2024-08-31,P00541,0,2024-10-01T12:00:00Z
2024-09-30,P00541,0,2024-10-31T12:00:00Z
2024-10-31,P00541,0,2024-12-01T12:00:00Z
2024-11-30,P00541,0,2024-12-31T12:00:00Z
2024-12-31,P00541,0,2025-01-31T12:00:00Z
2025-01-31,P00541,0,2025-03-03T12:00:00Z
2025-02-28,P00541,0,2025-03-31T12:00:00Z
2025-03-31,P00541,0,2025-05-01T12:00:00Z
2025-04-30,P00541,0,2025-05-31T12:00:00Z
2025-05-31,P00541,0,2025-07-01T12:00:00Z
2025-06-30,P00541,0,2025-07-31T12:00:00Z
2025-07-31,P00541,0,2025-08-31T12:00:00Z
2025-08-31,P00541,0,2025-10-01T12:00:00Z
2025-09-30,P00541,0,2025-10-31T12:00:00Z
2025-10-31,P00541,0,2025-12-01T12:00:00Z
2025-11-30,P00541,0,2025-12-31T12:00:00Z
2025-12-31,P00541,0,2026-01-31T12:00:00Z
2023-07-31,P00542,0,2023-08-31T12:00:00Z
2023-08-31,P00542,0,2023-10-01T12:00:00Z
2023-09-30,P00542,0,2023-10-31T12:00:00Z
2023-10-31,P00542,0,2023-12-01T12:00:00Z
2023-11-30,P00542,0,2023-12-31T12:00:00Z
2023-12-31,P00542,0,2024-01-31T12:00:00Z
2024-01-31,P00542,0,2024-03-02T12:00:00Z
2024-02-29,P00542,0,2024-03-31T12:00:00Z
2024-03-31,P00542,0,2024-05-01T12:00:00Z
2024-04-30,P00542,0,2024-05-31T12:00:00Z
2024-05-31,P00542,0,2024-07-01T12:00:00Z
2024-06-30,P00542,0,2024-07-31T12:00:00Z
2024-07-31,P00542,0,2024-08-31T12:00:00Z
2024-08-31,P00542,0,2024-10-01T12:00:00Z
2024-09-30,P00542,0,2024-10-31T12:00:00Z
2024-10-31,P00542,0,2024-12-01T12:00:00Z
2024-11-30,P00542,0,2024-12-31T12:00:00Z
2024-12-31,P00542,0,2025-01-31T12:00:00Z
2025-01-31,P00542,0,2025-03-03T12:00:00Z
2025-02-28,P00542,0,2025-03-31T12:00:00Z
2025-03-31,P00542,0,2025-05-01T12:00:00Z
2025-04-30,P00542,0,2025-05-31T12:00:00Z
2025-05-31,P00542,1,2025-07-01T12:00:00Z
2023-07-31,P00543,0,2023-08-31T12:00:00Z
2023-08-31,P00543,0,2023-10-01T12:00:00Z
2023-09-30,P00543,0,2023-10-31T12:00:00Z
2023-10-31,P00543,0,2023-12-01T12:00:00Z
2023-11-30,P00543,0,2023-12-31T12:00:00Z
2023-12-31,P00543,0,2024-01-31T12:00:00Z
2024-01-31,P00543,0,2024-03-02T12:00:00Z
2024-02-29,P00543,0,2024-03-31T12:00:00Z
2024-03-31,P00543,0,2024-05-01T12:00:00Z
2024-04-30,P00543,0,2024-05-31T12:00:00Z
2024-05-31,P00543,0,2024-07-01T12:00:00Z
2024-06-30,P00543,0,2024-07-31T12:00:00Z
2024-07-31,P00543,0,2024-08-31T12:00:00Z
2024-08-31,P00543,0,2024-10-01T12:00:00Z
2024-09-30,P00543,0,2024-10-31T12:00:00Z
2024-10-31,P00543,0,2024-12-01T12:00:00Z
2024-11-30,P00543,0,2024-12-31T12:00:00Z
2024-12-31,P00543,0,2025-01-31T12:00:00Z
2025-01-31,P00543,1,2025-03-03T12:00:00Z
2023-07-31,P00544,0,2023-08-31T12:00:00Z
2023-08-31,P00544,0,2023-10-01T12:00:00Z
2023-09-30,P00544,0,2023-10-31T12:00:00Z
2023-10-31,P00544,0,2023-12-01T12:00:00Z
2023-11-30,P00544,0,2023-12-31T12:00:00Z
2023-12-31,P00544,0,2024-01-31T12:00:00Z
2024-01-31,P00544,0,2024-03-02T12:00:00Z
2024-02-29,P00544,0,2024-03-31T12:00:00Z
2024-03-31,P00544,0,2024-05-01T12:00:00Z
2024-04-30,P00544,0,2024-05-31T12:00:00Z
2024-05-31,P00544,0,2024-07-01T12:00:00Z
2024-06-30,P00544,0,2024-07-31T12:00:00Z
2024-07-31,P00544,0,2024-08-31T12:00:00Z
2024-08-31,P00544,0,2024-10-01T12:00:00Z
2024-09-30,P00544,0,2024-10-31T12:00:00Z
2024-10-31,P00544,0,2024-12-01T12:00:00Z
2024-11-30,P00544,0,2024-12-31T12:00:00Z
2024-12-31,P00544,0,2025-01-31T12:00:00Z
2025-01-31,P00544,0,2025-03-03T12:00:00Z
2025-02-28,P00544,0,2025-03-31T12:00:00Z
2025-03-31,P00544,0,2025-05-01T12:00:00Z
2025-04-30,P00544,0,2025-05-31T12:00:00Z
2025-05-31,P00544,0,2025-07-01T12:00:00Z
2025-06-30,P00544,0,2025-07-31T12:00:00Z
2025-07-31,P00544,0,2025-08-31T12:00:00Z
2025-08-31,P00544,0,2025-10-01T12:00:00Z
2025-09-30,P00544,0,2025-10-31T12:00:00Z
2025-10-31,P00544,0,2025-12-01T12:00:00Z
2025-11-30,P00544,0,2025-12-31T12:00:00Z
2025-12-31,P00544,0,2026-01-31T12:00:00Z
2023-07-31,P00545,0,2023-08-31T12:00:00Z
2023-08-31,P00545,0,2023-10-01T12:00:00Z
2023-09-30,P00545,0,2023-10-31T12:00:00Z
2023-10-31,P00545,0,2023-12-01T12:00:00Z
2023-11-30,P00545,0,2023-12-31T12:00:00Z
2023-12-31,P00545,0,2024-01-31T12:00:00Z
2024-01-31,P00545,0,2024-03-02T12:00:00Z
2024-02-29,P00545,0,2024-03-31T12:00:00Z
2024-03-31,P00545,0,2024-05-01T12:00:00Z
2024-04-30,P00545,0,2024-05-31T12:00:00Z
2024-05-31,P00545,0,2024-07-01T12:00:00Z
2024-06-30,P00545,0,2024-07-31T12:00:00Z
2024-07-31,P00545,0,2024-08-31T12:00:00Z
2024-08-31,P00545,0,2024-10-01T12:00:00Z
2024-09-30,P00545,1,2024-10-31T12:00:00Z
2023-07-31,P00546,0,2023-08-31T12:00:00Z
2023-08-31,P00546,0,2023-10-01T12:00:00Z
2023-09-30,P00546,0,2023-10-31T12:00:00Z
2023-10-31,P00546,0,2023-12-01T12:00:00Z
2023-11-30,P00546,1,2023-12-31T12:00:00Z
2023-07-31,P00547,0,2023-08-31T12:00:00Z
2023-08-31,P00547,0,2023-10-01T12:00:00Z
2023-09-30,P00547,0,2023-10-31T12:00:00Z
2023-10-31,P00547,0,2023-12-01T12:00:00Z
2023-11-30,P00547,0,2023-12-31T12:00:00Z
2023-12-31,P00547,0,2024-01-31T12:00:00Z
2024-01-31,P00547,0,2024-03-02T12:00:00Z
2024-02-29,P00547,0,2024-03-31T12:00:00Z
2024-03-31,P00547,0,2024-05-01T12:00:00Z
2024-04-30,P00547,0,2024-05-31T12:00:00Z
2024-05-31,P00547,0,2024-07-01T12:00:00Z
2024-06-30,P00547,0,2024-07-31T12:00:00Z
2024-07-31,P00547,0,2024-08-31T12:00:00Z
2024-08-31,P00547,0,2024-10-01T12:00:00Z
2024-09-30,P00547,0,2024-10-31T12:00:00Z
2024-10-31,P00547,0,2024-12-01T12:00:00Z
2024-11-30,P00547,0,2024-12-31T12:00:00Z
2024-12-31,P00547,0,2025-01-31T12:00:00Z
2025-01-31,P00547,0,2025-03-03T12:00:00Z
2025-02-28,P00547,0,2025-03-31T12:00:00Z
2025-03-31,P00547,0,2025-05-01T12:00:00Z
2025-04-30,P00547,0,2025-05-31T12:00:00Z
2025-05-31,P00547,0,2025-07-01T12:00:00Z
2025-06-30,P00547,0,2025-07-31T12:00:00Z
2025-07-31,P00547,0,2025-08-31T12:00:00Z
2025-08-31,P00547,0,2025-10-01T12:00:00Z
2025-09-30,P00547,0,2025-10-31T12:00:00Z
2025-10-31,P00547,0,2025-12-01T12:00:00Z
2025-11-30,P00547,0,2025-12-31T12:00:00Z
2025-12-31,P00547,0,2026-01-31T12:00:00Z
2023-07-31,P00548,0,2023-08-31T12:00:00Z
2023-08-31,P00548,0,2023-10-01T12:00:00Z
2023-09-30,P00548,0,2023-10-31T12:00:00Z
2023-10-31,P00548,0,2023-12-01T12:00:00Z
2023-11-30,P00548,0,2023-12-31T12:00:00Z
2023-12-31,P00548,0,2024-01-31T12:00:00Z
2024-01-31,P00548,0,2024-03-02T12:00:00Z
2024-02-29,P00548,0,2024-03-31T12:00:00Z
2024-03-31,P00548,0,2024-05-01T12:00:00Z
2024-04-30,P00548,0,2024-05-31T12:00:00Z
2024-05-31,P00548,0,2024-07-01T12:00:00Z
2024-06-30,P00548,0,2024-07-31T12:00:00Z
2024-07-31,P00548,0,2024-08-31T12:00:00Z
2024-08-31,P00548,0,2024-10-01T12:00:00Z
2024-09-30,P00548,0,2024-10-31T12:00:00Z
2024-10-31,P00548,0,2024-12-01T12:00:00Z
2024-11-30,P00548,0,2024-12-31T12:00:00Z
2024-12-31,P00548,0,2025-01-31T12:00:00Z
2025-01-31,P00548,0,2025-03-03T12:00:00Z
2025-02-28,P00548,0,2025-03-31T12:00:00Z
2025-03-31,P00548,0,2025-05-01T12:00:00Z
2025-04-30,P00548,0,2025-05-31T12:00:00Z
2025-05-31,P00548,0,2025-07-01T12:00:00Z
2025-06-30,P00548,0,2025-07-31T12:00:00Z
2025-07-31,P00548,0,2025-08-31T12:00:00Z
2025-08-31,P00548,0,2025-10-01T12:00:00Z
2025-09-30,P00548,0,2025-10-31T12:00:00Z
2025-10-31,P00548,0,2025-12-01T12:00:00Z
2025-11-30,P00548,0,2025-12-31T12:00:00Z
2025-12-31,P00548,0,2026-01-31T12:00:00Z
2023-07-31,P00549,0,2023-08-31T12:00:00Z
2023-08-31,P00549,0,2023-10-01T12:00:00Z
2023-09-30,P00549,0,2023-10-31T12:00:00Z
2023-10-31,P00549,0,2023-12-01T12:00:00Z
2023-11-30,P00549,0,2023-12-31T12:00:00Z
2023-12-31,P00549,0,2024-01-31T12:00:00Z
2024-01-31,P00549,0,2024-03-02T12:00:00Z
2024-02-29,P00549,0,2024-03-31T12:00:00Z
2024-03-31,P00549,0,2024-05-01T12:00:00Z
2024-04-30,P00549,0,2024-05-31T12:00:00Z
2024-05-31,P00549,0,2024-07-01T12:00:00Z
2024-06-30,P00549,0,2024-07-31T12:00:00Z
2024-07-31,P00549,0,2024-08-31T12:00:00Z
2024-08-31,P00549,0,2024-10-01T12:00:00Z
2024-09-30,P00549,0,2024-10-31T12:00:00Z
2024-10-31,P00549,0,2024-12-01T12:00:00Z
2024-11-30,P00549,0,2024-12-31T12:00:00Z
2024-12-31,P00549,0,2025-01-31T12:00:00Z
2025-01-31,P00549,0,2025-03-03T12:00:00Z
2025-02-28,P00549,0,2025-03-31T12:00:00Z
2025-03-31,P00549,0,2025-05-01T12:00:00Z
2025-04-30,P00549,0,2025-05-31T12:00:00Z
2025-05-31,P00549,0,2025-07-01T12:00:00Z
2025-06-30,P00549,0,2025-07-31T12:00:00Z
2025-07-31,P00549,0,2025-08-31T12:00:00Z
2025-08-31,P00549,0,2025-10-01T12:00:00Z
2025-09-30,P00549,0,2025-10-31T12:00:00Z
2025-10-31,P00549,0,2025-12-01T12:00:00Z
2025-11-30,P00549,0,2025-12-31T12:00:00Z
2025-12-31,P00549,0,2026-01-31T12:00:00Z
2023-07-31,P00550,0,2023-08-31T12:00:00Z
2023-08-31,P00550,0,2023-10-01T12:00:00Z
2023-09-30,P00550,0,2023-10-31T12:00:00Z
2023-10-31,P00550,0,2023-12-01T12:00:00Z
2023-11-30,P00550,0,2023-12-31T12:00:00Z
2023-12-31,P00550,0,2024-01-31T12:00:00Z
2024-01-31,P00550,0,2024-03-02T12:00:00Z
2024-02-29,P00550,0,2024-03-31T12:00:00Z
2024-03-31,P00550,0,2024-05-01T12:00:00Z
2024-04-30,P00550,0,2024-05-31T12:00:00Z
2024-05-31,P00550,0,2024-07-01T12:00:00Z
2024-06-30,P00550,0,2024-07-31T12:00:00Z
2024-07-31,P00550,0,2024-08-31T12:00:00Z
2024-08-31,P00550,0,2024-10-01T12:00:00Z
2024-09-30,P00550,0,2024-10-31T12:00:00Z
2024-10-31,P00550,0,2024-12-01T12:00:00Z
2024-11-30,P00550,0,2024-12-31T12:00:00Z
2024-12-31,P00550,0,2025-01-31T12:00:00Z
2025-01-31,P00550,0,2025-03-03T12:00:00Z
2025-02-28,P00550,0,2025-03-31T12:00:00Z
2025-03-31,P00550,0,2025-05-01T12:00:00Z
2025-04-30,P00550,0,2025-05-31T12:00:00Z
2025-05-31,P00550,0,2025-07-01T12:00:00Z
2025-06-30,P00550,0,2025-07-31T12:00:00Z
2025-07-31,P00550,0,2025-08-31T12:00:00Z
2025-08-31,P00550,0,2025-10-01T12:00:00Z
2025-09-30,P00550,0,2025-10-31T12:00:00Z
2025-10-31,P00550,0,2025-12-01T12:00:00Z
2025-11-30,P00550,0,2025-12-31T12:00:00Z
2025-12-31,P00550,0,2026-01-31T12:00:00Z
2023-07-31,P00551,0,2023-08-31T12:00:00Z
2023-08-31,P00551,0,2023-10-01T12:00:00Z
2023-09-30,P00551,0,2023-10-31T12:00:00Z
2023-10-31,P00551,0,2023-12-01T12:00:00Z
2023-11-30,P00551,0,2023-12-31T12:00:00Z
2023-12-31,P00551,0,2024-01-31T12:00:00Z
2024-01-31,P00551,0,2024-03-02T12:00:00Z
2024-02-29,P00551,0,2024-03-31T12:00:00Z
2024-03-31,P00551,0,2024-05-01T12:00:00Z
2024-04-30,P00551,0,2024-05-31T12:00:00Z
2024-05-31,P00551,0,2024-07-01T12:00:00Z
2024-06-30,P00551,0,2024-07-31T12:00:00Z
2024-07-31,P00551,0,2024-08-31T12:00:00Z
2024-08-31,P00551,0,2024-10-01T12:00:00Z
2024-09-30,P00551,0,2024-10-31T12:00:00Z
2024-10-31,P00551,0,2024-12-01T12:00:00Z
2024-11-30,P00551,0,2024-12-31T12:00:00Z
2024-12-31,P00551,0,2025-01-31T12:00:00Z
2025-01-31,P00551,0,2025-03-03T12:00:00Z
2025-02-28,P00551,0,2025-03-31T12:00:00Z
2025-03-31,P00551,0,2025-05-01T12:00:00Z
2025-04-30,P00551,0,2025-05-31T12:00:00Z
2025-05-31,P00551,0,2025-07-01T12:00:00Z
2025-06-30,P00551,0,2025-07-31T12:00:00Z
2025-07-31,P00551,0,2025-08-31T12:00:00Z
2025-08-31,P00551,0,2025-10-01T12:00:00Z
2025-09-30,P00551,0,2025-10-31T12:00:00Z
2025-10-31,P00551,0,2025-12-01T12:00:00Z
2025-11-30,P00551,0,2025-12-31T12:00:00Z
2025-12-31,P00551,0,2026-01-31T12:00:00Z
2023-07-31,P00552,0,2023-08-31T12:00:00Z
2023-08-31,P00552,0,2023-10-01T12:00:00Z
2023-09-30,P00552,0,2023-10-31T12:00:00Z
2023-10-31,P00552,0,2023-12-01T12:00:00Z
2023-11-30,P00552,0,2023-12-31T12:00:00Z
2023-12-31,P00552,0,2024-01-31T12:00:00Z
2024-01-31,P00552,0,2024-03-02T12:00:00Z
2024-02-29,P00552,0,2024-03-31T12:00:00Z
2024-03-31,P00552,0,2024-05-01T12:00:00Z
2024-04-30,P00552,0,2024-05-31T12:00:00Z
2024-05-31,P00552,0,2024-07-01T12:00:00Z
2024-06-30,P00552,0,2024-07-31T12:00:00Z
2024-07-31,P00552,0,2024-08-31T12:00:00Z
2024-08-31,P00552,0,2024-10-01T12:00:00Z
2024-09-30,P00552,0,2024-10-31T12:00:00Z
2024-10-31,P00552,0,2024-12-01T12:00:00Z
2024-11-30,P00552,0,2024-12-31T12:00:00Z
2024-12-31,P00552,0,2025-01-31T12:00:00Z
2025-01-31,P00552,0,2025-03-03T12:00:00Z
2025-02-28,P00552,0,2025-03-31T12:00:00Z
2025-03-31,P00552,0,2025-05-01T12:00:00Z
2025-04-30,P00552,0,2025-05-31T12:00:00Z
2025-05-31,P00552,0,2025-07-01T12:00:00Z
2025-06-30,P00552,0,2025-07-31T12:00:00Z
2025-07-31,P00552,0,2025-08-31T12:00:00Z
2025-08-31,P00552,0,2025-10-01T12:00:00Z
2025-09-30,P00552,0,2025-10-31T12:00:00Z
2025-10-31,P00552,0,2025-12-01T12:00:00Z
2025-11-30,P00552,0,2025-12-31T12:00:00Z
2025-12-31,P00552,0,2026-01-31T12:00:00Z
2023-07-31,P00553,0,2023-08-31T12:00:00Z
2023-08-31,P00553,0,2023-10-01T12:00:00Z
2023-09-30,P00553,0,2023-10-31T12:00:00Z
2023-10-31,P00553,0,2023-12-01T12:00:00Z
2023-11-30,P00553,0,2023-12-31T12:00:00Z
2023-12-31,P00553,0,2024-01-31T12:00:00Z
2024-01-31,P00553,0,2024-03-02T12:00:00Z
2024-02-29,P00553,0,2024-03-31T12:00:00Z
2024-03-31,P00553,0,2024-05-01T12:00:00Z
2024-04-30,P00553,0,2024-05-31T12:00:00Z
2024-05-31,P00553,0,2024-07-01T12:00:00Z
2024-06-30,P00553,0,2024-07-31T12:00:00Z
2024-07-31,P00553,0,2024-08-31T12:00:00Z
2024-08-31,P00553,1,2024-10-01T12:00:00Z
2023-07-31,P00554,0,2023-08-31T12:00:00Z
2023-08-31,P00554,0,2023-10-01T12:00:00Z
2023-09-30,P00554,0,2023-10-31T12:00:00Z
2023-10-31,P00554,0,2023-12-01T12:00:00Z
2023-11-30,P00554,0,2023-12-31T12:00:00Z
2023-12-31,P00554,0,2024-01-31T12:00:00Z
2024-01-31,P00554,0,2024-03-02T12:00:00Z
2024-02-29,P00554,0,2024-03-31T12:00:00Z
2024-03-31,P00554,0,2024-05-01T12:00:00Z
2024-04-30,P00554,0,2024-05-31T12:00:00Z
2024-05-31,P00554,0,2024-07-01T12:00:00Z
2024-06-30,P00554,0,2024-07-31T12:00:00Z
2024-07-31,P00554,0,2024-08-31T12:00:00Z
2024-08-31,P00554,1,2024-10-01T12:00:00Z
2023-07-31,P00555,0,2023-08-31T12:00:00Z
2023-08-31,P00555,0,2023-10-01T12:00:00Z
2023-09-30,P00555,0,2023-10-31T12:00:00Z
2023-10-31,P00555,0,2023-12-01T12:00:00Z
2023-11-30,P00555,0,2023-12-31T12:00:00Z
2023-12-31,P00555,0,2024-01-31T12:00:00Z
2024-01-31,P00555,0,2024-03-02T12:00:00Z
2024-02-29,P00555,0,2024-03-31T12:00:00Z
2024-03-31,P00555,0,2024-05-01T12:00:00Z
2024-04-30,P00555,0,2024-05-31T12:00:00Z
2024-05-31,P00555,0,2024-07-01T12:00:00Z
2024-06-30,P00555,0,2024-07-31T12:00:00Z
2024-07-31,P00555,0,2024-08-31T12:00:00Z
2024-08-31,P00555,0,2024-10-01T12:00:00Z
2024-09-30,P00555,0,2024-10-31T12:00:00Z
2024-10-31,P00555,0,2024-12-01T12:00:00Z
2024-11-30,P00555,0,2024-12-31T12:00:00Z
2024-12-31,P00555,0,2025-01-31T12:00:00Z
2025-01-31,P00555,0,2025-03-03T12:00:00Z
2025-02-28,P00555,1,2025-03-31T12:00:00Z
2023-07-31,P00556,0,2023-08-31T12:00:00Z
2023-08-31,P00556,0,2023-10-01T12:00:00Z
2023-09-30,P00556,0,2023-10-31T12:00:00Z
2023-10-31,P00556,0,2023-12-01T12:00:00Z
2023-11-30,P00556,0,2023-12-31T12:00:00Z
2023-12-31,P00556,0,2024-01-31T12:00:00Z
2024-01-31,P00556,0,2024-03-02T12:00:00Z
2024-02-29,P00556,0,2024-03-31T12:00:00Z
2024-03-31,P00556,0,2024-05-01T12:00:00Z
2024-04-30,P00556,0,2024-05-31T12:00:00Z
2024-05-31,P00556,0,2024-07-01T12:00:00Z
2024-06-30,P00556,0,2024-07-31T12:00:00Z
2024-07-31,P00556,0,2024-08-31T12:00:00Z
2024-08-31,P00556,0,2024-10-01T12:00:00Z
2024-09-30,P00556,0,2024-10-31T12:00:00Z
2024-10-31,P00556,0,2024-12-01T12:00:00Z
2024-11-30,P00556,0,2024-12-31T12:00:00Z
2024-12-31,P00556,0,2025-01-31T12:00:00Z
2025-01-31,P00556,0,2025-03-03T12:00:00Z
2025-02-28,P00556,0,2025-03-31T12:00:00Z
2025-03-31,P00556,0,2025-05-01T12:00:00Z
2025-04-30,P00556,0,2025-05-31T12:00:00Z
2025-05-31,P00556,0,2025-07-01T12:00:00Z
2025-06-30,P00556,0,2025-07-31T12:00:00Z
2025-07-31,P00556,0,2025-08-31T12:00:00Z
2025-08-31,P00556,0,2025-10-01T12:00:00Z
2025-09-30,P00556,0,2025-10-31T12:00:00Z
2025-10-31,P00556,0,2025-12-01T12:00:00Z
2025-11-30,P00556,0,2025-12-31T12:00:00Z
2025-12-31,P00556,0,2026-01-31T12:00:00Z
2023-07-31,P00557,0,2023-08-31T12:00:00Z
2023-08-31,P00557,0,2023-10-01T12:00:00Z
2023-09-30,P00557,0,2023-10-31T12:00:00Z
2023-10-31,P00557,0,2023-12-01T12:00:00Z
2023-11-30,P00557,0,2023-12-31T12:00:00Z
2023-12-31,P00557,0,2024-01-31T12:00:00Z
2024-01-31,P00557,0,2024-03-02T12:00:00Z
2024-02-29,P00557,0,2024-03-31T12:00:00Z
2024-03-31,P00557,0,2024-05-01T12:00:00Z
2024-04-30,P00557,0,2024-05-31T12:00:00Z
2024-05-31,P00557,0,2024-07-01T12:00:00Z
2024-06-30,P00557,0,2024-07-31T12:00:00Z
2024-07-31,P00557,0,2024-08-31T12:00:00Z
2024-08-31,P00557,0,2024-10-01T12:00:00Z
2024-09-30,P00557,0,2024-10-31T12:00:00Z
2024-10-31,P00557,0,2024-12-01T12:00:00Z
2024-11-30,P00557,0,2024-12-31T12:00:00Z
2024-12-31,P00557,0,2025-01-31T12:00:00Z
2025-01-31,P00557,0,2025-03-03T12:00:00Z
2025-02-28,P00557,1,2025-03-31T12:00:00Z
2023-07-31,P00558,0,2023-08-31T12:00:00Z
2023-08-31,P00558,0,2023-10-01T12:00:00Z
2023-09-30,P00558,0,2023-10-31T12:00:00Z
2023-10-31,P00558,0,2023-12-01T12:00:00Z
2023-11-30,P00558,0,2023-12-31T12:00:00Z
2023-12-31,P00558,0,2024-01-31T12:00:00Z
2024-01-31,P00558,0,2024-03-02T12:00:00Z
2024-02-29,P00558,0,2024-03-31T12:00:00Z
2024-03-31,P00558,0,2024-05-01T12:00:00Z
2024-04-30,P00558,0,2024-05-31T12:00:00Z
2024-05-31,P00558,0,2024-07-01T12:00:00Z
2024-06-30,P00558,0,2024-07-31T12:00:00Z
2024-07-31,P00558,0,2024-08-31T12:00:00Z
2024-08-31,P00558,0,2024-10-01T12:00:00Z
2024-09-30,P00558,1,2024-10-31T12:00:00Z
2023-07-31,P00559,0,2023-08-31T12:00:00Z
2023-08-31,P00559,0,2023-10-01T12:00:00Z
2023-09-30,P00559,0,2023-10-31T12:00:00Z
2023-10-31,P00559,0,2023-12-01T12:00:00Z
2023-11-30,P00559,0,2023-12-31T12:00:00Z
2023-12-31,P00559,0,2024-01-31T12:00:00Z
2024-01-31,P00559,0,2024-03-02T12:00:00Z
2024-02-29,P00559,0,2024-03-31T12:00:00Z
2024-03-31,P00559,0,2024-05-01T12:00:00Z
2024-04-30,P00559,0,2024-05-31T12:00:00Z
2024-05-31,P00559,0,2024-07-01T12:00:00Z
2024-06-30,P00559,0,2024-07-31T12:00:00Z
2024-07-31,P00559,0,2024-08-31T12:00:00Z
2024-08-31,P00559,0,2024-10-01T12:00:00Z
2024-09-30,P00559,0,2024-10-31T12:00:00Z
2024-10-31,P00559,0,2024-12-01T12:00:00Z
2024-11-30,P00559,0,2024-12-31T12:00:00Z
2024-12-31,P00559,0,2025-01-31T12:00:00Z
2025-01-31,P00559,0,2025-03-03T12:00:00Z
2025-02-28,P00559,0,2025-03-31T12:00:00Z
2025-03-31,P00559,0,2025-05-01T12:00:00Z
2025-04-30,P00559,0,2025-05-31T12:00:00Z
2025-05-31,P00559,0,2025-07-01T12:00:00Z
2025-06-30,P00559,0,2025-07-31T12:00:00Z
2025-07-31,P00559,0,2025-08-31T12:00:00Z
2025-08-31,P00559,0,2025-10-01T12:00:00Z
2025-09-30,P00559,0,2025-10-31T12:00:00Z
2025-10-31,P00559,0,2025-12-01T12:00:00Z
2025-11-30,P00559,0,2025-12-31T12:00:00Z
2025-12-31,P00559,1,2026-01-31T12:00:00Z
2023-07-31,P00560,0,2023-08-31T12:00:00Z
2023-08-31,P00560,0,2023-10-01T12:00:00Z
2023-09-30,P00560,0,2023-10-31T12:00:00Z
2023-10-31,P00560,0,2023-12-01T12:00:00Z
2023-11-30,P00560,0,2023-12-31T12:00:00Z
2023-12-31,P00560,0,2024-01-31T12:00:00Z
2024-01-31,P00560,0,2024-03-02T12:00:00Z
2024-02-29,P00560,0,2024-03-31T12:00:00Z
2024-03-31,P00560,0,2024-05-01T12:00:00Z
2024-04-30,P00560,0,2024-05-31T12:00:00Z
2024-05-31,P00560,0,2024-07-01T12:00:00Z
2024-06-30,P00560,0,2024-07-31T12:00:00Z
2024-07-31,P00560,0,2024-08-31T12:00:00Z
2024-08-31,P00560,0,2024-10-01T12:00:00Z
2024-09-30,P00560,0,2024-10-31T12:00:00Z
2024-10-31,P00560,0,2024-12-01T12:00:00Z
2024-11-30,P00560,0,2024-12-31T12:00:00Z
2024-12-31,P00560,0,2025-01-31T12:00:00Z
2025-01-31,P00560,0,2025-03-03T12:00:00Z
2025-02-28,P00560,0,2025-03-31T12:00:00Z
2025-03-31,P00560,0,2025-05-01T12:00:00Z
2025-04-30,P00560,0,2025-05-31T12:00:00Z
2025-05-31,P00560,0,2025-07-01T12:00:00Z
2025-06-30,P00560,0,2025-07-31T12:00:00Z
2025-07-31,P00560,0,2025-08-31T12:00:00Z
2025-08-31,P00560,0,2025-10-01T12:00:00Z
2025-09-30,P00560,0,2025-10-31T12:00:00Z
2025-10-31,P00560,0,2025-12-01T12:00:00Z
2025-11-30,P00560,0,2025-12-31T12:00:00Z
2025-12-31,P00560,0,2026-01-31T12:00:00Z
2023-07-31,P00561,0,2023-08-31T12:00:00Z
2023-08-31,P00561,0,2023-10-01T12:00:00Z
2023-09-30,P00561,0,2023-10-31T12:00:00Z
2023-10-31,P00561,0,2023-12-01T12:00:00Z
2023-11-30,P00561,0,2023-12-31T12:00:00Z
2023-12-31,P00561,0,2024-01-31T12:00:00Z
2024-01-31,P00561,0,2024-03-02T12:00:00Z
2024-02-29,P00561,0,2024-03-31T12:00:00Z
2024-03-31,P00561,0,2024-05-01T12:00:00Z
2024-04-30,P00561,0,2024-05-31T12:00:00Z
2024-05-31,P00561,0,2024-07-01T12:00:00Z
2024-06-30,P00561,0,2024-07-31T12:00:00Z
2024-07-31,P00561,0,2024-08-31T12:00:00Z
2024-08-31,P00561,0,2024-10-01T12:00:00Z
2024-09-30,P00561,0,2024-10-31T12:00:00Z
2024-10-31,P00561,0,2024-12-01T12:00:00Z
2024-11-30,P00561,0,2024-12-31T12:00:00Z
2024-12-31,P00561,0,2025-01-31T12:00:00Z
2025-01-31,P00561,0,2025-03-03T12:00:00Z
2025-02-28,P00561,0,2025-03-31T12:00:00Z
2025-03-31,P00561,0,2025-05-01T12:00:00Z
2025-04-30,P00561,0,2025-05-31T12:00:00Z
2025-05-31,P00561,0,2025-07-01T12:00:00Z
2025-06-30,P00561,0,2025-07-31T12:00:00Z
2025-07-31,P00561,0,2025-08-31T12:00:00Z
2025-08-31,P00561,0,2025-10-01T12:00:00Z
2025-09-30,P00561,0,2025-10-31T12:00:00Z
2025-10-31,P00561,0,2025-12-01T12:00:00Z
2025-11-30,P00561,0,2025-12-31T12:00:00Z
2025-12-31,P00561,0,2026-01-31T12:00:00Z
2023-07-31,P00562,0,2023-08-31T12:00:00Z
2023-08-31,P00562,0,2023-10-01T12:00:00Z
2023-09-30,P00562,0,2023-10-31T12:00:00Z
2023-10-31,P00562,0,2023-12-01T12:00:00Z
2023-11-30,P00562,0,2023-12-31T12:00:00Z
2023-12-31,P00562,0,2024-01-31T12:00:00Z
2024-01-31,P00562,0,2024-03-02T12:00:00Z
2024-02-29,P00562,0,2024-03-31T12:00:00Z
2024-03-31,P00562,0,2024-05-01T12:00:00Z
2024-04-30,P00562,0,2024-05-31T12:00:00Z
2024-05-31,P00562,0,2024-07-01T12:00:00Z
2024-06-30,P00562,0,2024-07-31T12:00:00Z
2024-07-31,P00562,0,2024-08-31T12:00:00Z
2024-08-31,P00562,0,2024-10-01T12:00:00Z
2024-09-30,P00562,0,2024-10-31T12:00:00Z
2024-10-31,P00562,0,2024-12-01T12:00:00Z
2024-11-30,P00562,0,2024-12-31T12:00:00Z
2024-12-31,P00562,0,2025-01-31T12:00:00Z
2025-01-31,P00562,0,2025-03-03T12:00:00Z
2025-02-28,P00562,0,2025-03-31T12:00:00Z
2025-03-31,P00562,0,2025-05-01T12:00:00Z
2025-04-30,P00562,0,2025-05-31T12:00:00Z
2025-05-31,P00562,0,2025-07-01T12:00:00Z
2025-06-30,P00562,0,2025-07-31T12:00:00Z
2025-07-31,P00562,0,2025-08-31T12:00:00Z
2025-08-31,P00562,0,2025-10-01T12:00:00Z
2025-09-30,P00562,0,2025-10-31T12:00:00Z
2025-10-31,P00562,0,2025-12-01T12:00:00Z
2025-11-30,P00562,0,2025-12-31T12:00:00Z
2025-12-31,P00562,0,2026-01-31T12:00:00Z
2023-07-31,P00563,0,2023-08-31T12:00:00Z
2023-08-31,P00563,0,2023-10-01T12:00:00Z
2023-09-30,P00563,0,2023-10-31T12:00:00Z
2023-10-31,P00563,0,2023-12-01T12:00:00Z
2023-11-30,P00563,0,2023-12-31T12:00:00Z
2023-12-31,P00563,0,2024-01-31T12:00:00Z
2024-01-31,P00563,0,2024-03-02T12:00:00Z
2024-02-29,P00563,0,2024-03-31T12:00:00Z
2024-03-31,P00563,0,2024-05-01T12:00:00Z
2024-04-30,P00563,0,2024-05-31T12:00:00Z
2024-05-31,P00563,0,2024-07-01T12:00:00Z
2024-06-30,P00563,0,2024-07-31T12:00:00Z
2024-07-31,P00563,0,2024-08-31T12:00:00Z
2024-08-31,P00563,0,2024-10-01T12:00:00Z
2024-09-30,P00563,0,2024-10-31T12:00:00Z
2024-10-31,P00563,0,2024-12-01T12:00:00Z
2024-11-30,P00563,0,2024-12-31T12:00:00Z
2024-12-31,P00563,0,2025-01-31T12:00:00Z
2025-01-31,P00563,0,2025-03-03T12:00:00Z
2025-02-28,P00563,0,2025-03-31T12:00:00Z
2025-03-31,P00563,0,2025-05-01T12:00:00Z
2025-04-30,P00563,0,2025-05-31T12:00:00Z
2025-05-31,P00563,0,2025-07-01T12:00:00Z
2025-06-30,P00563,0,2025-07-31T12:00:00Z
2025-07-31,P00563,0,2025-08-31T12:00:00Z
2025-08-31,P00563,0,2025-10-01T12:00:00Z
2025-09-30,P00563,0,2025-10-31T12:00:00Z
2025-10-31,P00563,0,2025-12-01T12:00:00Z
2025-11-30,P00563,0,2025-12-31T12:00:00Z
2025-12-31,P00563,0,2026-01-31T12:00:00Z
2023-07-31,P00564,0,2023-08-31T12:00:00Z
2023-08-31,P00564,0,2023-10-01T12:00:00Z
2023-09-30,P00564,0,2023-10-31T12:00:00Z
2023-10-31,P00564,0,2023-12-01T12:00:00Z
2023-11-30,P00564,0,2023-12-31T12:00:00Z
2023-12-31,P00564,0,2024-01-31T12:00:00Z
2024-01-31,P00564,0,2024-03-02T12:00:00Z
2024-02-29,P00564,0,2024-03-31T12:00:00Z
2024-03-31,P00564,0,2024-05-01T12:00:00Z
2024-04-30,P00564,0,2024-05-31T12:00:00Z
2024-05-31,P00564,0,2024-07-01T12:00:00Z
2024-06-30,P00564,0,2024-07-31T12:00:00Z
2024-07-31,P00564,0,2024-08-31T12:00:00Z
2024-08-31,P00564,0,2024-10-01T12:00:00Z
2024-09-30,P00564,0,2024-10-31T12:00:00Z
2024-10-31,P00564,0,2024-12-01T12:00:00Z
2024-11-30,P00564,0,2024-12-31T12:00:00Z
2024-12-31,P00564,0,2025-01-31T12:00:00Z
2025-01-31,P00564,0,2025-03-03T12:00:00Z
2025-02-28,P00564,0,2025-03-31T12:00:00Z
2025-03-31,P00564,0,2025-05-01T12:00:00Z
2025-04-30,P00564,0,2025-05-31T12:00:00Z
2025-05-31,P00564,0,2025-07-01T12:00:00Z
2025-06-30,P00564,0,2025-07-31T12:00:00Z
2025-07-31,P00564,0,2025-08-31T12:00:00Z
2025-08-31,P00564,0,2025-10-01T12:00:00Z
2025-09-30,P00564,0,2025-10-31T12:00:00Z
2025-10-31,P00564,0,2025-12-01T12:00:00Z
2025-11-30,P00564,0,2025-12-31T12:00:00Z
2025-12-31,P00564,0,2026-01-31T12:00:00Z
2023-07-31,P00565,0,2023-08-31T12:00:00Z
2023-08-31,P00565,0,2023-10-01T12:00:00Z
2023-09-30,P00565,0,2023-10-31T12:00:00Z
2023-10-31,P00565,0,2023-12-01T12:00:00Z
2023-11-30,P00565,0,2023-12-31T12:00:00Z
2023-12-31,P00565,0,2024-01-31T12:00:00Z
2024-01-31,P00565,0,2024-03-02T12:00:00Z
2024-02-29,P00565,0,2024-03-31T12:00:00Z
2024-03-31,P00565,0,2024-05-01T12:00:00Z
2024-04-30,P00565,0,2024-05-31T12:00:00Z
2024-05-31,P00565,0,2024-07-01T12:00:00Z
2024-06-30,P00565,0,2024-07-31T12:00:00Z
2024-07-31,P00565,0,2024-08-31T12:00:00Z
2024-08-31,P00565,0,2024-10-01T12:00:00Z
2024-09-30,P00565,0,2024-10-31T12:00:00Z
2024-10-31,P00565,0,2024-12-01T12:00:00Z
2024-11-30,P00565,0,2024-12-31T12:00:00Z
2024-12-31,P00565,0,2025-01-31T12:00:00Z
2025-01-31,P00565,0,2025-03-03T12:00:00Z
2025-02-28,P00565,0,2025-03-31T12:00:00Z
2025-03-31,P00565,0,2025-05-01T12:00:00Z
2025-04-30,P00565,0,2025-05-31T12:00:00Z
2025-05-31,P00565,0,2025-07-01T12:00:00Z
2025-06-30,P00565,0,2025-07-31T12:00:00Z
2025-07-31,P00565,0,2025-08-31T12:00:00Z
2025-08-31,P00565,0,2025-10-01T12:00:00Z
2025-09-30,P00565,0,2025-10-31T12:00:00Z
2025-10-31,P00565,0,2025-12-01T12:00:00Z
2025-11-30,P00565,0,2025-12-31T12:00:00Z
2025-12-31,P00565,0,2026-01-31T12:00:00Z
2023-07-31,P00566,0,2023-08-31T12:00:00Z
2023-08-31,P00566,0,2023-10-01T12:00:00Z
2023-09-30,P00566,0,2023-10-31T12:00:00Z
2023-10-31,P00566,0,2023-12-01T12:00:00Z
2023-11-30,P00566,0,2023-12-31T12:00:00Z
2023-12-31,P00566,0,2024-01-31T12:00:00Z
2024-01-31,P00566,0,2024-03-02T12:00:00Z
2024-02-29,P00566,0,2024-03-31T12:00:00Z
2024-03-31,P00566,0,2024-05-01T12:00:00Z
2024-04-30,P00566,0,2024-05-31T12:00:00Z
2024-05-31,P00566,0,2024-07-01T12:00:00Z
2024-06-30,P00566,0,2024-07-31T12:00:00Z
2024-07-31,P00566,0,2024-08-31T12:00:00Z
2024-08-31,P00566,0,2024-10-01T12:00:00Z
2024-09-30,P00566,0,2024-10-31T12:00:00Z
2024-10-31,P00566,0,2024-12-01T12:00:00Z
2024-11-30,P00566,0,2024-12-31T12:00:00Z
2024-12-31,P00566,0,2025-01-31T12:00:00Z
2025-01-31,P00566,0,2025-03-03T12:00:00Z
2025-02-28,P00566,0,2025-03-31T12:00:00Z
2025-03-31,P00566,0,2025-05-01T12:00:00Z
2025-04-30,P00566,0,2025-05-31T12:00:00Z
2025-05-31,P00566,0,2025-07-01T12:00:00Z
2025-06-30,P00566,0,2025-07-31T12:00:00Z
2025-07-31,P00566,0,2025-08-31T12:00:00Z
2025-08-31,P00566,0,2025-10-01T12:00:00Z
2025-09-30,P00566,0,2025-10-31T12:00:00Z
2025-10-31,P00566,0,2025-12-01T12:00:00Z
2025-11-30,P00566,0,2025-12-31T12:00:00Z
2025-12-31,P00566,0,2026-01-31T12:00:00Z
2023-07-31,P00567,0,2023-08-31T12:00:00Z
2023-08-31,P00567,0,2023-10-01T12:00:00Z
2023-09-30,P00567,0,2023-10-31T12:00:00Z
2023-10-31,P00567,0,2023-12-01T12:00:00Z
2023-11-30,P00567,0,2023-12-31T12:00:00Z
2023-12-31,P00567,0,2024-01-31T12:00:00Z
2024-01-31,P00567,0,2024-03-02T12:00:00Z
2024-02-29,P00567,0,2024-03-31T12:00:00Z
2024-03-31,P00567,0,2024-05-01T12:00:00Z
2024-04-30,P00567,0,2024-05-31T12:00:00Z
2024-05-31,P00567,1,2024-07-01T12:00:00Z
2023-07-31,P00568,0,2023-08-31T12:00:00Z
2023-08-31,P00568,0,2023-10-01T12:00:00Z
2023-09-30,P00568,0,2023-10-31T12:00:00Z
2023-10-31,P00568,0,2023-12-01T12:00:00Z
2023-11-30,P00568,0,2023-12-31T12:00:00Z
2023-12-31,P00568,0,2024-01-31T12:00:00Z
2024-01-31,P00568,0,2024-03-02T12:00:00Z
2024-02-29,P00568,0,2024-03-31T12:00:00Z
2024-03-31,P00568,0,2024-05-01T12:00:00Z
2024-04-30,P00568,0,2024-05-31T12:00:00Z
2024-05-31,P00568,0,2024-07-01T12:00:00Z
2024-06-30,P00568,0,2024-07-31T12:00:00Z
2024-07-31,P00568,0,2024-08-31T12:00:00Z
2024-08-31,P00568,0,2024-10-01T12:00:00Z
2024-09-30,P00568,0,2024-10-31T12:00:00Z
2024-10-31,P00568,0,2024-12-01T12:00:00Z
2024-11-30,P00568,0,2024-12-31T12:00:00Z
2024-12-31,P00568,0,2025-01-31T12:00:00Z
2025-01-31,P00568,0,2025-03-03T12:00:00Z
2025-02-28,P00568,0,2025-03-31T12:00:00Z
2025-03-31,P00568,0,2025-05-01T12:00:00Z
2025-04-30,P00568,0,2025-05-31T12:00:00Z
2025-05-31,P00568,0,2025-07-01T12:00:00Z
2025-06-30,P00568,0,2025-07-31T12:00:00Z
2025-07-31,P00568,0,2025-08-31T12:00:00Z
2025-08-31,P00568,0,2025-10-01T12:00:00Z
2025-09-30,P00568,0,2025-10-31T12:00:00Z
2025-10-31,P00568,0,2025-12-01T12:00:00Z
2025-11-30,P00568,0,2025-12-31T12:00:00Z
2025-12-31,P00568,0,2026-01-31T12:00:00Z
2023-07-31,P00569,0,2023-08-31T12:00:00Z
2023-08-31,P00569,0,2023-10-01T12:00:00Z
2023-09-30,P00569,1,2023-10-31T12:00:00Z
2023-07-31,P00570,0,2023-08-31T12:00:00Z
2023-08-31,P00570,0,2023-10-01T12:00:00Z
2023-09-30,P00570,0,2023-10-31T12:00:00Z
2023-10-31,P00570,0,2023-12-01T12:00:00Z
2023-11-30,P00570,0,2023-12-31T12:00:00Z
2023-12-31,P00570,0,2024-01-31T12:00:00Z
2024-01-31,P00570,0,2024-03-02T12:00:00Z
2024-02-29,P00570,0,2024-03-31T12:00:00Z
2024-03-31,P00570,0,2024-05-01T12:00:00Z
2024-04-30,P00570,0,2024-05-31T12:00:00Z
2024-05-31,P00570,0,2024-07-01T12:00:00Z
2024-06-30,P00570,0,2024-07-31T12:00:00Z
2024-07-31,P00570,0,2024-08-31T12:00:00Z
2024-08-31,P00570,0,2024-10-01T12:00:00Z
2024-09-30,P00570,0,2024-10-31T12:00:00Z
2024-10-31,P00570,0,2024-12-01T12:00:00Z
2024-11-30,P00570,0,2024-12-31T12:00:00Z
2024-12-31,P00570,0,2025-01-31T12:00:00Z
2025-01-31,P00570,0,2025-03-03T12:00:00Z
2025-02-28,P00570,0,2025-03-31T12:00:00Z
2025-03-31,P00570,0,2025-05-01T12:00:00Z
2025-04-30,P00570,0,2025-05-31T12:00:00Z
2025-05-31,P00570,0,2025-07-01T12:00:00Z
2025-06-30,P00570,0,2025-07-31T12:00:00Z
2025-07-31,P00570,0,2025-08-31T12:00:00Z
2025-08-31,P00570,0,2025-10-01T12:00:00Z
2025-09-30,P00570,0,2025-10-31T12:00:00Z
2025-10-31,P00570,0,2025-12-01T12:00:00Z
2025-11-30,P00570,0,2025-12-31T12:00:00Z
2025-12-31,P00570,0,2026-01-31T12:00:00Z
2023-07-31,P00571,0,2023-08-31T12:00:00Z
2023-08-31,P00571,0,2023-10-01T12:00:00Z
2023-09-30,P00571,0,2023-10-31T12:00:00Z
2023-10-31,P00571,0,2023-12-01T12:00:00Z
2023-11-30,P00571,0,2023-12-31T12:00:00Z
2023-12-31,P00571,0,2024-01-31T12:00:00Z
2024-01-31,P00571,0,2024-03-02T12:00:00Z
2024-02-29,P00571,0,2024-03-31T12:00:00Z
2024-03-31,P00571,0,2024-05-01T12:00:00Z
2024-04-30,P00571,0,2024-05-31T12:00:00Z
2024-05-31,P00571,0,2024-07-01T12:00:00Z
2024-06-30,P00571,0,2024-07-31T12:00:00Z
2024-07-31,P00571,0,2024-08-31T12:00:00Z
2024-08-31,P00571,0,2024-10-01T12:00:00Z
2024-09-30,P00571,0,2024-10-31T12:00:00Z
2024-10-31,P00571,0,2024-12-01T12:00:00Z
2024-11-30,P00571,0,2024-12-31T12:00:00Z
2024-12-31,P00571,0,2025-01-31T12:00:00Z
2025-01-31,P00571,0,2025-03-03T12:00:00Z
2025-02-28,P00571,0,2025-03-31T12:00:00Z
2025-03-31,P00571,0,2025-05-01T12:00:00Z
2025-04-30,P00571,0,2025-05-31T12:00:00Z
2025-05-31,P00571,0,2025-07-01T12:00:00Z
2025-06-30,P00571,0,2025-07-31T12:00:00Z
2025-07-31,P00571,0,2025-08-31T12:00:00Z
2025-08-31,P00571,0,2025-10-01T12:00:00Z
2025-09-30,P00571,0,2025-10-31T12:00:00Z
2025-10-31,P00571,0,2025-12-01T12:00:00Z
2025-11-30,P00571,0,2025-12-31T12:00:00Z
2025-12-31,P00571,0,2026-01-31T12:00:00Z
2023-07-31,P00572,0,2023-08-31T12:00:00Z
2023-08-31,P00572,0,2023-10-01T12:00:00Z
2023-09-30,P00572,0,2023-10-31T12:00:00Z
2023-10-31,P00572,0,2023-12-01T12:00:00Z
2023-11-30,P00572,0,2023-12-31T12:00:00Z
2023-12-31,P00572,0,2024-01-31T12:00:00Z
2024-01-31,P00572,0,2024-03-02T12:00:00Z
2024-02-29,P00572,0,2024-03-31T12:00:00Z
2024-03-31,P00572,0,2024-05-01T12:00:00Z
2024-04-30,P00572,0,2024-05-31T12:00:00Z
2024-05-31,P00572,0,2024-07-01T12:00:00Z
2024-06-30,P00572,0,2024-07-31T12:00:00Z
2024-07-31,P00572,0,2024-08-31T12:00:00Z
2024-08-31,P00572,0,2024-10-01T12:00:00Z
2024-09-30,P00572,1,2024-10-31T12:00:00Z
2023-07-31,P00573,0,2023-08-31T12:00:00Z
2023-08-31,P00573,0,2023-10-01T12:00:00Z
2023-09-30,P00573,0,2023-10-31T12:00:00Z
2023-10-31,P00573,0,2023-12-01T12:00:00Z
2023-11-30,P00573,0,2023-12-31T12:00:00Z
2023-12-31,P00573,0,2024-01-31T12:00:00Z
2024-01-31,P00573,0,2024-03-02T12:00:00Z
2024-02-29,P00573,0,2024-03-31T12:00:00Z
2024-03-31,P00573,0,2024-05-01T12:00:00Z
2024-04-30,P00573,0,2024-05-31T12:00:00Z
2024-05-31,P00573,0,2024-07-01T12:00:00Z
2024-06-30,P00573,0,2024-07-31T12:00:00Z
2024-07-31,P00573,0,2024-08-31T12:00:00Z
2024-08-31,P00573,0,2024-10-01T12:00:00Z
2024-09-30,P00573,1,2024-10-31T12:00:00Z
2023-07-31,P00574,0,2023-08-31T12:00:00Z
2023-08-31,P00574,0,2023-10-01T12:00:00Z
2023-09-30,P00574,0,2023-10-31T12:00:00Z
2023-10-31,P00574,0,2023-12-01T12:00:00Z
2023-11-30,P00574,0,2023-12-31T12:00:00Z
2023-12-31,P00574,0,2024-01-31T12:00:00Z
2024-01-31,P00574,0,2024-03-02T12:00:00Z
2024-02-29,P00574,0,2024-03-31T12:00:00Z
2024-03-31,P00574,0,2024-05-01T12:00:00Z
2024-04-30,P00574,0,2024-05-31T12:00:00Z
2024-05-31,P00574,0,2024-07-01T12:00:00Z
2024-06-30,P00574,0,2024-07-31T12:00:00Z
2024-07-31,P00574,0,2024-08-31T12:00:00Z
2024-08-31,P00574,0,2024-10-01T12:00:00Z
2024-09-30,P00574,0,2024-10-31T12:00:00Z
2024-10-31,P00574,0,2024-12-01T12:00:00Z
2024-11-30,P00574,0,2024-12-31T12:00:00Z
2024-12-31,P00574,0,2025-01-31T12:00:00Z
2025-01-31,P00574,0,2025-03-03T12:00:00Z
2025-02-28,P00574,0,2025-03-31T12:00:00Z
2025-03-31,P00574,0,2025-05-01T12:00:00Z
2025-04-30,P00574,0,2025-05-31T12:00:00Z
2025-05-31,P00574,0,2025-07-01T12:00:00Z
2025-06-30,P00574,0,2025-07-31T12:00:00Z
2025-07-31,P00574,0,2025-08-31T12:00:00Z
2025-08-31,P00574,0,2025-10-01T12:00:00Z
2025-09-30,P00574,0,2025-10-31T12:00:00Z
2025-10-31,P00574,0,2025-12-01T12:00:00Z
2025-11-30,P00574,0,2025-12-31T12:00:00Z
2025-12-31,P00574,0,2026-01-31T12:00:00Z
2023-07-31,P00575,0,2023-08-31T12:00:00Z
2023-08-31,P00575,0,2023-10-01T12:00:00Z
2023-09-30,P00575,0,2023-10-31T12:00:00Z
2023-10-31,P00575,0,2023-12-01T12:00:00Z
2023-11-30,P00575,0,2023-12-31T12:00:00Z
2023-12-31,P00575,0,2024-01-31T12:00:00Z
2024-01-31,P00575,0,2024-03-02T12:00:00Z
2024-02-29,P00575,0,2024-03-31T12:00:00Z
2024-03-31,P00575,0,2024-05-01T12:00:00Z
2024-04-30,P00575,0,2024-05-31T12:00:00Z
2024-05-31,P00575,0,2024-07-01T12:00:00Z
2024-06-30,P00575,0,2024-07-31T12:00:00Z
2024-07-31,P00575,0,2024-08-31T12:00:00Z
2024-08-31,P00575,0,2024-10-01T12:00:00Z
2024-09-30,P00575,0,2024-10-31T12:00:00Z
2024-10-31,P00575,0,2024-12-01T12:00:00Z
2024-11-30,P00575,0,2024-12-31T12:00:00Z
2024-12-31,P00575,0,2025-01-31T12:00:00Z
2025-01-31,P00575,0,2025-03-03T12:00:00Z
2025-02-28,P00575,0,2025-03-31T12:00:00Z
2025-03-31,P00575,0,2025-05-01T12:00:00Z
2025-04-30,P00575,0,2025-05-31T12:00:00Z
2025-05-31,P00575,0,2025-07-01T12:00:00Z
2025-06-30,P00575,0,2025-07-31T12:00:00Z
2025-07-31,P00575,0,2025-08-31T12:00:00Z
2025-08-31,P00575,0,2025-10-01T12:00:00Z
2025-09-30,P00575,0,2025-10-31T12:00:00Z
2025-10-31,P00575,0,2025-12-01T12:00:00Z
2025-11-30,P00575,0,2025-12-31T12:00:00Z
2025-12-31,P00575,0,2026-01-31T12:00:00Z
2023-07-31,P00576,0,2023-08-31T12:00:00Z
2023-08-31,P00576,0,2023-10-01T12:00:00Z
2023-09-30,P00576,0,2023-10-31T12:00:00Z
2023-10-31,P00576,0,2023-12-01T12:00:00Z
2023-11-30,P00576,0,2023-12-31T12:00:00Z
2023-12-31,P00576,0,2024-01-31T12:00:00Z
2024-01-31,P00576,0,2024-03-02T12:00:00Z
2024-02-29,P00576,0,2024-03-31T12:00:00Z
2024-03-31,P00576,0,2024-05-01T12:00:00Z
2024-04-30,P00576,0,2024-05-31T12:00:00Z
2024-05-31,P00576,0,2024-07-01T12:00:00Z
2024-06-30,P00576,0,2024-07-31T12:00:00Z
2024-07-31,P00576,0,2024-08-31T12:00:00Z
2024-08-31,P00576,0,2024-10-01T12:00:00Z
2024-09-30,P00576,0,2024-10-31T12:00:00Z
2024-10-31,P00576,0,2024-12-01T12:00:00Z
2024-11-30,P00576,0,2024-12-31T12:00:00Z
2024-12-31,P00576,0,2025-01-31T12:00:00Z
2025-01-31,P00576,0,2025-03-03T12:00:00Z
2025-02-28,P00576,0,2025-03-31T12:00:00Z
2025-03-31,P00576,0,2025-05-01T12:00:00Z
2025-04-30,P00576,0,2025-05-31T12:00:00Z
2025-05-31,P00576,0,2025-07-01T12:00:00Z
2025-06-30,P00576,0,2025-07-31T12:00:00Z
2025-07-31,P00576,0,2025-08-31T12:00:00Z
2025-08-31,P00576,0,2025-10-01T12:00:00Z
2025-09-30,P00576,0,2025-10-31T12:00:00Z
2025-10-31,P00576,0,2025-12-01T12:00:00Z
2025-11-30,P00576,0,2025-12-31T12:00:00Z
2025-12-31,P00576,0,2026-01-31T12:00:00Z
2023-07-31,P00577,0,2023-08-31T12:00:00Z
2023-08-31,P00577,0,2023-10-01T12:00:00Z
2023-09-30,P00577,0,2023-10-31T12:00:00Z
2023-10-31,P00577,0,2023-12-01T12:00:00Z
2023-11-30,P00577,0,2023-12-31T12:00:00Z
2023-12-31,P00577,0,2024-01-31T12:00:00Z
2024-01-31,P00577,0,2024-03-02T12:00:00Z
2024-02-29,P00577,0,2024-03-31T12:00:00Z
2024-03-31,P00577,0,2024-05-01T12:00:00Z
2024-04-30,P00577,0,2024-05-31T12:00:00Z
2024-05-31,P00577,0,2024-07-01T12:00:00Z
2024-06-30,P00577,0,2024-07-31T12:00:00Z
2024-07-31,P00577,0,2024-08-31T12:00:00Z
2024-08-31,P00577,0,2024-10-01T12:00:00Z
2024-09-30,P00577,0,2024-10-31T12:00:00Z
2024-10-31,P00577,0,2024-12-01T12:00:00Z
2024-11-30,P00577,0,2024-12-31T12:00:00Z
2024-12-31,P00577,0,2025-01-31T12:00:00Z
2025-01-31,P00577,0,2025-03-03T12:00:00Z
2025-02-28,P00577,0,2025-03-31T12:00:00Z
2025-03-31,P00577,0,2025-05-01T12:00:00Z
2025-04-30,P00577,0,2025-05-31T12:00:00Z
2025-05-31,P00577,0,2025-07-01T12:00:00Z
2025-06-30,P00577,0,2025-07-31T12:00:00Z
2025-07-31,P00577,0,2025-08-31T12:00:00Z
2025-08-31,P00577,0,2025-10-01T12:00:00Z
2025-09-30,P00577,0,2025-10-31T12:00:00Z
2025-10-31,P00577,0,2025-12-01T12:00:00Z
2025-11-30,P00577,0,2025-12-31T12:00:00Z
2025-12-31,P00577,0,2026-01-31T12:00:00Z
2023-07-31,P00578,0,2023-08-31T12:00:00Z
2023-08-31,P00578,0,2023-10-01T12:00:00Z
2023-09-30,P00578,0,2023-10-31T12:00:00Z
2023-10-31,P00578,0,2023-12-01T12:00:00Z
2023-11-30,P00578,0,2023-12-31T12:00:00Z
2023-12-31,P00578,0,2024-01-31T12:00:00Z
2024-01-31,P00578,0,2024-03-02T12:00:00Z
2024-02-29,P00578,0,2024-03-31T12:00:00Z
2024-03-31,P00578,0,2024-05-01T12:00:00Z
2024-04-30,P00578,0,2024-05-31T12:00:00Z
2024-05-31,P00578,0,2024-07-01T12:00:00Z
2024-06-30,P00578,0,2024-07-31T12:00:00Z
2024-07-31,P00578,0,2024-08-31T12:00:00Z
2024-08-31,P00578,0,2024-10-01T12:00:00Z
2024-09-30,P00578,0,2024-10-31T12:00:00Z
2024-10-31,P00578,0,2024-12-01T12:00:00Z
2024-11-30,P00578,0,2024-12-31T12:00:00Z
2024-12-31,P00578,0,2025-01-31T12:00:00Z
2025-01-31,P00578,0,2025-03-03T12:00:00Z
2025-02-28,P00578,0,2025-03-31T12:00:00Z
2025-03-31,P00578,0,2025-05-01T12:00:00Z
2025-04-30,P00578,0,2025-05-31T12:00:00Z
2025-05-31,P00578,0,2025-07-01T12:00:00Z
2025-06-30,P00578,0,2025-07-31T12:00:00Z
2025-07-31,P00578,0,2025-08-31T12:00:00Z
2025-08-31,P00578,0,2025-10-01T12:00:00Z
2025-09-30,P00578,0,2025-10-31T12:00:00Z
2025-10-31,P00578,0,2025-12-01T12:00:00Z
2025-11-30,P00578,0,2025-12-31T12:00:00Z
2025-12-31,P00578,0,2026-01-31T12:00:00Z
2023-07-31,P00579,0,2023-08-31T12:00:00Z
2023-08-31,P00579,0,2023-10-01T12:00:00Z
2023-09-30,P00579,0,2023-10-31T12:00:00Z
2023-10-31,P00579,0,2023-12-01T12:00:00Z
2023-11-30,P00579,0,2023-12-31T12:00:00Z
2023-12-31,P00579,0,2024-01-31T12:00:00Z
2024-01-31,P00579,0,2024-03-02T12:00:00Z
2024-02-29,P00579,0,2024-03-31T12:00:00Z
2024-03-31,P00579,0,2024-05-01T12:00:00Z
2024-04-30,P00579,0,2024-05-31T12:00:00Z
2024-05-31,P00579,0,2024-07-01T12:00:00Z
2024-06-30,P00579,0,2024-07-31T12:00:00Z
2024-07-31,P00579,0,2024-08-31T12:00:00Z
2024-08-31,P00579,0,2024-10-01T12:00:00Z
2024-09-30,P00579,0,2024-10-31T12:00:00Z
2024-10-31,P00579,0,2024-12-01T12:00:00Z
2024-11-30,P00579,0,2024-12-31T12:00:00Z
2024-12-31,P00579,0,2025-01-31T12:00:00Z
2025-01-31,P00579,0,2025-03-03T12:00:00Z
2025-02-28,P00579,0,2025-03-31T12:00:00Z
2025-03-31,P00579,0,2025-05-01T12:00:00Z
2025-04-30,P00579,0,2025-05-31T12:00:00Z
2025-05-31,P00579,0,2025-07-01T12:00:00Z
2025-06-30,P00579,0,2025-07-31T12:00:00Z
2025-07-31,P00579,0,2025-08-31T12:00:00Z
2025-08-31,P00579,0,2025-10-01T12:00:00Z
2025-09-30,P00579,0,2025-10-31T12:00:00Z
2025-10-31,P00579,0,2025-12-01T12:00:00Z
2025-11-30,P00579,0,2025-12-31T12:00:00Z
2025-12-31,P00579,0,2026-01-31T12:00:00Z
2023-07-31,P00580,0,2023-08-31T12:00:00Z
2023-08-31,P00580,0,2023-10-01T12:00:00Z
2023-09-30,P00580,0,2023-10-31T12:00:00Z
2023-10-31,P00580,0,2023-12-01T12:00:00Z
2023-11-30,P00580,0,2023-12-31T12:00:00Z
2023-12-31,P00580,0,2024-01-31T12:00:00Z
2024-01-31,P00580,0,2024-03-02T12:00:00Z
2024-02-29,P00580,0,2024-03-31T12:00:00Z
2024-03-31,P00580,0,2024-05-01T12:00:00Z
2024-04-30,P00580,0,2024-05-31T12:00:00Z
2024-05-31,P00580,0,2024-07-01T12:00:00Z
2024-06-30,P00580,0,2024-07-31T12:00:00Z
2024-07-31,P00580,1,2024-08-31T12:00:00Z
2023-07-31,P00581,0,2023-08-31T12:00:00Z
2023-08-31,P00581,0,2023-10-01T12:00:00Z
2023-09-30,P00581,0,2023-10-31T12:00:00Z
2023-10-31,P00581,0,2023-12-01T12:00:00Z
2023-11-30,P00581,0,2023-12-31T12:00:00Z
2023-12-31,P00581,0,2024-01-31T12:00:00Z
2024-01-31,P00581,0,2024-03-02T12:00:00Z
2024-02-29,P00581,0,2024-03-31T12:00:00Z
2024-03-31,P00581,0,2024-05-01T12:00:00Z
2024-04-30,P00581,0,2024-05-31T12:00:00Z
2024-05-31,P00581,0,2024-07-01T12:00:00Z
2024-06-30,P00581,0,2024-07-31T12:00:00Z
2024-07-31,P00581,0,2024-08-31T12:00:00Z
2024-08-31,P00581,0,2024-10-01T12:00:00Z
2024-09-30,P00581,0,2024-10-31T12:00:00Z
2024-10-31,P00581,0,2024-12-01T12:00:00Z
2024-11-30,P00581,0,2024-12-31T12:00:00Z
2024-12-31,P00581,0,2025-01-31T12:00:00Z
2025-01-31,P00581,0,2025-03-03T12:00:00Z
2025-02-28,P00581,0,2025-03-31T12:00:00Z
2025-03-31,P00581,0,2025-05-01T12:00:00Z
2025-04-30,P00581,0,2025-05-31T12:00:00Z
2025-05-31,P00581,0,2025-07-01T12:00:00Z
2025-06-30,P00581,0,2025-07-31T12:00:00Z
2025-07-31,P00581,0,2025-08-31T12:00:00Z
2025-08-31,P00581,1,2025-10-01T12:00:00Z
2023-07-31,P00582,0,2023-08-31T12:00:00Z
2023-08-31,P00582,0,2023-10-01T12:00:00Z
2023-09-30,P00582,0,2023-10-31T12:00:00Z
2023-10-31,P00582,1,2023-12-01T12:00:00Z
2023-07-31,P00583,0,2023-08-31T12:00:00Z
2023-08-31,P00583,0,2023-10-01T12:00:00Z
2023-09-30,P00583,0,2023-10-31T12:00:00Z
2023-10-31,P00583,0,2023-12-01T12:00:00Z
2023-11-30,P00583,0,2023-12-31T12:00:00Z
2023-12-31,P00583,0,2024-01-31T12:00:00Z
2024-01-31,P00583,0,2024-03-02T12:00:00Z
2024-02-29,P00583,0,2024-03-31T12:00:00Z
2024-03-31,P00583,0,2024-05-01T12:00:00Z
2024-04-30,P00583,0,2024-05-31T12:00:00Z
2024-05-31,P00583,0,2024-07-01T12:00:00Z
2024-06-30,P00583,0,2024-07-31T12:00:00Z
2024-07-31,P00583,0,2024-08-31T12:00:00Z
2024-08-31,P00583,0,2024-10-01T12:00:00Z
2024-09-30,P00583,0,2024-10-31T12:00:00Z
2024-10-31,P00583,0,2024-12-01T12:00:00Z
2024-11-30,P00583,0,2024-12-31T12:00:00Z
2024-12-31,P00583,0,2025-01-31T12:00:00Z
2025-01-31,P00583,0,2025-03-03T12:00:00Z
2025-02-28,P00583,0,2025-03-31T12:00:00Z
2025-03-31,P00583,0,2025-05-01T12:00:00Z
2025-04-30,P00583,0,2025-05-31T12:00:00Z
2025-05-31,P00583,0,2025-07-01T12:00:00Z
2025-06-30,P00583,0,2025-07-31T12:00:00Z
2025-07-31,P00583,0,2025-08-31T12:00:00Z
2025-08-31,P00583,0,2025-10-01T12:00:00Z
2025-09-30,P00583,0,2025-10-31T12:00:00Z
2025-10-31,P00583,0,2025-12-01T12:00:00Z
2025-11-30,P00583,0,2025-12-31T12:00:00Z
2025-12-31,P00583,0,2026-01-31T12:00:00Z
2023-07-31,P00584,0,2023-08-31T12:00:00Z
2023-08-31,P00584,0,2023-10-01T12:00:00Z
2023-09-30,P00584,0,2023-10-31T12:00:00Z
2023-10-31,P00584,0,2023-12-01T12:00:00Z
2023-11-30,P00584,0,2023-12-31T12:00:00Z
2023-12-31,P00584,0,2024-01-31T12:00:00Z
2024-01-31,P00584,0,2024-03-02T12:00:00Z
2024-02-29,P00584,0,2024-03-31T12:00:00Z
2024-03-31,P00584,0,2024-05-01T12:00:00Z
2024-04-30,P00584,0,2024-05-31T12:00:00Z
2024-05-31,P00584,0,2024-07-01T12:00:00Z
2024-06-30,P00584,0,2024-07-31T12:00:00Z
2024-07-31,P00584,0,2024-08-31T12:00:00Z
2024-08-31,P00584,0,2024-10-01T12:00:00Z
2024-09-30,P00584,0,2024-10-31T12:00:00Z
2024-10-31,P00584,0,2024-12-01T12:00:00Z
2024-11-30,P00584,0,2024-12-31T12:00:00Z
2024-12-31,P00584,0,2025-01-31T12:00:00Z
2025-01-31,P00584,0,2025-03-03T12:00:00Z
2025-02-28,P00584,0,2025-03-31T12:00:00Z
2025-03-31,P00584,0,2025-05-01T12:00:00Z
2025-04-30,P00584,0,2025-05-31T12:00:00Z
2025-05-31,P00584,0,2025-07-01T12:00:00Z
2025-06-30,P00584,0,2025-07-31T12:00:00Z
2025-07-31,P00584,0,2025-08-31T12:00:00Z
2025-08-31,P00584,0,2025-10-01T12:00:00Z
2025-09-30,P00584,0,2025-10-31T12:00:00Z
2025-10-31,P00584,0,2025-12-01T12:00:00Z
2025-11-30,P00584,0,2025-12-31T12:00:00Z
2025-12-31,P00584,0,2026-01-31T12:00:00Z
2023-07-31,P00585,0,2023-08-31T12:00:00Z
2023-08-31,P00585,0,2023-10-01T12:00:00Z
2023-09-30,P00585,0,2023-10-31T12:00:00Z
2023-10-31,P00585,0,2023-12-01T12:00:00Z
2023-11-30,P00585,0,2023-12-31T12:00:00Z
2023-12-31,P00585,0,2024-01-31T12:00:00Z
2024-01-31,P00585,0,2024-03-02T12:00:00Z
2024-02-29,P00585,0,2024-03-31T12:00:00Z
2024-03-31,P00585,0,2024-05-01T12:00:00Z
2024-04-30,P00585,0,2024-05-31T12:00:00Z
2024-05-31,P00585,0,2024-07-01T12:00:00Z
2024-06-30,P00585,0,2024-07-31T12:00:00Z
2024-07-31,P00585,0,2024-08-31T12:00:00Z
2024-08-31,P00585,0,2024-10-01T12:00:00Z
2024-09-30,P00585,0,2024-10-31T12:00:00Z
2024-10-31,P00585,0,2024-12-01T12:00:00Z
2024-11-30,P00585,0,2024-12-31T12:00:00Z
2024-12-31,P00585,0,2025-01-31T12:00:00Z
2025-01-31,P00585,0,2025-03-03T12:00:00Z
2025-02-28,P00585,0,2025-03-31T12:00:00Z
2025-03-31,P00585,0,2025-05-01T12:00:00Z
2025-04-30,P00585,0,2025-05-31T12:00:00Z
2025-05-31,P00585,0,2025-07-01T12:00:00Z
2025-06-30,P00585,0,2025-07-31T12:00:00Z
2025-07-31,P00585,0,2025-08-31T12:00:00Z
2025-08-31,P00585,0,2025-10-01T12:00:00Z
2025-09-30,P00585,0,2025-10-31T12:00:00Z
2025-10-31,P00585,0,2025-12-01T12:00:00Z
2025-11-30,P00585,0,2025-12-31T12:00:00Z
2025-12-31,P00585,0,2026-01-31T12:00:00Z
2023-07-31,P00586,0,2023-08-31T12:00:00Z
2023-08-31,P00586,0,2023-10-01T12:00:00Z
2023-09-30,P00586,0,2023-10-31T12:00:00Z
2023-10-31,P00586,0,2023-12-01T12:00:00Z
2023-11-30,P00586,0,2023-12-31T12:00:00Z
2023-12-31,P00586,0,2024-01-31T12:00:00Z
2024-01-31,P00586,0,2024-03-02T12:00:00Z
2024-02-29,P00586,0,2024-03-31T12:00:00Z
2024-03-31,P00586,0,2024-05-01T12:00:00Z
2024-04-30,P00586,0,2024-05-31T12:00:00Z
2024-05-31,P00586,0,2024-07-01T12:00:00Z
2024-06-30,P00586,0,2024-07-31T12:00:00Z
2024-07-31,P00586,0,2024-08-31T12:00:00Z
2024-08-31,P00586,0,2024-10-01T12:00:00Z
2024-09-30,P00586,0,2024-10-31T12:00:00Z
2024-10-31,P00586,0,2024-12-01T12:00:00Z
2024-11-30,P00586,0,2024-12-31T12:00:00Z
2024-12-31,P00586,0,2025-01-31T12:00:00Z
2025-01-31,P00586,0,2025-03-03T12:00:00Z
2025-02-28,P00586,0,2025-03-31T12:00:00Z
2025-03-31,P00586,0,2025-05-01T12:00:00Z
2025-04-30,P00586,0,2025-05-31T12:00:00Z
2025-05-31,P00586,0,2025-07-01T12:00:00Z
2025-06-30,P00586,0,2025-07-31T12:00:00Z
2025-07-31,P00586,0,2025-08-31T12:00:00Z
2025-08-31,P00586,0,2025-10-01T12:00:00Z
2025-09-30,P00586,0,2025-10-31T12:00:00Z
2025-10-31,P00586,0,2025-12-01T12:00:00Z
2025-11-30,P00586,0,2025-12-31T12:00:00Z
2025-12-31,P00586,0,2026-01-31T12:00:00Z
2023-07-31,P00587,0,2023-08-31T12:00:00Z
2023-08-31,P00587,0,2023-10-01T12:00:00Z
2023-09-30,P00587,0,2023-10-31T12:00:00Z
2023-10-31,P00587,0,2023-12-01T12:00:00Z
2023-11-30,P00587,0,2023-12-31T12:00:00Z
2023-12-31,P00587,0,2024-01-31T12:00:00Z
2024-01-31,P00587,0,2024-03-02T12:00:00Z
2024-02-29,P00587,0,2024-03-31T12:00:00Z
2024-03-31,P00587,0,2024-05-01T12:00:00Z
2024-04-30,P00587,0,2024-05-31T12:00:00Z
2024-05-31,P00587,0,2024-07-01T12:00:00Z
2024-06-30,P00587,0,2024-07-31T12:00:00Z
2024-07-31,P00587,0,2024-08-31T12:00:00Z
2024-08-31,P00587,0,2024-10-01T12:00:00Z
2024-09-30,P00587,0,2024-10-31T12:00:00Z
2024-10-31,P00587,0,2024-12-01T12:00:00Z
2024-11-30,P00587,0,2024-12-31T12:00:00Z
2024-12-31,P00587,0,2025-01-31T12:00:00Z
2025-01-31,P00587,0,2025-03-03T12:00:00Z
2025-02-28,P00587,0,2025-03-31T12:00:00Z
2025-03-31,P00587,0,2025-05-01T12:00:00Z
2025-04-30,P00587,0,2025-05-31T12:00:00Z
2025-05-31,P00587,0,2025-07-01T12:00:00Z
2025-06-30,P00587,0,2025-07-31T12:00:00Z
2025-07-31,P00587,0,2025-08-31T12:00:00Z
2025-08-31,P00587,0,2025-10-01T12:00:00Z
2025-09-30,P00587,0,2025-10-31T12:00:00Z
2025-10-31,P00587,0,2025-12-01T12:00:00Z
2025-11-30,P00587,0,2025-12-31T12:00:00Z
2025-12-31,P00587,0,2026-01-31T12:00:00Z
2023-07-31,P00588,0,2023-08-31T12:00:00Z
2023-08-31,P00588,0,2023-10-01T12:00:00Z
2023-09-30,P00588,0,2023-10-31T12:00:00Z
2023-10-31,P00588,0,2023-12-01T12:00:00Z
2023-11-30,P00588,0,2023-12-31T12:00:00Z
2023-12-31,P00588,0,2024-01-31T12:00:00Z
2024-01-31,P00588,0,2024-03-02T12:00:00Z
2024-02-29,P00588,0,2024-03-31T12:00:00Z
2024-03-31,P00588,0,2024-05-01T12:00:00Z
2024-04-30,P00588,0,2024-05-31T12:00:00Z
2024-05-31,P00588,0,2024-07-01T12:00:00Z
2024-06-30,P00588,0,2024-07-31T12:00:00Z
2024-07-31,P00588,0,2024-08-31T12:00:00Z
2024-08-31,P00588,0,2024-10-01T12:00:00Z
2024-09-30,P00588,0,2024-10-31T12:00:00Z
2024-10-31,P00588,0,2024-12-01T12:00:00Z
2024-11-30,P00588,0,2024-12-31T12:00:00Z
2024-12-31,P00588,0,2025-01-31T12:00:00Z
2025-01-31,P00588,0,2025-03-03T12:00:00Z
2025-02-28,P00588,0,2025-03-31T12:00:00Z
2025-03-31,P00588,0,2025-05-01T12:00:00Z
2025-04-30,P00588,0,2025-05-31T12:00:00Z
2025-05-31,P00588,0,2025-07-01T12:00:00Z
2025-06-30,P00588,0,2025-07-31T12:00:00Z
2025-07-31,P00588,0,2025-08-31T12:00:00Z
2025-08-31,P00588,0,2025-10-01T12:00:00Z
2025-09-30,P00588,0,2025-10-31T12:00:00Z
2025-10-31,P00588,0,2025-12-01T12:00:00Z
2025-11-30,P00588,0,2025-12-31T12:00:00Z
2025-12-31,P00588,0,2026-01-31T12:00:00Z
2023-07-31,P00589,0,2023-08-31T12:00:00Z
2023-08-31,P00589,0,2023-10-01T12:00:00Z
2023-09-30,P00589,0,2023-10-31T12:00:00Z
2023-10-31,P00589,0,2023-12-01T12:00:00Z
2023-11-30,P00589,0,2023-12-31T12:00:00Z
2023-12-31,P00589,0,2024-01-31T12:00:00Z
2024-01-31,P00589,0,2024-03-02T12:00:00Z
2024-02-29,P00589,0,2024-03-31T12:00:00Z
2024-03-31,P00589,0,2024-05-01T12:00:00Z
2024-04-30,P00589,0,2024-05-31T12:00:00Z
2024-05-31,P00589,0,2024-07-01T12:00:00Z
2024-06-30,P00589,0,2024-07-31T12:00:00Z
2024-07-31,P00589,0,2024-08-31T12:00:00Z
2024-08-31,P00589,0,2024-10-01T12:00:00Z
2024-09-30,P00589,0,2024-10-31T12:00:00Z
2024-10-31,P00589,0,2024-12-01T12:00:00Z
2024-11-30,P00589,0,2024-12-31T12:00:00Z
2024-12-31,P00589,1,2025-01-31T12:00:00Z
2023-07-31,P00590,0,2023-08-31T12:00:00Z
2023-08-31,P00590,0,2023-10-01T12:00:00Z
2023-09-30,P00590,0,2023-10-31T12:00:00Z
2023-10-31,P00590,0,2023-12-01T12:00:00Z
2023-11-30,P00590,0,2023-12-31T12:00:00Z
2023-12-31,P00590,0,2024-01-31T12:00:00Z
2024-01-31,P00590,0,2024-03-02T12:00:00Z
2024-02-29,P00590,0,2024-03-31T12:00:00Z
2024-03-31,P00590,0,2024-05-01T12:00:00Z
2024-04-30,P00590,0,2024-05-31T12:00:00Z
2024-05-31,P00590,0,2024-07-01T12:00:00Z
2024-06-30,P00590,0,2024-07-31T12:00:00Z
2024-07-31,P00590,0,2024-08-31T12:00:00Z
2024-08-31,P00590,0,2024-10-01T12:00:00Z
2024-09-30,P00590,0,2024-10-31T12:00:00Z
2024-10-31,P00590,0,2024-12-01T12:00:00Z
2024-11-30,P00590,0,2024-12-31T12:00:00Z
2024-12-31,P00590,0,2025-01-31T12:00:00Z
2025-01-31,P00590,0,2025-03-03T12:00:00Z
2025-02-28,P00590,0,2025-03-31T12:00:00Z
2025-03-31,P00590,0,2025-05-01T12:00:00Z
2025-04-30,P00590,0,2025-05-31T12:00:00Z
2025-05-31,P00590,0,2025-07-01T12:00:00Z
2025-06-30,P00590,0,2025-07-31T12:00:00Z
2025-07-31,P00590,0,2025-08-31T12:00:00Z
2025-08-31,P00590,0,2025-10-01T12:00:00Z
2025-09-30,P00590,0,2025-10-31T12:00:00Z
2025-10-31,P00590,0,2025-12-01T12:00:00Z
2025-11-30,P00590,0,2025-12-31T12:00:00Z
2025-12-31,P00590,0,2026-01-31T12:00:00Z
2023-07-31,P00591,0,2023-08-31T12:00:00Z
2023-08-31,P00591,0,2023-10-01T12:00:00Z
2023-09-30,P00591,0,2023-10-31T12:00:00Z
2023-10-31,P00591,0,2023-12-01T12:00:00Z
2023-11-30,P00591,0,2023-12-31T12:00:00Z
2023-12-31,P00591,0,2024-01-31T12:00:00Z
2024-01-31,P00591,0,2024-03-02T12:00:00Z
2024-02-29,P00591,0,2024-03-31T12:00:00Z
2024-03-31,P00591,0,2024-05-01T12:00:00Z
2024-04-30,P00591,0,2024-05-31T12:00:00Z
2024-05-31,P00591,0,2024-07-01T12:00:00Z
2024-06-30,P00591,0,2024-07-31T12:00:00Z
2024-07-31,P00591,0,2024-08-31T12:00:00Z
2024-08-31,P00591,1,2024-10-01T12:00:00Z
2023-07-31,P00592,0,2023-08-31T12:00:00Z
2023-08-31,P00592,0,2023-10-01T12:00:00Z
2023-09-30,P00592,0,2023-10-31T12:00:00Z
2023-10-31,P00592,0,2023-12-01T12:00:00Z
2023-11-30,P00592,0,2023-12-31T12:00:00Z
2023-12-31,P00592,0,2024-01-31T12:00:00Z
2024-01-31,P00592,0,2024-03-02T12:00:00Z
2024-02-29,P00592,0,2024-03-31T12:00:00Z
2024-03-31,P00592,0,2024-05-01T12:00:00Z
2024-04-30,P00592,0,2024-05-31T12:00:00Z
2024-05-31,P00592,0,2024-07-01T12:00:00Z
2024-06-30,P00592,0,2024-07-31T12:00:00Z
2024-07-31,P00592,0,2024-08-31T12:00:00Z
2024-08-31,P00592,0,2024-10-01T12:00:00Z
2024-09-30,P00592,0,2024-10-31T12:00:00Z
2024-10-31,P00592,0,2024-12-01T12:00:00Z
2024-11-30,P00592,0,2024-12-31T12:00:00Z
2024-12-31,P00592,0,2025-01-31T12:00:00Z
2025-01-31,P00592,0,2025-03-03T12:00:00Z
2025-02-28,P00592,0,2025-03-31T12:00:00Z
2025-03-31,P00592,0,2025-05-01T12:00:00Z
2025-04-30,P00592,0,2025-05-31T12:00:00Z
2025-05-31,P00592,0,2025-07-01T12:00:00Z
2025-06-30,P00592,0,2025-07-31T12:00:00Z
2025-07-31,P00592,0,2025-08-31T12:00:00Z
2025-08-31,P00592,0,2025-10-01T12:00:00Z
2025-09-30,P00592,0,2025-10-31T12:00:00Z
2025-10-31,P00592,0,2025-12-01T12:00:00Z
2025-11-30,P00592,0,2025-12-31T12:00:00Z
2025-12-31,P00592,0,2026-01-31T12:00:00Z
2023-07-31,P00593,0,2023-08-31T12:00:00Z
2023-08-31,P00593,0,2023-10-01T12:00:00Z
2023-09-30,P00593,0,2023-10-31T12:00:00Z
2023-10-31,P00593,0,2023-12-01T12:00:00Z
2023-11-30,P00593,0,2023-12-31T12:00:00Z
2023-12-31,P00593,0,2024-01-31T12:00:00Z
2024-01-31,P00593,0,2024-03-02T12:00:00Z
2024-02-29,P00593,0,2024-03-31T12:00:00Z
2024-03-31,P00593,0,2024-05-01T12:00:00Z
2024-04-30,P00593,0,2024-05-31T12:00:00Z
2024-05-31,P00593,0,2024-07-01T12:00:00Z
2024-06-30,P00593,0,2024-07-31T12:00:00Z
2024-07-31,P00593,0,2024-08-31T12:00:00Z
2024-08-31,P00593,0,2024-10-01T12:00:00Z
2024-09-30,P00593,0,2024-10-31T12:00:00Z
2024-10-31,P00593,0,2024-12-01T12:00:00Z
2024-11-30,P00593,0,2024-12-31T12:00:00Z
2024-12-31,P00593,0,2025-01-31T12:00:00Z
2025-01-31,P00593,0,2025-03-03T12:00:00Z
2025-02-28,P00593,0,2025-03-31T12:00:00Z
2025-03-31,P00593,0,2025-05-01T12:00:00Z
2025-04-30,P00593,0,2025-05-31T12:00:00Z
2025-05-31,P00593,0,2025-07-01T12:00:00Z
2025-06-30,P00593,0,2025-07-31T12:00:00Z
2025-07-31,P00593,0,2025-08-31T12:00:00Z
2025-08-31,P00593,0,2025-10-01T12:00:00Z
2025-09-30,P00593,0,2025-10-31T12:00:00Z
2025-10-31,P00593,0,2025-12-01T12:00:00Z
2025-11-30,P00593,0,2025-12-31T12:00:00Z
2025-12-31,P00593,0,2026-01-31T12:00:00Z
2023-07-31,P00594,0,2023-08-31T12:00:00Z
2023-08-31,P00594,0,2023-10-01T12:00:00Z
2023-09-30,P00594,0,2023-10-31T12:00:00Z
2023-10-31,P00594,0,2023-12-01T12:00:00Z
2023-11-30,P00594,0,2023-12-31T12:00:00Z
2023-12-31,P00594,0,2024-01-31T12:00:00Z
2024-01-31,P00594,0,2024-03-02T12:00:00Z
2024-02-29,P00594,0,2024-03-31T12:00:00Z
2024-03-31,P00594,0,2024-05-01T12:00:00Z
2024-04-30,P00594,0,2024-05-31T12:00:00Z
2024-05-31,P00594,0,2024-07-01T12:00:00Z
2024-06-30,P00594,0,2024-07-31T12:00:00Z
2024-07-31,P00594,0,2024-08-31T12:00:00Z
2024-08-31,P00594,0,2024-10-01T12:00:00Z
2024-09-30,P00594,0,2024-10-31T12:00:00Z
2024-10-31,P00594,0,2024-12-01T12:00:00Z
2024-11-30,P00594,0,2024-12-31T12:00:00Z
2024-12-31,P00594,0,2025-01-31T12:00:00Z
2025-01-31,P00594,0,2025-03-03T12:00:00Z
2025-02-28,P00594,0,2025-03-31T12:00:00Z
2025-03-31,P00594,0,2025-05-01T12:00:00Z
2025-04-30,P00594,0,2025-05-31T12:00:00Z
2025-05-31,P00594,0,2025-07-01T12:00:00Z
2025-06-30,P00594,0,2025-07-31T12:00:00Z
2025-07-31,P00594,0,2025-08-31T12:00:00Z
2025-08-31,P00594,0,2025-10-01T12:00:00Z
2025-09-30,P00594,0,2025-10-31T12:00:00Z
2025-10-31,P00594,0,2025-12-01T12:00:00Z
2025-11-30,P00594,0,2025-12-31T12:00:00Z
2025-12-31,P00594,0,2026-01-31T12:00:00Z
2023-07-31,P00595,0,2023-08-31T12:00:00Z
2023-08-31,P00595,0,2023-10-01T12:00:00Z
2023-09-30,P00595,0,2023-10-31T12:00:00Z
2023-10-31,P00595,0,2023-12-01T12:00:00Z
2023-11-30,P00595,0,2023-12-31T12:00:00Z
2023-12-31,P00595,0,2024-01-31T12:00:00Z
2024-01-31,P00595,0,2024-03-02T12:00:00Z
2024-02-29,P00595,0,2024-03-31T12:00:00Z
2024-03-31,P00595,0,2024-05-01T12:00:00Z
2024-04-30,P00595,0,2024-05-31T12:00:00Z
2024-05-31,P00595,0,2024-07-01T12:00:00Z
2024-06-30,P00595,0,2024-07-31T12:00:00Z
2024-07-31,P00595,0,2024-08-31T12:00:00Z
2024-08-31,P00595,0,2024-10-01T12:00:00Z
2024-09-30,P00595,0,2024-10-31T12:00:00Z
2024-10-31,P00595,0,2024-12-01T12:00:00Z
2024-11-30,P00595,0,2024-12-31T12:00:00Z
2024-12-31,P00595,0,2025-01-31T12:00:00Z
2025-01-31,P00595,0,2025-03-03T12:00:00Z
2025-02-28,P00595,0,2025-03-31T12:00:00Z
2025-03-31,P00595,0,2025-05-01T12:00:00Z
2025-04-30,P00595,0,2025-05-31T12:00:00Z
2025-05-31,P00595,0,2025-07-01T12:00:00Z
2025-06-30,P00595,0,2025-07-31T12:00:00Z
2025-07-31,P00595,0,2025-08-31T12:00:00Z
2025-08-31,P00595,0,2025-10-01T12:00:00Z
2025-09-30,P00595,0,2025-10-31T12:00:00Z
2025-10-31,P00595,0,2025-12-01T12:00:00Z
2025-11-30,P00595,0,2025-12-31T12:00:00Z
2025-12-31,P00595,0,2026-01-31T12:00:00Z
2023-07-31,P00596,0,2023-08-31T12:00:00Z
2023-08-31,P00596,0,2023-10-01T12:00:00Z
2023-09-30,P00596,0,2023-10-31T12:00:00Z
2023-10-31,P00596,0,2023-12-01T12:00:00Z
2023-11-30,P00596,0,2023-12-31T12:00:00Z
2023-12-31,P00596,0,2024-01-31T12:00:00Z
2024-01-31,P00596,0,2024-03-02T12:00:00Z
2024-02-29,P00596,0,2024-03-31T12:00:00Z
2024-03-31,P00596,0,2024-05-01T12:00:00Z
2024-04-30,P00596,0,2024-05-31T12:00:00Z
2024-05-31,P00596,0,2024-07-01T12:00:00Z
2024-06-30,P00596,0,2024-07-31T12:00:00Z
2024-07-31,P00596,0,2024-08-31T12:00:00Z
2024-08-31,P00596,0,2024-10-01T12:00:00Z
2024-09-30,P00596,0,2024-10-31T12:00:00Z
2024-10-31,P00596,0,2024-12-01T12:00:00Z
2024-11-30,P00596,0,2024-12-31T12:00:00Z
2024-12-31,P00596,0,2025-01-31T12:00:00Z
2025-01-31,P00596,0,2025-03-03T12:00:00Z
2025-02-28,P00596,0,2025-03-31T12:00:00Z
2025-03-31,P00596,0,2025-05-01T12:00:00Z
2025-04-30,P00596,0,2025-05-31T12:00:00Z
2025-05-31,P00596,0,2025-07-01T12:00:00Z
2025-06-30,P00596,0,2025-07-31T12:00:00Z
2025-07-31,P00596,0,2025-08-31T12:00:00Z
2025-08-31,P00596,0,2025-10-01T12:00:00Z
2025-09-30,P00596,0,2025-10-31T12:00:00Z
2025-10-31,P00596,0,2025-12-01T12:00:00Z
2025-11-30,P00596,0,2025-12-31T12:00:00Z
2025-12-31,P00596,0,2026-01-31T12:00:00Z
2023-07-31,P00597,0,2023-08-31T12:00:00Z
2023-08-31,P00597,0,2023-10-01T12:00:00Z
2023-09-30,P00597,0,2023-10-31T12:00:00Z
2023-10-31,P00597,0,2023-12-01T12:00:00Z
2023-11-30,P00597,0,2023-12-31T12:00:00Z
2023-12-31,P00597,0,2024-01-31T12:00:00Z
2024-01-31,P00597,1,2024-03-02T12:00:00Z
2023-07-31,P00598,1,2023-08-31T12:00:00Z
2023-07-31,P00599,0,2023-08-31T12:00:00Z
2023-08-31,P00599,0,2023-10-01T12:00:00Z
2023-09-30,P00599,0,2023-10-31T12:00:00Z
2023-10-31,P00599,0,2023-12-01T12:00:00Z
2023-11-30,P00599,0,2023-12-31T12:00:00Z
2023-12-31,P00599,0,2024-01-31T12:00:00Z
2024-01-31,P00599,0,2024-03-02T12:00:00Z
2024-02-29,P00599,0,2024-03-31T12:00:00Z
2024-03-31,P00599,0,2024-05-01T12:00:00Z
2024-04-30,P00599,0,2024-05-31T12:00:00Z
2024-05-31,P00599,0,2024-07-01T12:00:00Z
2024-06-30,P00599,0,2024-07-31T12:00:00Z
2024-07-31,P00599,0,2024-08-31T12:00:00Z
2024-08-31,P00599,0,2024-10-01T12:00:00Z
2024-09-30,P00599,0,2024-10-31T12:00:00Z
2024-10-31,P00599,0,2024-12-01T12:00:00Z
2024-11-30,P00599,0,2024-12-31T12:00:00Z
2024-12-31,P00599,0,2025-01-31T12:00:00Z
2025-01-31,P00599,0,2025-03-03T12:00:00Z
2025-02-28,P00599,0,2025-03-31T12:00:00Z
2025-03-31,P00599,0,2025-05-01T12:00:00Z
2025-04-30,P00599,0,2025-05-31T12:00:00Z
2025-05-31,P00599,0,2025-07-01T12:00:00Z
2025-06-30,P00599,0,2025-07-31T12:00:00Z
2025-07-31,P00599,0,2025-08-31T12:00:00Z
2025-08-31,P00599,0,2025-10-01T12:00:00Z
2025-09-30,P00599,0,2025-10-31T12:00:00Z
2025-10-31,P00599,0,2025-12-01T12:00:00Z
2025-11-30,P00599,0,2025-12-31T12:00:00Z
2025-12-31,P00599,0,2026-01-31T12:00:00Z
