date,account,defaulted12,loss_rate,realised_loss12,kt
2023-07-31,E00000,0,0.0,0.0,2024-07-31T00:00:00Z
2023-08-31,E00000,0,0.0,0.0,2024-08-31T00:00:00Z
2023-09-30,E00000,0,0.0,0.0,2024-09-30T00:00:00Z
2023-10-31,E00000,0,0.0,0.0,2024-10-31T00:00:00Z
2023-11-30,E00000,0,0.0,0.0,2024-11-30T00:00:00Z
2023-12-31,E00000,0,0.0,0.0,2024-12-31T00:00:00Z
2024-01-31,E00000,0,0.0,0.0,2025-01-31T00:00:00Z
2024-02-29,E00000,0,0.0,0.0,2025-03-01T00:00:00Z
2024-03-31,E00000,0,0.0,0.0,2025-04-01T00:00:00Z
2024-04-30,E00000,0,0.0,0.0,2025-05-01T00:00:00Z
2024-05-31,E00000,0,0.0,0.0,2025-06-01T00:00:00Z
2024-06-30,E00000,0,0.0,0.0,2025-07-01T00:00:00Z
2024-07-31,E00000,0,0.0,0.0,2025-08-01T00:00:00Z
2024-08-31,E00000,0,0.0,0.0,2025-09-01T00:00:00Z
2024-09-30,E00000,0,0.0,0.0,2025-10-01T00:00:00Z
2024-10-31,E00000,0,0.0,0.0,2025-11-01T00:00:00Z
2024-11-30,E00000,0,0.0,0.0,2025-12-01T00:00:00Z
2024-12-31,E00000,0,0.0,0.0,2026-01-01T00:00:00Z
2025-01-31,E00000,0,0.0,0.0,2026-02-01T00:00:00Z
2025-02-28,E00000,0,0.0,0.0,2026-03-01T00:00:00Z
2025-03-31,E00000,0,0.0,0.0,2026-04-01T00:00:00Z
2025-04-30,E00000,0,0.0,0.0,2026-05-01T00:00:00Z
2025-05-31,E00000,0,0.0,0.0,2026-06-01T00:00:00Z
2025-06-30,E00000,0,0.0,0.0,2026-07-01T00:00:00Z
2023-07-31,E00001,0,0.0,0.0,2024-07-31T00:00:00Z
2023-08-31,E00001,0,0.0,0.0,2024-08-31T00:00:00Z
2023-09-30,E00001,0,0.0,0.0,2024-09-30T00:00:00Z
2023-10-31,E00001,0,0.0,0.0,2024-10-31T00:00:00Z
2023-11-30,E00001,0,0.0,0.0,2024-11-30T00:00:00Z
2023-12-31,E00001,0,0.0,0.0,2024-12-31T00:00:00Z
2024-01-31,E00001,0,0.0,0.0,2025-01-31T00:00:00Z
2024-02-29,E00001,0,0.0,0.0,2025-03-01T00:00:00Z
2024-03-31,E00001,0,0.0,0.0,2025-04-01T00:00:00Z
2024-04-30,E00001,0,0.0,0.0,2025-05-01T00:00:00Z
2024-05-31,E00001,0,0.0,0.0,2025-06-01T00:00:00Z
2024-06-30,E00001,0,0.0,0.0,2025-07-01T00:00:00Z
2024-07-31,E00001,0,0.0,0.0,2025-08-01T00:00:00Z
2024-08-31,E00001,0,0.0,0.0,2025-09-01T00:00:00Z
2024-09-30,E00001,0,0.0,0.0,2025-10-01T00:00:00Z
2024-10-31,E00001,0,0.0,0.0,2025-11-01T00:00:00Z
2024-11-30,E00001,0,0.0,0.0,2025-12-01T00:00:00Z
2024-12-31,E00001,0,0.0,0.0,2026-01-01T00:00:00Z
2025-01-31,E00001,0,0.0,0.0,2026-02-01T00:00:00Z
2025-02-28,E00001,0,0.0,0.0,2026-03-01T00:00:00Z
2025-03-31,E00001,0,0.0,0.0,2026-04-01T00:00:00Z
2025-04-30,E00001,0,0.0,0.0,2026-05-01T00:00:00Z
2025-05-31,E00001,0,0.0,0.0,2026-06-01T00:00:00Z
2025-06-30,E00001,0,0.0,0.0,2026-07-01T00:00:00Z
2023-07-31,E00002,0,0.0,0.0,2024-07-31T00:00:00Z
2023-08-31,E00002,0,0.0,0.0,2024-08-31T00:00:00Z
2023-09-30,E00002,0,0.0,0.0,2024-09-30T00:00:00Z
2023-10-31,E00002,0,0.0,0.0,2024-10-31T00:00:00Z
2023-11-30,E00002,0,0.0,0.0,2024-11-30T00:00:00Z
2023-12-31,E00002,0,0.0,0.0,2024-12-31T00:00:00Z
2024-01-31,E00002,0,0.0,0.0,2025-01-31T00:00:00Z
2024-02-29,E00002,0,0.0,0.0,2025-03-01T00:00:00Z
2024-03-31,E00002,0,0.0,0.0,2025-04-01T00:00:00Z
2024-04-30,E00002,0,0.0,0.0,2025-05-01T00:00:00Z
2024-05-31,E00002,0,0.0,0.0,2025-06-01T00:00:00Z
2024-06-30,E00002,0,0.0,0.0,2025-07-01T00:00:00Z
2024-07-31,E00002,0,0.0,0.0,2025-08-01T00:00:00Z
2024-08-31,E00002,0,0.0,0.0,2025-09-01T00:00:00Z
2024-09-30,E00002,0,0.0,0.0,2025-10-01T00:00:00Z
2024-10-31,E00002,0,0.0,0.0,2025-11-01T00:00:00Z
2024-11-30,E00002,0,0.0,0.0,2025-12-01T00:00:00Z
2024-12-31,E00002,0,0.0,0.0,2026-01-01T00:00:00Z
2025-01-31,E00002,0,0.0,0.0,2026-02-01T00:00:00Z
2025-02-28,E00002,0,0.0,0.0,2026-03-01T00:00:00Z
2025-03-31,E00002,0,0.0,0.0,2026-04-01T00:00:00Z
2025-04-30,E00002,0,0.0,0.0,2026-05-01T00:00:00Z
2025-05-31,E00002,0,0.0,0.0,2026-06-01T00:00:00Z
2025-06-30,E00002,0,0.0,0.0,2026-07-01T00:00:00Z
2023-07-31,E00003,1,0.0159,573.79,2024-07-31T00:00:00Z
2023-08-31,E00003,1,0.1116,4020.59,2024-08-31T00:00:00Z
2023-09-30,E00003,1,0.0519,1869.67,2024-09-30T00:00:00Z
2023-10-31,E00003,1,0.1151,4149.08,2024-10-31T00:00:00Z
2023-11-30,E00003,1,0.0916,3300.99,2024-11-30T00:00:00Z
2023-12-31,E00003,1,0.0211,762.02,2024-12-31T00:00:00Z
2024-01-31,E00003,1,0.1306,4708.23,2025-01-31T00:00:00Z
2024-02-29,E00003,1,0.0727,2619.8,2025-03-01T00:00:00Z
2024-03-31,E00003,1,0.1724,6212.65,2025-04-01T00:00:00Z
2024-04-30,E00003,1,0.0631,2273.46,2025-05-01T00:00:00Z
2024-05-31,E00003,1,0.1442,5198.7,2025-06-01T00:00:00Z
2024-06-30,E00003,1,0.1146,4129.02,2025-07-01T00:00:00Z
2024-07-31,E00003,0,0.0,0.0,2025-08-01T00:00:00Z
2024-08-31,E00003,0,0.0,0.0,2025-09-01T00:00:00Z
2024-09-30,E00003,0,0.0,0.0,2025-10-01T00:00:00Z
2024-10-31,E00003,0,0.0,0.0,2025-11-01T00:00:00Z
2024-11-30,E00003,0,0.0,0.0,2025-12-01T00:00:00Z
2024-12-31,E00003,0,0.0,0.0,2026-01-01T00:00:00Z
2025-01-31,E00003,0,0.0,0.0,2026-02-01T00:00:00Z
2025-02-28,E00003,0,0.0,0.0,2026-03-01T00:00:00Z
2025-03-31,E00003,0,0.0,0.0,2026-04-01T00:00:00Z
2025-04-30,E00003,0,0.0,0.0,2026-05-01T00:00:00Z
2025-05-31,E00003,0,0.0,0.0,2026-06-01T00:00:00Z
2025-06-30,E00003,0,0.0,0.0,2026-07-01T00:00:00Z
2023-07-31,E00004,0,0.0,0.0,2024-07-31T00:00:00Z
2023-08-31,E00004,0,0.0,0.0,2024-08-31T00:00:00Z
2023-09-30,E00004,0,0.0,0.0,2024-09-30T00:00:00Z
2023-10-31,E00004,0,0.0,0.0,2024-10-31T00:00:00Z
2023-11-30,E00004,0,0.0,0.0,2024-11-30T00:00:00Z
2023-12-31,E00004,0,0.0,0.0,2024-12-31T00:00:00Z
2024-01-31,E00004,0,0.0,0.0,2025-01-31T00:00:00Z
2024-02-29,E00004,0,0.0,0.0,2025-03-01T00:00:00Z
2024-03-31,E00004,0,0.0,0.0,2025-04-01T00:00:00Z
2024-04-30,E00004,0,0.0,0.0,2025-05-01T00:00:00Z
2024-05-31,E00004,0,0.0,0.0,2025-06-01T00:00:00Z
2024-06-30,E00004,0,0.0,0.0,2025-07-01T00:00:00Z
2024-07-31,E00004,0,0.0,0.0,2025-08-01T00:00:00Z
2024-08-31,E00004,0,0.0,0.0,2025-09-01T00:00:00Z
2024-09-30,E00004,0,0.0,0.0,2025-10-01T00:00:00Z
2024-10-31,E00004,0,0.0,0.0,2025-11-01T00:00:00Z
2024-11-30,E00004,0,0.0,0.0,2025-12-01T00:00:00Z
2024-12-31,E00004,0,0.0,0.0,2026-01-01T00:00:00Z
2025-01-31,E00004,0,0.0,0.0,2026-02-01T00:00:00Z
2025-02-28,E00004,0,0.0,0.0,2026-03-01T00:00:00Z
2025-03-31,E00004,0,0.0,0.0,2026-04-01T00:00:00Z
2025-04-30,E00004,0,0.0,0.0,2026-05-01T00:00:00Z
2025-05-31,E00004,0,0.0,0.0,2026-06-01T00:00:00Z
2025-06-30,E00004,0,0.0,0.0,2026-07-01T00:00:00Z
2023-07-31,E00005,0,0.0,0.0,2024-07-31T00:00:00Z
2023-08-31,E00005,0,0.0,0.0,2024-08-31T00:00:00Z
2023-09-30,E00005,0,0.0,0.0,2024-09-30T00:00:00Z
2023-10-31,E00005,0,0.0,0.0,2024-10-31T00:00:00Z
2023-11-30,E00005,0,0.0,0.0,2024-11-30T00:00:00Z
2023-12-31,E00005,0,0.0,0.0,2024-12-31T00:00:00Z
2024-01-31,E00005,0,0.0,0.0,2025-01-31T00:00:00Z
2024-02-29,E00005,0,0.0,0.0,2025-03-01T00:00:00Z
2024-03-31,E00005,0,0.0,0.0,2025-04-01T00:00:00Z
2024-04-30,E00005,0,0.0,0.0,2025-05-01T00:00:00Z
2024-05-31,E00005,0,0.0,0.0,2025-06-01T00:00:00Z
2024-06-30,E00005,0,0.0,0.0,2025-07-01T00:00:00Z
2024-07-31,E00005,0,0.0,0.0,2025-08-01T00:00:00Z
2024-08-31,E00005,0,0.0,0.0,2025-09-01T00:00:00Z
2024-09-30,E00005,0,0.0,0.0,2025-10-01T00:00:00Z
2024-10-31,E00005,0,0.0,0.0,2025-11-01T00:00:00Z
2024-11-30,E00005,0,0.0,0.0,2025-12-01T00:00:00Z
2024-12-31,E00005,0,0.0,0.0,2026-01-01T00:00:00Z
2025-01-31,E00005,0,0.0,0.0,2026-02-01T00:00:00Z
2025-02-28,E00005,0,0.0,0.0,2026-03-01T00:00:00Z
2025-03-31,E00005,0,0.0,0.0,2026-04-01T00:00:00Z
2025-04-30,E00005,0,0.0,0.0,2026-05-01T00:00:00Z
2025-05-31,E00005,0,0.0,0.0,2026-06-01T00:00:00Z
2025-06-30,E00005,0,0.0,0.0,2026-07-01T00:00:00Z
2023-07-31,E00006,0,0.0,0.0,2024-07-31T00:00:00Z
2023-08-31,E00006,0,0.0,0.0,2024-08-31T00:00:00Z
2023-09-30,E00006,0,0.0,0.0,2024-09-30T00:00:00Z
2023-10-31,E00006,0,0.0,0.0,2024-10-31T00:00:00Z
2023-11-30,E00006,0,0.0,0.0,2024-11-30T00:00:00Z
2023-12-31,E00006,0,0.0,0.0,2024-12-31T00:00:00Z
2024-01-31,E00006,0,0.0,0.0,2025-01-31T00:00:00Z
2024-02-29,E00006,0,0.0,0.0,2025-03-01T00:00:00Z
2024-03-31,E00006,0,0.0,0.0,2025-04-01T00:00:00Z
2024-04-30,E00006,0,0.0,0.0,2025-05-01T00:00:00Z
2024-05-31,E00006,0,0.0,0.0,2025-06-01T00:00:00Z
2024-06-30,E00006,0,0.0,0.0,2025-07-01T00:00:00Z
2024-07-31,E00006,0,0.0,0.0,2025-08-01T00:00:00Z
2024-08-31,E00006,0,0.0,0.0,2025-09-01T00:00:00Z
2024-09-30,E00006,0,0.0,0.0,2025-10-01T00:00:00Z
2024-10-31,E00006,0,0.0,0.0,2025-11-01T00:00:00Z
2024-11-30,E00006,0,0.0,0.0,2025-12-01T00:00:00Z
2024-12-31,E00006,0,0.0,0.0,2026-01-01T00:00:00Z
2025-01-31,E00006,0,0.0,0.0,2026-02-01T00:00:00Z
2025-02-28,E00006,0,0.0,0.0,2026-03-01T00:00:00Z
2025-03-31,E00006,0,0.0,0.0,2026-04-01T00:00:00Z
2025-04-30,E00006,0,0.0,0.0,2026-05-01T00:00:00Z
2025-05-31,E00006,0,0.0,0.0,2026-06-01T00:00:00Z
2025-06-30,E00006,0,0.0,0.0,2026-07-01T00:00:00Z
2023-07-31,E00007,0,0.0,0.0,2024-07-31T00:00:00Z
2023-08-31,E00007,0,0.0,0.0,2024-08-31T00:00:00Z
2023-09-30,E00007,0,0.0,0.0,2024-09-30T00:00:00Z
2023-10-31,E00007,0,0.0,0.0,2024-10-31T00:00:00Z
2023-11-30,E00007,0,0.0,0.0,2024-11-30T00:00:00Z
2023-12-31,E00007,0,0.0,0.0,2024-12-31T00:00:00Z
2024-01-31,E00007,0,0.0,0.0,2025-01-31T00:00:00Z
2024-02-29,E00007,0,0.0,0.0,2025-03-01T00:00:00Z
2024-03-31,E00007,0,0.0,0.0,2025-04-01T00:00:00Z
2024-04-30,E00007,0,0.0,0.0,2025-05-01T00:00:00Z
2024-05-31,E00007,0,0.0,0.0,2025-06-01T00:00:00Z
2024-06-30,E00007,0,0.0,0.0,2025-07-01T00:00:00Z
2024-07-31,E00007,0,0.0,0.0,2025-08-01T00:00:00Z
2024-08-31,E00007,0,0.0,0.0,2025-09-01T00:00:00Z
2024-09-30,E00007,0,0.0,0.0,2025-10-01T00:00:00Z
2024-10-31,E00007,0,0.0,0.0,2025-11-01T00:00:00Z
2024-11-30,E00007,0,0.0,0.0,2025-12-01T00:00:00Z
2024-12-31,E00007,0,0.0,0.0,2026-01-01T00:00:00Z
2025-01-31,E00007,0,0.0,0.0,2026-02-01T00:00:00Z
2025-02-28,E00007,0,0.0,0.0,2026-03-01T00:00:00Z
2025-03-31,E00007,0,0.0,0.0,2026-04-01T00:00:00Z
2025-04-30,E00007,0,0.0,0.0,2026-05-01T00:00:00Z
2025-05-31,E00007,0,0.0,0.0,2026-06-01T00:00:00Z
2025-06-30,E00007,0,0.0,0.0,2026-07-01T00:00:00Z
2023-07-31,E00008,0,0.0,0.0,2024-07-31T00:00:00Z
2023-08-31,E00008,0,0.0,0.0,2024-08-31T00:00:00Z
2023-09-30,E00008,0,0.0,0.0,2024-09-30T00:00:00Z
2023-10-31,E00008,0,0.0,0.0,2024-10-31T00:00:00Z
2023-11-30,E00008,0,0.0,0.0,2024-11-30T00:00:00Z
2023-12-31,E00008,0,0.0,0.0,2024-12-31T00:00:00Z
2024-01-31,E00008,0,0.0,0.0,2025-01-31T00:00:00Z
2024-02-29,E00008,0,0.0,0.0,2025-03-01T00:00:00Z
2024-03-31,E00008,0,0.0,0.0,2025-04-01T00:00:00Z
2024-04-30,E00008,0,0.0,0.0,2025-05-01T00:00:00Z
2024-05-31,E00008,0,0.0,0.0,2025-06-01T00:00:00Z
2024-06-30,E00008,0,0.0,0.0,2025-07-01T00:00:00Z
2024-07-31,E00008,0,0.0,0.0,2025-08-01T00:00:00Z
2024-08-31,E00008,0,0.0,0.0,2025-09-01T00:00:00Z
2024-09-30,E00008,0,0.0,0.0,2025-10-01T00:00:00Z
2024-10-31,E00008,0,0.0,0.0,2025-11-01T00:00:00Z
2024-11-30,E00008,0,0.0,0.0,2025-12-01T00:00:00Z
2024-12-31,E00008,0,0.0,0.0,2026-01-01T00:00:00Z
2025-01-31,E00008,0,0.0,0.0,2026-02-01T00:00:00Z
2025-02-28,E00008,0,0.0,0.0,2026-03-01T00:00:00Z
2025-03-31,E00008,0,0.0,0.0,2026-04-01T00:00:00Z
2025-04-30,E00008,0,0.0,0.0,2026-05-01T00:00:00Z
2025-05-31,E00008,0,0.0,0.0,2026-06-01T00:00:00Z
2025-06-30,E00008,0,0.0,0.0,2026-07-01T00:00:00Z
2023-07-31,E00009,0,0.0,0.0,2024-07-31T00:00:00Z
2023-08-31,E00009,0,0.0,0.0,2024-08-31T00:00:00Z
2023-09-30,E00009,0,0.0,0.0,2024-09-30T00:00:00Z
2023-10-31,E00009,0,0.0,0.0,2024-10-31T00:00:00Z
2023-11-30,E00009,0,0.0,0.0,2024-11-30T00:00:00Z
2023-12-31,E00009,0,0.0,0.0,2024-12-31T00:00:00Z
2024-01-31,E00009,0,0.0,0.0,2025-01-31T00:00:00Z
2024-02-29,E00009,0,0.0,0.0,2025-03-01T00:00:00Z
2024-03-31,E00009,0,0.0,0.0,2025-04-01T00:00:00Z
2024-04-30,E00009,0,0.0,0.0,2025-05-01T00:00:00Z
2024-05-31,E00009,0,0.0,0.0,2025-06-01T00:00:00Z
2024-06-30,E00009,0,0.0,0.0,2025-07-01T00:00:00Z
2024-07-31,E00009,0,0.0,0.0,2025-08-01T00:00:00Z
2024-08-31,E00009,0,0.0,0.0,2025-09-01T00:00:00Z
2024-09-30,E00009,0,0.0,0.0,2025-10-01T00:00:00Z
2024-10-31,E00009,0,0.0,0.0,2025-11-01T00:00:00Z
2024-11-30,E00009,0,0.0,0.0,2025-12-01T00:00:00Z
2024-12-31,E00009,0,0.0,0.0,2026-01-01T00:00:00Z
2025-01-31,E00009,0,0.0,0.0,2026-02-01T00:00:00Z
2025-02-28,E00009,0,0.0,0.0,2026-03-01T00:00:00Z
2025-03-31,E00009,0,0.0,0.0,2026-04-01T00:00:00Z
2025-04-30,E00009,0,0.0,0.0,2026-05-01T00:00:00Z
2025-05-31,E00009,0,0.0,0.0,2026-06-01T00:00:00Z
2025-06-30,E00009,0,0.0,0.0,2026-07-01T00:00:00Z
2023-07-31,E00010,1,0.4885,10816.99,2024-07-31T00:00:00Z
2023-08-31,E00010,1,0.4949,10957.48,2024-08-31T00:00:00Z
2023-09-30,E00010,0,0.0,0.0,2024-09-30T00:00:00Z
2023-10-31,E00010,1,0.4697,10113.16,2024-10-31T00:00:00Z
2023-11-30,E00010,1,0.5116,11013.82,2024-11-30T00:00:00Z
2023-12-31,E00010,1,0.4573,9844.43,2024-12-31T00:00:00Z
2024-01-31,E00010,1,0.4809,10353.6,2025-01-31T00:00:00Z
2024-02-29,E00010,1,0.4946,10648.4,2025-03-01T00:00:00Z
2024-03-31,E00010,1,0.5221,11241.09,2025-04-01T00:00:00Z
2024-04-30,E00010,1,0.4926,10605.02,2025-05-01T00:00:00Z
2024-05-31,E00010,1,0.4489,9665.4,2025-06-01T00:00:00Z
2024-06-30,E00010,1,0.5442,11715.12,2025-07-01T00:00:00Z
2024-07-31,E00010,1,0.5319,11452.3,2025-08-01T00:00:00Z
2024-08-31,E00010,1,0.5275,11356.81,2025-09-01T00:00:00Z
2024-09-30,E00010,1,0.4869,10481.79,2025-10-01T00:00:00Z
2024-10-31,E00010,0,0.0,0.0,2025-11-01T00:00:00Z
2024-11-30,E00010,0,0.0,0.0,2025-12-01T00:00:00Z
2024-12-31,E00010,0,0.0,0.0,2026-01-01T00:00:00Z
2025-01-31,E00010,0,0.0,0.0,2026-02-01T00:00:00Z
2025-02-28,E00010,0,0.0,0.0,2026-03-01T00:00:00Z
2025-03-31,E00010,0,0.0,0.0,2026-04-01T00:00:00Z
2025-04-30,E00010,0,0.0,0.0,2026-05-01T00:00:00Z
2025-05-31,E00010,0,0.0,0.0,2026-06-01T00:00:00Z
2025-06-30,E00010,0,0.0,0.0,2026-07-01T00:00:00Z
2023-07-31,E00011,0,0.0,0.0,2024-07-31T00:00:00Z
2023-08-31,E00011,0,0.0,0.0,2024-08-31T00:00:00Z
2023-09-30,E00011,0,0.0,0.0,2024-09-30T00:00:00Z
2023-10-31,E00011,0,0.0,0.0,2024-10-31T00:00:00Z
2023-11-30,E00011,0,0.0,0.0,2024-11-30T00:00:00Z
2023-12-31,E00011,0,0.0,0.0,2024-12-31T00:00:00Z
2024-01-31,E00011,0,0.0,0.0,2025-01-31T00:00:00Z
2024-02-29,E00011,0,0.0,0.0,2025-03-01T00:00:00Z
2024-03-31,E00011,0,0.0,0.0,2025-04-01T00:00:00Z
2024-04-30,E00011,0,0.0,0.0,2025-05-01T00:00:00Z
2024-05-31,E00011,0,0.0,0.0,2025-06-01T00:00:00Z
2024-06-30,E00011,0,0.0,0.0,2025-07-01T00:00:00Z
2024-07-31,E00011,0,0.0,0.0,2025-08-01T00:00:00Z
2024-08-31,E00011,0,0.0,0.0,2025-09-01T00:00:00Z
2024-09-30,E00011,0,0.0,0.0,2025-10-01T00:00:00Z
2024-10-31,E00011,0,0.0,0.0,2025-11-01T00:00:00Z
2024-11-30,E00011,0,0.0,0.0,2025-12-01T00:00:00Z
2024-12-31,E00011,0,0.0,0.0,2026-01-01T00:00:00Z
2025-01-31,E00011,0,0.0,0.0,2026-02-01T00:00:00Z
2025-02-28,E00011,0,0.0,0.0,2026-03-01T00:00:00Z
2025-03-31,E00011,0,0.0,0.0,2026-04-01T00:00:00Z
2025-04-30,E00011,0,0.0,0.0,2026-05-01T00:00:00Z
2025-05-31,E00011,0,0.0,0.0,2026-06-01T00:00:00Z
2025-06-30,E00011,0,0.0,0.0,2026-07-01T00:00:00Z
2023-07-31,E00012,0,0.0,0.0,2024-07-31T00:00:00Z
2023-08-31,E00012,0,0.0,0.0,2024-08-31T00:00:00Z
2023-09-30,E00012,0,0.0,0.0,2024-09-30T00:00:00Z
2023-10-31,E00012,0,0.0,0.0,2024-10-31T00:00:00Z
2023-11-30,E00012,0,0.0,0.0,2024-11-30T00:00:00Z
2023-12-31,E00012,0,0.0,0.0,2024-12-31T00:00:00Z
2024-01-31,E00012,0,0.0,0.0,2025-01-31T00:00:00Z
2024-02-29,E00012,0,0.0,0.0,2025-03-01T00:00:00Z
2024-03-31,E00012,0,0.0,0.0,2025-04-01T00:00:00Z
2024-04-30,E00012,0,0.0,0.0,2025-05-01T00:00:00Z
2024-05-31,E00012,0,0.0,0.0,2025-06-01T00:00:00Z
2024-06-30,E00012,0,0.0,0.0,2025-07-01T00:00:00Z
2024-07-31,E00012,0,0.0,0.0,2025-08-01T00:00:00Z
2024-08-31,E00012,0,0.0,0.0,2025-09-01T00:00:00Z
2024-09-30,E00012,0,0.0,0.0,2025-10-01T00:00:00Z
2024-10-31,E00012,0,0.0,0.0,2025-11-01T00:00:00Z
2024-11-30,E00012,0,0.0,0.0,2025-12-01T00:00:00Z
2024-12-31,E00012,0,0.0,0.0,2026-01-01T00:00:00Z
2025-01-31,E00012,0,0.0,0.0,2026-02-01T00:00:00Z
2025-02-28,E00012,0,0.0,0.0,2026-03-01T00:00:00Z
2025-03-31,E00012,0,0.0,0.0,2026-04-01T00:00:00Z
2025-04-30,E00012,1,0.076,14176.27,2026-05-01T00:00:00Z
2025-05-31,E00012,1,0.0883,16475.6,2026-06-01T00:00:00Z
2025-06-30,E00012,1,0.0162,3024.37,2026-07-01T00:00:00Z
2023-07-31,E00013,0,0.0,0.0,2024-07-31T00:00:00Z
2023-08-31,E00013,0,0.0,0.0,2024-08-31T00:00:00Z
2023-09-30,E00013,0,0.0,0.0,2024-09-30T00:00:00Z
2023-10-31,E00013,0,0.0,0.0,2024-10-31T00:00:00Z
2023-11-30,E00013,0,0.0,0.0,2024-11-30T00:00:00Z
2023-12-31,E00013,0,0.0,0.0,2024-12-31T00:00:00Z
2024-01-31,E00013,0,0.0,0.0,2025-01-31T00:00:00Z
2024-02-29,E00013,0,0.0,0.0,2025-03-01T00:00:00Z
2024-03-31,E00013,0,0.0,0.0,2025-04-01T00:00:00Z
2024-04-30,E00013,0,0.0,0.0,2025-05-01T00:00:00Z
2024-05-31,E00013,0,0.0,0.0,2025-06-01T00:00:00Z
2024-06-30,E00013,0,0.0,0.0,2025-07-01T00:00:00Z
2024-07-31,E00013,0,0.0,0.0,2025-08-01T00:00:00Z
2024-08-31,E00013,0,0.0,0.0,2025-09-01T00:00:00Z
2024-09-30,E00013,0,0.0,0.0,2025-10-01T00:00:00Z
2024-10-31,E00013,0,0.0,0.0,2025-11-01T00:00:00Z
2024-11-30,E00013,0,0.0,0.0,2025-12-01T00:00:00Z
2024-12-31,E00013,0,0.0,0.0,2026-01-01T00:00:00Z
2025-01-31,E00013,0,0.0,0.0,2026-02-01T00:00:00Z
2025-02-28,E00013,0,0.0,0.0,2026-03-01T00:00:00Z
2025-03-31,E00013,0,0.0,0.0,2026-04-01T00:00:00Z
2025-04-30,E00013,0,0.0,0.0,2026-05-01T00:00:00Z
2025-05-31,E00013,0,0.0,0.0,2026-06-01T00:00:00Z
2025-06-30,E00013,0,0.0,0.0,2026-07-01T00:00:00Z
2023-07-31,E00014,0,0.0,0.0,2024-07-31T00:00:00Z
2023-08-31,E00014,0,0.0,0.0,2024-08-31T00:00:00Z
2023-09-30,E00014,0,0.0,0.0,2024-09-30T00:00:00Z
2023-10-31,E00014,0,0.0,0.0,2024-10-31T00:00:00Z
2023-11-30,E00014,0,0.0,0.0,2024-11-30T00:00:00Z
2023-12-31,E00014,0,0.0,0.0,2024-12-31T00:00:00Z
2024-01-31,E00014,0,0.0,0.0,2025-01-31T00:00:00Z
2024-02-29,E00014,0,0.0,0.0,2025-03-01T00:00:00Z
2024-03-31,E00014,0,0.0,0.0,2025-04-01T00:00:00Z
2024-04-30,E00014,0,0.0,0.0,2025-05-01T00:00:00Z
2024-05-31,E00014,0,0.0,0.0,2025-06-01T00:00:00Z
2024-06-30,E00014,0,0.0,0.0,2025-07-01T00:00:00Z
2024-07-31,E00014,0,0.0,0.0,2025-08-01T00:00:00Z
2024-08-31,E00014,0,0.0,0.0,2025-09-01T00:00:00Z
2024-09-30,E00014,0,0.0,0.0,2025-10-01T00:00:00Z
2024-10-31,E00014,0,0.0,0.0,2025-11-01T00:00:00Z
2024-11-30,E00014,0,0.0,0.0,2025-12-01T00:00:00Z
2024-12-31,E00014,0,0.0,0.0,2026-01-01T00:00:00Z
2025-01-31,E00014,0,0.0,0.0,2026-02-01T00:00:00Z
2025-02-28,E00014,0,0.0,0.0,2026-03-01T00:00:00Z
2025-03-31,E00014,0,0.0,0.0,2026-04-01T00:00:00Z
2025-04-30,E00014,0,0.0,0.0,2026-05-01T00:00:00Z
2025-05-31,E00014,0,0.0,0.0,2026-06-01T00:00:00Z
2025-06-30,E00014,0,0.0,0.0,2026-07-01T00:00:00Z
2023-07-31,E00015,0,0.0,0.0,2024-07-31T00:00:00Z
2023-08-31,E00015,0,0.0,0.0,2024-08-31T00:00:00Z
2023-09-30,E00015,0,0.0,0.0,2024-09-30T00:00:00Z
2023-10-31,E00015,0,0.0,0.0,2024-10-31T00:00:00Z
2023-11-30,E00015,0,0.0,0.0,2024-11-30T00:00:00Z
2023-12-31,E00015,0,0.0,0.0,2024-12-31T00:00:00Z
2024-01-31,E00015,0,0.0,0.0,2025-01-31T00:00:00Z
2024-02-29,E00015,0,0.0,0.0,2025-03-01T00:00:00Z
2024-03-31,E00015,0,0.0,0.0,2025-04-01T00:00:00Z
2024-04-30,E00015,0,0.0,0.0,2025-05-01T00:00:00Z
2024-05-31,E00015,0,0.0,0.0,2025-06-01T00:00:00Z
2024-06-30,E00015,0,0.0,0.0,2025-07-01T00:00:00Z
2024-07-31,E00015,0,0.0,0.0,2025-08-01T00:00:00Z
2024-08-31,E00015,0,0.0,0.0,2025-09-01T00:00:00Z
2024-09-30,E00015,0,0.0,0.0,2025-10-01T00:00:00Z
2024-10-31,E00015,0,0.0,0.0,2025-11-01T00:00:00Z
2024-11-30,E00015,0,0.0,0.0,2025-12-01T00:00:00Z
2024-12-31,E00015,0,0.0,0.0,2026-01-01T00:00:00Z
2025-01-31,E00015,0,0.0,0.0,2026-02-01T00:00:00Z
2025-02-28,E00015,0,0.0,0.0,2026-03-01T00:00:00Z
2025-03-31,E00015,0,0.0,0.0,2026-04-01T00:00:00Z
2025-04-30,E00015,0,0.0,0.0,2026-05-01T00:00:00Z
2025-05-31,E00015,1,0.0,0.0,2026-06-01T00:00:00Z
2025-06-30,E00015,1,0.0302,4445.08,2026-07-01T00:00:00Z
2023-07-31,E00016,0,0.0,0.0,2024-07-31T00:00:00Z
2023-08-31,E00016,1,0.0982,24277.24,2024-08-31T00:00:00Z
2023-09-30,E00016,1,0.001,258.17,2024-09-30T00:00:00Z
2023-10-31,E00016,1,0.0544,13454.32,2024-10-31T00:00:00Z
2023-11-30,E00016,1,0.0943,23316.89,2024-11-30T00:00:00Z
2023-12-31,E00016,1,0.0683,16893.5,2024-12-31T00:00:00Z
2024-01-31,E00016,1,0.1529,37787.91,2025-01-31T00:00:00Z
2024-02-29,E00016,1,0.0466,11523.18,2025-03-01T00:00:00Z
2024-03-31,E00016,1,0.0602,14875.31,2025-04-01T00:00:00Z
2024-04-30,E00016,1,0.0568,14052.6,2025-05-01T00:00:00Z
2024-05-31,E00016,1,0.1962,48502.42,2025-06-01T00:00:00Z
2024-06-30,E00016,1,0.0429,10599.84,2025-07-01T00:00:00Z
2024-07-31,E00016,1,0.0707,17484.59,2025-08-01T00:00:00Z
2024-08-31,E00016,0,0.0,0.0,2025-09-01T00:00:00Z
2024-09-30,E00016,0,0.0,0.0,2025-10-01T00:00:00Z
2024-10-31,E00016,0,0.0,0.0,2025-11-01T00:00:00Z
2024-11-30,E00016,0,0.0,0.0,2025-12-01T00:00:00Z
2024-12-31,E00016,0,0.0,0.0,2026-01-01T00:00:00Z
2025-01-31,E00016,0,0.0,0.0,2026-02-01T00:00:00Z
2025-02-28,E00016,0,0.0,0.0,2026-03-01T00:00:00Z
2025-03-31,E00016,0,0.0,0.0,2026-04-01T00:00:00Z
2025-04-30,E00016,0,0.0,0.0,2026-05-01T00:00:00Z
2025-05-31,E00016,0,0.0,0.0,2026-06-01T00:00:00Z
2025-06-30,E00016,0,0.0,0.0,2026-07-01T00:00:00Z
2023-07-31,E00017,0,0.0,0.0,2024-07-31T00:00:00Z
2023-08-31,E00017,0,0.0,0.0,2024-08-31T00:00:00Z
2023-09-30,E00017,0,0.0,0.0,2024-09-30T00:00:00Z
2023-10-31,E00017,0,0.0,0.0,2024-10-31T00:00:00Z
2023-11-30,E00017,0,0.0,0.0,2024-11-30T00:00:00Z
2023-12-31,E00017,0,0.0,0.0,2024-12-31T00:00:00Z
2024-01-31,E00017,0,0.0,0.0,2025-01-31T00:00:00Z
2024-02-29,E00017,0,0.0,0.0,2025-03-01T00:00:00Z
2024-03-31,E00017,0,0.0,0.0,2025-04-01T00:00:00Z
2024-04-30,E00017,0,0.0,0.0,2025-05-01T00:00:00Z
2024-05-31,E00017,0,0.0,0.0,2025-06-01T00:00:00Z
2024-06-30,E00017,0,0.0,0.0,2025-07-01T00:00:00Z
2024-07-31,E00017,0,0.0,0.0,2025-08-01T00:00:00Z
2024-08-31,E00017,0,0.0,0.0,2025-09-01T00:00:00Z
2024-09-30,E00017,0,0.0,0.0,2025-10-01T00:00:00Z
2024-10-31,E00017,0,0.0,0.0,2025-11-01T00:00:00Z
2024-11-30,E00017,0,0.0,0.0,2025-12-01T00:00:00Z
2024-12-31,E00017,0,0.0,0.0,2026-01-01T00:00:00Z
2025-01-31,E00017,0,0.0,0.0,2026-02-01T00:00:00Z
2025-02-28,E00017,0,0.0,0.0,2026-03-01T00:00:00Z
2025-03-31,E00017,0,0.0,0.0,2026-04-01T00:00:00Z
2025-04-30,E00017,0,0.0,0.0,2026-05-01T00:00:00Z
2025-05-31,E00017,0,0.0,0.0,2026-06-01T00:00:00Z
2025-06-30,E00017,0,0.0,0.0,2026-07-01T00:00:00Z
2023-07-31,E00018,0,0.0,0.0,2024-07-31T00:00:00Z
2023-08-31,E00018,0,0.0,0.0,2024-08-31T00:00:00Z
2023-09-30,E00018,0,0.0,0.0,2024-09-30T00:00:00Z
2023-10-31,E00018,0,0.0,0.0,2024-10-31T00:00:00Z
2023-11-30,E00018,0,0.0,0.0,2024-11-30T00:00:00Z
2023-12-31,E00018,0,0.0,0.0,2024-12-31T00:00:00Z
2024-01-31,E00018,0,0.0,0.0,2025-01-31T00:00:00Z
2024-02-29,E00018,0,0.0,0.0,2025-03-01T00:00:00Z
2024-03-31,E00018,0,0.0,0.0,2025-04-01T00:00:00Z
2024-04-30,E00018,0,0.0,0.0,2025-05-01T00:00:00Z
2024-05-31,E00018,0,0.0,0.0,2025-06-01T00:00:00Z
2024-06-30,E00018,0,0.0,0.0,2025-07-01T00:00:00Z
2024-07-31,E00018,0,0.0,0.0,2025-08-01T00:00:00Z
2024-08-31,E00018,0,0.0,0.0,2025-09-01T00:00:00Z
2024-09-30,E00018,1,0.2527,49630.26,2025-10-01T00:00:00Z
2024-10-31,E00018,1,0.2935,57634.71,2025-11-01T00:00:00Z
2024-11-30,E00018,1,0.1773,34825.09,2025-12-01T00:00:00Z
2024-12-31,E00018,1,0.3024,59388.15,2026-01-01T00:00:00Z
2025-01-31,E00018,1,0.2526,49608.94,2026-02-01T00:00:00Z
2025-02-28,E00018,1,0.2693,52890.05,2026-03-01T00:00:00Z
2025-03-31,E00018,1,0.2899,56929.19,2026-04-01T00:00:00Z
2025-04-30,E00018,1,0.3723,73111.83,2026-05-01T00:00:00Z
2025-05-31,E00018,1,0.2432,47766.68,2026-06-01T00:00:00Z
2025-06-30,E00018,1,0.2853,56028.08,2026-07-01T00:00:00Z
2023-07-31,E00019,0,0.0,0.0,2024-07-31T00:00:00Z
2023-08-31,E00019,0,0.0,0.0,2024-08-31T00:00:00Z
2023-09-30,E00019,0,0.0,0.0,2024-09-30T00:00:00Z
2023-10-31,E00019,0,0.0,0.0,2024-10-31T00:00:00Z
2023-11-30,E00019,0,0.0,0.0,2024-11-30T00:00:00Z
2023-12-31,E00019,0,0.0,0.0,2024-12-31T00:00:00Z
2024-01-31,E00019,0,0.0,0.0,2025-01-31T00:00:00Z
2024-02-29,E00019,0,0.0,0.0,2025-03-01T00:00:00Z
2024-03-31,E00019,0,0.0,0.0,2025-04-01T00:00:00Z
2024-04-30,E00019,0,0.0,0.0,2025-05-01T00:00:00Z
2024-05-31,E00019,0,0.0,0.0,2025-06-01T00:00:00Z
2024-06-30,E00019,0,0.0,0.0,2025-07-01T00:00:00Z
2024-07-31,E00019,0,0.0,0.0,2025-08-01T00:00:00Z
2024-08-31,E00019,0,0.0,0.0,2025-09-01T00:00:00Z
2024-09-30,E00019,0,0.0,0.0,2025-10-01T00:00:00Z
2024-10-31,E00019,0,0.0,0.0,2025-11-01T00:00:00Z
2024-11-30,E00019,0,0.0,0.0,2025-12-01T00:00:00Z
2024-12-31,E00019,0,0.0,0.0,2026-01-01T00:00:00Z
2025-01-31,E00019,0,0.0,0.0,2026-02-01T00:00:00Z
2025-02-28,E00019,0,0.0,0.0,2026-03-01T00:00:00Z
2025-03-31,E00019,0,0.0,0.0,2026-04-01T00:00:00Z
2025-04-30,E00019,0,0.0,0.0,2026-05-01T00:00:00Z
2025-05-31,E00019,0,0.0,0.0,2026-06-01T00:00:00Z
2025-06-30,E00019,0,0.0,0.0,2026-07-01T00:00:00Z
2023-07-31,E00020,0,0.0,0.0,2024-07-31T00:00:00Z
2023-08-31,E00020,0,0.0,0.0,2024-08-31T00:00:00Z
2023-09-30,E00020,0,0.0,0.0,2024-09-30T00:00:00Z
2023-10-31,E00020,0,0.0,0.0,2024-10-31T00:00:00Z
2023-11-30,E00020,0,0.0,0.0,2024-11-30T00:00:00Z
2023-12-31,E00020,0,0.0,0.0,2024-12-31T00:00:00Z
2024-01-31,E00020,0,0.0,0.0,2025-01-31T00:00:00Z
2024-02-29,E00020,0,0.0,0.0,2025-03-01T00:00:00Z
2024-03-31,E00020,0,0.0,0.0,2025-04-01T00:00:00Z
2024-04-30,E00020,0,0.0,0.0,2025-05-01T00:00:00Z
2024-05-31,E00020,0,0.0,0.0,2025-06-01T00:00:00Z
2024-06-30,E00020,0,0.0,0.0,2025-07-01T00:00:00Z
2024-07-31,E00020,0,0.0,0.0,2025-08-01T00:00:00Z
2024-08-31,E00020,0,0.0,0.0,2025-09-01T00:00:00Z
2024-09-30,E00020,0,0.0,0.0,2025-10-01T00:00:00Z
2024-10-31,E00020,0,0.0,0.0,2025-11-01T00:00:00Z
2024-11-30,E00020,0,0.0,0.0,2025-12-01T00:00:00Z
2024-12-31,E00020,0,0.0,0.0,2026-01-01T00:00:00Z
2025-01-31,E00020,0,0.0,0.0,2026-02-01T00:00:00Z
2025-02-28,E00020,0,0.0,0.0,2026-03-01T00:00:00Z
2025-03-31,E00020,0,0.0,0.0,2026-04-01T00:00:00Z
2025-04-30,E00020,0,0.0,0.0,2026-05-01T00:00:00Z
2025-05-31,E00020,0,0.0,0.0,2026-06-01T00:00:00Z
2025-06-30,E00020,0,0.0,0.0,2026-07-01T00:00:00Z
2023-07-31,E00021,0,0.0,0.0,2024-07-31T00:00:00Z
2023-08-31,E00021,0,0.0,0.0,2024-08-31T00:00:00Z
2023-09-30,E00021,0,0.0,0.0,2024-09-30T00:00:00Z
2023-10-31,E00021,0,0.0,0.0,2024-10-31T00:00:00Z
2023-11-30,E00021,0,0.0,0.0,2024-11-30T00:00:00Z
2023-12-31,E00021,0,0.0,0.0,2024-12-31T00:00:00Z
2024-01-31,E00021,0,0.0,0.0,2025-01-31T00:00:00Z
2024-02-29,E00021,0,0.0,0.0,2025-03-01T00:00:00Z
2024-03-31,E00021,0,0.0,0.0,2025-04-01T00:00:00Z
2024-04-30,E00021,0,0.0,0.0,2025-05-01T00:00:00Z
2024-05-31,E00021,0,0.0,0.0,2025-06-01T00:00:00Z
2024-06-30,E00021,0,0.0,0.0,2025-07-01T00:00:00Z
2024-07-31,E00021,0,0.0,0.0,2025-08-01T00:00:00Z
2024-08-31,E00021,0,0.0,0.0,2025-09-01T00:00:00Z
2024-09-30,E00021,0,0.0,0.0,2025-10-01T00:00:00Z
2024-10-31,E00021,0,0.0,0.0,2025-11-01T00:00:00Z
2024-11-30,E00021,0,0.0,0.0,2025-12-01T00:00:00Z
2024-12-31,E00021,0,0.0,0.0,2026-01-01T00:00:00Z
2025-01-31,E00021,0,0.0,0.0,2026-02-01T00:00:00Z
2025-02-28,E00021,0,0.0,0.0,2026-03-01T00:00:00Z
2025-03-31,E00021,0,0.0,0.0,2026-04-01T00:00:00Z
2025-04-30,E00021,0,0.0,0.0,2026-05-01T00:00:00Z
2025-05-31,E00021,0,0.0,0.0,2026-06-01T00:00:00Z
2025-06-30,E00021,0,0.0,0.0,2026-07-01T00:00:00Z
2023-07-31,E00022,0,0.0,0.0,2024-07-31T00:00:00Z
2023-08-31,E00022,0,0.0,0.0,2024-08-31T00:00:00Z
2023-09-30,E00022,0,0.0,0.0,2024-09-30T00:00:00Z
2023-10-31,E00022,0,0.0,0.0,2024-10-31T00:00:00Z
2023-11-30,E00022,0,0.0,0.0,2024-11-30T00:00:00Z
2023-12-31,E00022,0,0.0,0.0,2024-12-31T00:00:00Z
2024-01-31,E00022,0,0.0,0.0,2025-01-31T00:00:00Z
2024-02-29,E00022,0,0.0,0.0,2025-03-01T00:00:00Z
2024-03-31,E00022,0,0.0,0.0,2025-04-01T00:00:00Z
2024-04-30,E00022,0,0.0,0.0,2025-05-01T00:00:00Z
2024-05-31,E00022,0,0.0,0.0,2025-06-01T00:00:00Z
2024-06-30,E00022,0,0.0,0.0,2025-07-01T00:00:00Z
2024-07-31,E00022,0,0.0,0.0,2025-08-01T00:00:00Z
2024-08-31,E00022,0,0.0,0.0,2025-09-01T00:00:00Z
2024-09-30,E00022,0,0.0,0.0,2025-10-01T00:00:00Z
2024-10-31,E00022,0,0.0,0.0,2025-11-01T00:00:00Z
2024-11-30,E00022,0,0.0,0.0,2025-12-01T00:00:00Z
2024-12-31,E00022,0,0.0,0.0,2026-01-01T00:00:00Z
2025-01-31,E00022,0,0.0,0.0,2026-02-01T00:00:00Z
2025-02-28,E00022,0,0.0,0.0,2026-03-01T00:00:00Z
2025-03-31,E00022,0,0.0,0.0,2026-04-01T00:00:00Z
2025-04-30,E00022,0,0.0,0.0,2026-05-01T00:00:00Z
2025-05-31,E00022,0,0.0,0.0,2026-06-01T00:00:00Z
2025-06-30,E00022,0,0.0,0.0,2026-07-01T00:00:00Z
2023-07-31,E00023,0,0.0,0.0,2024-07-31T00:00:00Z
2023-08-31,E00023,0,0.0,0.0,2024-08-31T00:00:00Z
2023-09-30,E00023,0,0.0,0.0,2024-09-30T00:00:00Z
2023-10-31,E00023,0,0.0,0.0,2024-10-31T00:00:00Z
2023-11-30,E00023,0,0.0,0.0,2024-11-30T00:00:00Z
2023-12-31,E00023,0,0.0,0.0,2024-12-31T00:00:00Z
2024-01-31,E00023,0,0.0,0.0,2025-01-31T00:00:00Z
2024-02-29,E00023,0,0.0,0.0,2025-03-01T00:00:00Z
2024-03-31,E00023,0,0.0,0.0,2025-04-01T00:00:00Z
2024-04-30,E00023,0,0.0,0.0,2025-05-01T00:00:00Z
2024-05-31,E00023,0,0.0,0.0,2025-06-01T00:00:00Z
2024-06-30,E00023,0,0.0,0.0,2025-07-01T00:00:00Z
2024-07-31,E00023,0,0.0,0.0,2025-08-01T00:00:00Z
2024-08-31,E00023,0,0.0,0.0,2025-09-01T00:00:00Z
2024-09-30,E00023,0,0.0,0.0,2025-10-01T00:00:00Z
2024-10-31,E00023,0,0.0,0.0,2025-11-01T00:00:00Z
2024-11-30,E00023,0,0.0,0.0,2025-12-01T00:00:00Z
2024-12-31,E00023,0,0.0,0.0,2026-01-01T00:00:00Z
2025-01-31,E00023,0,0.0,0.0,2026-02-01T00:00:00Z
2025-02-28,E00023,0,0.0,0.0,2026-03-01T00:00:00Z
2025-03-31,E00023,0,0.0,0.0,2026-04-01T00:00:00Z
2025-04-30,E00023,0,0.0,0.0,2026-05-01T00:00:00Z
2025-05-31,E00023,0,0.0,0.0,2026-06-01T00:00:00Z
2025-06-30,E00023,0,0.0,0.0,2026-07-01T00:00:00Z
2023-07-31,E00024,0,0.0,0.0,2024-07-31T00:00:00Z
2023-08-31,E00024,0,0.0,0.0,2024-08-31T00:00:00Z
2023-09-30,E00024,0,0.0,0.0,2024-09-30T00:00:00Z
2023-10-31,E00024,0,0.0,0.0,2024-10-31T00:00:00Z
2023-11-30,E00024,0,0.0,0.0,2024-11-30T00:00:00Z
2023-12-31,E00024,0,0.0,0.0,2024-12-31T00:00:00Z
2024-01-31,E00024,0,0.0,0.0,2025-01-31T00:00:00Z
2024-02-29,E00024,0,0.0,0.0,2025-03-01T00:00:00Z
2024-03-31,E00024,0,0.0,0.0,2025-04-01T00:00:00Z
2024-04-30,E00024,0,0.0,0.0,2025-05-01T00:00:00Z
2024-05-31,E00024,0,0.0,0.0,2025-06-01T00:00:00Z
2024-06-30,E00024,0,0.0,0.0,2025-07-01T00:00:00Z
2024-07-31,E00024,0,0.0,0.0,2025-08-01T00:00:00Z
2024-08-31,E00024,0,0.0,0.0,2025-09-01T00:00:00Z
2024-09-30,E00024,0,0.0,0.0,2025-10-01T00:00:00Z
2024-10-31,E00024,0,0.0,0.0,2025-11-01T00:00:00Z
2024-11-30,E00024,0,0.0,0.0,2025-12-01T00:00:00Z
2024-12-31,E00024,0,0.0,0.0,2026-01-01T00:00:00Z
2025-01-31,E00024,0,0.0,0.0,2026-02-01T00:00:00Z
2025-02-28,E00024,0,0.0,0.0,2026-03-01T00:00:00Z
2025-03-31,E00024,0,0.0,0.0,2026-04-01T00:00:00Z
2025-04-30,E00024,0,0.0,0.0,2026-05-01T00:00:00Z
2025-05-31,E00024,0,0.0,0.0,2026-06-01T00:00:00Z
2025-06-30,E00024,0,0.0,0.0,2026-07-01T00:00:00Z
2023-07-31,E00025,0,0.0,0.0,2024-07-31T00:00:00Z
2023-08-31,E00025,0,0.0,0.0,2024-08-31T00:00:00Z
2023-09-30,E00025,0,0.0,0.0,2024-09-30T00:00:00Z
2023-10-31,E00025,0,0.0,0.0,2024-10-31T00:00:00Z
2023-11-30,E00025,0,0.0,0.0,2024-11-30T00:00:00Z
2023-12-31,E00025,0,0.0,0.0,2024-12-31T00:00:00Z
2024-01-31,E00025,0,0.0,0.0,2025-01-31T00:00:00Z
2024-02-29,E00025,0,0.0,0.0,2025-03-01T00:00:00Z
2024-03-31,E00025,0,0.0,0.0,2025-04-01T00:00:00Z
2024-04-30,E00025,0,0.0,0.0,2025-05-01T00:00:00Z
2024-05-31,E00025,0,0.0,0.0,2025-06-01T00:00:00Z
2024-06-30,E00025,0,0.0,0.0,2025-07-01T00:00:00Z
2024-07-31,E00025,0,0.0,0.0,2025-08-01T00:00:00Z
2024-08-31,E00025,0,0.0,0.0,2025-09-01T00:00:00Z
2024-09-30,E00025,0,0.0,0.0,2025-10-01T00:00:00Z
2024-10-31,E00025,0,0.0,0.0,2025-11-01T00:00:00Z
2024-11-30,E00025,0,0.0,0.0,2025-12-01T00:00:00Z
2024-12-31,E00025,0,0.0,0.0,2026-01-01T00:00:00Z
2025-01-31,E00025,0,0.0,0.0,2026-02-01T00:00:00Z
2025-02-28,E00025,0,0.0,0.0,2026-03-01T00:00:00Z
2025-03-31,E00025,0,0.0,0.0,2026-04-01T00:00:00Z
2025-04-30,E00025,0,0.0,0.0,2026-05-01T00:00:00Z
2025-05-31,E00025,0,0.0,0.0,2026-06-01T00:00:00Z
2025-06-30,E00025,1,0.0187,4300.91,2026-07-01T00:00:00Z
2023-07-31,E00026,0,0.0,0.0,2024-07-31T00:00:00Z
2023-08-31,E00026,0,0.0,0.0,2024-08-31T00:00:00Z
2023-09-30,E00026,0,0.0,0.0,2024-09-30T00:00:00Z
2023-10-31,E00026,0,0.0,0.0,2024-10-31T00:00:00Z
2023-11-30,E00026,0,0.0,0.0,2024-11-30T00:00:00Z
2023-12-31,E00026,0,0.0,0.0,2024-12-31T00:00:00Z
2024-01-31,E00026,0,0.0,0.0,2025-01-31T00:00:00Z
2024-02-29,E00026,0,0.0,0.0,2025-03-01T00:00:00Z
2024-03-31,E00026,0,0.0,0.0,2025-04-01T00:00:00Z
2024-04-30,E00026,0,0.0,0.0,2025-05-01T00:00:00Z
2024-05-31,E00026,0,0.0,0.0,2025-06-01T00:00:00Z
2024-06-30,E00026,0,0.0,0.0,2025-07-01T00:00:00Z
2024-07-31,E00026,0,0.0,0.0,2025-08-01T00:00:00Z
2024-08-31,E00026,0,0.0,0.0,2025-09-01T00:00:00Z
2024-09-30,E00026,0,0.0,0.0,2025-10-01T00:00:00Z
2024-10-31,E00026,0,0.0,0.0,2025-11-01T00:00:00Z
2024-11-30,E00026,0,0.0,0.0,2025-12-01T00:00:00Z
2024-12-31,E00026,0,0.0,0.0,2026-01-01T00:00:00Z
2025-01-31,E00026,0,0.0,0.0,2026-02-01T00:00:00Z
2025-02-28,E00026,0,0.0,0.0,2026-03-01T00:00:00Z
2025-03-31,E00026,0,0.0,0.0,2026-04-01T00:00:00Z
2025-04-30,E00026,0,0.0,0.0,2026-05-01T00:00:00Z
2025-05-31,E00026,0,0.0,0.0,2026-06-01T00:00:00Z
2025-06-30,E00026,0,0.0,0.0,2026-07-01T00:00:00Z
2023-07-31,E00027,0,0.0,0.0,2024-07-31T00:00:00Z
2023-08-31,E00027,0,0.0,0.0,2024-08-31T00:00:00Z
2023-09-30,E00027,0,0.0,0.0,2024-09-30T00:00:00Z
2023-10-31,E00027,0,0.0,0.0,2024-10-31T00:00:00Z
2023-11-30,E00027,0,0.0,0.0,2024-11-30T00:00:00Z
2023-12-31,E00027,0,0.0,0.0,2024-12-31T00:00:00Z
2024-01-31,E00027,0,0.0,0.0,2025-01-31T00:00:00Z
2024-02-29,E00027,0,0.0,0.0,2025-03-01T00:00:00Z
2024-03-31,E00027,0,0.0,0.0,2025-04-01T00:00:00Z
2024-04-30,E00027,0,0.0,0.0,2025-05-01T00:00:00Z
2024-05-31,E00027,0,0.0,0.0,2025-06-01T00:00:00Z
2024-06-30,E00027,0,0.0,0.0,2025-07-01T00:00:00Z
2024-07-31,E00027,0,0.0,0.0,2025-08-01T00:00:00Z
2024-08-31,E00027,0,0.0,0.0,2025-09-01T00:00:00Z
2024-09-30,E00027,0,0.0,0.0,2025-10-01T00:00:00Z
2024-10-31,E00027,0,0.0,0.0,2025-11-01T00:00:00Z
2024-11-30,E00027,0,0.0,0.0,2025-12-01T00:00:00Z
2024-12-31,E00027,0,0.0,0.0,2026-01-01T00:00:00Z
2025-01-31,E00027,0,0.0,0.0,2026-02-01T00:00:00Z
2025-02-28,E00027,0,0.0,0.0,2026-03-01T00:00:00Z
2025-03-31,E00027,0,0.0,0.0,2026-04-01T00:00:00Z
2025-04-30,E00027,0,0.0,0.0,2026-05-01T00:00:00Z
2025-05-31,E00027,0,0.0,0.0,2026-06-01T00:00:00Z
2025-06-30,E00027,0,0.0,0.0,2026-07-01T00:00:00Z
2023-07-31,E00028,0,0.0,0.0,2024-07-31T00:00:00Z
2023-08-31,E00028,0,0.0,0.0,2024-08-31T00:00:00Z
2023-09-30,E00028,0,0.0,0.0,2024-09-30T00:00:00Z
2023-10-31,E00028,0,0.0,0.0,2024-10-31T00:00:00Z
2023-11-30,E00028,0,0.0,0.0,2024-11-30T00:00:00Z
2023-12-31,E00028,0,0.0,0.0,2024-12-31T00:00:00Z
2024-01-31,E00028,0,0.0,0.0,2025-01-31T00:00:00Z
2024-02-29,E00028,0,0.0,0.0,2025-03-01T00:00:00Z
2024-03-31,E00028,0,0.0,0.0,2025-04-01T00:00:00Z
2024-04-30,E00028,0,0.0,0.0,2025-05-01T00:00:00Z
2024-05-31,E00028,0,0.0,0.0,2025-06-01T00:00:00Z
2024-06-30,E00028,0,0.0,0.0,2025-07-01T00:00:00Z
2024-07-31,E00028,0,0.0,0.0,2025-08-01T00:00:00Z
2024-08-31,E00028,0,0.0,0.0,2025-09-01T00:00:00Z
2024-09-30,E00028,0,0.0,0.0,2025-10-01T00:00:00Z
2024-10-31,E00028,0,0.0,0.0,2025-11-01T00:00:00Z
2024-11-30,E00028,0,0.0,0.0,2025-12-01T00:00:00Z
2024-12-31,E00028,0,0.0,0.0,2026-01-01T00:00:00Z
2025-01-31,E00028,0,0.0,0.0,2026-02-01T00:00:00Z
2025-02-28,E00028,0,0.0,0.0,2026-03-01T00:00:00Z
2025-03-31,E00028,0,0.0,0.0,2026-04-01T00:00:00Z
2025-04-30,E00028,0,0.0,0.0,2026-05-01T00:00:00Z
2025-05-31,E00028,0,0.0,0.0,2026-06-01T00:00:00Z
2025-06-30,E00028,0,0.0,0.0,2026-07-01T00:00:00Z
2023-07-31,E00029,0,0.0,0.0,2024-07-31T00:00:00Z
2023-08-31,E00029,0,0.0,0.0,2024-08-31T00:00:00Z
2023-09-30,E00029,0,0.0,0.0,2024-09-30T00:00:00Z
2023-10-31,E00029,0,0.0,0.0,2024-10-31T00:00:00Z
2023-11-30,E00029,0,0.0,0.0,2024-11-30T00:00:00Z
2023-12-31,E00029,0,0.0,0.0,2024-12-31T00:00:00Z
2024-01-31,E00029,0,0.0,0.0,2025-01-31T00:00:00Z
2024-02-29,E00029,0,0.0,0.0,2025-03-01T00:00:00Z
2024-03-31,E00029,0,0.0,0.0,2025-04-01T00:00:00Z
2024-04-30,E00029,0,0.0,0.0,2025-05-01T00:00:00Z
2024-05-31,E00029,0,0.0,0.0,2025-06-01T00:00:00Z
2024-06-30,E00029,0,0.0,0.0,2025-07-01T00:00:00Z
2024-07-31,E00029,0,0.0,0.0,2025-08-01T00:00:00Z
2024-08-31,E00029,0,0.0,0.0,2025-09-01T00:00:00Z
2024-09-30,E00029,0,0.0,0.0,2025-10-01T00:00:00Z
2024-10-31,E00029,0,0.0,0.0,2025-11-01T00:00:00Z
2024-11-30,E00029,0,0.0,0.0,2025-12-01T00:00:00Z
2024-12-31,E00029,1,0.4056,56948.82,2026-01-01T00:00:00Z
2025-01-31,E00029,1,0.4172,58575.35,2026-02-01T00:00:00Z
2025-02-28,E00029,1,0.4822,67693.84,2026-03-01T00:00:00Z
2025-03-31,E00029,1,0.5031,70630.33,2026-04-01T00:00:00Z
2025-04-30,E00029,1,0.491,68938.43,2026-05-01T00:00:00Z
2025-05-31,E00029,1,0.5152,72327.61,2026-06-01T00:00:00Z
2025-06-30,E00029,1,0.3998,56125.36,2026-07-01T00:00:00Z
2023-07-31,E00030,0,0.0,0.0,2024-07-31T00:00:00Z
2023-08-31,E00030,0,0.0,0.0,2024-08-31T00:00:00Z
2023-09-30,E00030,0,0.0,0.0,2024-09-30T00:00:00Z
2023-10-31,E00030,0,0.0,0.0,2024-10-31T00:00:00Z
2023-11-30,E00030,0,0.0,0.0,2024-11-30T00:00:00Z
2023-12-31,E00030,0,0.0,0.0,2024-12-31T00:00:00Z
2024-01-31,E00030,0,0.0,0.0,2025-01-31T00:00:00Z
2024-02-29,E00030,0,0.0,0.0,2025-03-01T00:00:00Z
2024-03-31,E00030,0,0.0,0.0,2025-04-01T00:00:00Z
2024-04-30,E00030,0,0.0,0.0,2025-05-01T00:00:00Z
2024-05-31,E00030,0,0.0,0.0,2025-06-01T00:00:00Z
2024-06-30,E00030,0,0.0,0.0,2025-07-01T00:00:00Z
2024-07-31,E00030,0,0.0,0.0,2025-08-01T00:00:00Z
2024-08-31,E00030,0,0.0,0.0,2025-09-01T00:00:00Z
2024-09-30,E00030,0,0.0,0.0,2025-10-01T00:00:00Z
2024-10-31,E00030,0,0.0,0.0,2025-11-01T00:00:00Z
2024-11-30,E00030,0,0.0,0.0,2025-12-01T00:00:00Z
2024-12-31,E00030,0,0.0,0.0,2026-01-01T00:00:00Z
2025-01-31,E00030,0,0.0,0.0,2026-02-01T00:00:00Z
2025-02-28,E00030,0,0.0,0.0,2026-03-01T00:00:00Z
2025-03-31,E00030,0,0.0,0.0,2026-04-01T00:00:00Z
2025-04-30,E00030,0,0.0,0.0,2026-05-01T00:00:00Z
2025-05-31,E00030,0,0.0,0.0,2026-06-01T00:00:00Z
2025-06-30,E00030,0,0.0,0.0,2026-07-01T00:00:00Z
2023-07-31,E00031,0,0.0,0.0,2024-07-31T00:00:00Z
2023-08-31,E00031,0,0.0,0.0,2024-08-31T00:00:00Z
2023-09-30,E00031,0,0.0,0.0,2024-09-30T00:00:00Z
2023-10-31,E00031,0,0.0,0.0,2024-10-31T00:00:00Z
2023-11-30,E00031,0,0.0,0.0,2024-11-30T00:00:00Z
2023-12-31,E00031,0,0.0,0.0,2024-12-31T00:00:00Z
2024-01-31,E00031,0,0.0,0.0,2025-01-31T00:00:00Z
2024-02-29,E00031,0,0.0,0.0,2025-03-01T00:00:00Z
2024-03-31,E00031,0,0.0,0.0,2025-04-01T00:00:00Z
2024-04-30,E00031,0,0.0,0.0,2025-05-01T00:00:00Z
2024-05-31,E00031,0,0.0,0.0,2025-06-01T00:00:00Z
2024-06-30,E00031,0,0.0,0.0,2025-07-01T00:00:00Z
2024-07-31,E00031,0,0.0,0.0,2025-08-01T00:00:00Z
2024-08-31,E00031,0,0.0,0.0,2025-09-01T00:00:00Z
2024-09-30,E00031,0,0.0,0.0,2025-10-01T00:00:00Z
2024-10-31,E00031,0,0.0,0.0,2025-11-01T00:00:00Z
2024-11-30,E00031,0,0.0,0.0,2025-12-01T00:00:00Z
2024-12-31,E00031,0,0.0,0.0,2026-01-01T00:00:00Z
2025-01-31,E00031,0,0.0,0.0,2026-02-01T00:00:00Z
2025-02-28,E00031,0,0.0,0.0,2026-03-01T00:00:00Z
2025-03-31,E00031,0,0.0,0.0,2026-04-01T00:00:00Z
2025-04-30,E00031,0,0.0,0.0,2026-05-01T00:00:00Z
2025-05-31,E00031,0,0.0,0.0,2026-06-01T00:00:00Z
2025-06-30,E00031,0,0.0,0.0,2026-07-01T00:00:00Z
2023-07-31,E00032,0,0.0,0.0,2024-07-31T00:00:00Z
2023-08-31,E00032,0,0.0,0.0,2024-08-31T00:00:00Z
2023-09-30,E00032,0,0.0,0.0,2024-09-30T00:00:00Z
2023-10-31,E00032,0,0.0,0.0,2024-10-31T00:00:00Z
2023-11-30,E00032,0,0.0,0.0,2024-11-30T00:00:00Z
2023-12-31,E00032,0,0.0,0.0,2024-12-31T00:00:00Z
2024-01-31,E00032,0,0.0,0.0,2025-01-31T00:00:00Z
2024-02-29,E00032,0,0.0,0.0,2025-03-01T00:00:00Z
2024-03-31,E00032,0,0.0,0.0,2025-04-01T00:00:00Z
2024-04-30,E00032,0,0.0,0.0,2025-05-01T00:00:00Z
2024-05-31,E00032,0,0.0,0.0,2025-06-01T00:00:00Z
2024-06-30,E00032,0,0.0,0.0,2025-07-01T00:00:00Z
2024-07-31,E00032,0,0.0,0.0,2025-08-01T00:00:00Z
2024-08-31,E00032,0,0.0,0.0,2025-09-01T00:00:00Z
2024-09-30,E00032,0,0.0,0.0,2025-10-01T00:00:00Z
2024-10-31,E00032,0,0.0,0.0,2025-11-01T00:00:00Z
2024-11-30,E00032,0,0.0,0.0,2025-12-01T00:00:00Z
2024-12-31,E00032,0,0.0,0.0,2026-01-01T00:00:00Z
2025-01-31,E00032,0,0.0,0.0,2026-02-01T00:00:00Z
2025-02-28,E00032,0,0.0,0.0,2026-03-01T00:00:00Z
2025-03-31,E00032,0,0.0,0.0,2026-04-01T00:00:00Z
2025-04-30,E00032,0,0.0,0.0,2026-05-01T00:00:00Z
2025-05-31,E00032,0,0.0,0.0,2026-06-01T00:00:00Z
2025-06-30,E00032,0,0.0,0.0,2026-07-01T00:00:00Z
2023-07-31,E00033,0,0.0,0.0,2024-07-31T00:00:00Z
2023-08-31,E00033,0,0.0,0.0,2024-08-31T00:00:00Z
2023-09-30,E00033,0,0.0,0.0,2024-09-30T00:00:00Z
2023-10-31,E00033,0,0.0,0.0,2024-10-31T00:00:00Z
2023-11-30,E00033,0,0.0,0.0,2024-11-30T00:00:00Z
2023-12-31,E00033,0,0.0,0.0,2024-12-31T00:00:00Z
2024-01-31,E00033,0,0.0,0.0,2025-01-31T00:00:00Z
2024-02-29,E00033,0,0.0,0.0,2025-03-01T00:00:00Z
2024-03-31,E00033,0,0.0,0.0,2025-04-01T00:00:00Z
2024-04-30,E00033,0,0.0,0.0,2025-05-01T00:00:00Z
2024-05-31,E00033,0,0.0,0.0,2025-06-01T00:00:00Z
2024-06-30,E00033,0,0.0,0.0,2025-07-01T00:00:00Z
2024-07-31,E00033,0,0.0,0.0,2025-08-01T00:00:00Z
2024-08-31,E00033,0,0.0,0.0,2025-09-01T00:00:00Z
2024-09-30,E00033,0,0.0,0.0,2025-10-01T00:00:00Z
2024-10-31,E00033,0,0.0,0.0,2025-11-01T00:00:00Z
2024-11-30,E00033,0,0.0,0.0,2025-12-01T00:00:00Z
2024-12-31,E00033,0,0.0,0.0,2026-01-01T00:00:00Z
2025-01-31,E00033,0,0.0,0.0,2026-02-01T00:00:00Z
2025-02-28,E00033,0,0.0,0.0,2026-03-01T00:00:00Z
2025-03-31,E00033,0,0.0,0.0,2026-04-01T00:00:00Z
2025-04-30,E00033,0,0.0,0.0,2026-05-01T00:00:00Z
2025-05-31,E00033,0,0.0,0.0,2026-06-01T00:00:00Z
2025-06-30,E00033,0,0.0,0.0,2026-07-01T00:00:00Z
2023-07-31,E00034,0,0.0,0.0,2024-07-31T00:00:00Z
2023-08-31,E00034,0,0.0,0.0,2024-08-31T00:00:00Z
2023-09-30,E00034,0,0.0,0.0,2024-09-30T00:00:00Z
2023-10-31,E00034,0,0.0,0.0,2024-10-31T00:00:00Z
2023-11-30,E00034,0,0.0,0.0,2024-11-30T00:00:00Z
2023-12-31,E00034,0,0.0,0.0,2024-12-31T00:00:00Z
2024-01-31,E00034,0,0.0,0.0,2025-01-31T00:00:00Z
2024-02-29,E00034,0,0.0,0.0,2025-03-01T00:00:00Z
2024-03-31,E00034,0,0.0,0.0,2025-04-01T00:00:00Z
2024-04-30,E00034,0,0.0,0.0,2025-05-01T00:00:00Z
2024-05-31,E00034,0,0.0,0.0,2025-06-01T00:00:00Z
2024-06-30,E00034,0,0.0,0.0,2025-07-01T00:00:00Z
2024-07-31,E00034,0,0.0,0.0,2025-08-01T00:00:00Z
2024-08-31,E00034,0,0.0,0.0,2025-09-01T00:00:00Z
2024-09-30,E00034,0,0.0,0.0,2025-10-01T00:00:00Z
2024-10-31,E00034,0,0.0,0.0,2025-11-01T00:00:00Z
2024-11-30,E00034,0,0.0,0.0,2025-12-01T00:00:00Z
2024-12-31,E00034,0,0.0,0.0,2026-01-01T00:00:00Z
2025-01-31,E00034,0,0.0,0.0,2026-02-01T00:00:00Z
2025-02-28,E00034,0,0.0,0.0,2026-03-01T00:00:00Z
2025-03-31,E00034,0,0.0,0.0,2026-04-01T00:00:00Z
2025-04-30,E00034,0,0.0,0.0,2026-05-01T00:00:00Z
2025-05-31,E00034,0,0.0,0.0,2026-06-01T00:00:00Z
2025-06-30,E00034,0,0.0,0.0,2026-07-01T00:00:00Z
2023-07-31,E00035,0,0.0,0.0,2024-07-31T00:00:00Z
2023-08-31,E00035,0,0.0,0.0,2024-08-31T00:00:00Z
2023-09-30,E00035,0,0.0,0.0,2024-09-30T00:00:00Z
2023-10-31,E00035,0,0.0,0.0,2024-10-31T00:00:00Z
2023-11-30,E00035,0,0.0,0.0,2024-11-30T00:00:00Z
2023-12-31,E00035,0,0.0,0.0,2024-12-31T00:00:00Z
2024-01-31,E00035,1,0.1058,10312.01,2025-01-31T00:00:00Z
2024-02-29,E00035,1,0.16,15598.88,2025-03-01T00:00:00Z
2024-03-31,E00035,1,0.0598,5827.77,2025-04-01T00:00:00Z
2024-04-30,E00035,1,0.1312,12788.36,2025-05-01T00:00:00Z
2024-05-31,E00035,1,0.0729,7107.37,2025-06-01T00:00:00Z
2024-06-30,E00035,1,0.095,9255.54,2025-07-01T00:00:00Z
2024-07-31,E00035,1,0.1463,14257.79,2025-08-01T00:00:00Z
2024-08-31,E00035,1,0.1823,17769.01,2025-09-01T00:00:00Z
2024-09-30,E00035,1,0.1972,19222.79,2025-10-01T00:00:00Z
2024-10-31,E00035,1,0.0649,6324.27,2025-11-01T00:00:00Z
2024-11-30,E00035,1,0.1604,15638.16,2025-12-01T00:00:00Z
2024-12-31,E00035,1,0.105,10233.55,2026-01-01T00:00:00Z
2025-01-31,E00035,0,0.0,0.0,2026-02-01T00:00:00Z
2025-02-28,E00035,0,0.0,0.0,2026-03-01T00:00:00Z
2025-03-31,E00035,0,0.0,0.0,2026-04-01T00:00:00Z
2025-04-30,E00035,0,0.0,0.0,2026-05-01T00:00:00Z
2025-05-31,E00035,0,0.0,0.0,2026-06-01T00:00:00Z
2025-06-30,E00035,0,0.0,0.0,2026-07-01T00:00:00Z
2023-07-31,E00036,0,0.0,0.0,2024-07-31T00:00:00Z
2023-08-31,E00036,0,0.0,0.0,2024-08-31T00:00:00Z
2023-09-30,E00036,0,0.0,0.0,2024-09-30T00:00:00Z
2023-10-31,E00036,0,0.0,0.0,2024-10-31T00:00:00Z
2023-11-30,E00036,0,0.0,0.0,2024-11-30T00:00:00Z
2023-12-31,E00036,0,0.0,0.0,2024-12-31T00:00:00Z
2024-01-31,E00036,0,0.0,0.0,2025-01-31T00:00:00Z
2024-02-29,E00036,0,0.0,0.0,2025-03-01T00:00:00Z
2024-03-31,E00036,0,0.0,0.0,2025-04-01T00:00:00Z
2024-04-30,E00036,0,0.0,0.0,2025-05-01T00:00:00Z
2024-05-31,E00036,0,0.0,0.0,2025-06-01T00:00:00Z
2024-06-30,E00036,0,0.0,0.0,2025-07-01T00:00:00Z
2024-07-31,E00036,0,0.0,0.0,2025-08-01T00:00:00Z
2024-08-31,E00036,0,0.0,0.0,2025-09-01T00:00:00Z
2024-09-30,E00036,0,0.0,0.0,2025-10-01T00:00:00Z
2024-10-31,E00036,0,0.0,0.0,2025-11-01T00:00:00Z
2024-11-30,E00036,0,0.0,0.0,2025-12-01T00:00:00Z
2024-12-31,E00036,0,0.0,0.0,2026-01-01T00:00:00Z
2025-01-31,E00036,0,0.0,0.0,2026-02-01T00:00:00Z
2025-02-28,E00036,0,0.0,0.0,2026-03-01T00:00:00Z
2025-03-31,E00036,0,0.0,0.0,2026-04-01T00:00:00Z
2025-04-30,E00036,0,0.0,0.0,2026-05-01T00:00:00Z
2025-05-31,E00036,0,0.0,0.0,2026-06-01T00:00:00Z
2025-06-30,E00036,0,0.0,0.0,2026-07-01T00:00:00Z
2023-07-31,E00037,0,0.0,0.0,2024-07-31T00:00:00Z
2023-08-31,E00037,0,0.0,0.0,2024-08-31T00:00:00Z
2023-09-30,E00037,0,0.0,0.0,2024-09-30T00:00:00Z
2023-10-31,E00037,0,0.0,0.0,2024-10-31T00:00:00Z
2023-11-30,E00037,0,0.0,0.0,2024-11-30T00:00:00Z
2023-12-31,E00037,0,0.0,0.0,2024-12-31T00:00:00Z
2024-01-31,E00037,0,0.0,0.0,2025-01-31T00:00:00Z
2024-02-29,E00037,0,0.0,0.0,2025-03-01T00:00:00Z
2024-03-31,E00037,0,0.0,0.0,2025-04-01T00:00:00Z
2024-04-30,E00037,0,0.0,0.0,2025-05-01T00:00:00Z
2024-05-31,E00037,0,0.0,0.0,2025-06-01T00:00:00Z
2024-06-30,E00037,0,0.0,0.0,2025-07-01T00:00:00Z
2024-07-31,E00037,0,0.0,0.0,2025-08-01T00:00:00Z
2024-08-31,E00037,0,0.0,0.0,2025-09-01T00:00:00Z
2024-09-30,E00037,0,0.0,0.0,2025-10-01T00:00:00Z
2024-10-31,E00037,0,0.0,0.0,2025-11-01T00:00:00Z
2024-11-30,E00037,0,0.0,0.0,2025-12-01T00:00:00Z
2024-12-31,E00037,0,0.0,0.0,2026-01-01T00:00:00Z
2025-01-31,E00037,0,0.0,0.0,2026-02-01T00:00:00Z
2025-02-28,E00037,0,0.0,0.0,2026-03-01T00:00:00Z
2025-03-31,E00037,0,0.0,0.0,2026-04-01T00:00:00Z
2025-04-30,E00037,0,0.0,0.0,2026-05-01T00:00:00Z
2025-05-31,E00037,0,0.0,0.0,2026-06-01T00:00:00Z
2025-06-30,E00037,0,0.0,0.0,2026-07-01T00:00:00Z
2023-07-31,E00038,0,0.0,0.0,2024-07-31T00:00:00Z
2023-08-31,E00038,0,0.0,0.0,2024-08-31T00:00:00Z
2023-09-30,E00038,0,0.0,0.0,2024-09-30T00:00:00Z
2023-10-31,E00038,0,0.0,0.0,2024-10-31T00:00:00Z
2023-11-30,E00038,0,0.0,0.0,2024-11-30T00:00:00Z
2023-12-31,E00038,0,0.0,0.0,2024-12-31T00:00:00Z
2024-01-31,E00038,0,0.0,0.0,2025-01-31T00:00:00Z
2024-02-29,E00038,0,0.0,0.0,2025-03-01T00:00:00Z
2024-03-31,E00038,0,0.0,0.0,2025-04-01T00:00:00Z
2024-04-30,E00038,0,0.0,0.0,2025-05-01T00:00:00Z
2024-05-31,E00038,0,0.0,0.0,2025-06-01T00:00:00Z
2024-06-30,E00038,0,0.0,0.0,2025-07-01T00:00:00Z
2024-07-31,E00038,0,0.0,0.0,2025-08-01T00:00:00Z
2024-08-31,E00038,0,0.0,0.0,2025-09-01T00:00:00Z
2024-09-30,E00038,0,0.0,0.0,2025-10-01T00:00:00Z
2024-10-31,E00038,0,0.0,0.0,2025-11-01T00:00:00Z
2024-11-30,E00038,0,0.0,0.0,2025-12-01T00:00:00Z
2024-12-31,E00038,0,0.0,0.0,2026-01-01T00:00:00Z
2025-01-31,E00038,0,0.0,0.0,2026-02-01T00:00:00Z
2025-02-28,E00038,0,0.0,0.0,2026-03-01T00:00:00Z
2025-03-31,E00038,0,0.0,0.0,2026-04-01T00:00:00Z
2025-04-30,E00038,0,0.0,0.0,2026-05-01T00:00:00Z
2025-05-31,E00038,0,0.0,0.0,2026-06-01T00:00:00Z
2025-06-30,E00038,0,0.0,0.0,2026-07-01T00:00:00Z
2023-07-31,E00039,0,0.0,0.0,2024-07-31T00:00:00Z
2023-08-31,E00039,0,0.0,0.0,2024-08-31T00:00:00Z
2023-09-30,E00039,0,0.0,0.0,2024-09-30T00:00:00Z
2023-10-31,E00039,0,0.0,0.0,2024-10-31T00:00:00Z
2023-11-30,E00039,0,0.0,0.0,2024-11-30T00:00:00Z
2023-12-31,E00039,0,0.0,0.0,2024-12-31T00:00:00Z
2024-01-31,E00039,0,0.0,0.0,2025-01-31T00:00:00Z
2024-02-29,E00039,0,0.0,0.0,2025-03-01T00:00:00Z
2024-03-31,E00039,0,0.0,0.0,2025-04-01T00:00:00Z
2024-04-30,E00039,0,0.0,0.0,2025-05-01T00:00:00Z
2024-05-31,E00039,0,0.0,0.0,2025-06-01T00:00:00Z
2024-06-30,E00039,0,0.0,0.0,2025-07-01T00:00:00Z
2024-07-31,E00039,0,0.0,0.0,2025-08-01T00:00:00Z
2024-08-31,E00039,0,0.0,0.0,2025-09-01T00:00:00Z
2024-09-30,E00039,0,0.0,0.0,2025-10-01T00:00:00Z
2024-10-31,E00039,0,0.0,0.0,2025-11-01T00:00:00Z
2024-11-30,E00039,0,0.0,0.0,2025-12-01T00:00:00Z
2024-12-31,E00039,0,0.0,0.0,2026-01-01T00:00:00Z
2025-01-31,E00039,0,0.0,0.0,2026-02-01T00:00:00Z
2025-02-28,E00039,0,0.0,0.0,2026-03-01T00:00:00Z
2025-03-31,E00039,0,0.0,0.0,2026-04-01T00:00:00Z
2025-04-30,E00039,0,0.0,0.0,2026-05-01T00:00:00Z
2025-05-31,E00039,0,0.0,0.0,2026-06-01T00:00:00Z
2025-06-30,E00039,0,0.0,0.0,2026-07-01T00:00:00Z
2023-07-31,E00040,0,0.0,0.0,2024-07-31T00:00:00Z
2023-08-31,E00040,0,0.0,0.0,2024-08-31T00:00:00Z
2023-09-30,E00040,0,0.0,0.0,2024-09-30T00:00:00Z
2023-10-31,E00040,0,0.0,0.0,2024-10-31T00:00:00Z
2023-11-30,E00040,0,0.0,0.0,2024-11-30T00:00:00Z
2023-12-31,E00040,0,0.0,0.0,2024-12-31T00:00:00Z
2024-01-31,E00040,0,0.0,0.0,2025-01-31T00:00:00Z
2024-02-29,E00040,0,0.0,0.0,2025-03-01T00:00:00Z
2024-03-31,E00040,0,0.0,0.0,2025-04-01T00:00:00Z
2024-04-30,E00040,0,0.0,0.0,2025-05-01T00:00:00Z
2024-05-31,E00040,0,0.0,0.0,2025-06-01T00:00:00Z
2024-06-30,E00040,0,0.0,0.0,2025-07-01T00:00:00Z
2024-07-31,E00040,0,0.0,0.0,2025-08-01T00:00:00Z
2024-08-31,E00040,0,0.0,0.0,2025-09-01T00:00:00Z
2024-09-30,E00040,0,0.0,0.0,2025-10-01T00:00:00Z
2024-10-31,E00040,0,0.0,0.0,2025-11-01T00:00:00Z
2024-11-30,E00040,0,0.0,0.0,2025-12-01T00:00:00Z
2024-12-31,E00040,0,0.0,0.0,2026-01-01T00:00:00Z
2025-01-31,E00040,0,0.0,0.0,2026-02-01T00:00:00Z
2025-02-28,E00040,0,0.0,0.0,2026-03-01T00:00:00Z
2025-03-31,E00040,0,0.0,0.0,2026-04-01T00:00:00Z
2025-04-30,E00040,0,0.0,0.0,2026-05-01T00:00:00Z
2025-05-31,E00040,0,0.0,0.0,2026-06-01T00:00:00Z
2025-06-30,E00040,0,0.0,0.0,2026-07-01T00:00:00Z
2023-07-31,E00041,0,0.0,0.0,2024-07-31T00:00:00Z
2023-08-31,E00041,0,0.0,0.0,2024-08-31T00:00:00Z
2023-09-30,E00041,0,0.0,0.0,2024-09-30T00:00:00Z
2023-10-31,E00041,0,0.0,0.0,2024-10-31T00:00:00Z
2023-11-30,E00041,0,0.0,0.0,2024-11-30T00:00:00Z
2023-12-31,E00041,0,0.0,0.0,2024-12-31T00:00:00Z
2024-01-31,E00041,0,0.0,0.0,2025-01-31T00:00:00Z
2024-02-29,E00041,0,0.0,0.0,2025-03-01T00:00:00Z
2024-03-31,E00041,0,0.0,0.0,2025-04-01T00:00:00Z
2024-04-30,E00041,0,0.0,0.0,2025-05-01T00:00:00Z
2024-05-31,E00041,0,0.0,0.0,2025-06-01T00:00:00Z
2024-06-30,E00041,0,0.0,0.0,2025-07-01T00:00:00Z
2024-07-31,E00041,0,0.0,0.0,2025-08-01T00:00:00Z
2024-08-31,E00041,0,0.0,0.0,2025-09-01T00:00:00Z
2024-09-30,E00041,0,0.0,0.0,2025-10-01T00:00:00Z
2024-10-31,E00041,0,0.0,0.0,2025-11-01T00:00:00Z
2024-11-30,E00041,0,0.0,0.0,2025-12-01T00:00:00Z
2024-12-31,E00041,0,0.0,0.0,2026-01-01T00:00:00Z
2025-01-31,E00041,0,0.0,0.0,2026-02-01T00:00:00Z
2025-02-28,E00041,0,0.0,0.0,2026-03-01T00:00:00Z
2025-03-31,E00041,0,0.0,0.0,2026-04-01T00:00:00Z
2025-04-30,E00041,0,0.0,0.0,2026-05-01T00:00:00Z
2025-05-31,E00041,0,0.0,0.0,2026-06-01T00:00:00Z
2025-06-30,E00041,0,0.0,0.0,2026-07-01T00:00:00Z
2023-07-31,E00042,0,0.0,0.0,2024-07-31T00:00:00Z
2023-08-31,E00042,0,0.0,0.0,2024-08-31T00:00:00Z
2023-09-30,E00042,0,0.0,0.0,2024-09-30T00:00:00Z
2023-10-31,E00042,0,0.0,0.0,2024-10-31T00:00:00Z
2023-11-30,E00042,0,0.0,0.0,2024-11-30T00:00:00Z
2023-12-31,E00042,0,0.0,0.0,2024-12-31T00:00:00Z
2024-01-31,E00042,0,0.0,0.0,2025-01-31T00:00:00Z
2024-02-29,E00042,0,0.0,0.0,2025-03-01T00:00:00Z
2024-03-31,E00042,0,0.0,0.0,2025-04-01T00:00:00Z
2024-04-30,E00042,0,0.0,0.0,2025-05-01T00:00:00Z
2024-05-31,E00042,0,0.0,0.0,2025-06-01T00:00:00Z
2024-06-30,E00042,0,0.0,0.0,2025-07-01T00:00:00Z
2024-07-31,E00042,0,0.0,0.0,2025-08-01T00:00:00Z
2024-08-31,E00042,0,0.0,0.0,2025-09-01T00:00:00Z
2024-09-30,E00042,0,0.0,0.0,2025-10-01T00:00:00Z
2024-10-31,E00042,0,0.0,0.0,2025-11-01T00:00:00Z
2024-11-30,E00042,0,0.0,0.0,2025-12-01T00:00:00Z
2024-12-31,E00042,0,0.0,0.0,2026-01-01T00:00:00Z
2025-01-31,E00042,0,0.0,0.0,2026-02-01T00:00:00Z
2025-02-28,E00042,0,0.0,0.0,2026-03-01T00:00:00Z
2025-03-31,E00042,0,0.0,0.0,2026-04-01T00:00:00Z
2025-04-30,E00042,0,0.0,0.0,2026-05-01T00:00:00Z
2025-05-31,E00042,0,0.0,0.0,2026-06-01T00:00:00Z
2025-06-30,E00042,0,0.0,0.0,2026-07-01T00:00:00Z
2023-07-31,E00043,1,0.0627,13634.08,2024-07-31T00:00:00Z
2023-08-31,E00043,1,0.0904,19637.35,2024-08-31T00:00:00Z
2023-09-30,E00043,1,0.144,31305.45,2024-09-30T00:00:00Z
2023-10-31,E00043,1,0.1321,28717.4,2024-10-31T00:00:00Z
2023-11-30,E00043,1,0.1493,32448.5,2024-11-30T00:00:00Z
2023-12-31,E00043,1,0.2232,48520.71,2024-12-31T00:00:00Z
2024-01-31,E00043,1,0.1263,27450.47,2025-01-31T00:00:00Z
2024-02-29,E00043,1,0.1683,36575.83,2025-03-01T00:00:00Z
2024-03-31,E00043,1,0.0783,17019.8,2025-04-01T00:00:00Z
2024-04-30,E00043,0,0.0,0.0,2025-05-01T00:00:00Z
2024-05-31,E00043,0,0.0,0.0,2025-06-01T00:00:00Z
2024-06-30,E00043,0,0.0,0.0,2025-07-01T00:00:00Z
2024-07-31,E00043,0,0.0,0.0,2025-08-01T00:00:00Z
2024-08-31,E00043,0,0.0,0.0,2025-09-01T00:00:00Z
2024-09-30,E00043,0,0.0,0.0,2025-10-01T00:00:00Z
2024-10-31,E00043,0,0.0,0.0,2025-11-01T00:00:00Z
2024-11-30,E00043,0,0.0,0.0,2025-12-01T00:00:00Z
2024-12-31,E00043,0,0.0,0.0,2026-01-01T00:00:00Z
2025-01-31,E00043,0,0.0,0.0,2026-02-01T00:00:00Z
2025-02-28,E00043,0,0.0,0.0,2026-03-01T00:00:00Z
2025-03-31,E00043,0,0.0,0.0,2026-04-01T00:00:00Z
2025-04-30,E00043,0,0.0,0.0,2026-05-01T00:00:00Z
2025-05-31,E00043,0,0.0,0.0,2026-06-01T00:00:00Z
2025-06-30,E00043,0,0.0,0.0,2026-07-01T00:00:00Z
2023-07-31,E00044,1,0.2369,17029.74,2024-07-31T00:00:00Z
2023-08-31,E00044,1,0.137,9847.76,2024-08-31T00:00:00Z
2023-09-30,E00044,1,0.159,11431.44,2024-09-30T00:00:00Z
2023-10-31,E00044,1,0.2136,15357.35,2024-10-31T00:00:00Z
2023-11-30,E00044,1,0.2222,15977.15,2024-11-30T00:00:00Z
2023-12-31,E00044,1,0.1552,11155.57,2024-12-31T00:00:00Z
2024-01-31,E00044,1,0.231,16606.28,2025-01-31T00:00:00Z
2024-02-29,E00044,1,0.1942,13963.9,2025-03-01T00:00:00Z
2024-03-31,E00044,1,0.1907,13709.17,2025-04-01T00:00:00Z
2024-04-30,E00044,1,0.2195,15781.75,2025-05-01T00:00:00Z
2024-05-31,E00044,1,0.129,9273.54,2025-06-01T00:00:00Z
2024-06-30,E00044,0,0.0,0.0,2025-07-01T00:00:00Z
2024-07-31,E00044,0,0.0,0.0,2025-08-01T00:00:00Z
2024-08-31,E00044,0,0.0,0.0,2025-09-01T00:00:00Z
2024-09-30,E00044,0,0.0,0.0,2025-10-01T00:00:00Z
2024-10-31,E00044,0,0.0,0.0,2025-11-01T00:00:00Z
2024-11-30,E00044,0,0.0,0.0,2025-12-01T00:00:00Z
2024-12-31,E00044,0,0.0,0.0,2026-01-01T00:00:00Z
2025-01-31,E00044,0,0.0,0.0,2026-02-01T00:00:00Z
2025-02-28,E00044,0,0.0,0.0,2026-03-01T00:00:00Z
2025-03-31,E00044,0,0.0,0.0,2026-04-01T00:00:00Z
2025-04-30,E00044,0,0.0,0.0,2026-05-01T00:00:00Z
2025-05-31,E00044,0,0.0,0.0,2026-06-01T00:00:00Z
2025-06-30,E00044,0,0.0,0.0,2026-07-01T00:00:00Z
2023-07-31,E00045,0,0.0,0.0,2024-07-31T00:00:00Z
2023-08-31,E00045,0,0.0,0.0,2024-08-31T00:00:00Z
2023-09-30,E00045,0,0.0,0.0,2024-09-30T00:00:00Z
2023-10-31,E00045,0,0.0,0.0,2024-10-31T00:00:00Z
2023-11-30,E00045,0,0.0,0.0,2024-11-30T00:00:00Z
2023-12-31,E00045,0,0.0,0.0,2024-12-31T00:00:00Z
2024-01-31,E00045,0,0.0,0.0,2025-01-31T00:00:00Z
2024-02-29,E00045,0,0.0,0.0,2025-03-01T00:00:00Z
2024-03-31,E00045,0,0.0,0.0,2025-04-01T00:00:00Z
2024-04-30,E00045,0,0.0,0.0,2025-05-01T00:00:00Z
2024-05-31,E00045,0,0.0,0.0,2025-06-01T00:00:00Z
2024-06-30,E00045,0,0.0,0.0,2025-07-01T00:00:00Z
2024-07-31,E00045,0,0.0,0.0,2025-08-01T00:00:00Z
2024-08-31,E00045,0,0.0,0.0,2025-09-01T00:00:00Z
2024-09-30,E00045,0,0.0,0.0,2025-10-01T00:00:00Z
2024-10-31,E00045,0,0.0,0.0,2025-11-01T00:00:00Z
2024-11-30,E00045,0,0.0,0.0,2025-12-01T00:00:00Z
2024-12-31,E00045,0,0.0,0.0,2026-01-01T00:00:00Z
2025-01-31,E00045,0,0.0,0.0,2026-02-01T00:00:00Z
2025-02-28,E00045,0,0.0,0.0,2026-03-01T00:00:00Z
2025-03-31,E00045,0,0.0,0.0,2026-04-01T00:00:00Z
2025-04-30,E00045,0,0.0,0.0,2026-05-01T00:00:00Z
2025-05-31,E00045,0,0.0,0.0,2026-06-01T00:00:00Z
2025-06-30,E00045,0,0.0,0.0,2026-07-01T00:00:00Z
2023-07-31,E00046,0,0.0,0.0,2024-07-31T00:00:00Z
2023-08-31,E00046,0,0.0,0.0,2024-08-31T00:00:00Z
2023-09-30,E00046,0,0.0,0.0,2024-09-30T00:00:00Z
2023-10-31,E00046,0,0.0,0.0,2024-10-31T00:00:00Z
2023-11-30,E00046,0,0.0,0.0,2024-11-30T00:00:00Z
2023-12-31,E00046,0,0.0,0.0,2024-12-31T00:00:00Z
2024-01-31,E00046,0,0.0,0.0,2025-01-31T00:00:00Z
2024-02-29,E00046,0,0.0,0.0,2025-03-01T00:00:00Z
2024-03-31,E00046,0,0.0,0.0,2025-04-01T00:00:00Z
2024-04-30,E00046,0,0.0,0.0,2025-05-01T00:00:00Z
2024-05-31,E00046,0,0.0,0.0,2025-06-01T00:00:00Z
2024-06-30,E00046,0,0.0,0.0,2025-07-01T00:00:00Z
2024-07-31,E00046,0,0.0,0.0,2025-08-01T00:00:00Z
2024-08-31,E00046,0,0.0,0.0,2025-09-01T00:00:00Z
2024-09-30,E00046,0,0.0,0.0,2025-10-01T00:00:00Z
2024-10-31,E00046,0,0.0,0.0,2025-11-01T00:00:00Z
2024-11-30,E00046,0,0.0,0.0,2025-12-01T00:00:00Z
2024-12-31,E00046,0,0.0,0.0,2026-01-01T00:00:00Z
2025-01-31,E00046,0,0.0,0.0,2026-02-01T00:00:00Z
2025-02-28,E00046,0,0.0,0.0,2026-03-01T00:00:00Z
2025-03-31,E00046,0,0.0,0.0,2026-04-01T00:00:00Z
2025-04-30,E00046,0,0.0,0.0,2026-05-01T00:00:00Z
2025-05-31,E00046,0,0.0,0.0,2026-06-01T00:00:00Z
2025-06-30,E00046,0,0.0,0.0,2026-07-01T00:00:00Z
2023-07-31,E00047,0,0.0,0.0,2024-07-31T00:00:00Z
2023-08-31,E00047,0,0.0,0.0,2024-08-31T00:00:00Z
2023-09-30,E00047,0,0.0,0.0,2024-09-30T00:00:00Z
2023-10-31,E00047,0,0.0,0.0,2024-10-31T00:00:00Z
2023-11-30,E00047,0,0.0,0.0,2024-11-30T00:00:00Z
2023-12-31,E00047,0,0.0,0.0,2024-12-31T00:00:00Z
2024-01-31,E00047,0,0.0,0.0,2025-01-31T00:00:00Z
2024-02-29,E00047,0,0.0,0.0,2025-03-01T00:00:00Z
2024-03-31,E00047,0,0.0,0.0,2025-04-01T00:00:00Z
2024-04-30,E00047,0,0.0,0.0,2025-05-01T00:00:00Z
2024-05-31,E00047,0,0.0,0.0,2025-06-01T00:00:00Z
2024-06-30,E00047,0,0.0,0.0,2025-07-01T00:00:00Z
2024-07-31,E00047,0,0.0,0.0,2025-08-01T00:00:00Z
2024-08-31,E00047,0,0.0,0.0,2025-09-01T00:00:00Z
2024-09-30,E00047,0,0.0,0.0,2025-10-01T00:00:00Z
2024-10-31,E00047,0,0.0,0.0,2025-11-01T00:00:00Z
2024-11-30,E00047,0,0.0,0.0,2025-12-01T00:00:00Z
2024-12-31,E00047,0,0.0,0.0,2026-01-01T00:00:00Z
2025-01-31,E00047,0,0.0,0.0,2026-02-01T00:00:00Z
2025-02-28,E00047,0,0.0,0.0,2026-03-01T00:00:00Z
2025-03-31,E00047,0,0.0,0.0,2026-04-01T00:00:00Z
2025-04-30,E00047,0,0.0,0.0,2026-05-01T00:00:00Z
2025-05-31,E00047,0,0.0,0.0,2026-06-01T00:00:00Z
2025-06-30,E00047,0,0.0,0.0,2026-07-01T00:00:00Z
2023-07-31,E00048,0,0.0,0.0,2024-07-31T00:00:00Z
2023-08-31,E00048,0,0.0,0.0,2024-08-31T00:00:00Z
2023-09-30,E00048,0,0.0,0.0,2024-09-30T00:00:00Z
2023-10-31,E00048,0,0.0,0.0,2024-10-31T00:00:00Z
2023-11-30,E00048,0,0.0,0.0,2024-11-30T00:00:00Z
2023-12-31,E00048,0,0.0,0.0,2024-12-31T00:00:00Z
2024-01-31,E00048,0,0.0,0.0,2025-01-31T00:00:00Z
2024-02-29,E00048,0,0.0,0.0,2025-03-01T00:00:00Z
2024-03-31,E00048,0,0.0,0.0,2025-04-01T00:00:00Z
2024-04-30,E00048,0,0.0,0.0,2025-05-01T00:00:00Z
2024-05-31,E00048,0,0.0,0.0,2025-06-01T00:00:00Z
2024-06-30,E00048,0,0.0,0.0,2025-07-01T00:00:00Z
2024-07-31,E00048,0,0.0,0.0,2025-08-01T00:00:00Z
2024-08-31,E00048,0,0.0,0.0,2025-09-01T00:00:00Z
2024-09-30,E00048,0,0.0,0.0,2025-10-01T00:00:00Z
2024-10-31,E00048,0,0.0,0.0,2025-11-01T00:00:00Z
2024-11-30,E00048,0,0.0,0.0,2025-12-01T00:00:00Z
2024-12-31,E00048,0,0.0,0.0,2026-01-01T00:00:00Z
2025-01-31,E00048,0,0.0,0.0,2026-02-01T00:00:00Z
2025-02-28,E00048,0,0.0,0.0,2026-03-01T00:00:00Z
2025-03-31,E00048,0,0.0,0.0,2026-04-01T00:00:00Z
2025-04-30,E00048,0,0.0,0.0,2026-05-01T00:00:00Z
2025-05-31,E00048,0,0.0,0.0,2026-06-01T00:00:00Z
2025-06-30,E00048,0,0.0,0.0,2026-07-01T00:00:00Z
2023-07-31,E00049,0,0.0,0.0,2024-07-31T00:00:00Z
2023-08-31,E00049,0,0.0,0.0,2024-08-31T00:00:00Z
2023-09-30,E00049,0,0.0,0.0,2024-09-30T00:00:00Z
2023-10-31,E00049,0,0.0,0.0,2024-10-31T00:00:00Z
2023-11-30,E00049,0,0.0,0.0,2024-11-30T00:00:00Z
2023-12-31,E00049,0,0.0,0.0,2024-12-31T00:00:00Z
2024-01-31,E00049,0,0.0,0.0,2025-01-31T00:00:00Z
2024-02-29,E00049,0,0.0,0.0,2025-03-01T00:00:00Z
2024-03-31,E00049,0,0.0,0.0,2025-04-01T00:00:00Z
2024-04-30,E00049,0,0.0,0.0,2025-05-01T00:00:00Z
2024-05-31,E00049,0,0.0,0.0,2025-06-01T00:00:00Z
2024-06-30,E00049,0,0.0,0.0,2025-07-01T00:00:00Z
2024-07-31,E00049,0,0.0,0.0,2025-08-01T00:00:00Z
2024-08-31,E00049,0,0.0,0.0,2025-09-01T00:00:00Z
2024-09-30,E00049,0,0.0,0.0,2025-10-01T00:00:00Z
2024-10-31,E00049,0,0.0,0.0,2025-11-01T00:00:00Z
2024-11-30,E00049,0,0.0,0.0,2025-12-01T00:00:00Z
2024-12-31,E00049,0,0.0,0.0,2026-01-01T00:00:00Z
2025-01-31,E00049,0,0.0,0.0,2026-02-01T00:00:00Z
2025-02-28,E00049,0,0.0,0.0,2026-03-01T00:00:00Z
2025-03-31,E00049,0,0.0,0.0,2026-04-01T00:00:00Z
2025-04-30,E00049,0,0.0,0.0,2026-05-01T00:00:00Z
2025-05-31,E00049,0,0.0,0.0,2026-06-01T00:00:00Z
2025-06-30,E00049,0,0.0,0.0,2026-07-01T00:00:00Z
2023-07-31,E00050,0,0.0,0.0,2024-07-31T00:00:00Z
2023-08-31,E00050,0,0.0,0.0,2024-08-31T00:00:00Z
2023-09-30,E00050,0,0.0,0.0,2024-09-30T00:00:00Z
2023-10-31,E00050,0,0.0,0.0,2024-10-31T00:00:00Z
2023-11-30,E00050,0,0.0,0.0,2024-11-30T00:00:00Z
2023-12-31,E00050,0,0.0,0.0,2024-12-31T00:00:00Z
2024-01-31,E00050,0,0.0,0.0,2025-01-31T00:00:00Z
2024-02-29,E00050,0,0.0,0.0,2025-03-01T00:00:00Z
2024-03-31,E00050,0,0.0,0.0,2025-04-01T00:00:00Z
2024-04-30,E00050,0,0.0,0.0,2025-05-01T00:00:00Z
2024-05-31,E00050,0,0.0,0.0,2025-06-01T00:00:00Z
2024-06-30,E00050,0,0.0,0.0,2025-07-01T00:00:00Z
2024-07-31,E00050,0,0.0,0.0,2025-08-01T00:00:00Z
2024-08-31,E00050,0,0.0,0.0,2025-09-01T00:00:00Z
2024-09-30,E00050,0,0.0,0.0,2025-10-01T00:00:00Z
2024-10-31,E00050,0,0.0,0.0,2025-11-01T00:00:00Z
2024-11-30,E00050,0,0.0,0.0,2025-12-01T00:00:00Z
2024-12-31,E00050,0,0.0,0.0,2026-01-01T00:00:00Z
2025-01-31,E00050,1,0.0,0.0,2026-02-01T00:00:00Z
2025-02-28,E00050,1,0.0114,1785.49,2026-03-01T00:00:00Z
2025-03-31,E00050,1,0.0682,10664.83,2026-04-01T00:00:00Z
2025-04-30,E00050,1,0.0,0.0,2026-05-01T00:00:00Z
2025-05-31,E00050,1,0.0827,12931.45,2026-06-01T00:00:00Z
2025-06-30,E00050,1,0.0289,4517.1,2026-07-01T00:00:00Z
2023-07-31,E00051,0,0.0,0.0,2024-07-31T00:00:00Z
2023-08-31,E00051,0,0.0,0.0,2024-08-31T00:00:00Z
2023-09-30,E00051,0,0.0,0.0,2024-09-30T00:00:00Z
2023-10-31,E00051,0,0.0,0.0,2024-10-31T00:00:00Z
2023-11-30,E00051,0,0.0,0.0,2024-11-30T00:00:00Z
2023-12-31,E00051,0,0.0,0.0,2024-12-31T00:00:00Z
2024-01-31,E00051,0,0.0,0.0,2025-01-31T00:00:00Z
2024-02-29,E00051,0,0.0,0.0,2025-03-01T00:00:00Z
2024-03-31,E00051,0,0.0,0.0,2025-04-01T00:00:00Z
2024-04-30,E00051,0,0.0,0.0,2025-05-01T00:00:00Z
2024-05-31,E00051,0,0.0,0.0,2025-06-01T00:00:00Z
2024-06-30,E00051,0,0.0,0.0,2025-07-01T00:00:00Z
2024-07-31,E00051,0,0.0,0.0,2025-08-01T00:00:00Z
2024-08-31,E00051,0,0.0,0.0,2025-09-01T00:00:00Z
2024-09-30,E00051,0,0.0,0.0,2025-10-01T00:00:00Z
2024-10-31,E00051,0,0.0,0.0,2025-11-01T00:00:00Z
2024-11-30,E00051,0,0.0,0.0,2025-12-01T00:00:00Z
2024-12-31,E00051,0,0.0,0.0,2026-01-01T00:00:00Z
2025-01-31,E00051,0,0.0,0.0,2026-02-01T00:00:00Z
2025-02-28,E00051,0,0.0,0.0,2026-03-01T00:00:00Z
2025-03-31,E00051,0,0.0,0.0,2026-04-01T00:00:00Z
2025-04-30,E00051,0,0.0,0.0,2026-05-01T00:00:00Z
2025-05-31,E00051,0,0.0,0.0,2026-06-01T00:00:00Z
2025-06-30,E00051,0,0.0,0.0,2026-07-01T00:00:00Z
2023-07-31,E00052,0,0.0,0.0,2024-07-31T00:00:00Z
2023-08-31,E00052,0,0.0,0.0,2024-08-31T00:00:00Z
2023-09-30,E00052,0,0.0,0.0,2024-09-30T00:00:00Z
2023-10-31,E00052,0,0.0,0.0,2024-10-31T00:00:00Z
2023-11-30,E00052,0,0.0,0.0,2024-11-30T00:00:00Z
2023-12-31,E00052,0,0.0,0.0,2024-12-31T00:00:00Z
2024-01-31,E00052,0,0.0,0.0,2025-01-31T00:00:00Z
2024-02-29,E00052,0,0.0,0.0,2025-03-01T00:00:00Z
2024-03-31,E00052,0,0.0,0.0,2025-04-01T00:00:00Z
2024-04-30,E00052,0,0.0,0.0,2025-05-01T00:00:00Z
2024-05-31,E00052,0,0.0,0.0,2025-06-01T00:00:00Z
2024-06-30,E00052,0,0.0,0.0,2025-07-01T00:00:00Z
2024-07-31,E00052,0,0.0,0.0,2025-08-01T00:00:00Z
2024-08-31,E00052,0,0.0,0.0,2025-09-01T00:00:00Z
2024-09-30,E00052,0,0.0,0.0,2025-10-01T00:00:00Z
2024-10-31,E00052,0,0.0,0.0,2025-11-01T00:00:00Z
2024-11-30,E00052,0,0.0,0.0,2025-12-01T00:00:00Z
2024-12-31,E00052,0,0.0,0.0,2026-01-01T00:00:00Z
2025-01-31,E00052,0,0.0,0.0,2026-02-01T00:00:00Z
2025-02-28,E00052,0,0.0,0.0,2026-03-01T00:00:00Z
2025-03-31,E00052,0,0.0,0.0,2026-04-01T00:00:00Z
2025-04-30,E00052,0,0.0,0.0,2026-05-01T00:00:00Z
2025-05-31,E00052,0,0.0,0.0,2026-06-01T00:00:00Z
2025-06-30,E00052,0,0.0,0.0,2026-07-01T00:00:00Z
2023-07-31,E00053,0,0.0,0.0,2024-07-31T00:00:00Z
2023-08-31,E00053,0,0.0,0.0,2024-08-31T00:00:00Z
2023-09-30,E00053,0,0.0,0.0,2024-09-30T00:00:00Z
2023-10-31,E00053,0,0.0,0.0,2024-10-31T00:00:00Z
2023-11-30,E00053,0,0.0,0.0,2024-11-30T00:00:00Z
2023-12-31,E00053,0,0.0,0.0,2024-12-31T00:00:00Z
2024-01-31,E00053,0,0.0,0.0,2025-01-31T00:00:00Z
2024-02-29,E00053,0,0.0,0.0,2025-03-01T00:00:00Z
2024-03-31,E00053,0,0.0,0.0,2025-04-01T00:00:00Z
2024-04-30,E00053,0,0.0,0.0,2025-05-01T00:00:00Z
2024-05-31,E00053,0,0.0,0.0,2025-06-01T00:00:00Z
2024-06-30,E00053,0,0.0,0.0,2025-07-01T00:00:00Z
2024-07-31,E00053,0,0.0,0.0,2025-08-01T00:00:00Z
2024-08-31,E00053,0,0.0,0.0,2025-09-01T00:00:00Z
2024-09-30,E00053,0,0.0,0.0,2025-10-01T00:00:00Z
2024-10-31,E00053,0,0.0,0.0,2025-11-01T00:00:00Z
2024-11-30,E00053,0,0.0,0.0,2025-12-01T00:00:00Z
2024-12-31,E00053,0,0.0,0.0,2026-01-01T00:00:00Z
2025-01-31,E00053,0,0.0,0.0,2026-02-01T00:00:00Z
2025-02-28,E00053,0,0.0,0.0,2026-03-01T00:00:00Z
2025-03-31,E00053,0,0.0,0.0,2026-04-01T00:00:00Z
2025-04-30,E00053,0,0.0,0.0,2026-05-01T00:00:00Z
2025-05-31,E00053,0,0.0,0.0,2026-06-01T00:00:00Z
2025-06-30,E00053,0,0.0,0.0,2026-07-01T00:00:00Z
2023-07-31,E00054,1,0.0926,4085.48,2024-07-31T00:00:00Z
2023-08-31,E00054,1,0.1644,7253.79,2024-08-31T00:00:00Z
2023-09-30,E00054,1,0.0999,4408.02,2024-09-30T00:00:00Z
2023-10-31,E00054,1,0.0854,3766.6,2024-10-31T00:00:00Z
2023-11-30,E00054,1,0.2139,9436.75,2024-11-30T00:00:00Z
2023-12-31,E00054,1,0.1554,6858.73,2024-12-31T00:00:00Z
2024-01-31,E00054,0,0.0,0.0,2025-01-31T00:00:00Z
2024-02-29,E00054,0,0.0,0.0,2025-03-01T00:00:00Z
2024-03-31,E00054,0,0.0,0.0,2025-04-01T00:00:00Z
2024-04-30,E00054,0,0.0,0.0,2025-05-01T00:00:00Z
2024-05-31,E00054,0,0.0,0.0,2025-06-01T00:00:00Z
2024-06-30,E00054,0,0.0,0.0,2025-07-01T00:00:00Z
2024-07-31,E00054,0,0.0,0.0,2025-08-01T00:00:00Z
2024-08-31,E00054,0,0.0,0.0,2025-09-01T00:00:00Z
2024-09-30,E00054,0,0.0,0.0,2025-10-01T00:00:00Z
2024-10-31,E00054,0,0.0,0.0,2025-11-01T00:00:00Z
2024-11-30,E00054,0,0.0,0.0,2025-12-01T00:00:00Z
2024-12-31,E00054,0,0.0,0.0,2026-01-01T00:00:00Z
2025-01-31,E00054,0,0.0,0.0,2026-02-01T00:00:00Z
2025-02-28,E00054,0,0.0,0.0,2026-03-01T00:00:00Z
2025-03-31,E00054,0,0.0,0.0,2026-04-01T00:00:00Z
2025-04-30,E00054,0,0.0,0.0,2026-05-01T00:00:00Z
2025-05-31,E00054,0,0.0,0.0,2026-06-01T00:00:00Z
2025-06-30,E00054,0,0.0,0.0,2026-07-01T00:00:00Z
2023-07-31,E00055,0,0.0,0.0,2024-07-31T00:00:00Z
2023-08-31,E00055,0,0.0,0.0,2024-08-31T00:00:00Z
2023-09-30,E00055,0,0.0,0.0,2024-09-30T00:00:00Z
2023-10-31,E00055,0,0.0,0.0,2024-10-31T00:00:00Z
2023-11-30,E00055,0,0.0,0.0,2024-11-30T00:00:00Z
2023-12-31,E00055,0,0.0,0.0,2024-12-31T00:00:00Z
2024-01-31,E00055,0,0.0,0.0,2025-01-31T00:00:00Z
2024-02-29,E00055,0,0.0,0.0,2025-03-01T00:00:00Z
2024-03-31,E00055,0,0.0,0.0,2025-04-01T00:00:00Z
2024-04-30,E00055,0,0.0,0.0,2025-05-01T00:00:00Z
2024-05-31,E00055,0,0.0,0.0,2025-06-01T00:00:00Z
2024-06-30,E00055,0,0.0,0.0,2025-07-01T00:00:00Z
2024-07-31,E00055,0,0.0,0.0,2025-08-01T00:00:00Z
2024-08-31,E00055,0,0.0,0.0,2025-09-01T00:00:00Z
2024-09-30,E00055,0,0.0,0.0,2025-10-01T00:00:00Z
2024-10-31,E00055,0,0.0,0.0,2025-11-01T00:00:00Z
2024-11-30,E00055,0,0.0,0.0,2025-12-01T00:00:00Z
2024-12-31,E00055,0,0.0,0.0,2026-01-01T00:00:00Z
2025-01-31,E00055,0,0.0,0.0,2026-02-01T00:00:00Z
2025-02-28,E00055,0,0.0,0.0,2026-03-01T00:00:00Z
2025-03-31,E00055,0,0.0,0.0,2026-04-01T00:00:00Z
2025-04-30,E00055,0,0.0,0.0,2026-05-01T00:00:00Z
2025-05-31,E00055,0,0.0,0.0,2026-06-01T00:00:00Z
2025-06-30,E00055,0,0.0,0.0,2026-07-01T00:00:00Z
2023-07-31,E00056,0,0.0,0.0,2024-07-31T00:00:00Z
2023-08-31,E00056,0,0.0,0.0,2024-08-31T00:00:00Z
2023-09-30,E00056,0,0.0,0.0,2024-09-30T00:00:00Z
2023-10-31,E00056,0,0.0,0.0,2024-10-31T00:00:00Z
2023-11-30,E00056,0,0.0,0.0,2024-11-30T00:00:00Z
2023-12-31,E00056,0,0.0,0.0,2024-12-31T00:00:00Z
2024-01-31,E00056,0,0.0,0.0,2025-01-31T00:00:00Z
2024-02-29,E00056,0,0.0,0.0,2025-03-01T00:00:00Z
2024-03-31,E00056,0,0.0,0.0,2025-04-01T00:00:00Z
2024-04-30,E00056,0,0.0,0.0,2025-05-01T00:00:00Z
2024-05-31,E00056,0,0.0,0.0,2025-06-01T00:00:00Z
2024-06-30,E00056,0,0.0,0.0,2025-07-01T00:00:00Z
2024-07-31,E00056,0,0.0,0.0,2025-08-01T00:00:00Z
2024-08-31,E00056,0,0.0,0.0,2025-09-01T00:00:00Z
2024-09-30,E00056,0,0.0,0.0,2025-10-01T00:00:00Z
2024-10-31,E00056,0,0.0,0.0,2025-11-01T00:00:00Z
2024-11-30,E00056,0,0.0,0.0,2025-12-01T00:00:00Z
2024-12-31,E00056,0,0.0,0.0,2026-01-01T00:00:00Z
2025-01-31,E00056,0,0.0,0.0,2026-02-01T00:00:00Z
2025-02-28,E00056,0,0.0,0.0,2026-03-01T00:00:00Z
2025-03-31,E00056,0,0.0,0.0,2026-04-01T00:00:00Z
2025-04-30,E00056,0,0.0,0.0,2026-05-01T00:00:00Z
2025-05-31,E00056,0,0.0,0.0,2026-06-01T00:00:00Z
2025-06-30,E00056,0,0.0,0.0,2026-07-01T00:00:00Z
2023-07-31,E00057,0,0.0,0.0,2024-07-31T00:00:00Z
2023-08-31,E00057,0,0.0,0.0,2024-08-31T00:00:00Z
2023-09-30,E00057,0,0.0,0.0,2024-09-30T00:00:00Z
2023-10-31,E00057,0,0.0,0.0,2024-10-31T00:00:00Z
2023-11-30,E00057,0,0.0,0.0,2024-11-30T00:00:00Z
2023-12-31,E00057,0,0.0,0.0,2024-12-31T00:00:00Z
2024-01-31,E00057,0,0.0,0.0,2025-01-31T00:00:00Z
2024-02-29,E00057,0,0.0,0.0,2025-03-01T00:00:00Z
2024-03-31,E00057,0,0.0,0.0,2025-04-01T00:00:00Z
2024-04-30,E00057,0,0.0,0.0,2025-05-01T00:00:00Z
2024-05-31,E00057,0,0.0,0.0,2025-06-01T00:00:00Z
2024-06-30,E00057,0,0.0,0.0,2025-07-01T00:00:00Z
2024-07-31,E00057,0,0.0,0.0,2025-08-01T00:00:00Z
2024-08-31,E00057,0,0.0,0.0,2025-09-01T00:00:00Z
2024-09-30,E00057,0,0.0,0.0,2025-10-01T00:00:00Z
2024-10-31,E00057,0,0.0,0.0,2025-11-01T00:00:00Z
2024-11-30,E00057,0,0.0,0.0,2025-12-01T00:00:00Z
2024-12-31,E00057,0,0.0,0.0,2026-01-01T00:00:00Z
2025-01-31,E00057,0,0.0,0.0,2026-02-01T00:00:00Z
2025-02-28,E00057,0,0.0,0.0,2026-03-01T00:00:00Z
2025-03-31,E00057,0,0.0,0.0,2026-04-01T00:00:00Z
2025-04-30,E00057,0,0.0,0.0,2026-05-01T00:00:00Z
2025-05-31,E00057,0,0.0,0.0,2026-06-01T00:00:00Z
2025-06-30,E00057,0,0.0,0.0,2026-07-01T00:00:00Z
2023-07-31,E00058,0,0.0,0.0,2024-07-31T00:00:00Z
2023-08-31,E00058,0,0.0,0.0,2024-08-31T00:00:00Z
2023-09-30,E00058,0,0.0,0.0,2024-09-30T00:00:00Z
2023-10-31,E00058,0,0.0,0.0,2024-10-31T00:00:00Z
2023-11-30,E00058,0,0.0,0.0,2024-11-30T00:00:00Z
2023-12-31,E00058,0,0.0,0.0,2024-12-31T00:00:00Z
2024-01-31,E00058,0,0.0,0.0,2025-01-31T00:00:00Z
2024-02-29,E00058,0,0.0,0.0,2025-03-01T00:00:00Z
2024-03-31,E00058,0,0.0,0.0,2025-04-01T00:00:00Z
2024-04-30,E00058,0,0.0,0.0,2025-05-01T00:00:00Z
2024-05-31,E00058,0,0.0,0.0,2025-06-01T00:00:00Z
2024-06-30,E00058,0,0.0,0.0,2025-07-01T00:00:00Z
2024-07-31,E00058,0,0.0,0.0,2025-08-01T00:00:00Z
2024-08-31,E00058,0,0.0,0.0,2025-09-01T00:00:00Z
2024-09-30,E00058,0,0.0,0.0,2025-10-01T00:00:00Z
2024-10-31,E00058,0,0.0,0.0,2025-11-01T00:00:00Z
2024-11-30,E00058,0,0.0,0.0,2025-12-01T00:00:00Z
2024-12-31,E00058,0,0.0,0.0,2026-01-01T00:00:00Z
2025-01-31,E00058,0,0.0,0.0,2026-02-01T00:00:00Z
2025-02-28,E00058,0,0.0,0.0,2026-03-01T00:00:00Z
2025-03-31,E00058,0,0.0,0.0,2026-04-01T00:00:00Z
2025-04-30,E00058,0,0.0,0.0,2026-05-01T00:00:00Z
2025-05-31,E00058,0,0.0,0.0,2026-06-01T00:00:00Z
2025-06-30,E00058,0,0.0,0.0,2026-07-01T00:00:00Z
2023-07-31,E00059,0,0.0,0.0,2024-07-31T00:00:00Z
2023-08-31,E00059,0,0.0,0.0,2024-08-31T00:00:00Z
2023-09-30,E00059,0,0.0,0.0,2024-09-30T00:00:00Z
2023-10-31,E00059,0,0.0,0.0,2024-10-31T00:00:00Z
2023-11-30,E00059,0,0.0,0.0,2024-11-30T00:00:00Z
2023-12-31,E00059,0,0.0,0.0,2024-12-31T00:00:00Z
2024-01-31,E00059,0,0.0,0.0,2025-01-31T00:00:00Z
2024-02-29,E00059,0,0.0,0.0,2025-03-01T00:00:00Z
2024-03-31,E00059,0,0.0,0.0,2025-04-01T00:00:00Z
2024-04-30,E00059,0,0.0,0.0,2025-05-01T00:00:00Z
2024-05-31,E00059,0,0.0,0.0,2025-06-01T00:00:00Z
2024-06-30,E00059,0,0.0,0.0,2025-07-01T00:00:00Z
2024-07-31,E00059,0,0.0,0.0,2025-08-01T00:00:00Z
2024-08-31,E00059,0,0.0,0.0,2025-09-01T00:00:00Z
2024-09-30,E00059,0,0.0,0.0,2025-10-01T00:00:00Z
2024-10-31,E00059,0,0.0,0.0,2025-11-01T00:00:00Z
2024-11-30,E00059,0,0.0,0.0,2025-12-01T00:00:00Z
2024-12-31,E00059,0,0.0,0.0,2026-01-01T00:00:00Z
2025-01-31,E00059,0,0.0,0.0,2026-02-01T00:00:00Z
2025-02-28,E00059,0,0.0,0.0,2026-03-01T00:00:00Z
2025-03-31,E00059,0,0.0,0.0,2026-04-01T00:00:00Z
2025-04-30,E00059,0,0.0,0.0,2026-05-01T00:00:00Z
2025-05-31,E00059,0,0.0,0.0,2026-06-01T00:00:00Z
2025-06-30,E00059,0,0.0,0.0,2026-07-01T00:00:00Z
2023-07-31,E00060,0,0.0,0.0,2024-07-31T00:00:00Z
2023-08-31,E00060,0,0.0,0.0,2024-08-31T00:00:00Z
2023-09-30,E00060,0,0.0,0.0,2024-09-30T00:00:00Z
2023-10-31,E00060,0,0.0,0.0,2024-10-31T00:00:00Z
2023-11-30,E00060,0,0.0,0.0,2024-11-30T00:00:00Z
2023-12-31,E00060,0,0.0,0.0,2024-12-31T00:00:00Z
2024-01-31,E00060,0,0.0,0.0,2025-01-31T00:00:00Z
2024-02-29,E00060,0,0.0,0.0,2025-03-01T00:00:00Z
2024-03-31,E00060,0,0.0,0.0,2025-04-01T00:00:00Z
2024-04-30,E00060,0,0.0,0.0,2025-05-01T00:00:00Z
2024-05-31,E00060,0,0.0,0.0,2025-06-01T00:00:00Z
2024-06-30,E00060,0,0.0,0.0,2025-07-01T00:00:00Z
2024-07-31,E00060,0,0.0,0.0,2025-08-01T00:00:00Z
2024-08-31,E00060,0,0.0,0.0,2025-09-01T00:00:00Z
2024-09-30,E00060,0,0.0,0.0,2025-10-01T00:00:00Z
2024-10-31,E00060,0,0.0,0.0,2025-11-01T00:00:00Z
2024-11-30,E00060,0,0.0,0.0,2025-12-01T00:00:00Z
2024-12-31,E00060,0,0.0,0.0,2026-01-01T00:00:00Z
2025-01-31,E00060,0,0.0,0.0,2026-02-01T00:00:00Z
2025-02-28,E00060,0,0.0,0.0,2026-03-01T00:00:00Z
2025-03-31,E00060,0,0.0,0.0,2026-04-01T00:00:00Z
2025-04-30,E00060,0,0.0,0.0,2026-05-01T00:00:00Z
2025-05-31,E00060,0,0.0,0.0,2026-06-01T00:00:00Z
2025-06-30,E00060,0,0.0,0.0,2026-07-01T00:00:00Z
2023-07-31,E00061,0,0.0,0.0,2024-07-31T00:00:00Z
2023-08-31,E00061,0,0.0,0.0,2024-08-31T00:00:00Z
2023-09-30,E00061,0,0.0,0.0,2024-09-30T00:00:00Z
2023-10-31,E00061,0,0.0,0.0,2024-10-31T00:00:00Z
2023-11-30,E00061,0,0.0,0.0,2024-11-30T00:00:00Z
2023-12-31,E00061,0,0.0,0.0,2024-12-31T00:00:00Z
2024-01-31,E00061,0,0.0,0.0,2025-01-31T00:00:00Z
2024-02-29,E00061,0,0.0,0.0,2025-03-01T00:00:00Z
2024-03-31,E00061,0,0.0,0.0,2025-04-01T00:00:00Z
2024-04-30,E00061,0,0.0,0.0,2025-05-01T00:00:00Z
2024-05-31,E00061,0,0.0,0.0,2025-06-01T00:00:00Z
2024-06-30,E00061,0,0.0,0.0,2025-07-01T00:00:00Z
2024-07-31,E00061,0,0.0,0.0,2025-08-01T00:00:00Z
2024-08-31,E00061,0,0.0,0.0,2025-09-01T00:00:00Z
2024-09-30,E00061,0,0.0,0.0,2025-10-01T00:00:00Z
2024-10-31,E00061,0,0.0,0.0,2025-11-01T00:00:00Z
2024-11-30,E00061,0,0.0,0.0,2025-12-01T00:00:00Z
2024-12-31,E00061,0,0.0,0.0,2026-01-01T00:00:00Z
2025-01-31,E00061,0,0.0,0.0,2026-02-01T00:00:00Z
2025-02-28,E00061,0,0.0,0.0,2026-03-01T00:00:00Z
2025-03-31,E00061,0,0.0,0.0,2026-04-01T00:00:00Z
2025-04-30,E00061,0,0.0,0.0,2026-05-01T00:00:00Z
2025-05-31,E00061,0,0.0,0.0,2026-06-01T00:00:00Z
2025-06-30,E00061,0,0.0,0.0,2026-07-01T00:00:00Z
2023-07-31,E00062,0,0.0,0.0,2024-07-31T00:00:00Z
2023-08-31,E00062,0,0.0,0.0,2024-08-31T00:00:00Z
2023-09-30,E00062,0,0.0,0.0,2024-09-30T00:00:00Z
2023-10-31,E00062,0,0.0,0.0,2024-10-31T00:00:00Z
2023-11-30,E00062,0,0.0,0.0,2024-11-30T00:00:00Z
2023-12-31,E00062,0,0.0,0.0,2024-12-31T00:00:00Z
2024-01-31,E00062,0,0.0,0.0,2025-01-31T00:00:00Z
2024-02-29,E00062,0,0.0,0.0,2025-03-01T00:00:00Z
2024-03-31,E00062,0,0.0,0.0,2025-04-01T00:00:00Z
2024-04-30,E00062,0,0.0,0.0,2025-05-01T00:00:00Z
2024-05-31,E00062,0,0.0,0.0,2025-06-01T00:00:00Z
2024-06-30,E00062,0,0.0,0.0,2025-07-01T00:00:00Z
2024-07-31,E00062,0,0.0,0.0,2025-08-01T00:00:00Z
2024-08-31,E00062,0,0.0,0.0,2025-09-01T00:00:00Z
2024-09-30,E00062,0,0.0,0.0,2025-10-01T00:00:00Z
2024-10-31,E00062,0,0.0,0.0,2025-11-01T00:00:00Z
2024-11-30,E00062,0,0.0,0.0,2025-12-01T00:00:00Z
2024-12-31,E00062,0,0.0,0.0,2026-01-01T00:00:00Z
2025-01-31,E00062,0,0.0,0.0,2026-02-01T00:00:00Z
2025-02-28,E00062,0,0.0,0.0,2026-03-01T00:00:00Z
2025-03-31,E00062,0,0.0,0.0,2026-04-01T00:00:00Z
2025-04-30,E00062,0,0.0,0.0,2026-05-01T00:00:00Z
2025-05-31,E00062,0,0.0,0.0,2026-06-01T00:00:00Z
2025-06-30,E00062,0,0.0,0.0,2026-07-01T00:00:00Z
2023-07-31,E00063,0,0.0,0.0,2024-07-31T00:00:00Z
2023-08-31,E00063,0,0.0,0.0,2024-08-31T00:00:00Z
2023-09-30,E00063,0,0.0,0.0,2024-09-30T00:00:00Z
2023-10-31,E00063,0,0.0,0.0,2024-10-31T00:00:00Z
2023-11-30,E00063,0,0.0,0.0,2024-11-30T00:00:00Z
2023-12-31,E00063,0,0.0,0.0,2024-12-31T00:00:00Z
2024-01-31,E00063,0,0.0,0.0,2025-01-31T00:00:00Z
2024-02-29,E00063,0,0.0,0.0,2025-03-01T00:00:00Z
2024-03-31,E00063,0,0.0,0.0,2025-04-01T00:00:00Z
2024-04-30,E00063,0,0.0,0.0,2025-05-01T00:00:00Z
2024-05-31,E00063,0,0.0,0.0,2025-06-01T00:00:00Z
2024-06-30,E00063,0,0.0,0.0,2025-07-01T00:00:00Z
2024-07-31,E00063,0,0.0,0.0,2025-08-01T00:00:00Z
2024-08-31,E00063,0,0.0,0.0,2025-09-01T00:00:00Z
2024-09-30,E00063,0,0.0,0.0,2025-10-01T00:00:00Z
2024-10-31,E00063,0,0.0,0.0,2025-11-01T00:00:00Z
2024-11-30,E00063,0,0.0,0.0,2025-12-01T00:00:00Z
2024-12-31,E00063,0,0.0,0.0,2026-01-01T00:00:00Z
2025-01-31,E00063,0,0.0,0.0,2026-02-01T00:00:00Z
2025-02-28,E00063,0,0.0,0.0,2026-03-01T00:00:00Z
2025-03-31,E00063,0,0.0,0.0,2026-04-01T00:00:00Z
2025-04-30,E00063,0,0.0,0.0,2026-05-01T00:00:00Z
2025-05-31,E00063,0,0.0,0.0,2026-06-01T00:00:00Z
2025-06-30,E00063,0,0.0,0.0,2026-07-01T00:00:00Z
2023-07-31,E00064,0,0.0,0.0,2024-07-31T00:00:00Z
2023-08-31,E00064,0,0.0,0.0,2024-08-31T00:00:00Z
2023-09-30,E00064,0,0.0,0.0,2024-09-30T00:00:00Z
2023-10-31,E00064,0,0.0,0.0,2024-10-31T00:00:00Z
2023-11-30,E00064,0,0.0,0.0,2024-11-30T00:00:00Z
2023-12-31,E00064,0,0.0,0.0,2024-12-31T00:00:00Z
2024-01-31,E00064,0,0.0,0.0,2025-01-31T00:00:00Z
2024-02-29,E00064,0,0.0,0.0,2025-03-01T00:00:00Z
2024-03-31,E00064,0,0.0,0.0,2025-04-01T00:00:00Z
2024-04-30,E00064,0,0.0,0.0,2025-05-01T00:00:00Z
2024-05-31,E00064,0,0.0,0.0,2025-06-01T00:00:00Z
2024-06-30,E00064,0,0.0,0.0,2025-07-01T00:00:00Z
2024-07-31,E00064,0,0.0,0.0,2025-08-01T00:00:00Z
2024-08-31,E00064,0,0.0,0.0,2025-09-01T00:00:00Z
2024-09-30,E00064,0,0.0,0.0,2025-10-01T00:00:00Z
2024-10-31,E00064,0,0.0,0.0,2025-11-01T00:00:00Z
2024-11-30,E00064,0,0.0,0.0,2025-12-01T00:00:00Z
2024-12-31,E00064,0,0.0,0.0,2026-01-01T00:00:00Z
2025-01-31,E00064,0,0.0,0.0,2026-02-01T00:00:00Z
2025-02-28,E00064,0,0.0,0.0,2026-03-01T00:00:00Z
2025-03-31,E00064,0,0.0,0.0,2026-04-01T00:00:00Z
2025-04-30,E00064,0,0.0,0.0,2026-05-01T00:00:00Z
2025-05-31,E00064,0,0.0,0.0,2026-06-01T00:00:00Z
2025-06-30,E00064,0,0.0,0.0,2026-07-01T00:00:00Z
2023-07-31,E00065,0,0.0,0.0,2024-07-31T00:00:00Z
2023-08-31,E00065,0,0.0,0.0,2024-08-31T00:00:00Z
2023-09-30,E00065,0,0.0,0.0,2024-09-30T00:00:00Z
2023-10-31,E00065,0,0.0,0.0,2024-10-31T00:00:00Z
2023-11-30,E00065,0,0.0,0.0,2024-11-30T00:00:00Z
2023-12-31,E00065,0,0.0,0.0,2024-12-31T00:00:00Z
2024-01-31,E00065,0,0.0,0.0,2025-01-31T00:00:00Z
2024-02-29,E00065,0,0.0,0.0,2025-03-01T00:00:00Z
2024-03-31,E00065,0,0.0,0.0,2025-04-01T00:00:00Z
2024-04-30,E00065,0,0.0,0.0,2025-05-01T00:00:00Z
2024-05-31,E00065,0,0.0,0.0,2025-06-01T00:00:00Z
2024-06-30,E00065,0,0.0,0.0,2025-07-01T00:00:00Z
2024-07-31,E00065,0,0.0,0.0,2025-08-01T00:00:00Z
2024-08-31,E00065,0,0.0,0.0,2025-09-01T00:00:00Z
2024-09-30,E00065,0,0.0,0.0,2025-10-01T00:00:00Z
2024-10-31,E00065,0,0.0,0.0,2025-11-01T00:00:00Z
2024-11-30,E00065,0,0.0,0.0,2025-12-01T00:00:00Z
2024-12-31,E00065,0,0.0,0.0,2026-01-01T00:00:00Z
2025-01-31,E00065,0,0.0,0.0,2026-02-01T00:00:00Z
2025-02-28,E00065,0,0.0,0.0,2026-03-01T00:00:00Z
2025-03-31,E00065,0,0.0,0.0,2026-04-01T00:00:00Z
2025-04-30,E00065,0,0.0,0.0,2026-05-01T00:00:00Z
2025-05-31,E00065,0,0.0,0.0,2026-06-01T00:00:00Z
2025-06-30,E00065,0,0.0,0.0,2026-07-01T00:00:00Z
2023-07-31,E00066,0,0.0,0.0,2024-07-31T00:00:00Z
2023-08-31,E00066,0,0.0,0.0,2024-08-31T00:00:00Z
2023-09-30,E00066,0,0.0,0.0,2024-09-30T00:00:00Z
2023-10-31,E00066,0,0.0,0.0,2024-10-31T00:00:00Z
2023-11-30,E00066,0,0.0,0.0,2024-11-30T00:00:00Z
2023-12-31,E00066,0,0.0,0.0,2024-12-31T00:00:00Z
2024-01-31,E00066,0,0.0,0.0,2025-01-31T00:00:00Z
2024-02-29,E00066,0,0.0,0.0,2025-03-01T00:00:00Z
2024-03-31,E00066,0,0.0,0.0,2025-04-01T00:00:00Z
2024-04-30,E00066,0,0.0,0.0,2025-05-01T00:00:00Z
2024-05-31,E00066,0,0.0,0.0,2025-06-01T00:00:00Z
2024-06-30,E00066,0,0.0,0.0,2025-07-01T00:00:00Z
2024-07-31,E00066,0,0.0,0.0,2025-08-01T00:00:00Z
2024-08-31,E00066,0,0.0,0.0,2025-09-01T00:00:00Z
2024-09-30,E00066,0,0.0,0.0,2025-10-01T00:00:00Z
2024-10-31,E00066,0,0.0,0.0,2025-11-01T00:00:00Z
2024-11-30,E00066,0,0.0,0.0,2025-12-01T00:00:00Z
2024-12-31,E00066,0,0.0,0.0,2026-01-01T00:00:00Z
2025-01-31,E00066,0,0.0,0.0,2026-02-01T00:00:00Z
2025-02-28,E00066,0,0.0,0.0,2026-03-01T00:00:00Z
2025-03-31,E00066,0,0.0,0.0,2026-04-01T00:00:00Z
2025-04-30,E00066,0,0.0,0.0,2026-05-01T00:00:00Z
2025-05-31,E00066,0,0.0,0.0,2026-06-01T00:00:00Z
2025-06-30,E00066,0,0.0,0.0,2026-07-01T00:00:00Z
2023-07-31,E00067,1,0.2975,63686.97,2024-07-31T00:00:00Z
2023-08-31,E00067,1,0.3537,75717.85,2024-08-31T00:00:00Z
2023-09-30,E00067,1,0.3073,65780.83,2024-09-30T00:00:00Z
2023-10-31,E00067,1,0.288,61658.77,2024-10-31T00:00:00Z
2023-11-30,E00067,1,0.4268,91367.23,2024-11-30T00:00:00Z
2023-12-31,E00067,1,0.2931,62731.63,2024-12-31T00:00:00Z
2024-01-31,E00067,1,0.293,62718.82,2025-01-31T00:00:00Z
2024-02-29,E00067,1,0.2674,57244.01,2025-03-01T00:00:00Z
2024-03-31,E00067,0,0.0,0.0,2025-04-01T00:00:00Z
2024-04-30,E00067,0,0.0,0.0,2025-05-01T00:00:00Z
2024-05-31,E00067,0,0.0,0.0,2025-06-01T00:00:00Z
2024-06-30,E00067,0,0.0,0.0,2025-07-01T00:00:00Z
2024-07-31,E00067,0,0.0,0.0,2025-08-01T00:00:00Z
2024-08-31,E00067,0,0.0,0.0,2025-09-01T00:00:00Z
2024-09-30,E00067,0,0.0,0.0,2025-10-01T00:00:00Z
2024-10-31,E00067,0,0.0,0.0,2025-11-01T00:00:00Z
2024-11-30,E00067,0,0.0,0.0,2025-12-01T00:00:00Z
2024-12-31,E00067,0,0.0,0.0,2026-01-01T00:00:00Z
2025-01-31,E00067,0,0.0,0.0,2026-02-01T00:00:00Z
2025-02-28,E00067,0,0.0,0.0,2026-03-01T00:00:00Z
2025-03-31,E00067,0,0.0,0.0,2026-04-01T00:00:00Z
2025-04-30,E00067,0,0.0,0.0,2026-05-01T00:00:00Z
2025-05-31,E00067,0,0.0,0.0,2026-06-01T00:00:00Z
2025-06-30,E00067,0,0.0,0.0,2026-07-01T00:00:00Z
2023-07-31,E00068,0,0.0,0.0,2024-07-31T00:00:00Z
2023-08-31,E00068,0,0.0,0.0,2024-08-31T00:00:00Z
2023-09-30,E00068,0,0.0,0.0,2024-09-30T00:00:00Z
2023-10-31,E00068,0,0.0,0.0,2024-10-31T00:00:00Z
2023-11-30,E00068,0,0.0,0.0,2024-11-30T00:00:00Z
2023-12-31,E00068,0,0.0,0.0,2024-12-31T00:00:00Z
2024-01-31,E00068,0,0.0,0.0,2025-01-31T00:00:00Z
2024-02-29,E00068,0,0.0,0.0,2025-03-01T00:00:00Z
2024-03-31,E00068,0,0.0,0.0,2025-04-01T00:00:00Z
2024-04-30,E00068,0,0.0,0.0,2025-05-01T00:00:00Z
2024-05-31,E00068,0,0.0,0.0,2025-06-01T00:00:00Z
2024-06-30,E00068,0,0.0,0.0,2025-07-01T00:00:00Z
2024-07-31,E00068,0,0.0,0.0,2025-08-01T00:00:00Z
2024-08-31,E00068,0,0.0,0.0,2025-09-01T00:00:00Z
2024-09-30,E00068,0,0.0,0.0,2025-10-01T00:00:00Z
2024-10-31,E00068,0,0.0,0.0,2025-11-01T00:00:00Z
2024-11-30,E00068,0,0.0,0.0,2025-12-01T00:00:00Z
2024-12-31,E00068,0,0.0,0.0,2026-01-01T00:00:00Z
2025-01-31,E00068,0,0.0,0.0,2026-02-01T00:00:00Z
2025-02-28,E00068,0,0.0,0.0,2026-03-01T00:00:00Z
2025-03-31,E00068,0,0.0,0.0,2026-04-01T00:00:00Z
2025-04-30,E00068,0,0.0,0.0,2026-05-01T00:00:00Z
2025-05-31,E00068,0,0.0,0.0,2026-06-01T00:00:00Z
2025-06-30,E00068,0,0.0,0.0,2026-07-01T00:00:00Z
2023-07-31,E00069,0,0.0,0.0,2024-07-31T00:00:00Z
2023-08-31,E00069,0,0.0,0.0,2024-08-31T00:00:00Z
2023-09-30,E00069,0,0.0,0.0,2024-09-30T00:00:00Z
2023-10-31,E00069,0,0.0,0.0,2024-10-31T00:00:00Z
2023-11-30,E00069,0,0.0,0.0,2024-11-30T00:00:00Z
2023-12-31,E00069,0,0.0,0.0,2024-12-31T00:00:00Z
2024-01-31,E00069,0,0.0,0.0,2025-01-31T00:00:00Z
2024-02-29,E00069,0,0.0,0.0,2025-03-01T00:00:00Z
2024-03-31,E00069,0,0.0,0.0,2025-04-01T00:00:00Z
2024-04-30,E00069,0,0.0,0.0,2025-05-01T00:00:00Z
2024-05-31,E00069,0,0.0,0.0,2025-06-01T00:00:00Z
2024-06-30,E00069,0,0.0,0.0,2025-07-01T00:00:00Z
2024-07-31,E00069,0,0.0,0.0,2025-08-01T00:00:00Z
2024-08-31,E00069,0,0.0,0.0,2025-09-01T00:00:00Z
2024-09-30,E00069,0,0.0,0.0,2025-10-01T00:00:00Z
2024-10-31,E00069,0,0.0,0.0,2025-11-01T00:00:00Z
2024-11-30,E00069,0,0.0,0.0,2025-12-01T00:00:00Z
2024-12-31,E00069,0,0.0,0.0,2026-01-01T00:00:00Z
2025-01-31,E00069,0,0.0,0.0,2026-02-01T00:00:00Z
2025-02-28,E00069,0,0.0,0.0,2026-03-01T00:00:00Z
2025-03-31,E00069,0,0.0,0.0,2026-04-01T00:00:00Z
2025-04-30,E00069,0,0.0,0.0,2026-05-01T00:00:00Z
2025-05-31,E00069,0,0.0,0.0,2026-06-01T00:00:00Z
2025-06-30,E00069,0,0.0,0.0,2026-07-01T00:00:00Z
2023-07-31,E00070,0,0.0,0.0,2024-07-31T00:00:00Z
2023-08-31,E00070,0,0.0,0.0,2024-08-31T00:00:00Z
2023-09-30,E00070,0,0.0,0.0,2024-09-30T00:00:00Z
2023-10-31,E00070,0,0.0,0.0,2024-10-31T00:00:00Z
2023-11-30,E00070,0,0.0,0.0,2024-11-30T00:00:00Z
2023-12-31,E00070,0,0.0,0.0,2024-12-31T00:00:00Z
2024-01-31,E00070,0,0.0,0.0,2025-01-31T00:00:00Z
2024-02-29,E00070,0,0.0,0.0,2025-03-01T00:00:00Z
2024-03-31,E00070,0,0.0,0.0,2025-04-01T00:00:00Z
2024-04-30,E00070,0,0.0,0.0,2025-05-01T00:00:00Z
2024-05-31,E00070,0,0.0,0.0,2025-06-01T00:00:00Z
2024-06-30,E00070,0,0.0,0.0,2025-07-01T00:00:00Z
2024-07-31,E00070,0,0.0,0.0,2025-08-01T00:00:00Z
2024-08-31,E00070,0,0.0,0.0,2025-09-01T00:00:00Z
2024-09-30,E00070,0,0.0,0.0,2025-10-01T00:00:00Z
2024-10-31,E00070,0,0.0,0.0,2025-11-01T00:00:00Z
2024-11-30,E00070,0,0.0,0.0,2025-12-01T00:00:00Z
2024-12-31,E00070,0,0.0,0.0,2026-01-01T00:00:00Z
2025-01-31,E00070,0,0.0,0.0,2026-02-01T00:00:00Z
2025-02-28,E00070,0,0.0,0.0,2026-03-01T00:00:00Z
2025-03-31,E00070,0,0.0,0.0,2026-04-01T00:00:00Z
2025-04-30,E00070,0,0.0,0.0,2026-05-01T00:00:00Z
2025-05-31,E00070,0,0.0,0.0,2026-06-01T00:00:00Z
2025-06-30,E00070,0,0.0,0.0,2026-07-01T00:00:00Z
2023-07-31,E00071,0,0.0,0.0,2024-07-31T00:00:00Z
2023-08-31,E00071,0,0.0,0.0,2024-08-31T00:00:00Z
2023-09-30,E00071,0,0.0,0.0,2024-09-30T00:00:00Z
2023-10-31,E00071,0,0.0,0.0,2024-10-31T00:00:00Z
2023-11-30,E00071,0,0.0,0.0,2024-11-30T00:00:00Z
2023-12-31,E00071,0,0.0,0.0,2024-12-31T00:00:00Z
2024-01-31,E00071,0,0.0,0.0,2025-01-31T00:00:00Z
2024-02-29,E00071,0,0.0,0.0,2025-03-01T00:00:00Z
2024-03-31,E00071,0,0.0,0.0,2025-04-01T00:00:00Z
2024-04-30,E00071,0,0.0,0.0,2025-05-01T00:00:00Z
2024-05-31,E00071,0,0.0,0.0,2025-06-01T00:00:00Z
2024-06-30,E00071,0,0.0,0.0,2025-07-01T00:00:00Z
2024-07-31,E00071,0,0.0,0.0,2025-08-01T00:00:00Z
2024-08-31,E00071,0,0.0,0.0,2025-09-01T00:00:00Z
2024-09-30,E00071,0,0.0,0.0,2025-10-01T00:00:00Z
2024-10-31,E00071,0,0.0,0.0,2025-11-01T00:00:00Z
2024-11-30,E00071,0,0.0,0.0,2025-12-01T00:00:00Z
2024-12-31,E00071,0,0.0,0.0,2026-01-01T00:00:00Z
2025-01-31,E00071,0,0.0,0.0,2026-02-01T00:00:00Z
2025-02-28,E00071,0,0.0,0.0,2026-03-01T00:00:00Z
2025-03-31,E00071,0,0.0,0.0,2026-04-01T00:00:00Z
2025-04-30,E00071,0,0.0,0.0,2026-05-01T00:00:00Z
2025-05-31,E00071,0,0.0,0.0,2026-06-01T00:00:00Z
2025-06-30,E00071,0,0.0,0.0,2026-07-01T00:00:00Z
2023-07-31,E00072,0,0.0,0.0,2024-07-31T00:00:00Z
2023-08-31,E00072,0,0.0,0.0,2024-08-31T00:00:00Z
2023-09-30,E00072,0,0.0,0.0,2024-09-30T00:00:00Z
2023-10-31,E00072,0,0.0,0.0,2024-10-31T00:00:00Z
2023-11-30,E00072,0,0.0,0.0,2024-11-30T00:00:00Z
2023-12-31,E00072,0,0.0,0.0,2024-12-31T00:00:00Z
2024-01-31,E00072,0,0.0,0.0,2025-01-31T00:00:00Z
2024-02-29,E00072,0,0.0,0.0,2025-03-01T00:00:00Z
2024-03-31,E00072,0,0.0,0.0,2025-04-01T00:00:00Z
2024-04-30,E00072,0,0.0,0.0,2025-05-01T00:00:00Z
2024-05-31,E00072,0,0.0,0.0,2025-06-01T00:00:00Z
2024-06-30,E00072,0,0.0,0.0,2025-07-01T00:00:00Z
2024-07-31,E00072,0,0.0,0.0,2025-08-01T00:00:00Z
2024-08-31,E00072,0,0.0,0.0,2025-09-01T00:00:00Z
2024-09-30,E00072,0,0.0,0.0,2025-10-01T00:00:00Z
2024-10-31,E00072,0,0.0,0.0,2025-11-01T00:00:00Z
2024-11-30,E00072,0,0.0,0.0,2025-12-01T00:00:00Z
2024-12-31,E00072,0,0.0,0.0,2026-01-01T00:00:00Z
2025-01-31,E00072,0,0.0,0.0,2026-02-01T00:00:00Z
2025-02-28,E00072,0,0.0,0.0,2026-03-01T00:00:00Z
2025-03-31,E00072,0,0.0,0.0,2026-04-01T00:00:00Z
2025-04-30,E00072,0,0.0,0.0,2026-05-01T00:00:00Z
2025-05-31,E00072,0,0.0,0.0,2026-06-01T00:00:00Z
2025-06-30,E00072,0,0.0,0.0,2026-07-01T00:00:00Z
2023-07-31,E00073,0,0.0,0.0,2024-07-31T00:00:00Z
2023-08-31,E00073,0,0.0,0.0,2024-08-31T00:00:00Z
2023-09-30,E00073,0,0.0,0.0,2024-09-30T00:00:00Z
2023-10-31,E00073,0,0.0,0.0,2024-10-31T00:00:00Z
2023-11-30,E00073,0,0.0,0.0,2024-11-30T00:00:00Z
2023-12-31,E00073,0,0.0,0.0,2024-12-31T00:00:00Z
2024-01-31,E00073,0,0.0,0.0,2025-01-31T00:00:00Z
2024-02-29,E00073,0,0.0,0.0,2025-03-01T00:00:00Z
2024-03-31,E00073,0,0.0,0.0,2025-04-01T00:00:00Z
2024-04-30,E00073,0,0.0,0.0,2025-05-01T00:00:00Z
2024-05-31,E00073,0,0.0,0.0,2025-06-01T00:00:00Z
2024-06-30,E00073,0,0.0,0.0,2025-07-01T00:00:00Z
2024-07-31,E00073,0,0.0,0.0,2025-08-01T00:00:00Z
2024-08-31,E00073,0,0.0,0.0,2025-09-01T00:00:00Z
2024-09-30,E00073,0,0.0,0.0,2025-10-01T00:00:00Z
2024-10-31,E00073,0,0.0,0.0,2025-11-01T00:00:00Z
2024-11-30,E00073,0,0.0,0.0,2025-12-01T00:00:00Z
2024-12-31,E00073,0,0.0,0.0,2026-01-01T00:00:00Z
2025-01-31,E00073,0,0.0,0.0,2026-02-01T00:00:00Z
2025-02-28,E00073,0,0.0,0.0,2026-03-01T00:00:00Z
2025-03-31,E00073,0,0.0,0.0,2026-04-01T00:00:00Z
2025-04-30,E00073,0,0.0,0.0,2026-05-01T00:00:00Z
2025-05-31,E00073,1,0.183,37735.25,2026-06-01T00:00:00Z
2025-06-30,E00073,1,0.3926,80971.68,2026-07-01T00:00:00Z
2023-07-31,E00074,0,0.0,0.0,2024-07-31T00:00:00Z
2023-08-31,E00074,0,0.0,0.0,2024-08-31T00:00:00Z
2023-09-30,E00074,0,0.0,0.0,2024-09-30T00:00:00Z
2023-10-31,E00074,0,0.0,0.0,2024-10-31T00:00:00Z
2023-11-30,E00074,0,0.0,0.0,2024-11-30T00:00:00Z
2023-12-31,E00074,0,0.0,0.0,2024-12-31T00:00:00Z
2024-01-31,E00074,0,0.0,0.0,2025-01-31T00:00:00Z
2024-02-29,E00074,0,0.0,0.0,2025-03-01T00:00:00Z
2024-03-31,E00074,0,0.0,0.0,2025-04-01T00:00:00Z
2024-04-30,E00074,0,0.0,0.0,2025-05-01T00:00:00Z
2024-05-31,E00074,0,0.0,0.0,2025-06-01T00:00:00Z
2024-06-30,E00074,0,0.0,0.0,2025-07-01T00:00:00Z
2024-07-31,E00074,0,0.0,0.0,2025-08-01T00:00:00Z
2024-08-31,E00074,0,0.0,0.0,2025-09-01T00:00:00Z
2024-09-30,E00074,0,0.0,0.0,2025-10-01T00:00:00Z
2024-10-31,E00074,0,0.0,0.0,2025-11-01T00:00:00Z
2024-11-30,E00074,0,0.0,0.0,2025-12-01T00:00:00Z
2024-12-31,E00074,0,0.0,0.0,2026-01-01T00:00:00Z
2025-01-31,E00074,0,0.0,0.0,2026-02-01T00:00:00Z
2025-02-28,E00074,0,0.0,0.0,2026-03-01T00:00:00Z
2025-03-31,E00074,0,0.0,0.0,2026-04-01T00:00:00Z
2025-04-30,E00074,0,0.0,0.0,2026-05-01T00:00:00Z
2025-05-31,E00074,0,0.0,0.0,2026-06-01T00:00:00Z
2025-06-30,E00074,0,0.0,0.0,2026-07-01T00:00:00Z
2023-07-31,E00075,0,0.0,0.0,2024-07-31T00:00:00Z
2023-08-31,E00075,0,0.0,0.0,2024-08-31T00:00:00Z
2023-09-30,E00075,0,0.0,0.0,2024-09-30T00:00:00Z
2023-10-31,E00075,0,0.0,0.0,2024-10-31T00:00:00Z
2023-11-30,E00075,0,0.0,0.0,2024-11-30T00:00:00Z
2023-12-31,E00075,0,0.0,0.0,2024-12-31T00:00:00Z
2024-01-31,E00075,0,0.0,0.0,2025-01-31T00:00:00Z
2024-02-29,E00075,0,0.0,0.0,2025-03-01T00:00:00Z
2024-03-31,E00075,0,0.0,0.0,2025-04-01T00:00:00Z
2024-04-30,E00075,0,0.0,0.0,2025-05-01T00:00:00Z
2024-05-31,E00075,0,0.0,0.0,2025-06-01T00:00:00Z
2024-06-30,E00075,0,0.0,0.0,2025-07-01T00:00:00Z
2024-07-31,E00075,0,0.0,0.0,2025-08-01T00:00:00Z
2024-08-31,E00075,0,0.0,0.0,2025-09-01T00:00:00Z
2024-09-30,E00075,0,0.0,0.0,2025-10-01T00:00:00Z
2024-10-31,E00075,0,0.0,0.0,2025-11-01T00:00:00Z
2024-11-30,E00075,0,0.0,0.0,2025-12-01T00:00:00Z
2024-12-31,E00075,0,0.0,0.0,2026-01-01T00:00:00Z
2025-01-31,E00075,0,0.0,0.0,2026-02-01T00:00:00Z
2025-02-28,E00075,0,0.0,0.0,2026-03-01T00:00:00Z
2025-03-31,E00075,0,0.0,0.0,2026-04-01T00:00:00Z
2025-04-30,E00075,0,0.0,0.0,2026-05-01T00:00:00Z
2025-05-31,E00075,0,0.0,0.0,2026-06-01T00:00:00Z
2025-06-30,E00075,0,0.0,0.0,2026-07-01T00:00:00Z
2023-07-31,E00076,0,0.0,0.0,2024-07-31T00:00:00Z
2023-08-31,E00076,0,0.0,0.0,2024-08-31T00:00:00Z
2023-09-30,E00076,0,0.0,0.0,2024-09-30T00:00:00Z
2023-10-31,E00076,0,0.0,0.0,2024-10-31T00:00:00Z
2023-11-30,E00076,0,0.0,0.0,2024-11-30T00:00:00Z
2023-12-31,E00076,0,0.0,0.0,2024-12-31T00:00:00Z
2024-01-31,E00076,0,0.0,0.0,2025-01-31T00:00:00Z
2024-02-29,E00076,0,0.0,0.0,2025-03-01T00:00:00Z
2024-03-31,E00076,0,0.0,0.0,2025-04-01T00:00:00Z
2024-04-30,E00076,0,0.0,0.0,2025-05-01T00:00:00Z
2024-05-31,E00076,0,0.0,0.0,2025-06-01T00:00:00Z
2024-06-30,E00076,0,0.0,0.0,2025-07-01T00:00:00Z
2024-07-31,E00076,0,0.0,0.0,2025-08-01T00:00:00Z
2024-08-31,E00076,0,0.0,0.0,2025-09-01T00:00:00Z
2024-09-30,E00076,0,0.0,0.0,2025-10-01T00:00:00Z
2024-10-31,E00076,0,0.0,0.0,2025-11-01T00:00:00Z
2024-11-30,E00076,0,0.0,0.0,2025-12-01T00:00:00Z
2024-12-31,E00076,0,0.0,0.0,2026-01-01T00:00:00Z
2025-01-31,E00076,0,0.0,0.0,2026-02-01T00:00:00Z
2025-02-28,E00076,0,0.0,0.0,2026-03-01T00:00:00Z
2025-03-31,E00076,0,0.0,0.0,2026-04-01T00:00:00Z
2025-04-30,E00076,0,0.0,0.0,2026-05-01T00:00:00Z
2025-05-31,E00076,0,0.0,0.0,2026-06-01T00:00:00Z
2025-06-30,E00076,0,0.0,0.0,2026-07-01T00:00:00Z
2023-07-31,E00077,0,0.0,0.0,2024-07-31T00:00:00Z
2023-08-31,E00077,0,0.0,0.0,2024-08-31T00:00:00Z
2023-09-30,E00077,0,0.0,0.0,2024-09-30T00:00:00Z
2023-10-31,E00077,0,0.0,0.0,2024-10-31T00:00:00Z
2023-11-30,E00077,0,0.0,0.0,2024-11-30T00:00:00Z
2023-12-31,E00077,0,0.0,0.0,2024-12-31T00:00:00Z
2024-01-31,E00077,0,0.0,0.0,2025-01-31T00:00:00Z
2024-02-29,E00077,0,0.0,0.0,2025-03-01T00:00:00Z
2024-03-31,E00077,0,0.0,0.0,2025-04-01T00:00:00Z
2024-04-30,E00077,0,0.0,0.0,2025-05-01T00:00:00Z
2024-05-31,E00077,0,0.0,0.0,2025-06-01T00:00:00Z
2024-06-30,E00077,0,0.0,0.0,2025-07-01T00:00:00Z
2024-07-31,E00077,0,0.0,0.0,2025-08-01T00:00:00Z
2024-08-31,E00077,0,0.0,0.0,2025-09-01T00:00:00Z
2024-09-30,E00077,0,0.0,0.0,2025-10-01T00:00:00Z
2024-10-31,E00077,0,0.0,0.0,2025-11-01T00:00:00Z
2024-11-30,E00077,0,0.0,0.0,2025-12-01T00:00:00Z
2024-12-31,E00077,0,0.0,0.0,2026-01-01T00:00:00Z
2025-01-31,E00077,0,0.0,0.0,2026-02-01T00:00:00Z
2025-02-28,E00077,0,0.0,0.0,2026-03-01T00:00:00Z
2025-03-31,E00077,0,0.0,0.0,2026-04-01T00:00:00Z
2025-04-30,E00077,0,0.0,0.0,2026-05-01T00:00:00Z
2025-05-31,E00077,0,0.0,0.0,2026-06-01T00:00:00Z
2025-06-30,E00077,0,0.0,0.0,2026-07-01T00:00:00Z
2023-07-31,E00078,0,0.0,0.0,2024-07-31T00:00:00Z
2023-08-31,E00078,0,0.0,0.0,2024-08-31T00:00:00Z
2023-09-30,E00078,0,0.0,0.0,2024-09-30T00:00:00Z
2023-10-31,E00078,0,0.0,0.0,2024-10-31T00:00:00Z
2023-11-30,E00078,0,0.0,0.0,2024-11-30T00:00:00Z
2023-12-31,E00078,0,0.0,0.0,2024-12-31T00:00:00Z
2024-01-31,E00078,0,0.0,0.0,2025-01-31T00:00:00Z
2024-02-29,E00078,0,0.0,0.0,2025-03-01T00:00:00Z
2024-03-31,E00078,0,0.0,0.0,2025-04-01T00:00:00Z
2024-04-30,E00078,0,0.0,0.0,2025-05-01T00:00:00Z
2024-05-31,E00078,0,0.0,0.0,2025-06-01T00:00:00Z
2024-06-30,E00078,0,0.0,0.0,2025-07-01T00:00:00Z
2024-07-31,E00078,0,0.0,0.0,2025-08-01T00:00:00Z
2024-08-31,E00078,0,0.0,0.0,2025-09-01T00:00:00Z
2024-09-30,E00078,0,0.0,0.0,2025-10-01T00:00:00Z
2024-10-31,E00078,0,0.0,0.0,2025-11-01T00:00:00Z
2024-11-30,E00078,0,0.0,0.0,2025-12-01T00:00:00Z
2024-12-31,E00078,0,0.0,0.0,2026-01-01T00:00:00Z
2025-01-31,E00078,0,0.0,0.0,2026-02-01T00:00:00Z
2025-02-28,E00078,0,0.0,0.0,2026-03-01T00:00:00Z
2025-03-31,E00078,0,0.0,0.0,2026-04-01T00:00:00Z
2025-04-30,E00078,0,0.0,0.0,2026-05-01T00:00:00Z
2025-05-31,E00078,0,0.0,0.0,2026-06-01T00:00:00Z
2025-06-30,E00078,0,0.0,0.0,2026-07-01T00:00:00Z
2023-07-31,E00079,0,0.0,0.0,2024-07-31T00:00:00Z
2023-08-31,E00079,0,0.0,0.0,2024-08-31T00:00:00Z
2023-09-30,E00079,0,0.0,0.0,2024-09-30T00:00:00Z
2023-10-31,E00079,0,0.0,0.0,2024-10-31T00:00:00Z
2023-11-30,E00079,0,0.0,0.0,2024-11-30T00:00:00Z
2023-12-31,E00079,0,0.0,0.0,2024-12-31T00:00:00Z
2024-01-31,E00079,0,0.0,0.0,2025-01-31T00:00:00Z
2024-02-29,E00079,0,0.0,0.0,2025-03-01T00:00:00Z
2024-03-31,E00079,0,0.0,0.0,2025-04-01T00:00:00Z
2024-04-30,E00079,0,0.0,0.0,2025-05-01T00:00:00Z
2024-05-31,E00079,0,0.0,0.0,2025-06-01T00:00:00Z
2024-06-30,E00079,0,0.0,0.0,2025-07-01T00:00:00Z
2024-07-31,E00079,0,0.0,0.0,2025-08-01T00:00:00Z
2024-08-31,E00079,0,0.0,0.0,2025-09-01T00:00:00Z
2024-09-30,E00079,0,0.0,0.0,2025-10-01T00:00:00Z
2024-10-31,E00079,0,0.0,0.0,2025-11-01T00:00:00Z
2024-11-30,E00079,0,0.0,0.0,2025-12-01T00:00:00Z
2024-12-31,E00079,0,0.0,0.0,2026-01-01T00:00:00Z
2025-01-31,E00079,0,0.0,0.0,2026-02-01T00:00:00Z
2025-02-28,E00079,0,0.0,0.0,2026-03-01T00:00:00Z
2025-03-31,E00079,0,0.0,0.0,2026-04-01T00:00:00Z
2025-04-30,E00079,0,0.0,0.0,2026-05-01T00:00:00Z
2025-05-31,E00079,0,0.0,0.0,2026-06-01T00:00:00Z
2025-06-30,E00079,0,0.0,0.0,2026-07-01T00:00:00Z
2023-07-31,E00080,1,0.1572,15885.35,2024-07-31T00:00:00Z
2023-08-31,E00080,1,0.1259,12724.18,2024-08-31T00:00:00Z
2023-09-30,E00080,1,0.1147,11589.17,2024-09-30T00:00:00Z
2023-10-31,E00080,1,0.1686,17037.43,2024-10-31T00:00:00Z
2023-11-30,E00080,1,0.0735,7431.18,2024-11-30T00:00:00Z
2023-12-31,E00080,1,0.0712,7200.43,2024-12-31T00:00:00Z
2024-01-31,E00080,0,0.0,0.0,2025-01-31T00:00:00Z
2024-02-29,E00080,0,0.0,0.0,2025-03-01T00:00:00Z
2024-03-31,E00080,0,0.0,0.0,2025-04-01T00:00:00Z
2024-04-30,E00080,0,0.0,0.0,2025-05-01T00:00:00Z
2024-05-31,E00080,0,0.0,0.0,2025-06-01T00:00:00Z
2024-06-30,E00080,0,0.0,0.0,2025-07-01T00:00:00Z
2024-07-31,E00080,0,0.0,0.0,2025-08-01T00:00:00Z
2024-08-31,E00080,0,0.0,0.0,2025-09-01T00:00:00Z
2024-09-30,E00080,0,0.0,0.0,2025-10-01T00:00:00Z
2024-10-31,E00080,0,0.0,0.0,2025-11-01T00:00:00Z
2024-11-30,E00080,0,0.0,0.0,2025-12-01T00:00:00Z
2024-12-31,E00080,0,0.0,0.0,2026-01-01T00:00:00Z
2025-01-31,E00080,0,0.0,0.0,2026-02-01T00:00:00Z
2025-02-28,E00080,0,0.0,0.0,2026-03-01T00:00:00Z
2025-03-31,E00080,0,0.0,0.0,2026-04-01T00:00:00Z
2025-04-30,E00080,0,0.0,0.0,2026-05-01T00:00:00Z
2025-05-31,E00080,0,0.0,0.0,2026-06-01T00:00:00Z
2025-06-30,E00080,0,0.0,0.0,2026-07-01T00:00:00Z
2023-07-31,E00081,0,0.0,0.0,2024-07-31T00:00:00Z
2023-08-31,E00081,0,0.0,0.0,2024-08-31T00:00:00Z
2023-09-30,E00081,0,0.0,0.0,2024-09-30T00:00:00Z
2023-10-31,E00081,0,0.0,0.0,2024-10-31T00:00:00Z
2023-11-30,E00081,0,0.0,0.0,2024-11-30T00:00:00Z
2023-12-31,E00081,0,0.0,0.0,2024-12-31T00:00:00Z
2024-01-31,E00081,0,0.0,0.0,2025-01-31T00:00:00Z
2024-02-29,E00081,0,0.0,0.0,2025-03-01T00:00:00Z
2024-03-31,E00081,0,0.0,0.0,2025-04-01T00:00:00Z
2024-04-30,E00081,0,0.0,0.0,2025-05-01T00:00:00Z
2024-05-31,E00081,0,0.0,0.0,2025-06-01T00:00:00Z
2024-06-30,E00081,0,0.0,0.0,2025-07-01T00:00:00Z
2024-07-31,E00081,0,0.0,0.0,2025-08-01T00:00:00Z
2024-08-31,E00081,0,0.0,0.0,2025-09-01T00:00:00Z
2024-09-30,E00081,0,0.0,0.0,2025-10-01T00:00:00Z
2024-10-31,E00081,0,0.0,0.0,2025-11-01T00:00:00Z
2024-11-30,E00081,0,0.0,0.0,2025-12-01T00:00:00Z
2024-12-31,E00081,0,0.0,0.0,2026-01-01T00:00:00Z
2025-01-31,E00081,0,0.0,0.0,2026-02-01T00:00:00Z
2025-02-28,E00081,0,0.0,0.0,2026-03-01T00:00:00Z
2025-03-31,E00081,0,0.0,0.0,2026-04-01T00:00:00Z
2025-04-30,E00081,0,0.0,0.0,2026-05-01T00:00:00Z
2025-05-31,E00081,0,0.0,0.0,2026-06-01T00:00:00Z
2025-06-30,E00081,0,0.0,0.0,2026-07-01T00:00:00Z
2023-07-31,E00082,0,0.0,0.0,2024-07-31T00:00:00Z
2023-08-31,E00082,0,0.0,0.0,2024-08-31T00:00:00Z
2023-09-30,E00082,0,0.0,0.0,2024-09-30T00:00:00Z
2023-10-31,E00082,0,0.0,0.0,2024-10-31T00:00:00Z
2023-11-30,E00082,0,0.0,0.0,2024-11-30T00:00:00Z
2023-12-31,E00082,0,0.0,0.0,2024-12-31T00:00:00Z
2024-01-31,E00082,0,0.0,0.0,2025-01-31T00:00:00Z
2024-02-29,E00082,0,0.0,0.0,2025-03-01T00:00:00Z
2024-03-31,E00082,0,0.0,0.0,2025-04-01T00:00:00Z
2024-04-30,E00082,0,0.0,0.0,2025-05-01T00:00:00Z
2024-05-31,E00082,0,0.0,0.0,2025-06-01T00:00:00Z
2024-06-30,E00082,0,0.0,0.0,2025-07-01T00:00:00Z
2024-07-31,E00082,0,0.0,0.0,2025-08-01T00:00:00Z
2024-08-31,E00082,0,0.0,0.0,2025-09-01T00:00:00Z
2024-09-30,E00082,0,0.0,0.0,2025-10-01T00:00:00Z
2024-10-31,E00082,0,0.0,0.0,2025-11-01T00:00:00Z
2024-11-30,E00082,0,0.0,0.0,2025-12-01T00:00:00Z
2024-12-31,E00082,0,0.0,0.0,2026-01-01T00:00:00Z
2025-01-31,E00082,0,0.0,0.0,2026-02-01T00:00:00Z
2025-02-28,E00082,0,0.0,0.0,2026-03-01T00:00:00Z
2025-03-31,E00082,0,0.0,0.0,2026-04-01T00:00:00Z
2025-04-30,E00082,0,0.0,0.0,2026-05-01T00:00:00Z
2025-05-31,E00082,0,0.0,0.0,2026-06-01T00:00:00Z
2025-06-30,E00082,0,0.0,0.0,2026-07-01T00:00:00Z
2023-07-31,E00083,0,0.0,0.0,2024-07-31T00:00:00Z
2023-08-31,E00083,0,0.0,0.0,2024-08-31T00:00:00Z
2023-09-30,E00083,0,0.0,0.0,2024-09-30T00:00:00Z
2023-10-31,E00083,0,0.0,0.0,2024-10-31T00:00:00Z
2023-11-30,E00083,0,0.0,0.0,2024-11-30T00:00:00Z
2023-12-31,E00083,0,0.0,0.0,2024-12-31T00:00:00Z
2024-01-31,E00083,0,0.0,0.0,2025-01-31T00:00:00Z
2024-02-29,E00083,0,0.0,0.0,2025-03-01T00:00:00Z
2024-03-31,E00083,0,0.0,0.0,2025-04-01T00:00:00Z
2024-04-30,E00083,0,0.0,0.0,2025-05-01T00:00:00Z
2024-05-31,E00083,0,0.0,0.0,2025-06-01T00:00:00Z
2024-06-30,E00083,0,0.0,0.0,2025-07-01T00:00:00Z
2024-07-31,E00083,0,0.0,0.0,2025-08-01T00:00:00Z
2024-08-31,E00083,0,0.0,0.0,2025-09-01T00:00:00Z
2024-09-30,E00083,0,0.0,0.0,2025-10-01T00:00:00Z
2024-10-31,E00083,0,0.0,0.0,2025-11-01T00:00:00Z
2024-11-30,E00083,0,0.0,0.0,2025-12-01T00:00:00Z
2024-12-31,E00083,0,0.0,0.0,2026-01-01T00:00:00Z
2025-01-31,E00083,0,0.0,0.0,2026-02-01T00:00:00Z
2025-02-28,E00083,0,0.0,0.0,2026-03-01T00:00:00Z
2025-03-31,E00083,0,0.0,0.0,2026-04-01T00:00:00Z
2025-04-30,E00083,0,0.0,0.0,2026-05-01T00:00:00Z
2025-05-31,E00083,0,0.0,0.0,2026-06-01T00:00:00Z
2025-06-30,E00083,0,0.0,0.0,2026-07-01T00:00:00Z
2023-07-31,E00084,0,0.0,0.0,2024-07-31T00:00:00Z
2023-08-31,E00084,0,0.0,0.0,2024-08-31T00:00:00Z
2023-09-30,E00084,0,0.0,0.0,2024-09-30T00:00:00Z
2023-10-31,E00084,0,0.0,0.0,2024-10-31T00:00:00Z
2023-11-30,E00084,0,0.0,0.0,2024-11-30T00:00:00Z
2023-12-31,E00084,0,0.0,0.0,2024-12-31T00:00:00Z
2024-01-31,E00084,0,0.0,0.0,2025-01-31T00:00:00Z
2024-02-29,E00084,0,0.0,0.0,2025-03-01T00:00:00Z
2024-03-31,E00084,0,0.0,0.0,2025-04-01T00:00:00Z
2024-04-30,E00084,0,0.0,0.0,2025-05-01T00:00:00Z
2024-05-31,E00084,0,0.0,0.0,2025-06-01T00:00:00Z
2024-06-30,E00084,0,0.0,0.0,2025-07-01T00:00:00Z
2024-07-31,E00084,0,0.0,0.0,2025-08-01T00:00:00Z
2024-08-31,E00084,0,0.0,0.0,2025-09-01T00:00:00Z
2024-09-30,E00084,0,0.0,0.0,2025-10-01T00:00:00Z
2024-10-31,E00084,0,0.0,0.0,2025-11-01T00:00:00Z
2024-11-30,E00084,1,0.0,0.0,2025-12-01T00:00:00Z
2024-12-31,E00084,1,0.0737,12906.03,2026-01-01T00:00:00Z
2025-01-31,E00084,1,0.0322,5633.77,2026-02-01T00:00:00Z
2025-02-28,E00084,1,0.0,0.0,2026-03-01T00:00:00Z
2025-03-31,E00084,1,0.0718,12570.25,2026-04-01T00:00:00Z
2025-04-30,E00084,1,0.0516,9037.42,2026-05-01T00:00:00Z
2025-05-31,E00084,1,0.0,0.0,2026-06-01T00:00:00Z
2025-06-30,E00084,1,0.0422,7398.13,2026-07-01T00:00:00Z
2023-07-31,E00085,0,0.0,0.0,2024-07-31T00:00:00Z
2023-08-31,E00085,0,0.0,0.0,2024-08-31T00:00:00Z
2023-09-30,E00085,0,0.0,0.0,2024-09-30T00:00:00Z
2023-10-31,E00085,0,0.0,0.0,2024-10-31T00:00:00Z
2023-11-30,E00085,0,0.0,0.0,2024-11-30T00:00:00Z
2023-12-31,E00085,0,0.0,0.0,2024-12-31T00:00:00Z
2024-01-31,E00085,0,0.0,0.0,2025-01-31T00:00:00Z
2024-02-29,E00085,0,0.0,0.0,2025-03-01T00:00:00Z
2024-03-31,E00085,0,0.0,0.0,2025-04-01T00:00:00Z
2024-04-30,E00085,0,0.0,0.0,2025-05-01T00:00:00Z
2024-05-31,E00085,0,0.0,0.0,2025-06-01T00:00:00Z
2024-06-30,E00085,0,0.0,0.0,2025-07-01T00:00:00Z
2024-07-31,E00085,0,0.0,0.0,2025-08-01T00:00:00Z
2024-08-31,E00085,0,0.0,0.0,2025-09-01T00:00:00Z
2024-09-30,E00085,0,0.0,0.0,2025-10-01T00:00:00Z
2024-10-31,E00085,0,0.0,0.0,2025-11-01T00:00:00Z
2024-11-30,E00085,0,0.0,0.0,2025-12-01T00:00:00Z
2024-12-31,E00085,0,0.0,0.0,2026-01-01T00:00:00Z
2025-01-31,E00085,0,0.0,0.0,2026-02-01T00:00:00Z
2025-02-28,E00085,0,0.0,0.0,2026-03-01T00:00:00Z
2025-03-31,E00085,0,0.0,0.0,2026-04-01T00:00:00Z
2025-04-30,E00085,0,0.0,0.0,2026-05-01T00:00:00Z
2025-05-31,E00085,0,0.0,0.0,2026-06-01T00:00:00Z
2025-06-30,E00085,0,0.0,0.0,2026-07-01T00:00:00Z
2023-07-31,E00086,1,0.0373,4309.45,2024-07-31T00:00:00Z
2023-08-31,E00086,1,0.0,0.0,2024-08-31T00:00:00Z
2023-09-30,E00086,1,0.0261,3018.81,2024-09-30T00:00:00Z
2023-10-31,E00086,1,0.1133,13082.34,2024-10-31T00:00:00Z
2023-11-30,E00086,1,0.0486,5609.78,2024-11-30T00:00:00Z
2023-12-31,E00086,1,0.0621,7171.9,2024-12-31T00:00:00Z
2024-01-31,E00086,1,0.0738,8524.26,2025-01-31T00:00:00Z
2024-02-29,E00086,1,0.0344,3973.73,2025-03-01T00:00:00Z
2024-03-31,E00086,1,0.0799,9218.79,2025-04-01T00:00:00Z
2024-04-30,E00086,1,0.0319,3682.85,2025-05-01T00:00:00Z
2024-05-31,E00086,0,0.0,0.0,2025-06-01T00:00:00Z
2024-06-30,E00086,0,0.0,0.0,2025-07-01T00:00:00Z
2024-07-31,E00086,0,0.0,0.0,2025-08-01T00:00:00Z
2024-08-31,E00086,0,0.0,0.0,2025-09-01T00:00:00Z
2024-09-30,E00086,0,0.0,0.0,2025-10-01T00:00:00Z
2024-10-31,E00086,0,0.0,0.0,2025-11-01T00:00:00Z
2024-11-30,E00086,0,0.0,0.0,2025-12-01T00:00:00Z
2024-12-31,E00086,0,0.0,0.0,2026-01-01T00:00:00Z
2025-01-31,E00086,0,0.0,0.0,2026-02-01T00:00:00Z
2025-02-28,E00086,0,0.0,0.0,2026-03-01T00:00:00Z
2025-03-31,E00086,0,0.0,0.0,2026-04-01T00:00:00Z
2025-04-30,E00086,0,0.0,0.0,2026-05-01T00:00:00Z
2025-05-31,E00086,0,0.0,0.0,2026-06-01T00:00:00Z
2025-06-30,E00086,0,0.0,0.0,2026-07-01T00:00:00Z
2023-07-31,E00087,0,0.0,0.0,2024-07-31T00:00:00Z
2023-08-31,E00087,0,0.0,0.0,2024-08-31T00:00:00Z
2023-09-30,E00087,0,0.0,0.0,2024-09-30T00:00:00Z
2023-10-31,E00087,0,0.0,0.0,2024-10-31T00:00:00Z
2023-11-30,E00087,0,0.0,0.0,2024-11-30T00:00:00Z
2023-12-31,E00087,0,0.0,0.0,2024-12-31T00:00:00Z
2024-01-31,E00087,0,0.0,0.0,2025-01-31T00:00:00Z
2024-02-29,E00087,0,0.0,0.0,2025-03-01T00:00:00Z
2024-03-31,E00087,0,0.0,0.0,2025-04-01T00:00:00Z
2024-04-30,E00087,0,0.0,0.0,2025-05-01T00:00:00Z
2024-05-31,E00087,0,0.0,0.0,2025-06-01T00:00:00Z
2024-06-30,E00087,0,0.0,0.0,2025-07-01T00:00:00Z
2024-07-31,E00087,0,0.0,0.0,2025-08-01T00:00:00Z
2024-08-31,E00087,0,0.0,0.0,2025-09-01T00:00:00Z
2024-09-30,E00087,0,0.0,0.0,2025-10-01T00:00:00Z
2024-10-31,E00087,0,0.0,0.0,2025-11-01T00:00:00Z
2024-11-30,E00087,0,0.0,0.0,2025-12-01T00:00:00Z
2024-12-31,E00087,0,0.0,0.0,2026-01-01T00:00:00Z
2025-01-31,E00087,0,0.0,0.0,2026-02-01T00:00:00Z
2025-02-28,E00087,0,0.0,0.0,2026-03-01T00:00:00Z
2025-03-31,E00087,0,0.0,0.0,2026-04-01T00:00:00Z
2025-04-30,E00087,0,0.0,0.0,2026-05-01T00:00:00Z
2025-05-31,E00087,0,0.0,0.0,2026-06-01T00:00:00Z
2025-06-30,E00087,0,0.0,0.0,2026-07-01T00:00:00Z
2023-07-31,E00088,0,0.0,0.0,2024-07-31T00:00:00Z
2023-08-31,E00088,0,0.0,0.0,2024-08-31T00:00:00Z
2023-09-30,E00088,0,0.0,0.0,2024-09-30T00:00:00Z
2023-10-31,E00088,0,0.0,0.0,2024-10-31T00:00:00Z
2023-11-30,E00088,0,0.0,0.0,2024-11-30T00:00:00Z
2023-12-31,E00088,0,0.0,0.0,2024-12-31T00:00:00Z
2024-01-31,E00088,0,0.0,0.0,2025-01-31T00:00:00Z
2024-02-29,E00088,0,0.0,0.0,2025-03-01T00:00:00Z
2024-03-31,E00088,0,0.0,0.0,2025-04-01T00:00:00Z
2024-04-30,E00088,0,0.0,0.0,2025-05-01T00:00:00Z
2024-05-31,E00088,0,0.0,0.0,2025-06-01T00:00:00Z
2024-06-30,E00088,0,0.0,0.0,2025-07-01T00:00:00Z
2024-07-31,E00088,0,0.0,0.0,2025-08-01T00:00:00Z
2024-08-31,E00088,0,0.0,0.0,2025-09-01T00:00:00Z
2024-09-30,E00088,0,0.0,0.0,2025-10-01T00:00:00Z
2024-10-31,E00088,0,0.0,0.0,2025-11-01T00:00:00Z
2024-11-30,E00088,0,0.0,0.0,2025-12-01T00:00:00Z
2024-12-31,E00088,0,0.0,0.0,2026-01-01T00:00:00Z
2025-01-31,E00088,0,0.0,0.0,2026-02-01T00:00:00Z
2025-02-28,E00088,0,0.0,0.0,2026-03-01T00:00:00Z
2025-03-31,E00088,0,0.0,0.0,2026-04-01T00:00:00Z
2025-04-30,E00088,0,0.0,0.0,2026-05-01T00:00:00Z
2025-05-31,E00088,0,0.0,0.0,2026-06-01T00:00:00Z
2025-06-30,E00088,0,0.0,0.0,2026-07-01T00:00:00Z
2023-07-31,E00089,0,0.0,0.0,2024-07-31T00:00:00Z
2023-08-31,E00089,0,0.0,0.0,2024-08-31T00:00:00Z
2023-09-30,E00089,0,0.0,0.0,2024-09-30T00:00:00Z
2023-10-31,E00089,0,0.0,0.0,2024-10-31T00:00:00Z
2023-11-30,E00089,0,0.0,0.0,2024-11-30T00:00:00Z
2023-12-31,E00089,0,0.0,0.0,2024-12-31T00:00:00Z
2024-01-31,E00089,0,0.0,0.0,2025-01-31T00:00:00Z
2024-02-29,E00089,0,0.0,0.0,2025-03-01T00:00:00Z
2024-03-31,E00089,0,0.0,0.0,2025-04-01T00:00:00Z
2024-04-30,E00089,0,0.0,0.0,2025-05-01T00:00:00Z
2024-05-31,E00089,0,0.0,0.0,2025-06-01T00:00:00Z
2024-06-30,E00089,0,0.0,0.0,2025-07-01T00:00:00Z
2024-07-31,E00089,0,0.0,0.0,2025-08-01T00:00:00Z
2024-08-31,E00089,0,0.0,0.0,2025-09-01T00:00:00Z
2024-09-30,E00089,0,0.0,0.0,2025-10-01T00:00:00Z
2024-10-31,E00089,0,0.0,0.0,2025-11-01T00:00:00Z
2024-11-30,E00089,0,0.0,0.0,2025-12-01T00:00:00Z
2024-12-31,E00089,0,0.0,0.0,2026-01-01T00:00:00Z
2025-01-31,E00089,0,0.0,0.0,2026-02-01T00:00:00Z
2025-02-28,E00089,0,0.0,0.0,2026-03-01T00:00:00Z
2025-03-31,E00089,0,0.0,0.0,2026-04-01T00:00:00Z
2025-04-30,E00089,0,0.0,0.0,2026-05-01T00:00:00Z
2025-05-31,E00089,0,0.0,0.0,2026-06-01T00:00:00Z
2025-06-30,E00089,0,0.0,0.0,2026-07-01T00:00:00Z
2023-07-31,E00090,0,0.0,0.0,2024-07-31T00:00:00Z
2023-08-31,E00090,0,0.0,0.0,2024-08-31T00:00:00Z
2023-09-30,E00090,0,0.0,0.0,2024-09-30T00:00:00Z
2023-10-31,E00090,0,0.0,0.0,2024-10-31T00:00:00Z
2023-11-30,E00090,0,0.0,0.0,2024-11-30T00:00:00Z
2023-12-31,E00090,0,0.0,0.0,2024-12-31T00:00:00Z
2024-01-31,E00090,0,0.0,0.0,2025-01-31T00:00:00Z
2024-02-29,E00090,0,0.0,0.0,2025-03-01T00:00:00Z
2024-03-31,E00090,0,0.0,0.0,2025-04-01T00:00:00Z
2024-04-30,E00090,0,0.0,0.0,2025-05-01T00:00:00Z
2024-05-31,E00090,0,0.0,0.0,2025-06-01T00:00:00Z
2024-06-30,E00090,0,0.0,0.0,2025-07-01T00:00:00Z
2024-07-31,E00090,0,0.0,0.0,2025-08-01T00:00:00Z
2024-08-31,E00090,0,0.0,0.0,2025-09-01T00:00:00Z
2024-09-30,E00090,0,0.0,0.0,2025-10-01T00:00:00Z
2024-10-31,E00090,0,0.0,0.0,2025-11-01T00:00:00Z
2024-11-30,E00090,0,0.0,0.0,2025-12-01T00:00:00Z
2024-12-31,E00090,0,0.0,0.0,2026-01-01T00:00:00Z
2025-01-31,E00090,0,0.0,0.0,2026-02-01T00:00:00Z
2025-02-28,E00090,0,0.0,0.0,2026-03-01T00:00:00Z
2025-03-31,E00090,0,0.0,0.0,2026-04-01T00:00:00Z
2025-04-30,E00090,0,0.0,0.0,2026-05-01T00:00:00Z
2025-05-31,E00090,0,0.0,0.0,2026-06-01T00:00:00Z
2025-06-30,E00090,0,0.0,0.0,2026-07-01T00:00:00Z
2023-07-31,E00091,0,0.0,0.0,2024-07-31T00:00:00Z
2023-08-31,E00091,0,0.0,0.0,2024-08-31T00:00:00Z
2023-09-30,E00091,0,0.0,0.0,2024-09-30T00:00:00Z
2023-10-31,E00091,0,0.0,0.0,2024-10-31T00:00:00Z
2023-11-30,E00091,0,0.0,0.0,2024-11-30T00:00:00Z
2023-12-31,E00091,0,0.0,0.0,2024-12-31T00:00:00Z
2024-01-31,E00091,0,0.0,0.0,2025-01-31T00:00:00Z
2024-02-29,E00091,0,0.0,0.0,2025-03-01T00:00:00Z
2024-03-31,E00091,0,0.0,0.0,2025-04-01T00:00:00Z
2024-04-30,E00091,0,0.0,0.0,2025-05-01T00:00:00Z
2024-05-31,E00091,0,0.0,0.0,2025-06-01T00:00:00Z
2024-06-30,E00091,0,0.0,0.0,2025-07-01T00:00:00Z
2024-07-31,E00091,0,0.0,0.0,2025-08-01T00:00:00Z
2024-08-31,E00091,0,0.0,0.0,2025-09-01T00:00:00Z
2024-09-30,E00091,0,0.0,0.0,2025-10-01T00:00:00Z
2024-10-31,E00091,0,0.0,0.0,2025-11-01T00:00:00Z
2024-11-30,E00091,0,0.0,0.0,2025-12-01T00:00:00Z
2024-12-31,E00091,0,0.0,0.0,2026-01-01T00:00:00Z
2025-01-31,E00091,0,0.0,0.0,2026-02-01T00:00:00Z
2025-02-28,E00091,0,0.0,0.0,2026-03-01T00:00:00Z
2025-03-31,E00091,0,0.0,0.0,2026-04-01T00:00:00Z
2025-04-30,E00091,0,0.0,0.0,2026-05-01T00:00:00Z
2025-05-31,E00091,0,0.0,0.0,2026-06-01T00:00:00Z
2025-06-30,E00091,0,0.0,0.0,2026-07-01T00:00:00Z
2023-07-31,E00092,0,0.0,0.0,2024-07-31T00:00:00Z
2023-08-31,E00092,0,0.0,0.0,2024-08-31T00:00:00Z
2023-09-30,E00092,0,0.0,0.0,2024-09-30T00:00:00Z
2023-10-31,E00092,0,0.0,0.0,2024-10-31T00:00:00Z
2023-11-30,E00092,0,0.0,0.0,2024-11-30T00:00:00Z
2023-12-31,E00092,0,0.0,0.0,2024-12-31T00:00:00Z
2024-01-31,E00092,0,0.0,0.0,2025-01-31T00:00:00Z
2024-02-29,E00092,0,0.0,0.0,2025-03-01T00:00:00Z
2024-03-31,E00092,0,0.0,0.0,2025-04-01T00:00:00Z
2024-04-30,E00092,0,0.0,0.0,2025-05-01T00:00:00Z
2024-05-31,E00092,0,0.0,0.0,2025-06-01T00:00:00Z
2024-06-30,E00092,0,0.0,0.0,2025-07-01T00:00:00Z
2024-07-31,E00092,0,0.0,0.0,2025-08-01T00:00:00Z
2024-08-31,E00092,0,0.0,0.0,2025-09-01T00:00:00Z
2024-09-30,E00092,1,0.0363,5651.01,2025-10-01T00:00:00Z
2024-10-31,E00092,1,0.0282,4385.74,2025-11-01T00:00:00Z
2024-11-30,E00092,1,0.0293,4572.46,2025-12-01T00:00:00Z
2024-12-31,E00092,1,0.0,0.0,2026-01-01T00:00:00Z
2025-01-31,E00092,1,0.0425,6617.35,2026-02-01T00:00:00Z
2025-02-28,E00092,1,0.0,0.0,2026-03-01T00:00:00Z
2025-03-31,E00092,1,0.0,0.0,2026-04-01T00:00:00Z
2025-04-30,E00092,1,0.0,0.0,2026-05-01T00:00:00Z
2025-05-31,E00092,1,0.0332,5166.37,2026-06-01T00:00:00Z
2025-06-30,E00092,1,0.0898,13994.85,2026-07-01T00:00:00Z
2023-07-31,E00093,0,0.0,0.0,2024-07-31T00:00:00Z
2023-08-31,E00093,0,0.0,0.0,2024-08-31T00:00:00Z
2023-09-30,E00093,0,0.0,0.0,2024-09-30T00:00:00Z
2023-10-31,E00093,0,0.0,0.0,2024-10-31T00:00:00Z
2023-11-30,E00093,0,0.0,0.0,2024-11-30T00:00:00Z
2023-12-31,E00093,0,0.0,0.0,2024-12-31T00:00:00Z
2024-01-31,E00093,0,0.0,0.0,2025-01-31T00:00:00Z
2024-02-29,E00093,0,0.0,0.0,2025-03-01T00:00:00Z
2024-03-31,E00093,0,0.0,0.0,2025-04-01T00:00:00Z
2024-04-30,E00093,0,0.0,0.0,2025-05-01T00:00:00Z
2024-05-31,E00093,0,0.0,0.0,2025-06-01T00:00:00Z
2024-06-30,E00093,0,0.0,0.0,2025-07-01T00:00:00Z
2024-07-31,E00093,0,0.0,0.0,2025-08-01T00:00:00Z
2024-08-31,E00093,0,0.0,0.0,2025-09-01T00:00:00Z
2024-09-30,E00093,0,0.0,0.0,2025-10-01T00:00:00Z
2024-10-31,E00093,0,0.0,0.0,2025-11-01T00:00:00Z
2024-11-30,E00093,0,0.0,0.0,2025-12-01T00:00:00Z
2024-12-31,E00093,0,0.0,0.0,2026-01-01T00:00:00Z
2025-01-31,E00093,0,0.0,0.0,2026-02-01T00:00:00Z
2025-02-28,E00093,0,0.0,0.0,2026-03-01T00:00:00Z
2025-03-31,E00093,0,0.0,0.0,2026-04-01T00:00:00Z
2025-04-30,E00093,0,0.0,0.0,2026-05-01T00:00:00Z
2025-05-31,E00093,0,0.0,0.0,2026-06-01T00:00:00Z
2025-06-30,E00093,0,0.0,0.0,2026-07-01T00:00:00Z
2023-07-31,E00094,1,0.1974,38798.58,2024-07-31T00:00:00Z
2023-08-31,E00094,1,0.0928,18229.42,2024-08-31T00:00:00Z
2023-09-30,E00094,1,0.2256,44331.59,2024-09-30T00:00:00Z
2023-10-31,E00094,1,0.1817,35702.38,2024-10-31T00:00:00Z
2023-11-30,E00094,1,0.1886,37067.41,2024-11-30T00:00:00Z
2023-12-31,E00094,1,0.2176,42759.6,2024-12-31T00:00:00Z
2024-01-31,E00094,1,0.1734,34083.35,2025-01-31T00:00:00Z
2024-02-29,E00094,0,0.0,0.0,2025-03-01T00:00:00Z
2024-03-31,E00094,0,0.0,0.0,2025-04-01T00:00:00Z
2024-04-30,E00094,0,0.0,0.0,2025-05-01T00:00:00Z
2024-05-31,E00094,0,0.0,0.0,2025-06-01T00:00:00Z
2024-06-30,E00094,0,0.0,0.0,2025-07-01T00:00:00Z
2024-07-31,E00094,0,0.0,0.0,2025-08-01T00:00:00Z
2024-08-31,E00094,0,0.0,0.0,2025-09-01T00:00:00Z
2024-09-30,E00094,0,0.0,0.0,2025-10-01T00:00:00Z
2024-10-31,E00094,0,0.0,0.0,2025-11-01T00:00:00Z
2024-11-30,E00094,0,0.0,0.0,2025-12-01T00:00:00Z
2024-12-31,E00094,0,0.0,0.0,2026-01-01T00:00:00Z
2025-01-31,E00094,0,0.0,0.0,2026-02-01T00:00:00Z
2025-02-28,E00094,0,0.0,0.0,2026-03-01T00:00:00Z
2025-03-31,E00094,0,0.0,0.0,2026-04-01T00:00:00Z
2025-04-30,E00094,0,0.0,0.0,2026-05-01T00:00:00Z
2025-05-31,E00094,0,0.0,0.0,2026-06-01T00:00:00Z
2025-06-30,E00094,0,0.0,0.0,2026-07-01T00:00:00Z
2023-07-31,E00095,1,0.0763,8499.26,2024-07-31T00:00:00Z
2023-08-31,E00095,1,0.066,7358.0,2024-08-31T00:00:00Z
2023-09-30,E00095,1,0.1387,15455.17,2024-09-30T00:00:00Z
2023-10-31,E00095,1,0.0766,8533.27,2024-10-31T00:00:00Z
2023-11-30,E00095,1,0.0939,10466.48,2024-11-30T00:00:00Z
2023-12-31,E00095,1,0.0359,4001.23,2024-12-31T00:00:00Z
2024-01-31,E00095,1,0.0,0.0,2025-01-31T00:00:00Z
2024-02-29,E00095,1,0.0407,4529.83,2025-03-01T00:00:00Z
2024-03-31,E00095,0,0.0,0.0,2025-04-01T00:00:00Z
2024-04-30,E00095,0,0.0,0.0,2025-05-01T00:00:00Z
2024-05-31,E00095,0,0.0,0.0,2025-06-01T00:00:00Z
2024-06-30,E00095,0,0.0,0.0,2025-07-01T00:00:00Z
2024-07-31,E00095,0,0.0,0.0,2025-08-01T00:00:00Z
2024-08-31,E00095,0,0.0,0.0,2025-09-01T00:00:00Z
2024-09-30,E00095,0,0.0,0.0,2025-10-01T00:00:00Z
2024-10-31,E00095,0,0.0,0.0,2025-11-01T00:00:00Z
2024-11-30,E00095,0,0.0,0.0,2025-12-01T00:00:00Z
2024-12-31,E00095,0,0.0,0.0,2026-01-01T00:00:00Z
2025-01-31,E00095,0,0.0,0.0,2026-02-01T00:00:00Z
2025-02-28,E00095,0,0.0,0.0,2026-03-01T00:00:00Z
2025-03-31,E00095,0,0.0,0.0,2026-04-01T00:00:00Z
2025-04-30,E00095,0,0.0,0.0,2026-05-01T00:00:00Z
2025-05-31,E00095,0,0.0,0.0,2026-06-01T00:00:00Z
2025-06-30,E00095,0,0.0,0.0,2026-07-01T00:00:00Z
2023-07-31,E00096,0,0.0,0.0,2024-07-31T00:00:00Z
2023-08-31,E00096,0,0.0,0.0,2024-08-31T00:00:00Z
2023-09-30,E00096,0,0.0,0.0,2024-09-30T00:00:00Z
2023-10-31,E00096,0,0.0,0.0,2024-10-31T00:00:00Z
2023-11-30,E00096,0,0.0,0.0,2024-11-30T00:00:00Z
2023-12-31,E00096,0,0.0,0.0,2024-12-31T00:00:00Z
2024-01-31,E00096,0,0.0,0.0,2025-01-31T00:00:00Z
2024-02-29,E00096,0,0.0,0.0,2025-03-01T00:00:00Z
2024-03-31,E00096,0,0.0,0.0,2025-04-01T00:00:00Z
2024-04-30,E00096,0,0.0,0.0,2025-05-01T00:00:00Z
2024-05-31,E00096,0,0.0,0.0,2025-06-01T00:00:00Z
2024-06-30,E00096,0,0.0,0.0,2025-07-01T00:00:00Z
2024-07-31,E00096,0,0.0,0.0,2025-08-01T00:00:00Z
2024-08-31,E00096,0,0.0,0.0,2025-09-01T00:00:00Z
2024-09-30,E00096,0,0.0,0.0,2025-10-01T00:00:00Z
2024-10-31,E00096,0,0.0,0.0,2025-11-01T00:00:00Z
2024-11-30,E00096,0,0.0,0.0,2025-12-01T00:00:00Z
2024-12-31,E00096,0,0.0,0.0,2026-01-01T00:00:00Z
2025-01-31,E00096,0,0.0,0.0,2026-02-01T00:00:00Z
2025-02-28,E00096,0,0.0,0.0,2026-03-01T00:00:00Z
2025-03-31,E00096,1,0.0,0.0,2026-04-01T00:00:00Z
2025-04-30,E00096,1,0.0125,1431.1,2026-05-01T00:00:00Z
2025-05-31,E00096,1,0.0,0.0,2026-06-01T00:00:00Z
2025-06-30,E00096,1,0.0306,3496.29,2026-07-01T00:00:00Z
2023-07-31,E00097,0,0.0,0.0,2024-07-31T00:00:00Z
2023-08-31,E00097,0,0.0,0.0,2024-08-31T00:00:00Z
2023-09-30,E00097,0,0.0,0.0,2024-09-30T00:00:00Z
2023-10-31,E00097,0,0.0,0.0,2024-10-31T00:00:00Z
2023-11-30,E00097,0,0.0,0.0,2024-11-30T00:00:00Z
2023-12-31,E00097,0,0.0,0.0,2024-12-31T00:00:00Z
2024-01-31,E00097,0,0.0,0.0,2025-01-31T00:00:00Z
2024-02-29,E00097,0,0.0,0.0,2025-03-01T00:00:00Z
2024-03-31,E00097,0,0.0,0.0,2025-04-01T00:00:00Z
2024-04-30,E00097,0,0.0,0.0,2025-05-01T00:00:00Z
2024-05-31,E00097,0,0.0,0.0,2025-06-01T00:00:00Z
2024-06-30,E00097,0,0.0,0.0,2025-07-01T00:00:00Z
2024-07-31,E00097,0,0.0,0.0,2025-08-01T00:00:00Z
2024-08-31,E00097,0,0.0,0.0,2025-09-01T00:00:00Z
2024-09-30,E00097,0,0.0,0.0,2025-10-01T00:00:00Z
2024-10-31,E00097,0,0.0,0.0,2025-11-01T00:00:00Z
2024-11-30,E00097,0,0.0,0.0,2025-12-01T00:00:00Z
2024-12-31,E00097,0,0.0,0.0,2026-01-01T00:00:00Z
2025-01-31,E00097,0,0.0,0.0,2026-02-01T00:00:00Z
2025-02-28,E00097,0,0.0,0.0,2026-03-01T00:00:00Z
2025-03-31,E00097,0,0.0,0.0,2026-04-01T00:00:00Z
2025-04-30,E00097,0,0.0,0.0,2026-05-01T00:00:00Z
2025-05-31,E00097,0,0.0,0.0,2026-06-01T00:00:00Z
2025-06-30,E00097,0,0.0,0.0,2026-07-01T00:00:00Z
2023-07-31,E00098,0,0.0,0.0,2024-07-31T00:00:00Z
2023-08-31,E00098,0,0.0,0.0,2024-08-31T00:00:00Z
2023-09-30,E00098,0,0.0,0.0,2024-09-30T00:00:00Z
2023-10-31,E00098,0,0.0,0.0,2024-10-31T00:00:00Z
2023-11-30,E00098,0,0.0,0.0,2024-11-30T00:00:00Z
2023-12-31,E00098,0,0.0,0.0,2024-12-31T00:00:00Z
2024-01-31,E00098,0,0.0,0.0,2025-01-31T00:00:00Z
2024-02-29,E00098,0,0.0,0.0,2025-03-01T00:00:00Z
2024-03-31,E00098,0,0.0,0.0,2025-04-01T00:00:00Z
2024-04-30,E00098,0,0.0,0.0,2025-05-01T00:00:00Z
2024-05-31,E00098,0,0.0,0.0,2025-06-01T00:00:00Z
2024-06-30,E00098,0,0.0,0.0,2025-07-01T00:00:00Z
2024-07-31,E00098,0,0.0,0.0,2025-08-01T00:00:00Z
2024-08-31,E00098,0,0.0,0.0,2025-09-01T00:00:00Z
2024-09-30,E00098,0,0.0,0.0,2025-10-01T00:00:00Z
2024-10-31,E00098,0,0.0,0.0,2025-11-01T00:00:00Z
2024-11-30,E00098,0,0.0,0.0,2025-12-01T00:00:00Z
2024-12-31,E00098,0,0.0,0.0,2026-01-01T00:00:00Z
2025-01-31,E00098,0,0.0,0.0,2026-02-01T00:00:00Z
2025-02-28,E00098,0,0.0,0.0,2026-03-01T00:00:00Z
2025-03-31,E00098,0,0.0,0.0,2026-04-01T00:00:00Z
2025-04-30,E00098,0,0.0,0.0,2026-05-01T00:00:00Z
2025-05-31,E00098,0,0.0,0.0,2026-06-01T00:00:00Z
2025-06-30,E00098,0,0.0,0.0,2026-07-01T00:00:00Z
2023-07-31,E00099,0,0.0,0.0,2024-07-31T00:00:00Z
2023-08-31,E00099,0,0.0,0.0,2024-08-31T00:00:00Z
2023-09-30,E00099,0,0.0,0.0,2024-09-30T00:00:00Z
2023-10-31,E00099,0,0.0,0.0,2024-10-31T00:00:00Z
2023-11-30,E00099,0,0.0,0.0,2024-11-30T00:00:00Z
2023-12-31,E00099,0,0.0,0.0,2024-12-31T00:00:00Z
2024-01-31,E00099,0,0.0,0.0,2025-01-31T00:00:00Z
2024-02-29,E00099,0,0.0,0.0,2025-03-01T00:00:00Z
2024-03-31,E00099,0,0.0,0.0,2025-04-01T00:00:00Z
2024-04-30,E00099,0,0.0,0.0,2025-05-01T00:00:00Z
2024-05-31,E00099,0,0.0,0.0,2025-06-01T00:00:00Z
2024-06-30,E00099,0,0.0,0.0,2025-07-01T00:00:00Z
2024-07-31,E00099,0,0.0,0.0,2025-08-01T00:00:00Z
2024-08-31,E00099,0,0.0,0.0,2025-09-01T00:00:00Z
2024-09-30,E00099,0,0.0,0.0,2025-10-01T00:00:00Z
2024-10-31,E00099,0,0.0,0.0,2025-11-01T00:00:00Z
2024-11-30,E00099,0,0.0,0.0,2025-12-01T00:00:00Z
2024-12-31,E00099,0,0.0,0.0,2026-01-01T00:00:00Z
2025-01-31,E00099,0,0.0,0.0,2026-02-01T00:00:00Z
2025-02-28,E00099,0,0.0,0.0,2026-03-01T00:00:00Z
2025-03-31,E00099,0,0.0,0.0,2026-04-01T00:00:00Z
2025-04-30,E00099,0,0.0,0.0,2026-05-01T00:00:00Z
2025-05-31,E00099,0,0.0,0.0,2026-06-01T00:00:00Z
2025-06-30,E00099,0,0.0,0.0,2026-07-01T00:00:00Z
2023-07-31,E00100,0,0.0,0.0,2024-07-31T00:00:00Z
2023-08-31,E00100,0,0.0,0.0,2024-08-31T00:00:00Z
2023-09-30,E00100,0,0.0,0.0,2024-09-30T00:00:00Z
2023-10-31,E00100,0,0.0,0.0,2024-10-31T00:00:00Z
2023-11-30,E00100,0,0.0,0.0,2024-11-30T00:00:00Z
2023-12-31,E00100,0,0.0,0.0,2024-12-31T00:00:00Z
2024-01-31,E00100,0,0.0,0.0,2025-01-31T00:00:00Z
2024-02-29,E00100,0,0.0,0.0,2025-03-01T00:00:00Z
2024-03-31,E00100,0,0.0,0.0,2025-04-01T00:00:00Z
2024-04-30,E00100,0,0.0,0.0,2025-05-01T00:00:00Z
2024-05-31,E00100,0,0.0,0.0,2025-06-01T00:00:00Z
2024-06-30,E00100,0,0.0,0.0,2025-07-01T00:00:00Z
2024-07-31,E00100,0,0.0,0.0,2025-08-01T00:00:00Z
2024-08-31,E00100,0,0.0,0.0,2025-09-01T00:00:00Z
2024-09-30,E00100,0,0.0,0.0,2025-10-01T00:00:00Z
2024-10-31,E00100,0,0.0,0.0,2025-11-01T00:00:00Z
2024-11-30,E00100,0,0.0,0.0,2025-12-01T00:00:00Z
2024-12-31,E00100,0,0.0,0.0,2026-01-01T00:00:00Z
2025-01-31,E00100,0,0.0,0.0,2026-02-01T00:00:00Z
2025-02-28,E00100,0,0.0,0.0,2026-03-01T00:00:00Z
2025-03-31,E00100,0,0.0,0.0,2026-04-01T00:00:00Z
2025-04-30,E00100,0,0.0,0.0,2026-05-01T00:00:00Z
2025-05-31,E00100,0,0.0,0.0,2026-06-01T00:00:00Z
2025-06-30,E00100,0,0.0,0.0,2026-07-01T00:00:00Z
2023-07-31,E00101,1,0.1596,35806.93,2024-07-31T00:00:00Z
2023-08-31,E00101,1,0.1301,29173.58,2024-08-31T00:00:00Z
2023-09-30,E00101,1,0.194,43523.87,2024-09-30T00:00:00Z
2023-10-31,E00101,1,0.2256,50647.85,2024-10-31T00:00:00Z
2023-11-30,E00101,0,0.0,0.0,2024-11-30T00:00:00Z
2023-12-31,E00101,0,0.0,0.0,2024-12-31T00:00:00Z
2024-01-31,E00101,0,0.0,0.0,2025-01-31T00:00:00Z
2024-02-29,E00101,0,0.0,0.0,2025-03-01T00:00:00Z
2024-03-31,E00101,0,0.0,0.0,2025-04-01T00:00:00Z
2024-04-30,E00101,1,0.1891,42986.54,2025-05-01T00:00:00Z
2024-05-31,E00101,1,0.2392,54366.81,2025-06-01T00:00:00Z
2024-06-30,E00101,1,0.1508,34284.82,2025-07-01T00:00:00Z
2024-07-31,E00101,1,0.2041,46402.24,2025-08-01T00:00:00Z
2024-08-31,E00101,1,0.2357,53583.13,2025-09-01T00:00:00Z
2024-09-30,E00101,1,0.1635,37174.19,2025-10-01T00:00:00Z
2024-10-31,E00101,1,0.1921,43675.42,2025-11-01T00:00:00Z
2024-11-30,E00101,1,0.1986,45141.81,2025-12-01T00:00:00Z
2024-12-31,E00101,1,0.2144,48731.91,2026-01-01T00:00:00Z
2025-01-31,E00101,1,0.136,30925.7,2026-02-01T00:00:00Z
2025-02-28,E00101,1,0.2334,53052.54,2026-03-01T00:00:00Z
2025-03-31,E00101,1,0.1236,28102.71,2026-04-01T00:00:00Z
2025-04-30,E00101,0,0.0,0.0,2026-05-01T00:00:00Z
2025-05-31,E00101,0,0.0,0.0,2026-06-01T00:00:00Z
2025-06-30,E00101,0,0.0,0.0,2026-07-01T00:00:00Z
2023-07-31,E00102,0,0.0,0.0,2024-07-31T00:00:00Z
2023-08-31,E00102,0,0.0,0.0,2024-08-31T00:00:00Z
2023-09-30,E00102,0,0.0,0.0,2024-09-30T00:00:00Z
2023-10-31,E00102,0,0.0,0.0,2024-10-31T00:00:00Z
2023-11-30,E00102,0,0.0,0.0,2024-11-30T00:00:00Z
2023-12-31,E00102,0,0.0,0.0,2024-12-31T00:00:00Z
2024-01-31,E00102,0,0.0,0.0,2025-01-31T00:00:00Z
2024-02-29,E00102,0,0.0,0.0,2025-03-01T00:00:00Z
2024-03-31,E00102,0,0.0,0.0,2025-04-01T00:00:00Z
2024-04-30,E00102,0,0.0,0.0,2025-05-01T00:00:00Z
2024-05-31,E00102,0,0.0,0.0,2025-06-01T00:00:00Z
2024-06-30,E00102,0,0.0,0.0,2025-07-01T00:00:00Z
2024-07-31,E00102,0,0.0,0.0,2025-08-01T00:00:00Z
2024-08-31,E00102,0,0.0,0.0,2025-09-01T00:00:00Z
2024-09-30,E00102,0,0.0,0.0,2025-10-01T00:00:00Z
2024-10-31,E00102,0,0.0,0.0,2025-11-01T00:00:00Z
2024-11-30,E00102,0,0.0,0.0,2025-12-01T00:00:00Z
2024-12-31,E00102,0,0.0,0.0,2026-01-01T00:00:00Z
2025-01-31,E00102,0,0.0,0.0,2026-02-01T00:00:00Z
2025-02-28,E00102,0,0.0,0.0,2026-03-01T00:00:00Z
2025-03-31,E00102,0,0.0,0.0,2026-04-01T00:00:00Z
2025-04-30,E00102,0,0.0,0.0,2026-05-01T00:00:00Z
2025-05-31,E00102,0,0.0,0.0,2026-06-01T00:00:00Z
2025-06-30,E00102,0,0.0,0.0,2026-07-01T00:00:00Z
2023-07-31,E00103,0,0.0,0.0,2024-07-31T00:00:00Z
2023-08-31,E00103,0,0.0,0.0,2024-08-31T00:00:00Z
2023-09-30,E00103,0,0.0,0.0,2024-09-30T00:00:00Z
2023-10-31,E00103,0,0.0,0.0,2024-10-31T00:00:00Z
2023-11-30,E00103,0,0.0,0.0,2024-11-30T00:00:00Z
2023-12-31,E00103,0,0.0,0.0,2024-12-31T00:00:00Z
2024-01-31,E00103,0,0.0,0.0,2025-01-31T00:00:00Z
2024-02-29,E00103,0,0.0,0.0,2025-03-01T00:00:00Z
2024-03-31,E00103,0,0.0,0.0,2025-04-01T00:00:00Z
2024-04-30,E00103,0,0.0,0.0,2025-05-01T00:00:00Z
2024-05-31,E00103,0,0.0,0.0,2025-06-01T00:00:00Z
2024-06-30,E00103,0,0.0,0.0,2025-07-01T00:00:00Z
2024-07-31,E00103,0,0.0,0.0,2025-08-01T00:00:00Z
2024-08-31,E00103,0,0.0,0.0,2025-09-01T00:00:00Z
2024-09-30,E00103,0,0.0,0.0,2025-10-01T00:00:00Z
2024-10-31,E00103,0,0.0,0.0,2025-11-01T00:00:00Z
2024-11-30,E00103,0,0.0,0.0,2025-12-01T00:00:00Z
2024-12-31,E00103,0,0.0,0.0,2026-01-01T00:00:00Z
2025-01-31,E00103,0,0.0,0.0,2026-02-01T00:00:00Z
2025-02-28,E00103,0,0.0,0.0,2026-03-01T00:00:00Z
2025-03-31,E00103,0,0.0,0.0,2026-04-01T00:00:00Z
2025-04-30,E00103,0,0.0,0.0,2026-05-01T00:00:00Z
2025-05-31,E00103,0,0.0,0.0,2026-06-01T00:00:00Z
2025-06-30,E00103,0,0.0,0.0,2026-07-01T00:00:00Z
2023-07-31,E00104,0,0.0,0.0,2024-07-31T00:00:00Z
2023-08-31,E00104,0,0.0,0.0,2024-08-31T00:00:00Z
2023-09-30,E00104,0,0.0,0.0,2024-09-30T00:00:00Z
2023-10-31,E00104,0,0.0,0.0,2024-10-31T00:00:00Z
2023-11-30,E00104,0,0.0,0.0,2024-11-30T00:00:00Z
2023-12-31,E00104,0,0.0,0.0,2024-12-31T00:00:00Z
2024-01-31,E00104,0,0.0,0.0,2025-01-31T00:00:00Z
2024-02-29,E00104,0,0.0,0.0,2025-03-01T00:00:00Z
2024-03-31,E00104,0,0.0,0.0,2025-04-01T00:00:00Z
2024-04-30,E00104,0,0.0,0.0,2025-05-01T00:00:00Z
2024-05-31,E00104,0,0.0,0.0,2025-06-01T00:00:00Z
2024-06-30,E00104,0,0.0,0.0,2025-07-01T00:00:00Z
2024-07-31,E00104,0,0.0,0.0,2025-08-01T00:00:00Z
2024-08-31,E00104,0,0.0,0.0,2025-09-01T00:00:00Z
2024-09-30,E00104,0,0.0,0.0,2025-10-01T00:00:00Z
2024-10-31,E00104,0,0.0,0.0,2025-11-01T00:00:00Z
2024-11-30,E00104,0,0.0,0.0,2025-12-01T00:00:00Z
2024-12-31,E00104,0,0.0,0.0,2026-01-01T00:00:00Z
2025-01-31,E00104,0,0.0,0.0,2026-02-01T00:00:00Z
2025-02-28,E00104,0,0.0,0.0,2026-03-01T00:00:00Z
2025-03-31,E00104,0,0.0,0.0,2026-04-01T00:00:00Z
2025-04-30,E00104,0,0.0,0.0,2026-05-01T00:00:00Z
2025-05-31,E00104,0,0.0,0.0,2026-06-01T00:00:00Z
2025-06-30,E00104,0,0.0,0.0,2026-07-01T00:00:00Z
2023-07-31,E00105,0,0.0,0.0,2024-07-31T00:00:00Z
2023-08-31,E00105,0,0.0,0.0,2024-08-31T00:00:00Z
2023-09-30,E00105,0,0.0,0.0,2024-09-30T00:00:00Z
2023-10-31,E00105,0,0.0,0.0,2024-10-31T00:00:00Z
2023-11-30,E00105,1,0.013,527.41,2024-11-30T00:00:00Z
2023-12-31,E00105,1,0.0026,103.7,2024-12-31T00:00:00Z
2024-01-31,E00105,1,0.0438,1774.71,2025-01-31T00:00:00Z
2024-02-29,E00105,1,0.0525,2129.59,2025-03-01T00:00:00Z
2024-03-31,E00105,1,0.0059,240.02,2025-04-01T00:00:00Z
2024-04-30,E00105,1,0.0344,1393.76,2025-05-01T00:00:00Z
2024-05-31,E00105,1,0.114,4621.86,2025-06-01T00:00:00Z
2024-06-30,E00105,1,0.0479,1939.42,2025-07-01T00:00:00Z
2024-07-31,E00105,1,0.012,487.43,2025-08-01T00:00:00Z
2024-08-31,E00105,1,0.0349,1412.47,2025-09-01T00:00:00Z
2024-09-30,E00105,1,0.0521,2112.89,2025-10-01T00:00:00Z
2024-10-31,E00105,1,0.0846,3429.63,2025-11-01T00:00:00Z
2024-11-30,E00105,0,0.0,0.0,2025-12-01T00:00:00Z
2024-12-31,E00105,0,0.0,0.0,2026-01-01T00:00:00Z
2025-01-31,E00105,0,0.0,0.0,2026-02-01T00:00:00Z
2025-02-28,E00105,0,0.0,0.0,2026-03-01T00:00:00Z
2025-03-31,E00105,0,0.0,0.0,2026-04-01T00:00:00Z
2025-04-30,E00105,0,0.0,0.0,2026-05-01T00:00:00Z
2025-05-31,E00105,0,0.0,0.0,2026-06-01T00:00:00Z
2025-06-30,E00105,0,0.0,0.0,2026-07-01T00:00:00Z
2023-07-31,E00106,0,0.0,0.0,2024-07-31T00:00:00Z
2023-08-31,E00106,0,0.0,0.0,2024-08-31T00:00:00Z
2023-09-30,E00106,0,0.0,0.0,2024-09-30T00:00:00Z
2023-10-31,E00106,0,0.0,0.0,2024-10-31T00:00:00Z
2023-11-30,E00106,0,0.0,0.0,2024-11-30T00:00:00Z
2023-12-31,E00106,0,0.0,0.0,2024-12-31T00:00:00Z
2024-01-31,E00106,0,0.0,0.0,2025-01-31T00:00:00Z
2024-02-29,E00106,0,0.0,0.0,2025-03-01T00:00:00Z
2024-03-31,E00106,0,0.0,0.0,2025-04-01T00:00:00Z
2024-04-30,E00106,0,0.0,0.0,2025-05-01T00:00:00Z
2024-05-31,E00106,0,0.0,0.0,2025-06-01T00:00:00Z
2024-06-30,E00106,0,0.0,0.0,2025-07-01T00:00:00Z
2024-07-31,E00106,0,0.0,0.0,2025-08-01T00:00:00Z
2024-08-31,E00106,0,0.0,0.0,2025-09-01T00:00:00Z
2024-09-30,E00106,0,0.0,0.0,2025-10-01T00:00:00Z
2024-10-31,E00106,0,0.0,0.0,2025-11-01T00:00:00Z
2024-11-30,E00106,0,0.0,0.0,2025-12-01T00:00:00Z
2024-12-31,E00106,0,0.0,0.0,2026-01-01T00:00:00Z
2025-01-31,E00106,0,0.0,0.0,2026-02-01T00:00:00Z
2025-02-28,E00106,0,0.0,0.0,2026-03-01T00:00:00Z
2025-03-31,E00106,0,0.0,0.0,2026-04-01T00:00:00Z
2025-04-30,E00106,0,0.0,0.0,2026-05-01T00:00:00Z
2025-05-31,E00106,0,0.0,0.0,2026-06-01T00:00:00Z
2025-06-30,E00106,0,0.0,0.0,2026-07-01T00:00:00Z
2023-07-31,E00107,0,0.0,0.0,2024-07-31T00:00:00Z
2023-08-31,E00107,0,0.0,0.0,2024-08-31T00:00:00Z
2023-09-30,E00107,0,0.0,0.0,2024-09-30T00:00:00Z
2023-10-31,E00107,0,0.0,0.0,2024-10-31T00:00:00Z
2023-11-30,E00107,0,0.0,0.0,2024-11-30T00:00:00Z
2023-12-31,E00107,0,0.0,0.0,2024-12-31T00:00:00Z
2024-01-31,E00107,0,0.0,0.0,2025-01-31T00:00:00Z
2024-02-29,E00107,0,0.0,0.0,2025-03-01T00:00:00Z
2024-03-31,E00107,0,0.0,0.0,2025-04-01T00:00:00Z
2024-04-30,E00107,0,0.0,0.0,2025-05-01T00:00:00Z
2024-05-31,E00107,0,0.0,0.0,2025-06-01T00:00:00Z
2024-06-30,E00107,0,0.0,0.0,2025-07-01T00:00:00Z
2024-07-31,E00107,0,0.0,0.0,2025-08-01T00:00:00Z
2024-08-31,E00107,0,0.0,0.0,2025-09-01T00:00:00Z
2024-09-30,E00107,0,0.0,0.0,2025-10-01T00:00:00Z
2024-10-31,E00107,0,0.0,0.0,2025-11-01T00:00:00Z
2024-11-30,E00107,0,0.0,0.0,2025-12-01T00:00:00Z
2024-12-31,E00107,0,0.0,0.0,2026-01-01T00:00:00Z
2025-01-31,E00107,0,0.0,0.0,2026-02-01T00:00:00Z
2025-02-28,E00107,0,0.0,0.0,2026-03-01T00:00:00Z
2025-03-31,E00107,0,0.0,0.0,2026-04-01T00:00:00Z
2025-04-30,E00107,0,0.0,0.0,2026-05-01T00:00:00Z
2025-05-31,E00107,0,0.0,0.0,2026-06-01T00:00:00Z
2025-06-30,E00107,0,0.0,0.0,2026-07-01T00:00:00Z
2023-07-31,E00108,0,0.0,0.0,2024-07-31T00:00:00Z
2023-08-31,E00108,0,0.0,0.0,2024-08-31T00:00:00Z
2023-09-30,E00108,0,0.0,0.0,2024-09-30T00:00:00Z
2023-10-31,E00108,0,0.0,0.0,2024-10-31T00:00:00Z
2023-11-30,E00108,0,0.0,0.0,2024-11-30T00:00:00Z
2023-12-31,E00108,0,0.0,0.0,2024-12-31T00:00:00Z
2024-01-31,E00108,0,0.0,0.0,2025-01-31T00:00:00Z
2024-02-29,E00108,0,0.0,0.0,2025-03-01T00:00:00Z
2024-03-31,E00108,0,0.0,0.0,2025-04-01T00:00:00Z
2024-04-30,E00108,0,0.0,0.0,2025-05-01T00:00:00Z
2024-05-31,E00108,0,0.0,0.0,2025-06-01T00:00:00Z
2024-06-30,E00108,0,0.0,0.0,2025-07-01T00:00:00Z
2024-07-31,E00108,0,0.0,0.0,2025-08-01T00:00:00Z
2024-08-31,E00108,0,0.0,0.0,2025-09-01T00:00:00Z
2024-09-30,E00108,0,0.0,0.0,2025-10-01T00:00:00Z
2024-10-31,E00108,0,0.0,0.0,2025-11-01T00:00:00Z
2024-11-30,E00108,0,0.0,0.0,2025-12-01T00:00:00Z
2024-12-31,E00108,0,0.0,0.0,2026-01-01T00:00:00Z
2025-01-31,E00108,0,0.0,0.0,2026-02-01T00:00:00Z
2025-02-28,E00108,0,0.0,0.0,2026-03-01T00:00:00Z
2025-03-31,E00108,0,0.0,0.0,2026-04-01T00:00:00Z
2025-04-30,E00108,0,0.0,0.0,2026-05-01T00:00:00Z
2025-05-31,E00108,0,0.0,0.0,2026-06-01T00:00:00Z
2025-06-30,E00108,0,0.0,0.0,2026-07-01T00:00:00Z
2023-07-31,E00109,0,0.0,0.0,2024-07-31T00:00:00Z
2023-08-31,E00109,0,0.0,0.0,2024-08-31T00:00:00Z
2023-09-30,E00109,0,0.0,0.0,2024-09-30T00:00:00Z
2023-10-31,E00109,0,0.0,0.0,2024-10-31T00:00:00Z
2023-11-30,E00109,0,0.0,0.0,2024-11-30T00:00:00Z
2023-12-31,E00109,0,0.0,0.0,2024-12-31T00:00:00Z
2024-01-31,E00109,0,0.0,0.0,2025-01-31T00:00:00Z
2024-02-29,E00109,0,0.0,0.0,2025-03-01T00:00:00Z
2024-03-31,E00109,0,0.0,0.0,2025-04-01T00:00:00Z
2024-04-30,E00109,0,0.0,0.0,2025-05-01T00:00:00Z
2024-05-31,E00109,0,0.0,0.0,2025-06-01T00:00:00Z
2024-06-30,E00109,0,0.0,0.0,2025-07-01T00:00:00Z
2024-07-31,E00109,0,0.0,0.0,2025-08-01T00:00:00Z
2024-08-31,E00109,0,0.0,0.0,2025-09-01T00:00:00Z
2024-09-30,E00109,0,0.0,0.0,2025-10-01T00:00:00Z
2024-10-31,E00109,0,0.0,0.0,2025-11-01T00:00:00Z
2024-11-30,E00109,0,0.0,0.0,2025-12-01T00:00:00Z
2024-12-31,E00109,0,0.0,0.0,2026-01-01T00:00:00Z
2025-01-31,E00109,0,0.0,0.0,2026-02-01T00:00:00Z
2025-02-28,E00109,0,0.0,0.0,2026-03-01T00:00:00Z
2025-03-31,E00109,0,0.0,0.0,2026-04-01T00:00:00Z
2025-04-30,E00109,0,0.0,0.0,2026-05-01T00:00:00Z
2025-05-31,E00109,0,0.0,0.0,2026-06-01T00:00:00Z
2025-06-30,E00109,0,0.0,0.0,2026-07-01T00:00:00Z
2023-07-31,E00110,0,0.0,0.0,2024-07-31T00:00:00Z
2023-08-31,E00110,0,0.0,0.0,2024-08-31T00:00:00Z
2023-09-30,E00110,0,0.0,0.0,2024-09-30T00:00:00Z
2023-10-31,E00110,0,0.0,0.0,2024-10-31T00:00:00Z
2023-11-30,E00110,0,0.0,0.0,2024-11-30T00:00:00Z
2023-12-31,E00110,0,0.0,0.0,2024-12-31T00:00:00Z
2024-01-31,E00110,0,0.0,0.0,2025-01-31T00:00:00Z
2024-02-29,E00110,0,0.0,0.0,2025-03-01T00:00:00Z
2024-03-31,E00110,0,0.0,0.0,2025-04-01T00:00:00Z
2024-04-30,E00110,0,0.0,0.0,2025-05-01T00:00:00Z
2024-05-31,E00110,0,0.0,0.0,2025-06-01T00:00:00Z
2024-06-30,E00110,0,0.0,0.0,2025-07-01T00:00:00Z
2024-07-31,E00110,0,0.0,0.0,2025-08-01T00:00:00Z
2024-08-31,E00110,0,0.0,0.0,2025-09-01T00:00:00Z
2024-09-30,E00110,0,0.0,0.0,2025-10-01T00:00:00Z
2024-10-31,E00110,0,0.0,0.0,2025-11-01T00:00:00Z
2024-11-30,E00110,0,0.0,0.0,2025-12-01T00:00:00Z
2024-12-31,E00110,0,0.0,0.0,2026-01-01T00:00:00Z
2025-01-31,E00110,0,0.0,0.0,2026-02-01T00:00:00Z
2025-02-28,E00110,0,0.0,0.0,2026-03-01T00:00:00Z
2025-03-31,E00110,0,0.0,0.0,2026-04-01T00:00:00Z
2025-04-30,E00110,0,0.0,0.0,2026-05-01T00:00:00Z
2025-05-31,E00110,0,0.0,0.0,2026-06-01T00:00:00Z
2025-06-30,E00110,0,0.0,0.0,2026-07-01T00:00:00Z
2023-07-31,E00111,0,0.0,0.0,2024-07-31T00:00:00Z
2023-08-31,E00111,0,0.0,0.0,2024-08-31T00:00:00Z
2023-09-30,E00111,0,0.0,0.0,2024-09-30T00:00:00Z
2023-10-31,E00111,0,0.0,0.0,2024-10-31T00:00:00Z
2023-11-30,E00111,0,0.0,0.0,2024-11-30T00:00:00Z
2023-12-31,E00111,0,0.0,0.0,2024-12-31T00:00:00Z
2024-01-31,E00111,0,0.0,0.0,2025-01-31T00:00:00Z
2024-02-29,E00111,0,0.0,0.0,2025-03-01T00:00:00Z
2024-03-31,E00111,0,0.0,0.0,2025-04-01T00:00:00Z
2024-04-30,E00111,0,0.0,0.0,2025-05-01T00:00:00Z
2024-05-31,E00111,0,0.0,0.0,2025-06-01T00:00:00Z
2024-06-30,E00111,0,0.0,0.0,2025-07-01T00:00:00Z
2024-07-31,E00111,0,0.0,0.0,2025-08-01T00:00:00Z
2024-08-31,E00111,0,0.0,0.0,2025-09-01T00:00:00Z
2024-09-30,E00111,0,0.0,0.0,2025-10-01T00:00:00Z
2024-10-31,E00111,0,0.0,0.0,2025-11-01T00:00:00Z
2024-11-30,E00111,0,0.0,0.0,2025-12-01T00:00:00Z
2024-12-31,E00111,0,0.0,0.0,2026-01-01T00:00:00Z
2025-01-31,E00111,0,0.0,0.0,2026-02-01T00:00:00Z
2025-02-28,E00111,0,0.0,0.0,2026-03-01T00:00:00Z
2025-03-31,E00111,0,0.0,0.0,2026-04-01T00:00:00Z
2025-04-30,E00111,0,0.0,0.0,2026-05-01T00:00:00Z
2025-05-31,E00111,0,0.0,0.0,2026-06-01T00:00:00Z
2025-06-30,E00111,0,0.0,0.0,2026-07-01T00:00:00Z
2023-07-31,E00112,1,0.0349,6299.94,2024-07-31T00:00:00Z
2023-08-31,E00112,1,0.1026,18497.98,2024-08-31T00:00:00Z
2023-09-30,E00112,1,0.0975,17581.99,2024-09-30T00:00:00Z
2023-10-31,E00112,1,0.073,13160.6,2024-10-31T00:00:00Z
2023-11-30,E00112,0,0.0,0.0,2024-11-30T00:00:00Z
2023-12-31,E00112,0,0.0,0.0,2024-12-31T00:00:00Z
2024-01-31,E00112,0,0.0,0.0,2025-01-31T00:00:00Z
2024-02-29,E00112,0,0.0,0.0,2025-03-01T00:00:00Z
2024-03-31,E00112,0,0.0,0.0,2025-04-01T00:00:00Z
2024-04-30,E00112,0,0.0,0.0,2025-05-01T00:00:00Z
2024-05-31,E00112,0,0.0,0.0,2025-06-01T00:00:00Z
2024-06-30,E00112,0,0.0,0.0,2025-07-01T00:00:00Z
2024-07-31,E00112,0,0.0,0.0,2025-08-01T00:00:00Z
2024-08-31,E00112,0,0.0,0.0,2025-09-01T00:00:00Z
2024-09-30,E00112,0,0.0,0.0,2025-10-01T00:00:00Z
2024-10-31,E00112,0,0.0,0.0,2025-11-01T00:00:00Z
2024-11-30,E00112,0,0.0,0.0,2025-12-01T00:00:00Z
2024-12-31,E00112,0,0.0,0.0,2026-01-01T00:00:00Z
2025-01-31,E00112,0,0.0,0.0,2026-02-01T00:00:00Z
2025-02-28,E00112,0,0.0,0.0,2026-03-01T00:00:00Z
2025-03-31,E00112,0,0.0,0.0,2026-04-01T00:00:00Z
2025-04-30,E00112,0,0.0,0.0,2026-05-01T00:00:00Z
2025-05-31,E00112,0,0.0,0.0,2026-06-01T00:00:00Z
2025-06-30,E00112,0,0.0,0.0,2026-07-01T00:00:00Z
2023-07-31,E00113,0,0.0,0.0,2024-07-31T00:00:00Z
2023-08-31,E00113,0,0.0,0.0,2024-08-31T00:00:00Z
2023-09-30,E00113,0,0.0,0.0,2024-09-30T00:00:00Z
2023-10-31,E00113,0,0.0,0.0,2024-10-31T00:00:00Z
2023-11-30,E00113,0,0.0,0.0,2024-11-30T00:00:00Z
2023-12-31,E00113,0,0.0,0.0,2024-12-31T00:00:00Z
2024-01-31,E00113,0,0.0,0.0,2025-01-31T00:00:00Z
2024-02-29,E00113,0,0.0,0.0,2025-03-01T00:00:00Z
2024-03-31,E00113,0,0.0,0.0,2025-04-01T00:00:00Z
2024-04-30,E00113,0,0.0,0.0,2025-05-01T00:00:00Z
2024-05-31,E00113,0,0.0,0.0,2025-06-01T00:00:00Z
2024-06-30,E00113,0,0.0,0.0,2025-07-01T00:00:00Z
2024-07-31,E00113,0,0.0,0.0,2025-08-01T00:00:00Z
2024-08-31,E00113,0,0.0,0.0,2025-09-01T00:00:00Z
2024-09-30,E00113,0,0.0,0.0,2025-10-01T00:00:00Z
2024-10-31,E00113,0,0.0,0.0,2025-11-01T00:00:00Z
2024-11-30,E00113,0,0.0,0.0,2025-12-01T00:00:00Z
2024-12-31,E00113,0,0.0,0.0,2026-01-01T00:00:00Z
2025-01-31,E00113,0,0.0,0.0,2026-02-01T00:00:00Z
2025-02-28,E00113,0,0.0,0.0,2026-03-01T00:00:00Z
2025-03-31,E00113,0,0.0,0.0,2026-04-01T00:00:00Z
2025-04-30,E00113,0,0.0,0.0,2026-05-01T00:00:00Z
2025-05-31,E00113,0,0.0,0.0,2026-06-01T00:00:00Z
2025-06-30,E00113,0,0.0,0.0,2026-07-01T00:00:00Z
2023-07-31,E00114,1,0.0606,3343.53,2024-07-31T00:00:00Z
2023-08-31,E00114,1,0.0169,931.54,2024-08-31T00:00:00Z
2023-09-30,E00114,1,0.0342,1885.68,2024-09-30T00:00:00Z
2023-10-31,E00114,1,0.1159,6396.09,2024-10-31T00:00:00Z
2023-11-30,E00114,1,0.079,4359.03,2024-11-30T00:00:00Z
2023-12-31,E00114,1,0.1474,8131.68,2024-12-31T00:00:00Z
2024-01-31,E00114,1,0.0484,2671.45,2025-01-31T00:00:00Z
2024-02-29,E00114,1,0.049,2704.99,2025-03-01T00:00:00Z
2024-03-31,E00114,1,0.0797,4398.85,2025-04-01T00:00:00Z
2024-04-30,E00114,1,0.0337,1858.16,2025-05-01T00:00:00Z
2024-05-31,E00114,0,0.0,0.0,2025-06-01T00:00:00Z
2024-06-30,E00114,0,0.0,0.0,2025-07-01T00:00:00Z
2024-07-31,E00114,0,0.0,0.0,2025-08-01T00:00:00Z
2024-08-31,E00114,0,0.0,0.0,2025-09-01T00:00:00Z
2024-09-30,E00114,0,0.0,0.0,2025-10-01T00:00:00Z
2024-10-31,E00114,0,0.0,0.0,2025-11-01T00:00:00Z
2024-11-30,E00114,0,0.0,0.0,2025-12-01T00:00:00Z
2024-12-31,E00114,0,0.0,0.0,2026-01-01T00:00:00Z
2025-01-31,E00114,0,0.0,0.0,2026-02-01T00:00:00Z
2025-02-28,E00114,0,0.0,0.0,2026-03-01T00:00:00Z
2025-03-31,E00114,0,0.0,0.0,2026-04-01T00:00:00Z
2025-04-30,E00114,0,0.0,0.0,2026-05-01T00:00:00Z
2025-05-31,E00114,0,0.0,0.0,2026-06-01T00:00:00Z
2025-06-30,E00114,0,0.0,0.0,2026-07-01T00:00:00Z
2023-07-31,E00115,0,0.0,0.0,2024-07-31T00:00:00Z
2023-08-31,E00115,0,0.0,0.0,2024-08-31T00:00:00Z
2023-09-30,E00115,0,0.0,0.0,2024-09-30T00:00:00Z
2023-10-31,E00115,0,0.0,0.0,2024-10-31T00:00:00Z
2023-11-30,E00115,0,0.0,0.0,2024-11-30T00:00:00Z
2023-12-31,E00115,0,0.0,0.0,2024-12-31T00:00:00Z
2024-01-31,E00115,0,0.0,0.0,2025-01-31T00:00:00Z
2024-02-29,E00115,0,0.0,0.0,2025-03-01T00:00:00Z
2024-03-31,E00115,0,0.0,0.0,2025-04-01T00:00:00Z
2024-04-30,E00115,0,0.0,0.0,2025-05-01T00:00:00Z
2024-05-31,E00115,0,0.0,0.0,2025-06-01T00:00:00Z
2024-06-30,E00115,0,0.0,0.0,2025-07-01T00:00:00Z
2024-07-31,E00115,0,0.0,0.0,2025-08-01T00:00:00Z
2024-08-31,E00115,0,0.0,0.0,2025-09-01T00:00:00Z
2024-09-30,E00115,0,0.0,0.0,2025-10-01T00:00:00Z
2024-10-31,E00115,0,0.0,0.0,2025-11-01T00:00:00Z
2024-11-30,E00115,0,0.0,0.0,2025-12-01T00:00:00Z
2024-12-31,E00115,0,0.0,0.0,2026-01-01T00:00:00Z
2025-01-31,E00115,0,0.0,0.0,2026-02-01T00:00:00Z
2025-02-28,E00115,0,0.0,0.0,2026-03-01T00:00:00Z
2025-03-31,E00115,0,0.0,0.0,2026-04-01T00:00:00Z
2025-04-30,E00115,0,0.0,0.0,2026-05-01T00:00:00Z
2025-05-31,E00115,0,0.0,0.0,2026-06-01T00:00:00Z
2025-06-30,E00115,0,0.0,0.0,2026-07-01T00:00:00Z
2023-07-31,E00116,0,0.0,0.0,2024-07-31T00:00:00Z
2023-08-31,E00116,0,0.0,0.0,2024-08-31T00:00:00Z
2023-09-30,E00116,0,0.0,0.0,2024-09-30T00:00:00Z
2023-10-31,E00116,0,0.0,0.0,2024-10-31T00:00:00Z
2023-11-30,E00116,0,0.0,0.0,2024-11-30T00:00:00Z
2023-12-31,E00116,0,0.0,0.0,2024-12-31T00:00:00Z
2024-01-31,E00116,0,0.0,0.0,2025-01-31T00:00:00Z
2024-02-29,E00116,0,0.0,0.0,2025-03-01T00:00:00Z
2024-03-31,E00116,0,0.0,0.0,2025-04-01T00:00:00Z
2024-04-30,E00116,0,0.0,0.0,2025-05-01T00:00:00Z
2024-05-31,E00116,0,0.0,0.0,2025-06-01T00:00:00Z
2024-06-30,E00116,0,0.0,0.0,2025-07-01T00:00:00Z
2024-07-31,E00116,0,0.0,0.0,2025-08-01T00:00:00Z
2024-08-31,E00116,0,0.0,0.0,2025-09-01T00:00:00Z
2024-09-30,E00116,0,0.0,0.0,2025-10-01T00:00:00Z
2024-10-31,E00116,0,0.0,0.0,2025-11-01T00:00:00Z
2024-11-30,E00116,0,0.0,0.0,2025-12-01T00:00:00Z
2024-12-31,E00116,0,0.0,0.0,2026-01-01T00:00:00Z
2025-01-31,E00116,0,0.0,0.0,2026-02-01T00:00:00Z
2025-02-28,E00116,0,0.0,0.0,2026-03-01T00:00:00Z
2025-03-31,E00116,0,0.0,0.0,2026-04-01T00:00:00Z
2025-04-30,E00116,0,0.0,0.0,2026-05-01T00:00:00Z
2025-05-31,E00116,0,0.0,0.0,2026-06-01T00:00:00Z
2025-06-30,E00116,0,0.0,0.0,2026-07-01T00:00:00Z
2023-07-31,E00117,0,0.0,0.0,2024-07-31T00:00:00Z
2023-08-31,E00117,0,0.0,0.0,2024-08-31T00:00:00Z
2023-09-30,E00117,0,0.0,0.0,2024-09-30T00:00:00Z
2023-10-31,E00117,0,0.0,0.0,2024-10-31T00:00:00Z
2023-11-30,E00117,0,0.0,0.0,2024-11-30T00:00:00Z
2023-12-31,E00117,0,0.0,0.0,2024-12-31T00:00:00Z
2024-01-31,E00117,0,0.0,0.0,2025-01-31T00:00:00Z
2024-02-29,E00117,0,0.0,0.0,2025-03-01T00:00:00Z
2024-03-31,E00117,0,0.0,0.0,2025-04-01T00:00:00Z
2024-04-30,E00117,0,0.0,0.0,2025-05-01T00:00:00Z
2024-05-31,E00117,0,0.0,0.0,2025-06-01T00:00:00Z
2024-06-30,E00117,0,0.0,0.0,2025-07-01T00:00:00Z
2024-07-31,E00117,0,0.0,0.0,2025-08-01T00:00:00Z
2024-08-31,E00117,0,0.0,0.0,2025-09-01T00:00:00Z
2024-09-30,E00117,0,0.0,0.0,2025-10-01T00:00:00Z
2024-10-31,E00117,0,0.0,0.0,2025-11-01T00:00:00Z
2024-11-30,E00117,0,0.0,0.0,2025-12-01T00:00:00Z
2024-12-31,E00117,0,0.0,0.0,2026-01-01T00:00:00Z
2025-01-31,E00117,0,0.0,0.0,2026-02-01T00:00:00Z
2025-02-28,E00117,0,0.0,0.0,2026-03-01T00:00:00Z
2025-03-31,E00117,0,0.0,0.0,2026-04-01T00:00:00Z
2025-04-30,E00117,0,0.0,0.0,2026-05-01T00:00:00Z
2025-05-31,E00117,0,0.0,0.0,2026-06-01T00:00:00Z
2025-06-30,E00117,0,0.0,0.0,2026-07-01T00:00:00Z
2023-07-31,E00118,0,0.0,0.0,2024-07-31T00:00:00Z
2023-08-31,E00118,0,0.0,0.0,2024-08-31T00:00:00Z
2023-09-30,E00118,0,0.0,0.0,2024-09-30T00:00:00Z
2023-10-31,E00118,0,0.0,0.0,2024-10-31T00:00:00Z
2023-11-30,E00118,0,0.0,0.0,2024-11-30T00:00:00Z
2023-12-31,E00118,0,0.0,0.0,2024-12-31T00:00:00Z
2024-01-31,E00118,0,0.0,0.0,2025-01-31T00:00:00Z
2024-02-29,E00118,0,0.0,0.0,2025-03-01T00:00:00Z
2024-03-31,E00118,0,0.0,0.0,2025-04-01T00:00:00Z
2024-04-30,E00118,0,0.0,0.0,2025-05-01T00:00:00Z
2024-05-31,E00118,0,0.0,0.0,2025-06-01T00:00:00Z
2024-06-30,E00118,0,0.0,0.0,2025-07-01T00:00:00Z
2024-07-31,E00118,0,0.0,0.0,2025-08-01T00:00:00Z
2024-08-31,E00118,0,0.0,0.0,2025-09-01T00:00:00Z
2024-09-30,E00118,0,0.0,0.0,2025-10-01T00:00:00Z
2024-10-31,E00118,0,0.0,0.0,2025-11-01T00:00:00Z
2024-11-30,E00118,0,0.0,0.0,2025-12-01T00:00:00Z
2024-12-31,E00118,0,0.0,0.0,2026-01-01T00:00:00Z
2025-01-31,E00118,0,0.0,0.0,2026-02-01T00:00:00Z
2025-02-28,E00118,0,0.0,0.0,2026-03-01T00:00:00Z
2025-03-31,E00118,0,0.0,0.0,2026-04-01T00:00:00Z
2025-04-30,E00118,0,0.0,0.0,2026-05-01T00:00:00Z
2025-05-31,E00118,0,0.0,0.0,2026-06-01T00:00:00Z
2025-06-30,E00118,0,0.0,0.0,2026-07-01T00:00:00Z
2023-07-31,E00119,0,0.0,0.0,2024-07-31T00:00:00Z
2023-08-31,E00119,0,0.0,0.0,2024-08-31T00:00:00Z
2023-09-30,E00119,0,0.0,0.0,2024-09-30T00:00:00Z
2023-10-31,E00119,0,0.0,0.0,2024-10-31T00:00:00Z
2023-11-30,E00119,0,0.0,0.0,2024-11-30T00:00:00Z
2023-12-31,E00119,0,0.0,0.0,2024-12-31T00:00:00Z
2024-01-31,E00119,1,0.4813,91998.03,2025-01-31T00:00:00Z
2024-02-29,E00119,1,0.4522,86430.73,2025-03-01T00:00:00Z
2024-03-31,E00119,1,0.2828,54060.33,2025-04-01T00:00:00Z
2024-04-30,E00119,1,0.3623,69245.06,2025-05-01T00:00:00Z
2024-05-31,E00119,1,0.3667,70083.92,2025-06-01T00:00:00Z
2024-06-30,E00119,1,0.4148,79291.85,2025-07-01T00:00:00Z
2024-07-31,E00119,1,0.4834,92403.11,2025-08-01T00:00:00Z
2024-08-31,E00119,1,0.4497,85954.15,2025-09-01T00:00:00Z
2024-09-30,E00119,1,0.3863,73828.99,2025-10-01T00:00:00Z
2024-10-31,E00119,1,0.3677,70277.03,2025-11-01T00:00:00Z
2024-11-30,E00119,1,0.4628,88456.86,2025-12-01T00:00:00Z
2024-12-31,E00119,1,0.3963,75738.8,2026-01-01T00:00:00Z
2025-01-31,E00119,0,0.0,0.0,2026-02-01T00:00:00Z
2025-02-28,E00119,0,0.0,0.0,2026-03-01T00:00:00Z
2025-03-31,E00119,0,0.0,0.0,2026-04-01T00:00:00Z
2025-04-30,E00119,0,0.0,0.0,2026-05-01T00:00:00Z
2025-05-31,E00119,0,0.0,0.0,2026-06-01T00:00:00Z
2025-06-30,E00119,0,0.0,0.0,2026-07-01T00:00:00Z
2023-07-31,E00120,0,0.0,0.0,2024-07-31T00:00:00Z
2023-08-31,E00120,0,0.0,0.0,2024-08-31T00:00:00Z
2023-09-30,E00120,0,0.0,0.0,2024-09-30T00:00:00Z
2023-10-31,E00120,0,0.0,0.0,2024-10-31T00:00:00Z
2023-11-30,E00120,0,0.0,0.0,2024-11-30T00:00:00Z
2023-12-31,E00120,0,0.0,0.0,2024-12-31T00:00:00Z
2024-01-31,E00120,0,0.0,0.0,2025-01-31T00:00:00Z
2024-02-29,E00120,0,0.0,0.0,2025-03-01T00:00:00Z
2024-03-31,E00120,0,0.0,0.0,2025-04-01T00:00:00Z
2024-04-30,E00120,0,0.0,0.0,2025-05-01T00:00:00Z
2024-05-31,E00120,0,0.0,0.0,2025-06-01T00:00:00Z
2024-06-30,E00120,0,0.0,0.0,2025-07-01T00:00:00Z
2024-07-31,E00120,0,0.0,0.0,2025-08-01T00:00:00Z
2024-08-31,E00120,0,0.0,0.0,2025-09-01T00:00:00Z
2024-09-30,E00120,0,0.0,0.0,2025-10-01T00:00:00Z
2024-10-31,E00120,0,0.0,0.0,2025-11-01T00:00:00Z
2024-11-30,E00120,0,0.0,0.0,2025-12-01T00:00:00Z
2024-12-31,E00120,0,0.0,0.0,2026-01-01T00:00:00Z
2025-01-31,E00120,0,0.0,0.0,2026-02-01T00:00:00Z
2025-02-28,E00120,0,0.0,0.0,2026-03-01T00:00:00Z
2025-03-31,E00120,0,0.0,0.0,2026-04-01T00:00:00Z
2025-04-30,E00120,0,0.0,0.0,2026-05-01T00:00:00Z
2025-05-31,E00120,0,0.0,0.0,2026-06-01T00:00:00Z
2025-06-30,E00120,0,0.0,0.0,2026-07-01T00:00:00Z
2023-07-31,E00121,0,0.0,0.0,2024-07-31T00:00:00Z
2023-08-31,E00121,0,0.0,0.0,2024-08-31T00:00:00Z
2023-09-30,E00121,0,0.0,0.0,2024-09-30T00:00:00Z
2023-10-31,E00121,0,0.0,0.0,2024-10-31T00:00:00Z
2023-11-30,E00121,0,0.0,0.0,2024-11-30T00:00:00Z
2023-12-31,E00121,0,0.0,0.0,2024-12-31T00:00:00Z
2024-01-31,E00121,0,0.0,0.0,2025-01-31T00:00:00Z
2024-02-29,E00121,0,0.0,0.0,2025-03-01T00:00:00Z
2024-03-31,E00121,0,0.0,0.0,2025-04-01T00:00:00Z
2024-04-30,E00121,0,0.0,0.0,2025-05-01T00:00:00Z
2024-05-31,E00121,0,0.0,0.0,2025-06-01T00:00:00Z
2024-06-30,E00121,0,0.0,0.0,2025-07-01T00:00:00Z
2024-07-31,E00121,0,0.0,0.0,2025-08-01T00:00:00Z
2024-08-31,E00121,0,0.0,0.0,2025-09-01T00:00:00Z
2024-09-30,E00121,0,0.0,0.0,2025-10-01T00:00:00Z
2024-10-31,E00121,0,0.0,0.0,2025-11-01T00:00:00Z
2024-11-30,E00121,0,0.0,0.0,2025-12-01T00:00:00Z
2024-12-31,E00121,0,0.0,0.0,2026-01-01T00:00:00Z
2025-01-31,E00121,0,0.0,0.0,2026-02-01T00:00:00Z
2025-02-28,E00121,0,0.0,0.0,2026-03-01T00:00:00Z
2025-03-31,E00121,0,0.0,0.0,2026-04-01T00:00:00Z
2025-04-30,E00121,0,0.0,0.0,2026-05-01T00:00:00Z
2025-05-31,E00121,0,0.0,0.0,2026-06-01T00:00:00Z
2025-06-30,E00121,0,0.0,0.0,2026-07-01T00:00:00Z
2023-07-31,E00122,0,0.0,0.0,2024-07-31T00:00:00Z
2023-08-31,E00122,0,0.0,0.0,2024-08-31T00:00:00Z
2023-09-30,E00122,0,0.0,0.0,2024-09-30T00:00:00Z
2023-10-31,E00122,0,0.0,0.0,2024-10-31T00:00:00Z
2023-11-30,E00122,0,0.0,0.0,2024-11-30T00:00:00Z
2023-12-31,E00122,0,0.0,0.0,2024-12-31T00:00:00Z
2024-01-31,E00122,0,0.0,0.0,2025-01-31T00:00:00Z
2024-02-29,E00122,0,0.0,0.0,2025-03-01T00:00:00Z
2024-03-31,E00122,0,0.0,0.0,2025-04-01T00:00:00Z
2024-04-30,E00122,0,0.0,0.0,2025-05-01T00:00:00Z
2024-05-31,E00122,0,0.0,0.0,2025-06-01T00:00:00Z
2024-06-30,E00122,0,0.0,0.0,2025-07-01T00:00:00Z
2024-07-31,E00122,0,0.0,0.0,2025-08-01T00:00:00Z
2024-08-31,E00122,0,0.0,0.0,2025-09-01T00:00:00Z
2024-09-30,E00122,0,0.0,0.0,2025-10-01T00:00:00Z
2024-10-31,E00122,0,0.0,0.0,2025-11-01T00:00:00Z
2024-11-30,E00122,0,0.0,0.0,2025-12-01T00:00:00Z
2024-12-31,E00122,0,0.0,0.0,2026-01-01T00:00:00Z
2025-01-31,E00122,0,0.0,0.0,2026-02-01T00:00:00Z
2025-02-28,E00122,0,0.0,0.0,2026-03-01T00:00:00Z
2025-03-31,E00122,0,0.0,0.0,2026-04-01T00:00:00Z
2025-04-30,E00122,0,0.0,0.0,2026-05-01T00:00:00Z
2025-05-31,E00122,0,0.0,0.0,2026-06-01T00:00:00Z
2025-06-30,E00122,0,0.0,0.0,2026-07-01T00:00:00Z
2023-07-31,E00123,0,0.0,0.0,2024-07-31T00:00:00Z
2023-08-31,E00123,0,0.0,0.0,2024-08-31T00:00:00Z
2023-09-30,E00123,0,0.0,0.0,2024-09-30T00:00:00Z
2023-10-31,E00123,0,0.0,0.0,2024-10-31T00:00:00Z
2023-11-30,E00123,0,0.0,0.0,2024-11-30T00:00:00Z
2023-12-31,E00123,0,0.0,0.0,2024-12-31T00:00:00Z
2024-01-31,E00123,0,0.0,0.0,2025-01-31T00:00:00Z
2024-02-29,E00123,0,0.0,0.0,2025-03-01T00:00:00Z
2024-03-31,E00123,0,0.0,0.0,2025-04-01T00:00:00Z
2024-04-30,E00123,0,0.0,0.0,2025-05-01T00:00:00Z
2024-05-31,E00123,0,0.0,0.0,2025-06-01T00:00:00Z
2024-06-30,E00123,0,0.0,0.0,2025-07-01T00:00:00Z
2024-07-31,E00123,0,0.0,0.0,2025-08-01T00:00:00Z
2024-08-31,E00123,0,0.0,0.0,2025-09-01T00:00:00Z
2024-09-30,E00123,0,0.0,0.0,2025-10-01T00:00:00Z
2024-10-31,E00123,0,0.0,0.0,2025-11-01T00:00:00Z
2024-11-30,E00123,0,0.0,0.0,2025-12-01T00:00:00Z
2024-12-31,E00123,0,0.0,0.0,2026-01-01T00:00:00Z
2025-01-31,E00123,0,0.0,0.0,2026-02-01T00:00:00Z
2025-02-28,E00123,0,0.0,0.0,2026-03-01T00:00:00Z
2025-03-31,E00123,0,0.0,0.0,2026-04-01T00:00:00Z
2025-04-30,E00123,0,0.0,0.0,2026-05-01T00:00:00Z
2025-05-31,E00123,0,0.0,0.0,2026-06-01T00:00:00Z
2025-06-30,E00123,0,0.0,0.0,2026-07-01T00:00:00Z
2023-07-31,E00124,0,0.0,0.0,2024-07-31T00:00:00Z
2023-08-31,E00124,0,0.0,0.0,2024-08-31T00:00:00Z
2023-09-30,E00124,0,0.0,0.0,2024-09-30T00:00:00Z
2023-10-31,E00124,0,0.0,0.0,2024-10-31T00:00:00Z
2023-11-30,E00124,0,0.0,0.0,2024-11-30T00:00:00Z
2023-12-31,E00124,0,0.0,0.0,2024-12-31T00:00:00Z
2024-01-31,E00124,0,0.0,0.0,2025-01-31T00:00:00Z
2024-02-29,E00124,0,0.0,0.0,2025-03-01T00:00:00Z
2024-03-31,E00124,0,0.0,0.0,2025-04-01T00:00:00Z
2024-04-30,E00124,0,0.0,0.0,2025-05-01T00:00:00Z
2024-05-31,E00124,0,0.0,0.0,2025-06-01T00:00:00Z
2024-06-30,E00124,0,0.0,0.0,2025-07-01T00:00:00Z
2024-07-31,E00124,0,0.0,0.0,2025-08-01T00:00:00Z
2024-08-31,E00124,0,0.0,0.0,2025-09-01T00:00:00Z
2024-09-30,E00124,0,0.0,0.0,2025-10-01T00:00:00Z
2024-10-31,E00124,0,0.0,0.0,2025-11-01T00:00:00Z
2024-11-30,E00124,0,0.0,0.0,2025-12-01T00:00:00Z
2024-12-31,E00124,0,0.0,0.0,2026-01-01T00:00:00Z
2025-01-31,E00124,0,0.0,0.0,2026-02-01T00:00:00Z
2025-02-28,E00124,0,0.0,0.0,2026-03-01T00:00:00Z
2025-03-31,E00124,0,0.0,0.0,2026-04-01T00:00:00Z
2025-04-30,E00124,0,0.0,0.0,2026-05-01T00:00:00Z
2025-05-31,E00124,0,0.0,0.0,2026-06-01T00:00:00Z
2025-06-30,E00124,0,0.0,0.0,2026-07-01T00:00:00Z
2023-07-31,E00125,0,0.0,0.0,2024-07-31T00:00:00Z
2023-08-31,E00125,0,0.0,0.0,2024-08-31T00:00:00Z
2023-09-30,E00125,0,0.0,0.0,2024-09-30T00:00:00Z
2023-10-31,E00125,0,0.0,0.0,2024-10-31T00:00:00Z
2023-11-30,E00125,0,0.0,0.0,2024-11-30T00:00:00Z
2023-12-31,E00125,0,0.0,0.0,2024-12-31T00:00:00Z
2024-01-31,E00125,0,0.0,0.0,2025-01-31T00:00:00Z
2024-02-29,E00125,0,0.0,0.0,2025-03-01T00:00:00Z
2024-03-31,E00125,0,0.0,0.0,2025-04-01T00:00:00Z
2024-04-30,E00125,0,0.0,0.0,2025-05-01T00:00:00Z
2024-05-31,E00125,0,0.0,0.0,2025-06-01T00:00:00Z
2024-06-30,E00125,0,0.0,0.0,2025-07-01T00:00:00Z
2024-07-31,E00125,0,0.0,0.0,2025-08-01T00:00:00Z
2024-08-31,E00125,0,0.0,0.0,2025-09-01T00:00:00Z
2024-09-30,E00125,0,0.0,0.0,2025-10-01T00:00:00Z
2024-10-31,E00125,0,0.0,0.0,2025-11-01T00:00:00Z
2024-11-30,E00125,0,0.0,0.0,2025-12-01T00:00:00Z
2024-12-31,E00125,0,0.0,0.0,2026-01-01T00:00:00Z
2025-01-31,E00125,0,0.0,0.0,2026-02-01T00:00:00Z
2025-02-28,E00125,0,0.0,0.0,2026-03-01T00:00:00Z
2025-03-31,E00125,0,0.0,0.0,2026-04-01T00:00:00Z
2025-04-30,E00125,0,0.0,0.0,2026-05-01T00:00:00Z
2025-05-31,E00125,0,0.0,0.0,2026-06-01T00:00:00Z
2025-06-30,E00125,0,0.0,0.0,2026-07-01T00:00:00Z
2023-07-31,E00126,0,0.0,0.0,2024-07-31T00:00:00Z
2023-08-31,E00126,0,0.0,0.0,2024-08-31T00:00:00Z
2023-09-30,E00126,0,0.0,0.0,2024-09-30T00:00:00Z
2023-10-31,E00126,0,0.0,0.0,2024-10-31T00:00:00Z
2023-11-30,E00126,0,0.0,0.0,2024-11-30T00:00:00Z
2023-12-31,E00126,0,0.0,0.0,2024-12-31T00:00:00Z
2024-01-31,E00126,0,0.0,0.0,2025-01-31T00:00:00Z
2024-02-29,E00126,0,0.0,0.0,2025-03-01T00:00:00Z
2024-03-31,E00126,0,0.0,0.0,2025-04-01T00:00:00Z
2024-04-30,E00126,0,0.0,0.0,2025-05-01T00:00:00Z
2024-05-31,E00126,0,0.0,0.0,2025-06-01T00:00:00Z
2024-06-30,E00126,0,0.0,0.0,2025-07-01T00:00:00Z
2024-07-31,E00126,0,0.0,0.0,2025-08-01T00:00:00Z
2024-08-31,E00126,0,0.0,0.0,2025-09-01T00:00:00Z
2024-09-30,E00126,0,0.0,0.0,2025-10-01T00:00:00Z
2024-10-31,E00126,0,0.0,0.0,2025-11-01T00:00:00Z
2024-11-30,E00126,0,0.0,0.0,2025-12-01T00:00:00Z
2024-12-31,E00126,0,0.0,0.0,2026-01-01T00:00:00Z
2025-01-31,E00126,0,0.0,0.0,2026-02-01T00:00:00Z
2025-02-28,E00126,0,0.0,0.0,2026-03-01T00:00:00Z
2025-03-31,E00126,0,0.0,0.0,2026-04-01T00:00:00Z
2025-04-30,E00126,0,0.0,0.0,2026-05-01T00:00:00Z
2025-05-31,E00126,0,0.0,0.0,2026-06-01T00:00:00Z
2025-06-30,E00126,0,0.0,0.0,2026-07-01T00:00:00Z
2023-07-31,E00127,0,0.0,0.0,2024-07-31T00:00:00Z
2023-08-31,E00127,0,0.0,0.0,2024-08-31T00:00:00Z
2023-09-30,E00127,0,0.0,0.0,2024-09-30T00:00:00Z
2023-10-31,E00127,0,0.0,0.0,2024-10-31T00:00:00Z
2023-11-30,E00127,0,0.0,0.0,2024-11-30T00:00:00Z
2023-12-31,E00127,0,0.0,0.0,2024-12-31T00:00:00Z
2024-01-31,E00127,0,0.0,0.0,2025-01-31T00:00:00Z
2024-02-29,E00127,0,0.0,0.0,2025-03-01T00:00:00Z
2024-03-31,E00127,0,0.0,0.0,2025-04-01T00:00:00Z
2024-04-30,E00127,0,0.0,0.0,2025-05-01T00:00:00Z
2024-05-31,E00127,0,0.0,0.0,2025-06-01T00:00:00Z
2024-06-30,E00127,0,0.0,0.0,2025-07-01T00:00:00Z
2024-07-31,E00127,0,0.0,0.0,2025-08-01T00:00:00Z
2024-08-31,E00127,0,0.0,0.0,2025-09-01T00:00:00Z
2024-09-30,E00127,0,0.0,0.0,2025-10-01T00:00:00Z
2024-10-31,E00127,0,0.0,0.0,2025-11-01T00:00:00Z
2024-11-30,E00127,0,0.0,0.0,2025-12-01T00:00:00Z
2024-12-31,E00127,0,0.0,0.0,2026-01-01T00:00:00Z
2025-01-31,E00127,0,0.0,0.0,2026-02-01T00:00:00Z
2025-02-28,E00127,0,0.0,0.0,2026-03-01T00:00:00Z
2025-03-31,E00127,0,0.0,0.0,2026-04-01T00:00:00Z
2025-04-30,E00127,0,0.0,0.0,2026-05-01T00:00:00Z
2025-05-31,E00127,0,0.0,0.0,2026-06-01T00:00:00Z
2025-06-30,E00127,0,0.0,0.0,2026-07-01T00:00:00Z
2023-07-31,E00128,0,0.0,0.0,2024-07-31T00:00:00Z
2023-08-31,E00128,0,0.0,0.0,2024-08-31T00:00:00Z
2023-09-30,E00128,0,0.0,0.0,2024-09-30T00:00:00Z
2023-10-31,E00128,0,0.0,0.0,2024-10-31T00:00:00Z
2023-11-30,E00128,0,0.0,0.0,2024-11-30T00:00:00Z
2023-12-31,E00128,0,0.0,0.0,2024-12-31T00:00:00Z
2024-01-31,E00128,0,0.0,0.0,2025-01-31T00:00:00Z
2024-02-29,E00128,0,0.0,0.0,2025-03-01T00:00:00Z
2024-03-31,E00128,0,0.0,0.0,2025-04-01T00:00:00Z
2024-04-30,E00128,0,0.0,0.0,2025-05-01T00:00:00Z
2024-05-31,E00128,0,0.0,0.0,2025-06-01T00:00:00Z
2024-06-30,E00128,0,0.0,0.0,2025-07-01T00:00:00Z
2024-07-31,E00128,0,0.0,0.0,2025-08-01T00:00:00Z
2024-08-31,E00128,0,0.0,0.0,2025-09-01T00:00:00Z
2024-09-30,E00128,0,0.0,0.0,2025-10-01T00:00:00Z
2024-10-31,E00128,0,0.0,0.0,2025-11-01T00:00:00Z
2024-11-30,E00128,0,0.0,0.0,2025-12-01T00:00:00Z
2024-12-31,E00128,0,0.0,0.0,2026-01-01T00:00:00Z
2025-01-31,E00128,0,0.0,0.0,2026-02-01T00:00:00Z
2025-02-28,E00128,0,0.0,0.0,2026-03-01T00:00:00Z
2025-03-31,E00128,0,0.0,0.0,2026-04-01T00:00:00Z
2025-04-30,E00128,0,0.0,0.0,2026-05-01T00:00:00Z
2025-05-31,E00128,0,0.0,0.0,2026-06-01T00:00:00Z
2025-06-30,E00128,0,0.0,0.0,2026-07-01T00:00:00Z
2023-07-31,E00129,0,0.0,0.0,2024-07-31T00:00:00Z
2023-08-31,E00129,0,0.0,0.0,2024-08-31T00:00:00Z
2023-09-30,E00129,0,0.0,0.0,2024-09-30T00:00:00Z
2023-10-31,E00129,0,0.0,0.0,2024-10-31T00:00:00Z
2023-11-30,E00129,0,0.0,0.0,2024-11-30T00:00:00Z
2023-12-31,E00129,0,0.0,0.0,2024-12-31T00:00:00Z
2024-01-31,E00129,0,0.0,0.0,2025-01-31T00:00:00Z
2024-02-29,E00129,0,0.0,0.0,2025-03-01T00:00:00Z
2024-03-31,E00129,0,0.0,0.0,2025-04-01T00:00:00Z
2024-04-30,E00129,0,0.0,0.0,2025-05-01T00:00:00Z
2024-05-31,E00129,0,0.0,0.0,2025-06-01T00:00:00Z
2024-06-30,E00129,0,0.0,0.0,2025-07-01T00:00:00Z
2024-07-31,E00129,0,0.0,0.0,2025-08-01T00:00:00Z
2024-08-31,E00129,0,0.0,0.0,2025-09-01T00:00:00Z
2024-09-30,E00129,0,0.0,0.0,2025-10-01T00:00:00Z
2024-10-31,E00129,0,0.0,0.0,2025-11-01T00:00:00Z
2024-11-30,E00129,0,0.0,0.0,2025-12-01T00:00:00Z
2024-12-31,E00129,0,0.0,0.0,2026-01-01T00:00:00Z
2025-01-31,E00129,0,0.0,0.0,2026-02-01T00:00:00Z
2025-02-28,E00129,0,0.0,0.0,2026-03-01T00:00:00Z
2025-03-31,E00129,0,0.0,0.0,2026-04-01T00:00:00Z
2025-04-30,E00129,0,0.0,0.0,2026-05-01T00:00:00Z
2025-05-31,E00129,0,0.0,0.0,2026-06-01T00:00:00Z
2025-06-30,E00129,0,0.0,0.0,2026-07-01T00:00:00Z
2023-07-31,E00130,0,0.0,0.0,2024-07-31T00:00:00Z
2023-08-31,E00130,0,0.0,0.0,2024-08-31T00:00:00Z
2023-09-30,E00130,0,0.0,0.0,2024-09-30T00:00:00Z
2023-10-31,E00130,0,0.0,0.0,2024-10-31T00:00:00Z
2023-11-30,E00130,0,0.0,0.0,2024-11-30T00:00:00Z
2023-12-31,E00130,0,0.0,0.0,2024-12-31T00:00:00Z
2024-01-31,E00130,0,0.0,0.0,2025-01-31T00:00:00Z
2024-02-29,E00130,0,0.0,0.0,2025-03-01T00:00:00Z
2024-03-31,E00130,0,0.0,0.0,2025-04-01T00:00:00Z
2024-04-30,E00130,0,0.0,0.0,2025-05-01T00:00:00Z
2024-05-31,E00130,0,0.0,0.0,2025-06-01T00:00:00Z
2024-06-30,E00130,0,0.0,0.0,2025-07-01T00:00:00Z
2024-07-31,E00130,0,0.0,0.0,2025-08-01T00:00:00Z
2024-08-31,E00130,0,0.0,0.0,2025-09-01T00:00:00Z
2024-09-30,E00130,0,0.0,0.0,2025-10-01T00:00:00Z
2024-10-31,E00130,0,0.0,0.0,2025-11-01T00:00:00Z
2024-11-30,E00130,1,0.2276,31302.65,2025-12-01T00:00:00Z
2024-12-31,E00130,1,0.208,28608.74,2026-01-01T00:00:00Z
2025-01-31,E00130,1,0.1269,17454.12,2026-02-01T00:00:00Z
2025-02-28,E00130,1,0.1893,26037.73,2026-03-01T00:00:00Z
2025-03-31,E00130,1,0.1705,23440.94,2026-04-01T00:00:00Z
2025-04-30,E00130,1,0.2594,35674.04,2026-05-01T00:00:00Z
2025-05-31,E00130,1,0.2111,29029.65,2026-06-01T00:00:00Z
2025-06-30,E00130,1,0.1375,18913.23,2026-07-01T00:00:00Z
2023-07-31,E00131,1,0.1051,11055.72,2024-07-31T00:00:00Z
2023-08-31,E00131,1,0.0191,2006.65,2024-08-31T00:00:00Z
2023-09-30,E00131,1,0.0395,4156.52,2024-09-30T00:00:00Z
2023-10-31,E00131,1,0.0,0.0,2024-10-31T00:00:00Z
2023-11-30,E00131,1,0.0456,4799.07,2024-11-30T00:00:00Z
2023-12-31,E00131,1,0.0167,1760.64,2024-12-31T00:00:00Z
2024-01-31,E00131,1,0.0214,2250.82,2025-01-31T00:00:00Z
2024-02-29,E00131,1,0.0,0.0,2025-03-01T00:00:00Z
2024-03-31,E00131,1,0.0667,7021.43,2025-04-01T00:00:00Z
2024-04-30,E00131,0,0.0,0.0,2025-05-01T00:00:00Z
2024-05-31,E00131,0,0.0,0.0,2025-06-01T00:00:00Z
2024-06-30,E00131,0,0.0,0.0,2025-07-01T00:00:00Z
2024-07-31,E00131,0,0.0,0.0,2025-08-01T00:00:00Z
2024-08-31,E00131,0,0.0,0.0,2025-09-01T00:00:00Z
2024-09-30,E00131,0,0.0,0.0,2025-10-01T00:00:00Z
2024-10-31,E00131,0,0.0,0.0,2025-11-01T00:00:00Z
2024-11-30,E00131,0,0.0,0.0,2025-12-01T00:00:00Z
2024-12-31,E00131,0,0.0,0.0,2026-01-01T00:00:00Z
2025-01-31,E00131,0,0.0,0.0,2026-02-01T00:00:00Z
2025-02-28,E00131,0,0.0,0.0,2026-03-01T00:00:00Z
2025-03-31,E00131,0,0.0,0.0,2026-04-01T00:00:00Z
2025-04-30,E00131,0,0.0,0.0,2026-05-01T00:00:00Z
2025-05-31,E00131,0,0.0,0.0,2026-06-01T00:00:00Z
2025-06-30,E00131,0,0.0,0.0,2026-07-01T00:00:00Z
2023-07-31,E00132,0,0.0,0.0,2024-07-31T00:00:00Z
2023-08-31,E00132,0,0.0,0.0,2024-08-31T00:00:00Z
2023-09-30,E00132,0,0.0,0.0,2024-09-30T00:00:00Z
2023-10-31,E00132,0,0.0,0.0,2024-10-31T00:00:00Z
2023-11-30,E00132,0,0.0,0.0,2024-11-30T00:00:00Z
2023-12-31,E00132,0,0.0,0.0,2024-12-31T00:00:00Z
2024-01-31,E00132,0,0.0,0.0,2025-01-31T00:00:00Z
2024-02-29,E00132,0,0.0,0.0,2025-03-01T00:00:00Z
2024-03-31,E00132,0,0.0,0.0,2025-04-01T00:00:00Z
2024-04-30,E00132,0,0.0,0.0,2025-05-01T00:00:00Z
2024-05-31,E00132,0,0.0,0.0,2025-06-01T00:00:00Z
2024-06-30,E00132,0,0.0,0.0,2025-07-01T00:00:00Z
2024-07-31,E00132,0,0.0,0.0,2025-08-01T00:00:00Z
2024-08-31,E00132,0,0.0,0.0,2025-09-01T00:00:00Z
2024-09-30,E00132,0,0.0,0.0,2025-10-01T00:00:00Z
2024-10-31,E00132,0,0.0,0.0,2025-11-01T00:00:00Z
2024-11-30,E00132,0,0.0,0.0,2025-12-01T00:00:00Z
2024-12-31,E00132,0,0.0,0.0,2026-01-01T00:00:00Z
2025-01-31,E00132,0,0.0,0.0,2026-02-01T00:00:00Z
2025-02-28,E00132,0,0.0,0.0,2026-03-01T00:00:00Z
2025-03-31,E00132,0,0.0,0.0,2026-04-01T00:00:00Z
2025-04-30,E00132,0,0.0,0.0,2026-05-01T00:00:00Z
2025-05-31,E00132,0,0.0,0.0,2026-06-01T00:00:00Z
2025-06-30,E00132,0,0.0,0.0,2026-07-01T00:00:00Z
2023-07-31,E00133,0,0.0,0.0,2024-07-31T00:00:00Z
2023-08-31,E00133,0,0.0,0.0,2024-08-31T00:00:00Z
2023-09-30,E00133,0,0.0,0.0,2024-09-30T00:00:00Z
2023-10-31,E00133,0,0.0,0.0,2024-10-31T00:00:00Z
2023-11-30,E00133,0,0.0,0.0,2024-11-30T00:00:00Z
2023-12-31,E00133,0,0.0,0.0,2024-12-31T00:00:00Z
2024-01-31,E00133,0,0.0,0.0,2025-01-31T00:00:00Z
2024-02-29,E00133,0,0.0,0.0,2025-03-01T00:00:00Z
2024-03-31,E00133,0,0.0,0.0,2025-04-01T00:00:00Z
2024-04-30,E00133,0,0.0,0.0,2025-05-01T00:00:00Z
2024-05-31,E00133,0,0.0,0.0,2025-06-01T00:00:00Z
2024-06-30,E00133,0,0.0,0.0,2025-07-01T00:00:00Z
2024-07-31,E00133,0,0.0,0.0,2025-08-01T00:00:00Z
2024-08-31,E00133,0,0.0,0.0,2025-09-01T00:00:00Z
2024-09-30,E00133,0,0.0,0.0,2025-10-01T00:00:00Z
2024-10-31,E00133,0,0.0,0.0,2025-11-01T00:00:00Z
2024-11-30,E00133,0,0.0,0.0,2025-12-01T00:00:00Z
2024-12-31,E00133,0,0.0,0.0,2026-01-01T00:00:00Z
2025-01-31,E00133,0,0.0,0.0,2026-02-01T00:00:00Z
2025-02-28,E00133,0,0.0,0.0,2026-03-01T00:00:00Z
2025-03-31,E00133,0,0.0,0.0,2026-04-01T00:00:00Z
2025-04-30,E00133,0,0.0,0.0,2026-05-01T00:00:00Z
2025-05-31,E00133,0,0.0,0.0,2026-06-01T00:00:00Z
2025-06-30,E00133,0,0.0,0.0,2026-07-01T00:00:00Z
2023-07-31,E00134,0,0.0,0.0,2024-07-31T00:00:00Z
2023-08-31,E00134,0,0.0,0.0,2024-08-31T00:00:00Z
2023-09-30,E00134,0,0.0,0.0,2024-09-30T00:00:00Z
2023-10-31,E00134,0,0.0,0.0,2024-10-31T00:00:00Z
2023-11-30,E00134,0,0.0,0.0,2024-11-30T00:00:00Z
2023-12-31,E00134,0,0.0,0.0,2024-12-31T00:00:00Z
2024-01-31,E00134,0,0.0,0.0,2025-01-31T00:00:00Z
2024-02-29,E00134,0,0.0,0.0,2025-03-01T00:00:00Z
2024-03-31,E00134,0,0.0,0.0,2025-04-01T00:00:00Z
2024-04-30,E00134,0,0.0,0.0,2025-05-01T00:00:00Z
2024-05-31,E00134,0,0.0,0.0,2025-06-01T00:00:00Z
2024-06-30,E00134,0,0.0,0.0,2025-07-01T00:00:00Z
2024-07-31,E00134,0,0.0,0.0,2025-08-01T00:00:00Z
2024-08-31,E00134,0,0.0,0.0,2025-09-01T00:00:00Z
2024-09-30,E00134,0,0.0,0.0,2025-10-01T00:00:00Z
2024-10-31,E00134,0,0.0,0.0,2025-11-01T00:00:00Z
2024-11-30,E00134,0,0.0,0.0,2025-12-01T00:00:00Z
2024-12-31,E00134,0,0.0,0.0,2026-01-01T00:00:00Z
2025-01-31,E00134,0,0.0,0.0,2026-02-01T00:00:00Z
2025-02-28,E00134,0,0.0,0.0,2026-03-01T00:00:00Z
2025-03-31,E00134,0,0.0,0.0,2026-04-01T00:00:00Z
2025-04-30,E00134,0,0.0,0.0,2026-05-01T00:00:00Z
2025-05-31,E00134,0,0.0,0.0,2026-06-01T00:00:00Z
2025-06-30,E00134,0,0.0,0.0,2026-07-01T00:00:00Z
2023-07-31,E00135,0,0.0,0.0,2024-07-31T00:00:00Z
2023-08-31,E00135,0,0.0,0.0,2024-08-31T00:00:00Z
2023-09-30,E00135,0,0.0,0.0,2024-09-30T00:00:00Z
2023-10-31,E00135,0,0.0,0.0,2024-10-31T00:00:00Z
2023-11-30,E00135,0,0.0,0.0,2024-11-30T00:00:00Z
2023-12-31,E00135,0,0.0,0.0,2024-12-31T00:00:00Z
2024-01-31,E00135,0,0.0,0.0,2025-01-31T00:00:00Z
2024-02-29,E00135,0,0.0,0.0,2025-03-01T00:00:00Z
2024-03-31,E00135,0,0.0,0.0,2025-04-01T00:00:00Z
2024-04-30,E00135,0,0.0,0.0,2025-05-01T00:00:00Z
2024-05-31,E00135,0,0.0,0.0,2025-06-01T00:00:00Z
2024-06-30,E00135,0,0.0,0.0,2025-07-01T00:00:00Z
2024-07-31,E00135,0,0.0,0.0,2025-08-01T00:00:00Z
2024-08-31,E00135,0,0.0,0.0,2025-09-01T00:00:00Z
2024-09-30,E00135,0,0.0,0.0,2025-10-01T00:00:00Z
2024-10-31,E00135,0,0.0,0.0,2025-11-01T00:00:00Z
2024-11-30,E00135,0,0.0,0.0,2025-12-01T00:00:00Z
2024-12-31,E00135,0,0.0,0.0,2026-01-01T00:00:00Z
2025-01-31,E00135,0,0.0,0.0,2026-02-01T00:00:00Z
2025-02-28,E00135,0,0.0,0.0,2026-03-01T00:00:00Z
2025-03-31,E00135,0,0.0,0.0,2026-04-01T00:00:00Z
2025-04-30,E00135,0,0.0,0.0,2026-05-01T00:00:00Z
2025-05-31,E00135,0,0.0,0.0,2026-06-01T00:00:00Z
2025-06-30,E00135,0,0.0,0.0,2026-07-01T00:00:00Z
2023-07-31,E00136,0,0.0,0.0,2024-07-31T00:00:00Z
2023-08-31,E00136,0,0.0,0.0,2024-08-31T00:00:00Z
2023-09-30,E00136,0,0.0,0.0,2024-09-30T00:00:00Z
2023-10-31,E00136,0,0.0,0.0,2024-10-31T00:00:00Z
2023-11-30,E00136,0,0.0,0.0,2024-11-30T00:00:00Z
2023-12-31,E00136,0,0.0,0.0,2024-12-31T00:00:00Z
2024-01-31,E00136,0,0.0,0.0,2025-01-31T00:00:00Z
2024-02-29,E00136,0,0.0,0.0,2025-03-01T00:00:00Z
2024-03-31,E00136,0,0.0,0.0,2025-04-01T00:00:00Z
2024-04-30,E00136,0,0.0,0.0,2025-05-01T00:00:00Z
2024-05-31,E00136,0,0.0,0.0,2025-06-01T00:00:00Z
2024-06-30,E00136,0,0.0,0.0,2025-07-01T00:00:00Z
2024-07-31,E00136,0,0.0,0.0,2025-08-01T00:00:00Z
2024-08-31,E00136,0,0.0,0.0,2025-09-01T00:00:00Z
2024-09-30,E00136,0,0.0,0.0,2025-10-01T00:00:00Z
2024-10-31,E00136,0,0.0,0.0,2025-11-01T00:00:00Z
2024-11-30,E00136,0,0.0,0.0,2025-12-01T00:00:00Z
2024-12-31,E00136,0,0.0,0.0,2026-01-01T00:00:00Z
2025-01-31,E00136,0,0.0,0.0,2026-02-01T00:00:00Z
2025-02-28,E00136,0,0.0,0.0,2026-03-01T00:00:00Z
2025-03-31,E00136,0,0.0,0.0,2026-04-01T00:00:00Z
2025-04-30,E00136,0,0.0,0.0,2026-05-01T00:00:00Z
2025-05-31,E00136,0,0.0,0.0,2026-06-01T00:00:00Z
2025-06-30,E00136,0,0.0,0.0,2026-07-01T00:00:00Z
2023-07-31,E00137,0,0.0,0.0,2024-07-31T00:00:00Z
2023-08-31,E00137,0,0.0,0.0,2024-08-31T00:00:00Z
2023-09-30,E00137,0,0.0,0.0,2024-09-30T00:00:00Z
2023-10-31,E00137,0,0.0,0.0,2024-10-31T00:00:00Z
2023-11-30,E00137,0,0.0,0.0,2024-11-30T00:00:00Z
2023-12-31,E00137,0,0.0,0.0,2024-12-31T00:00:00Z
2024-01-31,E00137,0,0.0,0.0,2025-01-31T00:00:00Z
2024-02-29,E00137,0,0.0,0.0,2025-03-01T00:00:00Z
2024-03-31,E00137,0,0.0,0.0,2025-04-01T00:00:00Z
2024-04-30,E00137,0,0.0,0.0,2025-05-01T00:00:00Z
2024-05-31,E00137,0,0.0,0.0,2025-06-01T00:00:00Z
2024-06-30,E00137,0,0.0,0.0,2025-07-01T00:00:00Z
2024-07-31,E00137,0,0.0,0.0,2025-08-01T00:00:00Z
2024-08-31,E00137,0,0.0,0.0,2025-09-01T00:00:00Z
2024-09-30,E00137,0,0.0,0.0,2025-10-01T00:00:00Z
2024-10-31,E00137,0,0.0,0.0,2025-11-01T00:00:00Z
2024-11-30,E00137,0,0.0,0.0,2025-12-01T00:00:00Z
2024-12-31,E00137,0,0.0,0.0,2026-01-01T00:00:00Z
2025-01-31,E00137,0,0.0,0.0,2026-02-01T00:00:00Z
2025-02-28,E00137,0,0.0,0.0,2026-03-01T00:00:00Z
2025-03-31,E00137,0,0.0,0.0,2026-04-01T00:00:00Z
2025-04-30,E00137,0,0.0,0.0,2026-05-01T00:00:00Z
2025-05-31,E00137,0,0.0,0.0,2026-06-01T00:00:00Z
2025-06-30,E00137,0,0.0,0.0,2026-07-01T00:00:00Z
2023-07-31,E00138,0,0.0,0.0,2024-07-31T00:00:00Z
2023-08-31,E00138,0,0.0,0.0,2024-08-31T00:00:00Z
2023-09-30,E00138,0,0.0,0.0,2024-09-30T00:00:00Z
2023-10-31,E00138,0,0.0,0.0,2024-10-31T00:00:00Z
2023-11-30,E00138,0,0.0,0.0,2024-11-30T00:00:00Z
2023-12-31,E00138,0,0.0,0.0,2024-12-31T00:00:00Z
2024-01-31,E00138,0,0.0,0.0,2025-01-31T00:00:00Z
2024-02-29,E00138,0,0.0,0.0,2025-03-01T00:00:00Z
2024-03-31,E00138,0,0.0,0.0,2025-04-01T00:00:00Z
2024-04-30,E00138,0,0.0,0.0,2025-05-01T00:00:00Z
2024-05-31,E00138,0,0.0,0.0,2025-06-01T00:00:00Z
2024-06-30,E00138,0,0.0,0.0,2025-07-01T00:00:00Z
2024-07-31,E00138,0,0.0,0.0,2025-08-01T00:00:00Z
2024-08-31,E00138,0,0.0,0.0,2025-09-01T00:00:00Z
2024-09-30,E00138,0,0.0,0.0,2025-10-01T00:00:00Z
2024-10-31,E00138,0,0.0,0.0,2025-11-01T00:00:00Z
2024-11-30,E00138,0,0.0,0.0,2025-12-01T00:00:00Z
2024-12-31,E00138,0,0.0,0.0,2026-01-01T00:00:00Z
2025-01-31,E00138,0,0.0,0.0,2026-02-01T00:00:00Z
2025-02-28,E00138,0,0.0,0.0,2026-03-01T00:00:00Z
2025-03-31,E00138,0,0.0,0.0,2026-04-01T00:00:00Z
2025-04-30,E00138,0,0.0,0.0,2026-05-01T00:00:00Z
2025-05-31,E00138,0,0.0,0.0,2026-06-01T00:00:00Z
2025-06-30,E00138,0,0.0,0.0,2026-07-01T00:00:00Z
2023-07-31,E00139,0,0.0,0.0,2024-07-31T00:00:00Z
2023-08-31,E00139,0,0.0,0.0,2024-08-31T00:00:00Z
2023-09-30,E00139,0,0.0,0.0,2024-09-30T00:00:00Z
2023-10-31,E00139,0,0.0,0.0,2024-10-31T00:00:00Z
2023-11-30,E00139,0,0.0,0.0,2024-11-30T00:00:00Z
2023-12-31,E00139,0,0.0,0.0,2024-12-31T00:00:00Z
2024-01-31,E00139,0,0.0,0.0,2025-01-31T00:00:00Z
2024-02-29,E00139,0,0.0,0.0,2025-03-01T00:00:00Z
2024-03-31,E00139,0,0.0,0.0,2025-04-01T00:00:00Z
2024-04-30,E00139,0,0.0,0.0,2025-05-01T00:00:00Z
2024-05-31,E00139,0,0.0,0.0,2025-06-01T00:00:00Z
2024-06-30,E00139,0,0.0,0.0,2025-07-01T00:00:00Z
2024-07-31,E00139,0,0.0,0.0,2025-08-01T00:00:00Z
2024-08-31,E00139,0,0.0,0.0,2025-09-01T00:00:00Z
2024-09-30,E00139,0,0.0,0.0,2025-10-01T00:00:00Z
2024-10-31,E00139,0,0.0,0.0,2025-11-01T00:00:00Z
2024-11-30,E00139,0,0.0,0.0,2025-12-01T00:00:00Z
2024-12-31,E00139,0,0.0,0.0,2026-01-01T00:00:00Z
2025-01-31,E00139,0,0.0,0.0,2026-02-01T00:00:00Z
2025-02-28,E00139,0,0.0,0.0,2026-03-01T00:00:00Z
2025-03-31,E00139,0,0.0,0.0,2026-04-01T00:00:00Z
2025-04-30,E00139,0,0.0,0.0,2026-05-01T00:00:00Z
2025-05-31,E00139,0,0.0,0.0,2026-06-01T00:00:00Z
2025-06-30,E00139,0,0.0,0.0,2026-07-01T00:00:00Z
2023-07-31,E00140,0,0.0,0.0,2024-07-31T00:00:00Z
2023-08-31,E00140,0,0.0,0.0,2024-08-31T00:00:00Z
2023-09-30,E00140,0,0.0,0.0,2024-09-30T00:00:00Z
2023-10-31,E00140,0,0.0,0.0,2024-10-31T00:00:00Z
2023-11-30,E00140,0,0.0,0.0,2024-11-30T00:00:00Z
2023-12-31,E00140,0,0.0,0.0,2024-12-31T00:00:00Z
2024-01-31,E00140,0,0.0,0.0,2025-01-31T00:00:00Z
2024-02-29,E00140,0,0.0,0.0,2025-03-01T00:00:00Z
2024-03-31,E00140,0,0.0,0.0,2025-04-01T00:00:00Z
2024-04-30,E00140,0,0.0,0.0,2025-05-01T00:00:00Z
2024-05-31,E00140,0,0.0,0.0,2025-06-01T00:00:00Z
2024-06-30,E00140,0,0.0,0.0,2025-07-01T00:00:00Z
2024-07-31,E00140,0,0.0,0.0,2025-08-01T00:00:00Z
2024-08-31,E00140,0,0.0,0.0,2025-09-01T00:00:00Z
2024-09-30,E00140,0,0.0,0.0,2025-10-01T00:00:00Z
2024-10-31,E00140,0,0.0,0.0,2025-11-01T00:00:00Z
2024-11-30,E00140,0,0.0,0.0,2025-12-01T00:00:00Z
2024-12-31,E00140,0,0.0,0.0,2026-01-01T00:00:00Z
2025-01-31,E00140,0,0.0,0.0,2026-02-01T00:00:00Z
2025-02-28,E00140,0,0.0,0.0,2026-03-01T00:00:00Z
2025-03-31,E00140,0,0.0,0.0,2026-04-01T00:00:00Z
2025-04-30,E00140,0,0.0,0.0,2026-05-01T00:00:00Z
2025-05-31,E00140,0,0.0,0.0,2026-06-01T00:00:00Z
2025-06-30,E00140,0,0.0,0.0,2026-07-01T00:00:00Z
2023-07-31,E00141,0,0.0,0.0,2024-07-31T00:00:00Z
2023-08-31,E00141,0,0.0,0.0,2024-08-31T00:00:00Z
2023-09-30,E00141,0,0.0,0.0,2024-09-30T00:00:00Z
2023-10-31,E00141,0,0.0,0.0,2024-10-31T00:00:00Z
2023-11-30,E00141,0,0.0,0.0,2024-11-30T00:00:00Z
2023-12-31,E00141,0,0.0,0.0,2024-12-31T00:00:00Z
2024-01-31,E00141,0,0.0,0.0,2025-01-31T00:00:00Z
2024-02-29,E00141,0,0.0,0.0,2025-03-01T00:00:00Z
2024-03-31,E00141,0,0.0,0.0,2025-04-01T00:00:00Z
2024-04-30,E00141,0,0.0,0.0,2025-05-01T00:00:00Z
2024-05-31,E00141,0,0.0,0.0,2025-06-01T00:00:00Z
2024-06-30,E00141,0,0.0,0.0,2025-07-01T00:00:00Z
2024-07-31,E00141,0,0.0,0.0,2025-08-01T00:00:00Z
2024-08-31,E00141,0,0.0,0.0,2025-09-01T00:00:00Z
2024-09-30,E00141,0,0.0,0.0,2025-10-01T00:00:00Z
2024-10-31,E00141,0,0.0,0.0,2025-11-01T00:00:00Z
2024-11-30,E00141,0,0.0,0.0,2025-12-01T00:00:00Z
2024-12-31,E00141,0,0.0,0.0,2026-01-01T00:00:00Z
2025-01-31,E00141,0,0.0,0.0,2026-02-01T00:00:00Z
2025-02-28,E00141,0,0.0,0.0,2026-03-01T00:00:00Z
2025-03-31,E00141,0,0.0,0.0,2026-04-01T00:00:00Z
2025-04-30,E00141,0,0.0,0.0,2026-05-01T00:00:00Z
2025-05-31,E00141,0,0.0,0.0,2026-06-01T00:00:00Z
2025-06-30,E00141,0,0.0,0.0,2026-07-01T00:00:00Z
2023-07-31,E00142,0,0.0,0.0,2024-07-31T00:00:00Z
2023-08-31,E00142,0,0.0,0.0,2024-08-31T00:00:00Z
2023-09-30,E00142,0,0.0,0.0,2024-09-30T00:00:00Z
2023-10-31,E00142,0,0.0,0.0,2024-10-31T00:00:00Z
2023-11-30,E00142,0,0.0,0.0,2024-11-30T00:00:00Z
2023-12-31,E00142,0,0.0,0.0,2024-12-31T00:00:00Z
2024-01-31,E00142,0,0.0,0.0,2025-01-31T00:00:00Z
2024-02-29,E00142,0,0.0,0.0,2025-03-01T00:00:00Z
2024-03-31,E00142,0,0.0,0.0,2025-04-01T00:00:00Z
2024-04-30,E00142,0,0.0,0.0,2025-05-01T00:00:00Z
2024-05-31,E00142,0,0.0,0.0,2025-06-01T00:00:00Z
2024-06-30,E00142,0,0.0,0.0,2025-07-01T00:00:00Z
2024-07-31,E00142,0,0.0,0.0,2025-08-01T00:00:00Z
2024-08-31,E00142,0,0.0,0.0,2025-09-01T00:00:00Z
2024-09-30,E00142,0,0.0,0.0,2025-10-01T00:00:00Z
2024-10-31,E00142,0,0.0,0.0,2025-11-01T00:00:00Z
2024-11-30,E00142,0,0.0,0.0,2025-12-01T00:00:00Z
2024-12-31,E00142,0,0.0,0.0,2026-01-01T00:00:00Z
2025-01-31,E00142,0,0.0,0.0,2026-02-01T00:00:00Z
2025-02-28,E00142,0,0.0,0.0,2026-03-01T00:00:00Z
2025-03-31,E00142,0,0.0,0.0,2026-04-01T00:00:00Z
2025-04-30,E00142,0,0.0,0.0,2026-05-01T00:00:00Z
2025-05-31,E00142,0,0.0,0.0,2026-06-01T00:00:00Z
2025-06-30,E00142,0,0.0,0.0,2026-07-01T00:00:00Z
2023-07-31,E00143,0,0.0,0.0,2024-07-31T00:00:00Z
2023-08-31,E00143,0,0.0,0.0,2024-08-31T00:00:00Z
2023-09-30,E00143,0,0.0,0.0,2024-09-30T00:00:00Z
2023-10-31,E00143,0,0.0,0.0,2024-10-31T00:00:00Z
2023-11-30,E00143,0,0.0,0.0,2024-11-30T00:00:00Z
2023-12-31,E00143,0,0.0,0.0,2024-12-31T00:00:00Z
2024-01-31,E00143,0,0.0,0.0,2025-01-31T00:00:00Z
2024-02-29,E00143,0,0.0,0.0,2025-03-01T00:00:00Z
2024-03-31,E00143,0,0.0,0.0,2025-04-01T00:00:00Z
2024-04-30,E00143,0,0.0,0.0,2025-05-01T00:00:00Z
2024-05-31,E00143,0,0.0,0.0,2025-06-01T00:00:00Z
2024-06-30,E00143,0,0.0,0.0,2025-07-01T00:00:00Z
2024-07-31,E00143,0,0.0,0.0,2025-08-01T00:00:00Z
2024-08-31,E00143,0,0.0,0.0,2025-09-01T00:00:00Z
2024-09-30,E00143,0,0.0,0.0,2025-10-01T00:00:00Z
2024-10-31,E00143,0,0.0,0.0,2025-11-01T00:00:00Z
2024-11-30,E00143,0,0.0,0.0,2025-12-01T00:00:00Z
2024-12-31,E00143,0,0.0,0.0,2026-01-01T00:00:00Z
2025-01-31,E00143,0,0.0,0.0,2026-02-01T00:00:00Z
2025-02-28,E00143,0,0.0,0.0,2026-03-01T00:00:00Z
2025-03-31,E00143,0,0.0,0.0,2026-04-01T00:00:00Z
2025-04-30,E00143,0,0.0,0.0,2026-05-01T00:00:00Z
2025-05-31,E00143,0,0.0,0.0,2026-06-01T00:00:00Z
2025-06-30,E00143,0,0.0,0.0,2026-07-01T00:00:00Z
2023-07-31,E00144,0,0.0,0.0,2024-07-31T00:00:00Z
2023-08-31,E00144,0,0.0,0.0,2024-08-31T00:00:00Z
2023-09-30,E00144,0,0.0,0.0,2024-09-30T00:00:00Z
2023-10-31,E00144,0,0.0,0.0,2024-10-31T00:00:00Z
2023-11-30,E00144,0,0.0,0.0,2024-11-30T00:00:00Z
2023-12-31,E00144,0,0.0,0.0,2024-12-31T00:00:00Z
2024-01-31,E00144,0,0.0,0.0,2025-01-31T00:00:00Z
2024-02-29,E00144,0,0.0,0.0,2025-03-01T00:00:00Z
2024-03-31,E00144,0,0.0,0.0,2025-04-01T00:00:00Z
2024-04-30,E00144,0,0.0,0.0,2025-05-01T00:00:00Z
2024-05-31,E00144,0,0.0,0.0,2025-06-01T00:00:00Z
2024-06-30,E00144,0,0.0,0.0,2025-07-01T00:00:00Z
2024-07-31,E00144,0,0.0,0.0,2025-08-01T00:00:00Z
2024-08-31,E00144,0,0.0,0.0,2025-09-01T00:00:00Z
2024-09-30,E00144,0,0.0,0.0,2025-10-01T00:00:00Z
2024-10-31,E00144,0,0.0,0.0,2025-11-01T00:00:00Z
2024-11-30,E00144,0,0.0,0.0,2025-12-01T00:00:00Z
2024-12-31,E00144,0,0.0,0.0,2026-01-01T00:00:00Z
2025-01-31,E00144,0,0.0,0.0,2026-02-01T00:00:00Z
2025-02-28,E00144,0,0.0,0.0,2026-03-01T00:00:00Z
2025-03-31,E00144,0,0.0,0.0,2026-04-01T00:00:00Z
2025-04-30,E00144,0,0.0,0.0,2026-05-01T00:00:00Z
2025-05-31,E00144,0,0.0,0.0,2026-06-01T00:00:00Z
2025-06-30,E00144,0,0.0,0.0,2026-07-01T00:00:00Z
2023-07-31,E00145,0,0.0,0.0,2024-07-31T00:00:00Z
2023-08-31,E00145,0,0.0,0.0,2024-08-31T00:00:00Z
2023-09-30,E00145,0,0.0,0.0,2024-09-30T00:00:00Z
2023-10-31,E00145,0,0.0,0.0,2024-10-31T00:00:00Z
2023-11-30,E00145,0,0.0,0.0,2024-11-30T00:00:00Z
2023-12-31,E00145,0,0.0,0.0,2024-12-31T00:00:00Z
2024-01-31,E00145,0,0.0,0.0,2025-01-31T00:00:00Z
2024-02-29,E00145,0,0.0,0.0,2025-03-01T00:00:00Z
2024-03-31,E00145,0,0.0,0.0,2025-04-01T00:00:00Z
2024-04-30,E00145,0,0.0,0.0,2025-05-01T00:00:00Z
2024-05-31,E00145,0,0.0,0.0,2025-06-01T00:00:00Z
2024-06-30,E00145,0,0.0,0.0,2025-07-01T00:00:00Z
2024-07-31,E00145,0,0.0,0.0,2025-08-01T00:00:00Z
2024-08-31,E00145,0,0.0,0.0,2025-09-01T00:00:00Z
2024-09-30,E00145,0,0.0,0.0,2025-10-01T00:00:00Z
2024-10-31,E00145,0,0.0,0.0,2025-11-01T00:00:00Z
2024-11-30,E00145,0,0.0,0.0,2025-12-01T00:00:00Z
2024-12-31,E00145,0,0.0,0.0,2026-01-01T00:00:00Z
2025-01-31,E00145,0,0.0,0.0,2026-02-01T00:00:00Z
2025-02-28,E00145,0,0.0,0.0,2026-03-01T00:00:00Z
2025-03-31,E00145,0,0.0,0.0,2026-04-01T00:00:00Z
2025-04-30,E00145,0,0.0,0.0,2026-05-01T00:00:00Z
2025-05-31,E00145,0,0.0,0.0,2026-06-01T00:00:00Z
2025-06-30,E00145,0,0.0,0.0,2026-07-01T00:00:00Z
2023-07-31,E00146,1,0.0091,896.33,2024-07-31T00:00:00Z
2023-08-31,E00146,1,0.0,0.0,2024-08-31T00:00:00Z
2023-09-30,E00146,1,0.0564,5566.95,2024-09-30T00:00:00Z
2023-10-31,E00146,0,0.0,0.0,2024-10-31T00:00:00Z
2023-11-30,E00146,0,0.0,0.0,2024-11-30T00:00:00Z
2023-12-31,E00146,0,0.0,0.0,2024-12-31T00:00:00Z
2024-01-31,E00146,0,0.0,0.0,2025-01-31T00:00:00Z
2024-02-29,E00146,0,0.0,0.0,2025-03-01T00:00:00Z
2024-03-31,E00146,0,0.0,0.0,2025-04-01T00:00:00Z
2024-04-30,E00146,0,0.0,0.0,2025-05-01T00:00:00Z
2024-05-31,E00146,0,0.0,0.0,2025-06-01T00:00:00Z
2024-06-30,E00146,0,0.0,0.0,2025-07-01T00:00:00Z
2024-07-31,E00146,0,0.0,0.0,2025-08-01T00:00:00Z
2024-08-31,E00146,0,0.0,0.0,2025-09-01T00:00:00Z
2024-09-30,E00146,0,0.0,0.0,2025-10-01T00:00:00Z
2024-10-31,E00146,0,0.0,0.0,2025-11-01T00:00:00Z
2024-11-30,E00146,0,0.0,0.0,2025-12-01T00:00:00Z
2024-12-31,E00146,0,0.0,0.0,2026-01-01T00:00:00Z
2025-01-31,E00146,0,0.0,0.0,2026-02-01T00:00:00Z
2025-02-28,E00146,0,0.0,0.0,2026-03-01T00:00:00Z
2025-03-31,E00146,0,0.0,0.0,2026-04-01T00:00:00Z
2025-04-30,E00146,0,0.0,0.0,2026-05-01T00:00:00Z
2025-05-31,E00146,0,0.0,0.0,2026-06-01T00:00:00Z
2025-06-30,E00146,0,0.0,0.0,2026-07-01T00:00:00Z
2023-07-31,E00147,0,0.0,0.0,2024-07-31T00:00:00Z
2023-08-31,E00147,0,0.0,0.0,2024-08-31T00:00:00Z
2023-09-30,E00147,0,0.0,0.0,2024-09-30T00:00:00Z
2023-10-31,E00147,0,0.0,0.0,2024-10-31T00:00:00Z
2023-11-30,E00147,0,0.0,0.0,2024-11-30T00:00:00Z
2023-12-31,E00147,0,0.0,0.0,2024-12-31T00:00:00Z
2024-01-31,E00147,0,0.0,0.0,2025-01-31T00:00:00Z
2024-02-29,E00147,0,0.0,0.0,2025-03-01T00:00:00Z
2024-03-31,E00147,0,0.0,0.0,2025-04-01T00:00:00Z
2024-04-30,E00147,0,0.0,0.0,2025-05-01T00:00:00Z
2024-05-31,E00147,0,0.0,0.0,2025-06-01T00:00:00Z
2024-06-30,E00147,0,0.0,0.0,2025-07-01T00:00:00Z
2024-07-31,E00147,0,0.0,0.0,2025-08-01T00:00:00Z
2024-08-31,E00147,0,0.0,0.0,2025-09-01T00:00:00Z
2024-09-30,E00147,0,0.0,0.0,2025-10-01T00:00:00Z
2024-10-31,E00147,0,0.0,0.0,2025-11-01T00:00:00Z
2024-11-30,E00147,0,0.0,0.0,2025-12-01T00:00:00Z
2024-12-31,E00147,0,0.0,0.0,2026-01-01T00:00:00Z
2025-01-31,E00147,0,0.0,0.0,2026-02-01T00:00:00Z
2025-02-28,E00147,0,0.0,0.0,2026-03-01T00:00:00Z
2025-03-31,E00147,0,0.0,0.0,2026-04-01T00:00:00Z
2025-04-30,E00147,0,0.0,0.0,2026-05-01T00:00:00Z
2025-05-31,E00147,0,0.0,0.0,2026-06-01T00:00:00Z
2025-06-30,E00147,0,0.0,0.0,2026-07-01T00:00:00Z
2023-07-31,E00148,0,0.0,0.0,2024-07-31T00:00:00Z
2023-08-31,E00148,0,0.0,0.0,2024-08-31T00:00:00Z
2023-09-30,E00148,0,0.0,0.0,2024-09-30T00:00:00Z
2023-10-31,E00148,0,0.0,0.0,2024-10-31T00:00:00Z
2023-11-30,E00148,0,0.0,0.0,2024-11-30T00:00:00Z
2023-12-31,E00148,0,0.0,0.0,2024-12-31T00:00:00Z
2024-01-31,E00148,0,0.0,0.0,2025-01-31T00:00:00Z
2024-02-29,E00148,0,0.0,0.0,2025-03-01T00:00:00Z
2024-03-31,E00148,0,0.0,0.0,2025-04-01T00:00:00Z
2024-04-30,E00148,0,0.0,0.0,2025-05-01T00:00:00Z
2024-05-31,E00148,0,0.0,0.0,2025-06-01T00:00:00Z
2024-06-30,E00148,0,0.0,0.0,2025-07-01T00:00:00Z
2024-07-31,E00148,0,0.0,0.0,2025-08-01T00:00:00Z
2024-08-31,E00148,0,0.0,0.0,2025-09-01T00:00:00Z
2024-09-30,E00148,0,0.0,0.0,2025-10-01T00:00:00Z
2024-10-31,E00148,0,0.0,0.0,2025-11-01T00:00:00Z
2024-11-30,E00148,0,0.0,0.0,2025-12-01T00:00:00Z
2024-12-31,E00148,0,0.0,0.0,2026-01-01T00:00:00Z
2025-01-31,E00148,0,0.0,0.0,2026-02-01T00:00:00Z
2025-02-28,E00148,0,0.0,0.0,2026-03-01T00:00:00Z
2025-03-31,E00148,0,0.0,0.0,2026-04-01T00:00:00Z
2025-04-30,E00148,0,0.0,0.0,2026-05-01T00:00:00Z
2025-05-31,E00148,0,0.0,0.0,2026-06-01T00:00:00Z
2025-06-30,E00148,0,0.0,0.0,2026-07-01T00:00:00Z
2023-07-31,E00149,0,0.0,0.0,2024-07-31T00:00:00Z
2023-08-31,E00149,0,0.0,0.0,2024-08-31T00:00:00Z
2023-09-30,E00149,0,0.0,0.0,2024-09-30T00:00:00Z
2023-10-31,E00149,0,0.0,0.0,2024-10-31T00:00:00Z
2023-11-30,E00149,0,0.0,0.0,2024-11-30T00:00:00Z
2023-12-31,E00149,0,0.0,0.0,2024-12-31T00:00:00Z
2024-01-31,E00149,1,0.2471,19680.23,2025-01-31T00:00:00Z
2024-02-29,E00149,1,0.3298,26268.16,2025-03-01T00:00:00Z
2024-03-31,E00149,1,0.3511,27971.52,2025-04-01T00:00:00Z
2024-04-30,E00149,1,0.2731,21751.91,2025-05-01T00:00:00Z
2024-05-31,E00149,1,0.261,20790.28,2025-06-01T00:00:00Z
2024-06-30,E00149,1,0.3081,24544.28,2025-07-01T00:00:00Z
2024-07-31,E00149,1,0.2787,22204.26,2025-08-01T00:00:00Z
2024-08-31,E00149,1,0.2877,22916.45,2025-09-01T00:00:00Z
2024-09-30,E00149,1,0.3553,28305.1,2025-10-01T00:00:00Z
2024-10-31,E00149,1,0.3584,28548.11,2025-11-01T00:00:00Z
2024-11-30,E00149,1,0.2648,21090.78,2025-12-01T00:00:00Z
2024-12-31,E00149,1,0.2956,23550.47,2026-01-01T00:00:00Z
2025-01-31,E00149,0,0.0,0.0,2026-02-01T00:00:00Z
2025-02-28,E00149,0,0.0,0.0,2026-03-01T00:00:00Z
2025-03-31,E00149,0,0.0,0.0,2026-04-01T00:00:00Z
2025-04-30,E00149,0,0.0,0.0,2026-05-01T00:00:00Z
2025-05-31,E00149,0,0.0,0.0,2026-06-01T00:00:00Z
2025-06-30,E00149,0,0.0,0.0,2026-07-01T00:00:00Z
2023-07-31,E00150,0,0.0,0.0,2024-07-31T00:00:00Z
2023-08-31,E00150,0,0.0,0.0,2024-08-31T00:00:00Z
2023-09-30,E00150,0,0.0,0.0,2024-09-30T00:00:00Z
2023-10-31,E00150,0,0.0,0.0,2024-10-31T00:00:00Z
2023-11-30,E00150,0,0.0,0.0,2024-11-30T00:00:00Z
2023-12-31,E00150,0,0.0,0.0,2024-12-31T00:00:00Z
2024-01-31,E00150,0,0.0,0.0,2025-01-31T00:00:00Z
2024-02-29,E00150,0,0.0,0.0,2025-03-01T00:00:00Z
2024-03-31,E00150,0,0.0,0.0,2025-04-01T00:00:00Z
2024-04-30,E00150,0,0.0,0.0,2025-05-01T00:00:00Z
2024-05-31,E00150,0,0.0,0.0,2025-06-01T00:00:00Z
2024-06-30,E00150,0,0.0,0.0,2025-07-01T00:00:00Z
2024-07-31,E00150,0,0.0,0.0,2025-08-01T00:00:00Z
2024-08-31,E00150,0,0.0,0.0,2025-09-01T00:00:00Z
2024-09-30,E00150,0,0.0,0.0,2025-10-01T00:00:00Z
2024-10-31,E00150,0,0.0,0.0,2025-11-01T00:00:00Z
2024-11-30,E00150,0,0.0,0.0,2025-12-01T00:00:00Z
2024-12-31,E00150,0,0.0,0.0,2026-01-01T00:00:00Z
2025-01-31,E00150,0,0.0,0.0,2026-02-01T00:00:00Z
2025-02-28,E00150,0,0.0,0.0,2026-03-01T00:00:00Z
2025-03-31,E00150,0,0.0,0.0,2026-04-01T00:00:00Z
2025-04-30,E00150,0,0.0,0.0,2026-05-01T00:00:00Z
2025-05-31,E00150,0,0.0,0.0,2026-06-01T00:00:00Z
2025-06-30,E00150,0,0.0,0.0,2026-07-01T00:00:00Z
2023-07-31,E00151,1,0.5627,111068.6,2024-07-31T00:00:00Z
2023-08-31,E00151,1,0.4733,93421.9,2024-08-31T00:00:00Z
2023-09-30,E00151,1,0.5355,105689.94,2024-09-30T00:00:00Z
2023-10-31,E00151,1,0.5254,103706.34,2024-10-31T00:00:00Z
2023-11-30,E00151,1,0.601,118624.18,2024-11-30T00:00:00Z
2023-12-31,E00151,1,0.4747,93700.96,2024-12-31T00:00:00Z
2024-01-31,E00151,1,0.5655,111612.32,2025-01-31T00:00:00Z
2024-02-29,E00151,0,0.0,0.0,2025-03-01T00:00:00Z
2024-03-31,E00151,0,0.0,0.0,2025-04-01T00:00:00Z
2024-04-30,E00151,0,0.0,0.0,2025-05-01T00:00:00Z
2024-05-31,E00151,0,0.0,0.0,2025-06-01T00:00:00Z
2024-06-30,E00151,0,0.0,0.0,2025-07-01T00:00:00Z
2024-07-31,E00151,0,0.0,0.0,2025-08-01T00:00:00Z
2024-08-31,E00151,0,0.0,0.0,2025-09-01T00:00:00Z
2024-09-30,E00151,0,0.0,0.0,2025-10-01T00:00:00Z
2024-10-31,E00151,0,0.0,0.0,2025-11-01T00:00:00Z
2024-11-30,E00151,0,0.0,0.0,2025-12-01T00:00:00Z
2024-12-31,E00151,0,0.0,0.0,2026-01-01T00:00:00Z
2025-01-31,E00151,0,0.0,0.0,2026-02-01T00:00:00Z
2025-02-28,E00151,0,0.0,0.0,2026-03-01T00:00:00Z
2025-03-31,E00151,0,0.0,0.0,2026-04-01T00:00:00Z
2025-04-30,E00151,0,0.0,0.0,2026-05-01T00:00:00Z
2025-05-31,E00151,0,0.0,0.0,2026-06-01T00:00:00Z
2025-06-30,E00151,0,0.0,0.0,2026-07-01T00:00:00Z
2023-07-31,E00152,0,0.0,0.0,2024-07-31T00:00:00Z
2023-08-31,E00152,0,0.0,0.0,2024-08-31T00:00:00Z
2023-09-30,E00152,0,0.0,0.0,2024-09-30T00:00:00Z
2023-10-31,E00152,0,0.0,0.0,2024-10-31T00:00:00Z
2023-11-30,E00152,0,0.0,0.0,2024-11-30T00:00:00Z
2023-12-31,E00152,0,0.0,0.0,2024-12-31T00:00:00Z
2024-01-31,E00152,0,0.0,0.0,2025-01-31T00:00:00Z
2024-02-29,E00152,0,0.0,0.0,2025-03-01T00:00:00Z
2024-03-31,E00152,0,0.0,0.0,2025-04-01T00:00:00Z
2024-04-30,E00152,0,0.0,0.0,2025-05-01T00:00:00Z
2024-05-31,E00152,0,0.0,0.0,2025-06-01T00:00:00Z
2024-06-30,E00152,0,0.0,0.0,2025-07-01T00:00:00Z
2024-07-31,E00152,0,0.0,0.0,2025-08-01T00:00:00Z
2024-08-31,E00152,0,0.0,0.0,2025-09-01T00:00:00Z
2024-09-30,E00152,0,0.0,0.0,2025-10-01T00:00:00Z
2024-10-31,E00152,0,0.0,0.0,2025-11-01T00:00:00Z
2024-11-30,E00152,0,0.0,0.0,2025-12-01T00:00:00Z
2024-12-31,E00152,0,0.0,0.0,2026-01-01T00:00:00Z
2025-01-31,E00152,0,0.0,0.0,2026-02-01T00:00:00Z
2025-02-28,E00152,0,0.0,0.0,2026-03-01T00:00:00Z
2025-03-31,E00152,0,0.0,0.0,2026-04-01T00:00:00Z
2025-04-30,E00152,0,0.0,0.0,2026-05-01T00:00:00Z
2025-05-31,E00152,0,0.0,0.0,2026-06-01T00:00:00Z
2025-06-30,E00152,0,0.0,0.0,2026-07-01T00:00:00Z
2023-07-31,E00153,0,0.0,0.0,2024-07-31T00:00:00Z
2023-08-31,E00153,0,0.0,0.0,2024-08-31T00:00:00Z
2023-09-30,E00153,0,0.0,0.0,2024-09-30T00:00:00Z
2023-10-31,E00153,0,0.0,0.0,2024-10-31T00:00:00Z
2023-11-30,E00153,0,0.0,0.0,2024-11-30T00:00:00Z
2023-12-31,E00153,0,0.0,0.0,2024-12-31T00:00:00Z
2024-01-31,E00153,0,0.0,0.0,2025-01-31T00:00:00Z
2024-02-29,E00153,0,0.0,0.0,2025-03-01T00:00:00Z
2024-03-31,E00153,0,0.0,0.0,2025-04-01T00:00:00Z
2024-04-30,E00153,0,0.0,0.0,2025-05-01T00:00:00Z
2024-05-31,E00153,0,0.0,0.0,2025-06-01T00:00:00Z
2024-06-30,E00153,0,0.0,0.0,2025-07-01T00:00:00Z
2024-07-31,E00153,0,0.0,0.0,2025-08-01T00:00:00Z
2024-08-31,E00153,0,0.0,0.0,2025-09-01T00:00:00Z
2024-09-30,E00153,0,0.0,0.0,2025-10-01T00:00:00Z
2024-10-31,E00153,0,0.0,0.0,2025-11-01T00:00:00Z
2024-11-30,E00153,0,0.0,0.0,2025-12-01T00:00:00Z
2024-12-31,E00153,0,0.0,0.0,2026-01-01T00:00:00Z
2025-01-31,E00153,0,0.0,0.0,2026-02-01T00:00:00Z
2025-02-28,E00153,0,0.0,0.0,2026-03-01T00:00:00Z
2025-03-31,E00153,0,0.0,0.0,2026-04-01T00:00:00Z
2025-04-30,E00153,0,0.0,0.0,2026-05-01T00:00:00Z
2025-05-31,E00153,0,0.0,0.0,2026-06-01T00:00:00Z
2025-06-30,E00153,0,0.0,0.0,2026-07-01T00:00:00Z
2023-07-31,E00154,0,0.0,0.0,2024-07-31T00:00:00Z
2023-08-31,E00154,0,0.0,0.0,2024-08-31T00:00:00Z
2023-09-30,E00154,0,0.0,0.0,2024-09-30T00:00:00Z
2023-10-31,E00154,0,0.0,0.0,2024-10-31T00:00:00Z
2023-11-30,E00154,0,0.0,0.0,2024-11-30T00:00:00Z
2023-12-31,E00154,0,0.0,0.0,2024-12-31T00:00:00Z
2024-01-31,E00154,0,0.0,0.0,2025-01-31T00:00:00Z
2024-02-29,E00154,0,0.0,0.0,2025-03-01T00:00:00Z
2024-03-31,E00154,0,0.0,0.0,2025-04-01T00:00:00Z
2024-04-30,E00154,0,0.0,0.0,2025-05-01T00:00:00Z
2024-05-31,E00154,0,0.0,0.0,2025-06-01T00:00:00Z
2024-06-30,E00154,0,0.0,0.0,2025-07-01T00:00:00Z
2024-07-31,E00154,0,0.0,0.0,2025-08-01T00:00:00Z
2024-08-31,E00154,0,0.0,0.0,2025-09-01T00:00:00Z
2024-09-30,E00154,0,0.0,0.0,2025-10-01T00:00:00Z
2024-10-31,E00154,0,0.0,0.0,2025-11-01T00:00:00Z
2024-11-30,E00154,0,0.0,0.0,2025-12-01T00:00:00Z
2024-12-31,E00154,0,0.0,0.0,2026-01-01T00:00:00Z
2025-01-31,E00154,0,0.0,0.0,2026-02-01T00:00:00Z
2025-02-28,E00154,0,0.0,0.0,2026-03-01T00:00:00Z
2025-03-31,E00154,0,0.0,0.0,2026-04-01T00:00:00Z
2025-04-30,E00154,0,0.0,0.0,2026-05-01T00:00:00Z
2025-05-31,E00154,0,0.0,0.0,2026-06-01T00:00:00Z
2025-06-30,E00154,0,0.0,0.0,2026-07-01T00:00:00Z
2023-07-31,E00155,0,0.0,0.0,2024-07-31T00:00:00Z
2023-08-31,E00155,0,0.0,0.0,2024-08-31T00:00:00Z
2023-09-30,E00155,0,0.0,0.0,2024-09-30T00:00:00Z
2023-10-31,E00155,0,0.0,0.0,2024-10-31T00:00:00Z
2023-11-30,E00155,0,0.0,0.0,2024-11-30T00:00:00Z
2023-12-31,E00155,0,0.0,0.0,2024-12-31T00:00:00Z
2024-01-31,E00155,0,0.0,0.0,2025-01-31T00:00:00Z
2024-02-29,E00155,0,0.0,0.0,2025-03-01T00:00:00Z
2024-03-31,E00155,0,0.0,0.0,2025-04-01T00:00:00Z
2024-04-30,E00155,0,0.0,0.0,2025-05-01T00:00:00Z
2024-05-31,E00155,0,0.0,0.0,2025-06-01T00:00:00Z
2024-06-30,E00155,0,0.0,0.0,2025-07-01T00:00:00Z
2024-07-31,E00155,0,0.0,0.0,2025-08-01T00:00:00Z
2024-08-31,E00155,0,0.0,0.0,2025-09-01T00:00:00Z
2024-09-30,E00155,0,0.0,0.0,2025-10-01T00:00:00Z
2024-10-31,E00155,0,0.0,0.0,2025-11-01T00:00:00Z
2024-11-30,E00155,0,0.0,0.0,2025-12-01T00:00:00Z
2024-12-31,E00155,0,0.0,0.0,2026-01-01T00:00:00Z
2025-01-31,E00155,0,0.0,0.0,2026-02-01T00:00:00Z
2025-02-28,E00155,0,0.0,0.0,2026-03-01T00:00:00Z
2025-03-31,E00155,0,0.0,0.0,2026-04-01T00:00:00Z
2025-04-30,E00155,0,0.0,0.0,2026-05-01T00:00:00Z
2025-05-31,E00155,0,0.0,0.0,2026-06-01T00:00:00Z
2025-06-30,E00155,0,0.0,0.0,2026-07-01T00:00:00Z
2023-07-31,E00156,0,0.0,0.0,2024-07-31T00:00:00Z
2023-08-31,E00156,0,0.0,0.0,2024-08-31T00:00:00Z
2023-09-30,E00156,0,0.0,0.0,2024-09-30T00:00:00Z
2023-10-31,E00156,0,0.0,0.0,2024-10-31T00:00:00Z
2023-11-30,E00156,0,0.0,0.0,2024-11-30T00:00:00Z
2023-12-31,E00156,0,0.0,0.0,2024-12-31T00:00:00Z
2024-01-31,E00156,0,0.0,0.0,2025-01-31T00:00:00Z
2024-02-29,E00156,0,0.0,0.0,2025-03-01T00:00:00Z
2024-03-31,E00156,0,0.0,0.0,2025-04-01T00:00:00Z
2024-04-30,E00156,0,0.0,0.0,2025-05-01T00:00:00Z
2024-05-31,E00156,0,0.0,0.0,2025-06-01T00:00:00Z
2024-06-30,E00156,0,0.0,0.0,2025-07-01T00:00:00Z
2024-07-31,E00156,0,0.0,0.0,2025-08-01T00:00:00Z
2024-08-31,E00156,0,0.0,0.0,2025-09-01T00:00:00Z
2024-09-30,E00156,0,0.0,0.0,2025-10-01T00:00:00Z
2024-10-31,E00156,0,0.0,0.0,2025-11-01T00:00:00Z
2024-11-30,E00156,0,0.0,0.0,2025-12-01T00:00:00Z
2024-12-31,E00156,0,0.0,0.0,2026-01-01T00:00:00Z
2025-01-31,E00156,0,0.0,0.0,2026-02-01T00:00:00Z
2025-02-28,E00156,0,0.0,0.0,2026-03-01T00:00:00Z
2025-03-31,E00156,0,0.0,0.0,2026-04-01T00:00:00Z
2025-04-30,E00156,0,0.0,0.0,2026-05-01T00:00:00Z
2025-05-31,E00156,0,0.0,0.0,2026-06-01T00:00:00Z
2025-06-30,E00156,0,0.0,0.0,2026-07-01T00:00:00Z
2023-07-31,E00157,0,0.0,0.0,2024-07-31T00:00:00Z
2023-08-31,E00157,0,0.0,0.0,2024-08-31T00:00:00Z
2023-09-30,E00157,0,0.0,0.0,2024-09-30T00:00:00Z
2023-10-31,E00157,0,0.0,0.0,2024-10-31T00:00:00Z
2023-11-30,E00157,0,0.0,0.0,2024-11-30T00:00:00Z
2023-12-31,E00157,0,0.0,0.0,2024-12-31T00:00:00Z
2024-01-31,E00157,0,0.0,0.0,2025-01-31T00:00:00Z
2024-02-29,E00157,0,0.0,0.0,2025-03-01T00:00:00Z
2024-03-31,E00157,0,0.0,0.0,2025-04-01T00:00:00Z
2024-04-30,E00157,0,0.0,0.0,2025-05-01T00:00:00Z
2024-05-31,E00157,0,0.0,0.0,2025-06-01T00:00:00Z
2024-06-30,E00157,0,0.0,0.0,2025-07-01T00:00:00Z
2024-07-31,E00157,0,0.0,0.0,2025-08-01T00:00:00Z
2024-08-31,E00157,0,0.0,0.0,2025-09-01T00:00:00Z
2024-09-30,E00157,0,0.0,0.0,2025-10-01T00:00:00Z
2024-10-31,E00157,0,0.0,0.0,2025-11-01T00:00:00Z
2024-11-30,E00157,0,0.0,0.0,2025-12-01T00:00:00Z
2024-12-31,E00157,0,0.0,0.0,2026-01-01T00:00:00Z
2025-01-31,E00157,0,0.0,0.0,2026-02-01T00:00:00Z
2025-02-28,E00157,0,0.0,0.0,2026-03-01T00:00:00Z
2025-03-31,E00157,0,0.0,0.0,2026-04-01T00:00:00Z
2025-04-30,E00157,0,0.0,0.0,2026-05-01T00:00:00Z
2025-05-31,E00157,0,0.0,0.0,2026-06-01T00:00:00Z
2025-06-30,E00157,0,0.0,0.0,2026-07-01T00:00:00Z
2023-07-31,E00158,0,0.0,0.0,2024-07-31T00:00:00Z
2023-08-31,E00158,0,0.0,0.0,2024-08-31T00:00:00Z
2023-09-30,E00158,0,0.0,0.0,2024-09-30T00:00:00Z
2023-10-31,E00158,0,0.0,0.0,2024-10-31T00:00:00Z
2023-11-30,E00158,0,0.0,0.0,2024-11-30T00:00:00Z
2023-12-31,E00158,0,0.0,0.0,2024-12-31T00:00:00Z
2024-01-31,E00158,0,0.0,0.0,2025-01-31T00:00:00Z
2024-02-29,E00158,0,0.0,0.0,2025-03-01T00:00:00Z
2024-03-31,E00158,0,0.0,0.0,2025-04-01T00:00:00Z
2024-04-30,E00158,0,0.0,0.0,2025-05-01T00:00:00Z
2024-05-31,E00158,0,0.0,0.0,2025-06-01T00:00:00Z
2024-06-30,E00158,0,0.0,0.0,2025-07-01T00:00:00Z
2024-07-31,E00158,0,0.0,0.0,2025-08-01T00:00:00Z
2024-08-31,E00158,0,0.0,0.0,2025-09-01T00:00:00Z
2024-09-30,E00158,0,0.0,0.0,2025-10-01T00:00:00Z
2024-10-31,E00158,0,0.0,0.0,2025-11-01T00:00:00Z
2024-11-30,E00158,0,0.0,0.0,2025-12-01T00:00:00Z
2024-12-31,E00158,0,0.0,0.0,2026-01-01T00:00:00Z
2025-01-31,E00158,0,0.0,0.0,2026-02-01T00:00:00Z
2025-02-28,E00158,0,0.0,0.0,2026-03-01T00:00:00Z
2025-03-31,E00158,0,0.0,0.0,2026-04-01T00:00:00Z
2025-04-30,E00158,0,0.0,0.0,2026-05-01T00:00:00Z
2025-05-31,E00158,0,0.0,0.0,2026-06-01T00:00:00Z
2025-06-30,E00158,0,0.0,0.0,2026-07-01T00:00:00Z
2023-07-31,E00159,0,0.0,0.0,2024-07-31T00:00:00Z
2023-08-31,E00159,0,0.0,0.0,2024-08-31T00:00:00Z
2023-09-30,E00159,0,0.0,0.0,2024-09-30T00:00:00Z
2023-10-31,E00159,0,0.0,0.0,2024-10-31T00:00:00Z
2023-11-30,E00159,0,0.0,0.0,2024-11-30T00:00:00Z
2023-12-31,E00159,0,0.0,0.0,2024-12-31T00:00:00Z
2024-01-31,E00159,0,0.0,0.0,2025-01-31T00:00:00Z
2024-02-29,E00159,0,0.0,0.0,2025-03-01T00:00:00Z
2024-03-31,E00159,0,0.0,0.0,2025-04-01T00:00:00Z
2024-04-30,E00159,0,0.0,0.0,2025-05-01T00:00:00Z
2024-05-31,E00159,0,0.0,0.0,2025-06-01T00:00:00Z
2024-06-30,E00159,0,0.0,0.0,2025-07-01T00:00:00Z
2024-07-31,E00159,0,0.0,0.0,2025-08-01T00:00:00Z
2024-08-31,E00159,0,0.0,0.0,2025-09-01T00:00:00Z
2024-09-30,E00159,0,0.0,0.0,2025-10-01T00:00:00Z
2024-10-31,E00159,0,0.0,0.0,2025-11-01T00:00:00Z
2024-11-30,E00159,0,0.0,0.0,2025-12-01T00:00:00Z
2024-12-31,E00159,0,0.0,0.0,2026-01-01T00:00:00Z
2025-01-31,E00159,0,0.0,0.0,2026-02-01T00:00:00Z
2025-02-28,E00159,0,0.0,0.0,2026-03-01T00:00:00Z
2025-03-31,E00159,0,0.0,0.0,2026-04-01T00:00:00Z
2025-04-30,E00159,0,0.0,0.0,2026-05-01T00:00:00Z
2025-05-31,E00159,0,0.0,0.0,2026-06-01T00:00:00Z
2025-06-30,E00159,0,0.0,0.0,2026-07-01T00:00:00Z
2023-07-31,E00160,0,0.0,0.0,2024-07-31T00:00:00Z
2023-08-31,E00160,0,0.0,0.0,2024-08-31T00:00:00Z
2023-09-30,E00160,0,0.0,0.0,2024-09-30T00:00:00Z
2023-10-31,E00160,0,0.0,0.0,2024-10-31T00:00:00Z
2023-11-30,E00160,0,0.0,0.0,2024-11-30T00:00:00Z
2023-12-31,E00160,0,0.0,0.0,2024-12-31T00:00:00Z
2024-01-31,E00160,0,0.0,0.0,2025-01-31T00:00:00Z
2024-02-29,E00160,0,0.0,0.0,2025-03-01T00:00:00Z
2024-03-31,E00160,0,0.0,0.0,2025-04-01T00:00:00Z
2024-04-30,E00160,0,0.0,0.0,2025-05-01T00:00:00Z
2024-05-31,E00160,0,0.0,0.0,2025-06-01T00:00:00Z
2024-06-30,E00160,0,0.0,0.0,2025-07-01T00:00:00Z
2024-07-31,E00160,0,0.0,0.0,2025-08-01T00:00:00Z
2024-08-31,E00160,0,0.0,0.0,2025-09-01T00:00:00Z
2024-09-30,E00160,0,0.0,0.0,2025-10-01T00:00:00Z
2024-10-31,E00160,0,0.0,0.0,2025-11-01T00:00:00Z
2024-11-30,E00160,0,0.0,0.0,2025-12-01T00:00:00Z
2024-12-31,E00160,0,0.0,0.0,2026-01-01T00:00:00Z
2025-01-31,E00160,0,0.0,0.0,2026-02-01T00:00:00Z
2025-02-28,E00160,0,0.0,0.0,2026-03-01T00:00:00Z
2025-03-31,E00160,0,0.0,0.0,2026-04-01T00:00:00Z
2025-04-30,E00160,0,0.0,0.0,2026-05-01T00:00:00Z
2025-05-31,E00160,0,0.0,0.0,2026-06-01T00:00:00Z
2025-06-30,E00160,0,0.0,0.0,2026-07-01T00:00:00Z
2023-07-31,E00161,0,0.0,0.0,2024-07-31T00:00:00Z
2023-08-31,E00161,0,0.0,0.0,2024-08-31T00:00:00Z
2023-09-30,E00161,0,0.0,0.0,2024-09-30T00:00:00Z
2023-10-31,E00161,0,0.0,0.0,2024-10-31T00:00:00Z
2023-11-30,E00161,0,0.0,0.0,2024-11-30T00:00:00Z
2023-12-31,E00161,0,0.0,0.0,2024-12-31T00:00:00Z
2024-01-31,E00161,0,0.0,0.0,2025-01-31T00:00:00Z
2024-02-29,E00161,0,0.0,0.0,2025-03-01T00:00:00Z
2024-03-31,E00161,0,0.0,0.0,2025-04-01T00:00:00Z
2024-04-30,E00161,0,0.0,0.0,2025-05-01T00:00:00Z
2024-05-31,E00161,0,0.0,0.0,2025-06-01T00:00:00Z
2024-06-30,E00161,0,0.0,0.0,2025-07-01T00:00:00Z
2024-07-31,E00161,0,0.0,0.0,2025-08-01T00:00:00Z
2024-08-31,E00161,1,0.4863,63978.16,2025-09-01T00:00:00Z
2024-09-30,E00161,1,0.5379,70763.09,2025-10-01T00:00:00Z
2024-10-31,E00161,1,0.4749,62475.68,2025-11-01T00:00:00Z
2024-11-30,E00161,1,0.4601,60535.22,2025-12-01T00:00:00Z
2024-12-31,E00161,1,0.4944,65039.94,2026-01-01T00:00:00Z
2025-01-31,E00161,1,0.4866,64016.08,2026-02-01T00:00:00Z
2025-02-28,E00161,1,0.4072,53576.96,2026-03-01T00:00:00Z
2025-03-31,E00161,1,0.5156,67826.4,2026-04-01T00:00:00Z
2025-04-30,E00161,1,0.5619,73919.34,2026-05-01T00:00:00Z
2025-05-31,E00161,1,0.4497,59167.73,2026-06-01T00:00:00Z
2025-06-30,E00161,1,0.4808,63256.78,2026-07-01T00:00:00Z
2023-07-31,E00162,0,0.0,0.0,2024-07-31T00:00:00Z
2023-08-31,E00162,0,0.0,0.0,2024-08-31T00:00:00Z
2023-09-30,E00162,0,0.0,0.0,2024-09-30T00:00:00Z
2023-10-31,E00162,0,0.0,0.0,2024-10-31T00:00:00Z
2023-11-30,E00162,0,0.0,0.0,2024-11-30T00:00:00Z
2023-12-31,E00162,0,0.0,0.0,2024-12-31T00:00:00Z
2024-01-31,E00162,0,0.0,0.0,2025-01-31T00:00:00Z
2024-02-29,E00162,0,0.0,0.0,2025-03-01T00:00:00Z
2024-03-31,E00162,0,0.0,0.0,2025-04-01T00:00:00Z
2024-04-30,E00162,0,0.0,0.0,2025-05-01T00:00:00Z
2024-05-31,E00162,0,0.0,0.0,2025-06-01T00:00:00Z
2024-06-30,E00162,0,0.0,0.0,2025-07-01T00:00:00Z
2024-07-31,E00162,0,0.0,0.0,2025-08-01T00:00:00Z
2024-08-31,E00162,0,0.0,0.0,2025-09-01T00:00:00Z
2024-09-30,E00162,0,0.0,0.0,2025-10-01T00:00:00Z
2024-10-31,E00162,0,0.0,0.0,2025-11-01T00:00:00Z
2024-11-30,E00162,0,0.0,0.0,2025-12-01T00:00:00Z
2024-12-31,E00162,0,0.0,0.0,2026-01-01T00:00:00Z
2025-01-31,E00162,0,0.0,0.0,2026-02-01T00:00:00Z
2025-02-28,E00162,0,0.0,0.0,2026-03-01T00:00:00Z
2025-03-31,E00162,0,0.0,0.0,2026-04-01T00:00:00Z
2025-04-30,E00162,0,0.0,0.0,2026-05-01T00:00:00Z
2025-05-31,E00162,0,0.0,0.0,2026-06-01T00:00:00Z
2025-06-30,E00162,0,0.0,0.0,2026-07-01T00:00:00Z
2023-07-31,E00163,0,0.0,0.0,2024-07-31T00:00:00Z
2023-08-31,E00163,0,0.0,0.0,2024-08-31T00:00:00Z
2023-09-30,E00163,0,0.0,0.0,2024-09-30T00:00:00Z
2023-10-31,E00163,0,0.0,0.0,2024-10-31T00:00:00Z
2023-11-30,E00163,0,0.0,0.0,2024-11-30T00:00:00Z
2023-12-31,E00163,0,0.0,0.0,2024-12-31T00:00:00Z
2024-01-31,E00163,0,0.0,0.0,2025-01-31T00:00:00Z
2024-02-29,E00163,0,0.0,0.0,2025-03-01T00:00:00Z
2024-03-31,E00163,0,0.0,0.0,2025-04-01T00:00:00Z
2024-04-30,E00163,0,0.0,0.0,2025-05-01T00:00:00Z
2024-05-31,E00163,0,0.0,0.0,2025-06-01T00:00:00Z
2024-06-30,E00163,0,0.0,0.0,2025-07-01T00:00:00Z
2024-07-31,E00163,0,0.0,0.0,2025-08-01T00:00:00Z
2024-08-31,E00163,0,0.0,0.0,2025-09-01T00:00:00Z
2024-09-30,E00163,0,0.0,0.0,2025-10-01T00:00:00Z
2024-10-31,E00163,0,0.0,0.0,2025-11-01T00:00:00Z
2024-11-30,E00163,0,0.0,0.0,2025-12-01T00:00:00Z
2024-12-31,E00163,0,0.0,0.0,2026-01-01T00:00:00Z
2025-01-31,E00163,0,0.0,0.0,2026-02-01T00:00:00Z
2025-02-28,E00163,0,0.0,0.0,2026-03-01T00:00:00Z
2025-03-31,E00163,0,0.0,0.0,2026-04-01T00:00:00Z
2025-04-30,E00163,0,0.0,0.0,2026-05-01T00:00:00Z
2025-05-31,E00163,0,0.0,0.0,2026-06-01T00:00:00Z
2025-06-30,E00163,0,0.0,0.0,2026-07-01T00:00:00Z
2023-07-31,E00164,0,0.0,0.0,2024-07-31T00:00:00Z
2023-08-31,E00164,0,0.0,0.0,2024-08-31T00:00:00Z
2023-09-30,E00164,0,0.0,0.0,2024-09-30T00:00:00Z
2023-10-31,E00164,0,0.0,0.0,2024-10-31T00:00:00Z
2023-11-30,E00164,0,0.0,0.0,2024-11-30T00:00:00Z
2023-12-31,E00164,0,0.0,0.0,2024-12-31T00:00:00Z
2024-01-31,E00164,0,0.0,0.0,2025-01-31T00:00:00Z
2024-02-29,E00164,0,0.0,0.0,2025-03-01T00:00:00Z
2024-03-31,E00164,0,0.0,0.0,2025-04-01T00:00:00Z
2024-04-30,E00164,0,0.0,0.0,2025-05-01T00:00:00Z
2024-05-31,E00164,0,0.0,0.0,2025-06-01T00:00:00Z
2024-06-30,E00164,0,0.0,0.0,2025-07-01T00:00:00Z
2024-07-31,E00164,0,0.0,0.0,2025-08-01T00:00:00Z
2024-08-31,E00164,0,0.0,0.0,2025-09-01T00:00:00Z
2024-09-30,E00164,0,0.0,0.0,2025-10-01T00:00:00Z
2024-10-31,E00164,0,0.0,0.0,2025-11-01T00:00:00Z
2024-11-30,E00164,0,0.0,0.0,2025-12-01T00:00:00Z
2024-12-31,E00164,0,0.0,0.0,2026-01-01T00:00:00Z
2025-01-31,E00164,0,0.0,0.0,2026-02-01T00:00:00Z
2025-02-28,E00164,0,0.0,0.0,2026-03-01T00:00:00Z
2025-03-31,E00164,0,0.0,0.0,2026-04-01T00:00:00Z
2025-04-30,E00164,0,0.0,0.0,2026-05-01T00:00:00Z
2025-05-31,E00164,0,0.0,0.0,2026-06-01T00:00:00Z
2025-06-30,E00164,0,0.0,0.0,2026-07-01T00:00:00Z
2023-07-31,E00165,0,0.0,0.0,2024-07-31T00:00:00Z
2023-08-31,E00165,0,0.0,0.0,2024-08-31T00:00:00Z
2023-09-30,E00165,0,0.0,0.0,2024-09-30T00:00:00Z
2023-10-31,E00165,0,0.0,0.0,2024-10-31T00:00:00Z
2023-11-30,E00165,0,0.0,0.0,2024-11-30T00:00:00Z
2023-12-31,E00165,0,0.0,0.0,2024-12-31T00:00:00Z
2024-01-31,E00165,0,0.0,0.0,2025-01-31T00:00:00Z
2024-02-29,E00165,0,0.0,0.0,2025-03-01T00:00:00Z
2024-03-31,E00165,0,0.0,0.0,2025-04-01T00:00:00Z
2024-04-30,E00165,0,0.0,0.0,2025-05-01T00:00:00Z
2024-05-31,E00165,0,0.0,0.0,2025-06-01T00:00:00Z
2024-06-30,E00165,0,0.0,0.0,2025-07-01T00:00:00Z
2024-07-31,E00165,0,0.0,0.0,2025-08-01T00:00:00Z
2024-08-31,E00165,0,0.0,0.0,2025-09-01T00:00:00Z
2024-09-30,E00165,0,0.0,0.0,2025-10-01T00:00:00Z
2024-10-31,E00165,0,0.0,0.0,2025-11-01T00:00:00Z
2024-11-30,E00165,0,0.0,0.0,2025-12-01T00:00:00Z
2024-12-31,E00165,1,0.3422,55699.32,2026-01-01T00:00:00Z
2025-01-31,E00165,1,0.3167,51553.98,2026-02-01T00:00:00Z
2025-02-28,E00165,1,0.3384,55081.0,2026-03-01T00:00:00Z
2025-03-31,E00165,1,0.3926,63907.05,2026-04-01T00:00:00Z
2025-04-30,E00165,1,0.3338,54338.45,2026-05-01T00:00:00Z
2025-05-31,E00165,1,0.3179,51749.18,2026-06-01T00:00:00Z
2025-06-30,E00165,1,0.2945,47928.31,2026-07-01T00:00:00Z
2023-07-31,E00166,1,0.2625,6211.74,2024-07-31T00:00:00Z
2023-08-31,E00166,0,0.0,0.0,2024-08-31T00:00:00Z
2023-09-30,E00166,0,0.0,0.0,2024-09-30T00:00:00Z
2023-10-31,E00166,0,0.0,0.0,2024-10-31T00:00:00Z
2023-11-30,E00166,0,0.0,0.0,2024-11-30T00:00:00Z
2023-12-31,E00166,0,0.0,0.0,2024-12-31T00:00:00Z
2024-01-31,E00166,0,0.0,0.0,2025-01-31T00:00:00Z
2024-02-29,E00166,0,0.0,0.0,2025-03-01T00:00:00Z
2024-03-31,E00166,0,0.0,0.0,2025-04-01T00:00:00Z
2024-04-30,E00166,0,0.0,0.0,2025-05-01T00:00:00Z
2024-05-31,E00166,0,0.0,0.0,2025-06-01T00:00:00Z
2024-06-30,E00166,0,0.0,0.0,2025-07-01T00:00:00Z
2024-07-31,E00166,0,0.0,0.0,2025-08-01T00:00:00Z
2024-08-31,E00166,0,0.0,0.0,2025-09-01T00:00:00Z
2024-09-30,E00166,0,0.0,0.0,2025-10-01T00:00:00Z
2024-10-31,E00166,0,0.0,0.0,2025-11-01T00:00:00Z
2024-11-30,E00166,0,0.0,0.0,2025-12-01T00:00:00Z
2024-12-31,E00166,0,0.0,0.0,2026-01-01T00:00:00Z
2025-01-31,E00166,0,0.0,0.0,2026-02-01T00:00:00Z
2025-02-28,E00166,0,0.0,0.0,2026-03-01T00:00:00Z
2025-03-31,E00166,0,0.0,0.0,2026-04-01T00:00:00Z
2025-04-30,E00166,0,0.0,0.0,2026-05-01T00:00:00Z
2025-05-31,E00166,0,0.0,0.0,2026-06-01T00:00:00Z
2025-06-30,E00166,0,0.0,0.0,2026-07-01T00:00:00Z
2023-07-31,E00167,0,0.0,0.0,2024-07-31T00:00:00Z
2023-08-31,E00167,0,0.0,0.0,2024-08-31T00:00:00Z
2023-09-30,E00167,0,0.0,0.0,2024-09-30T00:00:00Z
2023-10-31,E00167,0,0.0,0.0,2024-10-31T00:00:00Z
2023-11-30,E00167,0,0.0,0.0,2024-11-30T00:00:00Z
2023-12-31,E00167,0,0.0,0.0,2024-12-31T00:00:00Z
2024-01-31,E00167,0,0.0,0.0,2025-01-31T00:00:00Z
2024-02-29,E00167,0,0.0,0.0,2025-03-01T00:00:00Z
2024-03-31,E00167,0,0.0,0.0,2025-04-01T00:00:00Z
2024-04-30,E00167,0,0.0,0.0,2025-05-01T00:00:00Z
2024-05-31,E00167,0,0.0,0.0,2025-06-01T00:00:00Z
2024-06-30,E00167,0,0.0,0.0,2025-07-01T00:00:00Z
2024-07-31,E00167,0,0.0,0.0,2025-08-01T00:00:00Z
2024-08-31,E00167,0,0.0,0.0,2025-09-01T00:00:00Z
2024-09-30,E00167,0,0.0,0.0,2025-10-01T00:00:00Z
2024-10-31,E00167,0,0.0,0.0,2025-11-01T00:00:00Z
2024-11-30,E00167,0,0.0,0.0,2025-12-01T00:00:00Z
2024-12-31,E00167,0,0.0,0.0,2026-01-01T00:00:00Z
2025-01-31,E00167,0,0.0,0.0,2026-02-01T00:00:00Z
2025-02-28,E00167,0,0.0,0.0,2026-03-01T00:00:00Z
2025-03-31,E00167,0,0.0,0.0,2026-04-01T00:00:00Z
2025-04-30,E00167,0,0.0,0.0,2026-05-01T00:00:00Z
2025-05-31,E00167,0,0.0,0.0,2026-06-01T00:00:00Z
2025-06-30,E00167,0,0.0,0.0,2026-07-01T00:00:00Z
2023-07-31,E00168,0,0.0,0.0,2024-07-31T00:00:00Z
2023-08-31,E00168,0,0.0,0.0,2024-08-31T00:00:00Z
2023-09-30,E00168,0,0.0,0.0,2024-09-30T00:00:00Z
2023-10-31,E00168,0,0.0,0.0,2024-10-31T00:00:00Z
2023-11-30,E00168,0,0.0,0.0,2024-11-30T00:00:00Z
2023-12-31,E00168,0,0.0,0.0,2024-12-31T00:00:00Z
2024-01-31,E00168,0,0.0,0.0,2025-01-31T00:00:00Z
2024-02-29,E00168,0,0.0,0.0,2025-03-01T00:00:00Z
2024-03-31,E00168,0,0.0,0.0,2025-04-01T00:00:00Z
2024-04-30,E00168,0,0.0,0.0,2025-05-01T00:00:00Z
2024-05-31,E00168,0,0.0,0.0,2025-06-01T00:00:00Z
2024-06-30,E00168,0,0.0,0.0,2025-07-01T00:00:00Z
2024-07-31,E00168,0,0.0,0.0,2025-08-01T00:00:00Z
2024-08-31,E00168,0,0.0,0.0,2025-09-01T00:00:00Z
2024-09-30,E00168,0,0.0,0.0,2025-10-01T00:00:00Z
2024-10-31,E00168,0,0.0,0.0,2025-11-01T00:00:00Z
2024-11-30,E00168,0,0.0,0.0,2025-12-01T00:00:00Z
2024-12-31,E00168,0,0.0,0.0,2026-01-01T00:00:00Z
2025-01-31,E00168,0,0.0,0.0,2026-02-01T00:00:00Z
2025-02-28,E00168,0,0.0,0.0,2026-03-01T00:00:00Z
2025-03-31,E00168,0,0.0,0.0,2026-04-01T00:00:00Z
2025-04-30,E00168,0,0.0,0.0,2026-05-01T00:00:00Z
2025-05-31,E00168,0,0.0,0.0,2026-06-01T00:00:00Z
2025-06-30,E00168,0,0.0,0.0,2026-07-01T00:00:00Z
2023-07-31,E00169,0,0.0,0.0,2024-07-31T00:00:00Z
2023-08-31,E00169,0,0.0,0.0,2024-08-31T00:00:00Z
2023-09-30,E00169,0,0.0,0.0,2024-09-30T00:00:00Z
2023-10-31,E00169,0,0.0,0.0,2024-10-31T00:00:00Z
2023-11-30,E00169,0,0.0,0.0,2024-11-30T00:00:00Z
2023-12-31,E00169,0,0.0,0.0,2024-12-31T00:00:00Z
2024-01-31,E00169,0,0.0,0.0,2025-01-31T00:00:00Z
2024-02-29,E00169,0,0.0,0.0,2025-03-01T00:00:00Z
2024-03-31,E00169,0,0.0,0.0,2025-04-01T00:00:00Z
2024-04-30,E00169,0,0.0,0.0,2025-05-01T00:00:00Z
2024-05-31,E00169,0,0.0,0.0,2025-06-01T00:00:00Z
2024-06-30,E00169,0,0.0,0.0,2025-07-01T00:00:00Z
2024-07-31,E00169,0,0.0,0.0,2025-08-01T00:00:00Z
2024-08-31,E00169,0,0.0,0.0,2025-09-01T00:00:00Z
2024-09-30,E00169,0,0.0,0.0,2025-10-01T00:00:00Z
2024-10-31,E00169,0,0.0,0.0,2025-11-01T00:00:00Z
2024-11-30,E00169,0,0.0,0.0,2025-12-01T00:00:00Z
2024-12-31,E00169,0,0.0,0.0,2026-01-01T00:00:00Z
2025-01-31,E00169,0,0.0,0.0,2026-02-01T00:00:00Z
2025-02-28,E00169,0,0.0,0.0,2026-03-01T00:00:00Z
2025-03-31,E00169,0,0.0,0.0,2026-04-01T00:00:00Z
2025-04-30,E00169,0,0.0,0.0,2026-05-01T00:00:00Z
2025-05-31,E00169,0,0.0,0.0,2026-06-01T00:00:00Z
2025-06-30,E00169,0,0.0,0.0,2026-07-01T00:00:00Z
2023-07-31,E00170,0,0.0,0.0,2024-07-31T00:00:00Z
2023-08-31,E00170,0,0.0,0.0,2024-08-31T00:00:00Z
2023-09-30,E00170,0,0.0,0.0,2024-09-30T00:00:00Z
2023-10-31,E00170,0,0.0,0.0,2024-10-31T00:00:00Z
2023-11-30,E00170,0,0.0,0.0,2024-11-30T00:00:00Z
2023-12-31,E00170,0,0.0,0.0,2024-12-31T00:00:00Z
2024-01-31,E00170,0,0.0,0.0,2025-01-31T00:00:00Z
2024-02-29,E00170,0,0.0,0.0,2025-03-01T00:00:00Z
2024-03-31,E00170,0,0.0,0.0,2025-04-01T00:00:00Z
2024-04-30,E00170,0,0.0,0.0,2025-05-01T00:00:00Z
2024-05-31,E00170,0,0.0,0.0,2025-06-01T00:00:00Z
2024-06-30,E00170,0,0.0,0.0,2025-07-01T00:00:00Z
2024-07-31,E00170,0,0.0,0.0,2025-08-01T00:00:00Z
2024-08-31,E00170,0,0.0,0.0,2025-09-01T00:00:00Z
2024-09-30,E00170,0,0.0,0.0,2025-10-01T00:00:00Z
2024-10-31,E00170,0,0.0,0.0,2025-11-01T00:00:00Z
2024-11-30,E00170,0,0.0,0.0,2025-12-01T00:00:00Z
2024-12-31,E00170,0,0.0,0.0,2026-01-01T00:00:00Z
2025-01-31,E00170,0,0.0,0.0,2026-02-01T00:00:00Z
2025-02-28,E00170,0,0.0,0.0,2026-03-01T00:00:00Z
2025-03-31,E00170,0,0.0,0.0,2026-04-01T00:00:00Z
2025-04-30,E00170,0,0.0,0.0,2026-05-01T00:00:00Z
2025-05-31,E00170,0,0.0,0.0,2026-06-01T00:00:00Z
2025-06-30,E00170,0,0.0,0.0,2026-07-01T00:00:00Z
2023-07-31,E00171,0,0.0,0.0,2024-07-31T00:00:00Z
2023-08-31,E00171,0,0.0,0.0,2024-08-31T00:00:00Z
2023-09-30,E00171,0,0.0,0.0,2024-09-30T00:00:00Z
2023-10-31,E00171,0,0.0,0.0,2024-10-31T00:00:00Z
2023-11-30,E00171,0,0.0,0.0,2024-11-30T00:00:00Z
2023-12-31,E00171,0,0.0,0.0,2024-12-31T00:00:00Z
2024-01-31,E00171,0,0.0,0.0,2025-01-31T00:00:00Z
2024-02-29,E00171,0,0.0,0.0,2025-03-01T00:00:00Z
2024-03-31,E00171,0,0.0,0.0,2025-04-01T00:00:00Z
2024-04-30,E00171,0,0.0,0.0,2025-05-01T00:00:00Z
2024-05-31,E00171,0,0.0,0.0,2025-06-01T00:00:00Z
2024-06-30,E00171,0,0.0,0.0,2025-07-01T00:00:00Z
2024-07-31,E00171,0,0.0,0.0,2025-08-01T00:00:00Z
2024-08-31,E00171,0,0.0,0.0,2025-09-01T00:00:00Z
2024-09-30,E00171,0,0.0,0.0,2025-10-01T00:00:00Z
2024-10-31,E00171,0,0.0,0.0,2025-11-01T00:00:00Z
2024-11-30,E00171,0,0.0,0.0,2025-12-01T00:00:00Z
2024-12-31,E00171,0,0.0,0.0,2026-01-01T00:00:00Z
2025-01-31,E00171,0,0.0,0.0,2026-02-01T00:00:00Z
2025-02-28,E00171,0,0.0,0.0,2026-03-01T00:00:00Z
2025-03-31,E00171,0,0.0,0.0,2026-04-01T00:00:00Z
2025-04-30,E00171,0,0.0,0.0,2026-05-01T00:00:00Z
2025-05-31,E00171,0,0.0,0.0,2026-06-01T00:00:00Z
2025-06-30,E00171,0,0.0,0.0,2026-07-01T00:00:00Z
2023-07-31,E00172,0,0.0,0.0,2024-07-31T00:00:00Z
2023-08-31,E00172,0,0.0,0.0,2024-08-31T00:00:00Z
2023-09-30,E00172,0,0.0,0.0,2024-09-30T00:00:00Z
2023-10-31,E00172,0,0.0,0.0,2024-10-31T00:00:00Z
2023-11-30,E00172,0,0.0,0.0,2024-11-30T00:00:00Z
2023-12-31,E00172,0,0.0,0.0,2024-12-31T00:00:00Z
2024-01-31,E00172,0,0.0,0.0,2025-01-31T00:00:00Z
2024-02-29,E00172,0,0.0,0.0,2025-03-01T00:00:00Z
2024-03-31,E00172,0,0.0,0.0,2025-04-01T00:00:00Z
2024-04-30,E00172,0,0.0,0.0,2025-05-01T00:00:00Z
2024-05-31,E00172,0,0.0,0.0,2025-06-01T00:00:00Z
2024-06-30,E00172,0,0.0,0.0,2025-07-01T00:00:00Z
2024-07-31,E00172,0,0.0,0.0,2025-08-01T00:00:00Z
2024-08-31,E00172,0,0.0,0.0,2025-09-01T00:00:00Z
2024-09-30,E00172,0,0.0,0.0,2025-10-01T00:00:00Z
2024-10-31,E00172,0,0.0,0.0,2025-11-01T00:00:00Z
2024-11-30,E00172,0,0.0,0.0,2025-12-01T00:00:00Z
2024-12-31,E00172,0,0.0,0.0,2026-01-01T00:00:00Z
2025-01-31,E00172,0,0.0,0.0,2026-02-01T00:00:00Z
2025-02-28,E00172,0,0.0,0.0,2026-03-01T00:00:00Z
2025-03-31,E00172,0,0.0,0.0,2026-04-01T00:00:00Z
2025-04-30,E00172,0,0.0,0.0,2026-05-01T00:00:00Z
2025-05-31,E00172,0,0.0,0.0,2026-06-01T00:00:00Z
2025-06-30,E00172,0,0.0,0.0,2026-07-01T00:00:00Z
2023-07-31,E00173,0,0.0,0.0,2024-07-31T00:00:00Z
2023-08-31,E00173,0,0.0,0.0,2024-08-31T00:00:00Z
2023-09-30,E00173,0,0.0,0.0,2024-09-30T00:00:00Z
2023-10-31,E00173,0,0.0,0.0,2024-10-31T00:00:00Z
2023-11-30,E00173,0,0.0,0.0,2024-11-30T00:00:00Z
2023-12-31,E00173,0,0.0,0.0,2024-12-31T00:00:00Z
2024-01-31,E00173,0,0.0,0.0,2025-01-31T00:00:00Z
2024-02-29,E00173,0,0.0,0.0,2025-03-01T00:00:00Z
2024-03-31,E00173,0,0.0,0.0,2025-04-01T00:00:00Z
2024-04-30,E00173,0,0.0,0.0,2025-05-01T00:00:00Z
2024-05-31,E00173,0,0.0,0.0,2025-06-01T00:00:00Z
2024-06-30,E00173,0,0.0,0.0,2025-07-01T00:00:00Z
2024-07-31,E00173,0,0.0,0.0,2025-08-01T00:00:00Z
2024-08-31,E00173,0,0.0,0.0,2025-09-01T00:00:00Z
2024-09-30,E00173,0,0.0,0.0,2025-10-01T00:00:00Z
2024-10-31,E00173,0,0.0,0.0,2025-11-01T00:00:00Z
2024-11-30,E00173,0,0.0,0.0,2025-12-01T00:00:00Z
2024-12-31,E00173,0,0.0,0.0,2026-01-01T00:00:00Z
2025-01-31,E00173,0,0.0,0.0,2026-02-01T00:00:00Z
2025-02-28,E00173,0,0.0,0.0,2026-03-01T00:00:00Z
2025-03-31,E00173,0,0.0,0.0,2026-04-01T00:00:00Z
2025-04-30,E00173,0,0.0,0.0,2026-05-01T00:00:00Z
2025-05-31,E00173,0,0.0,0.0,2026-06-01T00:00:00Z
2025-06-30,E00173,0,0.0,0.0,2026-07-01T00:00:00Z
2023-07-31,E00174,0,0.0,0.0,2024-07-31T00:00:00Z
2023-08-31,E00174,0,0.0,0.0,2024-08-31T00:00:00Z
2023-09-30,E00174,0,0.0,0.0,2024-09-30T00:00:00Z
2023-10-31,E00174,0,0.0,0.0,2024-10-31T00:00:00Z
2023-11-30,E00174,0,0.0,0.0,2024-11-30T00:00:00Z
2023-12-31,E00174,0,0.0,0.0,2024-12-31T00:00:00Z
2024-01-31,E00174,0,0.0,0.0,2025-01-31T00:00:00Z
2024-02-29,E00174,0,0.0,0.0,2025-03-01T00:00:00Z
2024-03-31,E00174,0,0.0,0.0,2025-04-01T00:00:00Z
2024-04-30,E00174,0,0.0,0.0,2025-05-01T00:00:00Z
2024-05-31,E00174,0,0.0,0.0,2025-06-01T00:00:00Z
2024-06-30,E00174,0,0.0,0.0,2025-07-01T00:00:00Z
2024-07-31,E00174,0,0.0,0.0,2025-08-01T00:00:00Z
2024-08-31,E00174,0,0.0,0.0,2025-09-01T00:00:00Z
2024-09-30,E00174,0,0.0,0.0,2025-10-01T00:00:00Z
2024-10-31,E00174,0,0.0,0.0,2025-11-01T00:00:00Z
2024-11-30,E00174,0,0.0,0.0,2025-12-01T00:00:00Z
2024-12-31,E00174,0,0.0,0.0,2026-01-01T00:00:00Z
2025-01-31,E00174,0,0.0,0.0,2026-02-01T00:00:00Z
2025-02-28,E00174,0,0.0,0.0,2026-03-01T00:00:00Z
2025-03-31,E00174,0,0.0,0.0,2026-04-01T00:00:00Z
2025-04-30,E00174,0,0.0,0.0,2026-05-01T00:00:00Z
2025-05-31,E00174,0,0.0,0.0,2026-06-01T00:00:00Z
2025-06-30,E00174,0,0.0,0.0,2026-07-01T00:00:00Z
2023-07-31,E00175,0,0.0,0.0,2024-07-31T00:00:00Z
2023-08-31,E00175,0,0.0,0.0,2024-08-31T00:00:00Z
2023-09-30,E00175,0,0.0,0.0,2024-09-30T00:00:00Z
2023-10-31,E00175,0,0.0,0.0,2024-10-31T00:00:00Z
2023-11-30,E00175,0,0.0,0.0,2024-11-30T00:00:00Z
2023-12-31,E00175,0,0.0,0.0,2024-12-31T00:00:00Z
2024-01-31,E00175,0,0.0,0.0,2025-01-31T00:00:00Z
2024-02-29,E00175,0,0.0,0.0,2025-03-01T00:00:00Z
2024-03-31,E00175,0,0.0,0.0,2025-04-01T00:00:00Z
2024-04-30,E00175,0,0.0,0.0,2025-05-01T00:00:00Z
2024-05-31,E00175,0,0.0,0.0,2025-06-01T00:00:00Z
2024-06-30,E00175,0,0.0,0.0,2025-07-01T00:00:00Z
2024-07-31,E00175,0,0.0,0.0,2025-08-01T00:00:00Z
2024-08-31,E00175,0,0.0,0.0,2025-09-01T00:00:00Z
2024-09-30,E00175,0,0.0,0.0,2025-10-01T00:00:00Z
2024-10-31,E00175,0,0.0,0.0,2025-11-01T00:00:00Z
2024-11-30,E00175,0,0.0,0.0,2025-12-01T00:00:00Z
2024-12-31,E00175,0,0.0,0.0,2026-01-01T00:00:00Z
2025-01-31,E00175,0,0.0,0.0,2026-02-01T00:00:00Z
2025-02-28,E00175,0,0.0,0.0,2026-03-01T00:00:00Z
2025-03-31,E00175,0,0.0,0.0,2026-04-01T00:00:00Z
2025-04-30,E00175,0,0.0,0.0,2026-05-01T00:00:00Z
2025-05-31,E00175,0,0.0,0.0,2026-06-01T00:00:00Z
2025-06-30,E00175,0,0.0,0.0,2026-07-01T00:00:00Z
2023-07-31,E00176,0,0.0,0.0,2024-07-31T00:00:00Z
2023-08-31,E00176,0,0.0,0.0,2024-08-31T00:00:00Z
2023-09-30,E00176,0,0.0,0.0,2024-09-30T00:00:00Z
2023-10-31,E00176,0,0.0,0.0,2024-10-31T00:00:00Z
2023-11-30,E00176,0,0.0,0.0,2024-11-30T00:00:00Z
2023-12-31,E00176,0,0.0,0.0,2024-12-31T00:00:00Z
2024-01-31,E00176,0,0.0,0.0,2025-01-31T00:00:00Z
2024-02-29,E00176,0,0.0,0.0,2025-03-01T00:00:00Z
2024-03-31,E00176,0,0.0,0.0,2025-04-01T00:00:00Z
2024-04-30,E00176,0,0.0,0.0,2025-05-01T00:00:00Z
2024-05-31,E00176,0,0.0,0.0,2025-06-01T00:00:00Z
2024-06-30,E00176,0,0.0,0.0,2025-07-01T00:00:00Z
2024-07-31,E00176,0,0.0,0.0,2025-08-01T00:00:00Z
2024-08-31,E00176,0,0.0,0.0,2025-09-01T00:00:00Z
2024-09-30,E00176,1,0.0873,3684.39,2025-10-01T00:00:00Z
2024-10-31,E00176,1,0.1377,5808.56,2025-11-01T00:00:00Z
2024-11-30,E00176,1,0.0976,4116.48,2025-12-01T00:00:00Z
2024-12-31,E00176,1,0.0685,2890.96,2026-01-01T00:00:00Z
2025-01-31,E00176,1,0.0639,2697.38,2026-02-01T00:00:00Z
2025-02-28,E00176,1,0.091,3837.84,2026-03-01T00:00:00Z
2025-03-31,E00176,1,0.0,0.0,2026-04-01T00:00:00Z
2025-04-30,E00176,1,0.0339,1431.94,2026-05-01T00:00:00Z
2025-05-31,E00176,1,0.0233,984.61,2026-06-01T00:00:00Z
2025-06-30,E00176,1,0.0942,3973.86,2026-07-01T00:00:00Z
2023-07-31,E00177,0,0.0,0.0,2024-07-31T00:00:00Z
2023-08-31,E00177,0,0.0,0.0,2024-08-31T00:00:00Z
2023-09-30,E00177,0,0.0,0.0,2024-09-30T00:00:00Z
2023-10-31,E00177,0,0.0,0.0,2024-10-31T00:00:00Z
2023-11-30,E00177,0,0.0,0.0,2024-11-30T00:00:00Z
2023-12-31,E00177,0,0.0,0.0,2024-12-31T00:00:00Z
2024-01-31,E00177,0,0.0,0.0,2025-01-31T00:00:00Z
2024-02-29,E00177,0,0.0,0.0,2025-03-01T00:00:00Z
2024-03-31,E00177,0,0.0,0.0,2025-04-01T00:00:00Z
2024-04-30,E00177,0,0.0,0.0,2025-05-01T00:00:00Z
2024-05-31,E00177,0,0.0,0.0,2025-06-01T00:00:00Z
2024-06-30,E00177,0,0.0,0.0,2025-07-01T00:00:00Z
2024-07-31,E00177,0,0.0,0.0,2025-08-01T00:00:00Z
2024-08-31,E00177,0,0.0,0.0,2025-09-01T00:00:00Z
2024-09-30,E00177,0,0.0,0.0,2025-10-01T00:00:00Z
2024-10-31,E00177,0,0.0,0.0,2025-11-01T00:00:00Z
2024-11-30,E00177,0,0.0,0.0,2025-12-01T00:00:00Z
2024-12-31,E00177,0,0.0,0.0,2026-01-01T00:00:00Z
2025-01-31,E00177,0,0.0,0.0,2026-02-01T00:00:00Z
2025-02-28,E00177,0,0.0,0.0,2026-03-01T00:00:00Z
2025-03-31,E00177,0,0.0,0.0,2026-04-01T00:00:00Z
2025-04-30,E00177,0,0.0,0.0,2026-05-01T00:00:00Z
2025-05-31,E00177,0,0.0,0.0,2026-06-01T00:00:00Z
2025-06-30,E00177,0,0.0,0.0,2026-07-01T00:00:00Z
2023-07-31,E00178,1,0.0036,330.98,2024-07-31T00:00:00Z
2023-08-31,E00178,1,0.074,6838.89,2024-08-31T00:00:00Z
2023-09-30,E00178,1,0.0874,8080.89,2024-09-30T00:00:00Z
2023-10-31,E00178,1,0.0124,1147.53,2024-10-31T00:00:00Z
2023-11-30,E00178,1,0.0378,3496.86,2024-11-30T00:00:00Z
2023-12-31,E00178,1,0.0,0.0,2024-12-31T00:00:00Z
2024-01-31,E00178,1,0.0214,1982.67,2025-01-31T00:00:00Z
2024-02-29,E00178,1,0.0,0.0,2025-03-01T00:00:00Z
2024-03-31,E00178,1,0.0301,2778.37,2025-04-01T00:00:00Z
2024-04-30,E00178,1,0.0774,7152.9,2025-05-01T00:00:00Z
2024-05-31,E00178,0,0.0,0.0,2025-06-01T00:00:00Z
2024-06-30,E00178,0,0.0,0.0,2025-07-01T00:00:00Z
2024-07-31,E00178,0,0.0,0.0,2025-08-01T00:00:00Z
2024-08-31,E00178,0,0.0,0.0,2025-09-01T00:00:00Z
2024-09-30,E00178,0,0.0,0.0,2025-10-01T00:00:00Z
2024-10-31,E00178,0,0.0,0.0,2025-11-01T00:00:00Z
2024-11-30,E00178,0,0.0,0.0,2025-12-01T00:00:00Z
2024-12-31,E00178,0,0.0,0.0,2026-01-01T00:00:00Z
2025-01-31,E00178,0,0.0,0.0,2026-02-01T00:00:00Z
2025-02-28,E00178,0,0.0,0.0,2026-03-01T00:00:00Z
2025-03-31,E00178,0,0.0,0.0,2026-04-01T00:00:00Z
2025-04-30,E00178,0,0.0,0.0,2026-05-01T00:00:00Z
2025-05-31,E00178,0,0.0,0.0,2026-06-01T00:00:00Z
2025-06-30,E00178,0,0.0,0.0,2026-07-01T00:00:00Z
2023-07-31,E00179,0,0.0,0.0,2024-07-31T00:00:00Z
2023-08-31,E00179,0,0.0,0.0,2024-08-31T00:00:00Z
2023-09-30,E00179,0,0.0,0.0,2024-09-30T00:00:00Z
2023-10-31,E00179,0,0.0,0.0,2024-10-31T00:00:00Z
2023-11-30,E00179,0,0.0,0.0,2024-11-30T00:00:00Z
2023-12-31,E00179,0,0.0,0.0,2024-12-31T00:00:00Z
2024-01-31,E00179,0,0.0,0.0,2025-01-31T00:00:00Z
2024-02-29,E00179,0,0.0,0.0,2025-03-01T00:00:00Z
2024-03-31,E00179,0,0.0,0.0,2025-04-01T00:00:00Z
2024-04-30,E00179,0,0.0,0.0,2025-05-01T00:00:00Z
2024-05-31,E00179,0,0.0,0.0,2025-06-01T00:00:00Z
2024-06-30,E00179,0,0.0,0.0,2025-07-01T00:00:00Z
2024-07-31,E00179,0,0.0,0.0,2025-08-01T00:00:00Z
2024-08-31,E00179,0,0.0,0.0,2025-09-01T00:00:00Z
2024-09-30,E00179,0,0.0,0.0,2025-10-01T00:00:00Z
2024-10-31,E00179,0,0.0,0.0,2025-11-01T00:00:00Z
2024-11-30,E00179,0,0.0,0.0,2025-12-01T00:00:00Z
2024-12-31,E00179,0,0.0,0.0,2026-01-01T00:00:00Z
2025-01-31,E00179,0,0.0,0.0,2026-02-01T00:00:00Z
2025-02-28,E00179,0,0.0,0.0,2026-03-01T00:00:00Z
2025-03-31,E00179,0,0.0,0.0,2026-04-01T00:00:00Z
2025-04-30,E00179,0,0.0,0.0,2026-05-01T00:00:00Z
2025-05-31,E00179,1,0.1079,23727.51,2026-06-01T00:00:00Z
2025-06-30,E00179,1,0.0654,14377.22,2026-07-01T00:00:00Z
2023-07-31,E00180,0,0.0,0.0,2024-07-31T00:00:00Z
2023-08-31,E00180,0,0.0,0.0,2024-08-31T00:00:00Z
2023-09-30,E00180,0,0.0,0.0,2024-09-30T00:00:00Z
2023-10-31,E00180,0,0.0,0.0,2024-10-31T00:00:00Z
2023-11-30,E00180,0,0.0,0.0,2024-11-30T00:00:00Z
2023-12-31,E00180,0,0.0,0.0,2024-12-31T00:00:00Z
2024-01-31,E00180,0,0.0,0.0,2025-01-31T00:00:00Z
2024-02-29,E00180,0,0.0,0.0,2025-03-01T00:00:00Z
2024-03-31,E00180,0,0.0,0.0,2025-04-01T00:00:00Z
2024-04-30,E00180,0,0.0,0.0,2025-05-01T00:00:00Z
2024-05-31,E00180,0,0.0,0.0,2025-06-01T00:00:00Z
2024-06-30,E00180,0,0.0,0.0,2025-07-01T00:00:00Z
2024-07-31,E00180,0,0.0,0.0,2025-08-01T00:00:00Z
2024-08-31,E00180,0,0.0,0.0,2025-09-01T00:00:00Z
2024-09-30,E00180,0,0.0,0.0,2025-10-01T00:00:00Z
2024-10-31,E00180,0,0.0,0.0,2025-11-01T00:00:00Z
2024-11-30,E00180,0,0.0,0.0,2025-12-01T00:00:00Z
2024-12-31,E00180,0,0.0,0.0,2026-01-01T00:00:00Z
2025-01-31,E00180,0,0.0,0.0,2026-02-01T00:00:00Z
2025-02-28,E00180,0,0.0,0.0,2026-03-01T00:00:00Z
2025-03-31,E00180,0,0.0,0.0,2026-04-01T00:00:00Z
2025-04-30,E00180,0,0.0,0.0,2026-05-01T00:00:00Z
2025-05-31,E00180,0,0.0,0.0,2026-06-01T00:00:00Z
2025-06-30,E00180,0,0.0,0.0,2026-07-01T00:00:00Z
2023-07-31,E00181,1,0.029,2093.85,2024-07-31T00:00:00Z
2023-08-31,E00181,1,0.0276,1993.46,2024-08-31T00:00:00Z
2023-09-30,E00181,1,0.1171,8442.23,2024-09-30T00:00:00Z
2023-10-31,E00181,1,0.0676,4877.73,2024-10-31T00:00:00Z
2023-11-30,E00181,1,0.0707,5097.87,2024-11-30T00:00:00Z
2023-12-31,E00181,0,0.0,0.0,2024-12-31T00:00:00Z
2024-01-31,E00181,0,0.0,0.0,2025-01-31T00:00:00Z
2024-02-29,E00181,0,0.0,0.0,2025-03-01T00:00:00Z
2024-03-31,E00181,0,0.0,0.0,2025-04-01T00:00:00Z
2024-04-30,E00181,0,0.0,0.0,2025-05-01T00:00:00Z
2024-05-31,E00181,0,0.0,0.0,2025-06-01T00:00:00Z
2024-06-30,E00181,0,0.0,0.0,2025-07-01T00:00:00Z
2024-07-31,E00181,0,0.0,0.0,2025-08-01T00:00:00Z
2024-08-31,E00181,0,0.0,0.0,2025-09-01T00:00:00Z
2024-09-30,E00181,0,0.0,0.0,2025-10-01T00:00:00Z
2024-10-31,E00181,0,0.0,0.0,2025-11-01T00:00:00Z
2024-11-30,E00181,0,0.0,0.0,2025-12-01T00:00:00Z
2024-12-31,E00181,0,0.0,0.0,2026-01-01T00:00:00Z
2025-01-31,E00181,0,0.0,0.0,2026-02-01T00:00:00Z
2025-02-28,E00181,0,0.0,0.0,2026-03-01T00:00:00Z
2025-03-31,E00181,0,0.0,0.0,2026-04-01T00:00:00Z
2025-04-30,E00181,0,0.0,0.0,2026-05-01T00:00:00Z
2025-05-31,E00181,0,0.0,0.0,2026-06-01T00:00:00Z
2025-06-30,E00181,0,0.0,0.0,2026-07-01T00:00:00Z
2023-07-31,E00182,0,0.0,0.0,2024-07-31T00:00:00Z
2023-08-31,E00182,0,0.0,0.0,2024-08-31T00:00:00Z
2023-09-30,E00182,0,0.0,0.0,2024-09-30T00:00:00Z
2023-10-31,E00182,0,0.0,0.0,2024-10-31T00:00:00Z
2023-11-30,E00182,0,0.0,0.0,2024-11-30T00:00:00Z
2023-12-31,E00182,0,0.0,0.0,2024-12-31T00:00:00Z
2024-01-31,E00182,0,0.0,0.0,2025-01-31T00:00:00Z
2024-02-29,E00182,0,0.0,0.0,2025-03-01T00:00:00Z
2024-03-31,E00182,0,0.0,0.0,2025-04-01T00:00:00Z
2024-04-30,E00182,0,0.0,0.0,2025-05-01T00:00:00Z
2024-05-31,E00182,0,0.0,0.0,2025-06-01T00:00:00Z
2024-06-30,E00182,0,0.0,0.0,2025-07-01T00:00:00Z
2024-07-31,E00182,0,0.0,0.0,2025-08-01T00:00:00Z
2024-08-31,E00182,0,0.0,0.0,2025-09-01T00:00:00Z
2024-09-30,E00182,0,0.0,0.0,2025-10-01T00:00:00Z
2024-10-31,E00182,0,0.0,0.0,2025-11-01T00:00:00Z
2024-11-30,E00182,0,0.0,0.0,2025-12-01T00:00:00Z
2024-12-31,E00182,0,0.0,0.0,2026-01-01T00:00:00Z
2025-01-31,E00182,0,0.0,0.0,2026-02-01T00:00:00Z
2025-02-28,E00182,0,0.0,0.0,2026-03-01T00:00:00Z
2025-03-31,E00182,0,0.0,0.0,2026-04-01T00:00:00Z
2025-04-30,E00182,0,0.0,0.0,2026-05-01T00:00:00Z
2025-05-31,E00182,0,0.0,0.0,2026-06-01T00:00:00Z
2025-06-30,E00182,0,0.0,0.0,2026-07-01T00:00:00Z
2023-07-31,E00183,0,0.0,0.0,2024-07-31T00:00:00Z
2023-08-31,E00183,0,0.0,0.0,2024-08-31T00:00:00Z
2023-09-30,E00183,0,0.0,0.0,2024-09-30T00:00:00Z
2023-10-31,E00183,0,0.0,0.0,2024-10-31T00:00:00Z
2023-11-30,E00183,0,0.0,0.0,2024-11-30T00:00:00Z
2023-12-31,E00183,0,0.0,0.0,2024-12-31T00:00:00Z
2024-01-31,E00183,0,0.0,0.0,2025-01-31T00:00:00Z
2024-02-29,E00183,0,0.0,0.0,2025-03-01T00:00:00Z
2024-03-31,E00183,0,0.0,0.0,2025-04-01T00:00:00Z
2024-04-30,E00183,0,0.0,0.0,2025-05-01T00:00:00Z
2024-05-31,E00183,0,0.0,0.0,2025-06-01T00:00:00Z
2024-06-30,E00183,0,0.0,0.0,2025-07-01T00:00:00Z
2024-07-31,E00183,0,0.0,0.0,2025-08-01T00:00:00Z
2024-08-31,E00183,0,0.0,0.0,2025-09-01T00:00:00Z
2024-09-30,E00183,0,0.0,0.0,2025-10-01T00:00:00Z
2024-10-31,E00183,0,0.0,0.0,2025-11-01T00:00:00Z
2024-11-30,E00183,0,0.0,0.0,2025-12-01T00:00:00Z
2024-12-31,E00183,0,0.0,0.0,2026-01-01T00:00:00Z
2025-01-31,E00183,0,0.0,0.0,2026-02-01T00:00:00Z
2025-02-28,E00183,0,0.0,0.0,2026-03-01T00:00:00Z
2025-03-31,E00183,0,0.0,0.0,2026-04-01T00:00:00Z
2025-04-30,E00183,0,0.0,0.0,2026-05-01T00:00:00Z
2025-05-31,E00183,0,0.0,0.0,2026-06-01T00:00:00Z
2025-06-30,E00183,0,0.0,0.0,2026-07-01T00:00:00Z
2023-07-31,E00184,0,0.0,0.0,2024-07-31T00:00:00Z
2023-08-31,E00184,0,0.0,0.0,2024-08-31T00:00:00Z
2023-09-30,E00184,0,0.0,0.0,2024-09-30T00:00:00Z
2023-10-31,E00184,0,0.0,0.0,2024-10-31T00:00:00Z
2023-11-30,E00184,0,0.0,0.0,2024-11-30T00:00:00Z
2023-12-31,E00184,0,0.0,0.0,2024-12-31T00:00:00Z
2024-01-31,E00184,0,0.0,0.0,2025-01-31T00:00:00Z
2024-02-29,E00184,0,0.0,0.0,2025-03-01T00:00:00Z
2024-03-31,E00184,0,0.0,0.0,2025-04-01T00:00:00Z
2024-04-30,E00184,0,0.0,0.0,2025-05-01T00:00:00Z
2024-05-31,E00184,0,0.0,0.0,2025-06-01T00:00:00Z
2024-06-30,E00184,0,0.0,0.0,2025-07-01T00:00:00Z
2024-07-31,E00184,0,0.0,0.0,2025-08-01T00:00:00Z
2024-08-31,E00184,0,0.0,0.0,2025-09-01T00:00:00Z
2024-09-30,E00184,0,0.0,0.0,2025-10-01T00:00:00Z
2024-10-31,E00184,0,0.0,0.0,2025-11-01T00:00:00Z
2024-11-30,E00184,0,0.0,0.0,2025-12-01T00:00:00Z
2024-12-31,E00184,0,0.0,0.0,2026-01-01T00:00:00Z
2025-01-31,E00184,0,0.0,0.0,2026-02-01T00:00:00Z
2025-02-28,E00184,0,0.0,0.0,2026-03-01T00:00:00Z
2025-03-31,E00184,0,0.0,0.0,2026-04-01T00:00:00Z
2025-04-30,E00184,0,0.0,0.0,2026-05-01T00:00:00Z
2025-05-31,E00184,0,0.0,0.0,2026-06-01T00:00:00Z
2025-06-30,E00184,0,0.0,0.0,2026-07-01T00:00:00Z
2023-07-31,E00185,1,0.2134,33935.9,2024-07-31T00:00:00Z
2023-08-31,E00185,1,0.208,33073.84,2024-08-31T00:00:00Z
2023-09-30,E00185,1,0.2402,38184.86,2024-09-30T00:00:00Z
2023-10-31,E00185,1,0.208,33074.98,2024-10-31T00:00:00Z
2023-11-30,E00185,1,0.1523,24209.37,2024-11-30T00:00:00Z
2023-12-31,E00185,1,0.1517,24124.95,2024-12-31T00:00:00Z
2024-01-31,E00185,0,0.0,0.0,2025-01-31T00:00:00Z
2024-02-29,E00185,0,0.0,0.0,2025-03-01T00:00:00Z
2024-03-31,E00185,0,0.0,0.0,2025-04-01T00:00:00Z
2024-04-30,E00185,0,0.0,0.0,2025-05-01T00:00:00Z
2024-05-31,E00185,0,0.0,0.0,2025-06-01T00:00:00Z
2024-06-30,E00185,0,0.0,0.0,2025-07-01T00:00:00Z
2024-07-31,E00185,0,0.0,0.0,2025-08-01T00:00:00Z
2024-08-31,E00185,0,0.0,0.0,2025-09-01T00:00:00Z
2024-09-30,E00185,0,0.0,0.0,2025-10-01T00:00:00Z
2024-10-31,E00185,0,0.0,0.0,2025-11-01T00:00:00Z
2024-11-30,E00185,0,0.0,0.0,2025-12-01T00:00:00Z
2024-12-31,E00185,0,0.0,0.0,2026-01-01T00:00:00Z
2025-01-31,E00185,0,0.0,0.0,2026-02-01T00:00:00Z
2025-02-28,E00185,0,0.0,0.0,2026-03-01T00:00:00Z
2025-03-31,E00185,0,0.0,0.0,2026-04-01T00:00:00Z
2025-04-30,E00185,0,0.0,0.0,2026-05-01T00:00:00Z
2025-05-31,E00185,0,0.0,0.0,2026-06-01T00:00:00Z
2025-06-30,E00185,0,0.0,0.0,2026-07-01T00:00:00Z
2023-07-31,E00186,0,0.0,0.0,2024-07-31T00:00:00Z
2023-08-31,E00186,0,0.0,0.0,2024-08-31T00:00:00Z
2023-09-30,E00186,0,0.0,0.0,2024-09-30T00:00:00Z
2023-10-31,E00186,0,0.0,0.0,2024-10-31T00:00:00Z
2023-11-30,E00186,0,0.0,0.0,2024-11-30T00:00:00Z
2023-12-31,E00186,0,0.0,0.0,2024-12-31T00:00:00Z
2024-01-31,E00186,0,0.0,0.0,2025-01-31T00:00:00Z
2024-02-29,E00186,0,0.0,0.0,2025-03-01T00:00:00Z
2024-03-31,E00186,0,0.0,0.0,2025-04-01T00:00:00Z
2024-04-30,E00186,0,0.0,0.0,2025-05-01T00:00:00Z
2024-05-31,E00186,0,0.0,0.0,2025-06-01T00:00:00Z
2024-06-30,E00186,0,0.0,0.0,2025-07-01T00:00:00Z
2024-07-31,E00186,0,0.0,0.0,2025-08-01T00:00:00Z
2024-08-31,E00186,1,0.0681,9736.79,2025-09-01T00:00:00Z
2024-09-30,E00186,1,0.0814,11638.97,2025-10-01T00:00:00Z
2024-10-31,E00186,1,0.0533,7625.79,2025-11-01T00:00:00Z
2024-11-30,E00186,1,0.0868,12413.6,2025-12-01T00:00:00Z
2024-12-31,E00186,1,0.0136,1941.74,2026-01-01T00:00:00Z
2025-01-31,E00186,1,0.148,21156.52,2026-02-01T00:00:00Z
2025-02-28,E00186,1,0.0722,10324.52,2026-03-01T00:00:00Z
2025-03-31,E00186,1,0.0818,11692.78,2026-04-01T00:00:00Z
2025-04-30,E00186,1,0.0,0.0,2026-05-01T00:00:00Z
2025-05-31,E00186,1,0.1002,14321.42,2026-06-01T00:00:00Z
2025-06-30,E00186,1,0.0072,1036.01,2026-07-01T00:00:00Z
2023-07-31,E00187,0,0.0,0.0,2024-07-31T00:00:00Z
2023-08-31,E00187,0,0.0,0.0,2024-08-31T00:00:00Z
2023-09-30,E00187,0,0.0,0.0,2024-09-30T00:00:00Z
2023-10-31,E00187,0,0.0,0.0,2024-10-31T00:00:00Z
2023-11-30,E00187,0,0.0,0.0,2024-11-30T00:00:00Z
2023-12-31,E00187,0,0.0,0.0,2024-12-31T00:00:00Z
2024-01-31,E00187,0,0.0,0.0,2025-01-31T00:00:00Z
2024-02-29,E00187,0,0.0,0.0,2025-03-01T00:00:00Z
2024-03-31,E00187,0,0.0,0.0,2025-04-01T00:00:00Z
2024-04-30,E00187,0,0.0,0.0,2025-05-01T00:00:00Z
2024-05-31,E00187,0,0.0,0.0,2025-06-01T00:00:00Z
2024-06-30,E00187,0,0.0,0.0,2025-07-01T00:00:00Z
2024-07-31,E00187,0,0.0,0.0,2025-08-01T00:00:00Z
2024-08-31,E00187,0,0.0,0.0,2025-09-01T00:00:00Z
2024-09-30,E00187,0,0.0,0.0,2025-10-01T00:00:00Z
2024-10-31,E00187,0,0.0,0.0,2025-11-01T00:00:00Z
2024-11-30,E00187,0,0.0,0.0,2025-12-01T00:00:00Z
2024-12-31,E00187,0,0.0,0.0,2026-01-01T00:00:00Z
2025-01-31,E00187,0,0.0,0.0,2026-02-01T00:00:00Z
2025-02-28,E00187,0,0.0,0.0,2026-03-01T00:00:00Z
2025-03-31,E00187,0,0.0,0.0,2026-04-01T00:00:00Z
2025-04-30,E00187,0,0.0,0.0,2026-05-01T00:00:00Z
2025-05-31,E00187,0,0.0,0.0,2026-06-01T00:00:00Z
2025-06-30,E00187,0,0.0,0.0,2026-07-01T00:00:00Z
2023-07-31,E00188,0,0.0,0.0,2024-07-31T00:00:00Z
2023-08-31,E00188,0,0.0,0.0,2024-08-31T00:00:00Z
2023-09-30,E00188,0,0.0,0.0,2024-09-30T00:00:00Z
2023-10-31,E00188,0,0.0,0.0,2024-10-31T00:00:00Z
2023-11-30,E00188,0,0.0,0.0,2024-11-30T00:00:00Z
2023-12-31,E00188,0,0.0,0.0,2024-12-31T00:00:00Z
2024-01-31,E00188,0,0.0,0.0,2025-01-31T00:00:00Z
2024-02-29,E00188,0,0.0,0.0,2025-03-01T00:00:00Z
2024-03-31,E00188,0,0.0,0.0,2025-04-01T00:00:00Z
2024-04-30,E00188,0,0.0,0.0,2025-05-01T00:00:00Z
2024-05-31,E00188,0,0.0,0.0,2025-06-01T00:00:00Z
2024-06-30,E00188,0,0.0,0.0,2025-07-01T00:00:00Z
2024-07-31,E00188,0,0.0,0.0,2025-08-01T00:00:00Z
2024-08-31,E00188,0,0.0,0.0,2025-09-01T00:00:00Z
2024-09-30,E00188,0,0.0,0.0,2025-10-01T00:00:00Z
2024-10-31,E00188,0,0.0,0.0,2025-11-01T00:00:00Z
2024-11-30,E00188,0,0.0,0.0,2025-12-01T00:00:00Z
2024-12-31,E00188,0,0.0,0.0,2026-01-01T00:00:00Z
2025-01-31,E00188,0,0.0,0.0,2026-02-01T00:00:00Z
2025-02-28,E00188,0,0.0,0.0,2026-03-01T00:00:00Z
2025-03-31,E00188,0,0.0,0.0,2026-04-01T00:00:00Z
2025-04-30,E00188,0,0.0,0.0,2026-05-01T00:00:00Z
2025-05-31,E00188,0,0.0,0.0,2026-06-01T00:00:00Z
2025-06-30,E00188,0,0.0,0.0,2026-07-01T00:00:00Z
2023-07-31,E00189,0,0.0,0.0,2024-07-31T00:00:00Z
2023-08-31,E00189,0,0.0,0.0,2024-08-31T00:00:00Z
2023-09-30,E00189,0,0.0,0.0,2024-09-30T00:00:00Z
2023-10-31,E00189,0,0.0,0.0,2024-10-31T00:00:00Z
2023-11-30,E00189,0,0.0,0.0,2024-11-30T00:00:00Z
2023-12-31,E00189,0,0.0,0.0,2024-12-31T00:00:00Z
2024-01-31,E00189,0,0.0,0.0,2025-01-31T00:00:00Z
2024-02-29,E00189,0,0.0,0.0,2025-03-01T00:00:00Z
2024-03-31,E00189,0,0.0,0.0,2025-04-01T00:00:00Z
2024-04-30,E00189,0,0.0,0.0,2025-05-01T00:00:00Z
2024-05-31,E00189,0,0.0,0.0,2025-06-01T00:00:00Z
2024-06-30,E00189,0,0.0,0.0,2025-07-01T00:00:00Z
2024-07-31,E00189,0,0.0,0.0,2025-08-01T00:00:00Z
2024-08-31,E00189,0,0.0,0.0,2025-09-01T00:00:00Z
2024-09-30,E00189,0,0.0,0.0,2025-10-01T00:00:00Z
2024-10-31,E00189,0,0.0,0.0,2025-11-01T00:00:00Z
2024-11-30,E00189,0,0.0,0.0,2025-12-01T00:00:00Z
2024-12-31,E00189,0,0.0,0.0,2026-01-01T00:00:00Z
2025-01-31,E00189,0,0.0,0.0,2026-02-01T00:00:00Z
2025-02-28,E00189,0,0.0,0.0,2026-03-01T00:00:00Z
2025-03-31,E00189,0,0.0,0.0,2026-04-01T00:00:00Z
2025-04-30,E00189,0,0.0,0.0,2026-05-01T00:00:00Z
2025-05-31,E00189,0,0.0,0.0,2026-06-01T00:00:00Z
2025-06-30,E00189,0,0.0,0.0,2026-07-01T00:00:00Z
2023-07-31,E00190,0,0.0,0.0,2024-07-31T00:00:00Z
2023-08-31,E00190,0,0.0,0.0,2024-08-31T00:00:00Z
2023-09-30,E00190,0,0.0,0.0,2024-09-30T00:00:00Z
2023-10-31,E00190,0,0.0,0.0,2024-10-31T00:00:00Z
2023-11-30,E00190,0,0.0,0.0,2024-11-30T00:00:00Z
2023-12-31,E00190,0,0.0,0.0,2024-12-31T00:00:00Z
2024-01-31,E00190,0,0.0,0.0,2025-01-31T00:00:00Z
2024-02-29,E00190,0,0.0,0.0,2025-03-01T00:00:00Z
2024-03-31,E00190,0,0.0,0.0,2025-04-01T00:00:00Z
2024-04-30,E00190,0,0.0,0.0,2025-05-01T00:00:00Z
2024-05-31,E00190,0,0.0,0.0,2025-06-01T00:00:00Z
2024-06-30,E00190,0,0.0,0.0,2025-07-01T00:00:00Z
2024-07-31,E00190,0,0.0,0.0,2025-08-01T00:00:00Z
2024-08-31,E00190,0,0.0,0.0,2025-09-01T00:00:00Z
2024-09-30,E00190,0,0.0,0.0,2025-10-01T00:00:00Z
2024-10-31,E00190,0,0.0,0.0,2025-11-01T00:00:00Z
2024-11-30,E00190,0,0.0,0.0,2025-12-01T00:00:00Z
2024-12-31,E00190,0,0.0,0.0,2026-01-01T00:00:00Z
2025-01-31,E00190,0,0.0,0.0,2026-02-01T00:00:00Z
2025-02-28,E00190,0,0.0,0.0,2026-03-01T00:00:00Z
2025-03-31,E00190,0,0.0,0.0,2026-04-01T00:00:00Z
2025-04-30,E00190,0,0.0,0.0,2026-05-01T00:00:00Z
2025-05-31,E00190,0,0.0,0.0,2026-06-01T00:00:00Z
2025-06-30,E00190,0,0.0,0.0,2026-07-01T00:00:00Z
2023-07-31,E00191,0,0.0,0.0,2024-07-31T00:00:00Z
2023-08-31,E00191,0,0.0,0.0,2024-08-31T00:00:00Z
2023-09-30,E00191,0,0.0,0.0,2024-09-30T00:00:00Z
2023-10-31,E00191,0,0.0,0.0,2024-10-31T00:00:00Z
2023-11-30,E00191,0,0.0,0.0,2024-11-30T00:00:00Z
2023-12-31,E00191,0,0.0,0.0,2024-12-31T00:00:00Z
2024-01-31,E00191,0,0.0,0.0,2025-01-31T00:00:00Z
2024-02-29,E00191,0,0.0,0.0,2025-03-01T00:00:00Z
2024-03-31,E00191,0,0.0,0.0,2025-04-01T00:00:00Z
2024-04-30,E00191,0,0.0,0.0,2025-05-01T00:00:00Z
2024-05-31,E00191,0,0.0,0.0,2025-06-01T00:00:00Z
2024-06-30,E00191,0,0.0,0.0,2025-07-01T00:00:00Z
2024-07-31,E00191,0,0.0,0.0,2025-08-01T00:00:00Z
2024-08-31,E00191,0,0.0,0.0,2025-09-01T00:00:00Z
2024-09-30,E00191,0,0.0,0.0,2025-10-01T00:00:00Z
2024-10-31,E00191,0,0.0,0.0,2025-11-01T00:00:00Z
2024-11-30,E00191,0,0.0,0.0,2025-12-01T00:00:00Z
2024-12-31,E00191,0,0.0,0.0,2026-01-01T00:00:00Z
2025-01-31,E00191,0,0.0,0.0,2026-02-01T00:00:00Z
2025-02-28,E00191,0,0.0,0.0,2026-03-01T00:00:00Z
2025-03-31,E00191,0,0.0,0.0,2026-04-01T00:00:00Z
2025-04-30,E00191,0,0.0,0.0,2026-05-01T00:00:00Z
2025-05-31,E00191,0,0.0,0.0,2026-06-01T00:00:00Z
2025-06-30,E00191,0,0.0,0.0,2026-07-01T00:00:00Z
2023-07-31,E00192,0,0.0,0.0,2024-07-31T00:00:00Z
2023-08-31,E00192,0,0.0,0.0,2024-08-31T00:00:00Z
2023-09-30,E00192,0,0.0,0.0,2024-09-30T00:00:00Z
2023-10-31,E00192,0,0.0,0.0,2024-10-31T00:00:00Z
2023-11-30,E00192,0,0.0,0.0,2024-11-30T00:00:00Z
2023-12-31,E00192,0,0.0,0.0,2024-12-31T00:00:00Z
2024-01-31,E00192,0,0.0,0.0,2025-01-31T00:00:00Z
2024-02-29,E00192,0,0.0,0.0,2025-03-01T00:00:00Z
2024-03-31,E00192,0,0.0,0.0,2025-04-01T00:00:00Z
2024-04-30,E00192,0,0.0,0.0,2025-05-01T00:00:00Z
2024-05-31,E00192,0,0.0,0.0,2025-06-01T00:00:00Z
2024-06-30,E00192,0,0.0,0.0,2025-07-01T00:00:00Z
2024-07-31,E00192,0,0.0,0.0,2025-08-01T00:00:00Z
2024-08-31,E00192,0,0.0,0.0,2025-09-01T00:00:00Z
2024-09-30,E00192,0,0.0,0.0,2025-10-01T00:00:00Z
2024-10-31,E00192,0,0.0,0.0,2025-11-01T00:00:00Z
2024-11-30,E00192,0,0.0,0.0,2025-12-01T00:00:00Z
2024-12-31,E00192,0,0.0,0.0,2026-01-01T00:00:00Z
2025-01-31,E00192,0,0.0,0.0,2026-02-01T00:00:00Z
2025-02-28,E00192,0,0.0,0.0,2026-03-01T00:00:00Z
2025-03-31,E00192,0,0.0,0.0,2026-04-01T00:00:00Z
2025-04-30,E00192,0,0.0,0.0,2026-05-01T00:00:00Z
2025-05-31,E00192,1,0.3112,54759.16,2026-06-01T00:00:00Z
2025-06-30,E00192,1,0.2758,48537.83,2026-07-01T00:00:00Z
2023-07-31,E00193,0,0.0,0.0,2024-07-31T00:00:00Z
2023-08-31,E00193,0,0.0,0.0,2024-08-31T00:00:00Z
2023-09-30,E00193,0,0.0,0.0,2024-09-30T00:00:00Z
2023-10-31,E00193,0,0.0,0.0,2024-10-31T00:00:00Z
2023-11-30,E00193,0,0.0,0.0,2024-11-30T00:00:00Z
2023-12-31,E00193,0,0.0,0.0,2024-12-31T00:00:00Z
2024-01-31,E00193,0,0.0,0.0,2025-01-31T00:00:00Z
2024-02-29,E00193,0,0.0,0.0,2025-03-01T00:00:00Z
2024-03-31,E00193,0,0.0,0.0,2025-04-01T00:00:00Z
2024-04-30,E00193,0,0.0,0.0,2025-05-01T00:00:00Z
2024-05-31,E00193,0,0.0,0.0,2025-06-01T00:00:00Z
2024-06-30,E00193,0,0.0,0.0,2025-07-01T00:00:00Z
2024-07-31,E00193,0,0.0,0.0,2025-08-01T00:00:00Z
2024-08-31,E00193,0,0.0,0.0,2025-09-01T00:00:00Z
2024-09-30,E00193,0,0.0,0.0,2025-10-01T00:00:00Z
2024-10-31,E00193,0,0.0,0.0,2025-11-01T00:00:00Z
2024-11-30,E00193,0,0.0,0.0,2025-12-01T00:00:00Z
2024-12-31,E00193,0,0.0,0.0,2026-01-01T00:00:00Z
2025-01-31,E00193,0,0.0,0.0,2026-02-01T00:00:00Z
2025-02-28,E00193,0,0.0,0.0,2026-03-01T00:00:00Z
2025-03-31,E00193,0,0.0,0.0,2026-04-01T00:00:00Z
2025-04-30,E00193,0,0.0,0.0,2026-05-01T00:00:00Z
2025-05-31,E00193,0,0.0,0.0,2026-06-01T00:00:00Z
2025-06-30,E00193,0,0.0,0.0,2026-07-01T00:00:00Z
2023-07-31,E00194,0,0.0,0.0,2024-07-31T00:00:00Z
2023-08-31,E00194,0,0.0,0.0,2024-08-31T00:00:00Z
2023-09-30,E00194,0,0.0,0.0,2024-09-30T00:00:00Z
2023-10-31,E00194,0,0.0,0.0,2024-10-31T00:00:00Z
2023-11-30,E00194,0,0.0,0.0,2024-11-30T00:00:00Z
2023-12-31,E00194,0,0.0,0.0,2024-12-31T00:00:00Z
2024-01-31,E00194,0,0.0,0.0,2025-01-31T00:00:00Z
2024-02-29,E00194,0,0.0,0.0,2025-03-01T00:00:00Z
2024-03-31,E00194,0,0.0,0.0,2025-04-01T00:00:00Z
2024-04-30,E00194,0,0.0,0.0,2025-05-01T00:00:00Z
2024-05-31,E00194,0,0.0,0.0,2025-06-01T00:00:00Z
2024-06-30,E00194,0,0.0,0.0,2025-07-01T00:00:00Z
2024-07-31,E00194,0,0.0,0.0,2025-08-01T00:00:00Z
2024-08-31,E00194,0,0.0,0.0,2025-09-01T00:00:00Z
2024-09-30,E00194,0,0.0,0.0,2025-10-01T00:00:00Z
2024-10-31,E00194,0,0.0,0.0,2025-11-01T00:00:00Z
2024-11-30,E00194,0,0.0,0.0,2025-12-01T00:00:00Z
2024-12-31,E00194,1,0.0738,9625.07,2026-01-01T00:00:00Z
2025-01-31,E00194,1,0.0268,3497.58,2026-02-01T00:00:00Z
2025-02-28,E00194,1,0.006,779.11,2026-03-01T00:00:00Z
2025-03-31,E00194,1,0.0406,5299.5,2026-04-01T00:00:00Z
2025-04-30,E00194,1,0.0896,11687.62,2026-05-01T00:00:00Z
2025-05-31,E00194,1,0.0263,3436.64,2026-06-01T00:00:00Z
2025-06-30,E00194,1,0.1564,20395.27,2026-07-01T00:00:00Z
2023-07-31,E00195,0,0.0,0.0,2024-07-31T00:00:00Z
2023-08-31,E00195,0,0.0,0.0,2024-08-31T00:00:00Z
2023-09-30,E00195,0,0.0,0.0,2024-09-30T00:00:00Z
2023-10-31,E00195,0,0.0,0.0,2024-10-31T00:00:00Z
2023-11-30,E00195,0,0.0,0.0,2024-11-30T00:00:00Z
2023-12-31,E00195,0,0.0,0.0,2024-12-31T00:00:00Z
2024-01-31,E00195,0,0.0,0.0,2025-01-31T00:00:00Z
2024-02-29,E00195,0,0.0,0.0,2025-03-01T00:00:00Z
2024-03-31,E00195,0,0.0,0.0,2025-04-01T00:00:00Z
2024-04-30,E00195,0,0.0,0.0,2025-05-01T00:00:00Z
2024-05-31,E00195,0,0.0,0.0,2025-06-01T00:00:00Z
2024-06-30,E00195,0,0.0,0.0,2025-07-01T00:00:00Z
2024-07-31,E00195,0,0.0,0.0,2025-08-01T00:00:00Z
2024-08-31,E00195,0,0.0,0.0,2025-09-01T00:00:00Z
2024-09-30,E00195,0,0.0,0.0,2025-10-01T00:00:00Z
2024-10-31,E00195,0,0.0,0.0,2025-11-01T00:00:00Z
2024-11-30,E00195,0,0.0,0.0,2025-12-01T00:00:00Z
2024-12-31,E00195,0,0.0,0.0,2026-01-01T00:00:00Z
2025-01-31,E00195,0,0.0,0.0,2026-02-01T00:00:00Z
2025-02-28,E00195,0,0.0,0.0,2026-03-01T00:00:00Z
2025-03-31,E00195,0,0.0,0.0,2026-04-01T00:00:00Z
2025-04-30,E00195,0,0.0,0.0,2026-05-01T00:00:00Z
2025-05-31,E00195,0,0.0,0.0,2026-06-01T00:00:00Z
2025-06-30,E00195,0,0.0,0.0,2026-07-01T00:00:00Z
2023-07-31,E00196,0,0.0,0.0,2024-07-31T00:00:00Z
2023-08-31,E00196,0,0.0,0.0,2024-08-31T00:00:00Z
2023-09-30,E00196,0,0.0,0.0,2024-09-30T00:00:00Z
2023-10-31,E00196,0,0.0,0.0,2024-10-31T00:00:00Z
2023-11-30,E00196,0,0.0,0.0,2024-11-30T00:00:00Z
2023-12-31,E00196,0,0.0,0.0,2024-12-31T00:00:00Z
2024-01-31,E00196,0,0.0,0.0,2025-01-31T00:00:00Z
2024-02-29,E00196,0,0.0,0.0,2025-03-01T00:00:00Z
2024-03-31,E00196,0,0.0,0.0,2025-04-01T00:00:00Z
2024-04-30,E00196,0,0.0,0.0,2025-05-01T00:00:00Z
2024-05-31,E00196,0,0.0,0.0,2025-06-01T00:00:00Z
2024-06-30,E00196,0,0.0,0.0,2025-07-01T00:00:00Z
2024-07-31,E00196,0,0.0,0.0,2025-08-01T00:00:00Z
2024-08-31,E00196,0,0.0,0.0,2025-09-01T00:00:00Z
2024-09-30,E00196,0,0.0,0.0,2025-10-01T00:00:00Z
2024-10-31,E00196,0,0.0,0.0,2025-11-01T00:00:00Z
2024-11-30,E00196,0,0.0,0.0,2025-12-01T00:00:00Z
2024-12-31,E00196,0,0.0,0.0,2026-01-01T00:00:00Z
2025-01-31,E00196,0,0.0,0.0,2026-02-01T00:00:00Z
2025-02-28,E00196,0,0.0,0.0,2026-03-01T00:00:00Z
2025-03-31,E00196,0,0.0,0.0,2026-04-01T00:00:00Z
2025-04-30,E00196,0,0.0,0.0,2026-05-01T00:00:00Z
2025-05-31,E00196,0,0.0,0.0,2026-06-01T00:00:00Z
2025-06-30,E00196,0,0.0,0.0,2026-07-01T00:00:00Z
2023-07-31,E00197,0,0.0,0.0,2024-07-31T00:00:00Z
2023-08-31,E00197,0,0.0,0.0,2024-08-31T00:00:00Z
2023-09-30,E00197,0,0.0,0.0,2024-09-30T00:00:00Z
2023-10-31,E00197,0,0.0,0.0,2024-10-31T00:00:00Z
2023-11-30,E00197,0,0.0,0.0,2024-11-30T00:00:00Z
2023-12-31,E00197,0,0.0,0.0,2024-12-31T00:00:00Z
2024-01-31,E00197,0,0.0,0.0,2025-01-31T00:00:00Z
2024-02-29,E00197,0,0.0,0.0,2025-03-01T00:00:00Z
2024-03-31,E00197,0,0.0,0.0,2025-04-01T00:00:00Z
2024-04-30,E00197,0,0.0,0.0,2025-05-01T00:00:00Z
2024-05-31,E00197,0,0.0,0.0,2025-06-01T00:00:00Z
2024-06-30,E00197,0,0.0,0.0,2025-07-01T00:00:00Z
2024-07-31,E00197,0,0.0,0.0,2025-08-01T00:00:00Z
2024-08-31,E00197,0,0.0,0.0,2025-09-01T00:00:00Z
2024-09-30,E00197,0,0.0,0.0,2025-10-01T00:00:00Z
2024-10-31,E00197,0,0.0,0.0,2025-11-01T00:00:00Z
2024-11-30,E00197,0,0.0,0.0,2025-12-01T00:00:00Z
2024-12-31,E00197,0,0.0,0.0,2026-01-01T00:00:00Z
2025-01-31,E00197,0,0.0,0.0,2026-02-01T00:00:00Z
2025-02-28,E00197,0,0.0,0.0,2026-03-01T00:00:00Z
2025-03-31,E00197,0,0.0,0.0,2026-04-01T00:00:00Z
2025-04-30,E00197,0,0.0,0.0,2026-05-01T00:00:00Z
2025-05-31,E00197,0,0.0,0.0,2026-06-01T00:00:00Z
2025-06-30,E00197,0,0.0,0.0,2026-07-01T00:00:00Z
2023-07-31,E00198,0,0.0,0.0,2024-07-31T00:00:00Z
2023-08-31,E00198,0,0.0,0.0,2024-08-31T00:00:00Z
2023-09-30,E00198,0,0.0,0.0,2024-09-30T00:00:00Z
2023-10-31,E00198,0,0.0,0.0,2024-10-31T00:00:00Z
2023-11-30,E00198,0,0.0,0.0,2024-11-30T00:00:00Z
2023-12-31,E00198,0,0.0,0.0,2024-12-31T00:00:00Z
2024-01-31,E00198,0,0.0,0.0,2025-01-31T00:00:00Z
2024-02-29,E00198,0,0.0,0.0,2025-03-01T00:00:00Z
2024-03-31,E00198,0,0.0,0.0,2025-04-01T00:00:00Z
2024-04-30,E00198,0,0.0,0.0,2025-05-01T00:00:00Z
2024-05-31,E00198,0,0.0,0.0,2025-06-01T00:00:00Z
2024-06-30,E00198,0,0.0,0.0,2025-07-01T00:00:00Z
2024-07-31,E00198,0,0.0,0.0,2025-08-01T00:00:00Z
2024-08-31,E00198,0,0.0,0.0,2025-09-01T00:00:00Z
2024-09-30,E00198,0,0.0,0.0,2025-10-01T00:00:00Z
2024-10-31,E00198,0,0.0,0.0,2025-11-01T00:00:00Z
2024-11-30,E00198,0,0.0,0.0,2025-12-01T00:00:00Z
2024-12-31,E00198,0,0.0,0.0,2026-01-01T00:00:00Z
2025-01-31,E00198,0,0.0,0.0,2026-02-01T00:00:00Z
2025-02-28,E00198,0,0.0,0.0,2026-03-01T00:00:00Z
2025-03-31,E00198,0,0.0,0.0,2026-04-01T00:00:00Z
2025-04-30,E00198,0,0.0,0.0,2026-05-01T00:00:00Z
2025-05-31,E00198,0,0.0,0.0,2026-06-01T00:00:00Z
2025-06-30,E00198,0,0.0,0.0,2026-07-01T00:00:00Z
2023-07-31,E00199,1,0.1142,22287.85,2024-07-31T00:00:00Z
2023-08-31,E00199,1,0.11,21484.19,2024-08-31T00:00:00Z
2023-09-30,E00199,1,0.1009,19693.35,2024-09-30T00:00:00Z
2023-10-31,E00199,1,0.0753,14695.06,2024-10-31T00:00:00Z
2023-11-30,E00199,1,0.0786,15345.44,2024-11-30T00:00:00Z
2023-12-31,E00199,1,0.0963,18797.45,2024-12-31T00:00:00Z
2024-01-31,E00199,1,0.1362,26596.84,2025-01-31T00:00:00Z
2024-02-29,E00199,1,0.0559,10907.77,2025-03-01T00:00:00Z
2024-03-31,E00199,1,0.0894,17454.81,2025-04-01T00:00:00Z
2024-04-30,E00199,1,0.0382,7467.49,2025-05-01T00:00:00Z
2024-05-31,E00199,1,0.1277,24922.33,2025-06-01T00:00:00Z
2024-06-30,E00199,0,0.0,0.0,2025-07-01T00:00:00Z
2024-07-31,E00199,0,0.0,0.0,2025-08-01T00:00:00Z
2024-08-31,E00199,0,0.0,0.0,2025-09-01T00:00:00Z
2024-09-30,E00199,0,0.0,0.0,2025-10-01T00:00:00Z
2024-10-31,E00199,0,0.0,0.0,2025-11-01T00:00:00Z
2024-11-30,E00199,0,0.0,0.0,2025-12-01T00:00:00Z
2024-12-31,E00199,0,0.0,0.0,2026-01-01T00:00:00Z
2025-01-31,E00199,0,0.0,0.0,2026-02-01T00:00:00Z
2025-02-28,E00199,0,0.0,0.0,2026-03-01T00:00:00Z
2025-03-31,E00199,0,0.0,0.0,2026-04-01T00:00:00Z
2025-04-30,E00199,0,0.0,0.0,2026-05-01T00:00:00Z
2025-05-31,E00199,0,0.0,0.0,2026-06-01T00:00:00Z
2025-06-30,E00199,1,0.0991,18886.91,2026-07-01T00:00:00Z
2023-07-31,E00200,0,0.0,0.0,2024-07-31T00:00:00Z
2023-08-31,E00200,0,0.0,0.0,2024-08-31T00:00:00Z
2023-09-30,E00200,0,0.0,0.0,2024-09-30T00:00:00Z
2023-10-31,E00200,0,0.0,0.0,2024-10-31T00:00:00Z
2023-11-30,E00200,0,0.0,0.0,2024-11-30T00:00:00Z
2023-12-31,E00200,0,0.0,0.0,2024-12-31T00:00:00Z
2024-01-31,E00200,0,0.0,0.0,2025-01-31T00:00:00Z
2024-02-29,E00200,0,0.0,0.0,2025-03-01T00:00:00Z
2024-03-31,E00200,0,0.0,0.0,2025-04-01T00:00:00Z
2024-04-30,E00200,0,0.0,0.0,2025-05-01T00:00:00Z
2024-05-31,E00200,0,0.0,0.0,2025-06-01T00:00:00Z
2024-06-30,E00200,0,0.0,0.0,2025-07-01T00:00:00Z
2024-07-31,E00200,0,0.0,0.0,2025-08-01T00:00:00Z
2024-08-31,E00200,0,0.0,0.0,2025-09-01T00:00:00Z
2024-09-30,E00200,0,0.0,0.0,2025-10-01T00:00:00Z
2024-10-31,E00200,0,0.0,0.0,2025-11-01T00:00:00Z
2024-11-30,E00200,0,0.0,0.0,2025-12-01T00:00:00Z
2024-12-31,E00200,0,0.0,0.0,2026-01-01T00:00:00Z
2025-01-31,E00200,0,0.0,0.0,2026-02-01T00:00:00Z
2025-02-28,E00200,0,0.0,0.0,2026-03-01T00:00:00Z
2025-03-31,E00200,0,0.0,0.0,2026-04-01T00:00:00Z
2025-04-30,E00200,0,0.0,0.0,2026-05-01T00:00:00Z
2025-05-31,E00200,0,0.0,0.0,2026-06-01T00:00:00Z
2025-06-30,E00200,0,0.0,0.0,2026-07-01T00:00:00Z
2023-07-31,E00201,0,0.0,0.0,2024-07-31T00:00:00Z
2023-08-31,E00201,0,0.0,0.0,2024-08-31T00:00:00Z
2023-09-30,E00201,0,0.0,0.0,2024-09-30T00:00:00Z
2023-10-31,E00201,0,0.0,0.0,2024-10-31T00:00:00Z
2023-11-30,E00201,0,0.0,0.0,2024-11-30T00:00:00Z
2023-12-31,E00201,0,0.0,0.0,2024-12-31T00:00:00Z
2024-01-31,E00201,0,0.0,0.0,2025-01-31T00:00:00Z
2024-02-29,E00201,0,0.0,0.0,2025-03-01T00:00:00Z
2024-03-31,E00201,0,0.0,0.0,2025-04-01T00:00:00Z
2024-04-30,E00201,0,0.0,0.0,2025-05-01T00:00:00Z
2024-05-31,E00201,0,0.0,0.0,2025-06-01T00:00:00Z
2024-06-30,E00201,0,0.0,0.0,2025-07-01T00:00:00Z
2024-07-31,E00201,0,0.0,0.0,2025-08-01T00:00:00Z
2024-08-31,E00201,0,0.0,0.0,2025-09-01T00:00:00Z
2024-09-30,E00201,0,0.0,0.0,2025-10-01T00:00:00Z
2024-10-31,E00201,0,0.0,0.0,2025-11-01T00:00:00Z
2024-11-30,E00201,0,0.0,0.0,2025-12-01T00:00:00Z
2024-12-31,E00201,0,0.0,0.0,2026-01-01T00:00:00Z
2025-01-31,E00201,0,0.0,0.0,2026-02-01T00:00:00Z
2025-02-28,E00201,0,0.0,0.0,2026-03-01T00:00:00Z
2025-03-31,E00201,0,0.0,0.0,2026-04-01T00:00:00Z
2025-04-30,E00201,0,0.0,0.0,2026-05-01T00:00:00Z
2025-05-31,E00201,0,0.0,0.0,2026-06-01T00:00:00Z
2025-06-30,E00201,0,0.0,0.0,2026-07-01T00:00:00Z
2023-07-31,E00202,0,0.0,0.0,2024-07-31T00:00:00Z
2023-08-31,E00202,0,0.0,0.0,2024-08-31T00:00:00Z
2023-09-30,E00202,0,0.0,0.0,2024-09-30T00:00:00Z
2023-10-31,E00202,0,0.0,0.0,2024-10-31T00:00:00Z
2023-11-30,E00202,0,0.0,0.0,2024-11-30T00:00:00Z
2023-12-31,E00202,0,0.0,0.0,2024-12-31T00:00:00Z
2024-01-31,E00202,0,0.0,0.0,2025-01-31T00:00:00Z
2024-02-29,E00202,0,0.0,0.0,2025-03-01T00:00:00Z
2024-03-31,E00202,0,0.0,0.0,2025-04-01T00:00:00Z
2024-04-30,E00202,0,0.0,0.0,2025-05-01T00:00:00Z
2024-05-31,E00202,0,0.0,0.0,2025-06-01T00:00:00Z
2024-06-30,E00202,0,0.0,0.0,2025-07-01T00:00:00Z
2024-07-31,E00202,0,0.0,0.0,2025-08-01T00:00:00Z
2024-08-31,E00202,0,0.0,0.0,2025-09-01T00:00:00Z
2024-09-30,E00202,0,0.0,0.0,2025-10-01T00:00:00Z
2024-10-31,E00202,0,0.0,0.0,2025-11-01T00:00:00Z
2024-11-30,E00202,0,0.0,0.0,2025-12-01T00:00:00Z
2024-12-31,E00202,0,0.0,0.0,2026-01-01T00:00:00Z
2025-01-31,E00202,0,0.0,0.0,2026-02-01T00:00:00Z
2025-02-28,E00202,0,0.0,0.0,2026-03-01T00:00:00Z
2025-03-31,E00202,0,0.0,0.0,2026-04-01T00:00:00Z
2025-04-30,E00202,0,0.0,0.0,2026-05-01T00:00:00Z
2025-05-31,E00202,0,0.0,0.0,2026-06-01T00:00:00Z
2025-06-30,E00202,0,0.0,0.0,2026-07-01T00:00:00Z
2023-07-31,E00203,0,0.0,0.0,2024-07-31T00:00:00Z
2023-08-31,E00203,0,0.0,0.0,2024-08-31T00:00:00Z
2023-09-30,E00203,0,0.0,0.0,2024-09-30T00:00:00Z
2023-10-31,E00203,0,0.0,0.0,2024-10-31T00:00:00Z
2023-11-30,E00203,0,0.0,0.0,2024-11-30T00:00:00Z
2023-12-31,E00203,0,0.0,0.0,2024-12-31T00:00:00Z
2024-01-31,E00203,0,0.0,0.0,2025-01-31T00:00:00Z
2024-02-29,E00203,0,0.0,0.0,2025-03-01T00:00:00Z
2024-03-31,E00203,0,0.0,0.0,2025-04-01T00:00:00Z
2024-04-30,E00203,0,0.0,0.0,2025-05-01T00:00:00Z
2024-05-31,E00203,0,0.0,0.0,2025-06-01T00:00:00Z
2024-06-30,E00203,0,0.0,0.0,2025-07-01T00:00:00Z
2024-07-31,E00203,0,0.0,0.0,2025-08-01T00:00:00Z
2024-08-31,E00203,0,0.0,0.0,2025-09-01T00:00:00Z
2024-09-30,E00203,0,0.0,0.0,2025-10-01T00:00:00Z
2024-10-31,E00203,0,0.0,0.0,2025-11-01T00:00:00Z
2024-11-30,E00203,0,0.0,0.0,2025-12-01T00:00:00Z
2024-12-31,E00203,0,0.0,0.0,2026-01-01T00:00:00Z
2025-01-31,E00203,0,0.0,0.0,2026-02-01T00:00:00Z
2025-02-28,E00203,0,0.0,0.0,2026-03-01T00:00:00Z
2025-03-31,E00203,0,0.0,0.0,2026-04-01T00:00:00Z
2025-04-30,E00203,0,0.0,0.0,2026-05-01T00:00:00Z
2025-05-31,E00203,0,0.0,0.0,2026-06-01T00:00:00Z
2025-06-30,E00203,0,0.0,0.0,2026-07-01T00:00:00Z
2023-07-31,E00204,0,0.0,0.0,2024-07-31T00:00:00Z
2023-08-31,E00204,0,0.0,0.0,2024-08-31T00:00:00Z
2023-09-30,E00204,0,0.0,0.0,2024-09-30T00:00:00Z
2023-10-31,E00204,0,0.0,0.0,2024-10-31T00:00:00Z
2023-11-30,E00204,0,0.0,0.0,2024-11-30T00:00:00Z
2023-12-31,E00204,0,0.0,0.0,2024-12-31T00:00:00Z
2024-01-31,E00204,0,0.0,0.0,2025-01-31T00:00:00Z
2024-02-29,E00204,0,0.0,0.0,2025-03-01T00:00:00Z
2024-03-31,E00204,0,0.0,0.0,2025-04-01T00:00:00Z
2024-04-30,E00204,0,0.0,0.0,2025-05-01T00:00:00Z
2024-05-31,E00204,0,0.0,0.0,2025-06-01T00:00:00Z
2024-06-30,E00204,0,0.0,0.0,2025-07-01T00:00:00Z
2024-07-31,E00204,0,0.0,0.0,2025-08-01T00:00:00Z
2024-08-31,E00204,0,0.0,0.0,2025-09-01T00:00:00Z
2024-09-30,E00204,0,0.0,0.0,2025-10-01T00:00:00Z
2024-10-31,E00204,0,0.0,0.0,2025-11-01T00:00:00Z
2024-11-30,E00204,0,0.0,0.0,2025-12-01T00:00:00Z
2024-12-31,E00204,0,0.0,0.0,2026-01-01T00:00:00Z
2025-01-31,E00204,0,0.0,0.0,2026-02-01T00:00:00Z
2025-02-28,E00204,0,0.0,0.0,2026-03-01T00:00:00Z
2025-03-31,E00204,0,0.0,0.0,2026-04-01T00:00:00Z
2025-04-30,E00204,0,0.0,0.0,2026-05-01T00:00:00Z
2025-05-31,E00204,0,0.0,0.0,2026-06-01T00:00:00Z
2025-06-30,E00204,0,0.0,0.0,2026-07-01T00:00:00Z
2023-07-31,E00205,0,0.0,0.0,2024-07-31T00:00:00Z
2023-08-31,E00205,0,0.0,0.0,2024-08-31T00:00:00Z
2023-09-30,E00205,0,0.0,0.0,2024-09-30T00:00:00Z
2023-10-31,E00205,0,0.0,0.0,2024-10-31T00:00:00Z
2023-11-30,E00205,0,0.0,0.0,2024-11-30T00:00:00Z
2023-12-31,E00205,0,0.0,0.0,2024-12-31T00:00:00Z
2024-01-31,E00205,0,0.0,0.0,2025-01-31T00:00:00Z
2024-02-29,E00205,0,0.0,0.0,2025-03-01T00:00:00Z
2024-03-31,E00205,0,0.0,0.0,2025-04-01T00:00:00Z
2024-04-30,E00205,0,0.0,0.0,2025-05-01T00:00:00Z
2024-05-31,E00205,0,0.0,0.0,2025-06-01T00:00:00Z
2024-06-30,E00205,0,0.0,0.0,2025-07-01T00:00:00Z
2024-07-31,E00205,0,0.0,0.0,2025-08-01T00:00:00Z
2024-08-31,E00205,0,0.0,0.0,2025-09-01T00:00:00Z
2024-09-30,E00205,0,0.0,0.0,2025-10-01T00:00:00Z
2024-10-31,E00205,0,0.0,0.0,2025-11-01T00:00:00Z
2024-11-30,E00205,0,0.0,0.0,2025-12-01T00:00:00Z
2024-12-31,E00205,0,0.0,0.0,2026-01-01T00:00:00Z
2025-01-31,E00205,0,0.0,0.0,2026-02-01T00:00:00Z
2025-02-28,E00205,0,0.0,0.0,2026-03-01T00:00:00Z
2025-03-31,E00205,0,0.0,0.0,2026-04-01T00:00:00Z
2025-04-30,E00205,0,0.0,0.0,2026-05-01T00:00:00Z
2025-05-31,E00205,0,0.0,0.0,2026-06-01T00:00:00Z
2025-06-30,E00205,0,0.0,0.0,2026-07-01T00:00:00Z
2023-07-31,E00206,0,0.0,0.0,2024-07-31T00:00:00Z
2023-08-31,E00206,0,0.0,0.0,2024-08-31T00:00:00Z
2023-09-30,E00206,0,0.0,0.0,2024-09-30T00:00:00Z
2023-10-31,E00206,0,0.0,0.0,2024-10-31T00:00:00Z
2023-11-30,E00206,0,0.0,0.0,2024-11-30T00:00:00Z
2023-12-31,E00206,0,0.0,0.0,2024-12-31T00:00:00Z
2024-01-31,E00206,0,0.0,0.0,2025-01-31T00:00:00Z
2024-02-29,E00206,0,0.0,0.0,2025-03-01T00:00:00Z
2024-03-31,E00206,0,0.0,0.0,2025-04-01T00:00:00Z
2024-04-30,E00206,0,0.0,0.0,2025-05-01T00:00:00Z
2024-05-31,E00206,0,0.0,0.0,2025-06-01T00:00:00Z
2024-06-30,E00206,0,0.0,0.0,2025-07-01T00:00:00Z
2024-07-31,E00206,0,0.0,0.0,2025-08-01T00:00:00Z
2024-08-31,E00206,0,0.0,0.0,2025-09-01T00:00:00Z
2024-09-30,E00206,0,0.0,0.0,2025-10-01T00:00:00Z
2024-10-31,E00206,0,0.0,0.0,2025-11-01T00:00:00Z
2024-11-30,E00206,0,0.0,0.0,2025-12-01T00:00:00Z
2024-12-31,E00206,0,0.0,0.0,2026-01-01T00:00:00Z
2025-01-31,E00206,0,0.0,0.0,2026-02-01T00:00:00Z
2025-02-28,E00206,0,0.0,0.0,2026-03-01T00:00:00Z
2025-03-31,E00206,0,0.0,0.0,2026-04-01T00:00:00Z
2025-04-30,E00206,0,0.0,0.0,2026-05-01T00:00:00Z
2025-05-31,E00206,0,0.0,0.0,2026-06-01T00:00:00Z
2025-06-30,E00206,0,0.0,0.0,2026-07-01T00:00:00Z
2023-07-31,E00207,0,0.0,0.0,2024-07-31T00:00:00Z
2023-08-31,E00207,0,0.0,0.0,2024-08-31T00:00:00Z
2023-09-30,E00207,0,0.0,0.0,2024-09-30T00:00:00Z
2023-10-31,E00207,0,0.0,0.0,2024-10-31T00:00:00Z
2023-11-30,E00207,0,0.0,0.0,2024-11-30T00:00:00Z
2023-12-31,E00207,0,0.0,0.0,2024-12-31T00:00:00Z
2024-01-31,E00207,0,0.0,0.0,2025-01-31T00:00:00Z
2024-02-29,E00207,0,0.0,0.0,2025-03-01T00:00:00Z
2024-03-31,E00207,0,0.0,0.0,2025-04-01T00:00:00Z
2024-04-30,E00207,0,0.0,0.0,2025-05-01T00:00:00Z
2024-05-31,E00207,0,0.0,0.0,2025-06-01T00:00:00Z
2024-06-30,E00207,0,0.0,0.0,2025-07-01T00:00:00Z
2024-07-31,E00207,0,0.0,0.0,2025-08-01T00:00:00Z
2024-08-31,E00207,0,0.0,0.0,2025-09-01T00:00:00Z
2024-09-30,E00207,0,0.0,0.0,2025-10-01T00:00:00Z
2024-10-31,E00207,0,0.0,0.0,2025-11-01T00:00:00Z
2024-11-30,E00207,0,0.0,0.0,2025-12-01T00:00:00Z
2024-12-31,E00207,0,0.0,0.0,2026-01-01T00:00:00Z
2025-01-31,E00207,0,0.0,0.0,2026-02-01T00:00:00Z
2025-02-28,E00207,0,0.0,0.0,2026-03-01T00:00:00Z
2025-03-31,E00207,0,0.0,0.0,2026-04-01T00:00:00Z
2025-04-30,E00207,0,0.0,0.0,2026-05-01T00:00:00Z
2025-05-31,E00207,0,0.0,0.0,2026-06-01T00:00:00Z
2025-06-30,E00207,0,0.0,0.0,2026-07-01T00:00:00Z
2023-07-31,E00208,0,0.0,0.0,2024-07-31T00:00:00Z
2023-08-31,E00208,0,0.0,0.0,2024-08-31T00:00:00Z
2023-09-30,E00208,0,0.0,0.0,2024-09-30T00:00:00Z
2023-10-31,E00208,0,0.0,0.0,2024-10-31T00:00:00Z
2023-11-30,E00208,0,0.0,0.0,2024-11-30T00:00:00Z
2023-12-31,E00208,0,0.0,0.0,2024-12-31T00:00:00Z
2024-01-31,E00208,0,0.0,0.0,2025-01-31T00:00:00Z
2024-02-29,E00208,0,0.0,0.0,2025-03-01T00:00:00Z
2024-03-31,E00208,0,0.0,0.0,2025-04-01T00:00:00Z
2024-04-30,E00208,0,0.0,0.0,2025-05-01T00:00:00Z
2024-05-31,E00208,0,0.0,0.0,2025-06-01T00:00:00Z
2024-06-30,E00208,0,0.0,0.0,2025-07-01T00:00:00Z
2024-07-31,E00208,0,0.0,0.0,2025-08-01T00:00:00Z
2024-08-31,E00208,0,0.0,0.0,2025-09-01T00:00:00Z
2024-09-30,E00208,0,0.0,0.0,2025-10-01T00:00:00Z
2024-10-31,E00208,0,0.0,0.0,2025-11-01T00:00:00Z
2024-11-30,E00208,0,0.0,0.0,2025-12-01T00:00:00Z
2024-12-31,E00208,0,0.0,0.0,2026-01-01T00:00:00Z
2025-01-31,E00208,0,0.0,0.0,2026-02-01T00:00:00Z
2025-02-28,E00208,0,0.0,0.0,2026-03-01T00:00:00Z
2025-03-31,E00208,0,0.0,0.0,2026-04-01T00:00:00Z
2025-04-30,E00208,0,0.0,0.0,2026-05-01T00:00:00Z
2025-05-31,E00208,0,0.0,0.0,2026-06-01T00:00:00Z
2025-06-30,E00208,0,0.0,0.0,2026-07-01T00:00:00Z
2023-07-31,E00209,0,0.0,0.0,2024-07-31T00:00:00Z
2023-08-31,E00209,0,0.0,0.0,2024-08-31T00:00:00Z
2023-09-30,E00209,0,0.0,0.0,2024-09-30T00:00:00Z
2023-10-31,E00209,0,0.0,0.0,2024-10-31T00:00:00Z
2023-11-30,E00209,0,0.0,0.0,2024-11-30T00:00:00Z
2023-12-31,E00209,0,0.0,0.0,2024-12-31T00:00:00Z
2024-01-31,E00209,0,0.0,0.0,2025-01-31T00:00:00Z
2024-02-29,E00209,0,0.0,0.0,2025-03-01T00:00:00Z
2024-03-31,E00209,0,0.0,0.0,2025-04-01T00:00:00Z
2024-04-30,E00209,0,0.0,0.0,2025-05-01T00:00:00Z
2024-05-31,E00209,0,0.0,0.0,2025-06-01T00:00:00Z
2024-06-30,E00209,0,0.0,0.0,2025-07-01T00:00:00Z
2024-07-31,E00209,0,0.0,0.0,2025-08-01T00:00:00Z
2024-08-31,E00209,0,0.0,0.0,2025-09-01T00:00:00Z
2024-09-30,E00209,0,0.0,0.0,2025-10-01T00:00:00Z
2024-10-31,E00209,0,0.0,0.0,2025-11-01T00:00:00Z
2024-11-30,E00209,0,0.0,0.0,2025-12-01T00:00:00Z
2024-12-31,E00209,0,0.0,0.0,2026-01-01T00:00:00Z
2025-01-31,E00209,0,0.0,0.0,2026-02-01T00:00:00Z
2025-02-28,E00209,0,0.0,0.0,2026-03-01T00:00:00Z
2025-03-31,E00209,0,0.0,0.0,2026-04-01T00:00:00Z
2025-04-30,E00209,0,0.0,0.0,2026-05-01T00:00:00Z
2025-05-31,E00209,0,0.0,0.0,2026-06-01T00:00:00Z
2025-06-30,E00209,0,0.0,0.0,2026-07-01T00:00:00Z
2023-07-31,E00210,1,0.0,0.0,2024-07-31T00:00:00Z
2023-08-31,E00210,1,0.0656,9499.93,2024-08-31T00:00:00Z
2023-09-30,E00210,1,0.0,0.0,2024-09-30T00:00:00Z
2023-10-31,E00210,1,0.0,0.0,2024-10-31T00:00:00Z
2023-11-30,E00210,0,0.0,0.0,2024-11-30T00:00:00Z
2023-12-31,E00210,0,0.0,0.0,2024-12-31T00:00:00Z
2024-01-31,E00210,0,0.0,0.0,2025-01-31T00:00:00Z
2024-02-29,E00210,0,0.0,0.0,2025-03-01T00:00:00Z
2024-03-31,E00210,0,0.0,0.0,2025-04-01T00:00:00Z
2024-04-30,E00210,0,0.0,0.0,2025-05-01T00:00:00Z
2024-05-31,E00210,0,0.0,0.0,2025-06-01T00:00:00Z
2024-06-30,E00210,0,0.0,0.0,2025-07-01T00:00:00Z
2024-07-31,E00210,0,0.0,0.0,2025-08-01T00:00:00Z
2024-08-31,E00210,0,0.0,0.0,2025-09-01T00:00:00Z
2024-09-30,E00210,0,0.0,0.0,2025-10-01T00:00:00Z
2024-10-31,E00210,1,0.0522,7298.06,2025-11-01T00:00:00Z
2024-11-30,E00210,1,0.0209,2928.88,2025-12-01T00:00:00Z
2024-12-31,E00210,1,0.0,0.0,2026-01-01T00:00:00Z
2025-01-31,E00210,1,0.0,0.0,2026-02-01T00:00:00Z
2025-02-28,E00210,1,0.0,0.0,2026-03-01T00:00:00Z
2025-03-31,E00210,1,0.038,5307.85,2026-04-01T00:00:00Z
2025-04-30,E00210,1,0.114,15945.84,2026-05-01T00:00:00Z
2025-05-31,E00210,1,0.0245,3421.53,2026-06-01T00:00:00Z
2025-06-30,E00210,1,0.0289,4043.26,2026-07-01T00:00:00Z
2023-07-31,E00211,0,0.0,0.0,2024-07-31T00:00:00Z
2023-08-31,E00211,0,0.0,0.0,2024-08-31T00:00:00Z
2023-09-30,E00211,0,0.0,0.0,2024-09-30T00:00:00Z
2023-10-31,E00211,0,0.0,0.0,2024-10-31T00:00:00Z
2023-11-30,E00211,0,0.0,0.0,2024-11-30T00:00:00Z
2023-12-31,E00211,0,0.0,0.0,2024-12-31T00:00:00Z
2024-01-31,E00211,0,0.0,0.0,2025-01-31T00:00:00Z
2024-02-29,E00211,0,0.0,0.0,2025-03-01T00:00:00Z
2024-03-31,E00211,0,0.0,0.0,2025-04-01T00:00:00Z
2024-04-30,E00211,0,0.0,0.0,2025-05-01T00:00:00Z
2024-05-31,E00211,0,0.0,0.0,2025-06-01T00:00:00Z
2024-06-30,E00211,0,0.0,0.0,2025-07-01T00:00:00Z
2024-07-31,E00211,0,0.0,0.0,2025-08-01T00:00:00Z
2024-08-31,E00211,0,0.0,0.0,2025-09-01T00:00:00Z
2024-09-30,E00211,0,0.0,0.0,2025-10-01T00:00:00Z
2024-10-31,E00211,0,0.0,0.0,2025-11-01T00:00:00Z
2024-11-30,E00211,0,0.0,0.0,2025-12-01T00:00:00Z
2024-12-31,E00211,0,0.0,0.0,2026-01-01T00:00:00Z
2025-01-31,E00211,0,0.0,0.0,2026-02-01T00:00:00Z
2025-02-28,E00211,0,0.0,0.0,2026-03-01T00:00:00Z
2025-03-31,E00211,0,0.0,0.0,2026-04-01T00:00:00Z
2025-04-30,E00211,0,0.0,0.0,2026-05-01T00:00:00Z
2025-05-31,E00211,0,0.0,0.0,2026-06-01T00:00:00Z
2025-06-30,E00211,0,0.0,0.0,2026-07-01T00:00:00Z
2023-07-31,E00212,1,0.0177,2540.62,2024-07-31T00:00:00Z
2023-08-31,E00212,0,0.0,0.0,2024-08-31T00:00:00Z
2023-09-30,E00212,0,0.0,0.0,2024-09-30T00:00:00Z
2023-10-31,E00212,0,0.0,0.0,2024-10-31T00:00:00Z
2023-11-30,E00212,0,0.0,0.0,2024-11-30T00:00:00Z
2023-12-31,E00212,0,0.0,0.0,2024-12-31T00:00:00Z
2024-01-31,E00212,0,0.0,0.0,2025-01-31T00:00:00Z
2024-02-29,E00212,0,0.0,0.0,2025-03-01T00:00:00Z
2024-03-31,E00212,0,0.0,0.0,2025-04-01T00:00:00Z
2024-04-30,E00212,0,0.0,0.0,2025-05-01T00:00:00Z
2024-05-31,E00212,0,0.0,0.0,2025-06-01T00:00:00Z
2024-06-30,E00212,0,0.0,0.0,2025-07-01T00:00:00Z
2024-07-31,E00212,0,0.0,0.0,2025-08-01T00:00:00Z
2024-08-31,E00212,0,0.0,0.0,2025-09-01T00:00:00Z
2024-09-30,E00212,0,0.0,0.0,2025-10-01T00:00:00Z
2024-10-31,E00212,0,0.0,0.0,2025-11-01T00:00:00Z
2024-11-30,E00212,0,0.0,0.0,2025-12-01T00:00:00Z
2024-12-31,E00212,0,0.0,0.0,2026-01-01T00:00:00Z
2025-01-31,E00212,0,0.0,0.0,2026-02-01T00:00:00Z
2025-02-28,E00212,0,0.0,0.0,2026-03-01T00:00:00Z
2025-03-31,E00212,0,0.0,0.0,2026-04-01T00:00:00Z
2025-04-30,E00212,0,0.0,0.0,2026-05-01T00:00:00Z
2025-05-31,E00212,0,0.0,0.0,2026-06-01T00:00:00Z
2025-06-30,E00212,0,0.0,0.0,2026-07-01T00:00:00Z
2023-07-31,E00213,0,0.0,0.0,2024-07-31T00:00:00Z
2023-08-31,E00213,0,0.0,0.0,2024-08-31T00:00:00Z
2023-09-30,E00213,0,0.0,0.0,2024-09-30T00:00:00Z
2023-10-31,E00213,0,0.0,0.0,2024-10-31T00:00:00Z
2023-11-30,E00213,0,0.0,0.0,2024-11-30T00:00:00Z
2023-12-31,E00213,0,0.0,0.0,2024-12-31T00:00:00Z
2024-01-31,E00213,0,0.0,0.0,2025-01-31T00:00:00Z
2024-02-29,E00213,0,0.0,0.0,2025-03-01T00:00:00Z
2024-03-31,E00213,0,0.0,0.0,2025-04-01T00:00:00Z
2024-04-30,E00213,0,0.0,0.0,2025-05-01T00:00:00Z
2024-05-31,E00213,0,0.0,0.0,2025-06-01T00:00:00Z
2024-06-30,E00213,0,0.0,0.0,2025-07-01T00:00:00Z
2024-07-31,E00213,0,0.0,0.0,2025-08-01T00:00:00Z
2024-08-31,E00213,0,0.0,0.0,2025-09-01T00:00:00Z
2024-09-30,E00213,0,0.0,0.0,2025-10-01T00:00:00Z
2024-10-31,E00213,0,0.0,0.0,2025-11-01T00:00:00Z
2024-11-30,E00213,0,0.0,0.0,2025-12-01T00:00:00Z
2024-12-31,E00213,0,0.0,0.0,2026-01-01T00:00:00Z
2025-01-31,E00213,0,0.0,0.0,2026-02-01T00:00:00Z
2025-02-28,E00213,0,0.0,0.0,2026-03-01T00:00:00Z
2025-03-31,E00213,0,0.0,0.0,2026-04-01T00:00:00Z
2025-04-30,E00213,0,0.0,0.0,2026-05-01T00:00:00Z
2025-05-31,E00213,0,0.0,0.0,2026-06-01T00:00:00Z
2025-06-30,E00213,0,0.0,0.0,2026-07-01T00:00:00Z
2023-07-31,E00214,1,0.0735,7893.01,2024-07-31T00:00:00Z
2023-08-31,E00214,1,0.0704,7560.85,2024-08-31T00:00:00Z
2023-09-30,E00214,1,0.1733,18597.88,2024-09-30T00:00:00Z
2023-10-31,E00214,1,0.0392,4211.56,2024-10-31T00:00:00Z
2023-11-30,E00214,1,0.0922,9893.58,2024-11-30T00:00:00Z
2023-12-31,E00214,1,0.1094,11745.7,2024-12-31T00:00:00Z
2024-01-31,E00214,1,0.0938,10064.83,2025-01-31T00:00:00Z
2024-02-29,E00214,1,0.0486,5213.42,2025-03-01T00:00:00Z
2024-03-31,E00214,1,0.053,5687.56,2025-04-01T00:00:00Z
2024-04-30,E00214,1,0.008,857.97,2025-05-01T00:00:00Z
2024-05-31,E00214,1,0.0441,4731.12,2025-06-01T00:00:00Z
2024-06-30,E00214,1,0.1112,11938.11,2025-07-01T00:00:00Z
2024-07-31,E00214,0,0.0,0.0,2025-08-01T00:00:00Z
2024-08-31,E00214,0,0.0,0.0,2025-09-01T00:00:00Z
2024-09-30,E00214,0,0.0,0.0,2025-10-01T00:00:00Z
2024-10-31,E00214,0,0.0,0.0,2025-11-01T00:00:00Z
2024-11-30,E00214,0,0.0,0.0,2025-12-01T00:00:00Z
2024-12-31,E00214,0,0.0,0.0,2026-01-01T00:00:00Z
2025-01-31,E00214,0,0.0,0.0,2026-02-01T00:00:00Z
2025-02-28,E00214,0,0.0,0.0,2026-03-01T00:00:00Z
2025-03-31,E00214,0,0.0,0.0,2026-04-01T00:00:00Z
2025-04-30,E00214,1,0.0932,9831.51,2026-05-01T00:00:00Z
2025-05-31,E00214,1,0.0323,3402.26,2026-06-01T00:00:00Z
2025-06-30,E00214,1,0.0354,3728.78,2026-07-01T00:00:00Z
2023-07-31,E00215,0,0.0,0.0,2024-07-31T00:00:00Z
2023-08-31,E00215,0,0.0,0.0,2024-08-31T00:00:00Z
2023-09-30,E00215,0,0.0,0.0,2024-09-30T00:00:00Z
2023-10-31,E00215,0,0.0,0.0,2024-10-31T00:00:00Z
2023-11-30,E00215,0,0.0,0.0,2024-11-30T00:00:00Z
2023-12-31,E00215,1,0.0584,10217.63,2024-12-31T00:00:00Z
2024-01-31,E00215,1,0.0344,6021.54,2025-01-31T00:00:00Z
2024-02-29,E00215,1,0.0182,3180.89,2025-03-01T00:00:00Z
2024-03-31,E00215,1,0.1039,18184.25,2025-04-01T00:00:00Z
2024-04-30,E00215,1,0.006,1044.11,2025-05-01T00:00:00Z
2024-05-31,E00215,1,0.0352,6164.72,2025-06-01T00:00:00Z
2024-06-30,E00215,1,0.0,0.0,2025-07-01T00:00:00Z
2024-07-31,E00215,1,0.0993,17378.31,2025-08-01T00:00:00Z
2024-08-31,E00215,1,0.0113,1982.84,2025-09-01T00:00:00Z
2024-09-30,E00215,1,0.0,0.0,2025-10-01T00:00:00Z
2024-10-31,E00215,1,0.0596,10427.31,2025-11-01T00:00:00Z
2024-11-30,E00215,1,0.0701,12269.13,2025-12-01T00:00:00Z
2024-12-31,E00215,1,0.0475,8243.46,2026-01-01T00:00:00Z
2025-01-31,E00215,1,0.0167,2893.21,2026-02-01T00:00:00Z
2025-02-28,E00215,1,0.0274,4759.48,2026-03-01T00:00:00Z
2025-03-31,E00215,1,0.0387,6721.02,2026-04-01T00:00:00Z
2025-04-30,E00215,1,0.0,0.0,2026-05-01T00:00:00Z
2025-05-31,E00215,0,0.0,0.0,2026-06-01T00:00:00Z
2025-06-30,E00215,0,0.0,0.0,2026-07-01T00:00:00Z
2023-07-31,E00216,0,0.0,0.0,2024-07-31T00:00:00Z
2023-08-31,E00216,0,0.0,0.0,2024-08-31T00:00:00Z
2023-09-30,E00216,0,0.0,0.0,2024-09-30T00:00:00Z
2023-10-31,E00216,0,0.0,0.0,2024-10-31T00:00:00Z
2023-11-30,E00216,0,0.0,0.0,2024-11-30T00:00:00Z
2023-12-31,E00216,0,0.0,0.0,2024-12-31T00:00:00Z
2024-01-31,E00216,0,0.0,0.0,2025-01-31T00:00:00Z
2024-02-29,E00216,0,0.0,0.0,2025-03-01T00:00:00Z
2024-03-31,E00216,0,0.0,0.0,2025-04-01T00:00:00Z
2024-04-30,E00216,0,0.0,0.0,2025-05-01T00:00:00Z
2024-05-31,E00216,0,0.0,0.0,2025-06-01T00:00:00Z
2024-06-30,E00216,0,0.0,0.0,2025-07-01T00:00:00Z
2024-07-31,E00216,0,0.0,0.0,2025-08-01T00:00:00Z
2024-08-31,E00216,0,0.0,0.0,2025-09-01T00:00:00Z
2024-09-30,E00216,0,0.0,0.0,2025-10-01T00:00:00Z
2024-10-31,E00216,0,0.0,0.0,2025-11-01T00:00:00Z
2024-11-30,E00216,0,0.0,0.0,2025-12-01T00:00:00Z
2024-12-31,E00216,0,0.0,0.0,2026-01-01T00:00:00Z
2025-01-31,E00216,0,0.0,0.0,2026-02-01T00:00:00Z
2025-02-28,E00216,0,0.0,0.0,2026-03-01T00:00:00Z
2025-03-31,E00216,0,0.0,0.0,2026-04-01T00:00:00Z
2025-04-30,E00216,0,0.0,0.0,2026-05-01T00:00:00Z
2025-05-31,E00216,0,0.0,0.0,2026-06-01T00:00:00Z
2025-06-30,E00216,0,0.0,0.0,2026-07-01T00:00:00Z
2023-07-31,E00217,1,0.0545,804.53,2024-07-31T00:00:00Z
2023-08-31,E00217,1,0.0,0.0,2024-08-31T00:00:00Z
2023-09-30,E00217,1,0.0,0.0,2024-09-30T00:00:00Z
2023-10-31,E00217,1,0.009,133.54,2024-10-31T00:00:00Z
2023-11-30,E00217,1,0.0,0.0,2024-11-30T00:00:00Z
2023-12-31,E00217,1,0.0,0.0,2024-12-31T00:00:00Z
2024-01-31,E00217,1,0.0912,1345.97,2025-01-31T00:00:00Z
2024-02-29,E00217,1,0.0172,254.06,2025-03-01T00:00:00Z
2024-03-31,E00217,1,0.0,0.0,2025-04-01T00:00:00Z
2024-04-30,E00217,0,0.0,0.0,2025-05-01T00:00:00Z
2024-05-31,E00217,0,0.0,0.0,2025-06-01T00:00:00Z
2024-06-30,E00217,0,0.0,0.0,2025-07-01T00:00:00Z
2024-07-31,E00217,0,0.0,0.0,2025-08-01T00:00:00Z
2024-08-31,E00217,0,0.0,0.0,2025-09-01T00:00:00Z
2024-09-30,E00217,0,0.0,0.0,2025-10-01T00:00:00Z
2024-10-31,E00217,0,0.0,0.0,2025-11-01T00:00:00Z
2024-11-30,E00217,0,0.0,0.0,2025-12-01T00:00:00Z
2024-12-31,E00217,0,0.0,0.0,2026-01-01T00:00:00Z
2025-01-31,E00217,0,0.0,0.0,2026-02-01T00:00:00Z
2025-02-28,E00217,0,0.0,0.0,2026-03-01T00:00:00Z
2025-03-31,E00217,0,0.0,0.0,2026-04-01T00:00:00Z
2025-04-30,E00217,0,0.0,0.0,2026-05-01T00:00:00Z
2025-05-31,E00217,0,0.0,0.0,2026-06-01T00:00:00Z
2025-06-30,E00217,0,0.0,0.0,2026-07-01T00:00:00Z
2023-07-31,E00218,0,0.0,0.0,2024-07-31T00:00:00Z
2023-08-31,E00218,0,0.0,0.0,2024-08-31T00:00:00Z
2023-09-30,E00218,0,0.0,0.0,2024-09-30T00:00:00Z
2023-10-31,E00218,0,0.0,0.0,2024-10-31T00:00:00Z
2023-11-30,E00218,0,0.0,0.0,2024-11-30T00:00:00Z
2023-12-31,E00218,0,0.0,0.0,2024-12-31T00:00:00Z
2024-01-31,E00218,0,0.0,0.0,2025-01-31T00:00:00Z
2024-02-29,E00218,0,0.0,0.0,2025-03-01T00:00:00Z
2024-03-31,E00218,0,0.0,0.0,2025-04-01T00:00:00Z
2024-04-30,E00218,0,0.0,0.0,2025-05-01T00:00:00Z
2024-05-31,E00218,0,0.0,0.0,2025-06-01T00:00:00Z
2024-06-30,E00218,0,0.0,0.0,2025-07-01T00:00:00Z
2024-07-31,E00218,0,0.0,0.0,2025-08-01T00:00:00Z
2024-08-31,E00218,0,0.0,0.0,2025-09-01T00:00:00Z
2024-09-30,E00218,0,0.0,0.0,2025-10-01T00:00:00Z
2024-10-31,E00218,0,0.0,0.0,2025-11-01T00:00:00Z
2024-11-30,E00218,0,0.0,0.0,2025-12-01T00:00:00Z
2024-12-31,E00218,0,0.0,0.0,2026-01-01T00:00:00Z
2025-01-31,E00218,0,0.0,0.0,2026-02-01T00:00:00Z
2025-02-28,E00218,0,0.0,0.0,2026-03-01T00:00:00Z
2025-03-31,E00218,0,0.0,0.0,2026-04-01T00:00:00Z
2025-04-30,E00218,0,0.0,0.0,2026-05-01T00:00:00Z
2025-05-31,E00218,0,0.0,0.0,2026-06-01T00:00:00Z
2025-06-30,E00218,0,0.0,0.0,2026-07-01T00:00:00Z
2023-07-31,E00219,0,0.0,0.0,2024-07-31T00:00:00Z
2023-08-31,E00219,0,0.0,0.0,2024-08-31T00:00:00Z
2023-09-30,E00219,0,0.0,0.0,2024-09-30T00:00:00Z
2023-10-31,E00219,0,0.0,0.0,2024-10-31T00:00:00Z
2023-11-30,E00219,0,0.0,0.0,2024-11-30T00:00:00Z
2023-12-31,E00219,0,0.0,0.0,2024-12-31T00:00:00Z
2024-01-31,E00219,0,0.0,0.0,2025-01-31T00:00:00Z
2024-02-29,E00219,0,0.0,0.0,2025-03-01T00:00:00Z
2024-03-31,E00219,0,0.0,0.0,2025-04-01T00:00:00Z
2024-04-30,E00219,0,0.0,0.0,2025-05-01T00:00:00Z
2024-05-31,E00219,0,0.0,0.0,2025-06-01T00:00:00Z
2024-06-30,E00219,0,0.0,0.0,2025-07-01T00:00:00Z
2024-07-31,E00219,0,0.0,0.0,2025-08-01T00:00:00Z
2024-08-31,E00219,0,0.0,0.0,2025-09-01T00:00:00Z
2024-09-30,E00219,0,0.0,0.0,2025-10-01T00:00:00Z
2024-10-31,E00219,0,0.0,0.0,2025-11-01T00:00:00Z
2024-11-30,E00219,0,0.0,0.0,2025-12-01T00:00:00Z
2024-12-31,E00219,0,0.0,0.0,2026-01-01T00:00:00Z
2025-01-31,E00219,1,0.2291,54134.49,2026-02-01T00:00:00Z
2025-02-28,E00219,1,0.2607,61602.53,2026-03-01T00:00:00Z
2025-03-31,E00219,1,0.1597,37739.39,2026-04-01T00:00:00Z
2025-04-30,E00219,1,0.0987,23316.99,2026-05-01T00:00:00Z
2025-05-31,E00219,1,0.1062,25094.91,2026-06-01T00:00:00Z
2025-06-30,E00219,1,0.0861,20348.37,2026-07-01T00:00:00Z
2023-07-31,E00220,0,0.0,0.0,2024-07-31T00:00:00Z
2023-08-31,E00220,0,0.0,0.0,2024-08-31T00:00:00Z
2023-09-30,E00220,0,0.0,0.0,2024-09-30T00:00:00Z
2023-10-31,E00220,0,0.0,0.0,2024-10-31T00:00:00Z
2023-11-30,E00220,0,0.0,0.0,2024-11-30T00:00:00Z
2023-12-31,E00220,0,0.0,0.0,2024-12-31T00:00:00Z
2024-01-31,E00220,0,0.0,0.0,2025-01-31T00:00:00Z
2024-02-29,E00220,0,0.0,0.0,2025-03-01T00:00:00Z
2024-03-31,E00220,0,0.0,0.0,2025-04-01T00:00:00Z
2024-04-30,E00220,0,0.0,0.0,2025-05-01T00:00:00Z
2024-05-31,E00220,0,0.0,0.0,2025-06-01T00:00:00Z
2024-06-30,E00220,0,0.0,0.0,2025-07-01T00:00:00Z
2024-07-31,E00220,0,0.0,0.0,2025-08-01T00:00:00Z
2024-08-31,E00220,0,0.0,0.0,2025-09-01T00:00:00Z
2024-09-30,E00220,0,0.0,0.0,2025-10-01T00:00:00Z
2024-10-31,E00220,0,0.0,0.0,2025-11-01T00:00:00Z
2024-11-30,E00220,0,0.0,0.0,2025-12-01T00:00:00Z
2024-12-31,E00220,0,0.0,0.0,2026-01-01T00:00:00Z
2025-01-31,E00220,0,0.0,0.0,2026-02-01T00:00:00Z
2025-02-28,E00220,0,0.0,0.0,2026-03-01T00:00:00Z
2025-03-31,E00220,0,0.0,0.0,2026-04-01T00:00:00Z
2025-04-30,E00220,0,0.0,0.0,2026-05-01T00:00:00Z
2025-05-31,E00220,0,0.0,0.0,2026-06-01T00:00:00Z
2025-06-30,E00220,0,0.0,0.0,2026-07-01T00:00:00Z
2023-07-31,E00221,0,0.0,0.0,2024-07-31T00:00:00Z
2023-08-31,E00221,0,0.0,0.0,2024-08-31T00:00:00Z
2023-09-30,E00221,0,0.0,0.0,2024-09-30T00:00:00Z
2023-10-31,E00221,0,0.0,0.0,2024-10-31T00:00:00Z
2023-11-30,E00221,0,0.0,0.0,2024-11-30T00:00:00Z
2023-12-31,E00221,0,0.0,0.0,2024-12-31T00:00:00Z
2024-01-31,E00221,0,0.0,0.0,2025-01-31T00:00:00Z
2024-02-29,E00221,0,0.0,0.0,2025-03-01T00:00:00Z
2024-03-31,E00221,0,0.0,0.0,2025-04-01T00:00:00Z
2024-04-30,E00221,0,0.0,0.0,2025-05-01T00:00:00Z
2024-05-31,E00221,0,0.0,0.0,2025-06-01T00:00:00Z
2024-06-30,E00221,0,0.0,0.0,2025-07-01T00:00:00Z
2024-07-31,E00221,0,0.0,0.0,2025-08-01T00:00:00Z
2024-08-31,E00221,0,0.0,0.0,2025-09-01T00:00:00Z
2024-09-30,E00221,0,0.0,0.0,2025-10-01T00:00:00Z
2024-10-31,E00221,0,0.0,0.0,2025-11-01T00:00:00Z
2024-11-30,E00221,0,0.0,0.0,2025-12-01T00:00:00Z
2024-12-31,E00221,0,0.0,0.0,2026-01-01T00:00:00Z
2025-01-31,E00221,0,0.0,0.0,2026-02-01T00:00:00Z
2025-02-28,E00221,0,0.0,0.0,2026-03-01T00:00:00Z
2025-03-31,E00221,0,0.0,0.0,2026-04-01T00:00:00Z
2025-04-30,E00221,0,0.0,0.0,2026-05-01T00:00:00Z
2025-05-31,E00221,0,0.0,0.0,2026-06-01T00:00:00Z
2025-06-30,E00221,0,0.0,0.0,2026-07-01T00:00:00Z
2023-07-31,E00222,0,0.0,0.0,2024-07-31T00:00:00Z
2023-08-31,E00222,0,0.0,0.0,2024-08-31T00:00:00Z
2023-09-30,E00222,0,0.0,0.0,2024-09-30T00:00:00Z
2023-10-31,E00222,0,0.0,0.0,2024-10-31T00:00:00Z
2023-11-30,E00222,0,0.0,0.0,2024-11-30T00:00:00Z
2023-12-31,E00222,0,0.0,0.0,2024-12-31T00:00:00Z
2024-01-31,E00222,0,0.0,0.0,2025-01-31T00:00:00Z
2024-02-29,E00222,0,0.0,0.0,2025-03-01T00:00:00Z
2024-03-31,E00222,0,0.0,0.0,2025-04-01T00:00:00Z
2024-04-30,E00222,0,0.0,0.0,2025-05-01T00:00:00Z
2024-05-31,E00222,0,0.0,0.0,2025-06-01T00:00:00Z
2024-06-30,E00222,0,0.0,0.0,2025-07-01T00:00:00Z
2024-07-31,E00222,0,0.0,0.0,2025-08-01T00:00:00Z
2024-08-31,E00222,0,0.0,0.0,2025-09-01T00:00:00Z
2024-09-30,E00222,0,0.0,0.0,2025-10-01T00:00:00Z
2024-10-31,E00222,0,0.0,0.0,2025-11-01T00:00:00Z
2024-11-30,E00222,0,0.0,0.0,2025-12-01T00:00:00Z
2024-12-31,E00222,0,0.0,0.0,2026-01-01T00:00:00Z
2025-01-31,E00222,0,0.0,0.0,2026-02-01T00:00:00Z
2025-02-28,E00222,0,0.0,0.0,2026-03-01T00:00:00Z
2025-03-31,E00222,0,0.0,0.0,2026-04-01T00:00:00Z
2025-04-30,E00222,0,0.0,0.0,2026-05-01T00:00:00Z
2025-05-31,E00222,0,0.0,0.0,2026-06-01T00:00:00Z
2025-06-30,E00222,0,0.0,0.0,2026-07-01T00:00:00Z
2023-07-31,E00223,0,0.0,0.0,2024-07-31T00:00:00Z
2023-08-31,E00223,0,0.0,0.0,2024-08-31T00:00:00Z
2023-09-30,E00223,0,0.0,0.0,2024-09-30T00:00:00Z
2023-10-31,E00223,0,0.0,0.0,2024-10-31T00:00:00Z
2023-11-30,E00223,0,0.0,0.0,2024-11-30T00:00:00Z
2023-12-31,E00223,0,0.0,0.0,2024-12-31T00:00:00Z
2024-01-31,E00223,0,0.0,0.0,2025-01-31T00:00:00Z
2024-02-29,E00223,0,0.0,0.0,2025-03-01T00:00:00Z
2024-03-31,E00223,0,0.0,0.0,2025-04-01T00:00:00Z
2024-04-30,E00223,0,0.0,0.0,2025-05-01T00:00:00Z
2024-05-31,E00223,0,0.0,0.0,2025-06-01T00:00:00Z
2024-06-30,E00223,0,0.0,0.0,2025-07-01T00:00:00Z
2024-07-31,E00223,0,0.0,0.0,2025-08-01T00:00:00Z
2024-08-31,E00223,0,0.0,0.0,2025-09-01T00:00:00Z
2024-09-30,E00223,0,0.0,0.0,2025-10-01T00:00:00Z
2024-10-31,E00223,0,0.0,0.0,2025-11-01T00:00:00Z
2024-11-30,E00223,0,0.0,0.0,2025-12-01T00:00:00Z
2024-12-31,E00223,0,0.0,0.0,2026-01-01T00:00:00Z
2025-01-31,E00223,0,0.0,0.0,2026-02-01T00:00:00Z
2025-02-28,E00223,0,0.0,0.0,2026-03-01T00:00:00Z
2025-03-31,E00223,0,0.0,0.0,2026-04-01T00:00:00Z
2025-04-30,E00223,0,0.0,0.0,2026-05-01T00:00:00Z
2025-05-31,E00223,0,0.0,0.0,2026-06-01T00:00:00Z
2025-06-30,E00223,0,0.0,0.0,2026-07-01T00:00:00Z
2023-07-31,E00224,0,0.0,0.0,2024-07-31T00:00:00Z
2023-08-31,E00224,0,0.0,0.0,2024-08-31T00:00:00Z
2023-09-30,E00224,0,0.0,0.0,2024-09-30T00:00:00Z
2023-10-31,E00224,0,0.0,0.0,2024-10-31T00:00:00Z
2023-11-30,E00224,0,0.0,0.0,2024-11-30T00:00:00Z
2023-12-31,E00224,0,0.0,0.0,2024-12-31T00:00:00Z
2024-01-31,E00224,0,0.0,0.0,2025-01-31T00:00:00Z
2024-02-29,E00224,0,0.0,0.0,2025-03-01T00:00:00Z
2024-03-31,E00224,0,0.0,0.0,2025-04-01T00:00:00Z
2024-04-30,E00224,0,0.0,0.0,2025-05-01T00:00:00Z
2024-05-31,E00224,0,0.0,0.0,2025-06-01T00:00:00Z
2024-06-30,E00224,0,0.0,0.0,2025-07-01T00:00:00Z
2024-07-31,E00224,0,0.0,0.0,2025-08-01T00:00:00Z
2024-08-31,E00224,0,0.0,0.0,2025-09-01T00:00:00Z
2024-09-30,E00224,0,0.0,0.0,2025-10-01T00:00:00Z
2024-10-31,E00224,0,0.0,0.0,2025-11-01T00:00:00Z
2024-11-30,E00224,0,0.0,0.0,2025-12-01T00:00:00Z
2024-12-31,E00224,0,0.0,0.0,2026-01-01T00:00:00Z
2025-01-31,E00224,0,0.0,0.0,2026-02-01T00:00:00Z
2025-02-28,E00224,0,0.0,0.0,2026-03-01T00:00:00Z
2025-03-31,E00224,0,0.0,0.0,2026-04-01T00:00:00Z
2025-04-30,E00224,0,0.0,0.0,2026-05-01T00:00:00Z
2025-05-31,E00224,0,0.0,0.0,2026-06-01T00:00:00Z
2025-06-30,E00224,0,0.0,0.0,2026-07-01T00:00:00Z
2023-07-31,E00225,0,0.0,0.0,2024-07-31T00:00:00Z
2023-08-31,E00225,0,0.0,0.0,2024-08-31T00:00:00Z
2023-09-30,E00225,0,0.0,0.0,2024-09-30T00:00:00Z
2023-10-31,E00225,0,0.0,0.0,2024-10-31T00:00:00Z
2023-11-30,E00225,0,0.0,0.0,2024-11-30T00:00:00Z
2023-12-31,E00225,0,0.0,0.0,2024-12-31T00:00:00Z
2024-01-31,E00225,0,0.0,0.0,2025-01-31T00:00:00Z
2024-02-29,E00225,0,0.0,0.0,2025-03-01T00:00:00Z
2024-03-31,E00225,0,0.0,0.0,2025-04-01T00:00:00Z
2024-04-30,E00225,0,0.0,0.0,2025-05-01T00:00:00Z
2024-05-31,E00225,0,0.0,0.0,2025-06-01T00:00:00Z
2024-06-30,E00225,0,0.0,0.0,2025-07-01T00:00:00Z
2024-07-31,E00225,0,0.0,0.0,2025-08-01T00:00:00Z
2024-08-31,E00225,0,0.0,0.0,2025-09-01T00:00:00Z
2024-09-30,E00225,0,0.0,0.0,2025-10-01T00:00:00Z
2024-10-31,E00225,0,0.0,0.0,2025-11-01T00:00:00Z
2024-11-30,E00225,0,0.0,0.0,2025-12-01T00:00:00Z
2024-12-31,E00225,0,0.0,0.0,2026-01-01T00:00:00Z
2025-01-31,E00225,0,0.0,0.0,2026-02-01T00:00:00Z
2025-02-28,E00225,0,0.0,0.0,2026-03-01T00:00:00Z
2025-03-31,E00225,0,0.0,0.0,2026-04-01T00:00:00Z
2025-04-30,E00225,0,0.0,0.0,2026-05-01T00:00:00Z
2025-05-31,E00225,0,0.0,0.0,2026-06-01T00:00:00Z
2025-06-30,E00225,0,0.0,0.0,2026-07-01T00:00:00Z
2023-07-31,E00226,0,0.0,0.0,2024-07-31T00:00:00Z
2023-08-31,E00226,0,0.0,0.0,2024-08-31T00:00:00Z
2023-09-30,E00226,0,0.0,0.0,2024-09-30T00:00:00Z
2023-10-31,E00226,0,0.0,0.0,2024-10-31T00:00:00Z
2023-11-30,E00226,0,0.0,0.0,2024-11-30T00:00:00Z
2023-12-31,E00226,0,0.0,0.0,2024-12-31T00:00:00Z
2024-01-31,E00226,0,0.0,0.0,2025-01-31T00:00:00Z
2024-02-29,E00226,0,0.0,0.0,2025-03-01T00:00:00Z
2024-03-31,E00226,0,0.0,0.0,2025-04-01T00:00:00Z
2024-04-30,E00226,0,0.0,0.0,2025-05-01T00:00:00Z
2024-05-31,E00226,0,0.0,0.0,2025-06-01T00:00:00Z
2024-06-30,E00226,0,0.0,0.0,2025-07-01T00:00:00Z
2024-07-31,E00226,0,0.0,0.0,2025-08-01T00:00:00Z
2024-08-31,E00226,0,0.0,0.0,2025-09-01T00:00:00Z
2024-09-30,E00226,0,0.0,0.0,2025-10-01T00:00:00Z
2024-10-31,E00226,0,0.0,0.0,2025-11-01T00:00:00Z
2024-11-30,E00226,0,0.0,0.0,2025-12-01T00:00:00Z
2024-12-31,E00226,0,0.0,0.0,2026-01-01T00:00:00Z
2025-01-31,E00226,0,0.0,0.0,2026-02-01T00:00:00Z
2025-02-28,E00226,0,0.0,0.0,2026-03-01T00:00:00Z
2025-03-31,E00226,0,0.0,0.0,2026-04-01T00:00:00Z
2025-04-30,E00226,0,0.0,0.0,2026-05-01T00:00:00Z
2025-05-31,E00226,0,0.0,0.0,2026-06-01T00:00:00Z
2025-06-30,E00226,0,0.0,0.0,2026-07-01T00:00:00Z
2023-07-31,E00227,0,0.0,0.0,2024-07-31T00:00:00Z
2023-08-31,E00227,0,0.0,0.0,2024-08-31T00:00:00Z
2023-09-30,E00227,0,0.0,0.0,2024-09-30T00:00:00Z
2023-10-31,E00227,0,0.0,0.0,2024-10-31T00:00:00Z
2023-11-30,E00227,0,0.0,0.0,2024-11-30T00:00:00Z
2023-12-31,E00227,0,0.0,0.0,2024-12-31T00:00:00Z
2024-01-31,E00227,0,0.0,0.0,2025-01-31T00:00:00Z
2024-02-29,E00227,0,0.0,0.0,2025-03-01T00:00:00Z
2024-03-31,E00227,0,0.0,0.0,2025-04-01T00:00:00Z
2024-04-30,E00227,0,0.0,0.0,2025-05-01T00:00:00Z
2024-05-31,E00227,0,0.0,0.0,2025-06-01T00:00:00Z
2024-06-30,E00227,0,0.0,0.0,2025-07-01T00:00:00Z
2024-07-31,E00227,0,0.0,0.0,2025-08-01T00:00:00Z
2024-08-31,E00227,0,0.0,0.0,2025-09-01T00:00:00Z
2024-09-30,E00227,0,0.0,0.0,2025-10-01T00:00:00Z
2024-10-31,E00227,0,0.0,0.0,2025-11-01T00:00:00Z
2024-11-30,E00227,0,0.0,0.0,2025-12-01T00:00:00Z
2024-12-31,E00227,0,0.0,0.0,2026-01-01T00:00:00Z
2025-01-31,E00227,0,0.0,0.0,2026-02-01T00:00:00Z
2025-02-28,E00227,0,0.0,0.0,2026-03-01T00:00:00Z
2025-03-31,E00227,0,0.0,0.0,2026-04-01T00:00:00Z
2025-04-30,E00227,0,0.0,0.0,2026-05-01T00:00:00Z
2025-05-31,E00227,0,0.0,0.0,2026-06-01T00:00:00Z
2025-06-30,E00227,0,0.0,0.0,2026-07-01T00:00:00Z
2023-07-31,E00228,0,0.0,0.0,2024-07-31T00:00:00Z
2023-08-31,E00228,0,0.0,0.0,2024-08-31T00:00:00Z
2023-09-30,E00228,0,0.0,0.0,2024-09-30T00:00:00Z
2023-10-31,E00228,0,0.0,0.0,2024-10-31T00:00:00Z
2023-11-30,E00228,0,0.0,0.0,2024-11-30T00:00:00Z
2023-12-31,E00228,0,0.0,0.0,2024-12-31T00:00:00Z
2024-01-31,E00228,0,0.0,0.0,2025-01-31T00:00:00Z
2024-02-29,E00228,0,0.0,0.0,2025-03-01T00:00:00Z
2024-03-31,E00228,0,0.0,0.0,2025-04-01T00:00:00Z
2024-04-30,E00228,0,0.0,0.0,2025-05-01T00:00:00Z
2024-05-31,E00228,0,0.0,0.0,2025-06-01T00:00:00Z
2024-06-30,E00228,0,0.0,0.0,2025-07-01T00:00:00Z
2024-07-31,E00228,0,0.0,0.0,2025-08-01T00:00:00Z
2024-08-31,E00228,0,0.0,0.0,2025-09-01T00:00:00Z
2024-09-30,E00228,0,0.0,0.0,2025-10-01T00:00:00Z
2024-10-31,E00228,0,0.0,0.0,2025-11-01T00:00:00Z
2024-11-30,E00228,0,0.0,0.0,2025-12-01T00:00:00Z
2024-12-31,E00228,0,0.0,0.0,2026-01-01T00:00:00Z
2025-01-31,E00228,0,0.0,0.0,2026-02-01T00:00:00Z
2025-02-28,E00228,0,0.0,0.0,2026-03-01T00:00:00Z
2025-03-31,E00228,0,0.0,0.0,2026-04-01T00:00:00Z
2025-04-30,E00228,0,0.0,0.0,2026-05-01T00:00:00Z
2025-05-31,E00228,0,0.0,0.0,2026-06-01T00:00:00Z
2025-06-30,E00228,0,0.0,0.0,2026-07-01T00:00:00Z
2023-07-31,E00229,0,0.0,0.0,2024-07-31T00:00:00Z
2023-08-31,E00229,0,0.0,0.0,2024-08-31T00:00:00Z
2023-09-30,E00229,0,0.0,0.0,2024-09-30T00:00:00Z
2023-10-31,E00229,0,0.0,0.0,2024-10-31T00:00:00Z
2023-11-30,E00229,0,0.0,0.0,2024-11-30T00:00:00Z
2023-12-31,E00229,0,0.0,0.0,2024-12-31T00:00:00Z
2024-01-31,E00229,0,0.0,0.0,2025-01-31T00:00:00Z
2024-02-29,E00229,0,0.0,0.0,2025-03-01T00:00:00Z
2024-03-31,E00229,0,0.0,0.0,2025-04-01T00:00:00Z
2024-04-30,E00229,0,0.0,0.0,2025-05-01T00:00:00Z
2024-05-31,E00229,0,0.0,0.0,2025-06-01T00:00:00Z
2024-06-30,E00229,0,0.0,0.0,2025-07-01T00:00:00Z
2024-07-31,E00229,0,0.0,0.0,2025-08-01T00:00:00Z
2024-08-31,E00229,0,0.0,0.0,2025-09-01T00:00:00Z
2024-09-30,E00229,0,0.0,0.0,2025-10-01T00:00:00Z
2024-10-31,E00229,0,0.0,0.0,2025-11-01T00:00:00Z
2024-11-30,E00229,0,0.0,0.0,2025-12-01T00:00:00Z
2024-12-31,E00229,0,0.0,0.0,2026-01-01T00:00:00Z
2025-01-31,E00229,0,0.0,0.0,2026-02-01T00:00:00Z
2025-02-28,E00229,0,0.0,0.0,2026-03-01T00:00:00Z
2025-03-31,E00229,0,0.0,0.0,2026-04-01T00:00:00Z
2025-04-30,E00229,0,0.0,0.0,2026-05-01T00:00:00Z
2025-05-31,E00229,0,0.0,0.0,2026-06-01T00:00:00Z
2025-06-30,E00229,0,0.0,0.0,2026-07-01T00:00:00Z
2023-07-31,E00230,0,0.0,0.0,2024-07-31T00:00:00Z
2023-08-31,E00230,0,0.0,0.0,2024-08-31T00:00:00Z
2023-09-30,E00230,0,0.0,0.0,2024-09-30T00:00:00Z
2023-10-31,E00230,0,0.0,0.0,2024-10-31T00:00:00Z
2023-11-30,E00230,0,0.0,0.0,2024-11-30T00:00:00Z
2023-12-31,E00230,0,0.0,0.0,2024-12-31T00:00:00Z
2024-01-31,E00230,0,0.0,0.0,2025-01-31T00:00:00Z
2024-02-29,E00230,0,0.0,0.0,2025-03-01T00:00:00Z
2024-03-31,E00230,0,0.0,0.0,2025-04-01T00:00:00Z
2024-04-30,E00230,0,0.0,0.0,2025-05-01T00:00:00Z
2024-05-31,E00230,0,0.0,0.0,2025-06-01T00:00:00Z
2024-06-30,E00230,0,0.0,0.0,2025-07-01T00:00:00Z
2024-07-31,E00230,0,0.0,0.0,2025-08-01T00:00:00Z
2024-08-31,E00230,0,0.0,0.0,2025-09-01T00:00:00Z
2024-09-30,E00230,0,0.0,0.0,2025-10-01T00:00:00Z
2024-10-31,E00230,0,0.0,0.0,2025-11-01T00:00:00Z
2024-11-30,E00230,0,0.0,0.0,2025-12-01T00:00:00Z
2024-12-31,E00230,0,0.0,0.0,2026-01-01T00:00:00Z
2025-01-31,E00230,0,0.0,0.0,2026-02-01T00:00:00Z
2025-02-28,E00230,0,0.0,0.0,2026-03-01T00:00:00Z
2025-03-31,E00230,0,0.0,0.0,2026-04-01T00:00:00Z
2025-04-30,E00230,0,0.0,0.0,2026-05-01T00:00:00Z
2025-05-31,E00230,0,0.0,0.0,2026-06-01T00:00:00Z
2025-06-30,E00230,0,0.0,0.0,2026-07-01T00:00:00Z
2023-07-31,E00231,0,0.0,0.0,2024-07-31T00:00:00Z
2023-08-31,E00231,0,0.0,0.0,2024-08-31T00:00:00Z
2023-09-30,E00231,0,0.0,0.0,2024-09-30T00:00:00Z
2023-10-31,E00231,0,0.0,0.0,2024-10-31T00:00:00Z
2023-11-30,E00231,0,0.0,0.0,2024-11-30T00:00:00Z
2023-12-31,E00231,0,0.0,0.0,2024-12-31T00:00:00Z
2024-01-31,E00231,0,0.0,0.0,2025-01-31T00:00:00Z
2024-02-29,E00231,0,0.0,0.0,2025-03-01T00:00:00Z
2024-03-31,E00231,0,0.0,0.0,2025-04-01T00:00:00Z
2024-04-30,E00231,0,0.0,0.0,2025-05-01T00:00:00Z
2024-05-31,E00231,0,0.0,0.0,2025-06-01T00:00:00Z
2024-06-30,E00231,0,0.0,0.0,2025-07-01T00:00:00Z
2024-07-31,E00231,0,0.0,0.0,2025-08-01T00:00:00Z
2024-08-31,E00231,0,0.0,0.0,2025-09-01T00:00:00Z
2024-09-30,E00231,0,0.0,0.0,2025-10-01T00:00:00Z
2024-10-31,E00231,0,0.0,0.0,2025-11-01T00:00:00Z
2024-11-30,E00231,0,0.0,0.0,2025-12-01T00:00:00Z
2024-12-31,E00231,0,0.0,0.0,2026-01-01T00:00:00Z
2025-01-31,E00231,0,0.0,0.0,2026-02-01T00:00:00Z
2025-02-28,E00231,0,0.0,0.0,2026-03-01T00:00:00Z
2025-03-31,E00231,1,0.2035,8542.96,2026-04-01T00:00:00Z
2025-04-30,E00231,1,0.0965,4050.75,2026-05-01T00:00:00Z
2025-05-31,E00231,1,0.3124,13114.35,2026-06-01T00:00:00Z
2025-06-30,E00231,1,0.2106,8842.66,2026-07-01T00:00:00Z
2023-07-31,E00232,0,0.0,0.0,2024-07-31T00:00:00Z
2023-08-31,E00232,0,0.0,0.0,2024-08-31T00:00:00Z
2023-09-30,E00232,0,0.0,0.0,2024-09-30T00:00:00Z
2023-10-31,E00232,0,0.0,0.0,2024-10-31T00:00:00Z
2023-11-30,E00232,0,0.0,0.0,2024-11-30T00:00:00Z
2023-12-31,E00232,0,0.0,0.0,2024-12-31T00:00:00Z
2024-01-31,E00232,0,0.0,0.0,2025-01-31T00:00:00Z
2024-02-29,E00232,0,0.0,0.0,2025-03-01T00:00:00Z
2024-03-31,E00232,0,0.0,0.0,2025-04-01T00:00:00Z
2024-04-30,E00232,0,0.0,0.0,2025-05-01T00:00:00Z
2024-05-31,E00232,0,0.0,0.0,2025-06-01T00:00:00Z
2024-06-30,E00232,0,0.0,0.0,2025-07-01T00:00:00Z
2024-07-31,E00232,0,0.0,0.0,2025-08-01T00:00:00Z
2024-08-31,E00232,0,0.0,0.0,2025-09-01T00:00:00Z
2024-09-30,E00232,0,0.0,0.0,2025-10-01T00:00:00Z
2024-10-31,E00232,0,0.0,0.0,2025-11-01T00:00:00Z
2024-11-30,E00232,0,0.0,0.0,2025-12-01T00:00:00Z
2024-12-31,E00232,0,0.0,0.0,2026-01-01T00:00:00Z
2025-01-31,E00232,0,0.0,0.0,2026-02-01T00:00:00Z
2025-02-28,E00232,0,0.0,0.0,2026-03-01T00:00:00Z
2025-03-31,E00232,0,0.0,0.0,2026-04-01T00:00:00Z
2025-04-30,E00232,0,0.0,0.0,2026-05-01T00:00:00Z
2025-05-31,E00232,0,0.0,0.0,2026-06-01T00:00:00Z
2025-06-30,E00232,0,0.0,0.0,2026-07-01T00:00:00Z
2023-07-31,E00233,0,0.0,0.0,2024-07-31T00:00:00Z
2023-08-31,E00233,0,0.0,0.0,2024-08-31T00:00:00Z
2023-09-30,E00233,0,0.0,0.0,2024-09-30T00:00:00Z
2023-10-31,E00233,0,0.0,0.0,2024-10-31T00:00:00Z
2023-11-30,E00233,0,0.0,0.0,2024-11-30T00:00:00Z
2023-12-31,E00233,0,0.0,0.0,2024-12-31T00:00:00Z
2024-01-31,E00233,0,0.0,0.0,2025-01-31T00:00:00Z
2024-02-29,E00233,0,0.0,0.0,2025-03-01T00:00:00Z
2024-03-31,E00233,0,0.0,0.0,2025-04-01T00:00:00Z
2024-04-30,E00233,0,0.0,0.0,2025-05-01T00:00:00Z
2024-05-31,E00233,0,0.0,0.0,2025-06-01T00:00:00Z
2024-06-30,E00233,0,0.0,0.0,2025-07-01T00:00:00Z
2024-07-31,E00233,0,0.0,0.0,2025-08-01T00:00:00Z
2024-08-31,E00233,0,0.0,0.0,2025-09-01T00:00:00Z
2024-09-30,E00233,0,0.0,0.0,2025-10-01T00:00:00Z
2024-10-31,E00233,0,0.0,0.0,2025-11-01T00:00:00Z
2024-11-30,E00233,0,0.0,0.0,2025-12-01T00:00:00Z
2024-12-31,E00233,0,0.0,0.0,2026-01-01T00:00:00Z
2025-01-31,E00233,0,0.0,0.0,2026-02-01T00:00:00Z
2025-02-28,E00233,0,0.0,0.0,2026-03-01T00:00:00Z
2025-03-31,E00233,0,0.0,0.0,2026-04-01T00:00:00Z
2025-04-30,E00233,1,0.0,0.0,2026-05-01T00:00:00Z
2025-05-31,E00233,1,0.174,31423.3,2026-06-01T00:00:00Z
2025-06-30,E00233,1,0.0474,8566.36,2026-07-01T00:00:00Z
2023-07-31,E00234,0,0.0,0.0,2024-07-31T00:00:00Z
2023-08-31,E00234,0,0.0,0.0,2024-08-31T00:00:00Z
2023-09-30,E00234,0,0.0,0.0,2024-09-30T00:00:00Z
2023-10-31,E00234,0,0.0,0.0,2024-10-31T00:00:00Z
2023-11-30,E00234,0,0.0,0.0,2024-11-30T00:00:00Z
2023-12-31,E00234,0,0.0,0.0,2024-12-31T00:00:00Z
2024-01-31,E00234,0,0.0,0.0,2025-01-31T00:00:00Z
2024-02-29,E00234,0,0.0,0.0,2025-03-01T00:00:00Z
2024-03-31,E00234,0,0.0,0.0,2025-04-01T00:00:00Z
2024-04-30,E00234,0,0.0,0.0,2025-05-01T00:00:00Z
2024-05-31,E00234,0,0.0,0.0,2025-06-01T00:00:00Z
2024-06-30,E00234,0,0.0,0.0,2025-07-01T00:00:00Z
2024-07-31,E00234,0,0.0,0.0,2025-08-01T00:00:00Z
2024-08-31,E00234,0,0.0,0.0,2025-09-01T00:00:00Z
2024-09-30,E00234,0,0.0,0.0,2025-10-01T00:00:00Z
2024-10-31,E00234,0,0.0,0.0,2025-11-01T00:00:00Z
2024-11-30,E00234,0,0.0,0.0,2025-12-01T00:00:00Z
2024-12-31,E00234,0,0.0,0.0,2026-01-01T00:00:00Z
2025-01-31,E00234,0,0.0,0.0,2026-02-01T00:00:00Z
2025-02-28,E00234,0,0.0,0.0,2026-03-01T00:00:00Z
2025-03-31,E00234,0,0.0,0.0,2026-04-01T00:00:00Z
2025-04-30,E00234,0,0.0,0.0,2026-05-01T00:00:00Z
2025-05-31,E00234,0,0.0,0.0,2026-06-01T00:00:00Z
2025-06-30,E00234,0,0.0,0.0,2026-07-01T00:00:00Z
2023-07-31,E00235,0,0.0,0.0,2024-07-31T00:00:00Z
2023-08-31,E00235,0,0.0,0.0,2024-08-31T00:00:00Z
2023-09-30,E00235,0,0.0,0.0,2024-09-30T00:00:00Z
2023-10-31,E00235,0,0.0,0.0,2024-10-31T00:00:00Z
2023-11-30,E00235,0,0.0,0.0,2024-11-30T00:00:00Z
2023-12-31,E00235,0,0.0,0.0,2024-12-31T00:00:00Z
2024-01-31,E00235,0,0.0,0.0,2025-01-31T00:00:00Z
2024-02-29,E00235,0,0.0,0.0,2025-03-01T00:00:00Z
2024-03-31,E00235,0,0.0,0.0,2025-04-01T00:00:00Z
2024-04-30,E00235,0,0.0,0.0,2025-05-01T00:00:00Z
2024-05-31,E00235,0,0.0,0.0,2025-06-01T00:00:00Z
2024-06-30,E00235,0,0.0,0.0,2025-07-01T00:00:00Z
2024-07-31,E00235,0,0.0,0.0,2025-08-01T00:00:00Z
2024-08-31,E00235,0,0.0,0.0,2025-09-01T00:00:00Z
2024-09-30,E00235,0,0.0,0.0,2025-10-01T00:00:00Z
2024-10-31,E00235,0,0.0,0.0,2025-11-01T00:00:00Z
2024-11-30,E00235,0,0.0,0.0,2025-12-01T00:00:00Z
2024-12-31,E00235,0,0.0,0.0,2026-01-01T00:00:00Z
2025-01-31,E00235,0,0.0,0.0,2026-02-01T00:00:00Z
2025-02-28,E00235,0,0.0,0.0,2026-03-01T00:00:00Z
2025-03-31,E00235,0,0.0,0.0,2026-04-01T00:00:00Z
2025-04-30,E00235,0,0.0,0.0,2026-05-01T00:00:00Z
2025-05-31,E00235,0,0.0,0.0,2026-06-01T00:00:00Z
2025-06-30,E00235,0,0.0,0.0,2026-07-01T00:00:00Z
2023-07-31,E00236,0,0.0,0.0,2024-07-31T00:00:00Z
2023-08-31,E00236,0,0.0,0.0,2024-08-31T00:00:00Z
2023-09-30,E00236,0,0.0,0.0,2024-09-30T00:00:00Z
2023-10-31,E00236,0,0.0,0.0,2024-10-31T00:00:00Z
2023-11-30,E00236,0,0.0,0.0,2024-11-30T00:00:00Z
2023-12-31,E00236,0,0.0,0.0,2024-12-31T00:00:00Z
2024-01-31,E00236,0,0.0,0.0,2025-01-31T00:00:00Z
2024-02-29,E00236,0,0.0,0.0,2025-03-01T00:00:00Z
2024-03-31,E00236,0,0.0,0.0,2025-04-01T00:00:00Z
2024-04-30,E00236,0,0.0,0.0,2025-05-01T00:00:00Z
2024-05-31,E00236,0,0.0,0.0,2025-06-01T00:00:00Z
2024-06-30,E00236,0,0.0,0.0,2025-07-01T00:00:00Z
2024-07-31,E00236,0,0.0,0.0,2025-08-01T00:00:00Z
2024-08-31,E00236,0,0.0,0.0,2025-09-01T00:00:00Z
2024-09-30,E00236,0,0.0,0.0,2025-10-01T00:00:00Z
2024-10-31,E00236,0,0.0,0.0,2025-11-01T00:00:00Z
2024-11-30,E00236,0,0.0,0.0,2025-12-01T00:00:00Z
2024-12-31,E00236,0,0.0,0.0,2026-01-01T00:00:00Z
2025-01-31,E00236,0,0.0,0.0,2026-02-01T00:00:00Z
2025-02-28,E00236,0,0.0,0.0,2026-03-01T00:00:00Z
2025-03-31,E00236,0,0.0,0.0,2026-04-01T00:00:00Z
2025-04-30,E00236,0,0.0,0.0,2026-05-01T00:00:00Z
2025-05-31,E00236,0,0.0,0.0,2026-06-01T00:00:00Z
2025-06-30,E00236,0,0.0,0.0,2026-07-01T00:00:00Z
2023-07-31,E00237,0,0.0,0.0,2024-07-31T00:00:00Z
2023-08-31,E00237,0,0.0,0.0,2024-08-31T00:00:00Z
2023-09-30,E00237,0,0.0,0.0,2024-09-30T00:00:00Z
2023-10-31,E00237,0,0.0,0.0,2024-10-31T00:00:00Z
2023-11-30,E00237,0,0.0,0.0,2024-11-30T00:00:00Z
2023-12-31,E00237,0,0.0,0.0,2024-12-31T00:00:00Z
2024-01-31,E00237,0,0.0,0.0,2025-01-31T00:00:00Z
2024-02-29,E00237,0,0.0,0.0,2025-03-01T00:00:00Z
2024-03-31,E00237,0,0.0,0.0,2025-04-01T00:00:00Z
2024-04-30,E00237,0,0.0,0.0,2025-05-01T00:00:00Z
2024-05-31,E00237,0,0.0,0.0,2025-06-01T00:00:00Z
2024-06-30,E00237,0,0.0,0.0,2025-07-01T00:00:00Z
2024-07-31,E00237,0,0.0,0.0,2025-08-01T00:00:00Z
2024-08-31,E00237,0,0.0,0.0,2025-09-01T00:00:00Z
2024-09-30,E00237,0,0.0,0.0,2025-10-01T00:00:00Z
2024-10-31,E00237,0,0.0,0.0,2025-11-01T00:00:00Z
2024-11-30,E00237,0,0.0,0.0,2025-12-01T00:00:00Z
2024-12-31,E00237,0,0.0,0.0,2026-01-01T00:00:00Z
2025-01-31,E00237,0,0.0,0.0,2026-02-01T00:00:00Z
2025-02-28,E00237,0,0.0,0.0,2026-03-01T00:00:00Z
2025-03-31,E00237,0,0.0,0.0,2026-04-01T00:00:00Z
2025-04-30,E00237,0,0.0,0.0,2026-05-01T00:00:00Z
2025-05-31,E00237,0,0.0,0.0,2026-06-01T00:00:00Z
2025-06-30,E00237,0,0.0,0.0,2026-07-01T00:00:00Z
2023-07-31,E00238,0,0.0,0.0,2024-07-31T00:00:00Z
2023-08-31,E00238,0,0.0,0.0,2024-08-31T00:00:00Z
2023-09-30,E00238,0,0.0,0.0,2024-09-30T00:00:00Z
2023-10-31,E00238,0,0.0,0.0,2024-10-31T00:00:00Z
2023-11-30,E00238,0,0.0,0.0,2024-11-30T00:00:00Z
2023-12-31,E00238,0,0.0,0.0,2024-12-31T00:00:00Z
2024-01-31,E00238,0,0.0,0.0,2025-01-31T00:00:00Z
2024-02-29,E00238,0,0.0,0.0,2025-03-01T00:00:00Z
2024-03-31,E00238,0,0.0,0.0,2025-04-01T00:00:00Z
2024-04-30,E00238,0,0.0,0.0,2025-05-01T00:00:00Z
2024-05-31,E00238,0,0.0,0.0,2025-06-01T00:00:00Z
2024-06-30,E00238,0,0.0,0.0,2025-07-01T00:00:00Z
2024-07-31,E00238,0,0.0,0.0,2025-08-01T00:00:00Z
2024-08-31,E00238,0,0.0,0.0,2025-09-01T00:00:00Z
2024-09-30,E00238,0,0.0,0.0,2025-10-01T00:00:00Z
2024-10-31,E00238,0,0.0,0.0,2025-11-01T00:00:00Z
2024-11-30,E00238,0,0.0,0.0,2025-12-01T00:00:00Z
2024-12-31,E00238,0,0.0,0.0,2026-01-01T00:00:00Z
2025-01-31,E00238,0,0.0,0.0,2026-02-01T00:00:00Z
2025-02-28,E00238,0,0.0,0.0,2026-03-01T00:00:00Z
2025-03-31,E00238,0,0.0,0.0,2026-04-01T00:00:00Z
2025-04-30,E00238,0,0.0,0.0,2026-05-01T00:00:00Z
2025-05-31,E00238,0,0.0,0.0,2026-06-01T00:00:00Z
2025-06-30,E00238,0,0.0,0.0,2026-07-01T00:00:00Z
2023-07-31,E00239,0,0.0,0.0,2024-07-31T00:00:00Z
2023-08-31,E00239,0,0.0,0.0,2024-08-31T00:00:00Z
2023-09-30,E00239,0,0.0,0.0,2024-09-30T00:00:00Z
2023-10-31,E00239,0,0.0,0.0,2024-10-31T00:00:00Z
2023-11-30,E00239,0,0.0,0.0,2024-11-30T00:00:00Z
2023-12-31,E00239,0,0.0,0.0,2024-12-31T00:00:00Z
2024-01-31,E00239,0,0.0,0.0,2025-01-31T00:00:00Z
2024-02-29,E00239,0,0.0,0.0,2025-03-01T00:00:00Z
2024-03-31,E00239,0,0.0,0.0,2025-04-01T00:00:00Z
2024-04-30,E00239,0,0.0,0.0,2025-05-01T00:00:00Z
2024-05-31,E00239,0,0.0,0.0,2025-06-01T00:00:00Z
2024-06-30,E00239,0,0.0,0.0,2025-07-01T00:00:00Z
2024-07-31,E00239,0,0.0,0.0,2025-08-01T00:00:00Z
2024-08-31,E00239,0,0.0,0.0,2025-09-01T00:00:00Z
2024-09-30,E00239,0,0.0,0.0,2025-10-01T00:00:00Z
2024-10-31,E00239,0,0.0,0.0,2025-11-01T00:00:00Z
2024-11-30,E00239,0,0.0,0.0,2025-12-01T00:00:00Z
2024-12-31,E00239,0,0.0,0.0,2026-01-01T00:00:00Z
2025-01-31,E00239,1,0.2028,7579.02,2026-02-01T00:00:00Z
2025-02-28,E00239,1,0.1526,5702.26,2026-03-01T00:00:00Z
2025-03-31,E00239,1,0.1214,4535.88,2026-04-01T00:00:00Z
2025-04-30,E00239,1,0.0904,3379.27,2026-05-01T00:00:00Z
2025-05-31,E00239,1,0.1939,7247.57,2026-06-01T00:00:00Z
2025-06-30,E00239,1,0.0841,3143.68,2026-07-01T00:00:00Z
2023-07-31,E00240,0,0.0,0.0,2024-07-31T00:00:00Z
2023-08-31,E00240,0,0.0,0.0,2024-08-31T00:00:00Z
2023-09-30,E00240,0,0.0,0.0,2024-09-30T00:00:00Z
2023-10-31,E00240,0,0.0,0.0,2024-10-31T00:00:00Z
2023-11-30,E00240,0,0.0,0.0,2024-11-30T00:00:00Z
2023-12-31,E00240,0,0.0,0.0,2024-12-31T00:00:00Z
2024-01-31,E00240,0,0.0,0.0,2025-01-31T00:00:00Z
2024-02-29,E00240,0,0.0,0.0,2025-03-01T00:00:00Z
2024-03-31,E00240,0,0.0,0.0,2025-04-01T00:00:00Z
2024-04-30,E00240,0,0.0,0.0,2025-05-01T00:00:00Z
2024-05-31,E00240,0,0.0,0.0,2025-06-01T00:00:00Z
2024-06-30,E00240,0,0.0,0.0,2025-07-01T00:00:00Z
2024-07-31,E00240,0,0.0,0.0,2025-08-01T00:00:00Z
2024-08-31,E00240,0,0.0,0.0,2025-09-01T00:00:00Z
2024-09-30,E00240,0,0.0,0.0,2025-10-01T00:00:00Z
2024-10-31,E00240,0,0.0,0.0,2025-11-01T00:00:00Z
2024-11-30,E00240,0,0.0,0.0,2025-12-01T00:00:00Z
2024-12-31,E00240,0,0.0,0.0,2026-01-01T00:00:00Z
2025-01-31,E00240,0,0.0,0.0,2026-02-01T00:00:00Z
2025-02-28,E00240,0,0.0,0.0,2026-03-01T00:00:00Z
2025-03-31,E00240,0,0.0,0.0,2026-04-01T00:00:00Z
2025-04-30,E00240,0,0.0,0.0,2026-05-01T00:00:00Z
2025-05-31,E00240,0,0.0,0.0,2026-06-01T00:00:00Z
2025-06-30,E00240,0,0.0,0.0,2026-07-01T00:00:00Z
2023-07-31,E00241,0,0.0,0.0,2024-07-31T00:00:00Z
2023-08-31,E00241,0,0.0,0.0,2024-08-31T00:00:00Z
2023-09-30,E00241,0,0.0,0.0,2024-09-30T00:00:00Z
2023-10-31,E00241,0,0.0,0.0,2024-10-31T00:00:00Z
2023-11-30,E00241,0,0.0,0.0,2024-11-30T00:00:00Z
2023-12-31,E00241,0,0.0,0.0,2024-12-31T00:00:00Z
2024-01-31,E00241,0,0.0,0.0,2025-01-31T00:00:00Z
2024-02-29,E00241,1,0.0,0.0,2025-03-01T00:00:00Z
2024-03-31,E00241,1,0.1053,22592.39,2025-04-01T00:00:00Z
2024-04-30,E00241,1,0.0,0.0,2025-05-01T00:00:00Z
2024-05-31,E00241,1,0.0809,17366.18,2025-06-01T00:00:00Z
2024-06-30,E00241,1,0.0,0.0,2025-07-01T00:00:00Z
2024-07-31,E00241,1,0.0423,9070.05,2025-08-01T00:00:00Z
2024-08-31,E00241,1,0.0992,21294.33,2025-09-01T00:00:00Z
2024-09-30,E00241,1,0.0,0.0,2025-10-01T00:00:00Z
2024-10-31,E00241,1,0.0034,721.89,2025-11-01T00:00:00Z
2024-11-30,E00241,1,0.0417,8950.09,2025-12-01T00:00:00Z
2024-12-31,E00241,1,0.0,0.0,2026-01-01T00:00:00Z
2025-01-31,E00241,1,0.0871,18680.18,2026-02-01T00:00:00Z
2025-02-28,E00241,0,0.0,0.0,2026-03-01T00:00:00Z
2025-03-31,E00241,0,0.0,0.0,2026-04-01T00:00:00Z
2025-04-30,E00241,0,0.0,0.0,2026-05-01T00:00:00Z
2025-05-31,E00241,0,0.0,0.0,2026-06-01T00:00:00Z
2025-06-30,E00241,0,0.0,0.0,2026-07-01T00:00:00Z
2023-07-31,E00242,0,0.0,0.0,2024-07-31T00:00:00Z
2023-08-31,E00242,0,0.0,0.0,2024-08-31T00:00:00Z
2023-09-30,E00242,0,0.0,0.0,2024-09-30T00:00:00Z
2023-10-31,E00242,0,0.0,0.0,2024-10-31T00:00:00Z
2023-11-30,E00242,0,0.0,0.0,2024-11-30T00:00:00Z
2023-12-31,E00242,0,0.0,0.0,2024-12-31T00:00:00Z
2024-01-31,E00242,0,0.0,0.0,2025-01-31T00:00:00Z
2024-02-29,E00242,0,0.0,0.0,2025-03-01T00:00:00Z
2024-03-31,E00242,0,0.0,0.0,2025-04-01T00:00:00Z
2024-04-30,E00242,0,0.0,0.0,2025-05-01T00:00:00Z
2024-05-31,E00242,0,0.0,0.0,2025-06-01T00:00:00Z
2024-06-30,E00242,0,0.0,0.0,2025-07-01T00:00:00Z
2024-07-31,E00242,0,0.0,0.0,2025-08-01T00:00:00Z
2024-08-31,E00242,0,0.0,0.0,2025-09-01T00:00:00Z
2024-09-30,E00242,0,0.0,0.0,2025-10-01T00:00:00Z
2024-10-31,E00242,0,0.0,0.0,2025-11-01T00:00:00Z
2024-11-30,E00242,0,0.0,0.0,2025-12-01T00:00:00Z
2024-12-31,E00242,0,0.0,0.0,2026-01-01T00:00:00Z
2025-01-31,E00242,0,0.0,0.0,2026-02-01T00:00:00Z
2025-02-28,E00242,0,0.0,0.0,2026-03-01T00:00:00Z
2025-03-31,E00242,0,0.0,0.0,2026-04-01T00:00:00Z
2025-04-30,E00242,0,0.0,0.0,2026-05-01T00:00:00Z
2025-05-31,E00242,0,0.0,0.0,2026-06-01T00:00:00Z
2025-06-30,E00242,0,0.0,0.0,2026-07-01T00:00:00Z
2023-07-31,E00243,1,0.1956,50385.45,2024-07-31T00:00:00Z
2023-08-31,E00243,1,0.2663,68598.03,2024-08-31T00:00:00Z
2023-09-30,E00243,1,0.1565,40307.07,2024-09-30T00:00:00Z
2023-10-31,E00243,1,0.0808,20820.05,2024-10-31T00:00:00Z
2023-11-30,E00243,1,0.0342,8820.67,2024-11-30T00:00:00Z
2023-12-31,E00243,1,0.0597,15387.22,2024-12-31T00:00:00Z
2024-01-31,E00243,1,0.1994,51362.15,2025-01-31T00:00:00Z
2024-02-29,E00243,1,0.0913,23510.83,2025-03-01T00:00:00Z
2024-03-31,E00243,1,0.1402,36119.55,2025-04-01T00:00:00Z
2024-04-30,E00243,1,0.1018,26229.51,2025-05-01T00:00:00Z
2024-05-31,E00243,1,0.1747,45003.17,2025-06-01T00:00:00Z
2024-06-30,E00243,0,0.0,0.0,2025-07-01T00:00:00Z
2024-07-31,E00243,0,0.0,0.0,2025-08-01T00:00:00Z
2024-08-31,E00243,0,0.0,0.0,2025-09-01T00:00:00Z
2024-09-30,E00243,0,0.0,0.0,2025-10-01T00:00:00Z
2024-10-31,E00243,0,0.0,0.0,2025-11-01T00:00:00Z
2024-11-30,E00243,0,0.0,0.0,2025-12-01T00:00:00Z
2024-12-31,E00243,0,0.0,0.0,2026-01-01T00:00:00Z
2025-01-31,E00243,0,0.0,0.0,2026-02-01T00:00:00Z
2025-02-28,E00243,0,0.0,0.0,2026-03-01T00:00:00Z
2025-03-31,E00243,0,0.0,0.0,2026-04-01T00:00:00Z
2025-04-30,E00243,0,0.0,0.0,2026-05-01T00:00:00Z
2025-05-31,E00243,0,0.0,0.0,2026-06-01T00:00:00Z
2025-06-30,E00243,0,0.0,0.0,2026-07-01T00:00:00Z
2023-07-31,E00244,0,0.0,0.0,2024-07-31T00:00:00Z
2023-08-31,E00244,0,0.0,0.0,2024-08-31T00:00:00Z
2023-09-30,E00244,0,0.0,0.0,2024-09-30T00:00:00Z
2023-10-31,E00244,0,0.0,0.0,2024-10-31T00:00:00Z
2023-11-30,E00244,0,0.0,0.0,2024-11-30T00:00:00Z
2023-12-31,E00244,0,0.0,0.0,2024-12-31T00:00:00Z
2024-01-31,E00244,0,0.0,0.0,2025-01-31T00:00:00Z
2024-02-29,E00244,0,0.0,0.0,2025-03-01T00:00:00Z
2024-03-31,E00244,0,0.0,0.0,2025-04-01T00:00:00Z
2024-04-30,E00244,0,0.0,0.0,2025-05-01T00:00:00Z
2024-05-31,E00244,0,0.0,0.0,2025-06-01T00:00:00Z
2024-06-30,E00244,0,0.0,0.0,2025-07-01T00:00:00Z
2024-07-31,E00244,0,0.0,0.0,2025-08-01T00:00:00Z
2024-08-31,E00244,0,0.0,0.0,2025-09-01T00:00:00Z
2024-09-30,E00244,0,0.0,0.0,2025-10-01T00:00:00Z
2024-10-31,E00244,0,0.0,0.0,2025-11-01T00:00:00Z
2024-11-30,E00244,0,0.0,0.0,2025-12-01T00:00:00Z
2024-12-31,E00244,0,0.0,0.0,2026-01-01T00:00:00Z
2025-01-31,E00244,0,0.0,0.0,2026-02-01T00:00:00Z
2025-02-28,E00244,0,0.0,0.0,2026-03-01T00:00:00Z
2025-03-31,E00244,0,0.0,0.0,2026-04-01T00:00:00Z
2025-04-30,E00244,0,0.0,0.0,2026-05-01T00:00:00Z
2025-05-31,E00244,0,0.0,0.0,2026-06-01T00:00:00Z
2025-06-30,E00244,0,0.0,0.0,2026-07-01T00:00:00Z
2023-07-31,E00245,0,0.0,0.0,2024-07-31T00:00:00Z
2023-08-31,E00245,0,0.0,0.0,2024-08-31T00:00:00Z
2023-09-30,E00245,0,0.0,0.0,2024-09-30T00:00:00Z
2023-10-31,E00245,0,0.0,0.0,2024-10-31T00:00:00Z
2023-11-30,E00245,0,0.0,0.0,2024-11-30T00:00:00Z
2023-12-31,E00245,0,0.0,0.0,2024-12-31T00:00:00Z
2024-01-31,E00245,0,0.0,0.0,2025-01-31T00:00:00Z
2024-02-29,E00245,0,0.0,0.0,2025-03-01T00:00:00Z
2024-03-31,E00245,0,0.0,0.0,2025-04-01T00:00:00Z
2024-04-30,E00245,0,0.0,0.0,2025-05-01T00:00:00Z
2024-05-31,E00245,0,0.0,0.0,2025-06-01T00:00:00Z
2024-06-30,E00245,0,0.0,0.0,2025-07-01T00:00:00Z
2024-07-31,E00245,0,0.0,0.0,2025-08-01T00:00:00Z
2024-08-31,E00245,0,0.0,0.0,2025-09-01T00:00:00Z
2024-09-30,E00245,0,0.0,0.0,2025-10-01T00:00:00Z
2024-10-31,E00245,0,0.0,0.0,2025-11-01T00:00:00Z
2024-11-30,E00245,0,0.0,0.0,2025-12-01T00:00:00Z
2024-12-31,E00245,0,0.0,0.0,2026-01-01T00:00:00Z
2025-01-31,E00245,0,0.0,0.0,2026-02-01T00:00:00Z
2025-02-28,E00245,0,0.0,0.0,2026-03-01T00:00:00Z
2025-03-31,E00245,0,0.0,0.0,2026-04-01T00:00:00Z
2025-04-30,E00245,0,0.0,0.0,2026-05-01T00:00:00Z
2025-05-31,E00245,0,0.0,0.0,2026-06-01T00:00:00Z
2025-06-30,E00245,0,0.0,0.0,2026-07-01T00:00:00Z
2023-07-31,E00246,0,0.0,0.0,2024-07-31T00:00:00Z
2023-08-31,E00246,0,0.0,0.0,2024-08-31T00:00:00Z
2023-09-30,E00246,0,0.0,0.0,2024-09-30T00:00:00Z
2023-10-31,E00246,0,0.0,0.0,2024-10-31T00:00:00Z
2023-11-30,E00246,0,0.0,0.0,2024-11-30T00:00:00Z
2023-12-31,E00246,0,0.0,0.0,2024-12-31T00:00:00Z
2024-01-31,E00246,0,0.0,0.0,2025-01-31T00:00:00Z
2024-02-29,E00246,0,0.0,0.0,2025-03-01T00:00:00Z
2024-03-31,E00246,0,0.0,0.0,2025-04-01T00:00:00Z
2024-04-30,E00246,0,0.0,0.0,2025-05-01T00:00:00Z
2024-05-31,E00246,0,0.0,0.0,2025-06-01T00:00:00Z
2024-06-30,E00246,0,0.0,0.0,2025-07-01T00:00:00Z
2024-07-31,E00246,0,0.0,0.0,2025-08-01T00:00:00Z
2024-08-31,E00246,0,0.0,0.0,2025-09-01T00:00:00Z
2024-09-30,E00246,0,0.0,0.0,2025-10-01T00:00:00Z
2024-10-31,E00246,0,0.0,0.0,2025-11-01T00:00:00Z
2024-11-30,E00246,0,0.0,0.0,2025-12-01T00:00:00Z
2024-12-31,E00246,0,0.0,0.0,2026-01-01T00:00:00Z
2025-01-31,E00246,0,0.0,0.0,2026-02-01T00:00:00Z
2025-02-28,E00246,0,0.0,0.0,2026-03-01T00:00:00Z
2025-03-31,E00246,0,0.0,0.0,2026-04-01T00:00:00Z
2025-04-30,E00246,0,0.0,0.0,2026-05-01T00:00:00Z
2025-05-31,E00246,0,0.0,0.0,2026-06-01T00:00:00Z
2025-06-30,E00246,0,0.0,0.0,2026-07-01T00:00:00Z
2023-07-31,E00247,0,0.0,0.0,2024-07-31T00:00:00Z
2023-08-31,E00247,0,0.0,0.0,2024-08-31T00:00:00Z
2023-09-30,E00247,0,0.0,0.0,2024-09-30T00:00:00Z
2023-10-31,E00247,0,0.0,0.0,2024-10-31T00:00:00Z
2023-11-30,E00247,0,0.0,0.0,2024-11-30T00:00:00Z
2023-12-31,E00247,0,0.0,0.0,2024-12-31T00:00:00Z
2024-01-31,E00247,0,0.0,0.0,2025-01-31T00:00:00Z
2024-02-29,E00247,0,0.0,0.0,2025-03-01T00:00:00Z
2024-03-31,E00247,0,0.0,0.0,2025-04-01T00:00:00Z
2024-04-30,E00247,0,0.0,0.0,2025-05-01T00:00:00Z
2024-05-31,E00247,0,0.0,0.0,2025-06-01T00:00:00Z
2024-06-30,E00247,0,0.0,0.0,2025-07-01T00:00:00Z
2024-07-31,E00247,0,0.0,0.0,2025-08-01T00:00:00Z
2024-08-31,E00247,0,0.0,0.0,2025-09-01T00:00:00Z
2024-09-30,E00247,0,0.0,0.0,2025-10-01T00:00:00Z
2024-10-31,E00247,0,0.0,0.0,2025-11-01T00:00:00Z
2024-11-30,E00247,0,0.0,0.0,2025-12-01T00:00:00Z
2024-12-31,E00247,0,0.0,0.0,2026-01-01T00:00:00Z
2025-01-31,E00247,0,0.0,0.0,2026-02-01T00:00:00Z
2025-02-28,E00247,0,0.0,0.0,2026-03-01T00:00:00Z
2025-03-31,E00247,0,0.0,0.0,2026-04-01T00:00:00Z
2025-04-30,E00247,0,0.0,0.0,2026-05-01T00:00:00Z
2025-05-31,E00247,0,0.0,0.0,2026-06-01T00:00:00Z
2025-06-30,E00247,0,0.0,0.0,2026-07-01T00:00:00Z
2023-07-31,E00248,0,0.0,0.0,2024-07-31T00:00:00Z
2023-08-31,E00248,0,0.0,0.0,2024-08-31T00:00:00Z
2023-09-30,E00248,0,0.0,0.0,2024-09-30T00:00:00Z
2023-10-31,E00248,0,0.0,0.0,2024-10-31T00:00:00Z
2023-11-30,E00248,0,0.0,0.0,2024-11-30T00:00:00Z
2023-12-31,E00248,0,0.0,0.0,2024-12-31T00:00:00Z
2024-01-31,E00248,0,0.0,0.0,2025-01-31T00:00:00Z
2024-02-29,E00248,0,0.0,0.0,2025-03-01T00:00:00Z
2024-03-31,E00248,0,0.0,0.0,2025-04-01T00:00:00Z
2024-04-30,E00248,0,0.0,0.0,2025-05-01T00:00:00Z
2024-05-31,E00248,0,0.0,0.0,2025-06-01T00:00:00Z
2024-06-30,E00248,0,0.0,0.0,2025-07-01T00:00:00Z
2024-07-31,E00248,0,0.0,0.0,2025-08-01T00:00:00Z
2024-08-31,E00248,0,0.0,0.0,2025-09-01T00:00:00Z
2024-09-30,E00248,0,0.0,0.0,2025-10-01T00:00:00Z
2024-10-31,E00248,0,0.0,0.0,2025-11-01T00:00:00Z
2024-11-30,E00248,0,0.0,0.0,2025-12-01T00:00:00Z
2024-12-31,E00248,0,0.0,0.0,2026-01-01T00:00:00Z
2025-01-31,E00248,0,0.0,0.0,2026-02-01T00:00:00Z
2025-02-28,E00248,0,0.0,0.0,2026-03-01T00:00:00Z
2025-03-31,E00248,0,0.0,0.0,2026-04-01T00:00:00Z
2025-04-30,E00248,0,0.0,0.0,2026-05-01T00:00:00Z
2025-05-31,E00248,0,0.0,0.0,2026-06-01T00:00:00Z
2025-06-30,E00248,0,0.0,0.0,2026-07-01T00:00:00Z
2023-07-31,E00249,0,0.0,0.0,2024-07-31T00:00:00Z
2023-08-31,E00249,0,0.0,0.0,2024-08-31T00:00:00Z
2023-09-30,E00249,0,0.0,0.0,2024-09-30T00:00:00Z
2023-10-31,E00249,0,0.0,0.0,2024-10-31T00:00:00Z
2023-11-30,E00249,0,0.0,0.0,2024-11-30T00:00:00Z
2023-12-31,E00249,0,0.0,0.0,2024-12-31T00:00:00Z
2024-01-31,E00249,0,0.0,0.0,2025-01-31T00:00:00Z
2024-02-29,E00249,0,0.0,0.0,2025-03-01T00:00:00Z
2024-03-31,E00249,0,0.0,0.0,2025-04-01T00:00:00Z
2024-04-30,E00249,0,0.0,0.0,2025-05-01T00:00:00Z
2024-05-31,E00249,0,0.0,0.0,2025-06-01T00:00:00Z
2024-06-30,E00249,0,0.0,0.0,2025-07-01T00:00:00Z
2024-07-31,E00249,0,0.0,0.0,2025-08-01T00:00:00Z
2024-08-31,E00249,0,0.0,0.0,2025-09-01T00:00:00Z
2024-09-30,E00249,0,0.0,0.0,2025-10-01T00:00:00Z
2024-10-31,E00249,0,0.0,0.0,2025-11-01T00:00:00Z
2024-11-30,E00249,0,0.0,0.0,2025-12-01T00:00:00Z
2024-12-31,E00249,0,0.0,0.0,2026-01-01T00:00:00Z
2025-01-31,E00249,0,0.0,0.0,2026-02-01T00:00:00Z
2025-02-28,E00249,0,0.0,0.0,2026-03-01T00:00:00Z
2025-03-31,E00249,0,0.0,0.0,2026-04-01T00:00:00Z
2025-04-30,E00249,0,0.0,0.0,2026-05-01T00:00:00Z
2025-05-31,E00249,0,0.0,0.0,2026-06-01T00:00:00Z
2025-06-30,E00249,0,0.0,0.0,2026-07-01T00:00:00Z
2023-07-31,E00250,0,0.0,0.0,2024-07-31T00:00:00Z
2023-08-31,E00250,0,0.0,0.0,2024-08-31T00:00:00Z
2023-09-30,E00250,1,0.0712,13201.38,2024-09-30T00:00:00Z
2023-10-31,E00250,1,0.1035,19195.23,2024-10-31T00:00:00Z
2023-11-30,E00250,1,0.0,0.0,2024-11-30T00:00:00Z
2023-12-31,E00250,1,0.0687,12744.0,2024-12-31T00:00:00Z
2024-01-31,E00250,1,0.1025,19006.83,2025-01-31T00:00:00Z
2024-02-29,E00250,1,0.1389,25760.92,2025-03-01T00:00:00Z
2024-03-31,E00250,1,0.0586,10869.37,2025-04-01T00:00:00Z
2024-04-30,E00250,1,0.0917,16999.24,2025-05-01T00:00:00Z
2024-05-31,E00250,1,0.0,0.0,2025-06-01T00:00:00Z
2024-06-30,E00250,1,0.13,24104.86,2025-07-01T00:00:00Z
2024-07-31,E00250,1,0.058,10749.54,2025-08-01T00:00:00Z
2024-08-31,E00250,1,0.0912,16903.39,2025-09-01T00:00:00Z
2024-09-30,E00250,0,0.0,0.0,2025-10-01T00:00:00Z
2024-10-31,E00250,0,0.0,0.0,2025-11-01T00:00:00Z
2024-11-30,E00250,0,0.0,0.0,2025-12-01T00:00:00Z
2024-12-31,E00250,0,0.0,0.0,2026-01-01T00:00:00Z
2025-01-31,E00250,0,0.0,0.0,2026-02-01T00:00:00Z
2025-02-28,E00250,0,0.0,0.0,2026-03-01T00:00:00Z
2025-03-31,E00250,0,0.0,0.0,2026-04-01T00:00:00Z
2025-04-30,E00250,0,0.0,0.0,2026-05-01T00:00:00Z
2025-05-31,E00250,0,0.0,0.0,2026-06-01T00:00:00Z
2025-06-30,E00250,0,0.0,0.0,2026-07-01T00:00:00Z
2023-07-31,E00251,0,0.0,0.0,2024-07-31T00:00:00Z
2023-08-31,E00251,0,0.0,0.0,2024-08-31T00:00:00Z
2023-09-30,E00251,0,0.0,0.0,2024-09-30T00:00:00Z
2023-10-31,E00251,0,0.0,0.0,2024-10-31T00:00:00Z
2023-11-30,E00251,0,0.0,0.0,2024-11-30T00:00:00Z
2023-12-31,E00251,0,0.0,0.0,2024-12-31T00:00:00Z
2024-01-31,E00251,0,0.0,0.0,2025-01-31T00:00:00Z
2024-02-29,E00251,0,0.0,0.0,2025-03-01T00:00:00Z
2024-03-31,E00251,0,0.0,0.0,2025-04-01T00:00:00Z
2024-04-30,E00251,0,0.0,0.0,2025-05-01T00:00:00Z
2024-05-31,E00251,0,0.0,0.0,2025-06-01T00:00:00Z
2024-06-30,E00251,0,0.0,0.0,2025-07-01T00:00:00Z
2024-07-31,E00251,0,0.0,0.0,2025-08-01T00:00:00Z
2024-08-31,E00251,0,0.0,0.0,2025-09-01T00:00:00Z
2024-09-30,E00251,0,0.0,0.0,2025-10-01T00:00:00Z
2024-10-31,E00251,0,0.0,0.0,2025-11-01T00:00:00Z
2024-11-30,E00251,0,0.0,0.0,2025-12-01T00:00:00Z
2024-12-31,E00251,0,0.0,0.0,2026-01-01T00:00:00Z
2025-01-31,E00251,0,0.0,0.0,2026-02-01T00:00:00Z
2025-02-28,E00251,0,0.0,0.0,2026-03-01T00:00:00Z
2025-03-31,E00251,0,0.0,0.0,2026-04-01T00:00:00Z
2025-04-30,E00251,0,0.0,0.0,2026-05-01T00:00:00Z
2025-05-31,E00251,0,0.0,0.0,2026-06-01T00:00:00Z
2025-06-30,E00251,0,0.0,0.0,2026-07-01T00:00:00Z
2023-07-31,E00252,0,0.0,0.0,2024-07-31T00:00:00Z
2023-08-31,E00252,0,0.0,0.0,2024-08-31T00:00:00Z
2023-09-30,E00252,0,0.0,0.0,2024-09-30T00:00:00Z
2023-10-31,E00252,0,0.0,0.0,2024-10-31T00:00:00Z
2023-11-30,E00252,0,0.0,0.0,2024-11-30T00:00:00Z
2023-12-31,E00252,0,0.0,0.0,2024-12-31T00:00:00Z
2024-01-31,E00252,0,0.0,0.0,2025-01-31T00:00:00Z
2024-02-29,E00252,0,0.0,0.0,2025-03-01T00:00:00Z
2024-03-31,E00252,0,0.0,0.0,2025-04-01T00:00:00Z
2024-04-30,E00252,0,0.0,0.0,2025-05-01T00:00:00Z
2024-05-31,E00252,0,0.0,0.0,2025-06-01T00:00:00Z
2024-06-30,E00252,0,0.0,0.0,2025-07-01T00:00:00Z
2024-07-31,E00252,0,0.0,0.0,2025-08-01T00:00:00Z
2024-08-31,E00252,0,0.0,0.0,2025-09-01T00:00:00Z
2024-09-30,E00252,0,0.0,0.0,2025-10-01T00:00:00Z
2024-10-31,E00252,0,0.0,0.0,2025-11-01T00:00:00Z
2024-11-30,E00252,0,0.0,0.0,2025-12-01T00:00:00Z
2024-12-31,E00252,0,0.0,0.0,2026-01-01T00:00:00Z
2025-01-31,E00252,0,0.0,0.0,2026-02-01T00:00:00Z
2025-02-28,E00252,0,0.0,0.0,2026-03-01T00:00:00Z
2025-03-31,E00252,0,0.0,0.0,2026-04-01T00:00:00Z
2025-04-30,E00252,0,0.0,0.0,2026-05-01T00:00:00Z
2025-05-31,E00252,0,0.0,0.0,2026-06-01T00:00:00Z
2025-06-30,E00252,0,0.0,0.0,2026-07-01T00:00:00Z
2023-07-31,E00253,1,0.2207,14023.26,2024-07-31T00:00:00Z
2023-08-31,E00253,1,0.1395,8863.47,2024-08-31T00:00:00Z
2023-09-30,E00253,1,0.2192,13925.82,2024-09-30T00:00:00Z
2023-10-31,E00253,1,0.0736,4673.25,2024-10-31T00:00:00Z
2023-11-30,E00253,1,0.1394,8853.27,2024-11-30T00:00:00Z
2023-12-31,E00253,1,0.1515,9624.56,2024-12-31T00:00:00Z
2024-01-31,E00253,1,0.1615,10262.56,2025-01-31T00:00:00Z
2024-02-29,E00253,1,0.1471,9345.18,2025-03-01T00:00:00Z
2024-03-31,E00253,1,0.179,11369.96,2025-04-01T00:00:00Z
2024-04-30,E00253,1,0.2571,16335.63,2025-05-01T00:00:00Z
2024-05-31,E00253,1,0.273,17341.4,2025-06-01T00:00:00Z
2024-06-30,E00253,0,0.0,0.0,2025-07-01T00:00:00Z
2024-07-31,E00253,0,0.0,0.0,2025-08-01T00:00:00Z
2024-08-31,E00253,0,0.0,0.0,2025-09-01T00:00:00Z
2024-09-30,E00253,0,0.0,0.0,2025-10-01T00:00:00Z
2024-10-31,E00253,0,0.0,0.0,2025-11-01T00:00:00Z
2024-11-30,E00253,0,0.0,0.0,2025-12-01T00:00:00Z
2024-12-31,E00253,0,0.0,0.0,2026-01-01T00:00:00Z
2025-01-31,E00253,0,0.0,0.0,2026-02-01T00:00:00Z
2025-02-28,E00253,0,0.0,0.0,2026-03-01T00:00:00Z
2025-03-31,E00253,0,0.0,0.0,2026-04-01T00:00:00Z
2025-04-30,E00253,0,0.0,0.0,2026-05-01T00:00:00Z
2025-05-31,E00253,1,0.2374,15092.82,2026-06-01T00:00:00Z
2025-06-30,E00253,1,0.1792,11389.61,2026-07-01T00:00:00Z
2023-07-31,E00254,0,0.0,0.0,2024-07-31T00:00:00Z
2023-08-31,E00254,0,0.0,0.0,2024-08-31T00:00:00Z
2023-09-30,E00254,0,0.0,0.0,2024-09-30T00:00:00Z
2023-10-31,E00254,0,0.0,0.0,2024-10-31T00:00:00Z
2023-11-30,E00254,0,0.0,0.0,2024-11-30T00:00:00Z
2023-12-31,E00254,0,0.0,0.0,2024-12-31T00:00:00Z
2024-01-31,E00254,0,0.0,0.0,2025-01-31T00:00:00Z
2024-02-29,E00254,0,0.0,0.0,2025-03-01T00:00:00Z
2024-03-31,E00254,0,0.0,0.0,2025-04-01T00:00:00Z
2024-04-30,E00254,0,0.0,0.0,2025-05-01T00:00:00Z
2024-05-31,E00254,0,0.0,0.0,2025-06-01T00:00:00Z
2024-06-30,E00254,0,0.0,0.0,2025-07-01T00:00:00Z
2024-07-31,E00254,0,0.0,0.0,2025-08-01T00:00:00Z
2024-08-31,E00254,0,0.0,0.0,2025-09-01T00:00:00Z
2024-09-30,E00254,0,0.0,0.0,2025-10-01T00:00:00Z
2024-10-31,E00254,0,0.0,0.0,2025-11-01T00:00:00Z
2024-11-30,E00254,0,0.0,0.0,2025-12-01T00:00:00Z
2024-12-31,E00254,0,0.0,0.0,2026-01-01T00:00:00Z
2025-01-31,E00254,0,0.0,0.0,2026-02-01T00:00:00Z
2025-02-28,E00254,0,0.0,0.0,2026-03-01T00:00:00Z
2025-03-31,E00254,0,0.0,0.0,2026-04-01T00:00:00Z
2025-04-30,E00254,0,0.0,0.0,2026-05-01T00:00:00Z
2025-05-31,E00254,0,0.0,0.0,2026-06-01T00:00:00Z
2025-06-30,E00254,0,0.0,0.0,2026-07-01T00:00:00Z
2023-07-31,E00255,0,0.0,0.0,2024-07-31T00:00:00Z
2023-08-31,E00255,0,0.0,0.0,2024-08-31T00:00:00Z
2023-09-30,E00255,0,0.0,0.0,2024-09-30T00:00:00Z
2023-10-31,E00255,0,0.0,0.0,2024-10-31T00:00:00Z
2023-11-30,E00255,0,0.0,0.0,2024-11-30T00:00:00Z
2023-12-31,E00255,0,0.0,0.0,2024-12-31T00:00:00Z
2024-01-31,E00255,0,0.0,0.0,2025-01-31T00:00:00Z
2024-02-29,E00255,0,0.0,0.0,2025-03-01T00:00:00Z
2024-03-31,E00255,0,0.0,0.0,2025-04-01T00:00:00Z
2024-04-30,E00255,0,0.0,0.0,2025-05-01T00:00:00Z
2024-05-31,E00255,0,0.0,0.0,2025-06-01T00:00:00Z
2024-06-30,E00255,0,0.0,0.0,2025-07-01T00:00:00Z
2024-07-31,E00255,0,0.0,0.0,2025-08-01T00:00:00Z
2024-08-31,E00255,0,0.0,0.0,2025-09-01T00:00:00Z
2024-09-30,E00255,0,0.0,0.0,2025-10-01T00:00:00Z
2024-10-31,E00255,0,0.0,0.0,2025-11-01T00:00:00Z
2024-11-30,E00255,0,0.0,0.0,2025-12-01T00:00:00Z
2024-12-31,E00255,0,0.0,0.0,2026-01-01T00:00:00Z
2025-01-31,E00255,0,0.0,0.0,2026-02-01T00:00:00Z
2025-02-28,E00255,0,0.0,0.0,2026-03-01T00:00:00Z
2025-03-31,E00255,0,0.0,0.0,2026-04-01T00:00:00Z
2025-04-30,E00255,0,0.0,0.0,2026-05-01T00:00:00Z
2025-05-31,E00255,0,0.0,0.0,2026-06-01T00:00:00Z
2025-06-30,E00255,0,0.0,0.0,2026-07-01T00:00:00Z
2023-07-31,E00256,0,0.0,0.0,2024-07-31T00:00:00Z
2023-08-31,E00256,0,0.0,0.0,2024-08-31T00:00:00Z
2023-09-30,E00256,0,0.0,0.0,2024-09-30T00:00:00Z
2023-10-31,E00256,0,0.0,0.0,2024-10-31T00:00:00Z
2023-11-30,E00256,0,0.0,0.0,2024-11-30T00:00:00Z
2023-12-31,E00256,0,0.0,0.0,2024-12-31T00:00:00Z
2024-01-31,E00256,0,0.0,0.0,2025-01-31T00:00:00Z
2024-02-29,E00256,0,0.0,0.0,2025-03-01T00:00:00Z
2024-03-31,E00256,0,0.0,0.0,2025-04-01T00:00:00Z
2024-04-30,E00256,0,0.0,0.0,2025-05-01T00:00:00Z
2024-05-31,E00256,0,0.0,0.0,2025-06-01T00:00:00Z
2024-06-30,E00256,0,0.0,0.0,2025-07-01T00:00:00Z
2024-07-31,E00256,0,0.0,0.0,2025-08-01T00:00:00Z
2024-08-31,E00256,0,0.0,0.0,2025-09-01T00:00:00Z
2024-09-30,E00256,0,0.0,0.0,2025-10-01T00:00:00Z
2024-10-31,E00256,0,0.0,0.0,2025-11-01T00:00:00Z
2024-11-30,E00256,0,0.0,0.0,2025-12-01T00:00:00Z
2024-12-31,E00256,0,0.0,0.0,2026-01-01T00:00:00Z
2025-01-31,E00256,0,0.0,0.0,2026-02-01T00:00:00Z
2025-02-28,E00256,0,0.0,0.0,2026-03-01T00:00:00Z
2025-03-31,E00256,0,0.0,0.0,2026-04-01T00:00:00Z
2025-04-30,E00256,0,0.0,0.0,2026-05-01T00:00:00Z
2025-05-31,E00256,0,0.0,0.0,2026-06-01T00:00:00Z
2025-06-30,E00256,0,0.0,0.0,2026-07-01T00:00:00Z
2023-07-31,E00257,0,0.0,0.0,2024-07-31T00:00:00Z
2023-08-31,E00257,0,0.0,0.0,2024-08-31T00:00:00Z
2023-09-30,E00257,0,0.0,0.0,2024-09-30T00:00:00Z
2023-10-31,E00257,0,0.0,0.0,2024-10-31T00:00:00Z
2023-11-30,E00257,0,0.0,0.0,2024-11-30T00:00:00Z
2023-12-31,E00257,0,0.0,0.0,2024-12-31T00:00:00Z
2024-01-31,E00257,0,0.0,0.0,2025-01-31T00:00:00Z
2024-02-29,E00257,0,0.0,0.0,2025-03-01T00:00:00Z
2024-03-31,E00257,0,0.0,0.0,2025-04-01T00:00:00Z
2024-04-30,E00257,0,0.0,0.0,2025-05-01T00:00:00Z
2024-05-31,E00257,0,0.0,0.0,2025-06-01T00:00:00Z
2024-06-30,E00257,0,0.0,0.0,2025-07-01T00:00:00Z
2024-07-31,E00257,0,0.0,0.0,2025-08-01T00:00:00Z
2024-08-31,E00257,0,0.0,0.0,2025-09-01T00:00:00Z
2024-09-30,E00257,0,0.0,0.0,2025-10-01T00:00:00Z
2024-10-31,E00257,0,0.0,0.0,2025-11-01T00:00:00Z
2024-11-30,E00257,0,0.0,0.0,2025-12-01T00:00:00Z
2024-12-31,E00257,0,0.0,0.0,2026-01-01T00:00:00Z
2025-01-31,E00257,0,0.0,0.0,2026-02-01T00:00:00Z
2025-02-28,E00257,0,0.0,0.0,2026-03-01T00:00:00Z
2025-03-31,E00257,0,0.0,0.0,2026-04-01T00:00:00Z
2025-04-30,E00257,0,0.0,0.0,2026-05-01T00:00:00Z
2025-05-31,E00257,0,0.0,0.0,2026-06-01T00:00:00Z
2025-06-30,E00257,0,0.0,0.0,2026-07-01T00:00:00Z
2023-07-31,E00258,0,0.0,0.0,2024-07-31T00:00:00Z
2023-08-31,E00258,0,0.0,0.0,2024-08-31T00:00:00Z
2023-09-30,E00258,0,0.0,0.0,2024-09-30T00:00:00Z
2023-10-31,E00258,0,0.0,0.0,2024-10-31T00:00:00Z
2023-11-30,E00258,0,0.0,0.0,2024-11-30T00:00:00Z
2023-12-31,E00258,0,0.0,0.0,2024-12-31T00:00:00Z
2024-01-31,E00258,0,0.0,0.0,2025-01-31T00:00:00Z
2024-02-29,E00258,0,0.0,0.0,2025-03-01T00:00:00Z
2024-03-31,E00258,0,0.0,0.0,2025-04-01T00:00:00Z
2024-04-30,E00258,0,0.0,0.0,2025-05-01T00:00:00Z
2024-05-31,E00258,1,0.133,8421.88,2025-06-01T00:00:00Z
2024-06-30,E00258,1,0.1118,7082.18,2025-07-01T00:00:00Z
2024-07-31,E00258,1,0.1344,8514.48,2025-08-01T00:00:00Z
2024-08-31,E00258,1,0.1553,9834.25,2025-09-01T00:00:00Z
2024-09-30,E00258,1,0.1893,11989.31,2025-10-01T00:00:00Z
2024-10-31,E00258,1,0.1616,10237.56,2025-11-01T00:00:00Z
2024-11-30,E00258,1,0.0896,5675.65,2025-12-01T00:00:00Z
2024-12-31,E00258,1,0.0891,5643.83,2026-01-01T00:00:00Z
2025-01-31,E00258,1,0.1576,9984.29,2026-02-01T00:00:00Z
2025-02-28,E00258,1,0.144,9117.05,2026-03-01T00:00:00Z
2025-03-31,E00258,1,0.2436,15426.64,2026-04-01T00:00:00Z
2025-04-30,E00258,1,0.1017,6438.27,2026-05-01T00:00:00Z
2025-05-31,E00258,0,0.0,0.0,2026-06-01T00:00:00Z
2025-06-30,E00258,0,0.0,0.0,2026-07-01T00:00:00Z
2023-07-31,E00259,0,0.0,0.0,2024-07-31T00:00:00Z
2023-08-31,E00259,0,0.0,0.0,2024-08-31T00:00:00Z
2023-09-30,E00259,0,0.0,0.0,2024-09-30T00:00:00Z
2023-10-31,E00259,0,0.0,0.0,2024-10-31T00:00:00Z
2023-11-30,E00259,0,0.0,0.0,2024-11-30T00:00:00Z
2023-12-31,E00259,0,0.0,0.0,2024-12-31T00:00:00Z
2024-01-31,E00259,0,0.0,0.0,2025-01-31T00:00:00Z
2024-02-29,E00259,0,0.0,0.0,2025-03-01T00:00:00Z
2024-03-31,E00259,0,0.0,0.0,2025-04-01T00:00:00Z
2024-04-30,E00259,0,0.0,0.0,2025-05-01T00:00:00Z
2024-05-31,E00259,0,0.0,0.0,2025-06-01T00:00:00Z
2024-06-30,E00259,0,0.0,0.0,2025-07-01T00:00:00Z
2024-07-31,E00259,0,0.0,0.0,2025-08-01T00:00:00Z
2024-08-31,E00259,0,0.0,0.0,2025-09-01T00:00:00Z
2024-09-30,E00259,0,0.0,0.0,2025-10-01T00:00:00Z
2024-10-31,E00259,0,0.0,0.0,2025-11-01T00:00:00Z
2024-11-30,E00259,0,0.0,0.0,2025-12-01T00:00:00Z
2024-12-31,E00259,0,0.0,0.0,2026-01-01T00:00:00Z
2025-01-31,E00259,0,0.0,0.0,2026-02-01T00:00:00Z
2025-02-28,E00259,0,0.0,0.0,2026-03-01T00:00:00Z
2025-03-31,E00259,0,0.0,0.0,2026-04-01T00:00:00Z
2025-04-30,E00259,0,0.0,0.0,2026-05-01T00:00:00Z
2025-05-31,E00259,0,0.0,0.0,2026-06-01T00:00:00Z
2025-06-30,E00259,0,0.0,0.0,2026-07-01T00:00:00Z
2023-07-31,E00260,1,0.0123,814.16,2024-07-31T00:00:00Z
2023-08-31,E00260,1,0.0,0.0,2024-08-31T00:00:00Z
2023-09-30,E00260,1,0.0,0.0,2024-09-30T00:00:00Z
2023-10-31,E00260,1,0.0203,1338.99,2024-10-31T00:00:00Z
2023-11-30,E00260,1,0.0232,1533.56,2024-11-30T00:00:00Z
2023-12-31,E00260,1,0.027,1785.33,2024-12-31T00:00:00Z
2024-01-31,E00260,1,0.0,0.0,2025-01-31T00:00:00Z
2024-02-29,E00260,0,0.0,0.0,2025-03-01T00:00:00Z
2024-03-31,E00260,0,0.0,0.0,2025-04-01T00:00:00Z
2024-04-30,E00260,0,0.0,0.0,2025-05-01T00:00:00Z
2024-05-31,E00260,0,0.0,0.0,2025-06-01T00:00:00Z
2024-06-30,E00260,0,0.0,0.0,2025-07-01T00:00:00Z
2024-07-31,E00260,0,0.0,0.0,2025-08-01T00:00:00Z
2024-08-31,E00260,0,0.0,0.0,2025-09-01T00:00:00Z
2024-09-30,E00260,0,0.0,0.0,2025-10-01T00:00:00Z
2024-10-31,E00260,0,0.0,0.0,2025-11-01T00:00:00Z
2024-11-30,E00260,0,0.0,0.0,2025-12-01T00:00:00Z
2024-12-31,E00260,0,0.0,0.0,2026-01-01T00:00:00Z
2025-01-31,E00260,0,0.0,0.0,2026-02-01T00:00:00Z
2025-02-28,E00260,0,0.0,0.0,2026-03-01T00:00:00Z
2025-03-31,E00260,0,0.0,0.0,2026-04-01T00:00:00Z
2025-04-30,E00260,0,0.0,0.0,2026-05-01T00:00:00Z
2025-05-31,E00260,0,0.0,0.0,2026-06-01T00:00:00Z
2025-06-30,E00260,0,0.0,0.0,2026-07-01T00:00:00Z
2023-07-31,E00261,0,0.0,0.0,2024-07-31T00:00:00Z
2023-08-31,E00261,0,0.0,0.0,2024-08-31T00:00:00Z
2023-09-30,E00261,0,0.0,0.0,2024-09-30T00:00:00Z
2023-10-31,E00261,1,0.1011,5815.27,2024-10-31T00:00:00Z
2023-11-30,E00261,1,0.0671,3857.26,2024-11-30T00:00:00Z
2023-12-31,E00261,1,0.1002,5763.42,2024-12-31T00:00:00Z
2024-01-31,E00261,1,0.0887,5097.16,2025-01-31T00:00:00Z
2024-02-29,E00261,1,0.1019,5858.47,2025-03-01T00:00:00Z
2024-03-31,E00261,1,0.0,0.0,2025-04-01T00:00:00Z
2024-04-30,E00261,1,0.0031,175.36,2025-05-01T00:00:00Z
2024-05-31,E00261,1,0.0127,732.16,2025-06-01T00:00:00Z
2024-06-30,E00261,1,0.0383,2201.43,2025-07-01T00:00:00Z
2024-07-31,E00261,1,0.0572,3286.34,2025-08-01T00:00:00Z
2024-08-31,E00261,1,0.1304,7497.66,2025-09-01T00:00:00Z
2024-09-30,E00261,1,0.0495,2843.98,2025-10-01T00:00:00Z
2024-10-31,E00261,0,0.0,0.0,2025-11-01T00:00:00Z
2024-11-30,E00261,0,0.0,0.0,2025-12-01T00:00:00Z
2024-12-31,E00261,0,0.0,0.0,2026-01-01T00:00:00Z
2025-01-31,E00261,0,0.0,0.0,2026-02-01T00:00:00Z
2025-02-28,E00261,0,0.0,0.0,2026-03-01T00:00:00Z
2025-03-31,E00261,0,0.0,0.0,2026-04-01T00:00:00Z
2025-04-30,E00261,0,0.0,0.0,2026-05-01T00:00:00Z
2025-05-31,E00261,0,0.0,0.0,2026-06-01T00:00:00Z
2025-06-30,E00261,0,0.0,0.0,2026-07-01T00:00:00Z
2023-07-31,E00262,0,0.0,0.0,2024-07-31T00:00:00Z
2023-08-31,E00262,0,0.0,0.0,2024-08-31T00:00:00Z
2023-09-30,E00262,0,0.0,0.0,2024-09-30T00:00:00Z
2023-10-31,E00262,0,0.0,0.0,2024-10-31T00:00:00Z
2023-11-30,E00262,0,0.0,0.0,2024-11-30T00:00:00Z
2023-12-31,E00262,0,0.0,0.0,2024-12-31T00:00:00Z
2024-01-31,E00262,0,0.0,0.0,2025-01-31T00:00:00Z
2024-02-29,E00262,0,0.0,0.0,2025-03-01T00:00:00Z
2024-03-31,E00262,0,0.0,0.0,2025-04-01T00:00:00Z
2024-04-30,E00262,0,0.0,0.0,2025-05-01T00:00:00Z
2024-05-31,E00262,0,0.0,0.0,2025-06-01T00:00:00Z
2024-06-30,E00262,0,0.0,0.0,2025-07-01T00:00:00Z
2024-07-31,E00262,0,0.0,0.0,2025-08-01T00:00:00Z
2024-08-31,E00262,0,0.0,0.0,2025-09-01T00:00:00Z
2024-09-30,E00262,0,0.0,0.0,2025-10-01T00:00:00Z
2024-10-31,E00262,0,0.0,0.0,2025-11-01T00:00:00Z
2024-11-30,E00262,0,0.0,0.0,2025-12-01T00:00:00Z
2024-12-31,E00262,0,0.0,0.0,2026-01-01T00:00:00Z
2025-01-31,E00262,0,0.0,0.0,2026-02-01T00:00:00Z
2025-02-28,E00262,0,0.0,0.0,2026-03-01T00:00:00Z
2025-03-31,E00262,0,0.0,0.0,2026-04-01T00:00:00Z
2025-04-30,E00262,0,0.0,0.0,2026-05-01T00:00:00Z
2025-05-31,E00262,1,0.4279,78817.31,2026-06-01T00:00:00Z
2025-06-30,E00262,1,0.3493,64348.56,2026-07-01T00:00:00Z
2023-07-31,E00263,0,0.0,0.0,2024-07-31T00:00:00Z
2023-08-31,E00263,0,0.0,0.0,2024-08-31T00:00:00Z
2023-09-30,E00263,0,0.0,0.0,2024-09-30T00:00:00Z
2023-10-31,E00263,0,0.0,0.0,2024-10-31T00:00:00Z
2023-11-30,E00263,0,0.0,0.0,2024-11-30T00:00:00Z
2023-12-31,E00263,0,0.0,0.0,2024-12-31T00:00:00Z
2024-01-31,E00263,0,0.0,0.0,2025-01-31T00:00:00Z
2024-02-29,E00263,0,0.0,0.0,2025-03-01T00:00:00Z
2024-03-31,E00263,0,0.0,0.0,2025-04-01T00:00:00Z
2024-04-30,E00263,0,0.0,0.0,2025-05-01T00:00:00Z
2024-05-31,E00263,0,0.0,0.0,2025-06-01T00:00:00Z
2024-06-30,E00263,0,0.0,0.0,2025-07-01T00:00:00Z
2024-07-31,E00263,0,0.0,0.0,2025-08-01T00:00:00Z
2024-08-31,E00263,0,0.0,0.0,2025-09-01T00:00:00Z
2024-09-30,E00263,0,0.0,0.0,2025-10-01T00:00:00Z
2024-10-31,E00263,0,0.0,0.0,2025-11-01T00:00:00Z
2024-11-30,E00263,0,0.0,0.0,2025-12-01T00:00:00Z
2024-12-31,E00263,0,0.0,0.0,2026-01-01T00:00:00Z
2025-01-31,E00263,0,0.0,0.0,2026-02-01T00:00:00Z
2025-02-28,E00263,0,0.0,0.0,2026-03-01T00:00:00Z
2025-03-31,E00263,0,0.0,0.0,2026-04-01T00:00:00Z
2025-04-30,E00263,0,0.0,0.0,2026-05-01T00:00:00Z
2025-05-31,E00263,0,0.0,0.0,2026-06-01T00:00:00Z
2025-06-30,E00263,0,0.0,0.0,2026-07-01T00:00:00Z
2023-07-31,E00264,0,0.0,0.0,2024-07-31T00:00:00Z
2023-08-31,E00264,0,0.0,0.0,2024-08-31T00:00:00Z
2023-09-30,E00264,0,0.0,0.0,2024-09-30T00:00:00Z
2023-10-31,E00264,0,0.0,0.0,2024-10-31T00:00:00Z
2023-11-30,E00264,0,0.0,0.0,2024-11-30T00:00:00Z
2023-12-31,E00264,0,0.0,0.0,2024-12-31T00:00:00Z
2024-01-31,E00264,0,0.0,0.0,2025-01-31T00:00:00Z
2024-02-29,E00264,0,0.0,0.0,2025-03-01T00:00:00Z
2024-03-31,E00264,0,0.0,0.0,2025-04-01T00:00:00Z
2024-04-30,E00264,0,0.0,0.0,2025-05-01T00:00:00Z
2024-05-31,E00264,0,0.0,0.0,2025-06-01T00:00:00Z
2024-06-30,E00264,0,0.0,0.0,2025-07-01T00:00:00Z
2024-07-31,E00264,0,0.0,0.0,2025-08-01T00:00:00Z
2024-08-31,E00264,0,0.0,0.0,2025-09-01T00:00:00Z
2024-09-30,E00264,0,0.0,0.0,2025-10-01T00:00:00Z
2024-10-31,E00264,0,0.0,0.0,2025-11-01T00:00:00Z
2024-11-30,E00264,0,0.0,0.0,2025-12-01T00:00:00Z
2024-12-31,E00264,0,0.0,0.0,2026-01-01T00:00:00Z
2025-01-31,E00264,0,0.0,0.0,2026-02-01T00:00:00Z
2025-02-28,E00264,0,0.0,0.0,2026-03-01T00:00:00Z
2025-03-31,E00264,0,0.0,0.0,2026-04-01T00:00:00Z
2025-04-30,E00264,0,0.0,0.0,2026-05-01T00:00:00Z
2025-05-31,E00264,0,0.0,0.0,2026-06-01T00:00:00Z
2025-06-30,E00264,0,0.0,0.0,2026-07-01T00:00:00Z
2023-07-31,E00265,0,0.0,0.0,2024-07-31T00:00:00Z
2023-08-31,E00265,0,0.0,0.0,2024-08-31T00:00:00Z
2023-09-30,E00265,0,0.0,0.0,2024-09-30T00:00:00Z
2023-10-31,E00265,0,0.0,0.0,2024-10-31T00:00:00Z
2023-11-30,E00265,0,0.0,0.0,2024-11-30T00:00:00Z
2023-12-31,E00265,0,0.0,0.0,2024-12-31T00:00:00Z
2024-01-31,E00265,0,0.0,0.0,2025-01-31T00:00:00Z
2024-02-29,E00265,0,0.0,0.0,2025-03-01T00:00:00Z
2024-03-31,E00265,0,0.0,0.0,2025-04-01T00:00:00Z
2024-04-30,E00265,0,0.0,0.0,2025-05-01T00:00:00Z
2024-05-31,E00265,0,0.0,0.0,2025-06-01T00:00:00Z
2024-06-30,E00265,0,0.0,0.0,2025-07-01T00:00:00Z
2024-07-31,E00265,0,0.0,0.0,2025-08-01T00:00:00Z
2024-08-31,E00265,0,0.0,0.0,2025-09-01T00:00:00Z
2024-09-30,E00265,0,0.0,0.0,2025-10-01T00:00:00Z
2024-10-31,E00265,0,0.0,0.0,2025-11-01T00:00:00Z
2024-11-30,E00265,0,0.0,0.0,2025-12-01T00:00:00Z
2024-12-31,E00265,0,0.0,0.0,2026-01-01T00:00:00Z
2025-01-31,E00265,0,0.0,0.0,2026-02-01T00:00:00Z
2025-02-28,E00265,0,0.0,0.0,2026-03-01T00:00:00Z
2025-03-31,E00265,0,0.0,0.0,2026-04-01T00:00:00Z
2025-04-30,E00265,0,0.0,0.0,2026-05-01T00:00:00Z
2025-05-31,E00265,0,0.0,0.0,2026-06-01T00:00:00Z
2025-06-30,E00265,0,0.0,0.0,2026-07-01T00:00:00Z
2023-07-31,E00266,0,0.0,0.0,2024-07-31T00:00:00Z
2023-08-31,E00266,0,0.0,0.0,2024-08-31T00:00:00Z
2023-09-30,E00266,0,0.0,0.0,2024-09-30T00:00:00Z
2023-10-31,E00266,0,0.0,0.0,2024-10-31T00:00:00Z
2023-11-30,E00266,0,0.0,0.0,2024-11-30T00:00:00Z
2023-12-31,E00266,0,0.0,0.0,2024-12-31T00:00:00Z
2024-01-31,E00266,0,0.0,0.0,2025-01-31T00:00:00Z
2024-02-29,E00266,0,0.0,0.0,2025-03-01T00:00:00Z
2024-03-31,E00266,0,0.0,0.0,2025-04-01T00:00:00Z
2024-04-30,E00266,0,0.0,0.0,2025-05-01T00:00:00Z
2024-05-31,E00266,0,0.0,0.0,2025-06-01T00:00:00Z
2024-06-30,E00266,0,0.0,0.0,2025-07-01T00:00:00Z
2024-07-31,E00266,0,0.0,0.0,2025-08-01T00:00:00Z
2024-08-31,E00266,0,0.0,0.0,2025-09-01T00:00:00Z
2024-09-30,E00266,0,0.0,0.0,2025-10-01T00:00:00Z
2024-10-31,E00266,0,0.0,0.0,2025-11-01T00:00:00Z
2024-11-30,E00266,0,0.0,0.0,2025-12-01T00:00:00Z
2024-12-31,E00266,0,0.0,0.0,2026-01-01T00:00:00Z
2025-01-31,E00266,0,0.0,0.0,2026-02-01T00:00:00Z
2025-02-28,E00266,0,0.0,0.0,2026-03-01T00:00:00Z
2025-03-31,E00266,0,0.0,0.0,2026-04-01T00:00:00Z
2025-04-30,E00266,0,0.0,0.0,2026-05-01T00:00:00Z
2025-05-31,E00266,0,0.0,0.0,2026-06-01T00:00:00Z
2025-06-30,E00266,0,0.0,0.0,2026-07-01T00:00:00Z
2023-07-31,E00267,0,0.0,0.0,2024-07-31T00:00:00Z
2023-08-31,E00267,0,0.0,0.0,2024-08-31T00:00:00Z
2023-09-30,E00267,0,0.0,0.0,2024-09-30T00:00:00Z
2023-10-31,E00267,0,0.0,0.0,2024-10-31T00:00:00Z
2023-11-30,E00267,0,0.0,0.0,2024-11-30T00:00:00Z
2023-12-31,E00267,0,0.0,0.0,2024-12-31T00:00:00Z
2024-01-31,E00267,0,0.0,0.0,2025-01-31T00:00:00Z
2024-02-29,E00267,0,0.0,0.0,2025-03-01T00:00:00Z
2024-03-31,E00267,0,0.0,0.0,2025-04-01T00:00:00Z
2024-04-30,E00267,0,0.0,0.0,2025-05-01T00:00:00Z
2024-05-31,E00267,0,0.0,0.0,2025-06-01T00:00:00Z
2024-06-30,E00267,0,0.0,0.0,2025-07-01T00:00:00Z
2024-07-31,E00267,0,0.0,0.0,2025-08-01T00:00:00Z
2024-08-31,E00267,0,0.0,0.0,2025-09-01T00:00:00Z
2024-09-30,E00267,0,0.0,0.0,2025-10-01T00:00:00Z
2024-10-31,E00267,0,0.0,0.0,2025-11-01T00:00:00Z
2024-11-30,E00267,0,0.0,0.0,2025-12-01T00:00:00Z
2024-12-31,E00267,0,0.0,0.0,2026-01-01T00:00:00Z
2025-01-31,E00267,0,0.0,0.0,2026-02-01T00:00:00Z
2025-02-28,E00267,0,0.0,0.0,2026-03-01T00:00:00Z
2025-03-31,E00267,0,0.0,0.0,2026-04-01T00:00:00Z
2025-04-30,E00267,0,0.0,0.0,2026-05-01T00:00:00Z
2025-05-31,E00267,0,0.0,0.0,2026-06-01T00:00:00Z
2025-06-30,E00267,0,0.0,0.0,2026-07-01T00:00:00Z
2023-07-31,E00268,0,0.0,0.0,2024-07-31T00:00:00Z
2023-08-31,E00268,0,0.0,0.0,2024-08-31T00:00:00Z
2023-09-30,E00268,0,0.0,0.0,2024-09-30T00:00:00Z
2023-10-31,E00268,0,0.0,0.0,2024-10-31T00:00:00Z
2023-11-30,E00268,0,0.0,0.0,2024-11-30T00:00:00Z
2023-12-31,E00268,0,0.0,0.0,2024-12-31T00:00:00Z
2024-01-31,E00268,0,0.0,0.0,2025-01-31T00:00:00Z
2024-02-29,E00268,0,0.0,0.0,2025-03-01T00:00:00Z
2024-03-31,E00268,0,0.0,0.0,2025-04-01T00:00:00Z
2024-04-30,E00268,0,0.0,0.0,2025-05-01T00:00:00Z
2024-05-31,E00268,0,0.0,0.0,2025-06-01T00:00:00Z
2024-06-30,E00268,0,0.0,0.0,2025-07-01T00:00:00Z
2024-07-31,E00268,0,0.0,0.0,2025-08-01T00:00:00Z
2024-08-31,E00268,0,0.0,0.0,2025-09-01T00:00:00Z
2024-09-30,E00268,0,0.0,0.0,2025-10-01T00:00:00Z
2024-10-31,E00268,0,0.0,0.0,2025-11-01T00:00:00Z
2024-11-30,E00268,0,0.0,0.0,2025-12-01T00:00:00Z
2024-12-31,E00268,0,0.0,0.0,2026-01-01T00:00:00Z
2025-01-31,E00268,0,0.0,0.0,2026-02-01T00:00:00Z
2025-02-28,E00268,0,0.0,0.0,2026-03-01T00:00:00Z
2025-03-31,E00268,0,0.0,0.0,2026-04-01T00:00:00Z
2025-04-30,E00268,0,0.0,0.0,2026-05-01T00:00:00Z
2025-05-31,E00268,0,0.0,0.0,2026-06-01T00:00:00Z
2025-06-30,E00268,0,0.0,0.0,2026-07-01T00:00:00Z
2023-07-31,E00269,0,0.0,0.0,2024-07-31T00:00:00Z
2023-08-31,E00269,0,0.0,0.0,2024-08-31T00:00:00Z
2023-09-30,E00269,0,0.0,0.0,2024-09-30T00:00:00Z
2023-10-31,E00269,0,0.0,0.0,2024-10-31T00:00:00Z
2023-11-30,E00269,0,0.0,0.0,2024-11-30T00:00:00Z
2023-12-31,E00269,0,0.0,0.0,2024-12-31T00:00:00Z
2024-01-31,E00269,0,0.0,0.0,2025-01-31T00:00:00Z
2024-02-29,E00269,0,0.0,0.0,2025-03-01T00:00:00Z
2024-03-31,E00269,0,0.0,0.0,2025-04-01T00:00:00Z
2024-04-30,E00269,0,0.0,0.0,2025-05-01T00:00:00Z
2024-05-31,E00269,0,0.0,0.0,2025-06-01T00:00:00Z
2024-06-30,E00269,0,0.0,0.0,2025-07-01T00:00:00Z
2024-07-31,E00269,0,0.0,0.0,2025-08-01T00:00:00Z
2024-08-31,E00269,0,0.0,0.0,2025-09-01T00:00:00Z
2024-09-30,E00269,0,0.0,0.0,2025-10-01T00:00:00Z
2024-10-31,E00269,0,0.0,0.0,2025-11-01T00:00:00Z
2024-11-30,E00269,0,0.0,0.0,2025-12-01T00:00:00Z
2024-12-31,E00269,0,0.0,0.0,2026-01-01T00:00:00Z
2025-01-31,E00269,0,0.0,0.0,2026-02-01T00:00:00Z
2025-02-28,E00269,0,0.0,0.0,2026-03-01T00:00:00Z
2025-03-31,E00269,0,0.0,0.0,2026-04-01T00:00:00Z
2025-04-30,E00269,0,0.0,0.0,2026-05-01T00:00:00Z
2025-05-31,E00269,0,0.0,0.0,2026-06-01T00:00:00Z
2025-06-30,E00269,0,0.0,0.0,2026-07-01T00:00:00Z
2023-07-31,E00270,0,0.0,0.0,2024-07-31T00:00:00Z
2023-08-31,E00270,0,0.0,0.0,2024-08-31T00:00:00Z
2023-09-30,E00270,0,0.0,0.0,2024-09-30T00:00:00Z
2023-10-31,E00270,0,0.0,0.0,2024-10-31T00:00:00Z
2023-11-30,E00270,0,0.0,0.0,2024-11-30T00:00:00Z
2023-12-31,E00270,0,0.0,0.0,2024-12-31T00:00:00Z
2024-01-31,E00270,0,0.0,0.0,2025-01-31T00:00:00Z
2024-02-29,E00270,0,0.0,0.0,2025-03-01T00:00:00Z
2024-03-31,E00270,0,0.0,0.0,2025-04-01T00:00:00Z
2024-04-30,E00270,0,0.0,0.0,2025-05-01T00:00:00Z
2024-05-31,E00270,0,0.0,0.0,2025-06-01T00:00:00Z
2024-06-30,E00270,0,0.0,0.0,2025-07-01T00:00:00Z
2024-07-31,E00270,0,0.0,0.0,2025-08-01T00:00:00Z
2024-08-31,E00270,0,0.0,0.0,2025-09-01T00:00:00Z
2024-09-30,E00270,0,0.0,0.0,2025-10-01T00:00:00Z
2024-10-31,E00270,0,0.0,0.0,2025-11-01T00:00:00Z
2024-11-30,E00270,0,0.0,0.0,2025-12-01T00:00:00Z
2024-12-31,E00270,0,0.0,0.0,2026-01-01T00:00:00Z
2025-01-31,E00270,0,0.0,0.0,2026-02-01T00:00:00Z
2025-02-28,E00270,0,0.0,0.0,2026-03-01T00:00:00Z
2025-03-31,E00270,0,0.0,0.0,2026-04-01T00:00:00Z
2025-04-30,E00270,0,0.0,0.0,2026-05-01T00:00:00Z
2025-05-31,E00270,0,0.0,0.0,2026-06-01T00:00:00Z
2025-06-30,E00270,0,0.0,0.0,2026-07-01T00:00:00Z
2023-07-31,E00271,0,0.0,0.0,2024-07-31T00:00:00Z
2023-08-31,E00271,0,0.0,0.0,2024-08-31T00:00:00Z
2023-09-30,E00271,0,0.0,0.0,2024-09-30T00:00:00Z
2023-10-31,E00271,0,0.0,0.0,2024-10-31T00:00:00Z
2023-11-30,E00271,0,0.0,0.0,2024-11-30T00:00:00Z
2023-12-31,E00271,0,0.0,0.0,2024-12-31T00:00:00Z
2024-01-31,E00271,0,0.0,0.0,2025-01-31T00:00:00Z
2024-02-29,E00271,0,0.0,0.0,2025-03-01T00:00:00Z
2024-03-31,E00271,0,0.0,0.0,2025-04-01T00:00:00Z
2024-04-30,E00271,0,0.0,0.0,2025-05-01T00:00:00Z
2024-05-31,E00271,0,0.0,0.0,2025-06-01T00:00:00Z
2024-06-30,E00271,0,0.0,0.0,2025-07-01T00:00:00Z
2024-07-31,E00271,0,0.0,0.0,2025-08-01T00:00:00Z
2024-08-31,E00271,0,0.0,0.0,2025-09-01T00:00:00Z
2024-09-30,E00271,0,0.0,0.0,2025-10-01T00:00:00Z
2024-10-31,E00271,0,0.0,0.0,2025-11-01T00:00:00Z
2024-11-30,E00271,0,0.0,0.0,2025-12-01T00:00:00Z
2024-12-31,E00271,0,0.0,0.0,2026-01-01T00:00:00Z
2025-01-31,E00271,0,0.0,0.0,2026-02-01T00:00:00Z
2025-02-28,E00271,0,0.0,0.0,2026-03-01T00:00:00Z
2025-03-31,E00271,0,0.0,0.0,2026-04-01T00:00:00Z
2025-04-30,E00271,0,0.0,0.0,2026-05-01T00:00:00Z
2025-05-31,E00271,0,0.0,0.0,2026-06-01T00:00:00Z
2025-06-30,E00271,0,0.0,0.0,2026-07-01T00:00:00Z
2023-07-31,E00272,0,0.0,0.0,2024-07-31T00:00:00Z
2023-08-31,E00272,0,0.0,0.0,2024-08-31T00:00:00Z
2023-09-30,E00272,0,0.0,0.0,2024-09-30T00:00:00Z
2023-10-31,E00272,0,0.0,0.0,2024-10-31T00:00:00Z
2023-11-30,E00272,0,0.0,0.0,2024-11-30T00:00:00Z
2023-12-31,E00272,0,0.0,0.0,2024-12-31T00:00:00Z
2024-01-31,E00272,0,0.0,0.0,2025-01-31T00:00:00Z
2024-02-29,E00272,0,0.0,0.0,2025-03-01T00:00:00Z
2024-03-31,E00272,0,0.0,0.0,2025-04-01T00:00:00Z
2024-04-30,E00272,0,0.0,0.0,2025-05-01T00:00:00Z
2024-05-31,E00272,0,0.0,0.0,2025-06-01T00:00:00Z
2024-06-30,E00272,0,0.0,0.0,2025-07-01T00:00:00Z
2024-07-31,E00272,0,0.0,0.0,2025-08-01T00:00:00Z
2024-08-31,E00272,0,0.0,0.0,2025-09-01T00:00:00Z
2024-09-30,E00272,0,0.0,0.0,2025-10-01T00:00:00Z
2024-10-31,E00272,0,0.0,0.0,2025-11-01T00:00:00Z
2024-11-30,E00272,0,0.0,0.0,2025-12-01T00:00:00Z
2024-12-31,E00272,0,0.0,0.0,2026-01-01T00:00:00Z
2025-01-31,E00272,0,0.0,0.0,2026-02-01T00:00:00Z
2025-02-28,E00272,0,0.0,0.0,2026-03-01T00:00:00Z
2025-03-31,E00272,0,0.0,0.0,2026-04-01T00:00:00Z
2025-04-30,E00272,0,0.0,0.0,2026-05-01T00:00:00Z
2025-05-31,E00272,0,0.0,0.0,2026-06-01T00:00:00Z
2025-06-30,E00272,0,0.0,0.0,2026-07-01T00:00:00Z
2023-07-31,E00273,0,0.0,0.0,2024-07-31T00:00:00Z
2023-08-31,E00273,0,0.0,0.0,2024-08-31T00:00:00Z
2023-09-30,E00273,0,0.0,0.0,2024-09-30T00:00:00Z
2023-10-31,E00273,0,0.0,0.0,2024-10-31T00:00:00Z
2023-11-30,E00273,0,0.0,0.0,2024-11-30T00:00:00Z
2023-12-31,E00273,0,0.0,0.0,2024-12-31T00:00:00Z
2024-01-31,E00273,0,0.0,0.0,2025-01-31T00:00:00Z
2024-02-29,E00273,0,0.0,0.0,2025-03-01T00:00:00Z
2024-03-31,E00273,0,0.0,0.0,2025-04-01T00:00:00Z
2024-04-30,E00273,0,0.0,0.0,2025-05-01T00:00:00Z
2024-05-31,E00273,0,0.0,0.0,2025-06-01T00:00:00Z
2024-06-30,E00273,0,0.0,0.0,2025-07-01T00:00:00Z
2024-07-31,E00273,0,0.0,0.0,2025-08-01T00:00:00Z
2024-08-31,E00273,0,0.0,0.0,2025-09-01T00:00:00Z
2024-09-30,E00273,0,0.0,0.0,2025-10-01T00:00:00Z
2024-10-31,E00273,0,0.0,0.0,2025-11-01T00:00:00Z
2024-11-30,E00273,0,0.0,0.0,2025-12-01T00:00:00Z
2024-12-31,E00273,0,0.0,0.0,2026-01-01T00:00:00Z
2025-01-31,E00273,0,0.0,0.0,2026-02-01T00:00:00Z
2025-02-28,E00273,0,0.0,0.0,2026-03-01T00:00:00Z
2025-03-31,E00273,0,0.0,0.0,2026-04-01T00:00:00Z
2025-04-30,E00273,0,0.0,0.0,2026-05-01T00:00:00Z
2025-05-31,E00273,0,0.0,0.0,2026-06-01T00:00:00Z
2025-06-30,E00273,0,0.0,0.0,2026-07-01T00:00:00Z
2023-07-31,E00274,0,0.0,0.0,2024-07-31T00:00:00Z
2023-08-31,E00274,0,0.0,0.0,2024-08-31T00:00:00Z
2023-09-30,E00274,0,0.0,0.0,2024-09-30T00:00:00Z
2023-10-31,E00274,0,0.0,0.0,2024-10-31T00:00:00Z
2023-11-30,E00274,0,0.0,0.0,2024-11-30T00:00:00Z
2023-12-31,E00274,0,0.0,0.0,2024-12-31T00:00:00Z
2024-01-31,E00274,0,0.0,0.0,2025-01-31T00:00:00Z
2024-02-29,E00274,0,0.0,0.0,2025-03-01T00:00:00Z
2024-03-31,E00274,0,0.0,0.0,2025-04-01T00:00:00Z
2024-04-30,E00274,0,0.0,0.0,2025-05-01T00:00:00Z
2024-05-31,E00274,0,0.0,0.0,2025-06-01T00:00:00Z
2024-06-30,E00274,0,0.0,0.0,2025-07-01T00:00:00Z
2024-07-31,E00274,0,0.0,0.0,2025-08-01T00:00:00Z
2024-08-31,E00274,1,0.2064,36597.53,2025-09-01T00:00:00Z
2024-09-30,E00274,1,0.1822,32294.07,2025-10-01T00:00:00Z
2024-10-31,E00274,1,0.2105,37325.27,2025-11-01T00:00:00Z
2024-11-30,E00274,1,0.1735,30760.39,2025-12-01T00:00:00Z
2024-12-31,E00274,1,0.3148,55815.08,2026-01-01T00:00:00Z
2025-01-31,E00274,1,0.2031,36006.58,2026-02-01T00:00:00Z
2025-02-28,E00274,1,0.0991,17577.46,2026-03-01T00:00:00Z
2025-03-31,E00274,1,0.2038,36131.99,2026-04-01T00:00:00Z
2025-04-30,E00274,1,0.1579,28001.06,2026-05-01T00:00:00Z
2025-05-31,E00274,1,0.2157,38250.1,2026-06-01T00:00:00Z
2025-06-30,E00274,1,0.2239,39697.85,2026-07-01T00:00:00Z
2023-07-31,E00275,0,0.0,0.0,2024-07-31T00:00:00Z
2023-08-31,E00275,0,0.0,0.0,2024-08-31T00:00:00Z
2023-09-30,E00275,0,0.0,0.0,2024-09-30T00:00:00Z
2023-10-31,E00275,0,0.0,0.0,2024-10-31T00:00:00Z
2023-11-30,E00275,0,0.0,0.0,2024-11-30T00:00:00Z
2023-12-31,E00275,0,0.0,0.0,2024-12-31T00:00:00Z
2024-01-31,E00275,0,0.0,0.0,2025-01-31T00:00:00Z
2024-02-29,E00275,0,0.0,0.0,2025-03-01T00:00:00Z
2024-03-31,E00275,0,0.0,0.0,2025-04-01T00:00:00Z
2024-04-30,E00275,0,0.0,0.0,2025-05-01T00:00:00Z
2024-05-31,E00275,0,0.0,0.0,2025-06-01T00:00:00Z
2024-06-30,E00275,0,0.0,0.0,2025-07-01T00:00:00Z
2024-07-31,E00275,0,0.0,0.0,2025-08-01T00:00:00Z
2024-08-31,E00275,0,0.0,0.0,2025-09-01T00:00:00Z
2024-09-30,E00275,0,0.0,0.0,2025-10-01T00:00:00Z
2024-10-31,E00275,0,0.0,0.0,2025-11-01T00:00:00Z
2024-11-30,E00275,0,0.0,0.0,2025-12-01T00:00:00Z
2024-12-31,E00275,0,0.0,0.0,2026-01-01T00:00:00Z
2025-01-31,E00275,0,0.0,0.0,2026-02-01T00:00:00Z
2025-02-28,E00275,0,0.0,0.0,2026-03-01T00:00:00Z
2025-03-31,E00275,0,0.0,0.0,2026-04-01T00:00:00Z
2025-04-30,E00275,0,0.0,0.0,2026-05-01T00:00:00Z
2025-05-31,E00275,0,0.0,0.0,2026-06-01T00:00:00Z
2025-06-30,E00275,0,0.0,0.0,2026-07-01T00:00:00Z
2023-07-31,E00276,0,0.0,0.0,2024-07-31T00:00:00Z
2023-08-31,E00276,0,0.0,0.0,2024-08-31T00:00:00Z
2023-09-30,E00276,0,0.0,0.0,2024-09-30T00:00:00Z
2023-10-31,E00276,1,0.0288,3136.76,2024-10-31T00:00:00Z
2023-11-30,E00276,1,0.0475,5176.07,2024-11-30T00:00:00Z
2023-12-31,E00276,1,0.0197,2141.7,2024-12-31T00:00:00Z
2024-01-31,E00276,1,0.0452,4919.57,2025-01-31T00:00:00Z
2024-02-29,E00276,1,0.0328,3565.4,2025-03-01T00:00:00Z
2024-03-31,E00276,1,0.0,0.0,2025-04-01T00:00:00Z
2024-04-30,E00276,1,0.0,0.0,2025-05-01T00:00:00Z
2024-05-31,E00276,1,0.0,0.0,2025-06-01T00:00:00Z
2024-06-30,E00276,1,0.0,0.0,2025-07-01T00:00:00Z
2024-07-31,E00276,1,0.0341,3715.06,2025-08-01T00:00:00Z
2024-08-31,E00276,1,0.0173,1885.6,2025-09-01T00:00:00Z
2024-09-30,E00276,1,0.0,0.0,2025-10-01T00:00:00Z
2024-10-31,E00276,0,0.0,0.0,2025-11-01T00:00:00Z
2024-11-30,E00276,0,0.0,0.0,2025-12-01T00:00:00Z
2024-12-31,E00276,0,0.0,0.0,2026-01-01T00:00:00Z
2025-01-31,E00276,0,0.0,0.0,2026-02-01T00:00:00Z
2025-02-28,E00276,0,0.0,0.0,2026-03-01T00:00:00Z
2025-03-31,E00276,0,0.0,0.0,2026-04-01T00:00:00Z
2025-04-30,E00276,0,0.0,0.0,2026-05-01T00:00:00Z
2025-05-31,E00276,0,0.0,0.0,2026-06-01T00:00:00Z
2025-06-30,E00276,0,0.0,0.0,2026-07-01T00:00:00Z
2023-07-31,E00277,0,0.0,0.0,2024-07-31T00:00:00Z
2023-08-31,E00277,0,0.0,0.0,2024-08-31T00:00:00Z
2023-09-30,E00277,0,0.0,0.0,2024-09-30T00:00:00Z
2023-10-31,E00277,0,0.0,0.0,2024-10-31T00:00:00Z
2023-11-30,E00277,0,0.0,0.0,2024-11-30T00:00:00Z
2023-12-31,E00277,0,0.0,0.0,2024-12-31T00:00:00Z
2024-01-31,E00277,0,0.0,0.0,2025-01-31T00:00:00Z
2024-02-29,E00277,0,0.0,0.0,2025-03-01T00:00:00Z
2024-03-31,E00277,0,0.0,0.0,2025-04-01T00:00:00Z
2024-04-30,E00277,0,0.0,0.0,2025-05-01T00:00:00Z
2024-05-31,E00277,0,0.0,0.0,2025-06-01T00:00:00Z
2024-06-30,E00277,0,0.0,0.0,2025-07-01T00:00:00Z
2024-07-31,E00277,0,0.0,0.0,2025-08-01T00:00:00Z
2024-08-31,E00277,0,0.0,0.0,2025-09-01T00:00:00Z
2024-09-30,E00277,0,0.0,0.0,2025-10-01T00:00:00Z
2024-10-31,E00277,0,0.0,0.0,2025-11-01T00:00:00Z
2024-11-30,E00277,0,0.0,0.0,2025-12-01T00:00:00Z
2024-12-31,E00277,0,0.0,0.0,2026-01-01T00:00:00Z
2025-01-31,E00277,0,0.0,0.0,2026-02-01T00:00:00Z
2025-02-28,E00277,0,0.0,0.0,2026-03-01T00:00:00Z
2025-03-31,E00277,0,0.0,0.0,2026-04-01T00:00:00Z
2025-04-30,E00277,0,0.0,0.0,2026-05-01T00:00:00Z
2025-05-31,E00277,0,0.0,0.0,2026-06-01T00:00:00Z
2025-06-30,E00277,0,0.0,0.0,2026-07-01T00:00:00Z
2023-07-31,E00278,0,0.0,0.0,2024-07-31T00:00:00Z
2023-08-31,E00278,0,0.0,0.0,2024-08-31T00:00:00Z
2023-09-30,E00278,0,0.0,0.0,2024-09-30T00:00:00Z
2023-10-31,E00278,0,0.0,0.0,2024-10-31T00:00:00Z
2023-11-30,E00278,0,0.0,0.0,2024-11-30T00:00:00Z
2023-12-31,E00278,0,0.0,0.0,2024-12-31T00:00:00Z
2024-01-31,E00278,0,0.0,0.0,2025-01-31T00:00:00Z
2024-02-29,E00278,0,0.0,0.0,2025-03-01T00:00:00Z
2024-03-31,E00278,0,0.0,0.0,2025-04-01T00:00:00Z
2024-04-30,E00278,0,0.0,0.0,2025-05-01T00:00:00Z
2024-05-31,E00278,0,0.0,0.0,2025-06-01T00:00:00Z
2024-06-30,E00278,0,0.0,0.0,2025-07-01T00:00:00Z
2024-07-31,E00278,0,0.0,0.0,2025-08-01T00:00:00Z
2024-08-31,E00278,0,0.0,0.0,2025-09-01T00:00:00Z
2024-09-30,E00278,0,0.0,0.0,2025-10-01T00:00:00Z
2024-10-31,E00278,0,0.0,0.0,2025-11-01T00:00:00Z
2024-11-30,E00278,0,0.0,0.0,2025-12-01T00:00:00Z
2024-12-31,E00278,0,0.0,0.0,2026-01-01T00:00:00Z
2025-01-31,E00278,0,0.0,0.0,2026-02-01T00:00:00Z
2025-02-28,E00278,0,0.0,0.0,2026-03-01T00:00:00Z
2025-03-31,E00278,0,0.0,0.0,2026-04-01T00:00:00Z
2025-04-30,E00278,0,0.0,0.0,2026-05-01T00:00:00Z
2025-05-31,E00278,0,0.0,0.0,2026-06-01T00:00:00Z
2025-06-30,E00278,0,0.0,0.0,2026-07-01T00:00:00Z
2023-07-31,E00279,0,0.0,0.0,2024-07-31T00:00:00Z
2023-08-31,E00279,0,0.0,0.0,2024-08-31T00:00:00Z
2023-09-30,E00279,0,0.0,0.0,2024-09-30T00:00:00Z
2023-10-31,E00279,0,0.0,0.0,2024-10-31T00:00:00Z
2023-11-30,E00279,0,0.0,0.0,2024-11-30T00:00:00Z
2023-12-31,E00279,0,0.0,0.0,2024-12-31T00:00:00Z
2024-01-31,E00279,0,0.0,0.0,2025-01-31T00:00:00Z
2024-02-29,E00279,0,0.0,0.0,2025-03-01T00:00:00Z
2024-03-31,E00279,0,0.0,0.0,2025-04-01T00:00:00Z
2024-04-30,E00279,0,0.0,0.0,2025-05-01T00:00:00Z
2024-05-31,E00279,0,0.0,0.0,2025-06-01T00:00:00Z
2024-06-30,E00279,0,0.0,0.0,2025-07-01T00:00:00Z
2024-07-31,E00279,0,0.0,0.0,2025-08-01T00:00:00Z
2024-08-31,E00279,0,0.0,0.0,2025-09-01T00:00:00Z
2024-09-30,E00279,0,0.0,0.0,2025-10-01T00:00:00Z
2024-10-31,E00279,0,0.0,0.0,2025-11-01T00:00:00Z
2024-11-30,E00279,0,0.0,0.0,2025-12-01T00:00:00Z
2024-12-31,E00279,0,0.0,0.0,2026-01-01T00:00:00Z
2025-01-31,E00279,0,0.0,0.0,2026-02-01T00:00:00Z
2025-02-28,E00279,0,0.0,0.0,2026-03-01T00:00:00Z
2025-03-31,E00279,0,0.0,0.0,2026-04-01T00:00:00Z
2025-04-30,E00279,0,0.0,0.0,2026-05-01T00:00:00Z
2025-05-31,E00279,0,0.0,0.0,2026-06-01T00:00:00Z
2025-06-30,E00279,0,0.0,0.0,2026-07-01T00:00:00Z
2023-07-31,E00280,0,0.0,0.0,2024-07-31T00:00:00Z
2023-08-31,E00280,0,0.0,0.0,2024-08-31T00:00:00Z
2023-09-30,E00280,0,0.0,0.0,2024-09-30T00:00:00Z
2023-10-31,E00280,0,0.0,0.0,2024-10-31T00:00:00Z
2023-11-30,E00280,0,0.0,0.0,2024-11-30T00:00:00Z
2023-12-31,E00280,0,0.0,0.0,2024-12-31T00:00:00Z
2024-01-31,E00280,0,0.0,0.0,2025-01-31T00:00:00Z
2024-02-29,E00280,0,0.0,0.0,2025-03-01T00:00:00Z
2024-03-31,E00280,0,0.0,0.0,2025-04-01T00:00:00Z
2024-04-30,E00280,0,0.0,0.0,2025-05-01T00:00:00Z
2024-05-31,E00280,0,0.0,0.0,2025-06-01T00:00:00Z
2024-06-30,E00280,0,0.0,0.0,2025-07-01T00:00:00Z
2024-07-31,E00280,0,0.0,0.0,2025-08-01T00:00:00Z
2024-08-31,E00280,0,0.0,0.0,2025-09-01T00:00:00Z
2024-09-30,E00280,0,0.0,0.0,2025-10-01T00:00:00Z
2024-10-31,E00280,0,0.0,0.0,2025-11-01T00:00:00Z
2024-11-30,E00280,0,0.0,0.0,2025-12-01T00:00:00Z
2024-12-31,E00280,0,0.0,0.0,2026-01-01T00:00:00Z
2025-01-31,E00280,0,0.0,0.0,2026-02-01T00:00:00Z
2025-02-28,E00280,0,0.0,0.0,2026-03-01T00:00:00Z
2025-03-31,E00280,0,0.0,0.0,2026-04-01T00:00:00Z
2025-04-30,E00280,0,0.0,0.0,2026-05-01T00:00:00Z
2025-05-31,E00280,0,0.0,0.0,2026-06-01T00:00:00Z
2025-06-30,E00280,0,0.0,0.0,2026-07-01T00:00:00Z
2023-07-31,E00281,0,0.0,0.0,2024-07-31T00:00:00Z
2023-08-31,E00281,0,0.0,0.0,2024-08-31T00:00:00Z
2023-09-30,E00281,0,0.0,0.0,2024-09-30T00:00:00Z
2023-10-31,E00281,0,0.0,0.0,2024-10-31T00:00:00Z
2023-11-30,E00281,0,0.0,0.0,2024-11-30T00:00:00Z
2023-12-31,E00281,0,0.0,0.0,2024-12-31T00:00:00Z
2024-01-31,E00281,0,0.0,0.0,2025-01-31T00:00:00Z
2024-02-29,E00281,0,0.0,0.0,2025-03-01T00:00:00Z
2024-03-31,E00281,0,0.0,0.0,2025-04-01T00:00:00Z
2024-04-30,E00281,0,0.0,0.0,2025-05-01T00:00:00Z
2024-05-31,E00281,0,0.0,0.0,2025-06-01T00:00:00Z
2024-06-30,E00281,0,0.0,0.0,2025-07-01T00:00:00Z
2024-07-31,E00281,0,0.0,0.0,2025-08-01T00:00:00Z
2024-08-31,E00281,0,0.0,0.0,2025-09-01T00:00:00Z
2024-09-30,E00281,0,0.0,0.0,2025-10-01T00:00:00Z
2024-10-31,E00281,0,0.0,0.0,2025-11-01T00:00:00Z
2024-11-30,E00281,0,0.0,0.0,2025-12-01T00:00:00Z
2024-12-31,E00281,0,0.0,0.0,2026-01-01T00:00:00Z
2025-01-31,E00281,0,0.0,0.0,2026-02-01T00:00:00Z
2025-02-28,E00281,0,0.0,0.0,2026-03-01T00:00:00Z
2025-03-31,E00281,0,0.0,0.0,2026-04-01T00:00:00Z
2025-04-30,E00281,0,0.0,0.0,2026-05-01T00:00:00Z
2025-05-31,E00281,0,0.0,0.0,2026-06-01T00:00:00Z
2025-06-30,E00281,0,0.0,0.0,2026-07-01T00:00:00Z
2023-07-31,E00282,0,0.0,0.0,2024-07-31T00:00:00Z
2023-08-31,E00282,0,0.0,0.0,2024-08-31T00:00:00Z
2023-09-30,E00282,0,0.0,0.0,2024-09-30T00:00:00Z
2023-10-31,E00282,0,0.0,0.0,2024-10-31T00:00:00Z
2023-11-30,E00282,0,0.0,0.0,2024-11-30T00:00:00Z
2023-12-31,E00282,0,0.0,0.0,2024-12-31T00:00:00Z
2024-01-31,E00282,0,0.0,0.0,2025-01-31T00:00:00Z
2024-02-29,E00282,0,0.0,0.0,2025-03-01T00:00:00Z
2024-03-31,E00282,0,0.0,0.0,2025-04-01T00:00:00Z
2024-04-30,E00282,0,0.0,0.0,2025-05-01T00:00:00Z
2024-05-31,E00282,0,0.0,0.0,2025-06-01T00:00:00Z
2024-06-30,E00282,0,0.0,0.0,2025-07-01T00:00:00Z
2024-07-31,E00282,0,0.0,0.0,2025-08-01T00:00:00Z
2024-08-31,E00282,0,0.0,0.0,2025-09-01T00:00:00Z
2024-09-30,E00282,0,0.0,0.0,2025-10-01T00:00:00Z
2024-10-31,E00282,0,0.0,0.0,2025-11-01T00:00:00Z
2024-11-30,E00282,0,0.0,0.0,2025-12-01T00:00:00Z
2024-12-31,E00282,0,0.0,0.0,2026-01-01T00:00:00Z
2025-01-31,E00282,0,0.0,0.0,2026-02-01T00:00:00Z
2025-02-28,E00282,0,0.0,0.0,2026-03-01T00:00:00Z
2025-03-31,E00282,0,0.0,0.0,2026-04-01T00:00:00Z
2025-04-30,E00282,0,0.0,0.0,2026-05-01T00:00:00Z
2025-05-31,E00282,0,0.0,0.0,2026-06-01T00:00:00Z
2025-06-30,E00282,0,0.0,0.0,2026-07-01T00:00:00Z
2023-07-31,E00283,0,0.0,0.0,2024-07-31T00:00:00Z
2023-08-31,E00283,0,0.0,0.0,2024-08-31T00:00:00Z
2023-09-30,E00283,0,0.0,0.0,2024-09-30T00:00:00Z
2023-10-31,E00283,0,0.0,0.0,2024-10-31T00:00:00Z
2023-11-30,E00283,0,0.0,0.0,2024-11-30T00:00:00Z
2023-12-31,E00283,0,0.0,0.0,2024-12-31T00:00:00Z
2024-01-31,E00283,0,0.0,0.0,2025-01-31T00:00:00Z
2024-02-29,E00283,0,0.0,0.0,2025-03-01T00:00:00Z
2024-03-31,E00283,0,0.0,0.0,2025-04-01T00:00:00Z
2024-04-30,E00283,0,0.0,0.0,2025-05-01T00:00:00Z
2024-05-31,E00283,0,0.0,0.0,2025-06-01T00:00:00Z
2024-06-30,E00283,0,0.0,0.0,2025-07-01T00:00:00Z
2024-07-31,E00283,0,0.0,0.0,2025-08-01T00:00:00Z
2024-08-31,E00283,0,0.0,0.0,2025-09-01T00:00:00Z
2024-09-30,E00283,0,0.0,0.0,2025-10-01T00:00:00Z
2024-10-31,E00283,0,0.0,0.0,2025-11-01T00:00:00Z
2024-11-30,E00283,0,0.0,0.0,2025-12-01T00:00:00Z
2024-12-31,E00283,0,0.0,0.0,2026-01-01T00:00:00Z
2025-01-31,E00283,0,0.0,0.0,2026-02-01T00:00:00Z
2025-02-28,E00283,0,0.0,0.0,2026-03-01T00:00:00Z
2025-03-31,E00283,0,0.0,0.0,2026-04-01T00:00:00Z
2025-04-30,E00283,0,0.0,0.0,2026-05-01T00:00:00Z
2025-05-31,E00283,0,0.0,0.0,2026-06-01T00:00:00Z
2025-06-30,E00283,0,0.0,0.0,2026-07-01T00:00:00Z
2023-07-31,E00284,0,0.0,0.0,2024-07-31T00:00:00Z
2023-08-31,E00284,0,0.0,0.0,2024-08-31T00:00:00Z
2023-09-30,E00284,0,0.0,0.0,2024-09-30T00:00:00Z
2023-10-31,E00284,0,0.0,0.0,2024-10-31T00:00:00Z
2023-11-30,E00284,0,0.0,0.0,2024-11-30T00:00:00Z
2023-12-31,E00284,0,0.0,0.0,2024-12-31T00:00:00Z
2024-01-31,E00284,0,0.0,0.0,2025-01-31T00:00:00Z
2024-02-29,E00284,0,0.0,0.0,2025-03-01T00:00:00Z
2024-03-31,E00284,0,0.0,0.0,2025-04-01T00:00:00Z
2024-04-30,E00284,0,0.0,0.0,2025-05-01T00:00:00Z
2024-05-31,E00284,0,0.0,0.0,2025-06-01T00:00:00Z
2024-06-30,E00284,0,0.0,0.0,2025-07-01T00:00:00Z
2024-07-31,E00284,0,0.0,0.0,2025-08-01T00:00:00Z
2024-08-31,E00284,0,0.0,0.0,2025-09-01T00:00:00Z
2024-09-30,E00284,0,0.0,0.0,2025-10-01T00:00:00Z
2024-10-31,E00284,0,0.0,0.0,2025-11-01T00:00:00Z
2024-11-30,E00284,0,0.0,0.0,2025-12-01T00:00:00Z
2024-12-31,E00284,0,0.0,0.0,2026-01-01T00:00:00Z
2025-01-31,E00284,0,0.0,0.0,2026-02-01T00:00:00Z
2025-02-28,E00284,0,0.0,0.0,2026-03-01T00:00:00Z
2025-03-31,E00284,0,0.0,0.0,2026-04-01T00:00:00Z
2025-04-30,E00284,0,0.0,0.0,2026-05-01T00:00:00Z
2025-05-31,E00284,0,0.0,0.0,2026-06-01T00:00:00Z
2025-06-30,E00284,0,0.0,0.0,2026-07-01T00:00:00Z
2023-07-31,E00285,0,0.0,0.0,2024-07-31T00:00:00Z
2023-08-31,E00285,0,0.0,0.0,2024-08-31T00:00:00Z
2023-09-30,E00285,0,0.0,0.0,2024-09-30T00:00:00Z
2023-10-31,E00285,0,0.0,0.0,2024-10-31T00:00:00Z
2023-11-30,E00285,0,0.0,0.0,2024-11-30T00:00:00Z
2023-12-31,E00285,0,0.0,0.0,2024-12-31T00:00:00Z
2024-01-31,E00285,0,0.0,0.0,2025-01-31T00:00:00Z
2024-02-29,E00285,0,0.0,0.0,2025-03-01T00:00:00Z
2024-03-31,E00285,0,0.0,0.0,2025-04-01T00:00:00Z
2024-04-30,E00285,0,0.0,0.0,2025-05-01T00:00:00Z
2024-05-31,E00285,0,0.0,0.0,2025-06-01T00:00:00Z
2024-06-30,E00285,0,0.0,0.0,2025-07-01T00:00:00Z
2024-07-31,E00285,0,0.0,0.0,2025-08-01T00:00:00Z
2024-08-31,E00285,0,0.0,0.0,2025-09-01T00:00:00Z
2024-09-30,E00285,0,0.0,0.0,2025-10-01T00:00:00Z
2024-10-31,E00285,0,0.0,0.0,2025-11-01T00:00:00Z
2024-11-30,E00285,0,0.0,0.0,2025-12-01T00:00:00Z
2024-12-31,E00285,0,0.0,0.0,2026-01-01T00:00:00Z
2025-01-31,E00285,0,0.0,0.0,2026-02-01T00:00:00Z
2025-02-28,E00285,0,0.0,0.0,2026-03-01T00:00:00Z
2025-03-31,E00285,0,0.0,0.0,2026-04-01T00:00:00Z
2025-04-30,E00285,0,0.0,0.0,2026-05-01T00:00:00Z
2025-05-31,E00285,0,0.0,0.0,2026-06-01T00:00:00Z
2025-06-30,E00285,0,0.0,0.0,2026-07-01T00:00:00Z
2023-07-31,E00286,0,0.0,0.0,2024-07-31T00:00:00Z
2023-08-31,E00286,0,0.0,0.0,2024-08-31T00:00:00Z
2023-09-30,E00286,0,0.0,0.0,2024-09-30T00:00:00Z
2023-10-31,E00286,0,0.0,0.0,2024-10-31T00:00:00Z
2023-11-30,E00286,0,0.0,0.0,2024-11-30T00:00:00Z
2023-12-31,E00286,0,0.0,0.0,2024-12-31T00:00:00Z
2024-01-31,E00286,0,0.0,0.0,2025-01-31T00:00:00Z
2024-02-29,E00286,0,0.0,0.0,2025-03-01T00:00:00Z
2024-03-31,E00286,0,0.0,0.0,2025-04-01T00:00:00Z
2024-04-30,E00286,0,0.0,0.0,2025-05-01T00:00:00Z
2024-05-31,E00286,0,0.0,0.0,2025-06-01T00:00:00Z
2024-06-30,E00286,0,0.0,0.0,2025-07-01T00:00:00Z
2024-07-31,E00286,0,0.0,0.0,2025-08-01T00:00:00Z
2024-08-31,E00286,0,0.0,0.0,2025-09-01T00:00:00Z
2024-09-30,E00286,0,0.0,0.0,2025-10-01T00:00:00Z
2024-10-31,E00286,0,0.0,0.0,2025-11-01T00:00:00Z
2024-11-30,E00286,0,0.0,0.0,2025-12-01T00:00:00Z
2024-12-31,E00286,0,0.0,0.0,2026-01-01T00:00:00Z
2025-01-31,E00286,0,0.0,0.0,2026-02-01T00:00:00Z
2025-02-28,E00286,0,0.0,0.0,2026-03-01T00:00:00Z
2025-03-31,E00286,0,0.0,0.0,2026-04-01T00:00:00Z
2025-04-30,E00286,0,0.0,0.0,2026-05-01T00:00:00Z
2025-05-31,E00286,0,0.0,0.0,2026-06-01T00:00:00Z
2025-06-30,E00286,0,0.0,0.0,2026-07-01T00:00:00Z
2023-07-31,E00287,0,0.0,0.0,2024-07-31T00:00:00Z
2023-08-31,E00287,0,0.0,0.0,2024-08-31T00:00:00Z
2023-09-30,E00287,0,0.0,0.0,2024-09-30T00:00:00Z
2023-10-31,E00287,0,0.0,0.0,2024-10-31T00:00:00Z
2023-11-30,E00287,0,0.0,0.0,2024-11-30T00:00:00Z
2023-12-31,E00287,0,0.0,0.0,2024-12-31T00:00:00Z
2024-01-31,E00287,0,0.0,0.0,2025-01-31T00:00:00Z
2024-02-29,E00287,0,0.0,0.0,2025-03-01T00:00:00Z
2024-03-31,E00287,0,0.0,0.0,2025-04-01T00:00:00Z
2024-04-30,E00287,0,0.0,0.0,2025-05-01T00:00:00Z
2024-05-31,E00287,0,0.0,0.0,2025-06-01T00:00:00Z
2024-06-30,E00287,0,0.0,0.0,2025-07-01T00:00:00Z
2024-07-31,E00287,0,0.0,0.0,2025-08-01T00:00:00Z
2024-08-31,E00287,0,0.0,0.0,2025-09-01T00:00:00Z
2024-09-30,E00287,0,0.0,0.0,2025-10-01T00:00:00Z
2024-10-31,E00287,0,0.0,0.0,2025-11-01T00:00:00Z
2024-11-30,E00287,0,0.0,0.0,2025-12-01T00:00:00Z
2024-12-31,E00287,0,0.0,0.0,2026-01-01T00:00:00Z
2025-01-31,E00287,0,0.0,0.0,2026-02-01T00:00:00Z
2025-02-28,E00287,0,0.0,0.0,2026-03-01T00:00:00Z
2025-03-31,E00287,0,0.0,0.0,2026-04-01T00:00:00Z
2025-04-30,E00287,0,0.0,0.0,2026-05-01T00:00:00Z
2025-05-31,E00287,0,0.0,0.0,2026-06-01T00:00:00Z
2025-06-30,E00287,0,0.0,0.0,2026-07-01T00:00:00Z
2023-07-31,E00288,0,0.0,0.0,2024-07-31T00:00:00Z
2023-08-31,E00288,0,0.0,0.0,2024-08-31T00:00:00Z
2023-09-30,E00288,0,0.0,0.0,2024-09-30T00:00:00Z
2023-10-31,E00288,0,0.0,0.0,2024-10-31T00:00:00Z
2023-11-30,E00288,0,0.0,0.0,2024-11-30T00:00:00Z
2023-12-31,E00288,0,0.0,0.0,2024-12-31T00:00:00Z
2024-01-31,E00288,0,0.0,0.0,2025-01-31T00:00:00Z
2024-02-29,E00288,0,0.0,0.0,2025-03-01T00:00:00Z
2024-03-31,E00288,0,0.0,0.0,2025-04-01T00:00:00Z
2024-04-30,E00288,0,0.0,0.0,2025-05-01T00:00:00Z
2024-05-31,E00288,0,0.0,0.0,2025-06-01T00:00:00Z
2024-06-30,E00288,0,0.0,0.0,2025-07-01T00:00:00Z
2024-07-31,E00288,0,0.0,0.0,2025-08-01T00:00:00Z
2024-08-31,E00288,0,0.0,0.0,2025-09-01T00:00:00Z
2024-09-30,E00288,0,0.0,0.0,2025-10-01T00:00:00Z
2024-10-31,E00288,0,0.0,0.0,2025-11-01T00:00:00Z
2024-11-30,E00288,0,0.0,0.0,2025-12-01T00:00:00Z
2024-12-31,E00288,0,0.0,0.0,2026-01-01T00:00:00Z
2025-01-31,E00288,0,0.0,0.0,2026-02-01T00:00:00Z
2025-02-28,E00288,0,0.0,0.0,2026-03-01T00:00:00Z
2025-03-31,E00288,0,0.0,0.0,2026-04-01T00:00:00Z
2025-04-30,E00288,0,0.0,0.0,2026-05-01T00:00:00Z
2025-05-31,E00288,0,0.0,0.0,2026-06-01T00:00:00Z
2025-06-30,E00288,0,0.0,0.0,2026-07-01T00:00:00Z
2023-07-31,E00289,1,0.3697,13542.73,2024-07-31T00:00:00Z
2023-08-31,E00289,1,0.3786,13870.17,2024-08-31T00:00:00Z
2023-09-30,E00289,1,0.3452,12645.1,2024-09-30T00:00:00Z
2023-10-31,E00289,1,0.3292,12059.83,2024-10-31T00:00:00Z
2023-11-30,E00289,1,0.3086,11251.51,2024-11-30T00:00:00Z
2023-12-31,E00289,1,0.3564,12991.79,2024-12-31T00:00:00Z
2024-01-31,E00289,0,0.0,0.0,2025-01-31T00:00:00Z
2024-02-29,E00289,0,0.0,0.0,2025-03-01T00:00:00Z
2024-03-31,E00289,0,0.0,0.0,2025-04-01T00:00:00Z
2024-04-30,E00289,0,0.0,0.0,2025-05-01T00:00:00Z
2024-05-31,E00289,0,0.0,0.0,2025-06-01T00:00:00Z
2024-06-30,E00289,0,0.0,0.0,2025-07-01T00:00:00Z
2024-07-31,E00289,0,0.0,0.0,2025-08-01T00:00:00Z
2024-08-31,E00289,0,0.0,0.0,2025-09-01T00:00:00Z
2024-09-30,E00289,0,0.0,0.0,2025-10-01T00:00:00Z
2024-10-31,E00289,0,0.0,0.0,2025-11-01T00:00:00Z
2024-11-30,E00289,0,0.0,0.0,2025-12-01T00:00:00Z
2024-12-31,E00289,0,0.0,0.0,2026-01-01T00:00:00Z
2025-01-31,E00289,0,0.0,0.0,2026-02-01T00:00:00Z
2025-02-28,E00289,0,0.0,0.0,2026-03-01T00:00:00Z
2025-03-31,E00289,0,0.0,0.0,2026-04-01T00:00:00Z
2025-04-30,E00289,0,0.0,0.0,2026-05-01T00:00:00Z
2025-05-31,E00289,0,0.0,0.0,2026-06-01T00:00:00Z
2025-06-30,E00289,0,0.0,0.0,2026-07-01T00:00:00Z
2023-07-31,E00290,1,0.0949,12364.17,2024-07-31T00:00:00Z
2023-08-31,E00290,1,0.1408,18332.99,2024-08-31T00:00:00Z
2023-09-30,E00290,1,0.0244,3173.31,2024-09-30T00:00:00Z
2023-10-31,E00290,1,0.2043,26608.32,2024-10-31T00:00:00Z
2023-11-30,E00290,1,0.1178,15345.49,2024-11-30T00:00:00Z
2023-12-31,E00290,1,0.2225,28976.69,2024-12-31T00:00:00Z
2024-01-31,E00290,1,0.1567,20404.45,2025-01-31T00:00:00Z
2024-02-29,E00290,1,0.1144,14896.21,2025-03-01T00:00:00Z
2024-03-31,E00290,1,0.127,16534.1,2025-04-01T00:00:00Z
2024-04-30,E00290,1,0.1329,17305.06,2025-05-01T00:00:00Z
2024-05-31,E00290,1,0.096,12501.62,2025-06-01T00:00:00Z
2024-06-30,E00290,0,0.0,0.0,2025-07-01T00:00:00Z
2024-07-31,E00290,1,0.0559,7108.75,2025-08-01T00:00:00Z
2024-08-31,E00290,1,0.088,11199.39,2025-09-01T00:00:00Z
2024-09-30,E00290,1,0.0708,9003.57,2025-10-01T00:00:00Z
2024-10-31,E00290,1,0.1433,18225.45,2025-11-01T00:00:00Z
2024-11-30,E00290,1,0.1066,13553.99,2025-12-01T00:00:00Z
2024-12-31,E00290,1,0.1326,16864.78,2026-01-01T00:00:00Z
2025-01-31,E00290,1,0.0795,10114.17,2026-02-01T00:00:00Z
2025-02-28,E00290,1,0.1756,22342.12,2026-03-01T00:00:00Z
2025-03-31,E00290,1,0.1179,15001.52,2026-04-01T00:00:00Z
2025-04-30,E00290,1,0.1434,18244.34,2026-05-01T00:00:00Z
2025-05-31,E00290,1,0.1478,18802.31,2026-06-01T00:00:00Z
2025-06-30,E00290,1,0.1615,20547.16,2026-07-01T00:00:00Z
2023-07-31,E00291,0,0.0,0.0,2024-07-31T00:00:00Z
2023-08-31,E00291,0,0.0,0.0,2024-08-31T00:00:00Z
2023-09-30,E00291,0,0.0,0.0,2024-09-30T00:00:00Z
2023-10-31,E00291,0,0.0,0.0,2024-10-31T00:00:00Z
2023-11-30,E00291,0,0.0,0.0,2024-11-30T00:00:00Z
2023-12-31,E00291,0,0.0,0.0,2024-12-31T00:00:00Z
2024-01-31,E00291,0,0.0,0.0,2025-01-31T00:00:00Z
2024-02-29,E00291,0,0.0,0.0,2025-03-01T00:00:00Z
2024-03-31,E00291,0,0.0,0.0,2025-04-01T00:00:00Z
2024-04-30,E00291,0,0.0,0.0,2025-05-01T00:00:00Z
2024-05-31,E00291,0,0.0,0.0,2025-06-01T00:00:00Z
2024-06-30,E00291,0,0.0,0.0,2025-07-01T00:00:00Z
2024-07-31,E00291,0,0.0,0.0,2025-08-01T00:00:00Z
2024-08-31,E00291,0,0.0,0.0,2025-09-01T00:00:00Z
2024-09-30,E00291,0,0.0,0.0,2025-10-01T00:00:00Z
2024-10-31,E00291,0,0.0,0.0,2025-11-01T00:00:00Z
2024-11-30,E00291,0,0.0,0.0,2025-12-01T00:00:00Z
2024-12-31,E00291,0,0.0,0.0,2026-01-01T00:00:00Z
2025-01-31,E00291,0,0.0,0.0,2026-02-01T00:00:00Z
2025-02-28,E00291,0,0.0,0.0,2026-03-01T00:00:00Z
2025-03-31,E00291,0,0.0,0.0,2026-04-01T00:00:00Z
2025-04-30,E00291,0,0.0,0.0,2026-05-01T00:00:00Z
2025-05-31,E00291,0,0.0,0.0,2026-06-01T00:00:00Z
2025-06-30,E00291,0,0.0,0.0,2026-07-01T00:00:00Z
2023-07-31,E00292,0,0.0,0.0,2024-07-31T00:00:00Z
2023-08-31,E00292,0,0.0,0.0,2024-08-31T00:00:00Z
2023-09-30,E00292,0,0.0,0.0,2024-09-30T00:00:00Z
2023-10-31,E00292,0,0.0,0.0,2024-10-31T00:00:00Z
2023-11-30,E00292,0,0.0,0.0,2024-11-30T00:00:00Z
2023-12-31,E00292,0,0.0,0.0,2024-12-31T00:00:00Z
2024-01-31,E00292,0,0.0,0.0,2025-01-31T00:00:00Z
2024-02-29,E00292,0,0.0,0.0,2025-03-01T00:00:00Z
2024-03-31,E00292,0,0.0,0.0,2025-04-01T00:00:00Z
2024-04-30,E00292,0,0.0,0.0,2025-05-01T00:00:00Z
2024-05-31,E00292,0,0.0,0.0,2025-06-01T00:00:00Z
2024-06-30,E00292,0,0.0,0.0,2025-07-01T00:00:00Z
2024-07-31,E00292,0,0.0,0.0,2025-08-01T00:00:00Z
2024-08-31,E00292,0,0.0,0.0,2025-09-01T00:00:00Z
2024-09-30,E00292,0,0.0,0.0,2025-10-01T00:00:00Z
2024-10-31,E00292,0,0.0,0.0,2025-11-01T00:00:00Z
2024-11-30,E00292,0,0.0,0.0,2025-12-01T00:00:00Z
2024-12-31,E00292,0,0.0,0.0,2026-01-01T00:00:00Z
2025-01-31,E00292,0,0.0,0.0,2026-02-01T00:00:00Z
2025-02-28,E00292,0,0.0,0.0,2026-03-01T00:00:00Z
2025-03-31,E00292,0,0.0,0.0,2026-04-01T00:00:00Z
2025-04-30,E00292,0,0.0,0.0,2026-05-01T00:00:00Z
2025-05-31,E00292,0,0.0,0.0,2026-06-01T00:00:00Z
2025-06-30,E00292,0,0.0,0.0,2026-07-01T00:00:00Z
2023-07-31,E00293,0,0.0,0.0,2024-07-31T00:00:00Z
2023-08-31,E00293,0,0.0,0.0,2024-08-31T00:00:00Z
2023-09-30,E00293,0,0.0,0.0,2024-09-30T00:00:00Z
2023-10-31,E00293,0,0.0,0.0,2024-10-31T00:00:00Z
2023-11-30,E00293,0,0.0,0.0,2024-11-30T00:00:00Z
2023-12-31,E00293,0,0.0,0.0,2024-12-31T00:00:00Z
2024-01-31,E00293,0,0.0,0.0,2025-01-31T00:00:00Z
2024-02-29,E00293,0,0.0,0.0,2025-03-01T00:00:00Z
2024-03-31,E00293,0,0.0,0.0,2025-04-01T00:00:00Z
2024-04-30,E00293,0,0.0,0.0,2025-05-01T00:00:00Z
2024-05-31,E00293,0,0.0,0.0,2025-06-01T00:00:00Z
2024-06-30,E00293,0,0.0,0.0,2025-07-01T00:00:00Z
2024-07-31,E00293,0,0.0,0.0,2025-08-01T00:00:00Z
2024-08-31,E00293,0,0.0,0.0,2025-09-01T00:00:00Z
2024-09-30,E00293,0,0.0,0.0,2025-10-01T00:00:00Z
2024-10-31,E00293,0,0.0,0.0,2025-11-01T00:00:00Z
2024-11-30,E00293,0,0.0,0.0,2025-12-01T00:00:00Z
2024-12-31,E00293,0,0.0,0.0,2026-01-01T00:00:00Z
2025-01-31,E00293,0,0.0,0.0,2026-02-01T00:00:00Z
2025-02-28,E00293,0,0.0,0.0,2026-03-01T00:00:00Z
2025-03-31,E00293,0,0.0,0.0,2026-04-01T00:00:00Z
2025-04-30,E00293,0,0.0,0.0,2026-05-01T00:00:00Z
2025-05-31,E00293,0,0.0,0.0,2026-06-01T00:00:00Z
2025-06-30,E00293,0,0.0,0.0,2026-07-01T00:00:00Z
2023-07-31,E00294,1,0.129,19542.49,2024-07-31T00:00:00Z
2023-08-31,E00294,1,0.2276,34468.62,2024-08-31T00:00:00Z
2023-09-30,E00294,0,0.0,0.0,2024-09-30T00:00:00Z
2023-10-31,E00294,0,0.0,0.0,2024-10-31T00:00:00Z
2023-11-30,E00294,0,0.0,0.0,2024-11-30T00:00:00Z
2023-12-31,E00294,0,0.0,0.0,2024-12-31T00:00:00Z
2024-01-31,E00294,0,0.0,0.0,2025-01-31T00:00:00Z
2024-02-29,E00294,0,0.0,0.0,2025-03-01T00:00:00Z
2024-03-31,E00294,0,0.0,0.0,2025-04-01T00:00:00Z
2024-04-30,E00294,0,0.0,0.0,2025-05-01T00:00:00Z
2024-05-31,E00294,0,0.0,0.0,2025-06-01T00:00:00Z
2024-06-30,E00294,0,0.0,0.0,2025-07-01T00:00:00Z
2024-07-31,E00294,0,0.0,0.0,2025-08-01T00:00:00Z
2024-08-31,E00294,0,0.0,0.0,2025-09-01T00:00:00Z
2024-09-30,E00294,0,0.0,0.0,2025-10-01T00:00:00Z
2024-10-31,E00294,0,0.0,0.0,2025-11-01T00:00:00Z
2024-11-30,E00294,0,0.0,0.0,2025-12-01T00:00:00Z
2024-12-31,E00294,0,0.0,0.0,2026-01-01T00:00:00Z
2025-01-31,E00294,0,0.0,0.0,2026-02-01T00:00:00Z
2025-02-28,E00294,0,0.0,0.0,2026-03-01T00:00:00Z
2025-03-31,E00294,0,0.0,0.0,2026-04-01T00:00:00Z
2025-04-30,E00294,0,0.0,0.0,2026-05-01T00:00:00Z
2025-05-31,E00294,0,0.0,0.0,2026-06-01T00:00:00Z
2025-06-30,E00294,0,0.0,0.0,2026-07-01T00:00:00Z
2023-07-31,E00295,0,0.0,0.0,2024-07-31T00:00:00Z
2023-08-31,E00295,0,0.0,0.0,2024-08-31T00:00:00Z
2023-09-30,E00295,0,0.0,0.0,2024-09-30T00:00:00Z
2023-10-31,E00295,0,0.0,0.0,2024-10-31T00:00:00Z
2023-11-30,E00295,0,0.0,0.0,2024-11-30T00:00:00Z
2023-12-31,E00295,0,0.0,0.0,2024-12-31T00:00:00Z
2024-01-31,E00295,0,0.0,0.0,2025-01-31T00:00:00Z
2024-02-29,E00295,0,0.0,0.0,2025-03-01T00:00:00Z
2024-03-31,E00295,0,0.0,0.0,2025-04-01T00:00:00Z
2024-04-30,E00295,0,0.0,0.0,2025-05-01T00:00:00Z
2024-05-31,E00295,0,0.0,0.0,2025-06-01T00:00:00Z
2024-06-30,E00295,0,0.0,0.0,2025-07-01T00:00:00Z
2024-07-31,E00295,0,0.0,0.0,2025-08-01T00:00:00Z
2024-08-31,E00295,0,0.0,0.0,2025-09-01T00:00:00Z
2024-09-30,E00295,0,0.0,0.0,2025-10-01T00:00:00Z
2024-10-31,E00295,0,0.0,0.0,2025-11-01T00:00:00Z
2024-11-30,E00295,0,0.0,0.0,2025-12-01T00:00:00Z
2024-12-31,E00295,0,0.0,0.0,2026-01-01T00:00:00Z
2025-01-31,E00295,0,0.0,0.0,2026-02-01T00:00:00Z
2025-02-28,E00295,0,0.0,0.0,2026-03-01T00:00:00Z
2025-03-31,E00295,0,0.0,0.0,2026-04-01T00:00:00Z
2025-04-30,E00295,0,0.0,0.0,2026-05-01T00:00:00Z
2025-05-31,E00295,0,0.0,0.0,2026-06-01T00:00:00Z
2025-06-30,E00295,0,0.0,0.0,2026-07-01T00:00:00Z
2023-07-31,E00296,0,0.0,0.0,2024-07-31T00:00:00Z
2023-08-31,E00296,0,0.0,0.0,2024-08-31T00:00:00Z
2023-09-30,E00296,0,0.0,0.0,2024-09-30T00:00:00Z
2023-10-31,E00296,0,0.0,0.0,2024-10-31T00:00:00Z
2023-11-30,E00296,0,0.0,0.0,2024-11-30T00:00:00Z
2023-12-31,E00296,0,0.0,0.0,2024-12-31T00:00:00Z
2024-01-31,E00296,0,0.0,0.0,2025-01-31T00:00:00Z
2024-02-29,E00296,0,0.0,0.0,2025-03-01T00:00:00Z
2024-03-31,E00296,0,0.0,0.0,2025-04-01T00:00:00Z
2024-04-30,E00296,0,0.0,0.0,2025-05-01T00:00:00Z
2024-05-31,E00296,0,0.0,0.0,2025-06-01T00:00:00Z
2024-06-30,E00296,0,0.0,0.0,2025-07-01T00:00:00Z
2024-07-31,E00296,0,0.0,0.0,2025-08-01T00:00:00Z
2024-08-31,E00296,0,0.0,0.0,2025-09-01T00:00:00Z
2024-09-30,E00296,0,0.0,0.0,2025-10-01T00:00:00Z
2024-10-31,E00296,0,0.0,0.0,2025-11-01T00:00:00Z
2024-11-30,E00296,0,0.0,0.0,2025-12-01T00:00:00Z
2024-12-31,E00296,0,0.0,0.0,2026-01-01T00:00:00Z
2025-01-31,E00296,0,0.0,0.0,2026-02-01T00:00:00Z
2025-02-28,E00296,0,0.0,0.0,2026-03-01T00:00:00Z
2025-03-31,E00296,0,0.0,0.0,2026-04-01T00:00:00Z
2025-04-30,E00296,0,0.0,0.0,2026-05-01T00:00:00Z
2025-05-31,E00296,0,0.0,0.0,2026-06-01T00:00:00Z
2025-06-30,E00296,0,0.0,0.0,2026-07-01T00:00:00Z
2023-07-31,E00297,0,0.0,0.0,2024-07-31T00:00:00Z
2023-08-31,E00297,0,0.0,0.0,2024-08-31T00:00:00Z
2023-09-30,E00297,0,0.0,0.0,2024-09-30T00:00:00Z
2023-10-31,E00297,0,0.0,0.0,2024-10-31T00:00:00Z
2023-11-30,E00297,0,0.0,0.0,2024-11-30T00:00:00Z
2023-12-31,E00297,0,0.0,0.0,2024-12-31T00:00:00Z
2024-01-31,E00297,0,0.0,0.0,2025-01-31T00:00:00Z
2024-02-29,E00297,0,0.0,0.0,2025-03-01T00:00:00Z
2024-03-31,E00297,0,0.0,0.0,2025-04-01T00:00:00Z
2024-04-30,E00297,0,0.0,0.0,2025-05-01T00:00:00Z
2024-05-31,E00297,0,0.0,0.0,2025-06-01T00:00:00Z
2024-06-30,E00297,0,0.0,0.0,2025-07-01T00:00:00Z
2024-07-31,E00297,0,0.0,0.0,2025-08-01T00:00:00Z
2024-08-31,E00297,0,0.0,0.0,2025-09-01T00:00:00Z
2024-09-30,E00297,0,0.0,0.0,2025-10-01T00:00:00Z
2024-10-31,E00297,0,0.0,0.0,2025-11-01T00:00:00Z
2024-11-30,E00297,0,0.0,0.0,2025-12-01T00:00:00Z
2024-12-31,E00297,0,0.0,0.0,2026-01-01T00:00:00Z
2025-01-31,E00297,0,0.0,0.0,2026-02-01T00:00:00Z
2025-02-28,E00297,0,0.0,0.0,2026-03-01T00:00:00Z
2025-03-31,E00297,0,0.0,0.0,2026-04-01T00:00:00Z
2025-04-30,E00297,0,0.0,0.0,2026-05-01T00:00:00Z
2025-05-31,E00297,0,0.0,0.0,2026-06-01T00:00:00Z
2025-06-30,E00297,0,0.0,0.0,2026-07-01T00:00:00Z
2023-07-31,E00298,0,0.0,0.0,2024-07-31T00:00:00Z
2023-08-31,E00298,0,0.0,0.0,2024-08-31T00:00:00Z
2023-09-30,E00298,0,0.0,0.0,2024-09-30T00:00:00Z
2023-10-31,E00298,0,0.0,0.0,2024-10-31T00:00:00Z
2023-11-30,E00298,0,0.0,0.0,2024-11-30T00:00:00Z
2023-12-31,E00298,0,0.0,0.0,2024-12-31T00:00:00Z
2024-01-31,E00298,0,0.0,0.0,2025-01-31T00:00:00Z
2024-02-29,E00298,0,0.0,0.0,2025-03-01T00:00:00Z
2024-03-31,E00298,0,0.0,0.0,2025-04-01T00:00:00Z
2024-04-30,E00298,0,0.0,0.0,2025-05-01T00:00:00Z
2024-05-31,E00298,0,0.0,0.0,2025-06-01T00:00:00Z
2024-06-30,E00298,0,0.0,0.0,2025-07-01T00:00:00Z
2024-07-31,E00298,0,0.0,0.0,2025-08-01T00:00:00Z
2024-08-31,E00298,0,0.0,0.0,2025-09-01T00:00:00Z
2024-09-30,E00298,0,0.0,0.0,2025-10-01T00:00:00Z
2024-10-31,E00298,0,0.0,0.0,2025-11-01T00:00:00Z
2024-11-30,E00298,0,0.0,0.0,2025-12-01T00:00:00Z
2024-12-31,E00298,0,0.0,0.0,2026-01-01T00:00:00Z
2025-01-31,E00298,0,0.0,0.0,2026-02-01T00:00:00Z
2025-02-28,E00298,0,0.0,0.0,2026-03-01T00:00:00Z
2025-03-31,E00298,0,0.0,0.0,2026-04-01T00:00:00Z
2025-04-30,E00298,0,0.0,0.0,2026-05-01T00:00:00Z
2025-05-31,E00298,0,0.0,0.0,2026-06-01T00:00:00Z
2025-06-30,E00298,0,0.0,0.0,2026-07-01T00:00:00Z
2023-07-31,E00299,0,0.0,0.0,2024-07-31T00:00:00Z
2023-08-31,E00299,0,0.0,0.0,2024-08-31T00:00:00Z
2023-09-30,E00299,0,0.0,0.0,2024-09-30T00:00:00Z
2023-10-31,E00299,0,0.0,0.0,2024-10-31T00:00:00Z
2023-11-30,E00299,0,0.0,0.0,2024-11-30T00:00:00Z
2023-12-31,E00299,0,0.0,0.0,2024-12-31T00:00:00Z
2024-01-31,E00299,0,0.0,0.0,2025-01-31T00:00:00Z
2024-02-29,E00299,0,0.0,0.0,2025-03-01T00:00:00Z
2024-03-31,E00299,0,0.0,0.0,2025-04-01T00:00:00Z
2024-04-30,E00299,0,0.0,0.0,2025-05-01T00:00:00Z
2024-05-31,E00299,0,0.0,0.0,2025-06-01T00:00:00Z
2024-06-30,E00299,0,0.0,0.0,2025-07-01T00:00:00Z
2024-07-31,E00299,0,0.0,0.0,2025-08-01T00:00:00Z
2024-08-31,E00299,0,0.0,0.0,2025-09-01T00:00:00Z
2024-09-30,E00299,0,0.0,0.0,2025-10-01T00:00:00Z
2024-10-31,E00299,0,0.0,0.0,2025-11-01T00:00:00Z
2024-11-30,E00299,0,0.0,0.0,2025-12-01T00:00:00Z
2024-12-31,E00299,0,0.0,0.0,2026-01-01T00:00:00Z
2025-01-31,E00299,0,0.0,0.0,2026-02-01T00:00:00Z
2025-02-28,E00299,0,0.0,0.0,2026-03-01T00:00:00Z
2025-03-31,E00299,0,0.0,0.0,2026-04-01T00:00:00Z
2025-04-30,E00299,0,0.0,0.0,2026-05-01T00:00:00Z
2025-05-31,E00299,0,0.0,0.0,2026-06-01T00:00:00Z
2025-06-30,E00299,0,0.0,0.0,2026-07-01T00:00:00Z
2023-07-31,E00300,0,0.0,0.0,2024-07-31T00:00:00Z
2023-08-31,E00300,0,0.0,0.0,2024-08-31T00:00:00Z
2023-09-30,E00300,0,0.0,0.0,2024-09-30T00:00:00Z
2023-10-31,E00300,0,0.0,0.0,2024-10-31T00:00:00Z
2023-11-30,E00300,0,0.0,0.0,2024-11-30T00:00:00Z
2023-12-31,E00300,0,0.0,0.0,2024-12-31T00:00:00Z
2024-01-31,E00300,0,0.0,0.0,2025-01-31T00:00:00Z
2024-02-29,E00300,0,0.0,0.0,2025-03-01T00:00:00Z
2024-03-31,E00300,0,0.0,0.0,2025-04-01T00:00:00Z
2024-04-30,E00300,0,0.0,0.0,2025-05-01T00:00:00Z
2024-05-31,E00300,0,0.0,0.0,2025-06-01T00:00:00Z
2024-06-30,E00300,0,0.0,0.0,2025-07-01T00:00:00Z
2024-07-31,E00300,0,0.0,0.0,2025-08-01T00:00:00Z
2024-08-31,E00300,0,0.0,0.0,2025-09-01T00:00:00Z
2024-09-30,E00300,0,0.0,0.0,2025-10-01T00:00:00Z
2024-10-31,E00300,0,0.0,0.0,2025-11-01T00:00:00Z
2024-11-30,E00300,0,0.0,0.0,2025-12-01T00:00:00Z
2024-12-31,E00300,0,0.0,0.0,2026-01-01T00:00:00Z
2025-01-31,E00300,0,0.0,0.0,2026-02-01T00:00:00Z
2025-02-28,E00300,0,0.0,0.0,2026-03-01T00:00:00Z
2025-03-31,E00300,0,0.0,0.0,2026-04-01T00:00:00Z
2025-04-30,E00300,0,0.0,0.0,2026-05-01T00:00:00Z
2025-05-31,E00300,0,0.0,0.0,2026-06-01T00:00:00Z
2025-06-30,E00300,0,0.0,0.0,2026-07-01T00:00:00Z
2023-07-31,E00301,0,0.0,0.0,2024-07-31T00:00:00Z
2023-08-31,E00301,0,0.0,0.0,2024-08-31T00:00:00Z
2023-09-30,E00301,0,0.0,0.0,2024-09-30T00:00:00Z
2023-10-31,E00301,0,0.0,0.0,2024-10-31T00:00:00Z
2023-11-30,E00301,0,0.0,0.0,2024-11-30T00:00:00Z
2023-12-31,E00301,0,0.0,0.0,2024-12-31T00:00:00Z
2024-01-31,E00301,0,0.0,0.0,2025-01-31T00:00:00Z
2024-02-29,E00301,0,0.0,0.0,2025-03-01T00:00:00Z
2024-03-31,E00301,1,0.0,0.0,2025-04-01T00:00:00Z
2024-04-30,E00301,1,0.01,747.29,2025-05-01T00:00:00Z
2024-05-31,E00301,1,0.0654,4895.36,2025-06-01T00:00:00Z
2024-06-30,E00301,1,0.0044,326.97,2025-07-01T00:00:00Z
2024-07-31,E00301,1,0.0871,6516.66,2025-08-01T00:00:00Z
2024-08-31,E00301,1,0.039,2922.33,2025-09-01T00:00:00Z
2024-09-30,E00301,1,0.0,0.0,2025-10-01T00:00:00Z
2024-10-31,E00301,1,0.0256,1919.03,2025-11-01T00:00:00Z
2024-11-30,E00301,1,0.0,0.0,2025-12-01T00:00:00Z
2024-12-31,E00301,1,0.0,0.0,2026-01-01T00:00:00Z
2025-01-31,E00301,1,0.0816,6107.04,2026-02-01T00:00:00Z
2025-02-28,E00301,1,0.0,0.0,2026-03-01T00:00:00Z
2025-03-31,E00301,0,0.0,0.0,2026-04-01T00:00:00Z
2025-04-30,E00301,0,0.0,0.0,2026-05-01T00:00:00Z
2025-05-31,E00301,1,0.006,442.96,2026-06-01T00:00:00Z
2025-06-30,E00301,1,0.0,0.0,2026-07-01T00:00:00Z
2023-07-31,E00302,0,0.0,0.0,2024-07-31T00:00:00Z
2023-08-31,E00302,0,0.0,0.0,2024-08-31T00:00:00Z
2023-09-30,E00302,0,0.0,0.0,2024-09-30T00:00:00Z
2023-10-31,E00302,0,0.0,0.0,2024-10-31T00:00:00Z
2023-11-30,E00302,0,0.0,0.0,2024-11-30T00:00:00Z
2023-12-31,E00302,0,0.0,0.0,2024-12-31T00:00:00Z
2024-01-31,E00302,0,0.0,0.0,2025-01-31T00:00:00Z
2024-02-29,E00302,0,0.0,0.0,2025-03-01T00:00:00Z
2024-03-31,E00302,0,0.0,0.0,2025-04-01T00:00:00Z
2024-04-30,E00302,0,0.0,0.0,2025-05-01T00:00:00Z
2024-05-31,E00302,0,0.0,0.0,2025-06-01T00:00:00Z
2024-06-30,E00302,0,0.0,0.0,2025-07-01T00:00:00Z
2024-07-31,E00302,0,0.0,0.0,2025-08-01T00:00:00Z
2024-08-31,E00302,0,0.0,0.0,2025-09-01T00:00:00Z
2024-09-30,E00302,0,0.0,0.0,2025-10-01T00:00:00Z
2024-10-31,E00302,0,0.0,0.0,2025-11-01T00:00:00Z
2024-11-30,E00302,0,0.0,0.0,2025-12-01T00:00:00Z
2024-12-31,E00302,0,0.0,0.0,2026-01-01T00:00:00Z
2025-01-31,E00302,0,0.0,0.0,2026-02-01T00:00:00Z
2025-02-28,E00302,0,0.0,0.0,2026-03-01T00:00:00Z
2025-03-31,E00302,0,0.0,0.0,2026-04-01T00:00:00Z
2025-04-30,E00302,0,0.0,0.0,2026-05-01T00:00:00Z
2025-05-31,E00302,0,0.0,0.0,2026-06-01T00:00:00Z
2025-06-30,E00302,0,0.0,0.0,2026-07-01T00:00:00Z
2023-07-31,E00303,1,0.0828,7000.49,2024-07-31T00:00:00Z
2023-08-31,E00303,1,0.0019,164.13,2024-08-31T00:00:00Z
2023-09-30,E00303,1,0.0774,6542.07,2024-09-30T00:00:00Z
2023-10-31,E00303,1,0.1151,9729.23,2024-10-31T00:00:00Z
2023-11-30,E00303,1,0.0,0.0,2024-11-30T00:00:00Z
2023-12-31,E00303,1,0.1123,9489.45,2024-12-31T00:00:00Z
2024-01-31,E00303,1,0.0709,5987.73,2025-01-31T00:00:00Z
2024-02-29,E00303,1,0.0114,961.99,2025-03-01T00:00:00Z
2024-03-31,E00303,1,0.0605,5109.83,2025-04-01T00:00:00Z
2024-04-30,E00303,1,0.0558,4714.04,2025-05-01T00:00:00Z
2024-05-31,E00303,1,0.1563,13206.89,2025-06-01T00:00:00Z
2024-06-30,E00303,1,0.0893,7546.26,2025-07-01T00:00:00Z
2024-07-31,E00303,0,0.0,0.0,2025-08-01T00:00:00Z
2024-08-31,E00303,0,0.0,0.0,2025-09-01T00:00:00Z
2024-09-30,E00303,0,0.0,0.0,2025-10-01T00:00:00Z
2024-10-31,E00303,0,0.0,0.0,2025-11-01T00:00:00Z
2024-11-30,E00303,0,0.0,0.0,2025-12-01T00:00:00Z
2024-12-31,E00303,0,0.0,0.0,2026-01-01T00:00:00Z
2025-01-31,E00303,0,0.0,0.0,2026-02-01T00:00:00Z
2025-02-28,E00303,0,0.0,0.0,2026-03-01T00:00:00Z
2025-03-31,E00303,0,0.0,0.0,2026-04-01T00:00:00Z
2025-04-30,E00303,0,0.0,0.0,2026-05-01T00:00:00Z
2025-05-31,E00303,0,0.0,0.0,2026-06-01T00:00:00Z
2025-06-30,E00303,0,0.0,0.0,2026-07-01T00:00:00Z
2023-07-31,E00304,0,0.0,0.0,2024-07-31T00:00:00Z
2023-08-31,E00304,0,0.0,0.0,2024-08-31T00:00:00Z
2023-09-30,E00304,0,0.0,0.0,2024-09-30T00:00:00Z
2023-10-31,E00304,0,0.0,0.0,2024-10-31T00:00:00Z
2023-11-30,E00304,0,0.0,0.0,2024-11-30T00:00:00Z
2023-12-31,E00304,0,0.0,0.0,2024-12-31T00:00:00Z
2024-01-31,E00304,0,0.0,0.0,2025-01-31T00:00:00Z
2024-02-29,E00304,0,0.0,0.0,2025-03-01T00:00:00Z
2024-03-31,E00304,0,0.0,0.0,2025-04-01T00:00:00Z
2024-04-30,E00304,0,0.0,0.0,2025-05-01T00:00:00Z
2024-05-31,E00304,0,0.0,0.0,2025-06-01T00:00:00Z
2024-06-30,E00304,0,0.0,0.0,2025-07-01T00:00:00Z
2024-07-31,E00304,0,0.0,0.0,2025-08-01T00:00:00Z
2024-08-31,E00304,1,0.2059,19335.82,2025-09-01T00:00:00Z
2024-09-30,E00304,1,0.2784,26138.1,2025-10-01T00:00:00Z
2024-10-31,E00304,1,0.0896,8417.27,2025-11-01T00:00:00Z
2024-11-30,E00304,1,0.2609,24494.35,2025-12-01T00:00:00Z
2024-12-31,E00304,1,0.302,28361.01,2026-01-01T00:00:00Z
2025-01-31,E00304,1,0.2236,20999.72,2026-02-01T00:00:00Z
2025-02-28,E00304,1,0.2603,24439.72,2026-03-01T00:00:00Z
2025-03-31,E00304,1,0.0934,8772.16,2026-04-01T00:00:00Z
2025-04-30,E00304,1,0.2857,26824.75,2026-05-01T00:00:00Z
2025-05-31,E00304,1,0.2302,21612.45,2026-06-01T00:00:00Z
2025-06-30,E00304,1,0.272,25543.53,2026-07-01T00:00:00Z
2023-07-31,E00305,0,0.0,0.0,2024-07-31T00:00:00Z
2023-08-31,E00305,0,0.0,0.0,2024-08-31T00:00:00Z
2023-09-30,E00305,0,0.0,0.0,2024-09-30T00:00:00Z
2023-10-31,E00305,0,0.0,0.0,2024-10-31T00:00:00Z
2023-11-30,E00305,0,0.0,0.0,2024-11-30T00:00:00Z
2023-12-31,E00305,0,0.0,0.0,2024-12-31T00:00:00Z
2024-01-31,E00305,0,0.0,0.0,2025-01-31T00:00:00Z
2024-02-29,E00305,0,0.0,0.0,2025-03-01T00:00:00Z
2024-03-31,E00305,0,0.0,0.0,2025-04-01T00:00:00Z
2024-04-30,E00305,0,0.0,0.0,2025-05-01T00:00:00Z
2024-05-31,E00305,0,0.0,0.0,2025-06-01T00:00:00Z
2024-06-30,E00305,0,0.0,0.0,2025-07-01T00:00:00Z
2024-07-31,E00305,0,0.0,0.0,2025-08-01T00:00:00Z
2024-08-31,E00305,0,0.0,0.0,2025-09-01T00:00:00Z
2024-09-30,E00305,0,0.0,0.0,2025-10-01T00:00:00Z
2024-10-31,E00305,0,0.0,0.0,2025-11-01T00:00:00Z
2024-11-30,E00305,0,0.0,0.0,2025-12-01T00:00:00Z
2024-12-31,E00305,0,0.0,0.0,2026-01-01T00:00:00Z
2025-01-31,E00305,1,0.1829,22680.65,2026-02-01T00:00:00Z
2025-02-28,E00305,1,0.2824,35011.2,2026-03-01T00:00:00Z
2025-03-31,E00305,1,0.2207,27364.39,2026-04-01T00:00:00Z
2025-04-30,E00305,1,0.2744,34018.81,2026-05-01T00:00:00Z
2025-05-31,E00305,1,0.1559,19324.15,2026-06-01T00:00:00Z
2025-06-30,E00305,1,0.2665,33036.54,2026-07-01T00:00:00Z
2023-07-31,E00306,0,0.0,0.0,2024-07-31T00:00:00Z
2023-08-31,E00306,0,0.0,0.0,2024-08-31T00:00:00Z
2023-09-30,E00306,0,0.0,0.0,2024-09-30T00:00:00Z
2023-10-31,E00306,0,0.0,0.0,2024-10-31T00:00:00Z
2023-11-30,E00306,0,0.0,0.0,2024-11-30T00:00:00Z
2023-12-31,E00306,0,0.0,0.0,2024-12-31T00:00:00Z
2024-01-31,E00306,0,0.0,0.0,2025-01-31T00:00:00Z
2024-02-29,E00306,0,0.0,0.0,2025-03-01T00:00:00Z
2024-03-31,E00306,0,0.0,0.0,2025-04-01T00:00:00Z
2024-04-30,E00306,0,0.0,0.0,2025-05-01T00:00:00Z
2024-05-31,E00306,0,0.0,0.0,2025-06-01T00:00:00Z
2024-06-30,E00306,0,0.0,0.0,2025-07-01T00:00:00Z
2024-07-31,E00306,0,0.0,0.0,2025-08-01T00:00:00Z
2024-08-31,E00306,0,0.0,0.0,2025-09-01T00:00:00Z
2024-09-30,E00306,0,0.0,0.0,2025-10-01T00:00:00Z
2024-10-31,E00306,0,0.0,0.0,2025-11-01T00:00:00Z
2024-11-30,E00306,0,0.0,0.0,2025-12-01T00:00:00Z
2024-12-31,E00306,0,0.0,0.0,2026-01-01T00:00:00Z
2025-01-31,E00306,0,0.0,0.0,2026-02-01T00:00:00Z
2025-02-28,E00306,0,0.0,0.0,2026-03-01T00:00:00Z
2025-03-31,E00306,0,0.0,0.0,2026-04-01T00:00:00Z
2025-04-30,E00306,0,0.0,0.0,2026-05-01T00:00:00Z
2025-05-31,E00306,0,0.0,0.0,2026-06-01T00:00:00Z
2025-06-30,E00306,0,0.0,0.0,2026-07-01T00:00:00Z
2023-07-31,E00307,0,0.0,0.0,2024-07-31T00:00:00Z
2023-08-31,E00307,0,0.0,0.0,2024-08-31T00:00:00Z
2023-09-30,E00307,0,0.0,0.0,2024-09-30T00:00:00Z
2023-10-31,E00307,0,0.0,0.0,2024-10-31T00:00:00Z
2023-11-30,E00307,0,0.0,0.0,2024-11-30T00:00:00Z
2023-12-31,E00307,0,0.0,0.0,2024-12-31T00:00:00Z
2024-01-31,E00307,0,0.0,0.0,2025-01-31T00:00:00Z
2024-02-29,E00307,0,0.0,0.0,2025-03-01T00:00:00Z
2024-03-31,E00307,0,0.0,0.0,2025-04-01T00:00:00Z
2024-04-30,E00307,0,0.0,0.0,2025-05-01T00:00:00Z
2024-05-31,E00307,0,0.0,0.0,2025-06-01T00:00:00Z
2024-06-30,E00307,0,0.0,0.0,2025-07-01T00:00:00Z
2024-07-31,E00307,0,0.0,0.0,2025-08-01T00:00:00Z
2024-08-31,E00307,0,0.0,0.0,2025-09-01T00:00:00Z
2024-09-30,E00307,0,0.0,0.0,2025-10-01T00:00:00Z
2024-10-31,E00307,0,0.0,0.0,2025-11-01T00:00:00Z
2024-11-30,E00307,0,0.0,0.0,2025-12-01T00:00:00Z
2024-12-31,E00307,0,0.0,0.0,2026-01-01T00:00:00Z
2025-01-31,E00307,0,0.0,0.0,2026-02-01T00:00:00Z
2025-02-28,E00307,0,0.0,0.0,2026-03-01T00:00:00Z
2025-03-31,E00307,0,0.0,0.0,2026-04-01T00:00:00Z
2025-04-30,E00307,0,0.0,0.0,2026-05-01T00:00:00Z
2025-05-31,E00307,0,0.0,0.0,2026-06-01T00:00:00Z
2025-06-30,E00307,0,0.0,0.0,2026-07-01T00:00:00Z
2023-07-31,E00308,0,0.0,0.0,2024-07-31T00:00:00Z
2023-08-31,E00308,0,0.0,0.0,2024-08-31T00:00:00Z
2023-09-30,E00308,0,0.0,0.0,2024-09-30T00:00:00Z
2023-10-31,E00308,0,0.0,0.0,2024-10-31T00:00:00Z
2023-11-30,E00308,0,0.0,0.0,2024-11-30T00:00:00Z
2023-12-31,E00308,0,0.0,0.0,2024-12-31T00:00:00Z
2024-01-31,E00308,0,0.0,0.0,2025-01-31T00:00:00Z
2024-02-29,E00308,0,0.0,0.0,2025-03-01T00:00:00Z
2024-03-31,E00308,0,0.0,0.0,2025-04-01T00:00:00Z
2024-04-30,E00308,0,0.0,0.0,2025-05-01T00:00:00Z
2024-05-31,E00308,0,0.0,0.0,2025-06-01T00:00:00Z
2024-06-30,E00308,0,0.0,0.0,2025-07-01T00:00:00Z
2024-07-31,E00308,0,0.0,0.0,2025-08-01T00:00:00Z
2024-08-31,E00308,0,0.0,0.0,2025-09-01T00:00:00Z
2024-09-30,E00308,0,0.0,0.0,2025-10-01T00:00:00Z
2024-10-31,E00308,0,0.0,0.0,2025-11-01T00:00:00Z
2024-11-30,E00308,0,0.0,0.0,2025-12-01T00:00:00Z
2024-12-31,E00308,0,0.0,0.0,2026-01-01T00:00:00Z
2025-01-31,E00308,0,0.0,0.0,2026-02-01T00:00:00Z
2025-02-28,E00308,0,0.0,0.0,2026-03-01T00:00:00Z
2025-03-31,E00308,0,0.0,0.0,2026-04-01T00:00:00Z
2025-04-30,E00308,0,0.0,0.0,2026-05-01T00:00:00Z
2025-05-31,E00308,0,0.0,0.0,2026-06-01T00:00:00Z
2025-06-30,E00308,0,0.0,0.0,2026-07-01T00:00:00Z
2023-07-31,E00309,0,0.0,0.0,2024-07-31T00:00:00Z
2023-08-31,E00309,0,0.0,0.0,2024-08-31T00:00:00Z
2023-09-30,E00309,0,0.0,0.0,2024-09-30T00:00:00Z
2023-10-31,E00309,0,0.0,0.0,2024-10-31T00:00:00Z
2023-11-30,E00309,0,0.0,0.0,2024-11-30T00:00:00Z
2023-12-31,E00309,0,0.0,0.0,2024-12-31T00:00:00Z
2024-01-31,E00309,0,0.0,0.0,2025-01-31T00:00:00Z
2024-02-29,E00309,0,0.0,0.0,2025-03-01T00:00:00Z
2024-03-31,E00309,0,0.0,0.0,2025-04-01T00:00:00Z
2024-04-30,E00309,0,0.0,0.0,2025-05-01T00:00:00Z
2024-05-31,E00309,0,0.0,0.0,2025-06-01T00:00:00Z
2024-06-30,E00309,0,0.0,0.0,2025-07-01T00:00:00Z
2024-07-31,E00309,0,0.0,0.0,2025-08-01T00:00:00Z
2024-08-31,E00309,0,0.0,0.0,2025-09-01T00:00:00Z
2024-09-30,E00309,0,0.0,0.0,2025-10-01T00:00:00Z
2024-10-31,E00309,0,0.0,0.0,2025-11-01T00:00:00Z
2024-11-30,E00309,0,0.0,0.0,2025-12-01T00:00:00Z
2024-12-31,E00309,0,0.0,0.0,2026-01-01T00:00:00Z
2025-01-31,E00309,0,0.0,0.0,2026-02-01T00:00:00Z
2025-02-28,E00309,0,0.0,0.0,2026-03-01T00:00:00Z
2025-03-31,E00309,0,0.0,0.0,2026-04-01T00:00:00Z
2025-04-30,E00309,0,0.0,0.0,2026-05-01T00:00:00Z
2025-05-31,E00309,0,0.0,0.0,2026-06-01T00:00:00Z
2025-06-30,E00309,0,0.0,0.0,2026-07-01T00:00:00Z
2023-07-31,E00310,0,0.0,0.0,2024-07-31T00:00:00Z
2023-08-31,E00310,0,0.0,0.0,2024-08-31T00:00:00Z
2023-09-30,E00310,0,0.0,0.0,2024-09-30T00:00:00Z
2023-10-31,E00310,0,0.0,0.0,2024-10-31T00:00:00Z
2023-11-30,E00310,0,0.0,0.0,2024-11-30T00:00:00Z
2023-12-31,E00310,0,0.0,0.0,2024-12-31T00:00:00Z
2024-01-31,E00310,0,0.0,0.0,2025-01-31T00:00:00Z
2024-02-29,E00310,0,0.0,0.0,2025-03-01T00:00:00Z
2024-03-31,E00310,0,0.0,0.0,2025-04-01T00:00:00Z
2024-04-30,E00310,0,0.0,0.0,2025-05-01T00:00:00Z
2024-05-31,E00310,0,0.0,0.0,2025-06-01T00:00:00Z
2024-06-30,E00310,0,0.0,0.0,2025-07-01T00:00:00Z
2024-07-31,E00310,0,0.0,0.0,2025-08-01T00:00:00Z
2024-08-31,E00310,0,0.0,0.0,2025-09-01T00:00:00Z
2024-09-30,E00310,0,0.0,0.0,2025-10-01T00:00:00Z
2024-10-31,E00310,0,0.0,0.0,2025-11-01T00:00:00Z
2024-11-30,E00310,0,0.0,0.0,2025-12-01T00:00:00Z
2024-12-31,E00310,0,0.0,0.0,2026-01-01T00:00:00Z
2025-01-31,E00310,0,0.0,0.0,2026-02-01T00:00:00Z
2025-02-28,E00310,0,0.0,0.0,2026-03-01T00:00:00Z
2025-03-31,E00310,0,0.0,0.0,2026-04-01T00:00:00Z
2025-04-30,E00310,0,0.0,0.0,2026-05-01T00:00:00Z
2025-05-31,E00310,0,0.0,0.0,2026-06-01T00:00:00Z
2025-06-30,E00310,0,0.0,0.0,2026-07-01T00:00:00Z
2023-07-31,E00311,0,0.0,0.0,2024-07-31T00:00:00Z
2023-08-31,E00311,0,0.0,0.0,2024-08-31T00:00:00Z
2023-09-30,E00311,0,0.0,0.0,2024-09-30T00:00:00Z
2023-10-31,E00311,0,0.0,0.0,2024-10-31T00:00:00Z
2023-11-30,E00311,0,0.0,0.0,2024-11-30T00:00:00Z
2023-12-31,E00311,0,0.0,0.0,2024-12-31T00:00:00Z
2024-01-31,E00311,0,0.0,0.0,2025-01-31T00:00:00Z
2024-02-29,E00311,0,0.0,0.0,2025-03-01T00:00:00Z
2024-03-31,E00311,0,0.0,0.0,2025-04-01T00:00:00Z
2024-04-30,E00311,0,0.0,0.0,2025-05-01T00:00:00Z
2024-05-31,E00311,0,0.0,0.0,2025-06-01T00:00:00Z
2024-06-30,E00311,0,0.0,0.0,2025-07-01T00:00:00Z
2024-07-31,E00311,0,0.0,0.0,2025-08-01T00:00:00Z
2024-08-31,E00311,0,0.0,0.0,2025-09-01T00:00:00Z
2024-09-30,E00311,0,0.0,0.0,2025-10-01T00:00:00Z
2024-10-31,E00311,0,0.0,0.0,2025-11-01T00:00:00Z
2024-11-30,E00311,0,0.0,0.0,2025-12-01T00:00:00Z
2024-12-31,E00311,0,0.0,0.0,2026-01-01T00:00:00Z
2025-01-31,E00311,0,0.0,0.0,2026-02-01T00:00:00Z
2025-02-28,E00311,0,0.0,0.0,2026-03-01T00:00:00Z
2025-03-31,E00311,0,0.0,0.0,2026-04-01T00:00:00Z
2025-04-30,E00311,0,0.0,0.0,2026-05-01T00:00:00Z
2025-05-31,E00311,0,0.0,0.0,2026-06-01T00:00:00Z
2025-06-30,E00311,0,0.0,0.0,2026-07-01T00:00:00Z
2023-07-31,E00312,0,0.0,0.0,2024-07-31T00:00:00Z
2023-08-31,E00312,0,0.0,0.0,2024-08-31T00:00:00Z
2023-09-30,E00312,0,0.0,0.0,2024-09-30T00:00:00Z
2023-10-31,E00312,0,0.0,0.0,2024-10-31T00:00:00Z
2023-11-30,E00312,0,0.0,0.0,2024-11-30T00:00:00Z
2023-12-31,E00312,0,0.0,0.0,2024-12-31T00:00:00Z
2024-01-31,E00312,0,0.0,0.0,2025-01-31T00:00:00Z
2024-02-29,E00312,0,0.0,0.0,2025-03-01T00:00:00Z
2024-03-31,E00312,0,0.0,0.0,2025-04-01T00:00:00Z
2024-04-30,E00312,0,0.0,0.0,2025-05-01T00:00:00Z
2024-05-31,E00312,0,0.0,0.0,2025-06-01T00:00:00Z
2024-06-30,E00312,0,0.0,0.0,2025-07-01T00:00:00Z
2024-07-31,E00312,0,0.0,0.0,2025-08-01T00:00:00Z
2024-08-31,E00312,0,0.0,0.0,2025-09-01T00:00:00Z
2024-09-30,E00312,0,0.0,0.0,2025-10-01T00:00:00Z
2024-10-31,E00312,0,0.0,0.0,2025-11-01T00:00:00Z
2024-11-30,E00312,0,0.0,0.0,2025-12-01T00:00:00Z
2024-12-31,E00312,0,0.0,0.0,2026-01-01T00:00:00Z
2025-01-31,E00312,0,0.0,0.0,2026-02-01T00:00:00Z
2025-02-28,E00312,0,0.0,0.0,2026-03-01T00:00:00Z
2025-03-31,E00312,0,0.0,0.0,2026-04-01T00:00:00Z
2025-04-30,E00312,0,0.0,0.0,2026-05-01T00:00:00Z
2025-05-31,E00312,0,0.0,0.0,2026-06-01T00:00:00Z
2025-06-30,E00312,0,0.0,0.0,2026-07-01T00:00:00Z
2023-07-31,E00313,0,0.0,0.0,2024-07-31T00:00:00Z
2023-08-31,E00313,0,0.0,0.0,2024-08-31T00:00:00Z
2023-09-30,E00313,0,0.0,0.0,2024-09-30T00:00:00Z
2023-10-31,E00313,0,0.0,0.0,2024-10-31T00:00:00Z
2023-11-30,E00313,0,0.0,0.0,2024-11-30T00:00:00Z
2023-12-31,E00313,0,0.0,0.0,2024-12-31T00:00:00Z
2024-01-31,E00313,0,0.0,0.0,2025-01-31T00:00:00Z
2024-02-29,E00313,0,0.0,0.0,2025-03-01T00:00:00Z
2024-03-31,E00313,0,0.0,0.0,2025-04-01T00:00:00Z
2024-04-30,E00313,0,0.0,0.0,2025-05-01T00:00:00Z
2024-05-31,E00313,0,0.0,0.0,2025-06-01T00:00:00Z
2024-06-30,E00313,0,0.0,0.0,2025-07-01T00:00:00Z
2024-07-31,E00313,0,0.0,0.0,2025-08-01T00:00:00Z
2024-08-31,E00313,0,0.0,0.0,2025-09-01T00:00:00Z
2024-09-30,E00313,0,0.0,0.0,2025-10-01T00:00:00Z
2024-10-31,E00313,0,0.0,0.0,2025-11-01T00:00:00Z
2024-11-30,E00313,0,0.0,0.0,2025-12-01T00:00:00Z
2024-12-31,E00313,0,0.0,0.0,2026-01-01T00:00:00Z
2025-01-31,E00313,0,0.0,0.0,2026-02-01T00:00:00Z
2025-02-28,E00313,0,0.0,0.0,2026-03-01T00:00:00Z
2025-03-31,E00313,0,0.0,0.0,2026-04-01T00:00:00Z
2025-04-30,E00313,0,0.0,0.0,2026-05-01T00:00:00Z
2025-05-31,E00313,0,0.0,0.0,2026-06-01T00:00:00Z
2025-06-30,E00313,0,0.0,0.0,2026-07-01T00:00:00Z
2023-07-31,E00314,0,0.0,0.0,2024-07-31T00:00:00Z
2023-08-31,E00314,0,0.0,0.0,2024-08-31T00:00:00Z
2023-09-30,E00314,0,0.0,0.0,2024-09-30T00:00:00Z
2023-10-31,E00314,0,0.0,0.0,2024-10-31T00:00:00Z
2023-11-30,E00314,0,0.0,0.0,2024-11-30T00:00:00Z
2023-12-31,E00314,0,0.0,0.0,2024-12-31T00:00:00Z
2024-01-31,E00314,0,0.0,0.0,2025-01-31T00:00:00Z
2024-02-29,E00314,0,0.0,0.0,2025-03-01T00:00:00Z
2024-03-31,E00314,0,0.0,0.0,2025-04-01T00:00:00Z
2024-04-30,E00314,0,0.0,0.0,2025-05-01T00:00:00Z
2024-05-31,E00314,0,0.0,0.0,2025-06-01T00:00:00Z
2024-06-30,E00314,0,0.0,0.0,2025-07-01T00:00:00Z
2024-07-31,E00314,0,0.0,0.0,2025-08-01T00:00:00Z
2024-08-31,E00314,0,0.0,0.0,2025-09-01T00:00:00Z
2024-09-30,E00314,0,0.0,0.0,2025-10-01T00:00:00Z
2024-10-31,E00314,0,0.0,0.0,2025-11-01T00:00:00Z
2024-11-30,E00314,0,0.0,0.0,2025-12-01T00:00:00Z
2024-12-31,E00314,0,0.0,0.0,2026-01-01T00:00:00Z
2025-01-31,E00314,0,0.0,0.0,2026-02-01T00:00:00Z
2025-02-28,E00314,0,0.0,0.0,2026-03-01T00:00:00Z
2025-03-31,E00314,0,0.0,0.0,2026-04-01T00:00:00Z
2025-04-30,E00314,0,0.0,0.0,2026-05-01T00:00:00Z
2025-05-31,E00314,0,0.0,0.0,2026-06-01T00:00:00Z
2025-06-30,E00314,0,0.0,0.0,2026-07-01T00:00:00Z
2023-07-31,E00315,0,0.0,0.0,2024-07-31T00:00:00Z
2023-08-31,E00315,0,0.0,0.0,2024-08-31T00:00:00Z
2023-09-30,E00315,0,0.0,0.0,2024-09-30T00:00:00Z
2023-10-31,E00315,0,0.0,0.0,2024-10-31T00:00:00Z
2023-11-30,E00315,1,0.1171,16243.05,2024-11-30T00:00:00Z
2023-12-31,E00315,1,0.0257,3560.63,2024-12-31T00:00:00Z
2024-01-31,E00315,1,0.0375,5203.65,2025-01-31T00:00:00Z
2024-02-29,E00315,1,0.0,0.0,2025-03-01T00:00:00Z
2024-03-31,E00315,1,0.0361,5007.3,2025-04-01T00:00:00Z
2024-04-30,E00315,1,0.0,0.0,2025-05-01T00:00:00Z
2024-05-31,E00315,1,0.0257,3562.82,2025-06-01T00:00:00Z
2024-06-30,E00315,1,0.0,0.0,2025-07-01T00:00:00Z
2024-07-31,E00315,1,0.052,7214.42,2025-08-01T00:00:00Z
2024-08-31,E00315,1,0.023,3192.3,2025-09-01T00:00:00Z
2024-09-30,E00315,1,0.0,0.0,2025-10-01T00:00:00Z
2024-10-31,E00315,1,0.0129,1795.04,2025-11-01T00:00:00Z
2024-11-30,E00315,0,0.0,0.0,2025-12-01T00:00:00Z
2024-12-31,E00315,0,0.0,0.0,2026-01-01T00:00:00Z
2025-01-31,E00315,0,0.0,0.0,2026-02-01T00:00:00Z
2025-02-28,E00315,0,0.0,0.0,2026-03-01T00:00:00Z
2025-03-31,E00315,0,0.0,0.0,2026-04-01T00:00:00Z
2025-04-30,E00315,0,0.0,0.0,2026-05-01T00:00:00Z
2025-05-31,E00315,0,0.0,0.0,2026-06-01T00:00:00Z
2025-06-30,E00315,0,0.0,0.0,2026-07-01T00:00:00Z
2023-07-31,E00316,0,0.0,0.0,2024-07-31T00:00:00Z
2023-08-31,E00316,0,0.0,0.0,2024-08-31T00:00:00Z
2023-09-30,E00316,0,0.0,0.0,2024-09-30T00:00:00Z
2023-10-31,E00316,0,0.0,0.0,2024-10-31T00:00:00Z
2023-11-30,E00316,0,0.0,0.0,2024-11-30T00:00:00Z
2023-12-31,E00316,0,0.0,0.0,2024-12-31T00:00:00Z
2024-01-31,E00316,0,0.0,0.0,2025-01-31T00:00:00Z
2024-02-29,E00316,0,0.0,0.0,2025-03-01T00:00:00Z
2024-03-31,E00316,0,0.0,0.0,2025-04-01T00:00:00Z
2024-04-30,E00316,0,0.0,0.0,2025-05-01T00:00:00Z
2024-05-31,E00316,0,0.0,0.0,2025-06-01T00:00:00Z
2024-06-30,E00316,0,0.0,0.0,2025-07-01T00:00:00Z
2024-07-31,E00316,0,0.0,0.0,2025-08-01T00:00:00Z
2024-08-31,E00316,0,0.0,0.0,2025-09-01T00:00:00Z
2024-09-30,E00316,0,0.0,0.0,2025-10-01T00:00:00Z
2024-10-31,E00316,0,0.0,0.0,2025-11-01T00:00:00Z
2024-11-30,E00316,0,0.0,0.0,2025-12-01T00:00:00Z
2024-12-31,E00316,0,0.0,0.0,2026-01-01T00:00:00Z
2025-01-31,E00316,0,0.0,0.0,2026-02-01T00:00:00Z
2025-02-28,E00316,0,0.0,0.0,2026-03-01T00:00:00Z
2025-03-31,E00316,0,0.0,0.0,2026-04-01T00:00:00Z
2025-04-30,E00316,0,0.0,0.0,2026-05-01T00:00:00Z
2025-05-31,E00316,0,0.0,0.0,2026-06-01T00:00:00Z
2025-06-30,E00316,0,0.0,0.0,2026-07-01T00:00:00Z
2023-07-31,E00317,0,0.0,0.0,2024-07-31T00:00:00Z
2023-08-31,E00317,0,0.0,0.0,2024-08-31T00:00:00Z
2023-09-30,E00317,0,0.0,0.0,2024-09-30T00:00:00Z
2023-10-31,E00317,0,0.0,0.0,2024-10-31T00:00:00Z
2023-11-30,E00317,0,0.0,0.0,2024-11-30T00:00:00Z
2023-12-31,E00317,0,0.0,0.0,2024-12-31T00:00:00Z
2024-01-31,E00317,0,0.0,0.0,2025-01-31T00:00:00Z
2024-02-29,E00317,0,0.0,0.0,2025-03-01T00:00:00Z
2024-03-31,E00317,0,0.0,0.0,2025-04-01T00:00:00Z
2024-04-30,E00317,0,0.0,0.0,2025-05-01T00:00:00Z
2024-05-31,E00317,0,0.0,0.0,2025-06-01T00:00:00Z
2024-06-30,E00317,0,0.0,0.0,2025-07-01T00:00:00Z
2024-07-31,E00317,0,0.0,0.0,2025-08-01T00:00:00Z
2024-08-31,E00317,0,0.0,0.0,2025-09-01T00:00:00Z
2024-09-30,E00317,0,0.0,0.0,2025-10-01T00:00:00Z
2024-10-31,E00317,0,0.0,0.0,2025-11-01T00:00:00Z
2024-11-30,E00317,0,0.0,0.0,2025-12-01T00:00:00Z
2024-12-31,E00317,0,0.0,0.0,2026-01-01T00:00:00Z
2025-01-31,E00317,0,0.0,0.0,2026-02-01T00:00:00Z
2025-02-28,E00317,0,0.0,0.0,2026-03-01T00:00:00Z
2025-03-31,E00317,0,0.0,0.0,2026-04-01T00:00:00Z
2025-04-30,E00317,0,0.0,0.0,2026-05-01T00:00:00Z
2025-05-31,E00317,0,0.0,0.0,2026-06-01T00:00:00Z
2025-06-30,E00317,0,0.0,0.0,2026-07-01T00:00:00Z
2023-07-31,E00318,0,0.0,0.0,2024-07-31T00:00:00Z
2023-08-31,E00318,0,0.0,0.0,2024-08-31T00:00:00Z
2023-09-30,E00318,0,0.0,0.0,2024-09-30T00:00:00Z
2023-10-31,E00318,0,0.0,0.0,2024-10-31T00:00:00Z
2023-11-30,E00318,0,0.0,0.0,2024-11-30T00:00:00Z
2023-12-31,E00318,0,0.0,0.0,2024-12-31T00:00:00Z
2024-01-31,E00318,0,0.0,0.0,2025-01-31T00:00:00Z
2024-02-29,E00318,0,0.0,0.0,2025-03-01T00:00:00Z
2024-03-31,E00318,0,0.0,0.0,2025-04-01T00:00:00Z
2024-04-30,E00318,0,0.0,0.0,2025-05-01T00:00:00Z
2024-05-31,E00318,0,0.0,0.0,2025-06-01T00:00:00Z
2024-06-30,E00318,0,0.0,0.0,2025-07-01T00:00:00Z
2024-07-31,E00318,0,0.0,0.0,2025-08-01T00:00:00Z
2024-08-31,E00318,0,0.0,0.0,2025-09-01T00:00:00Z
2024-09-30,E00318,0,0.0,0.0,2025-10-01T00:00:00Z
2024-10-31,E00318,0,0.0,0.0,2025-11-01T00:00:00Z
2024-11-30,E00318,0,0.0,0.0,2025-12-01T00:00:00Z
2024-12-31,E00318,0,0.0,0.0,2026-01-01T00:00:00Z
2025-01-31,E00318,0,0.0,0.0,2026-02-01T00:00:00Z
2025-02-28,E00318,0,0.0,0.0,2026-03-01T00:00:00Z
2025-03-31,E00318,0,0.0,0.0,2026-04-01T00:00:00Z
2025-04-30,E00318,0,0.0,0.0,2026-05-01T00:00:00Z
2025-05-31,E00318,0,0.0,0.0,2026-06-01T00:00:00Z
2025-06-30,E00318,0,0.0,0.0,2026-07-01T00:00:00Z
2023-07-31,E00319,0,0.0,0.0,2024-07-31T00:00:00Z
2023-08-31,E00319,0,0.0,0.0,2024-08-31T00:00:00Z
2023-09-30,E00319,0,0.0,0.0,2024-09-30T00:00:00Z
2023-10-31,E00319,0,0.0,0.0,2024-10-31T00:00:00Z
2023-11-30,E00319,0,0.0,0.0,2024-11-30T00:00:00Z
2023-12-31,E00319,0,0.0,0.0,2024-12-31T00:00:00Z
2024-01-31,E00319,0,0.0,0.0,2025-01-31T00:00:00Z
2024-02-29,E00319,0,0.0,0.0,2025-03-01T00:00:00Z
2024-03-31,E00319,0,0.0,0.0,2025-04-01T00:00:00Z
2024-04-30,E00319,0,0.0,0.0,2025-05-01T00:00:00Z
2024-05-31,E00319,0,0.0,0.0,2025-06-01T00:00:00Z
2024-06-30,E00319,0,0.0,0.0,2025-07-01T00:00:00Z
2024-07-31,E00319,0,0.0,0.0,2025-08-01T00:00:00Z
2024-08-31,E00319,0,0.0,0.0,2025-09-01T00:00:00Z
2024-09-30,E00319,0,0.0,0.0,2025-10-01T00:00:00Z
2024-10-31,E00319,0,0.0,0.0,2025-11-01T00:00:00Z
2024-11-30,E00319,0,0.0,0.0,2025-12-01T00:00:00Z
2024-12-31,E00319,0,0.0,0.0,2026-01-01T00:00:00Z
2025-01-31,E00319,0,0.0,0.0,2026-02-01T00:00:00Z
2025-02-28,E00319,0,0.0,0.0,2026-03-01T00:00:00Z
2025-03-31,E00319,0,0.0,0.0,2026-04-01T00:00:00Z
2025-04-30,E00319,0,0.0,0.0,2026-05-01T00:00:00Z
2025-05-31,E00319,0,0.0,0.0,2026-06-01T00:00:00Z
2025-06-30,E00319,0,0.0,0.0,2026-07-01T00:00:00Z
2023-07-31,E00320,0,0.0,0.0,2024-07-31T00:00:00Z
2023-08-31,E00320,0,0.0,0.0,2024-08-31T00:00:00Z
2023-09-30,E00320,0,0.0,0.0,2024-09-30T00:00:00Z
2023-10-31,E00320,0,0.0,0.0,2024-10-31T00:00:00Z
2023-11-30,E00320,0,0.0,0.0,2024-11-30T00:00:00Z
2023-12-31,E00320,0,0.0,0.0,2024-12-31T00:00:00Z
2024-01-31,E00320,0,0.0,0.0,2025-01-31T00:00:00Z
2024-02-29,E00320,0,0.0,0.0,2025-03-01T00:00:00Z
2024-03-31,E00320,0,0.0,0.0,2025-04-01T00:00:00Z
2024-04-30,E00320,0,0.0,0.0,2025-05-01T00:00:00Z
2024-05-31,E00320,0,0.0,0.0,2025-06-01T00:00:00Z
2024-06-30,E00320,0,0.0,0.0,2025-07-01T00:00:00Z
2024-07-31,E00320,0,0.0,0.0,2025-08-01T00:00:00Z
2024-08-31,E00320,0,0.0,0.0,2025-09-01T00:00:00Z
2024-09-30,E00320,0,0.0,0.0,2025-10-01T00:00:00Z
2024-10-31,E00320,0,0.0,0.0,2025-11-01T00:00:00Z
2024-11-30,E00320,0,0.0,0.0,2025-12-01T00:00:00Z
2024-12-31,E00320,0,0.0,0.0,2026-01-01T00:00:00Z
2025-01-31,E00320,0,0.0,0.0,2026-02-01T00:00:00Z
2025-02-28,E00320,0,0.0,0.0,2026-03-01T00:00:00Z
2025-03-31,E00320,0,0.0,0.0,2026-04-01T00:00:00Z
2025-04-30,E00320,0,0.0,0.0,2026-05-01T00:00:00Z
2025-05-31,E00320,0,0.0,0.0,2026-06-01T00:00:00Z
2025-06-30,E00320,0,0.0,0.0,2026-07-01T00:00:00Z
2023-07-31,E00321,0,0.0,0.0,2024-07-31T00:00:00Z
2023-08-31,E00321,0,0.0,0.0,2024-08-31T00:00:00Z
2023-09-30,E00321,0,0.0,0.0,2024-09-30T00:00:00Z
2023-10-31,E00321,0,0.0,0.0,2024-10-31T00:00:00Z
2023-11-30,E00321,0,0.0,0.0,2024-11-30T00:00:00Z
2023-12-31,E00321,0,0.0,0.0,2024-12-31T00:00:00Z
2024-01-31,E00321,0,0.0,0.0,2025-01-31T00:00:00Z
2024-02-29,E00321,0,0.0,0.0,2025-03-01T00:00:00Z
2024-03-31,E00321,0,0.0,0.0,2025-04-01T00:00:00Z
2024-04-30,E00321,0,0.0,0.0,2025-05-01T00:00:00Z
2024-05-31,E00321,0,0.0,0.0,2025-06-01T00:00:00Z
2024-06-30,E00321,0,0.0,0.0,2025-07-01T00:00:00Z
2024-07-31,E00321,0,0.0,0.0,2025-08-01T00:00:00Z
2024-08-31,E00321,0,0.0,0.0,2025-09-01T00:00:00Z
2024-09-30,E00321,0,0.0,0.0,2025-10-01T00:00:00Z
2024-10-31,E00321,0,0.0,0.0,2025-11-01T00:00:00Z
2024-11-30,E00321,0,0.0,0.0,2025-12-01T00:00:00Z
2024-12-31,E00321,0,0.0,0.0,2026-01-01T00:00:00Z
2025-01-31,E00321,0,0.0,0.0,2026-02-01T00:00:00Z
2025-02-28,E00321,0,0.0,0.0,2026-03-01T00:00:00Z
2025-03-31,E00321,0,0.0,0.0,2026-04-01T00:00:00Z
2025-04-30,E00321,0,0.0,0.0,2026-05-01T00:00:00Z
2025-05-31,E00321,0,0.0,0.0,2026-06-01T00:00:00Z
2025-06-30,E00321,0,0.0,0.0,2026-07-01T00:00:00Z
2023-07-31,E00322,0,0.0,0.0,2024-07-31T00:00:00Z
2023-08-31,E00322,0,0.0,0.0,2024-08-31T00:00:00Z
2023-09-30,E00322,0,0.0,0.0,2024-09-30T00:00:00Z
2023-10-31,E00322,0,0.0,0.0,2024-10-31T00:00:00Z
2023-11-30,E00322,0,0.0,0.0,2024-11-30T00:00:00Z
2023-12-31,E00322,0,0.0,0.0,2024-12-31T00:00:00Z
2024-01-31,E00322,0,0.0,0.0,2025-01-31T00:00:00Z
2024-02-29,E00322,0,0.0,0.0,2025-03-01T00:00:00Z
2024-03-31,E00322,0,0.0,0.0,2025-04-01T00:00:00Z
2024-04-30,E00322,0,0.0,0.0,2025-05-01T00:00:00Z
2024-05-31,E00322,0,0.0,0.0,2025-06-01T00:00:00Z
2024-06-30,E00322,0,0.0,0.0,2025-07-01T00:00:00Z
2024-07-31,E00322,0,0.0,0.0,2025-08-01T00:00:00Z
2024-08-31,E00322,0,0.0,0.0,2025-09-01T00:00:00Z
2024-09-30,E00322,0,0.0,0.0,2025-10-01T00:00:00Z
2024-10-31,E00322,0,0.0,0.0,2025-11-01T00:00:00Z
2024-11-30,E00322,0,0.0,0.0,2025-12-01T00:00:00Z
2024-12-31,E00322,0,0.0,0.0,2026-01-01T00:00:00Z
2025-01-31,E00322,0,0.0,0.0,2026-02-01T00:00:00Z
2025-02-28,E00322,0,0.0,0.0,2026-03-01T00:00:00Z
2025-03-31,E00322,0,0.0,0.0,2026-04-01T00:00:00Z
2025-04-30,E00322,0,0.0,0.0,2026-05-01T00:00:00Z
2025-05-31,E00322,0,0.0,0.0,2026-06-01T00:00:00Z
2025-06-30,E00322,0,0.0,0.0,2026-07-01T00:00:00Z
2023-07-31,E00323,0,0.0,0.0,2024-07-31T00:00:00Z
2023-08-31,E00323,0,0.0,0.0,2024-08-31T00:00:00Z
2023-09-30,E00323,0,0.0,0.0,2024-09-30T00:00:00Z
2023-10-31,E00323,0,0.0,0.0,2024-10-31T00:00:00Z
2023-11-30,E00323,0,0.0,0.0,2024-11-30T00:00:00Z
2023-12-31,E00323,0,0.0,0.0,2024-12-31T00:00:00Z
2024-01-31,E00323,0,0.0,0.0,2025-01-31T00:00:00Z
2024-02-29,E00323,0,0.0,0.0,2025-03-01T00:00:00Z
2024-03-31,E00323,0,0.0,0.0,2025-04-01T00:00:00Z
2024-04-30,E00323,0,0.0,0.0,2025-05-01T00:00:00Z
2024-05-31,E00323,0,0.0,0.0,2025-06-01T00:00:00Z
2024-06-30,E00323,0,0.0,0.0,2025-07-01T00:00:00Z
2024-07-31,E00323,0,0.0,0.0,2025-08-01T00:00:00Z
2024-08-31,E00323,0,0.0,0.0,2025-09-01T00:00:00Z
2024-09-30,E00323,0,0.0,0.0,2025-10-01T00:00:00Z
2024-10-31,E00323,0,0.0,0.0,2025-11-01T00:00:00Z
2024-11-30,E00323,0,0.0,0.0,2025-12-01T00:00:00Z
2024-12-31,E00323,0,0.0,0.0,2026-01-01T00:00:00Z
2025-01-31,E00323,0,0.0,0.0,2026-02-01T00:00:00Z
2025-02-28,E00323,0,0.0,0.0,2026-03-01T00:00:00Z
2025-03-31,E00323,0,0.0,0.0,2026-04-01T00:00:00Z
2025-04-30,E00323,0,0.0,0.0,2026-05-01T00:00:00Z
2025-05-31,E00323,0,0.0,0.0,2026-06-01T00:00:00Z
2025-06-30,E00323,0,0.0,0.0,2026-07-01T00:00:00Z
2023-07-31,E00324,0,0.0,0.0,2024-07-31T00:00:00Z
2023-08-31,E00324,0,0.0,0.0,2024-08-31T00:00:00Z
2023-09-30,E00324,0,0.0,0.0,2024-09-30T00:00:00Z
2023-10-31,E00324,0,0.0,0.0,2024-10-31T00:00:00Z
2023-11-30,E00324,0,0.0,0.0,2024-11-30T00:00:00Z
2023-12-31,E00324,0,0.0,0.0,2024-12-31T00:00:00Z
2024-01-31,E00324,0,0.0,0.0,2025-01-31T00:00:00Z
2024-02-29,E00324,0,0.0,0.0,2025-03-01T00:00:00Z
2024-03-31,E00324,0,0.0,0.0,2025-04-01T00:00:00Z
2024-04-30,E00324,0,0.0,0.0,2025-05-01T00:00:00Z
2024-05-31,E00324,0,0.0,0.0,2025-06-01T00:00:00Z
2024-06-30,E00324,0,0.0,0.0,2025-07-01T00:00:00Z
2024-07-31,E00324,0,0.0,0.0,2025-08-01T00:00:00Z
2024-08-31,E00324,0,0.0,0.0,2025-09-01T00:00:00Z
2024-09-30,E00324,0,0.0,0.0,2025-10-01T00:00:00Z
2024-10-31,E00324,0,0.0,0.0,2025-11-01T00:00:00Z
2024-11-30,E00324,0,0.0,0.0,2025-12-01T00:00:00Z
2024-12-31,E00324,0,0.0,0.0,2026-01-01T00:00:00Z
2025-01-31,E00324,0,0.0,0.0,2026-02-01T00:00:00Z
2025-02-28,E00324,0,0.0,0.0,2026-03-01T00:00:00Z
2025-03-31,E00324,0,0.0,0.0,2026-04-01T00:00:00Z
2025-04-30,E00324,0,0.0,0.0,2026-05-01T00:00:00Z
2025-05-31,E00324,0,0.0,0.0,2026-06-01T00:00:00Z
2025-06-30,E00324,0,0.0,0.0,2026-07-01T00:00:00Z
2023-07-31,E00325,0,0.0,0.0,2024-07-31T00:00:00Z
2023-08-31,E00325,0,0.0,0.0,2024-08-31T00:00:00Z
2023-09-30,E00325,0,0.0,0.0,2024-09-30T00:00:00Z
2023-10-31,E00325,0,0.0,0.0,2024-10-31T00:00:00Z
2023-11-30,E00325,0,0.0,0.0,2024-11-30T00:00:00Z
2023-12-31,E00325,0,0.0,0.0,2024-12-31T00:00:00Z
2024-01-31,E00325,0,0.0,0.0,2025-01-31T00:00:00Z
2024-02-29,E00325,0,0.0,0.0,2025-03-01T00:00:00Z
2024-03-31,E00325,0,0.0,0.0,2025-04-01T00:00:00Z
2024-04-30,E00325,0,0.0,0.0,2025-05-01T00:00:00Z
2024-05-31,E00325,0,0.0,0.0,2025-06-01T00:00:00Z
2024-06-30,E00325,0,0.0,0.0,2025-07-01T00:00:00Z
2024-07-31,E00325,0,0.0,0.0,2025-08-01T00:00:00Z
2024-08-31,E00325,0,0.0,0.0,2025-09-01T00:00:00Z
2024-09-30,E00325,0,0.0,0.0,2025-10-01T00:00:00Z
2024-10-31,E00325,0,0.0,0.0,2025-11-01T00:00:00Z
2024-11-30,E00325,0,0.0,0.0,2025-12-01T00:00:00Z
2024-12-31,E00325,0,0.0,0.0,2026-01-01T00:00:00Z
2025-01-31,E00325,0,0.0,0.0,2026-02-01T00:00:00Z
2025-02-28,E00325,0,0.0,0.0,2026-03-01T00:00:00Z
2025-03-31,E00325,0,0.0,0.0,2026-04-01T00:00:00Z
2025-04-30,E00325,0,0.0,0.0,2026-05-01T00:00:00Z
2025-05-31,E00325,0,0.0,0.0,2026-06-01T00:00:00Z
2025-06-30,E00325,0,0.0,0.0,2026-07-01T00:00:00Z
2023-07-31,E00326,0,0.0,0.0,2024-07-31T00:00:00Z
2023-08-31,E00326,0,0.0,0.0,2024-08-31T00:00:00Z
2023-09-30,E00326,0,0.0,0.0,2024-09-30T00:00:00Z
2023-10-31,E00326,0,0.0,0.0,2024-10-31T00:00:00Z
2023-11-30,E00326,0,0.0,0.0,2024-11-30T00:00:00Z
2023-12-31,E00326,0,0.0,0.0,2024-12-31T00:00:00Z
2024-01-31,E00326,0,0.0,0.0,2025-01-31T00:00:00Z
2024-02-29,E00326,0,0.0,0.0,2025-03-01T00:00:00Z
2024-03-31,E00326,0,0.0,0.0,2025-04-01T00:00:00Z
2024-04-30,E00326,0,0.0,0.0,2025-05-01T00:00:00Z
2024-05-31,E00326,0,0.0,0.0,2025-06-01T00:00:00Z
2024-06-30,E00326,0,0.0,0.0,2025-07-01T00:00:00Z
2024-07-31,E00326,0,0.0,0.0,2025-08-01T00:00:00Z
2024-08-31,E00326,0,0.0,0.0,2025-09-01T00:00:00Z
2024-09-30,E00326,0,0.0,0.0,2025-10-01T00:00:00Z
2024-10-31,E00326,0,0.0,0.0,2025-11-01T00:00:00Z
2024-11-30,E00326,0,0.0,0.0,2025-12-01T00:00:00Z
2024-12-31,E00326,0,0.0,0.0,2026-01-01T00:00:00Z
2025-01-31,E00326,0,0.0,0.0,2026-02-01T00:00:00Z
2025-02-28,E00326,0,0.0,0.0,2026-03-01T00:00:00Z
2025-03-31,E00326,0,0.0,0.0,2026-04-01T00:00:00Z
2025-04-30,E00326,0,0.0,0.0,2026-05-01T00:00:00Z
2025-05-31,E00326,0,0.0,0.0,2026-06-01T00:00:00Z
2025-06-30,E00326,0,0.0,0.0,2026-07-01T00:00:00Z
2023-07-31,E00327,0,0.0,0.0,2024-07-31T00:00:00Z
2023-08-31,E00327,0,0.0,0.0,2024-08-31T00:00:00Z
2023-09-30,E00327,0,0.0,0.0,2024-09-30T00:00:00Z
2023-10-31,E00327,0,0.0,0.0,2024-10-31T00:00:00Z
2023-11-30,E00327,0,0.0,0.0,2024-11-30T00:00:00Z
2023-12-31,E00327,0,0.0,0.0,2024-12-31T00:00:00Z
2024-01-31,E00327,0,0.0,0.0,2025-01-31T00:00:00Z
2024-02-29,E00327,0,0.0,0.0,2025-03-01T00:00:00Z
2024-03-31,E00327,0,0.0,0.0,2025-04-01T00:00:00Z
2024-04-30,E00327,0,0.0,0.0,2025-05-01T00:00:00Z
2024-05-31,E00327,0,0.0,0.0,2025-06-01T00:00:00Z
2024-06-30,E00327,0,0.0,0.0,2025-07-01T00:00:00Z
2024-07-31,E00327,0,0.0,0.0,2025-08-01T00:00:00Z
2024-08-31,E00327,0,0.0,0.0,2025-09-01T00:00:00Z
2024-09-30,E00327,0,0.0,0.0,2025-10-01T00:00:00Z
2024-10-31,E00327,0,0.0,0.0,2025-11-01T00:00:00Z
2024-11-30,E00327,0,0.0,0.0,2025-12-01T00:00:00Z
2024-12-31,E00327,0,0.0,0.0,2026-01-01T00:00:00Z
2025-01-31,E00327,0,0.0,0.0,2026-02-01T00:00:00Z
2025-02-28,E00327,0,0.0,0.0,2026-03-01T00:00:00Z
2025-03-31,E00327,0,0.0,0.0,2026-04-01T00:00:00Z
2025-04-30,E00327,0,0.0,0.0,2026-05-01T00:00:00Z
2025-05-31,E00327,0,0.0,0.0,2026-06-01T00:00:00Z
2025-06-30,E00327,0,0.0,0.0,2026-07-01T00:00:00Z
2023-07-31,E00328,0,0.0,0.0,2024-07-31T00:00:00Z
2023-08-31,E00328,0,0.0,0.0,2024-08-31T00:00:00Z
2023-09-30,E00328,0,0.0,0.0,2024-09-30T00:00:00Z
2023-10-31,E00328,0,0.0,0.0,2024-10-31T00:00:00Z
2023-11-30,E00328,0,0.0,0.0,2024-11-30T00:00:00Z
2023-12-31,E00328,0,0.0,0.0,2024-12-31T00:00:00Z
2024-01-31,E00328,0,0.0,0.0,2025-01-31T00:00:00Z
2024-02-29,E00328,0,0.0,0.0,2025-03-01T00:00:00Z
2024-03-31,E00328,0,0.0,0.0,2025-04-01T00:00:00Z
2024-04-30,E00328,0,0.0,0.0,2025-05-01T00:00:00Z
2024-05-31,E00328,0,0.0,0.0,2025-06-01T00:00:00Z
2024-06-30,E00328,0,0.0,0.0,2025-07-01T00:00:00Z
2024-07-31,E00328,0,0.0,0.0,2025-08-01T00:00:00Z
2024-08-31,E00328,1,0.1188,18171.4,2025-09-01T00:00:00Z
2024-09-30,E00328,1,0.1134,17352.77,2025-10-01T00:00:00Z
2024-10-31,E00328,1,0.0932,14252.04,2025-11-01T00:00:00Z
2024-11-30,E00328,1,0.127,19421.77,2025-12-01T00:00:00Z
2024-12-31,E00328,1,0.0524,8010.28,2026-01-01T00:00:00Z
2025-01-31,E00328,1,0.1708,26136.77,2026-02-01T00:00:00Z
2025-02-28,E00328,1,0.1028,15720.93,2026-03-01T00:00:00Z
2025-03-31,E00328,1,0.095,14538.1,2026-04-01T00:00:00Z
2025-04-30,E00328,1,0.1634,24992.45,2026-05-01T00:00:00Z
2025-05-31,E00328,1,0.1103,16878.0,2026-06-01T00:00:00Z
2025-06-30,E00328,1,0.0632,9666.04,2026-07-01T00:00:00Z
2023-07-31,E00329,0,0.0,0.0,2024-07-31T00:00:00Z
2023-08-31,E00329,0,0.0,0.0,2024-08-31T00:00:00Z
2023-09-30,E00329,0,0.0,0.0,2024-09-30T00:00:00Z
2023-10-31,E00329,0,0.0,0.0,2024-10-31T00:00:00Z
2023-11-30,E00329,0,0.0,0.0,2024-11-30T00:00:00Z
2023-12-31,E00329,0,0.0,0.0,2024-12-31T00:00:00Z
2024-01-31,E00329,0,0.0,0.0,2025-01-31T00:00:00Z
2024-02-29,E00329,0,0.0,0.0,2025-03-01T00:00:00Z
2024-03-31,E00329,0,0.0,0.0,2025-04-01T00:00:00Z
2024-04-30,E00329,0,0.0,0.0,2025-05-01T00:00:00Z
2024-05-31,E00329,0,0.0,0.0,2025-06-01T00:00:00Z
2024-06-30,E00329,0,0.0,0.0,2025-07-01T00:00:00Z
2024-07-31,E00329,0,0.0,0.0,2025-08-01T00:00:00Z
2024-08-31,E00329,0,0.0,0.0,2025-09-01T00:00:00Z
2024-09-30,E00329,0,0.0,0.0,2025-10-01T00:00:00Z
2024-10-31,E00329,0,0.0,0.0,2025-11-01T00:00:00Z
2024-11-30,E00329,0,0.0,0.0,2025-12-01T00:00:00Z
2024-12-31,E00329,0,0.0,0.0,2026-01-01T00:00:00Z
2025-01-31,E00329,0,0.0,0.0,2026-02-01T00:00:00Z
2025-02-28,E00329,0,0.0,0.0,2026-03-01T00:00:00Z
2025-03-31,E00329,0,0.0,0.0,2026-04-01T00:00:00Z
2025-04-30,E00329,0,0.0,0.0,2026-05-01T00:00:00Z
2025-05-31,E00329,0,0.0,0.0,2026-06-01T00:00:00Z
2025-06-30,E00329,0,0.0,0.0,2026-07-01T00:00:00Z
2023-07-31,E00330,0,0.0,0.0,2024-07-31T00:00:00Z
2023-08-31,E00330,0,0.0,0.0,2024-08-31T00:00:00Z
2023-09-30,E00330,0,0.0,0.0,2024-09-30T00:00:00Z
2023-10-31,E00330,0,0.0,0.0,2024-10-31T00:00:00Z
2023-11-30,E00330,0,0.0,0.0,2024-11-30T00:00:00Z
2023-12-31,E00330,0,0.0,0.0,2024-12-31T00:00:00Z
2024-01-31,E00330,0,0.0,0.0,2025-01-31T00:00:00Z
2024-02-29,E00330,0,0.0,0.0,2025-03-01T00:00:00Z
2024-03-31,E00330,0,0.0,0.0,2025-04-01T00:00:00Z
2024-04-30,E00330,0,0.0,0.0,2025-05-01T00:00:00Z
2024-05-31,E00330,0,0.0,0.0,2025-06-01T00:00:00Z
2024-06-30,E00330,0,0.0,0.0,2025-07-01T00:00:00Z
2024-07-31,E00330,0,0.0,0.0,2025-08-01T00:00:00Z
2024-08-31,E00330,0,0.0,0.0,2025-09-01T00:00:00Z
2024-09-30,E00330,0,0.0,0.0,2025-10-01T00:00:00Z
2024-10-31,E00330,0,0.0,0.0,2025-11-01T00:00:00Z
2024-11-30,E00330,0,0.0,0.0,2025-12-01T00:00:00Z
2024-12-31,E00330,0,0.0,0.0,2026-01-01T00:00:00Z
2025-01-31,E00330,0,0.0,0.0,2026-02-01T00:00:00Z
2025-02-28,E00330,0,0.0,0.0,2026-03-01T00:00:00Z
2025-03-31,E00330,0,0.0,0.0,2026-04-01T00:00:00Z
2025-04-30,E00330,0,0.0,0.0,2026-05-01T00:00:00Z
2025-05-31,E00330,0,0.0,0.0,2026-06-01T00:00:00Z
2025-06-30,E00330,0,0.0,0.0,2026-07-01T00:00:00Z
2023-07-31,E00331,0,0.0,0.0,2024-07-31T00:00:00Z
2023-08-31,E00331,0,0.0,0.0,2024-08-31T00:00:00Z
2023-09-30,E00331,0,0.0,0.0,2024-09-30T00:00:00Z
2023-10-31,E00331,0,0.0,0.0,2024-10-31T00:00:00Z
2023-11-30,E00331,0,0.0,0.0,2024-11-30T00:00:00Z
2023-12-31,E00331,0,0.0,0.0,2024-12-31T00:00:00Z
2024-01-31,E00331,0,0.0,0.0,2025-01-31T00:00:00Z
2024-02-29,E00331,0,0.0,0.0,2025-03-01T00:00:00Z
2024-03-31,E00331,0,0.0,0.0,2025-04-01T00:00:00Z
2024-04-30,E00331,0,0.0,0.0,2025-05-01T00:00:00Z
2024-05-31,E00331,0,0.0,0.0,2025-06-01T00:00:00Z
2024-06-30,E00331,0,0.0,0.0,2025-07-01T00:00:00Z
2024-07-31,E00331,0,0.0,0.0,2025-08-01T00:00:00Z
2024-08-31,E00331,0,0.0,0.0,2025-09-01T00:00:00Z
2024-09-30,E00331,0,0.0,0.0,2025-10-01T00:00:00Z
2024-10-31,E00331,0,0.0,0.0,2025-11-01T00:00:00Z
2024-11-30,E00331,0,0.0,0.0,2025-12-01T00:00:00Z
2024-12-31,E00331,0,0.0,0.0,2026-01-01T00:00:00Z
2025-01-31,E00331,0,0.0,0.0,2026-02-01T00:00:00Z
2025-02-28,E00331,0,0.0,0.0,2026-03-01T00:00:00Z
2025-03-31,E00331,0,0.0,0.0,2026-04-01T00:00:00Z
2025-04-30,E00331,0,0.0,0.0,2026-05-01T00:00:00Z
2025-05-31,E00331,0,0.0,0.0,2026-06-01T00:00:00Z
2025-06-30,E00331,0,0.0,0.0,2026-07-01T00:00:00Z
2023-07-31,E00332,0,0.0,0.0,2024-07-31T00:00:00Z
2023-08-31,E00332,0,0.0,0.0,2024-08-31T00:00:00Z
2023-09-30,E00332,0,0.0,0.0,2024-09-30T00:00:00Z
2023-10-31,E00332,0,0.0,0.0,2024-10-31T00:00:00Z
2023-11-30,E00332,0,0.0,0.0,2024-11-30T00:00:00Z
2023-12-31,E00332,0,0.0,0.0,2024-12-31T00:00:00Z
2024-01-31,E00332,0,0.0,0.0,2025-01-31T00:00:00Z
2024-02-29,E00332,0,0.0,0.0,2025-03-01T00:00:00Z
2024-03-31,E00332,0,0.0,0.0,2025-04-01T00:00:00Z
2024-04-30,E00332,0,0.0,0.0,2025-05-01T00:00:00Z
2024-05-31,E00332,0,0.0,0.0,2025-06-01T00:00:00Z
2024-06-30,E00332,0,0.0,0.0,2025-07-01T00:00:00Z
2024-07-31,E00332,0,0.0,0.0,2025-08-01T00:00:00Z
2024-08-31,E00332,0,0.0,0.0,2025-09-01T00:00:00Z
2024-09-30,E00332,0,0.0,0.0,2025-10-01T00:00:00Z
2024-10-31,E00332,0,0.0,0.0,2025-11-01T00:00:00Z
2024-11-30,E00332,0,0.0,0.0,2025-12-01T00:00:00Z
2024-12-31,E00332,0,0.0,0.0,2026-01-01T00:00:00Z
2025-01-31,E00332,0,0.0,0.0,2026-02-01T00:00:00Z
2025-02-28,E00332,0,0.0,0.0,2026-03-01T00:00:00Z
2025-03-31,E00332,0,0.0,0.0,2026-04-01T00:00:00Z
2025-04-30,E00332,0,0.0,0.0,2026-05-01T00:00:00Z
2025-05-31,E00332,0,0.0,0.0,2026-06-01T00:00:00Z
2025-06-30,E00332,0,0.0,0.0,2026-07-01T00:00:00Z
2023-07-31,E00333,0,0.0,0.0,2024-07-31T00:00:00Z
2023-08-31,E00333,0,0.0,0.0,2024-08-31T00:00:00Z
2023-09-30,E00333,0,0.0,0.0,2024-09-30T00:00:00Z
2023-10-31,E00333,0,0.0,0.0,2024-10-31T00:00:00Z
2023-11-30,E00333,0,0.0,0.0,2024-11-30T00:00:00Z
2023-12-31,E00333,0,0.0,0.0,2024-12-31T00:00:00Z
2024-01-31,E00333,0,0.0,0.0,2025-01-31T00:00:00Z
2024-02-29,E00333,0,0.0,0.0,2025-03-01T00:00:00Z
2024-03-31,E00333,0,0.0,0.0,2025-04-01T00:00:00Z
2024-04-30,E00333,0,0.0,0.0,2025-05-01T00:00:00Z
2024-05-31,E00333,0,0.0,0.0,2025-06-01T00:00:00Z
2024-06-30,E00333,0,0.0,0.0,2025-07-01T00:00:00Z
2024-07-31,E00333,0,0.0,0.0,2025-08-01T00:00:00Z
2024-08-31,E00333,0,0.0,0.0,2025-09-01T00:00:00Z
2024-09-30,E00333,0,0.0,0.0,2025-10-01T00:00:00Z
2024-10-31,E00333,0,0.0,0.0,2025-11-01T00:00:00Z
2024-11-30,E00333,0,0.0,0.0,2025-12-01T00:00:00Z
2024-12-31,E00333,0,0.0,0.0,2026-01-01T00:00:00Z
2025-01-31,E00333,0,0.0,0.0,2026-02-01T00:00:00Z
2025-02-28,E00333,0,0.0,0.0,2026-03-01T00:00:00Z
2025-03-31,E00333,0,0.0,0.0,2026-04-01T00:00:00Z
2025-04-30,E00333,0,0.0,0.0,2026-05-01T00:00:00Z
2025-05-31,E00333,0,0.0,0.0,2026-06-01T00:00:00Z
2025-06-30,E00333,0,0.0,0.0,2026-07-01T00:00:00Z
2023-07-31,E00334,0,0.0,0.0,2024-07-31T00:00:00Z
2023-08-31,E00334,0,0.0,0.0,2024-08-31T00:00:00Z
2023-09-30,E00334,0,0.0,0.0,2024-09-30T00:00:00Z
2023-10-31,E00334,0,0.0,0.0,2024-10-31T00:00:00Z
2023-11-30,E00334,0,0.0,0.0,2024-11-30T00:00:00Z
2023-12-31,E00334,0,0.0,0.0,2024-12-31T00:00:00Z
2024-01-31,E00334,0,0.0,0.0,2025-01-31T00:00:00Z
2024-02-29,E00334,0,0.0,0.0,2025-03-01T00:00:00Z
2024-03-31,E00334,0,0.0,0.0,2025-04-01T00:00:00Z
2024-04-30,E00334,0,0.0,0.0,2025-05-01T00:00:00Z
2024-05-31,E00334,0,0.0,0.0,2025-06-01T00:00:00Z
2024-06-30,E00334,0,0.0,0.0,2025-07-01T00:00:00Z
2024-07-31,E00334,0,0.0,0.0,2025-08-01T00:00:00Z
2024-08-31,E00334,0,0.0,0.0,2025-09-01T00:00:00Z
2024-09-30,E00334,0,0.0,0.0,2025-10-01T00:00:00Z
2024-10-31,E00334,0,0.0,0.0,2025-11-01T00:00:00Z
2024-11-30,E00334,0,0.0,0.0,2025-12-01T00:00:00Z
2024-12-31,E00334,0,0.0,0.0,2026-01-01T00:00:00Z
2025-01-31,E00334,0,0.0,0.0,2026-02-01T00:00:00Z
2025-02-28,E00334,0,0.0,0.0,2026-03-01T00:00:00Z
2025-03-31,E00334,0,0.0,0.0,2026-04-01T00:00:00Z
2025-04-30,E00334,0,0.0,0.0,2026-05-01T00:00:00Z
2025-05-31,E00334,0,0.0,0.0,2026-06-01T00:00:00Z
2025-06-30,E00334,0,0.0,0.0,2026-07-01T00:00:00Z
2023-07-31,E00335,0,0.0,0.0,2024-07-31T00:00:00Z
2023-08-31,E00335,0,0.0,0.0,2024-08-31T00:00:00Z
2023-09-30,E00335,0,0.0,0.0,2024-09-30T00:00:00Z
2023-10-31,E00335,0,0.0,0.0,2024-10-31T00:00:00Z
2023-11-30,E00335,0,0.0,0.0,2024-11-30T00:00:00Z
2023-12-31,E00335,0,0.0,0.0,2024-12-31T00:00:00Z
2024-01-31,E00335,0,0.0,0.0,2025-01-31T00:00:00Z
2024-02-29,E00335,0,0.0,0.0,2025-03-01T00:00:00Z
2024-03-31,E00335,0,0.0,0.0,2025-04-01T00:00:00Z
2024-04-30,E00335,0,0.0,0.0,2025-05-01T00:00:00Z
2024-05-31,E00335,0,0.0,0.0,2025-06-01T00:00:00Z
2024-06-30,E00335,0,0.0,0.0,2025-07-01T00:00:00Z
2024-07-31,E00335,0,0.0,0.0,2025-08-01T00:00:00Z
2024-08-31,E00335,0,0.0,0.0,2025-09-01T00:00:00Z
2024-09-30,E00335,0,0.0,0.0,2025-10-01T00:00:00Z
2024-10-31,E00335,0,0.0,0.0,2025-11-01T00:00:00Z
2024-11-30,E00335,0,0.0,0.0,2025-12-01T00:00:00Z
2024-12-31,E00335,0,0.0,0.0,2026-01-01T00:00:00Z
2025-01-31,E00335,0,0.0,0.0,2026-02-01T00:00:00Z
2025-02-28,E00335,0,0.0,0.0,2026-03-01T00:00:00Z
2025-03-31,E00335,1,0.0332,8212.65,2026-04-01T00:00:00Z
2025-04-30,E00335,1,0.0394,9738.89,2026-05-01T00:00:00Z
2025-05-31,E00335,1,0.0175,4319.27,2026-06-01T00:00:00Z
2025-06-30,E00335,1,0.136,33585.09,2026-07-01T00:00:00Z
2023-07-31,E00336,0,0.0,0.0,2024-07-31T00:00:00Z
2023-08-31,E00336,0,0.0,0.0,2024-08-31T00:00:00Z
2023-09-30,E00336,0,0.0,0.0,2024-09-30T00:00:00Z
2023-10-31,E00336,0,0.0,0.0,2024-10-31T00:00:00Z
2023-11-30,E00336,0,0.0,0.0,2024-11-30T00:00:00Z
2023-12-31,E00336,0,0.0,0.0,2024-12-31T00:00:00Z
2024-01-31,E00336,0,0.0,0.0,2025-01-31T00:00:00Z
2024-02-29,E00336,0,0.0,0.0,2025-03-01T00:00:00Z
2024-03-31,E00336,0,0.0,0.0,2025-04-01T00:00:00Z
2024-04-30,E00336,0,0.0,0.0,2025-05-01T00:00:00Z
2024-05-31,E00336,0,0.0,0.0,2025-06-01T00:00:00Z
2024-06-30,E00336,0,0.0,0.0,2025-07-01T00:00:00Z
2024-07-31,E00336,0,0.0,0.0,2025-08-01T00:00:00Z
2024-08-31,E00336,0,0.0,0.0,2025-09-01T00:00:00Z
2024-09-30,E00336,0,0.0,0.0,2025-10-01T00:00:00Z
2024-10-31,E00336,0,0.0,0.0,2025-11-01T00:00:00Z
2024-11-30,E00336,0,0.0,0.0,2025-12-01T00:00:00Z
2024-12-31,E00336,0,0.0,0.0,2026-01-01T00:00:00Z
2025-01-31,E00336,0,0.0,0.0,2026-02-01T00:00:00Z
2025-02-28,E00336,0,0.0,0.0,2026-03-01T00:00:00Z
2025-03-31,E00336,0,0.0,0.0,2026-04-01T00:00:00Z
2025-04-30,E00336,0,0.0,0.0,2026-05-01T00:00:00Z
2025-05-31,E00336,0,0.0,0.0,2026-06-01T00:00:00Z
2025-06-30,E00336,0,0.0,0.0,2026-07-01T00:00:00Z
2023-07-31,E00337,0,0.0,0.0,2024-07-31T00:00:00Z
2023-08-31,E00337,0,0.0,0.0,2024-08-31T00:00:00Z
2023-09-30,E00337,0,0.0,0.0,2024-09-30T00:00:00Z
2023-10-31,E00337,0,0.0,0.0,2024-10-31T00:00:00Z
2023-11-30,E00337,0,0.0,0.0,2024-11-30T00:00:00Z
2023-12-31,E00337,0,0.0,0.0,2024-12-31T00:00:00Z
2024-01-31,E00337,0,0.0,0.0,2025-01-31T00:00:00Z
2024-02-29,E00337,0,0.0,0.0,2025-03-01T00:00:00Z
2024-03-31,E00337,0,0.0,0.0,2025-04-01T00:00:00Z
2024-04-30,E00337,0,0.0,0.0,2025-05-01T00:00:00Z
2024-05-31,E00337,0,0.0,0.0,2025-06-01T00:00:00Z
2024-06-30,E00337,0,0.0,0.0,2025-07-01T00:00:00Z
2024-07-31,E00337,0,0.0,0.0,2025-08-01T00:00:00Z
2024-08-31,E00337,0,0.0,0.0,2025-09-01T00:00:00Z
2024-09-30,E00337,0,0.0,0.0,2025-10-01T00:00:00Z
2024-10-31,E00337,0,0.0,0.0,2025-11-01T00:00:00Z
2024-11-30,E00337,0,0.0,0.0,2025-12-01T00:00:00Z
2024-12-31,E00337,0,0.0,0.0,2026-01-01T00:00:00Z
2025-01-31,E00337,0,0.0,0.0,2026-02-01T00:00:00Z
2025-02-28,E00337,0,0.0,0.0,2026-03-01T00:00:00Z
2025-03-31,E00337,0,0.0,0.0,2026-04-01T00:00:00Z
2025-04-30,E00337,0,0.0,0.0,2026-05-01T00:00:00Z
2025-05-31,E00337,0,0.0,0.0,2026-06-01T00:00:00Z
2025-06-30,E00337,0,0.0,0.0,2026-07-01T00:00:00Z
2023-07-31,E00338,0,0.0,0.0,2024-07-31T00:00:00Z
2023-08-31,E00338,0,0.0,0.0,2024-08-31T00:00:00Z
2023-09-30,E00338,0,0.0,0.0,2024-09-30T00:00:00Z
2023-10-31,E00338,0,0.0,0.0,2024-10-31T00:00:00Z
2023-11-30,E00338,0,0.0,0.0,2024-11-30T00:00:00Z
2023-12-31,E00338,0,0.0,0.0,2024-12-31T00:00:00Z
2024-01-31,E00338,0,0.0,0.0,2025-01-31T00:00:00Z
2024-02-29,E00338,0,0.0,0.0,2025-03-01T00:00:00Z
2024-03-31,E00338,0,0.0,0.0,2025-04-01T00:00:00Z
2024-04-30,E00338,0,0.0,0.0,2025-05-01T00:00:00Z
2024-05-31,E00338,0,0.0,0.0,2025-06-01T00:00:00Z
2024-06-30,E00338,0,0.0,0.0,2025-07-01T00:00:00Z
2024-07-31,E00338,0,0.0,0.0,2025-08-01T00:00:00Z
2024-08-31,E00338,0,0.0,0.0,2025-09-01T00:00:00Z
2024-09-30,E00338,0,0.0,0.0,2025-10-01T00:00:00Z
2024-10-31,E00338,0,0.0,0.0,2025-11-01T00:00:00Z
2024-11-30,E00338,0,0.0,0.0,2025-12-01T00:00:00Z
2024-12-31,E00338,0,0.0,0.0,2026-01-01T00:00:00Z
2025-01-31,E00338,0,0.0,0.0,2026-02-01T00:00:00Z
2025-02-28,E00338,0,0.0,0.0,2026-03-01T00:00:00Z
2025-03-31,E00338,0,0.0,0.0,2026-04-01T00:00:00Z
2025-04-30,E00338,0,0.0,0.0,2026-05-01T00:00:00Z
2025-05-31,E00338,0,0.0,0.0,2026-06-01T00:00:00Z
2025-06-30,E00338,0,0.0,0.0,2026-07-01T00:00:00Z
2023-07-31,E00339,0,0.0,0.0,2024-07-31T00:00:00Z
2023-08-31,E00339,0,0.0,0.0,2024-08-31T00:00:00Z
2023-09-30,E00339,0,0.0,0.0,2024-09-30T00:00:00Z
2023-10-31,E00339,0,0.0,0.0,2024-10-31T00:00:00Z
2023-11-30,E00339,0,0.0,0.0,2024-11-30T00:00:00Z
2023-12-31,E00339,0,0.0,0.0,2024-12-31T00:00:00Z
2024-01-31,E00339,0,0.0,0.0,2025-01-31T00:00:00Z
2024-02-29,E00339,0,0.0,0.0,2025-03-01T00:00:00Z
2024-03-31,E00339,0,0.0,0.0,2025-04-01T00:00:00Z
2024-04-30,E00339,0,0.0,0.0,2025-05-01T00:00:00Z
2024-05-31,E00339,0,0.0,0.0,2025-06-01T00:00:00Z
2024-06-30,E00339,0,0.0,0.0,2025-07-01T00:00:00Z
2024-07-31,E00339,0,0.0,0.0,2025-08-01T00:00:00Z
2024-08-31,E00339,0,0.0,0.0,2025-09-01T00:00:00Z
2024-09-30,E00339,0,0.0,0.0,2025-10-01T00:00:00Z
2024-10-31,E00339,0,0.0,0.0,2025-11-01T00:00:00Z
2024-11-30,E00339,0,0.0,0.0,2025-12-01T00:00:00Z
2024-12-31,E00339,0,0.0,0.0,2026-01-01T00:00:00Z
2025-01-31,E00339,0,0.0,0.0,2026-02-01T00:00:00Z
2025-02-28,E00339,0,0.0,0.0,2026-03-01T00:00:00Z
2025-03-31,E00339,0,0.0,0.0,2026-04-01T00:00:00Z
2025-04-30,E00339,0,0.0,0.0,2026-05-01T00:00:00Z
2025-05-31,E00339,0,0.0,0.0,2026-06-01T00:00:00Z
2025-06-30,E00339,0,0.0,0.0,2026-07-01T00:00:00Z
2023-07-31,E00340,0,0.0,0.0,2024-07-31T00:00:00Z
2023-08-31,E00340,0,0.0,0.0,2024-08-31T00:00:00Z
2023-09-30,E00340,0,0.0,0.0,2024-09-30T00:00:00Z
2023-10-31,E00340,0,0.0,0.0,2024-10-31T00:00:00Z
2023-11-30,E00340,0,0.0,0.0,2024-11-30T00:00:00Z
2023-12-31,E00340,0,0.0,0.0,2024-12-31T00:00:00Z
2024-01-31,E00340,0,0.0,0.0,2025-01-31T00:00:00Z
2024-02-29,E00340,0,0.0,0.0,2025-03-01T00:00:00Z
2024-03-31,E00340,0,0.0,0.0,2025-04-01T00:00:00Z
2024-04-30,E00340,0,0.0,0.0,2025-05-01T00:00:00Z
2024-05-31,E00340,0,0.0,0.0,2025-06-01T00:00:00Z
2024-06-30,E00340,0,0.0,0.0,2025-07-01T00:00:00Z
2024-07-31,E00340,0,0.0,0.0,2025-08-01T00:00:00Z
2024-08-31,E00340,0,0.0,0.0,2025-09-01T00:00:00Z
2024-09-30,E00340,0,0.0,0.0,2025-10-01T00:00:00Z
2024-10-31,E00340,0,0.0,0.0,2025-11-01T00:00:00Z
2024-11-30,E00340,0,0.0,0.0,2025-12-01T00:00:00Z
2024-12-31,E00340,0,0.0,0.0,2026-01-01T00:00:00Z
2025-01-31,E00340,1,0.242,27660.95,2026-02-01T00:00:00Z
2025-02-28,E00340,1,0.2529,28899.75,2026-03-01T00:00:00Z
2025-03-31,E00340,1,0.2399,27420.51,2026-04-01T00:00:00Z
2025-04-30,E00340,1,0.2408,27523.76,2026-05-01T00:00:00Z
2025-05-31,E00340,1,0.2121,24236.73,2026-06-01T00:00:00Z
2025-06-30,E00340,1,0.2674,30562.21,2026-07-01T00:00:00Z
2023-07-31,E00341,0,0.0,0.0,2024-07-31T00:00:00Z
2023-08-31,E00341,0,0.0,0.0,2024-08-31T00:00:00Z
2023-09-30,E00341,0,0.0,0.0,2024-09-30T00:00:00Z
2023-10-31,E00341,0,0.0,0.0,2024-10-31T00:00:00Z
2023-11-30,E00341,0,0.0,0.0,2024-11-30T00:00:00Z
2023-12-31,E00341,0,0.0,0.0,2024-12-31T00:00:00Z
2024-01-31,E00341,0,0.0,0.0,2025-01-31T00:00:00Z
2024-02-29,E00341,1,0.1061,10884.8,2025-03-01T00:00:00Z
2024-03-31,E00341,1,0.1169,11995.48,2025-04-01T00:00:00Z
2024-04-30,E00341,1,0.1046,10735.3,2025-05-01T00:00:00Z
2024-05-31,E00341,1,0.1704,17486.99,2025-06-01T00:00:00Z
2024-06-30,E00341,1,0.1294,13281.95,2025-07-01T00:00:00Z
2024-07-31,E00341,1,0.0654,6710.87,2025-08-01T00:00:00Z
2024-08-31,E00341,1,0.0316,3243.14,2025-09-01T00:00:00Z
2024-09-30,E00341,1,0.088,9030.2,2025-10-01T00:00:00Z
2024-10-31,E00341,1,0.1009,10352.93,2025-11-01T00:00:00Z
2024-11-30,E00341,1,0.0819,8403.59,2025-12-01T00:00:00Z
2024-12-31,E00341,1,0.1231,12626.29,2026-01-01T00:00:00Z
2025-01-31,E00341,1,0.0523,5368.92,2026-02-01T00:00:00Z
2025-02-28,E00341,0,0.0,0.0,2026-03-01T00:00:00Z
2025-03-31,E00341,0,0.0,0.0,2026-04-01T00:00:00Z
2025-04-30,E00341,0,0.0,0.0,2026-05-01T00:00:00Z
2025-05-31,E00341,0,0.0,0.0,2026-06-01T00:00:00Z
2025-06-30,E00341,0,0.0,0.0,2026-07-01T00:00:00Z
2023-07-31,E00342,0,0.0,0.0,2024-07-31T00:00:00Z
2023-08-31,E00342,0,0.0,0.0,2024-08-31T00:00:00Z
2023-09-30,E00342,0,0.0,0.0,2024-09-30T00:00:00Z
2023-10-31,E00342,0,0.0,0.0,2024-10-31T00:00:00Z
2023-11-30,E00342,0,0.0,0.0,2024-11-30T00:00:00Z
2023-12-31,E00342,0,0.0,0.0,2024-12-31T00:00:00Z
2024-01-31,E00342,0,0.0,0.0,2025-01-31T00:00:00Z
2024-02-29,E00342,0,0.0,0.0,2025-03-01T00:00:00Z
2024-03-31,E00342,0,0.0,0.0,2025-04-01T00:00:00Z
2024-04-30,E00342,0,0.0,0.0,2025-05-01T00:00:00Z
2024-05-31,E00342,0,0.0,0.0,2025-06-01T00:00:00Z
2024-06-30,E00342,0,0.0,0.0,2025-07-01T00:00:00Z
2024-07-31,E00342,0,0.0,0.0,2025-08-01T00:00:00Z
2024-08-31,E00342,0,0.0,0.0,2025-09-01T00:00:00Z
2024-09-30,E00342,0,0.0,0.0,2025-10-01T00:00:00Z
2024-10-31,E00342,1,0.1188,6512.4,2025-11-01T00:00:00Z
2024-11-30,E00342,1,0.1823,9989.74,2025-12-01T00:00:00Z
2024-12-31,E00342,1,0.0568,3111.87,2026-01-01T00:00:00Z
2025-01-31,E00342,1,0.0817,4479.49,2026-02-01T00:00:00Z
2025-02-28,E00342,1,0.1745,9561.25,2026-03-01T00:00:00Z
2025-03-31,E00342,1,0.0957,5245.24,2026-04-01T00:00:00Z
2025-04-30,E00342,1,0.1555,8520.54,2026-05-01T00:00:00Z
2025-05-31,E00342,1,0.0542,2971.14,2026-06-01T00:00:00Z
2025-06-30,E00342,1,0.095,5207.06,2026-07-01T00:00:00Z
2023-07-31,E00343,0,0.0,0.0,2024-07-31T00:00:00Z
2023-08-31,E00343,0,0.0,0.0,2024-08-31T00:00:00Z
2023-09-30,E00343,0,0.0,0.0,2024-09-30T00:00:00Z
2023-10-31,E00343,0,0.0,0.0,2024-10-31T00:00:00Z
2023-11-30,E00343,0,0.0,0.0,2024-11-30T00:00:00Z
2023-12-31,E00343,0,0.0,0.0,2024-12-31T00:00:00Z
2024-01-31,E00343,0,0.0,0.0,2025-01-31T00:00:00Z
2024-02-29,E00343,0,0.0,0.0,2025-03-01T00:00:00Z
2024-03-31,E00343,0,0.0,0.0,2025-04-01T00:00:00Z
2024-04-30,E00343,0,0.0,0.0,2025-05-01T00:00:00Z
2024-05-31,E00343,0,0.0,0.0,2025-06-01T00:00:00Z
2024-06-30,E00343,0,0.0,0.0,2025-07-01T00:00:00Z
2024-07-31,E00343,0,0.0,0.0,2025-08-01T00:00:00Z
2024-08-31,E00343,0,0.0,0.0,2025-09-01T00:00:00Z
2024-09-30,E00343,0,0.0,0.0,2025-10-01T00:00:00Z
2024-10-31,E00343,0,0.0,0.0,2025-11-01T00:00:00Z
2024-11-30,E00343,0,0.0,0.0,2025-12-01T00:00:00Z
2024-12-31,E00343,0,0.0,0.0,2026-01-01T00:00:00Z
2025-01-31,E00343,0,0.0,0.0,2026-02-01T00:00:00Z
2025-02-28,E00343,0,0.0,0.0,2026-03-01T00:00:00Z
2025-03-31,E00343,0,0.0,0.0,2026-04-01T00:00:00Z
2025-04-30,E00343,0,0.0,0.0,2026-05-01T00:00:00Z
2025-05-31,E00343,0,0.0,0.0,2026-06-01T00:00:00Z
2025-06-30,E00343,0,0.0,0.0,2026-07-01T00:00:00Z
2023-07-31,E00344,0,0.0,0.0,2024-07-31T00:00:00Z
2023-08-31,E00344,0,0.0,0.0,2024-08-31T00:00:00Z
2023-09-30,E00344,0,0.0,0.0,2024-09-30T00:00:00Z
2023-10-31,E00344,0,0.0,0.0,2024-10-31T00:00:00Z
2023-11-30,E00344,0,0.0,0.0,2024-11-30T00:00:00Z
2023-12-31,E00344,0,0.0,0.0,2024-12-31T00:00:00Z
2024-01-31,E00344,0,0.0,0.0,2025-01-31T00:00:00Z
2024-02-29,E00344,0,0.0,0.0,2025-03-01T00:00:00Z
2024-03-31,E00344,0,0.0,0.0,2025-04-01T00:00:00Z
2024-04-30,E00344,0,0.0,0.0,2025-05-01T00:00:00Z
2024-05-31,E00344,0,0.0,0.0,2025-06-01T00:00:00Z
2024-06-30,E00344,0,0.0,0.0,2025-07-01T00:00:00Z
2024-07-31,E00344,0,0.0,0.0,2025-08-01T00:00:00Z
2024-08-31,E00344,0,0.0,0.0,2025-09-01T00:00:00Z
2024-09-30,E00344,0,0.0,0.0,2025-10-01T00:00:00Z
2024-10-31,E00344,0,0.0,0.0,2025-11-01T00:00:00Z
2024-11-30,E00344,0,0.0,0.0,2025-12-01T00:00:00Z
2024-12-31,E00344,0,0.0,0.0,2026-01-01T00:00:00Z
2025-01-31,E00344,1,0.0753,11101.13,2026-02-01T00:00:00Z
2025-02-28,E00344,1,0.0816,12036.13,2026-03-01T00:00:00Z
2025-03-31,E00344,1,0.1151,16968.6,2026-04-01T00:00:00Z
2025-04-30,E00344,1,0.0195,2872.87,2026-05-01T00:00:00Z
2025-05-31,E00344,1,0.0735,10841.06,2026-06-01T00:00:00Z
2025-06-30,E00344,1,0.0913,13465.03,2026-07-01T00:00:00Z
2023-07-31,E00345,1,0.0,0.0,2024-07-31T00:00:00Z
2023-08-31,E00345,1,0.0,0.0,2024-08-31T00:00:00Z
2023-09-30,E00345,1,0.0313,2029.45,2024-09-30T00:00:00Z
2023-10-31,E00345,1,0.0078,506.53,2024-10-31T00:00:00Z
2023-11-30,E00345,1,0.03,1945.63,2024-11-30T00:00:00Z
2023-12-31,E00345,1,0.0,0.0,2024-12-31T00:00:00Z
2024-01-31,E00345,1,0.0657,4238.27,2025-01-31T00:00:00Z
2024-02-29,E00345,1,0.0684,4409.08,2025-03-01T00:00:00Z
2024-03-31,E00345,1,0.0,0.0,2025-04-01T00:00:00Z
2024-04-30,E00345,1,0.0,0.0,2025-05-01T00:00:00Z
2024-05-31,E00345,1,0.0338,2177.94,2025-06-01T00:00:00Z
2024-06-30,E00345,0,0.0,0.0,2025-07-01T00:00:00Z
2024-07-31,E00345,0,0.0,0.0,2025-08-01T00:00:00Z
2024-08-31,E00345,0,0.0,0.0,2025-09-01T00:00:00Z
2024-09-30,E00345,0,0.0,0.0,2025-10-01T00:00:00Z
2024-10-31,E00345,0,0.0,0.0,2025-11-01T00:00:00Z
2024-11-30,E00345,0,0.0,0.0,2025-12-01T00:00:00Z
2024-12-31,E00345,0,0.0,0.0,2026-01-01T00:00:00Z
2025-01-31,E00345,0,0.0,0.0,2026-02-01T00:00:00Z
2025-02-28,E00345,0,0.0,0.0,2026-03-01T00:00:00Z
2025-03-31,E00345,0,0.0,0.0,2026-04-01T00:00:00Z
2025-04-30,E00345,0,0.0,0.0,2026-05-01T00:00:00Z
2025-05-31,E00345,0,0.0,0.0,2026-06-01T00:00:00Z
2025-06-30,E00345,0,0.0,0.0,2026-07-01T00:00:00Z
2023-07-31,E00346,0,0.0,0.0,2024-07-31T00:00:00Z
2023-08-31,E00346,0,0.0,0.0,2024-08-31T00:00:00Z
2023-09-30,E00346,0,0.0,0.0,2024-09-30T00:00:00Z
2023-10-31,E00346,0,0.0,0.0,2024-10-31T00:00:00Z
2023-11-30,E00346,0,0.0,0.0,2024-11-30T00:00:00Z
2023-12-31,E00346,0,0.0,0.0,2024-12-31T00:00:00Z
2024-01-31,E00346,0,0.0,0.0,2025-01-31T00:00:00Z
2024-02-29,E00346,0,0.0,0.0,2025-03-01T00:00:00Z
2024-03-31,E00346,0,0.0,0.0,2025-04-01T00:00:00Z
2024-04-30,E00346,0,0.0,0.0,2025-05-01T00:00:00Z
2024-05-31,E00346,0,0.0,0.0,2025-06-01T00:00:00Z
2024-06-30,E00346,0,0.0,0.0,2025-07-01T00:00:00Z
2024-07-31,E00346,0,0.0,0.0,2025-08-01T00:00:00Z
2024-08-31,E00346,0,0.0,0.0,2025-09-01T00:00:00Z
2024-09-30,E00346,0,0.0,0.0,2025-10-01T00:00:00Z
2024-10-31,E00346,0,0.0,0.0,2025-11-01T00:00:00Z
2024-11-30,E00346,0,0.0,0.0,2025-12-01T00:00:00Z
2024-12-31,E00346,0,0.0,0.0,2026-01-01T00:00:00Z
2025-01-31,E00346,0,0.0,0.0,2026-02-01T00:00:00Z
2025-02-28,E00346,0,0.0,0.0,2026-03-01T00:00:00Z
2025-03-31,E00346,0,0.0,0.0,2026-04-01T00:00:00Z
2025-04-30,E00346,0,0.0,0.0,2026-05-01T00:00:00Z
2025-05-31,E00346,0,0.0,0.0,2026-06-01T00:00:00Z
2025-06-30,E00346,0,0.0,0.0,2026-07-01T00:00:00Z
2023-07-31,E00347,0,0.0,0.0,2024-07-31T00:00:00Z
2023-08-31,E00347,0,0.0,0.0,2024-08-31T00:00:00Z
2023-09-30,E00347,0,0.0,0.0,2024-09-30T00:00:00Z
2023-10-31,E00347,0,0.0,0.0,2024-10-31T00:00:00Z
2023-11-30,E00347,0,0.0,0.0,2024-11-30T00:00:00Z
2023-12-31,E00347,0,0.0,0.0,2024-12-31T00:00:00Z
2024-01-31,E00347,0,0.0,0.0,2025-01-31T00:00:00Z
2024-02-29,E00347,0,0.0,0.0,2025-03-01T00:00:00Z
2024-03-31,E00347,0,0.0,0.0,2025-04-01T00:00:00Z
2024-04-30,E00347,0,0.0,0.0,2025-05-01T00:00:00Z
2024-05-31,E00347,0,0.0,0.0,2025-06-01T00:00:00Z
2024-06-30,E00347,0,0.0,0.0,2025-07-01T00:00:00Z
2024-07-31,E00347,0,0.0,0.0,2025-08-01T00:00:00Z
2024-08-31,E00347,0,0.0,0.0,2025-09-01T00:00:00Z
2024-09-30,E00347,0,0.0,0.0,2025-10-01T00:00:00Z
2024-10-31,E00347,0,0.0,0.0,2025-11-01T00:00:00Z
2024-11-30,E00347,0,0.0,0.0,2025-12-01T00:00:00Z
2024-12-31,E00347,0,0.0,0.0,2026-01-01T00:00:00Z
2025-01-31,E00347,0,0.0,0.0,2026-02-01T00:00:00Z
2025-02-28,E00347,0,0.0,0.0,2026-03-01T00:00:00Z
2025-03-31,E00347,0,0.0,0.0,2026-04-01T00:00:00Z
2025-04-30,E00347,0,0.0,0.0,2026-05-01T00:00:00Z
2025-05-31,E00347,0,0.0,0.0,2026-06-01T00:00:00Z
2025-06-30,E00347,0,0.0,0.0,2026-07-01T00:00:00Z
2023-07-31,E00348,0,0.0,0.0,2024-07-31T00:00:00Z
2023-08-31,E00348,0,0.0,0.0,2024-08-31T00:00:00Z
2023-09-30,E00348,0,0.0,0.0,2024-09-30T00:00:00Z
2023-10-31,E00348,0,0.0,0.0,2024-10-31T00:00:00Z
2023-11-30,E00348,0,0.0,0.0,2024-11-30T00:00:00Z
2023-12-31,E00348,0,0.0,0.0,2024-12-31T00:00:00Z
2024-01-31,E00348,0,0.0,0.0,2025-01-31T00:00:00Z
2024-02-29,E00348,0,0.0,0.0,2025-03-01T00:00:00Z
2024-03-31,E00348,0,0.0,0.0,2025-04-01T00:00:00Z
2024-04-30,E00348,0,0.0,0.0,2025-05-01T00:00:00Z
2024-05-31,E00348,0,0.0,0.0,2025-06-01T00:00:00Z
2024-06-30,E00348,0,0.0,0.0,2025-07-01T00:00:00Z
2024-07-31,E00348,0,0.0,0.0,2025-08-01T00:00:00Z
2024-08-31,E00348,0,0.0,0.0,2025-09-01T00:00:00Z
2024-09-30,E00348,0,0.0,0.0,2025-10-01T00:00:00Z
2024-10-31,E00348,0,0.0,0.0,2025-11-01T00:00:00Z
2024-11-30,E00348,0,0.0,0.0,2025-12-01T00:00:00Z
2024-12-31,E00348,0,0.0,0.0,2026-01-01T00:00:00Z
2025-01-31,E00348,0,0.0,0.0,2026-02-01T00:00:00Z
2025-02-28,E00348,0,0.0,0.0,2026-03-01T00:00:00Z
2025-03-31,E00348,0,0.0,0.0,2026-04-01T00:00:00Z
2025-04-30,E00348,0,0.0,0.0,2026-05-01T00:00:00Z
2025-05-31,E00348,0,0.0,0.0,2026-06-01T00:00:00Z
2025-06-30,E00348,0,0.0,0.0,2026-07-01T00:00:00Z
2023-07-31,E00349,0,0.0,0.0,2024-07-31T00:00:00Z
2023-08-31,E00349,0,0.0,0.0,2024-08-31T00:00:00Z
2023-09-30,E00349,0,0.0,0.0,2024-09-30T00:00:00Z
2023-10-31,E00349,0,0.0,0.0,2024-10-31T00:00:00Z
2023-11-30,E00349,0,0.0,0.0,2024-11-30T00:00:00Z
2023-12-31,E00349,0,0.0,0.0,2024-12-31T00:00:00Z
2024-01-31,E00349,0,0.0,0.0,2025-01-31T00:00:00Z
2024-02-29,E00349,0,0.0,0.0,2025-03-01T00:00:00Z
2024-03-31,E00349,0,0.0,0.0,2025-04-01T00:00:00Z
2024-04-30,E00349,0,0.0,0.0,2025-05-01T00:00:00Z
2024-05-31,E00349,0,0.0,0.0,2025-06-01T00:00:00Z
2024-06-30,E00349,0,0.0,0.0,2025-07-01T00:00:00Z
2024-07-31,E00349,0,0.0,0.0,2025-08-01T00:00:00Z
2024-08-31,E00349,0,0.0,0.0,2025-09-01T00:00:00Z
2024-09-30,E00349,0,0.0,0.0,2025-10-01T00:00:00Z
2024-10-31,E00349,0,0.0,0.0,2025-11-01T00:00:00Z
2024-11-30,E00349,0,0.0,0.0,2025-12-01T00:00:00Z
2024-12-31,E00349,0,0.0,0.0,2026-01-01T00:00:00Z
2025-01-31,E00349,0,0.0,0.0,2026-02-01T00:00:00Z
2025-02-28,E00349,0,0.0,0.0,2026-03-01T00:00:00Z
2025-03-31,E00349,0,0.0,0.0,2026-04-01T00:00:00Z
2025-04-30,E00349,0,0.0,0.0,2026-05-01T00:00:00Z
2025-05-31,E00349,0,0.0,0.0,2026-06-01T00:00:00Z
2025-06-30,E00349,0,0.0,0.0,2026-07-01T00:00:00Z
2023-07-31,E00350,0,0.0,0.0,2024-07-31T00:00:00Z
2023-08-31,E00350,0,0.0,0.0,2024-08-31T00:00:00Z
2023-09-30,E00350,0,0.0,0.0,2024-09-30T00:00:00Z
2023-10-31,E00350,0,0.0,0.0,2024-10-31T00:00:00Z
2023-11-30,E00350,0,0.0,0.0,2024-11-30T00:00:00Z
2023-12-31,E00350,0,0.0,0.0,2024-12-31T00:00:00Z
2024-01-31,E00350,0,0.0,0.0,2025-01-31T00:00:00Z
2024-02-29,E00350,0,0.0,0.0,2025-03-01T00:00:00Z
2024-03-31,E00350,0,0.0,0.0,2025-04-01T00:00:00Z
2024-04-30,E00350,0,0.0,0.0,2025-05-01T00:00:00Z
2024-05-31,E00350,0,0.0,0.0,2025-06-01T00:00:00Z
2024-06-30,E00350,0,0.0,0.0,2025-07-01T00:00:00Z
2024-07-31,E00350,0,0.0,0.0,2025-08-01T00:00:00Z
2024-08-31,E00350,0,0.0,0.0,2025-09-01T00:00:00Z
2024-09-30,E00350,0,0.0,0.0,2025-10-01T00:00:00Z
2024-10-31,E00350,0,0.0,0.0,2025-11-01T00:00:00Z
2024-11-30,E00350,0,0.0,0.0,2025-12-01T00:00:00Z
2024-12-31,E00350,0,0.0,0.0,2026-01-01T00:00:00Z
2025-01-31,E00350,0,0.0,0.0,2026-02-01T00:00:00Z
2025-02-28,E00350,0,0.0,0.0,2026-03-01T00:00:00Z
2025-03-31,E00350,0,0.0,0.0,2026-04-01T00:00:00Z
2025-04-30,E00350,0,0.0,0.0,2026-05-01T00:00:00Z
2025-05-31,E00350,0,0.0,0.0,2026-06-01T00:00:00Z
2025-06-30,E00350,0,0.0,0.0,2026-07-01T00:00:00Z
2023-07-31,E00351,0,0.0,0.0,2024-07-31T00:00:00Z
2023-08-31,E00351,0,0.0,0.0,2024-08-31T00:00:00Z
2023-09-30,E00351,0,0.0,0.0,2024-09-30T00:00:00Z
2023-10-31,E00351,0,0.0,0.0,2024-10-31T00:00:00Z
2023-11-30,E00351,0,0.0,0.0,2024-11-30T00:00:00Z
2023-12-31,E00351,0,0.0,0.0,2024-12-31T00:00:00Z
2024-01-31,E00351,0,0.0,0.0,2025-01-31T00:00:00Z
2024-02-29,E00351,0,0.0,0.0,2025-03-01T00:00:00Z
2024-03-31,E00351,0,0.0,0.0,2025-04-01T00:00:00Z
2024-04-30,E00351,0,0.0,0.0,2025-05-01T00:00:00Z
2024-05-31,E00351,0,0.0,0.0,2025-06-01T00:00:00Z
2024-06-30,E00351,0,0.0,0.0,2025-07-01T00:00:00Z
2024-07-31,E00351,0,0.0,0.0,2025-08-01T00:00:00Z
2024-08-31,E00351,0,0.0,0.0,2025-09-01T00:00:00Z
2024-09-30,E00351,0,0.0,0.0,2025-10-01T00:00:00Z
2024-10-31,E00351,0,0.0,0.0,2025-11-01T00:00:00Z
2024-11-30,E00351,0,0.0,0.0,2025-12-01T00:00:00Z
2024-12-31,E00351,0,0.0,0.0,2026-01-01T00:00:00Z
2025-01-31,E00351,0,0.0,0.0,2026-02-01T00:00:00Z
2025-02-28,E00351,0,0.0,0.0,2026-03-01T00:00:00Z
2025-03-31,E00351,0,0.0,0.0,2026-04-01T00:00:00Z
2025-04-30,E00351,0,0.0,0.0,2026-05-01T00:00:00Z
2025-05-31,E00351,0,0.0,0.0,2026-06-01T00:00:00Z
2025-06-30,E00351,0,0.0,0.0,2026-07-01T00:00:00Z
2023-07-31,E00352,1,0.0772,10212.49,2024-07-31T00:00:00Z
2023-08-31,E00352,1,0.1561,20658.67,2024-08-31T00:00:00Z
2023-09-30,E00352,1,0.0907,11998.0,2024-09-30T00:00:00Z
2023-10-31,E00352,1,0.049,6489.06,2024-10-31T00:00:00Z
2023-11-30,E00352,1,0.1719,22742.79,2024-11-30T00:00:00Z
2023-12-31,E00352,1,0.1157,15308.31,2024-12-31T00:00:00Z
2024-01-31,E00352,0,0.0,0.0,2025-01-31T00:00:00Z
2024-02-29,E00352,0,0.0,0.0,2025-03-01T00:00:00Z
2024-03-31,E00352,0,0.0,0.0,2025-04-01T00:00:00Z
2024-04-30,E00352,0,0.0,0.0,2025-05-01T00:00:00Z
2024-05-31,E00352,0,0.0,0.0,2025-06-01T00:00:00Z
2024-06-30,E00352,0,0.0,0.0,2025-07-01T00:00:00Z
2024-07-31,E00352,0,0.0,0.0,2025-08-01T00:00:00Z
2024-08-31,E00352,0,0.0,0.0,2025-09-01T00:00:00Z
2024-09-30,E00352,0,0.0,0.0,2025-10-01T00:00:00Z
2024-10-31,E00352,0,0.0,0.0,2025-11-01T00:00:00Z
2024-11-30,E00352,0,0.0,0.0,2025-12-01T00:00:00Z
2024-12-31,E00352,0,0.0,0.0,2026-01-01T00:00:00Z
2025-01-31,E00352,0,0.0,0.0,2026-02-01T00:00:00Z
2025-02-28,E00352,0,0.0,0.0,2026-03-01T00:00:00Z
2025-03-31,E00352,0,0.0,0.0,2026-04-01T00:00:00Z
2025-04-30,E00352,0,0.0,0.0,2026-05-01T00:00:00Z
2025-05-31,E00352,0,0.0,0.0,2026-06-01T00:00:00Z
2025-06-30,E00352,0,0.0,0.0,2026-07-01T00:00:00Z
2023-07-31,E00353,0,0.0,0.0,2024-07-31T00:00:00Z
2023-08-31,E00353,0,0.0,0.0,2024-08-31T00:00:00Z
2023-09-30,E00353,0,0.0,0.0,2024-09-30T00:00:00Z
2023-10-31,E00353,0,0.0,0.0,2024-10-31T00:00:00Z
2023-11-30,E00353,0,0.0,0.0,2024-11-30T00:00:00Z
2023-12-31,E00353,0,0.0,0.0,2024-12-31T00:00:00Z
2024-01-31,E00353,0,0.0,0.0,2025-01-31T00:00:00Z
2024-02-29,E00353,0,0.0,0.0,2025-03-01T00:00:00Z
2024-03-31,E00353,0,0.0,0.0,2025-04-01T00:00:00Z
2024-04-30,E00353,0,0.0,0.0,2025-05-01T00:00:00Z
2024-05-31,E00353,0,0.0,0.0,2025-06-01T00:00:00Z
2024-06-30,E00353,0,0.0,0.0,2025-07-01T00:00:00Z
2024-07-31,E00353,0,0.0,0.0,2025-08-01T00:00:00Z
2024-08-31,E00353,0,0.0,0.0,2025-09-01T00:00:00Z
2024-09-30,E00353,0,0.0,0.0,2025-10-01T00:00:00Z
2024-10-31,E00353,0,0.0,0.0,2025-11-01T00:00:00Z
2024-11-30,E00353,0,0.0,0.0,2025-12-01T00:00:00Z
2024-12-31,E00353,0,0.0,0.0,2026-01-01T00:00:00Z
2025-01-31,E00353,0,0.0,0.0,2026-02-01T00:00:00Z
2025-02-28,E00353,0,0.0,0.0,2026-03-01T00:00:00Z
2025-03-31,E00353,1,0.3412,68503.62,2026-04-01T00:00:00Z
2025-04-30,E00353,1,0.3165,63546.83,2026-05-01T00:00:00Z
2025-05-31,E00353,1,0.3188,63995.46,2026-06-01T00:00:00Z
2025-06-30,E00353,1,0.2679,53780.96,2026-07-01T00:00:00Z
2023-07-31,E00354,0,0.0,0.0,2024-07-31T00:00:00Z
2023-08-31,E00354,0,0.0,0.0,2024-08-31T00:00:00Z
2023-09-30,E00354,0,0.0,0.0,2024-09-30T00:00:00Z
2023-10-31,E00354,0,0.0,0.0,2024-10-31T00:00:00Z
2023-11-30,E00354,0,0.0,0.0,2024-11-30T00:00:00Z
2023-12-31,E00354,0,0.0,0.0,2024-12-31T00:00:00Z
2024-01-31,E00354,0,0.0,0.0,2025-01-31T00:00:00Z
2024-02-29,E00354,0,0.0,0.0,2025-03-01T00:00:00Z
2024-03-31,E00354,0,0.0,0.0,2025-04-01T00:00:00Z
2024-04-30,E00354,0,0.0,0.0,2025-05-01T00:00:00Z
2024-05-31,E00354,0,0.0,0.0,2025-06-01T00:00:00Z
2024-06-30,E00354,0,0.0,0.0,2025-07-01T00:00:00Z
2024-07-31,E00354,0,0.0,0.0,2025-08-01T00:00:00Z
2024-08-31,E00354,0,0.0,0.0,2025-09-01T00:00:00Z
2024-09-30,E00354,0,0.0,0.0,2025-10-01T00:00:00Z
2024-10-31,E00354,0,0.0,0.0,2025-11-01T00:00:00Z
2024-11-30,E00354,0,0.0,0.0,2025-12-01T00:00:00Z
2024-12-31,E00354,0,0.0,0.0,2026-01-01T00:00:00Z
2025-01-31,E00354,0,0.0,0.0,2026-02-01T00:00:00Z
2025-02-28,E00354,0,0.0,0.0,2026-03-01T00:00:00Z
2025-03-31,E00354,0,0.0,0.0,2026-04-01T00:00:00Z
2025-04-30,E00354,0,0.0,0.0,2026-05-01T00:00:00Z
2025-05-31,E00354,0,0.0,0.0,2026-06-01T00:00:00Z
2025-06-30,E00354,1,0.0,0.0,2026-07-01T00:00:00Z
2023-07-31,E00355,0,0.0,0.0,2024-07-31T00:00:00Z
2023-08-31,E00355,0,0.0,0.0,2024-08-31T00:00:00Z
2023-09-30,E00355,0,0.0,0.0,2024-09-30T00:00:00Z
2023-10-31,E00355,0,0.0,0.0,2024-10-31T00:00:00Z
2023-11-30,E00355,0,0.0,0.0,2024-11-30T00:00:00Z
2023-12-31,E00355,0,0.0,0.0,2024-12-31T00:00:00Z
2024-01-31,E00355,0,0.0,0.0,2025-01-31T00:00:00Z
2024-02-29,E00355,0,0.0,0.0,2025-03-01T00:00:00Z
2024-03-31,E00355,0,0.0,0.0,2025-04-01T00:00:00Z
2024-04-30,E00355,0,0.0,0.0,2025-05-01T00:00:00Z
2024-05-31,E00355,0,0.0,0.0,2025-06-01T00:00:00Z
2024-06-30,E00355,0,0.0,0.0,2025-07-01T00:00:00Z
2024-07-31,E00355,0,0.0,0.0,2025-08-01T00:00:00Z
2024-08-31,E00355,0,0.0,0.0,2025-09-01T00:00:00Z
2024-09-30,E00355,0,0.0,0.0,2025-10-01T00:00:00Z
2024-10-31,E00355,0,0.0,0.0,2025-11-01T00:00:00Z
2024-11-30,E00355,0,0.0,0.0,2025-12-01T00:00:00Z
2024-12-31,E00355,0,0.0,0.0,2026-01-01T00:00:00Z
2025-01-31,E00355,0,0.0,0.0,2026-02-01T00:00:00Z
2025-02-28,E00355,0,0.0,0.0,2026-03-01T00:00:00Z
2025-03-31,E00355,0,0.0,0.0,2026-04-01T00:00:00Z
2025-04-30,E00355,0,0.0,0.0,2026-05-01T00:00:00Z
2025-05-31,E00355,0,0.0,0.0,2026-06-01T00:00:00Z
2025-06-30,E00355,0,0.0,0.0,2026-07-01T00:00:00Z
2023-07-31,E00356,1,0.0,0.0,2024-07-31T00:00:00Z
2023-08-31,E00356,1,0.0131,3721.97,2024-08-31T00:00:00Z
2023-09-30,E00356,1,0.059,16770.93,2024-09-30T00:00:00Z
2023-10-31,E00356,1,0.1165,33108.4,2024-10-31T00:00:00Z
2023-11-30,E00356,1,0.0422,11991.33,2024-11-30T00:00:00Z
2023-12-31,E00356,1,0.022,6251.22,2024-12-31T00:00:00Z
2024-01-31,E00356,1,0.0545,15469.52,2025-01-31T00:00:00Z
2024-02-29,E00356,1,0.0406,11520.37,2025-03-01T00:00:00Z
2024-03-31,E00356,1,0.0798,22648.38,2025-04-01T00:00:00Z
2024-04-30,E00356,1,0.0349,9916.45,2025-05-01T00:00:00Z
2024-05-31,E00356,1,0.0721,20457.7,2025-06-01T00:00:00Z
2024-06-30,E00356,1,0.0,0.0,2025-07-01T00:00:00Z
2024-07-31,E00356,1,0.0,0.0,2025-08-01T00:00:00Z
2024-08-31,E00356,0,0.0,0.0,2025-09-01T00:00:00Z
2024-09-30,E00356,0,0.0,0.0,2025-10-01T00:00:00Z
2024-10-31,E00356,0,0.0,0.0,2025-11-01T00:00:00Z
2024-11-30,E00356,1,0.0103,3053.49,2025-12-01T00:00:00Z
2024-12-31,E00356,1,0.0656,19495.97,2026-01-01T00:00:00Z
2025-01-31,E00356,1,0.1032,30644.68,2026-02-01T00:00:00Z
2025-02-28,E00356,1,0.0,0.0,2026-03-01T00:00:00Z
2025-03-31,E00356,1,0.0,0.0,2026-04-01T00:00:00Z
2025-04-30,E00356,1,0.0227,6734.83,2026-05-01T00:00:00Z
2025-05-31,E00356,1,0.0,0.0,2026-06-01T00:00:00Z
2025-06-30,E00356,1,0.0196,5813.53,2026-07-01T00:00:00Z
2023-07-31,E00357,1,0.0293,1260.14,2024-07-31T00:00:00Z
2023-08-31,E00357,1,0.1143,4919.5,2024-08-31T00:00:00Z
2023-09-30,E00357,1,0.0895,3850.46,2024-09-30T00:00:00Z
2023-10-31,E00357,1,0.0682,2934.63,2024-10-31T00:00:00Z
2023-11-30,E00357,1,0.0725,3117.93,2024-11-30T00:00:00Z
2023-12-31,E00357,1,0.0312,1343.07,2024-12-31T00:00:00Z
2024-01-31,E00357,1,0.0742,3190.54,2025-01-31T00:00:00Z
2024-02-29,E00357,0,0.0,0.0,2025-03-01T00:00:00Z
2024-03-31,E00357,0,0.0,0.0,2025-04-01T00:00:00Z
2024-04-30,E00357,0,0.0,0.0,2025-05-01T00:00:00Z
2024-05-31,E00357,0,0.0,0.0,2025-06-01T00:00:00Z
2024-06-30,E00357,0,0.0,0.0,2025-07-01T00:00:00Z
2024-07-31,E00357,0,0.0,0.0,2025-08-01T00:00:00Z
2024-08-31,E00357,0,0.0,0.0,2025-09-01T00:00:00Z
2024-09-30,E00357,0,0.0,0.0,2025-10-01T00:00:00Z
2024-10-31,E00357,0,0.0,0.0,2025-11-01T00:00:00Z
2024-11-30,E00357,0,0.0,0.0,2025-12-01T00:00:00Z
2024-12-31,E00357,0,0.0,0.0,2026-01-01T00:00:00Z
2025-01-31,E00357,0,0.0,0.0,2026-02-01T00:00:00Z
2025-02-28,E00357,1,0.0473,2062.96,2026-03-01T00:00:00Z
2025-03-31,E00357,1,0.0937,4082.27,2026-04-01T00:00:00Z
2025-04-30,E00357,1,0.0095,412.78,2026-05-01T00:00:00Z
2025-05-31,E00357,1,0.0292,1270.27,2026-06-01T00:00:00Z
2025-06-30,E00357,1,0.0,0.0,2026-07-01T00:00:00Z
2023-07-31,E00358,0,0.0,0.0,2024-07-31T00:00:00Z
2023-08-31,E00358,0,0.0,0.0,2024-08-31T00:00:00Z
2023-09-30,E00358,0,0.0,0.0,2024-09-30T00:00:00Z
2023-10-31,E00358,0,0.0,0.0,2024-10-31T00:00:00Z
2023-11-30,E00358,0,0.0,0.0,2024-11-30T00:00:00Z
2023-12-31,E00358,0,0.0,0.0,2024-12-31T00:00:00Z
2024-01-31,E00358,0,0.0,0.0,2025-01-31T00:00:00Z
2024-02-29,E00358,0,0.0,0.0,2025-03-01T00:00:00Z
2024-03-31,E00358,0,0.0,0.0,2025-04-01T00:00:00Z
2024-04-30,E00358,0,0.0,0.0,2025-05-01T00:00:00Z
2024-05-31,E00358,0,0.0,0.0,2025-06-01T00:00:00Z
2024-06-30,E00358,0,0.0,0.0,2025-07-01T00:00:00Z
2024-07-31,E00358,0,0.0,0.0,2025-08-01T00:00:00Z
2024-08-31,E00358,0,0.0,0.0,2025-09-01T00:00:00Z
2024-09-30,E00358,0,0.0,0.0,2025-10-01T00:00:00Z
2024-10-31,E00358,0,0.0,0.0,2025-11-01T00:00:00Z
2024-11-30,E00358,0,0.0,0.0,2025-12-01T00:00:00Z
2024-12-31,E00358,0,0.0,0.0,2026-01-01T00:00:00Z
2025-01-31,E00358,0,0.0,0.0,2026-02-01T00:00:00Z
2025-02-28,E00358,0,0.0,0.0,2026-03-01T00:00:00Z
2025-03-31,E00358,0,0.0,0.0,2026-04-01T00:00:00Z
2025-04-30,E00358,0,0.0,0.0,2026-05-01T00:00:00Z
2025-05-31,E00358,0,0.0,0.0,2026-06-01T00:00:00Z
2025-06-30,E00358,0,0.0,0.0,2026-07-01T00:00:00Z
2023-07-31,E00359,1,0.1451,4389.03,2024-07-31T00:00:00Z
2023-08-31,E00359,1,0.1504,4550.86,2024-08-31T00:00:00Z
2023-09-30,E00359,1,0.1446,4374.06,2024-09-30T00:00:00Z
2023-10-31,E00359,1,0.203,6140.85,2024-10-31T00:00:00Z
2023-11-30,E00359,1,0.17,5144.1,2024-11-30T00:00:00Z
2023-12-31,E00359,1,0.138,4175.13,2024-12-31T00:00:00Z
2024-01-31,E00359,1,0.1718,5196.46,2025-01-31T00:00:00Z
2024-02-29,E00359,1,0.1487,4499.22,2025-03-01T00:00:00Z
2024-03-31,E00359,1,0.1056,3194.5,2025-04-01T00:00:00Z
2024-04-30,E00359,1,0.1496,4527.15,2025-05-01T00:00:00Z
2024-05-31,E00359,1,0.1394,4217.2,2025-06-01T00:00:00Z
2024-06-30,E00359,1,0.125,3781.94,2025-07-01T00:00:00Z
2024-07-31,E00359,0,0.0,0.0,2025-08-01T00:00:00Z
2024-08-31,E00359,0,0.0,0.0,2025-09-01T00:00:00Z
2024-09-30,E00359,0,0.0,0.0,2025-10-01T00:00:00Z
2024-10-31,E00359,0,0.0,0.0,2025-11-01T00:00:00Z
2024-11-30,E00359,0,0.0,0.0,2025-12-01T00:00:00Z
2024-12-31,E00359,0,0.0,0.0,2026-01-01T00:00:00Z
2025-01-31,E00359,0,0.0,0.0,2026-02-01T00:00:00Z
2025-02-28,E00359,0,0.0,0.0,2026-03-01T00:00:00Z
2025-03-31,E00359,0,0.0,0.0,2026-04-01T00:00:00Z
2025-04-30,E00359,0,0.0,0.0,2026-05-01T00:00:00Z
2025-05-31,E00359,0,0.0,0.0,2026-06-01T00:00:00Z
2025-06-30,E00359,0,0.0,0.0,2026-07-01T00:00:00Z
2023-07-31,E00360,0,0.0,0.0,2024-07-31T00:00:00Z
2023-08-31,E00360,0,0.0,0.0,2024-08-31T00:00:00Z
2023-09-30,E00360,0,0.0,0.0,2024-09-30T00:00:00Z
2023-10-31,E00360,0,0.0,0.0,2024-10-31T00:00:00Z
2023-11-30,E00360,0,0.0,0.0,2024-11-30T00:00:00Z
2023-12-31,E00360,0,0.0,0.0,2024-12-31T00:00:00Z
2024-01-31,E00360,0,0.0,0.0,2025-01-31T00:00:00Z
2024-02-29,E00360,0,0.0,0.0,2025-03-01T00:00:00Z
2024-03-31,E00360,0,0.0,0.0,2025-04-01T00:00:00Z
2024-04-30,E00360,0,0.0,0.0,2025-05-01T00:00:00Z
2024-05-31,E00360,0,0.0,0.0,2025-06-01T00:00:00Z
2024-06-30,E00360,0,0.0,0.0,2025-07-01T00:00:00Z
2024-07-31,E00360,0,0.0,0.0,2025-08-01T00:00:00Z
2024-08-31,E00360,0,0.0,0.0,2025-09-01T00:00:00Z
2024-09-30,E00360,0,0.0,0.0,2025-10-01T00:00:00Z
2024-10-31,E00360,0,0.0,0.0,2025-11-01T00:00:00Z
2024-11-30,E00360,0,0.0,0.0,2025-12-01T00:00:00Z
2024-12-31,E00360,0,0.0,0.0,2026-01-01T00:00:00Z
2025-01-31,E00360,0,0.0,0.0,2026-02-01T00:00:00Z
2025-02-28,E00360,0,0.0,0.0,2026-03-01T00:00:00Z
2025-03-31,E00360,0,0.0,0.0,2026-04-01T00:00:00Z
2025-04-30,E00360,0,0.0,0.0,2026-05-01T00:00:00Z
2025-05-31,E00360,0,0.0,0.0,2026-06-01T00:00:00Z
2025-06-30,E00360,0,0.0,0.0,2026-07-01T00:00:00Z
2023-07-31,E00361,0,0.0,0.0,2024-07-31T00:00:00Z
2023-08-31,E00361,0,0.0,0.0,2024-08-31T00:00:00Z
2023-09-30,E00361,0,0.0,0.0,2024-09-30T00:00:00Z
2023-10-31,E00361,0,0.0,0.0,2024-10-31T00:00:00Z
2023-11-30,E00361,0,0.0,0.0,2024-11-30T00:00:00Z
2023-12-31,E00361,0,0.0,0.0,2024-12-31T00:00:00Z
2024-01-31,E00361,0,0.0,0.0,2025-01-31T00:00:00Z
2024-02-29,E00361,0,0.0,0.0,2025-03-01T00:00:00Z
2024-03-31,E00361,0,0.0,0.0,2025-04-01T00:00:00Z
2024-04-30,E00361,0,0.0,0.0,2025-05-01T00:00:00Z
2024-05-31,E00361,0,0.0,0.0,2025-06-01T00:00:00Z
2024-06-30,E00361,0,0.0,0.0,2025-07-01T00:00:00Z
2024-07-31,E00361,0,0.0,0.0,2025-08-01T00:00:00Z
2024-08-31,E00361,0,0.0,0.0,2025-09-01T00:00:00Z
2024-09-30,E00361,0,0.0,0.0,2025-10-01T00:00:00Z
2024-10-31,E00361,0,0.0,0.0,2025-11-01T00:00:00Z
2024-11-30,E00361,0,0.0,0.0,2025-12-01T00:00:00Z
2024-12-31,E00361,0,0.0,0.0,2026-01-01T00:00:00Z
2025-01-31,E00361,0,0.0,0.0,2026-02-01T00:00:00Z
2025-02-28,E00361,0,0.0,0.0,2026-03-01T00:00:00Z
2025-03-31,E00361,0,0.0,0.0,2026-04-01T00:00:00Z
2025-04-30,E00361,0,0.0,0.0,2026-05-01T00:00:00Z
2025-05-31,E00361,0,0.0,0.0,2026-06-01T00:00:00Z
2025-06-30,E00361,0,0.0,0.0,2026-07-01T00:00:00Z
2023-07-31,E00362,0,0.0,0.0,2024-07-31T00:00:00Z
2023-08-31,E00362,0,0.0,0.0,2024-08-31T00:00:00Z
2023-09-30,E00362,0,0.0,0.0,2024-09-30T00:00:00Z
2023-10-31,E00362,0,0.0,0.0,2024-10-31T00:00:00Z
2023-11-30,E00362,0,0.0,0.0,2024-11-30T00:00:00Z
2023-12-31,E00362,0,0.0,0.0,2024-12-31T00:00:00Z
2024-01-31,E00362,0,0.0,0.0,2025-01-31T00:00:00Z
2024-02-29,E00362,0,0.0,0.0,2025-03-01T00:00:00Z
2024-03-31,E00362,0,0.0,0.0,2025-04-01T00:00:00Z
2024-04-30,E00362,0,0.0,0.0,2025-05-01T00:00:00Z
2024-05-31,E00362,0,0.0,0.0,2025-06-01T00:00:00Z
2024-06-30,E00362,0,0.0,0.0,2025-07-01T00:00:00Z
2024-07-31,E00362,0,0.0,0.0,2025-08-01T00:00:00Z
2024-08-31,E00362,0,0.0,0.0,2025-09-01T00:00:00Z
2024-09-30,E00362,0,0.0,0.0,2025-10-01T00:00:00Z
2024-10-31,E00362,0,0.0,0.0,2025-11-01T00:00:00Z
2024-11-30,E00362,0,0.0,0.0,2025-12-01T00:00:00Z
2024-12-31,E00362,0,0.0,0.0,2026-01-01T00:00:00Z
2025-01-31,E00362,0,0.0,0.0,2026-02-01T00:00:00Z
2025-02-28,E00362,0,0.0,0.0,2026-03-01T00:00:00Z
2025-03-31,E00362,0,0.0,0.0,2026-04-01T00:00:00Z
2025-04-30,E00362,0,0.0,0.0,2026-05-01T00:00:00Z
2025-05-31,E00362,0,0.0,0.0,2026-06-01T00:00:00Z
2025-06-30,E00362,0,0.0,0.0,2026-07-01T00:00:00Z
2023-07-31,E00363,0,0.0,0.0,2024-07-31T00:00:00Z
2023-08-31,E00363,0,0.0,0.0,2024-08-31T00:00:00Z
2023-09-30,E00363,0,0.0,0.0,2024-09-30T00:00:00Z
2023-10-31,E00363,0,0.0,0.0,2024-10-31T00:00:00Z
2023-11-30,E00363,0,0.0,0.0,2024-11-30T00:00:00Z
2023-12-31,E00363,0,0.0,0.0,2024-12-31T00:00:00Z
2024-01-31,E00363,0,0.0,0.0,2025-01-31T00:00:00Z
2024-02-29,E00363,0,0.0,0.0,2025-03-01T00:00:00Z
2024-03-31,E00363,0,0.0,0.0,2025-04-01T00:00:00Z
2024-04-30,E00363,0,0.0,0.0,2025-05-01T00:00:00Z
2024-05-31,E00363,0,0.0,0.0,2025-06-01T00:00:00Z
2024-06-30,E00363,0,0.0,0.0,2025-07-01T00:00:00Z
2024-07-31,E00363,0,0.0,0.0,2025-08-01T00:00:00Z
2024-08-31,E00363,0,0.0,0.0,2025-09-01T00:00:00Z
2024-09-30,E00363,0,0.0,0.0,2025-10-01T00:00:00Z
2024-10-31,E00363,0,0.0,0.0,2025-11-01T00:00:00Z
2024-11-30,E00363,0,0.0,0.0,2025-12-01T00:00:00Z
2024-12-31,E00363,0,0.0,0.0,2026-01-01T00:00:00Z
2025-01-31,E00363,0,0.0,0.0,2026-02-01T00:00:00Z
2025-02-28,E00363,0,0.0,0.0,2026-03-01T00:00:00Z
2025-03-31,E00363,0,0.0,0.0,2026-04-01T00:00:00Z
2025-04-30,E00363,0,0.0,0.0,2026-05-01T00:00:00Z
2025-05-31,E00363,0,0.0,0.0,2026-06-01T00:00:00Z
2025-06-30,E00363,0,0.0,0.0,2026-07-01T00:00:00Z
2023-07-31,E00364,0,0.0,0.0,2024-07-31T00:00:00Z
2023-08-31,E00364,0,0.0,0.0,2024-08-31T00:00:00Z
2023-09-30,E00364,0,0.0,0.0,2024-09-30T00:00:00Z
2023-10-31,E00364,0,0.0,0.0,2024-10-31T00:00:00Z
2023-11-30,E00364,0,0.0,0.0,2024-11-30T00:00:00Z
2023-12-31,E00364,0,0.0,0.0,2024-12-31T00:00:00Z
2024-01-31,E00364,0,0.0,0.0,2025-01-31T00:00:00Z
2024-02-29,E00364,0,0.0,0.0,2025-03-01T00:00:00Z
2024-03-31,E00364,0,0.0,0.0,2025-04-01T00:00:00Z
2024-04-30,E00364,0,0.0,0.0,2025-05-01T00:00:00Z
2024-05-31,E00364,0,0.0,0.0,2025-06-01T00:00:00Z
2024-06-30,E00364,0,0.0,0.0,2025-07-01T00:00:00Z
2024-07-31,E00364,0,0.0,0.0,2025-08-01T00:00:00Z
2024-08-31,E00364,0,0.0,0.0,2025-09-01T00:00:00Z
2024-09-30,E00364,0,0.0,0.0,2025-10-01T00:00:00Z
2024-10-31,E00364,0,0.0,0.0,2025-11-01T00:00:00Z
2024-11-30,E00364,0,0.0,0.0,2025-12-01T00:00:00Z
2024-12-31,E00364,0,0.0,0.0,2026-01-01T00:00:00Z
2025-01-31,E00364,0,0.0,0.0,2026-02-01T00:00:00Z
2025-02-28,E00364,0,0.0,0.0,2026-03-01T00:00:00Z
2025-03-31,E00364,0,0.0,0.0,2026-04-01T00:00:00Z
2025-04-30,E00364,0,0.0,0.0,2026-05-01T00:00:00Z
2025-05-31,E00364,0,0.0,0.0,2026-06-01T00:00:00Z
2025-06-30,E00364,0,0.0,0.0,2026-07-01T00:00:00Z
2023-07-31,E00365,0,0.0,0.0,2024-07-31T00:00:00Z
2023-08-31,E00365,0,0.0,0.0,2024-08-31T00:00:00Z
2023-09-30,E00365,0,0.0,0.0,2024-09-30T00:00:00Z
2023-10-31,E00365,0,0.0,0.0,2024-10-31T00:00:00Z
2023-11-30,E00365,0,0.0,0.0,2024-11-30T00:00:00Z
2023-12-31,E00365,0,0.0,0.0,2024-12-31T00:00:00Z
2024-01-31,E00365,0,0.0,0.0,2025-01-31T00:00:00Z
2024-02-29,E00365,0,0.0,0.0,2025-03-01T00:00:00Z
2024-03-31,E00365,0,0.0,0.0,2025-04-01T00:00:00Z
2024-04-30,E00365,0,0.0,0.0,2025-05-01T00:00:00Z
2024-05-31,E00365,0,0.0,0.0,2025-06-01T00:00:00Z
2024-06-30,E00365,0,0.0,0.0,2025-07-01T00:00:00Z
2024-07-31,E00365,0,0.0,0.0,2025-08-01T00:00:00Z
2024-08-31,E00365,0,0.0,0.0,2025-09-01T00:00:00Z
2024-09-30,E00365,0,0.0,0.0,2025-10-01T00:00:00Z
2024-10-31,E00365,0,0.0,0.0,2025-11-01T00:00:00Z
2024-11-30,E00365,0,0.0,0.0,2025-12-01T00:00:00Z
2024-12-31,E00365,0,0.0,0.0,2026-01-01T00:00:00Z
2025-01-31,E00365,0,0.0,0.0,2026-02-01T00:00:00Z
2025-02-28,E00365,0,0.0,0.0,2026-03-01T00:00:00Z
2025-03-31,E00365,0,0.0,0.0,2026-04-01T00:00:00Z
2025-04-30,E00365,0,0.0,0.0,2026-05-01T00:00:00Z
2025-05-31,E00365,0,0.0,0.0,2026-06-01T00:00:00Z
2025-06-30,E00365,0,0.0,0.0,2026-07-01T00:00:00Z
2023-07-31,E00366,0,0.0,0.0,2024-07-31T00:00:00Z
2023-08-31,E00366,0,0.0,0.0,2024-08-31T00:00:00Z
2023-09-30,E00366,0,0.0,0.0,2024-09-30T00:00:00Z
2023-10-31,E00366,0,0.0,0.0,2024-10-31T00:00:00Z
2023-11-30,E00366,0,0.0,0.0,2024-11-30T00:00:00Z
2023-12-31,E00366,0,0.0,0.0,2024-12-31T00:00:00Z
2024-01-31,E00366,0,0.0,0.0,2025-01-31T00:00:00Z
2024-02-29,E00366,0,0.0,0.0,2025-03-01T00:00:00Z
2024-03-31,E00366,0,0.0,0.0,2025-04-01T00:00:00Z
2024-04-30,E00366,0,0.0,0.0,2025-05-01T00:00:00Z
2024-05-31,E00366,0,0.0,0.0,2025-06-01T00:00:00Z
2024-06-30,E00366,0,0.0,0.0,2025-07-01T00:00:00Z
2024-07-31,E00366,0,0.0,0.0,2025-08-01T00:00:00Z
2024-08-31,E00366,0,0.0,0.0,2025-09-01T00:00:00Z
2024-09-30,E00366,0,0.0,0.0,2025-10-01T00:00:00Z
2024-10-31,E00366,0,0.0,0.0,2025-11-01T00:00:00Z
2024-11-30,E00366,0,0.0,0.0,2025-12-01T00:00:00Z
2024-12-31,E00366,0,0.0,0.0,2026-01-01T00:00:00Z
2025-01-31,E00366,0,0.0,0.0,2026-02-01T00:00:00Z
2025-02-28,E00366,0,0.0,0.0,2026-03-01T00:00:00Z
2025-03-31,E00366,0,0.0,0.0,2026-04-01T00:00:00Z
2025-04-30,E00366,0,0.0,0.0,2026-05-01T00:00:00Z
2025-05-31,E00366,0,0.0,0.0,2026-06-01T00:00:00Z
2025-06-30,E00366,0,0.0,0.0,2026-07-01T00:00:00Z
2023-07-31,E00367,0,0.0,0.0,2024-07-31T00:00:00Z
2023-08-31,E00367,0,0.0,0.0,2024-08-31T00:00:00Z
2023-09-30,E00367,0,0.0,0.0,2024-09-30T00:00:00Z
2023-10-31,E00367,0,0.0,0.0,2024-10-31T00:00:00Z
2023-11-30,E00367,0,0.0,0.0,2024-11-30T00:00:00Z
2023-12-31,E00367,0,0.0,0.0,2024-12-31T00:00:00Z
2024-01-31,E00367,0,0.0,0.0,2025-01-31T00:00:00Z
2024-02-29,E00367,0,0.0,0.0,2025-03-01T00:00:00Z
2024-03-31,E00367,0,0.0,0.0,2025-04-01T00:00:00Z
2024-04-30,E00367,0,0.0,0.0,2025-05-01T00:00:00Z
2024-05-31,E00367,0,0.0,0.0,2025-06-01T00:00:00Z
2024-06-30,E00367,0,0.0,0.0,2025-07-01T00:00:00Z
2024-07-31,E00367,0,0.0,0.0,2025-08-01T00:00:00Z
2024-08-31,E00367,0,0.0,0.0,2025-09-01T00:00:00Z
2024-09-30,E00367,0,0.0,0.0,2025-10-01T00:00:00Z
2024-10-31,E00367,0,0.0,0.0,2025-11-01T00:00:00Z
2024-11-30,E00367,0,0.0,0.0,2025-12-01T00:00:00Z
2024-12-31,E00367,0,0.0,0.0,2026-01-01T00:00:00Z
2025-01-31,E00367,0,0.0,0.0,2026-02-01T00:00:00Z
2025-02-28,E00367,0,0.0,0.0,2026-03-01T00:00:00Z
2025-03-31,E00367,0,0.0,0.0,2026-04-01T00:00:00Z
2025-04-30,E00367,0,0.0,0.0,2026-05-01T00:00:00Z
2025-05-31,E00367,0,0.0,0.0,2026-06-01T00:00:00Z
2025-06-30,E00367,0,0.0,0.0,2026-07-01T00:00:00Z
2023-07-31,E00368,0,0.0,0.0,2024-07-31T00:00:00Z
2023-08-31,E00368,0,0.0,0.0,2024-08-31T00:00:00Z
2023-09-30,E00368,0,0.0,0.0,2024-09-30T00:00:00Z
2023-10-31,E00368,0,0.0,0.0,2024-10-31T00:00:00Z
2023-11-30,E00368,0,0.0,0.0,2024-11-30T00:00:00Z
2023-12-31,E00368,0,0.0,0.0,2024-12-31T00:00:00Z
2024-01-31,E00368,0,0.0,0.0,2025-01-31T00:00:00Z
2024-02-29,E00368,0,0.0,0.0,2025-03-01T00:00:00Z
2024-03-31,E00368,0,0.0,0.0,2025-04-01T00:00:00Z
2024-04-30,E00368,0,0.0,0.0,2025-05-01T00:00:00Z
2024-05-31,E00368,0,0.0,0.0,2025-06-01T00:00:00Z
2024-06-30,E00368,0,0.0,0.0,2025-07-01T00:00:00Z
2024-07-31,E00368,0,0.0,0.0,2025-08-01T00:00:00Z
2024-08-31,E00368,0,0.0,0.0,2025-09-01T00:00:00Z
2024-09-30,E00368,0,0.0,0.0,2025-10-01T00:00:00Z
2024-10-31,E00368,0,0.0,0.0,2025-11-01T00:00:00Z
2024-11-30,E00368,0,0.0,0.0,2025-12-01T00:00:00Z
2024-12-31,E00368,0,0.0,0.0,2026-01-01T00:00:00Z
2025-01-31,E00368,0,0.0,0.0,2026-02-01T00:00:00Z
2025-02-28,E00368,0,0.0,0.0,2026-03-01T00:00:00Z
2025-03-31,E00368,0,0.0,0.0,2026-04-01T00:00:00Z
2025-04-30,E00368,0,0.0,0.0,2026-05-01T00:00:00Z
2025-05-31,E00368,0,0.0,0.0,2026-06-01T00:00:00Z
2025-06-30,E00368,0,0.0,0.0,2026-07-01T00:00:00Z
2023-07-31,E00369,0,0.0,0.0,2024-07-31T00:00:00Z
2023-08-31,E00369,0,0.0,0.0,2024-08-31T00:00:00Z
2023-09-30,E00369,0,0.0,0.0,2024-09-30T00:00:00Z
2023-10-31,E00369,0,0.0,0.0,2024-10-31T00:00:00Z
2023-11-30,E00369,0,0.0,0.0,2024-11-30T00:00:00Z
2023-12-31,E00369,0,0.0,0.0,2024-12-31T00:00:00Z
2024-01-31,E00369,0,0.0,0.0,2025-01-31T00:00:00Z
2024-02-29,E00369,0,0.0,0.0,2025-03-01T00:00:00Z
2024-03-31,E00369,0,0.0,0.0,2025-04-01T00:00:00Z
2024-04-30,E00369,0,0.0,0.0,2025-05-01T00:00:00Z
2024-05-31,E00369,0,0.0,0.0,2025-06-01T00:00:00Z
2024-06-30,E00369,0,0.0,0.0,2025-07-01T00:00:00Z
2024-07-31,E00369,0,0.0,0.0,2025-08-01T00:00:00Z
2024-08-31,E00369,0,0.0,0.0,2025-09-01T00:00:00Z
2024-09-30,E00369,0,0.0,0.0,2025-10-01T00:00:00Z
2024-10-31,E00369,0,0.0,0.0,2025-11-01T00:00:00Z
2024-11-30,E00369,0,0.0,0.0,2025-12-01T00:00:00Z
2024-12-31,E00369,0,0.0,0.0,2026-01-01T00:00:00Z
2025-01-31,E00369,0,0.0,0.0,2026-02-01T00:00:00Z
2025-02-28,E00369,0,0.0,0.0,2026-03-01T00:00:00Z
2025-03-31,E00369,0,0.0,0.0,2026-04-01T00:00:00Z
2025-04-30,E00369,0,0.0,0.0,2026-05-01T00:00:00Z
2025-05-31,E00369,0,0.0,0.0,2026-06-01T00:00:00Z
2025-06-30,E00369,0,0.0,0.0,2026-07-01T00:00:00Z
2023-07-31,E00370,0,0.0,0.0,2024-07-31T00:00:00Z
2023-08-31,E00370,0,0.0,0.0,2024-08-31T00:00:00Z
2023-09-30,E00370,0,0.0,0.0,2024-09-30T00:00:00Z
2023-10-31,E00370,0,0.0,0.0,2024-10-31T00:00:00Z
2023-11-30,E00370,0,0.0,0.0,2024-11-30T00:00:00Z
2023-12-31,E00370,0,0.0,0.0,2024-12-31T00:00:00Z
2024-01-31,E00370,0,0.0,0.0,2025-01-31T00:00:00Z
2024-02-29,E00370,0,0.0,0.0,2025-03-01T00:00:00Z
2024-03-31,E00370,0,0.0,0.0,2025-04-01T00:00:00Z
2024-04-30,E00370,0,0.0,0.0,2025-05-01T00:00:00Z
2024-05-31,E00370,0,0.0,0.0,2025-06-01T00:00:00Z
2024-06-30,E00370,0,0.0,0.0,2025-07-01T00:00:00Z
2024-07-31,E00370,0,0.0,0.0,2025-08-01T00:00:00Z
2024-08-31,E00370,0,0.0,0.0,2025-09-01T00:00:00Z
2024-09-30,E00370,0,0.0,0.0,2025-10-01T00:00:00Z
2024-10-31,E00370,0,0.0,0.0,2025-11-01T00:00:00Z
2024-11-30,E00370,0,0.0,0.0,2025-12-01T00:00:00Z
2024-12-31,E00370,0,0.0,0.0,2026-01-01T00:00:00Z
2025-01-31,E00370,0,0.0,0.0,2026-02-01T00:00:00Z
2025-02-28,E00370,0,0.0,0.0,2026-03-01T00:00:00Z
2025-03-31,E00370,0,0.0,0.0,2026-04-01T00:00:00Z
2025-04-30,E00370,0,0.0,0.0,2026-05-01T00:00:00Z
2025-05-31,E00370,0,0.0,0.0,2026-06-01T00:00:00Z
2025-06-30,E00370,0,0.0,0.0,2026-07-01T00:00:00Z
2023-07-31,E00371,0,0.0,0.0,2024-07-31T00:00:00Z
2023-08-31,E00371,0,0.0,0.0,2024-08-31T00:00:00Z
2023-09-30,E00371,0,0.0,0.0,2024-09-30T00:00:00Z
2023-10-31,E00371,1,0.2474,33773.56,2024-10-31T00:00:00Z
2023-11-30,E00371,1,0.2607,35591.51,2024-11-30T00:00:00Z
2023-12-31,E00371,1,0.1639,22368.72,2024-12-31T00:00:00Z
2024-01-31,E00371,1,0.1866,25470.74,2025-01-31T00:00:00Z
2024-02-29,E00371,1,0.1961,26773.16,2025-03-01T00:00:00Z
2024-03-31,E00371,1,0.2182,29786.94,2025-04-01T00:00:00Z
2024-04-30,E00371,1,0.2422,33067.51,2025-05-01T00:00:00Z
2024-05-31,E00371,1,0.241,32892.71,2025-06-01T00:00:00Z
2024-06-30,E00371,1,0.2491,34003.05,2025-07-01T00:00:00Z
2024-07-31,E00371,1,0.2592,35386.91,2025-08-01T00:00:00Z
2024-08-31,E00371,1,0.1979,27015.17,2025-09-01T00:00:00Z
2024-09-30,E00371,1,0.2197,29994.56,2025-10-01T00:00:00Z
2024-10-31,E00371,0,0.0,0.0,2025-11-01T00:00:00Z
2024-11-30,E00371,0,0.0,0.0,2025-12-01T00:00:00Z
2024-12-31,E00371,0,0.0,0.0,2026-01-01T00:00:00Z
2025-01-31,E00371,0,0.0,0.0,2026-02-01T00:00:00Z
2025-02-28,E00371,0,0.0,0.0,2026-03-01T00:00:00Z
2025-03-31,E00371,0,0.0,0.0,2026-04-01T00:00:00Z
2025-04-30,E00371,0,0.0,0.0,2026-05-01T00:00:00Z
2025-05-31,E00371,0,0.0,0.0,2026-06-01T00:00:00Z
2025-06-30,E00371,0,0.0,0.0,2026-07-01T00:00:00Z
2023-07-31,E00372,0,0.0,0.0,2024-07-31T00:00:00Z
2023-08-31,E00372,0,0.0,0.0,2024-08-31T00:00:00Z
2023-09-30,E00372,0,0.0,0.0,2024-09-30T00:00:00Z
2023-10-31,E00372,0,0.0,0.0,2024-10-31T00:00:00Z
2023-11-30,E00372,0,0.0,0.0,2024-11-30T00:00:00Z
2023-12-31,E00372,0,0.0,0.0,2024-12-31T00:00:00Z
2024-01-31,E00372,0,0.0,0.0,2025-01-31T00:00:00Z
2024-02-29,E00372,0,0.0,0.0,2025-03-01T00:00:00Z
2024-03-31,E00372,0,0.0,0.0,2025-04-01T00:00:00Z
2024-04-30,E00372,0,0.0,0.0,2025-05-01T00:00:00Z
2024-05-31,E00372,0,0.0,0.0,2025-06-01T00:00:00Z
2024-06-30,E00372,0,0.0,0.0,2025-07-01T00:00:00Z
2024-07-31,E00372,0,0.0,0.0,2025-08-01T00:00:00Z
2024-08-31,E00372,0,0.0,0.0,2025-09-01T00:00:00Z
2024-09-30,E00372,0,0.0,0.0,2025-10-01T00:00:00Z
2024-10-31,E00372,0,0.0,0.0,2025-11-01T00:00:00Z
2024-11-30,E00372,0,0.0,0.0,2025-12-01T00:00:00Z
2024-12-31,E00372,0,0.0,0.0,2026-01-01T00:00:00Z
2025-01-31,E00372,0,0.0,0.0,2026-02-01T00:00:00Z
2025-02-28,E00372,0,0.0,0.0,2026-03-01T00:00:00Z
2025-03-31,E00372,0,0.0,0.0,2026-04-01T00:00:00Z
2025-04-30,E00372,0,0.0,0.0,2026-05-01T00:00:00Z
2025-05-31,E00372,0,0.0,0.0,2026-06-01T00:00:00Z
2025-06-30,E00372,0,0.0,0.0,2026-07-01T00:00:00Z
2023-07-31,E00373,0,0.0,0.0,2024-07-31T00:00:00Z
2023-08-31,E00373,0,0.0,0.0,2024-08-31T00:00:00Z
2023-09-30,E00373,0,0.0,0.0,2024-09-30T00:00:00Z
2023-10-31,E00373,0,0.0,0.0,2024-10-31T00:00:00Z
2023-11-30,E00373,0,0.0,0.0,2024-11-30T00:00:00Z
2023-12-31,E00373,0,0.0,0.0,2024-12-31T00:00:00Z
2024-01-31,E00373,0,0.0,0.0,2025-01-31T00:00:00Z
2024-02-29,E00373,0,0.0,0.0,2025-03-01T00:00:00Z
2024-03-31,E00373,0,0.0,0.0,2025-04-01T00:00:00Z
2024-04-30,E00373,0,0.0,0.0,2025-05-01T00:00:00Z
2024-05-31,E00373,0,0.0,0.0,2025-06-01T00:00:00Z
2024-06-30,E00373,0,0.0,0.0,2025-07-01T00:00:00Z
2024-07-31,E00373,0,0.0,0.0,2025-08-01T00:00:00Z
2024-08-31,E00373,0,0.0,0.0,2025-09-01T00:00:00Z
2024-09-30,E00373,0,0.0,0.0,2025-10-01T00:00:00Z
2024-10-31,E00373,0,0.0,0.0,2025-11-01T00:00:00Z
2024-11-30,E00373,0,0.0,0.0,2025-12-01T00:00:00Z
2024-12-31,E00373,0,0.0,0.0,2026-01-01T00:00:00Z
2025-01-31,E00373,0,0.0,0.0,2026-02-01T00:00:00Z
2025-02-28,E00373,0,0.0,0.0,2026-03-01T00:00:00Z
2025-03-31,E00373,0,0.0,0.0,2026-04-01T00:00:00Z
2025-04-30,E00373,0,0.0,0.0,2026-05-01T00:00:00Z
2025-05-31,E00373,0,0.0,0.0,2026-06-01T00:00:00Z
2025-06-30,E00373,0,0.0,0.0,2026-07-01T00:00:00Z
2023-07-31,E00374,1,0.0724,2659.95,2024-07-31T00:00:00Z
2023-08-31,E00374,1,0.0791,2908.19,2024-08-31T00:00:00Z
2023-09-30,E00374,0,0.0,0.0,2024-09-30T00:00:00Z
2023-10-31,E00374,0,0.0,0.0,2024-10-31T00:00:00Z
2023-11-30,E00374,0,0.0,0.0,2024-11-30T00:00:00Z
2023-12-31,E00374,0,0.0,0.0,2024-12-31T00:00:00Z
2024-01-31,E00374,0,0.0,0.0,2025-01-31T00:00:00Z
2024-02-29,E00374,0,0.0,0.0,2025-03-01T00:00:00Z
2024-03-31,E00374,0,0.0,0.0,2025-04-01T00:00:00Z
2024-04-30,E00374,0,0.0,0.0,2025-05-01T00:00:00Z
2024-05-31,E00374,0,0.0,0.0,2025-06-01T00:00:00Z
2024-06-30,E00374,0,0.0,0.0,2025-07-01T00:00:00Z
2024-07-31,E00374,0,0.0,0.0,2025-08-01T00:00:00Z
2024-08-31,E00374,0,0.0,0.0,2025-09-01T00:00:00Z
2024-09-30,E00374,0,0.0,0.0,2025-10-01T00:00:00Z
2024-10-31,E00374,0,0.0,0.0,2025-11-01T00:00:00Z
2024-11-30,E00374,0,0.0,0.0,2025-12-01T00:00:00Z
2024-12-31,E00374,0,0.0,0.0,2026-01-01T00:00:00Z
2025-01-31,E00374,0,0.0,0.0,2026-02-01T00:00:00Z
2025-02-28,E00374,0,0.0,0.0,2026-03-01T00:00:00Z
2025-03-31,E00374,0,0.0,0.0,2026-04-01T00:00:00Z
2025-04-30,E00374,0,0.0,0.0,2026-05-01T00:00:00Z
2025-05-31,E00374,0,0.0,0.0,2026-06-01T00:00:00Z
2025-06-30,E00374,0,0.0,0.0,2026-07-01T00:00:00Z
2023-07-31,E00375,0,0.0,0.0,2024-07-31T00:00:00Z
2023-08-31,E00375,0,0.0,0.0,2024-08-31T00:00:00Z
2023-09-30,E00375,0,0.0,0.0,2024-09-30T00:00:00Z
2023-10-31,E00375,0,0.0,0.0,2024-10-31T00:00:00Z
2023-11-30,E00375,0,0.0,0.0,2024-11-30T00:00:00Z
2023-12-31,E00375,0,0.0,0.0,2024-12-31T00:00:00Z
2024-01-31,E00375,0,0.0,0.0,2025-01-31T00:00:00Z
2024-02-29,E00375,0,0.0,0.0,2025-03-01T00:00:00Z
2024-03-31,E00375,0,0.0,0.0,2025-04-01T00:00:00Z
2024-04-30,E00375,0,0.0,0.0,2025-05-01T00:00:00Z
2024-05-31,E00375,0,0.0,0.0,2025-06-01T00:00:00Z
2024-06-30,E00375,0,0.0,0.0,2025-07-01T00:00:00Z
2024-07-31,E00375,0,0.0,0.0,2025-08-01T00:00:00Z
2024-08-31,E00375,0,0.0,0.0,2025-09-01T00:00:00Z
2024-09-30,E00375,0,0.0,0.0,2025-10-01T00:00:00Z
2024-10-31,E00375,0,0.0,0.0,2025-11-01T00:00:00Z
2024-11-30,E00375,0,0.0,0.0,2025-12-01T00:00:00Z
2024-12-31,E00375,0,0.0,0.0,2026-01-01T00:00:00Z
2025-01-31,E00375,0,0.0,0.0,2026-02-01T00:00:00Z
2025-02-28,E00375,0,0.0,0.0,2026-03-01T00:00:00Z
2025-03-31,E00375,0,0.0,0.0,2026-04-01T00:00:00Z
2025-04-30,E00375,0,0.0,0.0,2026-05-01T00:00:00Z
2025-05-31,E00375,0,0.0,0.0,2026-06-01T00:00:00Z
2025-06-30,E00375,0,0.0,0.0,2026-07-01T00:00:00Z
2023-07-31,E00376,0,0.0,0.0,2024-07-31T00:00:00Z
2023-08-31,E00376,0,0.0,0.0,2024-08-31T00:00:00Z
2023-09-30,E00376,0,0.0,0.0,2024-09-30T00:00:00Z
2023-10-31,E00376,0,0.0,0.0,2024-10-31T00:00:00Z
2023-11-30,E00376,0,0.0,0.0,2024-11-30T00:00:00Z
2023-12-31,E00376,0,0.0,0.0,2024-12-31T00:00:00Z
2024-01-31,E00376,0,0.0,0.0,2025-01-31T00:00:00Z
2024-02-29,E00376,0,0.0,0.0,2025-03-01T00:00:00Z
2024-03-31,E00376,0,0.0,0.0,2025-04-01T00:00:00Z
2024-04-30,E00376,0,0.0,0.0,2025-05-01T00:00:00Z
2024-05-31,E00376,0,0.0,0.0,2025-06-01T00:00:00Z
2024-06-30,E00376,0,0.0,0.0,2025-07-01T00:00:00Z
2024-07-31,E00376,0,0.0,0.0,2025-08-01T00:00:00Z
2024-08-31,E00376,0,0.0,0.0,2025-09-01T00:00:00Z
2024-09-30,E00376,0,0.0,0.0,2025-10-01T00:00:00Z
2024-10-31,E00376,0,0.0,0.0,2025-11-01T00:00:00Z
2024-11-30,E00376,0,0.0,0.0,2025-12-01T00:00:00Z
2024-12-31,E00376,0,0.0,0.0,2026-01-01T00:00:00Z
2025-01-31,E00376,0,0.0,0.0,2026-02-01T00:00:00Z
2025-02-28,E00376,0,0.0,0.0,2026-03-01T00:00:00Z
2025-03-31,E00376,0,0.0,0.0,2026-04-01T00:00:00Z
2025-04-30,E00376,0,0.0,0.0,2026-05-01T00:00:00Z
2025-05-31,E00376,0,0.0,0.0,2026-06-01T00:00:00Z
2025-06-30,E00376,0,0.0,0.0,2026-07-01T00:00:00Z
2023-07-31,E00377,0,0.0,0.0,2024-07-31T00:00:00Z
2023-08-31,E00377,0,0.0,0.0,2024-08-31T00:00:00Z
2023-09-30,E00377,0,0.0,0.0,2024-09-30T00:00:00Z
2023-10-31,E00377,0,0.0,0.0,2024-10-31T00:00:00Z
2023-11-30,E00377,0,0.0,0.0,2024-11-30T00:00:00Z
2023-12-31,E00377,0,0.0,0.0,2024-12-31T00:00:00Z
2024-01-31,E00377,0,0.0,0.0,2025-01-31T00:00:00Z
2024-02-29,E00377,0,0.0,0.0,2025-03-01T00:00:00Z
2024-03-31,E00377,0,0.0,0.0,2025-04-01T00:00:00Z
2024-04-30,E00377,0,0.0,0.0,2025-05-01T00:00:00Z
2024-05-31,E00377,0,0.0,0.0,2025-06-01T00:00:00Z
2024-06-30,E00377,0,0.0,0.0,2025-07-01T00:00:00Z
2024-07-31,E00377,0,0.0,0.0,2025-08-01T00:00:00Z
2024-08-31,E00377,0,0.0,0.0,2025-09-01T00:00:00Z
2024-09-30,E00377,0,0.0,0.0,2025-10-01T00:00:00Z
2024-10-31,E00377,0,0.0,0.0,2025-11-01T00:00:00Z
2024-11-30,E00377,0,0.0,0.0,2025-12-01T00:00:00Z
2024-12-31,E00377,0,0.0,0.0,2026-01-01T00:00:00Z
2025-01-31,E00377,0,0.0,0.0,2026-02-01T00:00:00Z
2025-02-28,E00377,0,0.0,0.0,2026-03-01T00:00:00Z
2025-03-31,E00377,0,0.0,0.0,2026-04-01T00:00:00Z
2025-04-30,E00377,0,0.0,0.0,2026-05-01T00:00:00Z
2025-05-31,E00377,0,0.0,0.0,2026-06-01T00:00:00Z
2025-06-30,E00377,0,0.0,0.0,2026-07-01T00:00:00Z
2023-07-31,E00378,0,0.0,0.0,2024-07-31T00:00:00Z
2023-08-31,E00378,0,0.0,0.0,2024-08-31T00:00:00Z
2023-09-30,E00378,0,0.0,0.0,2024-09-30T00:00:00Z
2023-10-31,E00378,0,0.0,0.0,2024-10-31T00:00:00Z
2023-11-30,E00378,0,0.0,0.0,2024-11-30T00:00:00Z
2023-12-31,E00378,0,0.0,0.0,2024-12-31T00:00:00Z
2024-01-31,E00378,0,0.0,0.0,2025-01-31T00:00:00Z
2024-02-29,E00378,0,0.0,0.0,2025-03-01T00:00:00Z
2024-03-31,E00378,0,0.0,0.0,2025-04-01T00:00:00Z
2024-04-30,E00378,0,0.0,0.0,2025-05-01T00:00:00Z
2024-05-31,E00378,0,0.0,0.0,2025-06-01T00:00:00Z
2024-06-30,E00378,0,0.0,0.0,2025-07-01T00:00:00Z
2024-07-31,E00378,0,0.0,0.0,2025-08-01T00:00:00Z
2024-08-31,E00378,0,0.0,0.0,2025-09-01T00:00:00Z
2024-09-30,E00378,0,0.0,0.0,2025-10-01T00:00:00Z
2024-10-31,E00378,0,0.0,0.0,2025-11-01T00:00:00Z
2024-11-30,E00378,0,0.0,0.0,2025-12-01T00:00:00Z
2024-12-31,E00378,0,0.0,0.0,2026-01-01T00:00:00Z
2025-01-31,E00378,0,0.0,0.0,2026-02-01T00:00:00Z
2025-02-28,E00378,0,0.0,0.0,2026-03-01T00:00:00Z
2025-03-31,E00378,0,0.0,0.0,2026-04-01T00:00:00Z
2025-04-30,E00378,0,0.0,0.0,2026-05-01T00:00:00Z
2025-05-31,E00378,0,0.0,0.0,2026-06-01T00:00:00Z
2025-06-30,E00378,0,0.0,0.0,2026-07-01T00:00:00Z
2023-07-31,E00379,0,0.0,0.0,2024-07-31T00:00:00Z
2023-08-31,E00379,0,0.0,0.0,2024-08-31T00:00:00Z
2023-09-30,E00379,1,0.1497,46563.9,2024-09-30T00:00:00Z
2023-10-31,E00379,1,0.1763,54844.13,2024-10-31T00:00:00Z
2023-11-30,E00379,1,0.226,70298.13,2024-11-30T00:00:00Z
2023-12-31,E00379,1,0.2358,73346.58,2024-12-31T00:00:00Z
2024-01-31,E00379,1,0.2014,62653.34,2025-01-31T00:00:00Z
2024-02-29,E00379,1,0.149,46346.16,2025-03-01T00:00:00Z
2024-03-31,E00379,1,0.1116,34714.44,2025-04-01T00:00:00Z
2024-04-30,E00379,1,0.1873,58259.03,2025-05-01T00:00:00Z
2024-05-31,E00379,1,0.2689,83666.72,2025-06-01T00:00:00Z
2024-06-30,E00379,1,0.263,81813.2,2025-07-01T00:00:00Z
2024-07-31,E00379,1,0.1895,58943.07,2025-08-01T00:00:00Z
2024-08-31,E00379,1,0.2427,75505.26,2025-09-01T00:00:00Z
2024-09-30,E00379,1,0.1766,54948.97,2025-10-01T00:00:00Z
2024-10-31,E00379,1,0.2487,77384.42,2025-11-01T00:00:00Z
2024-11-30,E00379,1,0.1694,52708.01,2025-12-01T00:00:00Z
2024-12-31,E00379,1,0.2361,73450.47,2026-01-01T00:00:00Z
2025-01-31,E00379,0,0.0,0.0,2026-02-01T00:00:00Z
2025-02-28,E00379,0,0.0,0.0,2026-03-01T00:00:00Z
2025-03-31,E00379,0,0.0,0.0,2026-04-01T00:00:00Z
2025-04-30,E00379,0,0.0,0.0,2026-05-01T00:00:00Z
2025-05-31,E00379,0,0.0,0.0,2026-06-01T00:00:00Z
2025-06-30,E00379,0,0.0,0.0,2026-07-01T00:00:00Z
2023-07-31,E00380,0,0.0,0.0,2024-07-31T00:00:00Z
2023-08-31,E00380,0,0.0,0.0,2024-08-31T00:00:00Z
2023-09-30,E00380,0,0.0,0.0,2024-09-30T00:00:00Z
2023-10-31,E00380,0,0.0,0.0,2024-10-31T00:00:00Z
2023-11-30,E00380,0,0.0,0.0,2024-11-30T00:00:00Z
2023-12-31,E00380,0,0.0,0.0,2024-12-31T00:00:00Z
2024-01-31,E00380,0,0.0,0.0,2025-01-31T00:00:00Z
2024-02-29,E00380,0,0.0,0.0,2025-03-01T00:00:00Z
2024-03-31,E00380,0,0.0,0.0,2025-04-01T00:00:00Z
2024-04-30,E00380,0,0.0,0.0,2025-05-01T00:00:00Z
2024-05-31,E00380,0,0.0,0.0,2025-06-01T00:00:00Z
2024-06-30,E00380,0,0.0,0.0,2025-07-01T00:00:00Z
2024-07-31,E00380,0,0.0,0.0,2025-08-01T00:00:00Z
2024-08-31,E00380,0,0.0,0.0,2025-09-01T00:00:00Z
2024-09-30,E00380,0,0.0,0.0,2025-10-01T00:00:00Z
2024-10-31,E00380,0,0.0,0.0,2025-11-01T00:00:00Z
2024-11-30,E00380,0,0.0,0.0,2025-12-01T00:00:00Z
2024-12-31,E00380,0,0.0,0.0,2026-01-01T00:00:00Z
2025-01-31,E00380,0,0.0,0.0,2026-02-01T00:00:00Z
2025-02-28,E00380,0,0.0,0.0,2026-03-01T00:00:00Z
2025-03-31,E00380,0,0.0,0.0,2026-04-01T00:00:00Z
2025-04-30,E00380,0,0.0,0.0,2026-05-01T00:00:00Z
2025-05-31,E00380,0,0.0,0.0,2026-06-01T00:00:00Z
2025-06-30,E00380,0,0.0,0.0,2026-07-01T00:00:00Z
2023-07-31,E00381,0,0.0,0.0,2024-07-31T00:00:00Z
2023-08-31,E00381,1,0.0908,14356.8,2024-08-31T00:00:00Z
2023-09-30,E00381,1,0.0313,4941.97,2024-09-30T00:00:00Z
2023-10-31,E00381,1,0.1201,18987.25,2024-10-31T00:00:00Z
2023-11-30,E00381,1,0.0226,3566.32,2024-11-30T00:00:00Z
2023-12-31,E00381,1,0.0,0.0,2024-12-31T00:00:00Z
2024-01-31,E00381,1,0.1051,16622.21,2025-01-31T00:00:00Z
2024-02-29,E00381,1,0.1423,22506.16,2025-03-01T00:00:00Z
2024-03-31,E00381,1,0.0979,15474.63,2025-04-01T00:00:00Z
2024-04-30,E00381,1,0.0355,5617.6,2025-05-01T00:00:00Z
2024-05-31,E00381,1,0.0306,4841.0,2025-06-01T00:00:00Z
2024-06-30,E00381,1,0.0,0.0,2025-07-01T00:00:00Z
2024-07-31,E00381,1,0.0,0.0,2025-08-01T00:00:00Z
2024-08-31,E00381,0,0.0,0.0,2025-09-01T00:00:00Z
2024-09-30,E00381,0,0.0,0.0,2025-10-01T00:00:00Z
2024-10-31,E00381,0,0.0,0.0,2025-11-01T00:00:00Z
2024-11-30,E00381,0,0.0,0.0,2025-12-01T00:00:00Z
2024-12-31,E00381,1,0.0145,2268.09,2026-01-01T00:00:00Z
2025-01-31,E00381,1,0.0146,2285.57,2026-02-01T00:00:00Z
2025-02-28,E00381,1,0.0122,1910.93,2026-03-01T00:00:00Z
2025-03-31,E00381,1,0.027,4235.07,2026-04-01T00:00:00Z
2025-04-30,E00381,1,0.0574,8994.87,2026-05-01T00:00:00Z
2025-05-31,E00381,1,0.0064,996.42,2026-06-01T00:00:00Z
2025-06-30,E00381,1,0.0,0.0,2026-07-01T00:00:00Z
2023-07-31,E00382,1,0.1425,14013.06,2024-07-31T00:00:00Z
2023-08-31,E00382,1,0.1652,16246.0,2024-08-31T00:00:00Z
2023-09-30,E00382,1,0.1012,9946.85,2024-09-30T00:00:00Z
2023-10-31,E00382,0,0.0,0.0,2024-10-31T00:00:00Z
2023-11-30,E00382,0,0.0,0.0,2024-11-30T00:00:00Z
2023-12-31,E00382,0,0.0,0.0,2024-12-31T00:00:00Z
2024-01-31,E00382,0,0.0,0.0,2025-01-31T00:00:00Z
2024-02-29,E00382,0,0.0,0.0,2025-03-01T00:00:00Z
2024-03-31,E00382,0,0.0,0.0,2025-04-01T00:00:00Z
2024-04-30,E00382,0,0.0,0.0,2025-05-01T00:00:00Z
2024-05-31,E00382,0,0.0,0.0,2025-06-01T00:00:00Z
2024-06-30,E00382,0,0.0,0.0,2025-07-01T00:00:00Z
2024-07-31,E00382,0,0.0,0.0,2025-08-01T00:00:00Z
2024-08-31,E00382,0,0.0,0.0,2025-09-01T00:00:00Z
2024-09-30,E00382,0,0.0,0.0,2025-10-01T00:00:00Z
2024-10-31,E00382,0,0.0,0.0,2025-11-01T00:00:00Z
2024-11-30,E00382,1,0.1148,11378.02,2025-12-01T00:00:00Z
2024-12-31,E00382,1,0.078,7727.82,2026-01-01T00:00:00Z
2025-01-31,E00382,1,0.1262,12504.92,2026-02-01T00:00:00Z
2025-02-28,E00382,1,0.1187,11765.37,2026-03-01T00:00:00Z
2025-03-31,E00382,1,0.1293,12815.83,2026-04-01T00:00:00Z
2025-04-30,E00382,1,0.1248,12372.9,2026-05-01T00:00:00Z
2025-05-31,E00382,1,0.1297,12853.89,2026-06-01T00:00:00Z
2025-06-30,E00382,1,0.0512,5070.97,2026-07-01T00:00:00Z
2023-07-31,E00383,0,0.0,0.0,2024-07-31T00:00:00Z
2023-08-31,E00383,0,0.0,0.0,2024-08-31T00:00:00Z
2023-09-30,E00383,0,0.0,0.0,2024-09-30T00:00:00Z
2023-10-31,E00383,0,0.0,0.0,2024-10-31T00:00:00Z
2023-11-30,E00383,0,0.0,0.0,2024-11-30T00:00:00Z
2023-12-31,E00383,0,0.0,0.0,2024-12-31T00:00:00Z
2024-01-31,E00383,0,0.0,0.0,2025-01-31T00:00:00Z
2024-02-29,E00383,0,0.0,0.0,2025-03-01T00:00:00Z
2024-03-31,E00383,0,0.0,0.0,2025-04-01T00:00:00Z
2024-04-30,E00383,0,0.0,0.0,2025-05-01T00:00:00Z
2024-05-31,E00383,0,0.0,0.0,2025-06-01T00:00:00Z
2024-06-30,E00383,0,0.0,0.0,2025-07-01T00:00:00Z
2024-07-31,E00383,0,0.0,0.0,2025-08-01T00:00:00Z
2024-08-31,E00383,0,0.0,0.0,2025-09-01T00:00:00Z
2024-09-30,E00383,0,0.0,0.0,2025-10-01T00:00:00Z
2024-10-31,E00383,0,0.0,0.0,2025-11-01T00:00:00Z
2024-11-30,E00383,0,0.0,0.0,2025-12-01T00:00:00Z
2024-12-31,E00383,0,0.0,0.0,2026-01-01T00:00:00Z
2025-01-31,E00383,0,0.0,0.0,2026-02-01T00:00:00Z
2025-02-28,E00383,0,0.0,0.0,2026-03-01T00:00:00Z
2025-03-31,E00383,0,0.0,0.0,2026-04-01T00:00:00Z
2025-04-30,E00383,0,0.0,0.0,2026-05-01T00:00:00Z
2025-05-31,E00383,0,0.0,0.0,2026-06-01T00:00:00Z
2025-06-30,E00383,0,0.0,0.0,2026-07-01T00:00:00Z
2023-07-31,E00384,0,0.0,0.0,2024-07-31T00:00:00Z
2023-08-31,E00384,0,0.0,0.0,2024-08-31T00:00:00Z
2023-09-30,E00384,0,0.0,0.0,2024-09-30T00:00:00Z
2023-10-31,E00384,0,0.0,0.0,2024-10-31T00:00:00Z
2023-11-30,E00384,0,0.0,0.0,2024-11-30T00:00:00Z
2023-12-31,E00384,0,0.0,0.0,2024-12-31T00:00:00Z
2024-01-31,E00384,0,0.0,0.0,2025-01-31T00:00:00Z
2024-02-29,E00384,0,0.0,0.0,2025-03-01T00:00:00Z
2024-03-31,E00384,0,0.0,0.0,2025-04-01T00:00:00Z
2024-04-30,E00384,0,0.0,0.0,2025-05-01T00:00:00Z
2024-05-31,E00384,0,0.0,0.0,2025-06-01T00:00:00Z
2024-06-30,E00384,0,0.0,0.0,2025-07-01T00:00:00Z
2024-07-31,E00384,0,0.0,0.0,2025-08-01T00:00:00Z
2024-08-31,E00384,0,0.0,0.0,2025-09-01T00:00:00Z
2024-09-30,E00384,0,0.0,0.0,2025-10-01T00:00:00Z
2024-10-31,E00384,0,0.0,0.0,2025-11-01T00:00:00Z
2024-11-30,E00384,0,0.0,0.0,2025-12-01T00:00:00Z
2024-12-31,E00384,0,0.0,0.0,2026-01-01T00:00:00Z
2025-01-31,E00384,0,0.0,0.0,2026-02-01T00:00:00Z
2025-02-28,E00384,0,0.0,0.0,2026-03-01T00:00:00Z
2025-03-31,E00384,0,0.0,0.0,2026-04-01T00:00:00Z
2025-04-30,E00384,0,0.0,0.0,2026-05-01T00:00:00Z
2025-05-31,E00384,0,0.0,0.0,2026-06-01T00:00:00Z
2025-06-30,E00384,0,0.0,0.0,2026-07-01T00:00:00Z
2023-07-31,E00385,0,0.0,0.0,2024-07-31T00:00:00Z
2023-08-31,E00385,0,0.0,0.0,2024-08-31T00:00:00Z
2023-09-30,E00385,0,0.0,0.0,2024-09-30T00:00:00Z
2023-10-31,E00385,0,0.0,0.0,2024-10-31T00:00:00Z
2023-11-30,E00385,0,0.0,0.0,2024-11-30T00:00:00Z
2023-12-31,E00385,0,0.0,0.0,2024-12-31T00:00:00Z
2024-01-31,E00385,0,0.0,0.0,2025-01-31T00:00:00Z
2024-02-29,E00385,0,0.0,0.0,2025-03-01T00:00:00Z
2024-03-31,E00385,0,0.0,0.0,2025-04-01T00:00:00Z
2024-04-30,E00385,0,0.0,0.0,2025-05-01T00:00:00Z
2024-05-31,E00385,0,0.0,0.0,2025-06-01T00:00:00Z
2024-06-30,E00385,0,0.0,0.0,2025-07-01T00:00:00Z
2024-07-31,E00385,0,0.0,0.0,2025-08-01T00:00:00Z
2024-08-31,E00385,0,0.0,0.0,2025-09-01T00:00:00Z
2024-09-30,E00385,0,0.0,0.0,2025-10-01T00:00:00Z
2024-10-31,E00385,0,0.0,0.0,2025-11-01T00:00:00Z
2024-11-30,E00385,0,0.0,0.0,2025-12-01T00:00:00Z
2024-12-31,E00385,0,0.0,0.0,2026-01-01T00:00:00Z
2025-01-31,E00385,0,0.0,0.0,2026-02-01T00:00:00Z
2025-02-28,E00385,0,0.0,0.0,2026-03-01T00:00:00Z
2025-03-31,E00385,0,0.0,0.0,2026-04-01T00:00:00Z
2025-04-30,E00385,0,0.0,0.0,2026-05-01T00:00:00Z
2025-05-31,E00385,0,0.0,0.0,2026-06-01T00:00:00Z
2025-06-30,E00385,0,0.0,0.0,2026-07-01T00:00:00Z
2023-07-31,E00386,0,0.0,0.0,2024-07-31T00:00:00Z
2023-08-31,E00386,0,0.0,0.0,2024-08-31T00:00:00Z
2023-09-30,E00386,0,0.0,0.0,2024-09-30T00:00:00Z
2023-10-31,E00386,0,0.0,0.0,2024-10-31T00:00:00Z
2023-11-30,E00386,0,0.0,0.0,2024-11-30T00:00:00Z
2023-12-31,E00386,0,0.0,0.0,2024-12-31T00:00:00Z
2024-01-31,E00386,0,0.0,0.0,2025-01-31T00:00:00Z
2024-02-29,E00386,0,0.0,0.0,2025-03-01T00:00:00Z
2024-03-31,E00386,0,0.0,0.0,2025-04-01T00:00:00Z
2024-04-30,E00386,0,0.0,0.0,2025-05-01T00:00:00Z
2024-05-31,E00386,0,0.0,0.0,2025-06-01T00:00:00Z
2024-06-30,E00386,0,0.0,0.0,2025-07-01T00:00:00Z
2024-07-31,E00386,0,0.0,0.0,2025-08-01T00:00:00Z
2024-08-31,E00386,0,0.0,0.0,2025-09-01T00:00:00Z
2024-09-30,E00386,0,0.0,0.0,2025-10-01T00:00:00Z
2024-10-31,E00386,0,0.0,0.0,2025-11-01T00:00:00Z
2024-11-30,E00386,0,0.0,0.0,2025-12-01T00:00:00Z
2024-12-31,E00386,0,0.0,0.0,2026-01-01T00:00:00Z
2025-01-31,E00386,0,0.0,0.0,2026-02-01T00:00:00Z
2025-02-28,E00386,0,0.0,0.0,2026-03-01T00:00:00Z
2025-03-31,E00386,0,0.0,0.0,2026-04-01T00:00:00Z
2025-04-30,E00386,0,0.0,0.0,2026-05-01T00:00:00Z
2025-05-31,E00386,0,0.0,0.0,2026-06-01T00:00:00Z
2025-06-30,E00386,0,0.0,0.0,2026-07-01T00:00:00Z
2023-07-31,E00387,1,0.0563,7239.63,2024-07-31T00:00:00Z
2023-08-31,E00387,0,0.0,0.0,2024-08-31T00:00:00Z
2023-09-30,E00387,0,0.0,0.0,2024-09-30T00:00:00Z
2023-10-31,E00387,0,0.0,0.0,2024-10-31T00:00:00Z
2023-11-30,E00387,0,0.0,0.0,2024-11-30T00:00:00Z
2023-12-31,E00387,0,0.0,0.0,2024-12-31T00:00:00Z
2024-01-31,E00387,0,0.0,0.0,2025-01-31T00:00:00Z
2024-02-29,E00387,0,0.0,0.0,2025-03-01T00:00:00Z
2024-03-31,E00387,0,0.0,0.0,2025-04-01T00:00:00Z
2024-04-30,E00387,0,0.0,0.0,2025-05-01T00:00:00Z
2024-05-31,E00387,0,0.0,0.0,2025-06-01T00:00:00Z
2024-06-30,E00387,0,0.0,0.0,2025-07-01T00:00:00Z
2024-07-31,E00387,0,0.0,0.0,2025-08-01T00:00:00Z
2024-08-31,E00387,0,0.0,0.0,2025-09-01T00:00:00Z
2024-09-30,E00387,0,0.0,0.0,2025-10-01T00:00:00Z
2024-10-31,E00387,0,0.0,0.0,2025-11-01T00:00:00Z
2024-11-30,E00387,0,0.0,0.0,2025-12-01T00:00:00Z
2024-12-31,E00387,0,0.0,0.0,2026-01-01T00:00:00Z
2025-01-31,E00387,0,0.0,0.0,2026-02-01T00:00:00Z
2025-02-28,E00387,0,0.0,0.0,2026-03-01T00:00:00Z
2025-03-31,E00387,0,0.0,0.0,2026-04-01T00:00:00Z
2025-04-30,E00387,0,0.0,0.0,2026-05-01T00:00:00Z
2025-05-31,E00387,0,0.0,0.0,2026-06-01T00:00:00Z
2025-06-30,E00387,0,0.0,0.0,2026-07-01T00:00:00Z
2023-07-31,E00388,0,0.0,0.0,2024-07-31T00:00:00Z
2023-08-31,E00388,0,0.0,0.0,2024-08-31T00:00:00Z
2023-09-30,E00388,0,0.0,0.0,2024-09-30T00:00:00Z
2023-10-31,E00388,0,0.0,0.0,2024-10-31T00:00:00Z
2023-11-30,E00388,0,0.0,0.0,2024-11-30T00:00:00Z
2023-12-31,E00388,0,0.0,0.0,2024-12-31T00:00:00Z
2024-01-31,E00388,0,0.0,0.0,2025-01-31T00:00:00Z
2024-02-29,E00388,0,0.0,0.0,2025-03-01T00:00:00Z
2024-03-31,E00388,0,0.0,0.0,2025-04-01T00:00:00Z
2024-04-30,E00388,0,0.0,0.0,2025-05-01T00:00:00Z
2024-05-31,E00388,0,0.0,0.0,2025-06-01T00:00:00Z
2024-06-30,E00388,0,0.0,0.0,2025-07-01T00:00:00Z
2024-07-31,E00388,0,0.0,0.0,2025-08-01T00:00:00Z
2024-08-31,E00388,0,0.0,0.0,2025-09-01T00:00:00Z
2024-09-30,E00388,0,0.0,0.0,2025-10-01T00:00:00Z
2024-10-31,E00388,0,0.0,0.0,2025-11-01T00:00:00Z
2024-11-30,E00388,0,0.0,0.0,2025-12-01T00:00:00Z
2024-12-31,E00388,0,0.0,0.0,2026-01-01T00:00:00Z
2025-01-31,E00388,0,0.0,0.0,2026-02-01T00:00:00Z
2025-02-28,E00388,0,0.0,0.0,2026-03-01T00:00:00Z
2025-03-31,E00388,0,0.0,0.0,2026-04-01T00:00:00Z
2025-04-30,E00388,0,0.0,0.0,2026-05-01T00:00:00Z
2025-05-31,E00388,0,0.0,0.0,2026-06-01T00:00:00Z
2025-06-30,E00388,0,0.0,0.0,2026-07-01T00:00:00Z
2023-07-31,E00389,0,0.0,0.0,2024-07-31T00:00:00Z
2023-08-31,E00389,0,0.0,0.0,2024-08-31T00:00:00Z
2023-09-30,E00389,0,0.0,0.0,2024-09-30T00:00:00Z
2023-10-31,E00389,0,0.0,0.0,2024-10-31T00:00:00Z
2023-11-30,E00389,0,0.0,0.0,2024-11-30T00:00:00Z
2023-12-31,E00389,0,0.0,0.0,2024-12-31T00:00:00Z
2024-01-31,E00389,0,0.0,0.0,2025-01-31T00:00:00Z
2024-02-29,E00389,0,0.0,0.0,2025-03-01T00:00:00Z
2024-03-31,E00389,0,0.0,0.0,2025-04-01T00:00:00Z
2024-04-30,E00389,0,0.0,0.0,2025-05-01T00:00:00Z
2024-05-31,E00389,0,0.0,0.0,2025-06-01T00:00:00Z
2024-06-30,E00389,0,0.0,0.0,2025-07-01T00:00:00Z
2024-07-31,E00389,0,0.0,0.0,2025-08-01T00:00:00Z
2024-08-31,E00389,0,0.0,0.0,2025-09-01T00:00:00Z
2024-09-30,E00389,0,0.0,0.0,2025-10-01T00:00:00Z
2024-10-31,E00389,0,0.0,0.0,2025-11-01T00:00:00Z
2024-11-30,E00389,0,0.0,0.0,2025-12-01T00:00:00Z
2024-12-31,E00389,0,0.0,0.0,2026-01-01T00:00:00Z
2025-01-31,E00389,0,0.0,0.0,2026-02-01T00:00:00Z
2025-02-28,E00389,0,0.0,0.0,2026-03-01T00:00:00Z
2025-03-31,E00389,0,0.0,0.0,2026-04-01T00:00:00Z
2025-04-30,E00389,0,0.0,0.0,2026-05-01T00:00:00Z
2025-05-31,E00389,0,0.0,0.0,2026-06-01T00:00:00Z
2025-06-30,E00389,0,0.0,0.0,2026-07-01T00:00:00Z
2023-07-31,E00390,0,0.0,0.0,2024-07-31T00:00:00Z
2023-08-31,E00390,0,0.0,0.0,2024-08-31T00:00:00Z
2023-09-30,E00390,0,0.0,0.0,2024-09-30T00:00:00Z
2023-10-31,E00390,0,0.0,0.0,2024-10-31T00:00:00Z
2023-11-30,E00390,0,0.0,0.0,2024-11-30T00:00:00Z
2023-12-31,E00390,0,0.0,0.0,2024-12-31T00:00:00Z
2024-01-31,E00390,0,0.0,0.0,2025-01-31T00:00:00Z
2024-02-29,E00390,0,0.0,0.0,2025-03-01T00:00:00Z
2024-03-31,E00390,0,0.0,0.0,2025-04-01T00:00:00Z
2024-04-30,E00390,0,0.0,0.0,2025-05-01T00:00:00Z
2024-05-31,E00390,0,0.0,0.0,2025-06-01T00:00:00Z
2024-06-30,E00390,1,0.0518,12783.3,2025-07-01T00:00:00Z
2024-07-31,E00390,1,0.0339,8359.8,2025-08-01T00:00:00Z
2024-08-31,E00390,1,0.0616,15213.68,2025-09-01T00:00:00Z
2024-09-30,E00390,1,0.0223,5508.74,2025-10-01T00:00:00Z
2024-10-31,E00390,1,0.0512,12636.55,2025-11-01T00:00:00Z
2024-11-30,E00390,1,0.1825,45057.01,2025-12-01T00:00:00Z
2024-12-31,E00390,1,0.0265,6541.23,2026-01-01T00:00:00Z
2025-01-31,E00390,1,0.1171,28899.73,2026-02-01T00:00:00Z
2025-02-28,E00390,1,0.047,11608.5,2026-03-01T00:00:00Z
2025-03-31,E00390,1,0.0113,2788.71,2026-04-01T00:00:00Z
2025-04-30,E00390,1,0.0,0.0,2026-05-01T00:00:00Z
2025-05-31,E00390,1,0.0362,8936.55,2026-06-01T00:00:00Z
2025-06-30,E00390,0,0.0,0.0,2026-07-01T00:00:00Z
2023-07-31,E00391,0,0.0,0.0,2024-07-31T00:00:00Z
2023-08-31,E00391,0,0.0,0.0,2024-08-31T00:00:00Z
2023-09-30,E00391,0,0.0,0.0,2024-09-30T00:00:00Z
2023-10-31,E00391,0,0.0,0.0,2024-10-31T00:00:00Z
2023-11-30,E00391,0,0.0,0.0,2024-11-30T00:00:00Z
2023-12-31,E00391,0,0.0,0.0,2024-12-31T00:00:00Z
2024-01-31,E00391,0,0.0,0.0,2025-01-31T00:00:00Z
2024-02-29,E00391,0,0.0,0.0,2025-03-01T00:00:00Z
2024-03-31,E00391,0,0.0,0.0,2025-04-01T00:00:00Z
2024-04-30,E00391,0,0.0,0.0,2025-05-01T00:00:00Z
2024-05-31,E00391,0,0.0,0.0,2025-06-01T00:00:00Z
2024-06-30,E00391,0,0.0,0.0,2025-07-01T00:00:00Z
2024-07-31,E00391,0,0.0,0.0,2025-08-01T00:00:00Z
2024-08-31,E00391,0,0.0,0.0,2025-09-01T00:00:00Z
2024-09-30,E00391,0,0.0,0.0,2025-10-01T00:00:00Z
2024-10-31,E00391,0,0.0,0.0,2025-11-01T00:00:00Z
2024-11-30,E00391,0,0.0,0.0,2025-12-01T00:00:00Z
2024-12-31,E00391,0,0.0,0.0,2026-01-01T00:00:00Z
2025-01-31,E00391,0,0.0,0.0,2026-02-01T00:00:00Z
2025-02-28,E00391,0,0.0,0.0,2026-03-01T00:00:00Z
2025-03-31,E00391,0,0.0,0.0,2026-04-01T00:00:00Z
2025-04-30,E00391,0,0.0,0.0,2026-05-01T00:00:00Z
2025-05-31,E00391,0,0.0,0.0,2026-06-01T00:00:00Z
2025-06-30,E00391,0,0.0,0.0,2026-07-01T00:00:00Z
2023-07-31,E00392,0,0.0,0.0,2024-07-31T00:00:00Z
2023-08-31,E00392,0,0.0,0.0,2024-08-31T00:00:00Z
2023-09-30,E00392,0,0.0,0.0,2024-09-30T00:00:00Z
2023-10-31,E00392,0,0.0,0.0,2024-10-31T00:00:00Z
2023-11-30,E00392,0,0.0,0.0,2024-11-30T00:00:00Z
2023-12-31,E00392,0,0.0,0.0,2024-12-31T00:00:00Z
2024-01-31,E00392,0,0.0,0.0,2025-01-31T00:00:00Z
2024-02-29,E00392,0,0.0,0.0,2025-03-01T00:00:00Z
2024-03-31,E00392,0,0.0,0.0,2025-04-01T00:00:00Z
2024-04-30,E00392,0,0.0,0.0,2025-05-01T00:00:00Z
2024-05-31,E00392,0,0.0,0.0,2025-06-01T00:00:00Z
2024-06-30,E00392,0,0.0,0.0,2025-07-01T00:00:00Z
2024-07-31,E00392,0,0.0,0.0,2025-08-01T00:00:00Z
2024-08-31,E00392,0,0.0,0.0,2025-09-01T00:00:00Z
2024-09-30,E00392,0,0.0,0.0,2025-10-01T00:00:00Z
2024-10-31,E00392,0,0.0,0.0,2025-11-01T00:00:00Z
2024-11-30,E00392,0,0.0,0.0,2025-12-01T00:00:00Z
2024-12-31,E00392,0,0.0,0.0,2026-01-01T00:00:00Z
2025-01-31,E00392,0,0.0,0.0,2026-02-01T00:00:00Z
2025-02-28,E00392,0,0.0,0.0,2026-03-01T00:00:00Z
2025-03-31,E00392,0,0.0,0.0,2026-04-01T00:00:00Z
2025-04-30,E00392,0,0.0,0.0,2026-05-01T00:00:00Z
2025-05-31,E00392,0,0.0,0.0,2026-06-01T00:00:00Z
2025-06-30,E00392,0,0.0,0.0,2026-07-01T00:00:00Z
2023-07-31,E00393,0,0.0,0.0,2024-07-31T00:00:00Z
2023-08-31,E00393,0,0.0,0.0,2024-08-31T00:00:00Z
2023-09-30,E00393,0,0.0,0.0,2024-09-30T00:00:00Z
2023-10-31,E00393,0,0.0,0.0,2024-10-31T00:00:00Z
2023-11-30,E00393,0,0.0,0.0,2024-11-30T00:00:00Z
2023-12-31,E00393,0,0.0,0.0,2024-12-31T00:00:00Z
2024-01-31,E00393,0,0.0,0.0,2025-01-31T00:00:00Z
2024-02-29,E00393,0,0.0,0.0,2025-03-01T00:00:00Z
2024-03-31,E00393,0,0.0,0.0,2025-04-01T00:00:00Z
2024-04-30,E00393,0,0.0,0.0,2025-05-01T00:00:00Z
2024-05-31,E00393,0,0.0,0.0,2025-06-01T00:00:00Z
2024-06-30,E00393,0,0.0,0.0,2025-07-01T00:00:00Z
2024-07-31,E00393,0,0.0,0.0,2025-08-01T00:00:00Z
2024-08-31,E00393,0,0.0,0.0,2025-09-01T00:00:00Z
2024-09-30,E00393,0,0.0,0.0,2025-10-01T00:00:00Z
2024-10-31,E00393,0,0.0,0.0,2025-11-01T00:00:00Z
2024-11-30,E00393,0,0.0,0.0,2025-12-01T00:00:00Z
2024-12-31,E00393,0,0.0,0.0,2026-01-01T00:00:00Z
2025-01-31,E00393,0,0.0,0.0,2026-02-01T00:00:00Z
2025-02-28,E00393,0,0.0,0.0,2026-03-01T00:00:00Z
2025-03-31,E00393,0,0.0,0.0,2026-04-01T00:00:00Z
2025-04-30,E00393,0,0.0,0.0,2026-05-01T00:00:00Z
2025-05-31,E00393,0,0.0,0.0,2026-06-01T00:00:00Z
2025-06-30,E00393,0,0.0,0.0,2026-07-01T00:00:00Z
2023-07-31,E00394,0,0.0,0.0,2024-07-31T00:00:00Z
2023-08-31,E00394,0,0.0,0.0,2024-08-31T00:00:00Z
2023-09-30,E00394,0,0.0,0.0,2024-09-30T00:00:00Z
2023-10-31,E00394,0,0.0,0.0,2024-10-31T00:00:00Z
2023-11-30,E00394,0,0.0,0.0,2024-11-30T00:00:00Z
2023-12-31,E00394,0,0.0,0.0,2024-12-31T00:00:00Z
2024-01-31,E00394,0,0.0,0.0,2025-01-31T00:00:00Z
2024-02-29,E00394,0,0.0,0.0,2025-03-01T00:00:00Z
2024-03-31,E00394,0,0.0,0.0,2025-04-01T00:00:00Z
2024-04-30,E00394,0,0.0,0.0,2025-05-01T00:00:00Z
2024-05-31,E00394,0,0.0,0.0,2025-06-01T00:00:00Z
2024-06-30,E00394,0,0.0,0.0,2025-07-01T00:00:00Z
2024-07-31,E00394,0,0.0,0.0,2025-08-01T00:00:00Z
2024-08-31,E00394,0,0.0,0.0,2025-09-01T00:00:00Z
2024-09-30,E00394,0,0.0,0.0,2025-10-01T00:00:00Z
2024-10-31,E00394,0,0.0,0.0,2025-11-01T00:00:00Z
2024-11-30,E00394,0,0.0,0.0,2025-12-01T00:00:00Z
2024-12-31,E00394,0,0.0,0.0,2026-01-01T00:00:00Z
2025-01-31,E00394,0,0.0,0.0,2026-02-01T00:00:00Z
2025-02-28,E00394,0,0.0,0.0,2026-03-01T00:00:00Z
2025-03-31,E00394,0,0.0,0.0,2026-04-01T00:00:00Z
2025-04-30,E00394,0,0.0,0.0,2026-05-01T00:00:00Z
2025-05-31,E00394,0,0.0,0.0,2026-06-01T00:00:00Z
2025-06-30,E00394,0,0.0,0.0,2026-07-01T00:00:00Z
2023-07-31,E00395,0,0.0,0.0,2024-07-31T00:00:00Z
2023-08-31,E00395,0,0.0,0.0,2024-08-31T00:00:00Z
2023-09-30,E00395,0,0.0,0.0,2024-09-30T00:00:00Z
2023-10-31,E00395,0,0.0,0.0,2024-10-31T00:00:00Z
2023-11-30,E00395,0,0.0,0.0,2024-11-30T00:00:00Z
2023-12-31,E00395,0,0.0,0.0,2024-12-31T00:00:00Z
2024-01-31,E00395,0,0.0,0.0,2025-01-31T00:00:00Z
2024-02-29,E00395,0,0.0,0.0,2025-03-01T00:00:00Z
2024-03-31,E00395,0,0.0,0.0,2025-04-01T00:00:00Z
2024-04-30,E00395,0,0.0,0.0,2025-05-01T00:00:00Z
2024-05-31,E00395,0,0.0,0.0,2025-06-01T00:00:00Z
2024-06-30,E00395,0,0.0,0.0,2025-07-01T00:00:00Z
2024-07-31,E00395,0,0.0,0.0,2025-08-01T00:00:00Z
2024-08-31,E00395,0,0.0,0.0,2025-09-01T00:00:00Z
2024-09-30,E00395,0,0.0,0.0,2025-10-01T00:00:00Z
2024-10-31,E00395,0,0.0,0.0,2025-11-01T00:00:00Z
2024-11-30,E00395,0,0.0,0.0,2025-12-01T00:00:00Z
2024-12-31,E00395,0,0.0,0.0,2026-01-01T00:00:00Z
2025-01-31,E00395,0,0.0,0.0,2026-02-01T00:00:00Z
2025-02-28,E00395,0,0.0,0.0,2026-03-01T00:00:00Z
2025-03-31,E00395,0,0.0,0.0,2026-04-01T00:00:00Z
2025-04-30,E00395,0,0.0,0.0,2026-05-01T00:00:00Z
2025-05-31,E00395,0,0.0,0.0,2026-06-01T00:00:00Z
2025-06-30,E00395,0,0.0,0.0,2026-07-01T00:00:00Z
2023-07-31,E00396,0,0.0,0.0,2024-07-31T00:00:00Z
2023-08-31,E00396,0,0.0,0.0,2024-08-31T00:00:00Z
2023-09-30,E00396,0,0.0,0.0,2024-09-30T00:00:00Z
2023-10-31,E00396,0,0.0,0.0,2024-10-31T00:00:00Z
2023-11-30,E00396,0,0.0,0.0,2024-11-30T00:00:00Z
2023-12-31,E00396,0,0.0,0.0,2024-12-31T00:00:00Z
2024-01-31,E00396,0,0.0,0.0,2025-01-31T00:00:00Z
2024-02-29,E00396,0,0.0,0.0,2025-03-01T00:00:00Z
2024-03-31,E00396,0,0.0,0.0,2025-04-01T00:00:00Z
2024-04-30,E00396,0,0.0,0.0,2025-05-01T00:00:00Z
2024-05-31,E00396,0,0.0,0.0,2025-06-01T00:00:00Z
2024-06-30,E00396,0,0.0,0.0,2025-07-01T00:00:00Z
2024-07-31,E00396,0,0.0,0.0,2025-08-01T00:00:00Z
2024-08-31,E00396,0,0.0,0.0,2025-09-01T00:00:00Z
2024-09-30,E00396,0,0.0,0.0,2025-10-01T00:00:00Z
2024-10-31,E00396,0,0.0,0.0,2025-11-01T00:00:00Z
2024-11-30,E00396,0,0.0,0.0,2025-12-01T00:00:00Z
2024-12-31,E00396,0,0.0,0.0,2026-01-01T00:00:00Z
2025-01-31,E00396,0,0.0,0.0,2026-02-01T00:00:00Z
2025-02-28,E00396,0,0.0,0.0,2026-03-01T00:00:00Z
2025-03-31,E00396,0,0.0,0.0,2026-04-01T00:00:00Z
2025-04-30,E00396,0,0.0,0.0,2026-05-01T00:00:00Z
2025-05-31,E00396,0,0.0,0.0,2026-06-01T00:00:00Z
2025-06-30,E00396,0,0.0,0.0,2026-07-01T00:00:00Z
2023-07-31,E00397,0,0.0,0.0,2024-07-31T00:00:00Z
2023-08-31,E00397,0,0.0,0.0,2024-08-31T00:00:00Z
2023-09-30,E00397,0,0.0,0.0,2024-09-30T00:00:00Z
2023-10-31,E00397,0,0.0,0.0,2024-10-31T00:00:00Z
2023-11-30,E00397,0,0.0,0.0,2024-11-30T00:00:00Z
2023-12-31,E00397,0,0.0,0.0,2024-12-31T00:00:00Z
2024-01-31,E00397,0,0.0,0.0,2025-01-31T00:00:00Z
2024-02-29,E00397,0,0.0,0.0,2025-03-01T00:00:00Z
2024-03-31,E00397,0,0.0,0.0,2025-04-01T00:00:00Z
2024-04-30,E00397,0,0.0,0.0,2025-05-01T00:00:00Z
2024-05-31,E00397,0,0.0,0.0,2025-06-01T00:00:00Z
2024-06-30,E00397,0,0.0,0.0,2025-07-01T00:00:00Z
2024-07-31,E00397,0,0.0,0.0,2025-08-01T00:00:00Z
2024-08-31,E00397,0,0.0,0.0,2025-09-01T00:00:00Z
2024-09-30,E00397,0,0.0,0.0,2025-10-01T00:00:00Z
2024-10-31,E00397,0,0.0,0.0,2025-11-01T00:00:00Z
2024-11-30,E00397,0,0.0,0.0,2025-12-01T00:00:00Z
2024-12-31,E00397,0,0.0,0.0,2026-01-01T00:00:00Z
2025-01-31,E00397,0,0.0,0.0,2026-02-01T00:00:00Z
2025-02-28,E00397,0,0.0,0.0,2026-03-01T00:00:00Z
2025-03-31,E00397,0,0.0,0.0,2026-04-01T00:00:00Z
2025-04-30,E00397,0,0.0,0.0,2026-05-01T00:00:00Z
2025-05-31,E00397,0,0.0,0.0,2026-06-01T00:00:00Z
2025-06-30,E00397,0,0.0,0.0,2026-07-01T00:00:00Z
2023-07-31,E00398,0,0.0,0.0,2024-07-31T00:00:00Z
2023-08-31,E00398,0,0.0,0.0,2024-08-31T00:00:00Z
2023-09-30,E00398,0,0.0,0.0,2024-09-30T00:00:00Z
2023-10-31,E00398,0,0.0,0.0,2024-10-31T00:00:00Z
2023-11-30,E00398,0,0.0,0.0,2024-11-30T00:00:00Z
2023-12-31,E00398,0,0.0,0.0,2024-12-31T00:00:00Z
2024-01-31,E00398,0,0.0,0.0,2025-01-31T00:00:00Z
2024-02-29,E00398,0,0.0,0.0,2025-03-01T00:00:00Z
2024-03-31,E00398,0,0.0,0.0,2025-04-01T00:00:00Z
2024-04-30,E00398,0,0.0,0.0,2025-05-01T00:00:00Z
2024-05-31,E00398,0,0.0,0.0,2025-06-01T00:00:00Z
2024-06-30,E00398,0,0.0,0.0,2025-07-01T00:00:00Z
2024-07-31,E00398,0,0.0,0.0,2025-08-01T00:00:00Z
2024-08-31,E00398,0,0.0,0.0,2025-09-01T00:00:00Z
2024-09-30,E00398,0,0.0,0.0,2025-10-01T00:00:00Z
2024-10-31,E00398,0,0.0,0.0,2025-11-01T00:00:00Z
2024-11-30,E00398,0,0.0,0.0,2025-12-01T00:00:00Z
2024-12-31,E00398,0,0.0,0.0,2026-01-01T00:00:00Z
2025-01-31,E00398,0,0.0,0.0,2026-02-01T00:00:00Z
2025-02-28,E00398,0,0.0,0.0,2026-03-01T00:00:00Z
2025-03-31,E00398,0,0.0,0.0,2026-04-01T00:00:00Z
2025-04-30,E00398,0,0.0,0.0,2026-05-01T00:00:00Z
2025-05-31,E00398,0,0.0,0.0,2026-06-01T00:00:00Z
2025-06-30,E00398,0,0.0,0.0,2026-07-01T00:00:00Z
2023-07-31,E00399,1,0.3325,49413.9,2024-07-31T00:00:00Z
2023-08-31,E00399,1,0.3409,50649.54,2024-08-31T00:00:00Z
2023-09-30,E00399,1,0.3422,50845.26,2024-09-30T00:00:00Z
2023-10-31,E00399,1,0.5008,74413.95,2024-10-31T00:00:00Z
2023-11-30,E00399,1,0.4281,63607.85,2024-11-30T00:00:00Z
2023-12-31,E00399,1,0.3138,46633.75,2024-12-31T00:00:00Z
2024-01-31,E00399,1,0.4613,68545.1,2025-01-31T00:00:00Z
2024-02-29,E00399,1,0.4352,64669.09,2025-03-01T00:00:00Z
2024-03-31,E00399,1,0.3965,58911.82,2025-04-01T00:00:00Z
2024-04-30,E00399,0,0.0,0.0,2025-05-01T00:00:00Z
2024-05-31,E00399,0,0.0,0.0,2025-06-01T00:00:00Z
2024-06-30,E00399,0,0.0,0.0,2025-07-01T00:00:00Z
2024-07-31,E00399,0,0.0,0.0,2025-08-01T00:00:00Z
2024-08-31,E00399,0,0.0,0.0,2025-09-01T00:00:00Z
2024-09-30,E00399,0,0.0,0.0,2025-10-01T00:00:00Z
2024-10-31,E00399,0,0.0,0.0,2025-11-01T00:00:00Z
2024-11-30,E00399,0,0.0,0.0,2025-12-01T00:00:00Z
2024-12-31,E00399,0,0.0,0.0,2026-01-01T00:00:00Z
2025-01-31,E00399,0,0.0,0.0,2026-02-01T00:00:00Z
2025-02-28,E00399,0,0.0,0.0,2026-03-01T00:00:00Z
2025-03-31,E00399,0,0.0,0.0,2026-04-01T00:00:00Z
2025-04-30,E00399,0,0.0,0.0,2026-05-01T00:00:00Z
2025-05-31,E00399,0,0.0,0.0,2026-06-01T00:00:00Z
2025-06-30,E00399,0,0.0,0.0,2026-07-01T00:00:00Z
2023-07-31,E00400,0,0.0,0.0,2024-07-31T00:00:00Z
2023-08-31,E00400,0,0.0,0.0,2024-08-31T00:00:00Z
2023-09-30,E00400,0,0.0,0.0,2024-09-30T00:00:00Z
2023-10-31,E00400,0,0.0,0.0,2024-10-31T00:00:00Z
2023-11-30,E00400,0,0.0,0.0,2024-11-30T00:00:00Z
2023-12-31,E00400,0,0.0,0.0,2024-12-31T00:00:00Z
2024-01-31,E00400,0,0.0,0.0,2025-01-31T00:00:00Z
2024-02-29,E00400,0,0.0,0.0,2025-03-01T00:00:00Z
2024-03-31,E00400,0,0.0,0.0,2025-04-01T00:00:00Z
2024-04-30,E00400,0,0.0,0.0,2025-05-01T00:00:00Z
2024-05-31,E00400,0,0.0,0.0,2025-06-01T00:00:00Z
2024-06-30,E00400,0,0.0,0.0,2025-07-01T00:00:00Z
2024-07-31,E00400,0,0.0,0.0,2025-08-01T00:00:00Z
2024-08-31,E00400,0,0.0,0.0,2025-09-01T00:00:00Z
2024-09-30,E00400,0,0.0,0.0,2025-10-01T00:00:00Z
2024-10-31,E00400,0,0.0,0.0,2025-11-01T00:00:00Z
2024-11-30,E00400,0,0.0,0.0,2025-12-01T00:00:00Z
2024-12-31,E00400,0,0.0,0.0,2026-01-01T00:00:00Z
2025-01-31,E00400,0,0.0,0.0,2026-02-01T00:00:00Z
2025-02-28,E00400,0,0.0,0.0,2026-03-01T00:00:00Z
2025-03-31,E00400,0,0.0,0.0,2026-04-01T00:00:00Z
2025-04-30,E00400,0,0.0,0.0,2026-05-01T00:00:00Z
2025-05-31,E00400,0,0.0,0.0,2026-06-01T00:00:00Z
2025-06-30,E00400,0,0.0,0.0,2026-07-01T00:00:00Z
2023-07-31,E00401,0,0.0,0.0,2024-07-31T00:00:00Z
2023-08-31,E00401,0,0.0,0.0,2024-08-31T00:00:00Z
2023-09-30,E00401,0,0.0,0.0,2024-09-30T00:00:00Z
2023-10-31,E00401,0,0.0,0.0,2024-10-31T00:00:00Z
2023-11-30,E00401,0,0.0,0.0,2024-11-30T00:00:00Z
2023-12-31,E00401,0,0.0,0.0,2024-12-31T00:00:00Z
2024-01-31,E00401,0,0.0,0.0,2025-01-31T00:00:00Z
2024-02-29,E00401,0,0.0,0.0,2025-03-01T00:00:00Z
2024-03-31,E00401,0,0.0,0.0,2025-04-01T00:00:00Z
2024-04-30,E00401,0,0.0,0.0,2025-05-01T00:00:00Z
2024-05-31,E00401,0,0.0,0.0,2025-06-01T00:00:00Z
2024-06-30,E00401,0,0.0,0.0,2025-07-01T00:00:00Z
2024-07-31,E00401,0,0.0,0.0,2025-08-01T00:00:00Z
2024-08-31,E00401,0,0.0,0.0,2025-09-01T00:00:00Z
2024-09-30,E00401,0,0.0,0.0,2025-10-01T00:00:00Z
2024-10-31,E00401,0,0.0,0.0,2025-11-01T00:00:00Z
2024-11-30,E00401,0,0.0,0.0,2025-12-01T00:00:00Z
2024-12-31,E00401,0,0.0,0.0,2026-01-01T00:00:00Z
2025-01-31,E00401,0,0.0,0.0,2026-02-01T00:00:00Z
2025-02-28,E00401,0,0.0,0.0,2026-03-01T00:00:00Z
2025-03-31,E00401,0,0.0,0.0,2026-04-01T00:00:00Z
2025-04-30,E00401,0,0.0,0.0,2026-05-01T00:00:00Z
2025-05-31,E00401,0,0.0,0.0,2026-06-01T00:00:00Z
2025-06-30,E00401,0,0.0,0.0,2026-07-01T00:00:00Z
2023-07-31,E00402,0,0.0,0.0,2024-07-31T00:00:00Z
2023-08-31,E00402,0,0.0,0.0,2024-08-31T00:00:00Z
2023-09-30,E00402,0,0.0,0.0,2024-09-30T00:00:00Z
2023-10-31,E00402,0,0.0,0.0,2024-10-31T00:00:00Z
2023-11-30,E00402,0,0.0,0.0,2024-11-30T00:00:00Z
2023-12-31,E00402,0,0.0,0.0,2024-12-31T00:00:00Z
2024-01-31,E00402,0,0.0,0.0,2025-01-31T00:00:00Z
2024-02-29,E00402,0,0.0,0.0,2025-03-01T00:00:00Z
2024-03-31,E00402,0,0.0,0.0,2025-04-01T00:00:00Z
2024-04-30,E00402,0,0.0,0.0,2025-05-01T00:00:00Z
2024-05-31,E00402,0,0.0,0.0,2025-06-01T00:00:00Z
2024-06-30,E00402,0,0.0,0.0,2025-07-01T00:00:00Z
2024-07-31,E00402,0,0.0,0.0,2025-08-01T00:00:00Z
2024-08-31,E00402,0,0.0,0.0,2025-09-01T00:00:00Z
2024-09-30,E00402,0,0.0,0.0,2025-10-01T00:00:00Z
2024-10-31,E00402,0,0.0,0.0,2025-11-01T00:00:00Z
2024-11-30,E00402,0,0.0,0.0,2025-12-01T00:00:00Z
2024-12-31,E00402,0,0.0,0.0,2026-01-01T00:00:00Z
2025-01-31,E00402,0,0.0,0.0,2026-02-01T00:00:00Z
2025-02-28,E00402,0,0.0,0.0,2026-03-01T00:00:00Z
2025-03-31,E00402,0,0.0,0.0,2026-04-01T00:00:00Z
2025-04-30,E00402,0,0.0,0.0,2026-05-01T00:00:00Z
2025-05-31,E00402,0,0.0,0.0,2026-06-01T00:00:00Z
2025-06-30,E00402,1,0.0036,399.03,2026-07-01T00:00:00Z
2023-07-31,E00403,0,0.0,0.0,2024-07-31T00:00:00Z
2023-08-31,E00403,0,0.0,0.0,2024-08-31T00:00:00Z
2023-09-30,E00403,0,0.0,0.0,2024-09-30T00:00:00Z
2023-10-31,E00403,0,0.0,0.0,2024-10-31T00:00:00Z
2023-11-30,E00403,0,0.0,0.0,2024-11-30T00:00:00Z
2023-12-31,E00403,0,0.0,0.0,2024-12-31T00:00:00Z
2024-01-31,E00403,0,0.0,0.0,2025-01-31T00:00:00Z
2024-02-29,E00403,0,0.0,0.0,2025-03-01T00:00:00Z
2024-03-31,E00403,0,0.0,0.0,2025-04-01T00:00:00Z
2024-04-30,E00403,0,0.0,0.0,2025-05-01T00:00:00Z
2024-05-31,E00403,0,0.0,0.0,2025-06-01T00:00:00Z
2024-06-30,E00403,0,0.0,0.0,2025-07-01T00:00:00Z
2024-07-31,E00403,0,0.0,0.0,2025-08-01T00:00:00Z
2024-08-31,E00403,0,0.0,0.0,2025-09-01T00:00:00Z
2024-09-30,E00403,0,0.0,0.0,2025-10-01T00:00:00Z
2024-10-31,E00403,0,0.0,0.0,2025-11-01T00:00:00Z
2024-11-30,E00403,0,0.0,0.0,2025-12-01T00:00:00Z
2024-12-31,E00403,0,0.0,0.0,2026-01-01T00:00:00Z
2025-01-31,E00403,0,0.0,0.0,2026-02-01T00:00:00Z
2025-02-28,E00403,0,0.0,0.0,2026-03-01T00:00:00Z
2025-03-31,E00403,0,0.0,0.0,2026-04-01T00:00:00Z
2025-04-30,E00403,0,0.0,0.0,2026-05-01T00:00:00Z
2025-05-31,E00403,0,0.0,0.0,2026-06-01T00:00:00Z
2025-06-30,E00403,0,0.0,0.0,2026-07-01T00:00:00Z
2023-07-31,E00404,0,0.0,0.0,2024-07-31T00:00:00Z
2023-08-31,E00404,0,0.0,0.0,2024-08-31T00:00:00Z
2023-09-30,E00404,0,0.0,0.0,2024-09-30T00:00:00Z
2023-10-31,E00404,0,0.0,0.0,2024-10-31T00:00:00Z
2023-11-30,E00404,0,0.0,0.0,2024-11-30T00:00:00Z
2023-12-31,E00404,0,0.0,0.0,2024-12-31T00:00:00Z
2024-01-31,E00404,0,0.0,0.0,2025-01-31T00:00:00Z
2024-02-29,E00404,0,0.0,0.0,2025-03-01T00:00:00Z
2024-03-31,E00404,0,0.0,0.0,2025-04-01T00:00:00Z
2024-04-30,E00404,0,0.0,0.0,2025-05-01T00:00:00Z
2024-05-31,E00404,0,0.0,0.0,2025-06-01T00:00:00Z
2024-06-30,E00404,0,0.0,0.0,2025-07-01T00:00:00Z
2024-07-31,E00404,0,0.0,0.0,2025-08-01T00:00:00Z
2024-08-31,E00404,0,0.0,0.0,2025-09-01T00:00:00Z
2024-09-30,E00404,0,0.0,0.0,2025-10-01T00:00:00Z
2024-10-31,E00404,0,0.0,0.0,2025-11-01T00:00:00Z
2024-11-30,E00404,0,0.0,0.0,2025-12-01T00:00:00Z
2024-12-31,E00404,0,0.0,0.0,2026-01-01T00:00:00Z
2025-01-31,E00404,0,0.0,0.0,2026-02-01T00:00:00Z
2025-02-28,E00404,0,0.0,0.0,2026-03-01T00:00:00Z
2025-03-31,E00404,0,0.0,0.0,2026-04-01T00:00:00Z
2025-04-30,E00404,0,0.0,0.0,2026-05-01T00:00:00Z
2025-05-31,E00404,0,0.0,0.0,2026-06-01T00:00:00Z
2025-06-30,E00404,0,0.0,0.0,2026-07-01T00:00:00Z
2023-07-31,E00405,0,0.0,0.0,2024-07-31T00:00:00Z
2023-08-31,E00405,0,0.0,0.0,2024-08-31T00:00:00Z
2023-09-30,E00405,0,0.0,0.0,2024-09-30T00:00:00Z
2023-10-31,E00405,0,0.0,0.0,2024-10-31T00:00:00Z
2023-11-30,E00405,0,0.0,0.0,2024-11-30T00:00:00Z
2023-12-31,E00405,0,0.0,0.0,2024-12-31T00:00:00Z
2024-01-31,E00405,0,0.0,0.0,2025-01-31T00:00:00Z
2024-02-29,E00405,0,0.0,0.0,2025-03-01T00:00:00Z
2024-03-31,E00405,0,0.0,0.0,2025-04-01T00:00:00Z
2024-04-30,E00405,0,0.0,0.0,2025-05-01T00:00:00Z
2024-05-31,E00405,0,0.0,0.0,2025-06-01T00:00:00Z
2024-06-30,E00405,0,0.0,0.0,2025-07-01T00:00:00Z
2024-07-31,E00405,0,0.0,0.0,2025-08-01T00:00:00Z
2024-08-31,E00405,0,0.0,0.0,2025-09-01T00:00:00Z
2024-09-30,E00405,0,0.0,0.0,2025-10-01T00:00:00Z
2024-10-31,E00405,0,0.0,0.0,2025-11-01T00:00:00Z
2024-11-30,E00405,0,0.0,0.0,2025-12-01T00:00:00Z
2024-12-31,E00405,0,0.0,0.0,2026-01-01T00:00:00Z
2025-01-31,E00405,0,0.0,0.0,2026-02-01T00:00:00Z
2025-02-28,E00405,0,0.0,0.0,2026-03-01T00:00:00Z
2025-03-31,E00405,0,0.0,0.0,2026-04-01T00:00:00Z
2025-04-30,E00405,0,0.0,0.0,2026-05-01T00:00:00Z
2025-05-31,E00405,0,0.0,0.0,2026-06-01T00:00:00Z
2025-06-30,E00405,0,0.0,0.0,2026-07-01T00:00:00Z
2023-07-31,E00406,0,0.0,0.0,2024-07-31T00:00:00Z
2023-08-31,E00406,0,0.0,0.0,2024-08-31T00:00:00Z
2023-09-30,E00406,0,0.0,0.0,2024-09-30T00:00:00Z
2023-10-31,E00406,0,0.0,0.0,2024-10-31T00:00:00Z
2023-11-30,E00406,0,0.0,0.0,2024-11-30T00:00:00Z
2023-12-31,E00406,0,0.0,0.0,2024-12-31T00:00:00Z
2024-01-31,E00406,0,0.0,0.0,2025-01-31T00:00:00Z
2024-02-29,E00406,0,0.0,0.0,2025-03-01T00:00:00Z
2024-03-31,E00406,0,0.0,0.0,2025-04-01T00:00:00Z
2024-04-30,E00406,0,0.0,0.0,2025-05-01T00:00:00Z
2024-05-31,E00406,0,0.0,0.0,2025-06-01T00:00:00Z
2024-06-30,E00406,0,0.0,0.0,2025-07-01T00:00:00Z
2024-07-31,E00406,0,0.0,0.0,2025-08-01T00:00:00Z
2024-08-31,E00406,0,0.0,0.0,2025-09-01T00:00:00Z
2024-09-30,E00406,0,0.0,0.0,2025-10-01T00:00:00Z
2024-10-31,E00406,0,0.0,0.0,2025-11-01T00:00:00Z
2024-11-30,E00406,0,0.0,0.0,2025-12-01T00:00:00Z
2024-12-31,E00406,0,0.0,0.0,2026-01-01T00:00:00Z
2025-01-31,E00406,0,0.0,0.0,2026-02-01T00:00:00Z
2025-02-28,E00406,0,0.0,0.0,2026-03-01T00:00:00Z
2025-03-31,E00406,0,0.0,0.0,2026-04-01T00:00:00Z
2025-04-30,E00406,0,0.0,0.0,2026-05-01T00:00:00Z
2025-05-31,E00406,0,0.0,0.0,2026-06-01T00:00:00Z
2025-06-30,E00406,0,0.0,0.0,2026-07-01T00:00:00Z
2023-07-31,E00407,0,0.0,0.0,2024-07-31T00:00:00Z
2023-08-31,E00407,0,0.0,0.0,2024-08-31T00:00:00Z
2023-09-30,E00407,0,0.0,0.0,2024-09-30T00:00:00Z
2023-10-31,E00407,0,0.0,0.0,2024-10-31T00:00:00Z
2023-11-30,E00407,0,0.0,0.0,2024-11-30T00:00:00Z
2023-12-31,E00407,0,0.0,0.0,2024-12-31T00:00:00Z
2024-01-31,E00407,0,0.0,0.0,2025-01-31T00:00:00Z
2024-02-29,E00407,0,0.0,0.0,2025-03-01T00:00:00Z
2024-03-31,E00407,0,0.0,0.0,2025-04-01T00:00:00Z
2024-04-30,E00407,0,0.0,0.0,2025-05-01T00:00:00Z
2024-05-31,E00407,0,0.0,0.0,2025-06-01T00:00:00Z
2024-06-30,E00407,0,0.0,0.0,2025-07-01T00:00:00Z
2024-07-31,E00407,0,0.0,0.0,2025-08-01T00:00:00Z
2024-08-31,E00407,0,0.0,0.0,2025-09-01T00:00:00Z
2024-09-30,E00407,0,0.0,0.0,2025-10-01T00:00:00Z
2024-10-31,E00407,0,0.0,0.0,2025-11-01T00:00:00Z
2024-11-30,E00407,0,0.0,0.0,2025-12-01T00:00:00Z
2024-12-31,E00407,0,0.0,0.0,2026-01-01T00:00:00Z
2025-01-31,E00407,0,0.0,0.0,2026-02-01T00:00:00Z
2025-02-28,E00407,0,0.0,0.0,2026-03-01T00:00:00Z
2025-03-31,E00407,0,0.0,0.0,2026-04-01T00:00:00Z
2025-04-30,E00407,0,0.0,0.0,2026-05-01T00:00:00Z
2025-05-31,E00407,0,0.0,0.0,2026-06-01T00:00:00Z
2025-06-30,E00407,0,0.0,0.0,2026-07-01T00:00:00Z
2023-07-31,E00408,0,0.0,0.0,2024-07-31T00:00:00Z
2023-08-31,E00408,0,0.0,0.0,2024-08-31T00:00:00Z
2023-09-30,E00408,0,0.0,0.0,2024-09-30T00:00:00Z
2023-10-31,E00408,0,0.0,0.0,2024-10-31T00:00:00Z
2023-11-30,E00408,0,0.0,0.0,2024-11-30T00:00:00Z
2023-12-31,E00408,0,0.0,0.0,2024-12-31T00:00:00Z
2024-01-31,E00408,0,0.0,0.0,2025-01-31T00:00:00Z
2024-02-29,E00408,0,0.0,0.0,2025-03-01T00:00:00Z
2024-03-31,E00408,0,0.0,0.0,2025-04-01T00:00:00Z
2024-04-30,E00408,0,0.0,0.0,2025-05-01T00:00:00Z
2024-05-31,E00408,0,0.0,0.0,2025-06-01T00:00:00Z
2024-06-30,E00408,0,0.0,0.0,2025-07-01T00:00:00Z
2024-07-31,E00408,0,0.0,0.0,2025-08-01T00:00:00Z
2024-08-31,E00408,0,0.0,0.0,2025-09-01T00:00:00Z
2024-09-30,E00408,0,0.0,0.0,2025-10-01T00:00:00Z
2024-10-31,E00408,0,0.0,0.0,2025-11-01T00:00:00Z
2024-11-30,E00408,0,0.0,0.0,2025-12-01T00:00:00Z
2024-12-31,E00408,0,0.0,0.0,2026-01-01T00:00:00Z
2025-01-31,E00408,0,0.0,0.0,2026-02-01T00:00:00Z
2025-02-28,E00408,0,0.0,0.0,2026-03-01T00:00:00Z
2025-03-31,E00408,0,0.0,0.0,2026-04-01T00:00:00Z
2025-04-30,E00408,0,0.0,0.0,2026-05-01T00:00:00Z
2025-05-31,E00408,0,0.0,0.0,2026-06-01T00:00:00Z
2025-06-30,E00408,0,0.0,0.0,2026-07-01T00:00:00Z
2023-07-31,E00409,0,0.0,0.0,2024-07-31T00:00:00Z
2023-08-31,E00409,0,0.0,0.0,2024-08-31T00:00:00Z
2023-09-30,E00409,0,0.0,0.0,2024-09-30T00:00:00Z
2023-10-31,E00409,0,0.0,0.0,2024-10-31T00:00:00Z
2023-11-30,E00409,0,0.0,0.0,2024-11-30T00:00:00Z
2023-12-31,E00409,0,0.0,0.0,2024-12-31T00:00:00Z
2024-01-31,E00409,0,0.0,0.0,2025-01-31T00:00:00Z
2024-02-29,E00409,0,0.0,0.0,2025-03-01T00:00:00Z
2024-03-31,E00409,0,0.0,0.0,2025-04-01T00:00:00Z
2024-04-30,E00409,0,0.0,0.0,2025-05-01T00:00:00Z
2024-05-31,E00409,0,0.0,0.0,2025-06-01T00:00:00Z
2024-06-30,E00409,0,0.0,0.0,2025-07-01T00:00:00Z
2024-07-31,E00409,0,0.0,0.0,2025-08-01T00:00:00Z
2024-08-31,E00409,0,0.0,0.0,2025-09-01T00:00:00Z
2024-09-30,E00409,0,0.0,0.0,2025-10-01T00:00:00Z
2024-10-31,E00409,0,0.0,0.0,2025-11-01T00:00:00Z
2024-11-30,E00409,0,0.0,0.0,2025-12-01T00:00:00Z
2024-12-31,E00409,0,0.0,0.0,2026-01-01T00:00:00Z
2025-01-31,E00409,0,0.0,0.0,2026-02-01T00:00:00Z
2025-02-28,E00409,0,0.0,0.0,2026-03-01T00:00:00Z
2025-03-31,E00409,0,0.0,0.0,2026-04-01T00:00:00Z
2025-04-30,E00409,0,0.0,0.0,2026-05-01T00:00:00Z
2025-05-31,E00409,0,0.0,0.0,2026-06-01T00:00:00Z
2025-06-30,E00409,0,0.0,0.0,2026-07-01T00:00:00Z
2023-07-31,E00410,0,0.0,0.0,2024-07-31T00:00:00Z
2023-08-31,E00410,0,0.0,0.0,2024-08-31T00:00:00Z
2023-09-30,E00410,0,0.0,0.0,2024-09-30T00:00:00Z
2023-10-31,E00410,0,0.0,0.0,2024-10-31T00:00:00Z
2023-11-30,E00410,0,0.0,0.0,2024-11-30T00:00:00Z
2023-12-31,E00410,0,0.0,0.0,2024-12-31T00:00:00Z
2024-01-31,E00410,0,0.0,0.0,2025-01-31T00:00:00Z
2024-02-29,E00410,0,0.0,0.0,2025-03-01T00:00:00Z
2024-03-31,E00410,0,0.0,0.0,2025-04-01T00:00:00Z
2024-04-30,E00410,0,0.0,0.0,2025-05-01T00:00:00Z
2024-05-31,E00410,0,0.0,0.0,2025-06-01T00:00:00Z
2024-06-30,E00410,0,0.0,0.0,2025-07-01T00:00:00Z
2024-07-31,E00410,0,0.0,0.0,2025-08-01T00:00:00Z
2024-08-31,E00410,0,0.0,0.0,2025-09-01T00:00:00Z
2024-09-30,E00410,0,0.0,0.0,2025-10-01T00:00:00Z
2024-10-31,E00410,0,0.0,0.0,2025-11-01T00:00:00Z
2024-11-30,E00410,0,0.0,0.0,2025-12-01T00:00:00Z
2024-12-31,E00410,0,0.0,0.0,2026-01-01T00:00:00Z
2025-01-31,E00410,0,0.0,0.0,2026-02-01T00:00:00Z
2025-02-28,E00410,0,0.0,0.0,2026-03-01T00:00:00Z
2025-03-31,E00410,0,0.0,0.0,2026-04-01T00:00:00Z
2025-04-30,E00410,0,0.0,0.0,2026-05-01T00:00:00Z
2025-05-31,E00410,0,0.0,0.0,2026-06-01T00:00:00Z
2025-06-30,E00410,0,0.0,0.0,2026-07-01T00:00:00Z
2023-07-31,E00411,1,0.0496,3737.58,2024-07-31T00:00:00Z
2023-08-31,E00411,1,0.0799,6021.16,2024-08-31T00:00:00Z
2023-09-30,E00411,1,0.0693,5221.69,2024-09-30T00:00:00Z
2023-10-31,E00411,1,0.0574,4326.68,2024-10-31T00:00:00Z
2023-11-30,E00411,1,0.0175,1317.08,2024-11-30T00:00:00Z
2023-12-31,E00411,1,0.0601,4526.26,2024-12-31T00:00:00Z
2024-01-31,E00411,1,0.0,0.0,2025-01-31T00:00:00Z
2024-02-29,E00411,1,0.1063,8007.57,2025-03-01T00:00:00Z
2024-03-31,E00411,1,0.0,0.0,2025-04-01T00:00:00Z
2024-04-30,E00411,0,0.0,0.0,2025-05-01T00:00:00Z
2024-05-31,E00411,0,0.0,0.0,2025-06-01T00:00:00Z
2024-06-30,E00411,0,0.0,0.0,2025-07-01T00:00:00Z
2024-07-31,E00411,0,0.0,0.0,2025-08-01T00:00:00Z
2024-08-31,E00411,0,0.0,0.0,2025-09-01T00:00:00Z
2024-09-30,E00411,0,0.0,0.0,2025-10-01T00:00:00Z
2024-10-31,E00411,0,0.0,0.0,2025-11-01T00:00:00Z
2024-11-30,E00411,0,0.0,0.0,2025-12-01T00:00:00Z
2024-12-31,E00411,0,0.0,0.0,2026-01-01T00:00:00Z
2025-01-31,E00411,0,0.0,0.0,2026-02-01T00:00:00Z
2025-02-28,E00411,0,0.0,0.0,2026-03-01T00:00:00Z
2025-03-31,E00411,0,0.0,0.0,2026-04-01T00:00:00Z
2025-04-30,E00411,0,0.0,0.0,2026-05-01T00:00:00Z
2025-05-31,E00411,0,0.0,0.0,2026-06-01T00:00:00Z
2025-06-30,E00411,0,0.0,0.0,2026-07-01T00:00:00Z
2023-07-31,E00412,0,0.0,0.0,2024-07-31T00:00:00Z
2023-08-31,E00412,0,0.0,0.0,2024-08-31T00:00:00Z
2023-09-30,E00412,0,0.0,0.0,2024-09-30T00:00:00Z
2023-10-31,E00412,0,0.0,0.0,2024-10-31T00:00:00Z
2023-11-30,E00412,0,0.0,0.0,2024-11-30T00:00:00Z
2023-12-31,E00412,0,0.0,0.0,2024-12-31T00:00:00Z
2024-01-31,E00412,0,0.0,0.0,2025-01-31T00:00:00Z
2024-02-29,E00412,0,0.0,0.0,2025-03-01T00:00:00Z
2024-03-31,E00412,0,0.0,0.0,2025-04-01T00:00:00Z
2024-04-30,E00412,0,0.0,0.0,2025-05-01T00:00:00Z
2024-05-31,E00412,0,0.0,0.0,2025-06-01T00:00:00Z
2024-06-30,E00412,0,0.0,0.0,2025-07-01T00:00:00Z
2024-07-31,E00412,0,0.0,0.0,2025-08-01T00:00:00Z
2024-08-31,E00412,0,0.0,0.0,2025-09-01T00:00:00Z
2024-09-30,E00412,0,0.0,0.0,2025-10-01T00:00:00Z
2024-10-31,E00412,0,0.0,0.0,2025-11-01T00:00:00Z
2024-11-30,E00412,0,0.0,0.0,2025-12-01T00:00:00Z
2024-12-31,E00412,0,0.0,0.0,2026-01-01T00:00:00Z
2025-01-31,E00412,0,0.0,0.0,2026-02-01T00:00:00Z
2025-02-28,E00412,0,0.0,0.0,2026-03-01T00:00:00Z
2025-03-31,E00412,0,0.0,0.0,2026-04-01T00:00:00Z
2025-04-30,E00412,0,0.0,0.0,2026-05-01T00:00:00Z
2025-05-31,E00412,0,0.0,0.0,2026-06-01T00:00:00Z
2025-06-30,E00412,0,0.0,0.0,2026-07-01T00:00:00Z
2023-07-31,E00413,0,0.0,0.0,2024-07-31T00:00:00Z
2023-08-31,E00413,0,0.0,0.0,2024-08-31T00:00:00Z
2023-09-30,E00413,0,0.0,0.0,2024-09-30T00:00:00Z
2023-10-31,E00413,0,0.0,0.0,2024-10-31T00:00:00Z
2023-11-30,E00413,0,0.0,0.0,2024-11-30T00:00:00Z
2023-12-31,E00413,0,0.0,0.0,2024-12-31T00:00:00Z
2024-01-31,E00413,0,0.0,0.0,2025-01-31T00:00:00Z
2024-02-29,E00413,0,0.0,0.0,2025-03-01T00:00:00Z
2024-03-31,E00413,0,0.0,0.0,2025-04-01T00:00:00Z
2024-04-30,E00413,0,0.0,0.0,2025-05-01T00:00:00Z
2024-05-31,E00413,0,0.0,0.0,2025-06-01T00:00:00Z
2024-06-30,E00413,0,0.0,0.0,2025-07-01T00:00:00Z
2024-07-31,E00413,0,0.0,0.0,2025-08-01T00:00:00Z
2024-08-31,E00413,0,0.0,0.0,2025-09-01T00:00:00Z
2024-09-30,E00413,0,0.0,0.0,2025-10-01T00:00:00Z
2024-10-31,E00413,0,0.0,0.0,2025-11-01T00:00:00Z
2024-11-30,E00413,0,0.0,0.0,2025-12-01T00:00:00Z
2024-12-31,E00413,0,0.0,0.0,2026-01-01T00:00:00Z
2025-01-31,E00413,0,0.0,0.0,2026-02-01T00:00:00Z
2025-02-28,E00413,0,0.0,0.0,2026-03-01T00:00:00Z
2025-03-31,E00413,0,0.0,0.0,2026-04-01T00:00:00Z
2025-04-30,E00413,0,0.0,0.0,2026-05-01T00:00:00Z
2025-05-31,E00413,0,0.0,0.0,2026-06-01T00:00:00Z
2025-06-30,E00413,0,0.0,0.0,2026-07-01T00:00:00Z
2023-07-31,E00414,0,0.0,0.0,2024-07-31T00:00:00Z
2023-08-31,E00414,0,0.0,0.0,2024-08-31T00:00:00Z
2023-09-30,E00414,0,0.0,0.0,2024-09-30T00:00:00Z
2023-10-31,E00414,0,0.0,0.0,2024-10-31T00:00:00Z
2023-11-30,E00414,0,0.0,0.0,2024-11-30T00:00:00Z
2023-12-31,E00414,0,0.0,0.0,2024-12-31T00:00:00Z
2024-01-31,E00414,0,0.0,0.0,2025-01-31T00:00:00Z
2024-02-29,E00414,0,0.0,0.0,2025-03-01T00:00:00Z
2024-03-31,E00414,0,0.0,0.0,2025-04-01T00:00:00Z
2024-04-30,E00414,0,0.0,0.0,2025-05-01T00:00:00Z
2024-05-31,E00414,0,0.0,0.0,2025-06-01T00:00:00Z
2024-06-30,E00414,0,0.0,0.0,2025-07-01T00:00:00Z
2024-07-31,E00414,0,0.0,0.0,2025-08-01T00:00:00Z
2024-08-31,E00414,0,0.0,0.0,2025-09-01T00:00:00Z
2024-09-30,E00414,0,0.0,0.0,2025-10-01T00:00:00Z
2024-10-31,E00414,0,0.0,0.0,2025-11-01T00:00:00Z
2024-11-30,E00414,0,0.0,0.0,2025-12-01T00:00:00Z
2024-12-31,E00414,0,0.0,0.0,2026-01-01T00:00:00Z
2025-01-31,E00414,0,0.0,0.0,2026-02-01T00:00:00Z
2025-02-28,E00414,0,0.0,0.0,2026-03-01T00:00:00Z
2025-03-31,E00414,0,0.0,0.0,2026-04-01T00:00:00Z
2025-04-30,E00414,0,0.0,0.0,2026-05-01T00:00:00Z
2025-05-31,E00414,0,0.0,0.0,2026-06-01T00:00:00Z
2025-06-30,E00414,0,0.0,0.0,2026-07-01T00:00:00Z
2023-07-31,E00415,0,0.0,0.0,2024-07-31T00:00:00Z
2023-08-31,E00415,0,0.0,0.0,2024-08-31T00:00:00Z
2023-09-30,E00415,0,0.0,0.0,2024-09-30T00:00:00Z
2023-10-31,E00415,0,0.0,0.0,2024-10-31T00:00:00Z
2023-11-30,E00415,0,0.0,0.0,2024-11-30T00:00:00Z
2023-12-31,E00415,0,0.0,0.0,2024-12-31T00:00:00Z
2024-01-31,E00415,0,0.0,0.0,2025-01-31T00:00:00Z
2024-02-29,E00415,0,0.0,0.0,2025-03-01T00:00:00Z
2024-03-31,E00415,0,0.0,0.0,2025-04-01T00:00:00Z
2024-04-30,E00415,0,0.0,0.0,2025-05-01T00:00:00Z
2024-05-31,E00415,0,0.0,0.0,2025-06-01T00:00:00Z
2024-06-30,E00415,0,0.0,0.0,2025-07-01T00:00:00Z
2024-07-31,E00415,0,0.0,0.0,2025-08-01T00:00:00Z
2024-08-31,E00415,0,0.0,0.0,2025-09-01T00:00:00Z
2024-09-30,E00415,0,0.0,0.0,2025-10-01T00:00:00Z
2024-10-31,E00415,0,0.0,0.0,2025-11-01T00:00:00Z
2024-11-30,E00415,0,0.0,0.0,2025-12-01T00:00:00Z
2024-12-31,E00415,0,0.0,0.0,2026-01-01T00:00:00Z
2025-01-31,E00415,0,0.0,0.0,2026-02-01T00:00:00Z
2025-02-28,E00415,0,0.0,0.0,2026-03-01T00:00:00Z
2025-03-31,E00415,0,0.0,0.0,2026-04-01T00:00:00Z
2025-04-30,E00415,0,0.0,0.0,2026-05-01T00:00:00Z
2025-05-31,E00415,0,0.0,0.0,2026-06-01T00:00:00Z
2025-06-30,E00415,0,0.0,0.0,2026-07-01T00:00:00Z
2023-07-31,E00416,0,0.0,0.0,2024-07-31T00:00:00Z
2023-08-31,E00416,0,0.0,0.0,2024-08-31T00:00:00Z
2023-09-30,E00416,0,0.0,0.0,2024-09-30T00:00:00Z
2023-10-31,E00416,0,0.0,0.0,2024-10-31T00:00:00Z
2023-11-30,E00416,0,0.0,0.0,2024-11-30T00:00:00Z
2023-12-31,E00416,0,0.0,0.0,2024-12-31T00:00:00Z
2024-01-31,E00416,0,0.0,0.0,2025-01-31T00:00:00Z
2024-02-29,E00416,0,0.0,0.0,2025-03-01T00:00:00Z
2024-03-31,E00416,0,0.0,0.0,2025-04-01T00:00:00Z
2024-04-30,E00416,0,0.0,0.0,2025-05-01T00:00:00Z
2024-05-31,E00416,0,0.0,0.0,2025-06-01T00:00:00Z
2024-06-30,E00416,0,0.0,0.0,2025-07-01T00:00:00Z
2024-07-31,E00416,0,0.0,0.0,2025-08-01T00:00:00Z
2024-08-31,E00416,0,0.0,0.0,2025-09-01T00:00:00Z
2024-09-30,E00416,0,0.0,0.0,2025-10-01T00:00:00Z
2024-10-31,E00416,0,0.0,0.0,2025-11-01T00:00:00Z
2024-11-30,E00416,0,0.0,0.0,2025-12-01T00:00:00Z
2024-12-31,E00416,0,0.0,0.0,2026-01-01T00:00:00Z
2025-01-31,E00416,0,0.0,0.0,2026-02-01T00:00:00Z
2025-02-28,E00416,0,0.0,0.0,2026-03-01T00:00:00Z
2025-03-31,E00416,0,0.0,0.0,2026-04-01T00:00:00Z
2025-04-30,E00416,0,0.0,0.0,2026-05-01T00:00:00Z
2025-05-31,E00416,1,0.1311,5151.88,2026-06-01T00:00:00Z
2025-06-30,E00416,1,0.1341,5269.45,2026-07-01T00:00:00Z
2023-07-31,E00417,0,0.0,0.0,2024-07-31T00:00:00Z
2023-08-31,E00417,0,0.0,0.0,2024-08-31T00:00:00Z
2023-09-30,E00417,0,0.0,0.0,2024-09-30T00:00:00Z
2023-10-31,E00417,0,0.0,0.0,2024-10-31T00:00:00Z
2023-11-30,E00417,0,0.0,0.0,2024-11-30T00:00:00Z
2023-12-31,E00417,0,0.0,0.0,2024-12-31T00:00:00Z
2024-01-31,E00417,0,0.0,0.0,2025-01-31T00:00:00Z
2024-02-29,E00417,0,0.0,0.0,2025-03-01T00:00:00Z
2024-03-31,E00417,0,0.0,0.0,2025-04-01T00:00:00Z
2024-04-30,E00417,0,0.0,0.0,2025-05-01T00:00:00Z
2024-05-31,E00417,0,0.0,0.0,2025-06-01T00:00:00Z
2024-06-30,E00417,0,0.0,0.0,2025-07-01T00:00:00Z
2024-07-31,E00417,0,0.0,0.0,2025-08-01T00:00:00Z
2024-08-31,E00417,0,0.0,0.0,2025-09-01T00:00:00Z
2024-09-30,E00417,0,0.0,0.0,2025-10-01T00:00:00Z
2024-10-31,E00417,0,0.0,0.0,2025-11-01T00:00:00Z
2024-11-30,E00417,0,0.0,0.0,2025-12-01T00:00:00Z
2024-12-31,E00417,0,0.0,0.0,2026-01-01T00:00:00Z
2025-01-31,E00417,0,0.0,0.0,2026-02-01T00:00:00Z
2025-02-28,E00417,0,0.0,0.0,2026-03-01T00:00:00Z
2025-03-31,E00417,0,0.0,0.0,2026-04-01T00:00:00Z
2025-04-30,E00417,0,0.0,0.0,2026-05-01T00:00:00Z
2025-05-31,E00417,0,0.0,0.0,2026-06-01T00:00:00Z
2025-06-30,E00417,0,0.0,0.0,2026-07-01T00:00:00Z
2023-07-31,E00418,0,0.0,0.0,2024-07-31T00:00:00Z
2023-08-31,E00418,0,0.0,0.0,2024-08-31T00:00:00Z
2023-09-30,E00418,0,0.0,0.0,2024-09-30T00:00:00Z
2023-10-31,E00418,0,0.0,0.0,2024-10-31T00:00:00Z
2023-11-30,E00418,0,0.0,0.0,2024-11-30T00:00:00Z
2023-12-31,E00418,0,0.0,0.0,2024-12-31T00:00:00Z
2024-01-31,E00418,0,0.0,0.0,2025-01-31T00:00:00Z
2024-02-29,E00418,0,0.0,0.0,2025-03-01T00:00:00Z
2024-03-31,E00418,0,0.0,0.0,2025-04-01T00:00:00Z
2024-04-30,E00418,0,0.0,0.0,2025-05-01T00:00:00Z
2024-05-31,E00418,0,0.0,0.0,2025-06-01T00:00:00Z
2024-06-30,E00418,0,0.0,0.0,2025-07-01T00:00:00Z
2024-07-31,E00418,0,0.0,0.0,2025-08-01T00:00:00Z
2024-08-31,E00418,0,0.0,0.0,2025-09-01T00:00:00Z
2024-09-30,E00418,0,0.0,0.0,2025-10-01T00:00:00Z
2024-10-31,E00418,0,0.0,0.0,2025-11-01T00:00:00Z
2024-11-30,E00418,0,0.0,0.0,2025-12-01T00:00:00Z
2024-12-31,E00418,0,0.0,0.0,2026-01-01T00:00:00Z
2025-01-31,E00418,0,0.0,0.0,2026-02-01T00:00:00Z
2025-02-28,E00418,0,0.0,0.0,2026-03-01T00:00:00Z
2025-03-31,E00418,0,0.0,0.0,2026-04-01T00:00:00Z
2025-04-30,E00418,0,0.0,0.0,2026-05-01T00:00:00Z
2025-05-31,E00418,0,0.0,0.0,2026-06-01T00:00:00Z
2025-06-30,E00418,0,0.0,0.0,2026-07-01T00:00:00Z
2023-07-31,E00419,0,0.0,0.0,2024-07-31T00:00:00Z
2023-08-31,E00419,0,0.0,0.0,2024-08-31T00:00:00Z
2023-09-30,E00419,0,0.0,0.0,2024-09-30T00:00:00Z
2023-10-31,E00419,0,0.0,0.0,2024-10-31T00:00:00Z
2023-11-30,E00419,0,0.0,0.0,2024-11-30T00:00:00Z
2023-12-31,E00419,0,0.0,0.0,2024-12-31T00:00:00Z
2024-01-31,E00419,0,0.0,0.0,2025-01-31T00:00:00Z
2024-02-29,E00419,0,0.0,0.0,2025-03-01T00:00:00Z
2024-03-31,E00419,0,0.0,0.0,2025-04-01T00:00:00Z
2024-04-30,E00419,0,0.0,0.0,2025-05-01T00:00:00Z
2024-05-31,E00419,0,0.0,0.0,2025-06-01T00:00:00Z
2024-06-30,E00419,0,0.0,0.0,2025-07-01T00:00:00Z
2024-07-31,E00419,0,0.0,0.0,2025-08-01T00:00:00Z
2024-08-31,E00419,0,0.0,0.0,2025-09-01T00:00:00Z
2024-09-30,E00419,0,0.0,0.0,2025-10-01T00:00:00Z
2024-10-31,E00419,0,0.0,0.0,2025-11-01T00:00:00Z
2024-11-30,E00419,0,0.0,0.0,2025-12-01T00:00:00Z
2024-12-31,E00419,0,0.0,0.0,2026-01-01T00:00:00Z
2025-01-31,E00419,0,0.0,0.0,2026-02-01T00:00:00Z
2025-02-28,E00419,0,0.0,0.0,2026-03-01T00:00:00Z
2025-03-31,E00419,0,0.0,0.0,2026-04-01T00:00:00Z
2025-04-30,E00419,0,0.0,0.0,2026-05-01T00:00:00Z
2025-05-31,E00419,0,0.0,0.0,2026-06-01T00:00:00Z
2025-06-30,E00419,0,0.0,0.0,2026-07-01T00:00:00Z
2023-07-31,E00420,0,0.0,0.0,2024-07-31T00:00:00Z
2023-08-31,E00420,0,0.0,0.0,2024-08-31T00:00:00Z
2023-09-30,E00420,0,0.0,0.0,2024-09-30T00:00:00Z
2023-10-31,E00420,0,0.0,0.0,2024-10-31T00:00:00Z
2023-11-30,E00420,0,0.0,0.0,2024-11-30T00:00:00Z
2023-12-31,E00420,0,0.0,0.0,2024-12-31T00:00:00Z
2024-01-31,E00420,0,0.0,0.0,2025-01-31T00:00:00Z
2024-02-29,E00420,0,0.0,0.0,2025-03-01T00:00:00Z
2024-03-31,E00420,0,0.0,0.0,2025-04-01T00:00:00Z
2024-04-30,E00420,0,0.0,0.0,2025-05-01T00:00:00Z
2024-05-31,E00420,0,0.0,0.0,2025-06-01T00:00:00Z
2024-06-30,E00420,0,0.0,0.0,2025-07-01T00:00:00Z
2024-07-31,E00420,0,0.0,0.0,2025-08-01T00:00:00Z
2024-08-31,E00420,0,0.0,0.0,2025-09-01T00:00:00Z
2024-09-30,E00420,0,0.0,0.0,2025-10-01T00:00:00Z
2024-10-31,E00420,0,0.0,0.0,2025-11-01T00:00:00Z
2024-11-30,E00420,0,0.0,0.0,2025-12-01T00:00:00Z
2024-12-31,E00420,0,0.0,0.0,2026-01-01T00:00:00Z
2025-01-31,E00420,0,0.0,0.0,2026-02-01T00:00:00Z
2025-02-28,E00420,0,0.0,0.0,2026-03-01T00:00:00Z
2025-03-31,E00420,0,0.0,0.0,2026-04-01T00:00:00Z
2025-04-30,E00420,0,0.0,0.0,2026-05-01T00:00:00Z
2025-05-31,E00420,0,0.0,0.0,2026-06-01T00:00:00Z
2025-06-30,E00420,0,0.0,0.0,2026-07-01T00:00:00Z
2023-07-31,E00421,0,0.0,0.0,2024-07-31T00:00:00Z
2023-08-31,E00421,0,0.0,0.0,2024-08-31T00:00:00Z
2023-09-30,E00421,0,0.0,0.0,2024-09-30T00:00:00Z
2023-10-31,E00421,0,0.0,0.0,2024-10-31T00:00:00Z
2023-11-30,E00421,0,0.0,0.0,2024-11-30T00:00:00Z
2023-12-31,E00421,0,0.0,0.0,2024-12-31T00:00:00Z
2024-01-31,E00421,0,0.0,0.0,2025-01-31T00:00:00Z
2024-02-29,E00421,0,0.0,0.0,2025-03-01T00:00:00Z
2024-03-31,E00421,0,0.0,0.0,2025-04-01T00:00:00Z
2024-04-30,E00421,0,0.0,0.0,2025-05-01T00:00:00Z
2024-05-31,E00421,0,0.0,0.0,2025-06-01T00:00:00Z
2024-06-30,E00421,0,0.0,0.0,2025-07-01T00:00:00Z
2024-07-31,E00421,0,0.0,0.0,2025-08-01T00:00:00Z
2024-08-31,E00421,0,0.0,0.0,2025-09-01T00:00:00Z
2024-09-30,E00421,0,0.0,0.0,2025-10-01T00:00:00Z
2024-10-31,E00421,0,0.0,0.0,2025-11-01T00:00:00Z
2024-11-30,E00421,0,0.0,0.0,2025-12-01T00:00:00Z
2024-12-31,E00421,0,0.0,0.0,2026-01-01T00:00:00Z
2025-01-31,E00421,0,0.0,0.0,2026-02-01T00:00:00Z
2025-02-28,E00421,0,0.0,0.0,2026-03-01T00:00:00Z
2025-03-31,E00421,0,0.0,0.0,2026-04-01T00:00:00Z
2025-04-30,E00421,0,0.0,0.0,2026-05-01T00:00:00Z
2025-05-31,E00421,0,0.0,0.0,2026-06-01T00:00:00Z
2025-06-30,E00421,0,0.0,0.0,2026-07-01T00:00:00Z
2023-07-31,E00422,0,0.0,0.0,2024-07-31T00:00:00Z
2023-08-31,E00422,0,0.0,0.0,2024-08-31T00:00:00Z
2023-09-30,E00422,0,0.0,0.0,2024-09-30T00:00:00Z
2023-10-31,E00422,0,0.0,0.0,2024-10-31T00:00:00Z
2023-11-30,E00422,0,0.0,0.0,2024-11-30T00:00:00Z
2023-12-31,E00422,0,0.0,0.0,2024-12-31T00:00:00Z
2024-01-31,E00422,0,0.0,0.0,2025-01-31T00:00:00Z
2024-02-29,E00422,0,0.0,0.0,2025-03-01T00:00:00Z
2024-03-31,E00422,0,0.0,0.0,2025-04-01T00:00:00Z
2024-04-30,E00422,0,0.0,0.0,2025-05-01T00:00:00Z
2024-05-31,E00422,0,0.0,0.0,2025-06-01T00:00:00Z
2024-06-30,E00422,0,0.0,0.0,2025-07-01T00:00:00Z
2024-07-31,E00422,0,0.0,0.0,2025-08-01T00:00:00Z
2024-08-31,E00422,0,0.0,0.0,2025-09-01T00:00:00Z
2024-09-30,E00422,0,0.0,0.0,2025-10-01T00:00:00Z
2024-10-31,E00422,0,0.0,0.0,2025-11-01T00:00:00Z
2024-11-30,E00422,0,0.0,0.0,2025-12-01T00:00:00Z
2024-12-31,E00422,0,0.0,0.0,2026-01-01T00:00:00Z
2025-01-31,E00422,0,0.0,0.0,2026-02-01T00:00:00Z
2025-02-28,E00422,0,0.0,0.0,2026-03-01T00:00:00Z
2025-03-31,E00422,0,0.0,0.0,2026-04-01T00:00:00Z
2025-04-30,E00422,0,0.0,0.0,2026-05-01T00:00:00Z
2025-05-31,E00422,0,0.0,0.0,2026-06-01T00:00:00Z
2025-06-30,E00422,0,0.0,0.0,2026-07-01T00:00:00Z
2023-07-31,E00423,0,0.0,0.0,2024-07-31T00:00:00Z
2023-08-31,E00423,0,0.0,0.0,2024-08-31T00:00:00Z
2023-09-30,E00423,0,0.0,0.0,2024-09-30T00:00:00Z
2023-10-31,E00423,0,0.0,0.0,2024-10-31T00:00:00Z
2023-11-30,E00423,0,0.0,0.0,2024-11-30T00:00:00Z
2023-12-31,E00423,0,0.0,0.0,2024-12-31T00:00:00Z
2024-01-31,E00423,0,0.0,0.0,2025-01-31T00:00:00Z
2024-02-29,E00423,0,0.0,0.0,2025-03-01T00:00:00Z
2024-03-31,E00423,0,0.0,0.0,2025-04-01T00:00:00Z
2024-04-30,E00423,0,0.0,0.0,2025-05-01T00:00:00Z
2024-05-31,E00423,0,0.0,0.0,2025-06-01T00:00:00Z
2024-06-30,E00423,0,0.0,0.0,2025-07-01T00:00:00Z
2024-07-31,E00423,0,0.0,0.0,2025-08-01T00:00:00Z
2024-08-31,E00423,0,0.0,0.0,2025-09-01T00:00:00Z
2024-09-30,E00423,0,0.0,0.0,2025-10-01T00:00:00Z
2024-10-31,E00423,0,0.0,0.0,2025-11-01T00:00:00Z
2024-11-30,E00423,0,0.0,0.0,2025-12-01T00:00:00Z
2024-12-31,E00423,0,0.0,0.0,2026-01-01T00:00:00Z
2025-01-31,E00423,0,0.0,0.0,2026-02-01T00:00:00Z
2025-02-28,E00423,0,0.0,0.0,2026-03-01T00:00:00Z
2025-03-31,E00423,0,0.0,0.0,2026-04-01T00:00:00Z
2025-04-30,E00423,0,0.0,0.0,2026-05-01T00:00:00Z
2025-05-31,E00423,0,0.0,0.0,2026-06-01T00:00:00Z
2025-06-30,E00423,0,0.0,0.0,2026-07-01T00:00:00Z
2023-07-31,E00424,0,0.0,0.0,2024-07-31T00:00:00Z
2023-08-31,E00424,0,0.0,0.0,2024-08-31T00:00:00Z
2023-09-30,E00424,0,0.0,0.0,2024-09-30T00:00:00Z
2023-10-31,E00424,0,0.0,0.0,2024-10-31T00:00:00Z
2023-11-30,E00424,0,0.0,0.0,2024-11-30T00:00:00Z
2023-12-31,E00424,0,0.0,0.0,2024-12-31T00:00:00Z
2024-01-31,E00424,0,0.0,0.0,2025-01-31T00:00:00Z
2024-02-29,E00424,1,0.1686,17719.49,2025-03-01T00:00:00Z
2024-03-31,E00424,1,0.1191,12521.55,2025-04-01T00:00:00Z
2024-04-30,E00424,1,0.1285,13506.41,2025-05-01T00:00:00Z
2024-05-31,E00424,1,0.1135,11923.16,2025-06-01T00:00:00Z
2024-06-30,E00424,1,0.1431,15036.66,2025-07-01T00:00:00Z
2024-07-31,E00424,1,0.0,0.0,2025-08-01T00:00:00Z
2024-08-31,E00424,1,0.0977,10266.49,2025-09-01T00:00:00Z
2024-09-30,E00424,1,0.0299,3146.82,2025-10-01T00:00:00Z
2024-10-31,E00424,1,0.0682,7162.89,2025-11-01T00:00:00Z
2024-11-30,E00424,1,0.0395,4150.15,2025-12-01T00:00:00Z
2024-12-31,E00424,1,0.1525,16031.71,2026-01-01T00:00:00Z
2025-01-31,E00424,1,0.0775,8140.66,2026-02-01T00:00:00Z
2025-02-28,E00424,0,0.0,0.0,2026-03-01T00:00:00Z
2025-03-31,E00424,0,0.0,0.0,2026-04-01T00:00:00Z
2025-04-30,E00424,0,0.0,0.0,2026-05-01T00:00:00Z
2025-05-31,E00424,0,0.0,0.0,2026-06-01T00:00:00Z
2025-06-30,E00424,0,0.0,0.0,2026-07-01T00:00:00Z
2023-07-31,E00425,0,0.0,0.0,2024-07-31T00:00:00Z
2023-08-31,E00425,0,0.0,0.0,2024-08-31T00:00:00Z
2023-09-30,E00425,0,0.0,0.0,2024-09-30T00:00:00Z
2023-10-31,E00425,0,0.0,0.0,2024-10-31T00:00:00Z
2023-11-30,E00425,0,0.0,0.0,2024-11-30T00:00:00Z
2023-12-31,E00425,0,0.0,0.0,2024-12-31T00:00:00Z
2024-01-31,E00425,0,0.0,0.0,2025-01-31T00:00:00Z
2024-02-29,E00425,0,0.0,0.0,2025-03-01T00:00:00Z
2024-03-31,E00425,0,0.0,0.0,2025-04-01T00:00:00Z
2024-04-30,E00425,0,0.0,0.0,2025-05-01T00:00:00Z
2024-05-31,E00425,0,0.0,0.0,2025-06-01T00:00:00Z
2024-06-30,E00425,0,0.0,0.0,2025-07-01T00:00:00Z
2024-07-31,E00425,0,0.0,0.0,2025-08-01T00:00:00Z
2024-08-31,E00425,0,0.0,0.0,2025-09-01T00:00:00Z
2024-09-30,E00425,0,0.0,0.0,2025-10-01T00:00:00Z
2024-10-31,E00425,0,0.0,0.0,2025-11-01T00:00:00Z
2024-11-30,E00425,0,0.0,0.0,2025-12-01T00:00:00Z
2024-12-31,E00425,0,0.0,0.0,2026-01-01T00:00:00Z
2025-01-31,E00425,0,0.0,0.0,2026-02-01T00:00:00Z
2025-02-28,E00425,0,0.0,0.0,2026-03-01T00:00:00Z
2025-03-31,E00425,0,0.0,0.0,2026-04-01T00:00:00Z
2025-04-30,E00425,0,0.0,0.0,2026-05-01T00:00:00Z
2025-05-31,E00425,0,0.0,0.0,2026-06-01T00:00:00Z
2025-06-30,E00425,0,0.0,0.0,2026-07-01T00:00:00Z
2023-07-31,E00426,0,0.0,0.0,2024-07-31T00:00:00Z
2023-08-31,E00426,0,0.0,0.0,2024-08-31T00:00:00Z
2023-09-30,E00426,0,0.0,0.0,2024-09-30T00:00:00Z
2023-10-31,E00426,0,0.0,0.0,2024-10-31T00:00:00Z
2023-11-30,E00426,0,0.0,0.0,2024-11-30T00:00:00Z
2023-12-31,E00426,0,0.0,0.0,2024-12-31T00:00:00Z
2024-01-31,E00426,0,0.0,0.0,2025-01-31T00:00:00Z
2024-02-29,E00426,0,0.0,0.0,2025-03-01T00:00:00Z
2024-03-31,E00426,0,0.0,0.0,2025-04-01T00:00:00Z
2024-04-30,E00426,0,0.0,0.0,2025-05-01T00:00:00Z
2024-05-31,E00426,0,0.0,0.0,2025-06-01T00:00:00Z
2024-06-30,E00426,0,0.0,0.0,2025-07-01T00:00:00Z
2024-07-31,E00426,0,0.0,0.0,2025-08-01T00:00:00Z
2024-08-31,E00426,0,0.0,0.0,2025-09-01T00:00:00Z
2024-09-30,E00426,0,0.0,0.0,2025-10-01T00:00:00Z
2024-10-31,E00426,0,0.0,0.0,2025-11-01T00:00:00Z
2024-11-30,E00426,0,0.0,0.0,2025-12-01T00:00:00Z
2024-12-31,E00426,0,0.0,0.0,2026-01-01T00:00:00Z
2025-01-31,E00426,0,0.0,0.0,2026-02-01T00:00:00Z
2025-02-28,E00426,0,0.0,0.0,2026-03-01T00:00:00Z
2025-03-31,E00426,0,0.0,0.0,2026-04-01T00:00:00Z
2025-04-30,E00426,0,0.0,0.0,2026-05-01T00:00:00Z
2025-05-31,E00426,0,0.0,0.0,2026-06-01T00:00:00Z
2025-06-30,E00426,0,0.0,0.0,2026-07-01T00:00:00Z
2023-07-31,E00427,0,0.0,0.0,2024-07-31T00:00:00Z
2023-08-31,E00427,0,0.0,0.0,2024-08-31T00:00:00Z
2023-09-30,E00427,0,0.0,0.0,2024-09-30T00:00:00Z
2023-10-31,E00427,0,0.0,0.0,2024-10-31T00:00:00Z
2023-11-30,E00427,0,0.0,0.0,2024-11-30T00:00:00Z
2023-12-31,E00427,0,0.0,0.0,2024-12-31T00:00:00Z
2024-01-31,E00427,0,0.0,0.0,2025-01-31T00:00:00Z
2024-02-29,E00427,0,0.0,0.0,2025-03-01T00:00:00Z
2024-03-31,E00427,0,0.0,0.0,2025-04-01T00:00:00Z
2024-04-30,E00427,0,0.0,0.0,2025-05-01T00:00:00Z
2024-05-31,E00427,0,0.0,0.0,2025-06-01T00:00:00Z
2024-06-30,E00427,0,0.0,0.0,2025-07-01T00:00:00Z
2024-07-31,E00427,0,0.0,0.0,2025-08-01T00:00:00Z
2024-08-31,E00427,0,0.0,0.0,2025-09-01T00:00:00Z
2024-09-30,E00427,0,0.0,0.0,2025-10-01T00:00:00Z
2024-10-31,E00427,0,0.0,0.0,2025-11-01T00:00:00Z
2024-11-30,E00427,0,0.0,0.0,2025-12-01T00:00:00Z
2024-12-31,E00427,0,0.0,0.0,2026-01-01T00:00:00Z
2025-01-31,E00427,0,0.0,0.0,2026-02-01T00:00:00Z
2025-02-28,E00427,0,0.0,0.0,2026-03-01T00:00:00Z
2025-03-31,E00427,0,0.0,0.0,2026-04-01T00:00:00Z
2025-04-30,E00427,0,0.0,0.0,2026-05-01T00:00:00Z
2025-05-31,E00427,0,0.0,0.0,2026-06-01T00:00:00Z
2025-06-30,E00427,0,0.0,0.0,2026-07-01T00:00:00Z
2023-07-31,E00428,0,0.0,0.0,2024-07-31T00:00:00Z
2023-08-31,E00428,0,0.0,0.0,2024-08-31T00:00:00Z
2023-09-30,E00428,0,0.0,0.0,2024-09-30T00:00:00Z
2023-10-31,E00428,0,0.0,0.0,2024-10-31T00:00:00Z
2023-11-30,E00428,0,0.0,0.0,2024-11-30T00:00:00Z
2023-12-31,E00428,0,0.0,0.0,2024-12-31T00:00:00Z
2024-01-31,E00428,0,0.0,0.0,2025-01-31T00:00:00Z
2024-02-29,E00428,0,0.0,0.0,2025-03-01T00:00:00Z
2024-03-31,E00428,0,0.0,0.0,2025-04-01T00:00:00Z
2024-04-30,E00428,0,0.0,0.0,2025-05-01T00:00:00Z
2024-05-31,E00428,0,0.0,0.0,2025-06-01T00:00:00Z
2024-06-30,E00428,0,0.0,0.0,2025-07-01T00:00:00Z
2024-07-31,E00428,0,0.0,0.0,2025-08-01T00:00:00Z
2024-08-31,E00428,0,0.0,0.0,2025-09-01T00:00:00Z
2024-09-30,E00428,0,0.0,0.0,2025-10-01T00:00:00Z
2024-10-31,E00428,0,0.0,0.0,2025-11-01T00:00:00Z
2024-11-30,E00428,0,0.0,0.0,2025-12-01T00:00:00Z
2024-12-31,E00428,0,0.0,0.0,2026-01-01T00:00:00Z
2025-01-31,E00428,0,0.0,0.0,2026-02-01T00:00:00Z
2025-02-28,E00428,0,0.0,0.0,2026-03-01T00:00:00Z
2025-03-31,E00428,0,0.0,0.0,2026-04-01T00:00:00Z
2025-04-30,E00428,0,0.0,0.0,2026-05-01T00:00:00Z
2025-05-31,E00428,0,0.0,0.0,2026-06-01T00:00:00Z
2025-06-30,E00428,0,0.0,0.0,2026-07-01T00:00:00Z
2023-07-31,E00429,0,0.0,0.0,2024-07-31T00:00:00Z
2023-08-31,E00429,0,0.0,0.0,2024-08-31T00:00:00Z
2023-09-30,E00429,0,0.0,0.0,2024-09-30T00:00:00Z
2023-10-31,E00429,0,0.0,0.0,2024-10-31T00:00:00Z
2023-11-30,E00429,0,0.0,0.0,2024-11-30T00:00:00Z
2023-12-31,E00429,0,0.0,0.0,2024-12-31T00:00:00Z
2024-01-31,E00429,0,0.0,0.0,2025-01-31T00:00:00Z
2024-02-29,E00429,0,0.0,0.0,2025-03-01T00:00:00Z
2024-03-31,E00429,0,0.0,0.0,2025-04-01T00:00:00Z
2024-04-30,E00429,0,0.0,0.0,2025-05-01T00:00:00Z
2024-05-31,E00429,0,0.0,0.0,2025-06-01T00:00:00Z
2024-06-30,E00429,0,0.0,0.0,2025-07-01T00:00:00Z
2024-07-31,E00429,0,0.0,0.0,2025-08-01T00:00:00Z
2024-08-31,E00429,0,0.0,0.0,2025-09-01T00:00:00Z
2024-09-30,E00429,0,0.0,0.0,2025-10-01T00:00:00Z
2024-10-31,E00429,0,0.0,0.0,2025-11-01T00:00:00Z
2024-11-30,E00429,0,0.0,0.0,2025-12-01T00:00:00Z
2024-12-31,E00429,0,0.0,0.0,2026-01-01T00:00:00Z
2025-01-31,E00429,0,0.0,0.0,2026-02-01T00:00:00Z
2025-02-28,E00429,0,0.0,0.0,2026-03-01T00:00:00Z
2025-03-31,E00429,1,0.0685,1740.65,2026-04-01T00:00:00Z
2025-04-30,E00429,1,0.037,939.93,2026-05-01T00:00:00Z
2025-05-31,E00429,1,0.0172,438.03,2026-06-01T00:00:00Z
2025-06-30,E00429,1,0.0,0.0,2026-07-01T00:00:00Z
2023-07-31,E00430,0,0.0,0.0,2024-07-31T00:00:00Z
2023-08-31,E00430,0,0.0,0.0,2024-08-31T00:00:00Z
2023-09-30,E00430,0,0.0,0.0,2024-09-30T00:00:00Z
2023-10-31,E00430,0,0.0,0.0,2024-10-31T00:00:00Z
2023-11-30,E00430,0,0.0,0.0,2024-11-30T00:00:00Z
2023-12-31,E00430,0,0.0,0.0,2024-12-31T00:00:00Z
2024-01-31,E00430,0,0.0,0.0,2025-01-31T00:00:00Z
2024-02-29,E00430,0,0.0,0.0,2025-03-01T00:00:00Z
2024-03-31,E00430,0,0.0,0.0,2025-04-01T00:00:00Z
2024-04-30,E00430,0,0.0,0.0,2025-05-01T00:00:00Z
2024-05-31,E00430,0,0.0,0.0,2025-06-01T00:00:00Z
2024-06-30,E00430,0,0.0,0.0,2025-07-01T00:00:00Z
2024-07-31,E00430,0,0.0,0.0,2025-08-01T00:00:00Z
2024-08-31,E00430,0,0.0,0.0,2025-09-01T00:00:00Z
2024-09-30,E00430,0,0.0,0.0,2025-10-01T00:00:00Z
2024-10-31,E00430,0,0.0,0.0,2025-11-01T00:00:00Z
2024-11-30,E00430,0,0.0,0.0,2025-12-01T00:00:00Z
2024-12-31,E00430,0,0.0,0.0,2026-01-01T00:00:00Z
2025-01-31,E00430,0,0.0,0.0,2026-02-01T00:00:00Z
2025-02-28,E00430,0,0.0,0.0,2026-03-01T00:00:00Z
2025-03-31,E00430,0,0.0,0.0,2026-04-01T00:00:00Z
2025-04-30,E00430,0,0.0,0.0,2026-05-01T00:00:00Z
2025-05-31,E00430,0,0.0,0.0,2026-06-01T00:00:00Z
2025-06-30,E00430,0,0.0,0.0,2026-07-01T00:00:00Z
2023-07-31,E00431,0,0.0,0.0,2024-07-31T00:00:00Z
2023-08-31,E00431,0,0.0,0.0,2024-08-31T00:00:00Z
2023-09-30,E00431,0,0.0,0.0,2024-09-30T00:00:00Z
2023-10-31,E00431,0,0.0,0.0,2024-10-31T00:00:00Z
2023-11-30,E00431,0,0.0,0.0,2024-11-30T00:00:00Z
2023-12-31,E00431,0,0.0,0.0,2024-12-31T00:00:00Z
2024-01-31,E00431,0,0.0,0.0,2025-01-31T00:00:00Z
2024-02-29,E00431,0,0.0,0.0,2025-03-01T00:00:00Z
2024-03-31,E00431,0,0.0,0.0,2025-04-01T00:00:00Z
2024-04-30,E00431,0,0.0,0.0,2025-05-01T00:00:00Z
2024-05-31,E00431,0,0.0,0.0,2025-06-01T00:00:00Z
2024-06-30,E00431,0,0.0,0.0,2025-07-01T00:00:00Z
2024-07-31,E00431,0,0.0,0.0,2025-08-01T00:00:00Z
2024-08-31,E00431,0,0.0,0.0,2025-09-01T00:00:00Z
2024-09-30,E00431,0,0.0,0.0,2025-10-01T00:00:00Z
2024-10-31,E00431,0,0.0,0.0,2025-11-01T00:00:00Z
2024-11-30,E00431,0,0.0,0.0,2025-12-01T00:00:00Z
2024-12-31,E00431,0,0.0,0.0,2026-01-01T00:00:00Z
2025-01-31,E00431,0,0.0,0.0,2026-02-01T00:00:00Z
2025-02-28,E00431,0,0.0,0.0,2026-03-01T00:00:00Z
2025-03-31,E00431,0,0.0,0.0,2026-04-01T00:00:00Z
2025-04-30,E00431,0,0.0,0.0,2026-05-01T00:00:00Z
2025-05-31,E00431,0,0.0,0.0,2026-06-01T00:00:00Z
2025-06-30,E00431,0,0.0,0.0,2026-07-01T00:00:00Z
2023-07-31,E00432,0,0.0,0.0,2024-07-31T00:00:00Z
2023-08-31,E00432,0,0.0,0.0,2024-08-31T00:00:00Z
2023-09-30,E00432,0,0.0,0.0,2024-09-30T00:00:00Z
2023-10-31,E00432,0,0.0,0.0,2024-10-31T00:00:00Z
2023-11-30,E00432,0,0.0,0.0,2024-11-30T00:00:00Z
2023-12-31,E00432,0,0.0,0.0,2024-12-31T00:00:00Z
2024-01-31,E00432,0,0.0,0.0,2025-01-31T00:00:00Z
2024-02-29,E00432,0,0.0,0.0,2025-03-01T00:00:00Z
2024-03-31,E00432,0,0.0,0.0,2025-04-01T00:00:00Z
2024-04-30,E00432,0,0.0,0.0,2025-05-01T00:00:00Z
2024-05-31,E00432,0,0.0,0.0,2025-06-01T00:00:00Z
2024-06-30,E00432,0,0.0,0.0,2025-07-01T00:00:00Z
2024-07-31,E00432,0,0.0,0.0,2025-08-01T00:00:00Z
2024-08-31,E00432,0,0.0,0.0,2025-09-01T00:00:00Z
2024-09-30,E00432,0,0.0,0.0,2025-10-01T00:00:00Z
2024-10-31,E00432,0,0.0,0.0,2025-11-01T00:00:00Z
2024-11-30,E00432,0,0.0,0.0,2025-12-01T00:00:00Z
2024-12-31,E00432,0,0.0,0.0,2026-01-01T00:00:00Z
2025-01-31,E00432,0,0.0,0.0,2026-02-01T00:00:00Z
2025-02-28,E00432,0,0.0,0.0,2026-03-01T00:00:00Z
2025-03-31,E00432,0,0.0,0.0,2026-04-01T00:00:00Z
2025-04-30,E00432,0,0.0,0.0,2026-05-01T00:00:00Z
2025-05-31,E00432,0,0.0,0.0,2026-06-01T00:00:00Z
2025-06-30,E00432,0,0.0,0.0,2026-07-01T00:00:00Z
2023-07-31,E00433,0,0.0,0.0,2024-07-31T00:00:00Z
2023-08-31,E00433,0,0.0,0.0,2024-08-31T00:00:00Z
2023-09-30,E00433,0,0.0,0.0,2024-09-30T00:00:00Z
2023-10-31,E00433,0,0.0,0.0,2024-10-31T00:00:00Z
2023-11-30,E00433,0,0.0,0.0,2024-11-30T00:00:00Z
2023-12-31,E00433,0,0.0,0.0,2024-12-31T00:00:00Z
2024-01-31,E00433,0,0.0,0.0,2025-01-31T00:00:00Z
2024-02-29,E00433,0,0.0,0.0,2025-03-01T00:00:00Z
2024-03-31,E00433,0,0.0,0.0,2025-04-01T00:00:00Z
2024-04-30,E00433,0,0.0,0.0,2025-05-01T00:00:00Z
2024-05-31,E00433,0,0.0,0.0,2025-06-01T00:00:00Z
2024-06-30,E00433,0,0.0,0.0,2025-07-01T00:00:00Z
2024-07-31,E00433,0,0.0,0.0,2025-08-01T00:00:00Z
2024-08-31,E00433,0,0.0,0.0,2025-09-01T00:00:00Z
2024-09-30,E00433,0,0.0,0.0,2025-10-01T00:00:00Z
2024-10-31,E00433,0,0.0,0.0,2025-11-01T00:00:00Z
2024-11-30,E00433,0,0.0,0.0,2025-12-01T00:00:00Z
2024-12-31,E00433,0,0.0,0.0,2026-01-01T00:00:00Z
2025-01-31,E00433,0,0.0,0.0,2026-02-01T00:00:00Z
2025-02-28,E00433,0,0.0,0.0,2026-03-01T00:00:00Z
2025-03-31,E00433,0,0.0,0.0,2026-04-01T00:00:00Z
2025-04-30,E00433,0,0.0,0.0,2026-05-01T00:00:00Z
2025-05-31,E00433,0,0.0,0.0,2026-06-01T00:00:00Z
2025-06-30,E00433,0,0.0,0.0,2026-07-01T00:00:00Z
2023-07-31,E00434,0,0.0,0.0,2024-07-31T00:00:00Z
2023-08-31,E00434,0,0.0,0.0,2024-08-31T00:00:00Z
2023-09-30,E00434,0,0.0,0.0,2024-09-30T00:00:00Z
2023-10-31,E00434,0,0.0,0.0,2024-10-31T00:00:00Z
2023-11-30,E00434,0,0.0,0.0,2024-11-30T00:00:00Z
2023-12-31,E00434,0,0.0,0.0,2024-12-31T00:00:00Z
2024-01-31,E00434,0,0.0,0.0,2025-01-31T00:00:00Z
2024-02-29,E00434,0,0.0,0.0,2025-03-01T00:00:00Z
2024-03-31,E00434,0,0.0,0.0,2025-04-01T00:00:00Z
2024-04-30,E00434,0,0.0,0.0,2025-05-01T00:00:00Z
2024-05-31,E00434,0,0.0,0.0,2025-06-01T00:00:00Z
2024-06-30,E00434,0,0.0,0.0,2025-07-01T00:00:00Z
2024-07-31,E00434,0,0.0,0.0,2025-08-01T00:00:00Z
2024-08-31,E00434,0,0.0,0.0,2025-09-01T00:00:00Z
2024-09-30,E00434,0,0.0,0.0,2025-10-01T00:00:00Z
2024-10-31,E00434,0,0.0,0.0,2025-11-01T00:00:00Z
2024-11-30,E00434,0,0.0,0.0,2025-12-01T00:00:00Z
2024-12-31,E00434,0,0.0,0.0,2026-01-01T00:00:00Z
2025-01-31,E00434,0,0.0,0.0,2026-02-01T00:00:00Z
2025-02-28,E00434,0,0.0,0.0,2026-03-01T00:00:00Z
2025-03-31,E00434,0,0.0,0.0,2026-04-01T00:00:00Z
2025-04-30,E00434,0,0.0,0.0,2026-05-01T00:00:00Z
2025-05-31,E00434,0,0.0,0.0,2026-06-01T00:00:00Z
2025-06-30,E00434,0,0.0,0.0,2026-07-01T00:00:00Z
2023-07-31,E00435,0,0.0,0.0,2024-07-31T00:00:00Z
2023-08-31,E00435,0,0.0,0.0,2024-08-31T00:00:00Z
2023-09-30,E00435,0,0.0,0.0,2024-09-30T00:00:00Z
2023-10-31,E00435,0,0.0,0.0,2024-10-31T00:00:00Z
2023-11-30,E00435,0,0.0,0.0,2024-11-30T00:00:00Z
2023-12-31,E00435,0,0.0,0.0,2024-12-31T00:00:00Z
2024-01-31,E00435,0,0.0,0.0,2025-01-31T00:00:00Z
2024-02-29,E00435,0,0.0,0.0,2025-03-01T00:00:00Z
2024-03-31,E00435,0,0.0,0.0,2025-04-01T00:00:00Z
2024-04-30,E00435,0,0.0,0.0,2025-05-01T00:00:00Z
2024-05-31,E00435,0,0.0,0.0,2025-06-01T00:00:00Z
2024-06-30,E00435,0,0.0,0.0,2025-07-01T00:00:00Z
2024-07-31,E00435,0,0.0,0.0,2025-08-01T00:00:00Z
2024-08-31,E00435,0,0.0,0.0,2025-09-01T00:00:00Z
2024-09-30,E00435,0,0.0,0.0,2025-10-01T00:00:00Z
2024-10-31,E00435,0,0.0,0.0,2025-11-01T00:00:00Z
2024-11-30,E00435,0,0.0,0.0,2025-12-01T00:00:00Z
2024-12-31,E00435,0,0.0,0.0,2026-01-01T00:00:00Z
2025-01-31,E00435,0,0.0,0.0,2026-02-01T00:00:00Z
2025-02-28,E00435,0,0.0,0.0,2026-03-01T00:00:00Z
2025-03-31,E00435,0,0.0,0.0,2026-04-01T00:00:00Z
2025-04-30,E00435,0,0.0,0.0,2026-05-01T00:00:00Z
2025-05-31,E00435,0,0.0,0.0,2026-06-01T00:00:00Z
2025-06-30,E00435,0,0.0,0.0,2026-07-01T00:00:00Z
2023-07-31,E00436,0,0.0,0.0,2024-07-31T00:00:00Z
2023-08-31,E00436,0,0.0,0.0,2024-08-31T00:00:00Z
2023-09-30,E00436,0,0.0,0.0,2024-09-30T00:00:00Z
2023-10-31,E00436,0,0.0,0.0,2024-10-31T00:00:00Z
2023-11-30,E00436,0,0.0,0.0,2024-11-30T00:00:00Z
2023-12-31,E00436,0,0.0,0.0,2024-12-31T00:00:00Z
2024-01-31,E00436,0,0.0,0.0,2025-01-31T00:00:00Z
2024-02-29,E00436,0,0.0,0.0,2025-03-01T00:00:00Z
2024-03-31,E00436,0,0.0,0.0,2025-04-01T00:00:00Z
2024-04-30,E00436,0,0.0,0.0,2025-05-01T00:00:00Z
2024-05-31,E00436,0,0.0,0.0,2025-06-01T00:00:00Z
2024-06-30,E00436,0,0.0,0.0,2025-07-01T00:00:00Z
2024-07-31,E00436,0,0.0,0.0,2025-08-01T00:00:00Z
2024-08-31,E00436,0,0.0,0.0,2025-09-01T00:00:00Z
2024-09-30,E00436,0,0.0,0.0,2025-10-01T00:00:00Z
2024-10-31,E00436,0,0.0,0.0,2025-11-01T00:00:00Z
2024-11-30,E00436,0,0.0,0.0,2025-12-01T00:00:00Z
2024-12-31,E00436,0,0.0,0.0,2026-01-01T00:00:00Z
2025-01-31,E00436,0,0.0,0.0,2026-02-01T00:00:00Z
2025-02-28,E00436,0,0.0,0.0,2026-03-01T00:00:00Z
2025-03-31,E00436,0,0.0,0.0,2026-04-01T00:00:00Z
2025-04-30,E00436,0,0.0,0.0,2026-05-01T00:00:00Z
2025-05-31,E00436,0,0.0,0.0,2026-06-01T00:00:00Z
2025-06-30,E00436,0,0.0,0.0,2026-07-01T00:00:00Z
2023-07-31,E00437,0,0.0,0.0,2024-07-31T00:00:00Z
2023-08-31,E00437,0,0.0,0.0,2024-08-31T00:00:00Z
2023-09-30,E00437,0,0.0,0.0,2024-09-30T00:00:00Z
2023-10-31,E00437,0,0.0,0.0,2024-10-31T00:00:00Z
2023-11-30,E00437,0,0.0,0.0,2024-11-30T00:00:00Z
2023-12-31,E00437,0,0.0,0.0,2024-12-31T00:00:00Z
2024-01-31,E00437,0,0.0,0.0,2025-01-31T00:00:00Z
2024-02-29,E00437,0,0.0,0.0,2025-03-01T00:00:00Z
2024-03-31,E00437,0,0.0,0.0,2025-04-01T00:00:00Z
2024-04-30,E00437,0,0.0,0.0,2025-05-01T00:00:00Z
2024-05-31,E00437,0,0.0,0.0,2025-06-01T00:00:00Z
2024-06-30,E00437,0,0.0,0.0,2025-07-01T00:00:00Z
2024-07-31,E00437,0,0.0,0.0,2025-08-01T00:00:00Z
2024-08-31,E00437,0,0.0,0.0,2025-09-01T00:00:00Z
2024-09-30,E00437,0,0.0,0.0,2025-10-01T00:00:00Z
2024-10-31,E00437,0,0.0,0.0,2025-11-01T00:00:00Z
2024-11-30,E00437,0,0.0,0.0,2025-12-01T00:00:00Z
2024-12-31,E00437,0,0.0,0.0,2026-01-01T00:00:00Z
2025-01-31,E00437,0,0.0,0.0,2026-02-01T00:00:00Z
2025-02-28,E00437,0,0.0,0.0,2026-03-01T00:00:00Z
2025-03-31,E00437,0,0.0,0.0,2026-04-01T00:00:00Z
2025-04-30,E00437,0,0.0,0.0,2026-05-01T00:00:00Z
2025-05-31,E00437,0,0.0,0.0,2026-06-01T00:00:00Z
2025-06-30,E00437,0,0.0,0.0,2026-07-01T00:00:00Z
2023-07-31,E00438,0,0.0,0.0,2024-07-31T00:00:00Z
2023-08-31,E00438,0,0.0,0.0,2024-08-31T00:00:00Z
2023-09-30,E00438,0,0.0,0.0,2024-09-30T00:00:00Z
2023-10-31,E00438,0,0.0,0.0,2024-10-31T00:00:00Z
2023-11-30,E00438,0,0.0,0.0,2024-11-30T00:00:00Z
2023-12-31,E00438,0,0.0,0.0,2024-12-31T00:00:00Z
2024-01-31,E00438,0,0.0,0.0,2025-01-31T00:00:00Z
2024-02-29,E00438,0,0.0,0.0,2025-03-01T00:00:00Z
2024-03-31,E00438,0,0.0,0.0,2025-04-01T00:00:00Z
2024-04-30,E00438,0,0.0,0.0,2025-05-01T00:00:00Z
2024-05-31,E00438,0,0.0,0.0,2025-06-01T00:00:00Z
2024-06-30,E00438,0,0.0,0.0,2025-07-01T00:00:00Z
2024-07-31,E00438,0,0.0,0.0,2025-08-01T00:00:00Z
2024-08-31,E00438,0,0.0,0.0,2025-09-01T00:00:00Z
2024-09-30,E00438,0,0.0,0.0,2025-10-01T00:00:00Z
2024-10-31,E00438,0,0.0,0.0,2025-11-01T00:00:00Z
2024-11-30,E00438,0,0.0,0.0,2025-12-01T00:00:00Z
2024-12-31,E00438,0,0.0,0.0,2026-01-01T00:00:00Z
2025-01-31,E00438,0,0.0,0.0,2026-02-01T00:00:00Z
2025-02-28,E00438,0,0.0,0.0,2026-03-01T00:00:00Z
2025-03-31,E00438,0,0.0,0.0,2026-04-01T00:00:00Z
2025-04-30,E00438,0,0.0,0.0,2026-05-01T00:00:00Z
2025-05-31,E00438,0,0.0,0.0,2026-06-01T00:00:00Z
2025-06-30,E00438,0,0.0,0.0,2026-07-01T00:00:00Z
2023-07-31,E00439,0,0.0,0.0,2024-07-31T00:00:00Z
2023-08-31,E00439,0,0.0,0.0,2024-08-31T00:00:00Z
2023-09-30,E00439,0,0.0,0.0,2024-09-30T00:00:00Z
2023-10-31,E00439,0,0.0,0.0,2024-10-31T00:00:00Z
2023-11-30,E00439,0,0.0,0.0,2024-11-30T00:00:00Z
2023-12-31,E00439,0,0.0,0.0,2024-12-31T00:00:00Z
2024-01-31,E00439,0,0.0,0.0,2025-01-31T00:00:00Z
2024-02-29,E00439,0,0.0,0.0,2025-03-01T00:00:00Z
2024-03-31,E00439,0,0.0,0.0,2025-04-01T00:00:00Z
2024-04-30,E00439,0,0.0,0.0,2025-05-01T00:00:00Z
2024-05-31,E00439,0,0.0,0.0,2025-06-01T00:00:00Z
2024-06-30,E00439,1,0.045,9447.56,2025-07-01T00:00:00Z
2024-07-31,E00439,1,0.0948,19892.25,2025-08-01T00:00:00Z
2024-08-31,E00439,1,0.0657,13778.78,2025-09-01T00:00:00Z
2024-09-30,E00439,1,0.0435,9127.21,2025-10-01T00:00:00Z
2024-10-31,E00439,1,0.0815,17101.82,2025-11-01T00:00:00Z
2024-11-30,E00439,1,0.0,0.0,2025-12-01T00:00:00Z
2024-12-31,E00439,1,0.1225,25701.83,2026-01-01T00:00:00Z
2025-01-31,E00439,1,0.1258,26386.77,2026-02-01T00:00:00Z
2025-02-28,E00439,1,0.2068,43391.91,2026-03-01T00:00:00Z
2025-03-31,E00439,1,0.0748,15695.0,2026-04-01T00:00:00Z
2025-04-30,E00439,1,0.0639,13407.6,2026-05-01T00:00:00Z
2025-05-31,E00439,1,0.0195,4100.1,2026-06-01T00:00:00Z
2025-06-30,E00439,0,0.0,0.0,2026-07-01T00:00:00Z
2023-07-31,E00440,0,0.0,0.0,2024-07-31T00:00:00Z
2023-08-31,E00440,0,0.0,0.0,2024-08-31T00:00:00Z
2023-09-30,E00440,0,0.0,0.0,2024-09-30T00:00:00Z
2023-10-31,E00440,1,0.1061,17459.7,2024-10-31T00:00:00Z
2023-11-30,E00440,1,0.0244,4011.02,2024-11-30T00:00:00Z
2023-12-31,E00440,1,0.135,22216.87,2024-12-31T00:00:00Z
2024-01-31,E00440,1,0.0626,10291.29,2025-01-31T00:00:00Z
2024-02-29,E00440,1,0.0632,10405.19,2025-03-01T00:00:00Z
2024-03-31,E00440,1,0.0262,4317.93,2025-04-01T00:00:00Z
2024-04-30,E00440,1,0.1124,18497.28,2025-05-01T00:00:00Z
2024-05-31,E00440,1,0.1428,23491.0,2025-06-01T00:00:00Z
2024-06-30,E00440,1,0.0343,5639.55,2025-07-01T00:00:00Z
2024-07-31,E00440,1,0.0849,13967.77,2025-08-01T00:00:00Z
2024-08-31,E00440,1,0.1821,29961.64,2025-09-01T00:00:00Z
2024-09-30,E00440,1,0.0,0.0,2025-10-01T00:00:00Z
2024-10-31,E00440,0,0.0,0.0,2025-11-01T00:00:00Z
2024-11-30,E00440,0,0.0,0.0,2025-12-01T00:00:00Z
2024-12-31,E00440,0,0.0,0.0,2026-01-01T00:00:00Z
2025-01-31,E00440,1,0.1256,21924.16,2026-02-01T00:00:00Z
2025-02-28,E00440,1,0.0644,11235.39,2026-03-01T00:00:00Z
2025-03-31,E00440,1,0.1043,18201.15,2026-04-01T00:00:00Z
2025-04-30,E00440,1,0.0,0.0,2026-05-01T00:00:00Z
2025-05-31,E00440,1,0.0473,8250.8,2026-06-01T00:00:00Z
2025-06-30,E00440,1,0.1276,22272.55,2026-07-01T00:00:00Z
2023-07-31,E00441,0,0.0,0.0,2024-07-31T00:00:00Z
2023-08-31,E00441,0,0.0,0.0,2024-08-31T00:00:00Z
2023-09-30,E00441,0,0.0,0.0,2024-09-30T00:00:00Z
2023-10-31,E00441,0,0.0,0.0,2024-10-31T00:00:00Z
2023-11-30,E00441,0,0.0,0.0,2024-11-30T00:00:00Z
2023-12-31,E00441,0,0.0,0.0,2024-12-31T00:00:00Z
2024-01-31,E00441,0,0.0,0.0,2025-01-31T00:00:00Z
2024-02-29,E00441,0,0.0,0.0,2025-03-01T00:00:00Z
2024-03-31,E00441,0,0.0,0.0,2025-04-01T00:00:00Z
2024-04-30,E00441,0,0.0,0.0,2025-05-01T00:00:00Z
2024-05-31,E00441,0,0.0,0.0,2025-06-01T00:00:00Z
2024-06-30,E00441,0,0.0,0.0,2025-07-01T00:00:00Z
2024-07-31,E00441,0,0.0,0.0,2025-08-01T00:00:00Z
2024-08-31,E00441,0,0.0,0.0,2025-09-01T00:00:00Z
2024-09-30,E00441,0,0.0,0.0,2025-10-01T00:00:00Z
2024-10-31,E00441,0,0.0,0.0,2025-11-01T00:00:00Z
2024-11-30,E00441,0,0.0,0.0,2025-12-01T00:00:00Z
2024-12-31,E00441,0,0.0,0.0,2026-01-01T00:00:00Z
2025-01-31,E00441,0,0.0,0.0,2026-02-01T00:00:00Z
2025-02-28,E00441,0,0.0,0.0,2026-03-01T00:00:00Z
2025-03-31,E00441,0,0.0,0.0,2026-04-01T00:00:00Z
2025-04-30,E00441,0,0.0,0.0,2026-05-01T00:00:00Z
2025-05-31,E00441,0,0.0,0.0,2026-06-01T00:00:00Z
2025-06-30,E00441,0,0.0,0.0,2026-07-01T00:00:00Z
2023-07-31,E00442,0,0.0,0.0,2024-07-31T00:00:00Z
2023-08-31,E00442,0,0.0,0.0,2024-08-31T00:00:00Z
2023-09-30,E00442,0,0.0,0.0,2024-09-30T00:00:00Z
2023-10-31,E00442,0,0.0,0.0,2024-10-31T00:00:00Z
2023-11-30,E00442,0,0.0,0.0,2024-11-30T00:00:00Z
2023-12-31,E00442,0,0.0,0.0,2024-12-31T00:00:00Z
2024-01-31,E00442,0,0.0,0.0,2025-01-31T00:00:00Z
2024-02-29,E00442,0,0.0,0.0,2025-03-01T00:00:00Z
2024-03-31,E00442,0,0.0,0.0,2025-04-01T00:00:00Z
2024-04-30,E00442,0,0.0,0.0,2025-05-01T00:00:00Z
2024-05-31,E00442,0,0.0,0.0,2025-06-01T00:00:00Z
2024-06-30,E00442,0,0.0,0.0,2025-07-01T00:00:00Z
2024-07-31,E00442,0,0.0,0.0,2025-08-01T00:00:00Z
2024-08-31,E00442,0,0.0,0.0,2025-09-01T00:00:00Z
2024-09-30,E00442,0,0.0,0.0,2025-10-01T00:00:00Z
2024-10-31,E00442,0,0.0,0.0,2025-11-01T00:00:00Z
2024-11-30,E00442,0,0.0,0.0,2025-12-01T00:00:00Z
2024-12-31,E00442,0,0.0,0.0,2026-01-01T00:00:00Z
2025-01-31,E00442,0,0.0,0.0,2026-02-01T00:00:00Z
2025-02-28,E00442,1,0.0775,14195.55,2026-03-01T00:00:00Z
2025-03-31,E00442,1,0.1397,25588.55,2026-04-01T00:00:00Z
2025-04-30,E00442,1,0.1412,25854.61,2026-05-01T00:00:00Z
2025-05-31,E00442,1,0.1993,36498.36,2026-06-01T00:00:00Z
2025-06-30,E00442,1,0.14,25638.37,2026-07-01T00:00:00Z
2023-07-31,E00443,0,0.0,0.0,2024-07-31T00:00:00Z
2023-08-31,E00443,0,0.0,0.0,2024-08-31T00:00:00Z
2023-09-30,E00443,0,0.0,0.0,2024-09-30T00:00:00Z
2023-10-31,E00443,0,0.0,0.0,2024-10-31T00:00:00Z
2023-11-30,E00443,0,0.0,0.0,2024-11-30T00:00:00Z
2023-12-31,E00443,0,0.0,0.0,2024-12-31T00:00:00Z
2024-01-31,E00443,0,0.0,0.0,2025-01-31T00:00:00Z
2024-02-29,E00443,0,0.0,0.0,2025-03-01T00:00:00Z
2024-03-31,E00443,0,0.0,0.0,2025-04-01T00:00:00Z
2024-04-30,E00443,0,0.0,0.0,2025-05-01T00:00:00Z
2024-05-31,E00443,0,0.0,0.0,2025-06-01T00:00:00Z
2024-06-30,E00443,0,0.0,0.0,2025-07-01T00:00:00Z
2024-07-31,E00443,0,0.0,0.0,2025-08-01T00:00:00Z
2024-08-31,E00443,0,0.0,0.0,2025-09-01T00:00:00Z
2024-09-30,E00443,0,0.0,0.0,2025-10-01T00:00:00Z
2024-10-31,E00443,0,0.0,0.0,2025-11-01T00:00:00Z
2024-11-30,E00443,0,0.0,0.0,2025-12-01T00:00:00Z
2024-12-31,E00443,0,0.0,0.0,2026-01-01T00:00:00Z
2025-01-31,E00443,0,0.0,0.0,2026-02-01T00:00:00Z
2025-02-28,E00443,0,0.0,0.0,2026-03-01T00:00:00Z
2025-03-31,E00443,0,0.0,0.0,2026-04-01T00:00:00Z
2025-04-30,E00443,0,0.0,0.0,2026-05-01T00:00:00Z
2025-05-31,E00443,0,0.0,0.0,2026-06-01T00:00:00Z
2025-06-30,E00443,0,0.0,0.0,2026-07-01T00:00:00Z
2023-07-31,E00444,0,0.0,0.0,2024-07-31T00:00:00Z
2023-08-31,E00444,0,0.0,0.0,2024-08-31T00:00:00Z
2023-09-30,E00444,0,0.0,0.0,2024-09-30T00:00:00Z
2023-10-31,E00444,0,0.0,0.0,2024-10-31T00:00:00Z
2023-11-30,E00444,0,0.0,0.0,2024-11-30T00:00:00Z
2023-12-31,E00444,0,0.0,0.0,2024-12-31T00:00:00Z
2024-01-31,E00444,0,0.0,0.0,2025-01-31T00:00:00Z
2024-02-29,E00444,0,0.0,0.0,2025-03-01T00:00:00Z
2024-03-31,E00444,0,0.0,0.0,2025-04-01T00:00:00Z
2024-04-30,E00444,0,0.0,0.0,2025-05-01T00:00:00Z
2024-05-31,E00444,0,0.0,0.0,2025-06-01T00:00:00Z
2024-06-30,E00444,0,0.0,0.0,2025-07-01T00:00:00Z
2024-07-31,E00444,0,0.0,0.0,2025-08-01T00:00:00Z
2024-08-31,E00444,0,0.0,0.0,2025-09-01T00:00:00Z
2024-09-30,E00444,0,0.0,0.0,2025-10-01T00:00:00Z
2024-10-31,E00444,0,0.0,0.0,2025-11-01T00:00:00Z
2024-11-30,E00444,0,0.0,0.0,2025-12-01T00:00:00Z
2024-12-31,E00444,0,0.0,0.0,2026-01-01T00:00:00Z
2025-01-31,E00444,0,0.0,0.0,2026-02-01T00:00:00Z
2025-02-28,E00444,0,0.0,0.0,2026-03-01T00:00:00Z
2025-03-31,E00444,0,0.0,0.0,2026-04-01T00:00:00Z
2025-04-30,E00444,0,0.0,0.0,2026-05-01T00:00:00Z
2025-05-31,E00444,0,0.0,0.0,2026-06-01T00:00:00Z
2025-06-30,E00444,0,0.0,0.0,2026-07-01T00:00:00Z
2023-07-31,E00445,0,0.0,0.0,2024-07-31T00:00:00Z
2023-08-31,E00445,0,0.0,0.0,2024-08-31T00:00:00Z
2023-09-30,E00445,0,0.0,0.0,2024-09-30T00:00:00Z
2023-10-31,E00445,0,0.0,0.0,2024-10-31T00:00:00Z
2023-11-30,E00445,0,0.0,0.0,2024-11-30T00:00:00Z
2023-12-31,E00445,0,0.0,0.0,2024-12-31T00:00:00Z
2024-01-31,E00445,0,0.0,0.0,2025-01-31T00:00:00Z
2024-02-29,E00445,0,0.0,0.0,2025-03-01T00:00:00Z
2024-03-31,E00445,0,0.0,0.0,2025-04-01T00:00:00Z
2024-04-30,E00445,0,0.0,0.0,2025-05-01T00:00:00Z
2024-05-31,E00445,0,0.0,0.0,2025-06-01T00:00:00Z
2024-06-30,E00445,0,0.0,0.0,2025-07-01T00:00:00Z
2024-07-31,E00445,0,0.0,0.0,2025-08-01T00:00:00Z
2024-08-31,E00445,0,0.0,0.0,2025-09-01T00:00:00Z
2024-09-30,E00445,0,0.0,0.0,2025-10-01T00:00:00Z
2024-10-31,E00445,0,0.0,0.0,2025-11-01T00:00:00Z
2024-11-30,E00445,0,0.0,0.0,2025-12-01T00:00:00Z
2024-12-31,E00445,0,0.0,0.0,2026-01-01T00:00:00Z
2025-01-31,E00445,0,0.0,0.0,2026-02-01T00:00:00Z
2025-02-28,E00445,0,0.0,0.0,2026-03-01T00:00:00Z
2025-03-31,E00445,0,0.0,0.0,2026-04-01T00:00:00Z
2025-04-30,E00445,0,0.0,0.0,2026-05-01T00:00:00Z
2025-05-31,E00445,0,0.0,0.0,2026-06-01T00:00:00Z
2025-06-30,E00445,0,0.0,0.0,2026-07-01T00:00:00Z
2023-07-31,E00446,0,0.0,0.0,2024-07-31T00:00:00Z
2023-08-31,E00446,0,0.0,0.0,2024-08-31T00:00:00Z
2023-09-30,E00446,0,0.0,0.0,2024-09-30T00:00:00Z
2023-10-31,E00446,0,0.0,0.0,2024-10-31T00:00:00Z
2023-11-30,E00446,0,0.0,0.0,2024-11-30T00:00:00Z
2023-12-31,E00446,0,0.0,0.0,2024-12-31T00:00:00Z
2024-01-31,E00446,0,0.0,0.0,2025-01-31T00:00:00Z
2024-02-29,E00446,0,0.0,0.0,2025-03-01T00:00:00Z
2024-03-31,E00446,0,0.0,0.0,2025-04-01T00:00:00Z
2024-04-30,E00446,0,0.0,0.0,2025-05-01T00:00:00Z
2024-05-31,E00446,0,0.0,0.0,2025-06-01T00:00:00Z
2024-06-30,E00446,0,0.0,0.0,2025-07-01T00:00:00Z
2024-07-31,E00446,0,0.0,0.0,2025-08-01T00:00:00Z
2024-08-31,E00446,0,0.0,0.0,2025-09-01T00:00:00Z
2024-09-30,E00446,0,0.0,0.0,2025-10-01T00:00:00Z
2024-10-31,E00446,0,0.0,0.0,2025-11-01T00:00:00Z
2024-11-30,E00446,0,0.0,0.0,2025-12-01T00:00:00Z
2024-12-31,E00446,0,0.0,0.0,2026-01-01T00:00:00Z
2025-01-31,E00446,0,0.0,0.0,2026-02-01T00:00:00Z
2025-02-28,E00446,0,0.0,0.0,2026-03-01T00:00:00Z
2025-03-31,E00446,0,0.0,0.0,2026-04-01T00:00:00Z
2025-04-30,E00446,0,0.0,0.0,2026-05-01T00:00:00Z
2025-05-31,E00446,0,0.0,0.0,2026-06-01T00:00:00Z
2025-06-30,E00446,0,0.0,0.0,2026-07-01T00:00:00Z
2023-07-31,E00447,0,0.0,0.0,2024-07-31T00:00:00Z
2023-08-31,E00447,0,0.0,0.0,2024-08-31T00:00:00Z
2023-09-30,E00447,0,0.0,0.0,2024-09-30T00:00:00Z
2023-10-31,E00447,0,0.0,0.0,2024-10-31T00:00:00Z
2023-11-30,E00447,0,0.0,0.0,2024-11-30T00:00:00Z
2023-12-31,E00447,0,0.0,0.0,2024-12-31T00:00:00Z
2024-01-31,E00447,0,0.0,0.0,2025-01-31T00:00:00Z
2024-02-29,E00447,0,0.0,0.0,2025-03-01T00:00:00Z
2024-03-31,E00447,0,0.0,0.0,2025-04-01T00:00:00Z
2024-04-30,E00447,0,0.0,0.0,2025-05-01T00:00:00Z
2024-05-31,E00447,0,0.0,0.0,2025-06-01T00:00:00Z
2024-06-30,E00447,0,0.0,0.0,2025-07-01T00:00:00Z
2024-07-31,E00447,0,0.0,0.0,2025-08-01T00:00:00Z
2024-08-31,E00447,0,0.0,0.0,2025-09-01T00:00:00Z
2024-09-30,E00447,0,0.0,0.0,2025-10-01T00:00:00Z
2024-10-31,E00447,0,0.0,0.0,2025-11-01T00:00:00Z
2024-11-30,E00447,0,0.0,0.0,2025-12-01T00:00:00Z
2024-12-31,E00447,0,0.0,0.0,2026-01-01T00:00:00Z
2025-01-31,E00447,0,0.0,0.0,2026-02-01T00:00:00Z
2025-02-28,E00447,0,0.0,0.0,2026-03-01T00:00:00Z
2025-03-31,E00447,0,0.0,0.0,2026-04-01T00:00:00Z
2025-04-30,E00447,0,0.0,0.0,2026-05-01T00:00:00Z
2025-05-31,E00447,0,0.0,0.0,2026-06-01T00:00:00Z
2025-06-30,E00447,0,0.0,0.0,2026-07-01T00:00:00Z
2023-07-31,E00448,0,0.0,0.0,2024-07-31T00:00:00Z
2023-08-31,E00448,0,0.0,0.0,2024-08-31T00:00:00Z
2023-09-30,E00448,0,0.0,0.0,2024-09-30T00:00:00Z
2023-10-31,E00448,0,0.0,0.0,2024-10-31T00:00:00Z
2023-11-30,E00448,0,0.0,0.0,2024-11-30T00:00:00Z
2023-12-31,E00448,0,0.0,0.0,2024-12-31T00:00:00Z
2024-01-31,E00448,0,0.0,0.0,2025-01-31T00:00:00Z
2024-02-29,E00448,0,0.0,0.0,2025-03-01T00:00:00Z
2024-03-31,E00448,0,0.0,0.0,2025-04-01T00:00:00Z
2024-04-30,E00448,0,0.0,0.0,2025-05-01T00:00:00Z
2024-05-31,E00448,0,0.0,0.0,2025-06-01T00:00:00Z
2024-06-30,E00448,0,0.0,0.0,2025-07-01T00:00:00Z
2024-07-31,E00448,0,0.0,0.0,2025-08-01T00:00:00Z
2024-08-31,E00448,0,0.0,0.0,2025-09-01T00:00:00Z
2024-09-30,E00448,0,0.0,0.0,2025-10-01T00:00:00Z
2024-10-31,E00448,0,0.0,0.0,2025-11-01T00:00:00Z
2024-11-30,E00448,0,0.0,0.0,2025-12-01T00:00:00Z
2024-12-31,E00448,0,0.0,0.0,2026-01-01T00:00:00Z
2025-01-31,E00448,0,0.0,0.0,2026-02-01T00:00:00Z
2025-02-28,E00448,0,0.0,0.0,2026-03-01T00:00:00Z
2025-03-31,E00448,0,0.0,0.0,2026-04-01T00:00:00Z
2025-04-30,E00448,0,0.0,0.0,2026-05-01T00:00:00Z
2025-05-31,E00448,0,0.0,0.0,2026-06-01T00:00:00Z
2025-06-30,E00448,0,0.0,0.0,2026-07-01T00:00:00Z
2023-07-31,E00449,0,0.0,0.0,2024-07-31T00:00:00Z
2023-08-31,E00449,0,0.0,0.0,2024-08-31T00:00:00Z
2023-09-30,E00449,0,0.0,0.0,2024-09-30T00:00:00Z
2023-10-31,E00449,0,0.0,0.0,2024-10-31T00:00:00Z
2023-11-30,E00449,0,0.0,0.0,2024-11-30T00:00:00Z
2023-12-31,E00449,0,0.0,0.0,2024-12-31T00:00:00Z
2024-01-31,E00449,0,0.0,0.0,2025-01-31T00:00:00Z
2024-02-29,E00449,0,0.0,0.0,2025-03-01T00:00:00Z
2024-03-31,E00449,0,0.0,0.0,2025-04-01T00:00:00Z
2024-04-30,E00449,0,0.0,0.0,2025-05-01T00:00:00Z
2024-05-31,E00449,0,0.0,0.0,2025-06-01T00:00:00Z
2024-06-30,E00449,0,0.0,0.0,2025-07-01T00:00:00Z
2024-07-31,E00449,0,0.0,0.0,2025-08-01T00:00:00Z
2024-08-31,E00449,0,0.0,0.0,2025-09-01T00:00:00Z
2024-09-30,E00449,0,0.0,0.0,2025-10-01T00:00:00Z
2024-10-31,E00449,0,0.0,0.0,2025-11-01T00:00:00Z
2024-11-30,E00449,0,0.0,0.0,2025-12-01T00:00:00Z
2024-12-31,E00449,0,0.0,0.0,2026-01-01T00:00:00Z
2025-01-31,E00449,0,0.0,0.0,2026-02-01T00:00:00Z
2025-02-28,E00449,0,0.0,0.0,2026-03-01T00:00:00Z
2025-03-31,E00449,0,0.0,0.0,2026-04-01T00:00:00Z
2025-04-30,E00449,0,0.0,0.0,2026-05-01T00:00:00Z
2025-05-31,E00449,0,0.0,0.0,2026-06-01T00:00:00Z
2025-06-30,E00449,0,0.0,0.0,2026-07-01T00:00:00Z
2023-07-31,E00450,0,0.0,0.0,2024-07-31T00:00:00Z
2023-08-31,E00450,0,0.0,0.0,2024-08-31T00:00:00Z
2023-09-30,E00450,0,0.0,0.0,2024-09-30T00:00:00Z
2023-10-31,E00450,0,0.0,0.0,2024-10-31T00:00:00Z
2023-11-30,E00450,0,0.0,0.0,2024-11-30T00:00:00Z
2023-12-31,E00450,0,0.0,0.0,2024-12-31T00:00:00Z
2024-01-31,E00450,0,0.0,0.0,2025-01-31T00:00:00Z
2024-02-29,E00450,0,0.0,0.0,2025-03-01T00:00:00Z
2024-03-31,E00450,0,0.0,0.0,2025-04-01T00:00:00Z
2024-04-30,E00450,0,0.0,0.0,2025-05-01T00:00:00Z
2024-05-31,E00450,0,0.0,0.0,2025-06-01T00:00:00Z
2024-06-30,E00450,0,0.0,0.0,2025-07-01T00:00:00Z
2024-07-31,E00450,0,0.0,0.0,2025-08-01T00:00:00Z
2024-08-31,E00450,0,0.0,0.0,2025-09-01T00:00:00Z
2024-09-30,E00450,0,0.0,0.0,2025-10-01T00:00:00Z
2024-10-31,E00450,0,0.0,0.0,2025-11-01T00:00:00Z
2024-11-30,E00450,0,0.0,0.0,2025-12-01T00:00:00Z
2024-12-31,E00450,0,0.0,0.0,2026-01-01T00:00:00Z
2025-01-31,E00450,0,0.0,0.0,2026-02-01T00:00:00Z
2025-02-28,E00450,0,0.0,0.0,2026-03-01T00:00:00Z
2025-03-31,E00450,0,0.0,0.0,2026-04-01T00:00:00Z
2025-04-30,E00450,0,0.0,0.0,2026-05-01T00:00:00Z
2025-05-31,E00450,0,0.0,0.0,2026-06-01T00:00:00Z
2025-06-30,E00450,0,0.0,0.0,2026-07-01T00:00:00Z
2023-07-31,E00451,0,0.0,0.0,2024-07-31T00:00:00Z
2023-08-31,E00451,0,0.0,0.0,2024-08-31T00:00:00Z
2023-09-30,E00451,0,0.0,0.0,2024-09-30T00:00:00Z
2023-10-31,E00451,0,0.0,0.0,2024-10-31T00:00:00Z
2023-11-30,E00451,0,0.0,0.0,2024-11-30T00:00:00Z
2023-12-31,E00451,0,0.0,0.0,2024-12-31T00:00:00Z
2024-01-31,E00451,0,0.0,0.0,2025-01-31T00:00:00Z
2024-02-29,E00451,0,0.0,0.0,2025-03-01T00:00:00Z
2024-03-31,E00451,0,0.0,0.0,2025-04-01T00:00:00Z
2024-04-30,E00451,1,0.0,0.0,2025-05-01T00:00:00Z
2024-05-31,E00451,1,0.093,20933.85,2025-06-01T00:00:00Z
2024-06-30,E00451,1,0.0646,14546.62,2025-07-01T00:00:00Z
2024-07-31,E00451,1,0.065,14637.33,2025-08-01T00:00:00Z
2024-08-31,E00451,1,0.1323,29785.26,2025-09-01T00:00:00Z
2024-09-30,E00451,1,0.0462,10396.27,2025-10-01T00:00:00Z
2024-10-31,E00451,1,0.08,18014.42,2025-11-01T00:00:00Z
2024-11-30,E00451,1,0.0335,7545.15,2025-12-01T00:00:00Z
2024-12-31,E00451,1,0.0,0.0,2026-01-01T00:00:00Z
2025-01-31,E00451,1,0.0915,20595.53,2026-02-01T00:00:00Z
2025-02-28,E00451,1,0.0327,7367.34,2026-03-01T00:00:00Z
2025-03-31,E00451,1,0.0578,13010.07,2026-04-01T00:00:00Z
2025-04-30,E00451,0,0.0,0.0,2026-05-01T00:00:00Z
2025-05-31,E00451,0,0.0,0.0,2026-06-01T00:00:00Z
2025-06-30,E00451,0,0.0,0.0,2026-07-01T00:00:00Z
2023-07-31,E00452,0,0.0,0.0,2024-07-31T00:00:00Z
2023-08-31,E00452,0,0.0,0.0,2024-08-31T00:00:00Z
2023-09-30,E00452,0,0.0,0.0,2024-09-30T00:00:00Z
2023-10-31,E00452,0,0.0,0.0,2024-10-31T00:00:00Z
2023-11-30,E00452,0,0.0,0.0,2024-11-30T00:00:00Z
2023-12-31,E00452,0,0.0,0.0,2024-12-31T00:00:00Z
2024-01-31,E00452,0,0.0,0.0,2025-01-31T00:00:00Z
2024-02-29,E00452,0,0.0,0.0,2025-03-01T00:00:00Z
2024-03-31,E00452,0,0.0,0.0,2025-04-01T00:00:00Z
2024-04-30,E00452,0,0.0,0.0,2025-05-01T00:00:00Z
2024-05-31,E00452,0,0.0,0.0,2025-06-01T00:00:00Z
2024-06-30,E00452,0,0.0,0.0,2025-07-01T00:00:00Z
2024-07-31,E00452,0,0.0,0.0,2025-08-01T00:00:00Z
2024-08-31,E00452,0,0.0,0.0,2025-09-01T00:00:00Z
2024-09-30,E00452,0,0.0,0.0,2025-10-01T00:00:00Z
2024-10-31,E00452,0,0.0,0.0,2025-11-01T00:00:00Z
2024-11-30,E00452,0,0.0,0.0,2025-12-01T00:00:00Z
2024-12-31,E00452,0,0.0,0.0,2026-01-01T00:00:00Z
2025-01-31,E00452,0,0.0,0.0,2026-02-01T00:00:00Z
2025-02-28,E00452,0,0.0,0.0,2026-03-01T00:00:00Z
2025-03-31,E00452,0,0.0,0.0,2026-04-01T00:00:00Z
2025-04-30,E00452,0,0.0,0.0,2026-05-01T00:00:00Z
2025-05-31,E00452,0,0.0,0.0,2026-06-01T00:00:00Z
2025-06-30,E00452,0,0.0,0.0,2026-07-01T00:00:00Z
2023-07-31,E00453,0,0.0,0.0,2024-07-31T00:00:00Z
2023-08-31,E00453,0,0.0,0.0,2024-08-31T00:00:00Z
2023-09-30,E00453,0,0.0,0.0,2024-09-30T00:00:00Z
2023-10-31,E00453,0,0.0,0.0,2024-10-31T00:00:00Z
2023-11-30,E00453,0,0.0,0.0,2024-11-30T00:00:00Z
2023-12-31,E00453,0,0.0,0.0,2024-12-31T00:00:00Z
2024-01-31,E00453,0,0.0,0.0,2025-01-31T00:00:00Z
2024-02-29,E00453,0,0.0,0.0,2025-03-01T00:00:00Z
2024-03-31,E00453,0,0.0,0.0,2025-04-01T00:00:00Z
2024-04-30,E00453,0,0.0,0.0,2025-05-01T00:00:00Z
2024-05-31,E00453,0,0.0,0.0,2025-06-01T00:00:00Z
2024-06-30,E00453,0,0.0,0.0,2025-07-01T00:00:00Z
2024-07-31,E00453,0,0.0,0.0,2025-08-01T00:00:00Z
2024-08-31,E00453,0,0.0,0.0,2025-09-01T00:00:00Z
2024-09-30,E00453,0,0.0,0.0,2025-10-01T00:00:00Z
2024-10-31,E00453,0,0.0,0.0,2025-11-01T00:00:00Z
2024-11-30,E00453,0,0.0,0.0,2025-12-01T00:00:00Z
2024-12-31,E00453,0,0.0,0.0,2026-01-01T00:00:00Z
2025-01-31,E00453,0,0.0,0.0,2026-02-01T00:00:00Z
2025-02-28,E00453,0,0.0,0.0,2026-03-01T00:00:00Z
2025-03-31,E00453,0,0.0,0.0,2026-04-01T00:00:00Z
2025-04-30,E00453,0,0.0,0.0,2026-05-01T00:00:00Z
2025-05-31,E00453,0,0.0,0.0,2026-06-01T00:00:00Z
2025-06-30,E00453,0,0.0,0.0,2026-07-01T00:00:00Z
2023-07-31,E00454,0,0.0,0.0,2024-07-31T00:00:00Z
2023-08-31,E00454,0,0.0,0.0,2024-08-31T00:00:00Z
2023-09-30,E00454,0,0.0,0.0,2024-09-30T00:00:00Z
2023-10-31,E00454,0,0.0,0.0,2024-10-31T00:00:00Z
2023-11-30,E00454,0,0.0,0.0,2024-11-30T00:00:00Z
2023-12-31,E00454,0,0.0,0.0,2024-12-31T00:00:00Z
2024-01-31,E00454,0,0.0,0.0,2025-01-31T00:00:00Z
2024-02-29,E00454,0,0.0,0.0,2025-03-01T00:00:00Z
2024-03-31,E00454,0,0.0,0.0,2025-04-01T00:00:00Z
2024-04-30,E00454,0,0.0,0.0,2025-05-01T00:00:00Z
2024-05-31,E00454,0,0.0,0.0,2025-06-01T00:00:00Z
2024-06-30,E00454,0,0.0,0.0,2025-07-01T00:00:00Z
2024-07-31,E00454,0,0.0,0.0,2025-08-01T00:00:00Z
2024-08-31,E00454,0,0.0,0.0,2025-09-01T00:00:00Z
2024-09-30,E00454,0,0.0,0.0,2025-10-01T00:00:00Z
2024-10-31,E00454,0,0.0,0.0,2025-11-01T00:00:00Z
2024-11-30,E00454,0,0.0,0.0,2025-12-01T00:00:00Z
2024-12-31,E00454,0,0.0,0.0,2026-01-01T00:00:00Z
2025-01-31,E00454,0,0.0,0.0,2026-02-01T00:00:00Z
2025-02-28,E00454,0,0.0,0.0,2026-03-01T00:00:00Z
2025-03-31,E00454,0,0.0,0.0,2026-04-01T00:00:00Z
2025-04-30,E00454,0,0.0,0.0,2026-05-01T00:00:00Z
2025-05-31,E00454,0,0.0,0.0,2026-06-01T00:00:00Z
2025-06-30,E00454,0,0.0,0.0,2026-07-01T00:00:00Z
2023-07-31,E00455,0,0.0,0.0,2024-07-31T00:00:00Z
2023-08-31,E00455,0,0.0,0.0,2024-08-31T00:00:00Z
2023-09-30,E00455,0,0.0,0.0,2024-09-30T00:00:00Z
2023-10-31,E00455,0,0.0,0.0,2024-10-31T00:00:00Z
2023-11-30,E00455,0,0.0,0.0,2024-11-30T00:00:00Z
2023-12-31,E00455,0,0.0,0.0,2024-12-31T00:00:00Z
2024-01-31,E00455,0,0.0,0.0,2025-01-31T00:00:00Z
2024-02-29,E00455,0,0.0,0.0,2025-03-01T00:00:00Z
2024-03-31,E00455,0,0.0,0.0,2025-04-01T00:00:00Z
2024-04-30,E00455,0,0.0,0.0,2025-05-01T00:00:00Z
2024-05-31,E00455,0,0.0,0.0,2025-06-01T00:00:00Z
2024-06-30,E00455,0,0.0,0.0,2025-07-01T00:00:00Z
2024-07-31,E00455,0,0.0,0.0,2025-08-01T00:00:00Z
2024-08-31,E00455,0,0.0,0.0,2025-09-01T00:00:00Z
2024-09-30,E00455,0,0.0,0.0,2025-10-01T00:00:00Z
2024-10-31,E00455,0,0.0,0.0,2025-11-01T00:00:00Z
2024-11-30,E00455,0,0.0,0.0,2025-12-01T00:00:00Z
2024-12-31,E00455,0,0.0,0.0,2026-01-01T00:00:00Z
2025-01-31,E00455,0,0.0,0.0,2026-02-01T00:00:00Z
2025-02-28,E00455,0,0.0,0.0,2026-03-01T00:00:00Z
2025-03-31,E00455,0,0.0,0.0,2026-04-01T00:00:00Z
2025-04-30,E00455,0,0.0,0.0,2026-05-01T00:00:00Z
2025-05-31,E00455,0,0.0,0.0,2026-06-01T00:00:00Z
2025-06-30,E00455,0,0.0,0.0,2026-07-01T00:00:00Z
2023-07-31,E00456,0,0.0,0.0,2024-07-31T00:00:00Z
2023-08-31,E00456,0,0.0,0.0,2024-08-31T00:00:00Z
2023-09-30,E00456,0,0.0,0.0,2024-09-30T00:00:00Z
2023-10-31,E00456,0,0.0,0.0,2024-10-31T00:00:00Z
2023-11-30,E00456,0,0.0,0.0,2024-11-30T00:00:00Z
2023-12-31,E00456,0,0.0,0.0,2024-12-31T00:00:00Z
2024-01-31,E00456,0,0.0,0.0,2025-01-31T00:00:00Z
2024-02-29,E00456,0,0.0,0.0,2025-03-01T00:00:00Z
2024-03-31,E00456,0,0.0,0.0,2025-04-01T00:00:00Z
2024-04-30,E00456,0,0.0,0.0,2025-05-01T00:00:00Z
2024-05-31,E00456,0,0.0,0.0,2025-06-01T00:00:00Z
2024-06-30,E00456,0,0.0,0.0,2025-07-01T00:00:00Z
2024-07-31,E00456,0,0.0,0.0,2025-08-01T00:00:00Z
2024-08-31,E00456,0,0.0,0.0,2025-09-01T00:00:00Z
2024-09-30,E00456,0,0.0,0.0,2025-10-01T00:00:00Z
2024-10-31,E00456,0,0.0,0.0,2025-11-01T00:00:00Z
2024-11-30,E00456,0,0.0,0.0,2025-12-01T00:00:00Z
2024-12-31,E00456,0,0.0,0.0,2026-01-01T00:00:00Z
2025-01-31,E00456,0,0.0,0.0,2026-02-01T00:00:00Z
2025-02-28,E00456,0,0.0,0.0,2026-03-01T00:00:00Z
2025-03-31,E00456,1,0.037,841.29,2026-04-01T00:00:00Z
2025-04-30,E00456,1,0.0803,1823.08,2026-05-01T00:00:00Z
2025-05-31,E00456,1,0.0865,1963.66,2026-06-01T00:00:00Z
2025-06-30,E00456,1,0.0541,1228.2,2026-07-01T00:00:00Z
2023-07-31,E00457,0,0.0,0.0,2024-07-31T00:00:00Z
2023-08-31,E00457,0,0.0,0.0,2024-08-31T00:00:00Z
2023-09-30,E00457,0,0.0,0.0,2024-09-30T00:00:00Z
2023-10-31,E00457,0,0.0,0.0,2024-10-31T00:00:00Z
2023-11-30,E00457,0,0.0,0.0,2024-11-30T00:00:00Z
2023-12-31,E00457,0,0.0,0.0,2024-12-31T00:00:00Z
2024-01-31,E00457,0,0.0,0.0,2025-01-31T00:00:00Z
2024-02-29,E00457,0,0.0,0.0,2025-03-01T00:00:00Z
2024-03-31,E00457,0,0.0,0.0,2025-04-01T00:00:00Z
2024-04-30,E00457,0,0.0,0.0,2025-05-01T00:00:00Z
2024-05-31,E00457,0,0.0,0.0,2025-06-01T00:00:00Z
2024-06-30,E00457,0,0.0,0.0,2025-07-01T00:00:00Z
2024-07-31,E00457,0,0.0,0.0,2025-08-01T00:00:00Z
2024-08-31,E00457,0,0.0,0.0,2025-09-01T00:00:00Z
2024-09-30,E00457,0,0.0,0.0,2025-10-01T00:00:00Z
2024-10-31,E00457,0,0.0,0.0,2025-11-01T00:00:00Z
2024-11-30,E00457,0,0.0,0.0,2025-12-01T00:00:00Z
2024-12-31,E00457,0,0.0,0.0,2026-01-01T00:00:00Z
2025-01-31,E00457,0,0.0,0.0,2026-02-01T00:00:00Z
2025-02-28,E00457,0,0.0,0.0,2026-03-01T00:00:00Z
2025-03-31,E00457,0,0.0,0.0,2026-04-01T00:00:00Z
2025-04-30,E00457,0,0.0,0.0,2026-05-01T00:00:00Z
2025-05-31,E00457,0,0.0,0.0,2026-06-01T00:00:00Z
2025-06-30,E00457,0,0.0,0.0,2026-07-01T00:00:00Z
2023-07-31,E00458,0,0.0,0.0,2024-07-31T00:00:00Z
2023-08-31,E00458,0,0.0,0.0,2024-08-31T00:00:00Z
2023-09-30,E00458,0,0.0,0.0,2024-09-30T00:00:00Z
2023-10-31,E00458,0,0.0,0.0,2024-10-31T00:00:00Z
2023-11-30,E00458,0,0.0,0.0,2024-11-30T00:00:00Z
2023-12-31,E00458,0,0.0,0.0,2024-12-31T00:00:00Z
2024-01-31,E00458,0,0.0,0.0,2025-01-31T00:00:00Z
2024-02-29,E00458,0,0.0,0.0,2025-03-01T00:00:00Z
2024-03-31,E00458,0,0.0,0.0,2025-04-01T00:00:00Z
2024-04-30,E00458,0,0.0,0.0,2025-05-01T00:00:00Z
2024-05-31,E00458,0,0.0,0.0,2025-06-01T00:00:00Z
2024-06-30,E00458,0,0.0,0.0,2025-07-01T00:00:00Z
2024-07-31,E00458,0,0.0,0.0,2025-08-01T00:00:00Z
2024-08-31,E00458,0,0.0,0.0,2025-09-01T00:00:00Z
2024-09-30,E00458,0,0.0,0.0,2025-10-01T00:00:00Z
2024-10-31,E00458,0,0.0,0.0,2025-11-01T00:00:00Z
2024-11-30,E00458,0,0.0,0.0,2025-12-01T00:00:00Z
2024-12-31,E00458,0,0.0,0.0,2026-01-01T00:00:00Z
2025-01-31,E00458,0,0.0,0.0,2026-02-01T00:00:00Z
2025-02-28,E00458,0,0.0,0.0,2026-03-01T00:00:00Z
2025-03-31,E00458,0,0.0,0.0,2026-04-01T00:00:00Z
2025-04-30,E00458,0,0.0,0.0,2026-05-01T00:00:00Z
2025-05-31,E00458,0,0.0,0.0,2026-06-01T00:00:00Z
2025-06-30,E00458,0,0.0,0.0,2026-07-01T00:00:00Z
2023-07-31,E00459,0,0.0,0.0,2024-07-31T00:00:00Z
2023-08-31,E00459,0,0.0,0.0,2024-08-31T00:00:00Z
2023-09-30,E00459,0,0.0,0.0,2024-09-30T00:00:00Z
2023-10-31,E00459,0,0.0,0.0,2024-10-31T00:00:00Z
2023-11-30,E00459,0,0.0,0.0,2024-11-30T00:00:00Z
2023-12-31,E00459,0,0.0,0.0,2024-12-31T00:00:00Z
2024-01-31,E00459,0,0.0,0.0,2025-01-31T00:00:00Z
2024-02-29,E00459,0,0.0,0.0,2025-03-01T00:00:00Z
2024-03-31,E00459,0,0.0,0.0,2025-04-01T00:00:00Z
2024-04-30,E00459,0,0.0,0.0,2025-05-01T00:00:00Z
2024-05-31,E00459,0,0.0,0.0,2025-06-01T00:00:00Z
2024-06-30,E00459,0,0.0,0.0,2025-07-01T00:00:00Z
2024-07-31,E00459,0,0.0,0.0,2025-08-01T00:00:00Z
2024-08-31,E00459,0,0.0,0.0,2025-09-01T00:00:00Z
2024-09-30,E00459,0,0.0,0.0,2025-10-01T00:00:00Z
2024-10-31,E00459,0,0.0,0.0,2025-11-01T00:00:00Z
2024-11-30,E00459,0,0.0,0.0,2025-12-01T00:00:00Z
2024-12-31,E00459,0,0.0,0.0,2026-01-01T00:00:00Z
2025-01-31,E00459,0,0.0,0.0,2026-02-01T00:00:00Z
2025-02-28,E00459,0,0.0,0.0,2026-03-01T00:00:00Z
2025-03-31,E00459,0,0.0,0.0,2026-04-01T00:00:00Z
2025-04-30,E00459,0,0.0,0.0,2026-05-01T00:00:00Z
2025-05-31,E00459,0,0.0,0.0,2026-06-01T00:00:00Z
2025-06-30,E00459,0,0.0,0.0,2026-07-01T00:00:00Z
2023-07-31,E00460,0,0.0,0.0,2024-07-31T00:00:00Z
2023-08-31,E00460,0,0.0,0.0,2024-08-31T00:00:00Z
2023-09-30,E00460,0,0.0,0.0,2024-09-30T00:00:00Z
2023-10-31,E00460,0,0.0,0.0,2024-10-31T00:00:00Z
2023-11-30,E00460,0,0.0,0.0,2024-11-30T00:00:00Z
2023-12-31,E00460,0,0.0,0.0,2024-12-31T00:00:00Z
2024-01-31,E00460,0,0.0,0.0,2025-01-31T00:00:00Z
2024-02-29,E00460,0,0.0,0.0,2025-03-01T00:00:00Z
2024-03-31,E00460,0,0.0,0.0,2025-04-01T00:00:00Z
2024-04-30,E00460,0,0.0,0.0,2025-05-01T00:00:00Z
2024-05-31,E00460,0,0.0,0.0,2025-06-01T00:00:00Z
2024-06-30,E00460,0,0.0,0.0,2025-07-01T00:00:00Z
2024-07-31,E00460,0,0.0,0.0,2025-08-01T00:00:00Z
2024-08-31,E00460,0,0.0,0.0,2025-09-01T00:00:00Z
2024-09-30,E00460,0,0.0,0.0,2025-10-01T00:00:00Z
2024-10-31,E00460,0,0.0,0.0,2025-11-01T00:00:00Z
2024-11-30,E00460,0,0.0,0.0,2025-12-01T00:00:00Z
2024-12-31,E00460,0,0.0,0.0,2026-01-01T00:00:00Z
2025-01-31,E00460,0,0.0,0.0,2026-02-01T00:00:00Z
2025-02-28,E00460,0,0.0,0.0,2026-03-01T00:00:00Z
2025-03-31,E00460,0,0.0,0.0,2026-04-01T00:00:00Z
2025-04-30,E00460,0,0.0,0.0,2026-05-01T00:00:00Z
2025-05-31,E00460,0,0.0,0.0,2026-06-01T00:00:00Z
2025-06-30,E00460,0,0.0,0.0,2026-07-01T00:00:00Z
2023-07-31,E00461,0,0.0,0.0,2024-07-31T00:00:00Z
2023-08-31,E00461,0,0.0,0.0,2024-08-31T00:00:00Z
2023-09-30,E00461,0,0.0,0.0,2024-09-30T00:00:00Z
2023-10-31,E00461,0,0.0,0.0,2024-10-31T00:00:00Z
2023-11-30,E00461,0,0.0,0.0,2024-11-30T00:00:00Z
2023-12-31,E00461,0,0.0,0.0,2024-12-31T00:00:00Z
2024-01-31,E00461,0,0.0,0.0,2025-01-31T00:00:00Z
2024-02-29,E00461,0,0.0,0.0,2025-03-01T00:00:00Z
2024-03-31,E00461,0,0.0,0.0,2025-04-01T00:00:00Z
2024-04-30,E00461,0,0.0,0.0,2025-05-01T00:00:00Z
2024-05-31,E00461,0,0.0,0.0,2025-06-01T00:00:00Z
2024-06-30,E00461,0,0.0,0.0,2025-07-01T00:00:00Z
2024-07-31,E00461,0,0.0,0.0,2025-08-01T00:00:00Z
2024-08-31,E00461,0,0.0,0.0,2025-09-01T00:00:00Z
2024-09-30,E00461,0,0.0,0.0,2025-10-01T00:00:00Z
2024-10-31,E00461,0,0.0,0.0,2025-11-01T00:00:00Z
2024-11-30,E00461,0,0.0,0.0,2025-12-01T00:00:00Z
2024-12-31,E00461,0,0.0,0.0,2026-01-01T00:00:00Z
2025-01-31,E00461,0,0.0,0.0,2026-02-01T00:00:00Z
2025-02-28,E00461,0,0.0,0.0,2026-03-01T00:00:00Z
2025-03-31,E00461,0,0.0,0.0,2026-04-01T00:00:00Z
2025-04-30,E00461,0,0.0,0.0,2026-05-01T00:00:00Z
2025-05-31,E00461,0,0.0,0.0,2026-06-01T00:00:00Z
2025-06-30,E00461,0,0.0,0.0,2026-07-01T00:00:00Z
2023-07-31,E00462,0,0.0,0.0,2024-07-31T00:00:00Z
2023-08-31,E00462,0,0.0,0.0,2024-08-31T00:00:00Z
2023-09-30,E00462,0,0.0,0.0,2024-09-30T00:00:00Z
2023-10-31,E00462,0,0.0,0.0,2024-10-31T00:00:00Z
2023-11-30,E00462,0,0.0,0.0,2024-11-30T00:00:00Z
2023-12-31,E00462,0,0.0,0.0,2024-12-31T00:00:00Z
2024-01-31,E00462,0,0.0,0.0,2025-01-31T00:00:00Z
2024-02-29,E00462,0,0.0,0.0,2025-03-01T00:00:00Z
2024-03-31,E00462,0,0.0,0.0,2025-04-01T00:00:00Z
2024-04-30,E00462,0,0.0,0.0,2025-05-01T00:00:00Z
2024-05-31,E00462,0,0.0,0.0,2025-06-01T00:00:00Z
2024-06-30,E00462,0,0.0,0.0,2025-07-01T00:00:00Z
2024-07-31,E00462,0,0.0,0.0,2025-08-01T00:00:00Z
2024-08-31,E00462,1,0.0,0.0,2025-09-01T00:00:00Z
2024-09-30,E00462,1,0.0681,15729.57,2025-10-01T00:00:00Z
2024-10-31,E00462,1,0.096,22195.86,2025-11-01T00:00:00Z
2024-11-30,E00462,1,0.0817,18891.37,2025-12-01T00:00:00Z
2024-12-31,E00462,1,0.0262,6044.14,2026-01-01T00:00:00Z
2025-01-31,E00462,1,0.0608,14050.59,2026-02-01T00:00:00Z
2025-02-28,E00462,1,0.0151,3491.33,2026-03-01T00:00:00Z
2025-03-31,E00462,1,0.0777,17955.72,2026-04-01T00:00:00Z
2025-04-30,E00462,1,0.1214,28065.14,2026-05-01T00:00:00Z
2025-05-31,E00462,1,0.0548,12674.39,2026-06-01T00:00:00Z
2025-06-30,E00462,1,0.0,0.0,2026-07-01T00:00:00Z
2023-07-31,E00463,0,0.0,0.0,2024-07-31T00:00:00Z
2023-08-31,E00463,0,0.0,0.0,2024-08-31T00:00:00Z
2023-09-30,E00463,0,0.0,0.0,2024-09-30T00:00:00Z
2023-10-31,E00463,0,0.0,0.0,2024-10-31T00:00:00Z
2023-11-30,E00463,0,0.0,0.0,2024-11-30T00:00:00Z
2023-12-31,E00463,0,0.0,0.0,2024-12-31T00:00:00Z
2024-01-31,E00463,0,0.0,0.0,2025-01-31T00:00:00Z
2024-02-29,E00463,0,0.0,0.0,2025-03-01T00:00:00Z
2024-03-31,E00463,0,0.0,0.0,2025-04-01T00:00:00Z
2024-04-30,E00463,0,0.0,0.0,2025-05-01T00:00:00Z
2024-05-31,E00463,0,0.0,0.0,2025-06-01T00:00:00Z
2024-06-30,E00463,0,0.0,0.0,2025-07-01T00:00:00Z
2024-07-31,E00463,0,0.0,0.0,2025-08-01T00:00:00Z
2024-08-31,E00463,0,0.0,0.0,2025-09-01T00:00:00Z
2024-09-30,E00463,0,0.0,0.0,2025-10-01T00:00:00Z
2024-10-31,E00463,0,0.0,0.0,2025-11-01T00:00:00Z
2024-11-30,E00463,0,0.0,0.0,2025-12-01T00:00:00Z
2024-12-31,E00463,0,0.0,0.0,2026-01-01T00:00:00Z
2025-01-31,E00463,0,0.0,0.0,2026-02-01T00:00:00Z
2025-02-28,E00463,0,0.0,0.0,2026-03-01T00:00:00Z
2025-03-31,E00463,0,0.0,0.0,2026-04-01T00:00:00Z
2025-04-30,E00463,0,0.0,0.0,2026-05-01T00:00:00Z
2025-05-31,E00463,0,0.0,0.0,2026-06-01T00:00:00Z
2025-06-30,E00463,0,0.0,0.0,2026-07-01T00:00:00Z
2023-07-31,E00464,0,0.0,0.0,2024-07-31T00:00:00Z
2023-08-31,E00464,0,0.0,0.0,2024-08-31T00:00:00Z
2023-09-30,E00464,0,0.0,0.0,2024-09-30T00:00:00Z
2023-10-31,E00464,0,0.0,0.0,2024-10-31T00:00:00Z
2023-11-30,E00464,0,0.0,0.0,2024-11-30T00:00:00Z
2023-12-31,E00464,0,0.0,0.0,2024-12-31T00:00:00Z
2024-01-31,E00464,0,0.0,0.0,2025-01-31T00:00:00Z
2024-02-29,E00464,0,0.0,0.0,2025-03-01T00:00:00Z
2024-03-31,E00464,0,0.0,0.0,2025-04-01T00:00:00Z
2024-04-30,E00464,0,0.0,0.0,2025-05-01T00:00:00Z
2024-05-31,E00464,0,0.0,0.0,2025-06-01T00:00:00Z
2024-06-30,E00464,0,0.0,0.0,2025-07-01T00:00:00Z
2024-07-31,E00464,0,0.0,0.0,2025-08-01T00:00:00Z
2024-08-31,E00464,0,0.0,0.0,2025-09-01T00:00:00Z
2024-09-30,E00464,0,0.0,0.0,2025-10-01T00:00:00Z
2024-10-31,E00464,0,0.0,0.0,2025-11-01T00:00:00Z
2024-11-30,E00464,0,0.0,0.0,2025-12-01T00:00:00Z
2024-12-31,E00464,0,0.0,0.0,2026-01-01T00:00:00Z
2025-01-31,E00464,0,0.0,0.0,2026-02-01T00:00:00Z
2025-02-28,E00464,0,0.0,0.0,2026-03-01T00:00:00Z
2025-03-31,E00464,0,0.0,0.0,2026-04-01T00:00:00Z
2025-04-30,E00464,0,0.0,0.0,2026-05-01T00:00:00Z
2025-05-31,E00464,0,0.0,0.0,2026-06-01T00:00:00Z
2025-06-30,E00464,0,0.0,0.0,2026-07-01T00:00:00Z
2023-07-31,E00465,0,0.0,0.0,2024-07-31T00:00:00Z
2023-08-31,E00465,0,0.0,0.0,2024-08-31T00:00:00Z
2023-09-30,E00465,0,0.0,0.0,2024-09-30T00:00:00Z
2023-10-31,E00465,0,0.0,0.0,2024-10-31T00:00:00Z
2023-11-30,E00465,0,0.0,0.0,2024-11-30T00:00:00Z
2023-12-31,E00465,0,0.0,0.0,2024-12-31T00:00:00Z
2024-01-31,E00465,0,0.0,0.0,2025-01-31T00:00:00Z
2024-02-29,E00465,0,0.0,0.0,2025-03-01T00:00:00Z
2024-03-31,E00465,0,0.0,0.0,2025-04-01T00:00:00Z
2024-04-30,E00465,0,0.0,0.0,2025-05-01T00:00:00Z
2024-05-31,E00465,0,0.0,0.0,2025-06-01T00:00:00Z
2024-06-30,E00465,0,0.0,0.0,2025-07-01T00:00:00Z
2024-07-31,E00465,0,0.0,0.0,2025-08-01T00:00:00Z
2024-08-31,E00465,0,0.0,0.0,2025-09-01T00:00:00Z
2024-09-30,E00465,0,0.0,0.0,2025-10-01T00:00:00Z
2024-10-31,E00465,0,0.0,0.0,2025-11-01T00:00:00Z
2024-11-30,E00465,0,0.0,0.0,2025-12-01T00:00:00Z
2024-12-31,E00465,0,0.0,0.0,2026-01-01T00:00:00Z
2025-01-31,E00465,0,0.0,0.0,2026-02-01T00:00:00Z
2025-02-28,E00465,0,0.0,0.0,2026-03-01T00:00:00Z
2025-03-31,E00465,0,0.0,0.0,2026-04-01T00:00:00Z
2025-04-30,E00465,0,0.0,0.0,2026-05-01T00:00:00Z
2025-05-31,E00465,0,0.0,0.0,2026-06-01T00:00:00Z
2025-06-30,E00465,0,0.0,0.0,2026-07-01T00:00:00Z
2023-07-31,E00466,1,0.1131,4198.92,2024-07-31T00:00:00Z
2023-08-31,E00466,1,0.103,3823.1,2024-08-31T00:00:00Z
2023-09-30,E00466,1,0.0703,2610.02,2024-09-30T00:00:00Z
2023-10-31,E00466,1,0.1457,5407.46,2024-10-31T00:00:00Z
2023-11-30,E00466,1,0.1579,5858.72,2024-11-30T00:00:00Z
2023-12-31,E00466,1,0.0573,2128.36,2024-12-31T00:00:00Z
2024-01-31,E00466,1,0.0589,2187.11,2025-01-31T00:00:00Z
2024-02-29,E00466,1,0.0541,2007.92,2025-03-01T00:00:00Z
2024-03-31,E00466,1,0.0983,3646.54,2025-04-01T00:00:00Z
2024-04-30,E00466,0,0.0,0.0,2025-05-01T00:00:00Z
2024-05-31,E00466,0,0.0,0.0,2025-06-01T00:00:00Z
2024-06-30,E00466,0,0.0,0.0,2025-07-01T00:00:00Z
2024-07-31,E00466,0,0.0,0.0,2025-08-01T00:00:00Z
2024-08-31,E00466,0,0.0,0.0,2025-09-01T00:00:00Z
2024-09-30,E00466,0,0.0,0.0,2025-10-01T00:00:00Z
2024-10-31,E00466,0,0.0,0.0,2025-11-01T00:00:00Z
2024-11-30,E00466,0,0.0,0.0,2025-12-01T00:00:00Z
2024-12-31,E00466,0,0.0,0.0,2026-01-01T00:00:00Z
2025-01-31,E00466,0,0.0,0.0,2026-02-01T00:00:00Z
2025-02-28,E00466,1,0.0,0.0,2026-03-01T00:00:00Z
2025-03-31,E00466,1,0.0805,2863.16,2026-04-01T00:00:00Z
2025-04-30,E00466,1,0.1411,5020.03,2026-05-01T00:00:00Z
2025-05-31,E00466,1,0.0792,2818.98,2026-06-01T00:00:00Z
2025-06-30,E00466,1,0.0,0.0,2026-07-01T00:00:00Z
2023-07-31,E00467,0,0.0,0.0,2024-07-31T00:00:00Z
2023-08-31,E00467,0,0.0,0.0,2024-08-31T00:00:00Z
2023-09-30,E00467,0,0.0,0.0,2024-09-30T00:00:00Z
2023-10-31,E00467,0,0.0,0.0,2024-10-31T00:00:00Z
2023-11-30,E00467,0,0.0,0.0,2024-11-30T00:00:00Z
2023-12-31,E00467,0,0.0,0.0,2024-12-31T00:00:00Z
2024-01-31,E00467,0,0.0,0.0,2025-01-31T00:00:00Z
2024-02-29,E00467,0,0.0,0.0,2025-03-01T00:00:00Z
2024-03-31,E00467,0,0.0,0.0,2025-04-01T00:00:00Z
2024-04-30,E00467,0,0.0,0.0,2025-05-01T00:00:00Z
2024-05-31,E00467,0,0.0,0.0,2025-06-01T00:00:00Z
2024-06-30,E00467,0,0.0,0.0,2025-07-01T00:00:00Z
2024-07-31,E00467,0,0.0,0.0,2025-08-01T00:00:00Z
2024-08-31,E00467,0,0.0,0.0,2025-09-01T00:00:00Z
2024-09-30,E00467,0,0.0,0.0,2025-10-01T00:00:00Z
2024-10-31,E00467,0,0.0,0.0,2025-11-01T00:00:00Z
2024-11-30,E00467,0,0.0,0.0,2025-12-01T00:00:00Z
2024-12-31,E00467,0,0.0,0.0,2026-01-01T00:00:00Z
2025-01-31,E00467,0,0.0,0.0,2026-02-01T00:00:00Z
2025-02-28,E00467,0,0.0,0.0,2026-03-01T00:00:00Z
2025-03-31,E00467,0,0.0,0.0,2026-04-01T00:00:00Z
2025-04-30,E00467,0,0.0,0.0,2026-05-01T00:00:00Z
2025-05-31,E00467,0,0.0,0.0,2026-06-01T00:00:00Z
2025-06-30,E00467,0,0.0,0.0,2026-07-01T00:00:00Z
2023-07-31,E00468,0,0.0,0.0,2024-07-31T00:00:00Z
2023-08-31,E00468,0,0.0,0.0,2024-08-31T00:00:00Z
2023-09-30,E00468,0,0.0,0.0,2024-09-30T00:00:00Z
2023-10-31,E00468,1,0.1687,8028.37,2024-10-31T00:00:00Z
2023-11-30,E00468,1,0.0546,2599.84,2024-11-30T00:00:00Z
2023-12-31,E00468,1,0.0345,1641.67,2024-12-31T00:00:00Z
2024-01-31,E00468,1,0.0901,4288.62,2025-01-31T00:00:00Z
2024-02-29,E00468,1,0.0498,2370.19,2025-03-01T00:00:00Z
2024-03-31,E00468,1,0.0617,2938.5,2025-04-01T00:00:00Z
2024-04-30,E00468,1,0.0568,2704.91,2025-05-01T00:00:00Z
2024-05-31,E00468,1,0.095,4519.42,2025-06-01T00:00:00Z
2024-06-30,E00468,1,0.0368,1750.3,2025-07-01T00:00:00Z
2024-07-31,E00468,1,0.1073,5105.09,2025-08-01T00:00:00Z
2024-08-31,E00468,1,0.0475,2261.36,2025-09-01T00:00:00Z
2024-09-30,E00468,1,0.0297,1411.97,2025-10-01T00:00:00Z
2024-10-31,E00468,1,0.136,6469.77,2025-11-01T00:00:00Z
2024-11-30,E00468,1,0.0849,4042.61,2025-12-01T00:00:00Z
2024-12-31,E00468,1,0.0033,155.3,2026-01-01T00:00:00Z
2025-01-31,E00468,1,0.0615,2925.82,2026-02-01T00:00:00Z
2025-02-28,E00468,0,0.0,0.0,2026-03-01T00:00:00Z
2025-03-31,E00468,0,0.0,0.0,2026-04-01T00:00:00Z
2025-04-30,E00468,0,0.0,0.0,2026-05-01T00:00:00Z
2025-05-31,E00468,0,0.0,0.0,2026-06-01T00:00:00Z
2025-06-30,E00468,0,0.0,0.0,2026-07-01T00:00:00Z
2023-07-31,E00469,0,0.0,0.0,2024-07-31T00:00:00Z
2023-08-31,E00469,0,0.0,0.0,2024-08-31T00:00:00Z
2023-09-30,E00469,0,0.0,0.0,2024-09-30T00:00:00Z
2023-10-31,E00469,0,0.0,0.0,2024-10-31T00:00:00Z
2023-11-30,E00469,0,0.0,0.0,2024-11-30T00:00:00Z
2023-12-31,E00469,0,0.0,0.0,2024-12-31T00:00:00Z
2024-01-31,E00469,0,0.0,0.0,2025-01-31T00:00:00Z
2024-02-29,E00469,0,0.0,0.0,2025-03-01T00:00:00Z
2024-03-31,E00469,0,0.0,0.0,2025-04-01T00:00:00Z
2024-04-30,E00469,0,0.0,0.0,2025-05-01T00:00:00Z
2024-05-31,E00469,0,0.0,0.0,2025-06-01T00:00:00Z
2024-06-30,E00469,0,0.0,0.0,2025-07-01T00:00:00Z
2024-07-31,E00469,0,0.0,0.0,2025-08-01T00:00:00Z
2024-08-31,E00469,0,0.0,0.0,2025-09-01T00:00:00Z
2024-09-30,E00469,0,0.0,0.0,2025-10-01T00:00:00Z
2024-10-31,E00469,0,0.0,0.0,2025-11-01T00:00:00Z
2024-11-30,E00469,0,0.0,0.0,2025-12-01T00:00:00Z
2024-12-31,E00469,0,0.0,0.0,2026-01-01T00:00:00Z
2025-01-31,E00469,0,0.0,0.0,2026-02-01T00:00:00Z
2025-02-28,E00469,0,0.0,0.0,2026-03-01T00:00:00Z
2025-03-31,E00469,0,0.0,0.0,2026-04-01T00:00:00Z
2025-04-30,E00469,0,0.0,0.0,2026-05-01T00:00:00Z
2025-05-31,E00469,0,0.0,0.0,2026-06-01T00:00:00Z
2025-06-30,E00469,0,0.0,0.0,2026-07-01T00:00:00Z
2023-07-31,E00470,0,0.0,0.0,2024-07-31T00:00:00Z
2023-08-31,E00470,0,0.0,0.0,2024-08-31T00:00:00Z
2023-09-30,E00470,0,0.0,0.0,2024-09-30T00:00:00Z
2023-10-31,E00470,0,0.0,0.0,2024-10-31T00:00:00Z
2023-11-30,E00470,0,0.0,0.0,2024-11-30T00:00:00Z
2023-12-31,E00470,0,0.0,0.0,2024-12-31T00:00:00Z
2024-01-31,E00470,0,0.0,0.0,2025-01-31T00:00:00Z
2024-02-29,E00470,0,0.0,0.0,2025-03-01T00:00:00Z
2024-03-31,E00470,0,0.0,0.0,2025-04-01T00:00:00Z
2024-04-30,E00470,0,0.0,0.0,2025-05-01T00:00:00Z
2024-05-31,E00470,0,0.0,0.0,2025-06-01T00:00:00Z
2024-06-30,E00470,0,0.0,0.0,2025-07-01T00:00:00Z
2024-07-31,E00470,0,0.0,0.0,2025-08-01T00:00:00Z
2024-08-31,E00470,0,0.0,0.0,2025-09-01T00:00:00Z
2024-09-30,E00470,0,0.0,0.0,2025-10-01T00:00:00Z
2024-10-31,E00470,0,0.0,0.0,2025-11-01T00:00:00Z
2024-11-30,E00470,0,0.0,0.0,2025-12-01T00:00:00Z
2024-12-31,E00470,0,0.0,0.0,2026-01-01T00:00:00Z
2025-01-31,E00470,0,0.0,0.0,2026-02-01T00:00:00Z
2025-02-28,E00470,0,0.0,0.0,2026-03-01T00:00:00Z
2025-03-31,E00470,0,0.0,0.0,2026-04-01T00:00:00Z
2025-04-30,E00470,0,0.0,0.0,2026-05-01T00:00:00Z
2025-05-31,E00470,0,0.0,0.0,2026-06-01T00:00:00Z
2025-06-30,E00470,0,0.0,0.0,2026-07-01T00:00:00Z
2023-07-31,E00471,0,0.0,0.0,2024-07-31T00:00:00Z
2023-08-31,E00471,0,0.0,0.0,2024-08-31T00:00:00Z
2023-09-30,E00471,0,0.0,0.0,2024-09-30T00:00:00Z
2023-10-31,E00471,0,0.0,0.0,2024-10-31T00:00:00Z
2023-11-30,E00471,0,0.0,0.0,2024-11-30T00:00:00Z
2023-12-31,E00471,0,0.0,0.0,2024-12-31T00:00:00Z
2024-01-31,E00471,0,0.0,0.0,2025-01-31T00:00:00Z
2024-02-29,E00471,0,0.0,0.0,2025-03-01T00:00:00Z
2024-03-31,E00471,0,0.0,0.0,2025-04-01T00:00:00Z
2024-04-30,E00471,0,0.0,0.0,2025-05-01T00:00:00Z
2024-05-31,E00471,0,0.0,0.0,2025-06-01T00:00:00Z
2024-06-30,E00471,0,0.0,0.0,2025-07-01T00:00:00Z
2024-07-31,E00471,0,0.0,0.0,2025-08-01T00:00:00Z
2024-08-31,E00471,0,0.0,0.0,2025-09-01T00:00:00Z
2024-09-30,E00471,0,0.0,0.0,2025-10-01T00:00:00Z
2024-10-31,E00471,0,0.0,0.0,2025-11-01T00:00:00Z
2024-11-30,E00471,0,0.0,0.0,2025-12-01T00:00:00Z
2024-12-31,E00471,0,0.0,0.0,2026-01-01T00:00:00Z
2025-01-31,E00471,0,0.0,0.0,2026-02-01T00:00:00Z
2025-02-28,E00471,0,0.0,0.0,2026-03-01T00:00:00Z
2025-03-31,E00471,0,0.0,0.0,2026-04-01T00:00:00Z
2025-04-30,E00471,0,0.0,0.0,2026-05-01T00:00:00Z
2025-05-31,E00471,0,0.0,0.0,2026-06-01T00:00:00Z
2025-06-30,E00471,0,0.0,0.0,2026-07-01T00:00:00Z
2023-07-31,E00472,0,0.0,0.0,2024-07-31T00:00:00Z
2023-08-31,E00472,0,0.0,0.0,2024-08-31T00:00:00Z
2023-09-30,E00472,0,0.0,0.0,2024-09-30T00:00:00Z
2023-10-31,E00472,0,0.0,0.0,2024-10-31T00:00:00Z
2023-11-30,E00472,0,0.0,0.0,2024-11-30T00:00:00Z
2023-12-31,E00472,0,0.0,0.0,2024-12-31T00:00:00Z
2024-01-31,E00472,0,0.0,0.0,2025-01-31T00:00:00Z
2024-02-29,E00472,0,0.0,0.0,2025-03-01T00:00:00Z
2024-03-31,E00472,0,0.0,0.0,2025-04-01T00:00:00Z
2024-04-30,E00472,0,0.0,0.0,2025-05-01T00:00:00Z
2024-05-31,E00472,0,0.0,0.0,2025-06-01T00:00:00Z
2024-06-30,E00472,0,0.0,0.0,2025-07-01T00:00:00Z
2024-07-31,E00472,0,0.0,0.0,2025-08-01T00:00:00Z
2024-08-31,E00472,0,0.0,0.0,2025-09-01T00:00:00Z
2024-09-30,E00472,0,0.0,0.0,2025-10-01T00:00:00Z
2024-10-31,E00472,0,0.0,0.0,2025-11-01T00:00:00Z
2024-11-30,E00472,0,0.0,0.0,2025-12-01T00:00:00Z
2024-12-31,E00472,0,0.0,0.0,2026-01-01T00:00:00Z
2025-01-31,E00472,0,0.0,0.0,2026-02-01T00:00:00Z
2025-02-28,E00472,0,0.0,0.0,2026-03-01T00:00:00Z
2025-03-31,E00472,0,0.0,0.0,2026-04-01T00:00:00Z
2025-04-30,E00472,0,0.0,0.0,2026-05-01T00:00:00Z
2025-05-31,E00472,0,0.0,0.0,2026-06-01T00:00:00Z
2025-06-30,E00472,0,0.0,0.0,2026-07-01T00:00:00Z
2023-07-31,E00473,0,0.0,0.0,2024-07-31T00:00:00Z
2023-08-31,E00473,0,0.0,0.0,2024-08-31T00:00:00Z
2023-09-30,E00473,0,0.0,0.0,2024-09-30T00:00:00Z
2023-10-31,E00473,0,0.0,0.0,2024-10-31T00:00:00Z
2023-11-30,E00473,0,0.0,0.0,2024-11-30T00:00:00Z
2023-12-31,E00473,0,0.0,0.0,2024-12-31T00:00:00Z
2024-01-31,E00473,0,0.0,0.0,2025-01-31T00:00:00Z
2024-02-29,E00473,0,0.0,0.0,2025-03-01T00:00:00Z
2024-03-31,E00473,0,0.0,0.0,2025-04-01T00:00:00Z
2024-04-30,E00473,0,0.0,0.0,2025-05-01T00:00:00Z
2024-05-31,E00473,0,0.0,0.0,2025-06-01T00:00:00Z
2024-06-30,E00473,0,0.0,0.0,2025-07-01T00:00:00Z
2024-07-31,E00473,0,0.0,0.0,2025-08-01T00:00:00Z
2024-08-31,E00473,0,0.0,0.0,2025-09-01T00:00:00Z
2024-09-30,E00473,0,0.0,0.0,2025-10-01T00:00:00Z
2024-10-31,E00473,0,0.0,0.0,2025-11-01T00:00:00Z
2024-11-30,E00473,0,0.0,0.0,2025-12-01T00:00:00Z
2024-12-31,E00473,0,0.0,0.0,2026-01-01T00:00:00Z
2025-01-31,E00473,0,0.0,0.0,2026-02-01T00:00:00Z
2025-02-28,E00473,0,0.0,0.0,2026-03-01T00:00:00Z
2025-03-31,E00473,0,0.0,0.0,2026-04-01T00:00:00Z
2025-04-30,E00473,0,0.0,0.0,2026-05-01T00:00:00Z
2025-05-31,E00473,0,0.0,0.0,2026-06-01T00:00:00Z
2025-06-30,E00473,0,0.0,0.0,2026-07-01T00:00:00Z
2023-07-31,E00474,0,0.0,0.0,2024-07-31T00:00:00Z
2023-08-31,E00474,0,0.0,0.0,2024-08-31T00:00:00Z
2023-09-30,E00474,0,0.0,0.0,2024-09-30T00:00:00Z
2023-10-31,E00474,0,0.0,0.0,2024-10-31T00:00:00Z
2023-11-30,E00474,0,0.0,0.0,2024-11-30T00:00:00Z
2023-12-31,E00474,0,0.0,0.0,2024-12-31T00:00:00Z
2024-01-31,E00474,0,0.0,0.0,2025-01-31T00:00:00Z
2024-02-29,E00474,0,0.0,0.0,2025-03-01T00:00:00Z
2024-03-31,E00474,0,0.0,0.0,2025-04-01T00:00:00Z
2024-04-30,E00474,0,0.0,0.0,2025-05-01T00:00:00Z
2024-05-31,E00474,0,0.0,0.0,2025-06-01T00:00:00Z
2024-06-30,E00474,0,0.0,0.0,2025-07-01T00:00:00Z
2024-07-31,E00474,0,0.0,0.0,2025-08-01T00:00:00Z
2024-08-31,E00474,0,0.0,0.0,2025-09-01T00:00:00Z
2024-09-30,E00474,0,0.0,0.0,2025-10-01T00:00:00Z
2024-10-31,E00474,0,0.0,0.0,2025-11-01T00:00:00Z
2024-11-30,E00474,0,0.0,0.0,2025-12-01T00:00:00Z
2024-12-31,E00474,0,0.0,0.0,2026-01-01T00:00:00Z
2025-01-31,E00474,0,0.0,0.0,2026-02-01T00:00:00Z
2025-02-28,E00474,0,0.0,0.0,2026-03-01T00:00:00Z
2025-03-31,E00474,0,0.0,0.0,2026-04-01T00:00:00Z
2025-04-30,E00474,0,0.0,0.0,2026-05-01T00:00:00Z
2025-05-31,E00474,0,0.0,0.0,2026-06-01T00:00:00Z
2025-06-30,E00474,0,0.0,0.0,2026-07-01T00:00:00Z
2023-07-31,E00475,0,0.0,0.0,2024-07-31T00:00:00Z
2023-08-31,E00475,0,0.0,0.0,2024-08-31T00:00:00Z
2023-09-30,E00475,0,0.0,0.0,2024-09-30T00:00:00Z
2023-10-31,E00475,0,0.0,0.0,2024-10-31T00:00:00Z
2023-11-30,E00475,0,0.0,0.0,2024-11-30T00:00:00Z
2023-12-31,E00475,0,0.0,0.0,2024-12-31T00:00:00Z
2024-01-31,E00475,0,0.0,0.0,2025-01-31T00:00:00Z
2024-02-29,E00475,0,0.0,0.0,2025-03-01T00:00:00Z
2024-03-31,E00475,0,0.0,0.0,2025-04-01T00:00:00Z
2024-04-30,E00475,0,0.0,0.0,2025-05-01T00:00:00Z
2024-05-31,E00475,0,0.0,0.0,2025-06-01T00:00:00Z
2024-06-30,E00475,0,0.0,0.0,2025-07-01T00:00:00Z
2024-07-31,E00475,0,0.0,0.0,2025-08-01T00:00:00Z
2024-08-31,E00475,0,0.0,0.0,2025-09-01T00:00:00Z
2024-09-30,E00475,0,0.0,0.0,2025-10-01T00:00:00Z
2024-10-31,E00475,0,0.0,0.0,2025-11-01T00:00:00Z
2024-11-30,E00475,0,0.0,0.0,2025-12-01T00:00:00Z
2024-12-31,E00475,0,0.0,0.0,2026-01-01T00:00:00Z
2025-01-31,E00475,0,0.0,0.0,2026-02-01T00:00:00Z
2025-02-28,E00475,0,0.0,0.0,2026-03-01T00:00:00Z
2025-03-31,E00475,0,0.0,0.0,2026-04-01T00:00:00Z
2025-04-30,E00475,0,0.0,0.0,2026-05-01T00:00:00Z
2025-05-31,E00475,0,0.0,0.0,2026-06-01T00:00:00Z
2025-06-30,E00475,0,0.0,0.0,2026-07-01T00:00:00Z
2023-07-31,E00476,0,0.0,0.0,2024-07-31T00:00:00Z
2023-08-31,E00476,0,0.0,0.0,2024-08-31T00:00:00Z
2023-09-30,E00476,0,0.0,0.0,2024-09-30T00:00:00Z
2023-10-31,E00476,0,0.0,0.0,2024-10-31T00:00:00Z
2023-11-30,E00476,0,0.0,0.0,2024-11-30T00:00:00Z
2023-12-31,E00476,0,0.0,0.0,2024-12-31T00:00:00Z
2024-01-31,E00476,0,0.0,0.0,2025-01-31T00:00:00Z
2024-02-29,E00476,0,0.0,0.0,2025-03-01T00:00:00Z
2024-03-31,E00476,0,0.0,0.0,2025-04-01T00:00:00Z
2024-04-30,E00476,0,0.0,0.0,2025-05-01T00:00:00Z
2024-05-31,E00476,0,0.0,0.0,2025-06-01T00:00:00Z
2024-06-30,E00476,0,0.0,0.0,2025-07-01T00:00:00Z
2024-07-31,E00476,0,0.0,0.0,2025-08-01T00:00:00Z
2024-08-31,E00476,0,0.0,0.0,2025-09-01T00:00:00Z
2024-09-30,E00476,0,0.0,0.0,2025-10-01T00:00:00Z
2024-10-31,E00476,0,0.0,0.0,2025-11-01T00:00:00Z
2024-11-30,E00476,0,0.0,0.0,2025-12-01T00:00:00Z
2024-12-31,E00476,0,0.0,0.0,2026-01-01T00:00:00Z
2025-01-31,E00476,0,0.0,0.0,2026-02-01T00:00:00Z
2025-02-28,E00476,0,0.0,0.0,2026-03-01T00:00:00Z
2025-03-31,E00476,0,0.0,0.0,2026-04-01T00:00:00Z
2025-04-30,E00476,0,0.0,0.0,2026-05-01T00:00:00Z
2025-05-31,E00476,0,0.0,0.0,2026-06-01T00:00:00Z
2025-06-30,E00476,0,0.0,0.0,2026-07-01T00:00:00Z
2023-07-31,E00477,0,0.0,0.0,2024-07-31T00:00:00Z
2023-08-31,E00477,0,0.0,0.0,2024-08-31T00:00:00Z
2023-09-30,E00477,0,0.0,0.0,2024-09-30T00:00:00Z
2023-10-31,E00477,0,0.0,0.0,2024-10-31T00:00:00Z
2023-11-30,E00477,0,0.0,0.0,2024-11-30T00:00:00Z
2023-12-31,E00477,0,0.0,0.0,2024-12-31T00:00:00Z
2024-01-31,E00477,0,0.0,0.0,2025-01-31T00:00:00Z
2024-02-29,E00477,0,0.0,0.0,2025-03-01T00:00:00Z
2024-03-31,E00477,0,0.0,0.0,2025-04-01T00:00:00Z
2024-04-30,E00477,0,0.0,0.0,2025-05-01T00:00:00Z
2024-05-31,E00477,0,0.0,0.0,2025-06-01T00:00:00Z
2024-06-30,E00477,0,0.0,0.0,2025-07-01T00:00:00Z
2024-07-31,E00477,0,0.0,0.0,2025-08-01T00:00:00Z
2024-08-31,E00477,0,0.0,0.0,2025-09-01T00:00:00Z
2024-09-30,E00477,0,0.0,0.0,2025-10-01T00:00:00Z
2024-10-31,E00477,0,0.0,0.0,2025-11-01T00:00:00Z
2024-11-30,E00477,0,0.0,0.0,2025-12-01T00:00:00Z
2024-12-31,E00477,0,0.0,0.0,2026-01-01T00:00:00Z
2025-01-31,E00477,0,0.0,0.0,2026-02-01T00:00:00Z
2025-02-28,E00477,0,0.0,0.0,2026-03-01T00:00:00Z
2025-03-31,E00477,0,0.0,0.0,2026-04-01T00:00:00Z
2025-04-30,E00477,0,0.0,0.0,2026-05-01T00:00:00Z
2025-05-31,E00477,0,0.0,0.0,2026-06-01T00:00:00Z
2025-06-30,E00477,0,0.0,0.0,2026-07-01T00:00:00Z
2023-07-31,E00478,0,0.0,0.0,2024-07-31T00:00:00Z
2023-08-31,E00478,0,0.0,0.0,2024-08-31T00:00:00Z
2023-09-30,E00478,0,0.0,0.0,2024-09-30T00:00:00Z
2023-10-31,E00478,0,0.0,0.0,2024-10-31T00:00:00Z
2023-11-30,E00478,0,0.0,0.0,2024-11-30T00:00:00Z
2023-12-31,E00478,0,0.0,0.0,2024-12-31T00:00:00Z
2024-01-31,E00478,0,0.0,0.0,2025-01-31T00:00:00Z
2024-02-29,E00478,0,0.0,0.0,2025-03-01T00:00:00Z
2024-03-31,E00478,0,0.0,0.0,2025-04-01T00:00:00Z
2024-04-30,E00478,0,0.0,0.0,2025-05-01T00:00:00Z
2024-05-31,E00478,0,0.0,0.0,2025-06-01T00:00:00Z
2024-06-30,E00478,0,0.0,0.0,2025-07-01T00:00:00Z
2024-07-31,E00478,0,0.0,0.0,2025-08-01T00:00:00Z
2024-08-31,E00478,0,0.0,0.0,2025-09-01T00:00:00Z
2024-09-30,E00478,0,0.0,0.0,2025-10-01T00:00:00Z
2024-10-31,E00478,0,0.0,0.0,2025-11-01T00:00:00Z
2024-11-30,E00478,0,0.0,0.0,2025-12-01T00:00:00Z
2024-12-31,E00478,0,0.0,0.0,2026-01-01T00:00:00Z
2025-01-31,E00478,0,0.0,0.0,2026-02-01T00:00:00Z
2025-02-28,E00478,0,0.0,0.0,2026-03-01T00:00:00Z
2025-03-31,E00478,0,0.0,0.0,2026-04-01T00:00:00Z
2025-04-30,E00478,0,0.0,0.0,2026-05-01T00:00:00Z
2025-05-31,E00478,0,0.0,0.0,2026-06-01T00:00:00Z
2025-06-30,E00478,0,0.0,0.0,2026-07-01T00:00:00Z
2023-07-31,E00479,0,0.0,0.0,2024-07-31T00:00:00Z
2023-08-31,E00479,0,0.0,0.0,2024-08-31T00:00:00Z
2023-09-30,E00479,0,0.0,0.0,2024-09-30T00:00:00Z
2023-10-31,E00479,0,0.0,0.0,2024-10-31T00:00:00Z
2023-11-30,E00479,0,0.0,0.0,2024-11-30T00:00:00Z
2023-12-31,E00479,0,0.0,0.0,2024-12-31T00:00:00Z
2024-01-31,E00479,0,0.0,0.0,2025-01-31T00:00:00Z
2024-02-29,E00479,0,0.0,0.0,2025-03-01T00:00:00Z
2024-03-31,E00479,0,0.0,0.0,2025-04-01T00:00:00Z
2024-04-30,E00479,0,0.0,0.0,2025-05-01T00:00:00Z
2024-05-31,E00479,0,0.0,0.0,2025-06-01T00:00:00Z
2024-06-30,E00479,0,0.0,0.0,2025-07-01T00:00:00Z
2024-07-31,E00479,0,0.0,0.0,2025-08-01T00:00:00Z
2024-08-31,E00479,0,0.0,0.0,2025-09-01T00:00:00Z
2024-09-30,E00479,0,0.0,0.0,2025-10-01T00:00:00Z
2024-10-31,E00479,0,0.0,0.0,2025-11-01T00:00:00Z
2024-11-30,E00479,0,0.0,0.0,2025-12-01T00:00:00Z
2024-12-31,E00479,0,0.0,0.0,2026-01-01T00:00:00Z
2025-01-31,E00479,0,0.0,0.0,2026-02-01T00:00:00Z
2025-02-28,E00479,0,0.0,0.0,2026-03-01T00:00:00Z
2025-03-31,E00479,0,0.0,0.0,2026-04-01T00:00:00Z
2025-04-30,E00479,0,0.0,0.0,2026-05-01T00:00:00Z
2025-05-31,E00479,0,0.0,0.0,2026-06-01T00:00:00Z
2025-06-30,E00479,0,0.0,0.0,2026-07-01T00:00:00Z
2023-07-31,E00480,0,0.0,0.0,2024-07-31T00:00:00Z
2023-08-31,E00480,0,0.0,0.0,2024-08-31T00:00:00Z
2023-09-30,E00480,0,0.0,0.0,2024-09-30T00:00:00Z
2023-10-31,E00480,0,0.0,0.0,2024-10-31T00:00:00Z
2023-11-30,E00480,0,0.0,0.0,2024-11-30T00:00:00Z
2023-12-31,E00480,0,0.0,0.0,2024-12-31T00:00:00Z
2024-01-31,E00480,0,0.0,0.0,2025-01-31T00:00:00Z
2024-02-29,E00480,0,0.0,0.0,2025-03-01T00:00:00Z
2024-03-31,E00480,0,0.0,0.0,2025-04-01T00:00:00Z
2024-04-30,E00480,0,0.0,0.0,2025-05-01T00:00:00Z
2024-05-31,E00480,0,0.0,0.0,2025-06-01T00:00:00Z
2024-06-30,E00480,0,0.0,0.0,2025-07-01T00:00:00Z
2024-07-31,E00480,0,0.0,0.0,2025-08-01T00:00:00Z
2024-08-31,E00480,0,0.0,0.0,2025-09-01T00:00:00Z
2024-09-30,E00480,0,0.0,0.0,2025-10-01T00:00:00Z
2024-10-31,E00480,0,0.0,0.0,2025-11-01T00:00:00Z
2024-11-30,E00480,0,0.0,0.0,2025-12-01T00:00:00Z
2024-12-31,E00480,0,0.0,0.0,2026-01-01T00:00:00Z
2025-01-31,E00480,0,0.0,0.0,2026-02-01T00:00:00Z
2025-02-28,E00480,0,0.0,0.0,2026-03-01T00:00:00Z
2025-03-31,E00480,0,0.0,0.0,2026-04-01T00:00:00Z
2025-04-30,E00480,0,0.0,0.0,2026-05-01T00:00:00Z
2025-05-31,E00480,0,0.0,0.0,2026-06-01T00:00:00Z
2025-06-30,E00480,0,0.0,0.0,2026-07-01T00:00:00Z
2023-07-31,E00481,0,0.0,0.0,2024-07-31T00:00:00Z
2023-08-31,E00481,0,0.0,0.0,2024-08-31T00:00:00Z
2023-09-30,E00481,0,0.0,0.0,2024-09-30T00:00:00Z
2023-10-31,E00481,0,0.0,0.0,2024-10-31T00:00:00Z
2023-11-30,E00481,0,0.0,0.0,2024-11-30T00:00:00Z
2023-12-31,E00481,0,0.0,0.0,2024-12-31T00:00:00Z
2024-01-31,E00481,0,0.0,0.0,2025-01-31T00:00:00Z
2024-02-29,E00481,0,0.0,0.0,2025-03-01T00:00:00Z
2024-03-31,E00481,0,0.0,0.0,2025-04-01T00:00:00Z
2024-04-30,E00481,0,0.0,0.0,2025-05-01T00:00:00Z
2024-05-31,E00481,0,0.0,0.0,2025-06-01T00:00:00Z
2024-06-30,E00481,0,0.0,0.0,2025-07-01T00:00:00Z
2024-07-31,E00481,0,0.0,0.0,2025-08-01T00:00:00Z
2024-08-31,E00481,0,0.0,0.0,2025-09-01T00:00:00Z
2024-09-30,E00481,0,0.0,0.0,2025-10-01T00:00:00Z
2024-10-31,E00481,0,0.0,0.0,2025-11-01T00:00:00Z
2024-11-30,E00481,0,0.0,0.0,2025-12-01T00:00:00Z
2024-12-31,E00481,0,0.0,0.0,2026-01-01T00:00:00Z
2025-01-31,E00481,0,0.0,0.0,2026-02-01T00:00:00Z
2025-02-28,E00481,0,0.0,0.0,2026-03-01T00:00:00Z
2025-03-31,E00481,0,0.0,0.0,2026-04-01T00:00:00Z
2025-04-30,E00481,0,0.0,0.0,2026-05-01T00:00:00Z
2025-05-31,E00481,0,0.0,0.0,2026-06-01T00:00:00Z
2025-06-30,E00481,0,0.0,0.0,2026-07-01T00:00:00Z
2023-07-31,E00482,0,0.0,0.0,2024-07-31T00:00:00Z
2023-08-31,E00482,0,0.0,0.0,2024-08-31T00:00:00Z
2023-09-30,E00482,0,0.0,0.0,2024-09-30T00:00:00Z
2023-10-31,E00482,0,0.0,0.0,2024-10-31T00:00:00Z
2023-11-30,E00482,0,0.0,0.0,2024-11-30T00:00:00Z
2023-12-31,E00482,0,0.0,0.0,2024-12-31T00:00:00Z
2024-01-31,E00482,0,0.0,0.0,2025-01-31T00:00:00Z
2024-02-29,E00482,0,0.0,0.0,2025-03-01T00:00:00Z
2024-03-31,E00482,0,0.0,0.0,2025-04-01T00:00:00Z
2024-04-30,E00482,0,0.0,0.0,2025-05-01T00:00:00Z
2024-05-31,E00482,0,0.0,0.0,2025-06-01T00:00:00Z
2024-06-30,E00482,0,0.0,0.0,2025-07-01T00:00:00Z
2024-07-31,E00482,0,0.0,0.0,2025-08-01T00:00:00Z
2024-08-31,E00482,0,0.0,0.0,2025-09-01T00:00:00Z
2024-09-30,E00482,0,0.0,0.0,2025-10-01T00:00:00Z
2024-10-31,E00482,0,0.0,0.0,2025-11-01T00:00:00Z
2024-11-30,E00482,0,0.0,0.0,2025-12-01T00:00:00Z
2024-12-31,E00482,0,0.0,0.0,2026-01-01T00:00:00Z
2025-01-31,E00482,0,0.0,0.0,2026-02-01T00:00:00Z
2025-02-28,E00482,0,0.0,0.0,2026-03-01T00:00:00Z
2025-03-31,E00482,0,0.0,0.0,2026-04-01T00:00:00Z
2025-04-30,E00482,0,0.0,0.0,2026-05-01T00:00:00Z
2025-05-31,E00482,0,0.0,0.0,2026-06-01T00:00:00Z
2025-06-30,E00482,0,0.0,0.0,2026-07-01T00:00:00Z
2023-07-31,E00483,0,0.0,0.0,2024-07-31T00:00:00Z
2023-08-31,E00483,0,0.0,0.0,2024-08-31T00:00:00Z
2023-09-30,E00483,0,0.0,0.0,2024-09-30T00:00:00Z
2023-10-31,E00483,0,0.0,0.0,2024-10-31T00:00:00Z
2023-11-30,E00483,0,0.0,0.0,2024-11-30T00:00:00Z
2023-12-31,E00483,0,0.0,0.0,2024-12-31T00:00:00Z
2024-01-31,E00483,0,0.0,0.0,2025-01-31T00:00:00Z
2024-02-29,E00483,0,0.0,0.0,2025-03-01T00:00:00Z
2024-03-31,E00483,0,0.0,0.0,2025-04-01T00:00:00Z
2024-04-30,E00483,0,0.0,0.0,2025-05-01T00:00:00Z
2024-05-31,E00483,0,0.0,0.0,2025-06-01T00:00:00Z
2024-06-30,E00483,0,0.0,0.0,2025-07-01T00:00:00Z
2024-07-31,E00483,0,0.0,0.0,2025-08-01T00:00:00Z
2024-08-31,E00483,0,0.0,0.0,2025-09-01T00:00:00Z
2024-09-30,E00483,0,0.0,0.0,2025-10-01T00:00:00Z
2024-10-31,E00483,0,0.0,0.0,2025-11-01T00:00:00Z
2024-11-30,E00483,0,0.0,0.0,2025-12-01T00:00:00Z
2024-12-31,E00483,0,0.0,0.0,2026-01-01T00:00:00Z
2025-01-31,E00483,0,0.0,0.0,2026-02-01T00:00:00Z
2025-02-28,E00483,0,0.0,0.0,2026-03-01T00:00:00Z
2025-03-31,E00483,0,0.0,0.0,2026-04-01T00:00:00Z
2025-04-30,E00483,0,0.0,0.0,2026-05-01T00:00:00Z
2025-05-31,E00483,0,0.0,0.0,2026-06-01T00:00:00Z
2025-06-30,E00483,0,0.0,0.0,2026-07-01T00:00:00Z
2023-07-31,E00484,1,0.0,0.0,2024-07-31T00:00:00Z
2023-08-31,E00484,1,0.0,0.0,2024-08-31T00:00:00Z
2023-09-30,E00484,1,0.0,0.0,2024-09-30T00:00:00Z
2023-10-31,E00484,1,0.0166,1658.65,2024-10-31T00:00:00Z
2023-11-30,E00484,1,0.0229,2285.43,2024-11-30T00:00:00Z
2023-12-31,E00484,1,0.0635,6324.39,2024-12-31T00:00:00Z
2024-01-31,E00484,1,0.075,7474.34,2025-01-31T00:00:00Z
2024-02-29,E00484,1,0.0265,2644.25,2025-03-01T00:00:00Z
2024-03-31,E00484,1,0.0532,5295.8,2025-04-01T00:00:00Z
2024-04-30,E00484,1,0.0754,7515.89,2025-05-01T00:00:00Z
2024-05-31,E00484,1,0.0113,1121.25,2025-06-01T00:00:00Z
2024-06-30,E00484,0,0.0,0.0,2025-07-01T00:00:00Z
2024-07-31,E00484,0,0.0,0.0,2025-08-01T00:00:00Z
2024-08-31,E00484,0,0.0,0.0,2025-09-01T00:00:00Z
2024-09-30,E00484,0,0.0,0.0,2025-10-01T00:00:00Z
2024-10-31,E00484,0,0.0,0.0,2025-11-01T00:00:00Z
2024-11-30,E00484,0,0.0,0.0,2025-12-01T00:00:00Z
2024-12-31,E00484,0,0.0,0.0,2026-01-01T00:00:00Z
2025-01-31,E00484,0,0.0,0.0,2026-02-01T00:00:00Z
2025-02-28,E00484,0,0.0,0.0,2026-03-01T00:00:00Z
2025-03-31,E00484,0,0.0,0.0,2026-04-01T00:00:00Z
2025-04-30,E00484,0,0.0,0.0,2026-05-01T00:00:00Z
2025-05-31,E00484,0,0.0,0.0,2026-06-01T00:00:00Z
2025-06-30,E00484,0,0.0,0.0,2026-07-01T00:00:00Z
2023-07-31,E00485,0,0.0,0.0,2024-07-31T00:00:00Z
2023-08-31,E00485,0,0.0,0.0,2024-08-31T00:00:00Z
2023-09-30,E00485,0,0.0,0.0,2024-09-30T00:00:00Z
2023-10-31,E00485,0,0.0,0.0,2024-10-31T00:00:00Z
2023-11-30,E00485,0,0.0,0.0,2024-11-30T00:00:00Z
2023-12-31,E00485,0,0.0,0.0,2024-12-31T00:00:00Z
2024-01-31,E00485,0,0.0,0.0,2025-01-31T00:00:00Z
2024-02-29,E00485,0,0.0,0.0,2025-03-01T00:00:00Z
2024-03-31,E00485,0,0.0,0.0,2025-04-01T00:00:00Z
2024-04-30,E00485,0,0.0,0.0,2025-05-01T00:00:00Z
2024-05-31,E00485,0,0.0,0.0,2025-06-01T00:00:00Z
2024-06-30,E00485,0,0.0,0.0,2025-07-01T00:00:00Z
2024-07-31,E00485,0,0.0,0.0,2025-08-01T00:00:00Z
2024-08-31,E00485,0,0.0,0.0,2025-09-01T00:00:00Z
2024-09-30,E00485,0,0.0,0.0,2025-10-01T00:00:00Z
2024-10-31,E00485,0,0.0,0.0,2025-11-01T00:00:00Z
2024-11-30,E00485,0,0.0,0.0,2025-12-01T00:00:00Z
2024-12-31,E00485,0,0.0,0.0,2026-01-01T00:00:00Z
2025-01-31,E00485,0,0.0,0.0,2026-02-01T00:00:00Z
2025-02-28,E00485,0,0.0,0.0,2026-03-01T00:00:00Z
2025-03-31,E00485,0,0.0,0.0,2026-04-01T00:00:00Z
2025-04-30,E00485,0,0.0,0.0,2026-05-01T00:00:00Z
2025-05-31,E00485,0,0.0,0.0,2026-06-01T00:00:00Z
2025-06-30,E00485,0,0.0,0.0,2026-07-01T00:00:00Z
2023-07-31,E00486,0,0.0,0.0,2024-07-31T00:00:00Z
2023-08-31,E00486,0,0.0,0.0,2024-08-31T00:00:00Z
2023-09-30,E00486,0,0.0,0.0,2024-09-30T00:00:00Z
2023-10-31,E00486,0,0.0,0.0,2024-10-31T00:00:00Z
2023-11-30,E00486,0,0.0,0.0,2024-11-30T00:00:00Z
2023-12-31,E00486,0,0.0,0.0,2024-12-31T00:00:00Z
2024-01-31,E00486,0,0.0,0.0,2025-01-31T00:00:00Z
2024-02-29,E00486,0,0.0,0.0,2025-03-01T00:00:00Z
2024-03-31,E00486,0,0.0,0.0,2025-04-01T00:00:00Z
2024-04-30,E00486,0,0.0,0.0,2025-05-01T00:00:00Z
2024-05-31,E00486,0,0.0,0.0,2025-06-01T00:00:00Z
2024-06-30,E00486,0,0.0,0.0,2025-07-01T00:00:00Z
2024-07-31,E00486,0,0.0,0.0,2025-08-01T00:00:00Z
2024-08-31,E00486,0,0.0,0.0,2025-09-01T00:00:00Z
2024-09-30,E00486,0,0.0,0.0,2025-10-01T00:00:00Z
2024-10-31,E00486,0,0.0,0.0,2025-11-01T00:00:00Z
2024-11-30,E00486,0,0.0,0.0,2025-12-01T00:00:00Z
2024-12-31,E00486,0,0.0,0.0,2026-01-01T00:00:00Z
2025-01-31,E00486,0,0.0,0.0,2026-02-01T00:00:00Z
2025-02-28,E00486,0,0.0,0.0,2026-03-01T00:00:00Z
2025-03-31,E00486,0,0.0,0.0,2026-04-01T00:00:00Z
2025-04-30,E00486,0,0.0,0.0,2026-05-01T00:00:00Z
2025-05-31,E00486,0,0.0,0.0,2026-06-01T00:00:00Z
2025-06-30,E00486,0,0.0,0.0,2026-07-01T00:00:00Z
2023-07-31,E00487,0,0.0,0.0,2024-07-31T00:00:00Z
2023-08-31,E00487,0,0.0,0.0,2024-08-31T00:00:00Z
2023-09-30,E00487,0,0.0,0.0,2024-09-30T00:00:00Z
2023-10-31,E00487,0,0.0,0.0,2024-10-31T00:00:00Z
2023-11-30,E00487,0,0.0,0.0,2024-11-30T00:00:00Z
2023-12-31,E00487,0,0.0,0.0,2024-12-31T00:00:00Z
2024-01-31,E00487,0,0.0,0.0,2025-01-31T00:00:00Z
2024-02-29,E00487,0,0.0,0.0,2025-03-01T00:00:00Z
2024-03-31,E00487,0,0.0,0.0,2025-04-01T00:00:00Z
2024-04-30,E00487,0,0.0,0.0,2025-05-01T00:00:00Z
2024-05-31,E00487,0,0.0,0.0,2025-06-01T00:00:00Z
2024-06-30,E00487,0,0.0,0.0,2025-07-01T00:00:00Z
2024-07-31,E00487,0,0.0,0.0,2025-08-01T00:00:00Z
2024-08-31,E00487,0,0.0,0.0,2025-09-01T00:00:00Z
2024-09-30,E00487,0,0.0,0.0,2025-10-01T00:00:00Z
2024-10-31,E00487,0,0.0,0.0,2025-11-01T00:00:00Z
2024-11-30,E00487,0,0.0,0.0,2025-12-01T00:00:00Z
2024-12-31,E00487,0,0.0,0.0,2026-01-01T00:00:00Z
2025-01-31,E00487,0,0.0,0.0,2026-02-01T00:00:00Z
2025-02-28,E00487,0,0.0,0.0,2026-03-01T00:00:00Z
2025-03-31,E00487,0,0.0,0.0,2026-04-01T00:00:00Z
2025-04-30,E00487,0,0.0,0.0,2026-05-01T00:00:00Z
2025-05-31,E00487,0,0.0,0.0,2026-06-01T00:00:00Z
2025-06-30,E00487,0,0.0,0.0,2026-07-01T00:00:00Z
2023-07-31,E00488,0,0.0,0.0,2024-07-31T00:00:00Z
2023-08-31,E00488,0,0.0,0.0,2024-08-31T00:00:00Z
2023-09-30,E00488,0,0.0,0.0,2024-09-30T00:00:00Z
2023-10-31,E00488,0,0.0,0.0,2024-10-31T00:00:00Z
2023-11-30,E00488,0,0.0,0.0,2024-11-30T00:00:00Z
2023-12-31,E00488,0,0.0,0.0,2024-12-31T00:00:00Z
2024-01-31,E00488,0,0.0,0.0,2025-01-31T00:00:00Z
2024-02-29,E00488,0,0.0,0.0,2025-03-01T00:00:00Z
2024-03-31,E00488,0,0.0,0.0,2025-04-01T00:00:00Z
2024-04-30,E00488,0,0.0,0.0,2025-05-01T00:00:00Z
2024-05-31,E00488,0,0.0,0.0,2025-06-01T00:00:00Z
2024-06-30,E00488,0,0.0,0.0,2025-07-01T00:00:00Z
2024-07-31,E00488,0,0.0,0.0,2025-08-01T00:00:00Z
2024-08-31,E00488,0,0.0,0.0,2025-09-01T00:00:00Z
2024-09-30,E00488,0,0.0,0.0,2025-10-01T00:00:00Z
2024-10-31,E00488,0,0.0,0.0,2025-11-01T00:00:00Z
2024-11-30,E00488,0,0.0,0.0,2025-12-01T00:00:00Z
2024-12-31,E00488,0,0.0,0.0,2026-01-01T00:00:00Z
2025-01-31,E00488,0,0.0,0.0,2026-02-01T00:00:00Z
2025-02-28,E00488,0,0.0,0.0,2026-03-01T00:00:00Z
2025-03-31,E00488,0,0.0,0.0,2026-04-01T00:00:00Z
2025-04-30,E00488,0,0.0,0.0,2026-05-01T00:00:00Z
2025-05-31,E00488,0,0.0,0.0,2026-06-01T00:00:00Z
2025-06-30,E00488,0,0.0,0.0,2026-07-01T00:00:00Z
2023-07-31,E00489,0,0.0,0.0,2024-07-31T00:00:00Z
2023-08-31,E00489,0,0.0,0.0,2024-08-31T00:00:00Z
2023-09-30,E00489,0,0.0,0.0,2024-09-30T00:00:00Z
2023-10-31,E00489,0,0.0,0.0,2024-10-31T00:00:00Z
2023-11-30,E00489,0,0.0,0.0,2024-11-30T00:00:00Z
2023-12-31,E00489,0,0.0,0.0,2024-12-31T00:00:00Z
2024-01-31,E00489,0,0.0,0.0,2025-01-31T00:00:00Z
2024-02-29,E00489,0,0.0,0.0,2025-03-01T00:00:00Z
2024-03-31,E00489,0,0.0,0.0,2025-04-01T00:00:00Z
2024-04-30,E00489,0,0.0,0.0,2025-05-01T00:00:00Z
2024-05-31,E00489,0,0.0,0.0,2025-06-01T00:00:00Z
2024-06-30,E00489,0,0.0,0.0,2025-07-01T00:00:00Z
2024-07-31,E00489,0,0.0,0.0,2025-08-01T00:00:00Z
2024-08-31,E00489,0,0.0,0.0,2025-09-01T00:00:00Z
2024-09-30,E00489,0,0.0,0.0,2025-10-01T00:00:00Z
2024-10-31,E00489,0,0.0,0.0,2025-11-01T00:00:00Z
2024-11-30,E00489,0,0.0,0.0,2025-12-01T00:00:00Z
2024-12-31,E00489,0,0.0,0.0,2026-01-01T00:00:00Z
2025-01-31,E00489,0,0.0,0.0,2026-02-01T00:00:00Z
2025-02-28,E00489,0,0.0,0.0,2026-03-01T00:00:00Z
2025-03-31,E00489,0,0.0,0.0,2026-04-01T00:00:00Z
2025-04-30,E00489,0,0.0,0.0,2026-05-01T00:00:00Z
2025-05-31,E00489,0,0.0,0.0,2026-06-01T00:00:00Z
2025-06-30,E00489,0,0.0,0.0,2026-07-01T00:00:00Z
2023-07-31,E00490,0,0.0,0.0,2024-07-31T00:00:00Z
2023-08-31,E00490,0,0.0,0.0,2024-08-31T00:00:00Z
2023-09-30,E00490,0,0.0,0.0,2024-09-30T00:00:00Z
2023-10-31,E00490,0,0.0,0.0,2024-10-31T00:00:00Z
2023-11-30,E00490,0,0.0,0.0,2024-11-30T00:00:00Z
2023-12-31,E00490,0,0.0,0.0,2024-12-31T00:00:00Z
2024-01-31,E00490,0,0.0,0.0,2025-01-31T00:00:00Z
2024-02-29,E00490,0,0.0,0.0,2025-03-01T00:00:00Z
2024-03-31,E00490,0,0.0,0.0,2025-04-01T00:00:00Z
2024-04-30,E00490,0,0.0,0.0,2025-05-01T00:00:00Z
2024-05-31,E00490,0,0.0,0.0,2025-06-01T00:00:00Z
2024-06-30,E00490,0,0.0,0.0,2025-07-01T00:00:00Z
2024-07-31,E00490,0,0.0,0.0,2025-08-01T00:00:00Z
2024-08-31,E00490,0,0.0,0.0,2025-09-01T00:00:00Z
2024-09-30,E00490,0,0.0,0.0,2025-10-01T00:00:00Z
2024-10-31,E00490,0,0.0,0.0,2025-11-01T00:00:00Z
2024-11-30,E00490,0,0.0,0.0,2025-12-01T00:00:00Z
2024-12-31,E00490,0,0.0,0.0,2026-01-01T00:00:00Z
2025-01-31,E00490,0,0.0,0.0,2026-02-01T00:00:00Z
2025-02-28,E00490,0,0.0,0.0,2026-03-01T00:00:00Z
2025-03-31,E00490,0,0.0,0.0,2026-04-01T00:00:00Z
2025-04-30,E00490,0,0.0,0.0,2026-05-01T00:00:00Z
2025-05-31,E00490,0,0.0,0.0,2026-06-01T00:00:00Z
2025-06-30,E00490,0,0.0,0.0,2026-07-01T00:00:00Z
2023-07-31,E00491,0,0.0,0.0,2024-07-31T00:00:00Z
2023-08-31,E00491,0,0.0,0.0,2024-08-31T00:00:00Z
2023-09-30,E00491,0,0.0,0.0,2024-09-30T00:00:00Z
2023-10-31,E00491,0,0.0,0.0,2024-10-31T00:00:00Z
2023-11-30,E00491,0,0.0,0.0,2024-11-30T00:00:00Z
2023-12-31,E00491,0,0.0,0.0,2024-12-31T00:00:00Z
2024-01-31,E00491,0,0.0,0.0,2025-01-31T00:00:00Z
2024-02-29,E00491,0,0.0,0.0,2025-03-01T00:00:00Z
2024-03-31,E00491,0,0.0,0.0,2025-04-01T00:00:00Z
2024-04-30,E00491,0,0.0,0.0,2025-05-01T00:00:00Z
2024-05-31,E00491,0,0.0,0.0,2025-06-01T00:00:00Z
2024-06-30,E00491,0,0.0,0.0,2025-07-01T00:00:00Z
2024-07-31,E00491,0,0.0,0.0,2025-08-01T00:00:00Z
2024-08-31,E00491,0,0.0,0.0,2025-09-01T00:00:00Z
2024-09-30,E00491,0,0.0,0.0,2025-10-01T00:00:00Z
2024-10-31,E00491,0,0.0,0.0,2025-11-01T00:00:00Z
2024-11-30,E00491,0,0.0,0.0,2025-12-01T00:00:00Z
2024-12-31,E00491,0,0.0,0.0,2026-01-01T00:00:00Z
2025-01-31,E00491,0,0.0,0.0,2026-02-01T00:00:00Z
2025-02-28,E00491,1,0.1344,8760.41,2026-03-01T00:00:00Z
2025-03-31,E00491,1,0.0377,2459.0,2026-04-01T00:00:00Z
2025-04-30,E00491,1,0.0547,3565.69,2026-05-01T00:00:00Z
2025-05-31,E00491,1,0.1356,8836.71,2026-06-01T00:00:00Z
2025-06-30,E00491,1,0.1185,7720.52,2026-07-01T00:00:00Z
2023-07-31,E00492,0,0.0,0.0,2024-07-31T00:00:00Z
2023-08-31,E00492,0,0.0,0.0,2024-08-31T00:00:00Z
2023-09-30,E00492,0,0.0,0.0,2024-09-30T00:00:00Z
2023-10-31,E00492,0,0.0,0.0,2024-10-31T00:00:00Z
2023-11-30,E00492,0,0.0,0.0,2024-11-30T00:00:00Z
2023-12-31,E00492,0,0.0,0.0,2024-12-31T00:00:00Z
2024-01-31,E00492,0,0.0,0.0,2025-01-31T00:00:00Z
2024-02-29,E00492,0,0.0,0.0,2025-03-01T00:00:00Z
2024-03-31,E00492,0,0.0,0.0,2025-04-01T00:00:00Z
2024-04-30,E00492,0,0.0,0.0,2025-05-01T00:00:00Z
2024-05-31,E00492,0,0.0,0.0,2025-06-01T00:00:00Z
2024-06-30,E00492,0,0.0,0.0,2025-07-01T00:00:00Z
2024-07-31,E00492,0,0.0,0.0,2025-08-01T00:00:00Z
2024-08-31,E00492,0,0.0,0.0,2025-09-01T00:00:00Z
2024-09-30,E00492,0,0.0,0.0,2025-10-01T00:00:00Z
2024-10-31,E00492,0,0.0,0.0,2025-11-01T00:00:00Z
2024-11-30,E00492,0,0.0,0.0,2025-12-01T00:00:00Z
2024-12-31,E00492,0,0.0,0.0,2026-01-01T00:00:00Z
2025-01-31,E00492,0,0.0,0.0,2026-02-01T00:00:00Z
2025-02-28,E00492,0,0.0,0.0,2026-03-01T00:00:00Z
2025-03-31,E00492,0,0.0,0.0,2026-04-01T00:00:00Z
2025-04-30,E00492,0,0.0,0.0,2026-05-01T00:00:00Z
2025-05-31,E00492,0,0.0,0.0,2026-06-01T00:00:00Z
2025-06-30,E00492,0,0.0,0.0,2026-07-01T00:00:00Z
2023-07-31,E00493,0,0.0,0.0,2024-07-31T00:00:00Z
2023-08-31,E00493,0,0.0,0.0,2024-08-31T00:00:00Z
2023-09-30,E00493,0,0.0,0.0,2024-09-30T00:00:00Z
2023-10-31,E00493,0,0.0,0.0,2024-10-31T00:00:00Z
2023-11-30,E00493,0,0.0,0.0,2024-11-30T00:00:00Z
2023-12-31,E00493,0,0.0,0.0,2024-12-31T00:00:00Z
2024-01-31,E00493,0,0.0,0.0,2025-01-31T00:00:00Z
2024-02-29,E00493,0,0.0,0.0,2025-03-01T00:00:00Z
2024-03-31,E00493,0,0.0,0.0,2025-04-01T00:00:00Z
2024-04-30,E00493,0,0.0,0.0,2025-05-01T00:00:00Z
2024-05-31,E00493,0,0.0,0.0,2025-06-01T00:00:00Z
2024-06-30,E00493,0,0.0,0.0,2025-07-01T00:00:00Z
2024-07-31,E00493,0,0.0,0.0,2025-08-01T00:00:00Z
2024-08-31,E00493,0,0.0,0.0,2025-09-01T00:00:00Z
2024-09-30,E00493,0,0.0,0.0,2025-10-01T00:00:00Z
2024-10-31,E00493,0,0.0,0.0,2025-11-01T00:00:00Z
2024-11-30,E00493,0,0.0,0.0,2025-12-01T00:00:00Z
2024-12-31,E00493,0,0.0,0.0,2026-01-01T00:00:00Z
2025-01-31,E00493,0,0.0,0.0,2026-02-01T00:00:00Z
2025-02-28,E00493,0,0.0,0.0,2026-03-01T00:00:00Z
2025-03-31,E00493,0,0.0,0.0,2026-04-01T00:00:00Z
2025-04-30,E00493,0,0.0,0.0,2026-05-01T00:00:00Z
2025-05-31,E00493,0,0.0,0.0,2026-06-01T00:00:00Z
2025-06-30,E00493,0,0.0,0.0,2026-07-01T00:00:00Z
2023-07-31,E00494,0,0.0,0.0,2024-07-31T00:00:00Z
2023-08-31,E00494,0,0.0,0.0,2024-08-31T00:00:00Z
2023-09-30,E00494,0,0.0,0.0,2024-09-30T00:00:00Z
2023-10-31,E00494,0,0.0,0.0,2024-10-31T00:00:00Z
2023-11-30,E00494,0,0.0,0.0,2024-11-30T00:00:00Z
2023-12-31,E00494,0,0.0,0.0,2024-12-31T00:00:00Z
2024-01-31,E00494,0,0.0,0.0,2025-01-31T00:00:00Z
2024-02-29,E00494,0,0.0,0.0,2025-03-01T00:00:00Z
2024-03-31,E00494,0,0.0,0.0,2025-04-01T00:00:00Z
2024-04-30,E00494,0,0.0,0.0,2025-05-01T00:00:00Z
2024-05-31,E00494,0,0.0,0.0,2025-06-01T00:00:00Z
2024-06-30,E00494,0,0.0,0.0,2025-07-01T00:00:00Z
2024-07-31,E00494,0,0.0,0.0,2025-08-01T00:00:00Z
2024-08-31,E00494,0,0.0,0.0,2025-09-01T00:00:00Z
2024-09-30,E00494,0,0.0,0.0,2025-10-01T00:00:00Z
2024-10-31,E00494,0,0.0,0.0,2025-11-01T00:00:00Z
2024-11-30,E00494,0,0.0,0.0,2025-12-01T00:00:00Z
2024-12-31,E00494,0,0.0,0.0,2026-01-01T00:00:00Z
2025-01-31,E00494,0,0.0,0.0,2026-02-01T00:00:00Z
2025-02-28,E00494,0,0.0,0.0,2026-03-01T00:00:00Z
2025-03-31,E00494,0,0.0,0.0,2026-04-01T00:00:00Z
2025-04-30,E00494,0,0.0,0.0,2026-05-01T00:00:00Z
2025-05-31,E00494,0,0.0,0.0,2026-06-01T00:00:00Z
2025-06-30,E00494,0,0.0,0.0,2026-07-01T00:00:00Z
2023-07-31,E00495,0,0.0,0.0,2024-07-31T00:00:00Z
2023-08-31,E00495,0,0.0,0.0,2024-08-31T00:00:00Z
2023-09-30,E00495,0,0.0,0.0,2024-09-30T00:00:00Z
2023-10-31,E00495,0,0.0,0.0,2024-10-31T00:00:00Z
2023-11-30,E00495,0,0.0,0.0,2024-11-30T00:00:00Z
2023-12-31,E00495,0,0.0,0.0,2024-12-31T00:00:00Z
2024-01-31,E00495,0,0.0,0.0,2025-01-31T00:00:00Z
2024-02-29,E00495,0,0.0,0.0,2025-03-01T00:00:00Z
2024-03-31,E00495,0,0.0,0.0,2025-04-01T00:00:00Z
2024-04-30,E00495,0,0.0,0.0,2025-05-01T00:00:00Z
2024-05-31,E00495,0,0.0,0.0,2025-06-01T00:00:00Z
2024-06-30,E00495,0,0.0,0.0,2025-07-01T00:00:00Z
2024-07-31,E00495,0,0.0,0.0,2025-08-01T00:00:00Z
2024-08-31,E00495,0,0.0,0.0,2025-09-01T00:00:00Z
2024-09-30,E00495,0,0.0,0.0,2025-10-01T00:00:00Z
2024-10-31,E00495,0,0.0,0.0,2025-11-01T00:00:00Z
2024-11-30,E00495,0,0.0,0.0,2025-12-01T00:00:00Z
2024-12-31,E00495,0,0.0,0.0,2026-01-01T00:00:00Z
2025-01-31,E00495,0,0.0,0.0,2026-02-01T00:00:00Z
2025-02-28,E00495,0,0.0,0.0,2026-03-01T00:00:00Z
2025-03-31,E00495,0,0.0,0.0,2026-04-01T00:00:00Z
2025-04-30,E00495,0,0.0,0.0,2026-05-01T00:00:00Z
2025-05-31,E00495,0,0.0,0.0,2026-06-01T00:00:00Z
2025-06-30,E00495,0,0.0,0.0,2026-07-01T00:00:00Z
2023-07-31,E00496,0,0.0,0.0,2024-07-31T00:00:00Z
2023-08-31,E00496,0,0.0,0.0,2024-08-31T00:00:00Z
2023-09-30,E00496,0,0.0,0.0,2024-09-30T00:00:00Z
2023-10-31,E00496,0,0.0,0.0,2024-10-31T00:00:00Z
2023-11-30,E00496,0,0.0,0.0,2024-11-30T00:00:00Z
2023-12-31,E00496,0,0.0,0.0,2024-12-31T00:00:00Z
2024-01-31,E00496,0,0.0,0.0,2025-01-31T00:00:00Z
2024-02-29,E00496,0,0.0,0.0,2025-03-01T00:00:00Z
2024-03-31,E00496,0,0.0,0.0,2025-04-01T00:00:00Z
2024-04-30,E00496,0,0.0,0.0,2025-05-01T00:00:00Z
2024-05-31,E00496,0,0.0,0.0,2025-06-01T00:00:00Z
2024-06-30,E00496,0,0.0,0.0,2025-07-01T00:00:00Z
2024-07-31,E00496,0,0.0,0.0,2025-08-01T00:00:00Z
2024-08-31,E00496,0,0.0,0.0,2025-09-01T00:00:00Z
2024-09-30,E00496,0,0.0,0.0,2025-10-01T00:00:00Z
2024-10-31,E00496,0,0.0,0.0,2025-11-01T00:00:00Z
2024-11-30,E00496,0,0.0,0.0,2025-12-01T00:00:00Z
2024-12-31,E00496,0,0.0,0.0,2026-01-01T00:00:00Z
2025-01-31,E00496,0,0.0,0.0,2026-02-01T00:00:00Z
2025-02-28,E00496,0,0.0,0.0,2026-03-01T00:00:00Z
2025-03-31,E00496,0,0.0,0.0,2026-04-01T00:00:00Z
2025-04-30,E00496,0,0.0,0.0,2026-05-01T00:00:00Z
2025-05-31,E00496,0,0.0,0.0,2026-06-01T00:00:00Z
2025-06-30,E00496,0,0.0,0.0,2026-07-01T00:00:00Z
2023-07-31,E00497,0,0.0,0.0,2024-07-31T00:00:00Z
2023-08-31,E00497,0,0.0,0.0,2024-08-31T00:00:00Z
2023-09-30,E00497,0,0.0,0.0,2024-09-30T00:00:00Z
2023-10-31,E00497,0,0.0,0.0,2024-10-31T00:00:00Z
2023-11-30,E00497,0,0.0,0.0,2024-11-30T00:00:00Z
2023-12-31,E00497,0,0.0,0.0,2024-12-31T00:00:00Z
2024-01-31,E00497,0,0.0,0.0,2025-01-31T00:00:00Z
2024-02-29,E00497,0,0.0,0.0,2025-03-01T00:00:00Z
2024-03-31,E00497,0,0.0,0.0,2025-04-01T00:00:00Z
2024-04-30,E00497,0,0.0,0.0,2025-05-01T00:00:00Z
2024-05-31,E00497,0,0.0,0.0,2025-06-01T00:00:00Z
2024-06-30,E00497,0,0.0,0.0,2025-07-01T00:00:00Z
2024-07-31,E00497,0,0.0,0.0,2025-08-01T00:00:00Z
2024-08-31,E00497,0,0.0,0.0,2025-09-01T00:00:00Z
2024-09-30,E00497,0,0.0,0.0,2025-10-01T00:00:00Z
2024-10-31,E00497,0,0.0,0.0,2025-11-01T00:00:00Z
2024-11-30,E00497,0,0.0,0.0,2025-12-01T00:00:00Z
2024-12-31,E00497,0,0.0,0.0,2026-01-01T00:00:00Z
2025-01-31,E00497,0,0.0,0.0,2026-02-01T00:00:00Z
2025-02-28,E00497,0,0.0,0.0,2026-03-01T00:00:00Z
2025-03-31,E00497,0,0.0,0.0,2026-04-01T00:00:00Z
2025-04-30,E00497,0,0.0,0.0,2026-05-01T00:00:00Z
2025-05-31,E00497,0,0.0,0.0,2026-06-01T00:00:00Z
2025-06-30,E00497,0,0.0,0.0,2026-07-01T00:00:00Z
2023-07-31,E00498,0,0.0,0.0,2024-07-31T00:00:00Z
2023-08-31,E00498,0,0.0,0.0,2024-08-31T00:00:00Z
2023-09-30,E00498,0,0.0,0.0,2024-09-30T00:00:00Z
2023-10-31,E00498,0,0.0,0.0,2024-10-31T00:00:00Z
2023-11-30,E00498,0,0.0,0.0,2024-11-30T00:00:00Z
2023-12-31,E00498,0,0.0,0.0,2024-12-31T00:00:00Z
2024-01-31,E00498,0,0.0,0.0,2025-01-31T00:00:00Z
2024-02-29,E00498,0,0.0,0.0,2025-03-01T00:00:00Z
2024-03-31,E00498,0,0.0,0.0,2025-04-01T00:00:00Z
2024-04-30,E00498,0,0.0,0.0,2025-05-01T00:00:00Z
2024-05-31,E00498,0,0.0,0.0,2025-06-01T00:00:00Z
2024-06-30,E00498,0,0.0,0.0,2025-07-01T00:00:00Z
2024-07-31,E00498,0,0.0,0.0,2025-08-01T00:00:00Z
2024-08-31,E00498,0,0.0,0.0,2025-09-01T00:00:00Z
2024-09-30,E00498,0,0.0,0.0,2025-10-01T00:00:00Z
2024-10-31,E00498,0,0.0,0.0,2025-11-01T00:00:00Z
2024-11-30,E00498,0,0.0,0.0,2025-12-01T00:00:00Z
2024-12-31,E00498,0,0.0,0.0,2026-01-01T00:00:00Z
2025-01-31,E00498,0,0.0,0.0,2026-02-01T00:00:00Z
2025-02-28,E00498,0,0.0,0.0,2026-03-01T00:00:00Z
2025-03-31,E00498,0,0.0,0.0,2026-04-01T00:00:00Z
2025-04-30,E00498,0,0.0,0.0,2026-05-01T00:00:00Z
2025-05-31,E00498,0,0.0,0.0,2026-06-01T00:00:00Z
2025-06-30,E00498,0,0.0,0.0,2026-07-01T00:00:00Z
2023-07-31,E00499,0,0.0,0.0,2024-07-31T00:00:00Z
2023-08-31,E00499,0,0.0,0.0,2024-08-31T00:00:00Z
2023-09-30,E00499,0,0.0,0.0,2024-09-30T00:00:00Z
2023-10-31,E00499,0,0.0,0.0,2024-10-31T00:00:00Z
2023-11-30,E00499,0,0.0,0.0,2024-11-30T00:00:00Z
2023-12-31,E00499,0,0.0,0.0,2024-12-31T00:00:00Z
2024-01-31,E00499,0,0.0,0.0,2025-01-31T00:00:00Z
2024-02-29,E00499,0,0.0,0.0,2025-03-01T00:00:00Z
2024-03-31,E00499,0,0.0,0.0,2025-04-01T00:00:00Z
2024-04-30,E00499,0,0.0,0.0,2025-05-01T00:00:00Z
2024-05-31,E00499,0,0.0,0.0,2025-06-01T00:00:00Z
2024-06-30,E00499,0,0.0,0.0,2025-07-01T00:00:00Z
2024-07-31,E00499,0,0.0,0.0,2025-08-01T00:00:00Z
2024-08-31,E00499,0,0.0,0.0,2025-09-01T00:00:00Z
2024-09-30,E00499,0,0.0,0.0,2025-10-01T00:00:00Z
2024-10-31,E00499,0,0.0,0.0,2025-11-01T00:00:00Z
2024-11-30,E00499,0,0.0,0.0,2025-12-01T00:00:00Z
2024-12-31,E00499,1,0.2779,29778.33,2026-01-01T00:00:00Z
2025-01-31,E00499,1,0.3378,36192.11,2026-02-01T00:00:00Z
2025-02-28,E00499,1,0.2607,27933.8,2026-03-01T00:00:00Z
2025-03-31,E00499,1,0.3031,32475.54,2026-04-01T00:00:00Z
2025-04-30,E00499,1,0.254,27217.21,2026-05-01T00:00:00Z
2025-05-31,E00499,1,0.2197,23542.58,2026-06-01T00:00:00Z
2025-06-30,E00499,1,0.2575,27586.64,2026-07-01T00:00:00Z
2023-07-31,E00500,0,0.0,0.0,2024-07-31T00:00:00Z
2023-08-31,E00500,0,0.0,0.0,2024-08-31T00:00:00Z
2023-09-30,E00500,0,0.0,0.0,2024-09-30T00:00:00Z
2023-10-31,E00500,0,0.0,0.0,2024-10-31T00:00:00Z
2023-11-30,E00500,0,0.0,0.0,2024-11-30T00:00:00Z
2023-12-31,E00500,0,0.0,0.0,2024-12-31T00:00:00Z
2024-01-31,E00500,0,0.0,0.0,2025-01-31T00:00:00Z
2024-02-29,E00500,0,0.0,0.0,2025-03-01T00:00:00Z
2024-03-31,E00500,0,0.0,0.0,2025-04-01T00:00:00Z
2024-04-30,E00500,0,0.0,0.0,2025-05-01T00:00:00Z
2024-05-31,E00500,0,0.0,0.0,2025-06-01T00:00:00Z
2024-06-30,E00500,0,0.0,0.0,2025-07-01T00:00:00Z
2024-07-31,E00500,0,0.0,0.0,2025-08-01T00:00:00Z
2024-08-31,E00500,0,0.0,0.0,2025-09-01T00:00:00Z
2024-09-30,E00500,0,0.0,0.0,2025-10-01T00:00:00Z
2024-10-31,E00500,0,0.0,0.0,2025-11-01T00:00:00Z
2024-11-30,E00500,0,0.0,0.0,2025-12-01T00:00:00Z
2024-12-31,E00500,0,0.0,0.0,2026-01-01T00:00:00Z
2025-01-31,E00500,0,0.0,0.0,2026-02-01T00:00:00Z
2025-02-28,E00500,0,0.0,0.0,2026-03-01T00:00:00Z
2025-03-31,E00500,0,0.0,0.0,2026-04-01T00:00:00Z
2025-04-30,E00500,0,0.0,0.0,2026-05-01T00:00:00Z
2025-05-31,E00500,0,0.0,0.0,2026-06-01T00:00:00Z
2025-06-30,E00500,0,0.0,0.0,2026-07-01T00:00:00Z
2023-07-31,E00501,0,0.0,0.0,2024-07-31T00:00:00Z
2023-08-31,E00501,0,0.0,0.0,2024-08-31T00:00:00Z
2023-09-30,E00501,0,0.0,0.0,2024-09-30T00:00:00Z
2023-10-31,E00501,0,0.0,0.0,2024-10-31T00:00:00Z
2023-11-30,E00501,0,0.0,0.0,2024-11-30T00:00:00Z
2023-12-31,E00501,0,0.0,0.0,2024-12-31T00:00:00Z
2024-01-31,E00501,0,0.0,0.0,2025-01-31T00:00:00Z
2024-02-29,E00501,0,0.0,0.0,2025-03-01T00:00:00Z
2024-03-31,E00501,0,0.0,0.0,2025-04-01T00:00:00Z
2024-04-30,E00501,0,0.0,0.0,2025-05-01T00:00:00Z
2024-05-31,E00501,0,0.0,0.0,2025-06-01T00:00:00Z
2024-06-30,E00501,0,0.0,0.0,2025-07-01T00:00:00Z
2024-07-31,E00501,0,0.0,0.0,2025-08-01T00:00:00Z
2024-08-31,E00501,0,0.0,0.0,2025-09-01T00:00:00Z
2024-09-30,E00501,0,0.0,0.0,2025-10-01T00:00:00Z
2024-10-31,E00501,0,0.0,0.0,2025-11-01T00:00:00Z
2024-11-30,E00501,0,0.0,0.0,2025-12-01T00:00:00Z
2024-12-31,E00501,0,0.0,0.0,2026-01-01T00:00:00Z
2025-01-31,E00501,0,0.0,0.0,2026-02-01T00:00:00Z
2025-02-28,E00501,0,0.0,0.0,2026-03-01T00:00:00Z
2025-03-31,E00501,0,0.0,0.0,2026-04-01T00:00:00Z
2025-04-30,E00501,0,0.0,0.0,2026-05-01T00:00:00Z
2025-05-31,E00501,0,0.0,0.0,2026-06-01T00:00:00Z
2025-06-30,E00501,0,0.0,0.0,2026-07-01T00:00:00Z
2023-07-31,E00502,0,0.0,0.0,2024-07-31T00:00:00Z
2023-08-31,E00502,0,0.0,0.0,2024-08-31T00:00:00Z
2023-09-30,E00502,0,0.0,0.0,2024-09-30T00:00:00Z
2023-10-31,E00502,0,0.0,0.0,2024-10-31T00:00:00Z
2023-11-30,E00502,0,0.0,0.0,2024-11-30T00:00:00Z
2023-12-31,E00502,0,0.0,0.0,2024-12-31T00:00:00Z
2024-01-31,E00502,0,0.0,0.0,2025-01-31T00:00:00Z
2024-02-29,E00502,0,0.0,0.0,2025-03-01T00:00:00Z
2024-03-31,E00502,0,0.0,0.0,2025-04-01T00:00:00Z
2024-04-30,E00502,0,0.0,0.0,2025-05-01T00:00:00Z
2024-05-31,E00502,0,0.0,0.0,2025-06-01T00:00:00Z
2024-06-30,E00502,0,0.0,0.0,2025-07-01T00:00:00Z
2024-07-31,E00502,0,0.0,0.0,2025-08-01T00:00:00Z
2024-08-31,E00502,0,0.0,0.0,2025-09-01T00:00:00Z
2024-09-30,E00502,0,0.0,0.0,2025-10-01T00:00:00Z
2024-10-31,E00502,0,0.0,0.0,2025-11-01T00:00:00Z
2024-11-30,E00502,0,0.0,0.0,2025-12-01T00:00:00Z
2024-12-31,E00502,0,0.0,0.0,2026-01-01T00:00:00Z
2025-01-31,E00502,0,0.0,0.0,2026-02-01T00:00:00Z
2025-02-28,E00502,0,0.0,0.0,2026-03-01T00:00:00Z
2025-03-31,E00502,0,0.0,0.0,2026-04-01T00:00:00Z
2025-04-30,E00502,0,0.0,0.0,2026-05-01T00:00:00Z
2025-05-31,E00502,0,0.0,0.0,2026-06-01T00:00:00Z
2025-06-30,E00502,0,0.0,0.0,2026-07-01T00:00:00Z
2023-07-31,E00503,1,0.0812,23141.34,2024-07-31T00:00:00Z
2023-08-31,E00503,1,0.0982,27989.59,2024-08-31T00:00:00Z
2023-09-30,E00503,1,0.0885,25240.72,2024-09-30T00:00:00Z
2023-10-31,E00503,1,0.1315,37492.28,2024-10-31T00:00:00Z
2023-11-30,E00503,1,0.0783,22332.39,2024-11-30T00:00:00Z
2023-12-31,E00503,0,0.0,0.0,2024-12-31T00:00:00Z
2024-01-31,E00503,0,0.0,0.0,2025-01-31T00:00:00Z
2024-02-29,E00503,0,0.0,0.0,2025-03-01T00:00:00Z
2024-03-31,E00503,0,0.0,0.0,2025-04-01T00:00:00Z
2024-04-30,E00503,0,0.0,0.0,2025-05-01T00:00:00Z
2024-05-31,E00503,0,0.0,0.0,2025-06-01T00:00:00Z
2024-06-30,E00503,0,0.0,0.0,2025-07-01T00:00:00Z
2024-07-31,E00503,0,0.0,0.0,2025-08-01T00:00:00Z
2024-08-31,E00503,0,0.0,0.0,2025-09-01T00:00:00Z
2024-09-30,E00503,0,0.0,0.0,2025-10-01T00:00:00Z
2024-10-31,E00503,0,0.0,0.0,2025-11-01T00:00:00Z
2024-11-30,E00503,0,0.0,0.0,2025-12-01T00:00:00Z
2024-12-31,E00503,0,0.0,0.0,2026-01-01T00:00:00Z
2025-01-31,E00503,0,0.0,0.0,2026-02-01T00:00:00Z
2025-02-28,E00503,0,0.0,0.0,2026-03-01T00:00:00Z
2025-03-31,E00503,0,0.0,0.0,2026-04-01T00:00:00Z
2025-04-30,E00503,0,0.0,0.0,2026-05-01T00:00:00Z
2025-05-31,E00503,0,0.0,0.0,2026-06-01T00:00:00Z
2025-06-30,E00503,0,0.0,0.0,2026-07-01T00:00:00Z
2023-07-31,E00504,0,0.0,0.0,2024-07-31T00:00:00Z
2023-08-31,E00504,0,0.0,0.0,2024-08-31T00:00:00Z
2023-09-30,E00504,0,0.0,0.0,2024-09-30T00:00:00Z
2023-10-31,E00504,0,0.0,0.0,2024-10-31T00:00:00Z
2023-11-30,E00504,0,0.0,0.0,2024-11-30T00:00:00Z
2023-12-31,E00504,0,0.0,0.0,2024-12-31T00:00:00Z
2024-01-31,E00504,0,0.0,0.0,2025-01-31T00:00:00Z
2024-02-29,E00504,0,0.0,0.0,2025-03-01T00:00:00Z
2024-03-31,E00504,0,0.0,0.0,2025-04-01T00:00:00Z
2024-04-30,E00504,0,0.0,0.0,2025-05-01T00:00:00Z
2024-05-31,E00504,0,0.0,0.0,2025-06-01T00:00:00Z
2024-06-30,E00504,0,0.0,0.0,2025-07-01T00:00:00Z
2024-07-31,E00504,0,0.0,0.0,2025-08-01T00:00:00Z
2024-08-31,E00504,0,0.0,0.0,2025-09-01T00:00:00Z
2024-09-30,E00504,0,0.0,0.0,2025-10-01T00:00:00Z
2024-10-31,E00504,0,0.0,0.0,2025-11-01T00:00:00Z
2024-11-30,E00504,0,0.0,0.0,2025-12-01T00:00:00Z
2024-12-31,E00504,0,0.0,0.0,2026-01-01T00:00:00Z
2025-01-31,E00504,0,0.0,0.0,2026-02-01T00:00:00Z
2025-02-28,E00504,0,0.0,0.0,2026-03-01T00:00:00Z
2025-03-31,E00504,0,0.0,0.0,2026-04-01T00:00:00Z
2025-04-30,E00504,0,0.0,0.0,2026-05-01T00:00:00Z
2025-05-31,E00504,0,0.0,0.0,2026-06-01T00:00:00Z
2025-06-30,E00504,0,0.0,0.0,2026-07-01T00:00:00Z
2023-07-31,E00505,0,0.0,0.0,2024-07-31T00:00:00Z
2023-08-31,E00505,0,0.0,0.0,2024-08-31T00:00:00Z
2023-09-30,E00505,0,0.0,0.0,2024-09-30T00:00:00Z
2023-10-31,E00505,0,0.0,0.0,2024-10-31T00:00:00Z
2023-11-30,E00505,1,0.1829,16060.9,2024-11-30T00:00:00Z
2023-12-31,E00505,1,0.2337,20521.08,2024-12-31T00:00:00Z
2024-01-31,E00505,1,0.1193,10480.24,2025-01-31T00:00:00Z
2024-02-29,E00505,1,0.1148,10082.33,2025-03-01T00:00:00Z
2024-03-31,E00505,1,0.0497,4363.43,2025-04-01T00:00:00Z
2024-04-30,E00505,1,0.2007,17627.72,2025-05-01T00:00:00Z
2024-05-31,E00505,1,0.0525,4612.08,2025-06-01T00:00:00Z
2024-06-30,E00505,1,0.0822,7217.28,2025-07-01T00:00:00Z
2024-07-31,E00505,1,0.1002,8796.91,2025-08-01T00:00:00Z
2024-08-31,E00505,1,0.0956,8399.38,2025-09-01T00:00:00Z
2024-09-30,E00505,1,0.0536,4703.1,2025-10-01T00:00:00Z
2024-10-31,E00505,1,0.1738,15258.75,2025-11-01T00:00:00Z
2024-11-30,E00505,1,0.125,11217.6,2025-12-01T00:00:00Z
2024-12-31,E00505,1,0.1907,17109.64,2026-01-01T00:00:00Z
2025-01-31,E00505,1,0.1387,12448.41,2026-02-01T00:00:00Z
2025-02-28,E00505,1,0.1394,12513.3,2026-03-01T00:00:00Z
2025-03-31,E00505,1,0.1471,14113.5,2026-04-01T00:00:00Z
2025-04-30,E00505,1,0.2131,20442.71,2026-05-01T00:00:00Z
2025-05-31,E00505,1,0.1576,15118.34,2026-06-01T00:00:00Z
2025-06-30,E00505,1,0.0412,3950.77,2026-07-01T00:00:00Z
2023-07-31,E00506,0,0.0,0.0,2024-07-31T00:00:00Z
2023-08-31,E00506,0,0.0,0.0,2024-08-31T00:00:00Z
2023-09-30,E00506,0,0.0,0.0,2024-09-30T00:00:00Z
2023-10-31,E00506,0,0.0,0.0,2024-10-31T00:00:00Z
2023-11-30,E00506,0,0.0,0.0,2024-11-30T00:00:00Z
2023-12-31,E00506,0,0.0,0.0,2024-12-31T00:00:00Z
2024-01-31,E00506,0,0.0,0.0,2025-01-31T00:00:00Z
2024-02-29,E00506,0,0.0,0.0,2025-03-01T00:00:00Z
2024-03-31,E00506,0,0.0,0.0,2025-04-01T00:00:00Z
2024-04-30,E00506,0,0.0,0.0,2025-05-01T00:00:00Z
2024-05-31,E00506,0,0.0,0.0,2025-06-01T00:00:00Z
2024-06-30,E00506,0,0.0,0.0,2025-07-01T00:00:00Z
2024-07-31,E00506,0,0.0,0.0,2025-08-01T00:00:00Z
2024-08-31,E00506,0,0.0,0.0,2025-09-01T00:00:00Z
2024-09-30,E00506,0,0.0,0.0,2025-10-01T00:00:00Z
2024-10-31,E00506,0,0.0,0.0,2025-11-01T00:00:00Z
2024-11-30,E00506,0,0.0,0.0,2025-12-01T00:00:00Z
2024-12-31,E00506,0,0.0,0.0,2026-01-01T00:00:00Z
2025-01-31,E00506,0,0.0,0.0,2026-02-01T00:00:00Z
2025-02-28,E00506,0,0.0,0.0,2026-03-01T00:00:00Z
2025-03-31,E00506,0,0.0,0.0,2026-04-01T00:00:00Z
2025-04-30,E00506,0,0.0,0.0,2026-05-01T00:00:00Z
2025-05-31,E00506,0,0.0,0.0,2026-06-01T00:00:00Z
2025-06-30,E00506,0,0.0,0.0,2026-07-01T00:00:00Z
2023-07-31,E00507,0,0.0,0.0,2024-07-31T00:00:00Z
2023-08-31,E00507,0,0.0,0.0,2024-08-31T00:00:00Z
2023-09-30,E00507,0,0.0,0.0,2024-09-30T00:00:00Z
2023-10-31,E00507,0,0.0,0.0,2024-10-31T00:00:00Z
2023-11-30,E00507,0,0.0,0.0,2024-11-30T00:00:00Z
2023-12-31,E00507,0,0.0,0.0,2024-12-31T00:00:00Z
2024-01-31,E00507,0,0.0,0.0,2025-01-31T00:00:00Z
2024-02-29,E00507,0,0.0,0.0,2025-03-01T00:00:00Z
2024-03-31,E00507,0,0.0,0.0,2025-04-01T00:00:00Z
2024-04-30,E00507,0,0.0,0.0,2025-05-01T00:00:00Z
2024-05-31,E00507,0,0.0,0.0,2025-06-01T00:00:00Z
2024-06-30,E00507,0,0.0,0.0,2025-07-01T00:00:00Z
2024-07-31,E00507,0,0.0,0.0,2025-08-01T00:00:00Z
2024-08-31,E00507,0,0.0,0.0,2025-09-01T00:00:00Z
2024-09-30,E00507,0,0.0,0.0,2025-10-01T00:00:00Z
2024-10-31,E00507,0,0.0,0.0,2025-11-01T00:00:00Z
2024-11-30,E00507,0,0.0,0.0,2025-12-01T00:00:00Z
2024-12-31,E00507,0,0.0,0.0,2026-01-01T00:00:00Z
2025-01-31,E00507,0,0.0,0.0,2026-02-01T00:00:00Z
2025-02-28,E00507,0,0.0,0.0,2026-03-01T00:00:00Z
2025-03-31,E00507,0,0.0,0.0,2026-04-01T00:00:00Z
2025-04-30,E00507,0,0.0,0.0,2026-05-01T00:00:00Z
2025-05-31,E00507,0,0.0,0.0,2026-06-01T00:00:00Z
2025-06-30,E00507,0,0.0,0.0,2026-07-01T00:00:00Z
2023-07-31,E00508,0,0.0,0.0,2024-07-31T00:00:00Z
2023-08-31,E00508,0,0.0,0.0,2024-08-31T00:00:00Z
2023-09-30,E00508,0,0.0,0.0,2024-09-30T00:00:00Z
2023-10-31,E00508,0,0.0,0.0,2024-10-31T00:00:00Z
2023-11-30,E00508,0,0.0,0.0,2024-11-30T00:00:00Z
2023-12-31,E00508,0,0.0,0.0,2024-12-31T00:00:00Z
2024-01-31,E00508,0,0.0,0.0,2025-01-31T00:00:00Z
2024-02-29,E00508,0,0.0,0.0,2025-03-01T00:00:00Z
2024-03-31,E00508,0,0.0,0.0,2025-04-01T00:00:00Z
2024-04-30,E00508,0,0.0,0.0,2025-05-01T00:00:00Z
2024-05-31,E00508,0,0.0,0.0,2025-06-01T00:00:00Z
2024-06-30,E00508,0,0.0,0.0,2025-07-01T00:00:00Z
2024-07-31,E00508,0,0.0,0.0,2025-08-01T00:00:00Z
2024-08-31,E00508,0,0.0,0.0,2025-09-01T00:00:00Z
2024-09-30,E00508,0,0.0,0.0,2025-10-01T00:00:00Z
2024-10-31,E00508,0,0.0,0.0,2025-11-01T00:00:00Z
2024-11-30,E00508,0,0.0,0.0,2025-12-01T00:00:00Z
2024-12-31,E00508,0,0.0,0.0,2026-01-01T00:00:00Z
2025-01-31,E00508,0,0.0,0.0,2026-02-01T00:00:00Z
2025-02-28,E00508,0,0.0,0.0,2026-03-01T00:00:00Z
2025-03-31,E00508,0,0.0,0.0,2026-04-01T00:00:00Z
2025-04-30,E00508,0,0.0,0.0,2026-05-01T00:00:00Z
2025-05-31,E00508,0,0.0,0.0,2026-06-01T00:00:00Z
2025-06-30,E00508,0,0.0,0.0,2026-07-01T00:00:00Z
2023-07-31,E00509,0,0.0,0.0,2024-07-31T00:00:00Z
2023-08-31,E00509,0,0.0,0.0,2024-08-31T00:00:00Z
2023-09-30,E00509,0,0.0,0.0,2024-09-30T00:00:00Z
2023-10-31,E00509,0,0.0,0.0,2024-10-31T00:00:00Z
2023-11-30,E00509,0,0.0,0.0,2024-11-30T00:00:00Z
2023-12-31,E00509,1,0.2816,73623.91,2024-12-31T00:00:00Z
2024-01-31,E00509,1,0.1613,42159.66,2025-01-31T00:00:00Z
2024-02-29,E00509,1,0.2262,59149.2,2025-03-01T00:00:00Z
2024-03-31,E00509,1,0.2196,57407.93,2025-04-01T00:00:00Z
2024-04-30,E00509,1,0.2146,56096.56,2025-05-01T00:00:00Z
2024-05-31,E00509,1,0.1477,38606.45,2025-06-01T00:00:00Z
2024-06-30,E00509,1,0.0811,21200.0,2025-07-01T00:00:00Z
2024-07-31,E00509,1,0.1832,47891.21,2025-08-01T00:00:00Z
2024-08-31,E00509,1,0.2456,64204.29,2025-09-01T00:00:00Z
2024-09-30,E00509,1,0.1381,36104.94,2025-10-01T00:00:00Z
2024-10-31,E00509,1,0.1439,37627.55,2025-11-01T00:00:00Z
2024-11-30,E00509,1,0.2031,53100.89,2025-12-01T00:00:00Z
2024-12-31,E00509,1,0.2155,55888.53,2026-01-01T00:00:00Z
2025-01-31,E00509,1,0.159,41226.48,2026-02-01T00:00:00Z
2025-02-28,E00509,1,0.1428,37037.39,2026-03-01T00:00:00Z
2025-03-31,E00509,1,0.1551,40222.41,2026-04-01T00:00:00Z
2025-04-30,E00509,1,0.2357,61120.35,2026-05-01T00:00:00Z
2025-05-31,E00509,1,0.2348,60877.32,2026-06-01T00:00:00Z
2025-06-30,E00509,1,0.2704,70104.19,2026-07-01T00:00:00Z
2023-07-31,E00510,0,0.0,0.0,2024-07-31T00:00:00Z
2023-08-31,E00510,0,0.0,0.0,2024-08-31T00:00:00Z
2023-09-30,E00510,0,0.0,0.0,2024-09-30T00:00:00Z
2023-10-31,E00510,1,0.0244,2110.74,2024-10-31T00:00:00Z
2023-11-30,E00510,1,0.0519,4490.67,2024-11-30T00:00:00Z
2023-12-31,E00510,1,0.1748,15124.05,2024-12-31T00:00:00Z
2024-01-31,E00510,1,0.0965,8347.39,2025-01-31T00:00:00Z
2024-02-29,E00510,1,0.0916,7927.0,2025-03-01T00:00:00Z
2024-03-31,E00510,1,0.0558,4824.92,2025-04-01T00:00:00Z
2024-04-30,E00510,1,0.0752,6506.4,2025-05-01T00:00:00Z
2024-05-31,E00510,1,0.1722,14898.42,2025-06-01T00:00:00Z
2024-06-30,E00510,1,0.1172,10141.45,2025-07-01T00:00:00Z
2024-07-31,E00510,1,0.0623,5390.76,2025-08-01T00:00:00Z
2024-08-31,E00510,1,0.0105,910.28,2025-09-01T00:00:00Z
2024-09-30,E00510,1,0.0457,3955.21,2025-10-01T00:00:00Z
2024-10-31,E00510,1,0.1084,9445.56,2025-11-01T00:00:00Z
2024-11-30,E00510,1,0.003,260.32,2025-12-01T00:00:00Z
2024-12-31,E00510,1,0.0469,4083.75,2026-01-01T00:00:00Z
2025-01-31,E00510,0,0.0,0.0,2026-02-01T00:00:00Z
2025-02-28,E00510,0,0.0,0.0,2026-03-01T00:00:00Z
2025-03-31,E00510,0,0.0,0.0,2026-04-01T00:00:00Z
2025-04-30,E00510,0,0.0,0.0,2026-05-01T00:00:00Z
2025-05-31,E00510,0,0.0,0.0,2026-06-01T00:00:00Z
2025-06-30,E00510,0,0.0,0.0,2026-07-01T00:00:00Z
2023-07-31,E00511,0,0.0,0.0,2024-07-31T00:00:00Z
2023-08-31,E00511,0,0.0,0.0,2024-08-31T00:00:00Z
2023-09-30,E00511,0,0.0,0.0,2024-09-30T00:00:00Z
2023-10-31,E00511,0,0.0,0.0,2024-10-31T00:00:00Z
2023-11-30,E00511,0,0.0,0.0,2024-11-30T00:00:00Z
2023-12-31,E00511,0,0.0,0.0,2024-12-31T00:00:00Z
2024-01-31,E00511,0,0.0,0.0,2025-01-31T00:00:00Z
2024-02-29,E00511,0,0.0,0.0,2025-03-01T00:00:00Z
2024-03-31,E00511,0,0.0,0.0,2025-04-01T00:00:00Z
2024-04-30,E00511,0,0.0,0.0,2025-05-01T00:00:00Z
2024-05-31,E00511,0,0.0,0.0,2025-06-01T00:00:00Z
2024-06-30,E00511,0,0.0,0.0,2025-07-01T00:00:00Z
2024-07-31,E00511,0,0.0,0.0,2025-08-01T00:00:00Z
2024-08-31,E00511,0,0.0,0.0,2025-09-01T00:00:00Z
2024-09-30,E00511,0,0.0,0.0,2025-10-01T00:00:00Z
2024-10-31,E00511,0,0.0,0.0,2025-11-01T00:00:00Z
2024-11-30,E00511,0,0.0,0.0,2025-12-01T00:00:00Z
2024-12-31,E00511,0,0.0,0.0,2026-01-01T00:00:00Z
2025-01-31,E00511,0,0.0,0.0,2026-02-01T00:00:00Z
2025-02-28,E00511,0,0.0,0.0,2026-03-01T00:00:00Z
2025-03-31,E00511,0,0.0,0.0,2026-04-01T00:00:00Z
2025-04-30,E00511,0,0.0,0.0,2026-05-01T00:00:00Z
2025-05-31,E00511,0,0.0,0.0,2026-06-01T00:00:00Z
2025-06-30,E00511,0,0.0,0.0,2026-07-01T00:00:00Z
2023-07-31,E00512,0,0.0,0.0,2024-07-31T00:00:00Z
2023-08-31,E00512,0,0.0,0.0,2024-08-31T00:00:00Z
2023-09-30,E00512,0,0.0,0.0,2024-09-30T00:00:00Z
2023-10-31,E00512,0,0.0,0.0,2024-10-31T00:00:00Z
2023-11-30,E00512,0,0.0,0.0,2024-11-30T00:00:00Z
2023-12-31,E00512,0,0.0,0.0,2024-12-31T00:00:00Z
2024-01-31,E00512,0,0.0,0.0,2025-01-31T00:00:00Z
2024-02-29,E00512,0,0.0,0.0,2025-03-01T00:00:00Z
2024-03-31,E00512,0,0.0,0.0,2025-04-01T00:00:00Z
2024-04-30,E00512,0,0.0,0.0,2025-05-01T00:00:00Z
2024-05-31,E00512,0,0.0,0.0,2025-06-01T00:00:00Z
2024-06-30,E00512,0,0.0,0.0,2025-07-01T00:00:00Z
2024-07-31,E00512,0,0.0,0.0,2025-08-01T00:00:00Z
2024-08-31,E00512,0,0.0,0.0,2025-09-01T00:00:00Z
2024-09-30,E00512,0,0.0,0.0,2025-10-01T00:00:00Z
2024-10-31,E00512,0,0.0,0.0,2025-11-01T00:00:00Z
2024-11-30,E00512,0,0.0,0.0,2025-12-01T00:00:00Z
2024-12-31,E00512,0,0.0,0.0,2026-01-01T00:00:00Z
2025-01-31,E00512,0,0.0,0.0,2026-02-01T00:00:00Z
2025-02-28,E00512,0,0.0,0.0,2026-03-01T00:00:00Z
2025-03-31,E00512,0,0.0,0.0,2026-04-01T00:00:00Z
2025-04-30,E00512,0,0.0,0.0,2026-05-01T00:00:00Z
2025-05-31,E00512,0,0.0,0.0,2026-06-01T00:00:00Z
2025-06-30,E00512,0,0.0,0.0,2026-07-01T00:00:00Z
2023-07-31,E00513,0,0.0,0.0,2024-07-31T00:00:00Z
2023-08-31,E00513,0,0.0,0.0,2024-08-31T00:00:00Z
2023-09-30,E00513,0,0.0,0.0,2024-09-30T00:00:00Z
2023-10-31,E00513,1,0.0759,12529.66,2024-10-31T00:00:00Z
2023-11-30,E00513,1,0.011,1814.8,2024-11-30T00:00:00Z
2023-12-31,E00513,1,0.0874,14410.55,2024-12-31T00:00:00Z
2024-01-31,E00513,1,0.0891,14694.12,2025-01-31T00:00:00Z
2024-02-29,E00513,1,0.0527,8687.22,2025-03-01T00:00:00Z
2024-03-31,E00513,1,0.0641,10577.44,2025-04-01T00:00:00Z
2024-04-30,E00513,1,0.0763,12584.08,2025-05-01T00:00:00Z
2024-05-31,E00513,1,0.0167,2757.0,2025-06-01T00:00:00Z
2024-06-30,E00513,1,0.1024,16900.71,2025-07-01T00:00:00Z
2024-07-31,E00513,1,0.0,0.0,2025-08-01T00:00:00Z
2024-08-31,E00513,1,0.0998,16465.42,2025-09-01T00:00:00Z
2024-09-30,E00513,1,0.0352,5814.41,2025-10-01T00:00:00Z
2024-10-31,E00513,0,0.0,0.0,2025-11-01T00:00:00Z
2024-11-30,E00513,1,0.0639,10460.12,2025-12-01T00:00:00Z
2024-12-31,E00513,1,0.0294,4804.41,2026-01-01T00:00:00Z
2025-01-31,E00513,1,0.0545,8911.8,2026-02-01T00:00:00Z
2025-02-28,E00513,1,0.0627,10259.64,2026-03-01T00:00:00Z
2025-03-31,E00513,1,0.032,5231.89,2026-04-01T00:00:00Z
2025-04-30,E00513,1,0.0025,410.36,2026-05-01T00:00:00Z
2025-05-31,E00513,1,0.0369,6031.64,2026-06-01T00:00:00Z
2025-06-30,E00513,1,0.0,0.0,2026-07-01T00:00:00Z
2023-07-31,E00514,0,0.0,0.0,2024-07-31T00:00:00Z
2023-08-31,E00514,0,0.0,0.0,2024-08-31T00:00:00Z
2023-09-30,E00514,0,0.0,0.0,2024-09-30T00:00:00Z
2023-10-31,E00514,0,0.0,0.0,2024-10-31T00:00:00Z
2023-11-30,E00514,0,0.0,0.0,2024-11-30T00:00:00Z
2023-12-31,E00514,0,0.0,0.0,2024-12-31T00:00:00Z
2024-01-31,E00514,0,0.0,0.0,2025-01-31T00:00:00Z
2024-02-29,E00514,0,0.0,0.0,2025-03-01T00:00:00Z
2024-03-31,E00514,0,0.0,0.0,2025-04-01T00:00:00Z
2024-04-30,E00514,0,0.0,0.0,2025-05-01T00:00:00Z
2024-05-31,E00514,0,0.0,0.0,2025-06-01T00:00:00Z
2024-06-30,E00514,0,0.0,0.0,2025-07-01T00:00:00Z
2024-07-31,E00514,0,0.0,0.0,2025-08-01T00:00:00Z
2024-08-31,E00514,0,0.0,0.0,2025-09-01T00:00:00Z
2024-09-30,E00514,0,0.0,0.0,2025-10-01T00:00:00Z
2024-10-31,E00514,0,0.0,0.0,2025-11-01T00:00:00Z
2024-11-30,E00514,0,0.0,0.0,2025-12-01T00:00:00Z
2024-12-31,E00514,0,0.0,0.0,2026-01-01T00:00:00Z
2025-01-31,E00514,0,0.0,0.0,2026-02-01T00:00:00Z
2025-02-28,E00514,0,0.0,0.0,2026-03-01T00:00:00Z
2025-03-31,E00514,0,0.0,0.0,2026-04-01T00:00:00Z
2025-04-30,E00514,0,0.0,0.0,2026-05-01T00:00:00Z
2025-05-31,E00514,1,0.1621,8877.38,2026-06-01T00:00:00Z
2025-06-30,E00514,1,0.1262,6910.14,2026-07-01T00:00:00Z
2023-07-31,E00515,0,0.0,0.0,2024-07-31T00:00:00Z
2023-08-31,E00515,0,0.0,0.0,2024-08-31T00:00:00Z
2023-09-30,E00515,0,0.0,0.0,2024-09-30T00:00:00Z
2023-10-31,E00515,0,0.0,0.0,2024-10-31T00:00:00Z
2023-11-30,E00515,0,0.0,0.0,2024-11-30T00:00:00Z
2023-12-31,E00515,0,0.0,0.0,2024-12-31T00:00:00Z
2024-01-31,E00515,0,0.0,0.0,2025-01-31T00:00:00Z
2024-02-29,E00515,0,0.0,0.0,2025-03-01T00:00:00Z
2024-03-31,E00515,0,0.0,0.0,2025-04-01T00:00:00Z
2024-04-30,E00515,0,0.0,0.0,2025-05-01T00:00:00Z
2024-05-31,E00515,0,0.0,0.0,2025-06-01T00:00:00Z
2024-06-30,E00515,0,0.0,0.0,2025-07-01T00:00:00Z
2024-07-31,E00515,0,0.0,0.0,2025-08-01T00:00:00Z
2024-08-31,E00515,0,0.0,0.0,2025-09-01T00:00:00Z
2024-09-30,E00515,0,0.0,0.0,2025-10-01T00:00:00Z
2024-10-31,E00515,0,0.0,0.0,2025-11-01T00:00:00Z
2024-11-30,E00515,0,0.0,0.0,2025-12-01T00:00:00Z
2024-12-31,E00515,0,0.0,0.0,2026-01-01T00:00:00Z
2025-01-31,E00515,0,0.0,0.0,2026-02-01T00:00:00Z
2025-02-28,E00515,0,0.0,0.0,2026-03-01T00:00:00Z
2025-03-31,E00515,0,0.0,0.0,2026-04-01T00:00:00Z
2025-04-30,E00515,0,0.0,0.0,2026-05-01T00:00:00Z
2025-05-31,E00515,0,0.0,0.0,2026-06-01T00:00:00Z
2025-06-30,E00515,0,0.0,0.0,2026-07-01T00:00:00Z
2023-07-31,E00516,0,0.0,0.0,2024-07-31T00:00:00Z
2023-08-31,E00516,0,0.0,0.0,2024-08-31T00:00:00Z
2023-09-30,E00516,0,0.0,0.0,2024-09-30T00:00:00Z
2023-10-31,E00516,0,0.0,0.0,2024-10-31T00:00:00Z
2023-11-30,E00516,0,0.0,0.0,2024-11-30T00:00:00Z
2023-12-31,E00516,0,0.0,0.0,2024-12-31T00:00:00Z
2024-01-31,E00516,0,0.0,0.0,2025-01-31T00:00:00Z
2024-02-29,E00516,0,0.0,0.0,2025-03-01T00:00:00Z
2024-03-31,E00516,0,0.0,0.0,2025-04-01T00:00:00Z
2024-04-30,E00516,0,0.0,0.0,2025-05-01T00:00:00Z
2024-05-31,E00516,0,0.0,0.0,2025-06-01T00:00:00Z
2024-06-30,E00516,0,0.0,0.0,2025-07-01T00:00:00Z
2024-07-31,E00516,0,0.0,0.0,2025-08-01T00:00:00Z
2024-08-31,E00516,0,0.0,0.0,2025-09-01T00:00:00Z
2024-09-30,E00516,0,0.0,0.0,2025-10-01T00:00:00Z
2024-10-31,E00516,1,0.0073,204.39,2025-11-01T00:00:00Z
2024-11-30,E00516,1,0.0664,1854.1,2025-12-01T00:00:00Z
2024-12-31,E00516,1,0.08,2234.91,2026-01-01T00:00:00Z
2025-01-31,E00516,1,0.0325,908.02,2026-02-01T00:00:00Z
2025-02-28,E00516,1,0.0352,984.31,2026-03-01T00:00:00Z
2025-03-31,E00516,1,0.0818,2285.94,2026-04-01T00:00:00Z
2025-04-30,E00516,1,0.0953,2664.07,2026-05-01T00:00:00Z
2025-05-31,E00516,1,0.1744,4873.72,2026-06-01T00:00:00Z
2025-06-30,E00516,1,0.0613,1712.28,2026-07-01T00:00:00Z
2023-07-31,E00517,0,0.0,0.0,2024-07-31T00:00:00Z
2023-08-31,E00517,0,0.0,0.0,2024-08-31T00:00:00Z
2023-09-30,E00517,0,0.0,0.0,2024-09-30T00:00:00Z
2023-10-31,E00517,0,0.0,0.0,2024-10-31T00:00:00Z
2023-11-30,E00517,0,0.0,0.0,2024-11-30T00:00:00Z
2023-12-31,E00517,0,0.0,0.0,2024-12-31T00:00:00Z
2024-01-31,E00517,0,0.0,0.0,2025-01-31T00:00:00Z
2024-02-29,E00517,0,0.0,0.0,2025-03-01T00:00:00Z
2024-03-31,E00517,0,0.0,0.0,2025-04-01T00:00:00Z
2024-04-30,E00517,0,0.0,0.0,2025-05-01T00:00:00Z
2024-05-31,E00517,0,0.0,0.0,2025-06-01T00:00:00Z
2024-06-30,E00517,0,0.0,0.0,2025-07-01T00:00:00Z
2024-07-31,E00517,0,0.0,0.0,2025-08-01T00:00:00Z
2024-08-31,E00517,0,0.0,0.0,2025-09-01T00:00:00Z
2024-09-30,E00517,0,0.0,0.0,2025-10-01T00:00:00Z
2024-10-31,E00517,0,0.0,0.0,2025-11-01T00:00:00Z
2024-11-30,E00517,0,0.0,0.0,2025-12-01T00:00:00Z
2024-12-31,E00517,0,0.0,0.0,2026-01-01T00:00:00Z
2025-01-31,E00517,0,0.0,0.0,2026-02-01T00:00:00Z
2025-02-28,E00517,0,0.0,0.0,2026-03-01T00:00:00Z
2025-03-31,E00517,0,0.0,0.0,2026-04-01T00:00:00Z
2025-04-30,E00517,0,0.0,0.0,2026-05-01T00:00:00Z
2025-05-31,E00517,0,0.0,0.0,2026-06-01T00:00:00Z
2025-06-30,E00517,0,0.0,0.0,2026-07-01T00:00:00Z
2023-07-31,E00518,0,0.0,0.0,2024-07-31T00:00:00Z
2023-08-31,E00518,0,0.0,0.0,2024-08-31T00:00:00Z
2023-09-30,E00518,0,0.0,0.0,2024-09-30T00:00:00Z
2023-10-31,E00518,0,0.0,0.0,2024-10-31T00:00:00Z
2023-11-30,E00518,0,0.0,0.0,2024-11-30T00:00:00Z
2023-12-31,E00518,0,0.0,0.0,2024-12-31T00:00:00Z
2024-01-31,E00518,0,0.0,0.0,2025-01-31T00:00:00Z
2024-02-29,E00518,0,0.0,0.0,2025-03-01T00:00:00Z
2024-03-31,E00518,0,0.0,0.0,2025-04-01T00:00:00Z
2024-04-30,E00518,0,0.0,0.0,2025-05-01T00:00:00Z
2024-05-31,E00518,0,0.0,0.0,2025-06-01T00:00:00Z
2024-06-30,E00518,0,0.0,0.0,2025-07-01T00:00:00Z
2024-07-31,E00518,0,0.0,0.0,2025-08-01T00:00:00Z
2024-08-31,E00518,0,0.0,0.0,2025-09-01T00:00:00Z
2024-09-30,E00518,0,0.0,0.0,2025-10-01T00:00:00Z
2024-10-31,E00518,0,0.0,0.0,2025-11-01T00:00:00Z
2024-11-30,E00518,0,0.0,0.0,2025-12-01T00:00:00Z
2024-12-31,E00518,0,0.0,0.0,2026-01-01T00:00:00Z
2025-01-31,E00518,0,0.0,0.0,2026-02-01T00:00:00Z
2025-02-28,E00518,0,0.0,0.0,2026-03-01T00:00:00Z
2025-03-31,E00518,0,0.0,0.0,2026-04-01T00:00:00Z
2025-04-30,E00518,0,0.0,0.0,2026-05-01T00:00:00Z
2025-05-31,E00518,0,0.0,0.0,2026-06-01T00:00:00Z
2025-06-30,E00518,0,0.0,0.0,2026-07-01T00:00:00Z
2023-07-31,E00519,1,0.2755,25511.5,2024-07-31T00:00:00Z
2023-08-31,E00519,1,0.3434,31802.76,2024-08-31T00:00:00Z
2023-09-30,E00519,1,0.3454,31981.41,2024-09-30T00:00:00Z
2023-10-31,E00519,1,0.3354,31054.03,2024-10-31T00:00:00Z
2023-11-30,E00519,1,0.2516,23299.72,2024-11-30T00:00:00Z
2023-12-31,E00519,1,0.3784,35044.03,2024-12-31T00:00:00Z
2024-01-31,E00519,1,0.3927,36365.36,2025-01-31T00:00:00Z
2024-02-29,E00519,1,0.1963,18180.56,2025-03-01T00:00:00Z
2024-03-31,E00519,1,0.38,35185.93,2025-04-01T00:00:00Z
2024-04-30,E00519,1,0.3416,31635.45,2025-05-01T00:00:00Z
2024-05-31,E00519,1,0.3307,30618.47,2025-06-01T00:00:00Z
2024-06-30,E00519,0,0.0,0.0,2025-07-01T00:00:00Z
2024-07-31,E00519,0,0.0,0.0,2025-08-01T00:00:00Z
2024-08-31,E00519,0,0.0,0.0,2025-09-01T00:00:00Z
2024-09-30,E00519,0,0.0,0.0,2025-10-01T00:00:00Z
2024-10-31,E00519,0,0.0,0.0,2025-11-01T00:00:00Z
2024-11-30,E00519,0,0.0,0.0,2025-12-01T00:00:00Z
2024-12-31,E00519,0,0.0,0.0,2026-01-01T00:00:00Z
2025-01-31,E00519,0,0.0,0.0,2026-02-01T00:00:00Z
2025-02-28,E00519,0,0.0,0.0,2026-03-01T00:00:00Z
2025-03-31,E00519,0,0.0,0.0,2026-04-01T00:00:00Z
2025-04-30,E00519,0,0.0,0.0,2026-05-01T00:00:00Z
2025-05-31,E00519,0,0.0,0.0,2026-06-01T00:00:00Z
2025-06-30,E00519,0,0.0,0.0,2026-07-01T00:00:00Z
