date,loan,balance,rate,term,age,original_balance,kt
2024-01-31,L00000,75905.69,0.04818,180,149,333913.47,2024-02-02T07:00:00Z
2024-02-29,L00000,73601.43,0.04818,180,150,333913.47,2024-03-02T07:00:00Z
2024-03-31,L00000,71287.92,0.04818,180,151,333913.47,2024-04-02T07:00:00Z
2024-04-30,L00000,68965.13,0.04818,180,152,333913.47,2024-05-02T07:00:00Z
2024-05-31,L00000,63592.13,0.04818,180,153,333913.47,2024-06-02T07:00:00Z
2024-06-30,L00000,61357.5,0.04818,180,154,333913.47,2024-07-02T07:00:00Z
2024-07-31,L00000,59113.9,0.04818,180,155,333913.47,2024-08-02T07:00:00Z
2024-08-31,L00000,56861.29,0.04818,180,156,333913.47,2024-09-02T07:00:00Z
2024-09-30,L00000,54599.64,0.04818,180,157,333913.47,2024-10-02T07:00:00Z
2024-10-31,L00000,52328.9,0.04818,180,158,333913.47,2024-11-02T07:00:00Z
2024-11-30,L00000,50049.05,0.04818,180,159,333913.47,2024-12-02T07:00:00Z
2024-12-31,L00000,47760.05,0.04818,180,160,333913.47,2025-01-02T07:00:00Z
2025-01-31,L00000,45461.85,0.04818,180,161,333913.47,2025-02-02T07:00:00Z
2025-02-28,L00000,43154.43,0.04818,180,162,333913.47,2025-03-02T07:00:00Z
2025-03-31,L00000,40837.74,0.04818,180,163,333913.47,2025-04-02T07:00:00Z
2025-04-30,L00000,38511.75,0.04818,180,164,333913.47,2025-05-02T07:00:00Z
2025-05-31,L00000,36176.43,0.04818,180,165,333913.47,2025-06-02T07:00:00Z
2025-06-30,L00000,33831.72,0.04818,180,166,333913.47,2025-07-02T07:00:00Z
2025-07-31,L00000,31477.61,0.04818,180,167,333913.47,2025-08-02T07:00:00Z
2025-08-31,L00000,25649.3,0.04818,180,168,333913.47,2025-09-02T07:00:00Z
2025-09-30,L00000,23558.65,0.04818,180,169,333913.47,2025-10-02T07:00:00Z
2024-01-31,L00001,257044.04,0.04692,300,75,303426.74,2024-02-02T07:00:00Z
2024-02-29,L00001,256329.3,0.04692,300,76,303426.74,2024-03-02T07:00:00Z
2024-03-31,L00001,255611.76,0.04692,300,77,303426.74,2024-04-02T07:00:00Z
2024-04-30,L00001,254891.42,0.04692,300,78,303426.74,2024-05-02T07:00:00Z
2024-05-31,L00001,254168.27,0.04692,300,79,303426.74,2024-06-02T07:00:00Z
2024-06-30,L00001,253442.28,0.04692,300,80,303426.74,2024-07-02T07:00:00Z
2024-07-31,L00001,252713.46,0.04692,300,81,303426.74,2024-08-02T07:00:00Z
2024-08-31,L00001,251981.79,0.04692,300,82,303426.74,2024-09-02T07:00:00Z
2024-09-30,L00001,251247.26,0.04692,300,83,303426.74,2024-10-02T07:00:00Z
2024-10-31,L00001,250509.85,0.04692,300,84,303426.74,2024-11-02T07:00:00Z
2024-11-30,L00001,249769.56,0.04692,300,85,303426.74,2024-12-02T07:00:00Z
2024-12-31,L00001,249026.38,0.04692,300,86,303426.74,2025-01-02T07:00:00Z
2025-01-31,L00001,248280.29,0.04692,300,87,303426.74,2025-02-02T07:00:00Z
2025-02-28,L00001,247531.29,0.04692,300,88,303426.74,2025-03-02T07:00:00Z
2025-03-31,L00001,246779.35,0.04692,300,89,303426.74,2025-04-02T07:00:00Z
2025-04-30,L00001,246024.48,0.04692,300,90,303426.74,2025-05-02T07:00:00Z
2025-05-31,L00001,245266.65,0.04692,300,91,303426.74,2025-06-02T07:00:00Z
2025-06-30,L00001,244505.86,0.04692,300,92,303426.74,2025-07-02T07:00:00Z
2025-07-31,L00001,243742.1,0.04692,300,93,303426.74,2025-08-02T07:00:00Z
2025-08-31,L00001,242975.35,0.04692,300,94,303426.74,2025-09-02T07:00:00Z
2025-09-30,L00001,242205.6,0.04692,300,95,303426.74,2025-10-02T07:00:00Z
2024-01-31,L00002,261213.5,0.05155,360,133,330171.97,2024-02-02T07:00:00Z
2024-02-29,L00002,260531.79,0.05155,360,134,330171.97,2024-03-02T07:00:00Z
2024-03-31,L00002,259847.14,0.05155,360,135,330171.97,2024-04-02T07:00:00Z
2024-04-30,L00002,259159.56,0.05155,360,136,330171.97,2024-05-02T07:00:00Z
2024-05-31,L00002,258469.02,0.05155,360,137,330171.97,2024-06-02T07:00:00Z
2024-06-30,L00002,257775.52,0.05155,360,138,330171.97,2024-07-02T07:00:00Z
2024-07-31,L00002,257079.04,0.05155,360,139,330171.97,2024-08-02T07:00:00Z
2024-08-31,L00002,256379.56,0.05155,360,140,330171.97,2024-09-02T07:00:00Z
2024-09-30,L00002,255677.09,0.05155,360,141,330171.97,2024-10-02T07:00:00Z
2024-10-31,L00002,254971.59,0.05155,360,142,330171.97,2024-11-02T07:00:00Z
2024-11-30,L00002,254263.06,0.05155,360,143,330171.97,2024-12-02T07:00:00Z
2024-12-31,L00002,253551.49,0.05155,360,144,330171.97,2025-01-02T07:00:00Z
2025-01-31,L00002,252836.86,0.05155,360,145,330171.97,2025-02-02T07:00:00Z
2025-02-28,L00002,252119.17,0.05155,360,146,330171.97,2025-03-02T07:00:00Z
2025-03-31,L00002,251398.38,0.05155,360,147,330171.97,2025-04-02T07:00:00Z
2025-04-30,L00002,250674.51,0.05155,360,148,330171.97,2025-05-02T07:00:00Z
2025-05-31,L00002,249947.52,0.05155,360,149,330171.97,2025-06-02T07:00:00Z
2025-06-30,L00002,249217.41,0.05155,360,150,330171.97,2025-07-02T07:00:00Z
2025-07-31,L00002,248484.16,0.05155,360,151,330171.97,2025-08-02T07:00:00Z
2025-08-31,L00002,247747.77,0.05155,360,152,330171.97,2025-09-02T07:00:00Z
2025-09-30,L00002,247008.21,0.05155,360,153,330171.97,2025-10-02T07:00:00Z
2024-01-31,L00003,462054.91,0.06272,360,80,509737.08,2024-02-02T07:00:00Z
2024-02-29,L00003,461324.08,0.06272,360,81,509737.08,2024-03-02T07:00:00Z
2024-03-31,L00003,460589.43,0.06272,360,82,509737.08,2024-04-02T07:00:00Z
2024-04-30,L00003,459850.95,0.06272,360,83,509737.08,2024-05-02T07:00:00Z
2024-05-31,L00003,459108.6,0.06272,360,84,509737.08,2024-06-02T07:00:00Z
2024-06-30,L00003,458362.37,0.06272,360,85,509737.08,2024-07-02T07:00:00Z
2024-07-31,L00003,457612.24,0.06272,360,86,509737.08,2024-08-02T07:00:00Z
2024-08-31,L00003,456858.19,0.06272,360,87,509737.08,2024-09-02T07:00:00Z
2024-09-30,L00003,456100.2,0.06272,360,88,509737.08,2024-10-02T07:00:00Z
2024-10-31,L00003,455338.25,0.06272,360,89,509737.08,2024-11-02T07:00:00Z
2024-11-30,L00003,454572.31,0.06272,360,90,509737.08,2024-12-02T07:00:00Z
2024-12-31,L00003,453802.37,0.06272,360,91,509737.08,2025-01-02T07:00:00Z
2025-01-31,L00003,453028.41,0.06272,360,92,509737.08,2025-02-02T07:00:00Z
2025-02-28,L00003,452250.41,0.06272,360,93,509737.08,2025-03-02T07:00:00Z
2025-03-31,L00003,451468.33,0.06272,360,94,509737.08,2025-04-02T07:00:00Z
2025-04-30,L00003,450682.17,0.06272,360,95,509737.08,2025-05-02T07:00:00Z
2025-05-31,L00003,449891.9,0.06272,360,96,509737.08,2025-06-02T07:00:00Z
2025-06-30,L00003,449097.5,0.06272,360,97,509737.08,2025-07-02T07:00:00Z
2025-07-31,L00003,448298.94,0.06272,360,98,509737.08,2025-08-02T07:00:00Z
2025-08-31,L00003,447496.22,0.06272,360,99,509737.08,2025-09-02T07:00:00Z
2025-09-30,L00003,446689.3,0.06272,360,100,509737.08,2025-10-02T07:00:00Z
2024-01-31,L00004,440340.05,0.0524,360,115,531292.15,2024-02-02T07:00:00Z
2024-02-29,L00004,439332.34,0.0524,360,116,531292.15,2024-03-02T07:00:00Z
2024-03-31,L00004,438320.24,0.0524,360,117,531292.15,2024-04-02T07:00:00Z
2024-04-30,L00004,437303.71,0.0524,360,118,531292.15,2024-05-02T07:00:00Z
2024-05-31,L00004,436282.75,0.0524,360,119,531292.15,2024-06-02T07:00:00Z
2024-06-30,L00004,435257.32,0.0524,360,120,531292.15,2024-07-02T07:00:00Z
2024-07-31,L00004,434227.42,0.0524,360,121,531292.15,2024-08-02T07:00:00Z
2024-08-31,L00004,433193.02,0.0524,360,122,531292.15,2024-09-02T07:00:00Z
2024-09-30,L00004,432154.11,0.0524,360,123,531292.15,2024-10-02T07:00:00Z
2024-10-31,L00004,431110.65,0.0524,360,124,531292.15,2024-11-02T07:00:00Z
2024-11-30,L00004,430062.65,0.0524,360,125,531292.15,2024-12-02T07:00:00Z
2024-12-31,L00004,429010.06,0.0524,360,126,531292.15,2025-01-02T07:00:00Z
2025-01-31,L00004,427952.88,0.0524,360,127,531292.15,2025-02-02T07:00:00Z
2025-02-28,L00004,426891.08,0.0524,360,128,531292.15,2025-03-02T07:00:00Z
2025-03-31,L00004,425824.65,0.0524,360,129,531292.15,2025-04-02T07:00:00Z
2025-04-30,L00004,424753.56,0.0524,360,130,531292.15,2025-05-02T07:00:00Z
2025-05-31,L00004,423677.79,0.0524,360,131,531292.15,2025-06-02T07:00:00Z
2025-06-30,L00004,422597.32,0.0524,360,132,531292.15,2025-07-02T07:00:00Z
2025-07-31,L00004,421512.14,0.0524,360,133,531292.15,2025-08-02T07:00:00Z
2025-08-31,L00004,420422.22,0.0524,360,134,531292.15,2025-09-02T07:00:00Z
2025-09-30,L00004,419327.54,0.0524,360,135,531292.15,2025-10-02T07:00:00Z
2024-01-31,L00005,111243.83,0.03554,360,147,155942.18,2024-02-02T07:00:00Z
2024-02-29,L00005,109013.7,0.03554,360,148,155942.18,2024-03-02T07:00:00Z
2024-03-31,L00005,108643.4,0.03554,360,149,155942.18,2024-04-02T07:00:00Z
2024-04-30,L00005,108271.99,0.03554,360,150,155942.18,2024-05-02T07:00:00Z
2024-05-31,L00005,107899.49,0.03554,360,151,155942.18,2024-06-02T07:00:00Z
2024-06-30,L00005,107525.89,0.03554,360,152,155942.18,2024-07-02T07:00:00Z
2024-07-31,L00005,107151.18,0.03554,360,153,155942.18,2024-08-02T07:00:00Z
2024-08-31,L00005,106775.36,0.03554,360,154,155942.18,2024-09-02T07:00:00Z
2024-09-30,L00005,106398.43,0.03554,360,155,155942.18,2024-10-02T07:00:00Z
2024-10-31,L00005,106020.38,0.03554,360,156,155942.18,2024-11-02T07:00:00Z
2024-11-30,L00005,105641.21,0.03554,360,157,155942.18,2024-12-02T07:00:00Z
2024-12-31,L00005,105260.91,0.03554,360,158,155942.18,2025-01-02T07:00:00Z
2025-01-31,L00005,104879.5,0.03554,360,159,155942.18,2025-02-02T07:00:00Z
2025-02-28,L00005,104496.95,0.03554,360,160,155942.18,2025-03-02T07:00:00Z
2025-03-31,L00005,104113.27,0.03554,360,161,155942.18,2025-04-02T07:00:00Z
2025-04-30,L00005,103728.45,0.03554,360,162,155942.18,2025-05-02T07:00:00Z
2025-05-31,L00005,103342.49,0.03554,360,163,155942.18,2025-06-02T07:00:00Z
2025-06-30,L00005,102955.39,0.03554,360,164,155942.18,2025-07-02T07:00:00Z
2025-07-31,L00005,102567.14,0.03554,360,165,155942.18,2025-08-02T07:00:00Z
2025-08-31,L00005,102177.75,0.03554,360,166,155942.18,2025-09-02T07:00:00Z
2025-09-30,L00005,101787.2,0.03554,360,167,155942.18,2025-10-02T07:00:00Z
2024-01-31,L00006,117100.87,0.0479,180,147,486528.25,2024-02-02T07:00:00Z
2024-02-29,L00006,113773.87,0.0479,180,148,486528.25,2024-03-02T07:00:00Z
2024-03-31,L00006,110433.6,0.0479,180,149,486528.25,2024-04-02T07:00:00Z
2024-04-30,L00006,107079.99,0.0479,180,150,486528.25,2024-05-02T07:00:00Z
2024-05-31,L00006,103713.0,0.0479,180,151,486528.25,2024-06-02T07:00:00Z
2024-06-30,L00006,100332.56,0.0479,180,152,486528.25,2024-07-02T07:00:00Z
2024-07-31,L00006,96938.64,0.0479,180,153,486528.25,2024-08-02T07:00:00Z
2024-08-31,L00006,93531.16,0.0479,180,154,486528.25,2024-09-02T07:00:00Z
2024-09-30,L00006,90110.09,0.0479,180,155,486528.25,2024-10-02T07:00:00Z
2024-10-31,L00006,86675.35,0.0479,180,156,486528.25,2024-11-02T07:00:00Z
2024-11-30,L00006,83226.91,0.0479,180,157,486528.25,2024-12-02T07:00:00Z
2024-12-31,L00006,79764.7,0.0479,180,158,486528.25,2025-01-02T07:00:00Z
2025-01-31,L00006,76288.67,0.0479,180,159,486528.25,2025-02-02T07:00:00Z
2025-02-28,L00006,72798.77,0.0479,180,160,486528.25,2025-03-02T07:00:00Z
2025-03-31,L00006,69294.94,0.0479,180,161,486528.25,2025-04-02T07:00:00Z
2025-04-30,L00006,65777.12,0.0479,180,162,486528.25,2025-05-02T07:00:00Z
2025-05-31,L00006,62245.26,0.0479,180,163,486528.25,2025-06-02T07:00:00Z
2025-06-30,L00006,58699.3,0.0479,180,164,486528.25,2025-07-02T07:00:00Z
2025-07-31,L00006,55139.18,0.0479,180,165,486528.25,2025-08-02T07:00:00Z
2025-08-31,L00006,48891.52,0.0479,180,166,486528.25,2025-09-02T07:00:00Z
2025-09-30,L00006,45488.97,0.0479,180,167,486528.25,2025-10-02T07:00:00Z
2024-01-31,L00007,184246.26,0.05948,240,173,453937.03,2024-02-02T07:00:00Z
2024-02-29,L00007,181920.96,0.05948,240,174,453937.03,2024-03-02T07:00:00Z
2024-03-31,L00007,179584.14,0.05948,240,175,453937.03,2024-04-02T07:00:00Z
2024-04-30,L00007,172986.1,0.05948,240,176,453937.03,2024-05-02T07:00:00Z
2024-05-31,L00007,170682.65,0.05948,240,177,453937.03,2024-06-02T07:00:00Z
2024-06-30,L00007,168367.77,0.05948,240,178,453937.03,2024-07-02T07:00:00Z
2024-07-31,L00007,166041.42,0.05948,240,179,453937.03,2024-08-02T07:00:00Z
2024-08-31,L00007,163703.54,0.05948,240,180,453937.03,2024-09-02T07:00:00Z
2024-09-30,L00007,161354.08,0.05948,240,181,453937.03,2024-10-02T07:00:00Z
2024-10-31,L00007,158992.96,0.05948,240,182,453937.03,2024-11-02T07:00:00Z
2024-11-30,L00007,156620.15,0.05948,240,183,453937.03,2024-12-02T07:00:00Z
2024-12-31,L00007,154235.57,0.05948,240,184,453937.03,2025-01-02T07:00:00Z
2025-01-31,L00007,151839.17,0.05948,240,185,453937.03,2025-02-02T07:00:00Z
2025-02-28,L00007,149430.9,0.05948,240,186,453937.03,2025-03-02T07:00:00Z
2025-03-31,L00007,147010.68,0.05948,240,187,453937.03,2025-04-02T07:00:00Z
2025-04-30,L00007,144578.48,0.05948,240,188,453937.03,2025-05-02T07:00:00Z
2025-05-31,L00007,142134.21,0.05948,240,189,453937.03,2025-06-02T07:00:00Z
2025-06-30,L00007,139677.83,0.05948,240,190,453937.03,2025-07-02T07:00:00Z
2025-07-31,L00007,137209.28,0.05948,240,191,453937.03,2025-08-02T07:00:00Z
2025-08-31,L00007,134728.49,0.05948,240,192,453937.03,2025-09-02T07:00:00Z
2025-09-30,L00007,132235.4,0.05948,240,193,453937.03,2025-10-02T07:00:00Z
2024-01-31,L00008,158307.93,0.0422,360,76,179985.93,2024-02-02T07:00:00Z
2024-02-29,L00008,157982.38,0.0422,360,77,179985.93,2024-03-02T07:00:00Z
2024-03-31,L00008,157655.69,0.0422,360,78,179985.93,2024-04-02T07:00:00Z
2024-04-30,L00008,157327.85,0.0422,360,79,179985.93,2024-05-02T07:00:00Z
2024-05-31,L00008,156998.85,0.0422,360,80,179985.93,2024-06-02T07:00:00Z
2024-06-30,L00008,156668.7,0.0422,360,81,179985.93,2024-07-02T07:00:00Z
2024-07-31,L00008,156337.39,0.0422,360,82,179985.93,2024-08-02T07:00:00Z
2024-08-31,L00008,156004.91,0.0422,360,83,179985.93,2024-09-02T07:00:00Z
2024-09-30,L00008,155671.26,0.0422,360,84,179985.93,2024-10-02T07:00:00Z
2024-10-31,L00008,155336.44,0.0422,360,85,179985.93,2024-11-02T07:00:00Z
2024-11-30,L00008,155000.44,0.0422,360,86,179985.93,2024-12-02T07:00:00Z
2024-12-31,L00008,154663.26,0.0422,360,87,179985.93,2025-01-02T07:00:00Z
2025-01-31,L00008,154324.9,0.0422,360,88,179985.93,2025-02-02T07:00:00Z
2025-02-28,L00008,153985.34,0.0422,360,89,179985.93,2025-03-02T07:00:00Z
2025-03-31,L00008,153644.59,0.0422,360,90,179985.93,2025-04-02T07:00:00Z
2025-04-30,L00008,153302.65,0.0422,360,91,179985.93,2025-05-02T07:00:00Z
2025-05-31,L00008,152959.5,0.0422,360,92,179985.93,2025-06-02T07:00:00Z
2025-06-30,L00008,152615.14,0.0422,360,93,179985.93,2025-07-02T07:00:00Z
2025-07-31,L00008,152269.57,0.0422,360,94,179985.93,2025-08-02T07:00:00Z
2025-08-31,L00008,151922.79,0.0422,360,95,179985.93,2025-09-02T07:00:00Z
2025-09-30,L00008,151574.79,0.0422,360,96,179985.93,2025-10-02T07:00:00Z
2024-01-31,L00009,270011.2,0.05256,360,154,360580.69,2024-02-02T07:00:00Z
2024-02-29,L00009,269201.37,0.05256,360,155,360580.69,2024-03-02T07:00:00Z
2024-03-31,L00009,268387.99,0.05256,360,156,360580.69,2024-04-02T07:00:00Z
2024-04-30,L00009,267571.05,0.05256,360,157,360580.69,2024-05-02T07:00:00Z
2024-05-31,L00009,266750.53,0.05256,360,158,360580.69,2024-06-02T07:00:00Z
2024-06-30,L00009,265926.42,0.05256,360,159,360580.69,2024-07-02T07:00:00Z
2024-07-31,L00009,265098.7,0.05256,360,160,360580.69,2024-08-02T07:00:00Z
2024-08-31,L00009,264267.35,0.05256,360,161,360580.69,2024-09-02T07:00:00Z
2024-09-30,L00009,263432.36,0.05256,360,162,360580.69,2024-10-02T07:00:00Z
2024-10-31,L00009,262593.71,0.05256,360,163,360580.69,2024-11-02T07:00:00Z
2024-11-30,L00009,261751.39,0.05256,360,164,360580.69,2024-12-02T07:00:00Z
2024-12-31,L00009,260905.38,0.05256,360,165,360580.69,2025-01-02T07:00:00Z
2025-01-31,L00009,255458.09,0.05256,360,166,360580.69,2025-02-02T07:00:00Z
2025-02-28,L00009,254619.74,0.05256,360,167,360580.69,2025-03-02T07:00:00Z
2025-03-31,L00009,253777.72,0.05256,360,168,360580.69,2025-04-02T07:00:00Z
2025-04-30,L00009,252932.01,0.05256,360,169,360580.69,2025-05-02T07:00:00Z
2025-05-31,L00009,252082.6,0.05256,360,170,360580.69,2025-06-02T07:00:00Z
2025-06-30,L00009,251229.46,0.05256,360,171,360580.69,2025-07-02T07:00:00Z
2025-07-31,L00009,250372.6,0.05256,360,172,360580.69,2025-08-02T07:00:00Z
2025-08-31,L00009,249511.97,0.05256,360,173,360580.69,2025-09-02T07:00:00Z
2025-09-30,L00009,248647.58,0.05256,360,174,360580.69,2025-10-02T07:00:00Z
2024-01-31,L00010,361606.76,0.05022,360,136,462801.01,2024-02-02T07:00:00Z
2024-02-29,L00010,360629.44,0.05022,360,137,462801.01,2024-03-02T07:00:00Z
2024-03-31,L00010,359648.03,0.05022,360,138,462801.01,2024-04-02T07:00:00Z
2024-04-30,L00010,358662.51,0.05022,360,139,462801.01,2024-05-02T07:00:00Z
2024-05-31,L00010,357672.87,0.05022,360,140,462801.01,2024-06-02T07:00:00Z
2024-06-30,L00010,356679.09,0.05022,360,141,462801.01,2024-07-02T07:00:00Z
2024-07-31,L00010,355681.15,0.05022,360,142,462801.01,2024-08-02T07:00:00Z
2024-08-31,L00010,354679.04,0.05022,360,143,462801.01,2024-09-02T07:00:00Z
2024-09-30,L00010,353672.73,0.05022,360,144,462801.01,2024-10-02T07:00:00Z
2024-10-31,L00010,352662.2,0.05022,360,145,462801.01,2024-11-02T07:00:00Z
2024-11-30,L00010,351647.45,0.05022,360,146,462801.01,2024-12-02T07:00:00Z
2024-12-31,L00010,350628.46,0.05022,360,147,462801.01,2025-01-02T07:00:00Z
2025-01-31,L00010,349605.19,0.05022,360,148,462801.01,2025-02-02T07:00:00Z
2025-02-28,L00010,348577.65,0.05022,360,149,462801.01,2025-03-02T07:00:00Z
2025-03-31,L00010,347545.8,0.05022,360,150,462801.01,2025-04-02T07:00:00Z
2025-04-30,L00010,346509.64,0.05022,360,151,462801.01,2025-05-02T07:00:00Z
2025-05-31,L00010,345469.14,0.05022,360,152,462801.01,2025-06-02T07:00:00Z
2025-06-30,L00010,344424.29,0.05022,360,153,462801.01,2025-07-02T07:00:00Z
2025-07-31,L00010,343375.06,0.05022,360,154,462801.01,2025-08-02T07:00:00Z
2025-08-31,L00010,342321.44,0.05022,360,155,462801.01,2025-09-02T07:00:00Z
2025-09-30,L00010,341263.42,0.05022,360,156,462801.01,2025-10-02T07:00:00Z
2024-01-31,L00011,275146.24,0.065,240,68,330346.61,2024-02-02T07:00:00Z
2024-02-29,L00011,274173.64,0.065,240,69,330346.61,2024-03-02T07:00:00Z
2024-03-31,L00011,273195.77,0.065,240,70,330346.61,2024-04-02T07:00:00Z
2024-04-30,L00011,272212.61,0.065,240,71,330346.61,2024-05-02T07:00:00Z
2024-05-31,L00011,271224.12,0.065,240,72,330346.61,2024-06-02T07:00:00Z
2024-06-30,L00011,270230.27,0.065,240,73,330346.61,2024-07-02T07:00:00Z
2024-07-31,L00011,269231.04,0.065,240,74,330346.61,2024-08-02T07:00:00Z
2024-08-31,L00011,268226.4,0.065,240,75,330346.61,2024-09-02T07:00:00Z
2024-09-30,L00011,267216.32,0.065,240,76,330346.61,2024-10-02T07:00:00Z
2024-10-31,L00011,266200.77,0.065,240,77,330346.61,2024-11-02T07:00:00Z
2024-11-30,L00011,265179.71,0.065,240,78,330346.61,2024-12-02T07:00:00Z
2024-12-31,L00011,264153.13,0.065,240,79,330346.61,2025-01-02T07:00:00Z
2025-01-31,L00011,263120.98,0.065,240,80,330346.61,2025-02-02T07:00:00Z
2025-02-28,L00011,262083.24,0.065,240,81,330346.61,2025-03-02T07:00:00Z
2025-03-31,L00011,261039.89,0.065,240,82,330346.61,2025-04-02T07:00:00Z
2025-04-30,L00011,259990.88,0.065,240,83,330346.61,2025-05-02T07:00:00Z
2025-05-31,L00011,258936.18,0.065,240,84,330346.61,2025-06-02T07:00:00Z
2025-06-30,L00011,257875.78,0.065,240,85,330346.61,2025-07-02T07:00:00Z
2025-07-31,L00011,256809.63,0.065,240,86,330346.61,2025-08-02T07:00:00Z
2025-08-31,L00011,255737.71,0.065,240,87,330346.61,2025-09-02T07:00:00Z
2025-09-30,L00011,254659.98,0.065,240,88,330346.61,2025-10-02T07:00:00Z
2024-01-31,L00012,548498.93,0.03708,360,28,573927.75,2024-02-02T07:00:00Z
2024-02-29,L00012,547549.5,0.03708,360,29,573927.75,2024-03-02T07:00:00Z
2024-03-31,L00012,546597.14,0.03708,360,30,573927.75,2024-04-02T07:00:00Z
2024-04-30,L00012,545641.84,0.03708,360,31,573927.75,2024-05-02T07:00:00Z
2024-05-31,L00012,544683.58,0.03708,360,32,573927.75,2024-06-02T07:00:00Z
2024-06-30,L00012,543722.36,0.03708,360,33,573927.75,2024-07-02T07:00:00Z
2024-07-31,L00012,542758.18,0.03708,360,34,573927.75,2024-08-02T07:00:00Z
2024-08-31,L00012,541791.01,0.03708,360,35,573927.75,2024-09-02T07:00:00Z
2024-09-30,L00012,540820.85,0.03708,360,36,573927.75,2024-10-02T07:00:00Z
2024-10-31,L00012,539847.7,0.03708,360,37,573927.75,2024-11-02T07:00:00Z
2024-11-30,L00012,538871.54,0.03708,360,38,573927.75,2024-12-02T07:00:00Z
2024-12-31,L00012,537892.36,0.03708,360,39,573927.75,2025-01-02T07:00:00Z
2025-01-31,L00012,536910.16,0.03708,360,40,573927.75,2025-02-02T07:00:00Z
2025-02-28,L00012,533701.35,0.03708,360,41,573927.75,2025-03-02T07:00:00Z
2025-03-31,L00012,529990.68,0.03708,360,42,573927.75,2025-04-02T07:00:00Z
2025-04-30,L00012,529008.51,0.03708,360,43,573927.75,2025-05-02T07:00:00Z
2025-05-31,L00012,528023.31,0.03708,360,44,573927.75,2025-06-02T07:00:00Z
2025-06-30,L00012,527035.06,0.03708,360,45,573927.75,2025-07-02T07:00:00Z
2025-07-31,L00012,526043.75,0.03708,360,46,573927.75,2025-08-02T07:00:00Z
2025-08-31,L00012,525049.39,0.03708,360,47,573927.75,2025-09-02T07:00:00Z
2025-09-30,L00012,524051.95,0.03708,360,48,573927.75,2025-10-02T07:00:00Z
2024-01-31,L00013,322644.1,0.05691,240,101,454404.06,2024-02-02T07:00:00Z
2024-02-29,L00013,320999.23,0.05691,240,102,454404.06,2024-03-02T07:00:00Z
2024-03-31,L00013,319346.56,0.05691,240,103,454404.06,2024-04-02T07:00:00Z
2024-04-30,L00013,317686.05,0.05691,240,104,454404.06,2024-05-02T07:00:00Z
2024-05-31,L00013,316017.67,0.05691,240,105,454404.06,2024-06-02T07:00:00Z
2024-06-30,L00013,314341.37,0.05691,240,106,454404.06,2024-07-02T07:00:00Z
2024-07-31,L00013,312657.12,0.05691,240,107,454404.06,2024-08-02T07:00:00Z
2024-08-31,L00013,310964.89,0.05691,240,108,454404.06,2024-09-02T07:00:00Z
2024-09-30,L00013,309264.63,0.05691,240,109,454404.06,2024-10-02T07:00:00Z
2024-10-31,L00013,307556.31,0.05691,240,110,454404.06,2024-11-02T07:00:00Z
2024-11-30,L00013,305839.88,0.05691,240,111,454404.06,2024-12-02T07:00:00Z
2024-12-31,L00013,304115.32,0.05691,240,112,454404.06,2025-01-02T07:00:00Z
2025-01-31,L00013,302382.58,0.05691,240,113,454404.06,2025-02-02T07:00:00Z
2025-02-28,L00013,300641.62,0.05691,240,114,454404.06,2025-03-02T07:00:00Z
2025-03-31,L00013,298892.4,0.05691,240,115,454404.06,2025-04-02T07:00:00Z
2025-04-30,L00013,297134.89,0.05691,240,116,454404.06,2025-05-02T07:00:00Z
2025-05-31,L00013,295369.04,0.05691,240,117,454404.06,2025-06-02T07:00:00Z
2025-06-30,L00013,293594.82,0.05691,240,118,454404.06,2025-07-02T07:00:00Z
2025-07-31,L00013,291812.18,0.05691,240,119,454404.06,2025-08-02T07:00:00Z
2025-08-31,L00013,290021.09,0.05691,240,120,454404.06,2025-09-02T07:00:00Z
2025-09-30,L00013,288221.51,0.05691,240,121,454404.06,2025-10-02T07:00:00Z
2024-01-31,L00014,134019.91,0.05073,300,111,175109.46,2024-02-02T07:00:00Z
2024-02-29,L00014,133555.34,0.05073,300,112,175109.46,2024-03-02T07:00:00Z
2024-03-31,L00014,133088.82,0.05073,300,113,175109.46,2024-04-02T07:00:00Z
2024-04-30,L00014,132620.31,0.05073,300,114,175109.46,2024-05-02T07:00:00Z
2024-05-31,L00014,132149.83,0.05073,300,115,175109.46,2024-06-02T07:00:00Z
2024-06-30,L00014,131677.36,0.05073,300,116,175109.46,2024-07-02T07:00:00Z
2024-07-31,L00014,131202.89,0.05073,300,117,175109.46,2024-08-02T07:00:00Z
2024-08-31,L00014,130726.42,0.05073,300,118,175109.46,2024-09-02T07:00:00Z
2024-09-30,L00014,130247.93,0.05073,300,119,175109.46,2024-10-02T07:00:00Z
2024-10-31,L00014,129767.42,0.05073,300,120,175109.46,2024-11-02T07:00:00Z
2024-11-30,L00014,129284.88,0.05073,300,121,175109.46,2024-12-02T07:00:00Z
2024-12-31,L00014,124218.2,0.05073,300,122,175109.46,2025-01-02T07:00:00Z
2025-01-31,L00014,123748.88,0.05073,300,123,175109.46,2025-02-02T07:00:00Z
2025-02-28,L00014,123277.58,0.05073,300,124,175109.46,2025-03-02T07:00:00Z
2025-03-31,L00014,122804.29,0.05073,300,125,175109.46,2025-04-02T07:00:00Z
2025-04-30,L00014,122328.99,0.05073,300,126,175109.46,2025-05-02T07:00:00Z
2025-05-31,L00014,121851.69,0.05073,300,127,175109.46,2025-06-02T07:00:00Z
2025-06-30,L00014,121372.36,0.05073,300,128,175109.46,2025-07-02T07:00:00Z
2025-07-31,L00014,120891.01,0.05073,300,129,175109.46,2025-08-02T07:00:00Z
2025-08-31,L00014,120407.63,0.05073,300,130,175109.46,2025-09-02T07:00:00Z
2025-09-30,L00014,119922.2,0.05073,300,131,175109.46,2025-10-02T07:00:00Z
2024-01-31,L00015,361326.83,0.05602,360,20,369626.4,2024-02-02T07:00:00Z
2024-02-29,L00015,360891.21,0.05602,360,21,369626.4,2024-03-02T07:00:00Z
2024-03-31,L00015,360453.56,0.05602,360,22,369626.4,2024-04-02T07:00:00Z
2024-04-30,L00015,360013.86,0.05602,360,23,369626.4,2024-05-02T07:00:00Z
2024-05-31,L00015,359572.11,0.05602,360,24,369626.4,2024-06-02T07:00:00Z
2024-06-30,L00015,359128.3,0.05602,360,25,369626.4,2024-07-02T07:00:00Z
2024-07-31,L00015,358682.42,0.05602,360,26,369626.4,2024-08-02T07:00:00Z
2024-08-31,L00015,358234.46,0.05602,360,27,369626.4,2024-09-02T07:00:00Z
2024-09-30,L00015,357784.4,0.05602,360,28,369626.4,2024-10-02T07:00:00Z
2024-10-31,L00015,357332.24,0.05602,360,29,369626.4,2024-11-02T07:00:00Z
2024-11-30,L00015,356877.98,0.05602,360,30,369626.4,2024-12-02T07:00:00Z
2024-12-31,L00015,356421.59,0.05602,360,31,369626.4,2025-01-02T07:00:00Z
2025-01-31,L00015,355963.07,0.05602,360,32,369626.4,2025-02-02T07:00:00Z
2025-02-28,L00015,355502.41,0.05602,360,33,369626.4,2025-03-02T07:00:00Z
2025-03-31,L00015,355039.6,0.05602,360,34,369626.4,2025-04-02T07:00:00Z
2025-04-30,L00015,354574.63,0.05602,360,35,369626.4,2025-05-02T07:00:00Z
2025-05-31,L00015,354107.49,0.05602,360,36,369626.4,2025-06-02T07:00:00Z
2025-06-30,L00015,353638.17,0.05602,360,37,369626.4,2025-07-02T07:00:00Z
2025-07-31,L00015,353166.65,0.05602,360,38,369626.4,2025-08-02T07:00:00Z
2025-08-31,L00015,352692.94,0.05602,360,39,369626.4,2025-09-02T07:00:00Z
2025-09-30,L00015,352217.01,0.05602,360,40,369626.4,2025-10-02T07:00:00Z
2024-01-31,L00016,102715.42,0.0464,360,166,146322.9,2024-02-02T07:00:00Z
2024-02-29,L00016,102358.97,0.0464,360,167,146322.9,2024-03-02T07:00:00Z
2024-03-31,L00016,102001.14,0.0464,360,168,146322.9,2024-04-02T07:00:00Z
2024-04-30,L00016,101641.92,0.0464,360,169,146322.9,2024-05-02T07:00:00Z
2024-05-31,L00016,101281.32,0.0464,360,170,146322.9,2024-06-02T07:00:00Z
2024-06-30,L00016,100919.32,0.0464,360,171,146322.9,2024-07-02T07:00:00Z
2024-07-31,L00016,100555.93,0.0464,360,172,146322.9,2024-08-02T07:00:00Z
2024-08-31,L00016,100191.12,0.0464,360,173,146322.9,2024-09-02T07:00:00Z
2024-09-30,L00016,99824.91,0.0464,360,174,146322.9,2024-10-02T07:00:00Z
2024-10-31,L00016,99457.28,0.0464,360,175,146322.9,2024-11-02T07:00:00Z
2024-11-30,L00016,99088.23,0.0464,360,176,146322.9,2024-12-02T07:00:00Z
2024-12-31,L00016,98717.76,0.0464,360,177,146322.9,2025-01-02T07:00:00Z
2025-01-31,L00016,98345.85,0.0464,360,178,146322.9,2025-02-02T07:00:00Z
2025-02-28,L00016,97972.5,0.0464,360,179,146322.9,2025-03-02T07:00:00Z
2025-03-31,L00016,97597.71,0.0464,360,180,146322.9,2025-04-02T07:00:00Z
2025-04-30,L00016,97221.47,0.0464,360,181,146322.9,2025-05-02T07:00:00Z
2025-05-31,L00016,96843.77,0.0464,360,182,146322.9,2025-06-02T07:00:00Z
2025-06-30,L00016,96464.62,0.0464,360,183,146322.9,2025-07-02T07:00:00Z
2025-07-31,L00016,96084.0,0.0464,360,184,146322.9,2025-08-02T07:00:00Z
2025-08-31,L00016,95701.9,0.0464,360,185,146322.9,2025-09-02T07:00:00Z
2025-09-30,L00016,95318.33,0.0464,360,186,146322.9,2025-10-02T07:00:00Z
2024-01-31,L00017,343552.26,0.04711,180,90,585012.78,2024-02-02T07:00:00Z
2024-02-29,L00017,337819.29,0.04711,180,91,585012.78,2024-03-02T07:00:00Z
2024-03-31,L00017,334640.77,0.04711,180,92,585012.78,2024-04-02T07:00:00Z
2024-04-30,L00017,331449.77,0.04711,180,93,585012.78,2024-05-02T07:00:00Z
2024-05-31,L00017,328246.25,0.04711,180,94,585012.78,2024-06-02T07:00:00Z
2024-06-30,L00017,325030.15,0.04711,180,95,585012.78,2024-07-02T07:00:00Z
2024-07-31,L00017,321801.42,0.04711,180,96,585012.78,2024-08-02T07:00:00Z
2024-08-31,L00017,318560.02,0.04711,180,97,585012.78,2024-09-02T07:00:00Z
2024-09-30,L00017,315305.89,0.04711,180,98,585012.78,2024-10-02T07:00:00Z
2024-10-31,L00017,312038.99,0.04711,180,99,585012.78,2024-11-02T07:00:00Z
2024-11-30,L00017,308759.26,0.04711,180,100,585012.78,2024-12-02T07:00:00Z
2024-12-31,L00017,305466.66,0.04711,180,101,585012.78,2025-01-02T07:00:00Z
2025-01-31,L00017,302161.13,0.04711,180,102,585012.78,2025-02-02T07:00:00Z
2025-02-28,L00017,298842.62,0.04711,180,103,585012.78,2025-03-02T07:00:00Z
2025-03-31,L00017,295511.09,0.04711,180,104,585012.78,2025-04-02T07:00:00Z
2025-04-30,L00017,292166.47,0.04711,180,105,585012.78,2025-05-02T07:00:00Z
2025-05-31,L00017,288808.73,0.04711,180,106,585012.78,2025-06-02T07:00:00Z
2025-06-30,L00017,285437.8,0.04711,180,107,585012.78,2025-07-02T07:00:00Z
2025-07-31,L00017,282053.64,0.04711,180,108,585012.78,2025-08-02T07:00:00Z
2025-08-31,L00017,278656.2,0.04711,180,109,585012.78,2025-09-02T07:00:00Z
2025-09-30,L00017,275245.42,0.04711,180,110,585012.78,2025-10-02T07:00:00Z
2024-01-31,L00018,69605.98,0.05179,360,190,105637.94,2024-02-02T07:00:00Z
2024-02-29,L00018,64937.39,0.05179,360,191,105637.94,2024-03-02T07:00:00Z
2024-03-31,L00018,64675.6,0.05179,360,192,105637.94,2024-04-02T07:00:00Z
2024-04-30,L00018,64412.67,0.05179,360,193,105637.94,2024-05-02T07:00:00Z
2024-05-31,L00018,64148.61,0.05179,360,194,105637.94,2024-06-02T07:00:00Z
2024-06-30,L00018,63883.42,0.05179,360,195,105637.94,2024-07-02T07:00:00Z
2024-07-31,L00018,63617.07,0.05179,360,196,105637.94,2024-08-02T07:00:00Z
2024-08-31,L00018,63349.58,0.05179,360,197,105637.94,2024-09-02T07:00:00Z
2024-09-30,L00018,63080.94,0.05179,360,198,105637.94,2024-10-02T07:00:00Z
2024-10-31,L00018,62811.13,0.05179,360,199,105637.94,2024-11-02T07:00:00Z
2024-11-30,L00018,62540.16,0.05179,360,200,105637.94,2024-12-02T07:00:00Z
2024-12-31,L00018,62268.02,0.05179,360,201,105637.94,2025-01-02T07:00:00Z
2025-01-31,L00018,61994.71,0.05179,360,202,105637.94,2025-02-02T07:00:00Z
2025-02-28,L00018,61720.21,0.05179,360,203,105637.94,2025-03-02T07:00:00Z
2025-03-31,L00018,61444.53,0.05179,360,204,105637.94,2025-04-02T07:00:00Z
2025-04-30,L00018,61167.67,0.05179,360,205,105637.94,2025-05-02T07:00:00Z
2025-05-31,L00018,60889.6,0.05179,360,206,105637.94,2025-06-02T07:00:00Z
2025-06-30,L00018,60610.34,0.05179,360,207,105637.94,2025-07-02T07:00:00Z
2025-07-31,L00018,60329.87,0.05179,360,208,105637.94,2025-08-02T07:00:00Z
2025-08-31,L00018,60048.19,0.05179,360,209,105637.94,2025-09-02T07:00:00Z
2025-09-30,L00018,59765.3,0.05179,360,210,105637.94,2025-10-02T07:00:00Z
2024-01-31,L00019,161723.15,0.04132,360,81,186147.54,2024-02-02T07:00:00Z
2024-02-29,L00019,161377.09,0.04132,360,82,186147.54,2024-03-02T07:00:00Z
2024-03-31,L00019,161029.85,0.04132,360,83,186147.54,2024-04-02T07:00:00Z
2024-04-30,L00019,160681.41,0.04132,360,84,186147.54,2024-05-02T07:00:00Z
2024-05-31,L00019,160331.77,0.04132,360,85,186147.54,2024-06-02T07:00:00Z
2024-06-30,L00019,159980.92,0.04132,360,86,186147.54,2024-07-02T07:00:00Z
2024-07-31,L00019,159628.87,0.04132,360,87,186147.54,2024-08-02T07:00:00Z
2024-08-31,L00019,159275.6,0.04132,360,88,186147.54,2024-09-02T07:00:00Z
2024-09-30,L00019,158921.12,0.04132,360,89,186147.54,2024-10-02T07:00:00Z
2024-10-31,L00019,158565.42,0.04132,360,90,186147.54,2024-11-02T07:00:00Z
2024-11-30,L00019,158208.49,0.04132,360,91,186147.54,2024-12-02T07:00:00Z
2024-12-31,L00019,157850.33,0.04132,360,92,186147.54,2025-01-02T07:00:00Z
2025-01-31,L00019,157490.95,0.04132,360,93,186147.54,2025-02-02T07:00:00Z
2025-02-28,L00019,157130.32,0.04132,360,94,186147.54,2025-03-02T07:00:00Z
2025-03-31,L00019,152534.99,0.04132,360,95,186147.54,2025-04-02T07:00:00Z
2025-04-30,L00019,152181.68,0.04132,360,96,186147.54,2025-05-02T07:00:00Z
2025-05-31,L00019,151827.16,0.04132,360,97,186147.54,2025-06-02T07:00:00Z
2025-06-30,L00019,151471.41,0.04132,360,98,186147.54,2025-07-02T07:00:00Z
2025-07-31,L00019,151114.44,0.04132,360,99,186147.54,2025-08-02T07:00:00Z
2025-08-31,L00019,150756.24,0.04132,360,100,186147.54,2025-09-02T07:00:00Z
2025-09-30,L00019,150396.8,0.04132,360,101,186147.54,2025-10-02T07:00:00Z
2024-01-31,L00020,302744.26,0.04599,360,148,407439.06,2024-02-02T07:00:00Z
2024-02-29,L00020,301816.06,0.04599,360,149,407439.06,2024-03-02T07:00:00Z
2024-03-31,L00020,300884.3,0.04599,360,150,407439.06,2024-04-02T07:00:00Z
2024-04-30,L00020,299948.97,0.04599,360,151,407439.06,2024-05-02T07:00:00Z
2024-05-31,L00020,299010.05,0.04599,360,152,407439.06,2024-06-02T07:00:00Z
2024-06-30,L00020,298067.54,0.04599,360,153,407439.06,2024-07-02T07:00:00Z
2024-07-31,L00020,297121.41,0.04599,360,154,407439.06,2024-08-02T07:00:00Z
2024-08-31,L00020,296171.66,0.04599,360,155,407439.06,2024-09-02T07:00:00Z
2024-09-30,L00020,295218.27,0.04599,360,156,407439.06,2024-10-02T07:00:00Z
2024-10-31,L00020,294261.22,0.04599,360,157,407439.06,2024-11-02T07:00:00Z
2024-11-30,L00020,293300.51,0.04599,360,158,407439.06,2024-12-02T07:00:00Z
2024-12-31,L00020,292336.11,0.04599,360,159,407439.06,2025-01-02T07:00:00Z
2025-01-31,L00020,291368.02,0.04599,360,160,407439.06,2025-02-02T07:00:00Z
2025-02-28,L00020,290396.22,0.04599,360,161,407439.06,2025-03-02T07:00:00Z
2025-03-31,L00020,289420.69,0.04599,360,162,407439.06,2025-04-02T07:00:00Z
2025-04-30,L00020,288441.43,0.04599,360,163,407439.06,2025-05-02T07:00:00Z
2025-05-31,L00020,287458.41,0.04599,360,164,407439.06,2025-06-02T07:00:00Z
2025-06-30,L00020,286471.63,0.04599,360,165,407439.06,2025-07-02T07:00:00Z
2025-07-31,L00020,285481.06,0.04599,360,166,407439.06,2025-08-02T07:00:00Z
2025-08-31,L00020,281990.53,0.04599,360,167,407439.06,2025-09-02T07:00:00Z
2025-09-30,L00020,281001.12,0.04599,360,168,407439.06,2025-10-02T07:00:00Z
2024-01-31,L00021,146894.94,0.06477,360,73,159839.05,2024-02-02T07:00:00Z
2024-02-29,L00021,146679.93,0.06477,360,74,159839.05,2024-03-02T07:00:00Z
2024-03-31,L00021,146463.76,0.06477,360,75,159839.05,2024-04-02T07:00:00Z
2024-04-30,L00021,146246.42,0.06477,360,76,159839.05,2024-05-02T07:00:00Z
2024-05-31,L00021,146027.91,0.06477,360,77,159839.05,2024-06-02T07:00:00Z
2024-06-30,L00021,145808.23,0.06477,360,78,159839.05,2024-07-02T07:00:00Z
2024-07-31,L00021,145587.35,0.06477,360,79,159839.05,2024-08-02T07:00:00Z
2024-08-31,L00021,145365.28,0.06477,360,80,159839.05,2024-09-02T07:00:00Z
2024-09-30,L00021,145142.02,0.06477,360,81,159839.05,2024-10-02T07:00:00Z
2024-10-31,L00021,144917.55,0.06477,360,82,159839.05,2024-11-02T07:00:00Z
2024-11-30,L00021,144691.86,0.06477,360,83,159839.05,2024-12-02T07:00:00Z
2024-12-31,L00021,144464.96,0.06477,360,84,159839.05,2025-01-02T07:00:00Z
2025-01-31,L00021,144236.84,0.06477,360,85,159839.05,2025-02-02T07:00:00Z
2025-02-28,L00021,144007.48,0.06477,360,86,159839.05,2025-03-02T07:00:00Z
2025-03-31,L00021,143776.89,0.06477,360,87,159839.05,2025-04-02T07:00:00Z
2025-04-30,L00021,143545.05,0.06477,360,88,159839.05,2025-05-02T07:00:00Z
2025-05-31,L00021,143311.96,0.06477,360,89,159839.05,2025-06-02T07:00:00Z
2025-06-30,L00021,143077.61,0.06477,360,90,159839.05,2025-07-02T07:00:00Z
2025-07-31,L00021,142841.99,0.06477,360,91,159839.05,2025-08-02T07:00:00Z
2025-08-31,L00021,142605.11,0.06477,360,92,159839.05,2025-09-02T07:00:00Z
2025-09-30,L00021,142366.94,0.06477,360,93,159839.05,2025-10-02T07:00:00Z
2024-01-31,L00022,183747.29,0.04591,360,157,254506.58,2024-02-02T07:00:00Z
2024-02-29,L00022,183146.94,0.04591,360,158,254506.58,2024-03-02T07:00:00Z
2024-03-31,L00022,182544.28,0.04591,360,159,254506.58,2024-04-02T07:00:00Z
2024-04-30,L00022,181939.32,0.04591,360,160,254506.58,2024-05-02T07:00:00Z
2024-05-31,L00022,181332.04,0.04591,360,161,254506.58,2024-06-02T07:00:00Z
2024-06-30,L00022,180722.44,0.04591,360,162,254506.58,2024-07-02T07:00:00Z
2024-07-31,L00022,180110.51,0.04591,360,163,254506.58,2024-08-02T07:00:00Z
2024-08-31,L00022,179496.24,0.04591,360,164,254506.58,2024-09-02T07:00:00Z
2024-09-30,L00022,178879.62,0.04591,360,165,254506.58,2024-10-02T07:00:00Z
2024-10-31,L00022,178260.64,0.04591,360,166,254506.58,2024-11-02T07:00:00Z
2024-11-30,L00022,177639.29,0.04591,360,167,254506.58,2024-12-02T07:00:00Z
2024-12-31,L00022,177015.56,0.04591,360,168,254506.58,2025-01-02T07:00:00Z
2025-01-31,L00022,176389.45,0.04591,360,169,254506.58,2025-02-02T07:00:00Z
2025-02-28,L00022,175760.94,0.04591,360,170,254506.58,2025-03-02T07:00:00Z
2025-03-31,L00022,175130.03,0.04591,360,171,254506.58,2025-04-02T07:00:00Z
2025-04-30,L00022,174496.7,0.04591,360,172,254506.58,2025-05-02T07:00:00Z
2025-05-31,L00022,173860.95,0.04591,360,173,254506.58,2025-06-02T07:00:00Z
2025-06-30,L00022,173222.77,0.04591,360,174,254506.58,2025-07-02T07:00:00Z
2025-07-31,L00022,172582.14,0.04591,360,175,254506.58,2025-08-02T07:00:00Z
2025-08-31,L00022,171939.07,0.04591,360,176,254506.58,2025-09-02T07:00:00Z
2025-09-30,L00022,171293.53,0.04591,360,177,254506.58,2025-10-02T07:00:00Z
2024-01-31,L00023,74364.2,0.06004,180,156,390487.65,2024-02-02T07:00:00Z
2024-02-29,L00023,71440.27,0.06004,180,157,390487.65,2024-03-02T07:00:00Z
2024-03-31,L00023,68501.7,0.06004,180,158,390487.65,2024-04-02T07:00:00Z
2024-04-30,L00023,65548.44,0.06004,180,159,390487.65,2024-05-02T07:00:00Z
2024-05-31,L00023,62580.4,0.06004,180,160,390487.65,2024-06-02T07:00:00Z
2024-06-30,L00023,59597.51,0.06004,180,161,390487.65,2024-07-02T07:00:00Z
2024-07-31,L00023,56599.7,0.06004,180,162,390487.65,2024-08-02T07:00:00Z
2024-08-31,L00023,53586.88,0.06004,180,163,390487.65,2024-09-02T07:00:00Z
2024-09-30,L00023,50558.99,0.06004,180,164,390487.65,2024-10-02T07:00:00Z
2024-10-31,L00023,47515.96,0.06004,180,165,390487.65,2024-11-02T07:00:00Z
2024-11-30,L00023,44457.7,0.06004,180,166,390487.65,2024-12-02T07:00:00Z
2024-12-31,L00023,41384.13,0.06004,180,167,390487.65,2025-01-02T07:00:00Z
2025-01-31,L00023,38295.19,0.06004,180,168,390487.65,2025-02-02T07:00:00Z
2025-02-28,L00023,35190.79,0.06004,180,169,390487.65,2025-03-02T07:00:00Z
2025-03-31,L00023,32070.86,0.06004,180,170,390487.65,2025-04-02T07:00:00Z
2025-04-30,L00023,28935.32,0.06004,180,171,390487.65,2025-05-02T07:00:00Z
2025-05-31,L00023,25784.1,0.06004,180,172,390487.65,2025-06-02T07:00:00Z
2025-06-30,L00023,22617.1,0.06004,180,173,390487.65,2025-07-02T07:00:00Z
2025-07-31,L00023,19434.26,0.06004,180,174,390487.65,2025-08-02T07:00:00Z
2025-08-31,L00023,16235.5,0.06004,180,175,390487.65,2025-09-02T07:00:00Z
2025-09-30,L00023,13020.73,0.06004,180,176,390487.65,2025-10-02T07:00:00Z
2024-01-31,L00024,432041.32,0.06284,360,9,435817.07,2024-02-02T07:00:00Z
2024-02-29,L00024,431610.73,0.06284,360,10,435817.07,2024-03-02T07:00:00Z
2024-03-31,L00024,431177.89,0.06284,360,11,435817.07,2024-04-02T07:00:00Z
2024-04-30,L00024,430742.78,0.06284,360,12,435817.07,2024-05-02T07:00:00Z
2024-05-31,L00024,430305.39,0.06284,360,13,435817.07,2024-06-02T07:00:00Z
2024-06-30,L00024,429865.71,0.06284,360,14,435817.07,2024-07-02T07:00:00Z
2024-07-31,L00024,429423.73,0.06284,360,15,435817.07,2024-08-02T07:00:00Z
2024-08-31,L00024,428979.43,0.06284,360,16,435817.07,2024-09-02T07:00:00Z
2024-09-30,L00024,428532.81,0.06284,360,17,435817.07,2024-10-02T07:00:00Z
2024-10-31,L00024,428083.85,0.06284,360,18,435817.07,2024-11-02T07:00:00Z
2024-11-30,L00024,427632.53,0.06284,360,19,435817.07,2024-12-02T07:00:00Z
2024-12-31,L00024,427178.86,0.06284,360,20,435817.07,2025-01-02T07:00:00Z
2025-01-31,L00024,426722.8,0.06284,360,21,435817.07,2025-02-02T07:00:00Z
2025-02-28,L00024,426264.36,0.06284,360,22,435817.07,2025-03-02T07:00:00Z
2025-03-31,L00024,425803.52,0.06284,360,23,435817.07,2025-04-02T07:00:00Z
2025-04-30,L00024,425340.27,0.06284,360,24,435817.07,2025-05-02T07:00:00Z
2025-05-31,L00024,424874.59,0.06284,360,25,435817.07,2025-06-02T07:00:00Z
2025-06-30,L00024,424406.47,0.06284,360,26,435817.07,2025-07-02T07:00:00Z
2025-07-31,L00024,423935.9,0.06284,360,27,435817.07,2025-08-02T07:00:00Z
2025-08-31,L00024,423462.87,0.06284,360,28,435817.07,2025-09-02T07:00:00Z
2025-09-30,L00024,422987.35,0.06284,360,29,435817.07,2025-10-02T07:00:00Z
2024-01-31,L00025,449109.49,0.05224,360,130,562045.8,2024-02-02T07:00:00Z
2024-02-29,L00025,447970.02,0.05224,360,131,562045.8,2024-03-02T07:00:00Z
2024-03-31,L00025,446825.59,0.05224,360,132,562045.8,2024-04-02T07:00:00Z
2024-04-30,L00025,445676.18,0.05224,360,133,562045.8,2024-05-02T07:00:00Z
2024-05-31,L00025,444521.77,0.05224,360,134,562045.8,2024-06-02T07:00:00Z
2024-06-30,L00025,443362.32,0.05224,360,135,562045.8,2024-07-02T07:00:00Z
2024-07-31,L00025,442197.84,0.05224,360,136,562045.8,2024-08-02T07:00:00Z
2024-08-31,L00025,441028.28,0.05224,360,137,562045.8,2024-09-02T07:00:00Z
2024-09-30,L00025,439853.63,0.05224,360,138,562045.8,2024-10-02T07:00:00Z
2024-10-31,L00025,438673.86,0.05224,360,139,562045.8,2024-11-02T07:00:00Z
2024-11-30,L00025,437488.96,0.05224,360,140,562045.8,2024-12-02T07:00:00Z
2024-12-31,L00025,436298.91,0.05224,360,141,562045.8,2025-01-02T07:00:00Z
2025-01-31,L00025,435103.67,0.05224,360,142,562045.8,2025-02-02T07:00:00Z
2025-02-28,L00025,433903.23,0.05224,360,143,562045.8,2025-03-02T07:00:00Z
2025-03-31,L00025,432697.56,0.05224,360,144,562045.8,2025-04-02T07:00:00Z
2025-04-30,L00025,431486.64,0.05224,360,145,562045.8,2025-05-02T07:00:00Z
2025-05-31,L00025,430270.46,0.05224,360,146,562045.8,2025-06-02T07:00:00Z
2025-06-30,L00025,429048.97,0.05224,360,147,562045.8,2025-07-02T07:00:00Z
2025-07-31,L00025,427822.17,0.05224,360,148,562045.8,2025-08-02T07:00:00Z
2025-08-31,L00025,426590.03,0.05224,360,149,562045.8,2025-09-02T07:00:00Z
2025-09-30,L00025,425352.53,0.05224,360,150,562045.8,2025-10-02T07:00:00Z
2024-01-31,L00026,164937.36,0.05366,300,80,194608.81,2024-02-02T07:00:00Z
2024-02-29,L00026,164495.36,0.05366,300,81,194608.81,2024-03-02T07:00:00Z
2024-03-31,L00026,164051.39,0.05366,300,82,194608.81,2024-04-02T07:00:00Z
2024-04-30,L00026,163605.43,0.05366,300,83,194608.81,2024-05-02T07:00:00Z
2024-05-31,L00026,163157.47,0.05366,300,84,194608.81,2024-06-02T07:00:00Z
2024-06-30,L00026,162707.51,0.05366,300,85,194608.81,2024-07-02T07:00:00Z
2024-07-31,L00026,162255.54,0.05366,300,86,194608.81,2024-08-02T07:00:00Z
2024-08-31,L00026,161801.55,0.05366,300,87,194608.81,2024-09-02T07:00:00Z
2024-09-30,L00026,161345.52,0.05366,300,88,194608.81,2024-10-02T07:00:00Z
2024-10-31,L00026,160887.46,0.05366,300,89,194608.81,2024-11-02T07:00:00Z
2024-11-30,L00026,160427.35,0.05366,300,90,194608.81,2024-12-02T07:00:00Z
2024-12-31,L00026,159965.18,0.05366,300,91,194608.81,2025-01-02T07:00:00Z
2025-01-31,L00026,159500.95,0.05366,300,92,194608.81,2025-02-02T07:00:00Z
2025-02-28,L00026,159034.64,0.05366,300,93,194608.81,2025-03-02T07:00:00Z
2025-03-31,L00026,158566.24,0.05366,300,94,194608.81,2025-04-02T07:00:00Z
2025-04-30,L00026,158095.75,0.05366,300,95,194608.81,2025-05-02T07:00:00Z
2025-05-31,L00026,157623.16,0.05366,300,96,194608.81,2025-06-02T07:00:00Z
2025-06-30,L00026,157148.45,0.05366,300,97,194608.81,2025-07-02T07:00:00Z
2025-07-31,L00026,156671.62,0.05366,300,98,194608.81,2025-08-02T07:00:00Z
2025-08-31,L00026,156192.66,0.05366,300,99,194608.81,2025-09-02T07:00:00Z
2025-09-30,L00026,155711.56,0.05366,300,100,194608.81,2025-10-02T07:00:00Z
2024-01-31,L00027,250786.31,0.04299,360,143,336392.42,2024-02-02T07:00:00Z
2024-02-29,L00027,250020.24,0.04299,360,144,336392.42,2024-03-02T07:00:00Z
2024-03-31,L00027,249251.42,0.04299,360,145,336392.42,2024-04-02T07:00:00Z
2024-04-30,L00027,248479.85,0.04299,360,146,336392.42,2024-05-02T07:00:00Z
2024-05-31,L00027,247705.52,0.04299,360,147,336392.42,2024-06-02T07:00:00Z
2024-06-30,L00027,246928.41,0.04299,360,148,336392.42,2024-07-02T07:00:00Z
2024-07-31,L00027,246148.52,0.04299,360,149,336392.42,2024-08-02T07:00:00Z
2024-08-31,L00027,245365.83,0.04299,360,150,336392.42,2024-09-02T07:00:00Z
2024-09-30,L00027,244580.35,0.04299,360,151,336392.42,2024-10-02T07:00:00Z
2024-10-31,L00027,243792.04,0.04299,360,152,336392.42,2024-11-02T07:00:00Z
2024-11-30,L00027,243000.91,0.04299,360,153,336392.42,2024-12-02T07:00:00Z
2024-12-31,L00027,242206.95,0.04299,360,154,336392.42,2025-01-02T07:00:00Z
2025-01-31,L00027,241410.15,0.04299,360,155,336392.42,2025-02-02T07:00:00Z
2025-02-28,L00027,240610.49,0.04299,360,156,336392.42,2025-03-02T07:00:00Z
2025-03-31,L00027,239807.96,0.04299,360,157,336392.42,2025-04-02T07:00:00Z
2025-04-30,L00027,239002.56,0.04299,360,158,336392.42,2025-05-02T07:00:00Z
2025-05-31,L00027,234820.93,0.04299,360,159,336392.42,2025-06-02T07:00:00Z
2025-06-30,L00027,234021.23,0.04299,360,160,336392.42,2025-07-02T07:00:00Z
2025-07-31,L00027,233218.67,0.04299,360,161,336392.42,2025-08-02T07:00:00Z
2025-08-31,L00027,230925.83,0.04299,360,162,336392.42,2025-09-02T07:00:00Z
2025-09-30,L00027,230122.69,0.04299,360,163,336392.42,2025-10-02T07:00:00Z
2024-01-31,L00028,388311.21,0.07035,360,198,557062.35,2024-02-02T07:00:00Z
2024-02-29,L00028,386868.43,0.07035,360,199,557062.35,2024-03-02T07:00:00Z
2024-03-31,L00028,385417.19,0.07035,360,200,557062.35,2024-04-02T07:00:00Z
2024-04-30,L00028,383957.44,0.07035,360,201,557062.35,2024-05-02T07:00:00Z
2024-05-31,L00028,382489.14,0.07035,360,202,557062.35,2024-06-02T07:00:00Z
2024-06-30,L00028,381012.23,0.07035,360,203,557062.35,2024-07-02T07:00:00Z
2024-07-31,L00028,379526.66,0.07035,360,204,557062.35,2024-08-02T07:00:00Z
2024-08-31,L00028,378032.38,0.07035,360,205,557062.35,2024-09-02T07:00:00Z
2024-09-30,L00028,376529.35,0.07035,360,206,557062.35,2024-10-02T07:00:00Z
2024-10-31,L00028,375017.5,0.07035,360,207,557062.35,2024-11-02T07:00:00Z
2024-11-30,L00028,373496.78,0.07035,360,208,557062.35,2024-12-02T07:00:00Z
2024-12-31,L00028,371967.15,0.07035,360,209,557062.35,2025-01-02T07:00:00Z
2025-01-31,L00028,370428.56,0.07035,360,210,557062.35,2025-02-02T07:00:00Z
2025-02-28,L00028,368880.94,0.07035,360,211,557062.35,2025-03-02T07:00:00Z
2025-03-31,L00028,367324.25,0.07035,360,212,557062.35,2025-04-02T07:00:00Z
2025-04-30,L00028,365758.44,0.07035,360,213,557062.35,2025-05-02T07:00:00Z
2025-05-31,L00028,364183.45,0.07035,360,214,557062.35,2025-06-02T07:00:00Z
2025-06-30,L00028,362599.22,0.07035,360,215,557062.35,2025-07-02T07:00:00Z
2025-07-31,L00028,361005.7,0.07035,360,216,557062.35,2025-08-02T07:00:00Z
2025-08-31,L00028,359402.84,0.07035,360,217,557062.35,2025-09-02T07:00:00Z
2025-09-30,L00028,357790.59,0.07035,360,218,557062.35,2025-10-02T07:00:00Z
2024-01-31,L00029,280015.71,0.05852,300,152,418806.1,2024-02-02T07:00:00Z
2024-02-29,L00029,278720.65,0.05852,300,153,418806.1,2024-03-02T07:00:00Z
2024-03-31,L00029,277419.26,0.05852,300,154,418806.1,2024-04-02T07:00:00Z
2024-04-30,L00029,276111.53,0.05852,300,155,418806.1,2024-05-02T07:00:00Z
2024-05-31,L00029,274797.42,0.05852,300,156,418806.1,2024-06-02T07:00:00Z
2024-06-30,L00029,273476.91,0.05852,300,157,418806.1,2024-07-02T07:00:00Z
2024-07-31,L00029,272149.95,0.05852,300,158,418806.1,2024-08-02T07:00:00Z
2024-08-31,L00029,270816.52,0.05852,300,159,418806.1,2024-09-02T07:00:00Z
2024-09-30,L00029,268222.3,0.05852,300,160,418806.1,2024-10-02T07:00:00Z
2024-10-31,L00029,266882.1,0.05852,300,161,418806.1,2024-11-02T07:00:00Z
2024-11-30,L00029,265535.37,0.05852,300,162,418806.1,2024-12-02T07:00:00Z
2024-12-31,L00029,264182.07,0.05852,300,163,418806.1,2025-01-02T07:00:00Z
2025-01-31,L00029,262822.17,0.05852,300,164,418806.1,2025-02-02T07:00:00Z
2025-02-28,L00029,261455.63,0.05852,300,165,418806.1,2025-03-02T07:00:00Z
2025-03-31,L00029,260082.44,0.05852,300,166,418806.1,2025-04-02T07:00:00Z
2025-04-30,L00029,258702.55,0.05852,300,167,418806.1,2025-05-02T07:00:00Z
2025-05-31,L00029,257315.92,0.05852,300,168,418806.1,2025-06-02T07:00:00Z
2025-06-30,L00029,255922.54,0.05852,300,169,418806.1,2025-07-02T07:00:00Z
2025-07-31,L00029,254522.36,0.05852,300,170,418806.1,2025-08-02T07:00:00Z
2025-08-31,L00029,253115.35,0.05852,300,171,418806.1,2025-09-02T07:00:00Z
2025-09-30,L00029,251701.49,0.05852,300,172,418806.1,2025-10-02T07:00:00Z
2024-01-31,L00030,215422.82,0.04739,300,79,256906.49,2024-02-02T07:00:00Z
2024-02-29,L00030,214810.52,0.04739,300,80,256906.49,2024-03-02T07:00:00Z
2024-03-31,L00030,214195.79,0.04739,300,81,256906.49,2024-04-02T07:00:00Z
2024-04-30,L00030,213578.65,0.04739,300,82,256906.49,2024-05-02T07:00:00Z
2024-05-31,L00030,212959.06,0.04739,300,83,256906.49,2024-06-02T07:00:00Z
2024-06-30,L00030,212337.03,0.04739,300,84,256906.49,2024-07-02T07:00:00Z
2024-07-31,L00030,211712.54,0.04739,300,85,256906.49,2024-08-02T07:00:00Z
2024-08-31,L00030,211085.58,0.04739,300,86,256906.49,2024-09-02T07:00:00Z
2024-09-30,L00030,210456.15,0.04739,300,87,256906.49,2024-10-02T07:00:00Z
2024-10-31,L00030,209824.23,0.04739,300,88,256906.49,2024-11-02T07:00:00Z
2024-11-30,L00030,209189.82,0.04739,300,89,256906.49,2024-12-02T07:00:00Z
2024-12-31,L00030,208552.9,0.04739,300,90,256906.49,2025-01-02T07:00:00Z
2025-01-31,L00030,207913.47,0.04739,300,91,256906.49,2025-02-02T07:00:00Z
2025-02-28,L00030,207271.51,0.04739,300,92,256906.49,2025-03-02T07:00:00Z
2025-03-31,L00030,206627.02,0.04739,300,93,256906.49,2025-04-02T07:00:00Z
2025-04-30,L00030,205979.98,0.04739,300,94,256906.49,2025-05-02T07:00:00Z
2025-05-31,L00030,205330.38,0.04739,300,95,256906.49,2025-06-02T07:00:00Z
2025-06-30,L00030,204678.22,0.04739,300,96,256906.49,2025-07-02T07:00:00Z
2025-07-31,L00030,204023.49,0.04739,300,97,256906.49,2025-08-02T07:00:00Z
2025-08-31,L00030,203366.17,0.04739,300,98,256906.49,2025-09-02T07:00:00Z
2025-09-30,L00030,202706.25,0.04739,300,99,256906.49,2025-10-02T07:00:00Z
2024-01-31,L00031,413814.41,0.0584,360,142,523361.56,2024-02-02T07:00:00Z
2024-02-29,L00031,412744.12,0.0584,360,143,523361.56,2024-03-02T07:00:00Z
2024-03-31,L00031,411668.63,0.0584,360,144,523361.56,2024-04-02T07:00:00Z
2024-04-30,L00031,410587.9,0.0584,360,145,523361.56,2024-05-02T07:00:00Z
2024-05-31,L00031,409501.91,0.0584,360,146,523361.56,2024-06-02T07:00:00Z
2024-06-30,L00031,408410.63,0.0584,360,147,523361.56,2024-07-02T07:00:00Z
2024-07-31,L00031,407314.05,0.0584,360,148,523361.56,2024-08-02T07:00:00Z
2024-08-31,L00031,406212.12,0.0584,360,149,523361.56,2024-09-02T07:00:00Z
2024-09-30,L00031,405104.84,0.0584,360,150,523361.56,2024-10-02T07:00:00Z
2024-10-31,L00031,403992.16,0.0584,360,151,523361.56,2024-11-02T07:00:00Z
2024-11-30,L00031,402874.08,0.0584,360,152,523361.56,2024-12-02T07:00:00Z
2024-12-31,L00031,401750.55,0.0584,360,153,523361.56,2025-01-02T07:00:00Z
2025-01-31,L00031,400621.55,0.0584,360,154,523361.56,2025-02-02T07:00:00Z
2025-02-28,L00031,399487.05,0.0584,360,155,523361.56,2025-03-02T07:00:00Z
2025-03-31,L00031,398347.04,0.0584,360,156,523361.56,2025-04-02T07:00:00Z
2025-04-30,L00031,397201.48,0.0584,360,157,523361.56,2025-05-02T07:00:00Z
2025-05-31,L00031,396050.34,0.0584,360,158,523361.56,2025-06-02T07:00:00Z
2025-06-30,L00031,394893.6,0.0584,360,159,523361.56,2025-07-02T07:00:00Z
2025-07-31,L00031,393731.23,0.0584,360,160,523361.56,2025-08-02T07:00:00Z
2025-08-31,L00031,392563.21,0.0584,360,161,523361.56,2025-09-02T07:00:00Z
2025-09-30,L00031,391389.5,0.0584,360,162,523361.56,2025-10-02T07:00:00Z
2024-01-31,L00032,346313.84,0.05713,300,91,417870.31,2024-02-02T07:00:00Z
2024-02-29,L00032,345343.07,0.05713,300,92,417870.31,2024-03-02T07:00:00Z
2024-03-31,L00032,344367.68,0.05713,300,93,417870.31,2024-04-02T07:00:00Z
2024-04-30,L00032,343387.64,0.05713,300,94,417870.31,2024-05-02T07:00:00Z
2024-05-31,L00032,342402.94,0.05713,300,95,417870.31,2024-06-02T07:00:00Z
2024-06-30,L00032,341413.55,0.05713,300,96,417870.31,2024-07-02T07:00:00Z
2024-07-31,L00032,340419.45,0.05713,300,97,417870.31,2024-08-02T07:00:00Z
2024-08-31,L00032,339420.61,0.05713,300,98,417870.31,2024-09-02T07:00:00Z
2024-09-30,L00032,338417.03,0.05713,300,99,417870.31,2024-10-02T07:00:00Z
2024-10-31,L00032,337408.66,0.05713,300,100,417870.31,2024-11-02T07:00:00Z
2024-11-30,L00032,336395.49,0.05713,300,101,417870.31,2024-12-02T07:00:00Z
2024-12-31,L00032,335377.5,0.05713,300,102,417870.31,2025-01-02T07:00:00Z
2025-01-31,L00032,334354.66,0.05713,300,103,417870.31,2025-02-02T07:00:00Z
2025-02-28,L00032,333326.96,0.05713,300,104,417870.31,2025-03-02T07:00:00Z
2025-03-31,L00032,332294.36,0.05713,300,105,417870.31,2025-04-02T07:00:00Z
2025-04-30,L00032,331256.84,0.05713,300,106,417870.31,2025-05-02T07:00:00Z
2025-05-31,L00032,330214.39,0.05713,300,107,417870.31,2025-06-02T07:00:00Z
2025-06-30,L00032,329166.97,0.05713,300,108,417870.31,2025-07-02T07:00:00Z
2025-07-31,L00032,328114.56,0.05713,300,109,417870.31,2025-08-02T07:00:00Z
2025-08-31,L00032,327057.15,0.05713,300,110,417870.31,2025-09-02T07:00:00Z
2025-09-30,L00032,325994.7,0.05713,300,111,417870.31,2025-10-02T07:00:00Z
2024-01-31,L00033,298620.74,0.05681,180,105,573293.53,2024-02-02T07:00:00Z
2024-02-29,L00033,295294.93,0.05681,180,106,573293.53,2024-03-02T07:00:00Z
2024-03-31,L00033,291953.38,0.05681,180,107,573293.53,2024-04-02T07:00:00Z
2024-04-30,L00033,288596.0,0.05681,180,108,573293.53,2024-05-02T07:00:00Z
2024-05-31,L00033,285222.73,0.05681,180,109,573293.53,2024-06-02T07:00:00Z
2024-06-30,L00033,281833.49,0.05681,180,110,573293.53,2024-07-02T07:00:00Z
2024-07-31,L00033,278428.21,0.05681,180,111,573293.53,2024-08-02T07:00:00Z
2024-08-31,L00033,275006.8,0.05681,180,112,573293.53,2024-09-02T07:00:00Z
2024-09-30,L00033,271569.2,0.05681,180,113,573293.53,2024-10-02T07:00:00Z
2024-10-31,L00033,268115.32,0.05681,180,114,573293.53,2024-11-02T07:00:00Z
2024-11-30,L00033,264645.09,0.05681,180,115,573293.53,2024-12-02T07:00:00Z
2024-12-31,L00033,261158.43,0.05681,180,116,573293.53,2025-01-02T07:00:00Z
2025-01-31,L00033,257655.27,0.05681,180,117,573293.53,2025-02-02T07:00:00Z
2025-02-28,L00033,254135.52,0.05681,180,118,573293.53,2025-03-02T07:00:00Z
2025-03-31,L00033,250599.11,0.05681,180,119,573293.53,2025-04-02T07:00:00Z
2025-04-30,L00033,247045.95,0.05681,180,120,573293.53,2025-05-02T07:00:00Z
2025-05-31,L00033,243475.98,0.05681,180,121,573293.53,2025-06-02T07:00:00Z
2025-06-30,L00033,239889.1,0.05681,180,122,573293.53,2025-07-02T07:00:00Z
2025-07-31,L00033,236285.25,0.05681,180,123,573293.53,2025-08-02T07:00:00Z
2025-08-31,L00033,232664.33,0.05681,180,124,573293.53,2025-09-02T07:00:00Z
2025-09-30,L00033,229026.27,0.05681,180,125,573293.53,2025-10-02T07:00:00Z
2024-01-31,L00034,569473.06,0.05143,360,51,610067.94,2024-02-02T07:00:00Z
2024-02-29,L00034,568585.23,0.05143,360,52,610067.94,2024-03-02T07:00:00Z
2024-03-31,L00034,567693.59,0.05143,360,53,610067.94,2024-04-02T07:00:00Z
2024-04-30,L00034,566798.13,0.05143,360,54,610067.94,2024-05-02T07:00:00Z
2024-05-31,L00034,565898.83,0.05143,360,55,610067.94,2024-06-02T07:00:00Z
2024-06-30,L00034,564995.68,0.05143,360,56,610067.94,2024-07-02T07:00:00Z
2024-07-31,L00034,564088.66,0.05143,360,57,610067.94,2024-08-02T07:00:00Z
2024-08-31,L00034,563177.75,0.05143,360,58,610067.94,2024-09-02T07:00:00Z
2024-09-30,L00034,562262.93,0.05143,360,59,610067.94,2024-10-02T07:00:00Z
2024-10-31,L00034,561344.2,0.05143,360,60,610067.94,2024-11-02T07:00:00Z
2024-11-30,L00034,560421.52,0.05143,360,61,610067.94,2024-12-02T07:00:00Z
2024-12-31,L00034,559494.9,0.05143,360,62,610067.94,2025-01-02T07:00:00Z
2025-01-31,L00034,558564.3,0.05143,360,63,610067.94,2025-02-02T07:00:00Z
2025-02-28,L00034,557629.71,0.05143,360,64,610067.94,2025-03-02T07:00:00Z
2025-03-31,L00034,556691.12,0.05143,360,65,610067.94,2025-04-02T07:00:00Z
2025-04-30,L00034,555748.5,0.05143,360,66,610067.94,2025-05-02T07:00:00Z
2025-05-31,L00034,554801.85,0.05143,360,67,610067.94,2025-06-02T07:00:00Z
2025-06-30,L00034,553851.14,0.05143,360,68,610067.94,2025-07-02T07:00:00Z
2025-07-31,L00034,552896.35,0.05143,360,69,610067.94,2025-08-02T07:00:00Z
2025-08-31,L00034,551937.47,0.05143,360,70,610067.94,2025-09-02T07:00:00Z
2025-09-30,L00034,550974.48,0.05143,360,71,610067.94,2025-10-02T07:00:00Z
2024-01-31,L00035,437338.62,0.05848,360,108,511632.49,2024-02-02T07:00:00Z
2024-02-29,L00035,436452.24,0.05848,360,109,511632.49,2024-03-02T07:00:00Z
2024-03-31,L00035,435561.54,0.05848,360,110,511632.49,2024-04-02T07:00:00Z
2024-04-30,L00035,434666.5,0.05848,360,111,511632.49,2024-05-02T07:00:00Z
2024-05-31,L00035,433767.1,0.05848,360,112,511632.49,2024-06-02T07:00:00Z
2024-06-30,L00035,432863.32,0.05848,360,113,511632.49,2024-07-02T07:00:00Z
2024-07-31,L00035,431955.13,0.05848,360,114,511632.49,2024-08-02T07:00:00Z
2024-08-31,L00035,431042.51,0.05848,360,115,511632.49,2024-09-02T07:00:00Z
2024-09-30,L00035,430125.45,0.05848,360,116,511632.49,2024-10-02T07:00:00Z
2024-10-31,L00035,429203.92,0.05848,360,117,511632.49,2024-11-02T07:00:00Z
2024-11-30,L00035,428277.9,0.05848,360,118,511632.49,2024-12-02T07:00:00Z
2024-12-31,L00035,427347.36,0.05848,360,119,511632.49,2025-01-02T07:00:00Z
2025-01-31,L00035,426412.29,0.05848,360,120,511632.49,2025-02-02T07:00:00Z
2025-02-28,L00035,425472.66,0.05848,360,121,511632.49,2025-03-02T07:00:00Z
2025-03-31,L00035,424528.46,0.05848,360,122,511632.49,2025-04-02T07:00:00Z
2025-04-30,L00035,423579.65,0.05848,360,123,511632.49,2025-05-02T07:00:00Z
2025-05-31,L00035,422626.22,0.05848,360,124,511632.49,2025-06-02T07:00:00Z
2025-06-30,L00035,421668.14,0.05848,360,125,511632.49,2025-07-02T07:00:00Z
2025-07-31,L00035,420705.39,0.05848,360,126,511632.49,2025-08-02T07:00:00Z
2025-08-31,L00035,419737.96,0.05848,360,127,511632.49,2025-09-02T07:00:00Z
2025-09-30,L00035,413440.85,0.05848,360,128,511632.49,2025-10-02T07:00:00Z
2024-01-31,L00036,160756.19,0.03888,360,184,254759.69,2024-02-02T07:00:00Z
2024-02-29,L00036,160077.17,0.03888,360,185,254759.69,2024-03-02T07:00:00Z
2024-03-31,L00036,159395.95,0.03888,360,186,254759.69,2024-04-02T07:00:00Z
2024-04-30,L00036,158712.53,0.03888,360,187,254759.69,2024-05-02T07:00:00Z
2024-05-31,L00036,158026.88,0.03888,360,188,254759.69,2024-06-02T07:00:00Z
2024-06-30,L00036,157339.02,0.03888,360,189,254759.69,2024-07-02T07:00:00Z
2024-07-31,L00036,156648.93,0.03888,360,190,254759.69,2024-08-02T07:00:00Z
2024-08-31,L00036,155956.6,0.03888,360,191,254759.69,2024-09-02T07:00:00Z
2024-09-30,L00036,155262.03,0.03888,360,192,254759.69,2024-10-02T07:00:00Z
2024-10-31,L00036,154565.21,0.03888,360,193,254759.69,2024-11-02T07:00:00Z
2024-11-30,L00036,153866.13,0.03888,360,194,254759.69,2024-12-02T07:00:00Z
2024-12-31,L00036,153164.79,0.03888,360,195,254759.69,2025-01-02T07:00:00Z
2025-01-31,L00036,152461.18,0.03888,360,196,254759.69,2025-02-02T07:00:00Z
2025-02-28,L00036,151755.28,0.03888,360,197,254759.69,2025-03-02T07:00:00Z
2025-03-31,L00036,151047.1,0.03888,360,198,254759.69,2025-04-02T07:00:00Z
2025-04-30,L00036,150336.62,0.03888,360,199,254759.69,2025-05-02T07:00:00Z
2025-05-31,L00036,149623.84,0.03888,360,200,254759.69,2025-06-02T07:00:00Z
2025-06-30,L00036,148908.75,0.03888,360,201,254759.69,2025-07-02T07:00:00Z
2025-07-31,L00036,148191.35,0.03888,360,202,254759.69,2025-08-02T07:00:00Z
2025-08-31,L00036,147471.62,0.03888,360,203,254759.69,2025-09-02T07:00:00Z
2025-09-30,L00036,146749.56,0.03888,360,204,254759.69,2025-10-02T07:00:00Z
2024-01-31,L00037,102051.37,0.0648,180,150,424575.7,2024-02-02T07:00:00Z
2024-02-29,L00037,98908.6,0.0648,180,151,424575.7,2024-03-02T07:00:00Z
2024-03-31,L00037,95748.87,0.0648,180,152,424575.7,2024-04-02T07:00:00Z
2024-04-30,L00037,92572.07,0.0648,180,153,424575.7,2024-05-02T07:00:00Z
2024-05-31,L00037,89378.11,0.0648,180,154,424575.7,2024-06-02T07:00:00Z
2024-06-30,L00037,86166.91,0.0648,180,155,424575.7,2024-07-02T07:00:00Z
2024-07-31,L00037,80131.43,0.0648,180,156,424575.7,2024-08-02T07:00:00Z
2024-08-31,L00037,76995.31,0.0648,180,157,424575.7,2024-09-02T07:00:00Z
2024-09-30,L00037,73842.26,0.0648,180,158,424575.7,2024-10-02T07:00:00Z
2024-10-31,L00037,70672.17,0.0648,180,159,424575.7,2024-11-02T07:00:00Z
2024-11-30,L00037,67484.97,0.0648,180,160,424575.7,2024-12-02T07:00:00Z
2024-12-31,L00037,64280.56,0.0648,180,161,424575.7,2025-01-02T07:00:00Z
2025-01-31,L00037,61058.84,0.0648,180,162,424575.7,2025-02-02T07:00:00Z
2025-02-28,L00037,57819.73,0.0648,180,163,424575.7,2025-03-02T07:00:00Z
2025-03-31,L00037,54563.13,0.0648,180,164,424575.7,2025-04-02T07:00:00Z
2025-04-30,L00037,51288.94,0.0648,180,165,424575.7,2025-05-02T07:00:00Z
2025-05-31,L00037,47997.07,0.0648,180,166,424575.7,2025-06-02T07:00:00Z
2025-06-30,L00037,44687.42,0.0648,180,167,424575.7,2025-07-02T07:00:00Z
2025-07-31,L00037,41359.9,0.0648,180,168,424575.7,2025-08-02T07:00:00Z
2025-08-31,L00037,38014.42,0.0648,180,169,424575.7,2025-09-02T07:00:00Z
2025-09-30,L00037,34650.86,0.0648,180,170,424575.7,2025-10-02T07:00:00Z
2024-01-31,L00038,81545.23,0.07122,180,133,220096.97,2024-02-02T07:00:00Z
2024-02-29,L00038,80035.86,0.07122,180,134,220096.97,2024-03-02T07:00:00Z
2024-03-31,L00038,78517.54,0.07122,180,135,220096.97,2024-04-02T07:00:00Z
2024-04-30,L00038,76990.2,0.07122,180,136,220096.97,2024-05-02T07:00:00Z
2024-05-31,L00038,75453.8,0.07122,180,137,220096.97,2024-06-02T07:00:00Z
2024-06-30,L00038,73908.29,0.07122,180,138,220096.97,2024-07-02T07:00:00Z
2024-07-31,L00038,72353.6,0.07122,180,139,220096.97,2024-08-02T07:00:00Z
2024-08-31,L00038,70789.68,0.07122,180,140,220096.97,2024-09-02T07:00:00Z
2024-09-30,L00038,69216.48,0.07122,180,141,220096.97,2024-10-02T07:00:00Z
2024-10-31,L00038,67633.94,0.07122,180,142,220096.97,2024-11-02T07:00:00Z
2024-11-30,L00038,66042.01,0.07122,180,143,220096.97,2024-12-02T07:00:00Z
2024-12-31,L00038,64440.64,0.07122,180,144,220096.97,2025-01-02T07:00:00Z
2025-01-31,L00038,62829.76,0.07122,180,145,220096.97,2025-02-02T07:00:00Z
2025-02-28,L00038,61209.31,0.07122,180,146,220096.97,2025-03-02T07:00:00Z
2025-03-31,L00038,59579.26,0.07122,180,147,220096.97,2025-04-02T07:00:00Z
2025-04-30,L00038,57939.52,0.07122,180,148,220096.97,2025-05-02T07:00:00Z
2025-05-31,L00038,56290.06,0.07122,180,149,220096.97,2025-06-02T07:00:00Z
2025-06-30,L00038,54630.8,0.07122,180,150,220096.97,2025-07-02T07:00:00Z
2025-07-31,L00038,52961.7,0.07122,180,151,220096.97,2025-08-02T07:00:00Z
2025-08-31,L00038,51282.69,0.07122,180,152,220096.97,2025-09-02T07:00:00Z
2025-09-30,L00038,49593.72,0.07122,180,153,220096.97,2025-10-02T07:00:00Z
2024-01-31,L00039,374169.87,0.06069,360,177,519798.28,2024-02-02T07:00:00Z
2024-02-29,L00039,372922.69,0.06069,360,178,519798.28,2024-03-02T07:00:00Z
2024-03-31,L00039,371669.19,0.06069,360,179,519798.28,2024-04-02T07:00:00Z
2024-04-30,L00039,370409.36,0.06069,360,180,519798.28,2024-05-02T07:00:00Z
2024-05-31,L00039,369143.16,0.06069,360,181,519798.28,2024-06-02T07:00:00Z
2024-06-30,L00039,367870.55,0.06069,360,182,519798.28,2024-07-02T07:00:00Z
2024-07-31,L00039,366591.51,0.06069,360,183,519798.28,2024-08-02T07:00:00Z
2024-08-31,L00039,365305.99,0.06069,360,184,519798.28,2024-09-02T07:00:00Z
2024-09-30,L00039,364013.98,0.06069,360,185,519798.28,2024-10-02T07:00:00Z
2024-10-31,L00039,362715.43,0.06069,360,186,519798.28,2024-11-02T07:00:00Z
2024-11-30,L00039,361410.31,0.06069,360,187,519798.28,2024-12-02T07:00:00Z
2024-12-31,L00039,360098.6,0.06069,360,188,519798.28,2025-01-02T07:00:00Z
2025-01-31,L00039,358780.24,0.06069,360,189,519798.28,2025-02-02T07:00:00Z
2025-02-28,L00039,357455.23,0.06069,360,190,519798.28,2025-03-02T07:00:00Z
2025-03-31,L00039,356123.51,0.06069,360,191,519798.28,2025-04-02T07:00:00Z
2025-04-30,L00039,354785.05,0.06069,360,192,519798.28,2025-05-02T07:00:00Z
2025-05-31,L00039,353439.83,0.06069,360,193,519798.28,2025-06-02T07:00:00Z
2025-06-30,L00039,352087.8,0.06069,360,194,519798.28,2025-07-02T07:00:00Z
2025-07-31,L00039,350728.93,0.06069,360,195,519798.28,2025-08-02T07:00:00Z
2025-08-31,L00039,349363.2,0.06069,360,196,519798.28,2025-09-02T07:00:00Z
2025-09-30,L00039,346787.66,0.06069,360,197,519798.28,2025-10-02T07:00:00Z
2024-01-31,L00040,156383.36,0.07503,360,91,171953.78,2024-02-02T07:00:00Z
2024-02-29,L00040,156158.47,0.07503,360,92,171953.78,2024-03-02T07:00:00Z
2024-03-31,L00040,155932.17,0.07503,360,93,171953.78,2024-04-02T07:00:00Z
2024-04-30,L00040,155704.45,0.07503,360,94,171953.78,2024-05-02T07:00:00Z
2024-05-31,L00040,155475.32,0.07503,360,95,171953.78,2024-06-02T07:00:00Z
2024-06-30,L00040,155244.75,0.07503,360,96,171953.78,2024-07-02T07:00:00Z
2024-07-31,L00040,155012.74,0.07503,360,97,171953.78,2024-08-02T07:00:00Z
2024-08-31,L00040,154779.28,0.07503,360,98,171953.78,2024-09-02T07:00:00Z
2024-09-30,L00040,154544.35,0.07503,360,99,171953.78,2024-10-02T07:00:00Z
2024-10-31,L00040,154307.96,0.07503,360,100,171953.78,2024-11-02T07:00:00Z
2024-11-30,L00040,154070.09,0.07503,360,101,171953.78,2024-12-02T07:00:00Z
2024-12-31,L00040,153830.74,0.07503,360,102,171953.78,2025-01-02T07:00:00Z
2025-01-31,L00040,153589.89,0.07503,360,103,171953.78,2025-02-02T07:00:00Z
2025-02-28,L00040,153347.53,0.07503,360,104,171953.78,2025-03-02T07:00:00Z
2025-03-31,L00040,153103.65,0.07503,360,105,171953.78,2025-04-02T07:00:00Z
2025-04-30,L00040,152858.26,0.07503,360,106,171953.78,2025-05-02T07:00:00Z
2025-05-31,L00040,152611.32,0.07503,360,107,171953.78,2025-06-02T07:00:00Z
2025-06-30,L00040,152362.85,0.07503,360,108,171953.78,2025-07-02T07:00:00Z
2025-07-31,L00040,152112.82,0.07503,360,109,171953.78,2025-08-02T07:00:00Z
2025-08-31,L00040,151861.22,0.07503,360,110,171953.78,2025-09-02T07:00:00Z
2025-09-30,L00040,151608.06,0.07503,360,111,171953.78,2025-10-02T07:00:00Z
2024-01-31,L00041,161512.19,0.06923,360,113,186091.59,2024-02-02T07:00:00Z
2024-02-29,L00041,161215.52,0.06923,360,114,186091.59,2024-03-02T07:00:00Z
2024-03-31,L00041,160917.13,0.06923,360,115,186091.59,2024-04-02T07:00:00Z
2024-04-30,L00041,160617.03,0.06923,360,116,186091.59,2024-05-02T07:00:00Z
2024-05-31,L00041,160315.19,0.06923,360,117,186091.59,2024-06-02T07:00:00Z
2024-06-30,L00041,160011.61,0.06923,360,118,186091.59,2024-07-02T07:00:00Z
2024-07-31,L00041,159706.28,0.06923,360,119,186091.59,2024-08-02T07:00:00Z
2024-08-31,L00041,159399.19,0.06923,360,120,186091.59,2024-09-02T07:00:00Z
2024-09-30,L00041,159090.33,0.06923,360,121,186091.59,2024-10-02T07:00:00Z
2024-10-31,L00041,158779.68,0.06923,360,122,186091.59,2024-11-02T07:00:00Z
2024-11-30,L00041,158467.24,0.06923,360,123,186091.59,2024-12-02T07:00:00Z
2024-12-31,L00041,158153.01,0.06923,360,124,186091.59,2025-01-02T07:00:00Z
2025-01-31,L00041,157836.95,0.06923,360,125,186091.59,2025-02-02T07:00:00Z
2025-02-28,L00041,157519.08,0.06923,360,126,186091.59,2025-03-02T07:00:00Z
2025-03-31,L00041,157199.37,0.06923,360,127,186091.59,2025-04-02T07:00:00Z
2025-04-30,L00041,156877.81,0.06923,360,128,186091.59,2025-05-02T07:00:00Z
2025-05-31,L00041,156554.4,0.06923,360,129,186091.59,2025-06-02T07:00:00Z
2025-06-30,L00041,156229.13,0.06923,360,130,186091.59,2025-07-02T07:00:00Z
2025-07-31,L00041,155901.98,0.06923,360,131,186091.59,2025-08-02T07:00:00Z
2025-08-31,L00041,155572.94,0.06923,360,132,186091.59,2025-09-02T07:00:00Z
2025-09-30,L00041,155242.0,0.06923,360,133,186091.59,2025-10-02T07:00:00Z
2024-01-31,L00042,366396.86,0.04573,180,19,396633.95,2024-02-02T07:00:00Z
2024-02-29,L00042,364744.09,0.04573,180,20,396633.95,2024-03-02T07:00:00Z
2024-03-31,L00042,363085.03,0.04573,180,21,396633.95,2024-04-02T07:00:00Z
2024-04-30,L00042,361419.65,0.04573,180,22,396633.95,2024-05-02T07:00:00Z
2024-05-31,L00042,359747.91,0.04573,180,23,396633.95,2024-06-02T07:00:00Z
2024-06-30,L00042,358069.81,0.04573,180,24,396633.95,2024-07-02T07:00:00Z
2024-07-31,L00042,356385.31,0.04573,180,25,396633.95,2024-08-02T07:00:00Z
2024-08-31,L00042,353908.17,0.04573,180,26,396633.95,2024-09-02T07:00:00Z
2024-09-30,L00042,352214.57,0.04573,180,27,396633.95,2024-10-02T07:00:00Z
2024-10-31,L00042,350514.52,0.04573,180,28,396633.95,2024-11-02T07:00:00Z
2024-11-30,L00042,348807.99,0.04573,180,29,396633.95,2024-12-02T07:00:00Z
2024-12-31,L00042,347094.96,0.04573,180,30,396633.95,2025-01-02T07:00:00Z
2025-01-31,L00042,345375.39,0.04573,180,31,396633.95,2025-02-02T07:00:00Z
2025-02-28,L00042,343649.28,0.04573,180,32,396633.95,2025-03-02T07:00:00Z
2025-03-31,L00042,341916.59,0.04573,180,33,396633.95,2025-04-02T07:00:00Z
2025-04-30,L00042,340177.29,0.04573,180,34,396633.95,2025-05-02T07:00:00Z
2025-05-31,L00042,333361.17,0.04573,180,35,396633.95,2025-06-02T07:00:00Z
2025-06-30,L00042,331634.84,0.04573,180,36,396633.95,2025-07-02T07:00:00Z
2025-07-31,L00042,329901.94,0.04573,180,37,396633.95,2025-08-02T07:00:00Z
2025-08-31,L00042,328162.44,0.04573,180,38,396633.95,2025-09-02T07:00:00Z
2025-09-30,L00042,326416.31,0.04573,180,39,396633.95,2025-10-02T07:00:00Z
2024-01-31,L00043,136976.92,0.06206,360,111,159832.45,2024-02-02T07:00:00Z
2024-02-29,L00043,136705.77,0.06206,360,112,159832.45,2024-03-02T07:00:00Z
2024-03-31,L00043,136433.22,0.06206,360,113,159832.45,2024-04-02T07:00:00Z
2024-04-30,L00043,136159.27,0.06206,360,114,159832.45,2024-05-02T07:00:00Z
2024-05-31,L00043,135883.89,0.06206,360,115,159832.45,2024-06-02T07:00:00Z
2024-06-30,L00043,135607.09,0.06206,360,116,159832.45,2024-07-02T07:00:00Z
2024-07-31,L00043,135328.86,0.06206,360,117,159832.45,2024-08-02T07:00:00Z
2024-08-31,L00043,135049.19,0.06206,360,118,159832.45,2024-09-02T07:00:00Z
2024-09-30,L00043,134768.07,0.06206,360,119,159832.45,2024-10-02T07:00:00Z
2024-10-31,L00043,134485.5,0.06206,360,120,159832.45,2024-11-02T07:00:00Z
2024-11-30,L00043,134201.47,0.06206,360,121,159832.45,2024-12-02T07:00:00Z
2024-12-31,L00043,133915.96,0.06206,360,122,159832.45,2025-01-02T07:00:00Z
2025-01-31,L00043,133628.99,0.06206,360,123,159832.45,2025-02-02T07:00:00Z
2025-02-28,L00043,133340.52,0.06206,360,124,159832.45,2025-03-02T07:00:00Z
2025-03-31,L00043,133050.57,0.06206,360,125,159832.45,2025-04-02T07:00:00Z
2025-04-30,L00043,132759.12,0.06206,360,126,159832.45,2025-05-02T07:00:00Z
2025-05-31,L00043,132466.16,0.06206,360,127,159832.45,2025-06-02T07:00:00Z
2025-06-30,L00043,132171.68,0.06206,360,128,159832.45,2025-07-02T07:00:00Z
2025-07-31,L00043,131875.68,0.06206,360,129,159832.45,2025-08-02T07:00:00Z
2025-08-31,L00043,131578.15,0.06206,360,130,159832.45,2025-09-02T07:00:00Z
2025-09-30,L00043,131279.08,0.06206,360,131,159832.45,2025-10-02T07:00:00Z
2024-01-31,L00044,121903.78,0.06085,360,87,136475.16,2024-02-02T07:00:00Z
2024-02-29,L00044,121696.23,0.06085,360,88,136475.16,2024-03-02T07:00:00Z
2024-03-31,L00044,121487.62,0.06085,360,89,136475.16,2024-04-02T07:00:00Z
2024-04-30,L00044,121277.95,0.06085,360,90,136475.16,2024-05-02T07:00:00Z
2024-05-31,L00044,121067.22,0.06085,360,91,136475.16,2024-06-02T07:00:00Z
2024-06-30,L00044,120855.42,0.06085,360,92,136475.16,2024-07-02T07:00:00Z
2024-07-31,L00044,120642.55,0.06085,360,93,136475.16,2024-08-02T07:00:00Z
2024-08-31,L00044,120428.6,0.06085,360,94,136475.16,2024-09-02T07:00:00Z
2024-09-30,L00044,120213.56,0.06085,360,95,136475.16,2024-10-02T07:00:00Z
2024-10-31,L00044,119997.43,0.06085,360,96,136475.16,2024-11-02T07:00:00Z
2024-11-30,L00044,119780.21,0.06085,360,97,136475.16,2024-12-02T07:00:00Z
2024-12-31,L00044,119561.88,0.06085,360,98,136475.16,2025-01-02T07:00:00Z
2025-01-31,L00044,119342.45,0.06085,360,99,136475.16,2025-02-02T07:00:00Z
2025-02-28,L00044,119121.91,0.06085,360,100,136475.16,2025-03-02T07:00:00Z
2025-03-31,L00044,118900.24,0.06085,360,101,136475.16,2025-04-02T07:00:00Z
2025-04-30,L00044,118677.45,0.06085,360,102,136475.16,2025-05-02T07:00:00Z
2025-05-31,L00044,118453.54,0.06085,360,103,136475.16,2025-06-02T07:00:00Z
2025-06-30,L00044,116893.66,0.06085,360,104,136475.16,2025-07-02T07:00:00Z
2025-07-31,L00044,116670.02,0.06085,360,105,136475.16,2025-08-02T07:00:00Z
2025-08-31,L00044,116445.24,0.06085,360,106,136475.16,2025-09-02T07:00:00Z
2025-09-30,L00044,116219.33,0.06085,360,107,136475.16,2025-10-02T07:00:00Z
2024-01-31,L00045,123501.03,0.06206,360,189,177822.24,2024-02-02T07:00:00Z
2024-02-29,L00045,123049.94,0.06206,360,190,177822.24,2024-03-02T07:00:00Z
2024-03-31,L00045,122596.51,0.06206,360,191,177822.24,2024-04-02T07:00:00Z
2024-04-30,L00045,122140.74,0.06206,360,192,177822.24,2024-05-02T07:00:00Z
2024-05-31,L00045,121682.62,0.06206,360,193,177822.24,2024-06-02T07:00:00Z
2024-06-30,L00045,121222.12,0.06206,360,194,177822.24,2024-07-02T07:00:00Z
2024-07-31,L00045,120759.24,0.06206,360,195,177822.24,2024-08-02T07:00:00Z
2024-08-31,L00045,120293.97,0.06206,360,196,177822.24,2024-09-02T07:00:00Z
2024-09-30,L00045,119826.29,0.06206,360,197,177822.24,2024-10-02T07:00:00Z
2024-10-31,L00045,119356.19,0.06206,360,198,177822.24,2024-11-02T07:00:00Z
2024-11-30,L00045,118883.67,0.06206,360,199,177822.24,2024-12-02T07:00:00Z
2024-12-31,L00045,118408.69,0.06206,360,200,177822.24,2025-01-02T07:00:00Z
2025-01-31,L00045,117931.27,0.06206,360,201,177822.24,2025-02-02T07:00:00Z
2025-02-28,L00045,117451.37,0.06206,360,202,177822.24,2025-03-02T07:00:00Z
2025-03-31,L00045,116968.99,0.06206,360,203,177822.24,2025-04-02T07:00:00Z
2025-04-30,L00045,116484.12,0.06206,360,204,177822.24,2025-05-02T07:00:00Z
2025-05-31,L00045,115996.73,0.06206,360,205,177822.24,2025-06-02T07:00:00Z
2025-06-30,L00045,115506.83,0.06206,360,206,177822.24,2025-07-02T07:00:00Z
2025-07-31,L00045,115014.4,0.06206,360,207,177822.24,2025-08-02T07:00:00Z
2025-08-31,L00045,114519.41,0.06206,360,208,177822.24,2025-09-02T07:00:00Z
2025-09-30,L00045,114021.87,0.06206,360,209,177822.24,2025-10-02T07:00:00Z
2024-01-31,L00046,182896.69,0.04063,360,110,225660.66,2024-02-02T07:00:00Z
2024-02-29,L00046,182430.4,0.04063,360,111,225660.66,2024-03-02T07:00:00Z
2024-03-31,L00046,181962.53,0.04063,360,112,225660.66,2024-04-02T07:00:00Z
2024-04-30,L00046,181493.07,0.04063,360,113,225660.66,2024-05-02T07:00:00Z
2024-05-31,L00046,181022.02,0.04063,360,114,225660.66,2024-06-02T07:00:00Z
2024-06-30,L00046,180549.38,0.04063,360,115,225660.66,2024-07-02T07:00:00Z
2024-07-31,L00046,180075.14,0.04063,360,116,225660.66,2024-08-02T07:00:00Z
2024-08-31,L00046,179599.3,0.04063,360,117,225660.66,2024-09-02T07:00:00Z
2024-09-30,L00046,179121.84,0.04063,360,118,225660.66,2024-10-02T07:00:00Z
2024-10-31,L00046,178642.77,0.04063,360,119,225660.66,2024-11-02T07:00:00Z
2024-11-30,L00046,178162.07,0.04063,360,120,225660.66,2024-12-02T07:00:00Z
2024-12-31,L00046,177679.75,0.04063,360,121,225660.66,2025-01-02T07:00:00Z
2025-01-31,L00046,176005.65,0.04063,360,122,225660.66,2025-02-02T07:00:00Z
2025-02-28,L00046,175523.31,0.04063,360,123,225660.66,2025-03-02T07:00:00Z
2025-03-31,L00046,175039.35,0.04063,360,124,225660.66,2025-04-02T07:00:00Z
2025-04-30,L00046,174553.74,0.04063,360,125,225660.66,2025-05-02T07:00:00Z
2025-05-31,L00046,174066.49,0.04063,360,126,225660.66,2025-06-02T07:00:00Z
2025-06-30,L00046,173577.59,0.04063,360,127,225660.66,2025-07-02T07:00:00Z
2025-07-31,L00046,173087.04,0.04063,360,128,225660.66,2025-08-02T07:00:00Z
2025-08-31,L00046,172594.82,0.04063,360,129,225660.66,2025-09-02T07:00:00Z
2025-09-30,L00046,172100.94,0.04063,360,130,225660.66,2025-10-02T07:00:00Z
2024-01-31,L00047,440584.63,0.06297,360,72,479942.65,2024-02-02T07:00:00Z
2024-02-29,L00047,439926.82,0.06297,360,73,479942.65,2024-03-02T07:00:00Z
2024-03-31,L00047,439265.56,0.06297,360,74,479942.65,2024-04-02T07:00:00Z
2024-04-30,L00047,438600.83,0.06297,360,75,479942.65,2024-05-02T07:00:00Z
2024-05-31,L00047,437932.62,0.06297,360,76,479942.65,2024-06-02T07:00:00Z
2024-06-30,L00047,437260.89,0.06297,360,77,479942.65,2024-07-02T07:00:00Z
2024-07-31,L00047,436585.64,0.06297,360,78,479942.65,2024-08-02T07:00:00Z
2024-08-31,L00047,435906.85,0.06297,360,79,479942.65,2024-09-02T07:00:00Z
2024-09-30,L00047,431677.23,0.06297,360,80,479942.65,2024-10-02T07:00:00Z
2024-10-31,L00047,430996.88,0.06297,360,81,479942.65,2024-11-02T07:00:00Z
2024-11-30,L00047,430312.97,0.06297,360,82,479942.65,2024-12-02T07:00:00Z
2024-12-31,L00047,429625.47,0.06297,360,83,479942.65,2025-01-02T07:00:00Z
2025-01-31,L00047,428934.35,0.06297,360,84,479942.65,2025-02-02T07:00:00Z
2025-02-28,L00047,428239.62,0.06297,360,85,479942.65,2025-03-02T07:00:00Z
2025-03-31,L00047,427541.23,0.06297,360,86,479942.65,2025-04-02T07:00:00Z
2025-04-30,L00047,426839.18,0.06297,360,87,479942.65,2025-05-02T07:00:00Z
2025-05-31,L00047,426133.45,0.06297,360,88,479942.65,2025-06-02T07:00:00Z
2025-06-30,L00047,425424.02,0.06297,360,89,479942.65,2025-07-02T07:00:00Z
2025-07-31,L00047,424710.86,0.06297,360,90,479942.65,2025-08-02T07:00:00Z
2025-08-31,L00047,423993.96,0.06297,360,91,479942.65,2025-09-02T07:00:00Z
2025-09-30,L00047,423273.29,0.06297,360,92,479942.65,2025-10-02T07:00:00Z
2024-01-31,L00048,276899.45,0.05418,360,181,401423.28,2024-02-02T07:00:00Z
2024-02-29,L00048,273946.99,0.05418,360,182,401423.28,2024-03-02T07:00:00Z
2024-03-31,L00048,272941.15,0.05418,360,183,401423.28,2024-04-02T07:00:00Z
2024-04-30,L00048,271930.76,0.05418,360,184,401423.28,2024-05-02T07:00:00Z
2024-05-31,L00048,270915.82,0.05418,360,185,401423.28,2024-06-02T07:00:00Z
2024-06-30,L00048,269896.29,0.05418,360,186,401423.28,2024-07-02T07:00:00Z
2024-07-31,L00048,268872.16,0.05418,360,187,401423.28,2024-08-02T07:00:00Z
2024-08-31,L00048,267843.41,0.05418,360,188,401423.28,2024-09-02T07:00:00Z
2024-09-30,L00048,266810.01,0.05418,360,189,401423.28,2024-10-02T07:00:00Z
2024-10-31,L00048,265771.94,0.05418,360,190,401423.28,2024-11-02T07:00:00Z
2024-11-30,L00048,264729.19,0.05418,360,191,401423.28,2024-12-02T07:00:00Z
2024-12-31,L00048,263681.73,0.05418,360,192,401423.28,2025-01-02T07:00:00Z
2025-01-31,L00048,262629.54,0.05418,360,193,401423.28,2025-02-02T07:00:00Z
2025-02-28,L00048,261572.6,0.05418,360,194,401423.28,2025-03-02T07:00:00Z
2025-03-31,L00048,260510.89,0.05418,360,195,401423.28,2025-04-02T07:00:00Z
2025-04-30,L00048,259444.38,0.05418,360,196,401423.28,2025-05-02T07:00:00Z
2025-05-31,L00048,258373.06,0.05418,360,197,401423.28,2025-06-02T07:00:00Z
2025-06-30,L00048,257296.9,0.05418,360,198,401423.28,2025-07-02T07:00:00Z
2025-07-31,L00048,256215.88,0.05418,360,199,401423.28,2025-08-02T07:00:00Z
2025-08-31,L00048,255129.99,0.05418,360,200,401423.28,2025-09-02T07:00:00Z
2025-09-30,L00048,254039.18,0.05418,360,201,401423.28,2025-10-02T07:00:00Z
2024-01-31,L00049,409716.21,0.05041,360,173,587297.02,2024-02-02T07:00:00Z
2024-02-29,L00049,408269.89,0.05041,360,174,587297.02,2024-03-02T07:00:00Z
2024-03-31,L00049,406817.49,0.05041,360,175,587297.02,2024-04-02T07:00:00Z
2024-04-30,L00049,405359.0,0.05041,360,176,587297.02,2024-05-02T07:00:00Z
2024-05-31,L00049,402700.4,0.05041,360,177,587297.02,2024-06-02T07:00:00Z
2024-06-30,L00049,401233.97,0.05041,360,178,587297.02,2024-07-02T07:00:00Z
2024-07-31,L00049,399761.38,0.05041,360,179,587297.02,2024-08-02T07:00:00Z
2024-08-31,L00049,398282.61,0.05041,360,180,587297.02,2024-09-02T07:00:00Z
2024-09-30,L00049,396797.62,0.05041,360,181,587297.02,2024-10-02T07:00:00Z
2024-10-31,L00049,395306.39,0.05041,360,182,587297.02,2024-11-02T07:00:00Z
2024-11-30,L00049,393808.9,0.05041,360,183,587297.02,2024-12-02T07:00:00Z
2024-12-31,L00049,392305.12,0.05041,360,184,587297.02,2025-01-02T07:00:00Z
2025-01-31,L00049,390795.02,0.05041,360,185,587297.02,2025-02-02T07:00:00Z
2025-02-28,L00049,389278.58,0.05041,360,186,587297.02,2025-03-02T07:00:00Z
2025-03-31,L00049,387755.77,0.05041,360,187,587297.02,2025-04-02T07:00:00Z
2025-04-30,L00049,386226.56,0.05041,360,188,587297.02,2025-05-02T07:00:00Z
2025-05-31,L00049,384690.93,0.05041,360,189,587297.02,2025-06-02T07:00:00Z
2025-06-30,L00049,383148.85,0.05041,360,190,587297.02,2025-07-02T07:00:00Z
2025-07-31,L00049,381600.28,0.05041,360,191,587297.02,2025-08-02T07:00:00Z
2025-08-31,L00049,379132.38,0.05041,360,192,587297.02,2025-09-02T07:00:00Z
2025-09-30,L00049,377574.54,0.05041,360,193,587297.02,2025-10-02T07:00:00Z
2024-01-31,L00050,178729.31,0.06049,240,150,344133.19,2024-02-02T07:00:00Z
2024-02-29,L00050,177155.04,0.06049,240,151,344133.19,2024-03-02T07:00:00Z
2024-03-31,L00050,175572.84,0.06049,240,152,344133.19,2024-04-02T07:00:00Z
2024-04-30,L00050,173982.66,0.06049,240,153,344133.19,2024-05-02T07:00:00Z
2024-05-31,L00050,172384.46,0.06049,240,154,344133.19,2024-06-02T07:00:00Z
2024-06-30,L00050,170778.2,0.06049,240,155,344133.19,2024-07-02T07:00:00Z
2024-07-31,L00050,169163.85,0.06049,240,156,344133.19,2024-08-02T07:00:00Z
2024-08-31,L00050,167541.37,0.06049,240,157,344133.19,2024-09-02T07:00:00Z
2024-09-30,L00050,165910.7,0.06049,240,158,344133.19,2024-10-02T07:00:00Z
2024-10-31,L00050,164271.81,0.06049,240,159,344133.19,2024-11-02T07:00:00Z
2024-11-30,L00050,162624.66,0.06049,240,160,344133.19,2024-12-02T07:00:00Z
2024-12-31,L00050,160969.21,0.06049,240,161,344133.19,2025-01-02T07:00:00Z
2025-01-31,L00050,159305.42,0.06049,240,162,344133.19,2025-02-02T07:00:00Z
2025-02-28,L00050,157633.23,0.06049,240,163,344133.19,2025-03-02T07:00:00Z
2025-03-31,L00050,155952.62,0.06049,240,164,344133.19,2025-04-02T07:00:00Z
2025-04-30,L00050,154263.54,0.06049,240,165,344133.19,2025-05-02T07:00:00Z
2025-05-31,L00050,152565.94,0.06049,240,166,344133.19,2025-06-02T07:00:00Z
2025-06-30,L00050,150859.78,0.06049,240,167,344133.19,2025-07-02T07:00:00Z
2025-07-31,L00050,149145.03,0.06049,240,168,344133.19,2025-08-02T07:00:00Z
2025-08-31,L00050,147421.63,0.06049,240,169,344133.19,2025-09-02T07:00:00Z
2025-09-30,L00050,145689.54,0.06049,240,170,344133.19,2025-10-02T07:00:00Z
2024-01-31,L00051,188775.19,0.06418,360,157,243599.27,2024-02-02T07:00:00Z
2024-02-29,L00051,188258.22,0.06418,360,158,243599.27,2024-03-02T07:00:00Z
2024-03-31,L00051,187738.49,0.06418,360,159,243599.27,2024-04-02T07:00:00Z
2024-04-30,L00051,187215.98,0.06418,360,160,243599.27,2024-05-02T07:00:00Z
2024-05-31,L00051,186690.67,0.06418,360,161,243599.27,2024-06-02T07:00:00Z
2024-06-30,L00051,186162.56,0.06418,360,162,243599.27,2024-07-02T07:00:00Z
2024-07-31,L00051,185631.62,0.06418,360,163,243599.27,2024-08-02T07:00:00Z
2024-08-31,L00051,185097.84,0.06418,360,164,243599.27,2024-09-02T07:00:00Z
2024-09-30,L00051,184561.2,0.06418,360,165,243599.27,2024-10-02T07:00:00Z
2024-10-31,L00051,184021.7,0.06418,360,166,243599.27,2024-11-02T07:00:00Z
2024-11-30,L00051,183479.3,0.06418,360,167,243599.27,2024-12-02T07:00:00Z
2024-12-31,L00051,182934.01,0.06418,360,168,243599.27,2025-01-02T07:00:00Z
2025-01-31,L00051,178856.98,0.06418,360,169,243599.27,2025-02-02T07:00:00Z
2025-02-28,L00051,178316.51,0.06418,360,170,243599.27,2025-03-02T07:00:00Z
2025-03-31,L00051,177773.14,0.06418,360,171,243599.27,2025-04-02T07:00:00Z
2025-04-30,L00051,177226.87,0.06418,360,172,243599.27,2025-05-02T07:00:00Z
2025-05-31,L00051,176677.67,0.06418,360,173,243599.27,2025-06-02T07:00:00Z
2025-06-30,L00051,176125.54,0.06418,360,174,243599.27,2025-07-02T07:00:00Z
2025-07-31,L00051,175570.45,0.06418,360,175,243599.27,2025-08-02T07:00:00Z
2025-08-31,L00051,175012.4,0.06418,360,176,243599.27,2025-09-02T07:00:00Z
2025-09-30,L00051,174451.36,0.06418,360,177,243599.27,2025-10-02T07:00:00Z
2024-01-31,L00052,208083.7,0.04104,240,150,439921.83,2024-02-02T07:00:00Z
2024-02-29,L00052,206105.33,0.04104,240,151,439921.83,2024-03-02T07:00:00Z
2024-03-31,L00052,204120.21,0.04104,240,152,439921.83,2024-04-02T07:00:00Z
2024-04-30,L00052,202128.29,0.04104,240,153,439921.83,2024-05-02T07:00:00Z
2024-05-31,L00052,200129.56,0.04104,240,154,439921.83,2024-06-02T07:00:00Z
2024-06-30,L00052,198123.99,0.04104,240,155,439921.83,2024-07-02T07:00:00Z
2024-07-31,L00052,196111.56,0.04104,240,156,439921.83,2024-08-02T07:00:00Z
2024-08-31,L00052,194092.26,0.04104,240,157,439921.83,2024-09-02T07:00:00Z
2024-09-30,L00052,192066.04,0.04104,240,158,439921.83,2024-10-02T07:00:00Z
2024-10-31,L00052,190032.9,0.04104,240,159,439921.83,2024-11-02T07:00:00Z
2024-11-30,L00052,187992.8,0.04104,240,160,439921.83,2024-12-02T07:00:00Z
2024-12-31,L00052,185945.73,0.04104,240,161,439921.83,2025-01-02T07:00:00Z
2025-01-31,L00052,183891.65,0.04104,240,162,439921.83,2025-02-02T07:00:00Z
2025-02-28,L00052,181174.44,0.04104,240,163,439921.83,2025-03-02T07:00:00Z
2025-03-31,L00052,179113.75,0.04104,240,164,439921.83,2025-04-02T07:00:00Z
2025-04-30,L00052,177046.02,0.04104,240,165,439921.83,2025-05-02T07:00:00Z
2025-05-31,L00052,174971.21,0.04104,240,166,439921.83,2025-06-02T07:00:00Z
2025-06-30,L00052,172889.31,0.04104,240,167,439921.83,2025-07-02T07:00:00Z
2025-07-31,L00052,170800.29,0.04104,240,168,439921.83,2025-08-02T07:00:00Z
2025-08-31,L00052,168704.12,0.04104,240,169,439921.83,2025-09-02T07:00:00Z
2025-09-30,L00052,166600.79,0.04104,240,170,439921.83,2025-10-02T07:00:00Z
2024-01-31,L00053,419849.68,0.04885,360,159,578060.49,2024-02-02T07:00:00Z
2024-02-29,L00053,418496.17,0.04885,360,160,578060.49,2024-03-02T07:00:00Z
2024-03-31,L00053,417137.14,0.04885,360,161,578060.49,2024-04-02T07:00:00Z
2024-04-30,L00053,415772.59,0.04885,360,162,578060.49,2024-05-02T07:00:00Z
2024-05-31,L00053,409484.45,0.04885,360,163,578060.49,2024-06-02T07:00:00Z
2024-06-30,L00053,408125.08,0.04885,360,164,578060.49,2024-07-02T07:00:00Z
2024-07-31,L00053,406760.19,0.04885,360,165,578060.49,2024-08-02T07:00:00Z
2024-08-31,L00053,405389.73,0.04885,360,166,578060.49,2024-09-02T07:00:00Z
2024-09-30,L00053,404013.7,0.04885,360,167,578060.49,2024-10-02T07:00:00Z
2024-10-31,L00053,401895.44,0.04885,360,168,578060.49,2024-11-02T07:00:00Z
2024-11-30,L00053,400510.72,0.04885,360,169,578060.49,2024-12-02T07:00:00Z
2024-12-31,L00053,399120.36,0.04885,360,170,578060.49,2025-01-02T07:00:00Z
2025-01-31,L00053,397724.34,0.04885,360,171,578060.49,2025-02-02T07:00:00Z
2025-02-28,L00053,396322.64,0.04885,360,172,578060.49,2025-03-02T07:00:00Z
2025-03-31,L00053,394915.24,0.04885,360,173,578060.49,2025-04-02T07:00:00Z
2025-04-30,L00053,393502.1,0.04885,360,174,578060.49,2025-05-02T07:00:00Z
2025-05-31,L00053,392083.21,0.04885,360,175,578060.49,2025-06-02T07:00:00Z
2025-06-30,L00053,390658.55,0.04885,360,176,578060.49,2025-07-02T07:00:00Z
2025-07-31,L00053,389228.08,0.04885,360,177,578060.49,2025-08-02T07:00:00Z
2025-08-31,L00053,387791.8,0.04885,360,178,578060.49,2025-09-02T07:00:00Z
2025-09-30,L00053,386349.66,0.04885,360,179,578060.49,2025-10-02T07:00:00Z
2024-01-31,L00054,175010.81,0.03696,300,194,379055.69,2024-02-02T07:00:00Z
2024-02-29,L00054,173612.12,0.03696,300,195,379055.69,2024-03-02T07:00:00Z
2024-03-31,L00054,172209.13,0.03696,300,196,379055.69,2024-04-02T07:00:00Z
2024-04-30,L00054,170801.81,0.03696,300,197,379055.69,2024-05-02T07:00:00Z
2024-05-31,L00054,169390.16,0.03696,300,198,379055.69,2024-06-02T07:00:00Z
2024-06-30,L00054,167974.16,0.03696,300,199,379055.69,2024-07-02T07:00:00Z
2024-07-31,L00054,166553.8,0.03696,300,200,379055.69,2024-08-02T07:00:00Z
2024-08-31,L00054,165129.07,0.03696,300,201,379055.69,2024-09-02T07:00:00Z
2024-09-30,L00054,159935.79,0.03696,300,202,379055.69,2024-10-02T07:00:00Z
2024-10-31,L00054,158535.23,0.03696,300,203,379055.69,2024-11-02T07:00:00Z
2024-11-30,L00054,157130.35,0.03696,300,204,379055.69,2024-12-02T07:00:00Z
2024-12-31,L00054,155721.15,0.03696,300,205,379055.69,2025-01-02T07:00:00Z
2025-01-31,L00054,154307.61,0.03696,300,206,379055.69,2025-02-02T07:00:00Z
2025-02-28,L00054,152889.71,0.03696,300,207,379055.69,2025-03-02T07:00:00Z
2025-03-31,L00054,151467.45,0.03696,300,208,379055.69,2025-04-02T07:00:00Z
2025-04-30,L00054,150040.8,0.03696,300,209,379055.69,2025-05-02T07:00:00Z
2025-05-31,L00054,148609.77,0.03696,300,210,379055.69,2025-06-02T07:00:00Z
2025-06-30,L00054,147174.32,0.03696,300,211,379055.69,2025-07-02T07:00:00Z
2025-07-31,L00054,145734.45,0.03696,300,212,379055.69,2025-08-02T07:00:00Z
2025-08-31,L00054,144290.15,0.03696,300,213,379055.69,2025-09-02T07:00:00Z
2025-09-30,L00054,142841.4,0.03696,300,214,379055.69,2025-10-02T07:00:00Z
2024-01-31,L00055,110143.56,0.06164,300,109,138524.12,2024-02-02T07:00:00Z
2024-02-29,L00055,109802.88,0.06164,300,110,138524.12,2024-03-02T07:00:00Z
2024-03-31,L00055,109460.45,0.06164,300,111,138524.12,2024-04-02T07:00:00Z
2024-04-30,L00055,109116.26,0.06164,300,112,138524.12,2024-05-02T07:00:00Z
2024-05-31,L00055,108770.3,0.06164,300,113,138524.12,2024-06-02T07:00:00Z
2024-06-30,L00055,108422.56,0.06164,300,114,138524.12,2024-07-02T07:00:00Z
2024-07-31,L00055,108073.04,0.06164,300,115,138524.12,2024-08-02T07:00:00Z
2024-08-31,L00055,107721.73,0.06164,300,116,138524.12,2024-09-02T07:00:00Z
2024-09-30,L00055,107368.61,0.06164,300,117,138524.12,2024-10-02T07:00:00Z
2024-10-31,L00055,107013.67,0.06164,300,118,138524.12,2024-11-02T07:00:00Z
2024-11-30,L00055,106656.91,0.06164,300,119,138524.12,2024-12-02T07:00:00Z
2024-12-31,L00055,106298.32,0.06164,300,120,138524.12,2025-01-02T07:00:00Z
2025-01-31,L00055,105937.89,0.06164,300,121,138524.12,2025-02-02T07:00:00Z
2025-02-28,L00055,105575.61,0.06164,300,122,138524.12,2025-03-02T07:00:00Z
2025-03-31,L00055,105211.46,0.06164,300,123,138524.12,2025-04-02T07:00:00Z
2025-04-30,L00055,104845.45,0.06164,300,124,138524.12,2025-05-02T07:00:00Z
2025-05-31,L00055,104477.55,0.06164,300,125,138524.12,2025-06-02T07:00:00Z
2025-06-30,L00055,104107.77,0.06164,300,126,138524.12,2025-07-02T07:00:00Z
2025-07-31,L00055,103736.08,0.06164,300,127,138524.12,2025-08-02T07:00:00Z
2025-08-31,L00055,103362.49,0.06164,300,128,138524.12,2025-09-02T07:00:00Z
2025-09-30,L00055,102986.98,0.06164,300,129,138524.12,2025-10-02T07:00:00Z
2024-01-31,L00056,126094.83,0.05183,300,198,257196.01,2024-02-02T07:00:00Z
2024-02-29,L00056,125108.36,0.05183,300,199,257196.01,2024-03-02T07:00:00Z
2024-03-31,L00056,124117.63,0.05183,300,200,257196.01,2024-04-02T07:00:00Z
2024-04-30,L00056,123122.63,0.05183,300,201,257196.01,2024-05-02T07:00:00Z
2024-05-31,L00056,122123.32,0.05183,300,202,257196.01,2024-06-02T07:00:00Z
2024-06-30,L00056,121119.7,0.05183,300,203,257196.01,2024-07-02T07:00:00Z
2024-07-31,L00056,120111.75,0.05183,300,204,257196.01,2024-08-02T07:00:00Z
2024-08-31,L00056,119099.44,0.05183,300,205,257196.01,2024-09-02T07:00:00Z
2024-09-30,L00056,118082.76,0.05183,300,206,257196.01,2024-10-02T07:00:00Z
2024-10-31,L00056,117061.68,0.05183,300,207,257196.01,2024-11-02T07:00:00Z
2024-11-30,L00056,116036.2,0.05183,300,208,257196.01,2024-12-02T07:00:00Z
2024-12-31,L00056,115006.29,0.05183,300,209,257196.01,2025-01-02T07:00:00Z
2025-01-31,L00056,113971.93,0.05183,300,210,257196.01,2025-02-02T07:00:00Z
2025-02-28,L00056,112933.1,0.05183,300,211,257196.01,2025-03-02T07:00:00Z
2025-03-31,L00056,111889.79,0.05183,300,212,257196.01,2025-04-02T07:00:00Z
2025-04-30,L00056,110841.96,0.05183,300,213,257196.01,2025-05-02T07:00:00Z
2025-05-31,L00056,109789.62,0.05183,300,214,257196.01,2025-06-02T07:00:00Z
2025-06-30,L00056,108732.73,0.05183,300,215,257196.01,2025-07-02T07:00:00Z
2025-07-31,L00056,107671.27,0.05183,300,216,257196.01,2025-08-02T07:00:00Z
2025-08-31,L00056,106605.23,0.05183,300,217,257196.01,2025-09-02T07:00:00Z
2025-09-30,L00056,105534.58,0.05183,300,218,257196.01,2025-10-02T07:00:00Z
2024-01-31,L00057,222398.27,0.07115,360,101,249993.25,2024-02-02T07:00:00Z
2024-02-29,L00057,222034.34,0.07115,360,102,249993.25,2024-03-02T07:00:00Z
2024-03-31,L00057,221668.25,0.07115,360,103,249993.25,2024-04-02T07:00:00Z
2024-04-30,L00057,221300.0,0.07115,360,104,249993.25,2024-05-02T07:00:00Z
2024-05-31,L00057,220929.56,0.07115,360,105,249993.25,2024-06-02T07:00:00Z
2024-06-30,L00057,220556.92,0.07115,360,106,249993.25,2024-07-02T07:00:00Z
2024-07-31,L00057,220182.08,0.07115,360,107,249993.25,2024-08-02T07:00:00Z
2024-08-31,L00057,219805.01,0.07115,360,108,249993.25,2024-09-02T07:00:00Z
2024-09-30,L00057,219425.71,0.07115,360,109,249993.25,2024-10-02T07:00:00Z
2024-10-31,L00057,219044.15,0.07115,360,110,249993.25,2024-11-02T07:00:00Z
2024-11-30,L00057,218660.34,0.07115,360,111,249993.25,2024-12-02T07:00:00Z
2024-12-31,L00057,218274.25,0.07115,360,112,249993.25,2025-01-02T07:00:00Z
2025-01-31,L00057,217885.87,0.07115,360,113,249993.25,2025-02-02T07:00:00Z
2025-02-28,L00057,217495.19,0.07115,360,114,249993.25,2025-03-02T07:00:00Z
2025-03-31,L00057,217102.19,0.07115,360,115,249993.25,2025-04-02T07:00:00Z
2025-04-30,L00057,216706.86,0.07115,360,116,249993.25,2025-05-02T07:00:00Z
2025-05-31,L00057,216309.19,0.07115,360,117,249993.25,2025-06-02T07:00:00Z
2025-06-30,L00057,215909.16,0.07115,360,118,249993.25,2025-07-02T07:00:00Z
2025-07-31,L00057,215506.75,0.07115,360,119,249993.25,2025-08-02T07:00:00Z
2025-08-31,L00057,215101.97,0.07115,360,120,249993.25,2025-09-02T07:00:00Z
2025-09-30,L00057,214694.78,0.07115,360,121,249993.25,2025-10-02T07:00:00Z
2024-01-31,L00058,362939.03,0.04895,300,156,576969.33,2024-02-02T07:00:00Z
2024-02-29,L00058,361081.81,0.04895,300,157,576969.33,2024-03-02T07:00:00Z
2024-03-31,L00058,359217.02,0.04895,300,158,576969.33,2024-04-02T07:00:00Z
2024-04-30,L00058,357344.63,0.04895,300,159,576969.33,2024-05-02T07:00:00Z
2024-05-31,L00058,355464.59,0.04895,300,160,576969.33,2024-06-02T07:00:00Z
2024-06-30,L00058,353576.89,0.04895,300,161,576969.33,2024-07-02T07:00:00Z
2024-07-31,L00058,351681.48,0.04895,300,162,576969.33,2024-08-02T07:00:00Z
2024-08-31,L00058,349778.35,0.04895,300,163,576969.33,2024-09-02T07:00:00Z
2024-09-30,L00058,347867.45,0.04895,300,164,576969.33,2024-10-02T07:00:00Z
2024-10-31,L00058,345948.76,0.04895,300,165,576969.33,2024-11-02T07:00:00Z
2024-11-30,L00058,344022.23,0.04895,300,166,576969.33,2024-12-02T07:00:00Z
2024-12-31,L00058,342087.86,0.04895,300,167,576969.33,2025-01-02T07:00:00Z
2025-01-31,L00058,340145.59,0.04895,300,168,576969.33,2025-02-02T07:00:00Z
2025-02-28,L00058,338195.39,0.04895,300,169,576969.33,2025-03-02T07:00:00Z
2025-03-31,L00058,336237.25,0.04895,300,170,576969.33,2025-04-02T07:00:00Z
2025-04-30,L00058,334271.11,0.04895,300,171,576969.33,2025-05-02T07:00:00Z
2025-05-31,L00058,332296.95,0.04895,300,172,576969.33,2025-06-02T07:00:00Z
2025-06-30,L00058,330314.75,0.04895,300,173,576969.33,2025-07-02T07:00:00Z
2025-07-31,L00058,328324.45,0.04895,300,174,576969.33,2025-08-02T07:00:00Z
2025-08-31,L00058,326326.04,0.04895,300,175,576969.33,2025-09-02T07:00:00Z
2025-09-30,L00058,324319.47,0.04895,300,176,576969.33,2025-10-02T07:00:00Z
2024-01-31,L00059,479290.34,0.06068,180,45,579037.79,2024-02-02T07:00:00Z
2024-02-29,L00059,476806.41,0.06068,180,46,579037.79,2024-03-02T07:00:00Z
2024-03-31,L00059,474309.91,0.06068,180,47,579037.79,2024-04-02T07:00:00Z
2024-04-30,L00059,471800.79,0.06068,180,48,579037.79,2024-05-02T07:00:00Z
2024-05-31,L00059,469278.98,0.06068,180,49,579037.79,2024-06-02T07:00:00Z
2024-06-30,L00059,466744.42,0.06068,180,50,579037.79,2024-07-02T07:00:00Z
2024-07-31,L00059,464197.04,0.06068,180,51,579037.79,2024-08-02T07:00:00Z
2024-08-31,L00059,461636.79,0.06068,180,52,579037.79,2024-09-02T07:00:00Z
2024-09-30,L00059,459063.58,0.06068,180,53,579037.79,2024-10-02T07:00:00Z
2024-10-31,L00059,456477.36,0.06068,180,54,579037.79,2024-11-02T07:00:00Z
2024-11-30,L00059,453878.07,0.06068,180,55,579037.79,2024-12-02T07:00:00Z
2024-12-31,L00059,451265.63,0.06068,180,56,579037.79,2025-01-02T07:00:00Z
2025-01-31,L00059,448639.98,0.06068,180,57,579037.79,2025-02-02T07:00:00Z
2025-02-28,L00059,446001.06,0.06068,180,58,579037.79,2025-03-02T07:00:00Z
2025-03-31,L00059,443348.79,0.06068,180,59,579037.79,2025-04-02T07:00:00Z
2025-04-30,L00059,440683.11,0.06068,180,60,579037.79,2025-05-02T07:00:00Z
2025-05-31,L00059,438003.95,0.06068,180,61,579037.79,2025-06-02T07:00:00Z
2025-06-30,L00059,435311.24,0.06068,180,62,579037.79,2025-07-02T07:00:00Z
2025-07-31,L00059,432604.92,0.06068,180,63,579037.79,2025-08-02T07:00:00Z
2025-08-31,L00059,429884.91,0.06068,180,64,579037.79,2025-09-02T07:00:00Z
2025-09-30,L00059,427151.14,0.06068,180,65,579037.79,2025-10-02T07:00:00Z
2024-01-31,L00060,116504.65,0.04556,240,140,220608.6,2024-02-02T07:00:00Z
2024-02-29,L00060,115544.62,0.04556,240,141,220608.6,2024-03-02T07:00:00Z
2024-03-31,L00060,114580.95,0.04556,240,142,220608.6,2024-04-02T07:00:00Z
2024-04-30,L00060,113613.62,0.04556,240,143,220608.6,2024-05-02T07:00:00Z
2024-05-31,L00060,112642.62,0.04556,240,144,220608.6,2024-06-02T07:00:00Z
2024-06-30,L00060,111667.93,0.04556,240,145,220608.6,2024-07-02T07:00:00Z
2024-07-31,L00060,110689.54,0.04556,240,146,220608.6,2024-08-02T07:00:00Z
2024-08-31,L00060,109707.43,0.04556,240,147,220608.6,2024-09-02T07:00:00Z
2024-09-30,L00060,108721.6,0.04556,240,148,220608.6,2024-10-02T07:00:00Z
2024-10-31,L00060,107732.02,0.04556,240,149,220608.6,2024-11-02T07:00:00Z
2024-11-30,L00060,106738.69,0.04556,240,150,220608.6,2024-12-02T07:00:00Z
2024-12-31,L00060,105741.58,0.04556,240,151,220608.6,2025-01-02T07:00:00Z
2025-01-31,L00060,104740.69,0.04556,240,152,220608.6,2025-02-02T07:00:00Z
2025-02-28,L00060,100066.13,0.04556,240,153,220608.6,2025-03-02T07:00:00Z
2025-03-31,L00060,99093.31,0.04556,240,154,220608.6,2025-04-02T07:00:00Z
2025-04-30,L00060,98116.79,0.04556,240,155,220608.6,2025-05-02T07:00:00Z
2025-05-31,L00060,97136.56,0.04556,240,156,220608.6,2025-06-02T07:00:00Z
2025-06-30,L00060,96152.61,0.04556,240,157,220608.6,2025-07-02T07:00:00Z
2025-07-31,L00060,95164.92,0.04556,240,158,220608.6,2025-08-02T07:00:00Z
2025-08-31,L00060,94173.49,0.04556,240,159,220608.6,2025-09-02T07:00:00Z
2025-09-30,L00060,93178.29,0.04556,240,160,220608.6,2025-10-02T07:00:00Z
2024-01-31,L00061,296311.63,0.05631,300,61,332019.1,2024-02-02T07:00:00Z
2024-02-29,L00061,295637.12,0.05631,300,62,332019.1,2024-03-02T07:00:00Z
2024-03-31,L00061,294959.46,0.05631,300,63,332019.1,2024-04-02T07:00:00Z
2024-04-30,L00061,294278.61,0.05631,300,64,332019.1,2024-05-02T07:00:00Z
2024-05-31,L00061,293594.57,0.05631,300,65,332019.1,2024-06-02T07:00:00Z
2024-06-30,L00061,292907.32,0.05631,300,66,332019.1,2024-07-02T07:00:00Z
2024-07-31,L00061,292216.84,0.05631,300,67,332019.1,2024-08-02T07:00:00Z
2024-08-31,L00061,291523.13,0.05631,300,68,332019.1,2024-09-02T07:00:00Z
2024-09-30,L00061,290826.15,0.05631,300,69,332019.1,2024-10-02T07:00:00Z
2024-10-31,L00061,290125.91,0.05631,300,70,332019.1,2024-11-02T07:00:00Z
2024-11-30,L00061,289422.38,0.05631,300,71,332019.1,2024-12-02T07:00:00Z
2024-12-31,L00061,288715.55,0.05631,300,72,332019.1,2025-01-02T07:00:00Z
2025-01-31,L00061,288005.41,0.05631,300,73,332019.1,2025-02-02T07:00:00Z
2025-02-28,L00061,287291.93,0.05631,300,74,332019.1,2025-03-02T07:00:00Z
2025-03-31,L00061,286575.1,0.05631,300,75,332019.1,2025-04-02T07:00:00Z
2025-04-30,L00061,285854.91,0.05631,300,76,332019.1,2025-05-02T07:00:00Z
2025-05-31,L00061,285131.34,0.05631,300,77,332019.1,2025-06-02T07:00:00Z
2025-06-30,L00061,284404.38,0.05631,300,78,332019.1,2025-07-02T07:00:00Z
2025-07-31,L00061,283674.0,0.05631,300,79,332019.1,2025-08-02T07:00:00Z
2025-08-31,L00061,282940.2,0.05631,300,80,332019.1,2025-09-02T07:00:00Z
2025-09-30,L00061,282202.95,0.05631,300,81,332019.1,2025-10-02T07:00:00Z
2024-01-31,L00062,370958.93,0.03821,360,157,531725.99,2024-02-02T07:00:00Z
2024-02-29,L00062,369656.15,0.03821,360,158,531725.99,2024-03-02T07:00:00Z
2024-03-31,L00062,368349.22,0.03821,360,159,531725.99,2024-04-02T07:00:00Z
2024-04-30,L00062,367038.13,0.03821,360,160,531725.99,2024-05-02T07:00:00Z
2024-05-31,L00062,365722.86,0.03821,360,161,531725.99,2024-06-02T07:00:00Z
2024-06-30,L00062,364403.4,0.03821,360,162,531725.99,2024-07-02T07:00:00Z
2024-07-31,L00062,363079.75,0.03821,360,163,531725.99,2024-08-02T07:00:00Z
2024-08-31,L00062,361751.88,0.03821,360,164,531725.99,2024-09-02T07:00:00Z
2024-09-30,L00062,360419.78,0.03821,360,165,531725.99,2024-10-02T07:00:00Z
2024-10-31,L00062,359083.44,0.03821,360,166,531725.99,2024-11-02T07:00:00Z
2024-11-30,L00062,357742.84,0.03821,360,167,531725.99,2024-12-02T07:00:00Z
2024-12-31,L00062,356397.98,0.03821,360,168,531725.99,2025-01-02T07:00:00Z
2025-01-31,L00062,355048.83,0.03821,360,169,531725.99,2025-02-02T07:00:00Z
2025-02-28,L00062,353695.39,0.03821,360,170,531725.99,2025-03-02T07:00:00Z
2025-03-31,L00062,352337.64,0.03821,360,171,531725.99,2025-04-02T07:00:00Z
2025-04-30,L00062,350975.56,0.03821,360,172,531725.99,2025-05-02T07:00:00Z
2025-05-31,L00062,349609.15,0.03821,360,173,531725.99,2025-06-02T07:00:00Z
2025-06-30,L00062,348238.39,0.03821,360,174,531725.99,2025-07-02T07:00:00Z
2025-07-31,L00062,346863.26,0.03821,360,175,531725.99,2025-08-02T07:00:00Z
2025-08-31,L00062,345483.75,0.03821,360,176,531725.99,2025-09-02T07:00:00Z
2025-09-30,L00062,344099.85,0.03821,360,177,531725.99,2025-10-02T07:00:00Z
2024-01-31,L00063,401522.45,0.05772,300,77,466273.26,2024-02-02T07:00:00Z
2024-02-29,L00063,400514.21,0.05772,300,78,466273.26,2024-03-02T07:00:00Z
2024-03-31,L00063,399501.13,0.05772,300,79,466273.26,2024-04-02T07:00:00Z
2024-04-30,L00063,398483.17,0.05772,300,80,466273.26,2024-05-02T07:00:00Z
2024-05-31,L00063,397460.32,0.05772,300,81,466273.26,2024-06-02T07:00:00Z
2024-06-30,L00063,396432.55,0.05772,300,82,466273.26,2024-07-02T07:00:00Z
2024-07-31,L00063,395399.83,0.05772,300,83,466273.26,2024-08-02T07:00:00Z
2024-08-31,L00063,394362.15,0.05772,300,84,466273.26,2024-09-02T07:00:00Z
2024-09-30,L00063,393319.47,0.05772,300,85,466273.26,2024-10-02T07:00:00Z
2024-10-31,L00063,392271.78,0.05772,300,86,466273.26,2024-11-02T07:00:00Z
2024-11-30,L00063,391219.05,0.05772,300,87,466273.26,2024-12-02T07:00:00Z
2024-12-31,L00063,390161.26,0.05772,300,88,466273.26,2025-01-02T07:00:00Z
2025-01-31,L00063,389098.38,0.05772,300,89,466273.26,2025-02-02T07:00:00Z
2025-02-28,L00063,388030.38,0.05772,300,90,466273.26,2025-03-02T07:00:00Z
2025-03-31,L00063,386957.25,0.05772,300,91,466273.26,2025-04-02T07:00:00Z
2025-04-30,L00063,385878.96,0.05772,300,92,466273.26,2025-05-02T07:00:00Z
2025-05-31,L00063,384795.48,0.05772,300,93,466273.26,2025-06-02T07:00:00Z
2025-06-30,L00063,383706.79,0.05772,300,94,466273.26,2025-07-02T07:00:00Z
2025-07-31,L00063,382612.86,0.05772,300,95,466273.26,2025-08-02T07:00:00Z
2025-08-31,L00063,381513.67,0.05772,300,96,466273.26,2025-09-02T07:00:00Z
2025-09-30,L00063,380409.2,0.05772,300,97,466273.26,2025-10-02T07:00:00Z
2024-01-31,L00064,111817.74,0.04728,240,83,148277.09,2024-02-02T07:00:00Z
2024-02-29,L00064,111301.88,0.04728,240,84,148277.09,2024-03-02T07:00:00Z
2024-03-31,L00064,106468.56,0.04728,240,85,148277.09,2024-04-02T07:00:00Z
2024-04-30,L00064,105968.88,0.04728,240,86,148277.09,2024-05-02T07:00:00Z
2024-05-31,L00064,105467.23,0.04728,240,87,148277.09,2024-06-02T07:00:00Z
2024-06-30,L00064,104963.61,0.04728,240,88,148277.09,2024-07-02T07:00:00Z
2024-07-31,L00064,104458.0,0.04728,240,89,148277.09,2024-08-02T07:00:00Z
2024-08-31,L00064,103950.4,0.04728,240,90,148277.09,2024-09-02T07:00:00Z
2024-09-30,L00064,103440.8,0.04728,240,91,148277.09,2024-10-02T07:00:00Z
2024-10-31,L00064,102929.19,0.04728,240,92,148277.09,2024-11-02T07:00:00Z
2024-11-30,L00064,102415.57,0.04728,240,93,148277.09,2024-12-02T07:00:00Z
2024-12-31,L00064,101899.92,0.04728,240,94,148277.09,2025-01-02T07:00:00Z
2025-01-31,L00064,101382.24,0.04728,240,95,148277.09,2025-02-02T07:00:00Z
2025-02-28,L00064,100862.52,0.04728,240,96,148277.09,2025-03-02T07:00:00Z
2025-03-31,L00064,100340.75,0.04728,240,97,148277.09,2025-04-02T07:00:00Z
2025-04-30,L00064,99816.93,0.04728,240,98,148277.09,2025-05-02T07:00:00Z
2025-05-31,L00064,99291.04,0.04728,240,99,148277.09,2025-06-02T07:00:00Z
2025-06-30,L00064,98763.09,0.04728,240,100,148277.09,2025-07-02T07:00:00Z
2025-07-31,L00064,98233.05,0.04728,240,101,148277.09,2025-08-02T07:00:00Z
2025-08-31,L00064,97700.92,0.04728,240,102,148277.09,2025-09-02T07:00:00Z
2025-09-30,L00064,97166.7,0.04728,240,103,148277.09,2025-10-02T07:00:00Z
2024-01-31,L00065,217311.53,0.04779,360,148,290387.38,2024-02-02T07:00:00Z
2024-02-29,L00065,216657.1,0.04779,360,149,290387.38,2024-03-02T07:00:00Z
2024-03-31,L00065,216000.06,0.04779,360,150,290387.38,2024-04-02T07:00:00Z
2024-04-30,L00065,215340.4,0.04779,360,151,290387.38,2024-05-02T07:00:00Z
2024-05-31,L00065,214678.12,0.04779,360,152,290387.38,2024-06-02T07:00:00Z
2024-06-30,L00065,214013.19,0.04779,360,153,290387.38,2024-07-02T07:00:00Z
2024-07-31,L00065,213345.62,0.04779,360,154,290387.38,2024-08-02T07:00:00Z
2024-08-31,L00065,212675.39,0.04779,360,155,290387.38,2024-09-02T07:00:00Z
2024-09-30,L00065,212002.5,0.04779,360,156,290387.38,2024-10-02T07:00:00Z
2024-10-31,L00065,211326.92,0.04779,360,157,290387.38,2024-11-02T07:00:00Z
2024-11-30,L00065,210648.65,0.04779,360,158,290387.38,2024-12-02T07:00:00Z
2024-12-31,L00065,209967.68,0.04779,360,159,290387.38,2025-01-02T07:00:00Z
2025-01-31,L00065,209284.0,0.04779,360,160,290387.38,2025-02-02T07:00:00Z
2025-02-28,L00065,208597.59,0.04779,360,161,290387.38,2025-03-02T07:00:00Z
2025-03-31,L00065,207908.45,0.04779,360,162,290387.38,2025-04-02T07:00:00Z
2025-04-30,L00065,207216.57,0.04779,360,163,290387.38,2025-05-02T07:00:00Z
2025-05-31,L00065,206521.93,0.04779,360,164,290387.38,2025-06-02T07:00:00Z
2025-06-30,L00065,205824.53,0.04779,360,165,290387.38,2025-07-02T07:00:00Z
2025-07-31,L00065,205124.35,0.04779,360,166,290387.38,2025-08-02T07:00:00Z
2025-08-31,L00065,204421.38,0.04779,360,167,290387.38,2025-09-02T07:00:00Z
2025-09-30,L00065,203715.61,0.04779,360,168,290387.38,2025-10-02T07:00:00Z
2024-01-31,L00066,241145.28,0.04929,360,75,269942.1,2024-02-02T07:00:00Z
2024-02-29,L00066,240698.37,0.04929,360,76,269942.1,2024-03-02T07:00:00Z
2024-03-31,L00066,240249.62,0.04929,360,77,269942.1,2024-04-02T07:00:00Z
2024-04-30,L00066,239799.03,0.04929,360,78,269942.1,2024-05-02T07:00:00Z
2024-05-31,L00066,239346.59,0.04929,360,79,269942.1,2024-06-02T07:00:00Z
2024-06-30,L00066,238892.29,0.04929,360,80,269942.1,2024-07-02T07:00:00Z
2024-07-31,L00066,238436.12,0.04929,360,81,269942.1,2024-08-02T07:00:00Z
2024-08-31,L00066,237978.08,0.04929,360,82,269942.1,2024-09-02T07:00:00Z
2024-09-30,L00066,237518.16,0.04929,360,83,269942.1,2024-10-02T07:00:00Z
2024-10-31,L00066,237056.35,0.04929,360,84,269942.1,2024-11-02T07:00:00Z
2024-11-30,L00066,236592.64,0.04929,360,85,269942.1,2024-12-02T07:00:00Z
2024-12-31,L00066,236127.03,0.04929,360,86,269942.1,2025-01-02T07:00:00Z
2025-01-31,L00066,235659.5,0.04929,360,87,269942.1,2025-02-02T07:00:00Z
2025-02-28,L00066,235190.06,0.04929,360,88,269942.1,2025-03-02T07:00:00Z
2025-03-31,L00066,234718.68,0.04929,360,89,269942.1,2025-04-02T07:00:00Z
2025-04-30,L00066,234245.37,0.04929,360,90,269942.1,2025-05-02T07:00:00Z
2025-05-31,L00066,233770.12,0.04929,360,91,269942.1,2025-06-02T07:00:00Z
2025-06-30,L00066,233292.91,0.04929,360,92,269942.1,2025-07-02T07:00:00Z
2025-07-31,L00066,232813.75,0.04929,360,93,269942.1,2025-08-02T07:00:00Z
2025-08-31,L00066,232332.61,0.04929,360,94,269942.1,2025-09-02T07:00:00Z
2025-09-30,L00066,231849.5,0.04929,360,95,269942.1,2025-10-02T07:00:00Z
2024-01-31,L00067,158395.69,0.05104,360,65,173685.91,2024-02-02T07:00:00Z
2024-02-29,L00067,158125.94,0.05104,360,66,173685.91,2024-03-02T07:00:00Z
2024-03-31,L00067,157855.05,0.05104,360,67,173685.91,2024-04-02T07:00:00Z
2024-04-30,L00067,157583.01,0.05104,360,68,173685.91,2024-05-02T07:00:00Z
2024-05-31,L00067,157309.81,0.05104,360,69,173685.91,2024-06-02T07:00:00Z
2024-06-30,L00067,157035.44,0.05104,360,70,173685.91,2024-07-02T07:00:00Z
2024-07-31,L00067,156759.91,0.05104,360,71,173685.91,2024-08-02T07:00:00Z
2024-08-31,L00067,156483.21,0.05104,360,72,173685.91,2024-09-02T07:00:00Z
2024-09-30,L00067,156205.33,0.05104,360,73,173685.91,2024-10-02T07:00:00Z
2024-10-31,L00067,155926.27,0.05104,360,74,173685.91,2024-11-02T07:00:00Z
2024-11-30,L00067,155646.02,0.05104,360,75,173685.91,2024-12-02T07:00:00Z
2024-12-31,L00067,155364.58,0.05104,360,76,173685.91,2025-01-02T07:00:00Z
2025-01-31,L00067,155081.95,0.05104,360,77,173685.91,2025-02-02T07:00:00Z
2025-02-28,L00067,154798.11,0.05104,360,78,173685.91,2025-03-02T07:00:00Z
2025-03-31,L00067,154513.06,0.05104,360,79,173685.91,2025-04-02T07:00:00Z
2025-04-30,L00067,154226.8,0.05104,360,80,173685.91,2025-05-02T07:00:00Z
2025-05-31,L00067,153939.33,0.05104,360,81,173685.91,2025-06-02T07:00:00Z
2025-06-30,L00067,153650.63,0.05104,360,82,173685.91,2025-07-02T07:00:00Z
2025-07-31,L00067,153360.7,0.05104,360,83,173685.91,2025-08-02T07:00:00Z
2025-08-31,L00067,153069.54,0.05104,360,84,173685.91,2025-09-02T07:00:00Z
2025-09-30,L00067,152777.14,0.05104,360,85,173685.91,2025-10-02T07:00:00Z
2024-01-31,L00068,178358.69,0.06594,180,97,306049.42,2024-02-02T07:00:00Z
2024-02-29,L00068,176656.91,0.06594,180,98,306049.42,2024-03-02T07:00:00Z
2024-03-31,L00068,174945.78,0.06594,180,99,306049.42,2024-04-02T07:00:00Z
2024-04-30,L00068,173225.25,0.06594,180,100,306049.42,2024-05-02T07:00:00Z
2024-05-31,L00068,171495.26,0.06594,180,101,306049.42,2024-06-02T07:00:00Z
2024-06-30,L00068,169755.77,0.06594,180,102,306049.42,2024-07-02T07:00:00Z
2024-07-31,L00068,168006.72,0.06594,180,103,306049.42,2024-08-02T07:00:00Z
2024-08-31,L00068,166248.05,0.06594,180,104,306049.42,2024-09-02T07:00:00Z
2024-09-30,L00068,164479.73,0.06594,180,105,306049.42,2024-10-02T07:00:00Z
2024-10-31,L00068,162701.68,0.06594,180,106,306049.42,2024-11-02T07:00:00Z
2024-11-30,L00068,160913.87,0.06594,180,107,306049.42,2024-12-02T07:00:00Z
2024-12-31,L00068,159116.23,0.06594,180,108,306049.42,2025-01-02T07:00:00Z
2025-01-31,L00068,157308.72,0.06594,180,109,306049.42,2025-02-02T07:00:00Z
2025-02-28,L00068,155491.27,0.06594,180,110,306049.42,2025-03-02T07:00:00Z
2025-03-31,L00068,153663.83,0.06594,180,111,306049.42,2025-04-02T07:00:00Z
2025-04-30,L00068,151826.35,0.06594,180,112,306049.42,2025-05-02T07:00:00Z
2025-05-31,L00068,149978.78,0.06594,180,113,306049.42,2025-06-02T07:00:00Z
2025-06-30,L00068,148121.05,0.06594,180,114,306049.42,2025-07-02T07:00:00Z
2025-07-31,L00068,146253.12,0.06594,180,115,306049.42,2025-08-02T07:00:00Z
2025-08-31,L00068,144374.92,0.06594,180,116,306049.42,2025-09-02T07:00:00Z
2025-09-30,L00068,142486.4,0.06594,180,117,306049.42,2025-10-02T07:00:00Z
2024-01-31,L00069,74108.42,0.06043,180,89,120209.72,2024-02-02T07:00:00Z
2024-02-29,L00069,73464.42,0.06043,180,90,120209.72,2024-03-02T07:00:00Z
2024-03-31,L00069,72817.19,0.06043,180,91,120209.72,2024-04-02T07:00:00Z
2024-04-30,L00069,72166.69,0.06043,180,92,120209.72,2024-05-02T07:00:00Z
2024-05-31,L00069,71512.92,0.06043,180,93,120209.72,2024-06-02T07:00:00Z
2024-06-30,L00069,70855.85,0.06043,180,94,120209.72,2024-07-02T07:00:00Z
2024-07-31,L00069,70195.48,0.06043,180,95,120209.72,2024-08-02T07:00:00Z
2024-08-31,L00069,69531.78,0.06043,180,96,120209.72,2024-09-02T07:00:00Z
2024-09-30,L00069,68864.73,0.06043,180,97,120209.72,2024-10-02T07:00:00Z
2024-10-31,L00069,68194.33,0.06043,180,98,120209.72,2024-11-02T07:00:00Z
2024-11-30,L00069,67520.55,0.06043,180,99,120209.72,2024-12-02T07:00:00Z
2024-12-31,L00069,66843.38,0.06043,180,100,120209.72,2025-01-02T07:00:00Z
2025-01-31,L00069,66162.8,0.06043,180,101,120209.72,2025-02-02T07:00:00Z
2025-02-28,L00069,65478.8,0.06043,180,102,120209.72,2025-03-02T07:00:00Z
2025-03-31,L00069,64791.34,0.06043,180,103,120209.72,2025-04-02T07:00:00Z
2025-04-30,L00069,64100.43,0.06043,180,104,120209.72,2025-05-02T07:00:00Z
2025-05-31,L00069,63406.04,0.06043,180,105,120209.72,2025-06-02T07:00:00Z
2025-06-30,L00069,62708.14,0.06043,180,106,120209.72,2025-07-02T07:00:00Z
2025-07-31,L00069,62006.74,0.06043,180,107,120209.72,2025-08-02T07:00:00Z
2025-08-31,L00069,61301.8,0.06043,180,108,120209.72,2025-09-02T07:00:00Z
2025-09-30,L00069,60593.32,0.06043,180,109,120209.72,2025-10-02T07:00:00Z
2024-01-31,L00070,413443.59,0.06472,360,102,471525.87,2024-02-02T07:00:00Z
2024-02-29,L00070,412701.74,0.06472,360,103,471525.87,2024-03-02T07:00:00Z
2024-03-31,L00070,411955.89,0.06472,360,104,471525.87,2024-04-02T07:00:00Z
2024-04-30,L00070,411206.02,0.06472,360,105,471525.87,2024-05-02T07:00:00Z
2024-05-31,L00070,410452.11,0.06472,360,106,471525.87,2024-06-02T07:00:00Z
2024-06-30,L00070,409694.13,0.06472,360,107,471525.87,2024-07-02T07:00:00Z
2024-07-31,L00070,408932.06,0.06472,360,108,471525.87,2024-08-02T07:00:00Z
2024-08-31,L00070,408165.88,0.06472,360,109,471525.87,2024-09-02T07:00:00Z
2024-09-30,L00070,407395.56,0.06472,360,110,471525.87,2024-10-02T07:00:00Z
2024-10-31,L00070,406621.1,0.06472,360,111,471525.87,2024-11-02T07:00:00Z
2024-11-30,L00070,405842.45,0.06472,360,112,471525.87,2024-12-02T07:00:00Z
2024-12-31,L00070,405059.61,0.06472,360,113,471525.87,2025-01-02T07:00:00Z
2025-01-31,L00070,404272.55,0.06472,360,114,471525.87,2025-02-02T07:00:00Z
2025-02-28,L00070,403481.24,0.06472,360,115,471525.87,2025-03-02T07:00:00Z
2025-03-31,L00070,402685.66,0.06472,360,116,471525.87,2025-04-02T07:00:00Z
2025-04-30,L00070,401885.79,0.06472,360,117,471525.87,2025-05-02T07:00:00Z
2025-05-31,L00070,401081.61,0.06472,360,118,471525.87,2025-06-02T07:00:00Z
2025-06-30,L00070,400273.09,0.06472,360,119,471525.87,2025-07-02T07:00:00Z
2025-07-31,L00070,399460.21,0.06472,360,120,471525.87,2025-08-02T07:00:00Z
2025-08-31,L00070,398642.94,0.06472,360,121,471525.87,2025-09-02T07:00:00Z
2025-09-30,L00070,397821.27,0.06472,360,122,471525.87,2025-10-02T07:00:00Z
2024-01-31,L00071,374815.69,0.05291,360,124,461201.88,2024-02-02T07:00:00Z
2024-02-29,L00071,373909.82,0.05291,360,125,461201.88,2024-03-02T07:00:00Z
2024-03-31,L00071,372999.95,0.05291,360,126,461201.88,2024-04-02T07:00:00Z
2024-04-30,L00071,372086.07,0.05291,360,127,461201.88,2024-05-02T07:00:00Z
2024-05-31,L00071,371168.16,0.05291,360,128,461201.88,2024-06-02T07:00:00Z
2024-06-30,L00071,370246.2,0.05291,360,129,461201.88,2024-07-02T07:00:00Z
2024-07-31,L00071,369320.18,0.05291,360,130,461201.88,2024-08-02T07:00:00Z
2024-08-31,L00071,368390.08,0.05291,360,131,461201.88,2024-09-02T07:00:00Z
2024-09-30,L00071,367455.87,0.05291,360,132,461201.88,2024-10-02T07:00:00Z
2024-10-31,L00071,366517.55,0.05291,360,133,461201.88,2024-11-02T07:00:00Z
2024-11-30,L00071,365575.09,0.05291,360,134,461201.88,2024-12-02T07:00:00Z
2024-12-31,L00071,364628.47,0.05291,360,135,461201.88,2025-01-02T07:00:00Z
2025-01-31,L00071,363677.68,0.05291,360,136,461201.88,2025-02-02T07:00:00Z
2025-02-28,L00071,362722.7,0.05291,360,137,461201.88,2025-03-02T07:00:00Z
2025-03-31,L00071,361763.5,0.05291,360,138,461201.88,2025-04-02T07:00:00Z
2025-04-30,L00071,360800.08,0.05291,360,139,461201.88,2025-05-02T07:00:00Z
2025-05-31,L00071,359832.41,0.05291,360,140,461201.88,2025-06-02T07:00:00Z
2025-06-30,L00071,358860.47,0.05291,360,141,461201.88,2025-07-02T07:00:00Z
2025-07-31,L00071,357884.25,0.05291,360,142,461201.88,2025-08-02T07:00:00Z
2025-08-31,L00071,356903.72,0.05291,360,143,461201.88,2025-09-02T07:00:00Z
2025-09-30,L00071,355918.87,0.05291,360,144,461201.88,2025-10-02T07:00:00Z
2024-01-31,L00072,198639.09,0.05172,300,187,374041.74,2024-02-02T07:00:00Z
2024-02-29,L00072,197270.97,0.05172,300,188,374041.74,2024-03-02T07:00:00Z
2024-03-31,L00072,195896.95,0.05172,300,189,374041.74,2024-04-02T07:00:00Z
2024-04-30,L00072,194517.0,0.05172,300,190,374041.74,2024-05-02T07:00:00Z
2024-05-31,L00072,193131.12,0.05172,300,191,374041.74,2024-06-02T07:00:00Z
2024-06-30,L00072,191739.25,0.05172,300,192,374041.74,2024-07-02T07:00:00Z
2024-07-31,L00072,190341.39,0.05172,300,193,374041.74,2024-08-02T07:00:00Z
2024-08-31,L00072,188937.51,0.05172,300,194,374041.74,2024-09-02T07:00:00Z
2024-09-30,L00072,187527.57,0.05172,300,195,374041.74,2024-10-02T07:00:00Z
2024-10-31,L00072,186111.56,0.05172,300,196,374041.74,2024-11-02T07:00:00Z
2024-11-30,L00072,184689.44,0.05172,300,197,374041.74,2024-12-02T07:00:00Z
2024-12-31,L00072,183261.19,0.05172,300,198,374041.74,2025-01-02T07:00:00Z
2025-01-31,L00072,181826.79,0.05172,300,199,374041.74,2025-02-02T07:00:00Z
2025-02-28,L00072,180386.21,0.05172,300,200,374041.74,2025-03-02T07:00:00Z
2025-03-31,L00072,178939.42,0.05172,300,201,374041.74,2025-04-02T07:00:00Z
2025-04-30,L00072,172562.7,0.05172,300,202,374041.74,2025-05-02T07:00:00Z
2025-05-31,L00072,171143.89,0.05172,300,203,374041.74,2025-06-02T07:00:00Z
2025-06-30,L00072,169718.97,0.05172,300,204,374041.74,2025-07-02T07:00:00Z
2025-07-31,L00072,168287.9,0.05172,300,205,374041.74,2025-08-02T07:00:00Z
2025-08-31,L00072,166850.67,0.05172,300,206,374041.74,2025-09-02T07:00:00Z
2025-09-30,L00072,165407.24,0.05172,300,207,374041.74,2025-10-02T07:00:00Z
2024-01-31,L00073,221886.64,0.05768,360,118,265641.36,2024-02-02T07:00:00Z
2024-02-29,L00073,221399.93,0.05768,360,119,265641.36,2024-03-02T07:00:00Z
2024-03-31,L00073,220910.87,0.05768,360,120,265641.36,2024-04-02T07:00:00Z
2024-04-30,L00073,220419.47,0.05768,360,121,265641.36,2024-05-02T07:00:00Z
2024-05-31,L00073,219925.7,0.05768,360,122,265641.36,2024-06-02T07:00:00Z
2024-06-30,L00073,219429.56,0.05768,360,123,265641.36,2024-07-02T07:00:00Z
2024-07-31,L00073,218931.04,0.05768,360,124,265641.36,2024-08-02T07:00:00Z
2024-08-31,L00073,218430.11,0.05768,360,125,265641.36,2024-09-02T07:00:00Z
2024-09-30,L00073,213673.07,0.05768,360,126,265641.36,2024-10-02T07:00:00Z
2024-10-31,L00073,213177.19,0.05768,360,127,265641.36,2024-11-02T07:00:00Z
2024-11-30,L00073,212678.93,0.05768,360,128,265641.36,2024-12-02T07:00:00Z
2024-12-31,L00073,212178.28,0.05768,360,129,265641.36,2025-01-02T07:00:00Z
2025-01-31,L00073,211675.22,0.05768,360,130,265641.36,2025-02-02T07:00:00Z
2025-02-28,L00073,211169.74,0.05768,360,131,265641.36,2025-03-02T07:00:00Z
2025-03-31,L00073,210661.83,0.05768,360,132,265641.36,2025-04-02T07:00:00Z
2025-04-30,L00073,210151.48,0.05768,360,133,265641.36,2025-05-02T07:00:00Z
2025-05-31,L00073,209638.67,0.05768,360,134,265641.36,2025-06-02T07:00:00Z
2025-06-30,L00073,209123.41,0.05768,360,135,265641.36,2025-07-02T07:00:00Z
2025-07-31,L00073,208605.66,0.05768,360,136,265641.36,2025-08-02T07:00:00Z
2025-08-31,L00073,208085.43,0.05768,360,137,265641.36,2025-09-02T07:00:00Z
2025-09-30,L00073,207562.69,0.05768,360,138,265641.36,2025-10-02T07:00:00Z
2024-01-31,L00074,245287.07,0.06436,360,23,250892.56,2024-02-02T07:00:00Z
2024-02-29,L00074,245027.36,0.06436,360,24,250892.56,2024-03-02T07:00:00Z
2024-03-31,L00074,244766.26,0.06436,360,25,250892.56,2024-04-02T07:00:00Z
2024-04-30,L00074,242231.56,0.06436,360,26,250892.56,2024-05-02T07:00:00Z
2024-05-31,L00074,241970.11,0.06436,360,27,250892.56,2024-06-02T07:00:00Z
2024-06-30,L00074,241707.24,0.06436,360,28,250892.56,2024-07-02T07:00:00Z
2024-07-31,L00074,241442.97,0.06436,360,29,250892.56,2024-08-02T07:00:00Z
2024-08-31,L00074,241177.29,0.06436,360,30,250892.56,2024-09-02T07:00:00Z
2024-09-30,L00074,240910.17,0.06436,360,31,250892.56,2024-10-02T07:00:00Z
2024-10-31,L00074,240641.63,0.06436,360,32,250892.56,2024-11-02T07:00:00Z
2024-11-30,L00074,240371.64,0.06436,360,33,250892.56,2024-12-02T07:00:00Z
2024-12-31,L00074,240100.21,0.06436,360,34,250892.56,2025-01-02T07:00:00Z
2025-01-31,L00074,239827.32,0.06436,360,35,250892.56,2025-02-02T07:00:00Z
2025-02-28,L00074,239552.96,0.06436,360,36,250892.56,2025-03-02T07:00:00Z
2025-03-31,L00074,239277.14,0.06436,360,37,250892.56,2025-04-02T07:00:00Z
2025-04-30,L00074,238999.83,0.06436,360,38,250892.56,2025-05-02T07:00:00Z
2025-05-31,L00074,238721.04,0.06436,360,39,250892.56,2025-06-02T07:00:00Z
2025-06-30,L00074,238440.76,0.06436,360,40,250892.56,2025-07-02T07:00:00Z
2025-07-31,L00074,238158.97,0.06436,360,41,250892.56,2025-08-02T07:00:00Z
2025-08-31,L00074,237875.66,0.06436,360,42,250892.56,2025-09-02T07:00:00Z
2025-09-30,L00074,237590.84,0.06436,360,43,250892.56,2025-10-02T07:00:00Z
2024-01-31,L00075,89340.63,0.04827,360,103,106095.04,2024-02-02T07:00:00Z
2024-02-29,L00075,89141.63,0.04827,360,104,106095.04,2024-03-02T07:00:00Z
2024-03-31,L00075,88941.83,0.04827,360,105,106095.04,2024-04-02T07:00:00Z
2024-04-30,L00075,88741.22,0.04827,360,106,106095.04,2024-05-02T07:00:00Z
2024-05-31,L00075,88539.8,0.04827,360,107,106095.04,2024-06-02T07:00:00Z
2024-06-30,L00075,88337.58,0.04827,360,108,106095.04,2024-07-02T07:00:00Z
2024-07-31,L00075,88134.54,0.04827,360,109,106095.04,2024-08-02T07:00:00Z
2024-08-31,L00075,85221.79,0.04827,360,110,106095.04,2024-09-02T07:00:00Z
2024-09-30,L00075,85023.42,0.04827,360,111,106095.04,2024-10-02T07:00:00Z
2024-10-31,L00075,84824.25,0.04827,360,112,106095.04,2024-11-02T07:00:00Z
2024-11-30,L00075,84624.28,0.04827,360,113,106095.04,2024-12-02T07:00:00Z
2024-12-31,L00075,84423.5,0.04827,360,114,106095.04,2025-01-02T07:00:00Z
2025-01-31,L00075,84221.92,0.04827,360,115,106095.04,2025-02-02T07:00:00Z
2025-02-28,L00075,84019.53,0.04827,360,116,106095.04,2025-03-02T07:00:00Z
2025-03-31,L00075,83816.33,0.04827,360,117,106095.04,2025-04-02T07:00:00Z
2025-04-30,L00075,83612.3,0.04827,360,118,106095.04,2025-05-02T07:00:00Z
2025-05-31,L00075,83407.46,0.04827,360,119,106095.04,2025-06-02T07:00:00Z
2025-06-30,L00075,83201.79,0.04827,360,120,106095.04,2025-07-02T07:00:00Z
2025-07-31,L00075,82995.29,0.04827,360,121,106095.04,2025-08-02T07:00:00Z
2025-08-31,L00075,82787.97,0.04827,360,122,106095.04,2025-09-02T07:00:00Z
2025-09-30,L00075,82579.81,0.04827,360,123,106095.04,2025-10-02T07:00:00Z
2024-01-31,L00076,89201.13,0.05155,240,46,101509.13,2024-02-02T07:00:00Z
2024-02-29,L00076,88905.69,0.05155,240,47,101509.13,2024-03-02T07:00:00Z
2024-03-31,L00076,88608.97,0.05155,240,48,101509.13,2024-04-02T07:00:00Z
2024-04-30,L00076,88310.98,0.05155,240,49,101509.13,2024-05-02T07:00:00Z
2024-05-31,L00076,88011.72,0.05155,240,50,101509.13,2024-06-02T07:00:00Z
2024-06-30,L00076,87711.16,0.05155,240,51,101509.13,2024-07-02T07:00:00Z
2024-07-31,L00076,87409.32,0.05155,240,52,101509.13,2024-08-02T07:00:00Z
2024-08-31,L00076,87106.18,0.05155,240,53,101509.13,2024-09-02T07:00:00Z
2024-09-30,L00076,86801.73,0.05155,240,54,101509.13,2024-10-02T07:00:00Z
2024-10-31,L00076,86495.98,0.05155,240,55,101509.13,2024-11-02T07:00:00Z
2024-11-30,L00076,86188.91,0.05155,240,56,101509.13,2024-12-02T07:00:00Z
2024-12-31,L00076,85880.53,0.05155,240,57,101509.13,2025-01-02T07:00:00Z
2025-01-31,L00076,85570.82,0.05155,240,58,101509.13,2025-02-02T07:00:00Z
2025-02-28,L00076,85259.78,0.05155,240,59,101509.13,2025-03-02T07:00:00Z
2025-03-31,L00076,84947.41,0.05155,240,60,101509.13,2025-04-02T07:00:00Z
2025-04-30,L00076,84633.69,0.05155,240,61,101509.13,2025-05-02T07:00:00Z
2025-05-31,L00076,84318.62,0.05155,240,62,101509.13,2025-06-02T07:00:00Z
2025-06-30,L00076,84002.2,0.05155,240,63,101509.13,2025-07-02T07:00:00Z
2025-07-31,L00076,83684.43,0.05155,240,64,101509.13,2025-08-02T07:00:00Z
2025-08-31,L00076,83365.28,0.05155,240,65,101509.13,2025-09-02T07:00:00Z
2025-09-30,L00076,83044.77,0.05155,240,66,101509.13,2025-10-02T07:00:00Z
2024-01-31,L00077,327809.96,0.06921,180,80,483328.97,2024-02-02T07:00:00Z
2024-02-29,L00077,325377.63,0.06921,180,81,483328.97,2024-03-02T07:00:00Z
2024-03-31,L00077,322931.27,0.06921,180,82,483328.97,2024-04-02T07:00:00Z
2024-04-30,L00077,320470.79,0.06921,180,83,483328.97,2024-05-02T07:00:00Z
2024-05-31,L00077,317996.13,0.06921,180,84,483328.97,2024-06-02T07:00:00Z
2024-06-30,L00077,315507.2,0.06921,180,85,483328.97,2024-07-02T07:00:00Z
2024-07-31,L00077,313003.9,0.06921,180,86,483328.97,2024-08-02T07:00:00Z
2024-08-31,L00077,310486.18,0.06921,180,87,483328.97,2024-09-02T07:00:00Z
2024-09-30,L00077,307953.93,0.06921,180,88,483328.97,2024-10-02T07:00:00Z
2024-10-31,L00077,305407.07,0.06921,180,89,483328.97,2024-11-02T07:00:00Z
2024-11-30,L00077,302845.53,0.06921,180,90,483328.97,2024-12-02T07:00:00Z
2024-12-31,L00077,300269.21,0.06921,180,91,483328.97,2025-01-02T07:00:00Z
2025-01-31,L00077,297678.04,0.06921,180,92,483328.97,2025-02-02T07:00:00Z
2025-02-28,L00077,295071.92,0.06921,180,93,483328.97,2025-03-02T07:00:00Z
2025-03-31,L00077,292450.77,0.06921,180,94,483328.97,2025-04-02T07:00:00Z
2025-04-30,L00077,289814.5,0.06921,180,95,483328.97,2025-05-02T07:00:00Z
2025-05-31,L00077,287163.03,0.06921,180,96,483328.97,2025-06-02T07:00:00Z
2025-06-30,L00077,284496.26,0.06921,180,97,483328.97,2025-07-02T07:00:00Z
2025-07-31,L00077,281814.11,0.06921,180,98,483328.97,2025-08-02T07:00:00Z
2025-08-31,L00077,279116.5,0.06921,180,99,483328.97,2025-09-02T07:00:00Z
2025-09-30,L00077,276403.32,0.06921,180,100,483328.97,2025-10-02T07:00:00Z
2024-01-31,L00078,414253.22,0.07013,300,137,557954.71,2024-02-02T07:00:00Z
2024-02-29,L00078,412726.05,0.07013,300,138,557954.71,2024-03-02T07:00:00Z
2024-03-31,L00078,411189.95,0.07013,300,139,557954.71,2024-04-02T07:00:00Z
2024-04-30,L00078,409644.88,0.07013,300,140,557954.71,2024-05-02T07:00:00Z
2024-05-31,L00078,408090.77,0.07013,300,141,557954.71,2024-06-02T07:00:00Z
2024-06-30,L00078,406527.59,0.07013,300,142,557954.71,2024-07-02T07:00:00Z
2024-07-31,L00078,404955.27,0.07013,300,143,557954.71,2024-08-02T07:00:00Z
2024-08-31,L00078,403373.76,0.07013,300,144,557954.71,2024-09-02T07:00:00Z
2024-09-30,L00078,401783.0,0.07013,300,145,557954.71,2024-10-02T07:00:00Z
2024-10-31,L00078,400182.95,0.07013,300,146,557954.71,2024-11-02T07:00:00Z
2024-11-30,L00078,398573.55,0.07013,300,147,557954.71,2024-12-02T07:00:00Z
2024-12-31,L00078,396954.75,0.07013,300,148,557954.71,2025-01-02T07:00:00Z
2025-01-31,L00078,395326.48,0.07013,300,149,557954.71,2025-02-02T07:00:00Z
2025-02-28,L00078,393688.7,0.07013,300,150,557954.71,2025-03-02T07:00:00Z
2025-03-31,L00078,392041.35,0.07013,300,151,557954.71,2025-04-02T07:00:00Z
2025-04-30,L00078,390384.36,0.07013,300,152,557954.71,2025-05-02T07:00:00Z
2025-05-31,L00078,388717.7,0.07013,300,153,557954.71,2025-06-02T07:00:00Z
2025-06-30,L00078,387041.29,0.07013,300,154,557954.71,2025-07-02T07:00:00Z
2025-07-31,L00078,385355.09,0.07013,300,155,557954.71,2025-08-02T07:00:00Z
2025-08-31,L00078,383659.04,0.07013,300,156,557954.71,2025-09-02T07:00:00Z
2025-09-30,L00078,381953.07,0.07013,300,157,557954.71,2025-10-02T07:00:00Z
2024-01-31,L00079,305016.51,0.05112,360,171,432792.56,2024-02-02T07:00:00Z
2024-02-29,L00079,303962.84,0.05112,360,172,432792.56,2024-03-02T07:00:00Z
2024-03-31,L00079,302904.69,0.05112,360,173,432792.56,2024-04-02T07:00:00Z
2024-04-30,L00079,301842.02,0.05112,360,174,432792.56,2024-05-02T07:00:00Z
2024-05-31,L00079,300774.83,0.05112,360,175,432792.56,2024-06-02T07:00:00Z
2024-06-30,L00079,299703.09,0.05112,360,176,432792.56,2024-07-02T07:00:00Z
2024-07-31,L00079,298626.79,0.05112,360,177,432792.56,2024-08-02T07:00:00Z
2024-08-31,L00079,297545.9,0.05112,360,178,432792.56,2024-09-02T07:00:00Z
2024-09-30,L00079,296460.41,0.05112,360,179,432792.56,2024-10-02T07:00:00Z
2024-10-31,L00079,295370.29,0.05112,360,180,432792.56,2024-11-02T07:00:00Z
2024-11-30,L00079,294275.53,0.05112,360,181,432792.56,2024-12-02T07:00:00Z
2024-12-31,L00079,293176.1,0.05112,360,182,432792.56,2025-01-02T07:00:00Z
2025-01-31,L00079,292072.0,0.05112,360,183,432792.56,2025-02-02T07:00:00Z
2025-02-28,L00079,290963.18,0.05112,360,184,432792.56,2025-03-02T07:00:00Z
2025-03-31,L00079,289849.65,0.05112,360,185,432792.56,2025-04-02T07:00:00Z
2025-04-30,L00079,288731.37,0.05112,360,186,432792.56,2025-05-02T07:00:00Z
2025-05-31,L00079,287608.33,0.05112,360,187,432792.56,2025-06-02T07:00:00Z
2025-06-30,L00079,286480.5,0.05112,360,188,432792.56,2025-07-02T07:00:00Z
2025-07-31,L00079,285347.87,0.05112,360,189,432792.56,2025-08-02T07:00:00Z
2025-08-31,L00079,284210.41,0.05112,360,190,432792.56,2025-09-02T07:00:00Z
2025-09-30,L00079,283068.11,0.05112,360,191,432792.56,2025-10-02T07:00:00Z
2024-01-31,L00080,110465.81,0.05913,300,193,208271.21,2024-02-02T07:00:00Z
2024-02-29,L00080,109679.29,0.05913,300,194,208271.21,2024-03-02T07:00:00Z
2024-03-31,L00080,108888.89,0.05913,300,195,208271.21,2024-04-02T07:00:00Z
2024-04-30,L00080,108094.6,0.05913,300,196,208271.21,2024-05-02T07:00:00Z
2024-05-31,L00080,107296.4,0.05913,300,197,208271.21,2024-06-02T07:00:00Z
2024-06-30,L00080,106494.26,0.05913,300,198,208271.21,2024-07-02T07:00:00Z
2024-07-31,L00080,105688.17,0.05913,300,199,208271.21,2024-08-02T07:00:00Z
2024-08-31,L00080,104878.11,0.05913,300,200,208271.21,2024-09-02T07:00:00Z
2024-09-30,L00080,104064.05,0.05913,300,201,208271.21,2024-10-02T07:00:00Z
2024-10-31,L00080,103245.99,0.05913,300,202,208271.21,2024-11-02T07:00:00Z
2024-11-30,L00080,102423.9,0.05913,300,203,208271.21,2024-12-02T07:00:00Z
2024-12-31,L00080,101597.75,0.05913,300,204,208271.21,2025-01-02T07:00:00Z
2025-01-31,L00080,100767.53,0.05913,300,205,208271.21,2025-02-02T07:00:00Z
2025-02-28,L00080,99933.22,0.05913,300,206,208271.21,2025-03-02T07:00:00Z
2025-03-31,L00080,99094.8,0.05913,300,207,208271.21,2025-04-02T07:00:00Z
2025-04-30,L00080,98252.25,0.05913,300,208,208271.21,2025-05-02T07:00:00Z
2025-05-31,L00080,97405.55,0.05913,300,209,208271.21,2025-06-02T07:00:00Z
2025-06-30,L00080,96554.68,0.05913,300,210,208271.21,2025-07-02T07:00:00Z
2025-07-31,L00080,95699.61,0.05913,300,211,208271.21,2025-08-02T07:00:00Z
2025-08-31,L00080,94840.33,0.05913,300,212,208271.21,2025-09-02T07:00:00Z
2025-09-30,L00080,93976.82,0.05913,300,213,208271.21,2025-10-02T07:00:00Z
2024-01-31,L00081,384844.72,0.05269,360,13,390807.08,2024-02-02T07:00:00Z
2024-02-29,L00081,384371.85,0.05269,360,14,390807.08,2024-03-02T07:00:00Z
2024-03-31,L00081,383896.91,0.05269,360,15,390807.08,2024-04-02T07:00:00Z
2024-04-30,L00081,383419.89,0.05269,360,16,390807.08,2024-05-02T07:00:00Z
2024-05-31,L00081,382940.77,0.05269,360,17,390807.08,2024-06-02T07:00:00Z
2024-06-30,L00081,382459.55,0.05269,360,18,390807.08,2024-07-02T07:00:00Z
2024-07-31,L00081,381976.21,0.05269,360,19,390807.08,2024-08-02T07:00:00Z
2024-08-31,L00081,379807.65,0.05269,360,20,390807.08,2024-09-02T07:00:00Z
2024-09-30,L00081,379322.21,0.05269,360,21,390807.08,2024-10-02T07:00:00Z
2024-10-31,L00081,378834.64,0.05269,360,22,390807.08,2024-11-02T07:00:00Z
2024-11-30,L00081,378344.93,0.05269,360,23,390807.08,2024-12-02T07:00:00Z
2024-12-31,L00081,377853.07,0.05269,360,24,390807.08,2025-01-02T07:00:00Z
2025-01-31,L00081,377359.05,0.05269,360,25,390807.08,2025-02-02T07:00:00Z
2025-02-28,L00081,376862.86,0.05269,360,26,390807.08,2025-03-02T07:00:00Z
2025-03-31,L00081,376364.49,0.05269,360,27,390807.08,2025-04-02T07:00:00Z
2025-04-30,L00081,375863.93,0.05269,360,28,390807.08,2025-05-02T07:00:00Z
2025-05-31,L00081,375361.18,0.05269,360,29,390807.08,2025-06-02T07:00:00Z
2025-06-30,L00081,374856.21,0.05269,360,30,390807.08,2025-07-02T07:00:00Z
2025-07-31,L00081,374349.03,0.05269,360,31,390807.08,2025-08-02T07:00:00Z
2025-08-31,L00081,373839.63,0.05269,360,32,390807.08,2025-09-02T07:00:00Z
2025-09-30,L00081,373327.98,0.05269,360,33,390807.08,2025-10-02T07:00:00Z
2024-01-31,L00082,338125.19,0.03711,360,85,396478.15,2024-02-02T07:00:00Z
2024-02-29,L00082,337343.45,0.03711,360,86,396478.15,2024-03-02T07:00:00Z
2024-03-31,L00082,331630.82,0.03711,360,87,396478.15,2024-04-02T07:00:00Z
2024-04-30,L00082,330855.76,0.03711,360,88,396478.15,2024-05-02T07:00:00Z
2024-05-31,L00082,330078.31,0.03711,360,89,396478.15,2024-06-02T07:00:00Z
2024-06-30,L00082,329298.44,0.03711,360,90,396478.15,2024-07-02T07:00:00Z
2024-07-31,L00082,328516.17,0.03711,360,91,396478.15,2024-08-02T07:00:00Z
2024-08-31,L00082,327731.48,0.03711,360,92,396478.15,2024-09-02T07:00:00Z
2024-09-30,L00082,326944.36,0.03711,360,93,396478.15,2024-10-02T07:00:00Z
2024-10-31,L00082,326154.8,0.03711,360,94,396478.15,2024-11-02T07:00:00Z
2024-11-30,L00082,325362.81,0.03711,360,95,396478.15,2024-12-02T07:00:00Z
2024-12-31,L00082,324568.36,0.03711,360,96,396478.15,2025-01-02T07:00:00Z
2025-01-31,L00082,323771.46,0.03711,360,97,396478.15,2025-02-02T07:00:00Z
2025-02-28,L00082,322972.09,0.03711,360,98,396478.15,2025-03-02T07:00:00Z
2025-03-31,L00082,322170.26,0.03711,360,99,396478.15,2025-04-02T07:00:00Z
2025-04-30,L00082,321365.94,0.03711,360,100,396478.15,2025-05-02T07:00:00Z
2025-05-31,L00082,320559.13,0.03711,360,101,396478.15,2025-06-02T07:00:00Z
2025-06-30,L00082,319749.83,0.03711,360,102,396478.15,2025-07-02T07:00:00Z
2025-07-31,L00082,318938.03,0.03711,360,103,396478.15,2025-08-02T07:00:00Z
2025-08-31,L00082,318123.72,0.03711,360,104,396478.15,2025-09-02T07:00:00Z
2025-09-30,L00082,317306.88,0.03711,360,105,396478.15,2025-10-02T07:00:00Z
2024-01-31,L00083,114722.29,0.07276,360,20,116640.91,2024-02-02T07:00:00Z
2024-02-29,L00083,114620.14,0.07276,360,21,116640.91,2024-03-02T07:00:00Z
2024-03-31,L00083,114517.36,0.07276,360,22,116640.91,2024-04-02T07:00:00Z
2024-04-30,L00083,114413.97,0.07276,360,23,116640.91,2024-05-02T07:00:00Z
2024-05-31,L00083,114309.94,0.07276,360,24,116640.91,2024-06-02T07:00:00Z
2024-06-30,L00083,114205.29,0.07276,360,25,116640.91,2024-07-02T07:00:00Z
2024-07-31,L00083,114100.0,0.07276,360,26,116640.91,2024-08-02T07:00:00Z
2024-08-31,L00083,113994.07,0.07276,360,27,116640.91,2024-09-02T07:00:00Z
2024-09-30,L00083,113887.5,0.07276,360,28,116640.91,2024-10-02T07:00:00Z
2024-10-31,L00083,113780.28,0.07276,360,29,116640.91,2024-11-02T07:00:00Z
2024-11-30,L00083,113672.41,0.07276,360,30,116640.91,2024-12-02T07:00:00Z
2024-12-31,L00083,113563.89,0.07276,360,31,116640.91,2025-01-02T07:00:00Z
2025-01-31,L00083,113454.71,0.07276,360,32,116640.91,2025-02-02T07:00:00Z
2025-02-28,L00083,113344.87,0.07276,360,33,116640.91,2025-03-02T07:00:00Z
2025-03-31,L00083,113234.37,0.07276,360,34,116640.91,2025-04-02T07:00:00Z
2025-04-30,L00083,113123.19,0.07276,360,35,116640.91,2025-05-02T07:00:00Z
2025-05-31,L00083,113011.34,0.07276,360,36,116640.91,2025-06-02T07:00:00Z
2025-06-30,L00083,112898.81,0.07276,360,37,116640.91,2025-07-02T07:00:00Z
2025-07-31,L00083,112785.6,0.07276,360,38,116640.91,2025-08-02T07:00:00Z
2025-08-31,L00083,112671.7,0.07276,360,39,116640.91,2025-09-02T07:00:00Z
2025-09-30,L00083,112557.11,0.07276,360,40,116640.91,2025-10-02T07:00:00Z
2024-01-31,L00084,589888.4,0.04595,360,10,597759.83,2024-02-02T07:00:00Z
2024-02-29,L00084,589084.59,0.04595,360,11,597759.83,2024-03-02T07:00:00Z
2024-03-31,L00084,588277.7,0.04595,360,12,597759.83,2024-04-02T07:00:00Z
2024-04-30,L00084,587467.71,0.04595,360,13,597759.83,2024-05-02T07:00:00Z
2024-05-31,L00084,586654.63,0.04595,360,14,597759.83,2024-06-02T07:00:00Z
2024-06-30,L00084,585838.43,0.04595,360,15,597759.83,2024-07-02T07:00:00Z
2024-07-31,L00084,585019.11,0.04595,360,16,597759.83,2024-08-02T07:00:00Z
2024-08-31,L00084,584196.65,0.04595,360,17,597759.83,2024-09-02T07:00:00Z
2024-09-30,L00084,583371.04,0.04595,360,18,597759.83,2024-10-02T07:00:00Z
2024-10-31,L00084,582542.27,0.04595,360,19,597759.83,2024-11-02T07:00:00Z
2024-11-30,L00084,581710.32,0.04595,360,20,597759.83,2024-12-02T07:00:00Z
2024-12-31,L00084,580875.19,0.04595,360,21,597759.83,2025-01-02T07:00:00Z
2025-01-31,L00084,580036.86,0.04595,360,22,597759.83,2025-02-02T07:00:00Z
2025-02-28,L00084,579195.32,0.04595,360,23,597759.83,2025-03-02T07:00:00Z
2025-03-31,L00084,578350.56,0.04595,360,24,597759.83,2025-04-02T07:00:00Z
2025-04-30,L00084,577502.57,0.04595,360,25,597759.83,2025-05-02T07:00:00Z
2025-05-31,L00084,576651.33,0.04595,360,26,597759.83,2025-06-02T07:00:00Z
2025-06-30,L00084,575796.82,0.04595,360,27,597759.83,2025-07-02T07:00:00Z
2025-07-31,L00084,574939.05,0.04595,360,28,597759.83,2025-08-02T07:00:00Z
2025-08-31,L00084,574077.99,0.04595,360,29,597759.83,2025-09-02T07:00:00Z
2025-09-30,L00084,573213.63,0.04595,360,30,597759.83,2025-10-02T07:00:00Z
2024-01-31,L00085,218439.54,0.04941,360,66,240547.39,2024-02-02T07:00:00Z
2024-02-29,L00085,218056.31,0.04941,360,67,240547.39,2024-03-02T07:00:00Z
2024-03-31,L00085,217671.51,0.04941,360,68,240547.39,2024-04-02T07:00:00Z
2024-04-30,L00085,217285.12,0.04941,360,69,240547.39,2024-05-02T07:00:00Z
2024-05-31,L00085,216897.14,0.04941,360,70,240547.39,2024-06-02T07:00:00Z
2024-06-30,L00085,216507.57,0.04941,360,71,240547.39,2024-07-02T07:00:00Z
2024-07-31,L00085,216116.39,0.04941,360,72,240547.39,2024-08-02T07:00:00Z
2024-08-31,L00085,215723.59,0.04941,360,73,240547.39,2024-09-02T07:00:00Z
2024-09-30,L00085,215329.19,0.04941,360,74,240547.39,2024-10-02T07:00:00Z
2024-10-31,L00085,214933.15,0.04941,360,75,240547.39,2024-11-02T07:00:00Z
2024-11-30,L00085,214535.49,0.04941,360,76,240547.39,2024-12-02T07:00:00Z
2024-12-31,L00085,214136.19,0.04941,360,77,240547.39,2025-01-02T07:00:00Z
2025-01-31,L00085,213735.24,0.04941,360,78,240547.39,2025-02-02T07:00:00Z
2025-02-28,L00085,213332.65,0.04941,360,79,240547.39,2025-03-02T07:00:00Z
2025-03-31,L00085,212928.4,0.04941,360,80,240547.39,2025-04-02T07:00:00Z
2025-04-30,L00085,212522.48,0.04941,360,81,240547.39,2025-05-02T07:00:00Z
2025-05-31,L00085,212114.89,0.04941,360,82,240547.39,2025-06-02T07:00:00Z
2025-06-30,L00085,211705.62,0.04941,360,83,240547.39,2025-07-02T07:00:00Z
2025-07-31,L00085,211294.67,0.04941,360,84,240547.39,2025-08-02T07:00:00Z
2025-08-31,L00085,210882.02,0.04941,360,85,240547.39,2025-09-02T07:00:00Z
2025-09-30,L00085,210467.68,0.04941,360,86,240547.39,2025-10-02T07:00:00Z
2024-01-31,L00086,300196.52,0.05882,300,117,390586.1,2024-02-02T07:00:00Z
2024-02-29,L00086,299179.53,0.05882,300,118,390586.1,2024-03-02T07:00:00Z
2024-03-31,L00086,298157.55,0.05882,300,119,390586.1,2024-04-02T07:00:00Z
2024-04-30,L00086,297130.57,0.05882,300,120,390586.1,2024-05-02T07:00:00Z
2024-05-31,L00086,296098.55,0.05882,300,121,390586.1,2024-06-02T07:00:00Z
2024-06-30,L00086,295061.47,0.05882,300,122,390586.1,2024-07-02T07:00:00Z
2024-07-31,L00086,294019.31,0.05882,300,123,390586.1,2024-08-02T07:00:00Z
2024-08-31,L00086,292972.04,0.05882,300,124,390586.1,2024-09-02T07:00:00Z
2024-09-30,L00086,291919.64,0.05882,300,125,390586.1,2024-10-02T07:00:00Z
2024-10-31,L00086,290862.08,0.05882,300,126,390586.1,2024-11-02T07:00:00Z
2024-11-30,L00086,289799.33,0.05882,300,127,390586.1,2024-12-02T07:00:00Z
2024-12-31,L00086,288731.38,0.05882,300,128,390586.1,2025-01-02T07:00:00Z
2025-01-31,L00086,287658.19,0.05882,300,129,390586.1,2025-02-02T07:00:00Z
2025-02-28,L00086,286579.74,0.05882,300,130,390586.1,2025-03-02T07:00:00Z
2025-03-31,L00086,285496.0,0.05882,300,131,390586.1,2025-04-02T07:00:00Z
2025-04-30,L00086,284406.96,0.05882,300,132,390586.1,2025-05-02T07:00:00Z
2025-05-31,L00086,283312.57,0.05882,300,133,390586.1,2025-06-02T07:00:00Z
2025-06-30,L00086,282212.82,0.05882,300,134,390586.1,2025-07-02T07:00:00Z
2025-07-31,L00086,281107.68,0.05882,300,135,390586.1,2025-08-02T07:00:00Z
2025-08-31,L00086,279997.12,0.05882,300,136,390586.1,2025-09-02T07:00:00Z
2025-09-30,L00086,278881.12,0.05882,300,137,390586.1,2025-10-02T07:00:00Z
2024-01-31,L00087,256732.29,0.06921,300,192,456075.93,2024-02-02T07:00:00Z
2024-02-29,L00087,255012.5,0.06921,300,193,456075.93,2024-03-02T07:00:00Z
2024-03-31,L00087,253282.78,0.06921,300,194,456075.93,2024-04-02T07:00:00Z
2024-04-30,L00087,251543.09,0.06921,300,195,456075.93,2024-05-02T07:00:00Z
2024-05-31,L00087,249793.36,0.06921,300,196,456075.93,2024-06-02T07:00:00Z
2024-06-30,L00087,248033.54,0.06921,300,197,456075.93,2024-07-02T07:00:00Z
2024-07-31,L00087,246263.57,0.06921,300,198,456075.93,2024-08-02T07:00:00Z
2024-08-31,L00087,244483.4,0.06921,300,199,456075.93,2024-09-02T07:00:00Z
2024-09-30,L00087,242692.95,0.06921,300,200,456075.93,2024-10-02T07:00:00Z
2024-10-31,L00087,240892.18,0.06921,300,201,456075.93,2024-11-02T07:00:00Z
2024-11-30,L00087,239081.03,0.06921,300,202,456075.93,2024-12-02T07:00:00Z
2024-12-31,L00087,237259.42,0.06921,300,203,456075.93,2025-01-02T07:00:00Z
2025-01-31,L00087,235427.32,0.06921,300,204,456075.93,2025-02-02T07:00:00Z
2025-02-28,L00087,233584.64,0.06921,300,205,456075.93,2025-03-02T07:00:00Z
2025-03-31,L00087,231731.34,0.06921,300,206,456075.93,2025-04-02T07:00:00Z
2025-04-30,L00087,229867.35,0.06921,300,207,456075.93,2025-05-02T07:00:00Z
2025-05-31,L00087,227992.61,0.06921,300,208,456075.93,2025-06-02T07:00:00Z
2025-06-30,L00087,226107.05,0.06921,300,209,456075.93,2025-07-02T07:00:00Z
2025-07-31,L00087,224210.62,0.06921,300,210,456075.93,2025-08-02T07:00:00Z
2025-08-31,L00087,222303.26,0.06921,300,211,456075.93,2025-09-02T07:00:00Z
2025-09-30,L00087,220384.89,0.06921,300,212,456075.93,2025-10-02T07:00:00Z
2024-01-31,L00088,80694.16,0.05059,300,173,139770.66,2024-02-02T07:00:00Z
2024-02-29,L00088,80212.46,0.05059,300,174,139770.66,2024-03-02T07:00:00Z
2024-03-31,L00088,79728.72,0.05059,300,175,139770.66,2024-04-02T07:00:00Z
2024-04-30,L00088,79242.95,0.05059,300,176,139770.66,2024-05-02T07:00:00Z
2024-05-31,L00088,78755.12,0.05059,300,177,139770.66,2024-06-02T07:00:00Z
2024-06-30,L00088,78265.25,0.05059,300,178,139770.66,2024-07-02T07:00:00Z
2024-07-31,L00088,77773.3,0.05059,300,179,139770.66,2024-08-02T07:00:00Z
2024-08-31,L00088,77279.28,0.05059,300,180,139770.66,2024-09-02T07:00:00Z
2024-09-30,L00088,76783.18,0.05059,300,181,139770.66,2024-10-02T07:00:00Z
2024-10-31,L00088,76284.99,0.05059,300,182,139770.66,2024-11-02T07:00:00Z
2024-11-30,L00088,75784.7,0.05059,300,183,139770.66,2024-12-02T07:00:00Z
2024-12-31,L00088,75282.3,0.05059,300,184,139770.66,2025-01-02T07:00:00Z
2025-01-31,L00088,74777.78,0.05059,300,185,139770.66,2025-02-02T07:00:00Z
2025-02-28,L00088,74271.13,0.05059,300,186,139770.66,2025-03-02T07:00:00Z
2025-03-31,L00088,73762.35,0.05059,300,187,139770.66,2025-04-02T07:00:00Z
2025-04-30,L00088,73251.42,0.05059,300,188,139770.66,2025-05-02T07:00:00Z
2025-05-31,L00088,72738.34,0.05059,300,189,139770.66,2025-06-02T07:00:00Z
2025-06-30,L00088,72223.1,0.05059,300,190,139770.66,2025-07-02T07:00:00Z
2025-07-31,L00088,71705.68,0.05059,300,191,139770.66,2025-08-02T07:00:00Z
2025-08-31,L00088,71186.08,0.05059,300,192,139770.66,2025-09-02T07:00:00Z
2025-09-30,L00088,70664.29,0.05059,300,193,139770.66,2025-10-02T07:00:00Z
2024-01-31,L00089,142984.04,0.0527,180,87,233072.78,2024-02-02T07:00:00Z
2024-02-29,L00089,141735.91,0.0527,180,88,233072.78,2024-03-02T07:00:00Z
2024-03-31,L00089,140482.29,0.0527,180,89,233072.78,2024-04-02T07:00:00Z
2024-04-30,L00089,139223.17,0.0527,180,90,233072.78,2024-05-02T07:00:00Z
2024-05-31,L00089,137958.52,0.0527,180,91,233072.78,2024-06-02T07:00:00Z
2024-06-30,L00089,136688.32,0.0527,180,92,233072.78,2024-07-02T07:00:00Z
2024-07-31,L00089,135412.54,0.0527,180,93,233072.78,2024-08-02T07:00:00Z
2024-08-31,L00089,134131.15,0.0527,180,94,233072.78,2024-09-02T07:00:00Z
2024-09-30,L00089,132844.14,0.0527,180,95,233072.78,2024-10-02T07:00:00Z
2024-10-31,L00089,131551.47,0.0527,180,96,233072.78,2024-11-02T07:00:00Z
2024-11-30,L00089,130253.13,0.0527,180,97,233072.78,2024-12-02T07:00:00Z
2024-12-31,L00089,128949.09,0.0527,180,98,233072.78,2025-01-02T07:00:00Z
2025-01-31,L00089,127639.32,0.0527,180,99,233072.78,2025-02-02T07:00:00Z
2025-02-28,L00089,126323.79,0.0527,180,100,233072.78,2025-03-02T07:00:00Z
2025-03-31,L00089,125002.49,0.0527,180,101,233072.78,2025-04-02T07:00:00Z
2025-04-30,L00089,123675.39,0.0527,180,102,233072.78,2025-05-02T07:00:00Z
2025-05-31,L00089,122342.46,0.0527,180,103,233072.78,2025-06-02T07:00:00Z
2025-06-30,L00089,121003.68,0.0527,180,104,233072.78,2025-07-02T07:00:00Z
2025-07-31,L00089,119659.01,0.0527,180,105,233072.78,2025-08-02T07:00:00Z
2025-08-31,L00089,116562.27,0.0527,180,106,233072.78,2025-09-02T07:00:00Z
2025-09-30,L00089,115225.79,0.0527,180,107,233072.78,2025-10-02T07:00:00Z
2024-01-31,L00090,475351.05,0.07039,360,49,498282.1,2024-02-02T07:00:00Z
2024-02-29,L00090,474811.24,0.07039,360,50,498282.1,2024-03-02T07:00:00Z
2024-03-31,L00090,474268.26,0.07039,360,51,498282.1,2024-04-02T07:00:00Z
2024-04-30,L00090,473722.09,0.07039,360,52,498282.1,2024-05-02T07:00:00Z
2024-05-31,L00090,473172.72,0.07039,360,53,498282.1,2024-06-02T07:00:00Z
2024-06-30,L00090,472620.13,0.07039,360,54,498282.1,2024-07-02T07:00:00Z
2024-07-31,L00090,472064.3,0.07039,360,55,498282.1,2024-08-02T07:00:00Z
2024-08-31,L00090,471505.2,0.07039,360,56,498282.1,2024-09-02T07:00:00Z
2024-09-30,L00090,470942.83,0.07039,360,57,498282.1,2024-10-02T07:00:00Z
2024-10-31,L00090,470377.16,0.07039,360,58,498282.1,2024-11-02T07:00:00Z
2024-11-30,L00090,469808.17,0.07039,360,59,498282.1,2024-12-02T07:00:00Z
2024-12-31,L00090,469235.84,0.07039,360,60,498282.1,2025-01-02T07:00:00Z
2025-01-31,L00090,468660.15,0.07039,360,61,498282.1,2025-02-02T07:00:00Z
2025-02-28,L00090,468081.09,0.07039,360,62,498282.1,2025-03-02T07:00:00Z
2025-03-31,L00090,467498.63,0.07039,360,63,498282.1,2025-04-02T07:00:00Z
2025-04-30,L00090,466912.76,0.07039,360,64,498282.1,2025-05-02T07:00:00Z
2025-05-31,L00090,466323.44,0.07039,360,65,498282.1,2025-06-02T07:00:00Z
2025-06-30,L00090,465730.67,0.07039,360,66,498282.1,2025-07-02T07:00:00Z
2025-07-31,L00090,465134.43,0.07039,360,67,498282.1,2025-08-02T07:00:00Z
2025-08-31,L00090,464534.68,0.07039,360,68,498282.1,2025-09-02T07:00:00Z
2025-09-30,L00090,463931.42,0.07039,360,69,498282.1,2025-10-02T07:00:00Z
2024-01-31,L00091,200480.73,0.06196,240,101,278218.81,2024-02-02T07:00:00Z
2024-02-29,L00091,199491.05,0.06196,240,102,278218.81,2024-03-02T07:00:00Z
2024-03-31,L00091,198496.25,0.06196,240,103,278218.81,2024-04-02T07:00:00Z
2024-04-30,L00091,197496.32,0.06196,240,104,278218.81,2024-05-02T07:00:00Z
2024-05-31,L00091,196491.23,0.06196,240,105,278218.81,2024-06-02T07:00:00Z
2024-06-30,L00091,195480.95,0.06196,240,106,278218.81,2024-07-02T07:00:00Z
2024-07-31,L00091,194465.45,0.06196,240,107,278218.81,2024-08-02T07:00:00Z
2024-08-31,L00091,193444.7,0.06196,240,108,278218.81,2024-09-02T07:00:00Z
2024-09-30,L00091,192418.69,0.06196,240,109,278218.81,2024-10-02T07:00:00Z
2024-10-31,L00091,191387.38,0.06196,240,110,278218.81,2024-11-02T07:00:00Z
2024-11-30,L00091,190350.74,0.06196,240,111,278218.81,2024-12-02T07:00:00Z
2024-12-31,L00091,189308.76,0.06196,240,112,278218.81,2025-01-02T07:00:00Z
2025-01-31,L00091,188261.39,0.06196,240,113,278218.81,2025-02-02T07:00:00Z
2025-02-28,L00091,187208.61,0.06196,240,114,278218.81,2025-03-02T07:00:00Z
2025-03-31,L00091,186150.4,0.06196,240,115,278218.81,2025-04-02T07:00:00Z
2025-04-30,L00091,185086.72,0.06196,240,116,278218.81,2025-05-02T07:00:00Z
2025-05-31,L00091,184017.55,0.06196,240,117,278218.81,2025-06-02T07:00:00Z
2025-06-30,L00091,182942.87,0.06196,240,118,278218.81,2025-07-02T07:00:00Z
2025-07-31,L00091,181862.63,0.06196,240,119,278218.81,2025-08-02T07:00:00Z
2025-08-31,L00091,180776.81,0.06196,240,120,278218.81,2025-09-02T07:00:00Z
2025-09-30,L00091,179685.39,0.06196,240,121,278218.81,2025-10-02T07:00:00Z
2024-01-31,L00092,282311.34,0.04617,180,102,544303.08,2024-02-02T07:00:00Z
2024-02-29,L00092,279201.03,0.04617,180,103,544303.08,2024-03-02T07:00:00Z
2024-03-31,L00092,276078.76,0.04617,180,104,544303.08,2024-04-02T07:00:00Z
2024-04-30,L00092,272944.47,0.04617,180,105,544303.08,2024-05-02T07:00:00Z
2024-05-31,L00092,269798.12,0.04617,180,106,544303.08,2024-06-02T07:00:00Z
2024-06-30,L00092,266639.67,0.04617,180,107,544303.08,2024-07-02T07:00:00Z
2024-07-31,L00092,263469.06,0.04617,180,108,544303.08,2024-08-02T07:00:00Z
2024-08-31,L00092,260286.25,0.04617,180,109,544303.08,2024-09-02T07:00:00Z
2024-09-30,L00092,257091.2,0.04617,180,110,544303.08,2024-10-02T07:00:00Z
2024-10-31,L00092,253883.86,0.04617,180,111,544303.08,2024-11-02T07:00:00Z
2024-11-30,L00092,250664.17,0.04617,180,112,544303.08,2024-12-02T07:00:00Z
2024-12-31,L00092,247432.1,0.04617,180,113,544303.08,2025-01-02T07:00:00Z
2025-01-31,L00092,244187.59,0.04617,180,114,544303.08,2025-02-02T07:00:00Z
2025-02-28,L00092,240930.6,0.04617,180,115,544303.08,2025-03-02T07:00:00Z
2025-03-31,L00092,237661.08,0.04617,180,116,544303.08,2025-04-02T07:00:00Z
2025-04-30,L00092,234378.98,0.04617,180,117,544303.08,2025-05-02T07:00:00Z
2025-05-31,L00092,231084.25,0.04617,180,118,544303.08,2025-06-02T07:00:00Z
2025-06-30,L00092,227776.84,0.04617,180,119,544303.08,2025-07-02T07:00:00Z
2025-07-31,L00092,224456.71,0.04617,180,120,544303.08,2025-08-02T07:00:00Z
2025-08-31,L00092,221123.81,0.04617,180,121,544303.08,2025-09-02T07:00:00Z
2025-09-30,L00092,217778.08,0.04617,180,122,544303.08,2025-10-02T07:00:00Z
2024-01-31,L00093,388802.22,0.053,300,110,502804.04,2024-02-02T07:00:00Z
2024-02-29,L00093,387491.54,0.053,300,111,502804.04,2024-03-02T07:00:00Z
2024-03-31,L00093,386175.07,0.053,300,112,502804.04,2024-04-02T07:00:00Z
2024-04-30,L00093,380209.65,0.053,300,113,502804.04,2024-05-02T07:00:00Z
2024-05-31,L00093,378897.55,0.053,300,114,502804.04,2024-06-02T07:00:00Z
2024-06-30,L00093,377579.65,0.053,300,115,502804.04,2024-07-02T07:00:00Z
2024-07-31,L00093,376255.93,0.053,300,116,502804.04,2024-08-02T07:00:00Z
2024-08-31,L00093,374926.37,0.053,300,117,502804.04,2024-09-02T07:00:00Z
2024-09-30,L00093,373590.93,0.053,300,118,502804.04,2024-10-02T07:00:00Z
2024-10-31,L00093,372249.6,0.053,300,119,502804.04,2024-11-02T07:00:00Z
2024-11-30,L00093,370902.34,0.053,300,120,502804.04,2024-12-02T07:00:00Z
2024-12-31,L00093,369549.13,0.053,300,121,502804.04,2025-01-02T07:00:00Z
2025-01-31,L00093,368189.94,0.053,300,122,502804.04,2025-02-02T07:00:00Z
2025-02-28,L00093,366824.75,0.053,300,123,502804.04,2025-03-02T07:00:00Z
2025-03-31,L00093,365453.54,0.053,300,124,502804.04,2025-04-02T07:00:00Z
2025-04-30,L00093,364076.26,0.053,300,125,502804.04,2025-05-02T07:00:00Z
2025-05-31,L00093,362692.9,0.053,300,126,502804.04,2025-06-02T07:00:00Z
2025-06-30,L00093,361303.44,0.053,300,127,502804.04,2025-07-02T07:00:00Z
2025-07-31,L00093,359907.83,0.053,300,128,502804.04,2025-08-02T07:00:00Z
2025-08-31,L00093,358506.06,0.053,300,129,502804.04,2025-09-02T07:00:00Z
2025-09-30,L00093,357098.1,0.053,300,130,502804.04,2025-10-02T07:00:00Z
2024-01-31,L00094,322830.02,0.05748,360,83,361165.93,2024-02-02T07:00:00Z
2024-02-29,L00094,322269.17,0.05748,360,84,361165.93,2024-03-02T07:00:00Z
2024-03-31,L00094,321705.63,0.05748,360,85,361165.93,2024-04-02T07:00:00Z
2024-04-30,L00094,321139.39,0.05748,360,86,361165.93,2024-05-02T07:00:00Z
2024-05-31,L00094,320570.44,0.05748,360,87,361165.93,2024-06-02T07:00:00Z
2024-06-30,L00094,319998.76,0.05748,360,88,361165.93,2024-07-02T07:00:00Z
2024-07-31,L00094,319424.35,0.05748,360,89,361165.93,2024-08-02T07:00:00Z
2024-08-31,L00094,318847.19,0.05748,360,90,361165.93,2024-09-02T07:00:00Z
2024-09-30,L00094,318267.26,0.05748,360,91,361165.93,2024-10-02T07:00:00Z
2024-10-31,L00094,317684.55,0.05748,360,92,361165.93,2024-11-02T07:00:00Z
2024-11-30,L00094,317099.05,0.05748,360,93,361165.93,2024-12-02T07:00:00Z
2024-12-31,L00094,316510.75,0.05748,360,94,361165.93,2025-01-02T07:00:00Z
2025-01-31,L00094,315919.63,0.05748,360,95,361165.93,2025-02-02T07:00:00Z
2025-02-28,L00094,315325.67,0.05748,360,96,361165.93,2025-03-02T07:00:00Z
2025-03-31,L00094,314728.88,0.05748,360,97,361165.93,2025-04-02T07:00:00Z
2025-04-30,L00094,314129.22,0.05748,360,98,361165.93,2025-05-02T07:00:00Z
2025-05-31,L00094,313526.69,0.05748,360,99,361165.93,2025-06-02T07:00:00Z
2025-06-30,L00094,312921.28,0.05748,360,100,361165.93,2025-07-02T07:00:00Z
2025-07-31,L00094,312312.96,0.05748,360,101,361165.93,2025-08-02T07:00:00Z
2025-08-31,L00094,311701.73,0.05748,360,102,361165.93,2025-09-02T07:00:00Z
2025-09-30,L00094,311087.58,0.05748,360,103,361165.93,2025-10-02T07:00:00Z
2024-01-31,L00095,167196.35,0.06729,360,135,202371.4,2024-02-02T07:00:00Z
2024-02-29,L00095,166824.15,0.06729,360,136,202371.4,2024-03-02T07:00:00Z
2024-03-31,L00095,166449.86,0.06729,360,137,202371.4,2024-04-02T07:00:00Z
2024-04-30,L00095,166073.48,0.06729,360,138,202371.4,2024-05-02T07:00:00Z
2024-05-31,L00095,165694.98,0.06729,360,139,202371.4,2024-06-02T07:00:00Z
2024-06-30,L00095,165314.36,0.06729,360,140,202371.4,2024-07-02T07:00:00Z
2024-07-31,L00095,164931.61,0.06729,360,141,202371.4,2024-08-02T07:00:00Z
2024-08-31,L00095,164546.71,0.06729,360,142,202371.4,2024-09-02T07:00:00Z
2024-09-30,L00095,162271.23,0.06729,360,143,202371.4,2024-10-02T07:00:00Z
2024-10-31,L00095,161886.48,0.06729,360,144,202371.4,2024-11-02T07:00:00Z
2024-11-30,L00095,161499.57,0.06729,360,145,202371.4,2024-12-02T07:00:00Z
2024-12-31,L00095,161110.49,0.06729,360,146,202371.4,2025-01-02T07:00:00Z
2025-01-31,L00095,160719.23,0.06729,360,147,202371.4,2025-02-02T07:00:00Z
2025-02-28,L00095,160325.78,0.06729,360,148,202371.4,2025-03-02T07:00:00Z
2025-03-31,L00095,159930.12,0.06729,360,149,202371.4,2025-04-02T07:00:00Z
2025-04-30,L00095,159532.24,0.06729,360,150,202371.4,2025-05-02T07:00:00Z
2025-05-31,L00095,159132.13,0.06729,360,151,202371.4,2025-06-02T07:00:00Z
2025-06-30,L00095,158729.78,0.06729,360,152,202371.4,2025-07-02T07:00:00Z
2025-07-31,L00095,158325.17,0.06729,360,153,202371.4,2025-08-02T07:00:00Z
2025-08-31,L00095,157918.29,0.06729,360,154,202371.4,2025-09-02T07:00:00Z
2025-09-30,L00095,157509.13,0.06729,360,155,202371.4,2025-10-02T07:00:00Z
2024-01-31,L00096,279050.53,0.05805,360,152,362962.6,2024-02-02T07:00:00Z
2024-02-29,L00096,278269.59,0.05805,360,153,362962.6,2024-03-02T07:00:00Z
2024-03-31,L00096,277484.87,0.05805,360,154,362962.6,2024-04-02T07:00:00Z
2024-04-30,L00096,276696.35,0.05805,360,155,362962.6,2024-05-02T07:00:00Z
2024-05-31,L00096,275904.02,0.05805,360,156,362962.6,2024-06-02T07:00:00Z
2024-06-30,L00096,275107.85,0.05805,360,157,362962.6,2024-07-02T07:00:00Z
2024-07-31,L00096,274307.84,0.05805,360,158,362962.6,2024-08-02T07:00:00Z
2024-08-31,L00096,273503.95,0.05805,360,159,362962.6,2024-09-02T07:00:00Z
2024-09-30,L00096,272696.18,0.05805,360,160,362962.6,2024-10-02T07:00:00Z
2024-10-31,L00096,271884.5,0.05805,360,161,362962.6,2024-11-02T07:00:00Z
2024-11-30,L00096,269029.05,0.05805,360,162,362962.6,2024-12-02T07:00:00Z
2024-12-31,L00096,268215.67,0.05805,360,163,362962.6,2025-01-02T07:00:00Z
2025-01-31,L00096,267398.34,0.05805,360,164,362962.6,2025-02-02T07:00:00Z
2025-02-28,L00096,266577.07,0.05805,360,165,362962.6,2025-03-02T07:00:00Z
2025-03-31,L00096,265751.82,0.05805,360,166,362962.6,2025-04-02T07:00:00Z
2025-04-30,L00096,264922.58,0.05805,360,167,362962.6,2025-05-02T07:00:00Z
2025-05-31,L00096,264089.33,0.05805,360,168,362962.6,2025-06-02T07:00:00Z
2025-06-30,L00096,263252.05,0.05805,360,169,362962.6,2025-07-02T07:00:00Z
2025-07-31,L00096,262410.71,0.05805,360,170,362962.6,2025-08-02T07:00:00Z
2025-08-31,L00096,261565.31,0.05805,360,171,362962.6,2025-09-02T07:00:00Z
2025-09-30,L00096,260715.82,0.05805,360,172,362962.6,2025-10-02T07:00:00Z
2024-01-31,L00097,111709.51,0.05061,180,54,144178.61,2024-02-02T07:00:00Z
2024-02-29,L00097,111035.91,0.05061,180,55,144178.61,2024-03-02T07:00:00Z
2024-03-31,L00097,110359.46,0.05061,180,56,144178.61,2024-04-02T07:00:00Z
2024-04-30,L00097,109680.16,0.05061,180,57,144178.61,2024-05-02T07:00:00Z
2024-05-31,L00097,108997.99,0.05061,180,58,144178.61,2024-06-02T07:00:00Z
2024-06-30,L00097,108312.95,0.05061,180,59,144178.61,2024-07-02T07:00:00Z
2024-07-31,L00097,107625.02,0.05061,180,60,144178.61,2024-08-02T07:00:00Z
2024-08-31,L00097,106934.18,0.05061,180,61,144178.61,2024-09-02T07:00:00Z
2024-09-30,L00097,106240.43,0.05061,180,62,144178.61,2024-10-02T07:00:00Z
2024-10-31,L00097,105543.76,0.05061,180,63,144178.61,2024-11-02T07:00:00Z
2024-11-30,L00097,104844.15,0.05061,180,64,144178.61,2024-12-02T07:00:00Z
2024-12-31,L00097,104141.59,0.05061,180,65,144178.61,2025-01-02T07:00:00Z
2025-01-31,L00097,103436.06,0.05061,180,66,144178.61,2025-02-02T07:00:00Z
2025-02-28,L00097,102727.56,0.05061,180,67,144178.61,2025-03-02T07:00:00Z
2025-03-31,L00097,102016.08,0.05061,180,68,144178.61,2025-04-02T07:00:00Z
2025-04-30,L00097,101301.59,0.05061,180,69,144178.61,2025-05-02T07:00:00Z
2025-05-31,L00097,100584.08,0.05061,180,70,144178.61,2025-06-02T07:00:00Z
2025-06-30,L00097,99863.55,0.05061,180,71,144178.61,2025-07-02T07:00:00Z
2025-07-31,L00097,99139.99,0.05061,180,72,144178.61,2025-08-02T07:00:00Z
2025-08-31,L00097,98413.37,0.05061,180,73,144178.61,2025-09-02T07:00:00Z
2025-09-30,L00097,97683.68,0.05061,180,74,144178.61,2025-10-02T07:00:00Z
2024-01-31,L00098,337159.21,0.07224,300,6,339623.66,2024-02-02T07:00:00Z
2024-02-29,L00098,336739.78,0.07224,300,7,339623.66,2024-03-02T07:00:00Z
2024-03-31,L00098,336317.81,0.07224,300,8,339623.66,2024-04-02T07:00:00Z
2024-04-30,L00098,335893.31,0.07224,300,9,339623.66,2024-05-02T07:00:00Z
2024-05-31,L00098,335466.25,0.07224,300,10,339623.66,2024-06-02T07:00:00Z
2024-06-30,L00098,335036.62,0.07224,300,11,339623.66,2024-07-02T07:00:00Z
2024-07-31,L00098,334604.4,0.07224,300,12,339623.66,2024-08-02T07:00:00Z
2024-08-31,L00098,334169.58,0.07224,300,13,339623.66,2024-09-02T07:00:00Z
2024-09-30,L00098,333732.15,0.07224,300,14,339623.66,2024-10-02T07:00:00Z
2024-10-31,L00098,333292.08,0.07224,300,15,339623.66,2024-11-02T07:00:00Z
2024-11-30,L00098,332849.36,0.07224,300,16,339623.66,2024-12-02T07:00:00Z
2024-12-31,L00098,332403.98,0.07224,300,17,339623.66,2025-01-02T07:00:00Z
2025-01-31,L00098,326809.83,0.07224,300,18,339623.66,2025-02-02T07:00:00Z
2025-02-28,L00098,326366.06,0.07224,300,19,339623.66,2025-03-02T07:00:00Z
2025-03-31,L00098,325919.61,0.07224,300,20,339623.66,2025-04-02T07:00:00Z
2025-04-30,L00098,325470.48,0.07224,300,21,339623.66,2025-05-02T07:00:00Z
2025-05-31,L00098,325018.64,0.07224,300,22,339623.66,2025-06-02T07:00:00Z
2025-06-30,L00098,324564.08,0.07224,300,23,339623.66,2025-07-02T07:00:00Z
2025-07-31,L00098,324106.79,0.07224,300,24,339623.66,2025-08-02T07:00:00Z
2025-08-31,L00098,323646.74,0.07224,300,25,339623.66,2025-09-02T07:00:00Z
2025-09-30,L00098,323183.92,0.07224,300,26,339623.66,2025-10-02T07:00:00Z
2024-01-31,L00099,260099.66,0.05797,360,85,291736.77,2024-02-02T07:00:00Z
2024-02-29,L00099,259644.95,0.05797,360,86,291736.77,2024-03-02T07:00:00Z
2024-03-31,L00099,259188.03,0.05797,360,87,291736.77,2024-04-02T07:00:00Z
2024-04-30,L00099,258728.91,0.05797,360,88,291736.77,2024-05-02T07:00:00Z
2024-05-31,L00099,258267.57,0.05797,360,89,291736.77,2024-06-02T07:00:00Z
2024-06-30,L00099,257804.0,0.05797,360,90,291736.77,2024-07-02T07:00:00Z
2024-07-31,L00099,257338.19,0.05797,360,91,291736.77,2024-08-02T07:00:00Z
2024-08-31,L00099,256870.13,0.05797,360,92,291736.77,2024-09-02T07:00:00Z
2024-09-30,L00099,256399.81,0.05797,360,93,291736.77,2024-10-02T07:00:00Z
2024-10-31,L00099,255927.22,0.05797,360,94,291736.77,2024-11-02T07:00:00Z
2024-11-30,L00099,255452.34,0.05797,360,95,291736.77,2024-12-02T07:00:00Z
2024-12-31,L00099,254975.17,0.05797,360,96,291736.77,2025-01-02T07:00:00Z
2025-01-31,L00099,254495.7,0.05797,360,97,291736.77,2025-02-02T07:00:00Z
2025-02-28,L00099,254013.91,0.05797,360,98,291736.77,2025-03-02T07:00:00Z
2025-03-31,L00099,253529.79,0.05797,360,99,291736.77,2025-04-02T07:00:00Z
2025-04-30,L00099,253043.33,0.05797,360,100,291736.77,2025-05-02T07:00:00Z
2025-05-31,L00099,252554.52,0.05797,360,101,291736.77,2025-06-02T07:00:00Z
2025-06-30,L00099,252063.36,0.05797,360,102,291736.77,2025-07-02T07:00:00Z
2025-07-31,L00099,251569.81,0.05797,360,103,291736.77,2025-08-02T07:00:00Z
2025-08-31,L00099,251073.89,0.05797,360,104,291736.77,2025-09-02T07:00:00Z
2025-09-30,L00099,250575.57,0.05797,360,105,291736.77,2025-10-02T07:00:00Z
2024-01-31,L00100,176623.71,0.05028,300,193,349981.59,2024-02-02T07:00:00Z
2024-02-29,L00100,175312.1,0.05028,300,194,349981.59,2024-03-02T07:00:00Z
2024-03-31,L00100,173994.98,0.05028,300,195,349981.59,2024-04-02T07:00:00Z
2024-04-30,L00100,172672.35,0.05028,300,196,349981.59,2024-05-02T07:00:00Z
2024-05-31,L00100,171344.18,0.05028,300,197,349981.59,2024-06-02T07:00:00Z
2024-06-30,L00100,170010.44,0.05028,300,198,349981.59,2024-07-02T07:00:00Z
2024-07-31,L00100,168671.11,0.05028,300,199,349981.59,2024-08-02T07:00:00Z
2024-08-31,L00100,167326.17,0.05028,300,200,349981.59,2024-09-02T07:00:00Z
2024-09-30,L00100,165975.6,0.05028,300,201,349981.59,2024-10-02T07:00:00Z
2024-10-31,L00100,164619.36,0.05028,300,202,349981.59,2024-11-02T07:00:00Z
2024-11-30,L00100,163257.45,0.05028,300,203,349981.59,2024-12-02T07:00:00Z
2024-12-31,L00100,161889.83,0.05028,300,204,349981.59,2025-01-02T07:00:00Z
2025-01-31,L00100,160516.47,0.05028,300,205,349981.59,2025-02-02T07:00:00Z
2025-02-28,L00100,159137.37,0.05028,300,206,349981.59,2025-03-02T07:00:00Z
2025-03-31,L00100,157752.48,0.05028,300,207,349981.59,2025-04-02T07:00:00Z
2025-04-30,L00100,156361.79,0.05028,300,208,349981.59,2025-05-02T07:00:00Z
2025-05-31,L00100,154965.28,0.05028,300,209,349981.59,2025-06-02T07:00:00Z
2025-06-30,L00100,153562.91,0.05028,300,210,349981.59,2025-07-02T07:00:00Z
2025-07-31,L00100,152154.67,0.05028,300,211,349981.59,2025-08-02T07:00:00Z
2025-08-31,L00100,150740.53,0.05028,300,212,349981.59,2025-09-02T07:00:00Z
2025-09-30,L00100,149320.46,0.05028,300,213,349981.59,2025-10-02T07:00:00Z
2024-01-31,L00101,378343.22,0.0559,360,170,524053.15,2024-02-02T07:00:00Z
2024-02-29,L00101,377100.5,0.0559,360,171,524053.15,2024-03-02T07:00:00Z
2024-03-31,L00101,375851.98,0.0559,360,172,524053.15,2024-04-02T07:00:00Z
2024-04-30,L00101,374597.65,0.0559,360,173,524053.15,2024-05-02T07:00:00Z
2024-05-31,L00101,368633.83,0.0559,360,174,524053.15,2024-06-02T07:00:00Z
2024-06-30,L00101,367383.73,0.0559,360,175,524053.15,2024-07-02T07:00:00Z
2024-07-31,L00101,366127.81,0.0559,360,176,524053.15,2024-08-02T07:00:00Z
2024-08-31,L00101,364866.05,0.0559,360,177,524053.15,2024-09-02T07:00:00Z
2024-09-30,L00101,363598.4,0.0559,360,178,524053.15,2024-10-02T07:00:00Z
2024-10-31,L00101,362324.85,0.0559,360,179,524053.15,2024-11-02T07:00:00Z
2024-11-30,L00101,361045.37,0.0559,360,180,524053.15,2024-12-02T07:00:00Z
2024-12-31,L00101,359759.92,0.0559,360,181,524053.15,2025-01-02T07:00:00Z
2025-01-31,L00101,358468.49,0.0559,360,182,524053.15,2025-02-02T07:00:00Z
2025-02-28,L00101,357171.04,0.0559,360,183,524053.15,2025-03-02T07:00:00Z
2025-03-31,L00101,355867.55,0.0559,360,184,524053.15,2025-04-02T07:00:00Z
2025-04-30,L00101,354557.99,0.0559,360,185,524053.15,2025-05-02T07:00:00Z
2025-05-31,L00101,353242.33,0.0559,360,186,524053.15,2025-06-02T07:00:00Z
2025-06-30,L00101,351920.53,0.0559,360,187,524053.15,2025-07-02T07:00:00Z
2025-07-31,L00101,350592.58,0.0559,360,188,524053.15,2025-08-02T07:00:00Z
2025-08-31,L00101,349258.45,0.0559,360,189,524053.15,2025-09-02T07:00:00Z
2025-09-30,L00101,347918.1,0.0559,360,190,524053.15,2025-10-02T07:00:00Z
2024-01-31,L00102,119377.36,0.07141,360,109,135934.49,2024-02-02T07:00:00Z
2024-02-29,L00102,119170.47,0.07141,360,110,135934.49,2024-03-02T07:00:00Z
2024-03-31,L00102,118962.35,0.07141,360,111,135934.49,2024-04-02T07:00:00Z
2024-04-30,L00102,118752.99,0.07141,360,112,135934.49,2024-05-02T07:00:00Z
2024-05-31,L00102,118542.39,0.07141,360,113,135934.49,2024-06-02T07:00:00Z
2024-06-30,L00102,118330.53,0.07141,360,114,135934.49,2024-07-02T07:00:00Z
2024-07-31,L00102,118117.41,0.07141,360,115,135934.49,2024-08-02T07:00:00Z
2024-08-31,L00102,117903.02,0.07141,360,116,135934.49,2024-09-02T07:00:00Z
2024-09-30,L00102,117687.36,0.07141,360,117,135934.49,2024-10-02T07:00:00Z
2024-10-31,L00102,117470.41,0.07141,360,118,135934.49,2024-11-02T07:00:00Z
2024-11-30,L00102,117252.17,0.07141,360,119,135934.49,2024-12-02T07:00:00Z
2024-12-31,L00102,117032.64,0.07141,360,120,135934.49,2025-01-02T07:00:00Z
2025-01-31,L00102,116811.79,0.07141,360,121,135934.49,2025-02-02T07:00:00Z
2025-02-28,L00102,116589.64,0.07141,360,122,135934.49,2025-03-02T07:00:00Z
2025-03-31,L00102,111897.24,0.07141,360,123,135934.49,2025-04-02T07:00:00Z
2025-04-30,L00102,111681.07,0.07141,360,124,135934.49,2025-05-02T07:00:00Z
2025-05-31,L00102,111463.61,0.07141,360,125,135934.49,2025-06-02T07:00:00Z
2025-06-30,L00102,111244.85,0.07141,360,126,135934.49,2025-07-02T07:00:00Z
2025-07-31,L00102,111024.79,0.07141,360,127,135934.49,2025-08-02T07:00:00Z
2025-08-31,L00102,105594.37,0.07141,360,128,135934.49,2025-09-02T07:00:00Z
2025-09-30,L00102,105382.16,0.07141,360,129,135934.49,2025-10-02T07:00:00Z
2024-01-31,L00103,380333.76,0.05598,180,60,504213.63,2024-02-02T07:00:00Z
2024-02-29,L00103,377961.91,0.05598,180,61,504213.63,2024-03-02T07:00:00Z
2024-03-31,L00103,374061.73,0.05598,180,62,504213.63,2024-04-02T07:00:00Z
2024-04-30,L00103,371677.36,0.05598,180,63,504213.63,2024-05-02T07:00:00Z
2024-05-31,L00103,369281.87,0.05598,180,64,504213.63,2024-06-02T07:00:00Z
2024-06-30,L00103,366875.21,0.05598,180,65,504213.63,2024-07-02T07:00:00Z
2024-07-31,L00103,364457.32,0.05598,180,66,504213.63,2024-08-02T07:00:00Z
2024-08-31,L00103,362028.15,0.05598,180,67,504213.63,2024-09-02T07:00:00Z
2024-09-30,L00103,359587.64,0.05598,180,68,504213.63,2024-10-02T07:00:00Z
2024-10-31,L00103,357135.76,0.05598,180,69,504213.63,2024-11-02T07:00:00Z
2024-11-30,L00103,354672.43,0.05598,180,70,504213.63,2024-12-02T07:00:00Z
2024-12-31,L00103,352197.61,0.05598,180,71,504213.63,2025-01-02T07:00:00Z
2025-01-31,L00103,349711.25,0.05598,180,72,504213.63,2025-02-02T07:00:00Z
2025-02-28,L00103,347213.29,0.05598,180,73,504213.63,2025-03-02T07:00:00Z
2025-03-31,L00103,344703.67,0.05598,180,74,504213.63,2025-04-02T07:00:00Z
2025-04-30,L00103,342182.35,0.05598,180,75,504213.63,2025-05-02T07:00:00Z
2025-05-31,L00103,339649.27,0.05598,180,76,504213.63,2025-06-02T07:00:00Z
2025-06-30,L00103,337104.36,0.05598,180,77,504213.63,2025-07-02T07:00:00Z
2025-07-31,L00103,334547.59,0.05598,180,78,504213.63,2025-08-02T07:00:00Z
2025-08-31,L00103,331978.89,0.05598,180,79,504213.63,2025-09-02T07:00:00Z
2025-09-30,L00103,329398.21,0.05598,180,80,504213.63,2025-10-02T07:00:00Z
2024-01-31,L00104,452552.9,0.06755,180,26,497289.23,2024-02-02T07:00:00Z
2024-02-29,L00104,450698.45,0.06755,180,27,497289.23,2024-03-02T07:00:00Z
2024-03-31,L00104,448833.57,0.06755,180,28,497289.23,2024-04-02T07:00:00Z
2024-04-30,L00104,446958.19,0.06755,180,29,497289.23,2024-05-02T07:00:00Z
2024-05-31,L00104,445072.26,0.06755,180,30,497289.23,2024-06-02T07:00:00Z
2024-06-30,L00104,443175.7,0.06755,180,31,497289.23,2024-07-02T07:00:00Z
2024-07-31,L00104,441268.48,0.06755,180,32,497289.23,2024-08-02T07:00:00Z
2024-08-31,L00104,439350.51,0.06755,180,33,497289.23,2024-09-02T07:00:00Z
2024-09-30,L00104,437421.75,0.06755,180,34,497289.23,2024-10-02T07:00:00Z
2024-10-31,L00104,435482.13,0.06755,180,35,497289.23,2024-11-02T07:00:00Z
2024-11-30,L00104,433531.6,0.06755,180,36,497289.23,2024-12-02T07:00:00Z
2024-12-31,L00104,431570.08,0.06755,180,37,497289.23,2025-01-02T07:00:00Z
2025-01-31,L00104,429597.52,0.06755,180,38,497289.23,2025-02-02T07:00:00Z
2025-02-28,L00104,427613.86,0.06755,180,39,497289.23,2025-03-02T07:00:00Z
2025-03-31,L00104,425619.03,0.06755,180,40,497289.23,2025-04-02T07:00:00Z
2025-04-30,L00104,423612.97,0.06755,180,41,497289.23,2025-05-02T07:00:00Z
2025-05-31,L00104,421595.62,0.06755,180,42,497289.23,2025-06-02T07:00:00Z
2025-06-30,L00104,419566.92,0.06755,180,43,497289.23,2025-07-02T07:00:00Z
2025-07-31,L00104,417526.79,0.06755,180,44,497289.23,2025-08-02T07:00:00Z
2025-08-31,L00104,415475.18,0.06755,180,45,497289.23,2025-09-02T07:00:00Z
2025-09-30,L00104,413412.02,0.06755,180,46,497289.23,2025-10-02T07:00:00Z
2024-01-31,L00105,303422.91,0.03972,360,128,394224.52,2024-02-02T07:00:00Z
2024-02-29,L00105,302551.51,0.03972,360,129,394224.52,2024-03-02T07:00:00Z
2024-03-31,L00105,301677.23,0.03972,360,130,394224.52,2024-04-02T07:00:00Z
2024-04-30,L00105,300800.05,0.03972,360,131,394224.52,2024-05-02T07:00:00Z
2024-05-31,L00105,299919.97,0.03972,360,132,394224.52,2024-06-02T07:00:00Z
2024-06-30,L00105,299036.97,0.03972,360,133,394224.52,2024-07-02T07:00:00Z
2024-07-31,L00105,298151.05,0.03972,360,134,394224.52,2024-08-02T07:00:00Z
2024-08-31,L00105,297262.2,0.03972,360,135,394224.52,2024-09-02T07:00:00Z
2024-09-30,L00105,296370.41,0.03972,360,136,394224.52,2024-10-02T07:00:00Z
2024-10-31,L00105,295475.67,0.03972,360,137,394224.52,2024-11-02T07:00:00Z
2024-11-30,L00105,294577.96,0.03972,360,138,394224.52,2024-12-02T07:00:00Z
2024-12-31,L00105,293677.29,0.03972,360,139,394224.52,2025-01-02T07:00:00Z
2025-01-31,L00105,292773.63,0.03972,360,140,394224.52,2025-02-02T07:00:00Z
2025-02-28,L00105,291866.98,0.03972,360,141,394224.52,2025-03-02T07:00:00Z
2025-03-31,L00105,290957.33,0.03972,360,142,394224.52,2025-04-02T07:00:00Z
2025-04-30,L00105,290044.67,0.03972,360,143,394224.52,2025-05-02T07:00:00Z
2025-05-31,L00105,289128.98,0.03972,360,144,394224.52,2025-06-02T07:00:00Z
2025-06-30,L00105,288210.27,0.03972,360,145,394224.52,2025-07-02T07:00:00Z
2025-07-31,L00105,287288.52,0.03972,360,146,394224.52,2025-08-02T07:00:00Z
2025-08-31,L00105,281774.79,0.03972,360,147,394224.52,2025-09-02T07:00:00Z
2025-09-30,L00105,280861.79,0.03972,360,148,394224.52,2025-10-02T07:00:00Z
2024-01-31,L00106,317463.12,0.05668,300,96,388988.97,2024-02-02T07:00:00Z
2024-02-29,L00106,316534.69,0.05668,300,97,388988.97,2024-03-02T07:00:00Z
2024-03-31,L00106,315601.87,0.05668,300,98,388988.97,2024-04-02T07:00:00Z
2024-04-30,L00106,314664.65,0.05668,300,99,388988.97,2024-05-02T07:00:00Z
2024-05-31,L00106,313723.0,0.05668,300,100,388988.97,2024-06-02T07:00:00Z
2024-06-30,L00106,312776.9,0.05668,300,101,388988.97,2024-07-02T07:00:00Z
2024-07-31,L00106,311826.34,0.05668,300,102,388988.97,2024-08-02T07:00:00Z
2024-08-31,L00106,310871.28,0.05668,300,103,388988.97,2024-09-02T07:00:00Z
2024-09-30,L00106,309911.71,0.05668,300,104,388988.97,2024-10-02T07:00:00Z
2024-10-31,L00106,308947.61,0.05668,300,105,388988.97,2024-11-02T07:00:00Z
2024-11-30,L00106,307978.96,0.05668,300,106,388988.97,2024-12-02T07:00:00Z
2024-12-31,L00106,307005.73,0.05668,300,107,388988.97,2025-01-02T07:00:00Z
2025-01-31,L00106,306027.9,0.05668,300,108,388988.97,2025-02-02T07:00:00Z
2025-02-28,L00106,305045.46,0.05668,300,109,388988.97,2025-03-02T07:00:00Z
2025-03-31,L00106,304058.38,0.05668,300,110,388988.97,2025-04-02T07:00:00Z
2025-04-30,L00106,303066.63,0.05668,300,111,388988.97,2025-05-02T07:00:00Z
2025-05-31,L00106,302070.2,0.05668,300,112,388988.97,2025-06-02T07:00:00Z
2025-06-30,L00106,301069.06,0.05668,300,113,388988.97,2025-07-02T07:00:00Z
2025-07-31,L00106,300063.19,0.05668,300,114,388988.97,2025-08-02T07:00:00Z
2025-08-31,L00106,299052.57,0.05668,300,115,388988.97,2025-09-02T07:00:00Z
2025-09-30,L00106,298037.18,0.05668,300,116,388988.97,2025-10-02T07:00:00Z
2024-01-31,L00107,512224.51,0.05329,360,1,512804.1,2024-02-02T07:00:00Z
2024-02-29,L00107,511642.35,0.05329,360,2,512804.1,2024-03-02T07:00:00Z
2024-03-31,L00107,511057.6,0.05329,360,3,512804.1,2024-04-02T07:00:00Z
2024-04-30,L00107,510470.25,0.05329,360,4,512804.1,2024-05-02T07:00:00Z
2024-05-31,L00107,505661.02,0.05329,360,5,512804.1,2024-06-02T07:00:00Z
2024-06-30,L00107,505073.35,0.05329,360,6,512804.1,2024-07-02T07:00:00Z
2024-07-31,L00107,504483.07,0.05329,360,7,512804.1,2024-08-02T07:00:00Z
2024-08-31,L00107,503890.17,0.05329,360,8,512804.1,2024-09-02T07:00:00Z
2024-09-30,L00107,503294.64,0.05329,360,9,512804.1,2024-10-02T07:00:00Z
2024-10-31,L00107,497827.96,0.05329,360,10,512804.1,2024-11-02T07:00:00Z
2024-11-30,L00107,497232.95,0.05329,360,11,512804.1,2024-12-02T07:00:00Z
2024-12-31,L00107,496635.29,0.05329,360,12,512804.1,2025-01-02T07:00:00Z
2025-01-31,L00107,496034.97,0.05329,360,13,512804.1,2025-02-02T07:00:00Z
2025-02-28,L00107,495432.0,0.05329,360,14,512804.1,2025-03-02T07:00:00Z
2025-03-31,L00107,494826.34,0.05329,360,15,512804.1,2025-04-02T07:00:00Z
2025-04-30,L00107,494217.99,0.05329,360,16,512804.1,2025-05-02T07:00:00Z
2025-05-31,L00107,493606.95,0.05329,360,17,512804.1,2025-06-02T07:00:00Z
2025-06-30,L00107,492993.18,0.05329,360,18,512804.1,2025-07-02T07:00:00Z
2025-07-31,L00107,492376.7,0.05329,360,19,512804.1,2025-08-02T07:00:00Z
2025-08-31,L00107,491757.47,0.05329,360,20,512804.1,2025-09-02T07:00:00Z
2025-09-30,L00107,491135.5,0.05329,360,21,512804.1,2025-10-02T07:00:00Z
2024-01-31,L00108,360388.36,0.04673,360,189,559073.73,2024-02-02T07:00:00Z
2024-02-29,L00108,358901.27,0.04673,360,190,559073.73,2024-03-02T07:00:00Z
2024-03-31,L00108,357408.39,0.04673,360,191,559073.73,2024-04-02T07:00:00Z
2024-04-30,L00108,355909.69,0.04673,360,192,559073.73,2024-05-02T07:00:00Z
2024-05-31,L00108,354405.16,0.04673,360,193,559073.73,2024-06-02T07:00:00Z
2024-06-30,L00108,352894.78,0.04673,360,194,559073.73,2024-07-02T07:00:00Z
2024-07-31,L00108,351378.5,0.04673,360,195,559073.73,2024-08-02T07:00:00Z
2024-08-31,L00108,349856.33,0.04673,360,196,559073.73,2024-09-02T07:00:00Z
2024-09-30,L00108,348328.23,0.04673,360,197,559073.73,2024-10-02T07:00:00Z
2024-10-31,L00108,346794.17,0.04673,360,198,559073.73,2024-11-02T07:00:00Z
2024-11-30,L00108,345254.15,0.04673,360,199,559073.73,2024-12-02T07:00:00Z
2024-12-31,L00108,343708.12,0.04673,360,200,559073.73,2025-01-02T07:00:00Z
2025-01-31,L00108,342156.08,0.04673,360,201,559073.73,2025-02-02T07:00:00Z
2025-02-28,L00108,340597.99,0.04673,360,202,559073.73,2025-03-02T07:00:00Z
2025-03-31,L00108,339033.83,0.04673,360,203,559073.73,2025-04-02T07:00:00Z
2025-04-30,L00108,337463.58,0.04673,360,204,559073.73,2025-05-02T07:00:00Z
2025-05-31,L00108,335887.22,0.04673,360,205,559073.73,2025-06-02T07:00:00Z
2025-06-30,L00108,334304.72,0.04673,360,206,559073.73,2025-07-02T07:00:00Z
2025-07-31,L00108,332716.06,0.04673,360,207,559073.73,2025-08-02T07:00:00Z
2025-08-31,L00108,331121.21,0.04673,360,208,559073.73,2025-09-02T07:00:00Z
2025-09-30,L00108,329520.14,0.04673,360,209,559073.73,2025-10-02T07:00:00Z
2024-01-31,L00109,341598.23,0.04436,360,191,541194.56,2024-02-02T07:00:00Z
2024-02-29,L00109,340139.39,0.04436,360,192,541194.56,2024-03-02T07:00:00Z
2024-03-31,L00109,338675.16,0.04436,360,193,541194.56,2024-04-02T07:00:00Z
2024-04-30,L00109,337205.52,0.04436,360,194,541194.56,2024-05-02T07:00:00Z
2024-05-31,L00109,335730.44,0.04436,360,195,541194.56,2024-06-02T07:00:00Z
2024-06-30,L00109,334249.92,0.04436,360,196,541194.56,2024-07-02T07:00:00Z
2024-07-31,L00109,332763.91,0.04436,360,197,541194.56,2024-08-02T07:00:00Z
2024-08-31,L00109,331272.42,0.04436,360,198,541194.56,2024-09-02T07:00:00Z
2024-09-30,L00109,329775.41,0.04436,360,199,541194.56,2024-10-02T07:00:00Z
2024-10-31,L00109,328272.87,0.04436,360,200,541194.56,2024-11-02T07:00:00Z
2024-11-30,L00109,326764.77,0.04436,360,201,541194.56,2024-12-02T07:00:00Z
2024-12-31,L00109,325251.1,0.04436,360,202,541194.56,2025-01-02T07:00:00Z
2025-01-31,L00109,323731.84,0.04436,360,203,541194.56,2025-02-02T07:00:00Z
2025-02-28,L00109,322206.95,0.04436,360,204,541194.56,2025-03-02T07:00:00Z
2025-03-31,L00109,320676.43,0.04436,360,205,541194.56,2025-04-02T07:00:00Z
2025-04-30,L00109,319140.26,0.04436,360,206,541194.56,2025-05-02T07:00:00Z
2025-05-31,L00109,317598.4,0.04436,360,207,541194.56,2025-06-02T07:00:00Z
2025-06-30,L00109,316050.84,0.04436,360,208,541194.56,2025-07-02T07:00:00Z
2025-07-31,L00109,314497.57,0.04436,360,209,541194.56,2025-08-02T07:00:00Z
2025-08-31,L00109,312938.55,0.04436,360,210,541194.56,2025-09-02T07:00:00Z
2025-09-30,L00109,311373.77,0.04436,360,211,541194.56,2025-10-02T07:00:00Z
2024-01-31,L00110,443953.74,0.05379,300,130,615809.89,2024-02-02T07:00:00Z
2024-02-29,L00110,442206.52,0.05379,300,131,615809.89,2024-03-02T07:00:00Z
2024-03-31,L00110,440451.47,0.05379,300,132,615809.89,2024-04-02T07:00:00Z
2024-04-30,L00110,438688.55,0.05379,300,133,615809.89,2024-05-02T07:00:00Z
2024-05-31,L00110,436917.73,0.05379,300,134,615809.89,2024-06-02T07:00:00Z
2024-06-30,L00110,435138.97,0.05379,300,135,615809.89,2024-07-02T07:00:00Z
2024-07-31,L00110,433352.24,0.05379,300,136,615809.89,2024-08-02T07:00:00Z
2024-08-31,L00110,431557.49,0.05379,300,137,615809.89,2024-09-02T07:00:00Z
2024-09-30,L00110,429754.71,0.05379,300,138,615809.89,2024-10-02T07:00:00Z
2024-10-31,L00110,427943.84,0.05379,300,139,615809.89,2024-11-02T07:00:00Z
2024-11-30,L00110,426124.86,0.05379,300,140,615809.89,2024-12-02T07:00:00Z
2024-12-31,L00110,424297.72,0.05379,300,141,615809.89,2025-01-02T07:00:00Z
2025-01-31,L00110,422462.39,0.05379,300,142,615809.89,2025-02-02T07:00:00Z
2025-02-28,L00110,420618.84,0.05379,300,143,615809.89,2025-03-02T07:00:00Z
2025-03-31,L00110,418767.02,0.05379,300,144,615809.89,2025-04-02T07:00:00Z
2025-04-30,L00110,416906.9,0.05379,300,145,615809.89,2025-05-02T07:00:00Z
2025-05-31,L00110,415038.44,0.05379,300,146,615809.89,2025-06-02T07:00:00Z
2025-06-30,L00110,413161.61,0.05379,300,147,615809.89,2025-07-02T07:00:00Z
2025-07-31,L00110,411276.36,0.05379,300,148,615809.89,2025-08-02T07:00:00Z
2025-08-31,L00110,409382.67,0.05379,300,149,615809.89,2025-09-02T07:00:00Z
2025-09-30,L00110,407480.48,0.05379,300,150,615809.89,2025-10-02T07:00:00Z
2024-01-31,L00111,336492.17,0.06734,360,136,408134.96,2024-02-02T07:00:00Z
2024-02-29,L00111,335737.63,0.06734,360,137,408134.96,2024-03-02T07:00:00Z
2024-03-31,L00111,334978.86,0.06734,360,138,408134.96,2024-04-02T07:00:00Z
2024-04-30,L00111,334215.84,0.06734,360,139,408134.96,2024-05-02T07:00:00Z
2024-05-31,L00111,333448.53,0.06734,360,140,408134.96,2024-06-02T07:00:00Z
2024-06-30,L00111,332676.91,0.06734,360,141,408134.96,2024-07-02T07:00:00Z
2024-07-31,L00111,331900.97,0.06734,360,142,408134.96,2024-08-02T07:00:00Z
2024-08-31,L00111,331120.67,0.06734,360,143,408134.96,2024-09-02T07:00:00Z
2024-09-30,L00111,330335.99,0.06734,360,144,408134.96,2024-10-02T07:00:00Z
2024-10-31,L00111,329546.91,0.06734,360,145,408134.96,2024-11-02T07:00:00Z
2024-11-30,L00111,328753.4,0.06734,360,146,408134.96,2024-12-02T07:00:00Z
2024-12-31,L00111,327955.44,0.06734,360,147,408134.96,2025-01-02T07:00:00Z
2025-01-31,L00111,327153.0,0.06734,360,148,408134.96,2025-02-02T07:00:00Z
2025-02-28,L00111,326346.06,0.06734,360,149,408134.96,2025-03-02T07:00:00Z
2025-03-31,L00111,325534.59,0.06734,360,150,408134.96,2025-04-02T07:00:00Z
2025-04-30,L00111,324718.56,0.06734,360,151,408134.96,2025-05-02T07:00:00Z
2025-05-31,L00111,319160.3,0.06734,360,152,408134.96,2025-06-02T07:00:00Z
2025-06-30,L00111,318347.16,0.06734,360,153,408134.96,2025-07-02T07:00:00Z
2025-07-31,L00111,317529.46,0.06734,360,154,408134.96,2025-08-02T07:00:00Z
2025-08-31,L00111,316707.17,0.06734,360,155,408134.96,2025-09-02T07:00:00Z
2025-09-30,L00111,315880.26,0.06734,360,156,408134.96,2025-10-02T07:00:00Z
2024-01-31,L00112,442557.91,0.05175,360,22,454736.95,2024-02-02T07:00:00Z
2024-02-29,L00112,441976.45,0.05175,360,23,454736.95,2024-03-02T07:00:00Z
2024-03-31,L00112,441392.48,0.05175,360,24,454736.95,2024-04-02T07:00:00Z
2024-04-30,L00112,439612.76,0.05175,360,25,454736.95,2024-05-02T07:00:00Z
2024-05-31,L00112,439025.34,0.05175,360,26,454736.95,2024-06-02T07:00:00Z
2024-06-30,L00112,438435.38,0.05175,360,27,454736.95,2024-07-02T07:00:00Z
2024-07-31,L00112,437842.88,0.05175,360,28,454736.95,2024-08-02T07:00:00Z
2024-08-31,L00112,432959.49,0.05175,360,29,454736.95,2024-09-02T07:00:00Z
2024-09-30,L00112,432367.73,0.05175,360,30,454736.95,2024-10-02T07:00:00Z
2024-10-31,L00112,431773.42,0.05175,360,31,454736.95,2024-11-02T07:00:00Z
2024-11-30,L00112,431176.55,0.05175,360,32,454736.95,2024-12-02T07:00:00Z
2024-12-31,L00112,430577.1,0.05175,360,33,454736.95,2025-01-02T07:00:00Z
2025-01-31,L00112,429975.06,0.05175,360,34,454736.95,2025-02-02T07:00:00Z
2025-02-28,L00112,429370.44,0.05175,360,35,454736.95,2025-03-02T07:00:00Z
2025-03-31,L00112,428763.2,0.05175,360,36,454736.95,2025-04-02T07:00:00Z
2025-04-30,L00112,428153.34,0.05175,360,37,454736.95,2025-05-02T07:00:00Z
2025-05-31,L00112,427540.86,0.05175,360,38,454736.95,2025-06-02T07:00:00Z
2025-06-30,L00112,426925.73,0.05175,360,39,454736.95,2025-07-02T07:00:00Z
2025-07-31,L00112,426307.95,0.05175,360,40,454736.95,2025-08-02T07:00:00Z
2025-08-31,L00112,425687.51,0.05175,360,41,454736.95,2025-09-02T07:00:00Z
2025-09-30,L00112,425064.39,0.05175,360,42,454736.95,2025-10-02T07:00:00Z
2024-01-31,L00113,346638.77,0.05213,300,140,504209.36,2024-02-02T07:00:00Z
2024-02-29,L00113,345134.16,0.05213,300,141,504209.36,2024-03-02T07:00:00Z
2024-03-31,L00113,343623.02,0.05213,300,142,504209.36,2024-04-02T07:00:00Z
2024-04-30,L00113,342105.31,0.05213,300,143,504209.36,2024-05-02T07:00:00Z
2024-05-31,L00113,340581.0,0.05213,300,144,504209.36,2024-06-02T07:00:00Z
2024-06-30,L00113,339050.08,0.05213,300,145,504209.36,2024-07-02T07:00:00Z
2024-07-31,L00113,337512.5,0.05213,300,146,504209.36,2024-08-02T07:00:00Z
2024-08-31,L00113,335968.24,0.05213,300,147,504209.36,2024-09-02T07:00:00Z
2024-09-30,L00113,334417.28,0.05213,300,148,504209.36,2024-10-02T07:00:00Z
2024-10-31,L00113,332859.57,0.05213,300,149,504209.36,2024-11-02T07:00:00Z
2024-11-30,L00113,331295.11,0.05213,300,150,504209.36,2024-12-02T07:00:00Z
2024-12-31,L00113,329723.84,0.05213,300,151,504209.36,2025-01-02T07:00:00Z
2025-01-31,L00113,328145.75,0.05213,300,152,504209.36,2025-02-02T07:00:00Z
2025-02-28,L00113,326560.8,0.05213,300,153,504209.36,2025-03-02T07:00:00Z
2025-03-31,L00113,324968.97,0.05213,300,154,504209.36,2025-04-02T07:00:00Z
2025-04-30,L00113,323370.22,0.05213,300,155,504209.36,2025-05-02T07:00:00Z
2025-05-31,L00113,321764.53,0.05213,300,156,504209.36,2025-06-02T07:00:00Z
2025-06-30,L00113,320151.86,0.05213,300,157,504209.36,2025-07-02T07:00:00Z
2025-07-31,L00113,318532.19,0.05213,300,158,504209.36,2025-08-02T07:00:00Z
2025-08-31,L00113,316905.48,0.05213,300,159,504209.36,2025-09-02T07:00:00Z
2025-09-30,L00113,315271.7,0.05213,300,160,504209.36,2025-10-02T07:00:00Z
2024-01-31,L00114,274088.95,0.06263,240,73,336638.78,2024-02-02T07:00:00Z
2024-02-29,L00114,273056.33,0.06263,240,74,336638.78,2024-03-02T07:00:00Z
2024-03-31,L00114,272018.32,0.06263,240,75,336638.78,2024-04-02T07:00:00Z
2024-04-30,L00114,270974.89,0.06263,240,76,336638.78,2024-05-02T07:00:00Z
2024-05-31,L00114,269926.01,0.06263,240,77,336638.78,2024-06-02T07:00:00Z
2024-06-30,L00114,268871.66,0.06263,240,78,336638.78,2024-07-02T07:00:00Z
2024-07-31,L00114,267811.81,0.06263,240,79,336638.78,2024-08-02T07:00:00Z
2024-08-31,L00114,266746.42,0.06263,240,80,336638.78,2024-09-02T07:00:00Z
2024-09-30,L00114,265675.48,0.06263,240,81,336638.78,2024-10-02T07:00:00Z
2024-10-31,L00114,264598.94,0.06263,240,82,336638.78,2024-11-02T07:00:00Z
2024-11-30,L00114,263516.79,0.06263,240,83,336638.78,2024-12-02T07:00:00Z
2024-12-31,L00114,262428.99,0.06263,240,84,336638.78,2025-01-02T07:00:00Z
2025-01-31,L00114,261335.51,0.06263,240,85,336638.78,2025-02-02T07:00:00Z
2025-02-28,L00114,260236.32,0.06263,240,86,336638.78,2025-03-02T07:00:00Z
2025-03-31,L00114,259131.4,0.06263,240,87,336638.78,2025-04-02T07:00:00Z
2025-04-30,L00114,258020.71,0.06263,240,88,336638.78,2025-05-02T07:00:00Z
2025-05-31,L00114,256904.23,0.06263,240,89,336638.78,2025-06-02T07:00:00Z
2025-06-30,L00114,255781.91,0.06263,240,90,336638.78,2025-07-02T07:00:00Z
2025-07-31,L00114,254653.74,0.06263,240,91,336638.78,2025-08-02T07:00:00Z
2025-08-31,L00114,253519.68,0.06263,240,92,336638.78,2025-09-02T07:00:00Z
2025-09-30,L00114,252379.71,0.06263,240,93,336638.78,2025-10-02T07:00:00Z
2024-01-31,L00115,493812.7,0.05014,360,105,586166.35,2024-02-02T07:00:00Z
2024-02-29,L00115,492724.33,0.05014,360,106,586166.35,2024-03-02T07:00:00Z
2024-03-31,L00115,491631.41,0.05014,360,107,586166.35,2024-04-02T07:00:00Z
2024-04-30,L00115,490533.93,0.05014,360,108,586166.35,2024-05-02T07:00:00Z
2024-05-31,L00115,489431.86,0.05014,360,109,586166.35,2024-06-02T07:00:00Z
2024-06-30,L00115,488325.18,0.05014,360,110,586166.35,2024-07-02T07:00:00Z
2024-07-31,L00115,487213.88,0.05014,360,111,586166.35,2024-08-02T07:00:00Z
2024-08-31,L00115,486097.94,0.05014,360,112,586166.35,2024-09-02T07:00:00Z
2024-09-30,L00115,484977.33,0.05014,360,113,586166.35,2024-10-02T07:00:00Z
2024-10-31,L00115,483852.05,0.05014,360,114,586166.35,2024-11-02T07:00:00Z
2024-11-30,L00115,482722.06,0.05014,360,115,586166.35,2024-12-02T07:00:00Z
2024-12-31,L00115,481587.34,0.05014,360,116,586166.35,2025-01-02T07:00:00Z
2025-01-31,L00115,480447.89,0.05014,360,117,586166.35,2025-02-02T07:00:00Z
2025-02-28,L00115,479303.68,0.05014,360,118,586166.35,2025-03-02T07:00:00Z
2025-03-31,L00115,478154.68,0.05014,360,119,586166.35,2025-04-02T07:00:00Z
2025-04-30,L00115,477000.89,0.05014,360,120,586166.35,2025-05-02T07:00:00Z
2025-05-31,L00115,475842.27,0.05014,360,121,586166.35,2025-06-02T07:00:00Z
2025-06-30,L00115,474678.81,0.05014,360,122,586166.35,2025-07-02T07:00:00Z
2025-07-31,L00115,473510.5,0.05014,360,123,586166.35,2025-08-02T07:00:00Z
2025-08-31,L00115,469563.57,0.05014,360,124,586166.35,2025-09-02T07:00:00Z
2025-09-30,L00115,468392.39,0.05014,360,125,586166.35,2025-10-02T07:00:00Z
2024-01-31,L00116,272052.51,0.05303,360,199,425777.42,2024-02-02T07:00:00Z
2024-02-29,L00116,270889.6,0.05303,360,200,425777.42,2024-03-02T07:00:00Z
2024-03-31,L00116,269721.55,0.05303,360,201,425777.42,2024-04-02T07:00:00Z
2024-04-30,L00116,268548.34,0.05303,360,202,425777.42,2024-05-02T07:00:00Z
2024-05-31,L00116,267369.95,0.05303,360,203,425777.42,2024-06-02T07:00:00Z
2024-06-30,L00116,266186.34,0.05303,360,204,425777.42,2024-07-02T07:00:00Z
2024-07-31,L00116,264997.51,0.05303,360,205,425777.42,2024-08-02T07:00:00Z
2024-08-31,L00116,263803.42,0.05303,360,206,425777.42,2024-09-02T07:00:00Z
2024-09-30,L00116,262604.06,0.05303,360,207,425777.42,2024-10-02T07:00:00Z
2024-10-31,L00116,261399.4,0.05303,360,208,425777.42,2024-11-02T07:00:00Z
2024-11-30,L00116,260189.41,0.05303,360,209,425777.42,2024-12-02T07:00:00Z
2024-12-31,L00116,258974.07,0.05303,360,210,425777.42,2025-01-02T07:00:00Z
2025-01-31,L00116,257753.37,0.05303,360,211,425777.42,2025-02-02T07:00:00Z
2025-02-28,L00116,256527.27,0.05303,360,212,425777.42,2025-03-02T07:00:00Z
2025-03-31,L00116,255295.75,0.05303,360,213,425777.42,2025-04-02T07:00:00Z
2025-04-30,L00116,254058.79,0.05303,360,214,425777.42,2025-05-02T07:00:00Z
2025-05-31,L00116,252816.36,0.05303,360,215,425777.42,2025-06-02T07:00:00Z
2025-06-30,L00116,251568.44,0.05303,360,216,425777.42,2025-07-02T07:00:00Z
2025-07-31,L00116,250315.01,0.05303,360,217,425777.42,2025-08-02T07:00:00Z
2025-08-31,L00116,249056.04,0.05303,360,218,425777.42,2025-09-02T07:00:00Z
2025-09-30,L00116,247791.51,0.05303,360,219,425777.42,2025-10-02T07:00:00Z
2024-01-31,L00117,448762.05,0.06045,360,172,613951.49,2024-02-02T07:00:00Z
2024-02-29,L00117,447323.96,0.06045,360,173,613951.49,2024-03-02T07:00:00Z
2024-03-31,L00117,445878.62,0.06045,360,174,613951.49,2024-04-02T07:00:00Z
2024-04-30,L00117,444426.0,0.06045,360,175,613951.49,2024-05-02T07:00:00Z
2024-05-31,L00117,442966.07,0.06045,360,176,613951.49,2024-06-02T07:00:00Z
2024-06-30,L00117,441498.78,0.06045,360,177,613951.49,2024-07-02T07:00:00Z
2024-07-31,L00117,440024.1,0.06045,360,178,613951.49,2024-08-02T07:00:00Z
2024-08-31,L00117,438541.99,0.06045,360,179,613951.49,2024-09-02T07:00:00Z
2024-09-30,L00117,437052.42,0.06045,360,180,613951.49,2024-10-02T07:00:00Z
2024-10-31,L00117,430173.86,0.06045,360,181,613951.49,2024-11-02T07:00:00Z
2024-11-30,L00117,428687.83,0.06045,360,182,613951.49,2024-12-02T07:00:00Z
2024-12-31,L00117,427194.31,0.06045,360,183,613951.49,2025-01-02T07:00:00Z
2025-01-31,L00117,425693.27,0.06045,360,184,613951.49,2025-02-02T07:00:00Z
2025-02-28,L00117,424184.67,0.06045,360,185,613951.49,2025-03-02T07:00:00Z
2025-03-31,L00117,421557.63,0.06045,360,186,613951.49,2025-04-02T07:00:00Z
2025-04-30,L00117,420037.79,0.06045,360,187,613951.49,2025-05-02T07:00:00Z
2025-05-31,L00117,418510.3,0.06045,360,188,613951.49,2025-06-02T07:00:00Z
2025-06-30,L00117,416975.12,0.06045,360,189,613951.49,2025-07-02T07:00:00Z
2025-07-31,L00117,415432.2,0.06045,360,190,613951.49,2025-08-02T07:00:00Z
2025-08-31,L00117,413881.51,0.06045,360,191,613951.49,2025-09-02T07:00:00Z
2025-09-30,L00117,412323.01,0.06045,360,192,613951.49,2025-10-02T07:00:00Z
2024-01-31,L00118,171294.99,0.05194,360,181,250944.32,2024-02-02T07:00:00Z
2024-02-29,L00118,170659.38,0.05194,360,182,250944.32,2024-03-02T07:00:00Z
2024-03-31,L00118,170021.01,0.05194,360,183,250944.32,2024-04-02T07:00:00Z
2024-04-30,L00118,166331.02,0.05194,360,184,250944.32,2024-05-02T07:00:00Z
2024-05-31,L00118,165698.71,0.05194,360,185,250944.32,2024-06-02T07:00:00Z
2024-06-30,L00118,165063.66,0.05194,360,186,250944.32,2024-07-02T07:00:00Z
2024-07-31,L00118,164425.87,0.05194,360,187,250944.32,2024-08-02T07:00:00Z
2024-08-31,L00118,163785.31,0.05194,360,188,250944.32,2024-09-02T07:00:00Z
2024-09-30,L00118,163141.99,0.05194,360,189,250944.32,2024-10-02T07:00:00Z
2024-10-31,L00118,162495.87,0.05194,360,190,250944.32,2024-11-02T07:00:00Z
2024-11-30,L00118,161846.96,0.05194,360,191,250944.32,2024-12-02T07:00:00Z
2024-12-31,L00118,161195.24,0.05194,360,192,250944.32,2025-01-02T07:00:00Z
2025-01-31,L00118,160540.71,0.05194,360,193,250944.32,2025-02-02T07:00:00Z
2025-02-28,L00118,159883.33,0.05194,360,194,250944.32,2025-03-02T07:00:00Z
2025-03-31,L00118,159223.12,0.05194,360,195,250944.32,2025-04-02T07:00:00Z
2025-04-30,L00118,158560.04,0.05194,360,196,250944.32,2025-05-02T07:00:00Z
2025-05-31,L00118,157894.1,0.05194,360,197,250944.32,2025-06-02T07:00:00Z
2025-06-30,L00118,157225.27,0.05194,360,198,250944.32,2025-07-02T07:00:00Z
2025-07-31,L00118,156553.55,0.05194,360,199,250944.32,2025-08-02T07:00:00Z
2025-08-31,L00118,155878.92,0.05194,360,200,250944.32,2025-09-02T07:00:00Z
2025-09-30,L00118,155201.37,0.05194,360,201,250944.32,2025-10-02T07:00:00Z
2024-01-31,L00119,209877.11,0.05024,300,117,280561.04,2024-02-02T07:00:00Z
2024-02-29,L00119,209111.74,0.05024,300,118,280561.04,2024-03-02T07:00:00Z
2024-03-31,L00119,208343.16,0.05024,300,119,280561.04,2024-04-02T07:00:00Z
2024-04-30,L00119,207571.37,0.05024,300,120,280561.04,2024-05-02T07:00:00Z
2024-05-31,L00119,206796.34,0.05024,300,121,280561.04,2024-06-02T07:00:00Z
2024-06-30,L00119,206018.07,0.05024,300,122,280561.04,2024-07-02T07:00:00Z
2024-07-31,L00119,205236.54,0.05024,300,123,280561.04,2024-08-02T07:00:00Z
2024-08-31,L00119,204451.74,0.05024,300,124,280561.04,2024-09-02T07:00:00Z
2024-09-30,L00119,203663.66,0.05024,300,125,280561.04,2024-10-02T07:00:00Z
2024-10-31,L00119,202872.27,0.05024,300,126,280561.04,2024-11-02T07:00:00Z
2024-11-30,L00119,198431.33,0.05024,300,127,280561.04,2024-12-02T07:00:00Z
2024-12-31,L00119,197647.7,0.05024,300,128,280561.04,2025-01-02T07:00:00Z
2025-01-31,L00119,196860.79,0.05024,300,129,280561.04,2025-02-02T07:00:00Z
2025-02-28,L00119,196070.59,0.05024,300,130,280561.04,2025-03-02T07:00:00Z
2025-03-31,L00119,195277.08,0.05024,300,131,280561.04,2025-04-02T07:00:00Z
2025-04-30,L00119,194480.25,0.05024,300,132,280561.04,2025-05-02T07:00:00Z
2025-05-31,L00119,193680.08,0.05024,300,133,280561.04,2025-06-02T07:00:00Z
2025-06-30,L00119,192876.56,0.05024,300,134,280561.04,2025-07-02T07:00:00Z
2025-07-31,L00119,192069.68,0.05024,300,135,280561.04,2025-08-02T07:00:00Z
2025-08-31,L00119,191259.42,0.05024,300,136,280561.04,2025-09-02T07:00:00Z
2025-09-30,L00119,190445.76,0.05024,300,137,280561.04,2025-10-02T07:00:00Z
2024-01-31,L00120,276070.7,0.04754,360,199,445037.44,2024-02-02T07:00:00Z
2024-02-29,L00120,274841.8,0.04754,360,200,445037.44,2024-03-02T07:00:00Z
2024-03-31,L00120,273608.04,0.04754,360,201,445037.44,2024-04-02T07:00:00Z
2024-04-30,L00120,272369.38,0.04754,360,202,445037.44,2024-05-02T07:00:00Z
2024-05-31,L00120,271125.82,0.04754,360,203,445037.44,2024-06-02T07:00:00Z
2024-06-30,L00120,269877.33,0.04754,360,204,445037.44,2024-07-02T07:00:00Z
2024-07-31,L00120,268623.9,0.04754,360,205,445037.44,2024-08-02T07:00:00Z
2024-08-31,L00120,267365.49,0.04754,360,206,445037.44,2024-09-02T07:00:00Z
2024-09-30,L00120,266102.11,0.04754,360,207,445037.44,2024-10-02T07:00:00Z
2024-10-31,L00120,264833.72,0.04754,360,208,445037.44,2024-11-02T07:00:00Z
2024-11-30,L00120,263560.3,0.04754,360,209,445037.44,2024-12-02T07:00:00Z
2024-12-31,L00120,262281.84,0.04754,360,210,445037.44,2025-01-02T07:00:00Z
2025-01-31,L00120,260998.31,0.04754,360,211,445037.44,2025-02-02T07:00:00Z
2025-02-28,L00120,259709.7,0.04754,360,212,445037.44,2025-03-02T07:00:00Z
2025-03-31,L00120,258415.99,0.04754,360,213,445037.44,2025-04-02T07:00:00Z
2025-04-30,L00120,257117.15,0.04754,360,214,445037.44,2025-05-02T07:00:00Z
2025-05-31,L00120,255813.16,0.04754,360,215,445037.44,2025-06-02T07:00:00Z
2025-06-30,L00120,254504.01,0.04754,360,216,445037.44,2025-07-02T07:00:00Z
2025-07-31,L00120,253189.67,0.04754,360,217,445037.44,2025-08-02T07:00:00Z
2025-08-31,L00120,251870.12,0.04754,360,218,445037.44,2025-09-02T07:00:00Z
2025-09-30,L00120,250545.35,0.04754,360,219,445037.44,2025-10-02T07:00:00Z
2024-01-31,L00121,87488.36,0.04783,360,5,88043.28,2024-02-02T07:00:00Z
2024-02-29,L00121,87376.05,0.04783,360,6,88043.28,2024-03-02T07:00:00Z
2024-03-31,L00121,87263.29,0.04783,360,7,88043.28,2024-04-02T07:00:00Z
2024-04-30,L00121,87150.07,0.04783,360,8,88043.28,2024-05-02T07:00:00Z
2024-05-31,L00121,87036.41,0.04783,360,9,88043.28,2024-06-02T07:00:00Z
2024-06-30,L00121,86922.3,0.04783,360,10,88043.28,2024-07-02T07:00:00Z
2024-07-31,L00121,86807.73,0.04783,360,11,88043.28,2024-08-02T07:00:00Z
2024-08-31,L00121,86692.7,0.04783,360,12,88043.28,2024-09-02T07:00:00Z
2024-09-30,L00121,86577.21,0.04783,360,13,88043.28,2024-10-02T07:00:00Z
2024-10-31,L00121,86461.27,0.04783,360,14,88043.28,2024-11-02T07:00:00Z
2024-11-30,L00121,86344.86,0.04783,360,15,88043.28,2024-12-02T07:00:00Z
2024-12-31,L00121,86227.99,0.04783,360,16,88043.28,2025-01-02T07:00:00Z
2025-01-31,L00121,86110.65,0.04783,360,17,88043.28,2025-02-02T07:00:00Z
2025-02-28,L00121,85992.84,0.04783,360,18,88043.28,2025-03-02T07:00:00Z
2025-03-31,L00121,85874.57,0.04783,360,19,88043.28,2025-04-02T07:00:00Z
2025-04-30,L00121,81758.65,0.04783,360,20,88043.28,2025-05-02T07:00:00Z
2025-05-31,L00121,81644.98,0.04783,360,21,88043.28,2025-06-02T07:00:00Z
2025-06-30,L00121,81530.87,0.04783,360,22,88043.28,2025-07-02T07:00:00Z
2025-07-31,L00121,81416.3,0.04783,360,23,88043.28,2025-08-02T07:00:00Z
2025-08-31,L00121,81301.27,0.04783,360,24,88043.28,2025-09-02T07:00:00Z
2025-09-30,L00121,81185.78,0.04783,360,25,88043.28,2025-10-02T07:00:00Z
2024-01-31,L00122,169084.08,0.061,360,137,209443.86,2024-02-02T07:00:00Z
2024-02-29,L00122,168674.37,0.061,360,138,209443.86,2024-03-02T07:00:00Z
2024-03-31,L00122,168262.58,0.061,360,139,209443.86,2024-04-02T07:00:00Z
2024-04-30,L00122,167848.69,0.061,360,140,209443.86,2024-05-02T07:00:00Z
2024-05-31,L00122,167432.71,0.061,360,141,209443.86,2024-06-02T07:00:00Z
2024-06-30,L00122,167014.6,0.061,360,142,209443.86,2024-07-02T07:00:00Z
2024-07-31,L00122,166594.38,0.061,360,143,209443.86,2024-08-02T07:00:00Z
2024-08-31,L00122,166172.01,0.061,360,144,209443.86,2024-09-02T07:00:00Z
2024-09-30,L00122,165747.5,0.061,360,145,209443.86,2024-10-02T07:00:00Z
2024-10-31,L00122,165320.83,0.061,360,146,209443.86,2024-11-02T07:00:00Z
2024-11-30,L00122,164891.99,0.061,360,147,209443.86,2024-12-02T07:00:00Z
2024-12-31,L00122,164460.98,0.061,360,148,209443.86,2025-01-02T07:00:00Z
2025-01-31,L00122,164027.77,0.061,360,149,209443.86,2025-02-02T07:00:00Z
2025-02-28,L00122,163592.36,0.061,360,150,209443.86,2025-03-02T07:00:00Z
2025-03-31,L00122,163154.73,0.061,360,151,209443.86,2025-04-02T07:00:00Z
2025-04-30,L00122,162714.88,0.061,360,152,209443.86,2025-05-02T07:00:00Z
2025-05-31,L00122,162272.8,0.061,360,153,209443.86,2025-06-02T07:00:00Z
2025-06-30,L00122,161828.47,0.061,360,154,209443.86,2025-07-02T07:00:00Z
2025-07-31,L00122,161381.87,0.061,360,155,209443.86,2025-08-02T07:00:00Z
2025-08-31,L00122,160933.01,0.061,360,156,209443.86,2025-09-02T07:00:00Z
2025-09-30,L00122,160481.87,0.061,360,157,209443.86,2025-10-02T07:00:00Z
2024-01-31,L00123,155852.49,0.05474,360,7,157078.59,2024-02-02T07:00:00Z
2024-02-29,L00123,155674.13,0.05474,360,8,157078.59,2024-03-02T07:00:00Z
2024-03-31,L00123,155494.95,0.05474,360,9,157078.59,2024-04-02T07:00:00Z
2024-04-30,L00123,155314.95,0.05474,360,10,157078.59,2024-05-02T07:00:00Z
2024-05-31,L00123,155134.13,0.05474,360,11,157078.59,2024-06-02T07:00:00Z
2024-06-30,L00123,154952.48,0.05474,360,12,157078.59,2024-07-02T07:00:00Z
2024-07-31,L00123,154770.01,0.05474,360,13,157078.59,2024-08-02T07:00:00Z
2024-08-31,L00123,154586.71,0.05474,360,14,157078.59,2024-09-02T07:00:00Z
2024-09-30,L00123,154402.57,0.05474,360,15,157078.59,2024-10-02T07:00:00Z
2024-10-31,L00123,154217.58,0.05474,360,16,157078.59,2024-11-02T07:00:00Z
2024-11-30,L00123,154031.76,0.05474,360,17,157078.59,2024-12-02T07:00:00Z
2024-12-31,L00123,153845.09,0.05474,360,18,157078.59,2025-01-02T07:00:00Z
2025-01-31,L00123,153657.56,0.05474,360,19,157078.59,2025-02-02T07:00:00Z
2025-02-28,L00123,153469.18,0.05474,360,20,157078.59,2025-03-02T07:00:00Z
2025-03-31,L00123,153279.94,0.05474,360,21,157078.59,2025-04-02T07:00:00Z
2025-04-30,L00123,153089.84,0.05474,360,22,157078.59,2025-05-02T07:00:00Z
2025-05-31,L00123,152898.87,0.05474,360,23,157078.59,2025-06-02T07:00:00Z
2025-06-30,L00123,152707.03,0.05474,360,24,157078.59,2025-07-02T07:00:00Z
2025-07-31,L00123,152514.32,0.05474,360,25,157078.59,2025-08-02T07:00:00Z
2025-08-31,L00123,152320.72,0.05474,360,26,157078.59,2025-09-02T07:00:00Z
2025-09-30,L00123,151161.17,0.05474,360,27,157078.59,2025-10-02T07:00:00Z
2024-01-31,L00124,268104.43,0.06136,360,89,300891.66,2024-02-02T07:00:00Z
2024-02-29,L00124,267644.95,0.06136,360,90,300891.66,2024-03-02T07:00:00Z
2024-03-31,L00124,267183.12,0.06136,360,91,300891.66,2024-04-02T07:00:00Z
2024-04-30,L00124,266718.92,0.06136,360,92,300891.66,2024-05-02T07:00:00Z
2024-05-31,L00124,266252.36,0.06136,360,93,300891.66,2024-06-02T07:00:00Z
2024-06-30,L00124,265783.4,0.06136,360,94,300891.66,2024-07-02T07:00:00Z
2024-07-31,L00124,265312.05,0.06136,360,95,300891.66,2024-08-02T07:00:00Z
2024-08-31,L00124,264838.29,0.06136,360,96,300891.66,2024-09-02T07:00:00Z
2024-09-30,L00124,264362.11,0.06136,360,97,300891.66,2024-10-02T07:00:00Z
2024-10-31,L00124,263883.49,0.06136,360,98,300891.66,2024-11-02T07:00:00Z
2024-11-30,L00124,263402.42,0.06136,360,99,300891.66,2024-12-02T07:00:00Z
2024-12-31,L00124,262918.9,0.06136,360,100,300891.66,2025-01-02T07:00:00Z
2025-01-31,L00124,262432.9,0.06136,360,101,300891.66,2025-02-02T07:00:00Z
2025-02-28,L00124,261944.41,0.06136,360,102,300891.66,2025-03-02T07:00:00Z
2025-03-31,L00124,261453.43,0.06136,360,103,300891.66,2025-04-02T07:00:00Z
2025-04-30,L00124,260959.94,0.06136,360,104,300891.66,2025-05-02T07:00:00Z
2025-05-31,L00124,260463.93,0.06136,360,105,300891.66,2025-06-02T07:00:00Z
2025-06-30,L00124,259965.37,0.06136,360,106,300891.66,2025-07-02T07:00:00Z
2025-07-31,L00124,259464.27,0.06136,360,107,300891.66,2025-08-02T07:00:00Z
2025-08-31,L00124,258960.61,0.06136,360,108,300891.66,2025-09-02T07:00:00Z
2025-09-30,L00124,256654.83,0.06136,360,109,300891.66,2025-10-02T07:00:00Z
2024-01-31,L00125,242086.36,0.06786,360,3,242712.39,2024-02-02T07:00:00Z
2024-02-29,L00125,241875.32,0.06786,360,4,242712.39,2024-03-02T07:00:00Z
2024-03-31,L00125,241663.08,0.06786,360,5,242712.39,2024-04-02T07:00:00Z
2024-04-30,L00125,241449.64,0.06786,360,6,242712.39,2024-05-02T07:00:00Z
2024-05-31,L00125,241235.0,0.06786,360,7,242712.39,2024-06-02T07:00:00Z
2024-06-30,L00125,241019.14,0.06786,360,8,242712.39,2024-07-02T07:00:00Z
2024-07-31,L00125,240802.07,0.06786,360,9,242712.39,2024-08-02T07:00:00Z
2024-08-31,L00125,240583.76,0.06786,360,10,242712.39,2024-09-02T07:00:00Z
2024-09-30,L00125,240364.22,0.06786,360,11,242712.39,2024-10-02T07:00:00Z
2024-10-31,L00125,240143.44,0.06786,360,12,242712.39,2024-11-02T07:00:00Z
2024-11-30,L00125,239921.41,0.06786,360,13,242712.39,2024-12-02T07:00:00Z
2024-12-31,L00125,239698.13,0.06786,360,14,242712.39,2025-01-02T07:00:00Z
2025-01-31,L00125,239473.58,0.06786,360,15,242712.39,2025-02-02T07:00:00Z
2025-02-28,L00125,239247.76,0.06786,360,16,242712.39,2025-03-02T07:00:00Z
2025-03-31,L00125,239020.67,0.06786,360,17,242712.39,2025-04-02T07:00:00Z
2025-04-30,L00125,238792.29,0.06786,360,18,242712.39,2025-05-02T07:00:00Z
2025-05-31,L00125,238562.62,0.06786,360,19,242712.39,2025-06-02T07:00:00Z
2025-06-30,L00125,238331.65,0.06786,360,20,242712.39,2025-07-02T07:00:00Z
2025-07-31,L00125,238099.38,0.06786,360,21,242712.39,2025-08-02T07:00:00Z
2025-08-31,L00125,237865.79,0.06786,360,22,242712.39,2025-09-02T07:00:00Z
2025-09-30,L00125,237630.88,0.06786,360,23,242712.39,2025-10-02T07:00:00Z
2024-01-31,L00126,93892.42,0.04783,240,92,129785.72,2024-02-02T07:00:00Z
2024-02-29,L00126,93425.61,0.04783,240,93,129785.72,2024-03-02T07:00:00Z
2024-03-31,L00126,92956.95,0.04783,240,94,129785.72,2024-04-02T07:00:00Z
2024-04-30,L00126,92486.41,0.04783,240,95,129785.72,2024-05-02T07:00:00Z
2024-05-31,L00126,92014.0,0.04783,240,96,129785.72,2024-06-02T07:00:00Z
2024-06-30,L00126,91539.7,0.04783,240,97,129785.72,2024-07-02T07:00:00Z
2024-07-31,L00126,91063.52,0.04783,240,98,129785.72,2024-08-02T07:00:00Z
2024-08-31,L00126,90585.44,0.04783,240,99,129785.72,2024-09-02T07:00:00Z
2024-09-30,L00126,90105.45,0.04783,240,100,129785.72,2024-10-02T07:00:00Z
2024-10-31,L00126,89623.55,0.04783,240,101,129785.72,2024-11-02T07:00:00Z
2024-11-30,L00126,89139.72,0.04783,240,102,129785.72,2024-12-02T07:00:00Z
2024-12-31,L00126,88653.97,0.04783,240,103,129785.72,2025-01-02T07:00:00Z
2025-01-31,L00126,88166.29,0.04783,240,104,129785.72,2025-02-02T07:00:00Z
2025-02-28,L00126,87676.66,0.04783,240,105,129785.72,2025-03-02T07:00:00Z
2025-03-31,L00126,87185.07,0.04783,240,106,129785.72,2025-04-02T07:00:00Z
2025-04-30,L00126,86691.53,0.04783,240,107,129785.72,2025-05-02T07:00:00Z
2025-05-31,L00126,86196.02,0.04783,240,108,129785.72,2025-06-02T07:00:00Z
2025-06-30,L00126,85698.54,0.04783,240,109,129785.72,2025-07-02T07:00:00Z
2025-07-31,L00126,85199.07,0.04783,240,110,129785.72,2025-08-02T07:00:00Z
2025-08-31,L00126,84697.61,0.04783,240,111,129785.72,2025-09-02T07:00:00Z
2025-09-30,L00126,84194.16,0.04783,240,112,129785.72,2025-10-02T07:00:00Z
2024-01-31,L00127,387445.81,0.06055,360,9,390982.94,2024-02-02T07:00:00Z
2024-02-29,L00127,387042.81,0.06055,360,10,390982.94,2024-03-02T07:00:00Z
2024-03-31,L00127,386637.78,0.06055,360,11,390982.94,2024-04-02T07:00:00Z
2024-04-30,L00127,386230.71,0.06055,360,12,390982.94,2024-05-02T07:00:00Z
2024-05-31,L00127,385821.58,0.06055,360,13,390982.94,2024-06-02T07:00:00Z
2024-06-30,L00127,385410.39,0.06055,360,14,390982.94,2024-07-02T07:00:00Z
2024-07-31,L00127,384997.12,0.06055,360,15,390982.94,2024-08-02T07:00:00Z
2024-08-31,L00127,384581.77,0.06055,360,16,390982.94,2024-09-02T07:00:00Z
2024-09-30,L00127,384164.32,0.06055,360,17,390982.94,2024-10-02T07:00:00Z
2024-10-31,L00127,383744.77,0.06055,360,18,390982.94,2024-11-02T07:00:00Z
2024-11-30,L00127,383323.1,0.06055,360,19,390982.94,2024-12-02T07:00:00Z
2024-12-31,L00127,382899.3,0.06055,360,20,390982.94,2025-01-02T07:00:00Z
2025-01-31,L00127,382473.36,0.06055,360,21,390982.94,2025-02-02T07:00:00Z
2025-02-28,L00127,382045.27,0.06055,360,22,390982.94,2025-03-02T07:00:00Z
2025-03-31,L00127,381615.03,0.06055,360,23,390982.94,2025-04-02T07:00:00Z
2025-04-30,L00127,381182.61,0.06055,360,24,390982.94,2025-05-02T07:00:00Z
2025-05-31,L00127,380748.01,0.06055,360,25,390982.94,2025-06-02T07:00:00Z
2025-06-30,L00127,380311.22,0.06055,360,26,390982.94,2025-07-02T07:00:00Z
2025-07-31,L00127,379872.22,0.06055,360,27,390982.94,2025-08-02T07:00:00Z
2025-08-31,L00127,379431.01,0.06055,360,28,390982.94,2025-09-02T07:00:00Z
2025-09-30,L00127,378987.57,0.06055,360,29,390982.94,2025-10-02T07:00:00Z
2024-01-31,L00128,275125.9,0.05815,300,51,300899.62,2024-02-02T07:00:00Z
2024-02-29,L00128,274554.29,0.05815,300,52,300899.62,2024-03-02T07:00:00Z
2024-03-31,L00128,273979.92,0.05815,300,53,300899.62,2024-04-02T07:00:00Z
2024-04-30,L00128,273402.77,0.05815,300,54,300899.62,2024-05-02T07:00:00Z
2024-05-31,L00128,272822.82,0.05815,300,55,300899.62,2024-06-02T07:00:00Z
2024-06-30,L00128,272240.05,0.05815,300,56,300899.62,2024-07-02T07:00:00Z
2024-07-31,L00128,271654.47,0.05815,300,57,300899.62,2024-08-02T07:00:00Z
2024-08-31,L00128,271066.05,0.05815,300,58,300899.62,2024-09-02T07:00:00Z
2024-09-30,L00128,270474.77,0.05815,300,59,300899.62,2024-10-02T07:00:00Z
2024-10-31,L00128,269880.63,0.05815,300,60,300899.62,2024-11-02T07:00:00Z
2024-11-30,L00128,269283.61,0.05815,300,61,300899.62,2024-12-02T07:00:00Z
2024-12-31,L00128,268683.7,0.05815,300,62,300899.62,2025-01-02T07:00:00Z
2025-01-31,L00128,268080.88,0.05815,300,63,300899.62,2025-02-02T07:00:00Z
2025-02-28,L00128,267475.14,0.05815,300,64,300899.62,2025-03-02T07:00:00Z
2025-03-31,L00128,266866.46,0.05815,300,65,300899.62,2025-04-02T07:00:00Z
2025-04-30,L00128,266254.84,0.05815,300,66,300899.62,2025-05-02T07:00:00Z
2025-05-31,L00128,265640.25,0.05815,300,67,300899.62,2025-06-02T07:00:00Z
2025-06-30,L00128,262378.12,0.05815,300,68,300899.62,2025-07-02T07:00:00Z
2025-07-31,L00128,261763.75,0.05815,300,69,300899.62,2025-08-02T07:00:00Z
2025-08-31,L00128,261146.41,0.05815,300,70,300899.62,2025-09-02T07:00:00Z
2025-09-30,L00128,260526.07,0.05815,300,71,300899.62,2025-10-02T07:00:00Z
2024-01-31,L00129,82559.65,0.06286,240,162,176270.32,2024-02-02T07:00:00Z
2024-02-29,L00129,81700.01,0.06286,240,163,176270.32,2024-03-02T07:00:00Z
2024-03-31,L00129,80835.87,0.06286,240,164,176270.32,2024-04-02T07:00:00Z
2024-04-30,L00129,79967.21,0.06286,240,165,176270.32,2024-05-02T07:00:00Z
2024-05-31,L00129,79093.99,0.06286,240,166,176270.32,2024-06-02T07:00:00Z
2024-06-30,L00129,78216.2,0.06286,240,167,176270.32,2024-07-02T07:00:00Z
2024-07-31,L00129,77333.81,0.06286,240,168,176270.32,2024-08-02T07:00:00Z
2024-08-31,L00129,76446.8,0.06286,240,169,176270.32,2024-09-02T07:00:00Z
2024-09-30,L00129,75555.14,0.06286,240,170,176270.32,2024-10-02T07:00:00Z
2024-10-31,L00129,74658.82,0.06286,240,171,176270.32,2024-11-02T07:00:00Z
2024-11-30,L00129,73757.79,0.06286,240,172,176270.32,2024-12-02T07:00:00Z
2024-12-31,L00129,72852.05,0.06286,240,173,176270.32,2025-01-02T07:00:00Z
2025-01-31,L00129,71941.56,0.06286,240,174,176270.32,2025-02-02T07:00:00Z
2025-02-28,L00129,71026.31,0.06286,240,175,176270.32,2025-03-02T07:00:00Z
2025-03-31,L00129,70106.25,0.06286,240,176,176270.32,2025-04-02T07:00:00Z
2025-04-30,L00129,69181.38,0.06286,240,177,176270.32,2025-05-02T07:00:00Z
2025-05-31,L00129,68251.67,0.06286,240,178,176270.32,2025-06-02T07:00:00Z
2025-06-30,L00129,67317.08,0.06286,240,179,176270.32,2025-07-02T07:00:00Z
2025-07-31,L00129,66377.6,0.06286,240,180,176270.32,2025-08-02T07:00:00Z
2025-08-31,L00129,65433.2,0.06286,240,181,176270.32,2025-09-02T07:00:00Z
2025-09-30,L00129,64483.85,0.06286,240,182,176270.32,2025-10-02T07:00:00Z
2024-01-31,L00130,300789.16,0.04408,360,193,481396.02,2024-02-02T07:00:00Z
2024-02-29,L00130,299481.14,0.04408,360,194,481396.02,2024-03-02T07:00:00Z
2024-03-31,L00130,298168.31,0.04408,360,195,481396.02,2024-04-02T07:00:00Z
2024-04-30,L00130,296850.67,0.04408,360,196,481396.02,2024-05-02T07:00:00Z
2024-05-31,L00130,295528.18,0.04408,360,197,481396.02,2024-06-02T07:00:00Z
2024-06-30,L00130,294200.83,0.04408,360,198,481396.02,2024-07-02T07:00:00Z
2024-07-31,L00130,292868.61,0.04408,360,199,481396.02,2024-08-02T07:00:00Z
2024-08-31,L00130,291531.5,0.04408,360,200,481396.02,2024-09-02T07:00:00Z
2024-09-30,L00130,290189.47,0.04408,360,201,481396.02,2024-10-02T07:00:00Z
2024-10-31,L00130,288842.52,0.04408,360,202,481396.02,2024-11-02T07:00:00Z
2024-11-30,L00130,287490.61,0.04408,360,203,481396.02,2024-12-02T07:00:00Z
2024-12-31,L00130,286133.74,0.04408,360,204,481396.02,2025-01-02T07:00:00Z
2025-01-31,L00130,284771.89,0.04408,360,205,481396.02,2025-02-02T07:00:00Z
2025-02-28,L00130,283405.03,0.04408,360,206,481396.02,2025-03-02T07:00:00Z
2025-03-31,L00130,282033.16,0.04408,360,207,481396.02,2025-04-02T07:00:00Z
2025-04-30,L00130,280656.24,0.04408,360,208,481396.02,2025-05-02T07:00:00Z
2025-05-31,L00130,279274.26,0.04408,360,209,481396.02,2025-06-02T07:00:00Z
2025-06-30,L00130,277887.21,0.04408,360,210,481396.02,2025-07-02T07:00:00Z
2025-07-31,L00130,276495.07,0.04408,360,211,481396.02,2025-08-02T07:00:00Z
2025-08-31,L00130,275097.81,0.04408,360,212,481396.02,2025-09-02T07:00:00Z
2025-09-30,L00130,273695.41,0.04408,360,213,481396.02,2025-10-02T07:00:00Z
2024-01-31,L00131,114191.75,0.06713,300,12,116046.77,2024-02-02T07:00:00Z
2024-02-29,L00131,114031.49,0.06713,300,13,116046.77,2024-03-02T07:00:00Z
2024-03-31,L00131,113870.33,0.06713,300,14,116046.77,2024-04-02T07:00:00Z
2024-04-30,L00131,113708.26,0.06713,300,15,116046.77,2024-05-02T07:00:00Z
2024-05-31,L00131,113545.3,0.06713,300,16,116046.77,2024-06-02T07:00:00Z
2024-06-30,L00131,113381.42,0.06713,300,17,116046.77,2024-07-02T07:00:00Z
2024-07-31,L00131,113216.62,0.06713,300,18,116046.77,2024-08-02T07:00:00Z
2024-08-31,L00131,113050.9,0.06713,300,19,116046.77,2024-09-02T07:00:00Z
2024-09-30,L00131,112884.25,0.06713,300,20,116046.77,2024-10-02T07:00:00Z
2024-10-31,L00131,112716.68,0.06713,300,21,116046.77,2024-11-02T07:00:00Z
2024-11-30,L00131,112548.16,0.06713,300,22,116046.77,2024-12-02T07:00:00Z
2024-12-31,L00131,112378.7,0.06713,300,23,116046.77,2025-01-02T07:00:00Z
2025-01-31,L00131,112208.3,0.06713,300,24,116046.77,2025-02-02T07:00:00Z
2025-02-28,L00131,112036.94,0.06713,300,25,116046.77,2025-03-02T07:00:00Z
2025-03-31,L00131,111864.62,0.06713,300,26,116046.77,2025-04-02T07:00:00Z
2025-04-30,L00131,111691.34,0.06713,300,27,116046.77,2025-05-02T07:00:00Z
2025-05-31,L00131,111517.09,0.06713,300,28,116046.77,2025-06-02T07:00:00Z
2025-06-30,L00131,111341.86,0.06713,300,29,116046.77,2025-07-02T07:00:00Z
2025-07-31,L00131,111165.65,0.06713,300,30,116046.77,2025-08-02T07:00:00Z
2025-08-31,L00131,110988.46,0.06713,300,31,116046.77,2025-09-02T07:00:00Z
2025-09-30,L00131,110810.28,0.06713,300,32,116046.77,2025-10-02T07:00:00Z
2024-01-31,L00132,98195.33,0.05549,240,48,111884.49,2024-02-02T07:00:00Z
2024-02-29,L00132,97876.67,0.05549,240,49,111884.49,2024-03-02T07:00:00Z
2024-03-31,L00132,97556.52,0.05549,240,50,111884.49,2024-04-02T07:00:00Z
2024-04-30,L00132,97234.9,0.05549,240,51,111884.49,2024-05-02T07:00:00Z
2024-05-31,L00132,96911.8,0.05549,240,52,111884.49,2024-06-02T07:00:00Z
2024-06-30,L00132,96587.19,0.05549,240,53,111884.49,2024-07-02T07:00:00Z
2024-07-31,L00132,96261.09,0.05549,240,54,111884.49,2024-08-02T07:00:00Z
2024-08-31,L00132,95933.48,0.05549,240,55,111884.49,2024-09-02T07:00:00Z
2024-09-30,L00132,95604.35,0.05549,240,56,111884.49,2024-10-02T07:00:00Z
2024-10-31,L00132,95273.7,0.05549,240,57,111884.49,2024-11-02T07:00:00Z
2024-11-30,L00132,94941.52,0.05549,240,58,111884.49,2024-12-02T07:00:00Z
2024-12-31,L00132,94607.81,0.05549,240,59,111884.49,2025-01-02T07:00:00Z
2025-01-31,L00132,94272.55,0.05549,240,60,111884.49,2025-02-02T07:00:00Z
2025-02-28,L00132,93935.75,0.05549,240,61,111884.49,2025-03-02T07:00:00Z
2025-03-31,L00132,93597.38,0.05549,240,62,111884.49,2025-04-02T07:00:00Z
2025-04-30,L00132,93257.45,0.05549,240,63,111884.49,2025-05-02T07:00:00Z
2025-05-31,L00132,92915.95,0.05549,240,64,111884.49,2025-06-02T07:00:00Z
2025-06-30,L00132,92572.87,0.05549,240,65,111884.49,2025-07-02T07:00:00Z
2025-07-31,L00132,92228.21,0.05549,240,66,111884.49,2025-08-02T07:00:00Z
2025-08-31,L00132,91881.95,0.05549,240,67,111884.49,2025-09-02T07:00:00Z
2025-09-30,L00132,91534.09,0.05549,240,68,111884.49,2025-10-02T07:00:00Z
2024-01-31,L00133,85867.34,0.04713,300,76,101599.32,2024-02-02T07:00:00Z
2024-02-29,L00133,85627.51,0.04713,300,77,101599.32,2024-03-02T07:00:00Z
2024-03-31,L00133,85386.73,0.04713,300,78,101599.32,2024-04-02T07:00:00Z
2024-04-30,L00133,85145.01,0.04713,300,79,101599.32,2024-05-02T07:00:00Z
2024-05-31,L00133,84902.35,0.04713,300,80,101599.32,2024-06-02T07:00:00Z
2024-06-30,L00133,84658.72,0.04713,300,81,101599.32,2024-07-02T07:00:00Z
2024-07-31,L00133,84414.15,0.04713,300,82,101599.32,2024-08-02T07:00:00Z
2024-08-31,L00133,84168.61,0.04713,300,83,101599.32,2024-09-02T07:00:00Z
2024-09-30,L00133,83922.1,0.04713,300,84,101599.32,2024-10-02T07:00:00Z
2024-10-31,L00133,83674.63,0.04713,300,85,101599.32,2024-11-02T07:00:00Z
2024-11-30,L00133,83426.19,0.04713,300,86,101599.32,2024-12-02T07:00:00Z
2024-12-31,L00133,83176.77,0.04713,300,87,101599.32,2025-01-02T07:00:00Z
2025-01-31,L00133,82926.37,0.04713,300,88,101599.32,2025-02-02T07:00:00Z
2025-02-28,L00133,82674.99,0.04713,300,89,101599.32,2025-03-02T07:00:00Z
2025-03-31,L00133,82422.62,0.04713,300,90,101599.32,2025-04-02T07:00:00Z
2025-04-30,L00133,82169.26,0.04713,300,91,101599.32,2025-05-02T07:00:00Z
2025-05-31,L00133,81914.9,0.04713,300,92,101599.32,2025-06-02T07:00:00Z
2025-06-30,L00133,81659.55,0.04713,300,93,101599.32,2025-07-02T07:00:00Z
2025-07-31,L00133,81403.19,0.04713,300,94,101599.32,2025-08-02T07:00:00Z
2025-08-31,L00133,81145.83,0.04713,300,95,101599.32,2025-09-02T07:00:00Z
2025-09-30,L00133,80887.45,0.04713,300,96,101599.32,2025-10-02T07:00:00Z
2024-01-31,L00134,201627.06,0.06998,360,105,228684.57,2024-02-02T07:00:00Z
2024-02-29,L00134,201281.74,0.06998,360,106,228684.57,2024-03-02T07:00:00Z
2024-03-31,L00134,200934.41,0.06998,360,107,228684.57,2024-04-02T07:00:00Z
2024-04-30,L00134,200585.06,0.06998,360,108,228684.57,2024-05-02T07:00:00Z
2024-05-31,L00134,200233.67,0.06998,360,109,228684.57,2024-06-02T07:00:00Z
2024-06-30,L00134,199880.23,0.06998,360,110,228684.57,2024-07-02T07:00:00Z
2024-07-31,L00134,199524.72,0.06998,360,111,228684.57,2024-08-02T07:00:00Z
2024-08-31,L00134,199167.15,0.06998,360,112,228684.57,2024-09-02T07:00:00Z
2024-09-30,L00134,198807.49,0.06998,360,113,228684.57,2024-10-02T07:00:00Z
2024-10-31,L00134,198445.73,0.06998,360,114,228684.57,2024-11-02T07:00:00Z
2024-11-30,L00134,197571.24,0.06998,360,115,228684.57,2024-12-02T07:00:00Z
2024-12-31,L00134,197206.19,0.06998,360,116,228684.57,2025-01-02T07:00:00Z
2025-01-31,L00134,196839.02,0.06998,360,117,228684.57,2025-02-02T07:00:00Z
2025-02-28,L00134,196469.7,0.06998,360,118,228684.57,2025-03-02T07:00:00Z
2025-03-31,L00134,196098.23,0.06998,360,119,228684.57,2025-04-02T07:00:00Z
2025-04-30,L00134,195724.6,0.06998,360,120,228684.57,2025-05-02T07:00:00Z
2025-05-31,L00134,195348.78,0.06998,360,121,228684.57,2025-06-02T07:00:00Z
2025-06-30,L00134,194970.78,0.06998,360,122,228684.57,2025-07-02T07:00:00Z
2025-07-31,L00134,194590.56,0.06998,360,123,228684.57,2025-08-02T07:00:00Z
2025-08-31,L00134,194208.14,0.06998,360,124,228684.57,2025-09-02T07:00:00Z
2025-09-30,L00134,193823.48,0.06998,360,125,228684.57,2025-10-02T07:00:00Z
2024-01-31,L00135,87423.15,0.05334,360,40,91957.76,2024-02-02T07:00:00Z
2024-02-29,L00135,87299.15,0.05334,360,41,91957.76,2024-03-02T07:00:00Z
2024-03-31,L00135,87174.61,0.05334,360,42,91957.76,2024-04-02T07:00:00Z
2024-04-30,L00135,87049.51,0.05334,360,43,91957.76,2024-05-02T07:00:00Z
2024-05-31,L00135,86923.86,0.05334,360,44,91957.76,2024-06-02T07:00:00Z
2024-06-30,L00135,86797.64,0.05334,360,45,91957.76,2024-07-02T07:00:00Z
2024-07-31,L00135,86670.87,0.05334,360,46,91957.76,2024-08-02T07:00:00Z
2024-08-31,L00135,86543.53,0.05334,360,47,91957.76,2024-09-02T07:00:00Z
2024-09-30,L00135,86415.63,0.05334,360,48,91957.76,2024-10-02T07:00:00Z
2024-10-31,L00135,86287.16,0.05334,360,49,91957.76,2024-11-02T07:00:00Z
2024-11-30,L00135,86158.12,0.05334,360,50,91957.76,2024-12-02T07:00:00Z
2024-12-31,L00135,86028.5,0.05334,360,51,91957.76,2025-01-02T07:00:00Z
2025-01-31,L00135,85898.31,0.05334,360,52,91957.76,2025-02-02T07:00:00Z
2025-02-28,L00135,85767.54,0.05334,360,53,91957.76,2025-03-02T07:00:00Z
2025-03-31,L00135,85636.18,0.05334,360,54,91957.76,2025-04-02T07:00:00Z
2025-04-30,L00135,85504.25,0.05334,360,55,91957.76,2025-05-02T07:00:00Z
2025-05-31,L00135,85371.72,0.05334,360,56,91957.76,2025-06-02T07:00:00Z
2025-06-30,L00135,85238.61,0.05334,360,57,91957.76,2025-07-02T07:00:00Z
2025-07-31,L00135,85104.91,0.05334,360,58,91957.76,2025-08-02T07:00:00Z
2025-08-31,L00135,84970.61,0.05334,360,59,91957.76,2025-09-02T07:00:00Z
2025-09-30,L00135,84835.72,0.05334,360,60,91957.76,2025-10-02T07:00:00Z
2024-01-31,L00136,166550.88,0.04323,300,193,344160.34,2024-02-02T07:00:00Z
2024-02-29,L00136,165272.33,0.04323,300,194,344160.34,2024-03-02T07:00:00Z
2024-03-31,L00136,163989.18,0.04323,300,195,344160.34,2024-04-02T07:00:00Z
2024-04-30,L00136,162701.41,0.04323,300,196,344160.34,2024-05-02T07:00:00Z
2024-05-31,L00136,161409.0,0.04323,300,197,344160.34,2024-06-02T07:00:00Z
2024-06-30,L00136,160111.93,0.04323,300,198,344160.34,2024-07-02T07:00:00Z
2024-07-31,L00136,158810.19,0.04323,300,199,344160.34,2024-08-02T07:00:00Z
2024-08-31,L00136,157503.76,0.04323,300,200,344160.34,2024-09-02T07:00:00Z
2024-09-30,L00136,156192.63,0.04323,300,201,344160.34,2024-10-02T07:00:00Z
2024-10-31,L00136,154876.77,0.04323,300,202,344160.34,2024-11-02T07:00:00Z
2024-11-30,L00136,153556.17,0.04323,300,203,344160.34,2024-12-02T07:00:00Z
2024-12-31,L00136,152230.81,0.04323,300,204,344160.34,2025-01-02T07:00:00Z
2025-01-31,L00136,150900.68,0.04323,300,205,344160.34,2025-02-02T07:00:00Z
2025-02-28,L00136,149565.75,0.04323,300,206,344160.34,2025-03-02T07:00:00Z
2025-03-31,L00136,148226.02,0.04323,300,207,344160.34,2025-04-02T07:00:00Z
2025-04-30,L00136,146881.46,0.04323,300,208,344160.34,2025-05-02T07:00:00Z
2025-05-31,L00136,145532.06,0.04323,300,209,344160.34,2025-06-02T07:00:00Z
2025-06-30,L00136,144177.79,0.04323,300,210,344160.34,2025-07-02T07:00:00Z
2025-07-31,L00136,142818.65,0.04323,300,211,344160.34,2025-08-02T07:00:00Z
2025-08-31,L00136,141454.61,0.04323,300,212,344160.34,2025-09-02T07:00:00Z
2025-09-30,L00136,140085.66,0.04323,300,213,344160.34,2025-10-02T07:00:00Z
2024-01-31,L00137,342935.89,0.05876,360,60,369103.05,2024-02-02T07:00:00Z
2024-02-29,L00137,342431.52,0.05876,360,61,369103.05,2024-03-02T07:00:00Z
2024-03-31,L00137,341924.67,0.05876,360,62,369103.05,2024-04-02T07:00:00Z
2024-04-30,L00137,341415.34,0.05876,360,63,369103.05,2024-05-02T07:00:00Z
2024-05-31,L00137,340903.52,0.05876,360,64,369103.05,2024-06-02T07:00:00Z
2024-06-30,L00137,340389.19,0.05876,360,65,369103.05,2024-07-02T07:00:00Z
2024-07-31,L00137,339872.34,0.05876,360,66,369103.05,2024-08-02T07:00:00Z
2024-08-31,L00137,339352.96,0.05876,360,67,369103.05,2024-09-02T07:00:00Z
2024-09-30,L00137,338831.04,0.05876,360,68,369103.05,2024-10-02T07:00:00Z
2024-10-31,L00137,338306.56,0.05876,360,69,369103.05,2024-11-02T07:00:00Z
2024-11-30,L00137,337779.52,0.05876,360,70,369103.05,2024-12-02T07:00:00Z
2024-12-31,L00137,337249.89,0.05876,360,71,369103.05,2025-01-02T07:00:00Z
2025-01-31,L00137,336717.67,0.05876,360,72,369103.05,2025-02-02T07:00:00Z
2025-02-28,L00137,336182.85,0.05876,360,73,369103.05,2025-03-02T07:00:00Z
2025-03-31,L00137,335645.4,0.05876,360,74,369103.05,2025-04-02T07:00:00Z
2025-04-30,L00137,335105.33,0.05876,360,75,369103.05,2025-05-02T07:00:00Z
2025-05-31,L00137,334562.61,0.05876,360,76,369103.05,2025-06-02T07:00:00Z
2025-06-30,L00137,334017.23,0.05876,360,77,369103.05,2025-07-02T07:00:00Z
2025-07-31,L00137,333469.18,0.05876,360,78,369103.05,2025-08-02T07:00:00Z
2025-08-31,L00137,332918.45,0.05876,360,79,369103.05,2025-09-02T07:00:00Z
2025-09-30,L00137,332365.02,0.05876,360,80,369103.05,2025-10-02T07:00:00Z
2024-01-31,L00138,419097.49,0.05674,360,138,527504.95,2024-02-02T07:00:00Z
2024-02-29,L00138,418026.17,0.05674,360,139,527504.95,2024-03-02T07:00:00Z
2024-03-31,L00138,416949.78,0.05674,360,140,527504.95,2024-04-02T07:00:00Z
2024-04-30,L00138,415868.31,0.05674,360,141,527504.95,2024-05-02T07:00:00Z
2024-05-31,L00138,414781.72,0.05674,360,142,527504.95,2024-06-02T07:00:00Z
2024-06-30,L00138,413689.99,0.05674,360,143,527504.95,2024-07-02T07:00:00Z
2024-07-31,L00138,412593.1,0.05674,360,144,527504.95,2024-08-02T07:00:00Z
2024-08-31,L00138,411491.02,0.05674,360,145,527504.95,2024-09-02T07:00:00Z
2024-09-30,L00138,410383.73,0.05674,360,146,527504.95,2024-10-02T07:00:00Z
2024-10-31,L00138,409271.21,0.05674,360,147,527504.95,2024-11-02T07:00:00Z
2024-11-30,L00138,408153.42,0.05674,360,148,527504.95,2024-12-02T07:00:00Z
2024-12-31,L00138,407030.35,0.05674,360,149,527504.95,2025-01-02T07:00:00Z
2025-01-31,L00138,405901.97,0.05674,360,150,527504.95,2025-02-02T07:00:00Z
2025-02-28,L00138,404768.26,0.05674,360,151,527504.95,2025-03-02T07:00:00Z
2025-03-31,L00138,403629.18,0.05674,360,152,527504.95,2025-04-02T07:00:00Z
2025-04-30,L00138,402484.72,0.05674,360,153,527504.95,2025-05-02T07:00:00Z
2025-05-31,L00138,401334.84,0.05674,360,154,527504.95,2025-06-02T07:00:00Z
2025-06-30,L00138,400179.53,0.05674,360,155,527504.95,2025-07-02T07:00:00Z
2025-07-31,L00138,399018.76,0.05674,360,156,527504.95,2025-08-02T07:00:00Z
2025-08-31,L00138,397852.5,0.05674,360,157,527504.95,2025-09-02T07:00:00Z
2025-09-30,L00138,396680.72,0.05674,360,158,527504.95,2025-10-02T07:00:00Z
2024-01-31,L00139,262738.42,0.07024,360,40,272733.89,2024-02-02T07:00:00Z
2024-02-29,L00139,262457.41,0.07024,360,41,272733.89,2024-03-02T07:00:00Z
2024-03-31,L00139,262174.76,0.07024,360,42,272733.89,2024-04-02T07:00:00Z
2024-04-30,L00139,261890.45,0.07024,360,43,272733.89,2024-05-02T07:00:00Z
2024-05-31,L00139,261604.48,0.07024,360,44,272733.89,2024-06-02T07:00:00Z
2024-06-30,L00139,261316.83,0.07024,360,45,272733.89,2024-07-02T07:00:00Z
2024-07-31,L00139,261027.51,0.07024,360,46,272733.89,2024-08-02T07:00:00Z
2024-08-31,L00139,260736.48,0.07024,360,47,272733.89,2024-09-02T07:00:00Z
2024-09-30,L00139,260443.76,0.07024,360,48,272733.89,2024-10-02T07:00:00Z
2024-10-31,L00139,260149.32,0.07024,360,49,272733.89,2024-11-02T07:00:00Z
2024-11-30,L00139,259853.16,0.07024,360,50,272733.89,2024-12-02T07:00:00Z
2024-12-31,L00139,259555.26,0.07024,360,51,272733.89,2025-01-02T07:00:00Z
2025-01-31,L00139,259255.62,0.07024,360,52,272733.89,2025-02-02T07:00:00Z
2025-02-28,L00139,258954.22,0.07024,360,53,272733.89,2025-03-02T07:00:00Z
2025-03-31,L00139,258651.07,0.07024,360,54,272733.89,2025-04-02T07:00:00Z
2025-04-30,L00139,258346.13,0.07024,360,55,272733.89,2025-05-02T07:00:00Z
2025-05-31,L00139,258039.42,0.07024,360,56,272733.89,2025-06-02T07:00:00Z
2025-06-30,L00139,257730.9,0.07024,360,57,272733.89,2025-07-02T07:00:00Z
2025-07-31,L00139,257420.59,0.07024,360,58,272733.89,2025-08-02T07:00:00Z
2025-08-31,L00139,257108.45,0.07024,360,59,272733.89,2025-09-02T07:00:00Z
2025-09-30,L00139,256794.49,0.07024,360,60,272733.89,2025-10-02T07:00:00Z
2024-01-31,L00140,432963.5,0.05264,300,25,452204.41,2024-02-02T07:00:00Z
2024-02-29,L00140,432149.21,0.05264,300,26,452204.41,2024-03-02T07:00:00Z
2024-03-31,L00140,431331.34,0.05264,300,27,452204.41,2024-04-02T07:00:00Z
2024-04-30,L00140,430509.89,0.05264,300,28,452204.41,2024-05-02T07:00:00Z
2024-05-31,L00140,429684.83,0.05264,300,29,452204.41,2024-06-02T07:00:00Z
2024-06-30,L00140,428856.15,0.05264,300,30,452204.41,2024-07-02T07:00:00Z
2024-07-31,L00140,428023.84,0.05264,300,31,452204.41,2024-08-02T07:00:00Z
2024-08-31,L00140,427187.88,0.05264,300,32,452204.41,2024-09-02T07:00:00Z
2024-09-30,L00140,426348.25,0.05264,300,33,452204.41,2024-10-02T07:00:00Z
2024-10-31,L00140,425504.94,0.05264,300,34,452204.41,2024-11-02T07:00:00Z
2024-11-30,L00140,424657.92,0.05264,300,35,452204.41,2024-12-02T07:00:00Z
2024-12-31,L00140,423807.2,0.05264,300,36,452204.41,2025-01-02T07:00:00Z
2025-01-31,L00140,422952.74,0.05264,300,37,452204.41,2025-02-02T07:00:00Z
2025-02-28,L00140,422094.53,0.05264,300,38,452204.41,2025-03-02T07:00:00Z
2025-03-31,L00140,421232.55,0.05264,300,39,452204.41,2025-04-02T07:00:00Z
2025-04-30,L00140,420366.8,0.05264,300,40,452204.41,2025-05-02T07:00:00Z
2025-05-31,L00140,419497.25,0.05264,300,41,452204.41,2025-06-02T07:00:00Z
2025-06-30,L00140,418623.88,0.05264,300,42,452204.41,2025-07-02T07:00:00Z
2025-07-31,L00140,417746.68,0.05264,300,43,452204.41,2025-08-02T07:00:00Z
2025-08-31,L00140,416865.64,0.05264,300,44,452204.41,2025-09-02T07:00:00Z
2025-09-30,L00140,415980.73,0.05264,300,45,452204.41,2025-10-02T07:00:00Z
2024-01-31,L00141,83628.22,0.05457,300,24,87081.91,2024-02-02T07:00:00Z
2024-02-29,L00141,83476.0,0.05457,300,25,87081.91,2024-03-02T07:00:00Z
2024-03-31,L00141,83323.08,0.05457,300,26,87081.91,2024-04-02T07:00:00Z
2024-04-30,L00141,83169.47,0.05457,300,27,87081.91,2024-05-02T07:00:00Z
2024-05-31,L00141,83015.15,0.05457,300,28,87081.91,2024-06-02T07:00:00Z
2024-06-30,L00141,82860.14,0.05457,300,29,87081.91,2024-07-02T07:00:00Z
2024-07-31,L00141,82704.42,0.05457,300,30,87081.91,2024-08-02T07:00:00Z
2024-08-31,L00141,82547.99,0.05457,300,31,87081.91,2024-09-02T07:00:00Z
2024-09-30,L00141,82390.86,0.05457,300,32,87081.91,2024-10-02T07:00:00Z
2024-10-31,L00141,82233.0,0.05457,300,33,87081.91,2024-11-02T07:00:00Z
2024-11-30,L00141,82074.43,0.05457,300,34,87081.91,2024-12-02T07:00:00Z
2024-12-31,L00141,81915.14,0.05457,300,35,87081.91,2025-01-02T07:00:00Z
2025-01-31,L00141,81755.12,0.05457,300,36,87081.91,2025-02-02T07:00:00Z
2025-02-28,L00141,81594.38,0.05457,300,37,87081.91,2025-03-02T07:00:00Z
2025-03-31,L00141,81432.91,0.05457,300,38,87081.91,2025-04-02T07:00:00Z
2025-04-30,L00141,81270.7,0.05457,300,39,87081.91,2025-05-02T07:00:00Z
2025-05-31,L00141,81107.75,0.05457,300,40,87081.91,2025-06-02T07:00:00Z
2025-06-30,L00141,80944.06,0.05457,300,41,87081.91,2025-07-02T07:00:00Z
2025-07-31,L00141,80779.63,0.05457,300,42,87081.91,2025-08-02T07:00:00Z
2025-08-31,L00141,80614.45,0.05457,300,43,87081.91,2025-09-02T07:00:00Z
2025-09-30,L00141,80448.52,0.05457,300,44,87081.91,2025-10-02T07:00:00Z
2024-01-31,L00142,134700.62,0.04786,180,142,490861.47,2024-02-02T07:00:00Z
2024-02-29,L00142,131410.65,0.04786,180,143,490861.47,2024-03-02T07:00:00Z
2024-03-31,L00142,128107.56,0.04786,180,144,490861.47,2024-04-02T07:00:00Z
2024-04-30,L00142,124791.29,0.04786,180,145,490861.47,2024-05-02T07:00:00Z
2024-05-31,L00142,121461.8,0.04786,180,146,490861.47,2024-06-02T07:00:00Z
2024-06-30,L00142,118119.03,0.04786,180,147,490861.47,2024-07-02T07:00:00Z
2024-07-31,L00142,114762.93,0.04786,180,148,490861.47,2024-08-02T07:00:00Z
2024-08-31,L00142,111393.44,0.04786,180,149,490861.47,2024-09-02T07:00:00Z
2024-09-30,L00142,108010.51,0.04786,180,150,490861.47,2024-10-02T07:00:00Z
2024-10-31,L00142,104614.09,0.04786,180,151,490861.47,2024-11-02T07:00:00Z
2024-11-30,L00142,101204.12,0.04786,180,152,490861.47,2024-12-02T07:00:00Z
2024-12-31,L00142,97780.56,0.04786,180,153,490861.47,2025-01-02T07:00:00Z
2025-01-31,L00142,94343.34,0.04786,180,154,490861.47,2025-02-02T07:00:00Z
2025-02-28,L00142,90892.41,0.04786,180,155,490861.47,2025-03-02T07:00:00Z
2025-03-31,L00142,87427.71,0.04786,180,156,490861.47,2025-04-02T07:00:00Z
2025-04-30,L00142,83949.2,0.04786,180,157,490861.47,2025-05-02T07:00:00Z
2025-05-31,L00142,80456.82,0.04786,180,158,490861.47,2025-06-02T07:00:00Z
2025-06-30,L00142,76950.51,0.04786,180,159,490861.47,2025-07-02T07:00:00Z
2025-07-31,L00142,73430.21,0.04786,180,160,490861.47,2025-08-02T07:00:00Z
2025-08-31,L00142,69895.87,0.04786,180,161,490861.47,2025-09-02T07:00:00Z
2025-09-30,L00142,66347.44,0.04786,180,162,490861.47,2025-10-02T07:00:00Z
2024-01-31,L00143,332767.49,0.05994,360,1,333099.47,2024-02-02T07:00:00Z
2024-02-29,L00143,332433.85,0.05994,360,2,333099.47,2024-03-02T07:00:00Z
2024-03-31,L00143,332098.54,0.05994,360,3,333099.47,2024-04-02T07:00:00Z
2024-04-30,L00143,331761.56,0.05994,360,4,333099.47,2024-05-02T07:00:00Z
2024-05-31,L00143,331422.89,0.05994,360,5,333099.47,2024-06-02T07:00:00Z
2024-06-30,L00143,331082.53,0.05994,360,6,333099.47,2024-07-02T07:00:00Z
2024-07-31,L00143,330740.47,0.05994,360,7,333099.47,2024-08-02T07:00:00Z
2024-08-31,L00143,330396.71,0.05994,360,8,333099.47,2024-09-02T07:00:00Z
2024-09-30,L00143,330051.22,0.05994,360,9,333099.47,2024-10-02T07:00:00Z
2024-10-31,L00143,329704.02,0.05994,360,10,333099.47,2024-11-02T07:00:00Z
2024-11-30,L00143,329355.07,0.05994,360,11,333099.47,2024-12-02T07:00:00Z
2024-12-31,L00143,329004.39,0.05994,360,12,333099.47,2025-01-02T07:00:00Z
2025-01-31,L00143,328651.95,0.05994,360,13,333099.47,2025-02-02T07:00:00Z
2025-02-28,L00143,328297.75,0.05994,360,14,333099.47,2025-03-02T07:00:00Z
2025-03-31,L00143,327941.78,0.05994,360,15,333099.47,2025-04-02T07:00:00Z
2025-04-30,L00143,327584.04,0.05994,360,16,333099.47,2025-05-02T07:00:00Z
2025-05-31,L00143,327224.5,0.05994,360,17,333099.47,2025-06-02T07:00:00Z
2025-06-30,L00143,326863.18,0.05994,360,18,333099.47,2025-07-02T07:00:00Z
2025-07-31,L00143,326500.04,0.05994,360,19,333099.47,2025-08-02T07:00:00Z
2025-08-31,L00143,326135.09,0.05994,360,20,333099.47,2025-09-02T07:00:00Z
2025-09-30,L00143,325768.32,0.05994,360,21,333099.47,2025-10-02T07:00:00Z
2024-01-31,L00144,101818.98,0.04672,240,126,172543.51,2024-02-02T07:00:00Z
2024-02-29,L00144,101107.71,0.04672,240,127,172543.51,2024-03-02T07:00:00Z
2024-03-31,L00144,100393.68,0.04672,240,128,172543.51,2024-04-02T07:00:00Z
2024-04-30,L00144,99676.87,0.04672,240,129,172543.51,2024-05-02T07:00:00Z
2024-05-31,L00144,98957.26,0.04672,240,130,172543.51,2024-06-02T07:00:00Z
2024-06-30,L00144,98234.86,0.04672,240,131,172543.51,2024-07-02T07:00:00Z
2024-07-31,L00144,97509.64,0.04672,240,132,172543.51,2024-08-02T07:00:00Z
2024-08-31,L00144,96781.59,0.04672,240,133,172543.51,2024-09-02T07:00:00Z
2024-09-30,L00144,96050.72,0.04672,240,134,172543.51,2024-10-02T07:00:00Z
2024-10-31,L00144,95316.99,0.04672,240,135,172543.51,2024-11-02T07:00:00Z
2024-11-30,L00144,94580.42,0.04672,240,136,172543.51,2024-12-02T07:00:00Z
2024-12-31,L00144,93840.97,0.04672,240,137,172543.51,2025-01-02T07:00:00Z
2025-01-31,L00144,93098.64,0.04672,240,138,172543.51,2025-02-02T07:00:00Z
2025-02-28,L00144,92353.43,0.04672,240,139,172543.51,2025-03-02T07:00:00Z
2025-03-31,L00144,91605.31,0.04672,240,140,172543.51,2025-04-02T07:00:00Z
2025-04-30,L00144,90854.28,0.04672,240,141,172543.51,2025-05-02T07:00:00Z
2025-05-31,L00144,90100.32,0.04672,240,142,172543.51,2025-06-02T07:00:00Z
2025-06-30,L00144,89343.44,0.04672,240,143,172543.51,2025-07-02T07:00:00Z
2025-07-31,L00144,88583.6,0.04672,240,144,172543.51,2025-08-02T07:00:00Z
2025-08-31,L00144,87820.8,0.04672,240,145,172543.51,2025-09-02T07:00:00Z
2025-09-30,L00144,87055.04,0.04672,240,146,172543.51,2025-10-02T07:00:00Z
2024-01-31,L00145,349533.82,0.05416,360,146,453410.58,2024-02-02T07:00:00Z
2024-02-29,L00145,348560.81,0.05416,360,147,453410.58,2024-03-02T07:00:00Z
2024-03-31,L00145,347583.41,0.05416,360,148,453410.58,2024-04-02T07:00:00Z
2024-04-30,L00145,346601.6,0.05416,360,149,453410.58,2024-05-02T07:00:00Z
2024-05-31,L00145,345615.36,0.05416,360,150,453410.58,2024-06-02T07:00:00Z
2024-06-30,L00145,344624.66,0.05416,360,151,453410.58,2024-07-02T07:00:00Z
2024-07-31,L00145,343629.5,0.05416,360,152,453410.58,2024-08-02T07:00:00Z
2024-08-31,L00145,342629.84,0.05416,360,153,453410.58,2024-09-02T07:00:00Z
2024-09-30,L00145,341625.68,0.05416,360,154,453410.58,2024-10-02T07:00:00Z
2024-10-31,L00145,340616.98,0.05416,360,155,453410.58,2024-11-02T07:00:00Z
2024-11-30,L00145,339603.72,0.05416,360,156,453410.58,2024-12-02T07:00:00Z
2024-12-31,L00145,338585.9,0.05416,360,157,453410.58,2025-01-02T07:00:00Z
2025-01-31,L00145,337563.48,0.05416,360,158,453410.58,2025-02-02T07:00:00Z
2025-02-28,L00145,336536.45,0.05416,360,159,453410.58,2025-03-02T07:00:00Z
2025-03-31,L00145,335504.78,0.05416,360,160,453410.58,2025-04-02T07:00:00Z
2025-04-30,L00145,334468.45,0.05416,360,161,453410.58,2025-05-02T07:00:00Z
2025-05-31,L00145,333427.45,0.05416,360,162,453410.58,2025-06-02T07:00:00Z
2025-06-30,L00145,332381.75,0.05416,360,163,453410.58,2025-07-02T07:00:00Z
2025-07-31,L00145,331331.33,0.05416,360,164,453410.58,2025-08-02T07:00:00Z
2025-08-31,L00145,330276.16,0.05416,360,165,453410.58,2025-09-02T07:00:00Z
2025-09-30,L00145,329216.24,0.05416,360,166,453410.58,2025-10-02T07:00:00Z
2024-01-31,L00146,205719.43,0.05625,240,182,584074.01,2024-02-02T07:00:00Z
2024-02-29,L00146,202624.62,0.05625,240,183,584074.01,2024-03-02T07:00:00Z
2024-03-31,L00146,199515.3,0.05625,240,184,584074.01,2024-04-02T07:00:00Z
2024-04-30,L00146,196391.41,0.05625,240,185,584074.01,2024-05-02T07:00:00Z
2024-05-31,L00146,192536.01,0.05625,240,186,584074.01,2024-06-02T07:00:00Z
2024-06-30,L00146,189394.46,0.05625,240,187,584074.01,2024-07-02T07:00:00Z
2024-07-31,L00146,186238.19,0.05625,240,188,584074.01,2024-08-02T07:00:00Z
2024-08-31,L00146,183067.12,0.05625,240,189,584074.01,2024-09-02T07:00:00Z
2024-09-30,L00146,179881.18,0.05625,240,190,584074.01,2024-10-02T07:00:00Z
2024-10-31,L00146,176680.31,0.05625,240,191,584074.01,2024-11-02T07:00:00Z
2024-11-30,L00146,173464.44,0.05625,240,192,584074.01,2024-12-02T07:00:00Z
2024-12-31,L00146,170233.5,0.05625,240,193,584074.01,2025-01-02T07:00:00Z
2025-01-31,L00146,166987.41,0.05625,240,194,584074.01,2025-02-02T07:00:00Z
2025-02-28,L00146,163726.1,0.05625,240,195,584074.01,2025-03-02T07:00:00Z
2025-03-31,L00146,160449.5,0.05625,240,196,584074.01,2025-04-02T07:00:00Z
2025-04-30,L00146,157157.55,0.05625,240,197,584074.01,2025-05-02T07:00:00Z
2025-05-31,L00146,153850.17,0.05625,240,198,584074.01,2025-06-02T07:00:00Z
2025-06-30,L00146,150527.28,0.05625,240,199,584074.01,2025-07-02T07:00:00Z
2025-07-31,L00146,147188.81,0.05625,240,200,584074.01,2025-08-02T07:00:00Z
2025-08-31,L00146,143834.7,0.05625,240,201,584074.01,2025-09-02T07:00:00Z
2025-09-30,L00146,140464.86,0.05625,240,202,584074.01,2025-10-02T07:00:00Z
2024-01-31,L00147,218708.1,0.06186,180,31,246695.14,2024-02-02T07:00:00Z
2024-02-29,L00147,217728.92,0.06186,180,32,246695.14,2024-03-02T07:00:00Z
2024-03-31,L00147,216744.68,0.06186,180,33,246695.14,2024-04-02T07:00:00Z
2024-04-30,L00147,215755.38,0.06186,180,34,246695.14,2024-05-02T07:00:00Z
2024-05-31,L00147,214760.97,0.06186,180,35,246695.14,2024-06-02T07:00:00Z
2024-06-30,L00147,213761.44,0.06186,180,36,246695.14,2024-07-02T07:00:00Z
2024-07-31,L00147,212756.75,0.06186,180,37,246695.14,2024-08-02T07:00:00Z
2024-08-31,L00147,211746.89,0.06186,180,38,246695.14,2024-09-02T07:00:00Z
2024-09-30,L00147,210731.82,0.06186,180,39,246695.14,2024-10-02T07:00:00Z
2024-10-31,L00147,209711.52,0.06186,180,40,246695.14,2024-11-02T07:00:00Z
2024-11-30,L00147,208685.95,0.06186,180,41,246695.14,2024-12-02T07:00:00Z
2024-12-31,L00147,207655.1,0.06186,180,42,246695.14,2025-01-02T07:00:00Z
2025-01-31,L00147,206618.94,0.06186,180,43,246695.14,2025-02-02T07:00:00Z
2025-02-28,L00147,205577.44,0.06186,180,44,246695.14,2025-03-02T07:00:00Z
2025-03-31,L00147,204530.56,0.06186,180,45,246695.14,2025-04-02T07:00:00Z
2025-04-30,L00147,203478.29,0.06186,180,46,246695.14,2025-05-02T07:00:00Z
2025-05-31,L00147,202420.6,0.06186,180,47,246695.14,2025-06-02T07:00:00Z
2025-06-30,L00147,201357.45,0.06186,180,48,246695.14,2025-07-02T07:00:00Z
2025-07-31,L00147,200288.82,0.06186,180,49,246695.14,2025-08-02T07:00:00Z
2025-08-31,L00147,199214.69,0.06186,180,50,246695.14,2025-09-02T07:00:00Z
2025-09-30,L00147,198135.02,0.06186,180,51,246695.14,2025-10-02T07:00:00Z
2024-01-31,L00148,142490.7,0.06328,360,144,178281.26,2024-02-02T07:00:00Z
2024-02-29,L00148,142135.34,0.06328,360,145,178281.26,2024-03-02T07:00:00Z
2024-03-31,L00148,141778.09,0.06328,360,146,178281.26,2024-04-02T07:00:00Z
2024-04-30,L00148,141418.97,0.06328,360,147,178281.26,2024-05-02T07:00:00Z
2024-05-31,L00148,141057.95,0.06328,360,148,178281.26,2024-06-02T07:00:00Z
2024-06-30,L00148,140695.03,0.06328,360,149,178281.26,2024-07-02T07:00:00Z
2024-07-31,L00148,140330.19,0.06328,360,150,178281.26,2024-08-02T07:00:00Z
2024-08-31,L00148,139963.43,0.06328,360,151,178281.26,2024-09-02T07:00:00Z
2024-09-30,L00148,139594.73,0.06328,360,152,178281.26,2024-10-02T07:00:00Z
2024-10-31,L00148,139224.1,0.06328,360,153,178281.26,2024-11-02T07:00:00Z
2024-11-30,L00148,138851.5,0.06328,360,154,178281.26,2024-12-02T07:00:00Z
2024-12-31,L00148,138476.94,0.06328,360,155,178281.26,2025-01-02T07:00:00Z
2025-01-31,L00148,138100.41,0.06328,360,156,178281.26,2025-02-02T07:00:00Z
2025-02-28,L00148,137721.89,0.06328,360,157,178281.26,2025-03-02T07:00:00Z
2025-03-31,L00148,137341.38,0.06328,360,158,178281.26,2025-04-02T07:00:00Z
2025-04-30,L00148,136958.85,0.06328,360,159,178281.26,2025-05-02T07:00:00Z
2025-05-31,L00148,136574.32,0.06328,360,160,178281.26,2025-06-02T07:00:00Z
2025-06-30,L00148,136187.75,0.06328,360,161,178281.26,2025-07-02T07:00:00Z
2025-07-31,L00148,135799.14,0.06328,360,162,178281.26,2025-08-02T07:00:00Z
2025-08-31,L00148,135408.49,0.06328,360,163,178281.26,2025-09-02T07:00:00Z
2025-09-30,L00148,135015.78,0.06328,360,164,178281.26,2025-10-02T07:00:00Z
2024-01-31,L00149,183772.14,0.05277,360,70,202685.05,2024-02-02T07:00:00Z
2024-02-29,L00149,183457.65,0.05277,360,71,202685.05,2024-03-02T07:00:00Z
2024-03-31,L00149,183141.78,0.05277,360,72,202685.05,2024-04-02T07:00:00Z
2024-04-30,L00149,182824.52,0.05277,360,73,202685.05,2024-05-02T07:00:00Z
2024-05-31,L00149,182505.86,0.05277,360,74,202685.05,2024-06-02T07:00:00Z
2024-06-30,L00149,182185.81,0.05277,360,75,202685.05,2024-07-02T07:00:00Z
2024-07-31,L00149,181864.34,0.05277,360,76,202685.05,2024-08-02T07:00:00Z
2024-08-31,L00149,181541.46,0.05277,360,77,202685.05,2024-09-02T07:00:00Z
2024-09-30,L00149,181217.17,0.05277,360,78,202685.05,2024-10-02T07:00:00Z
2024-10-31,L00149,180891.44,0.05277,360,79,202685.05,2024-11-02T07:00:00Z
2024-11-30,L00149,180564.29,0.05277,360,80,202685.05,2024-12-02T07:00:00Z
2024-12-31,L00149,180235.69,0.05277,360,81,202685.05,2025-01-02T07:00:00Z
2025-01-31,L00149,179905.65,0.05277,360,82,202685.05,2025-02-02T07:00:00Z
2025-02-28,L00149,179574.16,0.05277,360,83,202685.05,2025-03-02T07:00:00Z
2025-03-31,L00149,175615.3,0.05277,360,84,202685.05,2025-04-02T07:00:00Z
2025-04-30,L00149,175287.65,0.05277,360,85,202685.05,2025-05-02T07:00:00Z
2025-05-31,L00149,174958.56,0.05277,360,86,202685.05,2025-06-02T07:00:00Z
2025-06-30,L00149,174628.03,0.05277,360,87,202685.05,2025-07-02T07:00:00Z
2025-07-31,L00149,174296.04,0.05277,360,88,202685.05,2025-08-02T07:00:00Z
2025-08-31,L00149,169001.24,0.05277,360,89,202685.05,2025-09-02T07:00:00Z
2025-09-30,L00149,168675.88,0.05277,360,90,202685.05,2025-10-02T07:00:00Z
2024-01-31,L00150,172712.29,0.05996,360,137,214628.55,2024-02-02T07:00:00Z
2024-02-29,L00150,172289.02,0.05996,360,138,214628.55,2024-03-02T07:00:00Z
2024-03-31,L00150,171863.64,0.05996,360,139,214628.55,2024-04-02T07:00:00Z
2024-04-30,L00150,171436.13,0.05996,360,140,214628.55,2024-05-02T07:00:00Z
2024-05-31,L00150,171006.48,0.05996,360,141,214628.55,2024-06-02T07:00:00Z
2024-06-30,L00150,170574.69,0.05996,360,142,214628.55,2024-07-02T07:00:00Z
2024-07-31,L00150,170140.74,0.05996,360,143,214628.55,2024-08-02T07:00:00Z
2024-08-31,L00150,169704.62,0.05996,360,144,214628.55,2024-09-02T07:00:00Z
2024-09-30,L00150,169266.32,0.05996,360,145,214628.55,2024-10-02T07:00:00Z
2024-10-31,L00150,168825.84,0.05996,360,146,214628.55,2024-11-02T07:00:00Z
2024-11-30,L00150,168383.15,0.05996,360,147,214628.55,2024-12-02T07:00:00Z
2024-12-31,L00150,167938.25,0.05996,360,148,214628.55,2025-01-02T07:00:00Z
2025-01-31,L00150,167491.12,0.05996,360,149,214628.55,2025-02-02T07:00:00Z
2025-02-28,L00150,167041.77,0.05996,360,150,214628.55,2025-03-02T07:00:00Z
2025-03-31,L00150,166590.16,0.05996,360,151,214628.55,2025-04-02T07:00:00Z
2025-04-30,L00150,166136.3,0.05996,360,152,214628.55,2025-05-02T07:00:00Z
2025-05-31,L00150,165680.18,0.05996,360,153,214628.55,2025-06-02T07:00:00Z
2025-06-30,L00150,165221.77,0.05996,360,154,214628.55,2025-07-02T07:00:00Z
2025-07-31,L00150,164761.08,0.05996,360,155,214628.55,2025-08-02T07:00:00Z
2025-08-31,L00150,164298.08,0.05996,360,156,214628.55,2025-09-02T07:00:00Z
2025-09-30,L00150,163832.76,0.05996,360,157,214628.55,2025-10-02T07:00:00Z
2024-01-31,L00151,222805.86,0.06914,180,33,251805.04,2024-02-02T07:00:00Z
2024-02-29,L00151,221838.39,0.06914,180,34,251805.04,2024-03-02T07:00:00Z
2024-03-31,L00151,220865.34,0.06914,180,35,251805.04,2024-04-02T07:00:00Z
2024-04-30,L00151,219886.69,0.06914,180,36,251805.04,2024-05-02T07:00:00Z
2024-05-31,L00151,218902.4,0.06914,180,37,251805.04,2024-06-02T07:00:00Z
2024-06-30,L00151,217912.43,0.06914,180,38,251805.04,2024-07-02T07:00:00Z
2024-07-31,L00151,216916.77,0.06914,180,39,251805.04,2024-08-02T07:00:00Z
2024-08-31,L00151,215915.37,0.06914,180,40,251805.04,2024-09-02T07:00:00Z
2024-09-30,L00151,214908.19,0.06914,180,41,251805.04,2024-10-02T07:00:00Z
2024-10-31,L00151,213895.22,0.06914,180,42,251805.04,2024-11-02T07:00:00Z
2024-11-30,L00151,212876.4,0.06914,180,43,251805.04,2024-12-02T07:00:00Z
2024-12-31,L00151,211851.72,0.06914,180,44,251805.04,2025-01-02T07:00:00Z
2025-01-31,L00151,210821.14,0.06914,180,45,251805.04,2025-02-02T07:00:00Z
2025-02-28,L00151,209784.61,0.06914,180,46,251805.04,2025-03-02T07:00:00Z
2025-03-31,L00151,208742.11,0.06914,180,47,251805.04,2025-04-02T07:00:00Z
2025-04-30,L00151,207693.61,0.06914,180,48,251805.04,2025-05-02T07:00:00Z
2025-05-31,L00151,206639.07,0.06914,180,49,251805.04,2025-06-02T07:00:00Z
2025-06-30,L00151,205578.45,0.06914,180,50,251805.04,2025-07-02T07:00:00Z
2025-07-31,L00151,204511.72,0.06914,180,51,251805.04,2025-08-02T07:00:00Z
2025-08-31,L00151,203438.84,0.06914,180,52,251805.04,2025-09-02T07:00:00Z
2025-09-30,L00151,202359.78,0.06914,180,53,251805.04,2025-10-02T07:00:00Z
2024-01-31,L00152,86826.95,0.07527,360,23,88436.65,2024-02-02T07:00:00Z
2024-02-29,L00152,86751.57,0.07527,360,24,88436.65,2024-03-02T07:00:00Z
2024-03-31,L00152,86675.72,0.07527,360,25,88436.65,2024-04-02T07:00:00Z
2024-04-30,L00152,86599.4,0.07527,360,26,88436.65,2024-05-02T07:00:00Z
2024-05-31,L00152,86522.6,0.07527,360,27,88436.65,2024-06-02T07:00:00Z
2024-06-30,L00152,86445.31,0.07527,360,28,88436.65,2024-07-02T07:00:00Z
2024-07-31,L00152,86367.54,0.07527,360,29,88436.65,2024-08-02T07:00:00Z
2024-08-31,L00152,86289.28,0.07527,360,30,88436.65,2024-09-02T07:00:00Z
2024-09-30,L00152,86210.54,0.07527,360,31,88436.65,2024-10-02T07:00:00Z
2024-10-31,L00152,86131.29,0.07527,360,32,88436.65,2024-11-02T07:00:00Z
2024-11-30,L00152,86051.55,0.07527,360,33,88436.65,2024-12-02T07:00:00Z
2024-12-31,L00152,85971.32,0.07527,360,34,88436.65,2025-01-02T07:00:00Z
2025-01-31,L00152,85890.57,0.07527,360,35,88436.65,2025-02-02T07:00:00Z
2025-02-28,L00152,85809.32,0.07527,360,36,88436.65,2025-03-02T07:00:00Z
2025-03-31,L00152,85727.56,0.07527,360,37,88436.65,2025-04-02T07:00:00Z
2025-04-30,L00152,85645.29,0.07527,360,38,88436.65,2025-05-02T07:00:00Z
2025-05-31,L00152,85562.51,0.07527,360,39,88436.65,2025-06-02T07:00:00Z
2025-06-30,L00152,85479.2,0.07527,360,40,88436.65,2025-07-02T07:00:00Z
2025-07-31,L00152,85395.37,0.07527,360,41,88436.65,2025-08-02T07:00:00Z
2025-08-31,L00152,85311.01,0.07527,360,42,88436.65,2025-09-02T07:00:00Z
2025-09-30,L00152,85226.13,0.07527,360,43,88436.65,2025-10-02T07:00:00Z
2024-01-31,L00153,373045.93,0.06466,360,83,412173.43,2024-02-02T07:00:00Z
2024-02-29,L00153,372460.02,0.06466,360,84,412173.43,2024-03-02T07:00:00Z
2024-03-31,L00153,371870.95,0.06466,360,85,412173.43,2024-04-02T07:00:00Z
2024-04-30,L00153,371278.71,0.06466,360,86,412173.43,2024-05-02T07:00:00Z
2024-05-31,L00153,370683.27,0.06466,360,87,412173.43,2024-06-02T07:00:00Z
2024-06-30,L00153,370084.63,0.06466,360,88,412173.43,2024-07-02T07:00:00Z
2024-07-31,L00153,369482.76,0.06466,360,89,412173.43,2024-08-02T07:00:00Z
2024-08-31,L00153,368877.65,0.06466,360,90,412173.43,2024-09-02T07:00:00Z
2024-09-30,L00153,368269.28,0.06466,360,91,412173.43,2024-10-02T07:00:00Z
2024-10-31,L00153,367657.63,0.06466,360,92,412173.43,2024-11-02T07:00:00Z
2024-11-30,L00153,367042.69,0.06466,360,93,412173.43,2024-12-02T07:00:00Z
2024-12-31,L00153,366424.43,0.06466,360,94,412173.43,2025-01-02T07:00:00Z
2025-01-31,L00153,365802.84,0.06466,360,95,412173.43,2025-02-02T07:00:00Z
2025-02-28,L00153,365177.9,0.06466,360,96,412173.43,2025-03-02T07:00:00Z
2025-03-31,L00153,364549.59,0.06466,360,97,412173.43,2025-04-02T07:00:00Z
2025-04-30,L00153,363917.9,0.06466,360,98,412173.43,2025-05-02T07:00:00Z
2025-05-31,L00153,363282.8,0.06466,360,99,412173.43,2025-06-02T07:00:00Z
2025-06-30,L00153,362644.28,0.06466,360,100,412173.43,2025-07-02T07:00:00Z
2025-07-31,L00153,362002.33,0.06466,360,101,412173.43,2025-08-02T07:00:00Z
2025-08-31,L00153,361356.91,0.06466,360,102,412173.43,2025-09-02T07:00:00Z
2025-09-30,L00153,360708.01,0.06466,360,103,412173.43,2025-10-02T07:00:00Z
2024-01-31,L00154,176587.52,0.02909,180,6,181448.47,2024-02-02T07:00:00Z
2024-02-29,L00154,175770.47,0.02909,180,7,181448.47,2024-03-02T07:00:00Z
2024-03-31,L00154,174951.45,0.02909,180,8,181448.47,2024-04-02T07:00:00Z
2024-04-30,L00154,174130.43,0.02909,180,9,181448.47,2024-05-02T07:00:00Z
2024-05-31,L00154,173307.43,0.02909,180,10,181448.47,2024-06-02T07:00:00Z
2024-06-30,L00154,172482.43,0.02909,180,11,181448.47,2024-07-02T07:00:00Z
2024-07-31,L00154,171655.44,0.02909,180,12,181448.47,2024-08-02T07:00:00Z
2024-08-31,L00154,170826.43,0.02909,180,13,181448.47,2024-09-02T07:00:00Z
2024-09-30,L00154,169995.42,0.02909,180,14,181448.47,2024-10-02T07:00:00Z
2024-10-31,L00154,169162.39,0.02909,180,15,181448.47,2024-11-02T07:00:00Z
2024-11-30,L00154,168327.35,0.02909,180,16,181448.47,2024-12-02T07:00:00Z
2024-12-31,L00154,166924.57,0.02909,180,17,181448.47,2025-01-02T07:00:00Z
2025-01-31,L00154,166088.3,0.02909,180,18,181448.47,2025-02-02T07:00:00Z
2025-02-28,L00154,165250.01,0.02909,180,19,181448.47,2025-03-02T07:00:00Z
2025-03-31,L00154,164409.68,0.02909,180,20,181448.47,2025-04-02T07:00:00Z
2025-04-30,L00154,163567.32,0.02909,180,21,181448.47,2025-05-02T07:00:00Z
2025-05-31,L00154,157696.45,0.02909,180,22,181448.47,2025-06-02T07:00:00Z
2025-06-30,L00154,156876.15,0.02909,180,23,181448.47,2025-07-02T07:00:00Z
2025-07-31,L00154,156053.86,0.02909,180,24,181448.47,2025-08-02T07:00:00Z
2025-08-31,L00154,155229.57,0.02909,180,25,181448.47,2025-09-02T07:00:00Z
2025-09-30,L00154,154403.29,0.02909,180,26,181448.47,2025-10-02T07:00:00Z
2024-01-31,L00155,425965.53,0.04556,360,133,549629.67,2024-02-02T07:00:00Z
2024-02-29,L00155,424779.56,0.04556,360,134,549629.67,2024-03-02T07:00:00Z
2024-03-31,L00155,423589.1,0.04556,360,135,549629.67,2024-04-02T07:00:00Z
2024-04-30,L00155,422394.11,0.04556,360,136,549629.67,2024-05-02T07:00:00Z
2024-05-31,L00155,421194.59,0.04556,360,137,549629.67,2024-06-02T07:00:00Z
2024-06-30,L00155,419990.52,0.04556,360,138,549629.67,2024-07-02T07:00:00Z
2024-07-31,L00155,418781.87,0.04556,360,139,549629.67,2024-08-02T07:00:00Z
2024-08-31,L00155,417568.64,0.04556,360,140,549629.67,2024-09-02T07:00:00Z
2024-09-30,L00155,416350.79,0.04556,360,141,549629.67,2024-10-02T07:00:00Z
2024-10-31,L00155,415128.33,0.04556,360,142,549629.67,2024-11-02T07:00:00Z
2024-11-30,L00155,413901.22,0.04556,360,143,549629.67,2024-12-02T07:00:00Z
2024-12-31,L00155,412669.45,0.04556,360,144,549629.67,2025-01-02T07:00:00Z
2025-01-31,L00155,411433.01,0.04556,360,145,549629.67,2025-02-02T07:00:00Z
2025-02-28,L00155,410191.87,0.04556,360,146,549629.67,2025-03-02T07:00:00Z
2025-03-31,L00155,408946.03,0.04556,360,147,549629.67,2025-04-02T07:00:00Z
2025-04-30,L00155,407695.45,0.04556,360,148,549629.67,2025-05-02T07:00:00Z
2025-05-31,L00155,406440.12,0.04556,360,149,549629.67,2025-06-02T07:00:00Z
2025-06-30,L00155,405180.03,0.04556,360,150,549629.67,2025-07-02T07:00:00Z
2025-07-31,L00155,403915.15,0.04556,360,151,549629.67,2025-08-02T07:00:00Z
2025-08-31,L00155,402645.47,0.04556,360,152,549629.67,2025-09-02T07:00:00Z
2025-09-30,L00155,401370.97,0.04556,360,153,549629.67,2025-10-02T07:00:00Z
2024-01-31,L00156,498371.0,0.06174,360,3,499822.17,2024-02-02T07:00:00Z
2024-02-29,L00156,497882.29,0.06174,360,4,499822.17,2024-03-02T07:00:00Z
2024-03-31,L00156,497391.07,0.06174,360,5,499822.17,2024-04-02T07:00:00Z
2024-04-30,L00156,496897.32,0.06174,360,6,499822.17,2024-05-02T07:00:00Z
2024-05-31,L00156,496401.03,0.06174,360,7,499822.17,2024-06-02T07:00:00Z
2024-06-30,L00156,495902.18,0.06174,360,8,499822.17,2024-07-02T07:00:00Z
2024-07-31,L00156,495400.77,0.06174,360,9,499822.17,2024-08-02T07:00:00Z
2024-08-31,L00156,494896.78,0.06174,360,10,499822.17,2024-09-02T07:00:00Z
2024-09-30,L00156,494390.19,0.06174,360,11,499822.17,2024-10-02T07:00:00Z
2024-10-31,L00156,493881.0,0.06174,360,12,499822.17,2024-11-02T07:00:00Z
2024-11-30,L00156,493369.19,0.06174,360,13,499822.17,2024-12-02T07:00:00Z
2024-12-31,L00156,492854.75,0.06174,360,14,499822.17,2025-01-02T07:00:00Z
2025-01-31,L00156,492337.66,0.06174,360,15,499822.17,2025-02-02T07:00:00Z
2025-02-28,L00156,491817.91,0.06174,360,16,499822.17,2025-03-02T07:00:00Z
2025-03-31,L00156,491295.48,0.06174,360,17,499822.17,2025-04-02T07:00:00Z
2025-04-30,L00156,490770.37,0.06174,360,18,499822.17,2025-05-02T07:00:00Z
2025-05-31,L00156,490242.56,0.06174,360,19,499822.17,2025-06-02T07:00:00Z
2025-06-30,L00156,489712.03,0.06174,360,20,499822.17,2025-07-02T07:00:00Z
2025-07-31,L00156,489178.77,0.06174,360,21,499822.17,2025-08-02T07:00:00Z
2025-08-31,L00156,488642.76,0.06174,360,22,499822.17,2025-09-02T07:00:00Z
2025-09-30,L00156,488104.0,0.06174,360,23,499822.17,2025-10-02T07:00:00Z
2024-01-31,L00157,412336.61,0.05267,360,32,429155.64,2024-02-02T07:00:00Z
2024-02-29,L00157,411772.09,0.05267,360,33,429155.64,2024-03-02T07:00:00Z
2024-03-31,L00157,411205.09,0.05267,360,34,429155.64,2024-04-02T07:00:00Z
2024-04-30,L00157,410635.6,0.05267,360,35,429155.64,2024-05-02T07:00:00Z
2024-05-31,L00157,410063.62,0.05267,360,36,429155.64,2024-06-02T07:00:00Z
2024-06-30,L00157,409489.12,0.05267,360,37,429155.64,2024-07-02T07:00:00Z
2024-07-31,L00157,408912.1,0.05267,360,38,429155.64,2024-08-02T07:00:00Z
2024-08-31,L00157,408332.55,0.05267,360,39,429155.64,2024-09-02T07:00:00Z
2024-09-30,L00157,407750.46,0.05267,360,40,429155.64,2024-10-02T07:00:00Z
2024-10-31,L00157,407165.81,0.05267,360,41,429155.64,2024-11-02T07:00:00Z
2024-11-30,L00157,406578.59,0.05267,360,42,429155.64,2024-12-02T07:00:00Z
2024-12-31,L00157,405988.8,0.05267,360,43,429155.64,2025-01-02T07:00:00Z
2025-01-31,L00157,405396.42,0.05267,360,44,429155.64,2025-02-02T07:00:00Z
2025-02-28,L00157,404801.44,0.05267,360,45,429155.64,2025-03-02T07:00:00Z
2025-03-31,L00157,404203.84,0.05267,360,46,429155.64,2025-04-02T07:00:00Z
2025-04-30,L00157,403603.63,0.05267,360,47,429155.64,2025-05-02T07:00:00Z
2025-05-31,L00157,403000.78,0.05267,360,48,429155.64,2025-06-02T07:00:00Z
2025-06-30,L00157,402395.28,0.05267,360,49,429155.64,2025-07-02T07:00:00Z
2025-07-31,L00157,401787.13,0.05267,360,50,429155.64,2025-08-02T07:00:00Z
2025-08-31,L00157,401176.3,0.05267,360,51,429155.64,2025-09-02T07:00:00Z
2025-09-30,L00157,400562.8,0.05267,360,52,429155.64,2025-10-02T07:00:00Z
2024-01-31,L00158,369329.62,0.06337,360,159,480606.65,2024-02-02T07:00:00Z
2024-02-29,L00158,368293.56,0.06337,360,160,480606.65,2024-03-02T07:00:00Z
2024-03-31,L00158,367252.03,0.06337,360,161,480606.65,2024-04-02T07:00:00Z
2024-04-30,L00158,366205.0,0.06337,360,162,480606.65,2024-05-02T07:00:00Z
2024-05-31,L00158,365152.44,0.06337,360,163,480606.65,2024-06-02T07:00:00Z
2024-06-30,L00158,364094.33,0.06337,360,164,480606.65,2024-07-02T07:00:00Z
2024-07-31,L00158,363030.62,0.06337,360,165,480606.65,2024-08-02T07:00:00Z
2024-08-31,L00158,361961.3,0.06337,360,166,480606.65,2024-09-02T07:00:00Z
2024-09-30,L00158,360886.33,0.06337,360,167,480606.65,2024-10-02T07:00:00Z
2024-10-31,L00158,359805.69,0.06337,360,168,480606.65,2024-11-02T07:00:00Z
2024-11-30,L00158,358719.34,0.06337,360,169,480606.65,2024-12-02T07:00:00Z
2024-12-31,L00158,357627.25,0.06337,360,170,480606.65,2025-01-02T07:00:00Z
2025-01-31,L00158,356529.39,0.06337,360,171,480606.65,2025-02-02T07:00:00Z
2025-02-28,L00158,355425.74,0.06337,360,172,480606.65,2025-03-02T07:00:00Z
2025-03-31,L00158,354316.26,0.06337,360,173,480606.65,2025-04-02T07:00:00Z
2025-04-30,L00158,353200.92,0.06337,360,174,480606.65,2025-05-02T07:00:00Z
2025-05-31,L00158,352079.69,0.06337,360,175,480606.65,2025-06-02T07:00:00Z
2025-06-30,L00158,350952.54,0.06337,360,176,480606.65,2025-07-02T07:00:00Z
2025-07-31,L00158,349819.43,0.06337,360,177,480606.65,2025-08-02T07:00:00Z
2025-08-31,L00158,348680.34,0.06337,360,178,480606.65,2025-09-02T07:00:00Z
2025-09-30,L00158,347535.24,0.06337,360,179,480606.65,2025-10-02T07:00:00Z
2024-01-31,L00159,342310.49,0.05558,360,157,455880.41,2024-02-02T07:00:00Z
2024-02-29,L00159,341290.9,0.05558,360,158,455880.41,2024-03-02T07:00:00Z
2024-03-31,L00159,340266.6,0.05558,360,159,455880.41,2024-04-02T07:00:00Z
2024-04-30,L00159,339237.54,0.05558,360,160,455880.41,2024-05-02T07:00:00Z
2024-05-31,L00159,338203.73,0.05558,360,161,455880.41,2024-06-02T07:00:00Z
2024-06-30,L00159,337165.12,0.05558,360,162,455880.41,2024-07-02T07:00:00Z
2024-07-31,L00159,336121.71,0.05558,360,163,455880.41,2024-08-02T07:00:00Z
2024-08-31,L00159,335073.46,0.05558,360,164,455880.41,2024-09-02T07:00:00Z
2024-09-30,L00159,334020.35,0.05558,360,165,455880.41,2024-10-02T07:00:00Z
2024-10-31,L00159,332962.37,0.05558,360,166,455880.41,2024-11-02T07:00:00Z
2024-11-30,L00159,331899.49,0.05558,360,167,455880.41,2024-12-02T07:00:00Z
2024-12-31,L00159,330831.68,0.05558,360,168,455880.41,2025-01-02T07:00:00Z
2025-01-31,L00159,329758.93,0.05558,360,169,455880.41,2025-02-02T07:00:00Z
2025-02-28,L00159,328681.21,0.05558,360,170,455880.41,2025-03-02T07:00:00Z
2025-03-31,L00159,327598.5,0.05558,360,171,455880.41,2025-04-02T07:00:00Z
2025-04-30,L00159,326510.78,0.05558,360,172,455880.41,2025-05-02T07:00:00Z
2025-05-31,L00159,325418.01,0.05558,360,173,455880.41,2025-06-02T07:00:00Z
2025-06-30,L00159,324320.19,0.05558,360,174,455880.41,2025-07-02T07:00:00Z
2025-07-31,L00159,323217.28,0.05558,360,175,455880.41,2025-08-02T07:00:00Z
2025-08-31,L00159,322109.26,0.05558,360,176,455880.41,2025-09-02T07:00:00Z
2025-09-30,L00159,320996.11,0.05558,360,177,455880.41,2025-10-02T07:00:00Z
2024-01-31,L00160,160373.42,0.06524,240,100,219443.53,2024-02-02T07:00:00Z
2024-02-29,L00160,159606.1,0.06524,240,101,219443.53,2024-03-02T07:00:00Z
2024-03-31,L00160,158834.61,0.06524,240,102,219443.53,2024-04-02T07:00:00Z
2024-04-30,L00160,158058.93,0.06524,240,103,219443.53,2024-05-02T07:00:00Z
2024-05-31,L00160,157279.03,0.06524,240,104,219443.53,2024-06-02T07:00:00Z
2024-06-30,L00160,156494.88,0.06524,240,105,219443.53,2024-07-02T07:00:00Z
2024-07-31,L00160,155706.48,0.06524,240,106,219443.53,2024-08-02T07:00:00Z
2024-08-31,L00160,154913.79,0.06524,240,107,219443.53,2024-09-02T07:00:00Z
2024-09-30,L00160,154116.79,0.06524,240,108,219443.53,2024-10-02T07:00:00Z
2024-10-31,L00160,153315.46,0.06524,240,109,219443.53,2024-11-02T07:00:00Z
2024-11-30,L00160,152509.77,0.06524,240,110,219443.53,2024-12-02T07:00:00Z
2024-12-31,L00160,151699.7,0.06524,240,111,219443.53,2025-01-02T07:00:00Z
2025-01-31,L00160,150885.23,0.06524,240,112,219443.53,2025-02-02T07:00:00Z
2025-02-28,L00160,150066.33,0.06524,240,113,219443.53,2025-03-02T07:00:00Z
2025-03-31,L00160,149242.97,0.06524,240,114,219443.53,2025-04-02T07:00:00Z
2025-04-30,L00160,148415.14,0.06524,240,115,219443.53,2025-05-02T07:00:00Z
2025-05-31,L00160,147582.81,0.06524,240,116,219443.53,2025-06-02T07:00:00Z
2025-06-30,L00160,146745.96,0.06524,240,117,219443.53,2025-07-02T07:00:00Z
2025-07-31,L00160,145904.55,0.06524,240,118,219443.53,2025-08-02T07:00:00Z
2025-08-31,L00160,145058.57,0.06524,240,119,219443.53,2025-09-02T07:00:00Z
2025-09-30,L00160,144207.99,0.06524,240,120,219443.53,2025-10-02T07:00:00Z
2024-01-31,L00161,432082.62,0.06695,360,165,564558.86,2024-02-02T07:00:00Z
2024-02-29,L00161,430852.18,0.06695,360,166,564558.86,2024-03-02T07:00:00Z
2024-03-31,L00161,429614.88,0.06695,360,167,564558.86,2024-04-02T07:00:00Z
2024-04-30,L00161,428370.67,0.06695,360,168,564558.86,2024-05-02T07:00:00Z
2024-05-31,L00161,427119.52,0.06695,360,169,564558.86,2024-06-02T07:00:00Z
2024-06-30,L00161,425861.39,0.06695,360,170,564558.86,2024-07-02T07:00:00Z
2024-07-31,L00161,424596.24,0.06695,360,171,564558.86,2024-08-02T07:00:00Z
2024-08-31,L00161,423324.03,0.06695,360,172,564558.86,2024-09-02T07:00:00Z
2024-09-30,L00161,422044.72,0.06695,360,173,564558.86,2024-10-02T07:00:00Z
2024-10-31,L00161,420758.28,0.06695,360,174,564558.86,2024-11-02T07:00:00Z
2024-11-30,L00161,419464.66,0.06695,360,175,564558.86,2024-12-02T07:00:00Z
2024-12-31,L00161,418163.82,0.06695,360,176,564558.86,2025-01-02T07:00:00Z
2025-01-31,L00161,416855.72,0.06695,360,177,564558.86,2025-02-02T07:00:00Z
2025-02-28,L00161,415540.33,0.06695,360,178,564558.86,2025-03-02T07:00:00Z
2025-03-31,L00161,414217.6,0.06695,360,179,564558.86,2025-04-02T07:00:00Z
2025-04-30,L00161,412887.48,0.06695,360,180,564558.86,2025-05-02T07:00:00Z
2025-05-31,L00161,411549.95,0.06695,360,181,564558.86,2025-06-02T07:00:00Z
2025-06-30,L00161,410204.95,0.06695,360,182,564558.86,2025-07-02T07:00:00Z
2025-07-31,L00161,408852.45,0.06695,360,183,564558.86,2025-08-02T07:00:00Z
2025-08-31,L00161,407492.41,0.06695,360,184,564558.86,2025-09-02T07:00:00Z
2025-09-30,L00161,406124.77,0.06695,360,185,564558.86,2025-10-02T07:00:00Z
2024-01-31,L00162,327448.73,0.05991,300,180,564483.85,2024-02-02T07:00:00Z
2024-02-29,L00162,325449.64,0.05991,300,181,564483.85,2024-03-02T07:00:00Z
2024-03-31,L00162,323440.58,0.05991,300,182,564483.85,2024-04-02T07:00:00Z
2024-04-30,L00162,321421.48,0.05991,300,183,564483.85,2024-05-02T07:00:00Z
2024-05-31,L00162,319392.31,0.05991,300,184,564483.85,2024-06-02T07:00:00Z
2024-06-30,L00162,317353.0,0.05991,300,185,564483.85,2024-07-02T07:00:00Z
2024-07-31,L00162,315303.51,0.05991,300,186,564483.85,2024-08-02T07:00:00Z
2024-08-31,L00162,311636.09,0.05991,300,187,564483.85,2024-09-02T07:00:00Z
2024-09-30,L00162,309576.71,0.05991,300,188,564483.85,2024-10-02T07:00:00Z
2024-10-31,L00162,307507.05,0.05991,300,189,564483.85,2024-11-02T07:00:00Z
2024-11-30,L00162,305427.06,0.05991,300,190,564483.85,2024-12-02T07:00:00Z
2024-12-31,L00162,303336.68,0.05991,300,191,564483.85,2025-01-02T07:00:00Z
2025-01-31,L00162,301235.87,0.05991,300,192,564483.85,2025-02-02T07:00:00Z
2025-02-28,L00162,299124.57,0.05991,300,193,564483.85,2025-03-02T07:00:00Z
2025-03-31,L00162,297002.73,0.05991,300,194,564483.85,2025-04-02T07:00:00Z
2025-04-30,L00162,294870.29,0.05991,300,195,564483.85,2025-05-02T07:00:00Z
2025-05-31,L00162,292727.21,0.05991,300,196,564483.85,2025-06-02T07:00:00Z
2025-06-30,L00162,290573.43,0.05991,300,197,564483.85,2025-07-02T07:00:00Z
2025-07-31,L00162,288408.89,0.05991,300,198,564483.85,2025-08-02T07:00:00Z
2025-08-31,L00162,286233.55,0.05991,300,199,564483.85,2025-09-02T07:00:00Z
2025-09-30,L00162,284047.35,0.05991,300,200,564483.85,2025-10-02T07:00:00Z
2024-01-31,L00163,202145.46,0.06027,300,150,297490.1,2024-02-02T07:00:00Z
2024-02-29,L00163,201239.09,0.06027,300,151,297490.1,2024-03-02T07:00:00Z
2024-03-31,L00163,200328.17,0.06027,300,152,297490.1,2024-04-02T07:00:00Z
2024-04-30,L00163,199412.67,0.06027,300,153,297490.1,2024-05-02T07:00:00Z
2024-05-31,L00163,198492.57,0.06027,300,154,297490.1,2024-06-02T07:00:00Z
2024-06-30,L00163,197567.86,0.06027,300,155,297490.1,2024-07-02T07:00:00Z
2024-07-31,L00163,196638.49,0.06027,300,156,297490.1,2024-08-02T07:00:00Z
2024-08-31,L00163,195704.47,0.06027,300,157,297490.1,2024-09-02T07:00:00Z
2024-09-30,L00163,194765.75,0.06027,300,158,297490.1,2024-10-02T07:00:00Z
2024-10-31,L00163,193822.31,0.06027,300,159,297490.1,2024-11-02T07:00:00Z
2024-11-30,L00163,192874.14,0.06027,300,160,297490.1,2024-12-02T07:00:00Z
2024-12-31,L00163,191921.2,0.06027,300,161,297490.1,2025-01-02T07:00:00Z
2025-01-31,L00163,190963.48,0.06027,300,162,297490.1,2025-02-02T07:00:00Z
2025-02-28,L00163,190000.95,0.06027,300,163,297490.1,2025-03-02T07:00:00Z
2025-03-31,L00163,189033.58,0.06027,300,164,297490.1,2025-04-02T07:00:00Z
2025-04-30,L00163,185178.01,0.06027,300,165,297490.1,2025-05-02T07:00:00Z
2025-05-31,L00163,184215.88,0.06027,300,166,297490.1,2025-06-02T07:00:00Z
2025-06-30,L00163,183248.92,0.06027,300,167,297490.1,2025-07-02T07:00:00Z
2025-07-31,L00163,182277.1,0.06027,300,168,297490.1,2025-08-02T07:00:00Z
2025-08-31,L00163,181300.41,0.06027,300,169,297490.1,2025-09-02T07:00:00Z
2025-09-30,L00163,180318.81,0.06027,300,170,297490.1,2025-10-02T07:00:00Z
2024-01-31,L00164,328999.92,0.06904,360,22,335553.8,2024-02-02T07:00:00Z
2024-02-29,L00164,328681.91,0.06904,360,23,335553.8,2024-03-02T07:00:00Z
2024-03-31,L00164,328362.08,0.06904,360,24,335553.8,2024-04-02T07:00:00Z
2024-04-30,L00164,328040.4,0.06904,360,25,335553.8,2024-05-02T07:00:00Z
2024-05-31,L00164,327716.87,0.06904,360,26,335553.8,2024-06-02T07:00:00Z
2024-06-30,L00164,327391.48,0.06904,360,27,335553.8,2024-07-02T07:00:00Z
2024-07-31,L00164,327064.21,0.06904,360,28,335553.8,2024-08-02T07:00:00Z
2024-08-31,L00164,326735.07,0.06904,360,29,335553.8,2024-09-02T07:00:00Z
2024-09-30,L00164,326404.03,0.06904,360,30,335553.8,2024-10-02T07:00:00Z
2024-10-31,L00164,326071.08,0.06904,360,31,335553.8,2024-11-02T07:00:00Z
2024-11-30,L00164,325736.22,0.06904,360,32,335553.8,2024-12-02T07:00:00Z
2024-12-31,L00164,325399.44,0.06904,360,33,335553.8,2025-01-02T07:00:00Z
2025-01-31,L00164,325060.71,0.06904,360,34,335553.8,2025-02-02T07:00:00Z
2025-02-28,L00164,324720.04,0.06904,360,35,335553.8,2025-03-02T07:00:00Z
2025-03-31,L00164,324377.41,0.06904,360,36,335553.8,2025-04-02T07:00:00Z
2025-04-30,L00164,324032.8,0.06904,360,37,335553.8,2025-05-02T07:00:00Z
2025-05-31,L00164,323686.21,0.06904,360,38,335553.8,2025-06-02T07:00:00Z
2025-06-30,L00164,323337.63,0.06904,360,39,335553.8,2025-07-02T07:00:00Z
2025-07-31,L00164,322987.05,0.06904,360,40,335553.8,2025-08-02T07:00:00Z
2025-08-31,L00164,322634.44,0.06904,360,41,335553.8,2025-09-02T07:00:00Z
2025-09-30,L00164,322279.81,0.06904,360,42,335553.8,2025-10-02T07:00:00Z
2024-01-31,L00165,332583.83,0.06214,300,163,516503.54,2024-02-02T07:00:00Z
2024-02-29,L00165,330910.33,0.06214,300,164,516503.54,2024-03-02T07:00:00Z
2024-03-31,L00165,329228.16,0.06214,300,165,516503.54,2024-04-02T07:00:00Z
2024-04-30,L00165,327537.28,0.06214,300,166,516503.54,2024-05-02T07:00:00Z
2024-05-31,L00165,325837.65,0.06214,300,167,516503.54,2024-06-02T07:00:00Z
2024-06-30,L00165,324129.21,0.06214,300,168,516503.54,2024-07-02T07:00:00Z
2024-07-31,L00165,322411.93,0.06214,300,169,516503.54,2024-08-02T07:00:00Z
2024-08-31,L00165,320685.76,0.06214,300,170,516503.54,2024-09-02T07:00:00Z
2024-09-30,L00165,318950.64,0.06214,300,171,516503.54,2024-10-02T07:00:00Z
2024-10-31,L00165,317206.55,0.06214,300,172,516503.54,2024-11-02T07:00:00Z
2024-11-30,L00165,315453.42,0.06214,300,173,516503.54,2024-12-02T07:00:00Z
2024-12-31,L00165,313691.21,0.06214,300,174,516503.54,2025-01-02T07:00:00Z
2025-01-31,L00165,311919.87,0.06214,300,175,516503.54,2025-02-02T07:00:00Z
2025-02-28,L00165,310139.37,0.06214,300,176,516503.54,2025-03-02T07:00:00Z
2025-03-31,L00165,308349.64,0.06214,300,177,516503.54,2025-04-02T07:00:00Z
2025-04-30,L00165,306550.65,0.06214,300,178,516503.54,2025-05-02T07:00:00Z
2025-05-31,L00165,304742.34,0.06214,300,179,516503.54,2025-06-02T07:00:00Z
2025-06-30,L00165,302924.66,0.06214,300,180,516503.54,2025-07-02T07:00:00Z
2025-07-31,L00165,301097.58,0.06214,300,181,516503.54,2025-08-02T07:00:00Z
2025-08-31,L00165,299261.03,0.06214,300,182,516503.54,2025-09-02T07:00:00Z
2025-09-30,L00165,297414.97,0.06214,300,183,516503.54,2025-10-02T07:00:00Z
2024-01-31,L00166,194463.25,0.05829,360,64,210683.16,2024-02-02T07:00:00Z
2024-02-29,L00166,194167.78,0.05829,360,65,210683.16,2024-03-02T07:00:00Z
2024-03-31,L00166,193870.86,0.05829,360,66,210683.16,2024-04-02T07:00:00Z
2024-04-30,L00166,193572.51,0.05829,360,67,210683.16,2024-05-02T07:00:00Z
2024-05-31,L00166,193272.7,0.05829,360,68,210683.16,2024-06-02T07:00:00Z
2024-06-30,L00166,192971.44,0.05829,360,69,210683.16,2024-07-02T07:00:00Z
2024-07-31,L00166,192668.72,0.05829,360,70,210683.16,2024-08-02T07:00:00Z
2024-08-31,L00166,192364.52,0.05829,360,71,210683.16,2024-09-02T07:00:00Z
2024-09-30,L00166,192058.85,0.05829,360,72,210683.16,2024-10-02T07:00:00Z
2024-10-31,L00166,191751.69,0.05829,360,73,210683.16,2024-11-02T07:00:00Z
2024-11-30,L00166,191443.04,0.05829,360,74,210683.16,2024-12-02T07:00:00Z
2024-12-31,L00166,191132.89,0.05829,360,75,210683.16,2025-01-02T07:00:00Z
2025-01-31,L00166,190821.24,0.05829,360,76,210683.16,2025-02-02T07:00:00Z
2025-02-28,L00166,190508.07,0.05829,360,77,210683.16,2025-03-02T07:00:00Z
2025-03-31,L00166,190193.38,0.05829,360,78,210683.16,2025-04-02T07:00:00Z
2025-04-30,L00166,189877.16,0.05829,360,79,210683.16,2025-05-02T07:00:00Z
2025-05-31,L00166,189559.4,0.05829,360,80,210683.16,2025-06-02T07:00:00Z
2025-06-30,L00166,189240.11,0.05829,360,81,210683.16,2025-07-02T07:00:00Z
2025-07-31,L00166,188919.26,0.05829,360,82,210683.16,2025-08-02T07:00:00Z
2025-08-31,L00166,188596.85,0.05829,360,83,210683.16,2025-09-02T07:00:00Z
2025-09-30,L00166,188272.87,0.05829,360,84,210683.16,2025-10-02T07:00:00Z
2024-01-31,L00167,499556.53,0.0666,360,144,618600.09,2024-02-02T07:00:00Z
2024-02-29,L00167,498353.77,0.0666,360,145,618600.09,2024-03-02T07:00:00Z
2024-03-31,L00167,497144.35,0.0666,360,146,618600.09,2024-04-02T07:00:00Z
2024-04-30,L00167,495928.21,0.0666,360,147,618600.09,2024-05-02T07:00:00Z
2024-05-31,L00167,494705.32,0.0666,360,148,618600.09,2024-06-02T07:00:00Z
2024-06-30,L00167,493475.64,0.0666,360,149,618600.09,2024-07-02T07:00:00Z
2024-07-31,L00167,492239.14,0.0666,360,150,618600.09,2024-08-02T07:00:00Z
2024-08-31,L00167,490995.78,0.0666,360,151,618600.09,2024-09-02T07:00:00Z
2024-09-30,L00167,489745.51,0.0666,360,152,618600.09,2024-10-02T07:00:00Z
2024-10-31,L00167,488488.31,0.0666,360,153,618600.09,2024-11-02T07:00:00Z
2024-11-30,L00167,487224.13,0.0666,360,154,618600.09,2024-12-02T07:00:00Z
2024-12-31,L00167,485952.93,0.0666,360,155,618600.09,2025-01-02T07:00:00Z
2025-01-31,L00167,484674.68,0.0666,360,156,618600.09,2025-02-02T07:00:00Z
2025-02-28,L00167,483389.33,0.0666,360,157,618600.09,2025-03-02T07:00:00Z
2025-03-31,L00167,482096.85,0.0666,360,158,618600.09,2025-04-02T07:00:00Z
2025-04-30,L00167,480797.2,0.0666,360,159,618600.09,2025-05-02T07:00:00Z
2025-05-31,L00167,479490.33,0.0666,360,160,618600.09,2025-06-02T07:00:00Z
2025-06-30,L00167,478176.21,0.0666,360,161,618600.09,2025-07-02T07:00:00Z
2025-07-31,L00167,476854.8,0.0666,360,162,618600.09,2025-08-02T07:00:00Z
2025-08-31,L00167,475526.06,0.0666,360,163,618600.09,2025-09-02T07:00:00Z
2025-09-30,L00167,474189.93,0.0666,360,164,618600.09,2025-10-02T07:00:00Z
2024-01-31,L00168,284992.71,0.05111,360,78,319724.85,2024-02-02T07:00:00Z
2024-02-29,L00168,284468.44,0.05111,360,79,319724.85,2024-03-02T07:00:00Z
2024-03-31,L00168,283941.93,0.05111,360,80,319724.85,2024-04-02T07:00:00Z
2024-04-30,L00168,283413.18,0.05111,360,81,319724.85,2024-05-02T07:00:00Z
2024-05-31,L00168,282882.18,0.05111,360,82,319724.85,2024-06-02T07:00:00Z
2024-06-30,L00168,282348.91,0.05111,360,83,319724.85,2024-07-02T07:00:00Z
2024-07-31,L00168,281813.38,0.05111,360,84,319724.85,2024-08-02T07:00:00Z
2024-08-31,L00168,281275.56,0.05111,360,85,319724.85,2024-09-02T07:00:00Z
2024-09-30,L00168,280735.45,0.05111,360,86,319724.85,2024-10-02T07:00:00Z
2024-10-31,L00168,280193.04,0.05111,360,87,319724.85,2024-11-02T07:00:00Z
2024-11-30,L00168,279648.32,0.05111,360,88,319724.85,2024-12-02T07:00:00Z
2024-12-31,L00168,279101.29,0.05111,360,89,319724.85,2025-01-02T07:00:00Z
2025-01-31,L00168,278551.92,0.05111,360,90,319724.85,2025-02-02T07:00:00Z
2025-02-28,L00168,278000.21,0.05111,360,91,319724.85,2025-03-02T07:00:00Z
2025-03-31,L00168,277446.15,0.05111,360,92,319724.85,2025-04-02T07:00:00Z
2025-04-30,L00168,276889.73,0.05111,360,93,319724.85,2025-05-02T07:00:00Z
2025-05-31,L00168,276330.95,0.05111,360,94,319724.85,2025-06-02T07:00:00Z
2025-06-30,L00168,275769.78,0.05111,360,95,319724.85,2025-07-02T07:00:00Z
2025-07-31,L00168,275206.22,0.05111,360,96,319724.85,2025-08-02T07:00:00Z
2025-08-31,L00168,274640.26,0.05111,360,97,319724.85,2025-09-02T07:00:00Z
2025-09-30,L00168,274071.9,0.05111,360,98,319724.85,2025-10-02T07:00:00Z
2024-01-31,L00169,579801.84,0.04474,360,42,616833.92,2024-02-02T07:00:00Z
2024-02-29,L00169,578847.65,0.04474,360,43,616833.92,2024-03-02T07:00:00Z
2024-03-31,L00169,577889.9,0.04474,360,44,616833.92,2024-04-02T07:00:00Z
2024-04-30,L00169,576928.59,0.04474,360,45,616833.92,2024-05-02T07:00:00Z
2024-05-31,L00169,575963.68,0.04474,360,46,616833.92,2024-06-02T07:00:00Z
2024-06-30,L00169,574995.18,0.04474,360,47,616833.92,2024-07-02T07:00:00Z
2024-07-31,L00169,574023.07,0.04474,360,48,616833.92,2024-08-02T07:00:00Z
2024-08-31,L00169,573047.34,0.04474,360,49,616833.92,2024-09-02T07:00:00Z
2024-09-30,L00169,572067.96,0.04474,360,50,616833.92,2024-10-02T07:00:00Z
2024-10-31,L00169,571084.94,0.04474,360,51,616833.92,2024-11-02T07:00:00Z
2024-11-30,L00169,570098.25,0.04474,360,52,616833.92,2024-12-02T07:00:00Z
2024-12-31,L00169,565146.54,0.04474,360,53,616833.92,2025-01-02T07:00:00Z
2025-01-31,L00169,564159.4,0.04474,360,54,616833.92,2025-02-02T07:00:00Z
2025-02-28,L00169,563168.58,0.04474,360,55,616833.92,2025-03-02T07:00:00Z
2025-03-31,L00169,562174.06,0.04474,360,56,616833.92,2025-04-02T07:00:00Z
2025-04-30,L00169,561175.84,0.04474,360,57,616833.92,2025-05-02T07:00:00Z
2025-05-31,L00169,560173.89,0.04474,360,58,616833.92,2025-06-02T07:00:00Z
2025-06-30,L00169,559168.21,0.04474,360,59,616833.92,2025-07-02T07:00:00Z
2025-07-31,L00169,558158.78,0.04474,360,60,616833.92,2025-08-02T07:00:00Z
2025-08-31,L00169,557145.58,0.04474,360,61,616833.92,2025-09-02T07:00:00Z
2025-09-30,L00169,556128.61,0.04474,360,62,616833.92,2025-10-02T07:00:00Z
2024-01-31,L00170,105022.48,0.05308,300,166,172650.37,2024-02-02T07:00:00Z
2024-02-29,L00170,104446.51,0.05308,300,167,172650.37,2024-03-02T07:00:00Z
2024-03-31,L00170,103867.99,0.05308,300,168,172650.37,2024-04-02T07:00:00Z
2024-04-30,L00170,103286.92,0.05308,300,169,172650.37,2024-05-02T07:00:00Z
2024-05-31,L00170,102703.27,0.05308,300,170,172650.37,2024-06-02T07:00:00Z
2024-06-30,L00170,102117.04,0.05308,300,171,172650.37,2024-07-02T07:00:00Z
2024-07-31,L00170,101528.22,0.05308,300,172,172650.37,2024-08-02T07:00:00Z
2024-08-31,L00170,100936.79,0.05308,300,173,172650.37,2024-09-02T07:00:00Z
2024-09-30,L00170,100342.75,0.05308,300,174,172650.37,2024-10-02T07:00:00Z
2024-10-31,L00170,99746.08,0.05308,300,175,172650.37,2024-11-02T07:00:00Z
2024-11-30,L00170,99146.77,0.05308,300,176,172650.37,2024-12-02T07:00:00Z
2024-12-31,L00170,98544.81,0.05308,300,177,172650.37,2025-01-02T07:00:00Z
2025-01-31,L00170,97940.19,0.05308,300,178,172650.37,2025-02-02T07:00:00Z
2025-02-28,L00170,97332.89,0.05308,300,179,172650.37,2025-03-02T07:00:00Z
2025-03-31,L00170,96722.9,0.05308,300,180,172650.37,2025-04-02T07:00:00Z
2025-04-30,L00170,96110.22,0.05308,300,181,172650.37,2025-05-02T07:00:00Z
2025-05-31,L00170,95494.83,0.05308,300,182,172650.37,2025-06-02T07:00:00Z
2025-06-30,L00170,94876.72,0.05308,300,183,172650.37,2025-07-02T07:00:00Z
2025-07-31,L00170,93431.87,0.05308,300,184,172650.37,2025-08-02T07:00:00Z
2025-08-31,L00170,92813.73,0.05308,300,185,172650.37,2025-09-02T07:00:00Z
2025-09-30,L00170,92192.85,0.05308,300,186,172650.37,2025-10-02T07:00:00Z
2024-01-31,L00171,336113.67,0.05628,300,167,547242.16,2024-02-02T07:00:00Z
2024-02-29,L00171,334287.54,0.05628,300,168,547242.16,2024-03-02T07:00:00Z
2024-03-31,L00171,332452.84,0.05628,300,169,547242.16,2024-04-02T07:00:00Z
2024-04-30,L00171,330609.54,0.05628,300,170,547242.16,2024-05-02T07:00:00Z
2024-05-31,L00171,328757.59,0.05628,300,171,547242.16,2024-06-02T07:00:00Z
2024-06-30,L00171,326896.96,0.05628,300,172,547242.16,2024-07-02T07:00:00Z
2024-07-31,L00171,325027.6,0.05628,300,173,547242.16,2024-08-02T07:00:00Z
2024-08-31,L00171,323149.48,0.05628,300,174,547242.16,2024-09-02T07:00:00Z
2024-09-30,L00171,321262.54,0.05628,300,175,547242.16,2024-10-02T07:00:00Z
2024-10-31,L00171,319366.76,0.05628,300,176,547242.16,2024-11-02T07:00:00Z
2024-11-30,L00171,317462.08,0.05628,300,177,547242.16,2024-12-02T07:00:00Z
2024-12-31,L00171,315548.48,0.05628,300,178,547242.16,2025-01-02T07:00:00Z
2025-01-31,L00171,313625.89,0.05628,300,179,547242.16,2025-02-02T07:00:00Z
2025-02-28,L00171,311694.29,0.05628,300,180,547242.16,2025-03-02T07:00:00Z
2025-03-31,L00171,305450.66,0.05628,300,181,547242.16,2025-04-02T07:00:00Z
2025-04-30,L00171,303527.98,0.05628,300,182,547242.16,2025-05-02T07:00:00Z
2025-05-31,L00171,301596.29,0.05628,300,183,547242.16,2025-06-02T07:00:00Z
2025-06-30,L00171,299655.54,0.05628,300,184,547242.16,2025-07-02T07:00:00Z
2025-07-31,L00171,297705.68,0.05628,300,185,547242.16,2025-08-02T07:00:00Z
2025-08-31,L00171,295746.68,0.05628,300,186,547242.16,2025-09-02T07:00:00Z
2025-09-30,L00171,293778.5,0.05628,300,187,547242.16,2025-10-02T07:00:00Z
2024-01-31,L00172,333002.24,0.0577,360,53,355246.39,2024-02-02T07:00:00Z
2024-02-29,L00172,328278.9,0.0577,360,54,355246.39,2024-03-02T07:00:00Z
2024-03-31,L00172,325028.99,0.0577,360,55,355246.39,2024-04-02T07:00:00Z
2024-04-30,L00172,324558.11,0.0577,360,56,355246.39,2024-05-02T07:00:00Z
2024-05-31,L00172,324084.97,0.0577,360,57,355246.39,2024-06-02T07:00:00Z
2024-06-30,L00172,321976.2,0.0577,360,58,355246.39,2024-07-02T07:00:00Z
2024-07-31,L00172,321500.91,0.0577,360,59,355246.39,2024-08-02T07:00:00Z
2024-08-31,L00172,321023.34,0.0577,360,60,355246.39,2024-09-02T07:00:00Z
2024-09-30,L00172,320543.46,0.0577,360,61,355246.39,2024-10-02T07:00:00Z
2024-10-31,L00172,320061.28,0.0577,360,62,355246.39,2024-11-02T07:00:00Z
2024-11-30,L00172,319576.78,0.0577,360,63,355246.39,2024-12-02T07:00:00Z
2024-12-31,L00172,319089.96,0.0577,360,64,355246.39,2025-01-02T07:00:00Z
2025-01-31,L00172,318600.79,0.0577,360,65,355246.39,2025-02-02T07:00:00Z
2025-02-28,L00172,318109.26,0.0577,360,66,355246.39,2025-03-02T07:00:00Z
2025-03-31,L00172,317615.38,0.0577,360,67,355246.39,2025-04-02T07:00:00Z
2025-04-30,L00172,317119.12,0.0577,360,68,355246.39,2025-05-02T07:00:00Z
2025-05-31,L00172,316620.47,0.0577,360,69,355246.39,2025-06-02T07:00:00Z
2025-06-30,L00172,316119.43,0.0577,360,70,355246.39,2025-07-02T07:00:00Z
2025-07-31,L00172,315615.98,0.0577,360,71,355246.39,2025-08-02T07:00:00Z
2025-08-31,L00172,315110.11,0.0577,360,72,355246.39,2025-09-02T07:00:00Z
2025-09-30,L00172,314601.8,0.0577,360,73,355246.39,2025-10-02T07:00:00Z
2024-01-31,L00173,183140.7,0.07114,240,143,318106.62,2024-02-02T07:00:00Z
2024-02-29,L00173,181738.33,0.07114,240,144,318106.62,2024-03-02T07:00:00Z
2024-03-31,L00173,180327.64,0.07114,240,145,318106.62,2024-04-02T07:00:00Z
2024-04-30,L00173,178908.59,0.07114,240,146,318106.62,2024-05-02T07:00:00Z
2024-05-31,L00173,173626.97,0.07114,240,147,318106.62,2024-06-02T07:00:00Z
2024-06-30,L00173,172222.23,0.07114,240,148,318106.62,2024-07-02T07:00:00Z
2024-07-31,L00173,170809.16,0.07114,240,149,318106.62,2024-08-02T07:00:00Z
2024-08-31,L00173,169387.72,0.07114,240,150,318106.62,2024-09-02T07:00:00Z
2024-09-30,L00173,167957.84,0.07114,240,151,318106.62,2024-10-02T07:00:00Z
2024-10-31,L00173,166519.49,0.07114,240,152,318106.62,2024-11-02T07:00:00Z
2024-11-30,L00173,165072.61,0.07114,240,153,318106.62,2024-12-02T07:00:00Z
2024-12-31,L00173,163617.16,0.07114,240,154,318106.62,2025-01-02T07:00:00Z
2025-01-31,L00173,162153.07,0.07114,240,155,318106.62,2025-02-02T07:00:00Z
2025-02-28,L00173,160680.31,0.07114,240,156,318106.62,2025-03-02T07:00:00Z
2025-03-31,L00173,159198.82,0.07114,240,157,318106.62,2025-04-02T07:00:00Z
2025-04-30,L00173,157708.54,0.07114,240,158,318106.62,2025-05-02T07:00:00Z
2025-05-31,L00173,156209.43,0.07114,240,159,318106.62,2025-06-02T07:00:00Z
2025-06-30,L00173,154701.43,0.07114,240,160,318106.62,2025-07-02T07:00:00Z
2025-07-31,L00173,153184.49,0.07114,240,161,318106.62,2025-08-02T07:00:00Z
2025-08-31,L00173,151658.56,0.07114,240,162,318106.62,2025-09-02T07:00:00Z
2025-09-30,L00173,150123.58,0.07114,240,163,318106.62,2025-10-02T07:00:00Z
2024-01-31,L00174,436952.55,0.06383,360,171,587962.09,2024-02-02T07:00:00Z
2024-02-29,L00174,435605.57,0.06383,360,172,587962.09,2024-03-02T07:00:00Z
2024-03-31,L00174,434251.44,0.06383,360,173,587962.09,2024-04-02T07:00:00Z
2024-04-30,L00174,432890.1,0.06383,360,174,587962.09,2024-05-02T07:00:00Z
2024-05-31,L00174,431521.52,0.06383,360,175,587962.09,2024-06-02T07:00:00Z
2024-06-30,L00174,430145.66,0.06383,360,176,587962.09,2024-07-02T07:00:00Z
2024-07-31,L00174,428762.48,0.06383,360,177,587962.09,2024-08-02T07:00:00Z
2024-08-31,L00174,427371.94,0.06383,360,178,587962.09,2024-09-02T07:00:00Z
2024-09-30,L00174,425974.01,0.06383,360,179,587962.09,2024-10-02T07:00:00Z
2024-10-31,L00174,424568.64,0.06383,360,180,587962.09,2024-11-02T07:00:00Z
2024-11-30,L00174,423155.79,0.06383,360,181,587962.09,2024-12-02T07:00:00Z
2024-12-31,L00174,421735.43,0.06383,360,182,587962.09,2025-01-02T07:00:00Z
2025-01-31,L00174,420307.52,0.06383,360,183,587962.09,2025-02-02T07:00:00Z
2025-02-28,L00174,418872.01,0.06383,360,184,587962.09,2025-03-02T07:00:00Z
2025-03-31,L00174,417428.87,0.06383,360,185,587962.09,2025-04-02T07:00:00Z
2025-04-30,L00174,415978.04,0.06383,360,186,587962.09,2025-05-02T07:00:00Z
2025-05-31,L00174,414519.5,0.06383,360,187,587962.09,2025-06-02T07:00:00Z
2025-06-30,L00174,413053.21,0.06383,360,188,587962.09,2025-07-02T07:00:00Z
2025-07-31,L00174,411579.11,0.06383,360,189,587962.09,2025-08-02T07:00:00Z
2025-08-31,L00174,410097.17,0.06383,360,190,587962.09,2025-09-02T07:00:00Z
2025-09-30,L00174,408607.35,0.06383,360,191,587962.09,2025-10-02T07:00:00Z
2024-01-31,L00175,200204.79,0.06694,360,4,200910.21,2024-02-02T07:00:00Z
2024-02-29,L00175,200025.97,0.06694,360,5,200910.21,2024-03-02T07:00:00Z
2024-03-31,L00175,199846.15,0.06694,360,6,200910.21,2024-04-02T07:00:00Z
2024-04-30,L00175,199665.33,0.06694,360,7,200910.21,2024-05-02T07:00:00Z
2024-05-31,L00175,199483.5,0.06694,360,8,200910.21,2024-06-02T07:00:00Z
2024-06-30,L00175,199300.66,0.06694,360,9,200910.21,2024-07-02T07:00:00Z
2024-07-31,L00175,199116.79,0.06694,360,10,200910.21,2024-08-02T07:00:00Z
2024-08-31,L00175,198931.9,0.06694,360,11,200910.21,2024-09-02T07:00:00Z
2024-09-30,L00175,198745.98,0.06694,360,12,200910.21,2024-10-02T07:00:00Z
2024-10-31,L00175,198559.02,0.06694,360,13,200910.21,2024-11-02T07:00:00Z
2024-11-30,L00175,198371.02,0.06694,360,14,200910.21,2024-12-02T07:00:00Z
2024-12-31,L00175,198181.97,0.06694,360,15,200910.21,2025-01-02T07:00:00Z
2025-01-31,L00175,197991.87,0.06694,360,16,200910.21,2025-02-02T07:00:00Z
2025-02-28,L00175,197800.7,0.06694,360,17,200910.21,2025-03-02T07:00:00Z
2025-03-31,L00175,197608.47,0.06694,360,18,200910.21,2025-04-02T07:00:00Z
2025-04-30,L00175,197415.17,0.06694,360,19,200910.21,2025-05-02T07:00:00Z
2025-05-31,L00175,197220.78,0.06694,360,20,200910.21,2025-06-02T07:00:00Z
2025-06-30,L00175,197025.32,0.06694,360,21,200910.21,2025-07-02T07:00:00Z
2025-07-31,L00175,196828.76,0.06694,360,22,200910.21,2025-08-02T07:00:00Z
2025-08-31,L00175,192370.11,0.06694,360,23,200910.21,2025-09-02T07:00:00Z
2025-09-30,L00175,192175.66,0.06694,360,24,200910.21,2025-10-02T07:00:00Z
2024-01-31,L00176,224933.51,0.04851,240,166,540545.22,2024-02-02T07:00:00Z
2024-02-29,L00176,222319.78,0.04851,240,167,540545.22,2024-03-02T07:00:00Z
2024-03-31,L00176,219695.49,0.04851,240,168,540545.22,2024-04-02T07:00:00Z
2024-04-30,L00176,217060.6,0.04851,240,169,540545.22,2024-05-02T07:00:00Z
2024-05-31,L00176,214415.05,0.04851,240,170,540545.22,2024-06-02T07:00:00Z
2024-06-30,L00176,211758.8,0.04851,240,171,540545.22,2024-07-02T07:00:00Z
2024-07-31,L00176,209091.82,0.04851,240,172,540545.22,2024-08-02T07:00:00Z
2024-08-31,L00176,206414.06,0.04851,240,173,540545.22,2024-09-02T07:00:00Z
2024-09-30,L00176,203725.47,0.04851,240,174,540545.22,2024-10-02T07:00:00Z
2024-10-31,L00176,201026.01,0.04851,240,175,540545.22,2024-11-02T07:00:00Z
2024-11-30,L00176,198315.64,0.04851,240,176,540545.22,2024-12-02T07:00:00Z
2024-12-31,L00176,195594.32,0.04851,240,177,540545.22,2025-01-02T07:00:00Z
2025-01-31,L00176,192861.99,0.04851,240,178,540545.22,2025-02-02T07:00:00Z
2025-02-28,L00176,190118.62,0.04851,240,179,540545.22,2025-03-02T07:00:00Z
2025-03-31,L00176,187364.16,0.04851,240,180,540545.22,2025-04-02T07:00:00Z
2025-04-30,L00176,184598.56,0.04851,240,181,540545.22,2025-05-02T07:00:00Z
2025-05-31,L00176,181821.78,0.04851,240,182,540545.22,2025-06-02T07:00:00Z
2025-06-30,L00176,179033.78,0.04851,240,183,540545.22,2025-07-02T07:00:00Z
2025-07-31,L00176,176234.51,0.04851,240,184,540545.22,2025-08-02T07:00:00Z
2025-08-31,L00176,173423.92,0.04851,240,185,540545.22,2025-09-02T07:00:00Z
2025-09-30,L00176,170601.97,0.04851,240,186,540545.22,2025-10-02T07:00:00Z
2024-01-31,L00177,93356.25,0.05488,180,53,118898.88,2024-02-02T07:00:00Z
2024-02-29,L00177,92812.46,0.05488,180,54,118898.88,2024-03-02T07:00:00Z
2024-03-31,L00177,92266.17,0.05488,180,55,118898.88,2024-04-02T07:00:00Z
2024-04-30,L00177,91717.39,0.05488,180,56,118898.88,2024-05-02T07:00:00Z
2024-05-31,L00177,91166.1,0.05488,180,57,118898.88,2024-06-02T07:00:00Z
2024-06-30,L00177,90612.29,0.05488,180,58,118898.88,2024-07-02T07:00:00Z
2024-07-31,L00177,90055.94,0.05488,180,59,118898.88,2024-08-02T07:00:00Z
2024-08-31,L00177,89497.05,0.05488,180,60,118898.88,2024-09-02T07:00:00Z
2024-09-30,L00177,88935.6,0.05488,180,61,118898.88,2024-10-02T07:00:00Z
2024-10-31,L00177,88371.59,0.05488,180,62,118898.88,2024-11-02T07:00:00Z
2024-11-30,L00177,87805.0,0.05488,180,63,118898.88,2024-12-02T07:00:00Z
2024-12-31,L00177,87235.81,0.05488,180,64,118898.88,2025-01-02T07:00:00Z
2025-01-31,L00177,86664.03,0.05488,180,65,118898.88,2025-02-02T07:00:00Z
2025-02-28,L00177,86089.62,0.05488,180,66,118898.88,2025-03-02T07:00:00Z
2025-03-31,L00177,85512.59,0.05488,180,67,118898.88,2025-04-02T07:00:00Z
2025-04-30,L00177,84932.92,0.05488,180,68,118898.88,2025-05-02T07:00:00Z
2025-05-31,L00177,84350.6,0.05488,180,69,118898.88,2025-06-02T07:00:00Z
2025-06-30,L00177,83765.62,0.05488,180,70,118898.88,2025-07-02T07:00:00Z
2025-07-31,L00177,83177.96,0.05488,180,71,118898.88,2025-08-02T07:00:00Z
2025-08-31,L00177,82587.62,0.05488,180,72,118898.88,2025-09-02T07:00:00Z
2025-09-30,L00177,81994.57,0.05488,180,73,118898.88,2025-10-02T07:00:00Z
2024-01-31,L00178,461356.05,0.04576,360,138,603316.41,2024-02-02T07:00:00Z
2024-02-29,L00178,460031.14,0.04576,360,139,603316.41,2024-03-02T07:00:00Z
2024-03-31,L00178,458701.17,0.04576,360,140,603316.41,2024-04-02T07:00:00Z
2024-04-30,L00178,457366.13,0.04576,360,141,603316.41,2024-05-02T07:00:00Z
2024-05-31,L00178,456026.0,0.04576,360,142,603316.41,2024-06-02T07:00:00Z
2024-06-30,L00178,454680.76,0.04576,360,143,603316.41,2024-07-02T07:00:00Z
2024-07-31,L00178,453330.39,0.04576,360,144,603316.41,2024-08-02T07:00:00Z
2024-08-31,L00178,447411.08,0.04576,360,145,603316.41,2024-09-02T07:00:00Z
2024-09-30,L00178,446064.13,0.04576,360,146,603316.41,2024-10-02T07:00:00Z
2024-10-31,L00178,444712.04,0.04576,360,147,603316.41,2024-11-02T07:00:00Z
2024-11-30,L00178,443354.8,0.04576,360,148,603316.41,2024-12-02T07:00:00Z
2024-12-31,L00178,441992.38,0.04576,360,149,603316.41,2025-01-02T07:00:00Z
2025-01-31,L00178,440624.77,0.04576,360,150,603316.41,2025-02-02T07:00:00Z
2025-02-28,L00178,439251.94,0.04576,360,151,603316.41,2025-03-02T07:00:00Z
2025-03-31,L00178,437873.88,0.04576,360,152,603316.41,2025-04-02T07:00:00Z
2025-04-30,L00178,436490.56,0.04576,360,153,603316.41,2025-05-02T07:00:00Z
2025-05-31,L00178,435101.97,0.04576,360,154,603316.41,2025-06-02T07:00:00Z
2025-06-30,L00178,433708.08,0.04576,360,155,603316.41,2025-07-02T07:00:00Z
2025-07-31,L00178,432308.88,0.04576,360,156,603316.41,2025-08-02T07:00:00Z
2025-08-31,L00178,430904.34,0.04576,360,157,603316.41,2025-09-02T07:00:00Z
2025-09-30,L00178,429494.44,0.04576,360,158,603316.41,2025-10-02T07:00:00Z
2024-01-31,L00179,413806.56,0.06105,360,166,554338.17,2024-02-02T07:00:00Z
2024-02-29,L00179,412550.75,0.06105,360,167,554338.17,2024-03-02T07:00:00Z
2024-03-31,L00179,411288.55,0.06105,360,168,554338.17,2024-04-02T07:00:00Z
2024-04-30,L00179,410019.93,0.06105,360,169,554338.17,2024-05-02T07:00:00Z
2024-05-31,L00179,408744.85,0.06105,360,170,554338.17,2024-06-02T07:00:00Z
2024-06-30,L00179,407463.29,0.06105,360,171,554338.17,2024-07-02T07:00:00Z
2024-07-31,L00179,406175.21,0.06105,360,172,554338.17,2024-08-02T07:00:00Z
2024-08-31,L00179,404880.58,0.06105,360,173,554338.17,2024-09-02T07:00:00Z
2024-09-30,L00179,403579.35,0.06105,360,174,554338.17,2024-10-02T07:00:00Z
2024-10-31,L00179,402271.51,0.06105,360,175,554338.17,2024-11-02T07:00:00Z
2024-11-30,L00179,400957.02,0.06105,360,176,554338.17,2024-12-02T07:00:00Z
2024-12-31,L00179,399635.84,0.06105,360,177,554338.17,2025-01-02T07:00:00Z
2025-01-31,L00179,398307.93,0.06105,360,178,554338.17,2025-02-02T07:00:00Z
2025-02-28,L00179,396973.27,0.06105,360,179,554338.17,2025-03-02T07:00:00Z
2025-03-31,L00179,395631.82,0.06105,360,180,554338.17,2025-04-02T07:00:00Z
2025-04-30,L00179,394283.55,0.06105,360,181,554338.17,2025-05-02T07:00:00Z
2025-05-31,L00179,392928.42,0.06105,360,182,554338.17,2025-06-02T07:00:00Z
2025-06-30,L00179,391566.39,0.06105,360,183,554338.17,2025-07-02T07:00:00Z
2025-07-31,L00179,390197.43,0.06105,360,184,554338.17,2025-08-02T07:00:00Z
2025-08-31,L00179,388821.51,0.06105,360,185,554338.17,2025-09-02T07:00:00Z
2025-09-30,L00179,387438.59,0.06105,360,186,554338.17,2025-10-02T07:00:00Z
2024-01-31,L00180,160902.43,0.04706,360,40,170233.31,2024-02-02T07:00:00Z
2024-02-29,L00180,157714.63,0.04706,360,41,170233.31,2024-03-02T07:00:00Z
2024-03-31,L00180,157465.77,0.04706,360,42,170233.31,2024-04-02T07:00:00Z
2024-04-30,L00180,157215.93,0.04706,360,43,170233.31,2024-05-02T07:00:00Z
2024-05-31,L00180,156965.11,0.04706,360,44,170233.31,2024-06-02T07:00:00Z
2024-06-30,L00180,156713.31,0.04706,360,45,170233.31,2024-07-02T07:00:00Z
2024-07-31,L00180,156460.52,0.04706,360,46,170233.31,2024-08-02T07:00:00Z
2024-08-31,L00180,156206.74,0.04706,360,47,170233.31,2024-09-02T07:00:00Z
2024-09-30,L00180,155951.97,0.04706,360,48,170233.31,2024-10-02T07:00:00Z
2024-10-31,L00180,155696.2,0.04706,360,49,170233.31,2024-11-02T07:00:00Z
2024-11-30,L00180,155439.42,0.04706,360,50,170233.31,2024-12-02T07:00:00Z
2024-12-31,L00180,155181.64,0.04706,360,51,170233.31,2025-01-02T07:00:00Z
2025-01-31,L00180,154922.84,0.04706,360,52,170233.31,2025-02-02T07:00:00Z
2025-02-28,L00180,154663.03,0.04706,360,53,170233.31,2025-03-02T07:00:00Z
2025-03-31,L00180,154402.2,0.04706,360,54,170233.31,2025-04-02T07:00:00Z
2025-04-30,L00180,154140.35,0.04706,360,55,170233.31,2025-05-02T07:00:00Z
2025-05-31,L00180,153877.47,0.04706,360,56,170233.31,2025-06-02T07:00:00Z
2025-06-30,L00180,153613.56,0.04706,360,57,170233.31,2025-07-02T07:00:00Z
2025-07-31,L00180,153348.62,0.04706,360,58,170233.31,2025-08-02T07:00:00Z
2025-08-31,L00180,153082.64,0.04706,360,59,170233.31,2025-09-02T07:00:00Z
2025-09-30,L00180,152815.61,0.04706,360,60,170233.31,2025-10-02T07:00:00Z
2024-01-31,L00181,222889.58,0.04994,360,156,302613.11,2024-02-02T07:00:00Z
2024-02-29,L00181,222193.79,0.04994,360,157,302613.11,2024-03-02T07:00:00Z
2024-03-31,L00181,221495.1,0.04994,360,158,302613.11,2024-04-02T07:00:00Z
2024-04-30,L00181,220793.51,0.04994,360,159,302613.11,2024-05-02T07:00:00Z
2024-05-31,L00181,220089.0,0.04994,360,160,302613.11,2024-06-02T07:00:00Z
2024-06-30,L00181,219381.55,0.04994,360,161,302613.11,2024-07-02T07:00:00Z
2024-07-31,L00181,218671.16,0.04994,360,162,302613.11,2024-08-02T07:00:00Z
2024-08-31,L00181,217957.81,0.04994,360,163,302613.11,2024-09-02T07:00:00Z
2024-09-30,L00181,217241.5,0.04994,360,164,302613.11,2024-10-02T07:00:00Z
2024-10-31,L00181,216522.2,0.04994,360,165,302613.11,2024-11-02T07:00:00Z
2024-11-30,L00181,215799.91,0.04994,360,166,302613.11,2024-12-02T07:00:00Z
2024-12-31,L00181,215074.62,0.04994,360,167,302613.11,2025-01-02T07:00:00Z
2025-01-31,L00181,214346.3,0.04994,360,168,302613.11,2025-02-02T07:00:00Z
2025-02-28,L00181,213614.96,0.04994,360,169,302613.11,2025-03-02T07:00:00Z
2025-03-31,L00181,212880.57,0.04994,360,170,302613.11,2025-04-02T07:00:00Z
2025-04-30,L00181,212143.12,0.04994,360,171,302613.11,2025-05-02T07:00:00Z
2025-05-31,L00181,211402.61,0.04994,360,172,302613.11,2025-06-02T07:00:00Z
2025-06-30,L00181,210659.01,0.04994,360,173,302613.11,2025-07-02T07:00:00Z
2025-07-31,L00181,209912.32,0.04994,360,174,302613.11,2025-08-02T07:00:00Z
2025-08-31,L00181,209162.52,0.04994,360,175,302613.11,2025-09-02T07:00:00Z
2025-09-30,L00181,208409.6,0.04994,360,176,302613.11,2025-10-02T07:00:00Z
2024-01-31,L00182,349895.97,0.05963,300,167,560946.52,2024-02-02T07:00:00Z
2024-02-29,L00182,348033.15,0.05963,300,168,560946.52,2024-03-02T07:00:00Z
2024-03-31,L00182,346161.07,0.05963,300,169,560946.52,2024-04-02T07:00:00Z
2024-04-30,L00182,344279.7,0.05963,300,170,560946.52,2024-05-02T07:00:00Z
2024-05-31,L00182,342388.97,0.05963,300,171,560946.52,2024-06-02T07:00:00Z
2024-06-30,L00182,340488.85,0.05963,300,172,560946.52,2024-07-02T07:00:00Z
2024-07-31,L00182,338579.28,0.05963,300,173,560946.52,2024-08-02T07:00:00Z
2024-08-31,L00182,336660.23,0.05963,300,174,560946.52,2024-09-02T07:00:00Z
2024-09-30,L00182,334731.64,0.05963,300,175,560946.52,2024-10-02T07:00:00Z
2024-10-31,L00182,332793.47,0.05963,300,176,560946.52,2024-11-02T07:00:00Z
2024-11-30,L00182,330845.67,0.05963,300,177,560946.52,2024-12-02T07:00:00Z
2024-12-31,L00182,328888.18,0.05963,300,178,560946.52,2025-01-02T07:00:00Z
2025-01-31,L00182,326920.97,0.05963,300,179,560946.52,2025-02-02T07:00:00Z
2025-02-28,L00182,324943.99,0.05963,300,180,560946.52,2025-03-02T07:00:00Z
2025-03-31,L00182,322957.18,0.05963,300,181,560946.52,2025-04-02T07:00:00Z
2025-04-30,L00182,320960.5,0.05963,300,182,560946.52,2025-05-02T07:00:00Z
2025-05-31,L00182,318953.89,0.05963,300,183,560946.52,2025-06-02T07:00:00Z
2025-06-30,L00182,316937.32,0.05963,300,184,560946.52,2025-07-02T07:00:00Z
2025-07-31,L00182,314910.72,0.05963,300,185,560946.52,2025-08-02T07:00:00Z
2025-08-31,L00182,312874.06,0.05963,300,186,560946.52,2025-09-02T07:00:00Z
2025-09-30,L00182,310827.27,0.05963,300,187,560946.52,2025-10-02T07:00:00Z
2024-01-31,L00183,355232.91,0.05964,360,6,357409.36,2024-02-02T07:00:00Z
2024-02-29,L00183,354863.84,0.05964,360,7,357409.36,2024-03-02T07:00:00Z
2024-03-31,L00183,354492.93,0.05964,360,8,357409.36,2024-04-02T07:00:00Z
2024-04-30,L00183,354120.17,0.05964,360,9,357409.36,2024-05-02T07:00:00Z
2024-05-31,L00183,353745.56,0.05964,360,10,357409.36,2024-06-02T07:00:00Z
2024-06-30,L00183,353369.1,0.05964,360,11,357409.36,2024-07-02T07:00:00Z
2024-07-31,L00183,352990.76,0.05964,360,12,357409.36,2024-08-02T07:00:00Z
2024-08-31,L00183,352610.54,0.05964,360,13,357409.36,2024-09-02T07:00:00Z
2024-09-30,L00183,352228.43,0.05964,360,14,357409.36,2024-10-02T07:00:00Z
2024-10-31,L00183,351844.42,0.05964,360,15,357409.36,2024-11-02T07:00:00Z
2024-11-30,L00183,350159.11,0.05964,360,16,357409.36,2024-12-02T07:00:00Z
2024-12-31,L00183,349772.7,0.05964,360,17,357409.36,2025-01-02T07:00:00Z
2025-01-31,L00183,349384.38,0.05964,360,18,357409.36,2025-02-02T07:00:00Z
2025-02-28,L00183,348994.13,0.05964,360,19,357409.36,2025-03-02T07:00:00Z
2025-03-31,L00183,348601.94,0.05964,360,20,357409.36,2025-04-02T07:00:00Z
2025-04-30,L00183,348207.8,0.05964,360,21,357409.36,2025-05-02T07:00:00Z
2025-05-31,L00183,347811.7,0.05964,360,22,357409.36,2025-06-02T07:00:00Z
2025-06-30,L00183,347413.63,0.05964,360,23,357409.36,2025-07-02T07:00:00Z
2025-07-31,L00183,347013.58,0.05964,360,24,357409.36,2025-08-02T07:00:00Z
2025-08-31,L00183,346611.55,0.05964,360,25,357409.36,2025-09-02T07:00:00Z
2025-09-30,L00183,346207.51,0.05964,360,26,357409.36,2025-10-02T07:00:00Z
2024-01-31,L00184,216358.43,0.05096,300,170,367537.83,2024-02-02T07:00:00Z
2024-02-29,L00184,215108.04,0.05096,300,171,367537.83,2024-03-02T07:00:00Z
2024-03-31,L00184,213852.33,0.05096,300,172,367537.83,2024-04-02T07:00:00Z
2024-04-30,L00184,212591.3,0.05096,300,173,367537.83,2024-05-02T07:00:00Z
2024-05-31,L00184,211324.9,0.05096,300,174,367537.83,2024-06-02T07:00:00Z
2024-06-30,L00184,210053.13,0.05096,300,175,367537.83,2024-07-02T07:00:00Z
2024-07-31,L00184,208775.96,0.05096,300,176,367537.83,2024-08-02T07:00:00Z
2024-08-31,L00184,207493.37,0.05096,300,177,367537.83,2024-09-02T07:00:00Z
2024-09-30,L00184,206205.33,0.05096,300,178,367537.83,2024-10-02T07:00:00Z
2024-10-31,L00184,204911.81,0.05096,300,179,367537.83,2024-11-02T07:00:00Z
2024-11-30,L00184,203612.81,0.05096,300,180,367537.83,2024-12-02T07:00:00Z
2024-12-31,L00184,202308.29,0.05096,300,181,367537.83,2025-01-02T07:00:00Z
2025-01-31,L00184,200998.23,0.05096,300,182,367537.83,2025-02-02T07:00:00Z
2025-02-28,L00184,199682.6,0.05096,300,183,367537.83,2025-03-02T07:00:00Z
2025-03-31,L00184,198361.39,0.05096,300,184,367537.83,2025-04-02T07:00:00Z
2025-04-30,L00184,197034.57,0.05096,300,185,367537.83,2025-05-02T07:00:00Z
2025-05-31,L00184,195702.11,0.05096,300,186,367537.83,2025-06-02T07:00:00Z
2025-06-30,L00184,194364.0,0.05096,300,187,367537.83,2025-07-02T07:00:00Z
2025-07-31,L00184,193020.2,0.05096,300,188,367537.83,2025-08-02T07:00:00Z
2025-08-31,L00184,191670.7,0.05096,300,189,367537.83,2025-09-02T07:00:00Z
2025-09-30,L00184,190315.46,0.05096,300,190,367537.83,2025-10-02T07:00:00Z
2024-01-31,L00185,438999.86,0.05585,360,143,561485.34,2024-02-02T07:00:00Z
2024-02-29,L00185,437824.98,0.05585,360,144,561485.34,2024-03-02T07:00:00Z
2024-03-31,L00185,436644.63,0.05585,360,145,561485.34,2024-04-02T07:00:00Z
2024-04-30,L00185,435458.78,0.05585,360,146,561485.34,2024-05-02T07:00:00Z
2024-05-31,L00185,434267.42,0.05585,360,147,561485.34,2024-06-02T07:00:00Z
2024-06-30,L00185,433070.51,0.05585,360,148,561485.34,2024-07-02T07:00:00Z
2024-07-31,L00185,431868.04,0.05585,360,149,561485.34,2024-08-02T07:00:00Z
2024-08-31,L00185,430659.96,0.05585,360,150,561485.34,2024-09-02T07:00:00Z
2024-09-30,L00185,429446.26,0.05585,360,151,561485.34,2024-10-02T07:00:00Z
2024-10-31,L00185,428226.92,0.05585,360,152,561485.34,2024-11-02T07:00:00Z
2024-11-30,L00185,427001.9,0.05585,360,153,561485.34,2024-12-02T07:00:00Z
2024-12-31,L00185,425771.17,0.05585,360,154,561485.34,2025-01-02T07:00:00Z
2025-01-31,L00185,424534.72,0.05585,360,155,561485.34,2025-02-02T07:00:00Z
2025-02-28,L00185,423292.52,0.05585,360,156,561485.34,2025-03-02T07:00:00Z
2025-03-31,L00185,422044.53,0.05585,360,157,561485.34,2025-04-02T07:00:00Z
2025-04-30,L00185,420790.74,0.05585,360,158,561485.34,2025-05-02T07:00:00Z
2025-05-31,L00185,419531.11,0.05585,360,159,561485.34,2025-06-02T07:00:00Z
2025-06-30,L00185,418265.61,0.05585,360,160,561485.34,2025-07-02T07:00:00Z
2025-07-31,L00185,416994.23,0.05585,360,161,561485.34,2025-08-02T07:00:00Z
2025-08-31,L00185,415716.93,0.05585,360,162,561485.34,2025-09-02T07:00:00Z
2025-09-30,L00185,414433.69,0.05585,360,163,561485.34,2025-10-02T07:00:00Z
2024-01-31,L00186,310589.72,0.05165,360,116,376400.29,2024-02-02T07:00:00Z
2024-02-29,L00186,309867.82,0.05165,360,117,376400.29,2024-03-02T07:00:00Z
2024-03-31,L00186,309142.82,0.05165,360,118,376400.29,2024-04-02T07:00:00Z
2024-04-30,L00186,308414.7,0.05165,360,119,376400.29,2024-05-02T07:00:00Z
2024-05-31,L00186,307683.44,0.05165,360,120,376400.29,2024-06-02T07:00:00Z
2024-06-30,L00186,306949.04,0.05165,360,121,376400.29,2024-07-02T07:00:00Z
2024-07-31,L00186,306211.48,0.05165,360,122,376400.29,2024-08-02T07:00:00Z
2024-08-31,L00186,305470.74,0.05165,360,123,376400.29,2024-09-02T07:00:00Z
2024-09-30,L00186,304726.81,0.05165,360,124,376400.29,2024-10-02T07:00:00Z
2024-10-31,L00186,303979.68,0.05165,360,125,376400.29,2024-11-02T07:00:00Z
2024-11-30,L00186,302602.66,0.05165,360,126,376400.29,2024-12-02T07:00:00Z
2024-12-31,L00186,301850.64,0.05165,360,127,376400.29,2025-01-02T07:00:00Z
2025-01-31,L00186,301095.38,0.05165,360,128,376400.29,2025-02-02T07:00:00Z
2025-02-28,L00186,300336.88,0.05165,360,129,376400.29,2025-03-02T07:00:00Z
2025-03-31,L00186,299575.11,0.05165,360,130,376400.29,2025-04-02T07:00:00Z
2025-04-30,L00186,298810.06,0.05165,360,131,376400.29,2025-05-02T07:00:00Z
2025-05-31,L00186,298041.72,0.05165,360,132,376400.29,2025-06-02T07:00:00Z
2025-06-30,L00186,297270.07,0.05165,360,133,376400.29,2025-07-02T07:00:00Z
2025-07-31,L00186,296495.1,0.05165,360,134,376400.29,2025-08-02T07:00:00Z
2025-08-31,L00186,295716.8,0.05165,360,135,376400.29,2025-09-02T07:00:00Z
2025-09-30,L00186,294935.14,0.05165,360,136,376400.29,2025-10-02T07:00:00Z
2024-01-31,L00187,603906.19,0.05944,360,15,613493.86,2024-02-02T07:00:00Z
2024-02-29,L00187,603241.4,0.05944,360,16,613493.86,2024-03-02T07:00:00Z
2024-03-31,L00187,602573.3,0.05944,360,17,613493.86,2024-04-02T07:00:00Z
2024-04-30,L00187,601901.9,0.05944,360,18,613493.86,2024-05-02T07:00:00Z
2024-05-31,L00187,601227.18,0.05944,360,19,613493.86,2024-06-02T07:00:00Z
2024-06-30,L00187,600549.11,0.05944,360,20,613493.86,2024-07-02T07:00:00Z
2024-07-31,L00187,599867.68,0.05944,360,21,613493.86,2024-08-02T07:00:00Z
2024-08-31,L00187,599182.88,0.05944,360,22,613493.86,2024-09-02T07:00:00Z
2024-09-30,L00187,598494.69,0.05944,360,23,613493.86,2024-10-02T07:00:00Z
2024-10-31,L00187,597803.08,0.05944,360,24,613493.86,2024-11-02T07:00:00Z
2024-11-30,L00187,597108.05,0.05944,360,25,613493.86,2024-12-02T07:00:00Z
2024-12-31,L00187,596409.58,0.05944,360,26,613493.86,2025-01-02T07:00:00Z
2025-01-31,L00187,595707.65,0.05944,360,27,613493.86,2025-02-02T07:00:00Z
2025-02-28,L00187,595002.24,0.05944,360,28,613493.86,2025-03-02T07:00:00Z
2025-03-31,L00187,594293.34,0.05944,360,29,613493.86,2025-04-02T07:00:00Z
2025-04-30,L00187,593580.93,0.05944,360,30,613493.86,2025-05-02T07:00:00Z
2025-05-31,L00187,592864.98,0.05944,360,31,613493.86,2025-06-02T07:00:00Z
2025-06-30,L00187,592145.49,0.05944,360,32,613493.86,2025-07-02T07:00:00Z
2025-07-31,L00187,591422.44,0.05944,360,33,613493.86,2025-08-02T07:00:00Z
2025-08-31,L00187,590695.81,0.05944,360,34,613493.86,2025-09-02T07:00:00Z
2025-09-30,L00187,589965.57,0.05944,360,35,613493.86,2025-10-02T07:00:00Z
2024-01-31,L00188,480005.56,0.04482,180,5,489639.27,2024-02-02T07:00:00Z
2024-02-29,L00188,478057.18,0.04482,180,6,489639.27,2024-03-02T07:00:00Z
2024-03-31,L00188,476101.52,0.04482,180,7,489639.27,2024-04-02T07:00:00Z
2024-04-30,L00188,474138.55,0.04482,180,8,489639.27,2024-05-02T07:00:00Z
2024-05-31,L00188,472168.26,0.04482,180,9,489639.27,2024-06-02T07:00:00Z
2024-06-30,L00188,470190.6,0.04482,180,10,489639.27,2024-07-02T07:00:00Z
2024-07-31,L00188,468205.56,0.04482,180,11,489639.27,2024-08-02T07:00:00Z
2024-08-31,L00188,466213.1,0.04482,180,12,489639.27,2024-09-02T07:00:00Z
2024-09-30,L00188,464213.2,0.04482,180,13,489639.27,2024-10-02T07:00:00Z
2024-10-31,L00188,459913.25,0.04482,180,14,489639.27,2024-11-02T07:00:00Z
2024-11-30,L00188,457908.38,0.04482,180,15,489639.27,2024-12-02T07:00:00Z
2024-12-31,L00188,455896.02,0.04482,180,16,489639.27,2025-01-02T07:00:00Z
2025-01-31,L00188,453876.14,0.04482,180,17,489639.27,2025-02-02T07:00:00Z
2025-02-28,L00188,451848.72,0.04482,180,18,489639.27,2025-03-02T07:00:00Z
2025-03-31,L00188,449813.73,0.04482,180,19,489639.27,2025-04-02T07:00:00Z
2025-04-30,L00188,447771.13,0.04482,180,20,489639.27,2025-05-02T07:00:00Z
2025-05-31,L00188,445720.91,0.04482,180,21,489639.27,2025-06-02T07:00:00Z
2025-06-30,L00188,443663.03,0.04482,180,22,489639.27,2025-07-02T07:00:00Z
2025-07-31,L00188,441597.46,0.04482,180,23,489639.27,2025-08-02T07:00:00Z
2025-08-31,L00188,439524.18,0.04482,180,24,489639.27,2025-09-02T07:00:00Z
2025-09-30,L00188,437443.16,0.04482,180,25,489639.27,2025-10-02T07:00:00Z
2024-01-31,L00189,539530.37,0.07543,360,98,598983.76,2024-02-02T07:00:00Z
2024-02-29,L00189,538715.94,0.07543,360,99,598983.76,2024-03-02T07:00:00Z
2024-03-31,L00189,537896.39,0.07543,360,100,598983.76,2024-04-02T07:00:00Z
2024-04-30,L00189,537071.68,0.07543,360,101,598983.76,2024-05-02T07:00:00Z
2024-05-31,L00189,536241.79,0.07543,360,102,598983.76,2024-06-02T07:00:00Z
2024-06-30,L00189,535406.69,0.07543,360,103,598983.76,2024-07-02T07:00:00Z
2024-07-31,L00189,534566.33,0.07543,360,104,598983.76,2024-08-02T07:00:00Z
2024-08-31,L00189,533720.69,0.07543,360,105,598983.76,2024-09-02T07:00:00Z
2024-09-30,L00189,532869.74,0.07543,360,106,598983.76,2024-10-02T07:00:00Z
2024-10-31,L00189,532013.44,0.07543,360,107,598983.76,2024-11-02T07:00:00Z
2024-11-30,L00189,531151.76,0.07543,360,108,598983.76,2024-12-02T07:00:00Z
2024-12-31,L00189,526017.28,0.07543,360,109,598983.76,2025-01-02T07:00:00Z
2025-01-31,L00189,525151.75,0.07543,360,110,598983.76,2025-02-02T07:00:00Z
2025-02-28,L00189,524280.78,0.07543,360,111,598983.76,2025-03-02T07:00:00Z
2025-03-31,L00189,523404.34,0.07543,360,112,598983.76,2025-04-02T07:00:00Z
2025-04-30,L00189,522522.38,0.07543,360,113,598983.76,2025-05-02T07:00:00Z
2025-05-31,L00189,521634.89,0.07543,360,114,598983.76,2025-06-02T07:00:00Z
2025-06-30,L00189,520741.81,0.07543,360,115,598983.76,2025-07-02T07:00:00Z
2025-07-31,L00189,519843.12,0.07543,360,116,598983.76,2025-08-02T07:00:00Z
2025-08-31,L00189,518938.78,0.07543,360,117,598983.76,2025-09-02T07:00:00Z
2025-09-30,L00189,518028.76,0.07543,360,118,598983.76,2025-10-02T07:00:00Z
2024-01-31,L00190,87994.79,0.05668,360,3,88276.95,2024-02-02T07:00:00Z
2024-02-29,L00190,82410.65,0.05668,360,4,88276.95,2024-03-02T07:00:00Z
2024-03-31,L00190,82321.21,0.05668,360,5,88276.95,2024-04-02T07:00:00Z
2024-04-30,L00190,82231.36,0.05668,360,6,88276.95,2024-05-02T07:00:00Z
2024-05-31,L00190,82141.08,0.05668,360,7,88276.95,2024-06-02T07:00:00Z
2024-06-30,L00190,82050.37,0.05668,360,8,88276.95,2024-07-02T07:00:00Z
2024-07-31,L00190,81959.23,0.05668,360,9,88276.95,2024-08-02T07:00:00Z
2024-08-31,L00190,81867.67,0.05668,360,10,88276.95,2024-09-02T07:00:00Z
2024-09-30,L00190,81775.67,0.05668,360,11,88276.95,2024-10-02T07:00:00Z
2024-10-31,L00190,81683.24,0.05668,360,12,88276.95,2024-11-02T07:00:00Z
2024-11-30,L00190,81590.37,0.05668,360,13,88276.95,2024-12-02T07:00:00Z
2024-12-31,L00190,81497.06,0.05668,360,14,88276.95,2025-01-02T07:00:00Z
2025-01-31,L00190,81403.31,0.05668,360,15,88276.95,2025-02-02T07:00:00Z
2025-02-28,L00190,81309.12,0.05668,360,16,88276.95,2025-03-02T07:00:00Z
2025-03-31,L00190,81214.48,0.05668,360,17,88276.95,2025-04-02T07:00:00Z
2025-04-30,L00190,81119.4,0.05668,360,18,88276.95,2025-05-02T07:00:00Z
2025-05-31,L00190,81023.87,0.05668,360,19,88276.95,2025-06-02T07:00:00Z
2025-06-30,L00190,80927.88,0.05668,360,20,88276.95,2025-07-02T07:00:00Z
2025-07-31,L00190,80831.44,0.05668,360,21,88276.95,2025-08-02T07:00:00Z
2025-08-31,L00190,80734.55,0.05668,360,22,88276.95,2025-09-02T07:00:00Z
2025-09-30,L00190,80637.2,0.05668,360,23,88276.95,2025-10-02T07:00:00Z
2024-01-31,L00191,211165.59,0.06853,360,161,271358.3,2024-02-02T07:00:00Z
2024-02-29,L00191,205451.01,0.06853,360,162,271358.3,2024-03-02T07:00:00Z
2024-03-31,L00191,204889.09,0.06853,360,163,271358.3,2024-04-02T07:00:00Z
2024-04-30,L00191,204323.96,0.06853,360,164,271358.3,2024-05-02T07:00:00Z
2024-05-31,L00191,203755.61,0.06853,360,165,271358.3,2024-06-02T07:00:00Z
2024-06-30,L00191,203184.01,0.06853,360,166,271358.3,2024-07-02T07:00:00Z
2024-07-31,L00191,202609.14,0.06853,360,167,271358.3,2024-08-02T07:00:00Z
2024-08-31,L00191,202030.99,0.06853,360,168,271358.3,2024-09-02T07:00:00Z
2024-09-30,L00191,201449.54,0.06853,360,169,271358.3,2024-10-02T07:00:00Z
2024-10-31,L00191,200864.77,0.06853,360,170,271358.3,2024-11-02T07:00:00Z
2024-11-30,L00191,200276.66,0.06853,360,171,271358.3,2024-12-02T07:00:00Z
2024-12-31,L00191,199685.19,0.06853,360,172,271358.3,2025-01-02T07:00:00Z
2025-01-31,L00191,195803.58,0.06853,360,173,271358.3,2025-02-02T07:00:00Z
2025-02-28,L00191,195215.21,0.06853,360,174,271358.3,2025-03-02T07:00:00Z
2025-03-31,L00191,194623.49,0.06853,360,175,271358.3,2025-04-02T07:00:00Z
2025-04-30,L00191,194028.38,0.06853,360,176,271358.3,2025-05-02T07:00:00Z
2025-05-31,L00191,193429.87,0.06853,360,177,271358.3,2025-06-02T07:00:00Z
2025-06-30,L00191,192827.95,0.06853,360,178,271358.3,2025-07-02T07:00:00Z
2025-07-31,L00191,192222.59,0.06853,360,179,271358.3,2025-08-02T07:00:00Z
2025-08-31,L00191,191613.77,0.06853,360,180,271358.3,2025-09-02T07:00:00Z
2025-09-30,L00191,191001.47,0.06853,360,181,271358.3,2025-10-02T07:00:00Z
2024-01-31,L00192,387474.18,0.05435,360,30,401743.47,2024-02-02T07:00:00Z
2024-02-29,L00192,385057.14,0.05435,360,31,401743.47,2024-03-02T07:00:00Z
2024-03-31,L00192,384547.59,0.05435,360,32,401743.47,2024-04-02T07:00:00Z
2024-04-30,L00192,384035.73,0.05435,360,33,401743.47,2024-05-02T07:00:00Z
2024-05-31,L00192,383521.56,0.05435,360,34,401743.47,2024-06-02T07:00:00Z
2024-06-30,L00192,378084.16,0.05435,360,35,401743.47,2024-07-02T07:00:00Z
2024-07-31,L00192,377571.99,0.05435,360,36,401743.47,2024-08-02T07:00:00Z
2024-08-31,L00192,377057.49,0.05435,360,37,401743.47,2024-09-02T07:00:00Z
2024-09-30,L00192,376540.66,0.05435,360,38,401743.47,2024-10-02T07:00:00Z
2024-10-31,L00192,376021.5,0.05435,360,39,401743.47,2024-11-02T07:00:00Z
2024-11-30,L00192,375499.98,0.05435,360,40,401743.47,2024-12-02T07:00:00Z
2024-12-31,L00192,374976.1,0.05435,360,41,401743.47,2025-01-02T07:00:00Z
2025-01-31,L00192,374449.85,0.05435,360,42,401743.47,2025-02-02T07:00:00Z
2025-02-28,L00192,373921.21,0.05435,360,43,401743.47,2025-03-02T07:00:00Z
2025-03-31,L00192,373390.18,0.05435,360,44,401743.47,2025-04-02T07:00:00Z
2025-04-30,L00192,372856.74,0.05435,360,45,401743.47,2025-05-02T07:00:00Z
2025-05-31,L00192,372320.89,0.05435,360,46,401743.47,2025-06-02T07:00:00Z
2025-06-30,L00192,371782.61,0.05435,360,47,401743.47,2025-07-02T07:00:00Z
2025-07-31,L00192,371241.89,0.05435,360,48,401743.47,2025-08-02T07:00:00Z
2025-08-31,L00192,365330.91,0.05435,360,49,401743.47,2025-09-02T07:00:00Z
2025-09-30,L00192,364793.19,0.05435,360,50,401743.47,2025-10-02T07:00:00Z
2024-01-31,L00193,83717.58,0.04197,300,117,115105.35,2024-02-02T07:00:00Z
2024-02-29,L00193,83390.22,0.04197,300,118,115105.35,2024-03-02T07:00:00Z
2024-03-31,L00193,83061.72,0.04197,300,119,115105.35,2024-04-02T07:00:00Z
2024-04-30,L00193,82732.07,0.04197,300,120,115105.35,2024-05-02T07:00:00Z
2024-05-31,L00193,82401.27,0.04197,300,121,115105.35,2024-06-02T07:00:00Z
2024-06-30,L00193,82069.31,0.04197,300,122,115105.35,2024-07-02T07:00:00Z
2024-07-31,L00193,81736.19,0.04197,300,123,115105.35,2024-08-02T07:00:00Z
2024-08-31,L00193,81401.9,0.04197,300,124,115105.35,2024-09-02T07:00:00Z
2024-09-30,L00193,81066.45,0.04197,300,125,115105.35,2024-10-02T07:00:00Z
2024-10-31,L00193,80729.82,0.04197,300,126,115105.35,2024-11-02T07:00:00Z
2024-11-30,L00193,80392.01,0.04197,300,127,115105.35,2024-12-02T07:00:00Z
2024-12-31,L00193,80053.02,0.04197,300,128,115105.35,2025-01-02T07:00:00Z
2025-01-31,L00193,79712.85,0.04197,300,129,115105.35,2025-02-02T07:00:00Z
2025-02-28,L00193,79371.49,0.04197,300,130,115105.35,2025-03-02T07:00:00Z
2025-03-31,L00193,79028.93,0.04197,300,131,115105.35,2025-04-02T07:00:00Z
2025-04-30,L00193,78685.18,0.04197,300,132,115105.35,2025-05-02T07:00:00Z
2025-05-31,L00193,78340.22,0.04197,300,133,115105.35,2025-06-02T07:00:00Z
2025-06-30,L00193,77994.06,0.04197,300,134,115105.35,2025-07-02T07:00:00Z
2025-07-31,L00193,77646.68,0.04197,300,135,115105.35,2025-08-02T07:00:00Z
2025-08-31,L00193,77298.09,0.04197,300,136,115105.35,2025-09-02T07:00:00Z
2025-09-30,L00193,76948.28,0.04197,300,137,115105.35,2025-10-02T07:00:00Z
2024-01-31,L00194,292125.0,0.04825,360,100,344641.18,2024-02-02T07:00:00Z
2024-02-29,L00194,291486.16,0.04825,360,101,344641.18,2024-03-02T07:00:00Z
2024-03-31,L00194,290844.75,0.04825,360,102,344641.18,2024-04-02T07:00:00Z
2024-04-30,L00194,290200.77,0.04825,360,103,344641.18,2024-05-02T07:00:00Z
2024-05-31,L00194,289554.19,0.04825,360,104,344641.18,2024-06-02T07:00:00Z
2024-06-30,L00194,288905.01,0.04825,360,105,344641.18,2024-07-02T07:00:00Z
2024-07-31,L00194,288253.23,0.04825,360,106,344641.18,2024-08-02T07:00:00Z
2024-08-31,L00194,287598.82,0.04825,360,107,344641.18,2024-09-02T07:00:00Z
2024-09-30,L00194,286941.79,0.04825,360,108,344641.18,2024-10-02T07:00:00Z
2024-10-31,L00194,283933.08,0.04825,360,109,344641.18,2024-11-02T07:00:00Z
2024-11-30,L00194,283276.18,0.04825,360,110,344641.18,2024-12-02T07:00:00Z
2024-12-31,L00194,282616.64,0.04825,360,111,344641.18,2025-01-02T07:00:00Z
2025-01-31,L00194,277552.99,0.04825,360,112,344641.18,2025-02-02T07:00:00Z
2025-02-28,L00194,276898.51,0.04825,360,113,344641.18,2025-03-02T07:00:00Z
2025-03-31,L00194,276241.41,0.04825,360,114,344641.18,2025-04-02T07:00:00Z
2025-04-30,L00194,275581.66,0.04825,360,115,344641.18,2025-05-02T07:00:00Z
2025-05-31,L00194,274919.26,0.04825,360,116,344641.18,2025-06-02T07:00:00Z
2025-06-30,L00194,274254.19,0.04825,360,117,344641.18,2025-07-02T07:00:00Z
2025-07-31,L00194,273586.46,0.04825,360,118,344641.18,2025-08-02T07:00:00Z
2025-08-31,L00194,272916.03,0.04825,360,119,344641.18,2025-09-02T07:00:00Z
2025-09-30,L00194,272242.91,0.04825,360,120,344641.18,2025-10-02T07:00:00Z
2024-01-31,L00195,213542.54,0.06181,180,132,589550.03,2024-02-02T07:00:00Z
2024-02-29,L00195,209609.67,0.06181,180,133,589550.03,2024-03-02T07:00:00Z
2024-03-31,L00195,205656.54,0.06181,180,134,589550.03,2024-04-02T07:00:00Z
2024-04-30,L00195,201683.05,0.06181,180,135,589550.03,2024-05-02T07:00:00Z
2024-05-31,L00195,197689.1,0.06181,180,136,589550.03,2024-06-02T07:00:00Z
2024-06-30,L00195,193674.57,0.06181,180,137,589550.03,2024-07-02T07:00:00Z
2024-07-31,L00195,189639.36,0.06181,180,138,589550.03,2024-08-02T07:00:00Z
2024-08-31,L00195,185583.37,0.06181,180,139,589550.03,2024-09-02T07:00:00Z
2024-09-30,L00195,181506.48,0.06181,180,140,589550.03,2024-10-02T07:00:00Z
2024-10-31,L00195,177408.6,0.06181,180,141,589550.03,2024-11-02T07:00:00Z
2024-11-30,L00195,173289.61,0.06181,180,142,589550.03,2024-12-02T07:00:00Z
2024-12-31,L00195,169149.4,0.06181,180,143,589550.03,2025-01-02T07:00:00Z
2025-01-31,L00195,164987.87,0.06181,180,144,589550.03,2025-02-02T07:00:00Z
2025-02-28,L00195,160804.9,0.06181,180,145,589550.03,2025-03-02T07:00:00Z
2025-03-31,L00195,156600.39,0.06181,180,146,589550.03,2025-04-02T07:00:00Z
2025-04-30,L00195,152374.22,0.06181,180,147,589550.03,2025-05-02T07:00:00Z
2025-05-31,L00195,148126.28,0.06181,180,148,589550.03,2025-06-02T07:00:00Z
2025-06-30,L00195,143856.46,0.06181,180,149,589550.03,2025-07-02T07:00:00Z
2025-07-31,L00195,139564.65,0.06181,180,150,589550.03,2025-08-02T07:00:00Z
2025-08-31,L00195,135250.73,0.06181,180,151,589550.03,2025-09-02T07:00:00Z
2025-09-30,L00195,130914.59,0.06181,180,152,589550.03,2025-10-02T07:00:00Z
2024-01-31,L00196,321970.69,0.05322,240,121,514547.31,2024-02-02T07:00:00Z
2024-02-29,L00196,319910.66,0.05322,240,122,514547.31,2024-03-02T07:00:00Z
2024-03-31,L00196,317841.49,0.05322,240,123,514547.31,2024-04-02T07:00:00Z
2024-04-30,L00196,315763.14,0.05322,240,124,514547.31,2024-05-02T07:00:00Z
2024-05-31,L00196,312089.66,0.05322,240,125,514547.31,2024-06-02T07:00:00Z
2024-06-30,L00196,310003.43,0.05322,240,126,514547.31,2024-07-02T07:00:00Z
2024-07-31,L00196,307907.96,0.05322,240,127,514547.31,2024-08-02T07:00:00Z
2024-08-31,L00196,305803.19,0.05322,240,128,514547.31,2024-09-02T07:00:00Z
2024-09-30,L00196,303689.08,0.05322,240,129,514547.31,2024-10-02T07:00:00Z
2024-10-31,L00196,301565.6,0.05322,240,130,514547.31,2024-11-02T07:00:00Z
2024-11-30,L00196,299432.71,0.05322,240,131,514547.31,2024-12-02T07:00:00Z
2024-12-31,L00196,297290.35,0.05322,240,132,514547.31,2025-01-02T07:00:00Z
2025-01-31,L00196,295138.49,0.05322,240,133,514547.31,2025-02-02T07:00:00Z
2025-02-28,L00196,292977.09,0.05322,240,134,514547.31,2025-03-02T07:00:00Z
2025-03-31,L00196,290806.1,0.05322,240,135,514547.31,2025-04-02T07:00:00Z
2025-04-30,L00196,288625.48,0.05322,240,136,514547.31,2025-05-02T07:00:00Z
2025-05-31,L00196,286435.2,0.05322,240,137,514547.31,2025-06-02T07:00:00Z
2025-06-30,L00196,284235.19,0.05322,240,138,514547.31,2025-07-02T07:00:00Z
2025-07-31,L00196,282025.44,0.05322,240,139,514547.31,2025-08-02T07:00:00Z
2025-08-31,L00196,279805.88,0.05322,240,140,514547.31,2025-09-02T07:00:00Z
2025-09-30,L00196,277576.48,0.05322,240,141,514547.31,2025-10-02T07:00:00Z
2024-01-31,L00197,201935.79,0.0514,360,10,204375.2,2024-02-02T07:00:00Z
2024-02-29,L00197,201686.06,0.0514,360,11,204375.2,2024-03-02T07:00:00Z
2024-03-31,L00197,201435.27,0.0514,360,12,204375.2,2024-04-02T07:00:00Z
2024-04-30,L00197,201183.4,0.0514,360,13,204375.2,2024-05-02T07:00:00Z
2024-05-31,L00197,200930.45,0.0514,360,14,204375.2,2024-06-02T07:00:00Z
2024-06-30,L00197,200676.42,0.0514,360,15,204375.2,2024-07-02T07:00:00Z
2024-07-31,L00197,200421.3,0.0514,360,16,204375.2,2024-08-02T07:00:00Z
2024-08-31,L00197,200165.09,0.0514,360,17,204375.2,2024-09-02T07:00:00Z
2024-09-30,L00197,199907.78,0.0514,360,18,204375.2,2024-10-02T07:00:00Z
2024-10-31,L00197,199649.37,0.0514,360,19,204375.2,2024-11-02T07:00:00Z
2024-11-30,L00197,199389.85,0.0514,360,20,204375.2,2024-12-02T07:00:00Z
2024-12-31,L00197,199129.22,0.0514,360,21,204375.2,2025-01-02T07:00:00Z
2025-01-31,L00197,198867.47,0.0514,360,22,204375.2,2025-02-02T07:00:00Z
2025-02-28,L00197,198604.6,0.0514,360,23,204375.2,2025-03-02T07:00:00Z
2025-03-31,L00197,198340.61,0.0514,360,24,204375.2,2025-04-02T07:00:00Z
2025-04-30,L00197,198075.48,0.0514,360,25,204375.2,2025-05-02T07:00:00Z
2025-05-31,L00197,197809.22,0.0514,360,26,204375.2,2025-06-02T07:00:00Z
2025-06-30,L00197,197541.82,0.0514,360,27,204375.2,2025-07-02T07:00:00Z
2025-07-31,L00197,197273.28,0.0514,360,28,204375.2,2025-08-02T07:00:00Z
2025-08-31,L00197,197003.58,0.0514,360,29,204375.2,2025-09-02T07:00:00Z
2025-09-30,L00197,196732.73,0.0514,360,30,204375.2,2025-10-02T07:00:00Z
2024-01-31,L00198,283890.61,0.05339,300,20,293671.17,2024-02-02T07:00:00Z
2024-02-29,L00198,283378.41,0.05339,300,21,293671.17,2024-03-02T07:00:00Z
2024-03-31,L00198,282863.94,0.05339,300,22,293671.17,2024-04-02T07:00:00Z
2024-04-30,L00198,282347.18,0.05339,300,23,293671.17,2024-05-02T07:00:00Z
2024-05-31,L00198,281828.11,0.05339,300,24,293671.17,2024-06-02T07:00:00Z
2024-06-30,L00198,281306.74,0.05339,300,25,293671.17,2024-07-02T07:00:00Z
2024-07-31,L00198,280783.05,0.05339,300,26,293671.17,2024-08-02T07:00:00Z
2024-08-31,L00198,280257.03,0.05339,300,27,293671.17,2024-09-02T07:00:00Z
2024-09-30,L00198,279728.67,0.05339,300,28,293671.17,2024-10-02T07:00:00Z
2024-10-31,L00198,279197.96,0.05339,300,29,293671.17,2024-11-02T07:00:00Z
2024-11-30,L00198,278664.88,0.05339,300,30,293671.17,2024-12-02T07:00:00Z
2024-12-31,L00198,278129.44,0.05339,300,31,293671.17,2025-01-02T07:00:00Z
2025-01-31,L00198,277591.61,0.05339,300,32,293671.17,2025-02-02T07:00:00Z
2025-02-28,L00198,277051.39,0.05339,300,33,293671.17,2025-03-02T07:00:00Z
2025-03-31,L00198,276508.77,0.05339,300,34,293671.17,2025-04-02T07:00:00Z
2025-04-30,L00198,275963.73,0.05339,300,35,293671.17,2025-05-02T07:00:00Z
2025-05-31,L00198,275416.27,0.05339,300,36,293671.17,2025-06-02T07:00:00Z
2025-06-30,L00198,274866.37,0.05339,300,37,293671.17,2025-07-02T07:00:00Z
2025-07-31,L00198,274314.02,0.05339,300,38,293671.17,2025-08-02T07:00:00Z
2025-08-31,L00198,273759.22,0.05339,300,39,293671.17,2025-09-02T07:00:00Z
2025-09-30,L00198,273201.95,0.05339,300,40,293671.17,2025-10-02T07:00:00Z
2024-01-31,L00199,93832.1,0.0551,180,152,437720.03,2024-02-02T07:00:00Z
2024-02-29,L00199,90684.08,0.0551,180,153,437720.03,2024-03-02T07:00:00Z
2024-03-31,L00199,87521.61,0.0551,180,154,437720.03,2024-04-02T07:00:00Z
2024-04-30,L00199,84344.62,0.0551,180,155,437720.03,2024-05-02T07:00:00Z
2024-05-31,L00199,81153.04,0.0551,180,156,437720.03,2024-06-02T07:00:00Z
2024-06-30,L00199,77946.81,0.0551,180,157,437720.03,2024-07-02T07:00:00Z
2024-07-31,L00199,74725.85,0.0551,180,158,437720.03,2024-08-02T07:00:00Z
2024-08-31,L00199,71490.11,0.0551,180,159,437720.03,2024-09-02T07:00:00Z
2024-09-30,L00199,68239.5,0.0551,180,160,437720.03,2024-10-02T07:00:00Z
2024-10-31,L00199,64973.98,0.0551,180,161,437720.03,2024-11-02T07:00:00Z
2024-11-30,L00199,61693.45,0.0551,180,162,437720.03,2024-12-02T07:00:00Z
2024-12-31,L00199,58397.87,0.0551,180,163,437720.03,2025-01-02T07:00:00Z
2025-01-31,L00199,55087.15,0.0551,180,164,437720.03,2025-02-02T07:00:00Z
2025-02-28,L00199,51761.23,0.0551,180,165,437720.03,2025-03-02T07:00:00Z
2025-03-31,L00199,48420.04,0.0551,180,166,437720.03,2025-04-02T07:00:00Z
2025-04-30,L00199,45063.51,0.0551,180,167,437720.03,2025-05-02T07:00:00Z
2025-05-31,L00199,41691.56,0.0551,180,168,437720.03,2025-06-02T07:00:00Z
2025-06-30,L00199,37803.79,0.0551,180,169,437720.03,2025-07-02T07:00:00Z
2025-07-31,L00199,34445.26,0.0551,180,170,437720.03,2025-08-02T07:00:00Z
2025-08-31,L00199,31071.3,0.0551,180,171,437720.03,2025-09-02T07:00:00Z
2025-09-30,L00199,27681.86,0.0551,180,172,437720.03,2025-10-02T07:00:00Z
2024-01-31,L00200,486115.95,0.04638,300,38,524046.12,2024-02-02T07:00:00Z
2024-02-29,L00200,485040.77,0.04638,300,39,524046.12,2024-03-02T07:00:00Z
2024-03-31,L00200,483961.44,0.04638,300,40,524046.12,2024-04-02T07:00:00Z
2024-04-30,L00200,482877.93,0.04638,300,41,524046.12,2024-05-02T07:00:00Z
2024-05-31,L00200,481790.23,0.04638,300,42,524046.12,2024-06-02T07:00:00Z
2024-06-30,L00200,480698.34,0.04638,300,43,524046.12,2024-07-02T07:00:00Z
2024-07-31,L00200,479602.22,0.04638,300,44,524046.12,2024-08-02T07:00:00Z
2024-08-31,L00200,478501.86,0.04638,300,45,524046.12,2024-09-02T07:00:00Z
2024-09-30,L00200,477397.25,0.04638,300,46,524046.12,2024-10-02T07:00:00Z
2024-10-31,L00200,476288.37,0.04638,300,47,524046.12,2024-11-02T07:00:00Z
2024-11-30,L00200,475175.21,0.04638,300,48,524046.12,2024-12-02T07:00:00Z
2024-12-31,L00200,474057.74,0.04638,300,49,524046.12,2025-01-02T07:00:00Z
2025-01-31,L00200,472935.96,0.04638,300,50,524046.12,2025-02-02T07:00:00Z
2025-02-28,L00200,471809.84,0.04638,300,51,524046.12,2025-03-02T07:00:00Z
2025-03-31,L00200,470679.36,0.04638,300,52,524046.12,2025-04-02T07:00:00Z
2025-04-30,L00200,469544.52,0.04638,300,53,524046.12,2025-05-02T07:00:00Z
2025-05-31,L00200,468405.29,0.04638,300,54,524046.12,2025-06-02T07:00:00Z
2025-06-30,L00200,467261.66,0.04638,300,55,524046.12,2025-07-02T07:00:00Z
2025-07-31,L00200,466113.61,0.04638,300,56,524046.12,2025-08-02T07:00:00Z
2025-08-31,L00200,464961.12,0.04638,300,57,524046.12,2025-09-02T07:00:00Z
2025-09-30,L00200,463804.18,0.04638,300,58,524046.12,2025-10-02T07:00:00Z
2024-01-31,L00201,96443.87,0.04266,300,181,183429.46,2024-02-02T07:00:00Z
2024-02-29,L00201,95791.38,0.04266,300,182,183429.46,2024-03-02T07:00:00Z
2024-03-31,L00201,95136.57,0.04266,300,183,183429.46,2024-04-02T07:00:00Z
2024-04-30,L00201,94479.43,0.04266,300,184,183429.46,2024-05-02T07:00:00Z
2024-05-31,L00201,93819.95,0.04266,300,185,183429.46,2024-06-02T07:00:00Z
2024-06-30,L00201,93158.13,0.04266,300,186,183429.46,2024-07-02T07:00:00Z
2024-07-31,L00201,92493.95,0.04266,300,187,183429.46,2024-08-02T07:00:00Z
2024-08-31,L00201,91827.42,0.04266,300,188,183429.46,2024-09-02T07:00:00Z
2024-09-30,L00201,91158.51,0.04266,300,189,183429.46,2024-10-02T07:00:00Z
2024-10-31,L00201,90487.23,0.04266,300,190,183429.46,2024-11-02T07:00:00Z
2024-11-30,L00201,89813.56,0.04266,300,191,183429.46,2024-12-02T07:00:00Z
2024-12-31,L00201,89137.5,0.04266,300,192,183429.46,2025-01-02T07:00:00Z
2025-01-31,L00201,88459.03,0.04266,300,193,183429.46,2025-02-02T07:00:00Z
2025-02-28,L00201,87778.15,0.04266,300,194,183429.46,2025-03-02T07:00:00Z
2025-03-31,L00201,87094.85,0.04266,300,195,183429.46,2025-04-02T07:00:00Z
2025-04-30,L00201,86409.12,0.04266,300,196,183429.46,2025-05-02T07:00:00Z
2025-05-31,L00201,85720.95,0.04266,300,197,183429.46,2025-06-02T07:00:00Z
2025-06-30,L00201,85030.34,0.04266,300,198,183429.46,2025-07-02T07:00:00Z
2025-07-31,L00201,84337.27,0.04266,300,199,183429.46,2025-08-02T07:00:00Z
2025-08-31,L00201,83641.74,0.04266,300,200,183429.46,2025-09-02T07:00:00Z
2025-09-30,L00201,82943.74,0.04266,300,201,183429.46,2025-10-02T07:00:00Z
2024-01-31,L00202,88686.24,0.04375,180,83,143301.76,2024-02-02T07:00:00Z
2024-02-29,L00202,87922.46,0.04375,180,84,143301.76,2024-03-02T07:00:00Z
2024-03-31,L00202,87155.9,0.04375,180,85,143301.76,2024-04-02T07:00:00Z
2024-04-30,L00202,86386.54,0.04375,180,86,143301.76,2024-05-02T07:00:00Z
2024-05-31,L00202,85614.37,0.04375,180,87,143301.76,2024-06-02T07:00:00Z
2024-06-30,L00202,84839.39,0.04375,180,88,143301.76,2024-07-02T07:00:00Z
2024-07-31,L00202,84061.59,0.04375,180,89,143301.76,2024-08-02T07:00:00Z
2024-08-31,L00202,83280.94,0.04375,180,90,143301.76,2024-09-02T07:00:00Z
2024-09-30,L00202,82497.46,0.04375,180,91,143301.76,2024-10-02T07:00:00Z
2024-10-31,L00202,81711.11,0.04375,180,92,143301.76,2024-11-02T07:00:00Z
2024-11-30,L00202,80921.9,0.04375,180,93,143301.76,2024-12-02T07:00:00Z
2024-12-31,L00202,80129.81,0.04375,180,94,143301.76,2025-01-02T07:00:00Z
2025-01-31,L00202,79334.84,0.04375,180,95,143301.76,2025-02-02T07:00:00Z
2025-02-28,L00202,78536.96,0.04375,180,96,143301.76,2025-03-02T07:00:00Z
2025-03-31,L00202,77736.18,0.04375,180,97,143301.76,2025-04-02T07:00:00Z
2025-04-30,L00202,76932.47,0.04375,180,98,143301.76,2025-05-02T07:00:00Z
2025-05-31,L00202,76125.84,0.04375,180,99,143301.76,2025-06-02T07:00:00Z
2025-06-30,L00202,75316.27,0.04375,180,100,143301.76,2025-07-02T07:00:00Z
2025-07-31,L00202,74503.74,0.04375,180,101,143301.76,2025-08-02T07:00:00Z
2025-08-31,L00202,73688.25,0.04375,180,102,143301.76,2025-09-02T07:00:00Z
2025-09-30,L00202,72869.79,0.04375,180,103,143301.76,2025-10-02T07:00:00Z
2024-01-31,L00203,375114.95,0.05491,300,29,394132.17,2024-02-02T07:00:00Z
2024-02-29,L00203,374413.22,0.05491,300,30,394132.17,2024-03-02T07:00:00Z
2024-03-31,L00203,373708.27,0.05491,300,31,394132.17,2024-04-02T07:00:00Z
2024-04-30,L00203,373000.1,0.05491,300,32,394132.17,2024-05-02T07:00:00Z
2024-05-31,L00203,372288.69,0.05491,300,33,394132.17,2024-06-02T07:00:00Z
2024-06-30,L00203,371574.02,0.05491,300,34,394132.17,2024-07-02T07:00:00Z
2024-07-31,L00203,370856.08,0.05491,300,35,394132.17,2024-08-02T07:00:00Z
2024-08-31,L00203,370134.86,0.05491,300,36,394132.17,2024-09-02T07:00:00Z
2024-09-30,L00203,369410.34,0.05491,300,37,394132.17,2024-10-02T07:00:00Z
2024-10-31,L00203,368682.5,0.05491,300,38,394132.17,2024-11-02T07:00:00Z
2024-11-30,L00203,367951.33,0.05491,300,39,394132.17,2024-12-02T07:00:00Z
2024-12-31,L00203,367216.81,0.05491,300,40,394132.17,2025-01-02T07:00:00Z
2025-01-31,L00203,366478.94,0.05491,300,41,394132.17,2025-02-02T07:00:00Z
2025-02-28,L00203,365737.69,0.05491,300,42,394132.17,2025-03-02T07:00:00Z
2025-03-31,L00203,364993.04,0.05491,300,43,394132.17,2025-04-02T07:00:00Z
2025-04-30,L00203,364244.99,0.05491,300,44,394132.17,2025-05-02T07:00:00Z
2025-05-31,L00203,363493.52,0.05491,300,45,394132.17,2025-06-02T07:00:00Z
2025-06-30,L00203,362738.61,0.05491,300,46,394132.17,2025-07-02T07:00:00Z
2025-07-31,L00203,361980.24,0.05491,300,47,394132.17,2025-08-02T07:00:00Z
2025-08-31,L00203,361218.4,0.05491,300,48,394132.17,2025-09-02T07:00:00Z
2025-09-30,L00203,360453.08,0.05491,300,49,394132.17,2025-10-02T07:00:00Z
2024-01-31,L00204,297672.93,0.06498,240,139,514327.77,2024-02-02T07:00:00Z
2024-02-29,L00204,295450.75,0.06498,240,140,514327.77,2024-03-02T07:00:00Z
2024-03-31,L00204,293216.53,0.06498,240,141,514327.77,2024-04-02T07:00:00Z
2024-04-30,L00204,290970.21,0.06498,240,142,514327.77,2024-05-02T07:00:00Z
2024-05-31,L00204,288711.73,0.06498,240,143,514327.77,2024-06-02T07:00:00Z
2024-06-30,L00204,286441.02,0.06498,240,144,514327.77,2024-07-02T07:00:00Z
2024-07-31,L00204,284158.01,0.06498,240,145,514327.77,2024-08-02T07:00:00Z
2024-08-31,L00204,281862.65,0.06498,240,146,514327.77,2024-09-02T07:00:00Z
2024-09-30,L00204,279554.85,0.06498,240,147,514327.77,2024-10-02T07:00:00Z
2024-10-31,L00204,277234.55,0.06498,240,148,514327.77,2024-11-02T07:00:00Z
2024-11-30,L00204,274901.69,0.06498,240,149,514327.77,2024-12-02T07:00:00Z
2024-12-31,L00204,272556.2,0.06498,240,150,514327.77,2025-01-02T07:00:00Z
2025-01-31,L00204,270198.01,0.06498,240,151,514327.77,2025-02-02T07:00:00Z
2025-02-28,L00204,267827.05,0.06498,240,152,514327.77,2025-03-02T07:00:00Z
2025-03-31,L00204,265443.25,0.06498,240,153,514327.77,2025-04-02T07:00:00Z
2025-04-30,L00204,263046.54,0.06498,240,154,514327.77,2025-05-02T07:00:00Z
2025-05-31,L00204,260636.85,0.06498,240,155,514327.77,2025-06-02T07:00:00Z
2025-06-30,L00204,258214.12,0.06498,240,156,514327.77,2025-07-02T07:00:00Z
2025-07-31,L00204,255778.26,0.06498,240,157,514327.77,2025-08-02T07:00:00Z
2025-08-31,L00204,253329.22,0.06498,240,158,514327.77,2025-09-02T07:00:00Z
2025-09-30,L00204,250866.91,0.06498,240,159,514327.77,2025-10-02T07:00:00Z
2024-01-31,L00205,376409.97,0.05147,240,100,536112.5,2024-02-02T07:00:00Z
2024-02-29,L00205,374442.67,0.05147,240,101,536112.5,2024-03-02T07:00:00Z
2024-03-31,L00205,372466.93,0.05147,240,102,536112.5,2024-04-02T07:00:00Z
2024-04-30,L00205,370482.72,0.05147,240,103,536112.5,2024-05-02T07:00:00Z
2024-05-31,L00205,368490.0,0.05147,240,104,536112.5,2024-06-02T07:00:00Z
2024-06-30,L00205,366488.73,0.05147,240,105,536112.5,2024-07-02T07:00:00Z
2024-07-31,L00205,364478.87,0.05147,240,106,536112.5,2024-08-02T07:00:00Z
2024-08-31,L00205,362460.4,0.05147,240,107,536112.5,2024-09-02T07:00:00Z
2024-09-30,L00205,360433.27,0.05147,240,108,536112.5,2024-10-02T07:00:00Z
2024-10-31,L00205,358397.44,0.05147,240,109,536112.5,2024-11-02T07:00:00Z
2024-11-30,L00205,356352.88,0.05147,240,110,536112.5,2024-12-02T07:00:00Z
2024-12-31,L00205,354299.55,0.05147,240,111,536112.5,2025-01-02T07:00:00Z
2025-01-31,L00205,352237.42,0.05147,240,112,536112.5,2025-02-02T07:00:00Z
2025-02-28,L00205,350166.44,0.05147,240,113,536112.5,2025-03-02T07:00:00Z
2025-03-31,L00205,348086.57,0.05147,240,114,536112.5,2025-04-02T07:00:00Z
2025-04-30,L00205,345997.79,0.05147,240,115,536112.5,2025-05-02T07:00:00Z
2025-05-31,L00205,343900.05,0.05147,240,116,536112.5,2025-06-02T07:00:00Z
2025-06-30,L00205,341793.31,0.05147,240,117,536112.5,2025-07-02T07:00:00Z
2025-07-31,L00205,339677.53,0.05147,240,118,536112.5,2025-08-02T07:00:00Z
2025-08-31,L00205,337552.68,0.05147,240,119,536112.5,2025-09-02T07:00:00Z
2025-09-30,L00205,335418.71,0.05147,240,120,536112.5,2025-10-02T07:00:00Z
2024-01-31,L00206,158545.64,0.05462,360,153,209442.56,2024-02-02T07:00:00Z
2024-02-29,L00206,158083.08,0.05462,360,154,209442.56,2024-03-02T07:00:00Z
2024-03-31,L00206,157618.42,0.05462,360,155,209442.56,2024-04-02T07:00:00Z
2024-04-30,L00206,157151.64,0.05462,360,156,209442.56,2024-05-02T07:00:00Z
2024-05-31,L00206,156682.74,0.05462,360,157,209442.56,2024-06-02T07:00:00Z
2024-06-30,L00206,156211.71,0.05462,360,158,209442.56,2024-07-02T07:00:00Z
2024-07-31,L00206,155738.53,0.05462,360,159,209442.56,2024-08-02T07:00:00Z
2024-08-31,L00206,155263.19,0.05462,360,160,209442.56,2024-09-02T07:00:00Z
2024-09-30,L00206,154785.7,0.05462,360,161,209442.56,2024-10-02T07:00:00Z
2024-10-31,L00206,154306.03,0.05462,360,162,209442.56,2024-11-02T07:00:00Z
2024-11-30,L00206,153824.17,0.05462,360,163,209442.56,2024-12-02T07:00:00Z
2024-12-31,L00206,153340.13,0.05462,360,164,209442.56,2025-01-02T07:00:00Z
2025-01-31,L00206,152853.88,0.05462,360,165,209442.56,2025-02-02T07:00:00Z
2025-02-28,L00206,147879.43,0.05462,360,166,209442.56,2025-03-02T07:00:00Z
2025-03-31,L00206,147403.19,0.05462,360,167,209442.56,2025-04-02T07:00:00Z
2025-04-30,L00206,146924.78,0.05462,360,168,209442.56,2025-05-02T07:00:00Z
2025-05-31,L00206,146444.2,0.05462,360,169,209442.56,2025-06-02T07:00:00Z
2025-06-30,L00206,145961.42,0.05462,360,170,209442.56,2025-07-02T07:00:00Z
2025-07-31,L00206,145476.45,0.05462,360,171,209442.56,2025-08-02T07:00:00Z
2025-08-31,L00206,144989.28,0.05462,360,172,209442.56,2025-09-02T07:00:00Z
2025-09-30,L00206,144499.88,0.05462,360,173,209442.56,2025-10-02T07:00:00Z
2024-01-31,L00207,301666.07,0.05154,300,175,526266.32,2024-02-02T07:00:00Z
2024-02-29,L00207,299837.83,0.05154,300,176,526266.32,2024-03-02T07:00:00Z
2024-03-31,L00207,298001.73,0.05154,300,177,526266.32,2024-04-02T07:00:00Z
2024-04-30,L00207,296157.74,0.05154,300,178,526266.32,2024-05-02T07:00:00Z
2024-05-31,L00207,294305.83,0.05154,300,179,526266.32,2024-06-02T07:00:00Z
2024-06-30,L00207,292445.97,0.05154,300,180,526266.32,2024-07-02T07:00:00Z
2024-07-31,L00207,290578.13,0.05154,300,181,526266.32,2024-08-02T07:00:00Z
2024-08-31,L00207,288702.25,0.05154,300,182,526266.32,2024-09-02T07:00:00Z
2024-09-30,L00207,286818.33,0.05154,300,183,526266.32,2024-10-02T07:00:00Z
2024-10-31,L00207,284926.31,0.05154,300,184,526266.32,2024-11-02T07:00:00Z
2024-11-30,L00207,283026.16,0.05154,300,185,526266.32,2024-12-02T07:00:00Z
2024-12-31,L00207,281117.86,0.05154,300,186,526266.32,2025-01-02T07:00:00Z
2025-01-31,L00207,279201.35,0.05154,300,187,526266.32,2025-02-02T07:00:00Z
2025-02-28,L00207,277276.62,0.05154,300,188,526266.32,2025-03-02T07:00:00Z
2025-03-31,L00207,275343.62,0.05154,300,189,526266.32,2025-04-02T07:00:00Z
2025-04-30,L00207,273402.32,0.05154,300,190,526266.32,2025-05-02T07:00:00Z
2025-05-31,L00207,271452.68,0.05154,300,191,526266.32,2025-06-02T07:00:00Z
2025-06-30,L00207,269494.66,0.05154,300,192,526266.32,2025-07-02T07:00:00Z
2025-07-31,L00207,267528.24,0.05154,300,193,526266.32,2025-08-02T07:00:00Z
2025-08-31,L00207,265553.37,0.05154,300,194,526266.32,2025-09-02T07:00:00Z
2025-09-30,L00207,263570.02,0.05154,300,195,526266.32,2025-10-02T07:00:00Z
2024-01-31,L00208,375817.48,0.06277,360,58,401414.03,2024-02-02T07:00:00Z
2024-02-29,L00208,375304.69,0.06277,360,59,401414.03,2024-03-02T07:00:00Z
2024-03-31,L00208,374789.21,0.06277,360,60,401414.03,2024-04-02T07:00:00Z
2024-04-30,L00208,374271.04,0.06277,360,61,401414.03,2024-05-02T07:00:00Z
2024-05-31,L00208,373750.17,0.06277,360,62,401414.03,2024-06-02T07:00:00Z
2024-06-30,L00208,373226.56,0.06277,360,63,401414.03,2024-07-02T07:00:00Z
2024-07-31,L00208,372700.22,0.06277,360,64,401414.03,2024-08-02T07:00:00Z
2024-08-31,L00208,372171.12,0.06277,360,65,401414.03,2024-09-02T07:00:00Z
2024-09-30,L00208,371639.26,0.06277,360,66,401414.03,2024-10-02T07:00:00Z
2024-10-31,L00208,371104.61,0.06277,360,67,401414.03,2024-11-02T07:00:00Z
2024-11-30,L00208,370567.17,0.06277,360,68,401414.03,2024-12-02T07:00:00Z
2024-12-31,L00208,370026.92,0.06277,360,69,401414.03,2025-01-02T07:00:00Z
2025-01-31,L00208,369483.84,0.06277,360,70,401414.03,2025-02-02T07:00:00Z
2025-02-28,L00208,368937.92,0.06277,360,71,401414.03,2025-03-02T07:00:00Z
2025-03-31,L00208,368389.14,0.06277,360,72,401414.03,2025-04-02T07:00:00Z
2025-04-30,L00208,367837.5,0.06277,360,73,401414.03,2025-05-02T07:00:00Z
2025-05-31,L00208,367282.97,0.06277,360,74,401414.03,2025-06-02T07:00:00Z
2025-06-30,L00208,366725.53,0.06277,360,75,401414.03,2025-07-02T07:00:00Z
2025-07-31,L00208,366165.19,0.06277,360,76,401414.03,2025-08-02T07:00:00Z
2025-08-31,L00208,365601.91,0.06277,360,77,401414.03,2025-09-02T07:00:00Z
2025-09-30,L00208,365035.68,0.06277,360,78,401414.03,2025-10-02T07:00:00Z
2024-01-31,L00209,230793.73,0.05708,240,177,607172.43,2024-02-02T07:00:00Z
2024-02-29,L00209,227643.22,0.05708,240,178,607172.43,2024-03-02T07:00:00Z
2024-03-31,L00209,224477.73,0.05708,240,179,607172.43,2024-04-02T07:00:00Z
2024-04-30,L00209,221297.19,0.05708,240,180,607172.43,2024-05-02T07:00:00Z
2024-05-31,L00209,218101.51,0.05708,240,181,607172.43,2024-06-02T07:00:00Z
2024-06-30,L00209,214890.64,0.05708,240,182,607172.43,2024-07-02T07:00:00Z
2024-07-31,L00209,211664.49,0.05708,240,183,607172.43,2024-08-02T07:00:00Z
2024-08-31,L00209,208422.99,0.05708,240,184,607172.43,2024-09-02T07:00:00Z
2024-09-30,L00209,205166.08,0.05708,240,185,607172.43,2024-10-02T07:00:00Z
2024-10-31,L00209,201893.67,0.05708,240,186,607172.43,2024-11-02T07:00:00Z
2024-11-30,L00209,198605.7,0.05708,240,187,607172.43,2024-12-02T07:00:00Z
2024-12-31,L00209,195302.09,0.05708,240,188,607172.43,2025-01-02T07:00:00Z
2025-01-31,L00209,191982.77,0.05708,240,189,607172.43,2025-02-02T07:00:00Z
2025-02-28,L00209,188647.65,0.05708,240,190,607172.43,2025-03-02T07:00:00Z
2025-03-31,L00209,185296.67,0.05708,240,191,607172.43,2025-04-02T07:00:00Z
2025-04-30,L00209,181929.76,0.05708,240,192,607172.43,2025-05-02T07:00:00Z
2025-05-31,L00209,175711.16,0.05708,240,193,607172.43,2025-06-02T07:00:00Z
2025-06-30,L00209,172366.12,0.05708,240,194,607172.43,2025-07-02T07:00:00Z
2025-07-31,L00209,169005.16,0.05708,240,195,607172.43,2025-08-02T07:00:00Z
2025-08-31,L00209,165628.22,0.05708,240,196,607172.43,2025-09-02T07:00:00Z
2025-09-30,L00209,158986.05,0.05708,240,197,607172.43,2025-10-02T07:00:00Z
2024-01-31,L00210,137079.74,0.04977,240,157,296878.83,2024-02-02T07:00:00Z
2024-02-29,L00210,135692.78,0.04977,240,158,296878.83,2024-03-02T07:00:00Z
2024-03-31,L00210,134300.07,0.04977,240,159,296878.83,2024-04-02T07:00:00Z
2024-04-30,L00210,132901.58,0.04977,240,160,296878.83,2024-05-02T07:00:00Z
2024-05-31,L00210,131497.29,0.04977,240,161,296878.83,2024-06-02T07:00:00Z
2024-06-30,L00210,130087.18,0.04977,240,162,296878.83,2024-07-02T07:00:00Z
2024-07-31,L00210,128671.22,0.04977,240,163,296878.83,2024-08-02T07:00:00Z
2024-08-31,L00210,127249.38,0.04977,240,164,296878.83,2024-09-02T07:00:00Z
2024-09-30,L00210,125821.65,0.04977,240,165,296878.83,2024-10-02T07:00:00Z
2024-10-31,L00210,124387.99,0.04977,240,166,296878.83,2024-11-02T07:00:00Z
2024-11-30,L00210,122948.4,0.04977,240,167,296878.83,2024-12-02T07:00:00Z
2024-12-31,L00210,121502.82,0.04977,240,168,296878.83,2025-01-02T07:00:00Z
2025-01-31,L00210,120051.26,0.04977,240,169,296878.83,2025-02-02T07:00:00Z
2025-02-28,L00210,118593.67,0.04977,240,170,296878.83,2025-03-02T07:00:00Z
2025-03-31,L00210,117130.04,0.04977,240,171,296878.83,2025-04-02T07:00:00Z
2025-04-30,L00210,115660.34,0.04977,240,172,296878.83,2025-05-02T07:00:00Z
2025-05-31,L00210,114184.54,0.04977,240,173,296878.83,2025-06-02T07:00:00Z
2025-06-30,L00210,112702.62,0.04977,240,174,296878.83,2025-07-02T07:00:00Z
2025-07-31,L00210,111214.56,0.04977,240,175,296878.83,2025-08-02T07:00:00Z
2025-08-31,L00210,109720.32,0.04977,240,176,296878.83,2025-09-02T07:00:00Z
2025-09-30,L00210,108219.89,0.04977,240,177,296878.83,2025-10-02T07:00:00Z
2024-01-31,L00211,404086.95,0.0638,240,108,577894.17,2024-02-02T07:00:00Z
2024-02-29,L00211,401967.45,0.0638,240,109,577894.17,2024-03-02T07:00:00Z
2024-03-31,L00211,399836.68,0.0638,240,110,577894.17,2024-04-02T07:00:00Z
2024-04-30,L00211,397694.58,0.0638,240,111,577894.17,2024-05-02T07:00:00Z
2024-05-31,L00211,395541.1,0.0638,240,112,577894.17,2024-06-02T07:00:00Z
2024-06-30,L00211,393376.17,0.0638,240,113,577894.17,2024-07-02T07:00:00Z
2024-07-31,L00211,391199.72,0.0638,240,114,577894.17,2024-08-02T07:00:00Z
2024-08-31,L00211,389011.71,0.0638,240,115,577894.17,2024-09-02T07:00:00Z
2024-09-30,L00211,386812.06,0.0638,240,116,577894.17,2024-10-02T07:00:00Z
2024-10-31,L00211,384600.71,0.0638,240,117,577894.17,2024-11-02T07:00:00Z
2024-11-30,L00211,382377.61,0.0638,240,118,577894.17,2024-12-02T07:00:00Z
2024-12-31,L00211,380142.69,0.0638,240,119,577894.17,2025-01-02T07:00:00Z
2025-01-31,L00211,377895.89,0.0638,240,120,577894.17,2025-02-02T07:00:00Z
2025-02-28,L00211,375637.14,0.0638,240,121,577894.17,2025-03-02T07:00:00Z
2025-03-31,L00211,373366.39,0.0638,240,122,577894.17,2025-04-02T07:00:00Z
2025-04-30,L00211,371083.56,0.0638,240,123,577894.17,2025-05-02T07:00:00Z
2025-05-31,L00211,368788.59,0.0638,240,124,577894.17,2025-06-02T07:00:00Z
2025-06-30,L00211,366481.42,0.0638,240,125,577894.17,2025-07-02T07:00:00Z
2025-07-31,L00211,364161.99,0.0638,240,126,577894.17,2025-08-02T07:00:00Z
2025-08-31,L00211,361830.22,0.0638,240,127,577894.17,2025-09-02T07:00:00Z
2025-09-30,L00211,359486.06,0.0638,240,128,577894.17,2025-10-02T07:00:00Z
2024-01-31,L00212,429661.52,0.06637,360,132,517948.28,2024-02-02T07:00:00Z
2024-02-29,L00212,428717.32,0.06637,360,133,517948.28,2024-03-02T07:00:00Z
2024-03-31,L00212,427767.89,0.06637,360,134,517948.28,2024-04-02T07:00:00Z
2024-04-30,L00212,426813.21,0.06637,360,135,517948.28,2024-05-02T07:00:00Z
2024-05-31,L00212,425853.26,0.06637,360,136,517948.28,2024-06-02T07:00:00Z
2024-06-30,L00212,424887.99,0.06637,360,137,517948.28,2024-07-02T07:00:00Z
2024-07-31,L00212,423917.38,0.06637,360,138,517948.28,2024-08-02T07:00:00Z
2024-08-31,L00212,422941.41,0.06637,360,139,517948.28,2024-09-02T07:00:00Z
2024-09-30,L00212,421960.04,0.06637,360,140,517948.28,2024-10-02T07:00:00Z
2024-10-31,L00212,420973.24,0.06637,360,141,517948.28,2024-11-02T07:00:00Z
2024-11-30,L00212,419980.98,0.06637,360,142,517948.28,2024-12-02T07:00:00Z
2024-12-31,L00212,418983.23,0.06637,360,143,517948.28,2025-01-02T07:00:00Z
2025-01-31,L00212,417979.97,0.06637,360,144,517948.28,2025-02-02T07:00:00Z
2025-02-28,L00212,416971.16,0.06637,360,145,517948.28,2025-03-02T07:00:00Z
2025-03-31,L00212,415956.77,0.06637,360,146,517948.28,2025-04-02T07:00:00Z
2025-04-30,L00212,414936.76,0.06637,360,147,517948.28,2025-05-02T07:00:00Z
2025-05-31,L00212,413911.12,0.06637,360,148,517948.28,2025-06-02T07:00:00Z
2025-06-30,L00212,412879.8,0.06637,360,149,517948.28,2025-07-02T07:00:00Z
2025-07-31,L00212,411842.78,0.06637,360,150,517948.28,2025-08-02T07:00:00Z
2025-08-31,L00212,410800.02,0.06637,360,151,517948.28,2025-09-02T07:00:00Z
2025-09-30,L00212,409751.5,0.06637,360,152,517948.28,2025-10-02T07:00:00Z
2024-01-31,L00213,195410.2,0.0642,360,43,204459.37,2024-02-02T07:00:00Z
2024-02-29,L00213,195174.07,0.0642,360,44,204459.37,2024-03-02T07:00:00Z
2024-03-31,L00213,194936.66,0.0642,360,45,204459.37,2024-04-02T07:00:00Z
2024-04-30,L00213,194697.99,0.0642,360,46,204459.37,2024-05-02T07:00:00Z
2024-05-31,L00213,194458.04,0.0642,360,47,204459.37,2024-06-02T07:00:00Z
2024-06-30,L00213,194216.81,0.0642,360,48,204459.37,2024-07-02T07:00:00Z
2024-07-31,L00213,193974.28,0.0642,360,49,204459.37,2024-08-02T07:00:00Z
2024-08-31,L00213,193730.46,0.0642,360,50,204459.37,2024-09-02T07:00:00Z
2024-09-30,L00213,193485.33,0.0642,360,51,204459.37,2024-10-02T07:00:00Z
2024-10-31,L00213,193238.9,0.0642,360,52,204459.37,2024-11-02T07:00:00Z
2024-11-30,L00213,192991.14,0.0642,360,53,204459.37,2024-12-02T07:00:00Z
2024-12-31,L00213,192742.06,0.0642,360,54,204459.37,2025-01-02T07:00:00Z
2025-01-31,L00213,192491.64,0.0642,360,55,204459.37,2025-02-02T07:00:00Z
2025-02-28,L00213,192239.89,0.0642,360,56,204459.37,2025-03-02T07:00:00Z
2025-03-31,L00213,190179.45,0.0642,360,57,204459.37,2025-04-02T07:00:00Z
2025-04-30,L00213,189927.39,0.0642,360,58,204459.37,2025-05-02T07:00:00Z
2025-05-31,L00213,189673.98,0.0642,360,59,204459.37,2025-06-02T07:00:00Z
2025-06-30,L00213,189419.22,0.0642,360,60,204459.37,2025-07-02T07:00:00Z
2025-07-31,L00213,189163.09,0.0642,360,61,204459.37,2025-08-02T07:00:00Z
2025-08-31,L00213,188905.59,0.0642,360,62,204459.37,2025-09-02T07:00:00Z
2025-09-30,L00213,188646.72,0.0642,360,63,204459.37,2025-10-02T07:00:00Z
2024-01-31,L00214,121297.6,0.0602,180,124,294684.88,2024-02-02T07:00:00Z
2024-02-29,L00214,119416.21,0.0602,180,125,294684.88,2024-03-02T07:00:00Z
2024-03-31,L00214,117525.38,0.0602,180,126,294684.88,2024-04-02T07:00:00Z
2024-04-30,L00214,115625.06,0.0602,180,127,294684.88,2024-05-02T07:00:00Z
2024-05-31,L00214,113715.21,0.0602,180,128,294684.88,2024-06-02T07:00:00Z
2024-06-30,L00214,111795.77,0.0602,180,129,294684.88,2024-07-02T07:00:00Z
2024-07-31,L00214,109866.71,0.0602,180,130,294684.88,2024-08-02T07:00:00Z
2024-08-31,L00214,107927.97,0.0602,180,131,294684.88,2024-09-02T07:00:00Z
2024-09-30,L00214,105979.51,0.0602,180,132,294684.88,2024-10-02T07:00:00Z
2024-10-31,L00214,104021.27,0.0602,180,133,294684.88,2024-11-02T07:00:00Z
2024-11-30,L00214,102053.21,0.0602,180,134,294684.88,2024-12-02T07:00:00Z
2024-12-31,L00214,100075.27,0.0602,180,135,294684.88,2025-01-02T07:00:00Z
2025-01-31,L00214,98087.41,0.0602,180,136,294684.88,2025-02-02T07:00:00Z
2025-02-28,L00214,96089.58,0.0602,180,137,294684.88,2025-03-02T07:00:00Z
2025-03-31,L00214,94081.72,0.0602,180,138,294684.88,2025-04-02T07:00:00Z
2025-04-30,L00214,92063.8,0.0602,180,139,294684.88,2025-05-02T07:00:00Z
2025-05-31,L00214,90035.75,0.0602,180,140,294684.88,2025-06-02T07:00:00Z
2025-06-30,L00214,87997.52,0.0602,180,141,294684.88,2025-07-02T07:00:00Z
2025-07-31,L00214,85949.07,0.0602,180,142,294684.88,2025-08-02T07:00:00Z
2025-08-31,L00214,83890.35,0.0602,180,143,294684.88,2025-09-02T07:00:00Z
2025-09-30,L00214,81821.29,0.0602,180,144,294684.88,2025-10-02T07:00:00Z
2024-01-31,L00215,309493.06,0.05708,360,4,310810.82,2024-02-02T07:00:00Z
2024-02-29,L00215,309159.69,0.05708,360,5,310810.82,2024-03-02T07:00:00Z
2024-03-31,L00215,308824.73,0.05708,360,6,310810.82,2024-04-02T07:00:00Z
2024-04-30,L00215,308488.19,0.05708,360,7,310810.82,2024-05-02T07:00:00Z
2024-05-31,L00215,308150.04,0.05708,360,8,310810.82,2024-06-02T07:00:00Z
2024-06-30,L00215,307810.28,0.05708,360,9,310810.82,2024-07-02T07:00:00Z
2024-07-31,L00215,307468.91,0.05708,360,10,310810.82,2024-08-02T07:00:00Z
2024-08-31,L00215,307125.91,0.05708,360,11,310810.82,2024-09-02T07:00:00Z
2024-09-30,L00215,306781.29,0.05708,360,12,310810.82,2024-10-02T07:00:00Z
2024-10-31,L00215,306435.02,0.05708,360,13,310810.82,2024-11-02T07:00:00Z
2024-11-30,L00215,306087.1,0.05708,360,14,310810.82,2024-12-02T07:00:00Z
2024-12-31,L00215,305737.54,0.05708,360,15,310810.82,2025-01-02T07:00:00Z
2025-01-31,L00215,305386.3,0.05708,360,16,310810.82,2025-02-02T07:00:00Z
2025-02-28,L00215,305033.4,0.05708,360,17,310810.82,2025-03-02T07:00:00Z
2025-03-31,L00215,304678.82,0.05708,360,18,310810.82,2025-04-02T07:00:00Z
2025-04-30,L00215,304322.55,0.05708,360,19,310810.82,2025-05-02T07:00:00Z
2025-05-31,L00215,303964.59,0.05708,360,20,310810.82,2025-06-02T07:00:00Z
2025-06-30,L00215,303604.93,0.05708,360,21,310810.82,2025-07-02T07:00:00Z
2025-07-31,L00215,303243.55,0.05708,360,22,310810.82,2025-08-02T07:00:00Z
2025-08-31,L00215,302880.45,0.05708,360,23,310810.82,2025-09-02T07:00:00Z
2025-09-30,L00215,302515.63,0.05708,360,24,310810.82,2025-10-02T07:00:00Z
2024-01-31,L00216,108145.57,0.06735,300,58,118574.13,2024-02-02T07:00:00Z
2024-02-29,L00216,107934.42,0.06735,300,59,118574.13,2024-03-02T07:00:00Z
2024-03-31,L00216,102386.48,0.06735,300,60,118574.13,2024-04-02T07:00:00Z
2024-04-30,L00216,102183.53,0.06735,300,61,118574.13,2024-05-02T07:00:00Z
2024-05-31,L00216,101979.44,0.06735,300,62,118574.13,2024-06-02T07:00:00Z
2024-06-30,L00216,101774.2,0.06735,300,63,118574.13,2024-07-02T07:00:00Z
2024-07-31,L00216,101567.81,0.06735,300,64,118574.13,2024-08-02T07:00:00Z
2024-08-31,L00216,101360.26,0.06735,300,65,118574.13,2024-09-02T07:00:00Z
2024-09-30,L00216,101151.55,0.06735,300,66,118574.13,2024-10-02T07:00:00Z
2024-10-31,L00216,100941.67,0.06735,300,67,118574.13,2024-11-02T07:00:00Z
2024-11-30,L00216,100730.6,0.06735,300,68,118574.13,2024-12-02T07:00:00Z
2024-12-31,L00216,100518.36,0.06735,300,69,118574.13,2025-01-02T07:00:00Z
2025-01-31,L00216,100304.92,0.06735,300,70,118574.13,2025-02-02T07:00:00Z
2025-02-28,L00216,100090.28,0.06735,300,71,118574.13,2025-03-02T07:00:00Z
2025-03-31,L00216,99874.44,0.06735,300,72,118574.13,2025-04-02T07:00:00Z
2025-04-30,L00216,99657.39,0.06735,300,73,118574.13,2025-05-02T07:00:00Z
2025-05-31,L00216,99439.12,0.06735,300,74,118574.13,2025-06-02T07:00:00Z
2025-06-30,L00216,99219.63,0.06735,300,75,118574.13,2025-07-02T07:00:00Z
2025-07-31,L00216,98998.9,0.06735,300,76,118574.13,2025-08-02T07:00:00Z
2025-08-31,L00216,98776.93,0.06735,300,77,118574.13,2025-09-02T07:00:00Z
2025-09-30,L00216,98553.72,0.06735,300,78,118574.13,2025-10-02T07:00:00Z
2024-01-31,L00217,420065.75,0.04982,180,60,563615.7,2024-02-02T07:00:00Z
2024-02-29,L00217,417357.96,0.04982,180,61,563615.7,2024-03-02T07:00:00Z
2024-03-31,L00217,414638.94,0.04982,180,62,563615.7,2024-04-02T07:00:00Z
2024-04-30,L00217,411908.63,0.04982,180,63,563615.7,2024-05-02T07:00:00Z
2024-05-31,L00217,409166.98,0.04982,180,64,563615.7,2024-06-02T07:00:00Z
2024-06-30,L00217,406413.95,0.04982,180,65,563615.7,2024-07-02T07:00:00Z
2024-07-31,L00217,403649.5,0.04982,180,66,563615.7,2024-08-02T07:00:00Z
2024-08-31,L00217,400873.56,0.04982,180,67,563615.7,2024-09-02T07:00:00Z
2024-09-30,L00217,398086.1,0.04982,180,68,563615.7,2024-10-02T07:00:00Z
2024-10-31,L00217,395287.07,0.04982,180,69,563615.7,2024-11-02T07:00:00Z
2024-11-30,L00217,389798.1,0.04982,180,70,563615.7,2024-12-02T07:00:00Z
2024-12-31,L00217,386995.04,0.04982,180,71,563615.7,2025-01-02T07:00:00Z
2025-01-31,L00217,384180.34,0.04982,180,72,563615.7,2025-02-02T07:00:00Z
2025-02-28,L00217,381353.95,0.04982,180,73,563615.7,2025-03-02T07:00:00Z
2025-03-31,L00217,378515.83,0.04982,180,74,563615.7,2025-04-02T07:00:00Z
2025-04-30,L00217,375665.93,0.04982,180,75,563615.7,2025-05-02T07:00:00Z
2025-05-31,L00217,372804.19,0.04982,180,76,563615.7,2025-06-02T07:00:00Z
2025-06-30,L00217,369930.58,0.04982,180,77,563615.7,2025-07-02T07:00:00Z
2025-07-31,L00217,367045.03,0.04982,180,78,563615.7,2025-08-02T07:00:00Z
2025-08-31,L00217,364147.51,0.04982,180,79,563615.7,2025-09-02T07:00:00Z
2025-09-30,L00217,361237.95,0.04982,180,80,563615.7,2025-10-02T07:00:00Z
2024-01-31,L00218,73789.36,0.05457,300,194,143720.58,2024-02-02T07:00:00Z
2024-02-29,L00218,73246.03,0.05457,300,195,143720.58,2024-03-02T07:00:00Z
2024-03-31,L00218,72700.24,0.05457,300,196,143720.58,2024-04-02T07:00:00Z
2024-04-30,L00218,72151.96,0.05457,300,197,143720.58,2024-05-02T07:00:00Z
2024-05-31,L00218,71601.18,0.05457,300,198,143720.58,2024-06-02T07:00:00Z
2024-06-30,L00218,71047.91,0.05457,300,199,143720.58,2024-07-02T07:00:00Z
2024-07-31,L00218,70492.11,0.05457,300,200,143720.58,2024-08-02T07:00:00Z
2024-08-31,L00218,69933.79,0.05457,300,201,143720.58,2024-09-02T07:00:00Z
2024-09-30,L00218,69372.93,0.05457,300,202,143720.58,2024-10-02T07:00:00Z
2024-10-31,L00218,68809.52,0.05457,300,203,143720.58,2024-11-02T07:00:00Z
2024-11-30,L00218,68243.55,0.05457,300,204,143720.58,2024-12-02T07:00:00Z
2024-12-31,L00218,67675.01,0.05457,300,205,143720.58,2025-01-02T07:00:00Z
2025-01-31,L00218,67103.88,0.05457,300,206,143720.58,2025-02-02T07:00:00Z
2025-02-28,L00218,66530.15,0.05457,300,207,143720.58,2025-03-02T07:00:00Z
2025-03-31,L00218,60985.33,0.05457,300,208,143720.58,2025-04-02T07:00:00Z
2025-04-30,L00218,60449.99,0.05457,300,209,143720.58,2025-05-02T07:00:00Z
2025-05-31,L00218,59912.21,0.05457,300,210,143720.58,2025-06-02T07:00:00Z
2025-06-30,L00218,59371.98,0.05457,300,211,143720.58,2025-07-02T07:00:00Z
2025-07-31,L00218,58829.3,0.05457,300,212,143720.58,2025-08-02T07:00:00Z
2025-08-31,L00218,58284.15,0.05457,300,213,143720.58,2025-09-02T07:00:00Z
2025-09-30,L00218,57736.53,0.05457,300,214,143720.58,2025-10-02T07:00:00Z
2024-01-31,L00219,386201.8,0.04423,360,113,474891.73,2024-02-02T07:00:00Z
2024-02-29,L00219,385240.75,0.04423,360,114,474891.73,2024-03-02T07:00:00Z
2024-03-31,L00219,384276.16,0.04423,360,115,474891.73,2024-04-02T07:00:00Z
2024-04-30,L00219,383308.01,0.04423,360,116,474891.73,2024-05-02T07:00:00Z
2024-05-31,L00219,382336.29,0.04423,360,117,474891.73,2024-06-02T07:00:00Z
2024-06-30,L00219,381360.99,0.04423,360,118,474891.73,2024-07-02T07:00:00Z
2024-07-31,L00219,380382.09,0.04423,360,119,474891.73,2024-08-02T07:00:00Z
2024-08-31,L00219,379399.59,0.04423,360,120,474891.73,2024-09-02T07:00:00Z
2024-09-30,L00219,378413.46,0.04423,360,121,474891.73,2024-10-02T07:00:00Z
2024-10-31,L00219,377423.7,0.04423,360,122,474891.73,2024-11-02T07:00:00Z
2024-11-30,L00219,376430.29,0.04423,360,123,474891.73,2024-12-02T07:00:00Z
2024-12-31,L00219,375433.23,0.04423,360,124,474891.73,2025-01-02T07:00:00Z
2025-01-31,L00219,374432.48,0.04423,360,125,474891.73,2025-02-02T07:00:00Z
2025-02-28,L00219,373428.05,0.04423,360,126,474891.73,2025-03-02T07:00:00Z
2025-03-31,L00219,372419.91,0.04423,360,127,474891.73,2025-04-02T07:00:00Z
2025-04-30,L00219,371408.06,0.04423,360,128,474891.73,2025-05-02T07:00:00Z
2025-05-31,L00219,370392.48,0.04423,360,129,474891.73,2025-06-02T07:00:00Z
2025-06-30,L00219,369373.16,0.04423,360,130,474891.73,2025-07-02T07:00:00Z
2025-07-31,L00219,368350.08,0.04423,360,131,474891.73,2025-08-02T07:00:00Z
2025-08-31,L00219,367323.23,0.04423,360,132,474891.73,2025-09-02T07:00:00Z
2025-09-30,L00219,366292.59,0.04423,360,133,474891.73,2025-10-02T07:00:00Z
2024-01-31,L00220,281962.19,0.05868,360,2,282540.49,2024-02-02T07:00:00Z
2024-02-29,L00220,281670.91,0.05868,360,3,282540.49,2024-03-02T07:00:00Z
2024-03-31,L00220,281378.21,0.05868,360,4,282540.49,2024-04-02T07:00:00Z
2024-04-30,L00220,281084.08,0.05868,360,5,282540.49,2024-05-02T07:00:00Z
2024-05-31,L00220,280788.51,0.05868,360,6,282540.49,2024-06-02T07:00:00Z
2024-06-30,L00220,280491.5,0.05868,360,7,282540.49,2024-07-02T07:00:00Z
2024-07-31,L00220,280193.03,0.05868,360,8,282540.49,2024-08-02T07:00:00Z
2024-08-31,L00220,279893.11,0.05868,360,9,282540.49,2024-09-02T07:00:00Z
2024-09-30,L00220,279591.71,0.05868,360,10,282540.49,2024-10-02T07:00:00Z
2024-10-31,L00220,279288.85,0.05868,360,11,282540.49,2024-11-02T07:00:00Z
2024-11-30,L00220,278984.5,0.05868,360,12,282540.49,2024-12-02T07:00:00Z
2024-12-31,L00220,278678.66,0.05868,360,13,282540.49,2025-01-02T07:00:00Z
2025-01-31,L00220,278371.33,0.05868,360,14,282540.49,2025-02-02T07:00:00Z
2025-02-28,L00220,278062.5,0.05868,360,15,282540.49,2025-03-02T07:00:00Z
2025-03-31,L00220,277752.15,0.05868,360,16,282540.49,2025-04-02T07:00:00Z
2025-04-30,L00220,277440.29,0.05868,360,17,282540.49,2025-05-02T07:00:00Z
2025-05-31,L00220,277126.91,0.05868,360,18,282540.49,2025-06-02T07:00:00Z
2025-06-30,L00220,276811.99,0.05868,360,19,282540.49,2025-07-02T07:00:00Z
2025-07-31,L00220,276495.53,0.05868,360,20,282540.49,2025-08-02T07:00:00Z
2025-08-31,L00220,276177.52,0.05868,360,21,282540.49,2025-09-02T07:00:00Z
2025-09-30,L00220,275857.96,0.05868,360,22,282540.49,2025-10-02T07:00:00Z
2024-01-31,L00221,243216.02,0.05731,180,85,384705.48,2024-02-02T07:00:00Z
2024-02-29,L00221,241186.86,0.05731,180,86,384705.48,2024-03-02T07:00:00Z
2024-03-31,L00221,239148.01,0.05731,180,87,384705.48,2024-04-02T07:00:00Z
2024-04-30,L00221,237099.42,0.05731,180,88,384705.48,2024-05-02T07:00:00Z
2024-05-31,L00221,235041.04,0.05731,180,89,384705.48,2024-06-02T07:00:00Z
2024-06-30,L00221,232972.84,0.05731,180,90,384705.48,2024-07-02T07:00:00Z
2024-07-31,L00221,230894.76,0.05731,180,91,384705.48,2024-08-02T07:00:00Z
2024-08-31,L00221,228806.75,0.05731,180,92,384705.48,2024-09-02T07:00:00Z
2024-09-30,L00221,226708.78,0.05731,180,93,384705.48,2024-10-02T07:00:00Z
2024-10-31,L00221,224600.78,0.05731,180,94,384705.48,2024-11-02T07:00:00Z
2024-11-30,L00221,222482.72,0.05731,180,95,384705.48,2024-12-02T07:00:00Z
2024-12-31,L00221,220354.54,0.05731,180,96,384705.48,2025-01-02T07:00:00Z
2025-01-31,L00221,218216.19,0.05731,180,97,384705.48,2025-02-02T07:00:00Z
2025-02-28,L00221,216067.64,0.05731,180,98,384705.48,2025-03-02T07:00:00Z
2025-03-31,L00221,213908.82,0.05731,180,99,384705.48,2025-04-02T07:00:00Z
2025-04-30,L00221,211739.69,0.05731,180,100,384705.48,2025-05-02T07:00:00Z
2025-05-31,L00221,209560.2,0.05731,180,101,384705.48,2025-06-02T07:00:00Z
2025-06-30,L00221,207370.31,0.05731,180,102,384705.48,2025-07-02T07:00:00Z
2025-07-31,L00221,205169.95,0.05731,180,103,384705.48,2025-08-02T07:00:00Z
2025-08-31,L00221,202959.09,0.05731,180,104,384705.48,2025-09-02T07:00:00Z
2025-09-30,L00221,200737.67,0.05731,180,105,384705.48,2025-10-02T07:00:00Z
2024-01-31,L00222,152713.88,0.05134,360,52,163873.19,2024-02-02T07:00:00Z
2024-02-29,L00222,152474.07,0.05134,360,53,163873.19,2024-03-02T07:00:00Z
2024-03-31,L00222,152233.23,0.05134,360,54,163873.19,2024-04-02T07:00:00Z
2024-04-30,L00222,151991.35,0.05134,360,55,163873.19,2024-05-02T07:00:00Z
2024-05-31,L00222,151748.45,0.05134,360,56,163873.19,2024-06-02T07:00:00Z
2024-06-30,L00222,151504.5,0.05134,360,57,163873.19,2024-07-02T07:00:00Z
2024-07-31,L00222,151259.51,0.05134,360,58,163873.19,2024-08-02T07:00:00Z
2024-08-31,L00222,151013.48,0.05134,360,59,163873.19,2024-09-02T07:00:00Z
2024-09-30,L00222,150766.39,0.05134,360,60,163873.19,2024-10-02T07:00:00Z
2024-10-31,L00222,150518.24,0.05134,360,61,163873.19,2024-11-02T07:00:00Z
2024-11-30,L00222,150269.03,0.05134,360,62,163873.19,2024-12-02T07:00:00Z
2024-12-31,L00222,150018.76,0.05134,360,63,163873.19,2025-01-02T07:00:00Z
2025-01-31,L00222,149767.41,0.05134,360,64,163873.19,2025-02-02T07:00:00Z
2025-02-28,L00222,149514.99,0.05134,360,65,163873.19,2025-03-02T07:00:00Z
2025-03-31,L00222,149261.49,0.05134,360,66,163873.19,2025-04-02T07:00:00Z
2025-04-30,L00222,147779.46,0.05134,360,67,163873.19,2025-05-02T07:00:00Z
2025-05-31,L00222,147525.89,0.05134,360,68,163873.19,2025-06-02T07:00:00Z
2025-06-30,L00222,147271.23,0.05134,360,69,163873.19,2025-07-02T07:00:00Z
2025-07-31,L00222,147015.49,0.05134,360,70,163873.19,2025-08-02T07:00:00Z
2025-08-31,L00222,146758.65,0.05134,360,71,163873.19,2025-09-02T07:00:00Z
2025-09-30,L00222,146500.72,0.05134,360,72,163873.19,2025-10-02T07:00:00Z
2024-01-31,L00223,330693.01,0.04452,360,63,365035.83,2024-02-02T07:00:00Z
2024-02-29,L00223,330080.7,0.04452,360,64,365035.83,2024-03-02T07:00:00Z
2024-03-31,L00223,329466.11,0.04452,360,65,365035.83,2024-04-02T07:00:00Z
2024-04-30,L00223,328849.24,0.04452,360,66,365035.83,2024-05-02T07:00:00Z
2024-05-31,L00223,328230.09,0.04452,360,67,365035.83,2024-06-02T07:00:00Z
2024-06-30,L00223,327608.63,0.04452,360,68,365035.83,2024-07-02T07:00:00Z
2024-07-31,L00223,326984.87,0.04452,360,69,365035.83,2024-08-02T07:00:00Z
2024-08-31,L00223,326358.8,0.04452,360,70,365035.83,2024-09-02T07:00:00Z
2024-09-30,L00223,325730.41,0.04452,360,71,365035.83,2024-10-02T07:00:00Z
2024-10-31,L00223,325099.68,0.04452,360,72,365035.83,2024-11-02T07:00:00Z
2024-11-30,L00223,324466.61,0.04452,360,73,365035.83,2024-12-02T07:00:00Z
2024-12-31,L00223,323831.2,0.04452,360,74,365035.83,2025-01-02T07:00:00Z
2025-01-31,L00223,323193.43,0.04452,360,75,365035.83,2025-02-02T07:00:00Z
2025-02-28,L00223,322553.29,0.04452,360,76,365035.83,2025-03-02T07:00:00Z
2025-03-31,L00223,321910.77,0.04452,360,77,365035.83,2025-04-02T07:00:00Z
2025-04-30,L00223,321265.88,0.04452,360,78,365035.83,2025-05-02T07:00:00Z
2025-05-31,L00223,320618.59,0.04452,360,79,365035.83,2025-06-02T07:00:00Z
2025-06-30,L00223,319968.89,0.04452,360,80,365035.83,2025-07-02T07:00:00Z
2025-07-31,L00223,319316.79,0.04452,360,81,365035.83,2025-08-02T07:00:00Z
2025-08-31,L00223,318662.27,0.04452,360,82,365035.83,2025-09-02T07:00:00Z
2025-09-30,L00223,318005.32,0.04452,360,83,365035.83,2025-10-02T07:00:00Z
2024-01-31,L00224,316306.4,0.05877,300,111,403541.77,2024-02-02T07:00:00Z
2024-02-29,L00224,315285.74,0.05877,300,112,403541.77,2024-03-02T07:00:00Z
2024-03-31,L00224,314260.08,0.05877,300,113,403541.77,2024-04-02T07:00:00Z
2024-04-30,L00224,313229.4,0.05877,300,114,403541.77,2024-05-02T07:00:00Z
2024-05-31,L00224,312193.67,0.05877,300,115,403541.77,2024-06-02T07:00:00Z
2024-06-30,L00224,311152.87,0.05877,300,116,403541.77,2024-07-02T07:00:00Z
2024-07-31,L00224,310106.98,0.05877,300,117,403541.77,2024-08-02T07:00:00Z
2024-08-31,L00224,309055.96,0.05877,300,118,403541.77,2024-09-02T07:00:00Z
2024-09-30,L00224,307999.79,0.05877,300,119,403541.77,2024-10-02T07:00:00Z
2024-10-31,L00224,306938.45,0.05877,300,120,403541.77,2024-11-02T07:00:00Z
2024-11-30,L00224,305871.91,0.05877,300,121,403541.77,2024-12-02T07:00:00Z
2024-12-31,L00224,304800.15,0.05877,300,122,403541.77,2025-01-02T07:00:00Z
2025-01-31,L00224,303723.14,0.05877,300,123,403541.77,2025-02-02T07:00:00Z
2025-02-28,L00224,302640.86,0.05877,300,124,403541.77,2025-03-02T07:00:00Z
2025-03-31,L00224,301553.27,0.05877,300,125,403541.77,2025-04-02T07:00:00Z
2025-04-30,L00224,300460.36,0.05877,300,126,403541.77,2025-05-02T07:00:00Z
2025-05-31,L00224,299362.1,0.05877,300,127,403541.77,2025-06-02T07:00:00Z
2025-06-30,L00224,298258.45,0.05877,300,128,403541.77,2025-07-02T07:00:00Z
2025-07-31,L00224,297149.4,0.05877,300,129,403541.77,2025-08-02T07:00:00Z
2025-08-31,L00224,296034.92,0.05877,300,130,403541.77,2025-09-02T07:00:00Z
2025-09-30,L00224,294914.99,0.05877,300,131,403541.77,2025-10-02T07:00:00Z
2024-01-31,L00225,299554.35,0.06171,360,72,326914.05,2024-02-02T07:00:00Z
2024-02-29,L00225,299098.7,0.06171,360,73,326914.05,2024-03-02T07:00:00Z
2024-03-31,L00225,298640.72,0.06171,360,74,326914.05,2024-04-02T07:00:00Z
2024-04-30,L00225,298180.38,0.06171,360,75,326914.05,2024-05-02T07:00:00Z
2024-05-31,L00225,297717.67,0.06171,360,76,326914.05,2024-06-02T07:00:00Z
2024-06-30,L00225,297252.59,0.06171,360,77,326914.05,2024-07-02T07:00:00Z
2024-07-31,L00225,296785.11,0.06171,360,78,326914.05,2024-08-02T07:00:00Z
2024-08-31,L00225,296315.23,0.06171,360,79,326914.05,2024-09-02T07:00:00Z
2024-09-30,L00225,295842.93,0.06171,360,80,326914.05,2024-10-02T07:00:00Z
2024-10-31,L00225,295368.2,0.06171,360,81,326914.05,2024-11-02T07:00:00Z
2024-11-30,L00225,294891.04,0.06171,360,82,326914.05,2024-12-02T07:00:00Z
2024-12-31,L00225,294411.41,0.06171,360,83,326914.05,2025-01-02T07:00:00Z
2025-01-31,L00225,293929.32,0.06171,360,84,326914.05,2025-02-02T07:00:00Z
2025-02-28,L00225,293444.76,0.06171,360,85,326914.05,2025-03-02T07:00:00Z
2025-03-31,L00225,292957.7,0.06171,360,86,326914.05,2025-04-02T07:00:00Z
2025-04-30,L00225,292468.13,0.06171,360,87,326914.05,2025-05-02T07:00:00Z
2025-05-31,L00225,291976.05,0.06171,360,88,326914.05,2025-06-02T07:00:00Z
2025-06-30,L00225,291481.44,0.06171,360,89,326914.05,2025-07-02T07:00:00Z
2025-07-31,L00225,290984.28,0.06171,360,90,326914.05,2025-08-02T07:00:00Z
2025-08-31,L00225,290484.57,0.06171,360,91,326914.05,2025-09-02T07:00:00Z
2025-09-30,L00225,289982.29,0.06171,360,92,326914.05,2025-10-02T07:00:00Z
2024-01-31,L00226,395267.31,0.05358,300,137,564475.72,2024-02-02T07:00:00Z
2024-02-29,L00226,393613.51,0.05358,300,138,564475.72,2024-03-02T07:00:00Z
2024-03-31,L00226,391952.32,0.05358,300,139,564475.72,2024-04-02T07:00:00Z
2024-04-30,L00226,390283.72,0.05358,300,140,564475.72,2024-05-02T07:00:00Z
2024-05-31,L00226,388607.66,0.05358,300,141,564475.72,2024-06-02T07:00:00Z
2024-06-30,L00226,386924.13,0.05358,300,142,564475.72,2024-07-02T07:00:00Z
2024-07-31,L00226,385233.07,0.05358,300,143,564475.72,2024-08-02T07:00:00Z
2024-08-31,L00226,383534.47,0.05358,300,144,564475.72,2024-09-02T07:00:00Z
2024-09-30,L00226,381828.28,0.05358,300,145,564475.72,2024-10-02T07:00:00Z
2024-10-31,L00226,380114.47,0.05358,300,146,564475.72,2024-11-02T07:00:00Z
2024-11-30,L00226,378393.02,0.05358,300,147,564475.72,2024-12-02T07:00:00Z
2024-12-31,L00226,376663.87,0.05358,300,148,564475.72,2025-01-02T07:00:00Z
2025-01-31,L00226,374927.0,0.05358,300,149,564475.72,2025-02-02T07:00:00Z
2025-02-28,L00226,373182.38,0.05358,300,150,564475.72,2025-03-02T07:00:00Z
2025-03-31,L00226,371429.97,0.05358,300,151,564475.72,2025-04-02T07:00:00Z
2025-04-30,L00226,369669.74,0.05358,300,152,564475.72,2025-05-02T07:00:00Z
2025-05-31,L00226,367901.64,0.05358,300,153,564475.72,2025-06-02T07:00:00Z
2025-06-30,L00226,366125.65,0.05358,300,154,564475.72,2025-07-02T07:00:00Z
2025-07-31,L00226,364341.73,0.05358,300,155,564475.72,2025-08-02T07:00:00Z
2025-08-31,L00226,362549.85,0.05358,300,156,564475.72,2025-09-02T07:00:00Z
2025-09-30,L00226,360749.97,0.05358,300,157,564475.72,2025-10-02T07:00:00Z
2024-01-31,L00227,291948.13,0.04871,300,147,444530.56,2024-02-02T07:00:00Z
2024-02-29,L00227,290567.81,0.04871,300,148,444530.56,2024-03-02T07:00:00Z
2024-03-31,L00227,289181.9,0.04871,300,149,444530.56,2024-04-02T07:00:00Z
2024-04-30,L00227,287790.35,0.04871,300,150,444530.56,2024-05-02T07:00:00Z
2024-05-31,L00227,286393.16,0.04871,300,151,444530.56,2024-06-02T07:00:00Z
2024-06-30,L00227,284990.3,0.04871,300,152,444530.56,2024-07-02T07:00:00Z
2024-07-31,L00227,283581.74,0.04871,300,153,444530.56,2024-08-02T07:00:00Z
2024-08-31,L00227,282167.47,0.04871,300,154,444530.56,2024-09-02T07:00:00Z
2024-09-30,L00227,280747.45,0.04871,300,155,444530.56,2024-10-02T07:00:00Z
2024-10-31,L00227,279321.67,0.04871,300,156,444530.56,2024-11-02T07:00:00Z
2024-11-30,L00227,273136.49,0.04871,300,157,444530.56,2024-12-02T07:00:00Z
2024-12-31,L00227,271723.7,0.04871,300,158,444530.56,2025-01-02T07:00:00Z
2025-01-31,L00227,270305.17,0.04871,300,159,444530.56,2025-02-02T07:00:00Z
2025-02-28,L00227,268880.89,0.04871,300,160,444530.56,2025-03-02T07:00:00Z
2025-03-31,L00227,267450.83,0.04871,300,161,444530.56,2025-04-02T07:00:00Z
2025-04-30,L00227,266014.96,0.04871,300,162,444530.56,2025-05-02T07:00:00Z
2025-05-31,L00227,264573.26,0.04871,300,163,444530.56,2025-06-02T07:00:00Z
2025-06-30,L00227,263125.71,0.04871,300,164,444530.56,2025-07-02T07:00:00Z
2025-07-31,L00227,261672.28,0.04871,300,165,444530.56,2025-08-02T07:00:00Z
2025-08-31,L00227,260212.96,0.04871,300,166,444530.56,2025-09-02T07:00:00Z
2025-09-30,L00227,258747.71,0.04871,300,167,444530.56,2025-10-02T07:00:00Z
2024-01-31,L00228,174339.49,0.04309,180,123,448547.96,2024-02-02T07:00:00Z
2024-02-29,L00228,171577.77,0.04309,180,124,448547.96,2024-03-02T07:00:00Z
2024-03-31,L00228,168806.14,0.04309,180,125,448547.96,2024-04-02T07:00:00Z
2024-04-30,L00228,166024.56,0.04309,180,126,448547.96,2024-05-02T07:00:00Z
2024-05-31,L00228,163232.98,0.04309,180,127,448547.96,2024-06-02T07:00:00Z
2024-06-30,L00228,160431.39,0.04309,180,128,448547.96,2024-07-02T07:00:00Z
2024-07-31,L00228,157619.73,0.04309,180,129,448547.96,2024-08-02T07:00:00Z
2024-08-31,L00228,154797.98,0.04309,180,130,448547.96,2024-09-02T07:00:00Z
2024-09-30,L00228,151966.09,0.04309,180,131,448547.96,2024-10-02T07:00:00Z
2024-10-31,L00228,149124.04,0.04309,180,132,448547.96,2024-11-02T07:00:00Z
2024-11-30,L00228,146271.78,0.04309,180,133,448547.96,2024-12-02T07:00:00Z
2024-12-31,L00228,143409.28,0.04309,180,134,448547.96,2025-01-02T07:00:00Z
2025-01-31,L00228,136815.38,0.04309,180,135,448547.96,2025-02-02T07:00:00Z
2025-02-28,L00228,134008.62,0.04309,180,136,448547.96,2025-03-02T07:00:00Z
2025-03-31,L00228,131191.78,0.04309,180,137,448547.96,2025-04-02T07:00:00Z
2025-04-30,L00228,128364.83,0.04309,180,138,448547.96,2025-05-02T07:00:00Z
2025-05-31,L00228,125527.73,0.04309,180,139,448547.96,2025-06-02T07:00:00Z
2025-06-30,L00228,122680.44,0.04309,180,140,448547.96,2025-07-02T07:00:00Z
2025-07-31,L00228,119822.93,0.04309,180,141,448547.96,2025-08-02T07:00:00Z
2025-08-31,L00228,116955.15,0.04309,180,142,448547.96,2025-09-02T07:00:00Z
2025-09-30,L00228,114077.08,0.04309,180,143,448547.96,2025-10-02T07:00:00Z
2024-01-31,L00229,288847.04,0.0619,360,167,386841.29,2024-02-02T07:00:00Z
2024-02-29,L00229,287970.24,0.0619,360,168,386841.29,2024-03-02T07:00:00Z
2024-03-31,L00229,287088.91,0.0619,360,169,386841.29,2024-04-02T07:00:00Z
2024-04-30,L00229,286203.04,0.0619,360,170,386841.29,2024-05-02T07:00:00Z
2024-05-31,L00229,285312.59,0.0619,360,171,386841.29,2024-06-02T07:00:00Z
2024-06-30,L00229,284417.56,0.0619,360,172,386841.29,2024-07-02T07:00:00Z
2024-07-31,L00229,283517.91,0.0619,360,173,386841.29,2024-08-02T07:00:00Z
2024-08-31,L00229,282613.61,0.0619,360,174,386841.29,2024-09-02T07:00:00Z
2024-09-30,L00229,281704.65,0.0619,360,175,386841.29,2024-10-02T07:00:00Z
2024-10-31,L00229,277902.22,0.0619,360,176,386841.29,2024-11-02T07:00:00Z
2024-11-30,L00229,276993.3,0.0619,360,177,386841.29,2024-12-02T07:00:00Z
2024-12-31,L00229,276079.7,0.0619,360,178,386841.29,2025-01-02T07:00:00Z
2025-01-31,L00229,272372.93,0.0619,360,179,386841.29,2025-02-02T07:00:00Z
2025-02-28,L00229,271459.23,0.0619,360,180,386841.29,2025-03-02T07:00:00Z
2025-03-31,L00229,270540.83,0.0619,360,181,386841.29,2025-04-02T07:00:00Z
2025-04-30,L00229,269617.68,0.0619,360,182,386841.29,2025-05-02T07:00:00Z
2025-05-31,L00229,268689.77,0.0619,360,183,386841.29,2025-06-02T07:00:00Z
2025-06-30,L00229,267757.08,0.0619,360,184,386841.29,2025-07-02T07:00:00Z
2025-07-31,L00229,266819.57,0.0619,360,185,386841.29,2025-08-02T07:00:00Z
2025-08-31,L00229,265877.23,0.0619,360,186,386841.29,2025-09-02T07:00:00Z
2025-09-30,L00229,264930.03,0.0619,360,187,386841.29,2025-10-02T07:00:00Z
2024-01-31,L00230,140037.04,0.059,300,163,220494.71,2024-02-02T07:00:00Z
2024-02-29,L00230,139318.35,0.059,300,164,220494.71,2024-03-02T07:00:00Z
2024-03-31,L00230,138596.13,0.059,300,165,220494.71,2024-04-02T07:00:00Z
2024-04-30,L00230,137870.36,0.059,300,166,220494.71,2024-05-02T07:00:00Z
2024-05-31,L00230,137141.02,0.059,300,167,220494.71,2024-06-02T07:00:00Z
2024-06-30,L00230,136408.1,0.059,300,168,220494.71,2024-07-02T07:00:00Z
2024-07-31,L00230,135671.57,0.059,300,169,220494.71,2024-08-02T07:00:00Z
2024-08-31,L00230,134931.42,0.059,300,170,220494.71,2024-09-02T07:00:00Z
2024-09-30,L00230,134187.63,0.059,300,171,220494.71,2024-10-02T07:00:00Z
2024-10-31,L00230,133440.18,0.059,300,172,220494.71,2024-11-02T07:00:00Z
2024-11-30,L00230,132689.06,0.059,300,173,220494.71,2024-12-02T07:00:00Z
2024-12-31,L00230,131934.24,0.059,300,174,220494.71,2025-01-02T07:00:00Z
2025-01-31,L00230,131175.72,0.059,300,175,220494.71,2025-02-02T07:00:00Z
2025-02-28,L00230,130413.46,0.059,300,176,220494.71,2025-03-02T07:00:00Z
2025-03-31,L00230,129647.46,0.059,300,177,220494.71,2025-04-02T07:00:00Z
2025-04-30,L00230,128877.69,0.059,300,178,220494.71,2025-05-02T07:00:00Z
2025-05-31,L00230,128104.13,0.059,300,179,220494.71,2025-06-02T07:00:00Z
2025-06-30,L00230,127326.78,0.059,300,180,220494.71,2025-07-02T07:00:00Z
2025-07-31,L00230,126545.6,0.059,300,181,220494.71,2025-08-02T07:00:00Z
2025-08-31,L00230,125760.58,0.059,300,182,220494.71,2025-09-02T07:00:00Z
2025-09-30,L00230,124971.7,0.059,300,183,220494.71,2025-10-02T07:00:00Z
2024-01-31,L00231,239839.42,0.04697,360,168,343157.72,2024-02-02T07:00:00Z
2024-02-29,L00231,238999.07,0.04697,360,169,343157.72,2024-03-02T07:00:00Z
2024-03-31,L00231,238155.42,0.04697,360,170,343157.72,2024-04-02T07:00:00Z
2024-04-30,L00231,237308.47,0.04697,360,171,343157.72,2024-05-02T07:00:00Z
2024-05-31,L00231,236458.21,0.04697,360,172,343157.72,2024-06-02T07:00:00Z
2024-06-30,L00231,235604.62,0.04697,360,173,343157.72,2024-07-02T07:00:00Z
2024-07-31,L00231,234747.69,0.04697,360,174,343157.72,2024-08-02T07:00:00Z
2024-08-31,L00231,233887.41,0.04697,360,175,343157.72,2024-09-02T07:00:00Z
2024-09-30,L00231,233023.75,0.04697,360,176,343157.72,2024-10-02T07:00:00Z
2024-10-31,L00231,232156.72,0.04697,360,177,343157.72,2024-11-02T07:00:00Z
2024-11-30,L00231,231286.29,0.04697,360,178,343157.72,2024-12-02T07:00:00Z
2024-12-31,L00231,230412.46,0.04697,360,179,343157.72,2025-01-02T07:00:00Z
2025-01-31,L00231,229535.2,0.04697,360,180,343157.72,2025-02-02T07:00:00Z
2025-02-28,L00231,228654.52,0.04697,360,181,343157.72,2025-03-02T07:00:00Z
2025-03-31,L00231,225927.18,0.04697,360,182,343157.72,2025-04-02T07:00:00Z
2025-04-30,L00231,225046.77,0.04697,360,183,343157.72,2025-05-02T07:00:00Z
2025-05-31,L00231,219474.85,0.04697,360,184,343157.72,2025-06-02T07:00:00Z
2025-06-30,L00231,218606.09,0.04697,360,185,343157.72,2025-07-02T07:00:00Z
2025-07-31,L00231,217733.92,0.04697,360,186,343157.72,2025-08-02T07:00:00Z
2025-08-31,L00231,216858.35,0.04697,360,187,343157.72,2025-09-02T07:00:00Z
2025-09-30,L00231,215979.35,0.04697,360,188,343157.72,2025-10-02T07:00:00Z
2024-01-31,L00232,311923.46,0.06669,360,24,319067.89,2024-02-02T07:00:00Z
2024-02-29,L00232,311604.66,0.06669,360,25,319067.89,2024-03-02T07:00:00Z
2024-03-31,L00232,311284.08,0.06669,360,26,319067.89,2024-04-02T07:00:00Z
2024-04-30,L00232,310961.73,0.06669,360,27,319067.89,2024-05-02T07:00:00Z
2024-05-31,L00232,310637.58,0.06669,360,28,319067.89,2024-06-02T07:00:00Z
2024-06-30,L00232,310311.63,0.06669,360,29,319067.89,2024-07-02T07:00:00Z
2024-07-31,L00232,309983.87,0.06669,360,30,319067.89,2024-08-02T07:00:00Z
2024-08-31,L00232,309654.28,0.06669,360,31,319067.89,2024-09-02T07:00:00Z
2024-09-30,L00232,309322.87,0.06669,360,32,319067.89,2024-10-02T07:00:00Z
2024-10-31,L00232,308989.61,0.06669,360,33,319067.89,2024-11-02T07:00:00Z
2024-11-30,L00232,308654.5,0.06669,360,34,319067.89,2024-12-02T07:00:00Z
2024-12-31,L00232,308317.53,0.06669,360,35,319067.89,2025-01-02T07:00:00Z
2025-01-31,L00232,307978.69,0.06669,360,36,319067.89,2025-02-02T07:00:00Z
2025-02-28,L00232,307637.96,0.06669,360,37,319067.89,2025-03-02T07:00:00Z
2025-03-31,L00232,307295.34,0.06669,360,38,319067.89,2025-04-02T07:00:00Z
2025-04-30,L00232,306950.82,0.06669,360,39,319067.89,2025-05-02T07:00:00Z
2025-05-31,L00232,306604.38,0.06669,360,40,319067.89,2025-06-02T07:00:00Z
2025-06-30,L00232,306256.02,0.06669,360,41,319067.89,2025-07-02T07:00:00Z
2025-07-31,L00232,305905.72,0.06669,360,42,319067.89,2025-08-02T07:00:00Z
2025-08-31,L00232,305553.47,0.06669,360,43,319067.89,2025-09-02T07:00:00Z
2025-09-30,L00232,305199.26,0.06669,360,44,319067.89,2025-10-02T07:00:00Z
2024-01-31,L00233,187166.6,0.06554,300,156,277131.75,2024-02-02T07:00:00Z
2024-02-29,L00233,186308.27,0.06554,300,157,277131.75,2024-03-02T07:00:00Z
2024-03-31,L00233,185445.25,0.06554,300,158,277131.75,2024-04-02T07:00:00Z
2024-04-30,L00233,184577.51,0.06554,300,159,277131.75,2024-05-02T07:00:00Z
2024-05-31,L00233,183705.04,0.06554,300,160,277131.75,2024-06-02T07:00:00Z
2024-06-30,L00233,182827.8,0.06554,300,161,277131.75,2024-07-02T07:00:00Z
2024-07-31,L00233,181945.77,0.06554,300,162,277131.75,2024-08-02T07:00:00Z
2024-08-31,L00233,181058.92,0.06554,300,163,277131.75,2024-09-02T07:00:00Z
2024-09-30,L00233,180167.23,0.06554,300,164,277131.75,2024-10-02T07:00:00Z
2024-10-31,L00233,179270.67,0.06554,300,165,277131.75,2024-11-02T07:00:00Z
2024-11-30,L00233,178369.21,0.06554,300,166,277131.75,2024-12-02T07:00:00Z
2024-12-31,L00233,177462.83,0.06554,300,167,277131.75,2025-01-02T07:00:00Z
2025-01-31,L00233,176551.49,0.06554,300,168,277131.75,2025-02-02T07:00:00Z
2025-02-28,L00233,175635.18,0.06554,300,169,277131.75,2025-03-02T07:00:00Z
2025-03-31,L00233,174713.87,0.06554,300,170,277131.75,2025-04-02T07:00:00Z
2025-04-30,L00233,173787.52,0.06554,300,171,277131.75,2025-05-02T07:00:00Z
2025-05-31,L00233,172856.12,0.06554,300,172,277131.75,2025-06-02T07:00:00Z
2025-06-30,L00233,171919.62,0.06554,300,173,277131.75,2025-07-02T07:00:00Z
2025-07-31,L00233,170978.02,0.06554,300,174,277131.75,2025-08-02T07:00:00Z
2025-08-31,L00233,170031.27,0.06554,300,175,277131.75,2025-09-02T07:00:00Z
2025-09-30,L00233,169079.34,0.06554,300,176,277131.75,2025-10-02T07:00:00Z
2024-01-31,L00234,371073.97,0.06965,360,42,386184.72,2024-02-02T07:00:00Z
2024-02-29,L00234,370667.52,0.06965,360,43,386184.72,2024-03-02T07:00:00Z
2024-03-31,L00234,370258.72,0.06965,360,44,386184.72,2024-04-02T07:00:00Z
2024-04-30,L00234,369847.53,0.06965,360,45,386184.72,2024-05-02T07:00:00Z
2024-05-31,L00234,369433.96,0.06965,360,46,386184.72,2024-06-02T07:00:00Z
2024-06-30,L00234,369018.0,0.06965,360,47,386184.72,2024-07-02T07:00:00Z
2024-07-31,L00234,368599.61,0.06965,360,48,386184.72,2024-08-02T07:00:00Z
2024-08-31,L00234,368178.8,0.06965,360,49,386184.72,2024-09-02T07:00:00Z
2024-09-30,L00234,367755.55,0.06965,360,50,386184.72,2024-10-02T07:00:00Z
2024-10-31,L00234,367329.84,0.06965,360,51,386184.72,2024-11-02T07:00:00Z
2024-11-30,L00234,366901.65,0.06965,360,52,386184.72,2024-12-02T07:00:00Z
2024-12-31,L00234,366470.99,0.06965,360,53,386184.72,2025-01-02T07:00:00Z
2025-01-31,L00234,366037.82,0.06965,360,54,386184.72,2025-02-02T07:00:00Z
2025-02-28,L00234,365602.14,0.06965,360,55,386184.72,2025-03-02T07:00:00Z
2025-03-31,L00234,365163.93,0.06965,360,56,386184.72,2025-04-02T07:00:00Z
2025-04-30,L00234,364723.18,0.06965,360,57,386184.72,2025-05-02T07:00:00Z
2025-05-31,L00234,364279.86,0.06965,360,58,386184.72,2025-06-02T07:00:00Z
2025-06-30,L00234,363833.98,0.06965,360,59,386184.72,2025-07-02T07:00:00Z
2025-07-31,L00234,363385.51,0.06965,360,60,386184.72,2025-08-02T07:00:00Z
2025-08-31,L00234,362934.43,0.06965,360,61,386184.72,2025-09-02T07:00:00Z
2025-09-30,L00234,362480.74,0.06965,360,62,386184.72,2025-10-02T07:00:00Z
2024-01-31,L00235,148272.02,0.05668,360,15,150750.81,2024-02-02T07:00:00Z
2024-02-29,L00235,148100.46,0.05668,360,16,150750.81,2024-03-02T07:00:00Z
2024-03-31,L00235,147928.08,0.05668,360,17,150750.81,2024-04-02T07:00:00Z
2024-04-30,L00235,147754.89,0.05668,360,18,150750.81,2024-05-02T07:00:00Z
2024-05-31,L00235,147580.88,0.05668,360,19,150750.81,2024-06-02T07:00:00Z
2024-06-30,L00235,147406.05,0.05668,360,20,150750.81,2024-07-02T07:00:00Z
2024-07-31,L00235,147230.4,0.05668,360,21,150750.81,2024-08-02T07:00:00Z
2024-08-31,L00235,147053.91,0.05668,360,22,150750.81,2024-09-02T07:00:00Z
2024-09-30,L00235,146876.59,0.05668,360,23,150750.81,2024-10-02T07:00:00Z
2024-10-31,L00235,146698.43,0.05668,360,24,150750.81,2024-11-02T07:00:00Z
2024-11-30,L00235,146519.44,0.05668,360,25,150750.81,2024-12-02T07:00:00Z
2024-12-31,L00235,146339.59,0.05668,360,26,150750.81,2025-01-02T07:00:00Z
2025-01-31,L00235,146158.9,0.05668,360,27,150750.81,2025-02-02T07:00:00Z
2025-02-28,L00235,145977.35,0.05668,360,28,150750.81,2025-03-02T07:00:00Z
2025-03-31,L00235,145794.95,0.05668,360,29,150750.81,2025-04-02T07:00:00Z
2025-04-30,L00235,145611.68,0.05668,360,30,150750.81,2025-05-02T07:00:00Z
2025-05-31,L00235,145427.55,0.05668,360,31,150750.81,2025-06-02T07:00:00Z
2025-06-30,L00235,145242.55,0.05668,360,32,150750.81,2025-07-02T07:00:00Z
2025-07-31,L00235,145056.68,0.05668,360,33,150750.81,2025-08-02T07:00:00Z
2025-08-31,L00235,144869.92,0.05668,360,34,150750.81,2025-09-02T07:00:00Z
2025-09-30,L00235,144682.29,0.05668,360,35,150750.81,2025-10-02T07:00:00Z
2024-01-31,L00236,213523.42,0.06816,360,20,217425.67,2024-02-02T07:00:00Z
2024-02-29,L00236,213316.46,0.06816,360,21,217425.67,2024-03-02T07:00:00Z
2024-03-31,L00236,213108.33,0.06816,360,22,217425.67,2024-04-02T07:00:00Z
2024-04-30,L00236,212899.01,0.06816,360,23,217425.67,2024-05-02T07:00:00Z
2024-05-31,L00236,212688.51,0.06816,360,24,217425.67,2024-06-02T07:00:00Z
2024-06-30,L00236,212476.81,0.06816,360,25,217425.67,2024-07-02T07:00:00Z
2024-07-31,L00236,212263.91,0.06816,360,26,217425.67,2024-08-02T07:00:00Z
2024-08-31,L00236,212049.79,0.06816,360,27,217425.67,2024-09-02T07:00:00Z
2024-09-30,L00236,211834.47,0.06816,360,28,217425.67,2024-10-02T07:00:00Z
2024-10-31,L00236,211617.91,0.06816,360,29,217425.67,2024-11-02T07:00:00Z
2024-11-30,L00236,211400.13,0.06816,360,30,217425.67,2024-12-02T07:00:00Z
2024-12-31,L00236,211181.12,0.06816,360,31,217425.67,2025-01-02T07:00:00Z
2025-01-31,L00236,210960.85,0.06816,360,32,217425.67,2025-02-02T07:00:00Z
2025-02-28,L00236,210739.34,0.06816,360,33,217425.67,2025-03-02T07:00:00Z
2025-03-31,L00236,210516.57,0.06816,360,34,217425.67,2025-04-02T07:00:00Z
2025-04-30,L00236,210292.53,0.06816,360,35,217425.67,2025-05-02T07:00:00Z
2025-05-31,L00236,210067.22,0.06816,360,36,217425.67,2025-06-02T07:00:00Z
2025-06-30,L00236,209840.63,0.06816,360,37,217425.67,2025-07-02T07:00:00Z
2025-07-31,L00236,209612.76,0.06816,360,38,217425.67,2025-08-02T07:00:00Z
2025-08-31,L00236,209383.59,0.06816,360,39,217425.67,2025-09-02T07:00:00Z
2025-09-30,L00236,209153.12,0.06816,360,40,217425.67,2025-10-02T07:00:00Z
2024-01-31,L00237,349323.86,0.06237,300,128,467042.61,2024-02-02T07:00:00Z
2024-02-29,L00237,348062.28,0.06237,300,129,467042.61,2024-03-02T07:00:00Z
2024-03-31,L00237,346794.15,0.06237,300,130,467042.61,2024-04-02T07:00:00Z
2024-04-30,L00237,345519.43,0.06237,300,131,467042.61,2024-05-02T07:00:00Z
2024-05-31,L00237,344238.08,0.06237,300,132,467042.61,2024-06-02T07:00:00Z
2024-06-30,L00237,342950.07,0.06237,300,133,467042.61,2024-07-02T07:00:00Z
2024-07-31,L00237,341655.37,0.06237,300,134,467042.61,2024-08-02T07:00:00Z
2024-08-31,L00237,340353.94,0.06237,300,135,467042.61,2024-09-02T07:00:00Z
2024-09-30,L00237,339045.74,0.06237,300,136,467042.61,2024-10-02T07:00:00Z
2024-10-31,L00237,337730.75,0.06237,300,137,467042.61,2024-11-02T07:00:00Z
2024-11-30,L00237,336408.92,0.06237,300,138,467042.61,2024-12-02T07:00:00Z
2024-12-31,L00237,335080.22,0.06237,300,139,467042.61,2025-01-02T07:00:00Z
2025-01-31,L00237,333744.61,0.06237,300,140,467042.61,2025-02-02T07:00:00Z
2025-02-28,L00237,332402.07,0.06237,300,141,467042.61,2025-03-02T07:00:00Z
2025-03-31,L00237,331052.54,0.06237,300,142,467042.61,2025-04-02T07:00:00Z
2025-04-30,L00237,329696.0,0.06237,300,143,467042.61,2025-05-02T07:00:00Z
2025-05-31,L00237,328332.41,0.06237,300,144,467042.61,2025-06-02T07:00:00Z
2025-06-30,L00237,326961.73,0.06237,300,145,467042.61,2025-07-02T07:00:00Z
2025-07-31,L00237,325583.93,0.06237,300,146,467042.61,2025-08-02T07:00:00Z
2025-08-31,L00237,324198.97,0.06237,300,147,467042.61,2025-09-02T07:00:00Z
2025-09-30,L00237,322806.81,0.06237,300,148,467042.61,2025-10-02T07:00:00Z
2024-01-31,L00238,155672.66,0.05122,360,142,201825.1,2024-02-02T07:00:00Z
2024-02-29,L00238,155238.58,0.05122,360,143,201825.1,2024-03-02T07:00:00Z
2024-03-31,L00238,154802.65,0.05122,360,144,201825.1,2024-04-02T07:00:00Z
2024-04-30,L00238,154364.86,0.05122,360,145,201825.1,2024-05-02T07:00:00Z
2024-05-31,L00238,153925.2,0.05122,360,146,201825.1,2024-06-02T07:00:00Z
2024-06-30,L00238,153483.67,0.05122,360,147,201825.1,2024-07-02T07:00:00Z
2024-07-31,L00238,153040.25,0.05122,360,148,201825.1,2024-08-02T07:00:00Z
2024-08-31,L00238,152594.94,0.05122,360,149,201825.1,2024-09-02T07:00:00Z
2024-09-30,L00238,152147.72,0.05122,360,150,201825.1,2024-10-02T07:00:00Z
2024-10-31,L00238,151698.6,0.05122,360,151,201825.1,2024-11-02T07:00:00Z
2024-11-30,L00238,151247.56,0.05122,360,152,201825.1,2024-12-02T07:00:00Z
2024-12-31,L00238,150794.6,0.05122,360,153,201825.1,2025-01-02T07:00:00Z
2025-01-31,L00238,150339.7,0.05122,360,154,201825.1,2025-02-02T07:00:00Z
2025-02-28,L00238,149882.86,0.05122,360,155,201825.1,2025-03-02T07:00:00Z
2025-03-31,L00238,149424.08,0.05122,360,156,201825.1,2025-04-02T07:00:00Z
2025-04-30,L00238,148963.33,0.05122,360,157,201825.1,2025-05-02T07:00:00Z
2025-05-31,L00238,148500.61,0.05122,360,158,201825.1,2025-06-02T07:00:00Z
2025-06-30,L00238,148035.93,0.05122,360,159,201825.1,2025-07-02T07:00:00Z
2025-07-31,L00238,147569.25,0.05122,360,160,201825.1,2025-08-02T07:00:00Z
2025-08-31,L00238,147100.59,0.05122,360,161,201825.1,2025-09-02T07:00:00Z
2025-09-30,L00238,144934.0,0.05122,360,162,201825.1,2025-10-02T07:00:00Z
2024-01-31,L00239,88670.93,0.0616,300,180,151588.86,2024-02-02T07:00:00Z
2024-02-29,L00239,88134.54,0.0616,300,181,151588.86,2024-03-02T07:00:00Z
2024-03-31,L00239,87595.39,0.0616,300,182,151588.86,2024-04-02T07:00:00Z
2024-04-30,L00239,87053.48,0.0616,300,183,151588.86,2024-05-02T07:00:00Z
2024-05-31,L00239,86508.79,0.0616,300,184,151588.86,2024-06-02T07:00:00Z
2024-06-30,L00239,85961.3,0.0616,300,185,151588.86,2024-07-02T07:00:00Z
2024-07-31,L00239,85411.0,0.0616,300,186,151588.86,2024-08-02T07:00:00Z
2024-08-31,L00239,84857.87,0.0616,300,187,151588.86,2024-09-02T07:00:00Z
2024-09-30,L00239,84301.91,0.0616,300,188,151588.86,2024-10-02T07:00:00Z
2024-10-31,L00239,83743.09,0.0616,300,189,151588.86,2024-11-02T07:00:00Z
2024-11-30,L00239,83181.4,0.0616,300,190,151588.86,2024-12-02T07:00:00Z
2024-12-31,L00239,82616.83,0.0616,300,191,151588.86,2025-01-02T07:00:00Z
2025-01-31,L00239,82049.36,0.0616,300,192,151588.86,2025-02-02T07:00:00Z
2025-02-28,L00239,81478.98,0.0616,300,193,151588.86,2025-03-02T07:00:00Z
2025-03-31,L00239,80905.67,0.0616,300,194,151588.86,2025-04-02T07:00:00Z
2025-04-30,L00239,80329.41,0.0616,300,195,151588.86,2025-05-02T07:00:00Z
2025-05-31,L00239,79750.2,0.0616,300,196,151588.86,2025-06-02T07:00:00Z
2025-06-30,L00239,79168.02,0.0616,300,197,151588.86,2025-07-02T07:00:00Z
2025-07-31,L00239,78582.85,0.0616,300,198,151588.86,2025-08-02T07:00:00Z
2025-08-31,L00239,77994.67,0.0616,300,199,151588.86,2025-09-02T07:00:00Z
2025-09-30,L00239,77403.47,0.0616,300,200,151588.86,2025-10-02T07:00:00Z
2024-01-31,L00240,291757.3,0.05503,360,36,304775.14,2024-02-02T07:00:00Z
2024-02-29,L00240,291364.2,0.05503,360,37,304775.14,2024-03-02T07:00:00Z
2024-03-31,L00240,290969.29,0.05503,360,38,304775.14,2024-04-02T07:00:00Z
2024-04-30,L00240,290572.57,0.05503,360,39,304775.14,2024-05-02T07:00:00Z
2024-05-31,L00240,290174.04,0.05503,360,40,304775.14,2024-06-02T07:00:00Z
2024-06-30,L00240,289773.67,0.05503,360,41,304775.14,2024-07-02T07:00:00Z
2024-07-31,L00240,289371.47,0.05503,360,42,304775.14,2024-08-02T07:00:00Z
2024-08-31,L00240,288967.43,0.05503,360,43,304775.14,2024-09-02T07:00:00Z
2024-09-30,L00240,288561.53,0.05503,360,44,304775.14,2024-10-02T07:00:00Z
2024-10-31,L00240,288153.77,0.05503,360,45,304775.14,2024-11-02T07:00:00Z
2024-11-30,L00240,287744.15,0.05503,360,46,304775.14,2024-12-02T07:00:00Z
2024-12-31,L00240,287332.64,0.05503,360,47,304775.14,2025-01-02T07:00:00Z
2025-01-31,L00240,286919.25,0.05503,360,48,304775.14,2025-02-02T07:00:00Z
2025-02-28,L00240,286503.96,0.05503,360,49,304775.14,2025-03-02T07:00:00Z
2025-03-31,L00240,286086.76,0.05503,360,50,304775.14,2025-04-02T07:00:00Z
2025-04-30,L00240,285667.65,0.05503,360,51,304775.14,2025-05-02T07:00:00Z
2025-05-31,L00240,285246.63,0.05503,360,52,304775.14,2025-06-02T07:00:00Z
2025-06-30,L00240,284823.67,0.05503,360,53,304775.14,2025-07-02T07:00:00Z
2025-07-31,L00240,284398.77,0.05503,360,54,304775.14,2025-08-02T07:00:00Z
2025-08-31,L00240,283971.92,0.05503,360,55,304775.14,2025-09-02T07:00:00Z
2025-09-30,L00240,283543.11,0.05503,360,56,304775.14,2025-10-02T07:00:00Z
2024-01-31,L00241,177262.27,0.04938,360,193,275723.61,2024-02-02T07:00:00Z
2024-02-29,L00241,175020.4,0.04938,360,194,275723.61,2024-03-02T07:00:00Z
2024-03-31,L00241,174283.4,0.04938,360,195,275723.61,2024-04-02T07:00:00Z
2024-04-30,L00241,173543.36,0.04938,360,196,275723.61,2024-05-02T07:00:00Z
2024-05-31,L00241,172800.28,0.04938,360,197,275723.61,2024-06-02T07:00:00Z
2024-06-30,L00241,172054.14,0.04938,360,198,275723.61,2024-07-02T07:00:00Z
2024-07-31,L00241,171304.93,0.04938,360,199,275723.61,2024-08-02T07:00:00Z
2024-08-31,L00241,170552.64,0.04938,360,200,275723.61,2024-09-02T07:00:00Z
2024-09-30,L00241,169797.25,0.04938,360,201,275723.61,2024-10-02T07:00:00Z
2024-10-31,L00241,169038.76,0.04938,360,202,275723.61,2024-11-02T07:00:00Z
2024-11-30,L00241,168277.14,0.04938,360,203,275723.61,2024-12-02T07:00:00Z
2024-12-31,L00241,167512.39,0.04938,360,204,275723.61,2025-01-02T07:00:00Z
2025-01-31,L00241,166744.49,0.04938,360,205,275723.61,2025-02-02T07:00:00Z
2025-02-28,L00241,165973.43,0.04938,360,206,275723.61,2025-03-02T07:00:00Z
2025-03-31,L00241,165199.2,0.04938,360,207,275723.61,2025-04-02T07:00:00Z
2025-04-30,L00241,164421.78,0.04938,360,208,275723.61,2025-05-02T07:00:00Z
2025-05-31,L00241,163641.17,0.04938,360,209,275723.61,2025-06-02T07:00:00Z
2025-06-30,L00241,162857.34,0.04938,360,210,275723.61,2025-07-02T07:00:00Z
2025-07-31,L00241,162070.28,0.04938,360,211,275723.61,2025-08-02T07:00:00Z
2025-08-31,L00241,161279.99,0.04938,360,212,275723.61,2025-09-02T07:00:00Z
2025-09-30,L00241,160486.45,0.04938,360,213,275723.61,2025-10-02T07:00:00Z
2024-01-31,L00242,195401.27,0.06739,300,126,255360.78,2024-02-02T07:00:00Z
2024-02-29,L00242,194736.07,0.06739,300,127,255360.78,2024-03-02T07:00:00Z
2024-03-31,L00242,194067.13,0.06739,300,128,255360.78,2024-04-02T07:00:00Z
2024-04-30,L00242,193394.43,0.06739,300,129,255360.78,2024-05-02T07:00:00Z
2024-05-31,L00242,192717.96,0.06739,300,130,255360.78,2024-06-02T07:00:00Z
2024-06-30,L00242,192037.69,0.06739,300,131,255360.78,2024-07-02T07:00:00Z
2024-07-31,L00242,191353.6,0.06739,300,132,255360.78,2024-08-02T07:00:00Z
2024-08-31,L00242,190665.66,0.06739,300,133,255360.78,2024-09-02T07:00:00Z
2024-09-30,L00242,184004.23,0.06739,300,134,255360.78,2024-10-02T07:00:00Z
2024-10-31,L00242,183330.4,0.06739,300,135,255360.78,2024-11-02T07:00:00Z
2024-11-30,L00242,182652.8,0.06739,300,136,255360.78,2024-12-02T07:00:00Z
2024-12-31,L00242,181971.39,0.06739,300,137,255360.78,2025-01-02T07:00:00Z
2025-01-31,L00242,181286.15,0.06739,300,138,255360.78,2025-02-02T07:00:00Z
2025-02-28,L00242,180597.06,0.06739,300,139,255360.78,2025-03-02T07:00:00Z
2025-03-31,L00242,179904.11,0.06739,300,140,255360.78,2025-04-02T07:00:00Z
2025-04-30,L00242,179207.26,0.06739,300,141,255360.78,2025-05-02T07:00:00Z
2025-05-31,L00242,178506.5,0.06739,300,142,255360.78,2025-06-02T07:00:00Z
2025-06-30,L00242,177801.81,0.06739,300,143,255360.78,2025-07-02T07:00:00Z
2025-07-31,L00242,177093.15,0.06739,300,144,255360.78,2025-08-02T07:00:00Z
2025-08-31,L00242,176380.52,0.06739,300,145,255360.78,2025-09-02T07:00:00Z
2025-09-30,L00242,175663.89,0.06739,300,146,255360.78,2025-10-02T07:00:00Z
2024-01-31,L00243,131270.68,0.06984,360,20,133593.54,2024-02-02T07:00:00Z
2024-02-29,L00243,131147.31,0.06984,360,21,133593.54,2024-03-02T07:00:00Z
2024-03-31,L00243,131023.22,0.06984,360,22,133593.54,2024-04-02T07:00:00Z
2024-04-30,L00243,130898.41,0.06984,360,23,133593.54,2024-05-02T07:00:00Z
2024-05-31,L00243,130772.88,0.06984,360,24,133593.54,2024-06-02T07:00:00Z
2024-06-30,L00243,130646.61,0.06984,360,25,133593.54,2024-07-02T07:00:00Z
2024-07-31,L00243,130519.61,0.06984,360,26,133593.54,2024-08-02T07:00:00Z
2024-08-31,L00243,130391.86,0.06984,360,27,133593.54,2024-09-02T07:00:00Z
2024-09-30,L00243,130263.38,0.06984,360,28,133593.54,2024-10-02T07:00:00Z
2024-10-31,L00243,127594.59,0.06984,360,29,133593.54,2024-11-02T07:00:00Z
2024-11-30,L00243,127467.14,0.06984,360,30,133593.54,2024-12-02T07:00:00Z
2024-12-31,L00243,127338.95,0.06984,360,31,133593.54,2025-01-02T07:00:00Z
2025-01-31,L00243,127210.02,0.06984,360,32,133593.54,2025-02-02T07:00:00Z
2025-02-28,L00243,127080.33,0.06984,360,33,133593.54,2025-03-02T07:00:00Z
2025-03-31,L00243,126949.89,0.06984,360,34,133593.54,2025-04-02T07:00:00Z
2025-04-30,L00243,126818.69,0.06984,360,35,133593.54,2025-05-02T07:00:00Z
2025-05-31,L00243,126686.72,0.06984,360,36,133593.54,2025-06-02T07:00:00Z
2025-06-30,L00243,126553.99,0.06984,360,37,133593.54,2025-07-02T07:00:00Z
2025-07-31,L00243,126420.48,0.06984,360,38,133593.54,2025-08-02T07:00:00Z
2025-08-31,L00243,126286.2,0.06984,360,39,133593.54,2025-09-02T07:00:00Z
2025-09-30,L00243,126151.14,0.06984,360,40,133593.54,2025-10-02T07:00:00Z
2024-01-31,L00244,463527.46,0.05688,360,40,486085.19,2024-02-02T07:00:00Z
2024-02-29,L00244,462907.03,0.05688,360,41,486085.19,2024-03-02T07:00:00Z
2024-03-31,L00244,462283.67,0.05688,360,42,486085.19,2024-04-02T07:00:00Z
2024-04-30,L00244,461657.35,0.05688,360,43,486085.19,2024-05-02T07:00:00Z
2024-05-31,L00244,461028.06,0.05688,360,44,486085.19,2024-06-02T07:00:00Z
2024-06-30,L00244,460395.78,0.05688,360,45,486085.19,2024-07-02T07:00:00Z
2024-07-31,L00244,459760.52,0.05688,360,46,486085.19,2024-08-02T07:00:00Z
2024-08-31,L00244,459122.23,0.05688,360,47,486085.19,2024-09-02T07:00:00Z
2024-09-30,L00244,458480.93,0.05688,360,48,486085.19,2024-10-02T07:00:00Z
2024-10-31,L00244,457836.58,0.05688,360,49,486085.19,2024-11-02T07:00:00Z
2024-11-30,L00244,457189.18,0.05688,360,50,486085.19,2024-12-02T07:00:00Z
2024-12-31,L00244,456538.72,0.05688,360,51,486085.19,2025-01-02T07:00:00Z
2025-01-31,L00244,455885.16,0.05688,360,52,486085.19,2025-02-02T07:00:00Z
2025-02-28,L00244,455228.51,0.05688,360,53,486085.19,2025-03-02T07:00:00Z
2025-03-31,L00244,454568.75,0.05688,360,54,486085.19,2025-04-02T07:00:00Z
2025-04-30,L00244,453905.86,0.05688,360,55,486085.19,2025-05-02T07:00:00Z
2025-05-31,L00244,453239.83,0.05688,360,56,486085.19,2025-06-02T07:00:00Z
2025-06-30,L00244,452570.64,0.05688,360,57,486085.19,2025-07-02T07:00:00Z
2025-07-31,L00244,451898.28,0.05688,360,58,486085.19,2025-08-02T07:00:00Z
2025-08-31,L00244,451222.74,0.05688,360,59,486085.19,2025-09-02T07:00:00Z
2025-09-30,L00244,450543.99,0.05688,360,60,486085.19,2025-10-02T07:00:00Z
2024-01-31,L00245,221236.73,0.07481,240,105,301930.51,2024-02-02T07:00:00Z
2024-02-29,L00245,220187.13,0.07481,240,106,301930.51,2024-03-02T07:00:00Z
2024-03-31,L00245,219130.99,0.07481,240,107,301930.51,2024-04-02T07:00:00Z
2024-04-30,L00245,218068.26,0.07481,240,108,301930.51,2024-05-02T07:00:00Z
2024-05-31,L00245,216998.91,0.07481,240,109,301930.51,2024-06-02T07:00:00Z
2024-06-30,L00245,215922.89,0.07481,240,110,301930.51,2024-07-02T07:00:00Z
2024-07-31,L00245,214840.17,0.07481,240,111,301930.51,2024-08-02T07:00:00Z
2024-08-31,L00245,213750.69,0.07481,240,112,301930.51,2024-09-02T07:00:00Z
2024-09-30,L00245,212654.42,0.07481,240,113,301930.51,2024-10-02T07:00:00Z
2024-10-31,L00245,211551.32,0.07481,240,114,301930.51,2024-11-02T07:00:00Z
2024-11-30,L00245,210441.34,0.07481,240,115,301930.51,2024-12-02T07:00:00Z
2024-12-31,L00245,209324.44,0.07481,240,116,301930.51,2025-01-02T07:00:00Z
2025-01-31,L00245,208200.58,0.07481,240,117,301930.51,2025-02-02T07:00:00Z
2025-02-28,L00245,207069.71,0.07481,240,118,301930.51,2025-03-02T07:00:00Z
2025-03-31,L00245,205931.8,0.07481,240,119,301930.51,2025-04-02T07:00:00Z
2025-04-30,L00245,204786.78,0.07481,240,120,301930.51,2025-05-02T07:00:00Z
2025-05-31,L00245,203634.63,0.07481,240,121,301930.51,2025-06-02T07:00:00Z
2025-06-30,L00245,202475.3,0.07481,240,122,301930.51,2025-07-02T07:00:00Z
2025-07-31,L00245,201308.74,0.07481,240,123,301930.51,2025-08-02T07:00:00Z
2025-08-31,L00245,200134.91,0.07481,240,124,301930.51,2025-09-02T07:00:00Z
2025-09-30,L00245,198953.76,0.07481,240,125,301930.51,2025-10-02T07:00:00Z
2024-01-31,L00246,144138.09,0.04324,360,199,238069.12,2024-02-02T07:00:00Z
2024-02-29,L00246,143475.98,0.04324,360,200,238069.12,2024-03-02T07:00:00Z
2024-03-31,L00246,142811.47,0.04324,360,201,238069.12,2024-04-02T07:00:00Z
2024-04-30,L00246,142144.58,0.04324,360,202,238069.12,2024-05-02T07:00:00Z
2024-05-31,L00246,141475.28,0.04324,360,203,238069.12,2024-06-02T07:00:00Z
2024-06-30,L00246,140803.57,0.04324,360,204,238069.12,2024-07-02T07:00:00Z
2024-07-31,L00246,140129.44,0.04324,360,205,238069.12,2024-08-02T07:00:00Z
2024-08-31,L00246,139452.88,0.04324,360,206,238069.12,2024-09-02T07:00:00Z
2024-09-30,L00246,138773.88,0.04324,360,207,238069.12,2024-10-02T07:00:00Z
2024-10-31,L00246,138092.43,0.04324,360,208,238069.12,2024-11-02T07:00:00Z
2024-11-30,L00246,137408.53,0.04324,360,209,238069.12,2024-12-02T07:00:00Z
2024-12-31,L00246,136722.17,0.04324,360,210,238069.12,2025-01-02T07:00:00Z
2025-01-31,L00246,136033.33,0.04324,360,211,238069.12,2025-02-02T07:00:00Z
2025-02-28,L00246,135342.01,0.04324,360,212,238069.12,2025-03-02T07:00:00Z
2025-03-31,L00246,134648.2,0.04324,360,213,238069.12,2025-04-02T07:00:00Z
2025-04-30,L00246,133951.89,0.04324,360,214,238069.12,2025-05-02T07:00:00Z
2025-05-31,L00246,133253.07,0.04324,360,215,238069.12,2025-06-02T07:00:00Z
2025-06-30,L00246,132551.73,0.04324,360,216,238069.12,2025-07-02T07:00:00Z
2025-07-31,L00246,131847.86,0.04324,360,217,238069.12,2025-08-02T07:00:00Z
2025-08-31,L00246,131141.46,0.04324,360,218,238069.12,2025-09-02T07:00:00Z
2025-09-30,L00246,130432.51,0.04324,360,219,238069.12,2025-10-02T07:00:00Z
2024-01-31,L00247,277666.72,0.06141,360,24,284691.86,2024-02-02T07:00:00Z
2024-02-29,L00247,277354.91,0.06141,360,25,284691.86,2024-03-02T07:00:00Z
2024-03-31,L00247,277041.51,0.06141,360,26,284691.86,2024-04-02T07:00:00Z
2024-04-30,L00247,276726.51,0.06141,360,27,284691.86,2024-05-02T07:00:00Z
2024-05-31,L00247,276409.89,0.06141,360,28,284691.86,2024-06-02T07:00:00Z
2024-06-30,L00247,276091.66,0.06141,360,29,284691.86,2024-07-02T07:00:00Z
2024-07-31,L00247,275771.79,0.06141,360,30,284691.86,2024-08-02T07:00:00Z
2024-08-31,L00247,275450.29,0.06141,360,31,284691.86,2024-09-02T07:00:00Z
2024-09-30,L00247,275127.14,0.06141,360,32,284691.86,2024-10-02T07:00:00Z
2024-10-31,L00247,274802.34,0.06141,360,33,284691.86,2024-11-02T07:00:00Z
2024-11-30,L00247,274475.88,0.06141,360,34,284691.86,2024-12-02T07:00:00Z
2024-12-31,L00247,274147.74,0.06141,360,35,284691.86,2025-01-02T07:00:00Z
2025-01-31,L00247,269022.34,0.06141,360,36,284691.86,2025-02-02T07:00:00Z
2025-02-28,L00247,268696.65,0.06141,360,37,284691.86,2025-03-02T07:00:00Z
2025-03-31,L00247,268369.29,0.06141,360,38,284691.86,2025-04-02T07:00:00Z
2025-04-30,L00247,268040.25,0.06141,360,39,284691.86,2025-05-02T07:00:00Z
2025-05-31,L00247,262131.52,0.06141,360,40,284691.86,2025-06-02T07:00:00Z
2025-06-30,L00247,261806.04,0.06141,360,41,284691.86,2025-07-02T07:00:00Z
2025-07-31,L00247,261478.88,0.06141,360,42,284691.86,2025-08-02T07:00:00Z
2025-08-31,L00247,261150.06,0.06141,360,43,284691.86,2025-09-02T07:00:00Z
2025-09-30,L00247,260819.55,0.06141,360,44,284691.86,2025-10-02T07:00:00Z
2024-01-31,L00248,532864.27,0.05031,240,8,543561.86,2024-02-02T07:00:00Z
2024-02-29,L00248,531501.72,0.05031,240,9,543561.86,2024-03-02T07:00:00Z
2024-03-31,L00248,530133.46,0.05031,240,10,543561.86,2024-04-02T07:00:00Z
2024-04-30,L00248,528759.46,0.05031,240,11,543561.86,2024-05-02T07:00:00Z
2024-05-31,L00248,527379.71,0.05031,240,12,543561.86,2024-06-02T07:00:00Z
2024-06-30,L00248,525994.16,0.05031,240,13,543561.86,2024-07-02T07:00:00Z
2024-07-31,L00248,524602.81,0.05031,240,14,543561.86,2024-08-02T07:00:00Z
2024-08-31,L00248,523205.63,0.05031,240,15,543561.86,2024-09-02T07:00:00Z
2024-09-30,L00248,521802.58,0.05031,240,16,543561.86,2024-10-02T07:00:00Z
2024-10-31,L00248,520393.66,0.05031,240,17,543561.86,2024-11-02T07:00:00Z
2024-11-30,L00248,518978.82,0.05031,240,18,543561.86,2024-12-02T07:00:00Z
2024-12-31,L00248,517558.06,0.05031,240,19,543561.86,2025-01-02T07:00:00Z
2025-01-31,L00248,516131.34,0.05031,240,20,543561.86,2025-02-02T07:00:00Z
2025-02-28,L00248,514698.64,0.05031,240,21,543561.86,2025-03-02T07:00:00Z
2025-03-31,L00248,513259.93,0.05031,240,22,543561.86,2025-04-02T07:00:00Z
2025-04-30,L00248,511815.19,0.05031,240,23,543561.86,2025-05-02T07:00:00Z
2025-05-31,L00248,510364.39,0.05031,240,24,543561.86,2025-06-02T07:00:00Z
2025-06-30,L00248,508907.51,0.05031,240,25,543561.86,2025-07-02T07:00:00Z
2025-07-31,L00248,503771.07,0.05031,240,26,543561.86,2025-08-02T07:00:00Z
2025-08-31,L00248,502312.58,0.05031,240,27,543561.86,2025-09-02T07:00:00Z
2025-09-30,L00248,500847.98,0.05031,240,28,543561.86,2025-10-02T07:00:00Z
2024-01-31,L00249,191045.37,0.05628,360,199,294023.58,2024-02-02T07:00:00Z
2024-02-29,L00249,190248.25,0.05628,360,200,294023.58,2024-03-02T07:00:00Z
2024-03-31,L00249,189447.39,0.05628,360,201,294023.58,2024-04-02T07:00:00Z
2024-04-30,L00249,188642.77,0.05628,360,202,294023.58,2024-05-02T07:00:00Z
2024-05-31,L00249,187834.39,0.05628,360,203,294023.58,2024-06-02T07:00:00Z
2024-06-30,L00249,187022.21,0.05628,360,204,294023.58,2024-07-02T07:00:00Z
2024-07-31,L00249,186206.22,0.05628,360,205,294023.58,2024-08-02T07:00:00Z
2024-08-31,L00249,185386.4,0.05628,360,206,294023.58,2024-09-02T07:00:00Z
2024-09-30,L00249,184562.74,0.05628,360,207,294023.58,2024-10-02T07:00:00Z
2024-10-31,L00249,183735.22,0.05628,360,208,294023.58,2024-11-02T07:00:00Z
2024-11-30,L00249,182903.82,0.05628,360,209,294023.58,2024-12-02T07:00:00Z
2024-12-31,L00249,182068.51,0.05628,360,210,294023.58,2025-01-02T07:00:00Z
2025-01-31,L00249,181229.29,0.05628,360,211,294023.58,2025-02-02T07:00:00Z
2025-02-28,L00249,180386.13,0.05628,360,212,294023.58,2025-03-02T07:00:00Z
2025-03-31,L00249,179539.02,0.05628,360,213,294023.58,2025-04-02T07:00:00Z
2025-04-30,L00249,178687.94,0.05628,360,214,294023.58,2025-05-02T07:00:00Z
2025-05-31,L00249,177832.86,0.05628,360,215,294023.58,2025-06-02T07:00:00Z
2025-06-30,L00249,172933.66,0.05628,360,216,294023.58,2025-07-02T07:00:00Z
2025-07-31,L00249,172090.24,0.05628,360,217,294023.58,2025-08-02T07:00:00Z
2025-08-31,L00249,171242.88,0.05628,360,218,294023.58,2025-09-02T07:00:00Z
2025-09-30,L00249,170391.54,0.05628,360,219,294023.58,2025-10-02T07:00:00Z
2024-01-31,L00250,310223.89,0.05939,360,154,403817.03,2024-02-02T07:00:00Z
2024-02-29,L00250,309353.97,0.05939,360,155,403817.03,2024-03-02T07:00:00Z
2024-03-31,L00250,308479.74,0.05939,360,156,403817.03,2024-04-02T07:00:00Z
2024-04-30,L00250,307601.19,0.05939,360,157,403817.03,2024-05-02T07:00:00Z
2024-05-31,L00250,306718.28,0.05939,360,158,403817.03,2024-06-02T07:00:00Z
2024-06-30,L00250,305831.01,0.05939,360,159,403817.03,2024-07-02T07:00:00Z
2024-07-31,L00250,304939.34,0.05939,360,160,403817.03,2024-08-02T07:00:00Z
2024-08-31,L00250,304043.27,0.05939,360,161,403817.03,2024-09-02T07:00:00Z
2024-09-30,L00250,303142.75,0.05939,360,162,403817.03,2024-10-02T07:00:00Z
2024-10-31,L00250,302237.79,0.05939,360,163,403817.03,2024-11-02T07:00:00Z
2024-11-30,L00250,301328.34,0.05939,360,164,403817.03,2024-12-02T07:00:00Z
2024-12-31,L00250,300414.39,0.05939,360,165,403817.03,2025-01-02T07:00:00Z
2025-01-31,L00250,299495.92,0.05939,360,166,403817.03,2025-02-02T07:00:00Z
2025-02-28,L00250,298572.9,0.05939,360,167,403817.03,2025-03-02T07:00:00Z
2025-03-31,L00250,297645.31,0.05939,360,168,403817.03,2025-04-02T07:00:00Z
2025-04-30,L00250,296713.14,0.05939,360,169,403817.03,2025-05-02T07:00:00Z
2025-05-31,L00250,295776.35,0.05939,360,170,403817.03,2025-06-02T07:00:00Z
2025-06-30,L00250,294834.92,0.05939,360,171,403817.03,2025-07-02T07:00:00Z
2025-07-31,L00250,293888.83,0.05939,360,172,403817.03,2025-08-02T07:00:00Z
2025-08-31,L00250,292938.07,0.05939,360,173,403817.03,2025-09-02T07:00:00Z
2025-09-30,L00250,291982.59,0.05939,360,174,403817.03,2025-10-02T07:00:00Z
2024-01-31,L00251,356999.27,0.05572,360,84,401405.22,2024-02-02T07:00:00Z
2024-02-29,L00251,356359.63,0.05572,360,85,401405.22,2024-03-02T07:00:00Z
2024-03-31,L00251,355717.03,0.05572,360,86,401405.22,2024-04-02T07:00:00Z
2024-04-30,L00251,355071.44,0.05572,360,87,401405.22,2024-05-02T07:00:00Z
2024-05-31,L00251,354422.86,0.05572,360,88,401405.22,2024-06-02T07:00:00Z
2024-06-30,L00251,353771.26,0.05572,360,89,401405.22,2024-07-02T07:00:00Z
2024-07-31,L00251,353116.64,0.05572,360,90,401405.22,2024-08-02T07:00:00Z
2024-08-31,L00251,352458.97,0.05572,360,91,401405.22,2024-09-02T07:00:00Z
2024-09-30,L00251,351798.26,0.05572,360,92,401405.22,2024-10-02T07:00:00Z
2024-10-31,L00251,351134.47,0.05572,360,93,401405.22,2024-11-02T07:00:00Z
2024-11-30,L00251,350467.61,0.05572,360,94,401405.22,2024-12-02T07:00:00Z
2024-12-31,L00251,349797.64,0.05572,360,95,401405.22,2025-01-02T07:00:00Z
2025-01-31,L00251,349124.57,0.05572,360,96,401405.22,2025-02-02T07:00:00Z
2025-02-28,L00251,348448.37,0.05572,360,97,401405.22,2025-03-02T07:00:00Z
2025-03-31,L00251,347769.03,0.05572,360,98,401405.22,2025-04-02T07:00:00Z
2025-04-30,L00251,347086.54,0.05572,360,99,401405.22,2025-05-02T07:00:00Z
2025-05-31,L00251,346400.88,0.05572,360,100,401405.22,2025-06-02T07:00:00Z
2025-06-30,L00251,345712.03,0.05572,360,101,401405.22,2025-07-02T07:00:00Z
2025-07-31,L00251,345019.99,0.05572,360,102,401405.22,2025-08-02T07:00:00Z
2025-08-31,L00251,344324.73,0.05572,360,103,401405.22,2025-09-02T07:00:00Z
2025-09-30,L00251,343626.24,0.05572,360,104,401405.22,2025-10-02T07:00:00Z
2024-01-31,L00252,304969.85,0.05897,300,192,571436.26,2024-02-02T07:00:00Z
2024-02-29,L00252,302822.64,0.05897,300,193,571436.26,2024-03-02T07:00:00Z
2024-03-31,L00252,300664.89,0.05897,300,194,571436.26,2024-04-02T07:00:00Z
2024-04-30,L00252,298496.53,0.05897,300,195,571436.26,2024-05-02T07:00:00Z
2024-05-31,L00252,296317.51,0.05897,300,196,571436.26,2024-06-02T07:00:00Z
2024-06-30,L00252,294127.79,0.05897,300,197,571436.26,2024-07-02T07:00:00Z
2024-07-31,L00252,291927.3,0.05897,300,198,571436.26,2024-08-02T07:00:00Z
2024-08-31,L00252,289716.01,0.05897,300,199,571436.26,2024-09-02T07:00:00Z
2024-09-30,L00252,287493.84,0.05897,300,200,571436.26,2024-10-02T07:00:00Z
2024-10-31,L00252,284227.9,0.05897,300,201,571436.26,2024-11-02T07:00:00Z
2024-11-30,L00252,281991.97,0.05897,300,202,571436.26,2024-12-02T07:00:00Z
2024-12-31,L00252,279745.05,0.05897,300,203,571436.26,2025-01-02T07:00:00Z
2025-01-31,L00252,277487.09,0.05897,300,204,571436.26,2025-02-02T07:00:00Z
2025-02-28,L00252,275218.03,0.05897,300,205,571436.26,2025-03-02T07:00:00Z
2025-03-31,L00252,272937.82,0.05897,300,206,571436.26,2025-04-02T07:00:00Z
2025-04-30,L00252,270646.4,0.05897,300,207,571436.26,2025-05-02T07:00:00Z
2025-05-31,L00252,268343.73,0.05897,300,208,571436.26,2025-06-02T07:00:00Z
2025-06-30,L00252,266029.74,0.05897,300,209,571436.26,2025-07-02T07:00:00Z
2025-07-31,L00252,262814.61,0.05897,300,210,571436.26,2025-08-02T07:00:00Z
2025-08-31,L00252,260485.7,0.05897,300,211,571436.26,2025-09-02T07:00:00Z
2025-09-30,L00252,258145.35,0.05897,300,212,571436.26,2025-10-02T07:00:00Z
2024-01-31,L00253,118271.69,0.06471,180,19,126614.4,2024-02-02T07:00:00Z
2024-02-29,L00253,117808.54,0.06471,180,20,126614.4,2024-03-02T07:00:00Z
2024-03-31,L00253,117342.9,0.06471,180,21,126614.4,2024-04-02T07:00:00Z
2024-04-30,L00253,116874.74,0.06471,180,22,126614.4,2024-05-02T07:00:00Z
2024-05-31,L00253,116404.05,0.06471,180,23,126614.4,2024-06-02T07:00:00Z
2024-06-30,L00253,115930.83,0.06471,180,24,126614.4,2024-07-02T07:00:00Z
2024-07-31,L00253,115455.06,0.06471,180,25,126614.4,2024-08-02T07:00:00Z
2024-08-31,L00253,114976.72,0.06471,180,26,126614.4,2024-09-02T07:00:00Z
2024-09-30,L00253,114495.8,0.06471,180,27,126614.4,2024-10-02T07:00:00Z
2024-10-31,L00253,114012.29,0.06471,180,28,126614.4,2024-11-02T07:00:00Z
2024-11-30,L00253,113526.17,0.06471,180,29,126614.4,2024-12-02T07:00:00Z
2024-12-31,L00253,113037.44,0.06471,180,30,126614.4,2025-01-02T07:00:00Z
2025-01-31,L00253,112546.06,0.06471,180,31,126614.4,2025-02-02T07:00:00Z
2025-02-28,L00253,112052.03,0.06471,180,32,126614.4,2025-03-02T07:00:00Z
2025-03-31,L00253,111555.35,0.06471,180,33,126614.4,2025-04-02T07:00:00Z
2025-04-30,L00253,111055.98,0.06471,180,34,126614.4,2025-05-02T07:00:00Z
2025-05-31,L00253,110553.92,0.06471,180,35,126614.4,2025-06-02T07:00:00Z
2025-06-30,L00253,110049.15,0.06471,180,36,126614.4,2025-07-02T07:00:00Z
2025-07-31,L00253,109541.66,0.06471,180,37,126614.4,2025-08-02T07:00:00Z
2025-08-31,L00253,109031.43,0.06471,180,38,126614.4,2025-09-02T07:00:00Z
2025-09-30,L00253,105999.19,0.06471,180,39,126614.4,2025-10-02T07:00:00Z
2024-01-31,L00254,467793.0,0.05399,360,20,478947.78,2024-02-02T07:00:00Z
2024-02-29,L00254,467208.54,0.05399,360,21,478947.78,2024-03-02T07:00:00Z
2024-03-31,L00254,466621.45,0.05399,360,22,478947.78,2024-04-02T07:00:00Z
2024-04-30,L00254,466031.72,0.05399,360,23,478947.78,2024-05-02T07:00:00Z
2024-05-31,L00254,465439.33,0.05399,360,24,478947.78,2024-06-02T07:00:00Z
2024-06-30,L00254,464844.28,0.05399,360,25,478947.78,2024-07-02T07:00:00Z
2024-07-31,L00254,464246.55,0.05399,360,26,478947.78,2024-08-02T07:00:00Z
2024-08-31,L00254,463646.13,0.05399,360,27,478947.78,2024-09-02T07:00:00Z
2024-09-30,L00254,463043.02,0.05399,360,28,478947.78,2024-10-02T07:00:00Z
2024-10-31,L00254,462437.18,0.05399,360,29,478947.78,2024-11-02T07:00:00Z
2024-11-30,L00254,461828.62,0.05399,360,30,478947.78,2024-12-02T07:00:00Z
2024-12-31,L00254,461217.33,0.05399,360,31,478947.78,2025-01-02T07:00:00Z
2025-01-31,L00254,460603.28,0.05399,360,32,478947.78,2025-02-02T07:00:00Z
2025-02-28,L00254,459986.47,0.05399,360,33,478947.78,2025-03-02T07:00:00Z
2025-03-31,L00254,459366.89,0.05399,360,34,478947.78,2025-04-02T07:00:00Z
2025-04-30,L00254,458744.52,0.05399,360,35,478947.78,2025-05-02T07:00:00Z
2025-05-31,L00254,458119.34,0.05399,360,36,478947.78,2025-06-02T07:00:00Z
2025-06-30,L00254,457491.36,0.05399,360,37,478947.78,2025-07-02T07:00:00Z
2025-07-31,L00254,456860.55,0.05399,360,38,478947.78,2025-08-02T07:00:00Z
2025-08-31,L00254,456226.9,0.05399,360,39,478947.78,2025-09-02T07:00:00Z
2025-09-30,L00254,455590.4,0.05399,360,40,478947.78,2025-10-02T07:00:00Z
2024-01-31,L00255,474517.88,0.05488,360,123,579095.52,2024-02-02T07:00:00Z
2024-02-29,L00255,473404.33,0.05488,360,124,579095.52,2024-03-02T07:00:00Z
2024-03-31,L00255,472285.68,0.05488,360,125,579095.52,2024-04-02T07:00:00Z
2024-04-30,L00255,471161.92,0.05488,360,126,579095.52,2024-05-02T07:00:00Z
2024-05-31,L00255,470033.02,0.05488,360,127,579095.52,2024-06-02T07:00:00Z
2024-06-30,L00255,468898.96,0.05488,360,128,579095.52,2024-07-02T07:00:00Z
2024-07-31,L00255,466283.29,0.05488,360,129,579095.52,2024-08-02T07:00:00Z
2024-08-31,L00255,465142.44,0.05488,360,130,579095.52,2024-09-02T07:00:00Z
2024-09-30,L00255,463996.37,0.05488,360,131,579095.52,2024-10-02T07:00:00Z
2024-10-31,L00255,462845.07,0.05488,360,132,579095.52,2024-11-02T07:00:00Z
2024-11-30,L00255,461688.49,0.05488,360,133,579095.52,2024-12-02T07:00:00Z
2024-12-31,L00255,460526.63,0.05488,360,134,579095.52,2025-01-02T07:00:00Z
2025-01-31,L00255,459359.45,0.05488,360,135,579095.52,2025-02-02T07:00:00Z
2025-02-28,L00255,458186.94,0.05488,360,136,579095.52,2025-03-02T07:00:00Z
2025-03-31,L00255,457009.07,0.05488,360,137,579095.52,2025-04-02T07:00:00Z
2025-04-30,L00255,455825.8,0.05488,360,138,579095.52,2025-05-02T07:00:00Z
2025-05-31,L00255,454637.13,0.05488,360,139,579095.52,2025-06-02T07:00:00Z
2025-06-30,L00255,453443.02,0.05488,360,140,579095.52,2025-07-02T07:00:00Z
2025-07-31,L00255,452243.45,0.05488,360,141,579095.52,2025-08-02T07:00:00Z
2025-08-31,L00255,451038.39,0.05488,360,142,579095.52,2025-09-02T07:00:00Z
2025-09-30,L00255,449827.82,0.05488,360,143,579095.52,2025-10-02T07:00:00Z
2024-01-31,L00256,426205.9,0.06103,300,51,464508.62,2024-02-02T07:00:00Z
2024-02-29,L00256,425351.37,0.06103,300,52,464508.62,2024-03-02T07:00:00Z
2024-03-31,L00256,424492.48,0.06103,300,53,464508.62,2024-04-02T07:00:00Z
2024-04-30,L00256,423629.23,0.06103,300,54,464508.62,2024-05-02T07:00:00Z
2024-05-31,L00256,422761.59,0.06103,300,55,464508.62,2024-06-02T07:00:00Z
2024-06-30,L00256,421889.53,0.06103,300,56,464508.62,2024-07-02T07:00:00Z
2024-07-31,L00256,421013.04,0.06103,300,57,464508.62,2024-08-02T07:00:00Z
2024-08-31,L00256,420132.09,0.06103,300,58,464508.62,2024-09-02T07:00:00Z
2024-09-30,L00256,419246.67,0.06103,300,59,464508.62,2024-10-02T07:00:00Z
2024-10-31,L00256,418356.74,0.06103,300,60,464508.62,2024-11-02T07:00:00Z
2024-11-30,L00256,417462.28,0.06103,300,61,464508.62,2024-12-02T07:00:00Z
2024-12-31,L00256,416563.27,0.06103,300,62,464508.62,2025-01-02T07:00:00Z
2025-01-31,L00256,415659.69,0.06103,300,63,464508.62,2025-02-02T07:00:00Z
2025-02-28,L00256,414751.52,0.06103,300,64,464508.62,2025-03-02T07:00:00Z
2025-03-31,L00256,413838.73,0.06103,300,65,464508.62,2025-04-02T07:00:00Z
2025-04-30,L00256,412921.29,0.06103,300,66,464508.62,2025-05-02T07:00:00Z
2025-05-31,L00256,411999.19,0.06103,300,67,464508.62,2025-06-02T07:00:00Z
2025-06-30,L00256,411072.4,0.06103,300,68,464508.62,2025-07-02T07:00:00Z
2025-07-31,L00256,410140.9,0.06103,300,69,464508.62,2025-08-02T07:00:00Z
2025-08-31,L00256,409204.65,0.06103,300,70,464508.62,2025-09-02T07:00:00Z
2025-09-30,L00256,408263.65,0.06103,300,71,464508.62,2025-10-02T07:00:00Z
2024-01-31,L00257,270420.14,0.05067,360,45,287277.02,2024-02-02T07:00:00Z
2024-02-29,L00257,270008.04,0.05067,360,46,287277.02,2024-03-02T07:00:00Z
2024-03-31,L00257,269594.2,0.05067,360,47,287277.02,2024-04-02T07:00:00Z
2024-04-30,L00257,269178.61,0.05067,360,48,287277.02,2024-05-02T07:00:00Z
2024-05-31,L00257,268761.26,0.05067,360,49,287277.02,2024-06-02T07:00:00Z
2024-06-30,L00257,268342.16,0.05067,360,50,287277.02,2024-07-02T07:00:00Z
2024-07-31,L00257,267921.28,0.05067,360,51,287277.02,2024-08-02T07:00:00Z
2024-08-31,L00257,267498.63,0.05067,360,52,287277.02,2024-09-02T07:00:00Z
2024-09-30,L00257,267074.19,0.05067,360,53,287277.02,2024-10-02T07:00:00Z
2024-10-31,L00257,266647.97,0.05067,360,54,287277.02,2024-11-02T07:00:00Z
2024-11-30,L00257,266219.94,0.05067,360,55,287277.02,2024-12-02T07:00:00Z
2024-12-31,L00257,265790.1,0.05067,360,56,287277.02,2025-01-02T07:00:00Z
2025-01-31,L00257,265358.45,0.05067,360,57,287277.02,2025-02-02T07:00:00Z
2025-02-28,L00257,264924.98,0.05067,360,58,287277.02,2025-03-02T07:00:00Z
2025-03-31,L00257,264489.67,0.05067,360,59,287277.02,2025-04-02T07:00:00Z
2025-04-30,L00257,264052.53,0.05067,360,60,287277.02,2025-05-02T07:00:00Z
2025-05-31,L00257,263613.54,0.05067,360,61,287277.02,2025-06-02T07:00:00Z
2025-06-30,L00257,263172.7,0.05067,360,62,287277.02,2025-07-02T07:00:00Z
2025-07-31,L00257,262730.0,0.05067,360,63,287277.02,2025-08-02T07:00:00Z
2025-08-31,L00257,262285.42,0.05067,360,64,287277.02,2025-09-02T07:00:00Z
2025-09-30,L00257,261838.97,0.05067,360,65,287277.02,2025-10-02T07:00:00Z
2024-01-31,L00258,72981.51,0.04468,300,151,115350.66,2024-02-02T07:00:00Z
2024-02-29,L00258,72614.19,0.04468,300,152,115350.66,2024-03-02T07:00:00Z
2024-03-31,L00258,72245.49,0.04468,300,153,115350.66,2024-04-02T07:00:00Z
2024-04-30,L00258,71875.42,0.04468,300,154,115350.66,2024-05-02T07:00:00Z
2024-05-31,L00258,71503.97,0.04468,300,155,115350.66,2024-06-02T07:00:00Z
2024-06-30,L00258,71131.14,0.04468,300,156,115350.66,2024-07-02T07:00:00Z
2024-07-31,L00258,70756.93,0.04468,300,157,115350.66,2024-08-02T07:00:00Z
2024-08-31,L00258,70381.31,0.04468,300,158,115350.66,2024-09-02T07:00:00Z
2024-09-30,L00258,70004.3,0.04468,300,159,115350.66,2024-10-02T07:00:00Z
2024-10-31,L00258,69625.89,0.04468,300,160,115350.66,2024-11-02T07:00:00Z
2024-11-30,L00258,69246.07,0.04468,300,161,115350.66,2024-12-02T07:00:00Z
2024-12-31,L00258,68864.83,0.04468,300,162,115350.66,2025-01-02T07:00:00Z
2025-01-31,L00258,68482.17,0.04468,300,163,115350.66,2025-02-02T07:00:00Z
2025-02-28,L00258,68098.09,0.04468,300,164,115350.66,2025-03-02T07:00:00Z
2025-03-31,L00258,67712.58,0.04468,300,165,115350.66,2025-04-02T07:00:00Z
2025-04-30,L00258,67325.64,0.04468,300,166,115350.66,2025-05-02T07:00:00Z
2025-05-31,L00258,66937.25,0.04468,300,167,115350.66,2025-06-02T07:00:00Z
2025-06-30,L00258,66547.41,0.04468,300,168,115350.66,2025-07-02T07:00:00Z
2025-07-31,L00258,66156.13,0.04468,300,169,115350.66,2025-08-02T07:00:00Z
2025-08-31,L00258,65763.39,0.04468,300,170,115350.66,2025-09-02T07:00:00Z
2025-09-30,L00258,65369.18,0.04468,300,171,115350.66,2025-10-02T07:00:00Z
2024-01-31,L00259,139597.65,0.05114,240,157,300239.23,2024-02-02T07:00:00Z
2024-02-29,L00259,138192.16,0.05114,240,158,300239.23,2024-03-02T07:00:00Z
2024-03-31,L00259,136780.69,0.05114,240,159,300239.23,2024-04-02T07:00:00Z
2024-04-30,L00259,135363.2,0.05114,240,160,300239.23,2024-05-02T07:00:00Z
2024-05-31,L00259,133939.67,0.05114,240,161,300239.23,2024-06-02T07:00:00Z
2024-06-30,L00259,132510.07,0.05114,240,162,300239.23,2024-07-02T07:00:00Z
2024-07-31,L00259,131074.38,0.05114,240,163,300239.23,2024-08-02T07:00:00Z
2024-08-31,L00259,129632.58,0.05114,240,164,300239.23,2024-09-02T07:00:00Z
2024-09-30,L00259,128184.63,0.05114,240,165,300239.23,2024-10-02T07:00:00Z
2024-10-31,L00259,126730.5,0.05114,240,166,300239.23,2024-11-02T07:00:00Z
2024-11-30,L00259,125270.18,0.05114,240,167,300239.23,2024-12-02T07:00:00Z
2024-12-31,L00259,123803.64,0.05114,240,168,300239.23,2025-01-02T07:00:00Z
2025-01-31,L00259,122330.85,0.05114,240,169,300239.23,2025-02-02T07:00:00Z
2025-02-28,L00259,120851.78,0.05114,240,170,300239.23,2025-03-02T07:00:00Z
2025-03-31,L00259,119366.41,0.05114,240,171,300239.23,2025-04-02T07:00:00Z
2025-04-30,L00259,117874.7,0.05114,240,172,300239.23,2025-05-02T07:00:00Z
2025-05-31,L00259,116376.64,0.05114,240,173,300239.23,2025-06-02T07:00:00Z
2025-06-30,L00259,114872.2,0.05114,240,174,300239.23,2025-07-02T07:00:00Z
2025-07-31,L00259,113361.34,0.05114,240,175,300239.23,2025-08-02T07:00:00Z
2025-08-31,L00259,111844.05,0.05114,240,176,300239.23,2025-09-02T07:00:00Z
2025-09-30,L00259,110320.29,0.05114,240,177,300239.23,2025-10-02T07:00:00Z
2024-01-31,L00260,195542.39,0.05624,360,159,261310.56,2024-02-02T07:00:00Z
2024-02-29,L00260,194954.75,0.05624,360,160,261310.56,2024-03-02T07:00:00Z
2024-03-31,L00260,194364.35,0.05624,360,161,261310.56,2024-04-02T07:00:00Z
2024-04-30,L00260,193771.19,0.05624,360,162,261310.56,2024-05-02T07:00:00Z
2024-05-31,L00260,191520.91,0.05624,360,163,261310.56,2024-06-02T07:00:00Z
2024-06-30,L00260,190927.3,0.05624,360,164,261310.56,2024-07-02T07:00:00Z
2024-07-31,L00260,190330.91,0.05624,360,165,261310.56,2024-08-02T07:00:00Z
2024-08-31,L00260,189731.72,0.05624,360,166,261310.56,2024-09-02T07:00:00Z
2024-09-30,L00260,189129.73,0.05624,360,167,261310.56,2024-10-02T07:00:00Z
2024-10-31,L00260,188524.91,0.05624,360,168,261310.56,2024-11-02T07:00:00Z
2024-11-30,L00260,187917.26,0.05624,360,169,261310.56,2024-12-02T07:00:00Z
2024-12-31,L00260,187306.76,0.05624,360,170,261310.56,2025-01-02T07:00:00Z
2025-01-31,L00260,186693.4,0.05624,360,171,261310.56,2025-02-02T07:00:00Z
2025-02-28,L00260,186077.16,0.05624,360,172,261310.56,2025-03-02T07:00:00Z
2025-03-31,L00260,185458.04,0.05624,360,173,261310.56,2025-04-02T07:00:00Z
2025-04-30,L00260,184836.01,0.05624,360,174,261310.56,2025-05-02T07:00:00Z
2025-05-31,L00260,184211.07,0.05624,360,175,261310.56,2025-06-02T07:00:00Z
2025-06-30,L00260,183583.2,0.05624,360,176,261310.56,2025-07-02T07:00:00Z
2025-07-31,L00260,182952.39,0.05624,360,177,261310.56,2025-08-02T07:00:00Z
2025-08-31,L00260,182318.62,0.05624,360,178,261310.56,2025-09-02T07:00:00Z
2025-09-30,L00260,181681.88,0.05624,360,179,261310.56,2025-10-02T07:00:00Z
2024-01-31,L00261,183538.62,0.06241,240,105,259529.08,2024-02-02T07:00:00Z
2024-02-29,L00261,182597.56,0.06241,240,106,259529.08,2024-03-02T07:00:00Z
2024-03-31,L00261,181651.61,0.06241,240,107,259529.08,2024-04-02T07:00:00Z
2024-04-30,L00261,180700.74,0.06241,240,108,259529.08,2024-05-02T07:00:00Z
2024-05-31,L00261,179744.93,0.06241,240,109,259529.08,2024-06-02T07:00:00Z
2024-06-30,L00261,178784.14,0.06241,240,110,259529.08,2024-07-02T07:00:00Z
2024-07-31,L00261,177818.35,0.06241,240,111,259529.08,2024-08-02T07:00:00Z
2024-08-31,L00261,176847.55,0.06241,240,112,259529.08,2024-09-02T07:00:00Z
2024-09-30,L00261,175871.69,0.06241,240,113,259529.08,2024-10-02T07:00:00Z
2024-10-31,L00261,174890.76,0.06241,240,114,259529.08,2024-11-02T07:00:00Z
2024-11-30,L00261,173904.73,0.06241,240,115,259529.08,2024-12-02T07:00:00Z
2024-12-31,L00261,172913.57,0.06241,240,116,259529.08,2025-01-02T07:00:00Z
2025-01-31,L00261,171917.25,0.06241,240,117,259529.08,2025-02-02T07:00:00Z
2025-02-28,L00261,170915.76,0.06241,240,118,259529.08,2025-03-02T07:00:00Z
2025-03-31,L00261,169909.05,0.06241,240,119,259529.08,2025-04-02T07:00:00Z
2025-04-30,L00261,168897.11,0.06241,240,120,259529.08,2025-05-02T07:00:00Z
2025-05-31,L00261,167879.91,0.06241,240,121,259529.08,2025-06-02T07:00:00Z
2025-06-30,L00261,166857.41,0.06241,240,122,259529.08,2025-07-02T07:00:00Z
2025-07-31,L00261,165829.6,0.06241,240,123,259529.08,2025-08-02T07:00:00Z
2025-08-31,L00261,164796.44,0.06241,240,124,259529.08,2025-09-02T07:00:00Z
2025-09-30,L00261,163757.91,0.06241,240,125,259529.08,2025-10-02T07:00:00Z
2024-01-31,L00262,164083.19,0.05212,300,113,214955.45,2024-02-02T07:00:00Z
2024-02-29,L00262,163512.56,0.05212,300,114,214955.45,2024-03-02T07:00:00Z
2024-03-31,L00262,162939.45,0.05212,300,115,214955.45,2024-04-02T07:00:00Z
2024-04-30,L00262,162363.85,0.05212,300,116,214955.45,2024-05-02T07:00:00Z
2024-05-31,L00262,161785.75,0.05212,300,117,214955.45,2024-06-02T07:00:00Z
2024-06-30,L00262,161205.14,0.05212,300,118,214955.45,2024-07-02T07:00:00Z
2024-07-31,L00262,160622.0,0.05212,300,119,214955.45,2024-08-02T07:00:00Z
2024-08-31,L00262,160036.34,0.05212,300,120,214955.45,2024-09-02T07:00:00Z
2024-09-30,L00262,159448.13,0.05212,300,121,214955.45,2024-10-02T07:00:00Z
2024-10-31,L00262,158857.36,0.05212,300,122,214955.45,2024-11-02T07:00:00Z
2024-11-30,L00262,158264.03,0.05212,300,123,214955.45,2024-12-02T07:00:00Z
2024-12-31,L00262,157668.12,0.05212,300,124,214955.45,2025-01-02T07:00:00Z
2025-01-31,L00262,157069.63,0.05212,300,125,214955.45,2025-02-02T07:00:00Z
2025-02-28,L00262,156468.53,0.05212,300,126,214955.45,2025-03-02T07:00:00Z
2025-03-31,L00262,155864.83,0.05212,300,127,214955.45,2025-04-02T07:00:00Z
2025-04-30,L00262,155258.5,0.05212,300,128,214955.45,2025-05-02T07:00:00Z
2025-05-31,L00262,154649.54,0.05212,300,129,214955.45,2025-06-02T07:00:00Z
2025-06-30,L00262,154037.93,0.05212,300,130,214955.45,2025-07-02T07:00:00Z
2025-07-31,L00262,153423.67,0.05212,300,131,214955.45,2025-08-02T07:00:00Z
2025-08-31,L00262,152806.74,0.05212,300,132,214955.45,2025-09-02T07:00:00Z
2025-09-30,L00262,152187.13,0.05212,300,133,214955.45,2025-10-02T07:00:00Z
2024-01-31,L00263,161000.13,0.06484,240,160,333595.74,2024-02-02T07:00:00Z
2024-02-29,L00263,159386.01,0.06484,240,161,333595.74,2024-03-02T07:00:00Z
2024-03-31,L00263,157763.16,0.06484,240,162,333595.74,2024-04-02T07:00:00Z
2024-04-30,L00263,156131.55,0.06484,240,163,333595.74,2024-05-02T07:00:00Z
2024-05-31,L00263,154491.12,0.06484,240,164,333595.74,2024-06-02T07:00:00Z
2024-06-30,L00263,152841.83,0.06484,240,165,333595.74,2024-07-02T07:00:00Z
2024-07-31,L00263,151183.63,0.06484,240,166,333595.74,2024-08-02T07:00:00Z
2024-08-31,L00263,149516.47,0.06484,240,167,333595.74,2024-09-02T07:00:00Z
2024-09-30,L00263,147840.29,0.06484,240,168,333595.74,2024-10-02T07:00:00Z
2024-10-31,L00263,146155.07,0.06484,240,169,333595.74,2024-11-02T07:00:00Z
2024-11-30,L00263,144460.73,0.06484,240,170,333595.74,2024-12-02T07:00:00Z
2024-12-31,L00263,142757.24,0.06484,240,171,333595.74,2025-01-02T07:00:00Z
2025-01-31,L00263,141044.55,0.06484,240,172,333595.74,2025-02-02T07:00:00Z
2025-02-28,L00263,139322.6,0.06484,240,173,333595.74,2025-03-02T07:00:00Z
2025-03-31,L00263,137591.35,0.06484,240,174,333595.74,2025-04-02T07:00:00Z
2025-04-30,L00263,135850.74,0.06484,240,175,333595.74,2025-05-02T07:00:00Z
2025-05-31,L00263,134100.73,0.06484,240,176,333595.74,2025-06-02T07:00:00Z
2025-06-30,L00263,132341.26,0.06484,240,177,333595.74,2025-07-02T07:00:00Z
2025-07-31,L00263,130572.29,0.06484,240,178,333595.74,2025-08-02T07:00:00Z
2025-08-31,L00263,128793.75,0.06484,240,179,333595.74,2025-09-02T07:00:00Z
2025-09-30,L00263,127005.61,0.06484,240,180,333595.74,2025-10-02T07:00:00Z
2024-01-31,L00264,279526.24,0.04635,360,8,282469.31,2024-02-02T07:00:00Z
2024-02-29,L00264,279151.93,0.04635,360,9,282469.31,2024-03-02T07:00:00Z
2024-03-31,L00264,278776.18,0.04635,360,10,282469.31,2024-04-02T07:00:00Z
2024-04-30,L00264,278398.97,0.04635,360,11,282469.31,2024-05-02T07:00:00Z
2024-05-31,L00264,278020.31,0.04635,360,12,282469.31,2024-06-02T07:00:00Z
2024-06-30,L00264,277640.19,0.04635,360,13,282469.31,2024-07-02T07:00:00Z
2024-07-31,L00264,277258.59,0.04635,360,14,282469.31,2024-08-02T07:00:00Z
2024-08-31,L00264,276875.53,0.04635,360,15,282469.31,2024-09-02T07:00:00Z
2024-09-30,L00264,276490.98,0.04635,360,16,282469.31,2024-10-02T07:00:00Z
2024-10-31,L00264,276104.95,0.04635,360,17,282469.31,2024-11-02T07:00:00Z
2024-11-30,L00264,275717.43,0.04635,360,18,282469.31,2024-12-02T07:00:00Z
2024-12-31,L00264,275328.41,0.04635,360,19,282469.31,2025-01-02T07:00:00Z
2025-01-31,L00264,274937.89,0.04635,360,20,282469.31,2025-02-02T07:00:00Z
2025-02-28,L00264,274545.86,0.04635,360,21,282469.31,2025-03-02T07:00:00Z
2025-03-31,L00264,274152.32,0.04635,360,22,282469.31,2025-04-02T07:00:00Z
2025-04-30,L00264,273757.25,0.04635,360,23,282469.31,2025-05-02T07:00:00Z
2025-05-31,L00264,273360.66,0.04635,360,24,282469.31,2025-06-02T07:00:00Z
2025-06-30,L00264,272962.54,0.04635,360,25,282469.31,2025-07-02T07:00:00Z
2025-07-31,L00264,272562.88,0.04635,360,26,282469.31,2025-08-02T07:00:00Z
2025-08-31,L00264,272161.68,0.04635,360,27,282469.31,2025-09-02T07:00:00Z
2025-09-30,L00264,271758.92,0.04635,360,28,282469.31,2025-10-02T07:00:00Z
2024-01-31,L00265,162983.4,0.05441,240,69,200413.15,2024-02-02T07:00:00Z
2024-02-29,L00265,162350.45,0.05441,240,70,200413.15,2024-03-02T07:00:00Z
2024-03-31,L00265,161714.62,0.05441,240,71,200413.15,2024-04-02T07:00:00Z
2024-04-30,L00265,161075.92,0.05441,240,72,200413.15,2024-05-02T07:00:00Z
2024-05-31,L00265,160434.32,0.05441,240,73,200413.15,2024-06-02T07:00:00Z
2024-06-30,L00265,159789.81,0.05441,240,74,200413.15,2024-07-02T07:00:00Z
2024-07-31,L00265,159142.37,0.05441,240,75,200413.15,2024-08-02T07:00:00Z
2024-08-31,L00265,158492.0,0.05441,240,76,200413.15,2024-09-02T07:00:00Z
2024-09-30,L00265,157838.69,0.05441,240,77,200413.15,2024-10-02T07:00:00Z
2024-10-31,L00265,157182.41,0.05441,240,78,200413.15,2024-11-02T07:00:00Z
2024-11-30,L00265,156523.15,0.05441,240,79,200413.15,2024-12-02T07:00:00Z
2024-12-31,L00265,155860.91,0.05441,240,80,200413.15,2025-01-02T07:00:00Z
2025-01-31,L00265,155195.66,0.05441,240,81,200413.15,2025-02-02T07:00:00Z
2025-02-28,L00265,154527.39,0.05441,240,82,200413.15,2025-03-02T07:00:00Z
2025-03-31,L00265,153856.1,0.05441,240,83,200413.15,2025-04-02T07:00:00Z
2025-04-30,L00265,153181.76,0.05441,240,84,200413.15,2025-05-02T07:00:00Z
2025-05-31,L00265,152504.37,0.05441,240,85,200413.15,2025-06-02T07:00:00Z
2025-06-30,L00265,151823.9,0.05441,240,86,200413.15,2025-07-02T07:00:00Z
2025-07-31,L00265,151140.35,0.05441,240,87,200413.15,2025-08-02T07:00:00Z
2025-08-31,L00265,150453.7,0.05441,240,88,200413.15,2025-09-02T07:00:00Z
2025-09-30,L00265,149763.93,0.05441,240,89,200413.15,2025-10-02T07:00:00Z
2024-01-31,L00266,163509.63,0.06053,360,166,219481.23,2024-02-02T07:00:00Z
2024-02-29,L00266,163011.01,0.06053,360,167,219481.23,2024-03-02T07:00:00Z
2024-03-31,L00266,162509.87,0.06053,360,168,219481.23,2024-04-02T07:00:00Z
2024-04-30,L00266,162006.21,0.06053,360,169,219481.23,2024-05-02T07:00:00Z
2024-05-31,L00266,161500.01,0.06053,360,170,219481.23,2024-06-02T07:00:00Z
2024-06-30,L00266,160991.25,0.06053,360,171,219481.23,2024-07-02T07:00:00Z
2024-07-31,L00266,160479.93,0.06053,360,172,219481.23,2024-08-02T07:00:00Z
2024-08-31,L00266,159966.03,0.06053,360,173,219481.23,2024-09-02T07:00:00Z
2024-09-30,L00266,159449.54,0.06053,360,174,219481.23,2024-10-02T07:00:00Z
2024-10-31,L00266,158930.44,0.06053,360,175,219481.23,2024-11-02T07:00:00Z
2024-11-30,L00266,158408.72,0.06053,360,176,219481.23,2024-12-02T07:00:00Z
2024-12-31,L00266,157884.37,0.06053,360,177,219481.23,2025-01-02T07:00:00Z
2025-01-31,L00266,157357.38,0.06053,360,178,219481.23,2025-02-02T07:00:00Z
2025-02-28,L00266,156827.72,0.06053,360,179,219481.23,2025-03-02T07:00:00Z
2025-03-31,L00266,156295.4,0.06053,360,180,219481.23,2025-04-02T07:00:00Z
2025-04-30,L00266,155760.39,0.06053,360,181,219481.23,2025-05-02T07:00:00Z
2025-05-31,L00266,155222.68,0.06053,360,182,219481.23,2025-06-02T07:00:00Z
2025-06-30,L00266,154682.26,0.06053,360,183,219481.23,2025-07-02T07:00:00Z
2025-07-31,L00266,154139.12,0.06053,360,184,219481.23,2025-08-02T07:00:00Z
2025-08-31,L00266,153593.23,0.06053,360,185,219481.23,2025-09-02T07:00:00Z
2025-09-30,L00266,150714.26,0.06053,360,186,219481.23,2025-10-02T07:00:00Z
2024-01-31,L00267,459873.69,0.03486,360,48,500479.69,2024-02-02T07:00:00Z
2024-02-29,L00267,458966.15,0.03486,360,49,500479.69,2024-03-02T07:00:00Z
2024-03-31,L00267,458055.98,0.03486,360,50,500479.69,2024-04-02T07:00:00Z
2024-04-30,L00267,457143.17,0.03486,360,51,500479.69,2024-05-02T07:00:00Z
2024-05-31,L00267,456227.7,0.03486,360,52,500479.69,2024-06-02T07:00:00Z
2024-06-30,L00267,455309.57,0.03486,360,53,500479.69,2024-07-02T07:00:00Z
2024-07-31,L00267,454388.78,0.03486,360,54,500479.69,2024-08-02T07:00:00Z
2024-08-31,L00267,453465.31,0.03486,360,55,500479.69,2024-09-02T07:00:00Z
2024-09-30,L00267,452539.16,0.03486,360,56,500479.69,2024-10-02T07:00:00Z
2024-10-31,L00267,451610.32,0.03486,360,57,500479.69,2024-11-02T07:00:00Z
2024-11-30,L00267,450678.78,0.03486,360,58,500479.69,2024-12-02T07:00:00Z
2024-12-31,L00267,449744.53,0.03486,360,59,500479.69,2025-01-02T07:00:00Z
2025-01-31,L00267,448807.57,0.03486,360,60,500479.69,2025-02-02T07:00:00Z
2025-02-28,L00267,447867.89,0.03486,360,61,500479.69,2025-03-02T07:00:00Z
2025-03-31,L00267,444446.32,0.03486,360,62,500479.69,2025-04-02T07:00:00Z
2025-04-30,L00267,443506.41,0.03486,360,63,500479.69,2025-05-02T07:00:00Z
2025-05-31,L00267,442563.77,0.03486,360,64,500479.69,2025-06-02T07:00:00Z
2025-06-30,L00267,441618.4,0.03486,360,65,500479.69,2025-07-02T07:00:00Z
2025-07-31,L00267,440670.28,0.03486,360,66,500479.69,2025-08-02T07:00:00Z
2025-08-31,L00267,435253.15,0.03486,360,67,500479.69,2025-09-02T07:00:00Z
2025-09-30,L00267,434309.2,0.03486,360,68,500479.69,2025-10-02T07:00:00Z
2024-01-31,L00268,430224.21,0.04707,360,75,483574.81,2024-02-02T07:00:00Z
2024-02-29,L00268,429401.73,0.04707,360,76,483574.81,2024-03-02T07:00:00Z
2024-03-31,L00268,428576.02,0.04707,360,77,483574.81,2024-04-02T07:00:00Z
2024-04-30,L00268,427747.07,0.04707,360,78,483574.81,2024-05-02T07:00:00Z
2024-05-31,L00268,426914.88,0.04707,360,79,483574.81,2024-06-02T07:00:00Z
2024-06-30,L00268,420726.66,0.04707,360,80,483574.81,2024-07-02T07:00:00Z
2024-07-31,L00268,419898.45,0.04707,360,81,483574.81,2024-08-02T07:00:00Z
2024-08-31,L00268,419067.0,0.04707,360,82,483574.81,2024-09-02T07:00:00Z
2024-09-30,L00268,418232.29,0.04707,360,83,483574.81,2024-10-02T07:00:00Z
2024-10-31,L00268,417394.3,0.04707,360,84,483574.81,2024-11-02T07:00:00Z
2024-11-30,L00268,416553.03,0.04707,360,85,483574.81,2024-12-02T07:00:00Z
2024-12-31,L00268,414224.71,0.04707,360,86,483574.81,2025-01-02T07:00:00Z
2025-01-31,L00268,413379.85,0.04707,360,87,483574.81,2025-02-02T07:00:00Z
2025-02-28,L00268,412531.67,0.04707,360,88,483574.81,2025-03-02T07:00:00Z
2025-03-31,L00268,411680.17,0.04707,360,89,483574.81,2025-04-02T07:00:00Z
2025-04-30,L00268,410825.33,0.04707,360,90,483574.81,2025-05-02T07:00:00Z
2025-05-31,L00268,409967.13,0.04707,360,91,483574.81,2025-06-02T07:00:00Z
2025-06-30,L00268,409105.57,0.04707,360,92,483574.81,2025-07-02T07:00:00Z
2025-07-31,L00268,408240.63,0.04707,360,93,483574.81,2025-08-02T07:00:00Z
2025-08-31,L00268,407372.3,0.04707,360,94,483574.81,2025-09-02T07:00:00Z
2025-09-30,L00268,406500.56,0.04707,360,95,483574.81,2025-10-02T07:00:00Z
2024-01-31,L00269,278417.48,0.03624,360,8,281927.65,2024-02-02T07:00:00Z
2024-02-29,L00269,277972.72,0.03624,360,9,281927.65,2024-03-02T07:00:00Z
2024-03-31,L00269,277526.63,0.03624,360,10,281927.65,2024-04-02T07:00:00Z
2024-04-30,L00269,277079.18,0.03624,360,11,281927.65,2024-05-02T07:00:00Z
2024-05-31,L00269,276630.38,0.03624,360,12,281927.65,2024-06-02T07:00:00Z
2024-06-30,L00269,276180.23,0.03624,360,13,281927.65,2024-07-02T07:00:00Z
2024-07-31,L00269,275728.72,0.03624,360,14,281927.65,2024-08-02T07:00:00Z
2024-08-31,L00269,275275.84,0.03624,360,15,281927.65,2024-09-02T07:00:00Z
2024-09-30,L00269,274821.6,0.03624,360,16,281927.65,2024-10-02T07:00:00Z
2024-10-31,L00269,274365.99,0.03624,360,17,281927.65,2024-11-02T07:00:00Z
2024-11-30,L00269,273908.99,0.03624,360,18,281927.65,2024-12-02T07:00:00Z
2024-12-31,L00269,273450.62,0.03624,360,19,281927.65,2025-01-02T07:00:00Z
2025-01-31,L00269,272990.87,0.03624,360,20,281927.65,2025-02-02T07:00:00Z
2025-02-28,L00269,272529.73,0.03624,360,21,281927.65,2025-03-02T07:00:00Z
2025-03-31,L00269,272067.19,0.03624,360,22,281927.65,2025-04-02T07:00:00Z
2025-04-30,L00269,271603.26,0.03624,360,23,281927.65,2025-05-02T07:00:00Z
2025-05-31,L00269,271137.92,0.03624,360,24,281927.65,2025-06-02T07:00:00Z
2025-06-30,L00269,270671.18,0.03624,360,25,281927.65,2025-07-02T07:00:00Z
2025-07-31,L00269,270203.03,0.03624,360,26,281927.65,2025-08-02T07:00:00Z
2025-08-31,L00269,269733.47,0.03624,360,27,281927.65,2025-09-02T07:00:00Z
2025-09-30,L00269,269262.49,0.03624,360,28,281927.65,2025-10-02T07:00:00Z
2024-01-31,L00270,549675.3,0.04411,300,45,603691.63,2024-02-02T07:00:00Z
2024-02-29,L00270,548370.73,0.04411,300,46,603691.63,2024-03-02T07:00:00Z
2024-03-31,L00270,547061.36,0.04411,300,47,603691.63,2024-04-02T07:00:00Z
2024-04-30,L00270,545747.17,0.04411,300,48,603691.63,2024-05-02T07:00:00Z
2024-05-31,L00270,544428.16,0.04411,300,49,603691.63,2024-06-02T07:00:00Z
2024-06-30,L00270,543104.29,0.04411,300,50,603691.63,2024-07-02T07:00:00Z
2024-07-31,L00270,541775.56,0.04411,300,51,603691.63,2024-08-02T07:00:00Z
2024-08-31,L00270,540441.95,0.04411,300,52,603691.63,2024-09-02T07:00:00Z
2024-09-30,L00270,539103.43,0.04411,300,53,603691.63,2024-10-02T07:00:00Z
2024-10-31,L00270,537760.0,0.04411,300,54,603691.63,2024-11-02T07:00:00Z
2024-11-30,L00270,536411.62,0.04411,300,55,603691.63,2024-12-02T07:00:00Z
2024-12-31,L00270,535058.29,0.04411,300,56,603691.63,2025-01-02T07:00:00Z
2025-01-31,L00270,533699.99,0.04411,300,57,603691.63,2025-02-02T07:00:00Z
2025-02-28,L00270,532336.69,0.04411,300,58,603691.63,2025-03-02T07:00:00Z
2025-03-31,L00270,530968.38,0.04411,300,59,603691.63,2025-04-02T07:00:00Z
2025-04-30,L00270,529595.04,0.04411,300,60,603691.63,2025-05-02T07:00:00Z
2025-05-31,L00270,528216.65,0.04411,300,61,603691.63,2025-06-02T07:00:00Z
2025-06-30,L00270,526833.2,0.04411,300,62,603691.63,2025-07-02T07:00:00Z
2025-07-31,L00270,525444.66,0.04411,300,63,603691.63,2025-08-02T07:00:00Z
2025-08-31,L00270,524051.01,0.04411,300,64,603691.63,2025-09-02T07:00:00Z
2025-09-30,L00270,522652.25,0.04411,300,65,603691.63,2025-10-02T07:00:00Z
2024-01-31,L00271,315282.76,0.0486,300,174,555060.15,2024-02-02T07:00:00Z
2024-02-29,L00271,313359.95,0.0486,300,175,555060.15,2024-03-02T07:00:00Z
2024-03-31,L00271,311429.34,0.0486,300,176,555060.15,2024-04-02T07:00:00Z
2024-04-30,L00271,309490.92,0.0486,300,177,555060.15,2024-05-02T07:00:00Z
2024-05-31,L00271,307544.64,0.0486,300,178,555060.15,2024-06-02T07:00:00Z
2024-06-30,L00271,305590.48,0.0486,300,179,555060.15,2024-07-02T07:00:00Z
2024-07-31,L00271,303628.41,0.0486,300,180,555060.15,2024-08-02T07:00:00Z
2024-08-31,L00271,301658.4,0.0486,300,181,555060.15,2024-09-02T07:00:00Z
2024-09-30,L00271,299680.4,0.0486,300,182,555060.15,2024-10-02T07:00:00Z
2024-10-31,L00271,297694.39,0.0486,300,183,555060.15,2024-11-02T07:00:00Z
2024-11-30,L00271,295700.34,0.0486,300,184,555060.15,2024-12-02T07:00:00Z
2024-12-31,L00271,293698.21,0.0486,300,185,555060.15,2025-01-02T07:00:00Z
2025-01-31,L00271,291687.98,0.0486,300,186,555060.15,2025-02-02T07:00:00Z
2025-02-28,L00271,289669.6,0.0486,300,187,555060.15,2025-03-02T07:00:00Z
2025-03-31,L00271,287643.05,0.0486,300,188,555060.15,2025-04-02T07:00:00Z
2025-04-30,L00271,285608.29,0.0486,300,189,555060.15,2025-05-02T07:00:00Z
2025-05-31,L00271,283565.29,0.0486,300,190,555060.15,2025-06-02T07:00:00Z
2025-06-30,L00271,281514.02,0.0486,300,191,555060.15,2025-07-02T07:00:00Z
2025-07-31,L00271,279454.44,0.0486,300,192,555060.15,2025-08-02T07:00:00Z
2025-08-31,L00271,277386.52,0.0486,300,193,555060.15,2025-09-02T07:00:00Z
2025-09-30,L00271,275310.22,0.0486,300,194,555060.15,2025-10-02T07:00:00Z
2024-01-31,L00272,255794.07,0.05901,360,142,322858.68,2024-02-02T07:00:00Z
2024-02-29,L00272,255136.73,0.05901,360,143,322858.68,2024-03-02T07:00:00Z
2024-03-31,L00272,254476.17,0.05901,360,144,322858.68,2024-04-02T07:00:00Z
2024-04-30,L00272,253812.36,0.05901,360,145,322858.68,2024-05-02T07:00:00Z
2024-05-31,L00272,253145.28,0.05901,360,146,322858.68,2024-06-02T07:00:00Z
2024-06-30,L00272,252474.92,0.05901,360,147,322858.68,2024-07-02T07:00:00Z
2024-07-31,L00272,251801.27,0.05901,360,148,322858.68,2024-08-02T07:00:00Z
2024-08-31,L00272,251124.3,0.05901,360,149,322858.68,2024-09-02T07:00:00Z
2024-09-30,L00272,250444.01,0.05901,360,150,322858.68,2024-10-02T07:00:00Z
2024-10-31,L00272,249760.37,0.05901,360,151,322858.68,2024-11-02T07:00:00Z
2024-11-30,L00272,249073.36,0.05901,360,152,322858.68,2024-12-02T07:00:00Z
2024-12-31,L00272,248382.98,0.05901,360,153,322858.68,2025-01-02T07:00:00Z
2025-01-31,L00272,247689.21,0.05901,360,154,322858.68,2025-02-02T07:00:00Z
2025-02-28,L00272,246992.02,0.05901,360,155,322858.68,2025-03-02T07:00:00Z
2025-03-31,L00272,246291.4,0.05901,360,156,322858.68,2025-04-02T07:00:00Z
2025-04-30,L00272,245587.34,0.05901,360,157,322858.68,2025-05-02T07:00:00Z
2025-05-31,L00272,239744.46,0.05901,360,158,322858.68,2025-06-02T07:00:00Z
2025-06-30,L00272,239048.37,0.05901,360,159,322858.68,2025-07-02T07:00:00Z
2025-07-31,L00272,238348.85,0.05901,360,160,322858.68,2025-08-02T07:00:00Z
2025-08-31,L00272,237645.9,0.05901,360,161,322858.68,2025-09-02T07:00:00Z
2025-09-30,L00272,236939.49,0.05901,360,162,322858.68,2025-10-02T07:00:00Z
2024-01-31,L00273,250757.58,0.06247,360,186,356535.54,2024-02-02T07:00:00Z
2024-02-29,L00273,249868.42,0.06247,360,187,356535.54,2024-03-02T07:00:00Z
2024-03-31,L00273,248974.64,0.06247,360,188,356535.54,2024-04-02T07:00:00Z
2024-04-30,L00273,248076.21,0.06247,360,189,356535.54,2024-05-02T07:00:00Z
2024-05-31,L00273,247173.1,0.06247,360,190,356535.54,2024-06-02T07:00:00Z
2024-06-30,L00273,246265.28,0.06247,360,191,356535.54,2024-07-02T07:00:00Z
2024-07-31,L00273,245352.74,0.06247,360,192,356535.54,2024-08-02T07:00:00Z
2024-08-31,L00273,244435.45,0.06247,360,193,356535.54,2024-09-02T07:00:00Z
2024-09-30,L00273,243513.39,0.06247,360,194,356535.54,2024-10-02T07:00:00Z
2024-10-31,L00273,242586.52,0.06247,360,195,356535.54,2024-11-02T07:00:00Z
2024-11-30,L00273,241654.83,0.06247,360,196,356535.54,2024-12-02T07:00:00Z
2024-12-31,L00273,240718.29,0.06247,360,197,356535.54,2025-01-02T07:00:00Z
2025-01-31,L00273,239776.88,0.06247,360,198,356535.54,2025-02-02T07:00:00Z
2025-02-28,L00273,238830.56,0.06247,360,199,356535.54,2025-03-02T07:00:00Z
2025-03-31,L00273,237879.32,0.06247,360,200,356535.54,2025-04-02T07:00:00Z
2025-04-30,L00273,236923.12,0.06247,360,201,356535.54,2025-05-02T07:00:00Z
2025-05-31,L00273,235961.95,0.06247,360,202,356535.54,2025-06-02T07:00:00Z
2025-06-30,L00273,234995.77,0.06247,360,203,356535.54,2025-07-02T07:00:00Z
2025-07-31,L00273,234024.57,0.06247,360,204,356535.54,2025-08-02T07:00:00Z
2025-08-31,L00273,233048.31,0.06247,360,205,356535.54,2025-09-02T07:00:00Z
2025-09-30,L00273,232066.96,0.06247,360,206,356535.54,2025-10-02T07:00:00Z
2024-01-31,L00274,201251.89,0.0399,240,83,272110.29,2024-02-02T07:00:00Z
2024-02-29,L00274,200273.56,0.0399,240,84,272110.29,2024-03-02T07:00:00Z
2024-03-31,L00274,199291.96,0.0399,240,85,272110.29,2024-04-02T07:00:00Z
2024-04-30,L00274,198307.11,0.0399,240,86,272110.29,2024-05-02T07:00:00Z
2024-05-31,L00274,197318.98,0.0399,240,87,272110.29,2024-06-02T07:00:00Z
2024-06-30,L00274,196327.56,0.0399,240,88,272110.29,2024-07-02T07:00:00Z
2024-07-31,L00274,195332.85,0.0399,240,89,272110.29,2024-08-02T07:00:00Z
2024-08-31,L00274,194334.83,0.0399,240,90,272110.29,2024-09-02T07:00:00Z
2024-09-30,L00274,193333.49,0.0399,240,91,272110.29,2024-10-02T07:00:00Z
2024-10-31,L00274,192328.82,0.0399,240,92,272110.29,2024-11-02T07:00:00Z
2024-11-30,L00274,191320.82,0.0399,240,93,272110.29,2024-12-02T07:00:00Z
2024-12-31,L00274,190309.46,0.0399,240,94,272110.29,2025-01-02T07:00:00Z
2025-01-31,L00274,189294.73,0.0399,240,95,272110.29,2025-02-02T07:00:00Z
2025-02-28,L00274,188276.64,0.0399,240,96,272110.29,2025-03-02T07:00:00Z
2025-03-31,L00274,187255.16,0.0399,240,97,272110.29,2025-04-02T07:00:00Z
2025-04-30,L00274,186230.28,0.0399,240,98,272110.29,2025-05-02T07:00:00Z
2025-05-31,L00274,185201.99,0.0399,240,99,272110.29,2025-06-02T07:00:00Z
2025-06-30,L00274,184170.29,0.0399,240,100,272110.29,2025-07-02T07:00:00Z
2025-07-31,L00274,183135.15,0.0399,240,101,272110.29,2025-08-02T07:00:00Z
2025-08-31,L00274,182096.58,0.0399,240,102,272110.29,2025-09-02T07:00:00Z
2025-09-30,L00274,181054.55,0.0399,240,103,272110.29,2025-10-02T07:00:00Z
2024-01-31,L00275,228378.5,0.05805,300,64,256957.68,2024-02-02T07:00:00Z
2024-02-29,L00275,227858.19,0.05805,300,65,256957.68,2024-03-02T07:00:00Z
2024-03-31,L00275,227335.36,0.05805,300,66,256957.68,2024-04-02T07:00:00Z
2024-04-30,L00275,226810.01,0.05805,300,67,256957.68,2024-05-02T07:00:00Z
2024-05-31,L00275,226282.11,0.05805,300,68,256957.68,2024-06-02T07:00:00Z
2024-06-30,L00275,225751.67,0.05805,300,69,256957.68,2024-07-02T07:00:00Z
2024-07-31,L00275,225218.65,0.05805,300,70,256957.68,2024-08-02T07:00:00Z
2024-08-31,L00275,222246.49,0.05805,300,71,256957.68,2024-09-02T07:00:00Z
2024-09-30,L00275,221714.14,0.05805,300,72,256957.68,2024-10-02T07:00:00Z
2024-10-31,L00275,221179.22,0.05805,300,73,256957.68,2024-11-02T07:00:00Z
2024-11-30,L00275,220641.71,0.05805,300,74,256957.68,2024-12-02T07:00:00Z
2024-12-31,L00275,220101.6,0.05805,300,75,256957.68,2025-01-02T07:00:00Z
2025-01-31,L00275,219558.87,0.05805,300,76,256957.68,2025-02-02T07:00:00Z
2025-02-28,L00275,219013.52,0.05805,300,77,256957.68,2025-03-02T07:00:00Z
2025-03-31,L00275,218465.54,0.05805,300,78,256957.68,2025-04-02T07:00:00Z
2025-04-30,L00275,217914.9,0.05805,300,79,256957.68,2025-05-02T07:00:00Z
2025-05-31,L00275,217361.6,0.05805,300,80,256957.68,2025-06-02T07:00:00Z
2025-06-30,L00275,216805.62,0.05805,300,81,256957.68,2025-07-02T07:00:00Z
2025-07-31,L00275,216246.95,0.05805,300,82,256957.68,2025-08-02T07:00:00Z
2025-08-31,L00275,215685.58,0.05805,300,83,256957.68,2025-09-02T07:00:00Z
2025-09-30,L00275,215121.49,0.05805,300,84,256957.68,2025-10-02T07:00:00Z
2024-01-31,L00276,251723.09,0.05625,360,93,287440.29,2024-02-02T07:00:00Z
2024-02-29,L00276,251248.38,0.05625,360,94,287440.29,2024-03-02T07:00:00Z
2024-03-31,L00276,250771.44,0.05625,360,95,287440.29,2024-04-02T07:00:00Z
2024-04-30,L00276,250292.26,0.05625,360,96,287440.29,2024-05-02T07:00:00Z
2024-05-31,L00276,249810.84,0.05625,360,97,287440.29,2024-06-02T07:00:00Z
2024-06-30,L00276,249327.16,0.05625,360,98,287440.29,2024-07-02T07:00:00Z
2024-07-31,L00276,248841.21,0.05625,360,99,287440.29,2024-08-02T07:00:00Z
2024-08-31,L00276,248352.98,0.05625,360,100,287440.29,2024-09-02T07:00:00Z
2024-09-30,L00276,247862.47,0.05625,360,101,287440.29,2024-10-02T07:00:00Z
2024-10-31,L00276,247369.66,0.05625,360,102,287440.29,2024-11-02T07:00:00Z
2024-11-30,L00276,246874.53,0.05625,360,103,287440.29,2024-12-02T07:00:00Z
2024-12-31,L00276,246377.09,0.05625,360,104,287440.29,2025-01-02T07:00:00Z
2025-01-31,L00276,245877.31,0.05625,360,105,287440.29,2025-02-02T07:00:00Z
2025-02-28,L00276,245375.19,0.05625,360,106,287440.29,2025-03-02T07:00:00Z
2025-03-31,L00276,244870.72,0.05625,360,107,287440.29,2025-04-02T07:00:00Z
2025-04-30,L00276,244363.88,0.05625,360,108,287440.29,2025-05-02T07:00:00Z
2025-05-31,L00276,243854.67,0.05625,360,109,287440.29,2025-06-02T07:00:00Z
2025-06-30,L00276,243343.07,0.05625,360,110,287440.29,2025-07-02T07:00:00Z
2025-07-31,L00276,242829.07,0.05625,360,111,287440.29,2025-08-02T07:00:00Z
2025-08-31,L00276,242312.67,0.05625,360,112,287440.29,2025-09-02T07:00:00Z
2025-09-30,L00276,241793.84,0.05625,360,113,287440.29,2025-10-02T07:00:00Z
2024-01-31,L00277,456823.88,0.05069,360,12,463578.69,2024-02-02T07:00:00Z
2024-02-29,L00277,456245.4,0.05069,360,13,463578.69,2024-03-02T07:00:00Z
2024-03-31,L00277,455664.48,0.05069,360,14,463578.69,2024-04-02T07:00:00Z
2024-04-30,L00277,455081.11,0.05069,360,15,463578.69,2024-05-02T07:00:00Z
2024-05-31,L00277,454495.27,0.05069,360,16,463578.69,2024-06-02T07:00:00Z
2024-06-30,L00277,453906.96,0.05069,360,17,463578.69,2024-07-02T07:00:00Z
2024-07-31,L00277,453316.16,0.05069,360,18,463578.69,2024-08-02T07:00:00Z
2024-08-31,L00277,452722.87,0.05069,360,19,463578.69,2024-09-02T07:00:00Z
2024-09-30,L00277,452127.07,0.05069,360,20,463578.69,2024-10-02T07:00:00Z
2024-10-31,L00277,451528.75,0.05069,360,21,463578.69,2024-11-02T07:00:00Z
2024-11-30,L00277,450927.91,0.05069,360,22,463578.69,2024-12-02T07:00:00Z
2024-12-31,L00277,450324.53,0.05069,360,23,463578.69,2025-01-02T07:00:00Z
2025-01-31,L00277,449718.59,0.05069,360,24,463578.69,2025-02-02T07:00:00Z
2025-02-28,L00277,449110.1,0.05069,360,25,463578.69,2025-03-02T07:00:00Z
2025-03-31,L00277,448499.04,0.05069,360,26,463578.69,2025-04-02T07:00:00Z
2025-04-30,L00277,447885.4,0.05069,360,27,463578.69,2025-05-02T07:00:00Z
2025-05-31,L00277,447269.17,0.05069,360,28,463578.69,2025-06-02T07:00:00Z
2025-06-30,L00277,446650.33,0.05069,360,29,463578.69,2025-07-02T07:00:00Z
2025-07-31,L00277,446028.88,0.05069,360,30,463578.69,2025-08-02T07:00:00Z
2025-08-31,L00277,445404.81,0.05069,360,31,463578.69,2025-09-02T07:00:00Z
2025-09-30,L00277,444778.09,0.05069,360,32,463578.69,2025-10-02T07:00:00Z
2024-01-31,L00278,465864.69,0.05451,360,3,467420.8,2024-02-02T07:00:00Z
2024-02-29,L00278,465341.27,0.05451,360,4,467420.8,2024-03-02T07:00:00Z
2024-03-31,L00278,464815.47,0.05451,360,5,467420.8,2024-04-02T07:00:00Z
2024-04-30,L00278,464287.29,0.05451,360,6,467420.8,2024-05-02T07:00:00Z
2024-05-31,L00278,463756.7,0.05451,360,7,467420.8,2024-06-02T07:00:00Z
2024-06-30,L00278,463223.7,0.05451,360,8,467420.8,2024-07-02T07:00:00Z
2024-07-31,L00278,462688.29,0.05451,360,9,467420.8,2024-08-02T07:00:00Z
2024-08-31,L00278,462150.44,0.05451,360,10,467420.8,2024-09-02T07:00:00Z
2024-09-30,L00278,461610.14,0.05451,360,11,467420.8,2024-10-02T07:00:00Z
2024-10-31,L00278,461067.39,0.05451,360,12,467420.8,2024-11-02T07:00:00Z
2024-11-30,L00278,460522.18,0.05451,360,13,467420.8,2024-12-02T07:00:00Z
2024-12-31,L00278,459974.49,0.05451,360,14,467420.8,2025-01-02T07:00:00Z
2025-01-31,L00278,459424.31,0.05451,360,15,467420.8,2025-02-02T07:00:00Z
2025-02-28,L00278,458871.64,0.05451,360,16,467420.8,2025-03-02T07:00:00Z
2025-03-31,L00278,458316.45,0.05451,360,17,467420.8,2025-04-02T07:00:00Z
2025-04-30,L00278,457758.74,0.05451,360,18,467420.8,2025-05-02T07:00:00Z
2025-05-31,L00278,457198.5,0.05451,360,19,467420.8,2025-06-02T07:00:00Z
2025-06-30,L00278,456635.71,0.05451,360,20,467420.8,2025-07-02T07:00:00Z
2025-07-31,L00278,456070.37,0.05451,360,21,467420.8,2025-08-02T07:00:00Z
2025-08-31,L00278,455502.45,0.05451,360,22,467420.8,2025-09-02T07:00:00Z
2025-09-30,L00278,454931.96,0.05451,360,23,467420.8,2025-10-02T07:00:00Z
2024-01-31,L00279,216503.41,0.0548,180,39,255619.0,2024-02-02T07:00:00Z
2024-02-29,L00279,215406.2,0.0548,180,40,255619.0,2024-03-02T07:00:00Z
2024-03-31,L00279,214303.98,0.0548,180,41,255619.0,2024-04-02T07:00:00Z
2024-04-30,L00279,213196.73,0.0548,180,42,255619.0,2024-05-02T07:00:00Z
2024-05-31,L00279,212084.42,0.0548,180,43,255619.0,2024-06-02T07:00:00Z
2024-06-30,L00279,210967.03,0.0548,180,44,255619.0,2024-07-02T07:00:00Z
2024-07-31,L00279,209844.54,0.0548,180,45,255619.0,2024-08-02T07:00:00Z
2024-08-31,L00279,208716.92,0.0548,180,46,255619.0,2024-09-02T07:00:00Z
2024-09-30,L00279,207584.15,0.0548,180,47,255619.0,2024-10-02T07:00:00Z
2024-10-31,L00279,206446.21,0.0548,180,48,255619.0,2024-11-02T07:00:00Z
2024-11-30,L00279,205303.07,0.0548,180,49,255619.0,2024-12-02T07:00:00Z
2024-12-31,L00279,204154.71,0.0548,180,50,255619.0,2025-01-02T07:00:00Z
2025-01-31,L00279,203001.11,0.0548,180,51,255619.0,2025-02-02T07:00:00Z
2025-02-28,L00279,201842.24,0.0548,180,52,255619.0,2025-03-02T07:00:00Z
2025-03-31,L00279,200678.08,0.0548,180,53,255619.0,2025-04-02T07:00:00Z
2025-04-30,L00279,199508.6,0.0548,180,54,255619.0,2025-05-02T07:00:00Z
2025-05-31,L00279,198333.78,0.0548,180,55,255619.0,2025-06-02T07:00:00Z
2025-06-30,L00279,197153.6,0.0548,180,56,255619.0,2025-07-02T07:00:00Z
2025-07-31,L00279,195968.02,0.0548,180,57,255619.0,2025-08-02T07:00:00Z
2025-08-31,L00279,194777.04,0.0548,180,58,255619.0,2025-09-02T07:00:00Z
2025-09-30,L00279,193580.61,0.0548,180,59,255619.0,2025-10-02T07:00:00Z
2024-01-31,L00280,187867.64,0.06855,360,194,267679.92,2024-02-02T07:00:00Z
2024-02-29,L00280,187185.94,0.06855,360,195,267679.92,2024-03-02T07:00:00Z
2024-03-31,L00280,186500.35,0.06855,360,196,267679.92,2024-04-02T07:00:00Z
2024-04-30,L00280,185810.84,0.06855,360,197,267679.92,2024-05-02T07:00:00Z
2024-05-31,L00280,185117.4,0.06855,360,198,267679.92,2024-06-02T07:00:00Z
2024-06-30,L00280,184419.99,0.06855,360,199,267679.92,2024-07-02T07:00:00Z
2024-07-31,L00280,183718.6,0.06855,360,200,267679.92,2024-08-02T07:00:00Z
2024-08-31,L00280,183013.2,0.06855,360,201,267679.92,2024-09-02T07:00:00Z
2024-09-30,L00280,182303.77,0.06855,360,202,267679.92,2024-10-02T07:00:00Z
2024-10-31,L00280,181590.29,0.06855,360,203,267679.92,2024-11-02T07:00:00Z
2024-11-30,L00280,180872.74,0.06855,360,204,267679.92,2024-12-02T07:00:00Z
2024-12-31,L00280,180151.08,0.06855,360,205,267679.92,2025-01-02T07:00:00Z
2025-01-31,L00280,179425.3,0.06855,360,206,267679.92,2025-02-02T07:00:00Z
2025-02-28,L00280,178695.38,0.06855,360,207,267679.92,2025-03-02T07:00:00Z
2025-03-31,L00280,177961.28,0.06855,360,208,267679.92,2025-04-02T07:00:00Z
2025-04-30,L00280,177223.0,0.06855,360,209,267679.92,2025-05-02T07:00:00Z
2025-05-31,L00280,176480.49,0.06855,360,210,267679.92,2025-06-02T07:00:00Z
2025-06-30,L00280,175733.75,0.06855,360,211,267679.92,2025-07-02T07:00:00Z
2025-07-31,L00280,174982.74,0.06855,360,212,267679.92,2025-08-02T07:00:00Z
2025-08-31,L00280,174227.43,0.06855,360,213,267679.92,2025-09-02T07:00:00Z
2025-09-30,L00280,173467.82,0.06855,360,214,267679.92,2025-10-02T07:00:00Z
2024-01-31,L00281,558350.06,0.05489,240,39,618938.0,2024-02-02T07:00:00Z
2024-02-29,L00281,556650.3,0.05489,240,40,618938.0,2024-03-02T07:00:00Z
2024-03-31,L00281,554942.76,0.05489,240,41,618938.0,2024-04-02T07:00:00Z
2024-04-30,L00281,553227.41,0.05489,240,42,618938.0,2024-05-02T07:00:00Z
2024-05-31,L00281,551504.21,0.05489,240,43,618938.0,2024-06-02T07:00:00Z
2024-06-30,L00281,549773.13,0.05489,240,44,618938.0,2024-07-02T07:00:00Z
2024-07-31,L00281,548034.13,0.05489,240,45,618938.0,2024-08-02T07:00:00Z
2024-08-31,L00281,546287.18,0.05489,240,46,618938.0,2024-09-02T07:00:00Z
2024-09-30,L00281,544532.24,0.05489,240,47,618938.0,2024-10-02T07:00:00Z
2024-10-31,L00281,542769.27,0.05489,240,48,618938.0,2024-11-02T07:00:00Z
2024-11-30,L00281,540998.23,0.05489,240,49,618938.0,2024-12-02T07:00:00Z
2024-12-31,L00281,539219.1,0.05489,240,50,618938.0,2025-01-02T07:00:00Z
2025-01-31,L00281,537431.82,0.05489,240,51,618938.0,2025-02-02T07:00:00Z
2025-02-28,L00281,535636.37,0.05489,240,52,618938.0,2025-03-02T07:00:00Z
2025-03-31,L00281,533832.71,0.05489,240,53,618938.0,2025-04-02T07:00:00Z
2025-04-30,L00281,532020.8,0.05489,240,54,618938.0,2025-05-02T07:00:00Z
2025-05-31,L00281,530200.6,0.05489,240,55,618938.0,2025-06-02T07:00:00Z
2025-06-30,L00281,528372.08,0.05489,240,56,618938.0,2025-07-02T07:00:00Z
2025-07-31,L00281,526535.19,0.05489,240,57,618938.0,2025-08-02T07:00:00Z
2025-08-31,L00281,524689.89,0.05489,240,58,618938.0,2025-09-02T07:00:00Z
2025-09-30,L00281,522836.16,0.05489,240,59,618938.0,2025-10-02T07:00:00Z
2024-01-31,L00282,472916.31,0.04716,300,9,480613.25,2024-02-02T07:00:00Z
2024-02-29,L00282,472044.21,0.04716,300,10,480613.25,2024-03-02T07:00:00Z
2024-03-31,L00282,471168.67,0.04716,300,11,480613.25,2024-04-02T07:00:00Z
2024-04-30,L00282,470289.69,0.04716,300,12,480613.25,2024-05-02T07:00:00Z
2024-05-31,L00282,469407.26,0.04716,300,13,480613.25,2024-06-02T07:00:00Z
2024-06-30,L00282,468521.36,0.04716,300,14,480613.25,2024-07-02T07:00:00Z
2024-07-31,L00282,467631.98,0.04716,300,15,480613.25,2024-08-02T07:00:00Z
2024-08-31,L00282,466739.11,0.04716,300,16,480613.25,2024-09-02T07:00:00Z
2024-09-30,L00282,465842.72,0.04716,300,17,480613.25,2024-10-02T07:00:00Z
2024-10-31,L00282,464942.82,0.04716,300,18,480613.25,2024-11-02T07:00:00Z
2024-11-30,L00282,464039.37,0.04716,300,19,480613.25,2024-12-02T07:00:00Z
2024-12-31,L00282,463132.38,0.04716,300,20,480613.25,2025-01-02T07:00:00Z
2025-01-31,L00282,462221.82,0.04716,300,21,480613.25,2025-02-02T07:00:00Z
2025-02-28,L00282,461307.68,0.04716,300,22,480613.25,2025-03-02T07:00:00Z
2025-03-31,L00282,460389.95,0.04716,300,23,480613.25,2025-04-02T07:00:00Z
2025-04-30,L00282,459468.62,0.04716,300,24,480613.25,2025-05-02T07:00:00Z
2025-05-31,L00282,458543.66,0.04716,300,25,480613.25,2025-06-02T07:00:00Z
2025-06-30,L00282,457615.07,0.04716,300,26,480613.25,2025-07-02T07:00:00Z
2025-07-31,L00282,456682.82,0.04716,300,27,480613.25,2025-08-02T07:00:00Z
2025-08-31,L00282,455746.92,0.04716,300,28,480613.25,2025-09-02T07:00:00Z
2025-09-30,L00282,454807.33,0.04716,300,29,480613.25,2025-10-02T07:00:00Z
2024-01-31,L00283,438041.83,0.0493,360,34,458354.51,2024-02-02T07:00:00Z
2024-02-29,L00283,437400.48,0.0493,360,35,458354.51,2024-03-02T07:00:00Z
2024-03-31,L00283,436756.49,0.0493,360,36,458354.51,2024-04-02T07:00:00Z
2024-04-30,L00283,436109.86,0.0493,360,37,458354.51,2024-05-02T07:00:00Z
2024-05-31,L00283,435460.57,0.0493,360,38,458354.51,2024-06-02T07:00:00Z
2024-06-30,L00283,434808.61,0.0493,360,39,458354.51,2024-07-02T07:00:00Z
2024-07-31,L00283,434153.98,0.0493,360,40,458354.51,2024-08-02T07:00:00Z
2024-08-31,L00283,433496.65,0.0493,360,41,458354.51,2024-09-02T07:00:00Z
2024-09-30,L00283,432836.62,0.0493,360,42,458354.51,2024-10-02T07:00:00Z
2024-10-31,L00283,432173.89,0.0493,360,43,458354.51,2024-11-02T07:00:00Z
2024-11-30,L00283,431508.43,0.0493,360,44,458354.51,2024-12-02T07:00:00Z
2024-12-31,L00283,430840.23,0.0493,360,45,458354.51,2025-01-02T07:00:00Z
2025-01-31,L00283,430169.29,0.0493,360,46,458354.51,2025-02-02T07:00:00Z
2025-02-28,L00283,429495.6,0.0493,360,47,458354.51,2025-03-02T07:00:00Z
2025-03-31,L00283,428819.13,0.0493,360,48,458354.51,2025-04-02T07:00:00Z
2025-04-30,L00283,428139.89,0.0493,360,49,458354.51,2025-05-02T07:00:00Z
2025-05-31,L00283,427457.86,0.0493,360,50,458354.51,2025-06-02T07:00:00Z
2025-06-30,L00283,426773.02,0.0493,360,51,458354.51,2025-07-02T07:00:00Z
2025-07-31,L00283,426085.37,0.0493,360,52,458354.51,2025-08-02T07:00:00Z
2025-08-31,L00283,425394.9,0.0493,360,53,458354.51,2025-09-02T07:00:00Z
2025-09-30,L00283,424701.59,0.0493,360,54,458354.51,2025-10-02T07:00:00Z
2024-01-31,L00284,383367.85,0.05624,300,146,563217.77,2024-02-02T07:00:00Z
2024-02-29,L00284,381664.09,0.05624,300,147,563217.77,2024-03-02T07:00:00Z
2024-03-31,L00284,379952.34,0.05624,300,148,563217.77,2024-04-02T07:00:00Z
2024-04-30,L00284,378232.57,0.05624,300,149,563217.77,2024-05-02T07:00:00Z
2024-05-31,L00284,376504.74,0.05624,300,150,563217.77,2024-06-02T07:00:00Z
2024-06-30,L00284,374768.81,0.05624,300,151,563217.77,2024-07-02T07:00:00Z
2024-07-31,L00284,373024.74,0.05624,300,152,563217.77,2024-08-02T07:00:00Z
2024-08-31,L00284,371272.5,0.05624,300,153,563217.77,2024-09-02T07:00:00Z
2024-09-30,L00284,369512.05,0.05624,300,154,563217.77,2024-10-02T07:00:00Z
2024-10-31,L00284,367743.35,0.05624,300,155,563217.77,2024-11-02T07:00:00Z
2024-11-30,L00284,365966.36,0.05624,300,156,563217.77,2024-12-02T07:00:00Z
2024-12-31,L00284,364181.04,0.05624,300,157,563217.77,2025-01-02T07:00:00Z
2025-01-31,L00284,362387.36,0.05624,300,158,563217.77,2025-02-02T07:00:00Z
2025-02-28,L00284,360585.26,0.05624,300,159,563217.77,2025-03-02T07:00:00Z
2025-03-31,L00284,358774.73,0.05624,300,160,563217.77,2025-04-02T07:00:00Z
2025-04-30,L00284,356955.7,0.05624,300,161,563217.77,2025-05-02T07:00:00Z
2025-05-31,L00284,355128.15,0.05624,300,162,563217.77,2025-06-02T07:00:00Z
2025-06-30,L00284,353292.04,0.05624,300,163,563217.77,2025-07-02T07:00:00Z
2025-07-31,L00284,351447.32,0.05624,300,164,563217.77,2025-08-02T07:00:00Z
2025-08-31,L00284,349593.96,0.05624,300,165,563217.77,2025-09-02T07:00:00Z
2025-09-30,L00284,347731.91,0.05624,300,166,563217.77,2025-10-02T07:00:00Z
2024-01-31,L00285,73812.85,0.06079,300,78,85426.47,2024-02-02T07:00:00Z
2024-02-29,L00285,73632.24,0.06079,300,79,85426.47,2024-03-02T07:00:00Z
2024-03-31,L00285,73450.71,0.06079,300,80,85426.47,2024-04-02T07:00:00Z
2024-04-30,L00285,73268.26,0.06079,300,81,85426.47,2024-05-02T07:00:00Z
2024-05-31,L00285,73084.89,0.06079,300,82,85426.47,2024-06-02T07:00:00Z
2024-06-30,L00285,72900.59,0.06079,300,83,85426.47,2024-07-02T07:00:00Z
2024-07-31,L00285,72715.36,0.06079,300,84,85426.47,2024-08-02T07:00:00Z
2024-08-31,L00285,72529.18,0.06079,300,85,85426.47,2024-09-02T07:00:00Z
2024-09-30,L00285,72342.07,0.06079,300,86,85426.47,2024-10-02T07:00:00Z
2024-10-31,L00285,72154.0,0.06079,300,87,85426.47,2024-11-02T07:00:00Z
2024-11-30,L00285,71964.99,0.06079,300,88,85426.47,2024-12-02T07:00:00Z
2024-12-31,L00285,71775.01,0.06079,300,89,85426.47,2025-01-02T07:00:00Z
2025-01-31,L00285,71584.08,0.06079,300,90,85426.47,2025-02-02T07:00:00Z
2025-02-28,L00285,71392.17,0.06079,300,91,85426.47,2025-03-02T07:00:00Z
2025-03-31,L00285,71199.3,0.06079,300,92,85426.47,2025-04-02T07:00:00Z
2025-04-30,L00285,71005.44,0.06079,300,93,85426.47,2025-05-02T07:00:00Z
2025-05-31,L00285,70810.61,0.06079,300,94,85426.47,2025-06-02T07:00:00Z
2025-06-30,L00285,70614.79,0.06079,300,95,85426.47,2025-07-02T07:00:00Z
2025-07-31,L00285,70417.97,0.06079,300,96,85426.47,2025-08-02T07:00:00Z
2025-08-31,L00285,70220.16,0.06079,300,97,85426.47,2025-09-02T07:00:00Z
2025-09-30,L00285,70021.35,0.06079,300,98,85426.47,2025-10-02T07:00:00Z
2024-01-31,L00286,484623.38,0.07317,360,59,512537.44,2024-02-02T07:00:00Z
2024-02-29,L00286,484058.64,0.07317,360,60,512537.44,2024-03-02T07:00:00Z
2024-03-31,L00286,483490.46,0.07317,360,61,512537.44,2024-04-02T07:00:00Z
2024-04-30,L00286,482918.81,0.07317,360,62,512537.44,2024-05-02T07:00:00Z
2024-05-31,L00286,482343.68,0.07317,360,63,512537.44,2024-06-02T07:00:00Z
2024-06-30,L00286,481765.04,0.07317,360,64,512537.44,2024-07-02T07:00:00Z
2024-07-31,L00286,481182.87,0.07317,360,65,512537.44,2024-08-02T07:00:00Z
2024-08-31,L00286,480597.15,0.07317,360,66,512537.44,2024-09-02T07:00:00Z
2024-09-30,L00286,480007.86,0.07317,360,67,512537.44,2024-10-02T07:00:00Z
2024-10-31,L00286,479414.98,0.07317,360,68,512537.44,2024-11-02T07:00:00Z
2024-11-30,L00286,478818.48,0.07317,360,69,512537.44,2024-12-02T07:00:00Z
2024-12-31,L00286,477022.88,0.07317,360,70,512537.44,2025-01-02T07:00:00Z
2025-01-31,L00286,476420.6,0.07317,360,71,512537.44,2025-02-02T07:00:00Z
2025-02-28,L00286,475814.64,0.07317,360,72,512537.44,2025-03-02T07:00:00Z
2025-03-31,L00286,475204.99,0.07317,360,73,512537.44,2025-04-02T07:00:00Z
2025-04-30,L00286,474591.62,0.07317,360,74,512537.44,2025-05-02T07:00:00Z
2025-05-31,L00286,473974.51,0.07317,360,75,512537.44,2025-06-02T07:00:00Z
2025-06-30,L00286,473353.64,0.07317,360,76,512537.44,2025-07-02T07:00:00Z
2025-07-31,L00286,472728.98,0.07317,360,77,512537.44,2025-08-02T07:00:00Z
2025-08-31,L00286,472100.51,0.07317,360,78,512537.44,2025-09-02T07:00:00Z
2025-09-30,L00286,467697.43,0.07317,360,79,512537.44,2025-10-02T07:00:00Z
2024-01-31,L00287,183567.66,0.05474,360,84,206786.07,2024-02-02T07:00:00Z
2024-02-29,L00287,183234.3,0.05474,360,85,206786.07,2024-03-02T07:00:00Z
2024-03-31,L00287,182899.42,0.05474,360,86,206786.07,2024-04-02T07:00:00Z
2024-04-30,L00287,182563.0,0.05474,360,87,206786.07,2024-05-02T07:00:00Z
2024-05-31,L00287,182225.06,0.05474,360,88,206786.07,2024-06-02T07:00:00Z
2024-06-30,L00287,181885.57,0.05474,360,89,206786.07,2024-07-02T07:00:00Z
2024-07-31,L00287,181544.54,0.05474,360,90,206786.07,2024-08-02T07:00:00Z
2024-08-31,L00287,181201.94,0.05474,360,91,206786.07,2024-09-02T07:00:00Z
2024-09-30,L00287,180857.79,0.05474,360,92,206786.07,2024-10-02T07:00:00Z
2024-10-31,L00287,180512.06,0.05474,360,93,206786.07,2024-11-02T07:00:00Z
2024-11-30,L00287,180164.76,0.05474,360,94,206786.07,2024-12-02T07:00:00Z
2024-12-31,L00287,179815.88,0.05474,360,95,206786.07,2025-01-02T07:00:00Z
2025-01-31,L00287,179465.4,0.05474,360,96,206786.07,2025-02-02T07:00:00Z
2025-02-28,L00287,179113.32,0.05474,360,97,206786.07,2025-03-02T07:00:00Z
2025-03-31,L00287,178759.64,0.05474,360,98,206786.07,2025-04-02T07:00:00Z
2025-04-30,L00287,178404.34,0.05474,360,99,206786.07,2025-05-02T07:00:00Z
2025-05-31,L00287,178047.43,0.05474,360,100,206786.07,2025-06-02T07:00:00Z
2025-06-30,L00287,177688.88,0.05474,360,101,206786.07,2025-07-02T07:00:00Z
2025-07-31,L00287,177328.7,0.05474,360,102,206786.07,2025-08-02T07:00:00Z
2025-08-31,L00287,176966.88,0.05474,360,103,206786.07,2025-09-02T07:00:00Z
2025-09-30,L00287,176603.41,0.05474,360,104,206786.07,2025-10-02T07:00:00Z
2024-01-31,L00288,484424.02,0.06239,360,26,497558.43,2024-02-02T07:00:00Z
2024-02-29,L00288,483882.62,0.06239,360,27,497558.43,2024-03-02T07:00:00Z
2024-03-31,L00288,483338.42,0.06239,360,28,497558.43,2024-04-02T07:00:00Z
2024-04-30,L00288,482791.38,0.06239,360,29,497558.43,2024-05-02T07:00:00Z
2024-05-31,L00288,482241.5,0.06239,360,30,497558.43,2024-06-02T07:00:00Z
2024-06-30,L00288,481688.76,0.06239,360,31,497558.43,2024-07-02T07:00:00Z
2024-07-31,L00288,481133.14,0.06239,360,32,497558.43,2024-08-02T07:00:00Z
2024-08-31,L00288,480030.91,0.06239,360,33,497558.43,2024-09-02T07:00:00Z
2024-09-30,L00288,479470.14,0.06239,360,34,497558.43,2024-10-02T07:00:00Z
2024-10-31,L00288,478906.45,0.06239,360,35,497558.43,2024-11-02T07:00:00Z
2024-11-30,L00288,478339.84,0.06239,360,36,497558.43,2024-12-02T07:00:00Z
2024-12-31,L00288,477770.27,0.06239,360,37,497558.43,2025-01-02T07:00:00Z
2025-01-31,L00288,477197.75,0.06239,360,38,497558.43,2025-02-02T07:00:00Z
2025-02-28,L00288,476622.25,0.06239,360,39,497558.43,2025-03-02T07:00:00Z
2025-03-31,L00288,476043.75,0.06239,360,40,497558.43,2025-04-02T07:00:00Z
2025-04-30,L00288,475462.25,0.06239,360,41,497558.43,2025-05-02T07:00:00Z
2025-05-31,L00288,474877.73,0.06239,360,42,497558.43,2025-06-02T07:00:00Z
2025-06-30,L00288,474290.16,0.06239,360,43,497558.43,2025-07-02T07:00:00Z
2025-07-31,L00288,473699.55,0.06239,360,44,497558.43,2025-08-02T07:00:00Z
2025-08-31,L00288,473105.86,0.06239,360,45,497558.43,2025-09-02T07:00:00Z
2025-09-30,L00288,472509.08,0.06239,360,46,497558.43,2025-10-02T07:00:00Z
2024-01-31,L00289,43598.19,0.06772,180,157,228701.27,2024-02-02T07:00:00Z
2024-02-29,L00289,41817.64,0.06772,180,158,228701.27,2024-03-02T07:00:00Z
2024-03-31,L00289,40027.04,0.06772,180,159,228701.27,2024-04-02T07:00:00Z
2024-04-30,L00289,38226.34,0.06772,180,160,228701.27,2024-05-02T07:00:00Z
2024-05-31,L00289,36415.47,0.06772,180,161,228701.27,2024-06-02T07:00:00Z
2024-06-30,L00289,34594.39,0.06772,180,162,228701.27,2024-07-02T07:00:00Z
2024-07-31,L00289,32763.02,0.06772,180,163,228701.27,2024-08-02T07:00:00Z
2024-08-31,L00289,30921.33,0.06772,180,164,228701.27,2024-09-02T07:00:00Z
2024-09-30,L00289,25713.48,0.06772,180,165,228701.27,2024-10-02T07:00:00Z
2024-10-31,L00289,24065.95,0.06772,180,166,228701.27,2024-11-02T07:00:00Z
2024-11-30,L00289,22409.12,0.06772,180,167,228701.27,2024-12-02T07:00:00Z
2024-12-31,L00289,20742.94,0.06772,180,168,228701.27,2025-01-02T07:00:00Z
2025-01-31,L00289,19067.36,0.06772,180,169,228701.27,2025-02-02T07:00:00Z
2025-02-28,L00289,17382.33,0.06772,180,170,228701.27,2025-03-02T07:00:00Z
2025-03-31,L00289,15687.78,0.06772,180,171,228701.27,2025-04-02T07:00:00Z
2025-04-30,L00289,13983.67,0.06772,180,172,228701.27,2025-05-02T07:00:00Z
2025-05-31,L00289,12269.95,0.06772,180,173,228701.27,2025-06-02T07:00:00Z
2025-06-30,L00289,10546.55,0.06772,180,174,228701.27,2025-07-02T07:00:00Z
2025-07-31,L00289,8813.43,0.06772,180,175,228701.27,2025-08-02T07:00:00Z
2025-08-31,L00289,7070.53,0.06772,180,176,228701.27,2025-09-02T07:00:00Z
2025-09-30,L00289,5317.79,0.06772,180,177,228701.27,2025-10-02T07:00:00Z
2024-01-31,L00290,420281.82,0.04468,360,99,499270.41,2024-02-02T07:00:00Z
2024-02-29,L00290,419326.42,0.04468,360,100,499270.41,2024-03-02T07:00:00Z
2024-03-31,L00290,418367.47,0.04468,360,101,499270.41,2024-04-02T07:00:00Z
2024-04-30,L00290,417404.94,0.04468,360,102,499270.41,2024-05-02T07:00:00Z
2024-05-31,L00290,416438.84,0.04468,360,103,499270.41,2024-06-02T07:00:00Z
2024-06-30,L00290,415469.13,0.04468,360,104,499270.41,2024-07-02T07:00:00Z
2024-07-31,L00290,414495.81,0.04468,360,105,499270.41,2024-08-02T07:00:00Z
2024-08-31,L00290,413518.88,0.04468,360,106,499270.41,2024-09-02T07:00:00Z
2024-09-30,L00290,412538.3,0.04468,360,107,499270.41,2024-10-02T07:00:00Z
2024-10-31,L00290,411554.07,0.04468,360,108,499270.41,2024-11-02T07:00:00Z
2024-11-30,L00290,410566.18,0.04468,360,109,499270.41,2024-12-02T07:00:00Z
2024-12-31,L00290,409574.61,0.04468,360,110,499270.41,2025-01-02T07:00:00Z
2025-01-31,L00290,408579.34,0.04468,360,111,499270.41,2025-02-02T07:00:00Z
2025-02-28,L00290,407580.37,0.04468,360,112,499270.41,2025-03-02T07:00:00Z
2025-03-31,L00290,406577.69,0.04468,360,113,499270.41,2025-04-02T07:00:00Z
2025-04-30,L00290,405571.26,0.04468,360,114,499270.41,2025-05-02T07:00:00Z
2025-05-31,L00290,404561.1,0.04468,360,115,499270.41,2025-06-02T07:00:00Z
2025-06-30,L00290,403547.17,0.04468,360,116,499270.41,2025-07-02T07:00:00Z
2025-07-31,L00290,402529.46,0.04468,360,117,499270.41,2025-08-02T07:00:00Z
2025-08-31,L00290,401507.97,0.04468,360,118,499270.41,2025-09-02T07:00:00Z
2025-09-30,L00290,400482.67,0.04468,360,119,499270.41,2025-10-02T07:00:00Z
2024-01-31,L00291,143073.78,0.07267,360,53,150353.14,2024-02-02T07:00:00Z
2024-02-29,L00291,142912.8,0.07267,360,54,150353.14,2024-03-02T07:00:00Z
2024-03-31,L00291,142750.85,0.07267,360,55,150353.14,2024-04-02T07:00:00Z
2024-04-30,L00291,142587.92,0.07267,360,56,150353.14,2024-05-02T07:00:00Z
2024-05-31,L00291,142424.0,0.07267,360,57,150353.14,2024-06-02T07:00:00Z
2024-06-30,L00291,142259.08,0.07267,360,58,150353.14,2024-07-02T07:00:00Z
2024-07-31,L00291,142093.17,0.07267,360,59,150353.14,2024-08-02T07:00:00Z
2024-08-31,L00291,141926.26,0.07267,360,60,150353.14,2024-09-02T07:00:00Z
2024-09-30,L00291,141758.33,0.07267,360,61,150353.14,2024-10-02T07:00:00Z
2024-10-31,L00291,141589.39,0.07267,360,62,150353.14,2024-11-02T07:00:00Z
2024-11-30,L00291,141419.42,0.07267,360,63,150353.14,2024-12-02T07:00:00Z
2024-12-31,L00291,141248.43,0.07267,360,64,150353.14,2025-01-02T07:00:00Z
2025-01-31,L00291,141076.4,0.07267,360,65,150353.14,2025-02-02T07:00:00Z
2025-02-28,L00291,140903.33,0.07267,360,66,150353.14,2025-03-02T07:00:00Z
2025-03-31,L00291,140729.21,0.07267,360,67,150353.14,2025-04-02T07:00:00Z
2025-04-30,L00291,140554.03,0.07267,360,68,150353.14,2025-05-02T07:00:00Z
2025-05-31,L00291,140377.79,0.07267,360,69,150353.14,2025-06-02T07:00:00Z
2025-06-30,L00291,140200.49,0.07267,360,70,150353.14,2025-07-02T07:00:00Z
2025-07-31,L00291,140022.11,0.07267,360,71,150353.14,2025-08-02T07:00:00Z
2025-08-31,L00291,139842.66,0.07267,360,72,150353.14,2025-09-02T07:00:00Z
2025-09-30,L00291,139662.11,0.07267,360,73,150353.14,2025-10-02T07:00:00Z
2024-01-31,L00292,152219.48,0.05526,360,161,205444.58,2024-02-02T07:00:00Z
2024-02-29,L00292,151750.61,0.05526,360,162,205444.58,2024-03-02T07:00:00Z
2024-03-31,L00292,151279.57,0.05526,360,163,205444.58,2024-04-02T07:00:00Z
2024-04-30,L00292,150806.37,0.05526,360,164,205444.58,2024-05-02T07:00:00Z
2024-05-31,L00292,150330.99,0.05526,360,165,205444.58,2024-06-02T07:00:00Z
2024-06-30,L00292,149853.42,0.05526,360,166,205444.58,2024-07-02T07:00:00Z
2024-07-31,L00292,149373.65,0.05526,360,167,205444.58,2024-08-02T07:00:00Z
2024-08-31,L00292,148891.67,0.05526,360,168,205444.58,2024-09-02T07:00:00Z
2024-09-30,L00292,148407.47,0.05526,360,169,205444.58,2024-10-02T07:00:00Z
2024-10-31,L00292,147921.04,0.05526,360,170,205444.58,2024-11-02T07:00:00Z
2024-11-30,L00292,147432.37,0.05526,360,171,205444.58,2024-12-02T07:00:00Z
2024-12-31,L00292,146941.45,0.05526,360,172,205444.58,2025-01-02T07:00:00Z
2025-01-31,L00292,146448.27,0.05526,360,173,205444.58,2025-02-02T07:00:00Z
2025-02-28,L00292,145952.82,0.05526,360,174,205444.58,2025-03-02T07:00:00Z
2025-03-31,L00292,145455.09,0.05526,360,175,205444.58,2025-04-02T07:00:00Z
2025-04-30,L00292,144955.06,0.05526,360,176,205444.58,2025-05-02T07:00:00Z
2025-05-31,L00292,144452.73,0.05526,360,177,205444.58,2025-06-02T07:00:00Z
2025-06-30,L00292,143948.09,0.05526,360,178,205444.58,2025-07-02T07:00:00Z
2025-07-31,L00292,143441.13,0.05526,360,179,205444.58,2025-08-02T07:00:00Z
2025-08-31,L00292,142931.83,0.05526,360,180,205444.58,2025-09-02T07:00:00Z
2025-09-30,L00292,142420.19,0.05526,360,181,205444.58,2025-10-02T07:00:00Z
2024-01-31,L00293,320580.98,0.05404,360,28,331582.39,2024-02-02T07:00:00Z
2024-02-29,L00293,320161.9,0.05404,360,29,331582.39,2024-03-02T07:00:00Z
2024-03-31,L00293,319740.93,0.05404,360,30,331582.39,2024-04-02T07:00:00Z
2024-04-30,L00293,319318.07,0.05404,360,31,331582.39,2024-05-02T07:00:00Z
2024-05-31,L00293,318893.3,0.05404,360,32,331582.39,2024-06-02T07:00:00Z
2024-06-30,L00293,318466.61,0.05404,360,33,331582.39,2024-07-02T07:00:00Z
2024-07-31,L00293,318038.01,0.05404,360,34,331582.39,2024-08-02T07:00:00Z
2024-08-31,L00293,317607.48,0.05404,360,35,331582.39,2024-09-02T07:00:00Z
2024-09-30,L00293,317175.0,0.05404,360,36,331582.39,2024-10-02T07:00:00Z
2024-10-31,L00293,316740.58,0.05404,360,37,331582.39,2024-11-02T07:00:00Z
2024-11-30,L00293,316304.21,0.05404,360,38,331582.39,2024-12-02T07:00:00Z
2024-12-31,L00293,315865.86,0.05404,360,39,331582.39,2025-01-02T07:00:00Z
2025-01-31,L00293,315425.55,0.05404,360,40,331582.39,2025-02-02T07:00:00Z
2025-02-28,L00293,314983.25,0.05404,360,41,331582.39,2025-03-02T07:00:00Z
2025-03-31,L00293,314538.96,0.05404,360,42,331582.39,2025-04-02T07:00:00Z
2025-04-30,L00293,314092.67,0.05404,360,43,331582.39,2025-05-02T07:00:00Z
2025-05-31,L00293,313644.37,0.05404,360,44,331582.39,2025-06-02T07:00:00Z
2025-06-30,L00293,313194.05,0.05404,360,45,331582.39,2025-07-02T07:00:00Z
2025-07-31,L00293,312741.7,0.05404,360,46,331582.39,2025-08-02T07:00:00Z
2025-08-31,L00293,312287.31,0.05404,360,47,331582.39,2025-09-02T07:00:00Z
2025-09-30,L00293,311830.88,0.05404,360,48,331582.39,2025-10-02T07:00:00Z
2024-01-31,L00294,404169.5,0.0522,360,32,420795.79,2024-02-02T07:00:00Z
2024-02-29,L00294,403611.8,0.0522,360,33,420795.79,2024-03-02T07:00:00Z
2024-03-31,L00294,403051.68,0.0522,360,34,420795.79,2024-04-02T07:00:00Z
2024-04-30,L00294,402489.11,0.0522,360,35,420795.79,2024-05-02T07:00:00Z
2024-05-31,L00294,401924.1,0.0522,360,36,420795.79,2024-06-02T07:00:00Z
2024-06-30,L00294,401356.64,0.0522,360,37,420795.79,2024-07-02T07:00:00Z
2024-07-31,L00294,400786.7,0.0522,360,38,420795.79,2024-08-02T07:00:00Z
2024-08-31,L00294,400214.29,0.0522,360,39,420795.79,2024-09-02T07:00:00Z
2024-09-30,L00294,399639.38,0.0522,360,40,420795.79,2024-10-02T07:00:00Z
2024-10-31,L00294,399061.98,0.0522,360,41,420795.79,2024-11-02T07:00:00Z
2024-11-30,L00294,398482.06,0.0522,360,42,420795.79,2024-12-02T07:00:00Z
2024-12-31,L00294,397899.62,0.0522,360,43,420795.79,2025-01-02T07:00:00Z
2025-01-31,L00294,397314.64,0.0522,360,44,420795.79,2025-02-02T07:00:00Z
2025-02-28,L00294,396727.13,0.0522,360,45,420795.79,2025-03-02T07:00:00Z
2025-03-31,L00294,396137.05,0.0522,360,46,420795.79,2025-04-02T07:00:00Z
2025-04-30,L00294,395544.41,0.0522,360,47,420795.79,2025-05-02T07:00:00Z
2025-05-31,L00294,394949.19,0.0522,360,48,420795.79,2025-06-02T07:00:00Z
2025-06-30,L00294,394351.38,0.0522,360,49,420795.79,2025-07-02T07:00:00Z
2025-07-31,L00294,393750.97,0.0522,360,50,420795.79,2025-08-02T07:00:00Z
2025-08-31,L00294,393147.95,0.0522,360,51,420795.79,2025-09-02T07:00:00Z
2025-09-30,L00294,392542.31,0.0522,360,52,420795.79,2025-10-02T07:00:00Z
2024-01-31,L00295,367888.25,0.04906,240,15,382406.63,2024-02-02T07:00:00Z
2024-02-29,L00295,363036.59,0.04906,240,16,382406.63,2024-03-02T07:00:00Z
2024-03-31,L00295,362043.19,0.04906,240,17,382406.63,2024-04-02T07:00:00Z
2024-04-30,L00295,361045.73,0.04906,240,18,382406.63,2024-05-02T07:00:00Z
2024-05-31,L00295,360044.19,0.04906,240,19,382406.63,2024-06-02T07:00:00Z
2024-06-30,L00295,359038.56,0.04906,240,20,382406.63,2024-07-02T07:00:00Z
2024-07-31,L00295,358028.82,0.04906,240,21,382406.63,2024-08-02T07:00:00Z
2024-08-31,L00295,357014.95,0.04906,240,22,382406.63,2024-09-02T07:00:00Z
2024-09-30,L00295,355996.93,0.04906,240,23,382406.63,2024-10-02T07:00:00Z
2024-10-31,L00295,354974.75,0.04906,240,24,382406.63,2024-11-02T07:00:00Z
2024-11-30,L00295,353948.4,0.04906,240,25,382406.63,2024-12-02T07:00:00Z
2024-12-31,L00295,352917.85,0.04906,240,26,382406.63,2025-01-02T07:00:00Z
2025-01-31,L00295,351883.08,0.04906,240,27,382406.63,2025-02-02T07:00:00Z
2025-02-28,L00295,350844.08,0.04906,240,28,382406.63,2025-03-02T07:00:00Z
2025-03-31,L00295,349800.84,0.04906,240,29,382406.63,2025-04-02T07:00:00Z
2025-04-30,L00295,348753.33,0.04906,240,30,382406.63,2025-05-02T07:00:00Z
2025-05-31,L00295,347701.54,0.04906,240,31,382406.63,2025-06-02T07:00:00Z
2025-06-30,L00295,346645.44,0.04906,240,32,382406.63,2025-07-02T07:00:00Z
2025-07-31,L00295,345585.03,0.04906,240,33,382406.63,2025-08-02T07:00:00Z
2025-08-31,L00295,344520.29,0.04906,240,34,382406.63,2025-09-02T07:00:00Z
2025-09-30,L00295,343451.19,0.04906,240,35,382406.63,2025-10-02T07:00:00Z
2024-01-31,L00296,377903.18,0.04683,300,52,420481.59,2024-02-02T07:00:00Z
2024-02-29,L00296,376996.88,0.04683,300,53,420481.59,2024-03-02T07:00:00Z
2024-03-31,L00296,376087.05,0.04683,300,54,420481.59,2024-04-02T07:00:00Z
2024-04-30,L00296,375173.67,0.04683,300,55,420481.59,2024-05-02T07:00:00Z
2024-05-31,L00296,374256.72,0.04683,300,56,420481.59,2024-06-02T07:00:00Z
2024-06-30,L00296,373336.19,0.04683,300,57,420481.59,2024-07-02T07:00:00Z
2024-07-31,L00296,372412.07,0.04683,300,58,420481.59,2024-08-02T07:00:00Z
2024-08-31,L00296,371484.35,0.04683,300,59,420481.59,2024-09-02T07:00:00Z
2024-09-30,L00296,370553.0,0.04683,300,60,420481.59,2024-10-02T07:00:00Z
2024-10-31,L00296,369618.02,0.04683,300,61,420481.59,2024-11-02T07:00:00Z
2024-11-30,L00296,368679.4,0.04683,300,62,420481.59,2024-12-02T07:00:00Z
2024-12-31,L00296,367737.1,0.04683,300,63,420481.59,2025-01-02T07:00:00Z
2025-01-31,L00296,366791.13,0.04683,300,64,420481.59,2025-02-02T07:00:00Z
2025-02-28,L00296,365841.47,0.04683,300,65,420481.59,2025-03-02T07:00:00Z
2025-03-31,L00296,364888.11,0.04683,300,66,420481.59,2025-04-02T07:00:00Z
2025-04-30,L00296,363931.02,0.04683,300,67,420481.59,2025-05-02T07:00:00Z
2025-05-31,L00296,362970.2,0.04683,300,68,420481.59,2025-06-02T07:00:00Z
2025-06-30,L00296,362005.63,0.04683,300,69,420481.59,2025-07-02T07:00:00Z
2025-07-31,L00296,361037.29,0.04683,300,70,420481.59,2025-08-02T07:00:00Z
2025-08-31,L00296,360065.17,0.04683,300,71,420481.59,2025-09-02T07:00:00Z
2025-09-30,L00296,359089.27,0.04683,300,72,420481.59,2025-10-02T07:00:00Z
2024-01-31,L00297,115680.09,0.055,240,31,125232.58,2024-02-02T07:00:00Z
2024-02-29,L00297,115348.83,0.055,240,32,125232.58,2024-03-02T07:00:00Z
2024-03-31,L00297,115016.05,0.055,240,33,125232.58,2024-04-02T07:00:00Z
2024-04-30,L00297,114681.75,0.055,240,34,125232.58,2024-05-02T07:00:00Z
2024-05-31,L00297,114345.92,0.055,240,35,125232.58,2024-06-02T07:00:00Z
2024-06-30,L00297,114008.55,0.055,240,36,125232.58,2024-07-02T07:00:00Z
2024-07-31,L00297,113669.63,0.055,240,37,125232.58,2024-08-02T07:00:00Z
2024-08-31,L00297,113329.15,0.055,240,38,125232.58,2024-09-02T07:00:00Z
2024-09-30,L00297,112987.12,0.055,240,39,125232.58,2024-10-02T07:00:00Z
2024-10-31,L00297,112643.52,0.055,240,40,125232.58,2024-11-02T07:00:00Z
2024-11-30,L00297,112298.34,0.055,240,41,125232.58,2024-12-02T07:00:00Z
2024-12-31,L00297,111951.58,0.055,240,42,125232.58,2025-01-02T07:00:00Z
2025-01-31,L00297,111603.23,0.055,240,43,125232.58,2025-02-02T07:00:00Z
2025-02-28,L00297,111253.29,0.055,240,44,125232.58,2025-03-02T07:00:00Z
2025-03-31,L00297,110901.74,0.055,240,45,125232.58,2025-04-02T07:00:00Z
2025-04-30,L00297,110548.58,0.055,240,46,125232.58,2025-05-02T07:00:00Z
2025-05-31,L00297,110193.8,0.055,240,47,125232.58,2025-06-02T07:00:00Z
2025-06-30,L00297,109837.4,0.055,240,48,125232.58,2025-07-02T07:00:00Z
2025-07-31,L00297,109479.36,0.055,240,49,125232.58,2025-08-02T07:00:00Z
2025-08-31,L00297,109119.68,0.055,240,50,125232.58,2025-09-02T07:00:00Z
2025-09-30,L00297,108758.36,0.055,240,51,125232.58,2025-10-02T07:00:00Z
2024-01-31,L00298,163205.89,0.04541,240,8,166670.92,2024-02-02T07:00:00Z
2024-02-29,L00298,162765.36,0.04541,240,9,166670.92,2024-03-02T07:00:00Z
2024-03-31,L00298,162323.15,0.04541,240,10,166670.92,2024-04-02T07:00:00Z
2024-04-30,L00298,161879.28,0.04541,240,11,166670.92,2024-05-02T07:00:00Z
2024-05-31,L00298,161433.72,0.04541,240,12,166670.92,2024-06-02T07:00:00Z
2024-06-30,L00298,160986.48,0.04541,240,13,166670.92,2024-07-02T07:00:00Z
2024-07-31,L00298,160537.54,0.04541,240,14,166670.92,2024-08-02T07:00:00Z
2024-08-31,L00298,160086.91,0.04541,240,15,166670.92,2024-09-02T07:00:00Z
2024-09-30,L00298,159634.57,0.04541,240,16,166670.92,2024-10-02T07:00:00Z
2024-10-31,L00298,159180.52,0.04541,240,17,166670.92,2024-11-02T07:00:00Z
2024-11-30,L00298,158724.75,0.04541,240,18,166670.92,2024-12-02T07:00:00Z
2024-12-31,L00298,158267.25,0.04541,240,19,166670.92,2025-01-02T07:00:00Z
2025-01-31,L00298,157808.03,0.04541,240,20,166670.92,2025-02-02T07:00:00Z
2025-02-28,L00298,157347.07,0.04541,240,21,166670.92,2025-03-02T07:00:00Z
2025-03-31,L00298,156884.36,0.04541,240,22,166670.92,2025-04-02T07:00:00Z
2025-04-30,L00298,156419.9,0.04541,240,23,166670.92,2025-05-02T07:00:00Z
2025-05-31,L00298,155953.69,0.04541,240,24,166670.92,2025-06-02T07:00:00Z
2025-06-30,L00298,155485.71,0.04541,240,25,166670.92,2025-07-02T07:00:00Z
2025-07-31,L00298,155015.95,0.04541,240,26,166670.92,2025-08-02T07:00:00Z
2025-08-31,L00298,154544.43,0.04541,240,27,166670.92,2025-09-02T07:00:00Z
2025-09-30,L00298,154071.11,0.04541,240,28,166670.92,2025-10-02T07:00:00Z
2024-01-31,L00299,410422.99,0.05129,240,68,505870.21,2024-02-02T07:00:00Z
2024-02-29,L00299,408802.53,0.05129,240,69,505870.21,2024-03-02T07:00:00Z
2024-03-31,L00299,407175.15,0.05129,240,70,505870.21,2024-04-02T07:00:00Z
2024-04-30,L00299,405540.81,0.05129,240,71,505870.21,2024-05-02T07:00:00Z
2024-05-31,L00299,403899.48,0.05129,240,72,505870.21,2024-06-02T07:00:00Z
2024-06-30,L00299,402251.14,0.05129,240,73,505870.21,2024-07-02T07:00:00Z
2024-07-31,L00299,400595.76,0.05129,240,74,505870.21,2024-08-02T07:00:00Z
2024-08-31,L00299,398933.3,0.05129,240,75,505870.21,2024-09-02T07:00:00Z
2024-09-30,L00299,397263.73,0.05129,240,76,505870.21,2024-10-02T07:00:00Z
2024-10-31,L00299,395587.03,0.05129,240,77,505870.21,2024-11-02T07:00:00Z
2024-11-30,L00299,393903.16,0.05129,240,78,505870.21,2024-12-02T07:00:00Z
2024-12-31,L00299,392212.09,0.05129,240,79,505870.21,2025-01-02T07:00:00Z
2025-01-31,L00299,390513.8,0.05129,240,80,505870.21,2025-02-02T07:00:00Z
2025-02-28,L00299,388808.24,0.05129,240,81,505870.21,2025-03-02T07:00:00Z
2025-03-31,L00299,387095.4,0.05129,240,82,505870.21,2025-04-02T07:00:00Z
2025-04-30,L00299,385375.24,0.05129,240,83,505870.21,2025-05-02T07:00:00Z
2025-05-31,L00299,383647.72,0.05129,240,84,505870.21,2025-06-02T07:00:00Z
2025-06-30,L00299,381912.82,0.05129,240,85,505870.21,2025-07-02T07:00:00Z
2025-07-31,L00299,380170.51,0.05129,240,86,505870.21,2025-08-02T07:00:00Z
2025-08-31,L00299,378420.74,0.05129,240,87,505870.21,2025-09-02T07:00:00Z
2025-09-30,L00299,376663.5,0.05129,240,88,505870.21,2025-10-02T07:00:00Z
2024-01-31,L00300,333156.59,0.05912,300,81,389732.85,2024-02-02T07:00:00Z
2024-02-29,L00300,332307.81,0.05912,300,82,389732.85,2024-03-02T07:00:00Z
2024-03-31,L00300,331454.85,0.05912,300,83,389732.85,2024-04-02T07:00:00Z
2024-04-30,L00300,330597.69,0.05912,300,84,389732.85,2024-05-02T07:00:00Z
2024-05-31,L00300,329736.3,0.05912,300,85,389732.85,2024-06-02T07:00:00Z
2024-06-30,L00300,328870.67,0.05912,300,86,389732.85,2024-07-02T07:00:00Z
2024-07-31,L00300,328000.77,0.05912,300,87,389732.85,2024-08-02T07:00:00Z
2024-08-31,L00300,327126.59,0.05912,300,88,389732.85,2024-09-02T07:00:00Z
2024-09-30,L00300,326248.11,0.05912,300,89,389732.85,2024-10-02T07:00:00Z
2024-10-31,L00300,325365.29,0.05912,300,90,389732.85,2024-11-02T07:00:00Z
2024-11-30,L00300,324478.13,0.05912,300,91,389732.85,2024-12-02T07:00:00Z
2024-12-31,L00300,323586.59,0.05912,300,92,389732.85,2025-01-02T07:00:00Z
2025-01-31,L00300,322690.66,0.05912,300,93,389732.85,2025-02-02T07:00:00Z
2025-02-28,L00300,321790.32,0.05912,300,94,389732.85,2025-03-02T07:00:00Z
2025-03-31,L00300,320885.54,0.05912,300,95,389732.85,2025-04-02T07:00:00Z
2025-04-30,L00300,319976.31,0.05912,300,96,389732.85,2025-05-02T07:00:00Z
2025-05-31,L00300,319062.59,0.05912,300,97,389732.85,2025-06-02T07:00:00Z
2025-06-30,L00300,313506.88,0.05912,300,98,389732.85,2025-07-02T07:00:00Z
2025-07-31,L00300,312597.59,0.05912,300,99,389732.85,2025-08-02T07:00:00Z
2025-08-31,L00300,311683.82,0.05912,300,100,389732.85,2025-09-02T07:00:00Z
2025-09-30,L00300,310765.55,0.05912,300,101,389732.85,2025-10-02T07:00:00Z
2024-01-31,L00301,55263.85,0.05413,360,190,82902.95,2024-02-02T07:00:00Z
2024-02-29,L00301,55046.93,0.05413,360,191,82902.95,2024-03-02T07:00:00Z
2024-03-31,L00301,54829.04,0.05413,360,192,82902.95,2024-04-02T07:00:00Z
2024-04-30,L00301,54610.17,0.05413,360,193,82902.95,2024-05-02T07:00:00Z
2024-05-31,L00301,54390.31,0.05413,360,194,82902.95,2024-06-02T07:00:00Z
2024-06-30,L00301,54169.45,0.05413,360,195,82902.95,2024-07-02T07:00:00Z
2024-07-31,L00301,53947.61,0.05413,360,196,82902.95,2024-08-02T07:00:00Z
2024-08-31,L00301,53724.76,0.05413,360,197,82902.95,2024-09-02T07:00:00Z
2024-09-30,L00301,53500.9,0.05413,360,198,82902.95,2024-10-02T07:00:00Z
2024-10-31,L00301,53276.04,0.05413,360,199,82902.95,2024-11-02T07:00:00Z
2024-11-30,L00301,53050.16,0.05413,360,200,82902.95,2024-12-02T07:00:00Z
2024-12-31,L00301,51639.27,0.05413,360,201,82902.95,2025-01-02T07:00:00Z
2025-01-31,L00301,51416.46,0.05413,360,202,82902.95,2025-02-02T07:00:00Z
2025-02-28,L00301,51192.64,0.05413,360,203,82902.95,2025-03-02T07:00:00Z
2025-03-31,L00301,50967.81,0.05413,360,204,82902.95,2025-04-02T07:00:00Z
2025-04-30,L00301,50741.97,0.05413,360,205,82902.95,2025-05-02T07:00:00Z
2025-05-31,L00301,50515.11,0.05413,360,206,82902.95,2025-06-02T07:00:00Z
2025-06-30,L00301,50287.22,0.05413,360,207,82902.95,2025-07-02T07:00:00Z
2025-07-31,L00301,50058.31,0.05413,360,208,82902.95,2025-08-02T07:00:00Z
2025-08-31,L00301,49828.37,0.05413,360,209,82902.95,2025-09-02T07:00:00Z
2025-09-30,L00301,49597.39,0.05413,360,210,82902.95,2025-10-02T07:00:00Z
2024-01-31,L00302,389015.4,0.06174,360,182,547186.04,2024-02-02T07:00:00Z
2024-02-29,L00302,387674.77,0.06174,360,183,547186.04,2024-03-02T07:00:00Z
2024-03-31,L00302,386327.24,0.06174,360,184,547186.04,2024-04-02T07:00:00Z
2024-04-30,L00302,384972.77,0.06174,360,185,547186.04,2024-05-02T07:00:00Z
2024-05-31,L00302,383611.34,0.06174,360,186,547186.04,2024-06-02T07:00:00Z
2024-06-30,L00302,382242.9,0.06174,360,187,547186.04,2024-07-02T07:00:00Z
2024-07-31,L00302,380867.42,0.06174,360,188,547186.04,2024-08-02T07:00:00Z
2024-08-31,L00302,379484.87,0.06174,360,189,547186.04,2024-09-02T07:00:00Z
2024-09-30,L00302,378095.2,0.06174,360,190,547186.04,2024-10-02T07:00:00Z
2024-10-31,L00302,376698.38,0.06174,360,191,547186.04,2024-11-02T07:00:00Z
2024-11-30,L00302,375294.37,0.06174,360,192,547186.04,2024-12-02T07:00:00Z
2024-12-31,L00302,373883.15,0.06174,360,193,547186.04,2025-01-02T07:00:00Z
2025-01-31,L00302,372464.66,0.06174,360,194,547186.04,2025-02-02T07:00:00Z
2025-02-28,L00302,371038.87,0.06174,360,195,547186.04,2025-03-02T07:00:00Z
2025-03-31,L00302,369605.75,0.06174,360,196,547186.04,2025-04-02T07:00:00Z
2025-04-30,L00302,368165.25,0.06174,360,197,547186.04,2025-05-02T07:00:00Z
2025-05-31,L00302,366717.34,0.06174,360,198,547186.04,2025-06-02T07:00:00Z
2025-06-30,L00302,365261.98,0.06174,360,199,547186.04,2025-07-02T07:00:00Z
2025-07-31,L00302,363799.14,0.06174,360,200,547186.04,2025-08-02T07:00:00Z
2025-08-31,L00302,362328.77,0.06174,360,201,547186.04,2025-09-02T07:00:00Z
2025-09-30,L00302,360850.83,0.06174,360,202,547186.04,2025-10-02T07:00:00Z
2024-01-31,L00303,82114.31,0.04357,360,172,121118.46,2024-02-02T07:00:00Z
2024-02-29,L00303,81809.01,0.04357,360,173,121118.46,2024-03-02T07:00:00Z
2024-03-31,L00303,81502.6,0.04357,360,174,121118.46,2024-04-02T07:00:00Z
2024-04-30,L00303,81195.08,0.04357,360,175,121118.46,2024-05-02T07:00:00Z
2024-05-31,L00303,80886.45,0.04357,360,176,121118.46,2024-06-02T07:00:00Z
2024-06-30,L00303,80576.69,0.04357,360,177,121118.46,2024-07-02T07:00:00Z
2024-07-31,L00303,80265.81,0.04357,360,178,121118.46,2024-08-02T07:00:00Z
2024-08-31,L00303,79953.8,0.04357,360,179,121118.46,2024-09-02T07:00:00Z
2024-09-30,L00303,79640.66,0.04357,360,180,121118.46,2024-10-02T07:00:00Z
2024-10-31,L00303,79326.38,0.04357,360,181,121118.46,2024-11-02T07:00:00Z
2024-11-30,L00303,79010.96,0.04357,360,182,121118.46,2024-12-02T07:00:00Z
2024-12-31,L00303,78694.39,0.04357,360,183,121118.46,2025-01-02T07:00:00Z
2025-01-31,L00303,78376.68,0.04357,360,184,121118.46,2025-02-02T07:00:00Z
2025-02-28,L00303,78057.81,0.04357,360,185,121118.46,2025-03-02T07:00:00Z
2025-03-31,L00303,77737.78,0.04357,360,186,121118.46,2025-04-02T07:00:00Z
2025-04-30,L00303,77416.59,0.04357,360,187,121118.46,2025-05-02T07:00:00Z
2025-05-31,L00303,77094.24,0.04357,360,188,121118.46,2025-06-02T07:00:00Z
2025-06-30,L00303,76770.71,0.04357,360,189,121118.46,2025-07-02T07:00:00Z
2025-07-31,L00303,76446.02,0.04357,360,190,121118.46,2025-08-02T07:00:00Z
2025-08-31,L00303,76120.14,0.04357,360,191,121118.46,2025-09-02T07:00:00Z
2025-09-30,L00303,75793.07,0.04357,360,192,121118.46,2025-10-02T07:00:00Z
2024-01-31,L00304,160575.43,0.05691,360,114,190970.2,2024-02-02T07:00:00Z
2024-02-29,L00304,160229.65,0.05691,360,115,190970.2,2024-03-02T07:00:00Z
2024-03-31,L00304,159882.24,0.05691,360,116,190970.2,2024-04-02T07:00:00Z
2024-04-30,L00304,159533.18,0.05691,360,117,190970.2,2024-05-02T07:00:00Z
2024-05-31,L00304,159182.46,0.05691,360,118,190970.2,2024-06-02T07:00:00Z
2024-06-30,L00304,158830.08,0.05691,360,119,190970.2,2024-07-02T07:00:00Z
2024-07-31,L00304,158476.03,0.05691,360,120,190970.2,2024-08-02T07:00:00Z
2024-08-31,L00304,158120.3,0.05691,360,121,190970.2,2024-09-02T07:00:00Z
2024-09-30,L00304,157762.88,0.05691,360,122,190970.2,2024-10-02T07:00:00Z
2024-10-31,L00304,157403.77,0.05691,360,123,190970.2,2024-11-02T07:00:00Z
2024-11-30,L00304,157042.96,0.05691,360,124,190970.2,2024-12-02T07:00:00Z
2024-12-31,L00304,156680.43,0.05691,360,125,190970.2,2025-01-02T07:00:00Z
2025-01-31,L00304,156316.18,0.05691,360,126,190970.2,2025-02-02T07:00:00Z
2025-02-28,L00304,155950.21,0.05691,360,127,190970.2,2025-03-02T07:00:00Z
2025-03-31,L00304,155582.5,0.05691,360,128,190970.2,2025-04-02T07:00:00Z
2025-04-30,L00304,155213.05,0.05691,360,129,190970.2,2025-05-02T07:00:00Z
2025-05-31,L00304,154841.84,0.05691,360,130,190970.2,2025-06-02T07:00:00Z
2025-06-30,L00304,154468.88,0.05691,360,131,190970.2,2025-07-02T07:00:00Z
2025-07-31,L00304,154094.14,0.05691,360,132,190970.2,2025-08-02T07:00:00Z
2025-08-31,L00304,153717.63,0.05691,360,133,190970.2,2025-09-02T07:00:00Z
2025-09-30,L00304,153339.33,0.05691,360,134,190970.2,2025-10-02T07:00:00Z
2024-01-31,L00305,320258.79,0.05026,360,180,471186.92,2024-02-02T07:00:00Z
2024-02-29,L00305,319063.21,0.05026,360,181,471186.92,2024-03-02T07:00:00Z
2024-03-31,L00305,317862.63,0.05026,360,182,471186.92,2024-04-02T07:00:00Z
2024-04-30,L00305,316657.02,0.05026,360,183,471186.92,2024-05-02T07:00:00Z
2024-05-31,L00305,315446.36,0.05026,360,184,471186.92,2024-06-02T07:00:00Z
2024-06-30,L00305,314230.63,0.05026,360,185,471186.92,2024-07-02T07:00:00Z
2024-07-31,L00305,313009.8,0.05026,360,186,471186.92,2024-08-02T07:00:00Z
2024-08-31,L00305,311783.87,0.05026,360,187,471186.92,2024-09-02T07:00:00Z
2024-09-30,L00305,310552.8,0.05026,360,188,471186.92,2024-10-02T07:00:00Z
2024-10-31,L00305,309316.57,0.05026,360,189,471186.92,2024-11-02T07:00:00Z
2024-11-30,L00305,308075.16,0.05026,360,190,471186.92,2024-12-02T07:00:00Z
2024-12-31,L00305,306828.56,0.05026,360,191,471186.92,2025-01-02T07:00:00Z
2025-01-31,L00305,305576.73,0.05026,360,192,471186.92,2025-02-02T07:00:00Z
2025-02-28,L00305,304319.67,0.05026,360,193,471186.92,2025-03-02T07:00:00Z
2025-03-31,L00305,303057.33,0.05026,360,194,471186.92,2025-04-02T07:00:00Z
2025-04-30,L00305,301789.71,0.05026,360,195,471186.92,2025-05-02T07:00:00Z
2025-05-31,L00305,300516.78,0.05026,360,196,471186.92,2025-06-02T07:00:00Z
2025-06-30,L00305,299238.52,0.05026,360,197,471186.92,2025-07-02T07:00:00Z
2025-07-31,L00305,297954.91,0.05026,360,198,471186.92,2025-08-02T07:00:00Z
2025-08-31,L00305,296665.91,0.05026,360,199,471186.92,2025-09-02T07:00:00Z
2025-09-30,L00305,295371.52,0.05026,360,200,471186.92,2025-10-02T07:00:00Z
2024-01-31,L00306,280141.82,0.0575,240,35,306073.79,2024-02-02T07:00:00Z
2024-02-29,L00306,279335.27,0.0575,240,36,306073.79,2024-03-02T07:00:00Z
2024-03-31,L00306,278524.86,0.0575,240,37,306073.79,2024-04-02T07:00:00Z
2024-04-30,L00306,277710.57,0.0575,240,38,306073.79,2024-05-02T07:00:00Z
2024-05-31,L00306,276892.37,0.0575,240,39,306073.79,2024-06-02T07:00:00Z
2024-06-30,L00306,276070.25,0.0575,240,40,306073.79,2024-07-02T07:00:00Z
2024-07-31,L00306,275244.2,0.0575,240,41,306073.79,2024-08-02T07:00:00Z
2024-08-31,L00306,274414.18,0.0575,240,42,306073.79,2024-09-02T07:00:00Z
2024-09-30,L00306,273580.19,0.0575,240,43,306073.79,2024-10-02T07:00:00Z
2024-10-31,L00306,272742.2,0.0575,240,44,306073.79,2024-11-02T07:00:00Z
2024-11-30,L00306,271900.2,0.0575,240,45,306073.79,2024-12-02T07:00:00Z
2024-12-31,L00306,271054.16,0.0575,240,46,306073.79,2025-01-02T07:00:00Z
2025-01-31,L00306,270204.06,0.0575,240,47,306073.79,2025-02-02T07:00:00Z
2025-02-28,L00306,269349.9,0.0575,240,48,306073.79,2025-03-02T07:00:00Z
2025-03-31,L00306,268491.64,0.0575,240,49,306073.79,2025-04-02T07:00:00Z
2025-04-30,L00306,267629.27,0.0575,240,50,306073.79,2025-05-02T07:00:00Z
2025-05-31,L00306,266762.77,0.0575,240,51,306073.79,2025-06-02T07:00:00Z
2025-06-30,L00306,265892.11,0.0575,240,52,306073.79,2025-07-02T07:00:00Z
2025-07-31,L00306,265017.28,0.0575,240,53,306073.79,2025-08-02T07:00:00Z
2025-08-31,L00306,264138.26,0.0575,240,54,306073.79,2025-09-02T07:00:00Z
2025-09-30,L00306,263255.03,0.0575,240,55,306073.79,2025-10-02T07:00:00Z
2024-01-31,L00307,242211.69,0.03568,360,93,290533.59,2024-02-02T07:00:00Z
2024-02-29,L00307,241616.19,0.03568,360,94,290533.59,2024-03-02T07:00:00Z
2024-03-31,L00307,241018.91,0.03568,360,95,290533.59,2024-04-02T07:00:00Z
2024-04-30,L00307,240419.86,0.03568,360,96,290533.59,2024-05-02T07:00:00Z
2024-05-31,L00307,239819.03,0.03568,360,97,290533.59,2024-06-02T07:00:00Z
2024-06-30,L00307,239216.42,0.03568,360,98,290533.59,2024-07-02T07:00:00Z
2024-07-31,L00307,238612.01,0.03568,360,99,290533.59,2024-08-02T07:00:00Z
2024-08-31,L00307,238005.8,0.03568,360,100,290533.59,2024-09-02T07:00:00Z
2024-09-30,L00307,237397.79,0.03568,360,101,290533.59,2024-10-02T07:00:00Z
2024-10-31,L00307,236787.98,0.03568,360,102,290533.59,2024-11-02T07:00:00Z
2024-11-30,L00307,236176.35,0.03568,360,103,290533.59,2024-12-02T07:00:00Z
2024-12-31,L00307,235562.9,0.03568,360,104,290533.59,2025-01-02T07:00:00Z
2025-01-31,L00307,234947.63,0.03568,360,105,290533.59,2025-02-02T07:00:00Z
2025-02-28,L00307,234330.53,0.03568,360,106,290533.59,2025-03-02T07:00:00Z
2025-03-31,L00307,233711.59,0.03568,360,107,290533.59,2025-04-02T07:00:00Z
2025-04-30,L00307,233090.82,0.03568,360,108,290533.59,2025-05-02T07:00:00Z
2025-05-31,L00307,232468.19,0.03568,360,109,290533.59,2025-06-02T07:00:00Z
2025-06-30,L00307,231843.72,0.03568,360,110,290533.59,2025-07-02T07:00:00Z
2025-07-31,L00307,231217.39,0.03568,360,111,290533.59,2025-08-02T07:00:00Z
2025-08-31,L00307,230589.2,0.03568,360,112,290533.59,2025-09-02T07:00:00Z
2025-09-30,L00307,229959.14,0.03568,360,113,290533.59,2025-10-02T07:00:00Z
2024-01-31,L00308,74469.9,0.05729,240,131,125258.45,2024-02-02T07:00:00Z
2024-02-29,L00308,73947.51,0.05729,240,132,125258.45,2024-03-02T07:00:00Z
2024-03-31,L00308,73422.63,0.05729,240,133,125258.45,2024-04-02T07:00:00Z
2024-04-30,L00308,72895.24,0.05729,240,134,125258.45,2024-05-02T07:00:00Z
2024-05-31,L00308,72365.34,0.05729,240,135,125258.45,2024-06-02T07:00:00Z
2024-06-30,L00308,71832.91,0.05729,240,136,125258.45,2024-07-02T07:00:00Z
2024-07-31,L00308,71297.93,0.05729,240,137,125258.45,2024-08-02T07:00:00Z
2024-08-31,L00308,70211.55,0.05729,240,138,125258.45,2024-09-02T07:00:00Z
2024-09-30,L00308,69675.65,0.05729,240,139,125258.45,2024-10-02T07:00:00Z
2024-10-31,L00308,69137.18,0.05729,240,140,125258.45,2024-11-02T07:00:00Z
2024-11-30,L00308,68596.14,0.05729,240,141,125258.45,2024-12-02T07:00:00Z
2024-12-31,L00308,68052.53,0.05729,240,142,125258.45,2025-01-02T07:00:00Z
2025-01-31,L00308,67506.31,0.05729,240,143,125258.45,2025-02-02T07:00:00Z
2025-02-28,L00308,66957.49,0.05729,240,144,125258.45,2025-03-02T07:00:00Z
2025-03-31,L00308,66406.05,0.05729,240,145,125258.45,2025-04-02T07:00:00Z
2025-04-30,L00308,65851.97,0.05729,240,146,125258.45,2025-05-02T07:00:00Z
2025-05-31,L00308,65295.25,0.05729,240,147,125258.45,2025-06-02T07:00:00Z
2025-06-30,L00308,64735.87,0.05729,240,148,125258.45,2025-07-02T07:00:00Z
2025-07-31,L00308,64173.83,0.05729,240,149,125258.45,2025-08-02T07:00:00Z
2025-08-31,L00308,63609.09,0.05729,240,150,125258.45,2025-09-02T07:00:00Z
2025-09-30,L00308,63041.67,0.05729,240,151,125258.45,2025-10-02T07:00:00Z
2024-01-31,L00309,338940.13,0.05837,360,25,348427.69,2024-02-02T07:00:00Z
2024-02-29,L00309,338536.16,0.05837,360,26,348427.69,2024-03-02T07:00:00Z
2024-03-31,L00309,338130.23,0.05837,360,27,348427.69,2024-04-02T07:00:00Z
2024-04-30,L00309,337722.32,0.05837,360,28,348427.69,2024-05-02T07:00:00Z
2024-05-31,L00309,337312.43,0.05837,360,29,348427.69,2024-06-02T07:00:00Z
2024-06-30,L00309,336900.55,0.05837,360,30,348427.69,2024-07-02T07:00:00Z
2024-07-31,L00309,336486.66,0.05837,360,31,348427.69,2024-08-02T07:00:00Z
2024-08-31,L00309,336070.76,0.05837,360,32,348427.69,2024-09-02T07:00:00Z
2024-09-30,L00309,335652.84,0.05837,360,33,348427.69,2024-10-02T07:00:00Z
2024-10-31,L00309,335232.89,0.05837,360,34,348427.69,2024-11-02T07:00:00Z
2024-11-30,L00309,334810.89,0.05837,360,35,348427.69,2024-12-02T07:00:00Z
2024-12-31,L00309,329831.06,0.05837,360,36,348427.69,2025-01-02T07:00:00Z
2025-01-31,L00309,329410.75,0.05837,360,37,348427.69,2025-02-02T07:00:00Z
2025-02-28,L00309,328988.4,0.05837,360,38,348427.69,2025-03-02T07:00:00Z
2025-03-31,L00309,323319.94,0.05837,360,39,348427.69,2025-04-02T07:00:00Z
2025-04-30,L00309,322900.27,0.05837,360,40,348427.69,2025-05-02T07:00:00Z
2025-05-31,L00309,322478.57,0.05837,360,41,348427.69,2025-06-02T07:00:00Z
2025-06-30,L00309,322054.81,0.05837,360,42,348427.69,2025-07-02T07:00:00Z
2025-07-31,L00309,321628.99,0.05837,360,43,348427.69,2025-08-02T07:00:00Z
2025-08-31,L00309,321201.1,0.05837,360,44,348427.69,2025-09-02T07:00:00Z
2025-09-30,L00309,320771.13,0.05837,360,45,348427.69,2025-10-02T07:00:00Z
2024-01-31,L00310,214633.85,0.06176,300,124,283471.69,2024-02-02T07:00:00Z
2024-02-29,L00310,213881.47,0.06176,300,125,283471.69,2024-03-02T07:00:00Z
2024-03-31,L00310,213125.21,0.06176,300,126,283471.69,2024-04-02T07:00:00Z
2024-04-30,L00310,212365.07,0.06176,300,127,283471.69,2024-05-02T07:00:00Z
2024-05-31,L00310,211601.01,0.06176,300,128,283471.69,2024-06-02T07:00:00Z
2024-06-30,L00310,210833.02,0.06176,300,129,283471.69,2024-07-02T07:00:00Z
2024-07-31,L00310,210061.08,0.06176,300,130,283471.69,2024-08-02T07:00:00Z
2024-08-31,L00310,209285.16,0.06176,300,131,283471.69,2024-09-02T07:00:00Z
2024-09-30,L00310,208505.25,0.06176,300,132,283471.69,2024-10-02T07:00:00Z
2024-10-31,L00310,207721.33,0.06176,300,133,283471.69,2024-11-02T07:00:00Z
2024-11-30,L00310,206933.37,0.06176,300,134,283471.69,2024-12-02T07:00:00Z
2024-12-31,L00310,206141.36,0.06176,300,135,283471.69,2025-01-02T07:00:00Z
2025-01-31,L00310,205345.27,0.06176,300,136,283471.69,2025-02-02T07:00:00Z
2025-02-28,L00310,204545.08,0.06176,300,137,283471.69,2025-03-02T07:00:00Z
2025-03-31,L00310,203740.77,0.06176,300,138,283471.69,2025-04-02T07:00:00Z
2025-04-30,L00310,202932.33,0.06176,300,139,283471.69,2025-05-02T07:00:00Z
2025-05-31,L00310,202119.72,0.06176,300,140,283471.69,2025-06-02T07:00:00Z
2025-06-30,L00310,201302.94,0.06176,300,141,283471.69,2025-07-02T07:00:00Z
2025-07-31,L00310,200481.95,0.06176,300,142,283471.69,2025-08-02T07:00:00Z
2025-08-31,L00310,199656.73,0.06176,300,143,283471.69,2025-09-02T07:00:00Z
2025-09-30,L00310,198827.26,0.06176,300,144,283471.69,2025-10-02T07:00:00Z
2024-01-31,L00311,334332.97,0.06487,240,139,577927.43,2024-02-02T07:00:00Z
2024-02-29,L00311,331835.87,0.06487,240,140,577927.43,2024-03-02T07:00:00Z
2024-03-31,L00311,329325.27,0.06487,240,141,577927.43,2024-04-02T07:00:00Z
2024-04-30,L00311,326801.1,0.06487,240,142,577927.43,2024-05-02T07:00:00Z
2024-05-31,L00311,324263.28,0.06487,240,143,577927.43,2024-06-02T07:00:00Z
2024-06-30,L00311,321711.74,0.06487,240,144,577927.43,2024-07-02T07:00:00Z
2024-07-31,L00311,319146.41,0.06487,240,145,577927.43,2024-08-02T07:00:00Z
2024-08-31,L00311,316567.22,0.06487,240,146,577927.43,2024-09-02T07:00:00Z
2024-09-30,L00311,313974.08,0.06487,240,147,577927.43,2024-10-02T07:00:00Z
2024-10-31,L00311,311366.92,0.06487,240,148,577927.43,2024-11-02T07:00:00Z
2024-11-30,L00311,308745.67,0.06487,240,149,577927.43,2024-12-02T07:00:00Z
2024-12-31,L00311,306110.25,0.06487,240,150,577927.43,2025-01-02T07:00:00Z
2025-01-31,L00311,303460.58,0.06487,240,151,577927.43,2025-02-02T07:00:00Z
2025-02-28,L00311,300796.58,0.06487,240,152,577927.43,2025-03-02T07:00:00Z
2025-03-31,L00311,298118.19,0.06487,240,153,577927.43,2025-04-02T07:00:00Z
2025-04-30,L00311,295425.32,0.06487,240,154,577927.43,2025-05-02T07:00:00Z
2025-05-31,L00311,292717.89,0.06487,240,155,577927.43,2025-06-02T07:00:00Z
2025-06-30,L00311,289995.82,0.06487,240,156,577927.43,2025-07-02T07:00:00Z
2025-07-31,L00311,287259.04,0.06487,240,157,577927.43,2025-08-02T07:00:00Z
2025-08-31,L00311,284507.47,0.06487,240,158,577927.43,2025-09-02T07:00:00Z
2025-09-30,L00311,281741.02,0.06487,240,159,577927.43,2025-10-02T07:00:00Z
2024-01-31,L00312,326136.35,0.05425,360,185,479680.5,2024-02-02T07:00:00Z
2024-02-29,L00312,324909.72,0.05425,360,186,479680.5,2024-03-02T07:00:00Z
2024-03-31,L00312,323677.53,0.05425,360,187,479680.5,2024-04-02T07:00:00Z
2024-04-30,L00312,322439.78,0.05425,360,188,479680.5,2024-05-02T07:00:00Z
2024-05-31,L00312,321196.43,0.05425,360,189,479680.5,2024-06-02T07:00:00Z
2024-06-30,L00312,319947.47,0.05425,360,190,479680.5,2024-07-02T07:00:00Z
2024-07-31,L00312,318692.85,0.05425,360,191,479680.5,2024-08-02T07:00:00Z
2024-08-31,L00312,317432.56,0.05425,360,192,479680.5,2024-09-02T07:00:00Z
2024-09-30,L00312,316166.58,0.05425,360,193,479680.5,2024-10-02T07:00:00Z
2024-10-31,L00312,314894.87,0.05425,360,194,479680.5,2024-11-02T07:00:00Z
2024-11-30,L00312,313617.41,0.05425,360,195,479680.5,2024-12-02T07:00:00Z
2024-12-31,L00312,312334.18,0.05425,360,196,479680.5,2025-01-02T07:00:00Z
2025-01-31,L00312,311045.15,0.05425,360,197,479680.5,2025-02-02T07:00:00Z
2025-02-28,L00312,309750.29,0.05425,360,198,479680.5,2025-03-02T07:00:00Z
2025-03-31,L00312,308449.57,0.05425,360,199,479680.5,2025-04-02T07:00:00Z
2025-04-30,L00312,307142.98,0.05425,360,200,479680.5,2025-05-02T07:00:00Z
2025-05-31,L00312,305830.48,0.05425,360,201,479680.5,2025-06-02T07:00:00Z
2025-06-30,L00312,304512.04,0.05425,360,202,479680.5,2025-07-02T07:00:00Z
2025-07-31,L00312,303187.64,0.05425,360,203,479680.5,2025-08-02T07:00:00Z
2025-08-31,L00312,301857.26,0.05425,360,204,479680.5,2025-09-02T07:00:00Z
2025-09-30,L00312,300520.86,0.05425,360,205,479680.5,2025-10-02T07:00:00Z
2024-01-31,L00313,105087.71,0.03873,360,71,119063.65,2024-02-02T07:00:00Z
2024-02-29,L00313,104867.13,0.03873,360,72,119063.65,2024-03-02T07:00:00Z
2024-03-31,L00313,104645.85,0.03873,360,73,119063.65,2024-04-02T07:00:00Z
2024-04-30,L00313,104423.85,0.03873,360,74,119063.65,2024-05-02T07:00:00Z
2024-05-31,L00313,104201.13,0.03873,360,75,119063.65,2024-06-02T07:00:00Z
2024-06-30,L00313,103977.69,0.03873,360,76,119063.65,2024-07-02T07:00:00Z
2024-07-31,L00313,103753.53,0.03873,360,77,119063.65,2024-08-02T07:00:00Z
2024-08-31,L00313,103528.65,0.03873,360,78,119063.65,2024-09-02T07:00:00Z
2024-09-30,L00313,103303.05,0.03873,360,79,119063.65,2024-10-02T07:00:00Z
2024-10-31,L00313,103076.71,0.03873,360,80,119063.65,2024-11-02T07:00:00Z
2024-11-30,L00313,102849.65,0.03873,360,81,119063.65,2024-12-02T07:00:00Z
2024-12-31,L00313,102621.85,0.03873,360,82,119063.65,2025-01-02T07:00:00Z
2025-01-31,L00313,102393.32,0.03873,360,83,119063.65,2025-02-02T07:00:00Z
2025-02-28,L00313,102164.05,0.03873,360,84,119063.65,2025-03-02T07:00:00Z
2025-03-31,L00313,101934.04,0.03873,360,85,119063.65,2025-04-02T07:00:00Z
2025-04-30,L00313,101703.28,0.03873,360,86,119063.65,2025-05-02T07:00:00Z
2025-05-31,L00313,101471.78,0.03873,360,87,119063.65,2025-06-02T07:00:00Z
2025-06-30,L00313,101239.54,0.03873,360,88,119063.65,2025-07-02T07:00:00Z
2025-07-31,L00313,101006.54,0.03873,360,89,119063.65,2025-08-02T07:00:00Z
2025-08-31,L00313,100772.8,0.03873,360,90,119063.65,2025-09-02T07:00:00Z
2025-09-30,L00313,100538.3,0.03873,360,91,119063.65,2025-10-02T07:00:00Z
2024-01-31,L00314,163679.86,0.05759,300,176,278656.71,2024-02-02T07:00:00Z
2024-02-29,L00314,162710.82,0.05759,300,177,278656.71,2024-03-02T07:00:00Z
2024-03-31,L00314,161737.14,0.05759,300,178,278656.71,2024-04-02T07:00:00Z
2024-04-30,L00314,160758.78,0.05759,300,179,278656.71,2024-05-02T07:00:00Z
2024-05-31,L00314,159775.72,0.05759,300,180,278656.71,2024-06-02T07:00:00Z
2024-06-30,L00314,154996.0,0.05759,300,181,278656.71,2024-07-02T07:00:00Z
2024-07-31,L00314,154027.18,0.05759,300,182,278656.71,2024-08-02T07:00:00Z
2024-08-31,L00314,153053.72,0.05759,300,183,278656.71,2024-09-02T07:00:00Z
2024-09-30,L00314,152075.59,0.05759,300,184,278656.71,2024-10-02T07:00:00Z
2024-10-31,L00314,151092.76,0.05759,300,185,278656.71,2024-11-02T07:00:00Z
2024-11-30,L00314,150105.22,0.05759,300,186,278656.71,2024-12-02T07:00:00Z
2024-12-31,L00314,149112.94,0.05759,300,187,278656.71,2025-01-02T07:00:00Z
2025-01-31,L00314,148115.89,0.05759,300,188,278656.71,2025-02-02T07:00:00Z
2025-02-28,L00314,147114.06,0.05759,300,189,278656.71,2025-03-02T07:00:00Z
2025-03-31,L00314,146107.42,0.05759,300,190,278656.71,2025-04-02T07:00:00Z
2025-04-30,L00314,145095.95,0.05759,300,191,278656.71,2025-05-02T07:00:00Z
2025-05-31,L00314,144079.63,0.05759,300,192,278656.71,2025-06-02T07:00:00Z
2025-06-30,L00314,143058.43,0.05759,300,193,278656.71,2025-07-02T07:00:00Z
2025-07-31,L00314,142032.33,0.05759,300,194,278656.71,2025-08-02T07:00:00Z
2025-08-31,L00314,141001.3,0.05759,300,195,278656.71,2025-09-02T07:00:00Z
2025-09-30,L00314,139965.33,0.05759,300,196,278656.71,2025-10-02T07:00:00Z
2024-01-31,L00315,399659.53,0.0632,300,15,408389.9,2024-02-02T07:00:00Z
2024-02-29,L00315,399052.69,0.0632,300,16,408389.9,2024-03-02T07:00:00Z
2024-03-31,L00315,398442.64,0.0632,300,17,408389.9,2024-04-02T07:00:00Z
2024-04-30,L00315,397829.39,0.0632,300,18,408389.9,2024-05-02T07:00:00Z
2024-05-31,L00315,397212.9,0.0632,300,19,408389.9,2024-06-02T07:00:00Z
2024-06-30,L00315,396593.17,0.0632,300,20,408389.9,2024-07-02T07:00:00Z
2024-07-31,L00315,395970.17,0.0632,300,21,408389.9,2024-08-02T07:00:00Z
2024-08-31,L00315,395343.89,0.0632,300,22,408389.9,2024-09-02T07:00:00Z
2024-09-30,L00315,394714.32,0.0632,300,23,408389.9,2024-10-02T07:00:00Z
2024-10-31,L00315,394081.42,0.0632,300,24,408389.9,2024-11-02T07:00:00Z
2024-11-30,L00315,393445.2,0.0632,300,25,408389.9,2024-12-02T07:00:00Z
2024-12-31,L00315,392805.62,0.0632,300,26,408389.9,2025-01-02T07:00:00Z
2025-01-31,L00315,391432.57,0.0632,300,27,408389.9,2025-02-02T07:00:00Z
2025-02-28,L00315,390787.44,0.0632,300,28,408389.9,2025-03-02T07:00:00Z
2025-03-31,L00315,390138.92,0.0632,300,29,408389.9,2025-04-02T07:00:00Z
2025-04-30,L00315,389486.98,0.0632,300,30,408389.9,2025-05-02T07:00:00Z
2025-05-31,L00315,387338.84,0.0632,300,31,408389.9,2025-06-02T07:00:00Z
2025-06-30,L00315,386682.55,0.0632,300,32,408389.9,2025-07-02T07:00:00Z
2025-07-31,L00315,386022.79,0.0632,300,33,408389.9,2025-08-02T07:00:00Z
2025-08-31,L00315,385359.56,0.0632,300,34,408389.9,2025-09-02T07:00:00Z
2025-09-30,L00315,384692.84,0.0632,300,35,408389.9,2025-10-02T07:00:00Z
2024-01-31,L00316,476594.74,0.0579,360,4,478592.74,2024-02-02T07:00:00Z
2024-02-29,L00316,476089.19,0.0579,360,5,478592.74,2024-03-02T07:00:00Z
2024-03-31,L00316,475581.21,0.0579,360,6,478592.74,2024-04-02T07:00:00Z
2024-04-30,L00316,475070.78,0.0579,360,7,478592.74,2024-05-02T07:00:00Z
2024-05-31,L00316,474557.89,0.0579,360,8,478592.74,2024-06-02T07:00:00Z
2024-06-30,L00316,474042.52,0.0579,360,9,478592.74,2024-07-02T07:00:00Z
2024-07-31,L00316,473524.67,0.0579,360,10,478592.74,2024-08-02T07:00:00Z
2024-08-31,L00316,473004.31,0.0579,360,11,478592.74,2024-09-02T07:00:00Z
2024-09-30,L00316,472481.45,0.0579,360,12,478592.74,2024-10-02T07:00:00Z
2024-10-31,L00316,471956.06,0.0579,360,13,478592.74,2024-11-02T07:00:00Z
2024-11-30,L00316,471428.14,0.0579,360,14,478592.74,2024-12-02T07:00:00Z
2024-12-31,L00316,470897.67,0.0579,360,15,478592.74,2025-01-02T07:00:00Z
2025-01-31,L00316,470364.64,0.0579,360,16,478592.74,2025-02-02T07:00:00Z
2025-02-28,L00316,469829.04,0.0579,360,17,478592.74,2025-03-02T07:00:00Z
2025-03-31,L00316,469290.85,0.0579,360,18,478592.74,2025-04-02T07:00:00Z
2025-04-30,L00316,468750.07,0.0579,360,19,478592.74,2025-05-02T07:00:00Z
2025-05-31,L00316,468206.68,0.0579,360,20,478592.74,2025-06-02T07:00:00Z
2025-06-30,L00316,467660.66,0.0579,360,21,478592.74,2025-07-02T07:00:00Z
2025-07-31,L00316,467112.02,0.0579,360,22,478592.74,2025-08-02T07:00:00Z
2025-08-31,L00316,466560.72,0.0579,360,23,478592.74,2025-09-02T07:00:00Z
2025-09-30,L00316,466006.77,0.0579,360,24,478592.74,2025-10-02T07:00:00Z
2024-01-31,L00317,423741.78,0.04013,300,53,477385.73,2024-02-02T07:00:00Z
2024-02-29,L00317,422635.59,0.04013,300,54,477385.73,2024-03-02T07:00:00Z
2024-03-31,L00317,421525.71,0.04013,300,55,477385.73,2024-04-02T07:00:00Z
2024-04-30,L00317,420412.12,0.04013,300,56,477385.73,2024-05-02T07:00:00Z
2024-05-31,L00317,419294.8,0.04013,300,57,477385.73,2024-06-02T07:00:00Z
2024-06-30,L00317,418173.75,0.04013,300,58,477385.73,2024-07-02T07:00:00Z
2024-07-31,L00317,417048.94,0.04013,300,59,477385.73,2024-08-02T07:00:00Z
2024-08-31,L00317,415920.38,0.04013,300,60,477385.73,2024-09-02T07:00:00Z
2024-09-30,L00317,414788.04,0.04013,300,61,477385.73,2024-10-02T07:00:00Z
2024-10-31,L00317,412279.67,0.04013,300,62,477385.73,2024-11-02T07:00:00Z
2024-11-30,L00317,411143.53,0.04013,300,63,477385.73,2024-12-02T07:00:00Z
2024-12-31,L00317,410003.59,0.04013,300,64,477385.73,2025-01-02T07:00:00Z
2025-01-31,L00317,408859.83,0.04013,300,65,477385.73,2025-02-02T07:00:00Z
2025-02-28,L00317,407712.25,0.04013,300,66,477385.73,2025-03-02T07:00:00Z
2025-03-31,L00317,406560.84,0.04013,300,67,477385.73,2025-04-02T07:00:00Z
2025-04-30,L00317,405405.57,0.04013,300,68,477385.73,2025-05-02T07:00:00Z
2025-05-31,L00317,404246.44,0.04013,300,69,477385.73,2025-06-02T07:00:00Z
2025-06-30,L00317,403083.43,0.04013,300,70,477385.73,2025-07-02T07:00:00Z
2025-07-31,L00317,401916.53,0.04013,300,71,477385.73,2025-08-02T07:00:00Z
2025-08-31,L00317,395853.96,0.04013,300,72,477385.73,2025-09-02T07:00:00Z
2025-09-30,L00317,394693.59,0.04013,300,73,477385.73,2025-10-02T07:00:00Z
2024-01-31,L00318,240381.0,0.04142,300,149,381801.48,2024-02-02T07:00:00Z
2024-02-29,L00318,239165.37,0.04142,300,150,381801.48,2024-03-02T07:00:00Z
2024-03-31,L00318,237945.54,0.04142,300,151,381801.48,2024-04-02T07:00:00Z
2024-04-30,L00318,236721.51,0.04142,300,152,381801.48,2024-05-02T07:00:00Z
2024-05-31,L00318,235493.24,0.04142,300,153,381801.48,2024-06-02T07:00:00Z
2024-06-30,L00318,234260.74,0.04142,300,154,381801.48,2024-07-02T07:00:00Z
2024-07-31,L00318,233023.99,0.04142,300,155,381801.48,2024-08-02T07:00:00Z
2024-08-31,L00318,231782.97,0.04142,300,156,381801.48,2024-09-02T07:00:00Z
2024-09-30,L00318,230537.66,0.04142,300,157,381801.48,2024-10-02T07:00:00Z
2024-10-31,L00318,229288.05,0.04142,300,158,381801.48,2024-11-02T07:00:00Z
2024-11-30,L00318,228034.14,0.04142,300,159,381801.48,2024-12-02T07:00:00Z
2024-12-31,L00318,226775.89,0.04142,300,160,381801.48,2025-01-02T07:00:00Z
2025-01-31,L00318,225513.3,0.04142,300,161,381801.48,2025-02-02T07:00:00Z
2025-02-28,L00318,224246.35,0.04142,300,162,381801.48,2025-03-02T07:00:00Z
2025-03-31,L00318,222975.03,0.04142,300,163,381801.48,2025-04-02T07:00:00Z
2025-04-30,L00318,221699.32,0.04142,300,164,381801.48,2025-05-02T07:00:00Z
2025-05-31,L00318,220419.21,0.04142,300,165,381801.48,2025-06-02T07:00:00Z
2025-06-30,L00318,219134.68,0.04142,300,166,381801.48,2025-07-02T07:00:00Z
2025-07-31,L00318,217845.71,0.04142,300,167,381801.48,2025-08-02T07:00:00Z
2025-08-31,L00318,216552.3,0.04142,300,168,381801.48,2025-09-02T07:00:00Z
2025-09-30,L00318,215254.42,0.04142,300,169,381801.48,2025-10-02T07:00:00Z
2024-01-31,L00319,347835.56,0.04208,240,68,437044.35,2024-02-02T07:00:00Z
2024-02-29,L00319,346358.76,0.04208,240,69,437044.35,2024-03-02T07:00:00Z
2024-03-31,L00319,344876.77,0.04208,240,70,437044.35,2024-04-02T07:00:00Z
2024-04-30,L00319,343389.59,0.04208,240,71,437044.35,2024-05-02T07:00:00Z
2024-05-31,L00319,341897.2,0.04208,240,72,437044.35,2024-06-02T07:00:00Z
2024-06-30,L00319,340399.57,0.04208,240,73,437044.35,2024-07-02T07:00:00Z
2024-07-31,L00319,338896.69,0.04208,240,74,437044.35,2024-08-02T07:00:00Z
2024-08-31,L00319,337388.54,0.04208,240,75,437044.35,2024-09-02T07:00:00Z
2024-09-30,L00319,335875.1,0.04208,240,76,437044.35,2024-10-02T07:00:00Z
2024-10-31,L00319,334356.35,0.04208,240,77,437044.35,2024-11-02T07:00:00Z
2024-11-30,L00319,332832.28,0.04208,240,78,437044.35,2024-12-02T07:00:00Z
2024-12-31,L00319,331302.86,0.04208,240,79,437044.35,2025-01-02T07:00:00Z
2025-01-31,L00319,329768.09,0.04208,240,80,437044.35,2025-02-02T07:00:00Z
2025-02-28,L00319,328227.92,0.04208,240,81,437044.35,2025-03-02T07:00:00Z
2025-03-31,L00319,326682.36,0.04208,240,82,437044.35,2025-04-02T07:00:00Z
2025-04-30,L00319,325131.38,0.04208,240,83,437044.35,2025-05-02T07:00:00Z
2025-05-31,L00319,323574.96,0.04208,240,84,437044.35,2025-06-02T07:00:00Z
2025-06-30,L00319,322013.08,0.04208,240,85,437044.35,2025-07-02T07:00:00Z
2025-07-31,L00319,320445.72,0.04208,240,86,437044.35,2025-08-02T07:00:00Z
2025-08-31,L00319,318872.87,0.04208,240,87,437044.35,2025-09-02T07:00:00Z
2025-09-30,L00319,317294.5,0.04208,240,88,437044.35,2025-10-02T07:00:00Z
2024-01-31,L00320,123449.32,0.04998,180,100,229879.36,2024-02-02T07:00:00Z
2024-02-29,L00320,122145.85,0.04998,180,101,229879.36,2024-03-02T07:00:00Z
2024-03-31,L00320,120836.96,0.04998,180,102,229879.36,2024-04-02T07:00:00Z
2024-04-30,L00320,119522.61,0.04998,180,103,229879.36,2024-05-02T07:00:00Z
2024-05-31,L00320,118202.79,0.04998,180,104,229879.36,2024-06-02T07:00:00Z
2024-06-30,L00320,116877.47,0.04998,180,105,229879.36,2024-07-02T07:00:00Z
2024-07-31,L00320,115546.64,0.04998,180,106,229879.36,2024-08-02T07:00:00Z
2024-08-31,L00320,114210.26,0.04998,180,107,229879.36,2024-09-02T07:00:00Z
2024-09-30,L00320,112868.31,0.04998,180,108,229879.36,2024-10-02T07:00:00Z
2024-10-31,L00320,107788.79,0.04998,180,109,229879.36,2024-11-02T07:00:00Z
2024-11-30,L00320,106480.93,0.04998,180,110,229879.36,2024-12-02T07:00:00Z
2024-12-31,L00320,105167.62,0.04998,180,111,229879.36,2025-01-02T07:00:00Z
2025-01-31,L00320,103848.83,0.04998,180,112,229879.36,2025-02-02T07:00:00Z
2025-02-28,L00320,102524.56,0.04998,180,113,229879.36,2025-03-02T07:00:00Z
2025-03-31,L00320,101194.77,0.04998,180,114,229879.36,2025-04-02T07:00:00Z
2025-04-30,L00320,99859.44,0.04998,180,115,229879.36,2025-05-02T07:00:00Z
2025-05-31,L00320,98518.55,0.04998,180,116,229879.36,2025-06-02T07:00:00Z
2025-06-30,L00320,97172.07,0.04998,180,117,229879.36,2025-07-02T07:00:00Z
2025-07-31,L00320,95819.99,0.04998,180,118,229879.36,2025-08-02T07:00:00Z
2025-08-31,L00320,94462.27,0.04998,180,119,229879.36,2025-09-02T07:00:00Z
2025-09-30,L00320,93098.9,0.04998,180,120,229879.36,2025-10-02T07:00:00Z
2024-01-31,L00321,213894.23,0.04358,300,182,407437.23,2024-02-02T07:00:00Z
2024-02-29,L00321,211432.69,0.04358,300,183,407437.23,2024-03-02T07:00:00Z
2024-03-31,L00321,209979.16,0.04358,300,184,407437.23,2024-04-02T07:00:00Z
2024-04-30,L00321,208520.35,0.04358,300,185,407437.23,2024-05-02T07:00:00Z
2024-05-31,L00321,207056.25,0.04358,300,186,407437.23,2024-06-02T07:00:00Z
2024-06-30,L00321,205586.83,0.04358,300,187,407437.23,2024-07-02T07:00:00Z
2024-07-31,L00321,204112.07,0.04358,300,188,407437.23,2024-08-02T07:00:00Z
2024-08-31,L00321,202631.95,0.04358,300,189,407437.23,2024-09-02T07:00:00Z
2024-09-30,L00321,201146.46,0.04358,300,190,407437.23,2024-10-02T07:00:00Z
2024-10-31,L00321,199655.58,0.04358,300,191,407437.23,2024-11-02T07:00:00Z
2024-11-30,L00321,198159.28,0.04358,300,192,407437.23,2024-12-02T07:00:00Z
2024-12-31,L00321,196657.55,0.04358,300,193,407437.23,2025-01-02T07:00:00Z
2025-01-31,L00321,195150.36,0.04358,300,194,407437.23,2025-02-02T07:00:00Z
2025-02-28,L00321,193637.7,0.04358,300,195,407437.23,2025-03-02T07:00:00Z
2025-03-31,L00321,192119.55,0.04358,300,196,407437.23,2025-04-02T07:00:00Z
2025-04-30,L00321,190595.88,0.04358,300,197,407437.23,2025-05-02T07:00:00Z
2025-05-31,L00321,189066.68,0.04358,300,198,407437.23,2025-06-02T07:00:00Z
2025-06-30,L00321,187531.93,0.04358,300,199,407437.23,2025-07-02T07:00:00Z
2025-07-31,L00321,185991.6,0.04358,300,200,407437.23,2025-08-02T07:00:00Z
2025-08-31,L00321,184445.68,0.04358,300,201,407437.23,2025-09-02T07:00:00Z
2025-09-30,L00321,182894.14,0.04358,300,202,407437.23,2025-10-02T07:00:00Z
2024-01-31,L00322,376253.49,0.0611,360,179,525293.38,2024-02-02T07:00:00Z
2024-02-29,L00322,374982.6,0.0611,360,180,525293.38,2024-03-02T07:00:00Z
2024-03-31,L00322,373705.24,0.0611,360,181,525293.38,2024-04-02T07:00:00Z
2024-04-30,L00322,372421.38,0.0611,360,182,525293.38,2024-05-02T07:00:00Z
2024-05-31,L00322,371130.98,0.0611,360,183,525293.38,2024-06-02T07:00:00Z
2024-06-30,L00322,369834.02,0.0611,360,184,525293.38,2024-07-02T07:00:00Z
2024-07-31,L00322,368530.44,0.0611,360,185,525293.38,2024-08-02T07:00:00Z
2024-08-31,L00322,367220.23,0.0611,360,186,525293.38,2024-09-02T07:00:00Z
2024-09-30,L00322,365903.35,0.0611,360,187,525293.38,2024-10-02T07:00:00Z
2024-10-31,L00322,364579.76,0.0611,360,188,525293.38,2024-11-02T07:00:00Z
2024-11-30,L00322,363249.44,0.0611,360,189,525293.38,2024-12-02T07:00:00Z
2024-12-31,L00322,361912.34,0.0611,360,190,525293.38,2025-01-02T07:00:00Z
2025-01-31,L00322,360568.43,0.0611,360,191,525293.38,2025-02-02T07:00:00Z
2025-02-28,L00322,359217.68,0.0611,360,192,525293.38,2025-03-02T07:00:00Z
2025-03-31,L00322,357860.06,0.0611,360,193,525293.38,2025-04-02T07:00:00Z
2025-04-30,L00322,356495.51,0.0611,360,194,525293.38,2025-05-02T07:00:00Z
2025-05-31,L00322,355124.03,0.0611,360,195,525293.38,2025-06-02T07:00:00Z
2025-06-30,L00322,353745.56,0.0611,360,196,525293.38,2025-07-02T07:00:00Z
2025-07-31,L00322,352360.07,0.0611,360,197,525293.38,2025-08-02T07:00:00Z
2025-08-31,L00322,350967.52,0.0611,360,198,525293.38,2025-09-02T07:00:00Z
2025-09-30,L00322,349567.89,0.0611,360,199,525293.38,2025-10-02T07:00:00Z
2024-01-31,L00323,367636.77,0.0501,360,53,395725.67,2024-02-02T07:00:00Z
2024-02-29,L00323,367044.89,0.0501,360,54,395725.67,2024-03-02T07:00:00Z
2024-03-31,L00323,366450.54,0.0501,360,55,395725.67,2024-04-02T07:00:00Z
2024-04-30,L00323,365853.71,0.0501,360,56,395725.67,2024-05-02T07:00:00Z
2024-05-31,L00323,365254.39,0.0501,360,57,395725.67,2024-06-02T07:00:00Z
2024-06-30,L00323,364652.57,0.0501,360,58,395725.67,2024-07-02T07:00:00Z
2024-07-31,L00323,364048.23,0.0501,360,59,395725.67,2024-08-02T07:00:00Z
2024-08-31,L00323,363441.38,0.0501,360,60,395725.67,2024-09-02T07:00:00Z
2024-09-30,L00323,362831.98,0.0501,360,61,395725.67,2024-10-02T07:00:00Z
2024-10-31,L00323,362220.05,0.0501,360,62,395725.67,2024-11-02T07:00:00Z
2024-11-30,L00323,361605.55,0.0501,360,63,395725.67,2024-12-02T07:00:00Z
2024-12-31,L00323,360988.5,0.0501,360,64,395725.67,2025-01-02T07:00:00Z
2025-01-31,L00323,360368.86,0.0501,360,65,395725.67,2025-02-02T07:00:00Z
2025-02-28,L00323,359746.64,0.0501,360,66,395725.67,2025-03-02T07:00:00Z
2025-03-31,L00323,359121.83,0.0501,360,67,395725.67,2025-04-02T07:00:00Z
2025-04-30,L00323,358494.4,0.0501,360,68,395725.67,2025-05-02T07:00:00Z
2025-05-31,L00323,357864.35,0.0501,360,69,395725.67,2025-06-02T07:00:00Z
2025-06-30,L00323,357231.68,0.0501,360,70,395725.67,2025-07-02T07:00:00Z
2025-07-31,L00323,356596.36,0.0501,360,71,395725.67,2025-08-02T07:00:00Z
2025-08-31,L00323,355958.39,0.0501,360,72,395725.67,2025-09-02T07:00:00Z
2025-09-30,L00323,355317.76,0.0501,360,73,395725.67,2025-10-02T07:00:00Z
2024-01-31,L00324,376610.75,0.04835,300,148,577063.71,2024-02-02T07:00:00Z
2024-02-29,L00324,374809.96,0.04835,300,149,577063.71,2024-03-02T07:00:00Z
2024-03-31,L00324,373001.92,0.04835,300,150,577063.71,2024-04-02T07:00:00Z
2024-04-30,L00324,366436.79,0.04835,300,151,577063.71,2024-05-02T07:00:00Z
2024-05-31,L00324,364637.47,0.04835,300,152,577063.71,2024-06-02T07:00:00Z
2024-06-30,L00324,362830.91,0.04835,300,153,577063.71,2024-07-02T07:00:00Z
2024-07-31,L00324,361017.06,0.04835,300,154,577063.71,2024-08-02T07:00:00Z
2024-08-31,L00324,359195.9,0.04835,300,155,577063.71,2024-09-02T07:00:00Z
2024-09-30,L00324,357367.41,0.04835,300,156,577063.71,2024-10-02T07:00:00Z
2024-10-31,L00324,355531.54,0.04835,300,157,577063.71,2024-11-02T07:00:00Z
2024-11-30,L00324,353688.29,0.04835,300,158,577063.71,2024-12-02T07:00:00Z
2024-12-31,L00324,351837.6,0.04835,300,159,577063.71,2025-01-02T07:00:00Z
2025-01-31,L00324,349979.46,0.04835,300,160,577063.71,2025-02-02T07:00:00Z
2025-02-28,L00324,345337.58,0.04835,300,161,577063.71,2025-03-02T07:00:00Z
2025-03-31,L00324,343479.38,0.04835,300,162,577063.71,2025-04-02T07:00:00Z
2025-04-30,L00324,341613.68,0.04835,300,163,577063.71,2025-05-02T07:00:00Z
2025-05-31,L00324,339740.47,0.04835,300,164,577063.71,2025-06-02T07:00:00Z
2025-06-30,L00324,337859.71,0.04835,300,165,577063.71,2025-07-02T07:00:00Z
2025-07-31,L00324,335971.38,0.04835,300,166,577063.71,2025-08-02T07:00:00Z
2025-08-31,L00324,334075.43,0.04835,300,167,577063.71,2025-09-02T07:00:00Z
2025-09-30,L00324,332171.85,0.04835,300,168,577063.71,2025-10-02T07:00:00Z
2024-01-31,L00325,375770.72,0.05198,360,54,404181.69,2024-02-02T07:00:00Z
2024-02-29,L00325,375179.52,0.05198,360,55,404181.69,2024-03-02T07:00:00Z
2024-03-31,L00325,374585.77,0.05198,360,56,404181.69,2024-04-02T07:00:00Z
2024-04-30,L00325,373989.44,0.05198,360,57,404181.69,2024-05-02T07:00:00Z
2024-05-31,L00325,373390.53,0.05198,360,58,404181.69,2024-06-02T07:00:00Z
2024-06-30,L00325,372789.03,0.05198,360,59,404181.69,2024-07-02T07:00:00Z
2024-07-31,L00325,372184.92,0.05198,360,60,404181.69,2024-08-02T07:00:00Z
2024-08-31,L00325,371578.2,0.05198,360,61,404181.69,2024-09-02T07:00:00Z
2024-09-30,L00325,370968.84,0.05198,360,62,404181.69,2024-10-02T07:00:00Z
2024-10-31,L00325,370356.85,0.05198,360,63,404181.69,2024-11-02T07:00:00Z
2024-11-30,L00325,369742.21,0.05198,360,64,404181.69,2024-12-02T07:00:00Z
2024-12-31,L00325,369124.9,0.05198,360,65,404181.69,2025-01-02T07:00:00Z
2025-01-31,L00325,368504.92,0.05198,360,66,404181.69,2025-02-02T07:00:00Z
2025-02-28,L00325,367882.25,0.05198,360,67,404181.69,2025-03-02T07:00:00Z
2025-03-31,L00325,367256.89,0.05198,360,68,404181.69,2025-04-02T07:00:00Z
2025-04-30,L00325,366628.82,0.05198,360,69,404181.69,2025-05-02T07:00:00Z
2025-05-31,L00325,365998.03,0.05198,360,70,404181.69,2025-06-02T07:00:00Z
2025-06-30,L00325,365364.5,0.05198,360,71,404181.69,2025-07-02T07:00:00Z
2025-07-31,L00325,364728.23,0.05198,360,72,404181.69,2025-08-02T07:00:00Z
2025-08-31,L00325,364089.21,0.05198,360,73,404181.69,2025-09-02T07:00:00Z
2025-09-30,L00325,363447.42,0.05198,360,74,404181.69,2025-10-02T07:00:00Z
2024-01-31,L00326,335860.61,0.05196,360,33,350221.97,2024-02-02T07:00:00Z
2024-02-29,L00326,335392.64,0.05196,360,34,350221.97,2024-03-02T07:00:00Z
2024-03-31,L00326,334922.65,0.05196,360,35,350221.97,2024-04-02T07:00:00Z
2024-04-30,L00326,334450.63,0.05196,360,36,350221.97,2024-05-02T07:00:00Z
2024-05-31,L00326,333976.56,0.05196,360,37,350221.97,2024-06-02T07:00:00Z
2024-06-30,L00326,333500.43,0.05196,360,38,350221.97,2024-07-02T07:00:00Z
2024-07-31,L00326,333022.25,0.05196,360,39,350221.97,2024-08-02T07:00:00Z
2024-08-31,L00326,332541.99,0.05196,360,40,350221.97,2024-09-02T07:00:00Z
2024-09-30,L00326,332059.66,0.05196,360,41,350221.97,2024-10-02T07:00:00Z
2024-10-31,L00326,331575.24,0.05196,360,42,350221.97,2024-11-02T07:00:00Z
2024-11-30,L00326,331088.71,0.05196,360,43,350221.97,2024-12-02T07:00:00Z
2024-12-31,L00326,330600.09,0.05196,360,44,350221.97,2025-01-02T07:00:00Z
2025-01-31,L00326,330109.34,0.05196,360,45,350221.97,2025-02-02T07:00:00Z
2025-02-28,L00326,329616.48,0.05196,360,46,350221.97,2025-03-02T07:00:00Z
2025-03-31,L00326,329121.47,0.05196,360,47,350221.97,2025-04-02T07:00:00Z
2025-04-30,L00326,328624.33,0.05196,360,48,350221.97,2025-05-02T07:00:00Z
2025-05-31,L00326,328125.03,0.05196,360,49,350221.97,2025-06-02T07:00:00Z
2025-06-30,L00326,327623.57,0.05196,360,50,350221.97,2025-07-02T07:00:00Z
2025-07-31,L00326,327119.94,0.05196,360,51,350221.97,2025-08-02T07:00:00Z
2025-08-31,L00326,326614.12,0.05196,360,52,350221.97,2025-09-02T07:00:00Z
2025-09-30,L00326,326106.12,0.05196,360,53,350221.97,2025-10-02T07:00:00Z
2024-01-31,L00327,233571.9,0.04132,240,64,289062.33,2024-02-02T07:00:00Z
2024-02-29,L00327,232604.34,0.04132,240,65,289062.33,2024-03-02T07:00:00Z
2024-03-31,L00327,231633.44,0.04132,240,66,289062.33,2024-04-02T07:00:00Z
2024-04-30,L00327,230659.2,0.04132,240,67,289062.33,2024-05-02T07:00:00Z
2024-05-31,L00327,229681.6,0.04132,240,68,289062.33,2024-06-02T07:00:00Z
2024-06-30,L00327,228700.64,0.04132,240,69,289062.33,2024-07-02T07:00:00Z
2024-07-31,L00327,227716.3,0.04132,240,70,289062.33,2024-08-02T07:00:00Z
2024-08-31,L00327,226728.57,0.04132,240,71,289062.33,2024-09-02T07:00:00Z
2024-09-30,L00327,225737.45,0.04132,240,72,289062.33,2024-10-02T07:00:00Z
2024-10-31,L00327,224742.9,0.04132,240,73,289062.33,2024-11-02T07:00:00Z
2024-11-30,L00327,223744.94,0.04132,240,74,289062.33,2024-12-02T07:00:00Z
2024-12-31,L00327,222743.53,0.04132,240,75,289062.33,2025-01-02T07:00:00Z
2025-01-31,L00327,221738.68,0.04132,240,76,289062.33,2025-02-02T07:00:00Z
2025-02-28,L00327,220730.37,0.04132,240,77,289062.33,2025-03-02T07:00:00Z
2025-03-31,L00327,219718.59,0.04132,240,78,289062.33,2025-04-02T07:00:00Z
2025-04-30,L00327,218703.32,0.04132,240,79,289062.33,2025-05-02T07:00:00Z
2025-05-31,L00327,217684.55,0.04132,240,80,289062.33,2025-06-02T07:00:00Z
2025-06-30,L00327,216662.28,0.04132,240,81,289062.33,2025-07-02T07:00:00Z
2025-07-31,L00327,215636.49,0.04132,240,82,289062.33,2025-08-02T07:00:00Z
2025-08-31,L00327,214607.17,0.04132,240,83,289062.33,2025-09-02T07:00:00Z
2025-09-30,L00327,213574.3,0.04132,240,84,289062.33,2025-10-02T07:00:00Z
2024-01-31,L00328,283537.18,0.06084,240,99,390894.86,2024-02-02T07:00:00Z
2024-02-29,L00328,282155.25,0.06084,240,100,390894.86,2024-03-02T07:00:00Z
2024-03-31,L00328,280766.3,0.06084,240,101,390894.86,2024-04-02T07:00:00Z
2024-04-30,L00328,279370.32,0.06084,240,102,390894.86,2024-05-02T07:00:00Z
2024-05-31,L00328,277967.26,0.06084,240,103,390894.86,2024-06-02T07:00:00Z
2024-06-30,L00328,276557.09,0.06084,240,104,390894.86,2024-07-02T07:00:00Z
2024-07-31,L00328,275139.76,0.06084,240,105,390894.86,2024-08-02T07:00:00Z
2024-08-31,L00328,273715.25,0.06084,240,106,390894.86,2024-09-02T07:00:00Z
2024-09-30,L00328,272283.52,0.06084,240,107,390894.86,2024-10-02T07:00:00Z
2024-10-31,L00328,270844.53,0.06084,240,108,390894.86,2024-11-02T07:00:00Z
2024-11-30,L00328,269398.25,0.06084,240,109,390894.86,2024-12-02T07:00:00Z
2024-12-31,L00328,267944.63,0.06084,240,110,390894.86,2025-01-02T07:00:00Z
2025-01-31,L00328,266483.64,0.06084,240,111,390894.86,2025-02-02T07:00:00Z
2025-02-28,L00328,265015.24,0.06084,240,112,390894.86,2025-03-02T07:00:00Z
2025-03-31,L00328,263539.4,0.06084,240,113,390894.86,2025-04-02T07:00:00Z
2025-04-30,L00328,262056.08,0.06084,240,114,390894.86,2025-05-02T07:00:00Z
2025-05-31,L00328,260565.24,0.06084,240,115,390894.86,2025-06-02T07:00:00Z
2025-06-30,L00328,259066.83,0.06084,240,116,390894.86,2025-07-02T07:00:00Z
2025-07-31,L00328,257560.83,0.06084,240,117,390894.86,2025-08-02T07:00:00Z
2025-08-31,L00328,256047.2,0.06084,240,118,390894.86,2025-09-02T07:00:00Z
2025-09-30,L00328,254525.89,0.06084,240,119,390894.86,2025-10-02T07:00:00Z
2024-01-31,L00329,453652.59,0.05005,360,32,473049.62,2024-02-02T07:00:00Z
2024-02-29,L00329,453003.82,0.05005,360,33,473049.62,2024-03-02T07:00:00Z
2024-03-31,L00329,452352.34,0.05005,360,34,473049.62,2024-04-02T07:00:00Z
2024-04-30,L00329,451698.15,0.05005,360,35,473049.62,2024-05-02T07:00:00Z
2024-05-31,L00329,451041.23,0.05005,360,36,473049.62,2024-06-02T07:00:00Z
2024-06-30,L00329,450381.57,0.05005,360,37,473049.62,2024-07-02T07:00:00Z
2024-07-31,L00329,449719.16,0.05005,360,38,473049.62,2024-08-02T07:00:00Z
2024-08-31,L00329,449053.98,0.05005,360,39,473049.62,2024-09-02T07:00:00Z
2024-09-30,L00329,448386.03,0.05005,360,40,473049.62,2024-10-02T07:00:00Z
2024-10-31,L00329,447715.3,0.05005,360,41,473049.62,2024-11-02T07:00:00Z
2024-11-30,L00329,447041.77,0.05005,360,42,473049.62,2024-12-02T07:00:00Z
2024-12-31,L00329,446365.43,0.05005,360,43,473049.62,2025-01-02T07:00:00Z
2025-01-31,L00329,445686.26,0.05005,360,44,473049.62,2025-02-02T07:00:00Z
2025-02-28,L00329,445004.27,0.05005,360,45,473049.62,2025-03-02T07:00:00Z
2025-03-31,L00329,444319.43,0.05005,360,46,473049.62,2025-04-02T07:00:00Z
2025-04-30,L00329,443631.73,0.05005,360,47,473049.62,2025-05-02T07:00:00Z
2025-05-31,L00329,442941.17,0.05005,360,48,473049.62,2025-06-02T07:00:00Z
2025-06-30,L00329,442247.72,0.05005,360,49,473049.62,2025-07-02T07:00:00Z
2025-07-31,L00329,441551.39,0.05005,360,50,473049.62,2025-08-02T07:00:00Z
2025-08-31,L00329,440852.14,0.05005,360,51,473049.62,2025-09-02T07:00:00Z
2025-09-30,L00329,440149.99,0.05005,360,52,473049.62,2025-10-02T07:00:00Z
2024-01-31,L00330,552529.12,0.04971,300,11,563196.48,2024-02-02T07:00:00Z
2024-02-29,L00330,551535.09,0.04971,300,12,563196.48,2024-03-02T07:00:00Z
2024-03-31,L00330,550536.94,0.04971,300,13,563196.48,2024-04-02T07:00:00Z
2024-04-30,L00330,549534.66,0.04971,300,14,563196.48,2024-05-02T07:00:00Z
2024-05-31,L00330,548528.22,0.04971,300,15,563196.48,2024-06-02T07:00:00Z
2024-06-30,L00330,547517.62,0.04971,300,16,563196.48,2024-07-02T07:00:00Z
2024-07-31,L00330,546502.83,0.04971,300,17,563196.48,2024-08-02T07:00:00Z
2024-08-31,L00330,545483.83,0.04971,300,18,563196.48,2024-09-02T07:00:00Z
2024-09-30,L00330,544460.62,0.04971,300,19,563196.48,2024-10-02T07:00:00Z
2024-10-31,L00330,543433.17,0.04971,300,20,563196.48,2024-11-02T07:00:00Z
2024-11-30,L00330,542401.46,0.04971,300,21,563196.48,2024-12-02T07:00:00Z
2024-12-31,L00330,541365.47,0.04971,300,22,563196.48,2025-01-02T07:00:00Z
2025-01-31,L00330,537062.98,0.04971,300,23,563196.48,2025-02-02T07:00:00Z
2025-02-28,L00330,536024.7,0.04971,300,24,563196.48,2025-03-02T07:00:00Z
2025-03-31,L00330,534982.12,0.04971,300,25,563196.48,2025-04-02T07:00:00Z
2025-04-30,L00330,533935.23,0.04971,300,26,563196.48,2025-05-02T07:00:00Z
2025-05-31,L00330,532883.99,0.04971,300,27,563196.48,2025-06-02T07:00:00Z
2025-06-30,L00330,531828.4,0.04971,300,28,563196.48,2025-07-02T07:00:00Z
2025-07-31,L00330,530768.44,0.04971,300,29,563196.48,2025-08-02T07:00:00Z
2025-08-31,L00330,529704.09,0.04971,300,30,563196.48,2025-09-02T07:00:00Z
2025-09-30,L00330,528635.32,0.04971,300,31,563196.48,2025-10-02T07:00:00Z
2024-01-31,L00331,242880.2,0.04961,360,152,326153.66,2024-02-02T07:00:00Z
2024-02-29,L00331,242141.21,0.04961,360,153,326153.66,2024-03-02T07:00:00Z
2024-03-31,L00331,241399.16,0.04961,360,154,326153.66,2024-04-02T07:00:00Z
2024-04-30,L00331,240654.05,0.04961,360,155,326153.66,2024-05-02T07:00:00Z
2024-05-31,L00331,239905.86,0.04961,360,156,326153.66,2024-06-02T07:00:00Z
2024-06-30,L00331,239154.57,0.04961,360,157,326153.66,2024-07-02T07:00:00Z
2024-07-31,L00331,238400.18,0.04961,360,158,326153.66,2024-08-02T07:00:00Z
2024-08-31,L00331,237642.66,0.04961,360,159,326153.66,2024-09-02T07:00:00Z
2024-09-30,L00331,236882.02,0.04961,360,160,326153.66,2024-10-02T07:00:00Z
2024-10-31,L00331,236118.23,0.04961,360,161,326153.66,2024-11-02T07:00:00Z
2024-11-30,L00331,235351.29,0.04961,360,162,326153.66,2024-12-02T07:00:00Z
2024-12-31,L00331,234581.17,0.04961,360,163,326153.66,2025-01-02T07:00:00Z
2025-01-31,L00331,233807.87,0.04961,360,164,326153.66,2025-02-02T07:00:00Z
2025-02-28,L00331,233031.37,0.04961,360,165,326153.66,2025-03-02T07:00:00Z
2025-03-31,L00331,232251.67,0.04961,360,166,326153.66,2025-04-02T07:00:00Z
2025-04-30,L00331,231468.74,0.04961,360,167,326153.66,2025-05-02T07:00:00Z
2025-05-31,L00331,230682.57,0.04961,360,168,326153.66,2025-06-02T07:00:00Z
2025-06-30,L00331,229893.15,0.04961,360,169,326153.66,2025-07-02T07:00:00Z
2025-07-31,L00331,229100.47,0.04961,360,170,326153.66,2025-08-02T07:00:00Z
2025-08-31,L00331,228304.51,0.04961,360,171,326153.66,2025-09-02T07:00:00Z
2025-09-30,L00331,227505.26,0.04961,360,172,326153.66,2025-10-02T07:00:00Z
2024-01-31,L00332,206391.47,0.06052,360,181,290837.83,2024-02-02T07:00:00Z
2024-02-29,L00332,205678.92,0.06052,360,182,290837.83,2024-03-02T07:00:00Z
2024-03-31,L00332,204962.77,0.06052,360,183,290837.83,2024-04-02T07:00:00Z
2024-04-30,L00332,204243.01,0.06052,360,184,290837.83,2024-05-02T07:00:00Z
2024-05-31,L00332,203519.62,0.06052,360,185,290837.83,2024-06-02T07:00:00Z
2024-06-30,L00332,202792.59,0.06052,360,186,290837.83,2024-07-02T07:00:00Z
2024-07-31,L00332,202061.88,0.06052,360,187,290837.83,2024-08-02T07:00:00Z
2024-08-31,L00332,201327.49,0.06052,360,188,290837.83,2024-09-02T07:00:00Z
2024-09-30,L00332,200589.4,0.06052,360,189,290837.83,2024-10-02T07:00:00Z
2024-10-31,L00332,199847.58,0.06052,360,190,290837.83,2024-11-02T07:00:00Z
2024-11-30,L00332,199102.03,0.06052,360,191,290837.83,2024-12-02T07:00:00Z
2024-12-31,L00332,198352.71,0.06052,360,192,290837.83,2025-01-02T07:00:00Z
2025-01-31,L00332,197599.61,0.06052,360,193,290837.83,2025-02-02T07:00:00Z
2025-02-28,L00332,196842.72,0.06052,360,194,290837.83,2025-03-02T07:00:00Z
2025-03-31,L00332,196082.01,0.06052,360,195,290837.83,2025-04-02T07:00:00Z
2025-04-30,L00332,195317.46,0.06052,360,196,290837.83,2025-05-02T07:00:00Z
2025-05-31,L00332,194549.06,0.06052,360,197,290837.83,2025-06-02T07:00:00Z
2025-06-30,L00332,193776.78,0.06052,360,198,290837.83,2025-07-02T07:00:00Z
2025-07-31,L00332,193000.6,0.06052,360,199,290837.83,2025-08-02T07:00:00Z
2025-08-31,L00332,190512.47,0.06052,360,200,290837.83,2025-09-02T07:00:00Z
2025-09-30,L00332,189735.41,0.06052,360,201,290837.83,2025-10-02T07:00:00Z
2024-01-31,L00333,145572.6,0.07221,360,125,170384.69,2024-02-02T07:00:00Z
2024-02-29,L00333,145289.61,0.07221,360,126,170384.69,2024-03-02T07:00:00Z
2024-03-31,L00333,145004.92,0.07221,360,127,170384.69,2024-04-02T07:00:00Z
2024-04-30,L00333,144718.51,0.07221,360,128,170384.69,2024-05-02T07:00:00Z
2024-05-31,L00333,144430.38,0.07221,360,129,170384.69,2024-06-02T07:00:00Z
2024-06-30,L00333,144140.51,0.07221,360,130,170384.69,2024-07-02T07:00:00Z
2024-07-31,L00333,143848.9,0.07221,360,131,170384.69,2024-08-02T07:00:00Z
2024-08-31,L00333,143555.54,0.07221,360,132,170384.69,2024-09-02T07:00:00Z
2024-09-30,L00333,143260.41,0.07221,360,133,170384.69,2024-10-02T07:00:00Z
2024-10-31,L00333,142963.51,0.07221,360,134,170384.69,2024-11-02T07:00:00Z
2024-11-30,L00333,142664.82,0.07221,360,135,170384.69,2024-12-02T07:00:00Z
2024-12-31,L00333,142364.33,0.07221,360,136,170384.69,2025-01-02T07:00:00Z
2025-01-31,L00333,142062.03,0.07221,360,137,170384.69,2025-02-02T07:00:00Z
2025-02-28,L00333,141757.91,0.07221,360,138,170384.69,2025-03-02T07:00:00Z
2025-03-31,L00333,141451.97,0.07221,360,139,170384.69,2025-04-02T07:00:00Z
2025-04-30,L00333,141144.18,0.07221,360,140,170384.69,2025-05-02T07:00:00Z
2025-05-31,L00333,140834.54,0.07221,360,141,170384.69,2025-06-02T07:00:00Z
2025-06-30,L00333,140523.04,0.07221,360,142,170384.69,2025-07-02T07:00:00Z
2025-07-31,L00333,140209.66,0.07221,360,143,170384.69,2025-08-02T07:00:00Z
2025-08-31,L00333,139894.4,0.07221,360,144,170384.69,2025-09-02T07:00:00Z
2025-09-30,L00333,139577.24,0.07221,360,145,170384.69,2025-10-02T07:00:00Z
2024-01-31,L00334,192001.87,0.06599,300,51,208056.49,2024-02-02T07:00:00Z
2024-02-29,L00334,191640.01,0.06599,300,52,208056.49,2024-03-02T07:00:00Z
2024-03-31,L00334,191276.16,0.06599,300,53,208056.49,2024-04-02T07:00:00Z
2024-04-30,L00334,190910.31,0.06599,300,54,208056.49,2024-05-02T07:00:00Z
2024-05-31,L00334,190542.45,0.06599,300,55,208056.49,2024-06-02T07:00:00Z
2024-06-30,L00334,190172.56,0.06599,300,56,208056.49,2024-07-02T07:00:00Z
2024-07-31,L00334,189800.64,0.06599,300,57,208056.49,2024-08-02T07:00:00Z
2024-08-31,L00334,189426.68,0.06599,300,58,208056.49,2024-09-02T07:00:00Z
2024-09-30,L00334,189050.65,0.06599,300,59,208056.49,2024-10-02T07:00:00Z
2024-10-31,L00334,188672.57,0.06599,300,60,208056.49,2024-11-02T07:00:00Z
2024-11-30,L00334,188292.4,0.06599,300,61,208056.49,2024-12-02T07:00:00Z
2024-12-31,L00334,187910.14,0.06599,300,62,208056.49,2025-01-02T07:00:00Z
2025-01-31,L00334,187525.78,0.06599,300,63,208056.49,2025-02-02T07:00:00Z
2025-02-28,L00334,187139.3,0.06599,300,64,208056.49,2025-03-02T07:00:00Z
2025-03-31,L00334,186750.7,0.06599,300,65,208056.49,2025-04-02T07:00:00Z
2025-04-30,L00334,186359.97,0.06599,300,66,208056.49,2025-05-02T07:00:00Z
2025-05-31,L00334,185967.08,0.06599,300,67,208056.49,2025-06-02T07:00:00Z
2025-06-30,L00334,185572.03,0.06599,300,68,208056.49,2025-07-02T07:00:00Z
2025-07-31,L00334,185174.82,0.06599,300,69,208056.49,2025-08-02T07:00:00Z
2025-08-31,L00334,184775.41,0.06599,300,70,208056.49,2025-09-02T07:00:00Z
2025-09-30,L00334,184373.81,0.06599,300,71,208056.49,2025-10-02T07:00:00Z
2024-01-31,L00335,359065.27,0.06411,360,138,441646.51,2024-02-02T07:00:00Z
2024-02-29,L00335,358217.87,0.06411,360,139,441646.51,2024-03-02T07:00:00Z
2024-03-31,L00335,357365.94,0.06411,360,140,441646.51,2024-04-02T07:00:00Z
2024-04-30,L00335,356509.47,0.06411,360,141,441646.51,2024-05-02T07:00:00Z
2024-05-31,L00335,355648.41,0.06411,360,142,441646.51,2024-06-02T07:00:00Z
2024-06-30,L00335,354782.76,0.06411,360,143,441646.51,2024-07-02T07:00:00Z
2024-07-31,L00335,353912.48,0.06411,360,144,441646.51,2024-08-02T07:00:00Z
2024-08-31,L00335,353037.55,0.06411,360,145,441646.51,2024-09-02T07:00:00Z
2024-09-30,L00335,352157.94,0.06411,360,146,441646.51,2024-10-02T07:00:00Z
2024-10-31,L00335,351273.64,0.06411,360,147,441646.51,2024-11-02T07:00:00Z
2024-11-30,L00335,350384.61,0.06411,360,148,441646.51,2024-12-02T07:00:00Z
2024-12-31,L00335,349490.84,0.06411,360,149,441646.51,2025-01-02T07:00:00Z
2025-01-31,L00335,348592.28,0.06411,360,150,441646.51,2025-02-02T07:00:00Z
2025-02-28,L00335,347688.93,0.06411,360,151,441646.51,2025-03-02T07:00:00Z
2025-03-31,L00335,346780.75,0.06411,360,152,441646.51,2025-04-02T07:00:00Z
2025-04-30,L00335,345867.72,0.06411,360,153,441646.51,2025-05-02T07:00:00Z
2025-05-31,L00335,344949.81,0.06411,360,154,441646.51,2025-06-02T07:00:00Z
2025-06-30,L00335,344027.0,0.06411,360,155,441646.51,2025-07-02T07:00:00Z
2025-07-31,L00335,343099.26,0.06411,360,156,441646.51,2025-08-02T07:00:00Z
2025-08-31,L00335,342166.56,0.06411,360,157,441646.51,2025-09-02T07:00:00Z
2025-09-30,L00335,341228.88,0.06411,360,158,441646.51,2025-10-02T07:00:00Z
2024-01-31,L00336,152269.17,0.06138,300,171,247446.17,2024-02-02T07:00:00Z
2024-02-29,L00336,151432.79,0.06138,300,172,247446.17,2024-03-02T07:00:00Z
2024-03-31,L00336,150592.13,0.06138,300,173,247446.17,2024-04-02T07:00:00Z
2024-04-30,L00336,148134.15,0.06138,300,174,247446.17,2024-05-02T07:00:00Z
2024-05-31,L00336,147294.02,0.06138,300,175,247446.17,2024-06-02T07:00:00Z
2024-06-30,L00336,146449.59,0.06138,300,176,247446.17,2024-07-02T07:00:00Z
2024-07-31,L00336,145600.84,0.06138,300,177,247446.17,2024-08-02T07:00:00Z
2024-08-31,L00336,144747.75,0.06138,300,178,247446.17,2024-09-02T07:00:00Z
2024-09-30,L00336,143890.29,0.06138,300,179,247446.17,2024-10-02T07:00:00Z
2024-10-31,L00336,137879.76,0.06138,300,180,247446.17,2024-11-02T07:00:00Z
2024-11-30,L00336,137044.69,0.06138,300,181,247446.17,2024-12-02T07:00:00Z
2024-12-31,L00336,136205.35,0.06138,300,182,247446.17,2025-01-02T07:00:00Z
2025-01-31,L00336,135361.72,0.06138,300,183,247446.17,2025-02-02T07:00:00Z
2025-02-28,L00336,134513.78,0.06138,300,184,247446.17,2025-03-02T07:00:00Z
2025-03-31,L00336,133661.5,0.06138,300,185,247446.17,2025-04-02T07:00:00Z
2025-04-30,L00336,132804.85,0.06138,300,186,247446.17,2025-05-02T07:00:00Z
2025-05-31,L00336,131943.83,0.06138,300,187,247446.17,2025-06-02T07:00:00Z
2025-06-30,L00336,131078.4,0.06138,300,188,247446.17,2025-07-02T07:00:00Z
2025-07-31,L00336,130208.55,0.06138,300,189,247446.17,2025-08-02T07:00:00Z
2025-08-31,L00336,129334.24,0.06138,300,190,247446.17,2025-09-02T07:00:00Z
2025-09-30,L00336,128455.47,0.06138,300,191,247446.17,2025-10-02T07:00:00Z
2024-01-31,L00337,113118.73,0.05119,180,155,599737.25,2024-02-02T07:00:00Z
2024-02-29,L00337,108821.33,0.05119,180,156,599737.25,2024-03-02T07:00:00Z
2024-03-31,L00337,104505.6,0.05119,180,157,599737.25,2024-04-02T07:00:00Z
2024-04-30,L00337,100171.46,0.05119,180,158,599737.25,2024-05-02T07:00:00Z
2024-05-31,L00337,95818.83,0.05119,180,159,599737.25,2024-06-02T07:00:00Z
2024-06-30,L00337,91447.63,0.05119,180,160,599737.25,2024-07-02T07:00:00Z
2024-07-31,L00337,87057.78,0.05119,180,161,599737.25,2024-08-02T07:00:00Z
2024-08-31,L00337,82649.21,0.05119,180,162,599737.25,2024-09-02T07:00:00Z
2024-09-30,L00337,78221.84,0.05119,180,163,599737.25,2024-10-02T07:00:00Z
2024-10-31,L00337,73775.57,0.05119,180,164,599737.25,2024-11-02T07:00:00Z
2024-11-30,L00337,69310.34,0.05119,180,165,599737.25,2024-12-02T07:00:00Z
2024-12-31,L00337,64826.07,0.05119,180,166,599737.25,2025-01-02T07:00:00Z
2025-01-31,L00337,60322.66,0.05119,180,167,599737.25,2025-02-02T07:00:00Z
2025-02-28,L00337,55800.04,0.05119,180,168,599737.25,2025-03-02T07:00:00Z
2025-03-31,L00337,51258.13,0.05119,180,169,599737.25,2025-04-02T07:00:00Z
2025-04-30,L00337,46696.84,0.05119,180,170,599737.25,2025-05-02T07:00:00Z
2025-05-31,L00337,42116.1,0.05119,180,171,599737.25,2025-06-02T07:00:00Z
2025-06-30,L00337,37515.82,0.05119,180,172,599737.25,2025-07-02T07:00:00Z
2025-07-31,L00337,32895.91,0.05119,180,173,599737.25,2025-08-02T07:00:00Z
2025-08-31,L00337,28256.29,0.05119,180,174,599737.25,2025-09-02T07:00:00Z
2025-09-30,L00337,23596.88,0.05119,180,175,599737.25,2025-10-02T07:00:00Z
2024-01-31,L00338,430856.59,0.07026,300,128,561977.19,2024-02-02T07:00:00Z
2024-02-29,L00338,429397.99,0.07026,300,129,561977.19,2024-03-02T07:00:00Z
2024-03-31,L00338,427930.85,0.07026,300,130,561977.19,2024-04-02T07:00:00Z
2024-04-30,L00338,426455.12,0.07026,300,131,561977.19,2024-05-02T07:00:00Z
2024-05-31,L00338,424970.75,0.07026,300,132,561977.19,2024-06-02T07:00:00Z
2024-06-30,L00338,423477.69,0.07026,300,133,561977.19,2024-07-02T07:00:00Z
2024-07-31,L00338,421975.89,0.07026,300,134,561977.19,2024-08-02T07:00:00Z
2024-08-31,L00338,420465.3,0.07026,300,135,561977.19,2024-09-02T07:00:00Z
2024-09-30,L00338,418945.86,0.07026,300,136,561977.19,2024-10-02T07:00:00Z
2024-10-31,L00338,417417.52,0.07026,300,137,561977.19,2024-11-02T07:00:00Z
2024-11-30,L00338,415880.24,0.07026,300,138,561977.19,2024-12-02T07:00:00Z
2024-12-31,L00338,414333.95,0.07026,300,139,561977.19,2025-01-02T07:00:00Z
2025-01-31,L00338,412778.61,0.07026,300,140,561977.19,2025-02-02T07:00:00Z
2025-02-28,L00338,411214.17,0.07026,300,141,561977.19,2025-03-02T07:00:00Z
2025-03-31,L00338,409640.56,0.07026,300,142,561977.19,2025-04-02T07:00:00Z
2025-04-30,L00338,408057.74,0.07026,300,143,561977.19,2025-05-02T07:00:00Z
2025-05-31,L00338,406465.66,0.07026,300,144,561977.19,2025-06-02T07:00:00Z
2025-06-30,L00338,404864.25,0.07026,300,145,561977.19,2025-07-02T07:00:00Z
2025-07-31,L00338,403253.47,0.07026,300,146,561977.19,2025-08-02T07:00:00Z
2025-08-31,L00338,401633.25,0.07026,300,147,561977.19,2025-09-02T07:00:00Z
2025-09-30,L00338,400003.55,0.07026,300,148,561977.19,2025-10-02T07:00:00Z
2024-01-31,L00339,160596.13,0.06025,360,42,168374.34,2024-02-02T07:00:00Z
2024-02-29,L00339,160390.25,0.06025,360,43,168374.34,2024-03-02T07:00:00Z
2024-03-31,L00339,160183.35,0.06025,360,44,168374.34,2024-04-02T07:00:00Z
2024-04-30,L00339,159975.41,0.06025,360,45,168374.34,2024-05-02T07:00:00Z
2024-05-31,L00339,156858.34,0.06025,360,46,168374.34,2024-06-02T07:00:00Z
2024-06-30,L00339,156652.13,0.06025,360,47,168374.34,2024-07-02T07:00:00Z
2024-07-31,L00339,156444.88,0.06025,360,48,168374.34,2024-08-02T07:00:00Z
2024-08-31,L00339,156236.59,0.06025,360,49,168374.34,2024-09-02T07:00:00Z
2024-09-30,L00339,156027.25,0.06025,360,50,168374.34,2024-10-02T07:00:00Z
2024-10-31,L00339,155816.87,0.06025,360,51,168374.34,2024-11-02T07:00:00Z
2024-11-30,L00339,155605.42,0.06025,360,52,168374.34,2024-12-02T07:00:00Z
2024-12-31,L00339,155392.92,0.06025,360,53,168374.34,2025-01-02T07:00:00Z
2025-01-31,L00339,155179.35,0.06025,360,54,168374.34,2025-02-02T07:00:00Z
2025-02-28,L00339,154964.71,0.06025,360,55,168374.34,2025-03-02T07:00:00Z
2025-03-31,L00339,154748.98,0.06025,360,56,168374.34,2025-04-02T07:00:00Z
2025-04-30,L00339,154532.18,0.06025,360,57,168374.34,2025-05-02T07:00:00Z
2025-05-31,L00339,154314.29,0.06025,360,58,168374.34,2025-06-02T07:00:00Z
2025-06-30,L00339,154095.3,0.06025,360,59,168374.34,2025-07-02T07:00:00Z
2025-07-31,L00339,153875.21,0.06025,360,60,168374.34,2025-08-02T07:00:00Z
2025-08-31,L00339,153654.02,0.06025,360,61,168374.34,2025-09-02T07:00:00Z
2025-09-30,L00339,153431.72,0.06025,360,62,168374.34,2025-10-02T07:00:00Z
2024-01-31,L00340,489973.78,0.03783,300,42,538414.03,2024-02-02T07:00:00Z
2024-02-29,L00340,488740.59,0.03783,300,43,538414.03,2024-03-02T07:00:00Z
2024-03-31,L00340,487503.51,0.03783,300,44,538414.03,2024-04-02T07:00:00Z
2024-04-30,L00340,486262.53,0.03783,300,45,538414.03,2024-05-02T07:00:00Z
2024-05-31,L00340,485017.64,0.03783,300,46,538414.03,2024-06-02T07:00:00Z
2024-06-30,L00340,483768.82,0.03783,300,47,538414.03,2024-07-02T07:00:00Z
2024-07-31,L00340,482516.07,0.03783,300,48,538414.03,2024-08-02T07:00:00Z
2024-08-31,L00340,481259.36,0.03783,300,49,538414.03,2024-09-02T07:00:00Z
2024-09-30,L00340,479998.7,0.03783,300,50,538414.03,2024-10-02T07:00:00Z
2024-10-31,L00340,478734.06,0.03783,300,51,538414.03,2024-11-02T07:00:00Z
2024-11-30,L00340,477465.44,0.03783,300,52,538414.03,2024-12-02T07:00:00Z
2024-12-31,L00340,476192.81,0.03783,300,53,538414.03,2025-01-02T07:00:00Z
2025-01-31,L00340,474916.17,0.03783,300,54,538414.03,2025-02-02T07:00:00Z
2025-02-28,L00340,473635.51,0.03783,300,55,538414.03,2025-03-02T07:00:00Z
2025-03-31,L00340,472350.81,0.03783,300,56,538414.03,2025-04-02T07:00:00Z
2025-04-30,L00340,471062.07,0.03783,300,57,538414.03,2025-05-02T07:00:00Z
2025-05-31,L00340,469769.26,0.03783,300,58,538414.03,2025-06-02T07:00:00Z
2025-06-30,L00340,466376.42,0.03783,300,59,538414.03,2025-07-02T07:00:00Z
2025-07-31,L00340,465081.27,0.03783,300,60,538414.03,2025-08-02T07:00:00Z
2025-08-31,L00340,463782.03,0.03783,300,61,538414.03,2025-09-02T07:00:00Z
2025-09-30,L00340,462478.69,0.03783,300,62,538414.03,2025-10-02T07:00:00Z
2024-01-31,L00341,136734.43,0.05802,360,184,196896.79,2024-02-02T07:00:00Z
2024-02-29,L00341,136240.0,0.05802,360,185,196896.79,2024-03-02T07:00:00Z
2024-03-31,L00341,135743.17,0.05802,360,186,196896.79,2024-04-02T07:00:00Z
2024-04-30,L00341,135243.94,0.05802,360,187,196896.79,2024-05-02T07:00:00Z
2024-05-31,L00341,134742.29,0.05802,360,188,196896.79,2024-06-02T07:00:00Z
2024-06-30,L00341,134238.22,0.05802,360,189,196896.79,2024-07-02T07:00:00Z
2024-07-31,L00341,133731.72,0.05802,360,190,196896.79,2024-08-02T07:00:00Z
2024-08-31,L00341,133222.76,0.05802,360,191,196896.79,2024-09-02T07:00:00Z
2024-09-30,L00341,132711.34,0.05802,360,192,196896.79,2024-10-02T07:00:00Z
2024-10-31,L00341,132197.45,0.05802,360,193,196896.79,2024-11-02T07:00:00Z
2024-11-30,L00341,131681.08,0.05802,360,194,196896.79,2024-12-02T07:00:00Z
2024-12-31,L00341,131162.21,0.05802,360,195,196896.79,2025-01-02T07:00:00Z
2025-01-31,L00341,130640.83,0.05802,360,196,196896.79,2025-02-02T07:00:00Z
2025-02-28,L00341,130116.93,0.05802,360,197,196896.79,2025-03-02T07:00:00Z
2025-03-31,L00341,129590.5,0.05802,360,198,196896.79,2025-04-02T07:00:00Z
2025-04-30,L00341,129061.52,0.05802,360,199,196896.79,2025-05-02T07:00:00Z
2025-05-31,L00341,128529.98,0.05802,360,200,196896.79,2025-06-02T07:00:00Z
2025-06-30,L00341,127995.88,0.05802,360,201,196896.79,2025-07-02T07:00:00Z
2025-07-31,L00341,127459.19,0.05802,360,202,196896.79,2025-08-02T07:00:00Z
2025-08-31,L00341,126919.9,0.05802,360,203,196896.79,2025-09-02T07:00:00Z
2025-09-30,L00341,126378.01,0.05802,360,204,196896.79,2025-10-02T07:00:00Z
2024-01-31,L00342,40120.92,0.05192,240,159,87716.51,2024-02-02T07:00:00Z
2024-02-29,L00342,39706.27,0.05192,240,160,87716.51,2024-03-02T07:00:00Z
2024-03-31,L00342,39289.83,0.05192,240,161,87716.51,2024-04-02T07:00:00Z
2024-04-30,L00342,38871.59,0.05192,240,162,87716.51,2024-05-02T07:00:00Z
2024-05-31,L00342,38451.54,0.05192,240,163,87716.51,2024-06-02T07:00:00Z
2024-06-30,L00342,38029.68,0.05192,240,164,87716.51,2024-07-02T07:00:00Z
2024-07-31,L00342,37605.98,0.05192,240,165,87716.51,2024-08-02T07:00:00Z
2024-08-31,L00342,37180.46,0.05192,240,166,87716.51,2024-09-02T07:00:00Z
2024-09-30,L00342,36753.09,0.05192,240,167,87716.51,2024-10-02T07:00:00Z
2024-10-31,L00342,33287.13,0.05192,240,168,87716.51,2024-11-02T07:00:00Z
2024-11-30,L00342,32892.09,0.05192,240,169,87716.51,2024-12-02T07:00:00Z
2024-12-31,L00342,32495.35,0.05192,240,170,87716.51,2025-01-02T07:00:00Z
2025-01-31,L00342,32096.89,0.05192,240,171,87716.51,2025-02-02T07:00:00Z
2025-02-28,L00342,31696.7,0.05192,240,172,87716.51,2025-03-02T07:00:00Z
2025-03-31,L00342,31294.79,0.05192,240,173,87716.51,2025-04-02T07:00:00Z
2025-04-30,L00342,30891.14,0.05192,240,174,87716.51,2025-05-02T07:00:00Z
2025-05-31,L00342,30485.73,0.05192,240,175,87716.51,2025-06-02T07:00:00Z
2025-06-30,L00342,30078.58,0.05192,240,176,87716.51,2025-07-02T07:00:00Z
2025-07-31,L00342,29669.66,0.05192,240,177,87716.51,2025-08-02T07:00:00Z
2025-08-31,L00342,29258.98,0.05192,240,178,87716.51,2025-09-02T07:00:00Z
2025-09-30,L00342,28846.51,0.05192,240,179,87716.51,2025-10-02T07:00:00Z
2024-01-31,L00343,151438.54,0.06022,360,64,163646.34,2024-02-02T07:00:00Z
2024-02-29,L00343,151215.05,0.06022,360,65,163646.34,2024-03-02T07:00:00Z
2024-03-31,L00343,150990.44,0.06022,360,66,163646.34,2024-04-02T07:00:00Z
2024-04-30,L00343,150764.7,0.06022,360,67,163646.34,2024-05-02T07:00:00Z
2024-05-31,L00343,150537.83,0.06022,360,68,163646.34,2024-06-02T07:00:00Z
2024-06-30,L00343,150309.82,0.06022,360,69,163646.34,2024-07-02T07:00:00Z
2024-07-31,L00343,150080.67,0.06022,360,70,163646.34,2024-08-02T07:00:00Z
2024-08-31,L00343,149850.37,0.06022,360,71,163646.34,2024-09-02T07:00:00Z
2024-09-30,L00343,149618.91,0.06022,360,72,163646.34,2024-10-02T07:00:00Z
2024-10-31,L00343,149386.29,0.06022,360,73,163646.34,2024-11-02T07:00:00Z
2024-11-30,L00343,149152.5,0.06022,360,74,163646.34,2024-12-02T07:00:00Z
2024-12-31,L00343,148917.54,0.06022,360,75,163646.34,2025-01-02T07:00:00Z
2025-01-31,L00343,148681.4,0.06022,360,76,163646.34,2025-02-02T07:00:00Z
2025-02-28,L00343,146677.89,0.06022,360,77,163646.34,2025-03-02T07:00:00Z
2025-03-31,L00343,146442.21,0.06022,360,78,163646.34,2025-04-02T07:00:00Z
2025-04-30,L00343,146205.35,0.06022,360,79,163646.34,2025-05-02T07:00:00Z
2025-05-31,L00343,145967.3,0.06022,360,80,163646.34,2025-06-02T07:00:00Z
2025-06-30,L00343,145728.06,0.06022,360,81,163646.34,2025-07-02T07:00:00Z
2025-07-31,L00343,145487.61,0.06022,360,82,163646.34,2025-08-02T07:00:00Z
2025-08-31,L00343,145245.96,0.06022,360,83,163646.34,2025-09-02T07:00:00Z
2025-09-30,L00343,145003.1,0.06022,360,84,163646.34,2025-10-02T07:00:00Z
2024-01-31,L00344,324206.96,0.05017,240,30,351419.78,2024-02-02T07:00:00Z
2024-02-29,L00344,323239.9,0.05017,240,31,351419.78,2024-03-02T07:00:00Z
2024-03-31,L00344,322268.8,0.05017,240,32,351419.78,2024-04-02T07:00:00Z
2024-04-30,L00344,321293.63,0.05017,240,33,351419.78,2024-05-02T07:00:00Z
2024-05-31,L00344,320314.39,0.05017,240,34,351419.78,2024-06-02T07:00:00Z
2024-06-30,L00344,319331.06,0.05017,240,35,351419.78,2024-07-02T07:00:00Z
2024-07-31,L00344,318343.61,0.05017,240,36,351419.78,2024-08-02T07:00:00Z
2024-08-31,L00344,317352.04,0.05017,240,37,351419.78,2024-09-02T07:00:00Z
2024-09-30,L00344,316356.32,0.05017,240,38,351419.78,2024-10-02T07:00:00Z
2024-10-31,L00344,315356.43,0.05017,240,39,351419.78,2024-11-02T07:00:00Z
2024-11-30,L00344,314352.37,0.05017,240,40,351419.78,2024-12-02T07:00:00Z
2024-12-31,L00344,313344.11,0.05017,240,41,351419.78,2025-01-02T07:00:00Z
2025-01-31,L00344,312331.63,0.05017,240,42,351419.78,2025-02-02T07:00:00Z
2025-02-28,L00344,311314.92,0.05017,240,43,351419.78,2025-03-02T07:00:00Z
2025-03-31,L00344,310293.96,0.05017,240,44,351419.78,2025-04-02T07:00:00Z
2025-04-30,L00344,309268.73,0.05017,240,45,351419.78,2025-05-02T07:00:00Z
2025-05-31,L00344,308239.21,0.05017,240,46,351419.78,2025-06-02T07:00:00Z
2025-06-30,L00344,307205.39,0.05017,240,47,351419.78,2025-07-02T07:00:00Z
2025-07-31,L00344,306167.25,0.05017,240,48,351419.78,2025-08-02T07:00:00Z
2025-08-31,L00344,305124.77,0.05017,240,49,351419.78,2025-09-02T07:00:00Z
2025-09-30,L00344,304077.93,0.05017,240,50,351419.78,2025-10-02T07:00:00Z
2024-01-31,L00345,432461.66,0.03562,360,122,560525.53,2024-02-02T07:00:00Z
2024-02-29,L00345,431208.9,0.03562,360,123,560525.53,2024-03-02T07:00:00Z
2024-03-31,L00345,429952.43,0.03562,360,124,560525.53,2024-04-02T07:00:00Z
2024-04-30,L00345,428692.22,0.03562,360,125,560525.53,2024-05-02T07:00:00Z
2024-05-31,L00345,427428.27,0.03562,360,126,560525.53,2024-06-02T07:00:00Z
2024-06-30,L00345,426160.57,0.03562,360,127,560525.53,2024-07-02T07:00:00Z
2024-07-31,L00345,424889.11,0.03562,360,128,560525.53,2024-08-02T07:00:00Z
2024-08-31,L00345,423613.87,0.03562,360,129,560525.53,2024-09-02T07:00:00Z
2024-09-30,L00345,422334.85,0.03562,360,130,560525.53,2024-10-02T07:00:00Z
2024-10-31,L00345,421052.03,0.03562,360,131,560525.53,2024-11-02T07:00:00Z
2024-11-30,L00345,419765.4,0.03562,360,132,560525.53,2024-12-02T07:00:00Z
2024-12-31,L00345,418474.96,0.03562,360,133,560525.53,2025-01-02T07:00:00Z
2025-01-31,L00345,417180.68,0.03562,360,134,560525.53,2025-02-02T07:00:00Z
2025-02-28,L00345,415882.56,0.03562,360,135,560525.53,2025-03-02T07:00:00Z
2025-03-31,L00345,414580.59,0.03562,360,136,560525.53,2025-04-02T07:00:00Z
2025-04-30,L00345,413274.76,0.03562,360,137,560525.53,2025-05-02T07:00:00Z
2025-05-31,L00345,411965.04,0.03562,360,138,560525.53,2025-06-02T07:00:00Z
2025-06-30,L00345,410651.45,0.03562,360,139,560525.53,2025-07-02T07:00:00Z
2025-07-31,L00345,409333.95,0.03562,360,140,560525.53,2025-08-02T07:00:00Z
2025-08-31,L00345,408012.54,0.03562,360,141,560525.53,2025-09-02T07:00:00Z
2025-09-30,L00345,406687.2,0.03562,360,142,560525.53,2025-10-02T07:00:00Z
2024-01-31,L00346,184564.63,0.05239,240,36,203272.99,2024-02-02T07:00:00Z
2024-02-29,L00346,184001.92,0.05239,240,37,203272.99,2024-03-02T07:00:00Z
2024-03-31,L00346,183436.75,0.05239,240,38,203272.99,2024-04-02T07:00:00Z
2024-04-30,L00346,182869.11,0.05239,240,39,203272.99,2024-05-02T07:00:00Z
2024-05-31,L00346,182298.99,0.05239,240,40,203272.99,2024-06-02T07:00:00Z
2024-06-30,L00346,181726.38,0.05239,240,41,203272.99,2024-07-02T07:00:00Z
2024-07-31,L00346,181151.27,0.05239,240,42,203272.99,2024-08-02T07:00:00Z
2024-08-31,L00346,180573.65,0.05239,240,43,203272.99,2024-09-02T07:00:00Z
2024-09-30,L00346,179993.51,0.05239,240,44,203272.99,2024-10-02T07:00:00Z
2024-10-31,L00346,179410.84,0.05239,240,45,203272.99,2024-11-02T07:00:00Z
2024-11-30,L00346,178825.63,0.05239,240,46,203272.99,2024-12-02T07:00:00Z
2024-12-31,L00346,178237.85,0.05239,240,47,203272.99,2025-01-02T07:00:00Z
2025-01-31,L00346,177647.52,0.05239,240,48,203272.99,2025-02-02T07:00:00Z
2025-02-28,L00346,177054.6,0.05239,240,49,203272.99,2025-03-02T07:00:00Z
2025-03-31,L00346,176459.1,0.05239,240,50,203272.99,2025-04-02T07:00:00Z
2025-04-30,L00346,175860.99,0.05239,240,51,203272.99,2025-05-02T07:00:00Z
2025-05-31,L00346,175260.28,0.05239,240,52,203272.99,2025-06-02T07:00:00Z
2025-06-30,L00346,174656.94,0.05239,240,53,203272.99,2025-07-02T07:00:00Z
2025-07-31,L00346,174050.97,0.05239,240,54,203272.99,2025-08-02T07:00:00Z
2025-08-31,L00346,173442.35,0.05239,240,55,203272.99,2025-09-02T07:00:00Z
2025-09-30,L00346,168269.18,0.05239,240,56,203272.99,2025-10-02T07:00:00Z
2024-01-31,L00347,303952.28,0.06439,360,197,446181.36,2024-02-02T07:00:00Z
2024-02-29,L00347,302780.94,0.06439,360,198,446181.36,2024-03-02T07:00:00Z
2024-03-31,L00347,301603.32,0.06439,360,199,446181.36,2024-04-02T07:00:00Z
2024-04-30,L00347,300419.38,0.06439,360,200,446181.36,2024-05-02T07:00:00Z
2024-05-31,L00347,299229.08,0.06439,360,201,446181.36,2024-06-02T07:00:00Z
2024-06-30,L00347,298032.4,0.06439,360,202,446181.36,2024-07-02T07:00:00Z
2024-07-31,L00347,296829.3,0.06439,360,203,446181.36,2024-08-02T07:00:00Z
2024-08-31,L00347,295619.74,0.06439,360,204,446181.36,2024-09-02T07:00:00Z
2024-09-30,L00347,294403.69,0.06439,360,205,446181.36,2024-10-02T07:00:00Z
2024-10-31,L00347,293181.12,0.06439,360,206,446181.36,2024-11-02T07:00:00Z
2024-11-30,L00347,291951.99,0.06439,360,207,446181.36,2024-12-02T07:00:00Z
2024-12-31,L00347,290716.26,0.06439,360,208,446181.36,2025-01-02T07:00:00Z
2025-01-31,L00347,289473.9,0.06439,360,209,446181.36,2025-02-02T07:00:00Z
2025-02-28,L00347,288224.87,0.06439,360,210,446181.36,2025-03-02T07:00:00Z
2025-03-31,L00347,286969.15,0.06439,360,211,446181.36,2025-04-02T07:00:00Z
2025-04-30,L00347,285706.68,0.06439,360,212,446181.36,2025-05-02T07:00:00Z
2025-05-31,L00347,284437.44,0.06439,360,213,446181.36,2025-06-02T07:00:00Z
2025-06-30,L00347,283161.39,0.06439,360,214,446181.36,2025-07-02T07:00:00Z
2025-07-31,L00347,281878.49,0.06439,360,215,446181.36,2025-08-02T07:00:00Z
2025-08-31,L00347,280588.71,0.06439,360,216,446181.36,2025-09-02T07:00:00Z
2025-09-30,L00347,279292.01,0.06439,360,217,446181.36,2025-10-02T07:00:00Z
2024-01-31,L00348,414334.58,0.05529,300,75,480973.44,2024-02-02T07:00:00Z
2024-02-29,L00348,413281.7,0.05529,300,76,480973.44,2024-03-02T07:00:00Z
2024-03-31,L00348,412223.96,0.05529,300,77,480973.44,2024-04-02T07:00:00Z
2024-04-30,L00348,411161.35,0.05529,300,78,480973.44,2024-05-02T07:00:00Z
2024-05-31,L00348,410093.84,0.05529,300,79,480973.44,2024-06-02T07:00:00Z
2024-06-30,L00348,409021.41,0.05529,300,80,480973.44,2024-07-02T07:00:00Z
2024-07-31,L00348,407944.05,0.05529,300,81,480973.44,2024-08-02T07:00:00Z
2024-08-31,L00348,406259.45,0.05529,300,82,480973.44,2024-09-02T07:00:00Z
2024-09-30,L00348,405173.75,0.05529,300,83,480973.44,2024-10-02T07:00:00Z
2024-10-31,L00348,404083.03,0.05529,300,84,480973.44,2024-11-02T07:00:00Z
2024-11-30,L00348,402987.3,0.05529,300,85,480973.44,2024-12-02T07:00:00Z
2024-12-31,L00348,401886.51,0.05529,300,86,480973.44,2025-01-02T07:00:00Z
2025-01-31,L00348,400780.66,0.05529,300,87,480973.44,2025-02-02T07:00:00Z
2025-02-28,L00348,399669.7,0.05529,300,88,480973.44,2025-03-02T07:00:00Z
2025-03-31,L00348,398553.63,0.05529,300,89,480973.44,2025-04-02T07:00:00Z
2025-04-30,L00348,397432.42,0.05529,300,90,480973.44,2025-05-02T07:00:00Z
2025-05-31,L00348,396306.04,0.05529,300,91,480973.44,2025-06-02T07:00:00Z
2025-06-30,L00348,395174.47,0.05529,300,92,480973.44,2025-07-02T07:00:00Z
2025-07-31,L00348,394037.69,0.05529,300,93,480973.44,2025-08-02T07:00:00Z
2025-08-31,L00348,392895.67,0.05529,300,94,480973.44,2025-09-02T07:00:00Z
2025-09-30,L00348,391748.39,0.05529,300,95,480973.44,2025-10-02T07:00:00Z
2024-01-31,L00349,122214.32,0.0453,360,20,125625.67,2024-02-02T07:00:00Z
2024-02-29,L00349,122036.91,0.0453,360,21,125625.67,2024-03-02T07:00:00Z
2024-03-31,L00349,121858.83,0.0453,360,22,125625.67,2024-04-02T07:00:00Z
2024-04-30,L00349,121680.08,0.0453,360,23,125625.67,2024-05-02T07:00:00Z
2024-05-31,L00349,121500.66,0.0453,360,24,125625.67,2024-06-02T07:00:00Z
2024-06-30,L00349,121320.55,0.0453,360,25,125625.67,2024-07-02T07:00:00Z
2024-07-31,L00349,121139.77,0.0453,360,26,125625.67,2024-08-02T07:00:00Z
2024-08-31,L00349,120958.3,0.0453,360,27,125625.67,2024-09-02T07:00:00Z
2024-09-30,L00349,120776.15,0.0453,360,28,125625.67,2024-10-02T07:00:00Z
2024-10-31,L00349,120593.32,0.0453,360,29,125625.67,2024-11-02T07:00:00Z
2024-11-30,L00349,120409.79,0.0453,360,30,125625.67,2024-12-02T07:00:00Z
2024-12-31,L00349,120225.57,0.0453,360,31,125625.67,2025-01-02T07:00:00Z
2025-01-31,L00349,120040.65,0.0453,360,32,125625.67,2025-02-02T07:00:00Z
2025-02-28,L00349,119855.03,0.0453,360,33,125625.67,2025-03-02T07:00:00Z
2025-03-31,L00349,119668.72,0.0453,360,34,125625.67,2025-04-02T07:00:00Z
2025-04-30,L00349,119481.7,0.0453,360,35,125625.67,2025-05-02T07:00:00Z
2025-05-31,L00349,119293.98,0.0453,360,36,125625.67,2025-06-02T07:00:00Z
2025-06-30,L00349,119105.54,0.0453,360,37,125625.67,2025-07-02T07:00:00Z
2025-07-31,L00349,118916.4,0.0453,360,38,125625.67,2025-08-02T07:00:00Z
2025-08-31,L00349,118726.54,0.0453,360,39,125625.67,2025-09-02T07:00:00Z
2025-09-30,L00349,118535.96,0.0453,360,40,125625.67,2025-10-02T07:00:00Z
2024-01-31,L00350,177414.78,0.05588,360,17,180850.84,2024-02-02T07:00:00Z
2024-02-29,L00350,177204.08,0.05588,360,18,180850.84,2024-03-02T07:00:00Z
2024-03-31,L00350,176992.4,0.05588,360,19,180850.84,2024-04-02T07:00:00Z
2024-04-30,L00350,176779.74,0.05588,360,20,180850.84,2024-05-02T07:00:00Z
2024-05-31,L00350,176566.08,0.05588,360,21,180850.84,2024-06-02T07:00:00Z
2024-06-30,L00350,176351.44,0.05588,360,22,180850.84,2024-07-02T07:00:00Z
2024-07-31,L00350,176135.79,0.05588,360,23,180850.84,2024-08-02T07:00:00Z
2024-08-31,L00350,175919.13,0.05588,360,24,180850.84,2024-09-02T07:00:00Z
2024-09-30,L00350,175701.47,0.05588,360,25,180850.84,2024-10-02T07:00:00Z
2024-10-31,L00350,175482.8,0.05588,360,26,180850.84,2024-11-02T07:00:00Z
2024-11-30,L00350,175263.1,0.05588,360,27,180850.84,2024-12-02T07:00:00Z
2024-12-31,L00350,175042.39,0.05588,360,28,180850.84,2025-01-02T07:00:00Z
2025-01-31,L00350,174820.64,0.05588,360,29,180850.84,2025-02-02T07:00:00Z
2025-02-28,L00350,174597.86,0.05588,360,30,180850.84,2025-03-02T07:00:00Z
2025-03-31,L00350,174374.05,0.05588,360,31,180850.84,2025-04-02T07:00:00Z
2025-04-30,L00350,174149.19,0.05588,360,32,180850.84,2025-05-02T07:00:00Z
2025-05-31,L00350,173923.29,0.05588,360,33,180850.84,2025-06-02T07:00:00Z
2025-06-30,L00350,173696.33,0.05588,360,34,180850.84,2025-07-02T07:00:00Z
2025-07-31,L00350,173468.32,0.05588,360,35,180850.84,2025-08-02T07:00:00Z
2025-08-31,L00350,173239.25,0.05588,360,36,180850.84,2025-09-02T07:00:00Z
2025-09-30,L00350,173009.11,0.05588,360,37,180850.84,2025-10-02T07:00:00Z
2024-01-31,L00351,134588.32,0.06372,240,136,228643.78,2024-02-02T07:00:00Z
2024-02-29,L00351,133615.46,0.06372,240,137,228643.78,2024-03-02T07:00:00Z
2024-03-31,L00351,132637.44,0.06372,240,138,228643.78,2024-04-02T07:00:00Z
2024-04-30,L00351,131654.22,0.06372,240,139,228643.78,2024-05-02T07:00:00Z
2024-05-31,L00351,130665.79,0.06372,240,140,228643.78,2024-06-02T07:00:00Z
2024-06-30,L00351,129672.1,0.06372,240,141,228643.78,2024-07-02T07:00:00Z
2024-07-31,L00351,128673.14,0.06372,240,142,228643.78,2024-08-02T07:00:00Z
2024-08-31,L00351,127668.88,0.06372,240,143,228643.78,2024-09-02T07:00:00Z
2024-09-30,L00351,126659.28,0.06372,240,144,228643.78,2024-10-02T07:00:00Z
2024-10-31,L00351,125644.32,0.06372,240,145,228643.78,2024-11-02T07:00:00Z
2024-11-30,L00351,124623.97,0.06372,240,146,228643.78,2024-12-02T07:00:00Z
2024-12-31,L00351,123598.2,0.06372,240,147,228643.78,2025-01-02T07:00:00Z
2025-01-31,L00351,122566.99,0.06372,240,148,228643.78,2025-02-02T07:00:00Z
2025-02-28,L00351,121530.3,0.06372,240,149,228643.78,2025-03-02T07:00:00Z
2025-03-31,L00351,120488.1,0.06372,240,150,228643.78,2025-04-02T07:00:00Z
2025-04-30,L00351,119440.37,0.06372,240,151,228643.78,2025-05-02T07:00:00Z
2025-05-31,L00351,118387.08,0.06372,240,152,228643.78,2025-06-02T07:00:00Z
2025-06-30,L00351,117328.2,0.06372,240,153,228643.78,2025-07-02T07:00:00Z
2025-07-31,L00351,116263.69,0.06372,240,154,228643.78,2025-08-02T07:00:00Z
2025-08-31,L00351,115193.53,0.06372,240,155,228643.78,2025-09-02T07:00:00Z
2025-09-30,L00351,114117.69,0.06372,240,156,228643.78,2025-10-02T07:00:00Z
2024-01-31,L00352,530246.48,0.04408,360,53,575222.17,2024-02-02T07:00:00Z
2024-02-29,L00352,529311.05,0.04408,360,54,575222.17,2024-03-02T07:00:00Z
2024-03-31,L00352,528372.18,0.04408,360,55,575222.17,2024-04-02T07:00:00Z
2024-04-30,L00352,527429.86,0.04408,360,56,575222.17,2024-05-02T07:00:00Z
2024-05-31,L00352,526484.08,0.04408,360,57,575222.17,2024-06-02T07:00:00Z
2024-06-30,L00352,525534.82,0.04408,360,58,575222.17,2024-07-02T07:00:00Z
2024-07-31,L00352,524582.08,0.04408,360,59,575222.17,2024-08-02T07:00:00Z
2024-08-31,L00352,523625.84,0.04408,360,60,575222.17,2024-09-02T07:00:00Z
2024-09-30,L00352,522666.08,0.04408,360,61,575222.17,2024-10-02T07:00:00Z
2024-10-31,L00352,521702.8,0.04408,360,62,575222.17,2024-11-02T07:00:00Z
2024-11-30,L00352,520735.99,0.04408,360,63,575222.17,2024-12-02T07:00:00Z
2024-12-31,L00352,519765.62,0.04408,360,64,575222.17,2025-01-02T07:00:00Z
2025-01-31,L00352,518791.68,0.04408,360,65,575222.17,2025-02-02T07:00:00Z
2025-02-28,L00352,517814.17,0.04408,360,66,575222.17,2025-03-02T07:00:00Z
2025-03-31,L00352,516833.07,0.04408,360,67,575222.17,2025-04-02T07:00:00Z
2025-04-30,L00352,515848.36,0.04408,360,68,575222.17,2025-05-02T07:00:00Z
2025-05-31,L00352,514860.04,0.04408,360,69,575222.17,2025-06-02T07:00:00Z
2025-06-30,L00352,513868.08,0.04408,360,70,575222.17,2025-07-02T07:00:00Z
2025-07-31,L00352,512872.49,0.04408,360,71,575222.17,2025-08-02T07:00:00Z
2025-08-31,L00352,511873.23,0.04408,360,72,575222.17,2025-09-02T07:00:00Z
2025-09-30,L00352,510870.3,0.04408,360,73,575222.17,2025-10-02T07:00:00Z
2024-01-31,L00353,330967.51,0.03783,360,143,453389.51,2024-02-02T07:00:00Z
2024-02-29,L00353,329902.67,0.03783,360,144,453389.51,2024-03-02T07:00:00Z
2024-03-31,L00353,328834.47,0.03783,360,145,453389.51,2024-04-02T07:00:00Z
2024-04-30,L00353,327762.91,0.03783,360,146,453389.51,2024-05-02T07:00:00Z
2024-05-31,L00353,326687.96,0.03783,360,147,453389.51,2024-06-02T07:00:00Z
2024-06-30,L00353,325609.63,0.03783,360,148,453389.51,2024-07-02T07:00:00Z
2024-07-31,L00353,324527.9,0.03783,360,149,453389.51,2024-08-02T07:00:00Z
2024-08-31,L00353,323442.75,0.03783,360,150,453389.51,2024-09-02T07:00:00Z
2024-09-30,L00353,322354.19,0.03783,360,151,453389.51,2024-10-02T07:00:00Z
2024-10-31,L00353,321262.2,0.03783,360,152,453389.51,2024-11-02T07:00:00Z
2024-11-30,L00353,320166.76,0.03783,360,153,453389.51,2024-12-02T07:00:00Z
2024-12-31,L00353,319067.87,0.03783,360,154,453389.51,2025-01-02T07:00:00Z
2025-01-31,L00353,317965.51,0.03783,360,155,453389.51,2025-02-02T07:00:00Z
2025-02-28,L00353,316859.68,0.03783,360,156,453389.51,2025-03-02T07:00:00Z
2025-03-31,L00353,315750.37,0.03783,360,157,453389.51,2025-04-02T07:00:00Z
2025-04-30,L00353,314637.55,0.03783,360,158,453389.51,2025-05-02T07:00:00Z
2025-05-31,L00353,313521.23,0.03783,360,159,453389.51,2025-06-02T07:00:00Z
2025-06-30,L00353,312401.39,0.03783,360,160,453389.51,2025-07-02T07:00:00Z
2025-07-31,L00353,311278.02,0.03783,360,161,453389.51,2025-08-02T07:00:00Z
2025-08-31,L00353,310151.11,0.03783,360,162,453389.51,2025-09-02T07:00:00Z
2025-09-30,L00353,309020.64,0.03783,360,163,453389.51,2025-10-02T07:00:00Z
2024-01-31,L00354,169543.32,0.06912,360,190,237592.63,2024-02-02T07:00:00Z
2024-02-29,L00354,168953.2,0.06912,360,191,237592.63,2024-03-02T07:00:00Z
2024-03-31,L00354,168359.68,0.06912,360,192,237592.63,2024-04-02T07:00:00Z
2024-04-30,L00354,167762.74,0.06912,360,193,237592.63,2024-05-02T07:00:00Z
2024-05-31,L00354,167162.36,0.06912,360,194,237592.63,2024-06-02T07:00:00Z
2024-06-30,L00354,166558.52,0.06912,360,195,237592.63,2024-07-02T07:00:00Z
2024-07-31,L00354,165951.2,0.06912,360,196,237592.63,2024-08-02T07:00:00Z
2024-08-31,L00354,165340.39,0.06912,360,197,237592.63,2024-09-02T07:00:00Z
2024-09-30,L00354,164726.06,0.06912,360,198,237592.63,2024-10-02T07:00:00Z
2024-10-31,L00354,164108.19,0.06912,360,199,237592.63,2024-11-02T07:00:00Z
2024-11-30,L00354,163486.76,0.06912,360,200,237592.63,2024-12-02T07:00:00Z
2024-12-31,L00354,162861.75,0.06912,360,201,237592.63,2025-01-02T07:00:00Z
2025-01-31,L00354,162233.14,0.06912,360,202,237592.63,2025-02-02T07:00:00Z
2025-02-28,L00354,161600.91,0.06912,360,203,237592.63,2025-03-02T07:00:00Z
2025-03-31,L00354,160965.04,0.06912,360,204,237592.63,2025-04-02T07:00:00Z
2025-04-30,L00354,160325.5,0.06912,360,205,237592.63,2025-05-02T07:00:00Z
2025-05-31,L00354,159682.29,0.06912,360,206,237592.63,2025-06-02T07:00:00Z
2025-06-30,L00354,159035.36,0.06912,360,207,237592.63,2025-07-02T07:00:00Z
2025-07-31,L00354,158384.71,0.06912,360,208,237592.63,2025-08-02T07:00:00Z
2025-08-31,L00354,157730.32,0.06912,360,209,237592.63,2025-09-02T07:00:00Z
2025-09-30,L00354,157072.15,0.06912,360,210,237592.63,2025-10-02T07:00:00Z
2024-01-31,L00355,383060.38,0.05873,360,195,573062.5,2024-02-02T07:00:00Z
2024-02-29,L00355,381545.99,0.05873,360,196,573062.5,2024-03-02T07:00:00Z
2024-03-31,L00355,380024.19,0.05873,360,197,573062.5,2024-04-02T07:00:00Z
2024-04-30,L00355,378494.94,0.05873,360,198,573062.5,2024-05-02T07:00:00Z
2024-05-31,L00355,376958.21,0.05873,360,199,573062.5,2024-06-02T07:00:00Z
2024-06-30,L00355,375413.96,0.05873,360,200,573062.5,2024-07-02T07:00:00Z
2024-07-31,L00355,373862.15,0.05873,360,201,573062.5,2024-08-02T07:00:00Z
2024-08-31,L00355,372302.74,0.05873,360,202,573062.5,2024-09-02T07:00:00Z
2024-09-30,L00355,370735.71,0.05873,360,203,573062.5,2024-10-02T07:00:00Z
2024-10-31,L00355,369161.0,0.05873,360,204,573062.5,2024-11-02T07:00:00Z
2024-11-30,L00355,367578.59,0.05873,360,205,573062.5,2024-12-02T07:00:00Z
2024-12-31,L00355,365988.43,0.05873,360,206,573062.5,2025-01-02T07:00:00Z
2025-01-31,L00355,364390.49,0.05873,360,207,573062.5,2025-02-02T07:00:00Z
2025-02-28,L00355,362784.73,0.05873,360,208,573062.5,2025-03-02T07:00:00Z
2025-03-31,L00355,361171.11,0.05873,360,209,573062.5,2025-04-02T07:00:00Z
2025-04-30,L00355,359549.59,0.05873,360,210,573062.5,2025-05-02T07:00:00Z
2025-05-31,L00355,357920.14,0.05873,360,211,573062.5,2025-06-02T07:00:00Z
2025-06-30,L00355,356282.71,0.05873,360,212,573062.5,2025-07-02T07:00:00Z
2025-07-31,L00355,354637.27,0.05873,360,213,573062.5,2025-08-02T07:00:00Z
2025-08-31,L00355,352983.78,0.05873,360,214,573062.5,2025-09-02T07:00:00Z
2025-09-30,L00355,351322.19,0.05873,360,215,573062.5,2025-10-02T07:00:00Z
2024-01-31,L00356,163930.59,0.06581,180,104,301913.5,2024-02-02T07:00:00Z
2024-02-29,L00356,162186.16,0.06581,180,105,301913.5,2024-03-02T07:00:00Z
2024-03-31,L00356,160432.16,0.06581,180,106,301913.5,2024-04-02T07:00:00Z
2024-04-30,L00356,158668.54,0.06581,180,107,301913.5,2024-05-02T07:00:00Z
2024-05-31,L00356,156895.26,0.06581,180,108,301913.5,2024-06-02T07:00:00Z
2024-06-30,L00356,155112.24,0.06581,180,109,301913.5,2024-07-02T07:00:00Z
2024-07-31,L00356,153319.45,0.06581,180,110,301913.5,2024-08-02T07:00:00Z
2024-08-31,L00356,151516.83,0.06581,180,111,301913.5,2024-09-02T07:00:00Z
2024-09-30,L00356,149704.32,0.06581,180,112,301913.5,2024-10-02T07:00:00Z
2024-10-31,L00356,147881.87,0.06581,180,113,301913.5,2024-11-02T07:00:00Z
2024-11-30,L00356,146049.42,0.06581,180,114,301913.5,2024-12-02T07:00:00Z
2024-12-31,L00356,144206.93,0.06581,180,115,301913.5,2025-01-02T07:00:00Z
2025-01-31,L00356,142354.33,0.06581,180,116,301913.5,2025-02-02T07:00:00Z
2025-02-28,L00356,140491.57,0.06581,180,117,301913.5,2025-03-02T07:00:00Z
2025-03-31,L00356,138618.6,0.06581,180,118,301913.5,2025-04-02T07:00:00Z
2025-04-30,L00356,136735.35,0.06581,180,119,301913.5,2025-05-02T07:00:00Z
2025-05-31,L00356,134841.78,0.06581,180,120,301913.5,2025-06-02T07:00:00Z
2025-06-30,L00356,132937.82,0.06581,180,121,301913.5,2025-07-02T07:00:00Z
2025-07-31,L00356,131023.42,0.06581,180,122,301913.5,2025-08-02T07:00:00Z
2025-08-31,L00356,129098.52,0.06581,180,123,301913.5,2025-09-02T07:00:00Z
2025-09-30,L00356,127163.07,0.06581,180,124,301913.5,2025-10-02T07:00:00Z
2024-01-31,L00357,106729.83,0.05472,300,74,123716.59,2024-02-02T07:00:00Z
2024-02-29,L00357,106458.85,0.05472,300,75,123716.59,2024-03-02T07:00:00Z
2024-03-31,L00357,106186.65,0.05472,300,76,123716.59,2024-04-02T07:00:00Z
2024-04-30,L00357,105913.2,0.05472,300,77,123716.59,2024-05-02T07:00:00Z
2024-05-31,L00357,105638.5,0.05472,300,78,123716.59,2024-06-02T07:00:00Z
2024-06-30,L00357,105362.55,0.05472,300,79,123716.59,2024-07-02T07:00:00Z
2024-07-31,L00357,105085.34,0.05472,300,80,123716.59,2024-08-02T07:00:00Z
2024-08-31,L00357,104806.87,0.05472,300,81,123716.59,2024-09-02T07:00:00Z
2024-09-30,L00357,104527.13,0.05472,300,82,123716.59,2024-10-02T07:00:00Z
2024-10-31,L00357,104246.11,0.05472,300,83,123716.59,2024-11-02T07:00:00Z
2024-11-30,L00357,103963.81,0.05472,300,84,123716.59,2024-12-02T07:00:00Z
2024-12-31,L00357,103680.23,0.05472,300,85,123716.59,2025-01-02T07:00:00Z
2025-01-31,L00357,103395.35,0.05472,300,86,123716.59,2025-02-02T07:00:00Z
2025-02-28,L00357,103109.17,0.05472,300,87,123716.59,2025-03-02T07:00:00Z
2025-03-31,L00357,101056.69,0.05472,300,88,123716.59,2025-04-02T07:00:00Z
2025-04-30,L00357,100772.86,0.05472,300,89,123716.59,2025-05-02T07:00:00Z
2025-05-31,L00357,100487.73,0.05472,300,90,123716.59,2025-06-02T07:00:00Z
2025-06-30,L00357,100201.3,0.05472,300,91,123716.59,2025-07-02T07:00:00Z
2025-07-31,L00357,99913.56,0.05472,300,92,123716.59,2025-08-02T07:00:00Z
2025-08-31,L00357,99624.51,0.05472,300,93,123716.59,2025-09-02T07:00:00Z
2025-09-30,L00357,96112.87,0.05472,300,94,123716.59,2025-10-02T07:00:00Z
2024-01-31,L00358,500983.39,0.03168,180,38,606158.84,2024-02-02T07:00:00Z
2024-02-29,L00358,498070.81,0.03168,180,39,606158.84,2024-03-02T07:00:00Z
2024-03-31,L00358,495150.55,0.03168,180,40,606158.84,2024-04-02T07:00:00Z
2024-04-30,L00358,492222.57,0.03168,180,41,606158.84,2024-05-02T07:00:00Z
2024-05-31,L00358,489286.87,0.03168,180,42,606158.84,2024-06-02T07:00:00Z
2024-06-30,L00358,486343.41,0.03168,180,43,606158.84,2024-07-02T07:00:00Z
2024-07-31,L00358,483392.19,0.03168,180,44,606158.84,2024-08-02T07:00:00Z
2024-08-31,L00358,480433.17,0.03168,180,45,606158.84,2024-09-02T07:00:00Z
2024-09-30,L00358,477466.34,0.03168,180,46,606158.84,2024-10-02T07:00:00Z
2024-10-31,L00358,474491.68,0.03168,180,47,606158.84,2024-11-02T07:00:00Z
2024-11-30,L00358,471509.16,0.03168,180,48,606158.84,2024-12-02T07:00:00Z
2024-12-31,L00358,468518.78,0.03168,180,49,606158.84,2025-01-02T07:00:00Z
2025-01-31,L00358,465520.49,0.03168,180,50,606158.84,2025-02-02T07:00:00Z
2025-02-28,L00358,462514.29,0.03168,180,51,606158.84,2025-03-02T07:00:00Z
2025-03-31,L00358,459500.16,0.03168,180,52,606158.84,2025-04-02T07:00:00Z
2025-04-30,L00358,456478.07,0.03168,180,53,606158.84,2025-05-02T07:00:00Z
2025-05-31,L00358,453448.0,0.03168,180,54,606158.84,2025-06-02T07:00:00Z
2025-06-30,L00358,450409.93,0.03168,180,55,606158.84,2025-07-02T07:00:00Z
2025-07-31,L00358,447363.84,0.03168,180,56,606158.84,2025-08-02T07:00:00Z
2025-08-31,L00358,444309.7,0.03168,180,57,606158.84,2025-09-02T07:00:00Z
2025-09-30,L00358,441247.51,0.03168,180,58,606158.84,2025-10-02T07:00:00Z
2024-01-31,L00359,56233.75,0.04121,180,139,197478.53,2024-02-02T07:00:00Z
2024-02-29,L00359,54954.14,0.04121,180,140,197478.53,2024-03-02T07:00:00Z
2024-03-31,L00359,53670.14,0.04121,180,141,197478.53,2024-04-02T07:00:00Z
2024-04-30,L00359,52381.72,0.04121,180,142,197478.53,2024-05-02T07:00:00Z
2024-05-31,L00359,51088.88,0.04121,180,143,197478.53,2024-06-02T07:00:00Z
2024-06-30,L00359,49791.6,0.04121,180,144,197478.53,2024-07-02T07:00:00Z
2024-07-31,L00359,48489.86,0.04121,180,145,197478.53,2024-08-02T07:00:00Z
2024-08-31,L00359,47183.66,0.04121,180,146,197478.53,2024-09-02T07:00:00Z
2024-09-30,L00359,45872.97,0.04121,180,147,197478.53,2024-10-02T07:00:00Z
2024-10-31,L00359,44557.77,0.04121,180,148,197478.53,2024-11-02T07:00:00Z
2024-11-30,L00359,43238.06,0.04121,180,149,197478.53,2024-12-02T07:00:00Z
2024-12-31,L00359,41913.82,0.04121,180,150,197478.53,2025-01-02T07:00:00Z
2025-01-31,L00359,40585.03,0.04121,180,151,197478.53,2025-02-02T07:00:00Z
2025-02-28,L00359,39251.68,0.04121,180,152,197478.53,2025-03-02T07:00:00Z
2025-03-31,L00359,37913.75,0.04121,180,153,197478.53,2025-04-02T07:00:00Z
2025-04-30,L00359,36571.22,0.04121,180,154,197478.53,2025-05-02T07:00:00Z
2025-05-31,L00359,35224.09,0.04121,180,155,197478.53,2025-06-02T07:00:00Z
2025-06-30,L00359,33872.33,0.04121,180,156,197478.53,2025-07-02T07:00:00Z
2025-07-31,L00359,26742.77,0.04121,180,157,197478.53,2025-08-02T07:00:00Z
2025-08-31,L00359,25623.36,0.04121,180,158,197478.53,2025-09-02T07:00:00Z
2025-09-30,L00359,24500.1,0.04121,180,159,197478.53,2025-10-02T07:00:00Z
2024-01-31,L00360,360976.83,0.05254,300,128,499026.24,2024-02-02T07:00:00Z
2024-02-29,L00360,359565.73,0.05254,300,129,499026.24,2024-03-02T07:00:00Z
2024-03-31,L00360,358148.45,0.05254,300,130,499026.24,2024-04-02T07:00:00Z
2024-04-30,L00360,356724.96,0.05254,300,131,499026.24,2024-05-02T07:00:00Z
2024-05-31,L00360,355295.24,0.05254,300,132,499026.24,2024-06-02T07:00:00Z
2024-06-30,L00360,353859.26,0.05254,300,133,499026.24,2024-07-02T07:00:00Z
2024-07-31,L00360,352416.99,0.05254,300,134,499026.24,2024-08-02T07:00:00Z
2024-08-31,L00360,350968.41,0.05254,300,135,499026.24,2024-09-02T07:00:00Z
2024-09-30,L00360,349513.48,0.05254,300,136,499026.24,2024-10-02T07:00:00Z
2024-10-31,L00360,348052.19,0.05254,300,137,499026.24,2024-11-02T07:00:00Z
2024-11-30,L00360,346584.5,0.05254,300,138,499026.24,2024-12-02T07:00:00Z
2024-12-31,L00360,345110.38,0.05254,300,139,499026.24,2025-01-02T07:00:00Z
2025-01-31,L00360,343629.81,0.05254,300,140,499026.24,2025-02-02T07:00:00Z
2025-02-28,L00360,342142.75,0.05254,300,141,499026.24,2025-03-02T07:00:00Z
2025-03-31,L00360,340649.18,0.05254,300,142,499026.24,2025-04-02T07:00:00Z
2025-04-30,L00360,339149.08,0.05254,300,143,499026.24,2025-05-02T07:00:00Z
2025-05-31,L00360,337642.41,0.05254,300,144,499026.24,2025-06-02T07:00:00Z
2025-06-30,L00360,336129.14,0.05254,300,145,499026.24,2025-07-02T07:00:00Z
2025-07-31,L00360,334609.24,0.05254,300,146,499026.24,2025-08-02T07:00:00Z
2025-08-31,L00360,333082.69,0.05254,300,147,499026.24,2025-09-02T07:00:00Z
2025-09-30,L00360,331549.46,0.05254,300,148,499026.24,2025-10-02T07:00:00Z
2024-01-31,L00361,78481.41,0.05878,300,109,99485.95,2024-02-02T07:00:00Z
2024-02-29,L00361,76610.97,0.05878,300,110,99485.95,2024-03-02T07:00:00Z
2024-03-31,L00361,76365.78,0.05878,300,111,99485.95,2024-04-02T07:00:00Z
2024-04-30,L00361,76119.38,0.05878,300,112,99485.95,2024-05-02T07:00:00Z
2024-05-31,L00361,75871.78,0.05878,300,113,99485.95,2024-06-02T07:00:00Z
2024-06-30,L00361,75622.96,0.05878,300,114,99485.95,2024-07-02T07:00:00Z
2024-07-31,L00361,75372.93,0.05878,300,115,99485.95,2024-08-02T07:00:00Z
2024-08-31,L00361,75121.67,0.05878,300,116,99485.95,2024-09-02T07:00:00Z
2024-09-30,L00361,74869.18,0.05878,300,117,99485.95,2024-10-02T07:00:00Z
2024-10-31,L00361,74615.46,0.05878,300,118,99485.95,2024-11-02T07:00:00Z
2024-11-30,L00361,74360.49,0.05878,300,119,99485.95,2024-12-02T07:00:00Z
2024-12-31,L00361,74104.27,0.05878,300,120,99485.95,2025-01-02T07:00:00Z
2025-01-31,L00361,73846.8,0.05878,300,121,99485.95,2025-02-02T07:00:00Z
2025-02-28,L00361,73588.06,0.05878,300,122,99485.95,2025-03-02T07:00:00Z
2025-03-31,L00361,73328.06,0.05878,300,123,99485.95,2025-04-02T07:00:00Z
2025-04-30,L00361,73066.79,0.05878,300,124,99485.95,2025-05-02T07:00:00Z
2025-05-31,L00361,72804.23,0.05878,300,125,99485.95,2025-06-02T07:00:00Z
2025-06-30,L00361,72540.39,0.05878,300,126,99485.95,2025-07-02T07:00:00Z
2025-07-31,L00361,72275.26,0.05878,300,127,99485.95,2025-08-02T07:00:00Z
2025-08-31,L00361,72008.83,0.05878,300,128,99485.95,2025-09-02T07:00:00Z
2025-09-30,L00361,71741.09,0.05878,300,129,99485.95,2025-10-02T07:00:00Z
2024-01-31,L00362,207225.16,0.04905,360,191,320223.42,2024-02-02T07:00:00Z
2024-02-29,L00362,206371.71,0.04905,360,192,320223.42,2024-03-02T07:00:00Z
2024-03-31,L00362,205514.77,0.04905,360,193,320223.42,2024-04-02T07:00:00Z
2024-04-30,L00362,204654.32,0.04905,360,194,320223.42,2024-05-02T07:00:00Z
2024-05-31,L00362,203790.36,0.04905,360,195,320223.42,2024-06-02T07:00:00Z
2024-06-30,L00362,202922.87,0.04905,360,196,320223.42,2024-07-02T07:00:00Z
2024-07-31,L00362,202051.84,0.04905,360,197,320223.42,2024-08-02T07:00:00Z
2024-08-31,L00362,201177.24,0.04905,360,198,320223.42,2024-09-02T07:00:00Z
2024-09-30,L00362,200299.07,0.04905,360,199,320223.42,2024-10-02T07:00:00Z
2024-10-31,L00362,199417.3,0.04905,360,200,320223.42,2024-11-02T07:00:00Z
2024-11-30,L00362,198531.94,0.04905,360,201,320223.42,2024-12-02T07:00:00Z
2024-12-31,L00362,197642.95,0.04905,360,202,320223.42,2025-01-02T07:00:00Z
2025-01-31,L00362,196750.33,0.04905,360,203,320223.42,2025-02-02T07:00:00Z
2025-02-28,L00362,195854.06,0.04905,360,204,320223.42,2025-03-02T07:00:00Z
2025-03-31,L00362,194954.13,0.04905,360,205,320223.42,2025-04-02T07:00:00Z
2025-04-30,L00362,194050.52,0.04905,360,206,320223.42,2025-05-02T07:00:00Z
2025-05-31,L00362,193143.22,0.04905,360,207,320223.42,2025-06-02T07:00:00Z
2025-06-30,L00362,192232.21,0.04905,360,208,320223.42,2025-07-02T07:00:00Z
2025-07-31,L00362,191317.47,0.04905,360,209,320223.42,2025-08-02T07:00:00Z
2025-08-31,L00362,190399.0,0.04905,360,210,320223.42,2025-09-02T07:00:00Z
2025-09-30,L00362,189476.77,0.04905,360,211,320223.42,2025-10-02T07:00:00Z
2024-01-31,L00363,261546.45,0.04885,360,22,269132.52,2024-02-02T07:00:00Z
2024-02-29,L00363,261185.26,0.04885,360,23,269132.52,2024-03-02T07:00:00Z
2024-03-31,L00363,260822.59,0.04885,360,24,269132.52,2024-04-02T07:00:00Z
2024-04-30,L00363,260458.45,0.04885,360,25,269132.52,2024-05-02T07:00:00Z
2024-05-31,L00363,260092.83,0.04885,360,26,269132.52,2024-06-02T07:00:00Z
2024-06-30,L00363,259725.72,0.04885,360,27,269132.52,2024-07-02T07:00:00Z
2024-07-31,L00363,259357.12,0.04885,360,28,269132.52,2024-08-02T07:00:00Z
2024-08-31,L00363,258987.01,0.04885,360,29,269132.52,2024-09-02T07:00:00Z
2024-09-30,L00363,258615.4,0.04885,360,30,269132.52,2024-10-02T07:00:00Z
2024-10-31,L00363,258242.27,0.04885,360,31,269132.52,2024-11-02T07:00:00Z
2024-11-30,L00363,257867.63,0.04885,360,32,269132.52,2024-12-02T07:00:00Z
2024-12-31,L00363,257491.46,0.04885,360,33,269132.52,2025-01-02T07:00:00Z
2025-01-31,L00363,257113.76,0.04885,360,34,269132.52,2025-02-02T07:00:00Z
2025-02-28,L00363,256734.52,0.04885,360,35,269132.52,2025-03-02T07:00:00Z
2025-03-31,L00363,256353.74,0.04885,360,36,269132.52,2025-04-02T07:00:00Z
2025-04-30,L00363,255971.41,0.04885,360,37,269132.52,2025-05-02T07:00:00Z
2025-05-31,L00363,255587.52,0.04885,360,38,269132.52,2025-06-02T07:00:00Z
2025-06-30,L00363,255202.07,0.04885,360,39,269132.52,2025-07-02T07:00:00Z
2025-07-31,L00363,254815.05,0.04885,360,40,269132.52,2025-08-02T07:00:00Z
2025-08-31,L00363,254426.45,0.04885,360,41,269132.52,2025-09-02T07:00:00Z
2025-09-30,L00363,254036.27,0.04885,360,42,269132.52,2025-10-02T07:00:00Z
2024-01-31,L00364,319434.09,0.03843,300,79,388853.52,2024-02-02T07:00:00Z
2024-02-29,L00364,318438.12,0.03843,300,80,388853.52,2024-03-02T07:00:00Z
2024-03-31,L00364,317438.96,0.03843,300,81,388853.52,2024-04-02T07:00:00Z
2024-04-30,L00364,316436.61,0.03843,300,82,388853.52,2024-05-02T07:00:00Z
2024-05-31,L00364,315431.04,0.03843,300,83,388853.52,2024-06-02T07:00:00Z
2024-06-30,L00364,314422.26,0.03843,300,84,388853.52,2024-07-02T07:00:00Z
2024-07-31,L00364,313410.24,0.03843,300,85,388853.52,2024-08-02T07:00:00Z
2024-08-31,L00364,312394.99,0.03843,300,86,388853.52,2024-09-02T07:00:00Z
2024-09-30,L00364,311376.48,0.03843,300,87,388853.52,2024-10-02T07:00:00Z
2024-10-31,L00364,310354.71,0.03843,300,88,388853.52,2024-11-02T07:00:00Z
2024-11-30,L00364,309329.66,0.03843,300,89,388853.52,2024-12-02T07:00:00Z
2024-12-31,L00364,308301.34,0.03843,300,90,388853.52,2025-01-02T07:00:00Z
2025-01-31,L00364,307269.72,0.03843,300,91,388853.52,2025-02-02T07:00:00Z
2025-02-28,L00364,306234.8,0.03843,300,92,388853.52,2025-03-02T07:00:00Z
2025-03-31,L00364,305196.56,0.03843,300,93,388853.52,2025-04-02T07:00:00Z
2025-04-30,L00364,298448.73,0.03843,300,94,388853.52,2025-05-02T07:00:00Z
2025-05-31,L00364,297423.43,0.03843,300,95,388853.52,2025-06-02T07:00:00Z
2025-06-30,L00364,296394.86,0.03843,300,96,388853.52,2025-07-02T07:00:00Z
2025-07-31,L00364,295362.99,0.03843,300,97,388853.52,2025-08-02T07:00:00Z
2025-08-31,L00364,294327.81,0.03843,300,98,388853.52,2025-09-02T07:00:00Z
2025-09-30,L00364,293289.32,0.03843,300,99,388853.52,2025-10-02T07:00:00Z
2024-01-31,L00365,415590.45,0.05294,360,41,437927.2,2024-02-02T07:00:00Z
2024-02-29,L00365,414993.7,0.05294,360,42,437927.2,2024-03-02T07:00:00Z
2024-03-31,L00365,414394.31,0.05294,360,43,437927.2,2024-04-02T07:00:00Z
2024-04-30,L00365,413792.28,0.05294,360,44,437927.2,2024-05-02T07:00:00Z
2024-05-31,L00365,413187.6,0.05294,360,45,437927.2,2024-06-02T07:00:00Z
2024-06-30,L00365,412580.24,0.05294,360,46,437927.2,2024-07-02T07:00:00Z
2024-07-31,L00365,411970.21,0.05294,360,47,437927.2,2024-08-02T07:00:00Z
2024-08-31,L00365,411357.49,0.05294,360,48,437927.2,2024-09-02T07:00:00Z
2024-09-30,L00365,410742.06,0.05294,360,49,437927.2,2024-10-02T07:00:00Z
2024-10-31,L00365,410123.92,0.05294,360,50,437927.2,2024-11-02T07:00:00Z
2024-11-30,L00365,409503.05,0.05294,360,51,437927.2,2024-12-02T07:00:00Z
2024-12-31,L00365,408879.44,0.05294,360,52,437927.2,2025-01-02T07:00:00Z
2025-01-31,L00365,408253.08,0.05294,360,53,437927.2,2025-02-02T07:00:00Z
2025-02-28,L00365,407623.96,0.05294,360,54,437927.2,2025-03-02T07:00:00Z
2025-03-31,L00365,406992.07,0.05294,360,55,437927.2,2025-04-02T07:00:00Z
2025-04-30,L00365,406357.38,0.05294,360,56,437927.2,2025-05-02T07:00:00Z
2025-05-31,L00365,405719.89,0.05294,360,57,437927.2,2025-06-02T07:00:00Z
2025-06-30,L00365,405079.6,0.05294,360,58,437927.2,2025-07-02T07:00:00Z
2025-07-31,L00365,404436.47,0.05294,360,59,437927.2,2025-08-02T07:00:00Z
2025-08-31,L00365,403790.51,0.05294,360,60,437927.2,2025-09-02T07:00:00Z
2025-09-30,L00365,403141.7,0.05294,360,61,437927.2,2025-10-02T07:00:00Z
2024-01-31,L00366,158535.78,0.04853,300,131,225101.34,2024-02-02T07:00:00Z
2024-02-29,L00366,157880.21,0.04853,300,132,225101.34,2024-03-02T07:00:00Z
2024-03-31,L00366,157221.99,0.04853,300,133,225101.34,2024-04-02T07:00:00Z
2024-04-30,L00366,156561.11,0.04853,300,134,225101.34,2024-05-02T07:00:00Z
2024-05-31,L00366,155897.55,0.04853,300,135,225101.34,2024-06-02T07:00:00Z
2024-06-30,L00366,155231.32,0.04853,300,136,225101.34,2024-07-02T07:00:00Z
2024-07-31,L00366,154562.38,0.04853,300,137,225101.34,2024-08-02T07:00:00Z
2024-08-31,L00366,153890.75,0.04853,300,138,225101.34,2024-09-02T07:00:00Z
2024-09-30,L00366,153216.39,0.04853,300,139,225101.34,2024-10-02T07:00:00Z
2024-10-31,L00366,152539.31,0.04853,300,140,225101.34,2024-11-02T07:00:00Z
2024-11-30,L00366,151859.49,0.04853,300,141,225101.34,2024-12-02T07:00:00Z
2024-12-31,L00366,151176.93,0.04853,300,142,225101.34,2025-01-02T07:00:00Z
2025-01-31,L00366,150491.6,0.04853,300,143,225101.34,2025-02-02T07:00:00Z
2025-02-28,L00366,144311.3,0.04853,300,144,225101.34,2025-03-02T07:00:00Z
2025-03-31,L00366,143645.75,0.04853,300,145,225101.34,2025-04-02T07:00:00Z
2025-04-30,L00366,142977.51,0.04853,300,146,225101.34,2025-05-02T07:00:00Z
2025-05-31,L00366,142306.56,0.04853,300,147,225101.34,2025-06-02T07:00:00Z
2025-06-30,L00366,141632.9,0.04853,300,148,225101.34,2025-07-02T07:00:00Z
2025-07-31,L00366,140956.51,0.04853,300,149,225101.34,2025-08-02T07:00:00Z
2025-08-31,L00366,140277.39,0.04853,300,150,225101.34,2025-09-02T07:00:00Z
2025-09-30,L00366,139595.52,0.04853,300,151,225101.34,2025-10-02T07:00:00Z
2024-01-31,L00367,479998.64,0.05054,300,80,570114.25,2024-02-02T07:00:00Z
2024-02-29,L00367,478669.44,0.05054,300,81,570114.25,2024-03-02T07:00:00Z
2024-03-31,L00367,477334.64,0.05054,300,82,570114.25,2024-04-02T07:00:00Z
2024-04-30,L00367,473666.68,0.05054,300,83,570114.25,2024-05-02T07:00:00Z
2024-05-31,L00367,472327.2,0.05054,300,84,570114.25,2024-06-02T07:00:00Z
2024-06-30,L00367,470982.08,0.05054,300,85,570114.25,2024-07-02T07:00:00Z
2024-07-31,L00367,469631.29,0.05054,300,86,570114.25,2024-08-02T07:00:00Z
2024-08-31,L00367,468274.81,0.05054,300,87,570114.25,2024-09-02T07:00:00Z
2024-09-30,L00367,466912.62,0.05054,300,88,570114.25,2024-10-02T07:00:00Z
2024-10-31,L00367,465544.69,0.05054,300,89,570114.25,2024-11-02T07:00:00Z
2024-11-30,L00367,464171.0,0.05054,300,90,570114.25,2024-12-02T07:00:00Z
2024-12-31,L00367,462791.53,0.05054,300,91,570114.25,2025-01-02T07:00:00Z
2025-01-31,L00367,461406.25,0.05054,300,92,570114.25,2025-02-02T07:00:00Z
2025-02-28,L00367,460015.13,0.05054,300,93,570114.25,2025-03-02T07:00:00Z
2025-03-31,L00367,458618.15,0.05054,300,94,570114.25,2025-04-02T07:00:00Z
2025-04-30,L00367,457215.29,0.05054,300,95,570114.25,2025-05-02T07:00:00Z
2025-05-31,L00367,455806.52,0.05054,300,96,570114.25,2025-06-02T07:00:00Z
2025-06-30,L00367,454391.82,0.05054,300,97,570114.25,2025-07-02T07:00:00Z
2025-07-31,L00367,452971.16,0.05054,300,98,570114.25,2025-08-02T07:00:00Z
2025-08-31,L00367,451544.51,0.05054,300,99,570114.25,2025-09-02T07:00:00Z
2025-09-30,L00367,450111.86,0.05054,300,100,570114.25,2025-10-02T07:00:00Z
2024-01-31,L00368,331955.6,0.0518,360,185,494020.82,2024-02-02T07:00:00Z
2024-02-29,L00368,330681.92,0.0518,360,186,494020.82,2024-03-02T07:00:00Z
2024-03-31,L00368,329402.75,0.0518,360,187,494020.82,2024-04-02T07:00:00Z
2024-04-30,L00368,328118.05,0.0518,360,188,494020.82,2024-05-02T07:00:00Z
2024-05-31,L00368,326827.8,0.0518,360,189,494020.82,2024-06-02T07:00:00Z
2024-06-30,L00368,325531.99,0.0518,360,190,494020.82,2024-07-02T07:00:00Z
2024-07-31,L00368,324230.58,0.0518,360,191,494020.82,2024-08-02T07:00:00Z
2024-08-31,L00368,322923.55,0.0518,360,192,494020.82,2024-09-02T07:00:00Z
2024-09-30,L00368,321610.88,0.0518,360,193,494020.82,2024-10-02T07:00:00Z
2024-10-31,L00368,320292.55,0.0518,360,194,494020.82,2024-11-02T07:00:00Z
2024-11-30,L00368,318968.52,0.0518,360,195,494020.82,2024-12-02T07:00:00Z
2024-12-31,L00368,317638.78,0.0518,360,196,494020.82,2025-01-02T07:00:00Z
2025-01-31,L00368,316303.3,0.0518,360,197,494020.82,2025-02-02T07:00:00Z
2025-02-28,L00368,314962.06,0.0518,360,198,494020.82,2025-03-02T07:00:00Z
2025-03-31,L00368,313615.02,0.0518,360,199,494020.82,2025-04-02T07:00:00Z
2025-04-30,L00368,312262.17,0.0518,360,200,494020.82,2025-05-02T07:00:00Z
2025-05-31,L00368,310903.48,0.0518,360,201,494020.82,2025-06-02T07:00:00Z
2025-06-30,L00368,309538.92,0.0518,360,202,494020.82,2025-07-02T07:00:00Z
2025-07-31,L00368,308168.48,0.0518,360,203,494020.82,2025-08-02T07:00:00Z
2025-08-31,L00368,306792.12,0.0518,360,204,494020.82,2025-09-02T07:00:00Z
2025-09-30,L00368,305409.82,0.0518,360,205,494020.82,2025-10-02T07:00:00Z
2024-01-31,L00369,533384.05,0.06896,360,115,617205.63,2024-02-02T07:00:00Z
2024-02-29,L00369,532385.96,0.06896,360,116,617205.63,2024-03-02T07:00:00Z
2024-03-31,L00369,531382.14,0.06896,360,117,617205.63,2024-04-02T07:00:00Z
2024-04-30,L00369,530372.55,0.06896,360,118,617205.63,2024-05-02T07:00:00Z
2024-05-31,L00369,529357.16,0.06896,360,119,617205.63,2024-06-02T07:00:00Z
2024-06-30,L00369,528335.93,0.06896,360,120,617205.63,2024-07-02T07:00:00Z
2024-07-31,L00369,527308.84,0.06896,360,121,617205.63,2024-08-02T07:00:00Z
2024-08-31,L00369,526275.84,0.06896,360,122,617205.63,2024-09-02T07:00:00Z
2024-09-30,L00369,525236.9,0.06896,360,123,617205.63,2024-10-02T07:00:00Z
2024-10-31,L00369,524192.0,0.06896,360,124,617205.63,2024-11-02T07:00:00Z
2024-11-30,L00369,523141.09,0.06896,360,125,617205.63,2024-12-02T07:00:00Z
2024-12-31,L00369,522084.14,0.06896,360,126,617205.63,2025-01-02T07:00:00Z
2025-01-31,L00369,521021.12,0.06896,360,127,617205.63,2025-02-02T07:00:00Z
2025-02-28,L00369,519951.99,0.06896,360,128,617205.63,2025-03-02T07:00:00Z
2025-03-31,L00369,518876.71,0.06896,360,129,617205.63,2025-04-02T07:00:00Z
2025-04-30,L00369,517795.26,0.06896,360,130,617205.63,2025-05-02T07:00:00Z
2025-05-31,L00369,516707.59,0.06896,360,131,617205.63,2025-06-02T07:00:00Z
2025-06-30,L00369,515613.67,0.06896,360,132,617205.63,2025-07-02T07:00:00Z
2025-07-31,L00369,514513.46,0.06896,360,133,617205.63,2025-08-02T07:00:00Z
2025-08-31,L00369,513406.93,0.06896,360,134,617205.63,2025-09-02T07:00:00Z
2025-09-30,L00369,512294.05,0.06896,360,135,617205.63,2025-10-02T07:00:00Z
2024-01-31,L00370,319903.1,0.06315,360,6,321735.88,2024-02-02T07:00:00Z
2024-02-29,L00370,319591.98,0.06315,360,7,321735.88,2024-03-02T07:00:00Z
2024-03-31,L00370,319279.23,0.06315,360,8,321735.88,2024-04-02T07:00:00Z
2024-04-30,L00370,318964.84,0.06315,360,9,321735.88,2024-05-02T07:00:00Z
2024-05-31,L00370,318648.78,0.06315,360,10,321735.88,2024-06-02T07:00:00Z
2024-06-30,L00370,318331.07,0.06315,360,11,321735.88,2024-07-02T07:00:00Z
2024-07-31,L00370,318011.68,0.06315,360,12,321735.88,2024-08-02T07:00:00Z
2024-08-31,L00370,317690.61,0.06315,360,13,321735.88,2024-09-02T07:00:00Z
2024-09-30,L00370,317367.85,0.06315,360,14,321735.88,2024-10-02T07:00:00Z
2024-10-31,L00370,317043.4,0.06315,360,15,321735.88,2024-11-02T07:00:00Z
2024-11-30,L00370,316717.24,0.06315,360,16,321735.88,2024-12-02T07:00:00Z
2024-12-31,L00370,316389.36,0.06315,360,17,321735.88,2025-01-02T07:00:00Z
2025-01-31,L00370,316059.75,0.06315,360,18,321735.88,2025-02-02T07:00:00Z
2025-02-28,L00370,315728.41,0.06315,360,19,321735.88,2025-03-02T07:00:00Z
2025-03-31,L00370,315395.33,0.06315,360,20,321735.88,2025-04-02T07:00:00Z
2025-04-30,L00370,315060.49,0.06315,360,21,321735.88,2025-05-02T07:00:00Z
2025-05-31,L00370,314723.89,0.06315,360,22,321735.88,2025-06-02T07:00:00Z
2025-06-30,L00370,314385.52,0.06315,360,23,321735.88,2025-07-02T07:00:00Z
2025-07-31,L00370,314045.37,0.06315,360,24,321735.88,2025-08-02T07:00:00Z
2025-08-31,L00370,313703.43,0.06315,360,25,321735.88,2025-09-02T07:00:00Z
2025-09-30,L00370,313359.69,0.06315,360,26,321735.88,2025-10-02T07:00:00Z
2024-01-31,L00371,153356.76,0.04912,360,75,171723.24,2024-02-02T07:00:00Z
2024-02-29,L00371,153071.87,0.04912,360,76,171723.24,2024-03-02T07:00:00Z
2024-03-31,L00371,152785.81,0.04912,360,77,171723.24,2024-04-02T07:00:00Z
2024-04-30,L00371,152498.58,0.04912,360,78,171723.24,2024-05-02T07:00:00Z
2024-05-31,L00371,152210.17,0.04912,360,79,171723.24,2024-06-02T07:00:00Z
2024-06-30,L00371,151920.59,0.04912,360,80,171723.24,2024-07-02T07:00:00Z
2024-07-31,L00371,151629.81,0.04912,360,81,171723.24,2024-08-02T07:00:00Z
2024-08-31,L00371,151337.85,0.04912,360,82,171723.24,2024-09-02T07:00:00Z
2024-09-30,L00371,151044.69,0.04912,360,83,171723.24,2024-10-02T07:00:00Z
2024-10-31,L00371,150750.34,0.04912,360,84,171723.24,2024-11-02T07:00:00Z
2024-11-30,L00371,150454.77,0.04912,360,85,171723.24,2024-12-02T07:00:00Z
2024-12-31,L00371,150158.0,0.04912,360,86,171723.24,2025-01-02T07:00:00Z
2025-01-31,L00371,149860.01,0.04912,360,87,171723.24,2025-02-02T07:00:00Z
2025-02-28,L00371,149560.81,0.04912,360,88,171723.24,2025-03-02T07:00:00Z
2025-03-31,L00371,149260.37,0.04912,360,89,171723.24,2025-04-02T07:00:00Z
2025-04-30,L00371,148958.71,0.04912,360,90,171723.24,2025-05-02T07:00:00Z
2025-05-31,L00371,148655.82,0.04912,360,91,171723.24,2025-06-02T07:00:00Z
2025-06-30,L00371,148351.68,0.04912,360,92,171723.24,2025-07-02T07:00:00Z
2025-07-31,L00371,148046.3,0.04912,360,93,171723.24,2025-08-02T07:00:00Z
2025-08-31,L00371,147739.67,0.04912,360,94,171723.24,2025-09-02T07:00:00Z
2025-09-30,L00371,147431.78,0.04912,360,95,171723.24,2025-10-02T07:00:00Z
2024-01-31,L00372,190251.59,0.05152,240,187,601632.84,2024-02-02T07:00:00Z
2024-02-29,L00372,187047.2,0.05152,240,188,601632.84,2024-03-02T07:00:00Z
2024-03-31,L00372,183829.06,0.05152,240,189,601632.84,2024-04-02T07:00:00Z
2024-04-30,L00372,180597.09,0.05152,240,190,601632.84,2024-05-02T07:00:00Z
2024-05-31,L00372,177351.26,0.05152,240,191,601632.84,2024-06-02T07:00:00Z
2024-06-30,L00372,174091.48,0.05152,240,192,601632.84,2024-07-02T07:00:00Z
2024-07-31,L00372,170817.71,0.05152,240,193,601632.84,2024-08-02T07:00:00Z
2024-08-31,L00372,167529.89,0.05152,240,194,601632.84,2024-09-02T07:00:00Z
2024-09-30,L00372,164227.95,0.05152,240,195,601632.84,2024-10-02T07:00:00Z
2024-10-31,L00372,160911.83,0.05152,240,196,601632.84,2024-11-02T07:00:00Z
2024-11-30,L00372,157581.48,0.05152,240,197,601632.84,2024-12-02T07:00:00Z
2024-12-31,L00372,154236.83,0.05152,240,198,601632.84,2025-01-02T07:00:00Z
2025-01-31,L00372,150877.81,0.05152,240,199,601632.84,2025-02-02T07:00:00Z
2025-02-28,L00372,147504.38,0.05152,240,200,601632.84,2025-03-02T07:00:00Z
2025-03-31,L00372,144116.46,0.05152,240,201,601632.84,2025-04-02T07:00:00Z
2025-04-30,L00372,140714.0,0.05152,240,202,601632.84,2025-05-02T07:00:00Z
2025-05-31,L00372,137296.93,0.05152,240,203,601632.84,2025-06-02T07:00:00Z
2025-06-30,L00372,133865.19,0.05152,240,204,601632.84,2025-07-02T07:00:00Z
2025-07-31,L00372,130418.72,0.05152,240,205,601632.84,2025-08-02T07:00:00Z
2025-08-31,L00372,126957.45,0.05152,240,206,601632.84,2025-09-02T07:00:00Z
2025-09-30,L00372,123481.32,0.05152,240,207,601632.84,2025-10-02T07:00:00Z
2024-01-31,L00373,302826.28,0.07308,180,97,508531.32,2024-02-02T07:00:00Z
2024-02-29,L00373,300011.65,0.07308,180,98,508531.32,2024-03-02T07:00:00Z
2024-03-31,L00373,297179.89,0.07308,180,99,508531.32,2024-04-02T07:00:00Z
2024-04-30,L00373,294330.88,0.07308,180,100,508531.32,2024-05-02T07:00:00Z
2024-05-31,L00373,291464.52,0.07308,180,101,508531.32,2024-06-02T07:00:00Z
2024-06-30,L00373,288580.7,0.07308,180,102,508531.32,2024-07-02T07:00:00Z
2024-07-31,L00373,285679.32,0.07308,180,103,508531.32,2024-08-02T07:00:00Z
2024-08-31,L00373,282760.28,0.07308,180,104,508531.32,2024-09-02T07:00:00Z
2024-09-30,L00373,279823.45,0.07308,180,105,508531.32,2024-10-02T07:00:00Z
2024-10-31,L00373,276868.74,0.07308,180,106,508531.32,2024-11-02T07:00:00Z
2024-11-30,L00373,273896.04,0.07308,180,107,508531.32,2024-12-02T07:00:00Z
2024-12-31,L00373,268521.03,0.07308,180,108,508531.32,2025-01-02T07:00:00Z
2025-01-31,L00373,265538.49,0.07308,180,109,508531.32,2025-02-02T07:00:00Z
2025-02-28,L00373,262537.78,0.07308,180,110,508531.32,2025-03-02T07:00:00Z
2025-03-31,L00373,259518.81,0.07308,180,111,508531.32,2025-04-02T07:00:00Z
2025-04-30,L00373,256481.44,0.07308,180,112,508531.32,2025-05-02T07:00:00Z
2025-05-31,L00373,253425.58,0.07308,180,113,508531.32,2025-06-02T07:00:00Z
2025-06-30,L00373,250351.11,0.07308,180,114,508531.32,2025-07-02T07:00:00Z
2025-07-31,L00373,247257.91,0.07308,180,115,508531.32,2025-08-02T07:00:00Z
2025-08-31,L00373,244145.88,0.07308,180,116,508531.32,2025-09-02T07:00:00Z
2025-09-30,L00373,241014.9,0.07308,180,117,508531.32,2025-10-02T07:00:00Z
2024-01-31,L00374,66062.51,0.04891,360,162,91824.93,2024-02-02T07:00:00Z
2024-02-29,L00374,65844.93,0.04891,360,163,91824.93,2024-03-02T07:00:00Z
2024-03-31,L00374,65626.46,0.04891,360,164,91824.93,2024-04-02T07:00:00Z
2024-04-30,L00374,65407.11,0.04891,360,165,91824.93,2024-05-02T07:00:00Z
2024-05-31,L00374,65186.86,0.04891,360,166,91824.93,2024-06-02T07:00:00Z
2024-06-30,L00374,64965.71,0.04891,360,167,91824.93,2024-07-02T07:00:00Z
2024-07-31,L00374,64743.67,0.04891,360,168,91824.93,2024-08-02T07:00:00Z
2024-08-31,L00374,64520.71,0.04891,360,169,91824.93,2024-09-02T07:00:00Z
2024-09-30,L00374,64296.85,0.04891,360,170,91824.93,2024-10-02T07:00:00Z
2024-10-31,L00374,64072.08,0.04891,360,171,91824.93,2024-11-02T07:00:00Z
2024-11-30,L00374,63846.39,0.04891,360,172,91824.93,2024-12-02T07:00:00Z
2024-12-31,L00374,63619.78,0.04891,360,173,91824.93,2025-01-02T07:00:00Z
2025-01-31,L00374,63392.24,0.04891,360,174,91824.93,2025-02-02T07:00:00Z
2025-02-28,L00374,63163.78,0.04891,360,175,91824.93,2025-03-02T07:00:00Z
2025-03-31,L00374,62934.39,0.04891,360,176,91824.93,2025-04-02T07:00:00Z
2025-04-30,L00374,62704.06,0.04891,360,177,91824.93,2025-05-02T07:00:00Z
2025-05-31,L00374,62472.8,0.04891,360,178,91824.93,2025-06-02T07:00:00Z
2025-06-30,L00374,62240.59,0.04891,360,179,91824.93,2025-07-02T07:00:00Z
2025-07-31,L00374,62007.43,0.04891,360,180,91824.93,2025-08-02T07:00:00Z
2025-08-31,L00374,61773.33,0.04891,360,181,91824.93,2025-09-02T07:00:00Z
2025-09-30,L00374,61538.27,0.04891,360,182,91824.93,2025-10-02T07:00:00Z
2024-01-31,L00375,152388.22,0.06091,360,199,229203.5,2024-02-02T07:00:00Z
2024-02-29,L00375,151774.09,0.06091,360,200,229203.5,2024-03-02T07:00:00Z
2024-03-31,L00375,151156.84,0.06091,360,201,229203.5,2024-04-02T07:00:00Z
2024-04-30,L00375,150536.45,0.06091,360,202,229203.5,2024-05-02T07:00:00Z
2024-05-31,L00375,149912.92,0.06091,360,203,229203.5,2024-06-02T07:00:00Z
2024-06-30,L00375,149286.23,0.06091,360,204,229203.5,2024-07-02T07:00:00Z
2024-07-31,L00375,148656.35,0.06091,360,205,229203.5,2024-08-02T07:00:00Z
2024-08-31,L00375,148023.28,0.06091,360,206,229203.5,2024-09-02T07:00:00Z
2024-09-30,L00375,147386.99,0.06091,360,207,229203.5,2024-10-02T07:00:00Z
2024-10-31,L00375,146747.47,0.06091,360,208,229203.5,2024-11-02T07:00:00Z
2024-11-30,L00375,146104.71,0.06091,360,209,229203.5,2024-12-02T07:00:00Z
2024-12-31,L00375,145458.68,0.06091,360,210,229203.5,2025-01-02T07:00:00Z
2025-01-31,L00375,144809.38,0.06091,360,211,229203.5,2025-02-02T07:00:00Z
2025-02-28,L00375,144156.77,0.06091,360,212,229203.5,2025-03-02T07:00:00Z
2025-03-31,L00375,143500.86,0.06091,360,213,229203.5,2025-04-02T07:00:00Z
2025-04-30,L00375,142841.62,0.06091,360,214,229203.5,2025-05-02T07:00:00Z
2025-05-31,L00375,142179.03,0.06091,360,215,229203.5,2025-06-02T07:00:00Z
2025-06-30,L00375,141513.08,0.06091,360,216,229203.5,2025-07-02T07:00:00Z
2025-07-31,L00375,140843.75,0.06091,360,217,229203.5,2025-08-02T07:00:00Z
2025-08-31,L00375,140171.02,0.06091,360,218,229203.5,2025-09-02T07:00:00Z
2025-09-30,L00375,139494.87,0.06091,360,219,229203.5,2025-10-02T07:00:00Z
2024-01-31,L00376,120933.64,0.04412,360,66,134331.97,2024-02-02T07:00:00Z
2024-02-29,L00376,120704.64,0.04412,360,67,134331.97,2024-03-02T07:00:00Z
2024-03-31,L00376,120474.8,0.04412,360,68,134331.97,2024-04-02T07:00:00Z
2024-04-30,L00376,120244.11,0.04412,360,69,134331.97,2024-05-02T07:00:00Z
2024-05-31,L00376,120012.57,0.04412,360,70,134331.97,2024-06-02T07:00:00Z
2024-06-30,L00376,119780.18,0.04412,360,71,134331.97,2024-07-02T07:00:00Z
2024-07-31,L00376,119546.94,0.04412,360,72,134331.97,2024-08-02T07:00:00Z
2024-08-31,L00376,119312.84,0.04412,360,73,134331.97,2024-09-02T07:00:00Z
2024-09-30,L00376,119077.88,0.04412,360,74,134331.97,2024-10-02T07:00:00Z
2024-10-31,L00376,118842.06,0.04412,360,75,134331.97,2024-11-02T07:00:00Z
2024-11-30,L00376,118605.36,0.04412,360,76,134331.97,2024-12-02T07:00:00Z
2024-12-31,L00376,118367.8,0.04412,360,77,134331.97,2025-01-02T07:00:00Z
2025-01-31,L00376,118129.37,0.04412,360,78,134331.97,2025-02-02T07:00:00Z
2025-02-28,L00376,117890.05,0.04412,360,79,134331.97,2025-03-02T07:00:00Z
2025-03-31,L00376,117649.86,0.04412,360,80,134331.97,2025-04-02T07:00:00Z
2025-04-30,L00376,117408.79,0.04412,360,81,134331.97,2025-05-02T07:00:00Z
2025-05-31,L00376,117166.83,0.04412,360,82,134331.97,2025-06-02T07:00:00Z
2025-06-30,L00376,116923.97,0.04412,360,83,134331.97,2025-07-02T07:00:00Z
2025-07-31,L00376,116680.23,0.04412,360,84,134331.97,2025-08-02T07:00:00Z
2025-08-31,L00376,116435.59,0.04412,360,85,134331.97,2025-09-02T07:00:00Z
2025-09-30,L00376,116190.05,0.04412,360,86,134331.97,2025-10-02T07:00:00Z
2024-01-31,L00377,149401.93,0.0563,360,70,163864.61,2024-02-02T07:00:00Z
2024-02-29,L00377,149159.06,0.0563,360,71,163864.61,2024-03-02T07:00:00Z
2024-03-31,L00377,148915.05,0.0563,360,72,163864.61,2024-04-02T07:00:00Z
2024-04-30,L00377,148669.9,0.0563,360,73,163864.61,2024-05-02T07:00:00Z
2024-05-31,L00377,148423.59,0.0563,360,74,163864.61,2024-06-02T07:00:00Z
2024-06-30,L00377,148176.13,0.0563,360,75,163864.61,2024-07-02T07:00:00Z
2024-07-31,L00377,147927.51,0.0563,360,76,163864.61,2024-08-02T07:00:00Z
2024-08-31,L00377,147677.72,0.0563,360,77,163864.61,2024-09-02T07:00:00Z
2024-09-30,L00377,147426.76,0.0563,360,78,163864.61,2024-10-02T07:00:00Z
2024-10-31,L00377,147174.62,0.0563,360,79,163864.61,2024-11-02T07:00:00Z
2024-11-30,L00377,146921.3,0.0563,360,80,163864.61,2024-12-02T07:00:00Z
2024-12-31,L00377,146666.8,0.0563,360,81,163864.61,2025-01-02T07:00:00Z
2025-01-31,L00377,146411.09,0.0563,360,82,163864.61,2025-02-02T07:00:00Z
2025-02-28,L00377,146154.19,0.0563,360,83,163864.61,2025-03-02T07:00:00Z
2025-03-31,L00377,145896.08,0.0563,360,84,163864.61,2025-04-02T07:00:00Z
2025-04-30,L00377,145636.76,0.0563,360,85,163864.61,2025-05-02T07:00:00Z
2025-05-31,L00377,145376.23,0.0563,360,86,163864.61,2025-06-02T07:00:00Z
2025-06-30,L00377,145114.47,0.0563,360,87,163864.61,2025-07-02T07:00:00Z
2025-07-31,L00377,144851.48,0.0563,360,88,163864.61,2025-08-02T07:00:00Z
2025-08-31,L00377,144587.27,0.0563,360,89,163864.61,2025-09-02T07:00:00Z
2025-09-30,L00377,144321.81,0.0563,360,90,163864.61,2025-10-02T07:00:00Z
2024-01-31,L00378,237202.75,0.0395,360,148,327916.47,2024-02-02T07:00:00Z
2024-02-29,L00378,231492.48,0.0395,360,149,327916.47,2024-03-02T07:00:00Z
2024-03-31,L00378,230730.87,0.0395,360,150,327916.47,2024-04-02T07:00:00Z
2024-04-30,L00378,229966.76,0.0395,360,151,327916.47,2024-05-02T07:00:00Z
2024-05-31,L00378,229200.12,0.0395,360,152,327916.47,2024-06-02T07:00:00Z
2024-06-30,L00378,228430.97,0.0395,360,153,327916.47,2024-07-02T07:00:00Z
2024-07-31,L00378,227659.28,0.0395,360,154,327916.47,2024-08-02T07:00:00Z
2024-08-31,L00378,226885.06,0.0395,360,155,327916.47,2024-09-02T07:00:00Z
2024-09-30,L00378,226108.28,0.0395,360,156,327916.47,2024-10-02T07:00:00Z
2024-10-31,L00378,225328.95,0.0395,360,157,327916.47,2024-11-02T07:00:00Z
2024-11-30,L00378,224547.05,0.0395,360,158,327916.47,2024-12-02T07:00:00Z
2024-12-31,L00378,223762.58,0.0395,360,159,327916.47,2025-01-02T07:00:00Z
2025-01-31,L00378,222975.53,0.0395,360,160,327916.47,2025-02-02T07:00:00Z
2025-02-28,L00378,222185.88,0.0395,360,161,327916.47,2025-03-02T07:00:00Z
2025-03-31,L00378,221393.64,0.0395,360,162,327916.47,2025-04-02T07:00:00Z
2025-04-30,L00378,220598.79,0.0395,360,163,327916.47,2025-05-02T07:00:00Z
2025-05-31,L00378,219801.32,0.0395,360,164,327916.47,2025-06-02T07:00:00Z
2025-06-30,L00378,219001.23,0.0395,360,165,327916.47,2025-07-02T07:00:00Z
2025-07-31,L00378,218198.5,0.0395,360,166,327916.47,2025-08-02T07:00:00Z
2025-08-31,L00378,217393.13,0.0395,360,167,327916.47,2025-09-02T07:00:00Z
2025-09-30,L00378,216585.11,0.0395,360,168,327916.47,2025-10-02T07:00:00Z
2024-01-31,L00379,218632.2,0.05108,360,152,291902.32,2024-02-02T07:00:00Z
2024-02-29,L00379,217976.53,0.05108,360,153,291902.32,2024-03-02T07:00:00Z
2024-03-31,L00379,217318.06,0.05108,360,154,291902.32,2024-04-02T07:00:00Z
2024-04-30,L00379,216656.79,0.05108,360,155,291902.32,2024-05-02T07:00:00Z
2024-05-31,L00379,215992.71,0.05108,360,156,291902.32,2024-06-02T07:00:00Z
2024-06-30,L00379,215325.8,0.05108,360,157,291902.32,2024-07-02T07:00:00Z
2024-07-31,L00379,214656.06,0.05108,360,158,291902.32,2024-08-02T07:00:00Z
2024-08-31,L00379,213983.46,0.05108,360,159,291902.32,2024-09-02T07:00:00Z
2024-09-30,L00379,213307.99,0.05108,360,160,291902.32,2024-10-02T07:00:00Z
2024-10-31,L00379,212629.66,0.05108,360,161,291902.32,2024-11-02T07:00:00Z
2024-11-30,L00379,211948.43,0.05108,360,162,291902.32,2024-12-02T07:00:00Z
2024-12-31,L00379,211264.31,0.05108,360,163,291902.32,2025-01-02T07:00:00Z
2025-01-31,L00379,210577.27,0.05108,360,164,291902.32,2025-02-02T07:00:00Z
2025-02-28,L00379,209887.31,0.05108,360,165,291902.32,2025-03-02T07:00:00Z
2025-03-31,L00379,209194.41,0.05108,360,166,291902.32,2025-04-02T07:00:00Z
2025-04-30,L00379,208498.57,0.05108,360,167,291902.32,2025-05-02T07:00:00Z
2025-05-31,L00379,207799.76,0.05108,360,168,291902.32,2025-06-02T07:00:00Z
2025-06-30,L00379,207097.97,0.05108,360,169,291902.32,2025-07-02T07:00:00Z
2025-07-31,L00379,206393.2,0.05108,360,170,291902.32,2025-08-02T07:00:00Z
2025-08-31,L00379,205685.43,0.05108,360,171,291902.32,2025-09-02T07:00:00Z
2025-09-30,L00379,204974.65,0.05108,360,172,291902.32,2025-10-02T07:00:00Z
2024-01-31,L00380,133647.87,0.03472,300,187,278143.85,2024-02-02T07:00:00Z
2024-02-29,L00380,132646.28,0.03472,300,188,278143.85,2024-03-02T07:00:00Z
2024-03-31,L00380,131641.79,0.03472,300,189,278143.85,2024-04-02T07:00:00Z
2024-04-30,L00380,130634.4,0.03472,300,190,278143.85,2024-05-02T07:00:00Z
2024-05-31,L00380,129624.08,0.03472,300,191,278143.85,2024-06-02T07:00:00Z
2024-06-30,L00380,128610.85,0.03472,300,192,278143.85,2024-07-02T07:00:00Z
2024-07-31,L00380,127594.68,0.03472,300,193,278143.85,2024-08-02T07:00:00Z
2024-08-31,L00380,126575.58,0.03472,300,194,278143.85,2024-09-02T07:00:00Z
2024-09-30,L00380,125553.52,0.03472,300,195,278143.85,2024-10-02T07:00:00Z
2024-10-31,L00380,124528.51,0.03472,300,196,278143.85,2024-11-02T07:00:00Z
2024-11-30,L00380,123500.53,0.03472,300,197,278143.85,2024-12-02T07:00:00Z
2024-12-31,L00380,118737.73,0.03472,300,198,278143.85,2025-01-02T07:00:00Z
2025-01-31,L00380,117735.3,0.03472,300,199,278143.85,2025-02-02T07:00:00Z
2025-02-28,L00380,116729.97,0.03472,300,200,278143.85,2025-03-02T07:00:00Z
2025-03-31,L00380,115721.73,0.03472,300,201,278143.85,2025-04-02T07:00:00Z
2025-04-30,L00380,114710.57,0.03472,300,202,278143.85,2025-05-02T07:00:00Z
2025-05-31,L00380,113696.49,0.03472,300,203,278143.85,2025-06-02T07:00:00Z
2025-06-30,L00380,112679.48,0.03472,300,204,278143.85,2025-07-02T07:00:00Z
2025-07-31,L00380,111659.52,0.03472,300,205,278143.85,2025-08-02T07:00:00Z
2025-08-31,L00380,110636.61,0.03472,300,206,278143.85,2025-09-02T07:00:00Z
2025-09-30,L00380,109610.74,0.03472,300,207,278143.85,2025-10-02T07:00:00Z
2024-01-31,L00381,118967.69,0.05763,360,137,148933.3,2024-02-02T07:00:00Z
2024-02-29,L00381,118668.67,0.05763,360,138,148933.3,2024-03-02T07:00:00Z
2024-03-31,L00381,118368.21,0.05763,360,139,148933.3,2024-04-02T07:00:00Z
2024-04-30,L00381,118066.31,0.05763,360,140,148933.3,2024-05-02T07:00:00Z
2024-05-31,L00381,117762.96,0.05763,360,141,148933.3,2024-06-02T07:00:00Z
2024-06-30,L00381,117458.15,0.05763,360,142,148933.3,2024-07-02T07:00:00Z
2024-07-31,L00381,117151.88,0.05763,360,143,148933.3,2024-08-02T07:00:00Z
2024-08-31,L00381,116844.14,0.05763,360,144,148933.3,2024-09-02T07:00:00Z
2024-09-30,L00381,116534.92,0.05763,360,145,148933.3,2024-10-02T07:00:00Z
2024-10-31,L00381,116224.21,0.05763,360,146,148933.3,2024-11-02T07:00:00Z
2024-11-30,L00381,115912.01,0.05763,360,147,148933.3,2024-12-02T07:00:00Z
2024-12-31,L00381,115598.31,0.05763,360,148,148933.3,2025-01-02T07:00:00Z
2025-01-31,L00381,115283.11,0.05763,360,149,148933.3,2025-02-02T07:00:00Z
2025-02-28,L00381,114966.39,0.05763,360,150,148933.3,2025-03-02T07:00:00Z
2025-03-31,L00381,114648.15,0.05763,360,151,148933.3,2025-04-02T07:00:00Z
2025-04-30,L00381,114328.39,0.05763,360,152,148933.3,2025-05-02T07:00:00Z
2025-05-31,L00381,114007.09,0.05763,360,153,148933.3,2025-06-02T07:00:00Z
2025-06-30,L00381,113684.24,0.05763,360,154,148933.3,2025-07-02T07:00:00Z
2025-07-31,L00381,113359.84,0.05763,360,155,148933.3,2025-08-02T07:00:00Z
2025-08-31,L00381,113033.89,0.05763,360,156,148933.3,2025-09-02T07:00:00Z
2025-09-30,L00381,112706.37,0.05763,360,157,148933.3,2025-10-02T07:00:00Z
2024-01-31,L00382,572302.33,0.05767,360,39,598970.17,2024-02-02T07:00:00Z
2024-02-29,L00382,571550.82,0.05767,360,40,598970.17,2024-03-02T07:00:00Z
2024-03-31,L00382,570795.7,0.05767,360,41,598970.17,2024-04-02T07:00:00Z
2024-04-30,L00382,570036.95,0.05767,360,42,598970.17,2024-05-02T07:00:00Z
2024-05-31,L00382,569274.55,0.05767,360,43,598970.17,2024-06-02T07:00:00Z
2024-06-30,L00382,568508.49,0.05767,360,44,598970.17,2024-07-02T07:00:00Z
2024-07-31,L00382,567738.75,0.05767,360,45,598970.17,2024-08-02T07:00:00Z
2024-08-31,L00382,566965.31,0.05767,360,46,598970.17,2024-09-02T07:00:00Z
2024-09-30,L00382,566188.15,0.05767,360,47,598970.17,2024-10-02T07:00:00Z
2024-10-31,L00382,565407.26,0.05767,360,48,598970.17,2024-11-02T07:00:00Z
2024-11-30,L00382,564622.62,0.05767,360,49,598970.17,2024-12-02T07:00:00Z
2024-12-31,L00382,563834.2,0.05767,360,50,598970.17,2025-01-02T07:00:00Z
2025-01-31,L00382,563041.99,0.05767,360,51,598970.17,2025-02-02T07:00:00Z
2025-02-28,L00382,562245.98,0.05767,360,52,598970.17,2025-03-02T07:00:00Z
2025-03-31,L00382,561446.14,0.05767,360,53,598970.17,2025-04-02T07:00:00Z
2025-04-30,L00382,560642.46,0.05767,360,54,598970.17,2025-05-02T07:00:00Z
2025-05-31,L00382,559834.92,0.05767,360,55,598970.17,2025-06-02T07:00:00Z
2025-06-30,L00382,559023.49,0.05767,360,56,598970.17,2025-07-02T07:00:00Z
2025-07-31,L00382,558208.17,0.05767,360,57,598970.17,2025-08-02T07:00:00Z
2025-08-31,L00382,557388.92,0.05767,360,58,598970.17,2025-09-02T07:00:00Z
2025-09-30,L00382,556565.74,0.05767,360,59,598970.17,2025-10-02T07:00:00Z
2024-01-31,L00383,438489.89,0.04476,360,109,533104.15,2024-02-02T07:00:00Z
2024-02-29,L00383,437431.89,0.04476,360,110,533104.15,2024-03-02T07:00:00Z
2024-03-31,L00383,436369.95,0.04476,360,111,533104.15,2024-04-02T07:00:00Z
2024-04-30,L00383,435304.05,0.04476,360,112,533104.15,2024-05-02T07:00:00Z
2024-05-31,L00383,434234.17,0.04476,360,113,533104.15,2024-06-02T07:00:00Z
2024-06-30,L00383,433160.3,0.04476,360,114,533104.15,2024-07-02T07:00:00Z
2024-07-31,L00383,432082.42,0.04476,360,115,533104.15,2024-08-02T07:00:00Z
2024-08-31,L00383,431000.52,0.04476,360,116,533104.15,2024-09-02T07:00:00Z
2024-09-30,L00383,429914.59,0.04476,360,117,533104.15,2024-10-02T07:00:00Z
2024-10-31,L00383,428824.61,0.04476,360,118,533104.15,2024-11-02T07:00:00Z
2024-11-30,L00383,427730.56,0.04476,360,119,533104.15,2024-12-02T07:00:00Z
2024-12-31,L00383,426632.43,0.04476,360,120,533104.15,2025-01-02T07:00:00Z
2025-01-31,L00383,425530.21,0.04476,360,121,533104.15,2025-02-02T07:00:00Z
2025-02-28,L00383,424423.87,0.04476,360,122,533104.15,2025-03-02T07:00:00Z
2025-03-31,L00383,423313.41,0.04476,360,123,533104.15,2025-04-02T07:00:00Z
2025-04-30,L00383,422198.81,0.04476,360,124,533104.15,2025-05-02T07:00:00Z
2025-05-31,L00383,421080.05,0.04476,360,125,533104.15,2025-06-02T07:00:00Z
2025-06-30,L00383,419957.11,0.04476,360,126,533104.15,2025-07-02T07:00:00Z
2025-07-31,L00383,418829.99,0.04476,360,127,533104.15,2025-08-02T07:00:00Z
2025-08-31,L00383,417698.66,0.04476,360,128,533104.15,2025-09-02T07:00:00Z
2025-09-30,L00383,416563.11,0.04476,360,129,533104.15,2025-10-02T07:00:00Z
2024-01-31,L00384,252140.22,0.06212,240,159,524055.87,2024-02-02T07:00:00Z
2024-02-29,L00384,249626.59,0.06212,240,160,524055.87,2024-03-02T07:00:00Z
2024-03-31,L00384,247099.95,0.06212,240,161,524055.87,2024-04-02T07:00:00Z
2024-04-30,L00384,244560.23,0.06212,240,162,524055.87,2024-05-02T07:00:00Z
2024-05-31,L00384,242007.36,0.06212,240,163,524055.87,2024-06-02T07:00:00Z
2024-06-30,L00384,239441.28,0.06212,240,164,524055.87,2024-07-02T07:00:00Z
2024-07-31,L00384,236861.91,0.06212,240,165,524055.87,2024-08-02T07:00:00Z
2024-08-31,L00384,234269.19,0.06212,240,166,524055.87,2024-09-02T07:00:00Z
2024-09-30,L00384,231663.05,0.06212,240,167,524055.87,2024-10-02T07:00:00Z
2024-10-31,L00384,228405.83,0.06212,240,168,524055.87,2024-11-02T07:00:00Z
2024-11-30,L00384,225779.96,0.06212,240,169,524055.87,2024-12-02T07:00:00Z
2024-12-31,L00384,223140.51,0.06212,240,170,524055.87,2025-01-02T07:00:00Z
2025-01-31,L00384,220487.39,0.06212,240,171,524055.87,2025-02-02T07:00:00Z
2025-02-28,L00384,217820.53,0.06212,240,172,524055.87,2025-03-02T07:00:00Z
2025-03-31,L00384,215139.88,0.06212,240,173,524055.87,2025-04-02T07:00:00Z
2025-04-30,L00384,212445.34,0.06212,240,174,524055.87,2025-05-02T07:00:00Z
2025-05-31,L00384,209736.85,0.06212,240,175,524055.87,2025-06-02T07:00:00Z
2025-06-30,L00384,207014.35,0.06212,240,176,524055.87,2025-07-02T07:00:00Z
2025-07-31,L00384,204277.75,0.06212,240,177,524055.87,2025-08-02T07:00:00Z
2025-08-31,L00384,201526.98,0.06212,240,178,524055.87,2025-09-02T07:00:00Z
2025-09-30,L00384,198761.98,0.06212,240,179,524055.87,2025-10-02T07:00:00Z
2024-01-31,L00385,150903.25,0.05861,180,79,226738.03,2024-02-02T07:00:00Z
2024-02-29,L00385,149743.93,0.05861,180,80,226738.03,2024-03-02T07:00:00Z
2024-03-31,L00385,148578.95,0.05861,180,81,226738.03,2024-04-02T07:00:00Z
2024-04-30,L00385,147408.27,0.05861,180,82,226738.03,2024-05-02T07:00:00Z
2024-05-31,L00385,146231.88,0.05861,180,83,226738.03,2024-06-02T07:00:00Z
2024-06-30,L00385,145049.74,0.05861,180,84,226738.03,2024-07-02T07:00:00Z
2024-07-31,L00385,143861.83,0.05861,180,85,226738.03,2024-08-02T07:00:00Z
2024-08-31,L00385,142668.11,0.05861,180,86,226738.03,2024-09-02T07:00:00Z
2024-09-30,L00385,141468.57,0.05861,180,87,226738.03,2024-10-02T07:00:00Z
2024-10-31,L00385,140263.17,0.05861,180,88,226738.03,2024-11-02T07:00:00Z
2024-11-30,L00385,139051.88,0.05861,180,89,226738.03,2024-12-02T07:00:00Z
2024-12-31,L00385,137834.67,0.05861,180,90,226738.03,2025-01-02T07:00:00Z
2025-01-31,L00385,136611.52,0.05861,180,91,226738.03,2025-02-02T07:00:00Z
2025-02-28,L00385,135382.39,0.05861,180,92,226738.03,2025-03-02T07:00:00Z
2025-03-31,L00385,134147.26,0.05861,180,93,226738.03,2025-04-02T07:00:00Z
2025-04-30,L00385,132906.1,0.05861,180,94,226738.03,2025-05-02T07:00:00Z
2025-05-31,L00385,131658.88,0.05861,180,95,226738.03,2025-06-02T07:00:00Z
2025-06-30,L00385,130405.56,0.05861,180,96,226738.03,2025-07-02T07:00:00Z
2025-07-31,L00385,129146.13,0.05861,180,97,226738.03,2025-08-02T07:00:00Z
2025-08-31,L00385,127880.54,0.05861,180,98,226738.03,2025-09-02T07:00:00Z
2025-09-30,L00385,126608.77,0.05861,180,99,226738.03,2025-10-02T07:00:00Z
2024-01-31,L00386,90157.62,0.05303,180,123,222241.81,2024-02-02T07:00:00Z
2024-02-29,L00386,88763.29,0.05303,180,124,222241.81,2024-03-02T07:00:00Z
2024-03-31,L00386,87362.79,0.05303,180,125,222241.81,2024-04-02T07:00:00Z
2024-04-30,L00386,85956.11,0.05303,180,126,222241.81,2024-05-02T07:00:00Z
2024-05-31,L00386,84543.22,0.05303,180,127,222241.81,2024-06-02T07:00:00Z
2024-06-30,L00386,83124.07,0.05303,180,128,222241.81,2024-07-02T07:00:00Z
2024-07-31,L00386,81698.66,0.05303,180,129,222241.81,2024-08-02T07:00:00Z
2024-08-31,L00386,80266.95,0.05303,180,130,222241.81,2024-09-02T07:00:00Z
2024-09-30,L00386,78828.91,0.05303,180,131,222241.81,2024-10-02T07:00:00Z
2024-10-31,L00386,77384.52,0.05303,180,132,222241.81,2024-11-02T07:00:00Z
2024-11-30,L00386,75933.74,0.05303,180,133,222241.81,2024-12-02T07:00:00Z
2024-12-31,L00386,74476.55,0.05303,180,134,222241.81,2025-01-02T07:00:00Z
2025-01-31,L00386,73012.93,0.05303,180,135,222241.81,2025-02-02T07:00:00Z
2025-02-28,L00386,71542.83,0.05303,180,136,222241.81,2025-03-02T07:00:00Z
2025-03-31,L00386,70066.24,0.05303,180,137,222241.81,2025-04-02T07:00:00Z
2025-04-30,L00386,68583.12,0.05303,180,138,222241.81,2025-05-02T07:00:00Z
2025-05-31,L00386,67093.45,0.05303,180,139,222241.81,2025-06-02T07:00:00Z
2025-06-30,L00386,65597.19,0.05303,180,140,222241.81,2025-07-02T07:00:00Z
2025-07-31,L00386,64094.33,0.05303,180,141,222241.81,2025-08-02T07:00:00Z
2025-08-31,L00386,62584.82,0.05303,180,142,222241.81,2025-09-02T07:00:00Z
2025-09-30,L00386,61068.64,0.05303,180,143,222241.81,2025-10-02T07:00:00Z
2024-01-31,L00387,473316.26,0.05978,360,74,519665.41,2024-02-02T07:00:00Z
2024-02-29,L00387,472565.85,0.05978,360,75,519665.41,2024-03-02T07:00:00Z
2024-03-31,L00387,471811.71,0.05978,360,76,519665.41,2024-04-02T07:00:00Z
2024-04-30,L00387,471053.8,0.05978,360,77,519665.41,2024-05-02T07:00:00Z
2024-05-31,L00387,470292.13,0.05978,360,78,519665.41,2024-06-02T07:00:00Z
2024-06-30,L00387,469526.66,0.05978,360,79,519665.41,2024-07-02T07:00:00Z
2024-07-31,L00387,468757.37,0.05978,360,80,519665.41,2024-08-02T07:00:00Z
2024-08-31,L00387,467984.25,0.05978,360,81,519665.41,2024-09-02T07:00:00Z
2024-09-30,L00387,467207.28,0.05978,360,82,519665.41,2024-10-02T07:00:00Z
2024-10-31,L00387,466426.45,0.05978,360,83,519665.41,2024-11-02T07:00:00Z
2024-11-30,L00387,465641.72,0.05978,360,84,519665.41,2024-12-02T07:00:00Z
2024-12-31,L00387,464853.08,0.05978,360,85,519665.41,2025-01-02T07:00:00Z
2025-01-31,L00387,464060.51,0.05978,360,86,519665.41,2025-02-02T07:00:00Z
2025-02-28,L00387,463264.0,0.05978,360,87,519665.41,2025-03-02T07:00:00Z
2025-03-31,L00387,462463.51,0.05978,360,88,519665.41,2025-04-02T07:00:00Z
2025-04-30,L00387,461659.04,0.05978,360,89,519665.41,2025-05-02T07:00:00Z
2025-05-31,L00387,460850.56,0.05978,360,90,519665.41,2025-06-02T07:00:00Z
2025-06-30,L00387,460038.06,0.05978,360,91,519665.41,2025-07-02T07:00:00Z
2025-07-31,L00387,459221.5,0.05978,360,92,519665.41,2025-08-02T07:00:00Z
2025-08-31,L00387,457190.76,0.05978,360,93,519665.41,2025-09-02T07:00:00Z
2025-09-30,L00387,456368.23,0.05978,360,94,519665.41,2025-10-02T07:00:00Z
2024-01-31,L00388,394863.51,0.0483,240,97,559046.76,2024-02-02T07:00:00Z
2024-02-29,L00388,392815.67,0.0483,240,98,559046.76,2024-03-02T07:00:00Z
2024-03-31,L00388,390759.6,0.0483,240,99,559046.76,2024-04-02T07:00:00Z
2024-04-30,L00388,388695.24,0.0483,240,100,559046.76,2024-05-02T07:00:00Z
2024-05-31,L00388,386622.58,0.0483,240,101,559046.76,2024-06-02T07:00:00Z
2024-06-30,L00388,384541.57,0.0483,240,102,559046.76,2024-07-02T07:00:00Z
2024-07-31,L00388,382452.19,0.0483,240,103,559046.76,2024-08-02T07:00:00Z
2024-08-31,L00388,380354.39,0.0483,240,104,559046.76,2024-09-02T07:00:00Z
2024-09-30,L00388,378248.16,0.0483,240,105,559046.76,2024-10-02T07:00:00Z
2024-10-31,L00388,376133.44,0.0483,240,106,559046.76,2024-11-02T07:00:00Z
2024-11-30,L00388,374010.22,0.0483,240,107,559046.76,2024-12-02T07:00:00Z
2024-12-31,L00388,371878.45,0.0483,240,108,559046.76,2025-01-02T07:00:00Z
2025-01-31,L00388,369738.09,0.0483,240,109,559046.76,2025-02-02T07:00:00Z
2025-02-28,L00388,367589.13,0.0483,240,110,559046.76,2025-03-02T07:00:00Z
2025-03-31,L00388,365431.51,0.0483,240,111,559046.76,2025-04-02T07:00:00Z
2025-04-30,L00388,363265.21,0.0483,240,112,559046.76,2025-05-02T07:00:00Z
2025-05-31,L00388,361090.19,0.0483,240,113,559046.76,2025-06-02T07:00:00Z
2025-06-30,L00388,358906.41,0.0483,240,114,559046.76,2025-07-02T07:00:00Z
2025-07-31,L00388,356713.85,0.0483,240,115,559046.76,2025-08-02T07:00:00Z
2025-08-31,L00388,354512.46,0.0483,240,116,559046.76,2025-09-02T07:00:00Z
2025-09-30,L00388,352302.21,0.0483,240,117,559046.76,2025-10-02T07:00:00Z
2024-01-31,L00389,536264.87,0.05666,360,40,562466.51,2024-02-02T07:00:00Z
2024-02-29,L00389,535544.49,0.05666,360,41,562466.51,2024-03-02T07:00:00Z
2024-03-31,L00389,534820.7,0.05666,360,42,562466.51,2024-04-02T07:00:00Z
2024-04-30,L00389,534093.5,0.05666,360,43,562466.51,2024-05-02T07:00:00Z
2024-05-31,L00389,533362.86,0.05666,360,44,562466.51,2024-06-02T07:00:00Z
2024-06-30,L00389,532628.77,0.05666,360,45,562466.51,2024-07-02T07:00:00Z
2024-07-31,L00389,531891.22,0.05666,360,46,562466.51,2024-08-02T07:00:00Z
2024-08-31,L00389,531150.18,0.05666,360,47,562466.51,2024-09-02T07:00:00Z
2024-09-30,L00389,530405.65,0.05666,360,48,562466.51,2024-10-02T07:00:00Z
2024-10-31,L00389,529657.6,0.05666,360,49,562466.51,2024-11-02T07:00:00Z
2024-11-30,L00389,528906.01,0.05666,360,50,562466.51,2024-12-02T07:00:00Z
2024-12-31,L00389,528150.88,0.05666,360,51,562466.51,2025-01-02T07:00:00Z
2025-01-31,L00389,527392.19,0.05666,360,52,562466.51,2025-02-02T07:00:00Z
2025-02-28,L00389,526629.91,0.05666,360,53,562466.51,2025-03-02T07:00:00Z
2025-03-31,L00389,525864.03,0.05666,360,54,562466.51,2025-04-02T07:00:00Z
2025-04-30,L00389,525094.53,0.05666,360,55,562466.51,2025-05-02T07:00:00Z
2025-05-31,L00389,524321.41,0.05666,360,56,562466.51,2025-06-02T07:00:00Z
2025-06-30,L00389,523544.63,0.05666,360,57,562466.51,2025-07-02T07:00:00Z
2025-07-31,L00389,522764.18,0.05666,360,58,562466.51,2025-08-02T07:00:00Z
2025-08-31,L00389,521980.05,0.05666,360,59,562466.51,2025-09-02T07:00:00Z
2025-09-30,L00389,521192.22,0.05666,360,60,562466.51,2025-10-02T07:00:00Z
2024-01-31,L00390,82979.07,0.04874,360,71,92298.79,2024-02-02T07:00:00Z
2024-02-29,L00390,82827.71,0.04874,360,72,92298.79,2024-03-02T07:00:00Z
2024-03-31,L00390,82675.73,0.04874,360,73,92298.79,2024-04-02T07:00:00Z
2024-04-30,L00390,82523.13,0.04874,360,74,92298.79,2024-05-02T07:00:00Z
2024-05-31,L00390,82369.92,0.04874,360,75,92298.79,2024-06-02T07:00:00Z
2024-06-30,L00390,82216.08,0.04874,360,76,92298.79,2024-07-02T07:00:00Z
2024-07-31,L00390,82061.62,0.04874,360,77,92298.79,2024-08-02T07:00:00Z
2024-08-31,L00390,81906.53,0.04874,360,78,92298.79,2024-09-02T07:00:00Z
2024-09-30,L00390,76538.64,0.04874,360,79,92298.79,2024-10-02T07:00:00Z
2024-10-31,L00390,76392.26,0.04874,360,80,92298.79,2024-11-02T07:00:00Z
2024-11-30,L00390,76245.28,0.04874,360,81,92298.79,2024-12-02T07:00:00Z
2024-12-31,L00390,76097.71,0.04874,360,82,92298.79,2025-01-02T07:00:00Z
2025-01-31,L00390,75949.53,0.04874,360,83,92298.79,2025-02-02T07:00:00Z
2025-02-28,L00390,75800.75,0.04874,360,84,92298.79,2025-03-02T07:00:00Z
2025-03-31,L00390,75651.37,0.04874,360,85,92298.79,2025-04-02T07:00:00Z
2025-04-30,L00390,75501.39,0.04874,360,86,92298.79,2025-05-02T07:00:00Z
2025-05-31,L00390,75350.79,0.04874,360,87,92298.79,2025-06-02T07:00:00Z
2025-06-30,L00390,75199.58,0.04874,360,88,92298.79,2025-07-02T07:00:00Z
2025-07-31,L00390,75047.76,0.04874,360,89,92298.79,2025-08-02T07:00:00Z
2025-08-31,L00390,74895.32,0.04874,360,90,92298.79,2025-09-02T07:00:00Z
2025-09-30,L00390,74742.26,0.04874,360,91,92298.79,2025-10-02T07:00:00Z
2024-01-31,L00391,269052.18,0.04054,360,150,372719.28,2024-02-02T07:00:00Z
2024-02-29,L00391,268170.09,0.04054,360,151,372719.28,2024-03-02T07:00:00Z
2024-03-31,L00391,267285.01,0.04054,360,152,372719.28,2024-04-02T07:00:00Z
2024-04-30,L00391,266396.95,0.04054,360,153,372719.28,2024-05-02T07:00:00Z
2024-05-31,L00391,265505.89,0.04054,360,154,372719.28,2024-06-02T07:00:00Z
2024-06-30,L00391,264611.81,0.04054,360,155,372719.28,2024-07-02T07:00:00Z
2024-07-31,L00391,263714.72,0.04054,360,156,372719.28,2024-08-02T07:00:00Z
2024-08-31,L00391,262814.59,0.04054,360,157,372719.28,2024-09-02T07:00:00Z
2024-09-30,L00391,261911.43,0.04054,360,158,372719.28,2024-10-02T07:00:00Z
2024-10-31,L00391,261005.21,0.04054,360,159,372719.28,2024-11-02T07:00:00Z
2024-11-30,L00391,260095.93,0.04054,360,160,372719.28,2024-12-02T07:00:00Z
2024-12-31,L00391,259183.58,0.04054,360,161,372719.28,2025-01-02T07:00:00Z
2025-01-31,L00391,258268.14,0.04054,360,162,372719.28,2025-02-02T07:00:00Z
2025-02-28,L00391,257349.62,0.04054,360,163,372719.28,2025-03-02T07:00:00Z
2025-03-31,L00391,256427.99,0.04054,360,164,372719.28,2025-04-02T07:00:00Z
2025-04-30,L00391,255503.25,0.04054,360,165,372719.28,2025-05-02T07:00:00Z
2025-05-31,L00391,254575.38,0.04054,360,166,372719.28,2025-06-02T07:00:00Z
2025-06-30,L00391,253644.38,0.04054,360,167,372719.28,2025-07-02T07:00:00Z
2025-07-31,L00391,252710.23,0.04054,360,168,372719.28,2025-08-02T07:00:00Z
2025-08-31,L00391,251772.93,0.04054,360,169,372719.28,2025-09-02T07:00:00Z
2025-09-30,L00391,250832.46,0.04054,360,170,372719.28,2025-10-02T07:00:00Z
2024-01-31,L00392,315173.14,0.06048,180,4,319584.04,2024-02-02T07:00:00Z
2024-02-29,L00392,314056.49,0.06048,180,5,319584.04,2024-03-02T07:00:00Z
2024-03-31,L00392,312934.21,0.06048,180,6,319584.04,2024-04-02T07:00:00Z
2024-04-30,L00392,311806.27,0.06048,180,7,319584.04,2024-05-02T07:00:00Z
2024-05-31,L00392,310672.65,0.06048,180,8,319584.04,2024-06-02T07:00:00Z
2024-06-30,L00392,309533.31,0.06048,180,9,319584.04,2024-07-02T07:00:00Z
2024-07-31,L00392,308388.23,0.06048,180,10,319584.04,2024-08-02T07:00:00Z
2024-08-31,L00392,307237.38,0.06048,180,11,319584.04,2024-09-02T07:00:00Z
2024-09-30,L00392,306080.73,0.06048,180,12,319584.04,2024-10-02T07:00:00Z
2024-10-31,L00392,304918.25,0.06048,180,13,319584.04,2024-11-02T07:00:00Z
2024-11-30,L00392,303749.91,0.06048,180,14,319584.04,2024-12-02T07:00:00Z
2024-12-31,L00392,302575.69,0.06048,180,15,319584.04,2025-01-02T07:00:00Z
2025-01-31,L00392,301395.54,0.06048,180,16,319584.04,2025-02-02T07:00:00Z
2025-02-28,L00392,300209.45,0.06048,180,17,319584.04,2025-03-02T07:00:00Z
2025-03-31,L00392,299017.38,0.06048,180,18,319584.04,2025-04-02T07:00:00Z
2025-04-30,L00392,297819.3,0.06048,180,19,319584.04,2025-05-02T07:00:00Z
2025-05-31,L00392,296615.18,0.06048,180,20,319584.04,2025-06-02T07:00:00Z
2025-06-30,L00392,295405.0,0.06048,180,21,319584.04,2025-07-02T07:00:00Z
2025-07-31,L00392,294188.71,0.06048,180,22,319584.04,2025-08-02T07:00:00Z
2025-08-31,L00392,292966.3,0.06048,180,23,319584.04,2025-09-02T07:00:00Z
2025-09-30,L00392,291737.72,0.06048,180,24,319584.04,2025-10-02T07:00:00Z
2024-01-31,L00393,303403.01,0.05176,300,91,370818.22,2024-02-02T07:00:00Z
2024-02-29,L00393,302505.73,0.05176,300,92,370818.22,2024-03-02T07:00:00Z
2024-03-31,L00393,301604.57,0.05176,300,93,370818.22,2024-04-02T07:00:00Z
2024-04-30,L00393,300699.53,0.05176,300,94,370818.22,2024-05-02T07:00:00Z
2024-05-31,L00393,299790.59,0.05176,300,95,370818.22,2024-06-02T07:00:00Z
2024-06-30,L00393,298877.73,0.05176,300,96,370818.22,2024-07-02T07:00:00Z
2024-07-31,L00393,297960.93,0.05176,300,97,370818.22,2024-08-02T07:00:00Z
2024-08-31,L00393,297040.17,0.05176,300,98,370818.22,2024-09-02T07:00:00Z
2024-09-30,L00393,296115.45,0.05176,300,99,370818.22,2024-10-02T07:00:00Z
2024-10-31,L00393,295186.73,0.05176,300,100,370818.22,2024-11-02T07:00:00Z
2024-11-30,L00393,294254.01,0.05176,300,101,370818.22,2024-12-02T07:00:00Z
2024-12-31,L00393,293317.26,0.05176,300,102,370818.22,2025-01-02T07:00:00Z
2025-01-31,L00393,292376.48,0.05176,300,103,370818.22,2025-02-02T07:00:00Z
2025-02-28,L00393,291431.63,0.05176,300,104,370818.22,2025-03-02T07:00:00Z
2025-03-31,L00393,290482.72,0.05176,300,105,370818.22,2025-04-02T07:00:00Z
2025-04-30,L00393,289529.7,0.05176,300,106,370818.22,2025-05-02T07:00:00Z
2025-05-31,L00393,288572.58,0.05176,300,107,370818.22,2025-06-02T07:00:00Z
2025-06-30,L00393,287611.33,0.05176,300,108,370818.22,2025-07-02T07:00:00Z
2025-07-31,L00393,286645.94,0.05176,300,109,370818.22,2025-08-02T07:00:00Z
2025-08-31,L00393,285676.37,0.05176,300,110,370818.22,2025-09-02T07:00:00Z
2025-09-30,L00393,284702.63,0.05176,300,111,370818.22,2025-10-02T07:00:00Z
2024-01-31,L00394,180963.33,0.04539,360,129,231087.08,2024-02-02T07:00:00Z
2024-02-29,L00394,180471.58,0.04539,360,130,231087.08,2024-03-02T07:00:00Z
2024-03-31,L00394,179977.97,0.04539,360,131,231087.08,2024-04-02T07:00:00Z
2024-04-30,L00394,179482.49,0.04539,360,132,231087.08,2024-05-02T07:00:00Z
2024-05-31,L00394,178985.14,0.04539,360,133,231087.08,2024-06-02T07:00:00Z
2024-06-30,L00394,178485.9,0.04539,360,134,231087.08,2024-07-02T07:00:00Z
2024-07-31,L00394,177984.78,0.04539,360,135,231087.08,2024-08-02T07:00:00Z
2024-08-31,L00394,177481.76,0.04539,360,136,231087.08,2024-09-02T07:00:00Z
2024-09-30,L00394,176976.84,0.04539,360,137,231087.08,2024-10-02T07:00:00Z
2024-10-31,L00394,176470.01,0.04539,360,138,231087.08,2024-11-02T07:00:00Z
2024-11-30,L00394,175961.27,0.04539,360,139,231087.08,2024-12-02T07:00:00Z
2024-12-31,L00394,175450.59,0.04539,360,140,231087.08,2025-01-02T07:00:00Z
2025-01-31,L00394,174937.99,0.04539,360,141,231087.08,2025-02-02T07:00:00Z
2025-02-28,L00394,174423.45,0.04539,360,142,231087.08,2025-03-02T07:00:00Z
2025-03-31,L00394,173906.96,0.04539,360,143,231087.08,2025-04-02T07:00:00Z
2025-04-30,L00394,173388.52,0.04539,360,144,231087.08,2025-05-02T07:00:00Z
2025-05-31,L00394,172868.11,0.04539,360,145,231087.08,2025-06-02T07:00:00Z
2025-06-30,L00394,172345.74,0.04539,360,146,231087.08,2025-07-02T07:00:00Z
2025-07-31,L00394,171821.39,0.04539,360,147,231087.08,2025-08-02T07:00:00Z
2025-08-31,L00394,171295.06,0.04539,360,148,231087.08,2025-09-02T07:00:00Z
2025-09-30,L00394,170766.74,0.04539,360,149,231087.08,2025-10-02T07:00:00Z
2024-01-31,L00395,452369.87,0.06926,240,43,499430.77,2024-02-02T07:00:00Z
2024-02-29,L00395,451130.87,0.06926,240,44,499430.77,2024-03-02T07:00:00Z
2024-03-31,L00395,449884.72,0.06926,240,45,499430.77,2024-04-02T07:00:00Z
2024-04-30,L00395,448631.38,0.06926,240,46,499430.77,2024-05-02T07:00:00Z
2024-05-31,L00395,447370.8,0.06926,240,47,499430.77,2024-06-02T07:00:00Z
2024-06-30,L00395,446102.95,0.06926,240,48,499430.77,2024-07-02T07:00:00Z
2024-07-31,L00395,444827.78,0.06926,240,49,499430.77,2024-08-02T07:00:00Z
2024-08-31,L00395,443545.25,0.06926,240,50,499430.77,2024-09-02T07:00:00Z
2024-09-30,L00395,442255.31,0.06926,240,51,499430.77,2024-10-02T07:00:00Z
2024-10-31,L00395,440957.93,0.06926,240,52,499430.77,2024-11-02T07:00:00Z
2024-11-30,L00395,439653.07,0.06926,240,53,499430.77,2024-12-02T07:00:00Z
2024-12-31,L00395,438340.67,0.06926,240,54,499430.77,2025-01-02T07:00:00Z
2025-01-31,L00395,437020.7,0.06926,240,55,499430.77,2025-02-02T07:00:00Z
2025-02-28,L00395,435693.11,0.06926,240,56,499430.77,2025-03-02T07:00:00Z
2025-03-31,L00395,434357.85,0.06926,240,57,499430.77,2025-04-02T07:00:00Z
2025-04-30,L00395,433014.89,0.06926,240,58,499430.77,2025-05-02T07:00:00Z
2025-05-31,L00395,431664.18,0.06926,240,59,499430.77,2025-06-02T07:00:00Z
2025-06-30,L00395,430305.68,0.06926,240,60,499430.77,2025-07-02T07:00:00Z
2025-07-31,L00395,428939.33,0.06926,240,61,499430.77,2025-08-02T07:00:00Z
2025-08-31,L00395,427565.1,0.06926,240,62,499430.77,2025-09-02T07:00:00Z
2025-09-30,L00395,426182.93,0.06926,240,63,499430.77,2025-10-02T07:00:00Z
2024-01-31,L00396,261239.04,0.04191,360,79,299044.65,2024-02-02T07:00:00Z
2024-02-29,L00396,260690.61,0.04191,360,80,299044.65,2024-03-02T07:00:00Z
2024-03-31,L00396,260140.26,0.04191,360,81,299044.65,2024-04-02T07:00:00Z
2024-04-30,L00396,259587.99,0.04191,360,82,299044.65,2024-05-02T07:00:00Z
2024-05-31,L00396,259033.8,0.04191,360,83,299044.65,2024-06-02T07:00:00Z
2024-06-30,L00396,258477.66,0.04191,360,84,299044.65,2024-07-02T07:00:00Z
2024-07-31,L00396,257919.59,0.04191,360,85,299044.65,2024-08-02T07:00:00Z
2024-08-31,L00396,257359.56,0.04191,360,86,299044.65,2024-09-02T07:00:00Z
2024-09-30,L00396,256797.58,0.04191,360,87,299044.65,2024-10-02T07:00:00Z
2024-10-31,L00396,256233.64,0.04191,360,88,299044.65,2024-11-02T07:00:00Z
2024-11-30,L00396,255667.72,0.04191,360,89,299044.65,2024-12-02T07:00:00Z
2024-12-31,L00396,255099.83,0.04191,360,90,299044.65,2025-01-02T07:00:00Z
2025-01-31,L00396,254529.96,0.04191,360,91,299044.65,2025-02-02T07:00:00Z
2025-02-28,L00396,253958.1,0.04191,360,92,299044.65,2025-03-02T07:00:00Z
2025-03-31,L00396,253384.24,0.04191,360,93,299044.65,2025-04-02T07:00:00Z
2025-04-30,L00396,252808.37,0.04191,360,94,299044.65,2025-05-02T07:00:00Z
2025-05-31,L00396,252230.5,0.04191,360,95,299044.65,2025-06-02T07:00:00Z
2025-06-30,L00396,251650.6,0.04191,360,96,299044.65,2025-07-02T07:00:00Z
2025-07-31,L00396,251068.68,0.04191,360,97,299044.65,2025-08-02T07:00:00Z
2025-08-31,L00396,250484.73,0.04191,360,98,299044.65,2025-09-02T07:00:00Z
2025-09-30,L00396,249898.74,0.04191,360,99,299044.65,2025-10-02T07:00:00Z
2024-01-31,L00397,191946.79,0.06108,360,168,258677.03,2024-02-02T07:00:00Z
2024-02-29,L00397,191354.9,0.06108,360,169,258677.03,2024-03-02T07:00:00Z
2024-03-31,L00397,190759.99,0.06108,360,170,258677.03,2024-04-02T07:00:00Z
2024-04-30,L00397,190162.05,0.06108,360,171,258677.03,2024-05-02T07:00:00Z
2024-05-31,L00397,189561.07,0.06108,360,172,258677.03,2024-06-02T07:00:00Z
2024-06-30,L00397,188957.03,0.06108,360,173,258677.03,2024-07-02T07:00:00Z
2024-07-31,L00397,188349.91,0.06108,360,174,258677.03,2024-08-02T07:00:00Z
2024-08-31,L00397,187739.71,0.06108,360,175,258677.03,2024-09-02T07:00:00Z
2024-09-30,L00397,187126.39,0.06108,360,176,258677.03,2024-10-02T07:00:00Z
2024-10-31,L00397,186509.96,0.06108,360,177,258677.03,2024-11-02T07:00:00Z
2024-11-30,L00397,185890.39,0.06108,360,178,258677.03,2024-12-02T07:00:00Z
2024-12-31,L00397,185267.67,0.06108,360,179,258677.03,2025-01-02T07:00:00Z
2025-01-31,L00397,184641.77,0.06108,360,180,258677.03,2025-02-02T07:00:00Z
2025-02-28,L00397,184012.69,0.06108,360,181,258677.03,2025-03-02T07:00:00Z
2025-03-31,L00397,183380.41,0.06108,360,182,258677.03,2025-04-02T07:00:00Z
2025-04-30,L00397,182744.91,0.06108,360,183,258677.03,2025-05-02T07:00:00Z
2025-05-31,L00397,182106.18,0.06108,360,184,258677.03,2025-06-02T07:00:00Z
2025-06-30,L00397,181464.19,0.06108,360,185,258677.03,2025-07-02T07:00:00Z
2025-07-31,L00397,180818.94,0.06108,360,186,258677.03,2025-08-02T07:00:00Z
2025-08-31,L00397,180170.4,0.06108,360,187,258677.03,2025-09-02T07:00:00Z
2025-09-30,L00397,179518.56,0.06108,360,188,258677.03,2025-10-02T07:00:00Z
2024-01-31,L00398,160704.48,0.05696,360,102,186429.54,2024-02-02T07:00:00Z
2024-02-29,L00398,160385.72,0.05696,360,103,186429.54,2024-03-02T07:00:00Z
2024-03-31,L00398,160065.46,0.05696,360,104,186429.54,2024-04-02T07:00:00Z
2024-04-30,L00398,159743.67,0.05696,360,105,186429.54,2024-05-02T07:00:00Z
2024-05-31,L00398,159420.35,0.05696,360,106,186429.54,2024-06-02T07:00:00Z
2024-06-30,L00398,159095.5,0.05696,360,107,186429.54,2024-07-02T07:00:00Z
2024-07-31,L00398,158769.11,0.05696,360,108,186429.54,2024-08-02T07:00:00Z
2024-08-31,L00398,158441.17,0.05696,360,109,186429.54,2024-09-02T07:00:00Z
2024-09-30,L00398,158111.67,0.05696,360,110,186429.54,2024-10-02T07:00:00Z
2024-10-31,L00398,157780.61,0.05696,360,111,186429.54,2024-11-02T07:00:00Z
2024-11-30,L00398,157447.98,0.05696,360,112,186429.54,2024-12-02T07:00:00Z
2024-12-31,L00398,157113.76,0.05696,360,113,186429.54,2025-01-02T07:00:00Z
2025-01-31,L00398,156777.96,0.05696,360,114,186429.54,2025-02-02T07:00:00Z
2025-02-28,L00398,156440.57,0.05696,360,115,186429.54,2025-03-02T07:00:00Z
2025-03-31,L00398,156101.58,0.05696,360,116,186429.54,2025-04-02T07:00:00Z
2025-04-30,L00398,155760.97,0.05696,360,117,186429.54,2025-05-02T07:00:00Z
2025-05-31,L00398,155418.75,0.05696,360,118,186429.54,2025-06-02T07:00:00Z
2025-06-30,L00398,155074.91,0.05696,360,119,186429.54,2025-07-02T07:00:00Z
2025-07-31,L00398,154729.43,0.05696,360,120,186429.54,2025-08-02T07:00:00Z
2025-08-31,L00398,154382.32,0.05696,360,121,186429.54,2025-09-02T07:00:00Z
2025-09-30,L00398,154033.55,0.05696,360,122,186429.54,2025-10-02T07:00:00Z
2024-01-31,L00399,423524.9,0.07048,180,41,495448.18,2024-02-02T07:00:00Z
2024-02-29,L00399,421545.87,0.07048,180,42,495448.18,2024-03-02T07:00:00Z
2024-03-31,L00399,419555.22,0.07048,180,43,495448.18,2024-04-02T07:00:00Z
2024-04-30,L00399,417552.87,0.07048,180,44,495448.18,2024-05-02T07:00:00Z
2024-05-31,L00399,415538.76,0.07048,180,45,495448.18,2024-06-02T07:00:00Z
2024-06-30,L00399,413512.83,0.07048,180,46,495448.18,2024-07-02T07:00:00Z
2024-07-31,L00399,411474.99,0.07048,180,47,495448.18,2024-08-02T07:00:00Z
2024-08-31,L00399,409425.18,0.07048,180,48,495448.18,2024-09-02T07:00:00Z
2024-09-30,L00399,407363.34,0.07048,180,49,495448.18,2024-10-02T07:00:00Z
2024-10-31,L00399,405289.39,0.07048,180,50,495448.18,2024-11-02T07:00:00Z
2024-11-30,L00399,403203.25,0.07048,180,51,495448.18,2024-12-02T07:00:00Z
2024-12-31,L00399,401104.86,0.07048,180,52,495448.18,2025-01-02T07:00:00Z
2025-01-31,L00399,398994.15,0.07048,180,53,495448.18,2025-02-02T07:00:00Z
2025-02-28,L00399,396871.04,0.07048,180,54,495448.18,2025-03-02T07:00:00Z
2025-03-31,L00399,394735.47,0.07048,180,55,495448.18,2025-04-02T07:00:00Z
2025-04-30,L00399,392587.34,0.07048,180,56,495448.18,2025-05-02T07:00:00Z
2025-05-31,L00399,390426.61,0.07048,180,57,495448.18,2025-06-02T07:00:00Z
2025-06-30,L00399,388253.18,0.07048,180,58,495448.18,2025-07-02T07:00:00Z
2025-07-31,L00399,386066.98,0.07048,180,59,495448.18,2025-08-02T07:00:00Z
2025-08-31,L00399,383867.95,0.07048,180,60,495448.18,2025-09-02T07:00:00Z
2025-09-30,L00399,381656.0,0.07048,180,61,495448.18,2025-10-02T07:00:00Z
2024-01-31,L00400,38176.91,0.05061,180,143,140631.23,2024-02-02T07:00:00Z
2024-02-29,L00400,37221.34,0.05061,180,144,140631.23,2024-03-02T07:00:00Z
2024-03-31,L00400,36261.74,0.05061,180,145,140631.23,2024-04-02T07:00:00Z
2024-04-30,L00400,35298.1,0.05061,180,146,140631.23,2024-05-02T07:00:00Z
2024-05-31,L00400,34330.39,0.05061,180,147,140631.23,2024-06-02T07:00:00Z
2024-06-30,L00400,33358.61,0.05061,180,148,140631.23,2024-07-02T07:00:00Z
2024-07-31,L00400,32382.72,0.05061,180,149,140631.23,2024-08-02T07:00:00Z
2024-08-31,L00400,31402.72,0.05061,180,150,140631.23,2024-09-02T07:00:00Z
2024-09-30,L00400,30418.58,0.05061,180,151,140631.23,2024-10-02T07:00:00Z
2024-10-31,L00400,29430.3,0.05061,180,152,140631.23,2024-11-02T07:00:00Z
2024-11-30,L00400,28437.84,0.05061,180,153,140631.23,2024-12-02T07:00:00Z
2024-12-31,L00400,27441.2,0.05061,180,154,140631.23,2025-01-02T07:00:00Z
2025-01-31,L00400,26440.36,0.05061,180,155,140631.23,2025-02-02T07:00:00Z
2025-02-28,L00400,25435.29,0.05061,180,156,140631.23,2025-03-02T07:00:00Z
2025-03-31,L00400,24425.99,0.05061,180,157,140631.23,2025-04-02T07:00:00Z
2025-04-30,L00400,23412.43,0.05061,180,158,140631.23,2025-05-02T07:00:00Z
2025-05-31,L00400,22394.6,0.05061,180,159,140631.23,2025-06-02T07:00:00Z
2025-06-30,L00400,21372.47,0.05061,180,160,140631.23,2025-07-02T07:00:00Z
2025-07-31,L00400,20346.03,0.05061,180,161,140631.23,2025-08-02T07:00:00Z
2025-08-31,L00400,19315.26,0.05061,180,162,140631.23,2025-09-02T07:00:00Z
2025-09-30,L00400,18280.15,0.05061,180,163,140631.23,2025-10-02T07:00:00Z
2024-01-31,L00401,120909.56,0.058,180,133,345938.78,2024-02-02T07:00:00Z
2024-02-29,L00401,118611.98,0.058,180,134,345938.78,2024-03-02T07:00:00Z
2024-03-31,L00401,116303.29,0.058,180,135,345938.78,2024-04-02T07:00:00Z
2024-04-30,L00401,113983.44,0.058,180,136,345938.78,2024-05-02T07:00:00Z
2024-05-31,L00401,111652.38,0.058,180,137,345938.78,2024-06-02T07:00:00Z
2024-06-30,L00401,109310.05,0.058,180,138,345938.78,2024-07-02T07:00:00Z
2024-07-31,L00401,106956.4,0.058,180,139,345938.78,2024-08-02T07:00:00Z
2024-08-31,L00401,104591.38,0.058,180,140,345938.78,2024-09-02T07:00:00Z
2024-09-30,L00401,102214.92,0.058,180,141,345938.78,2024-10-02T07:00:00Z
2024-10-31,L00401,99826.98,0.058,180,142,345938.78,2024-11-02T07:00:00Z
2024-11-30,L00401,97427.5,0.058,180,143,345938.78,2024-12-02T07:00:00Z
2024-12-31,L00401,95016.42,0.058,180,144,345938.78,2025-01-02T07:00:00Z
2025-01-31,L00401,92593.68,0.058,180,145,345938.78,2025-02-02T07:00:00Z
2025-02-28,L00401,90159.24,0.058,180,146,345938.78,2025-03-02T07:00:00Z
2025-03-31,L00401,87713.02,0.058,180,147,345938.78,2025-04-02T07:00:00Z
2025-04-30,L00401,85254.99,0.058,180,148,345938.78,2025-05-02T07:00:00Z
2025-05-31,L00401,82785.08,0.058,180,149,345938.78,2025-06-02T07:00:00Z
2025-06-30,L00401,80303.22,0.058,180,150,345938.78,2025-07-02T07:00:00Z
2025-07-31,L00401,77809.37,0.058,180,151,345938.78,2025-08-02T07:00:00Z
2025-08-31,L00401,75303.47,0.058,180,152,345938.78,2025-09-02T07:00:00Z
2025-09-30,L00401,72785.46,0.058,180,153,345938.78,2025-10-02T07:00:00Z
2024-01-31,L00402,131848.66,0.04843,300,110,172900.54,2024-02-02T07:00:00Z
2024-02-29,L00402,131385.77,0.04843,300,111,172900.54,2024-03-02T07:00:00Z
2024-03-31,L00402,130921.02,0.04843,300,112,172900.54,2024-04-02T07:00:00Z
2024-04-30,L00402,130454.39,0.04843,300,113,172900.54,2024-05-02T07:00:00Z
2024-05-31,L00402,129985.87,0.04843,300,114,172900.54,2024-06-02T07:00:00Z
2024-06-30,L00402,129515.47,0.04843,300,115,172900.54,2024-07-02T07:00:00Z
2024-07-31,L00402,129043.16,0.04843,300,116,172900.54,2024-08-02T07:00:00Z
2024-08-31,L00402,128568.95,0.04843,300,117,172900.54,2024-09-02T07:00:00Z
2024-09-30,L00402,128092.83,0.04843,300,118,172900.54,2024-10-02T07:00:00Z
2024-10-31,L00402,127614.78,0.04843,300,119,172900.54,2024-11-02T07:00:00Z
2024-11-30,L00402,127134.81,0.04843,300,120,172900.54,2024-12-02T07:00:00Z
2024-12-31,L00402,126652.9,0.04843,300,121,172900.54,2025-01-02T07:00:00Z
2025-01-31,L00402,126169.04,0.04843,300,122,172900.54,2025-02-02T07:00:00Z
2025-02-28,L00402,125683.23,0.04843,300,123,172900.54,2025-03-02T07:00:00Z
2025-03-31,L00402,125195.46,0.04843,300,124,172900.54,2025-04-02T07:00:00Z
2025-04-30,L00402,124705.72,0.04843,300,125,172900.54,2025-05-02T07:00:00Z
2025-05-31,L00402,124214.0,0.04843,300,126,172900.54,2025-06-02T07:00:00Z
2025-06-30,L00402,123720.3,0.04843,300,127,172900.54,2025-07-02T07:00:00Z
2025-07-31,L00402,123224.61,0.04843,300,128,172900.54,2025-08-02T07:00:00Z
2025-08-31,L00402,122726.92,0.04843,300,129,172900.54,2025-09-02T07:00:00Z
2025-09-30,L00402,122227.22,0.04843,300,130,172900.54,2025-10-02T07:00:00Z
2024-01-31,L00403,140013.5,0.04421,360,67,155796.63,2024-02-02T07:00:00Z
2024-02-29,L00403,139747.23,0.04421,360,68,155796.63,2024-03-02T07:00:00Z
2024-03-31,L00403,139479.98,0.04421,360,69,155796.63,2024-04-02T07:00:00Z
2024-04-30,L00403,139211.74,0.04421,360,70,155796.63,2024-05-02T07:00:00Z
2024-05-31,L00403,138942.52,0.04421,360,71,155796.63,2024-06-02T07:00:00Z
2024-06-30,L00403,138672.3,0.04421,360,72,155796.63,2024-07-02T07:00:00Z
2024-07-31,L00403,138401.09,0.04421,360,73,155796.63,2024-08-02T07:00:00Z
2024-08-31,L00403,138128.88,0.04421,360,74,155796.63,2024-09-02T07:00:00Z
2024-09-30,L00403,137855.67,0.04421,360,75,155796.63,2024-10-02T07:00:00Z
2024-10-31,L00403,137581.45,0.04421,360,76,155796.63,2024-11-02T07:00:00Z
2024-11-30,L00403,137306.22,0.04421,360,77,155796.63,2024-12-02T07:00:00Z
2024-12-31,L00403,137029.98,0.04421,360,78,155796.63,2025-01-02T07:00:00Z
2025-01-31,L00403,136752.72,0.04421,360,79,155796.63,2025-02-02T07:00:00Z
2025-02-28,L00403,136474.43,0.04421,360,80,155796.63,2025-03-02T07:00:00Z
2025-03-31,L00403,136195.13,0.04421,360,81,155796.63,2025-04-02T07:00:00Z
2025-04-30,L00403,135914.79,0.04421,360,82,155796.63,2025-05-02T07:00:00Z
2025-05-31,L00403,135633.42,0.04421,360,83,155796.63,2025-06-02T07:00:00Z
2025-06-30,L00403,135351.01,0.04421,360,84,155796.63,2025-07-02T07:00:00Z
2025-07-31,L00403,135067.57,0.04421,360,85,155796.63,2025-08-02T07:00:00Z
2025-08-31,L00403,134783.08,0.04421,360,86,155796.63,2025-09-02T07:00:00Z
2025-09-30,L00403,134497.54,0.04421,360,87,155796.63,2025-10-02T07:00:00Z
2024-01-31,L00404,211263.68,0.0462,300,67,244377.48,2024-02-02T07:00:00Z
2024-02-29,L00404,210702.02,0.0462,300,68,244377.48,2024-03-02T07:00:00Z
2024-03-31,L00404,210138.19,0.0462,300,69,244377.48,2024-04-02T07:00:00Z
2024-04-30,L00404,209572.2,0.0462,300,70,244377.48,2024-05-02T07:00:00Z
2024-05-31,L00404,209004.02,0.0462,300,71,244377.48,2024-06-02T07:00:00Z
2024-06-30,L00404,208433.66,0.0462,300,72,244377.48,2024-07-02T07:00:00Z
2024-07-31,L00404,207861.1,0.0462,300,73,244377.48,2024-08-02T07:00:00Z
2024-08-31,L00404,207286.34,0.0462,300,74,244377.48,2024-09-02T07:00:00Z
2024-09-30,L00404,206709.36,0.0462,300,75,244377.48,2024-10-02T07:00:00Z
2024-10-31,L00404,206130.16,0.0462,300,76,244377.48,2024-11-02T07:00:00Z
2024-11-30,L00404,205548.74,0.0462,300,77,244377.48,2024-12-02T07:00:00Z
2024-12-31,L00404,199089.24,0.0462,300,78,244377.48,2025-01-02T07:00:00Z
2025-01-31,L00404,198520.12,0.0462,300,79,244377.48,2025-02-02T07:00:00Z
2025-02-28,L00404,197948.82,0.0462,300,80,244377.48,2025-03-02T07:00:00Z
2025-03-31,L00404,197375.31,0.0462,300,81,244377.48,2025-04-02T07:00:00Z
2025-04-30,L00404,196799.6,0.0462,300,82,244377.48,2025-05-02T07:00:00Z
2025-05-31,L00404,196221.67,0.0462,300,83,244377.48,2025-06-02T07:00:00Z
2025-06-30,L00404,195641.51,0.0462,300,84,244377.48,2025-07-02T07:00:00Z
2025-07-31,L00404,195059.12,0.0462,300,85,244377.48,2025-08-02T07:00:00Z
2025-08-31,L00404,194474.49,0.0462,300,86,244377.48,2025-09-02T07:00:00Z
2025-09-30,L00404,193887.61,0.0462,300,87,244377.48,2025-10-02T07:00:00Z
2024-01-31,L00405,261048.04,0.06462,180,9,269231.5,2024-02-02T07:00:00Z
2024-02-29,L00405,260114.11,0.06462,180,10,269231.5,2024-03-02T07:00:00Z
2024-03-31,L00405,259175.15,0.06462,180,11,269231.5,2024-04-02T07:00:00Z
2024-04-30,L00405,258231.13,0.06462,180,12,269231.5,2024-05-02T07:00:00Z
2024-05-31,L00405,257282.03,0.06462,180,13,269231.5,2024-06-02T07:00:00Z
2024-06-30,L00405,256327.82,0.06462,180,14,269231.5,2024-07-02T07:00:00Z
2024-07-31,L00405,255368.47,0.06462,180,15,269231.5,2024-08-02T07:00:00Z
2024-08-31,L00405,254403.95,0.06462,180,16,269231.5,2024-09-02T07:00:00Z
2024-09-30,L00405,253434.24,0.06462,180,17,269231.5,2024-10-02T07:00:00Z
2024-10-31,L00405,252459.31,0.06462,180,18,269231.5,2024-11-02T07:00:00Z
2024-11-30,L00405,251479.13,0.06462,180,19,269231.5,2024-12-02T07:00:00Z
2024-12-31,L00405,250493.67,0.06462,180,20,269231.5,2025-01-02T07:00:00Z
2025-01-31,L00405,249502.9,0.06462,180,21,269231.5,2025-02-02T07:00:00Z
2025-02-28,L00405,248506.8,0.06462,180,22,269231.5,2025-03-02T07:00:00Z
2025-03-31,L00405,247505.34,0.06462,180,23,269231.5,2025-04-02T07:00:00Z
2025-04-30,L00405,246498.48,0.06462,180,24,269231.5,2025-05-02T07:00:00Z
2025-05-31,L00405,245486.2,0.06462,180,25,269231.5,2025-06-02T07:00:00Z
2025-06-30,L00405,244468.47,0.06462,180,26,269231.5,2025-07-02T07:00:00Z
2025-07-31,L00405,243445.25,0.06462,180,27,269231.5,2025-08-02T07:00:00Z
2025-08-31,L00405,242416.53,0.06462,180,28,269231.5,2025-09-02T07:00:00Z
2025-09-30,L00405,241382.27,0.06462,180,29,269231.5,2025-10-02T07:00:00Z
2024-01-31,L00406,156690.34,0.06099,180,59,204529.61,2024-02-02T07:00:00Z
2024-02-29,L00406,155749.82,0.06099,180,60,204529.61,2024-03-02T07:00:00Z
2024-03-31,L00406,154804.52,0.06099,180,61,204529.61,2024-04-02T07:00:00Z
2024-04-30,L00406,153854.42,0.06099,180,62,204529.61,2024-05-02T07:00:00Z
2024-05-31,L00406,152899.49,0.06099,180,63,204529.61,2024-06-02T07:00:00Z
2024-06-30,L00406,151939.7,0.06099,180,64,204529.61,2024-07-02T07:00:00Z
2024-07-31,L00406,150975.04,0.06099,180,65,204529.61,2024-08-02T07:00:00Z
2024-08-31,L00406,150005.48,0.06099,180,66,204529.61,2024-09-02T07:00:00Z
2024-09-30,L00406,149030.98,0.06099,180,67,204529.61,2024-10-02T07:00:00Z
2024-10-31,L00406,148051.54,0.06099,180,68,204529.61,2024-11-02T07:00:00Z
2024-11-30,L00406,147067.12,0.06099,180,69,204529.61,2024-12-02T07:00:00Z
2024-12-31,L00406,146077.69,0.06099,180,70,204529.61,2025-01-02T07:00:00Z
2025-01-31,L00406,145083.23,0.06099,180,71,204529.61,2025-02-02T07:00:00Z
2025-02-28,L00406,144083.72,0.06099,180,72,204529.61,2025-03-02T07:00:00Z
2025-03-31,L00406,143079.13,0.06099,180,73,204529.61,2025-04-02T07:00:00Z
2025-04-30,L00406,142069.44,0.06099,180,74,204529.61,2025-05-02T07:00:00Z
2025-05-31,L00406,141054.61,0.06099,180,75,204529.61,2025-06-02T07:00:00Z
2025-06-30,L00406,140034.62,0.06099,180,76,204529.61,2025-07-02T07:00:00Z
2025-07-31,L00406,139009.45,0.06099,180,77,204529.61,2025-08-02T07:00:00Z
2025-08-31,L00406,137979.07,0.06099,180,78,204529.61,2025-09-02T07:00:00Z
2025-09-30,L00406,136943.46,0.06099,180,79,204529.61,2025-10-02T07:00:00Z
2024-01-31,L00407,232774.44,0.05653,360,45,245844.92,2024-02-02T07:00:00Z
2024-02-29,L00407,232451.43,0.05653,360,46,245844.92,2024-03-02T07:00:00Z
2024-03-31,L00407,232126.9,0.05653,360,47,245844.92,2024-04-02T07:00:00Z
2024-04-30,L00407,231800.84,0.05653,360,48,245844.92,2024-05-02T07:00:00Z
2024-05-31,L00407,231473.24,0.05653,360,49,245844.92,2024-06-02T07:00:00Z
2024-06-30,L00407,231144.1,0.05653,360,50,245844.92,2024-07-02T07:00:00Z
2024-07-31,L00407,230813.41,0.05653,360,51,245844.92,2024-08-02T07:00:00Z
2024-08-31,L00407,230481.16,0.05653,360,52,245844.92,2024-09-02T07:00:00Z
2024-09-30,L00407,230147.35,0.05653,360,53,245844.92,2024-10-02T07:00:00Z
2024-10-31,L00407,229811.97,0.05653,360,54,245844.92,2024-11-02T07:00:00Z
2024-11-30,L00407,229475.0,0.05653,360,55,245844.92,2024-12-02T07:00:00Z
2024-12-31,L00407,229136.45,0.05653,360,56,245844.92,2025-01-02T07:00:00Z
2025-01-31,L00407,228796.3,0.05653,360,57,245844.92,2025-02-02T07:00:00Z
2025-02-28,L00407,228454.55,0.05653,360,58,245844.92,2025-03-02T07:00:00Z
2025-03-31,L00407,228111.19,0.05653,360,59,245844.92,2025-04-02T07:00:00Z
2025-04-30,L00407,227766.21,0.05653,360,60,245844.92,2025-05-02T07:00:00Z
2025-05-31,L00407,227419.61,0.05653,360,61,245844.92,2025-06-02T07:00:00Z
2025-06-30,L00407,227071.38,0.05653,360,62,245844.92,2025-07-02T07:00:00Z
2025-07-31,L00407,226721.5,0.05653,360,63,245844.92,2025-08-02T07:00:00Z
2025-08-31,L00407,226369.98,0.05653,360,64,245844.92,2025-09-02T07:00:00Z
2025-09-30,L00407,226016.8,0.05653,360,65,245844.92,2025-10-02T07:00:00Z
2024-01-31,L00408,134183.11,0.05466,300,152,203952.8,2024-02-02T07:00:00Z
2024-02-29,L00408,133546.0,0.05466,300,153,203952.8,2024-03-02T07:00:00Z
2024-03-31,L00408,132905.99,0.05466,300,154,203952.8,2024-04-02T07:00:00Z
2024-04-30,L00408,132263.07,0.05466,300,155,203952.8,2024-05-02T07:00:00Z
2024-05-31,L00408,131617.21,0.05466,300,156,203952.8,2024-06-02T07:00:00Z
2024-06-30,L00408,130968.42,0.05466,300,157,203952.8,2024-07-02T07:00:00Z
2024-07-31,L00408,130316.67,0.05466,300,158,203952.8,2024-08-02T07:00:00Z
2024-08-31,L00408,129661.95,0.05466,300,159,203952.8,2024-09-02T07:00:00Z
2024-09-30,L00408,123179.7,0.05466,300,160,203952.8,2024-10-02T07:00:00Z
2024-10-31,L00408,122548.83,0.05466,300,161,203952.8,2024-11-02T07:00:00Z
2024-11-30,L00408,121915.09,0.05466,300,162,203952.8,2024-12-02T07:00:00Z
2024-12-31,L00408,121278.47,0.05466,300,163,203952.8,2025-01-02T07:00:00Z
2025-01-31,L00408,120638.94,0.05466,300,164,203952.8,2025-02-02T07:00:00Z
2025-02-28,L00408,119996.5,0.05466,300,165,203952.8,2025-03-02T07:00:00Z
2025-03-31,L00408,119351.14,0.05466,300,166,203952.8,2025-04-02T07:00:00Z
2025-04-30,L00408,118702.83,0.05466,300,167,203952.8,2025-05-02T07:00:00Z
2025-05-31,L00408,118051.57,0.05466,300,168,203952.8,2025-06-02T07:00:00Z
2025-06-30,L00408,117397.35,0.05466,300,169,203952.8,2025-07-02T07:00:00Z
2025-07-31,L00408,116740.14,0.05466,300,170,203952.8,2025-08-02T07:00:00Z
2025-08-31,L00408,116079.94,0.05466,300,171,203952.8,2025-09-02T07:00:00Z
2025-09-30,L00408,115416.74,0.05466,300,172,203952.8,2025-10-02T07:00:00Z
2024-01-31,L00409,33679.33,0.04791,180,132,99035.49,2024-02-02T07:00:00Z
2024-02-29,L00409,33041.36,0.04791,180,133,99035.49,2024-03-02T07:00:00Z
2024-03-31,L00409,32400.85,0.04791,180,134,99035.49,2024-04-02T07:00:00Z
2024-04-30,L00409,31757.79,0.04791,180,135,99035.49,2024-05-02T07:00:00Z
2024-05-31,L00409,31112.16,0.04791,180,136,99035.49,2024-06-02T07:00:00Z
2024-06-30,L00409,30463.94,0.04791,180,137,99035.49,2024-07-02T07:00:00Z
2024-07-31,L00409,29813.14,0.04791,180,138,99035.49,2024-08-02T07:00:00Z
2024-08-31,L00409,29159.75,0.04791,180,139,99035.49,2024-09-02T07:00:00Z
2024-09-30,L00409,28503.74,0.04791,180,140,99035.49,2024-10-02T07:00:00Z
2024-10-31,L00409,27845.12,0.04791,180,141,99035.49,2024-11-02T07:00:00Z
2024-11-30,L00409,27183.86,0.04791,180,142,99035.49,2024-12-02T07:00:00Z
2024-12-31,L00409,26519.97,0.04791,180,143,99035.49,2025-01-02T07:00:00Z
2025-01-31,L00409,25853.42,0.04791,180,144,99035.49,2025-02-02T07:00:00Z
2025-02-28,L00409,25184.21,0.04791,180,145,99035.49,2025-03-02T07:00:00Z
2025-03-31,L00409,24512.33,0.04791,180,146,99035.49,2025-04-02T07:00:00Z
2025-04-30,L00409,23837.77,0.04791,180,147,99035.49,2025-05-02T07:00:00Z
2025-05-31,L00409,23160.52,0.04791,180,148,99035.49,2025-06-02T07:00:00Z
2025-06-30,L00409,22480.56,0.04791,180,149,99035.49,2025-07-02T07:00:00Z
2025-07-31,L00409,21797.89,0.04791,180,150,99035.49,2025-08-02T07:00:00Z
2025-08-31,L00409,21112.49,0.04791,180,151,99035.49,2025-09-02T07:00:00Z
2025-09-30,L00409,20424.35,0.04791,180,152,99035.49,2025-10-02T07:00:00Z
2024-01-31,L00410,466068.47,0.05593,360,146,600784.52,2024-02-02T07:00:00Z
2024-02-29,L00410,463422.55,0.05593,360,147,600784.52,2024-03-02T07:00:00Z
2024-03-31,L00410,462146.33,0.05593,360,148,600784.52,2024-04-02T07:00:00Z
2024-04-30,L00410,454958.71,0.05593,360,149,600784.52,2024-05-02T07:00:00Z
2024-05-31,L00410,453687.08,0.05593,360,150,600784.52,2024-06-02T07:00:00Z
2024-06-30,L00410,452409.51,0.05593,360,151,600784.52,2024-07-02T07:00:00Z
2024-07-31,L00410,451125.99,0.05593,360,152,600784.52,2024-08-02T07:00:00Z
2024-08-31,L00410,449836.49,0.05593,360,153,600784.52,2024-09-02T07:00:00Z
2024-09-30,L00410,448540.98,0.05593,360,154,600784.52,2024-10-02T07:00:00Z
2024-10-31,L00410,447239.43,0.05593,360,155,600784.52,2024-11-02T07:00:00Z
2024-11-30,L00410,445931.82,0.05593,360,156,600784.52,2024-12-02T07:00:00Z
2024-12-31,L00410,444618.11,0.05593,360,157,600784.52,2025-01-02T07:00:00Z
2025-01-31,L00410,443298.28,0.05593,360,158,600784.52,2025-02-02T07:00:00Z
2025-02-28,L00410,441972.29,0.05593,360,159,600784.52,2025-03-02T07:00:00Z
2025-03-31,L00410,440640.13,0.05593,360,160,600784.52,2025-04-02T07:00:00Z
2025-04-30,L00410,439301.75,0.05593,360,161,600784.52,2025-05-02T07:00:00Z
2025-05-31,L00410,437957.14,0.05593,360,162,600784.52,2025-06-02T07:00:00Z
2025-06-30,L00410,436606.26,0.05593,360,163,600784.52,2025-07-02T07:00:00Z
2025-07-31,L00410,435249.09,0.05593,360,164,600784.52,2025-08-02T07:00:00Z
2025-08-31,L00410,433885.59,0.05593,360,165,600784.52,2025-09-02T07:00:00Z
2025-09-30,L00410,432515.73,0.05593,360,166,600784.52,2025-10-02T07:00:00Z
2024-01-31,L00411,149578.16,0.05315,300,34,158894.63,2024-02-02T07:00:00Z
2024-02-29,L00411,149282.39,0.05315,300,35,158894.63,2024-03-02T07:00:00Z
2024-03-31,L00411,148985.31,0.05315,300,36,158894.63,2024-04-02T07:00:00Z
2024-04-30,L00411,148686.91,0.05315,300,37,158894.63,2024-05-02T07:00:00Z
2024-05-31,L00411,148387.2,0.05315,300,38,158894.63,2024-06-02T07:00:00Z
2024-06-30,L00411,148086.15,0.05315,300,39,158894.63,2024-07-02T07:00:00Z
2024-07-31,L00411,147783.78,0.05315,300,40,158894.63,2024-08-02T07:00:00Z
2024-08-31,L00411,147480.06,0.05315,300,41,158894.63,2024-09-02T07:00:00Z
2024-09-30,L00411,147175.0,0.05315,300,42,158894.63,2024-10-02T07:00:00Z
2024-10-31,L00411,146868.59,0.05315,300,43,158894.63,2024-11-02T07:00:00Z
2024-11-30,L00411,146560.82,0.05315,300,44,158894.63,2024-12-02T07:00:00Z
2024-12-31,L00411,146251.68,0.05315,300,45,158894.63,2025-01-02T07:00:00Z
2025-01-31,L00411,145941.18,0.05315,300,46,158894.63,2025-02-02T07:00:00Z
2025-02-28,L00411,145629.3,0.05315,300,47,158894.63,2025-03-02T07:00:00Z
2025-03-31,L00411,145316.04,0.05315,300,48,158894.63,2025-04-02T07:00:00Z
2025-04-30,L00411,145001.4,0.05315,300,49,158894.63,2025-05-02T07:00:00Z
2025-05-31,L00411,144685.36,0.05315,300,50,158894.63,2025-06-02T07:00:00Z
2025-06-30,L00411,144367.92,0.05315,300,51,158894.63,2025-07-02T07:00:00Z
2025-07-31,L00411,144049.07,0.05315,300,52,158894.63,2025-08-02T07:00:00Z
2025-08-31,L00411,143728.81,0.05315,300,53,158894.63,2025-09-02T07:00:00Z
2025-09-30,L00411,143407.14,0.05315,300,54,158894.63,2025-10-02T07:00:00Z
2024-01-31,L00412,83823.42,0.0588,300,20,86487.83,2024-02-02T07:00:00Z
2024-02-29,L00412,83683.24,0.0588,300,21,86487.83,2024-03-02T07:00:00Z
2024-03-31,L00412,83542.37,0.0588,300,22,86487.83,2024-04-02T07:00:00Z
2024-04-30,L00412,83400.82,0.0588,300,23,86487.83,2024-05-02T07:00:00Z
2024-05-31,L00412,83258.57,0.0588,300,24,86487.83,2024-06-02T07:00:00Z
2024-06-30,L00412,83115.62,0.0588,300,25,86487.83,2024-07-02T07:00:00Z
2024-07-31,L00412,82971.97,0.0588,300,26,86487.83,2024-08-02T07:00:00Z
2024-08-31,L00412,82827.62,0.0588,300,27,86487.83,2024-09-02T07:00:00Z
2024-09-30,L00412,82682.56,0.0588,300,28,86487.83,2024-10-02T07:00:00Z
2024-10-31,L00412,82536.78,0.0588,300,29,86487.83,2024-11-02T07:00:00Z
2024-11-30,L00412,82390.3,0.0588,300,30,86487.83,2024-12-02T07:00:00Z
2024-12-31,L00412,82243.1,0.0588,300,31,86487.83,2025-01-02T07:00:00Z
2025-01-31,L00412,82095.17,0.0588,300,32,86487.83,2025-02-02T07:00:00Z
2025-02-28,L00412,81946.52,0.0588,300,33,86487.83,2025-03-02T07:00:00Z
2025-03-31,L00412,81797.15,0.0588,300,34,86487.83,2025-04-02T07:00:00Z
2025-04-30,L00412,81647.04,0.0588,300,35,86487.83,2025-05-02T07:00:00Z
2025-05-31,L00412,81496.19,0.0588,300,36,86487.83,2025-06-02T07:00:00Z
2025-06-30,L00412,81344.61,0.0588,300,37,86487.83,2025-07-02T07:00:00Z
2025-07-31,L00412,81192.28,0.0588,300,38,86487.83,2025-08-02T07:00:00Z
2025-08-31,L00412,81039.21,0.0588,300,39,86487.83,2025-09-02T07:00:00Z
2025-09-30,L00412,80885.38,0.0588,300,40,86487.83,2025-10-02T07:00:00Z
2024-01-31,L00413,523989.38,0.04872,360,51,563160.26,2024-02-02T07:00:00Z
2024-02-29,L00413,523137.51,0.04872,360,52,563160.26,2024-03-02T07:00:00Z
2024-03-31,L00413,522282.18,0.04872,360,53,563160.26,2024-04-02T07:00:00Z
2024-04-30,L00413,521423.38,0.04872,360,54,563160.26,2024-05-02T07:00:00Z
2024-05-31,L00413,520561.1,0.04872,360,55,563160.26,2024-06-02T07:00:00Z
2024-06-30,L00413,519695.31,0.04872,360,56,563160.26,2024-07-02T07:00:00Z
2024-07-31,L00413,518826.01,0.04872,360,57,563160.26,2024-08-02T07:00:00Z
2024-08-31,L00413,517953.18,0.04872,360,58,563160.26,2024-09-02T07:00:00Z
2024-09-30,L00413,517076.8,0.04872,360,59,563160.26,2024-10-02T07:00:00Z
2024-10-31,L00413,512803.82,0.04872,360,60,563160.26,2024-11-02T07:00:00Z
2024-11-30,L00413,511926.12,0.04872,360,61,563160.26,2024-12-02T07:00:00Z
2024-12-31,L00413,511044.86,0.04872,360,62,563160.26,2025-01-02T07:00:00Z
2025-01-31,L00413,510160.02,0.04872,360,63,563160.26,2025-02-02T07:00:00Z
2025-02-28,L00413,509271.59,0.04872,360,64,563160.26,2025-03-02T07:00:00Z
2025-03-31,L00413,508379.55,0.04872,360,65,563160.26,2025-04-02T07:00:00Z
2025-04-30,L00413,507483.89,0.04872,360,66,563160.26,2025-05-02T07:00:00Z
2025-05-31,L00413,501089.81,0.04872,360,67,563160.26,2025-06-02T07:00:00Z
2025-06-30,L00413,500196.66,0.04872,360,68,563160.26,2025-07-02T07:00:00Z
2025-07-31,L00413,499299.88,0.04872,360,69,563160.26,2025-08-02T07:00:00Z
2025-08-31,L00413,498399.46,0.04872,360,70,563160.26,2025-09-02T07:00:00Z
2025-09-30,L00413,497495.38,0.04872,360,71,563160.26,2025-10-02T07:00:00Z
2024-01-31,L00414,554608.87,0.06698,360,28,569578.02,2024-02-02T07:00:00Z
2024-02-29,L00414,554029.91,0.06698,360,29,569578.02,2024-03-02T07:00:00Z
2024-03-31,L00414,553447.72,0.06698,360,30,569578.02,2024-04-02T07:00:00Z
2024-04-30,L00414,552862.27,0.06698,360,31,569578.02,2024-05-02T07:00:00Z
2024-05-31,L00414,552273.56,0.06698,360,32,569578.02,2024-06-02T07:00:00Z
2024-06-30,L00414,551681.56,0.06698,360,33,569578.02,2024-07-02T07:00:00Z
2024-07-31,L00414,551086.25,0.06698,360,34,569578.02,2024-08-02T07:00:00Z
2024-08-31,L00414,550487.63,0.06698,360,35,569578.02,2024-09-02T07:00:00Z
2024-09-30,L00414,549885.66,0.06698,360,36,569578.02,2024-10-02T07:00:00Z
2024-10-31,L00414,549280.33,0.06698,360,37,569578.02,2024-11-02T07:00:00Z
2024-11-30,L00414,548671.63,0.06698,360,38,569578.02,2024-12-02T07:00:00Z
2024-12-31,L00414,548059.52,0.06698,360,39,569578.02,2025-01-02T07:00:00Z
2025-01-31,L00414,547444.0,0.06698,360,40,569578.02,2025-02-02T07:00:00Z
2025-02-28,L00414,546825.05,0.06698,360,41,569578.02,2025-03-02T07:00:00Z
2025-03-31,L00414,546202.64,0.06698,360,42,569578.02,2025-04-02T07:00:00Z
2025-04-30,L00414,545576.75,0.06698,360,43,569578.02,2025-05-02T07:00:00Z
2025-05-31,L00414,544947.37,0.06698,360,44,569578.02,2025-06-02T07:00:00Z
2025-06-30,L00414,544314.48,0.06698,360,45,569578.02,2025-07-02T07:00:00Z
2025-07-31,L00414,543678.06,0.06698,360,46,569578.02,2025-08-02T07:00:00Z
2025-08-31,L00414,543038.08,0.06698,360,47,569578.02,2025-09-02T07:00:00Z
2025-09-30,L00414,542394.53,0.06698,360,48,569578.02,2025-10-02T07:00:00Z
2024-01-31,L00415,138235.26,0.05626,300,10,140426.84,2024-02-02T07:00:00Z
2024-02-29,L00415,138010.41,0.05626,300,11,140426.84,2024-03-02T07:00:00Z
2024-03-31,L00415,137784.5,0.05626,300,12,140426.84,2024-04-02T07:00:00Z
2024-04-30,L00415,137557.54,0.05626,300,13,140426.84,2024-05-02T07:00:00Z
2024-05-31,L00415,132412.82,0.05626,300,14,140426.84,2024-06-02T07:00:00Z
2024-06-30,L00415,132191.93,0.05626,300,15,140426.84,2024-07-02T07:00:00Z
2024-07-31,L00415,131970.0,0.05626,300,16,140426.84,2024-08-02T07:00:00Z
2024-08-31,L00415,131747.03,0.05626,300,17,140426.84,2024-09-02T07:00:00Z
2024-09-30,L00415,131523.02,0.05626,300,18,140426.84,2024-10-02T07:00:00Z
2024-10-31,L00415,131297.95,0.05626,300,19,140426.84,2024-11-02T07:00:00Z
2024-11-30,L00415,131071.83,0.05626,300,20,140426.84,2024-12-02T07:00:00Z
2024-12-31,L00415,130844.65,0.05626,300,21,140426.84,2025-01-02T07:00:00Z
2025-01-31,L00415,130616.4,0.05626,300,22,140426.84,2025-02-02T07:00:00Z
2025-02-28,L00415,130387.09,0.05626,300,23,140426.84,2025-03-02T07:00:00Z
2025-03-31,L00415,130156.7,0.05626,300,24,140426.84,2025-04-02T07:00:00Z
2025-04-30,L00415,127335.03,0.05626,300,25,140426.84,2025-05-02T07:00:00Z
2025-05-31,L00415,127107.11,0.05626,300,26,140426.84,2025-06-02T07:00:00Z
2025-06-30,L00415,126878.12,0.05626,300,27,140426.84,2025-07-02T07:00:00Z
2025-07-31,L00415,126648.06,0.05626,300,28,140426.84,2025-08-02T07:00:00Z
2025-08-31,L00415,126416.92,0.05626,300,29,140426.84,2025-09-02T07:00:00Z
2025-09-30,L00415,126184.69,0.05626,300,30,140426.84,2025-10-02T07:00:00Z
2024-01-31,L00416,549348.02,0.05882,360,61,592090.54,2024-02-02T07:00:00Z
2024-02-29,L00416,548535.65,0.05882,360,62,592090.54,2024-03-02T07:00:00Z
2024-03-31,L00416,547719.3,0.05882,360,63,592090.54,2024-04-02T07:00:00Z
2024-04-30,L00416,546898.95,0.05882,360,64,592090.54,2024-05-02T07:00:00Z
2024-05-31,L00416,546074.58,0.05882,360,65,592090.54,2024-06-02T07:00:00Z
2024-06-30,L00416,545246.17,0.05882,360,66,592090.54,2024-07-02T07:00:00Z
2024-07-31,L00416,544413.69,0.05882,360,67,592090.54,2024-08-02T07:00:00Z
2024-08-31,L00416,543577.14,0.05882,360,68,592090.54,2024-09-02T07:00:00Z
2024-09-30,L00416,542736.48,0.05882,360,69,592090.54,2024-10-02T07:00:00Z
2024-10-31,L00416,541891.71,0.05882,360,70,592090.54,2024-11-02T07:00:00Z
2024-11-30,L00416,541042.79,0.05882,360,71,592090.54,2024-12-02T07:00:00Z
2024-12-31,L00416,540189.72,0.05882,360,72,592090.54,2025-01-02T07:00:00Z
2025-01-31,L00416,539332.46,0.05882,360,73,592090.54,2025-02-02T07:00:00Z
2025-02-28,L00416,538471.0,0.05882,360,74,592090.54,2025-03-02T07:00:00Z
2025-03-31,L00416,537605.31,0.05882,360,75,592090.54,2025-04-02T07:00:00Z
2025-04-30,L00416,536735.39,0.05882,360,76,592090.54,2025-05-02T07:00:00Z
2025-05-31,L00416,535861.2,0.05882,360,77,592090.54,2025-06-02T07:00:00Z
2025-06-30,L00416,534982.72,0.05882,360,78,592090.54,2025-07-02T07:00:00Z
2025-07-31,L00416,534099.94,0.05882,360,79,592090.54,2025-08-02T07:00:00Z
2025-08-31,L00416,532121.12,0.05882,360,80,592090.54,2025-09-02T07:00:00Z
2025-09-30,L00416,531231.49,0.05882,360,81,592090.54,2025-10-02T07:00:00Z
2024-01-31,L00417,66315.93,0.06153,300,194,124299.55,2024-02-02T07:00:00Z
2024-02-29,L00417,65843.43,0.06153,300,195,124299.55,2024-03-02T07:00:00Z
2024-03-31,L00417,65368.52,0.06153,300,196,124299.55,2024-04-02T07:00:00Z
2024-04-30,L00417,64891.16,0.06153,300,197,124299.55,2024-05-02T07:00:00Z
2024-05-31,L00417,64411.36,0.06153,300,198,124299.55,2024-06-02T07:00:00Z
2024-06-30,L00417,63929.11,0.06153,300,199,124299.55,2024-07-02T07:00:00Z
2024-07-31,L00417,63444.37,0.06153,300,200,124299.55,2024-08-02T07:00:00Z
2024-08-31,L00417,62957.15,0.06153,300,201,124299.55,2024-09-02T07:00:00Z
2024-09-30,L00417,62467.44,0.06153,300,202,124299.55,2024-10-02T07:00:00Z
2024-10-31,L00417,61975.21,0.06153,300,203,124299.55,2024-11-02T07:00:00Z
2024-11-30,L00417,61480.46,0.06153,300,204,124299.55,2024-12-02T07:00:00Z
2024-12-31,L00417,60983.17,0.06153,300,205,124299.55,2025-01-02T07:00:00Z
2025-01-31,L00417,60483.33,0.06153,300,206,124299.55,2025-02-02T07:00:00Z
2025-02-28,L00417,57953.3,0.06153,300,207,124299.55,2025-03-02T07:00:00Z
2025-03-31,L00417,57465.4,0.06153,300,208,124299.55,2025-04-02T07:00:00Z
2025-04-30,L00417,56974.99,0.06153,300,209,124299.55,2025-05-02T07:00:00Z
2025-05-31,L00417,56482.06,0.06153,300,210,124299.55,2025-06-02T07:00:00Z
2025-06-30,L00417,55986.61,0.06153,300,211,124299.55,2025-07-02T07:00:00Z
2025-07-31,L00417,55488.62,0.06153,300,212,124299.55,2025-08-02T07:00:00Z
2025-08-31,L00417,54988.08,0.06153,300,213,124299.55,2025-09-02T07:00:00Z
2025-09-30,L00417,54484.97,0.06153,300,214,124299.55,2025-10-02T07:00:00Z
2024-01-31,L00418,182482.22,0.05519,360,138,230860.91,2024-02-02T07:00:00Z
2024-02-29,L00418,182007.93,0.05519,360,139,230860.91,2024-03-02T07:00:00Z
2024-03-31,L00418,181531.46,0.05519,360,140,230860.91,2024-04-02T07:00:00Z
2024-04-30,L00418,181052.8,0.05519,360,141,230860.91,2024-05-02T07:00:00Z
2024-05-31,L00418,180571.93,0.05519,360,142,230860.91,2024-06-02T07:00:00Z
2024-06-30,L00418,180088.86,0.05519,360,143,230860.91,2024-07-02T07:00:00Z
2024-07-31,L00418,179603.56,0.05519,360,144,230860.91,2024-08-02T07:00:00Z
2024-08-31,L00418,179116.03,0.05519,360,145,230860.91,2024-09-02T07:00:00Z
2024-09-30,L00418,178626.26,0.05519,360,146,230860.91,2024-10-02T07:00:00Z
2024-10-31,L00418,178134.23,0.05519,360,147,230860.91,2024-11-02T07:00:00Z
2024-11-30,L00418,177639.94,0.05519,360,148,230860.91,2024-12-02T07:00:00Z
2024-12-31,L00418,177143.38,0.05519,360,149,230860.91,2025-01-02T07:00:00Z
2025-01-31,L00418,176644.54,0.05519,360,150,230860.91,2025-02-02T07:00:00Z
2025-02-28,L00418,176143.4,0.05519,360,151,230860.91,2025-03-02T07:00:00Z
2025-03-31,L00418,175639.96,0.05519,360,152,230860.91,2025-04-02T07:00:00Z
2025-04-30,L00418,175134.2,0.05519,360,153,230860.91,2025-05-02T07:00:00Z
2025-05-31,L00418,174626.11,0.05519,360,154,230860.91,2025-06-02T07:00:00Z
2025-06-30,L00418,174115.69,0.05519,360,155,230860.91,2025-07-02T07:00:00Z
2025-07-31,L00418,173602.92,0.05519,360,156,230860.91,2025-08-02T07:00:00Z
2025-08-31,L00418,173087.8,0.05519,360,157,230860.91,2025-09-02T07:00:00Z
2025-09-30,L00418,172570.3,0.05519,360,158,230860.91,2025-10-02T07:00:00Z
2024-01-31,L00419,240418.7,0.07345,360,148,294451.35,2024-02-02T07:00:00Z
2024-02-29,L00419,239862.58,0.07345,360,149,294451.35,2024-03-02T07:00:00Z
2024-03-31,L00419,239303.05,0.07345,360,150,294451.35,2024-04-02T07:00:00Z
2024-04-30,L00419,238740.1,0.07345,360,151,294451.35,2024-05-02T07:00:00Z
2024-05-31,L00419,238173.71,0.07345,360,152,294451.35,2024-06-02T07:00:00Z
2024-06-30,L00419,237603.84,0.07345,360,153,294451.35,2024-07-02T07:00:00Z
2024-07-31,L00419,237030.49,0.07345,360,154,294451.35,2024-08-02T07:00:00Z
2024-08-31,L00419,236453.63,0.07345,360,155,294451.35,2024-09-02T07:00:00Z
2024-09-30,L00419,235873.24,0.07345,360,156,294451.35,2024-10-02T07:00:00Z
2024-10-31,L00419,235289.29,0.07345,360,157,294451.35,2024-11-02T07:00:00Z
2024-11-30,L00419,234701.77,0.07345,360,158,294451.35,2024-12-02T07:00:00Z
2024-12-31,L00419,234110.66,0.07345,360,159,294451.35,2025-01-02T07:00:00Z
2025-01-31,L00419,233515.93,0.07345,360,160,294451.35,2025-02-02T07:00:00Z
2025-02-28,L00419,232917.55,0.07345,360,161,294451.35,2025-03-02T07:00:00Z
2025-03-31,L00419,231278.9,0.07345,360,162,294451.35,2025-04-02T07:00:00Z
2025-04-30,L00419,230675.88,0.07345,360,163,294451.35,2025-05-02T07:00:00Z
2025-05-31,L00419,226212.81,0.07345,360,164,294451.35,2025-06-02T07:00:00Z
2025-06-30,L00419,225612.62,0.07345,360,165,294451.35,2025-07-02T07:00:00Z
2025-07-31,L00419,225008.76,0.07345,360,166,294451.35,2025-08-02T07:00:00Z
2025-08-31,L00419,224401.2,0.07345,360,167,294451.35,2025-09-02T07:00:00Z
2025-09-30,L00419,223789.92,0.07345,360,168,294451.35,2025-10-02T07:00:00Z
