date,card,fraud_confirmed,kt
2025-03-01,C00000,0,2025-04-15T00:00:00Z
2025-03-02,C00000,0,2025-04-16T00:00:00Z
2025-03-03,C00000,0,2025-04-17T00:00:00Z
2025-03-04,C00000,0,2025-04-18T00:00:00Z
2025-03-05,C00000,0,2025-04-19T00:00:00Z
2025-03-06,C00000,0,2025-04-20T00:00:00Z
2025-03-07,C00000,0,2025-04-21T00:00:00Z
2025-03-08,C00000,0,2025-04-22T00:00:00Z
2025-03-09,C00000,0,2025-04-23T00:00:00Z
2025-03-10,C00000,0,2025-04-24T00:00:00Z
2025-03-11,C00000,0,2025-04-25T00:00:00Z
2025-03-12,C00000,0,2025-04-26T00:00:00Z
2025-03-13,C00000,0,2025-04-27T00:00:00Z
2025-03-14,C00000,0,2025-04-28T00:00:00Z
2025-03-15,C00000,1,2025-04-29T00:00:00Z
2025-03-16,C00000,0,2025-04-30T00:00:00Z
2025-03-17,C00000,1,2025-05-01T00:00:00Z
2025-03-18,C00000,1,2025-05-02T00:00:00Z
2025-03-19,C00000,0,2025-05-03T00:00:00Z
2025-03-20,C00000,0,2025-05-04T00:00:00Z
2025-03-21,C00000,1,2025-05-05T00:00:00Z
2025-03-22,C00000,0,2025-05-06T00:00:00Z
2025-03-23,C00000,0,2025-05-07T00:00:00Z
2025-03-24,C00000,0,2025-05-08T00:00:00Z
2025-03-25,C00000,0,2025-05-09T00:00:00Z
2025-03-26,C00000,0,2025-05-10T00:00:00Z
2025-03-27,C00000,0,2025-05-11T00:00:00Z
2025-03-28,C00000,0,2025-05-12T00:00:00Z
2025-03-29,C00000,0,2025-05-13T00:00:00Z
2025-03-30,C00000,0,2025-05-14T00:00:00Z
2025-03-31,C00000,0,2025-05-15T00:00:00Z
2025-04-01,C00000,0,2025-05-16T00:00:00Z
2025-04-02,C00000,0,2025-05-17T00:00:00Z
2025-04-03,C00000,0,2025-05-18T00:00:00Z
2025-04-04,C00000,0,2025-05-19T00:00:00Z
2025-04-05,C00000,0,2025-05-20T00:00:00Z
2025-04-06,C00000,0,2025-05-21T00:00:00Z
2025-04-07,C00000,0,2025-05-22T00:00:00Z
2025-04-08,C00000,0,2025-05-23T00:00:00Z
2025-04-09,C00000,0,2025-05-24T00:00:00Z
2025-04-10,C00000,0,2025-05-25T00:00:00Z
2025-04-11,C00000,0,2025-05-26T00:00:00Z
2025-04-12,C00000,0,2025-05-27T00:00:00Z
2025-04-13,C00000,0,2025-05-28T00:00:00Z
2025-04-14,C00000,0,2025-05-29T00:00:00Z
2025-03-01,C00001,0,2025-04-15T00:00:00Z
2025-03-02,C00001,0,2025-04-16T00:00:00Z
2025-03-03,C00001,0,2025-04-17T00:00:00Z
2025-03-04,C00001,0,2025-04-18T00:00:00Z
2025-03-05,C00001,0,2025-04-19T00:00:00Z
2025-03-06,C00001,0,2025-04-20T00:00:00Z
2025-03-07,C00001,0,2025-04-21T00:00:00Z
2025-03-08,C00001,0,2025-04-22T00:00:00Z
2025-03-09,C00001,0,2025-04-23T00:00:00Z
2025-03-10,C00001,0,2025-04-24T00:00:00Z
2025-03-11,C00001,0,2025-04-25T00:00:00Z
2025-03-12,C00001,0,2025-04-26T00:00:00Z
2025-03-13,C00001,0,2025-04-27T00:00:00Z
2025-03-14,C00001,0,2025-04-28T00:00:00Z
2025-03-15,C00001,0,2025-04-29T00:00:00Z
2025-03-16,C00001,0,2025-04-30T00:00:00Z
2025-03-17,C00001,0,2025-05-01T00:00:00Z
2025-03-18,C00001,0,2025-05-02T00:00:00Z
2025-03-19,C00001,0,2025-05-03T00:00:00Z
2025-03-20,C00001,0,2025-05-04T00:00:00Z
2025-03-21,C00001,0,2025-05-05T00:00:00Z
2025-03-22,C00001,0,2025-05-06T00:00:00Z
2025-03-23,C00001,0,2025-05-07T00:00:00Z
2025-03-24,C00001,0,2025-05-08T00:00:00Z
2025-03-25,C00001,0,2025-05-09T00:00:00Z
2025-03-26,C00001,0,2025-05-10T00:00:00Z
2025-03-27,C00001,0,2025-05-11T00:00:00Z
2025-03-28,C00001,0,2025-05-12T00:00:00Z
2025-03-29,C00001,0,2025-05-13T00:00:00Z
2025-03-30,C00001,0,2025-05-14T00:00:00Z
2025-03-31,C00001,1,2025-05-15T00:00:00Z
2025-04-01,C00001,0,2025-05-16T00:00:00Z
2025-04-02,C00001,0,2025-05-17T00:00:00Z
2025-04-03,C00001,0,2025-05-18T00:00:00Z
2025-04-04,C00001,0,2025-05-19T00:00:00Z
2025-04-05,C00001,0,2025-05-20T00:00:00Z
2025-04-06,C00001,0,2025-05-21T00:00:00Z
2025-04-07,C00001,0,2025-05-22T00:00:00Z
2025-04-08,C00001,0,2025-05-23T00:00:00Z
2025-04-09,C00001,0,2025-05-24T00:00:00Z
2025-04-10,C00001,0,2025-05-25T00:00:00Z
2025-04-11,C00001,0,2025-05-26T00:00:00Z
2025-04-12,C00001,0,2025-05-27T00:00:00Z
2025-04-13,C00001,0,2025-05-28T00:00:00Z
2025-04-14,C00001,0,2025-05-29T00:00:00Z
2025-03-01,C00002,0,2025-04-15T00:00:00Z
2025-03-02,C00002,0,2025-04-16T00:00:00Z
2025-03-03,C00002,0,2025-04-17T00:00:00Z
2025-03-04,C00002,0,2025-04-18T00:00:00Z
2025-03-05,C00002,0,2025-04-19T00:00:00Z
2025-03-06,C00002,0,2025-04-20T00:00:00Z
2025-03-07,C00002,0,2025-04-21T00:00:00Z
2025-03-08,C00002,1,2025-04-22T00:00:00Z
2025-03-09,C00002,0,2025-04-23T00:00:00Z
2025-03-10,C00002,0,2025-04-24T00:00:00Z
2025-03-11,C00002,0,2025-04-25T00:00:00Z
2025-03-12,C00002,0,2025-04-26T00:00:00Z
2025-03-13,C00002,0,2025-04-27T00:00:00Z
2025-03-14,C00002,0,2025-04-28T00:00:00Z
2025-03-15,C00002,0,2025-04-29T00:00:00Z
2025-03-16,C00002,0,2025-04-30T00:00:00Z
2025-03-17,C00002,0,2025-05-01T00:00:00Z
2025-03-18,C00002,0,2025-05-02T00:00:00Z
2025-03-19,C00002,0,2025-05-03T00:00:00Z
2025-03-20,C00002,0,2025-05-04T00:00:00Z
2025-03-21,C00002,1,2025-05-05T00:00:00Z
2025-03-22,C00002,0,2025-05-06T00:00:00Z
2025-03-23,C00002,0,2025-05-07T00:00:00Z
2025-03-24,C00002,0,2025-05-08T00:00:00Z
2025-03-25,C00002,0,2025-05-09T00:00:00Z
2025-03-26,C00002,0,2025-05-10T00:00:00Z
2025-03-27,C00002,0,2025-05-11T00:00:00Z
2025-03-28,C00002,0,2025-05-12T00:00:00Z
2025-03-29,C00002,0,2025-05-13T00:00:00Z
2025-03-30,C00002,0,2025-05-14T00:00:00Z
2025-03-31,C00002,0,2025-05-15T00:00:00Z
2025-04-01,C00002,0,2025-05-16T00:00:00Z
2025-04-02,C00002,0,2025-05-17T00:00:00Z
2025-04-03,C00002,0,2025-05-18T00:00:00Z
2025-04-04,C00002,0,2025-05-19T00:00:00Z
2025-04-05,C00002,0,2025-05-20T00:00:00Z
2025-04-06,C00002,0,2025-05-21T00:00:00Z
2025-04-07,C00002,0,2025-05-22T00:00:00Z
2025-04-08,C00002,0,2025-05-23T00:00:00Z
2025-04-09,C00002,0,2025-05-24T00:00:00Z
2025-04-10,C00002,0,2025-05-25T00:00:00Z
2025-04-11,C00002,0,2025-05-26T00:00:00Z
2025-04-12,C00002,0,2025-05-27T00:00:00Z
2025-04-13,C00002,0,2025-05-28T00:00:00Z
2025-04-14,C00002,0,2025-05-29T00:00:00Z
2025-03-01,C00003,0,2025-04-15T00:00:00Z
2025-03-02,C00003,0,2025-04-16T00:00:00Z
2025-03-03,C00003,0,2025-04-17T00:00:00Z
2025-03-04,C00003,0,2025-04-18T00:00:00Z
2025-03-05,C00003,0,2025-04-19T00:00:00Z
2025-03-06,C00003,0,2025-04-20T00:00:00Z
2025-03-07,C00003,1,2025-04-21T00:00:00Z
2025-03-08,C00003,0,2025-04-22T00:00:00Z
2025-03-09,C00003,0,2025-04-23T00:00:00Z
2025-03-10,C00003,0,2025-04-24T00:00:00Z
2025-03-11,C00003,0,2025-04-25T00:00:00Z
2025-03-12,C00003,0,2025-04-26T00:00:00Z
2025-03-13,C00003,0,2025-04-27T00:00:00Z
2025-03-14,C00003,0,2025-04-28T00:00:00Z
2025-03-15,C00003,0,2025-04-29T00:00:00Z
2025-03-16,C00003,0,2025-04-30T00:00:00Z
2025-03-17,C00003,0,2025-05-01T00:00:00Z
2025-03-18,C00003,0,2025-05-02T00:00:00Z
2025-03-19,C00003,0,2025-05-03T00:00:00Z
2025-03-20,C00003,0,2025-05-04T00:00:00Z
2025-03-21,C00003,0,2025-05-05T00:00:00Z
2025-03-22,C00003,0,2025-05-06T00:00:00Z
2025-03-23,C00003,0,2025-05-07T00:00:00Z
2025-03-24,C00003,1,2025-05-08T00:00:00Z
2025-03-25,C00003,0,2025-05-09T00:00:00Z
2025-03-26,C00003,0,2025-05-10T00:00:00Z
2025-03-27,C00003,0,2025-05-11T00:00:00Z
2025-03-28,C00003,0,2025-05-12T00:00:00Z
2025-03-29,C00003,0,2025-05-13T00:00:00Z
2025-03-30,C00003,0,2025-05-14T00:00:00Z
2025-03-31,C00003,0,2025-05-15T00:00:00Z
2025-04-01,C00003,0,2025-05-16T00:00:00Z
2025-04-02,C00003,0,2025-05-17T00:00:00Z
2025-04-03,C00003,0,2025-05-18T00:00:00Z
2025-04-04,C00003,0,2025-05-19T00:00:00Z
2025-04-05,C00003,0,2025-05-20T00:00:00Z
2025-04-06,C00003,0,2025-05-21T00:00:00Z
2025-04-07,C00003,0,2025-05-22T00:00:00Z
2025-04-08,C00003,0,2025-05-23T00:00:00Z
2025-04-09,C00003,0,2025-05-24T00:00:00Z
2025-04-10,C00003,0,2025-05-25T00:00:00Z
2025-04-11,C00003,0,2025-05-26T00:00:00Z
2025-04-12,C00003,0,2025-05-27T00:00:00Z
2025-04-13,C00003,0,2025-05-28T00:00:00Z
2025-04-14,C00003,0,2025-05-29T00:00:00Z
2025-03-01,C00004,0,2025-04-15T00:00:00Z
2025-03-02,C00004,0,2025-04-16T00:00:00Z
2025-03-03,C00004,0,2025-04-17T00:00:00Z
2025-03-04,C00004,0,2025-04-18T00:00:00Z
2025-03-05,C00004,1,2025-04-19T00:00:00Z
2025-03-06,C00004,0,2025-04-20T00:00:00Z
2025-03-07,C00004,0,2025-04-21T00:00:00Z
2025-03-08,C00004,0,2025-04-22T00:00:00Z
2025-03-09,C00004,0,2025-04-23T00:00:00Z
2025-03-10,C00004,0,2025-04-24T00:00:00Z
2025-03-11,C00004,0,2025-04-25T00:00:00Z
2025-03-12,C00004,1,2025-04-26T00:00:00Z
2025-03-13,C00004,0,2025-04-27T00:00:00Z
2025-03-14,C00004,0,2025-04-28T00:00:00Z
2025-03-15,C00004,0,2025-04-29T00:00:00Z
2025-03-16,C00004,0,2025-04-30T00:00:00Z
2025-03-17,C00004,0,2025-05-01T00:00:00Z
2025-03-18,C00004,0,2025-05-02T00:00:00Z
2025-03-19,C00004,0,2025-05-03T00:00:00Z
2025-03-20,C00004,0,2025-05-04T00:00:00Z
2025-03-21,C00004,0,2025-05-05T00:00:00Z
2025-03-22,C00004,0,2025-05-06T00:00:00Z
2025-03-23,C00004,0,2025-05-07T00:00:00Z
2025-03-24,C00004,0,2025-05-08T00:00:00Z
2025-03-25,C00004,0,2025-05-09T00:00:00Z
2025-03-26,C00004,0,2025-05-10T00:00:00Z
2025-03-27,C00004,0,2025-05-11T00:00:00Z
2025-03-28,C00004,0,2025-05-12T00:00:00Z
2025-03-29,C00004,0,2025-05-13T00:00:00Z
2025-03-30,C00004,0,2025-05-14T00:00:00Z
2025-03-31,C00004,0,2025-05-15T00:00:00Z
2025-04-01,C00004,0,2025-05-16T00:00:00Z
2025-04-02,C00004,0,2025-05-17T00:00:00Z
2025-04-03,C00004,0,2025-05-18T00:00:00Z
2025-04-04,C00004,0,2025-05-19T00:00:00Z
2025-04-05,C00004,0,2025-05-20T00:00:00Z
2025-04-06,C00004,0,2025-05-21T00:00:00Z
2025-04-07,C00004,0,2025-05-22T00:00:00Z
2025-04-08,C00004,0,2025-05-23T00:00:00Z
2025-04-09,C00004,1,2025-05-24T00:00:00Z
2025-04-10,C00004,0,2025-05-25T00:00:00Z
2025-04-11,C00004,0,2025-05-26T00:00:00Z
2025-04-12,C00004,0,2025-05-27T00:00:00Z
2025-04-13,C00004,0,2025-05-28T00:00:00Z
2025-04-14,C00004,0,2025-05-29T00:00:00Z
2025-03-01,C00005,0,2025-04-15T00:00:00Z
2025-03-02,C00005,0,2025-04-16T00:00:00Z
2025-03-03,C00005,0,2025-04-17T00:00:00Z
2025-03-04,C00005,0,2025-04-18T00:00:00Z
2025-03-05,C00005,0,2025-04-19T00:00:00Z
2025-03-06,C00005,0,2025-04-20T00:00:00Z
2025-03-07,C00005,0,2025-04-21T00:00:00Z
2025-03-08,C00005,0,2025-04-22T00:00:00Z
2025-03-09,C00005,0,2025-04-23T00:00:00Z
2025-03-10,C00005,0,2025-04-24T00:00:00Z
2025-03-11,C00005,0,2025-04-25T00:00:00Z
2025-03-12,C00005,0,2025-04-26T00:00:00Z
2025-03-13,C00005,0,2025-04-27T00:00:00Z
2025-03-14,C00005,0,2025-04-28T00:00:00Z
2025-03-15,C00005,0,2025-04-29T00:00:00Z
2025-03-16,C00005,0,2025-04-30T00:00:00Z
2025-03-17,C00005,0,2025-05-01T00:00:00Z
2025-03-18,C00005,0,2025-05-02T00:00:00Z
2025-03-19,C00005,0,2025-05-03T00:00:00Z
2025-03-20,C00005,0,2025-05-04T00:00:00Z
2025-03-21,C00005,0,2025-05-05T00:00:00Z
2025-03-22,C00005,0,2025-05-06T00:00:00Z
2025-03-23,C00005,0,2025-05-07T00:00:00Z
2025-03-24,C00005,1,2025-05-08T00:00:00Z
2025-03-25,C00005,0,2025-05-09T00:00:00Z
2025-03-26,C00005,0,2025-05-10T00:00:00Z
2025-03-27,C00005,0,2025-05-11T00:00:00Z
2025-03-28,C00005,0,2025-05-12T00:00:00Z
2025-03-29,C00005,0,2025-05-13T00:00:00Z
2025-03-30,C00005,0,2025-05-14T00:00:00Z
2025-03-31,C00005,0,2025-05-15T00:00:00Z
2025-04-01,C00005,0,2025-05-16T00:00:00Z
2025-04-02,C00005,1,2025-05-17T00:00:00Z
2025-04-03,C00005,0,2025-05-18T00:00:00Z
2025-04-04,C00005,0,2025-05-19T00:00:00Z
2025-04-05,C00005,0,2025-05-20T00:00:00Z
2025-04-06,C00005,0,2025-05-21T00:00:00Z
2025-04-07,C00005,0,2025-05-22T00:00:00Z
2025-04-08,C00005,1,2025-05-23T00:00:00Z
2025-04-09,C00005,0,2025-05-24T00:00:00Z
2025-04-10,C00005,0,2025-05-25T00:00:00Z
2025-04-11,C00005,0,2025-05-26T00:00:00Z
2025-04-12,C00005,0,2025-05-27T00:00:00Z
2025-04-13,C00005,0,2025-05-28T00:00:00Z
2025-04-14,C00005,0,2025-05-29T00:00:00Z
2025-03-01,C00006,0,2025-04-15T00:00:00Z
2025-03-02,C00006,0,2025-04-16T00:00:00Z
2025-03-03,C00006,0,2025-04-17T00:00:00Z
2025-03-04,C00006,0,2025-04-18T00:00:00Z
2025-03-05,C00006,0,2025-04-19T00:00:00Z
2025-03-06,C00006,0,2025-04-20T00:00:00Z
2025-03-07,C00006,0,2025-04-21T00:00:00Z
2025-03-08,C00006,0,2025-04-22T00:00:00Z
2025-03-09,C00006,0,2025-04-23T00:00:00Z
2025-03-10,C00006,0,2025-04-24T00:00:00Z
2025-03-11,C00006,0,2025-04-25T00:00:00Z
2025-03-12,C00006,0,2025-04-26T00:00:00Z
2025-03-13,C00006,0,2025-04-27T00:00:00Z
2025-03-14,C00006,0,2025-04-28T00:00:00Z
2025-03-15,C00006,0,2025-04-29T00:00:00Z
2025-03-16,C00006,0,2025-04-30T00:00:00Z
2025-03-17,C00006,0,2025-05-01T00:00:00Z
2025-03-18,C00006,0,2025-05-02T00:00:00Z
2025-03-19,C00006,0,2025-05-03T00:00:00Z
2025-03-20,C00006,0,2025-05-04T00:00:00Z
2025-03-21,C00006,0,2025-05-05T00:00:00Z
2025-03-22,C00006,0,2025-05-06T00:00:00Z
2025-03-23,C00006,0,2025-05-07T00:00:00Z
2025-03-24,C00006,0,2025-05-08T00:00:00Z
2025-03-25,C00006,0,2025-05-09T00:00:00Z
2025-03-26,C00006,0,2025-05-10T00:00:00Z
2025-03-27,C00006,0,2025-05-11T00:00:00Z
2025-03-28,C00006,0,2025-05-12T00:00:00Z
2025-03-29,C00006,0,2025-05-13T00:00:00Z
2025-03-30,C00006,0,2025-05-14T00:00:00Z
2025-03-31,C00006,0,2025-05-15T00:00:00Z
2025-04-01,C00006,0,2025-05-16T00:00:00Z
2025-04-02,C00006,0,2025-05-17T00:00:00Z
2025-04-03,C00006,0,2025-05-18T00:00:00Z
2025-04-04,C00006,0,2025-05-19T00:00:00Z
2025-04-05,C00006,0,2025-05-20T00:00:00Z
2025-04-06,C00006,0,2025-05-21T00:00:00Z
2025-04-07,C00006,0,2025-05-22T00:00:00Z
2025-04-08,C00006,0,2025-05-23T00:00:00Z
2025-04-09,C00006,0,2025-05-24T00:00:00Z
2025-04-10,C00006,0,2025-05-25T00:00:00Z
2025-04-11,C00006,0,2025-05-26T00:00:00Z
2025-04-12,C00006,0,2025-05-27T00:00:00Z
2025-04-13,C00006,0,2025-05-28T00:00:00Z
2025-04-14,C00006,0,2025-05-29T00:00:00Z
2025-03-01,C00007,0,2025-04-15T00:00:00Z
2025-03-02,C00007,0,2025-04-16T00:00:00Z
2025-03-03,C00007,0,2025-04-17T00:00:00Z
2025-03-04,C00007,0,2025-04-18T00:00:00Z
2025-03-05,C00007,0,2025-04-19T00:00:00Z
2025-03-06,C00007,0,2025-04-20T00:00:00Z
2025-03-07,C00007,0,2025-04-21T00:00:00Z
2025-03-08,C00007,0,2025-04-22T00:00:00Z
2025-03-09,C00007,0,2025-04-23T00:00:00Z
2025-03-10,C00007,0,2025-04-24T00:00:00Z
2025-03-11,C00007,0,2025-04-25T00:00:00Z
2025-03-12,C00007,0,2025-04-26T00:00:00Z
2025-03-13,C00007,0,2025-04-27T00:00:00Z
2025-03-14,C00007,0,2025-04-28T00:00:00Z
2025-03-15,C00007,0,2025-04-29T00:00:00Z
2025-03-16,C00007,0,2025-04-30T00:00:00Z
2025-03-17,C00007,0,2025-05-01T00:00:00Z
2025-03-18,C00007,0,2025-05-02T00:00:00Z
2025-03-19,C00007,0,2025-05-03T00:00:00Z
2025-03-20,C00007,0,2025-05-04T00:00:00Z
2025-03-21,C00007,0,2025-05-05T00:00:00Z
2025-03-22,C00007,0,2025-05-06T00:00:00Z
2025-03-23,C00007,0,2025-05-07T00:00:00Z
2025-03-24,C00007,1,2025-05-08T00:00:00Z
2025-03-25,C00007,1,2025-05-09T00:00:00Z
2025-03-26,C00007,0,2025-05-10T00:00:00Z
2025-03-27,C00007,0,2025-05-11T00:00:00Z
2025-03-28,C00007,0,2025-05-12T00:00:00Z
2025-03-29,C00007,0,2025-05-13T00:00:00Z
2025-03-30,C00007,0,2025-05-14T00:00:00Z
2025-03-31,C00007,0,2025-05-15T00:00:00Z
2025-04-01,C00007,0,2025-05-16T00:00:00Z
2025-04-02,C00007,0,2025-05-17T00:00:00Z
2025-04-03,C00007,0,2025-05-18T00:00:00Z
2025-04-04,C00007,0,2025-05-19T00:00:00Z
2025-04-05,C00007,0,2025-05-20T00:00:00Z
2025-04-06,C00007,0,2025-05-21T00:00:00Z
2025-04-07,C00007,0,2025-05-22T00:00:00Z
2025-04-08,C00007,0,2025-05-23T00:00:00Z
2025-04-09,C00007,0,2025-05-24T00:00:00Z
2025-04-10,C00007,0,2025-05-25T00:00:00Z
2025-04-11,C00007,0,2025-05-26T00:00:00Z
2025-04-12,C00007,0,2025-05-27T00:00:00Z
2025-04-13,C00007,0,2025-05-28T00:00:00Z
2025-04-14,C00007,0,2025-05-29T00:00:00Z
2025-03-01,C00008,0,2025-04-15T00:00:00Z
2025-03-02,C00008,0,2025-04-16T00:00:00Z
2025-03-03,C00008,0,2025-04-17T00:00:00Z
2025-03-04,C00008,0,2025-04-18T00:00:00Z
2025-03-05,C00008,0,2025-04-19T00:00:00Z
2025-03-06,C00008,0,2025-04-20T00:00:00Z
2025-03-07,C00008,0,2025-04-21T00:00:00Z
2025-03-08,C00008,0,2025-04-22T00:00:00Z
2025-03-09,C00008,0,2025-04-23T00:00:00Z
2025-03-10,C00008,0,2025-04-24T00:00:00Z
2025-03-11,C00008,0,2025-04-25T00:00:00Z
2025-03-12,C00008,0,2025-04-26T00:00:00Z
2025-03-13,C00008,0,2025-04-27T00:00:00Z
2025-03-14,C00008,0,2025-04-28T00:00:00Z
2025-03-15,C00008,0,2025-04-29T00:00:00Z
2025-03-16,C00008,0,2025-04-30T00:00:00Z
2025-03-17,C00008,0,2025-05-01T00:00:00Z
2025-03-18,C00008,0,2025-05-02T00:00:00Z
2025-03-19,C00008,0,2025-05-03T00:00:00Z
2025-03-20,C00008,0,2025-05-04T00:00:00Z
2025-03-21,C00008,0,2025-05-05T00:00:00Z
2025-03-22,C00008,0,2025-05-06T00:00:00Z
2025-03-23,C00008,0,2025-05-07T00:00:00Z
2025-03-24,C00008,0,2025-05-08T00:00:00Z
2025-03-25,C00008,0,2025-05-09T00:00:00Z
2025-03-26,C00008,0,2025-05-10T00:00:00Z
2025-03-27,C00008,0,2025-05-11T00:00:00Z
2025-03-28,C00008,0,2025-05-12T00:00:00Z
2025-03-29,C00008,0,2025-05-13T00:00:00Z
2025-03-30,C00008,0,2025-05-14T00:00:00Z
2025-03-31,C00008,0,2025-05-15T00:00:00Z
2025-04-01,C00008,0,2025-05-16T00:00:00Z
2025-04-02,C00008,0,2025-05-17T00:00:00Z
2025-04-03,C00008,0,2025-05-18T00:00:00Z
2025-04-04,C00008,0,2025-05-19T00:00:00Z
2025-04-05,C00008,0,2025-05-20T00:00:00Z
2025-04-06,C00008,1,2025-05-21T00:00:00Z
2025-04-07,C00008,0,2025-05-22T00:00:00Z
2025-04-08,C00008,0,2025-05-23T00:00:00Z
2025-04-09,C00008,0,2025-05-24T00:00:00Z
2025-04-10,C00008,0,2025-05-25T00:00:00Z
2025-04-11,C00008,0,2025-05-26T00:00:00Z
2025-04-12,C00008,0,2025-05-27T00:00:00Z
2025-04-13,C00008,0,2025-05-28T00:00:00Z
2025-04-14,C00008,0,2025-05-29T00:00:00Z
2025-03-01,C00009,0,2025-04-15T00:00:00Z
2025-03-02,C00009,1,2025-04-16T00:00:00Z
2025-03-03,C00009,0,2025-04-17T00:00:00Z
2025-03-04,C00009,0,2025-04-18T00:00:00Z
2025-03-05,C00009,0,2025-04-19T00:00:00Z
2025-03-06,C00009,0,2025-04-20T00:00:00Z
2025-03-07,C00009,0,2025-04-21T00:00:00Z
2025-03-08,C00009,1,2025-04-22T00:00:00Z
2025-03-09,C00009,0,2025-04-23T00:00:00Z
2025-03-10,C00009,0,2025-04-24T00:00:00Z
2025-03-11,C00009,0,2025-04-25T00:00:00Z
2025-03-12,C00009,0,2025-04-26T00:00:00Z
2025-03-13,C00009,0,2025-04-27T00:00:00Z
2025-03-14,C00009,0,2025-04-28T00:00:00Z
2025-03-15,C00009,0,2025-04-29T00:00:00Z
2025-03-16,C00009,0,2025-04-30T00:00:00Z
2025-03-17,C00009,0,2025-05-01T00:00:00Z
2025-03-18,C00009,0,2025-05-02T00:00:00Z
2025-03-19,C00009,0,2025-05-03T00:00:00Z
2025-03-20,C00009,0,2025-05-04T00:00:00Z
2025-03-21,C00009,0,2025-05-05T00:00:00Z
2025-03-22,C00009,0,2025-05-06T00:00:00Z
2025-03-23,C00009,0,2025-05-07T00:00:00Z
2025-03-24,C00009,0,2025-05-08T00:00:00Z
2025-03-25,C00009,0,2025-05-09T00:00:00Z
2025-03-26,C00009,0,2025-05-10T00:00:00Z
2025-03-27,C00009,0,2025-05-11T00:00:00Z
2025-03-28,C00009,0,2025-05-12T00:00:00Z
2025-03-29,C00009,1,2025-05-13T00:00:00Z
2025-03-30,C00009,1,2025-05-14T00:00:00Z
2025-03-31,C00009,0,2025-05-15T00:00:00Z
2025-04-01,C00009,1,2025-05-16T00:00:00Z
2025-04-02,C00009,0,2025-05-17T00:00:00Z
2025-04-03,C00009,0,2025-05-18T00:00:00Z
2025-04-04,C00009,1,2025-05-19T00:00:00Z
2025-04-05,C00009,0,2025-05-20T00:00:00Z
2025-04-06,C00009,0,2025-05-21T00:00:00Z
2025-04-07,C00009,0,2025-05-22T00:00:00Z
2025-04-08,C00009,0,2025-05-23T00:00:00Z
2025-04-09,C00009,0,2025-05-24T00:00:00Z
2025-04-10,C00009,0,2025-05-25T00:00:00Z
2025-04-11,C00009,0,2025-05-26T00:00:00Z
2025-04-12,C00009,0,2025-05-27T00:00:00Z
2025-04-13,C00009,0,2025-05-28T00:00:00Z
2025-04-14,C00009,1,2025-05-29T00:00:00Z
2025-03-01,C00010,0,2025-04-15T00:00:00Z
2025-03-02,C00010,0,2025-04-16T00:00:00Z
2025-03-03,C00010,0,2025-04-17T00:00:00Z
2025-03-04,C00010,0,2025-04-18T00:00:00Z
2025-03-05,C00010,0,2025-04-19T00:00:00Z
2025-03-06,C00010,0,2025-04-20T00:00:00Z
2025-03-07,C00010,0,2025-04-21T00:00:00Z
2025-03-08,C00010,1,2025-04-22T00:00:00Z
2025-03-09,C00010,0,2025-04-23T00:00:00Z
2025-03-10,C00010,0,2025-04-24T00:00:00Z
2025-03-11,C00010,0,2025-04-25T00:00:00Z
2025-03-12,C00010,0,2025-04-26T00:00:00Z
2025-03-13,C00010,0,2025-04-27T00:00:00Z
2025-03-14,C00010,1,2025-04-28T00:00:00Z
2025-03-15,C00010,0,2025-04-29T00:00:00Z
2025-03-16,C00010,0,2025-04-30T00:00:00Z
2025-03-17,C00010,0,2025-05-01T00:00:00Z
2025-03-18,C00010,0,2025-05-02T00:00:00Z
2025-03-19,C00010,0,2025-05-03T00:00:00Z
2025-03-20,C00010,0,2025-05-04T00:00:00Z
2025-03-21,C00010,0,2025-05-05T00:00:00Z
2025-03-22,C00010,0,2025-05-06T00:00:00Z
2025-03-23,C00010,0,2025-05-07T00:00:00Z
2025-03-24,C00010,0,2025-05-08T00:00:00Z
2025-03-25,C00010,0,2025-05-09T00:00:00Z
2025-03-26,C00010,0,2025-05-10T00:00:00Z
2025-03-27,C00010,0,2025-05-11T00:00:00Z
2025-03-28,C00010,0,2025-05-12T00:00:00Z
2025-03-29,C00010,0,2025-05-13T00:00:00Z
2025-03-30,C00010,0,2025-05-14T00:00:00Z
2025-03-31,C00010,0,2025-05-15T00:00:00Z
2025-04-01,C00010,0,2025-05-16T00:00:00Z
2025-04-02,C00010,0,2025-05-17T00:00:00Z
2025-04-03,C00010,0,2025-05-18T00:00:00Z
2025-04-04,C00010,0,2025-05-19T00:00:00Z
2025-04-05,C00010,0,2025-05-20T00:00:00Z
2025-04-06,C00010,0,2025-05-21T00:00:00Z
2025-04-07,C00010,1,2025-05-22T00:00:00Z
2025-04-08,C00010,0,2025-05-23T00:00:00Z
2025-04-09,C00010,0,2025-05-24T00:00:00Z
2025-04-10,C00010,0,2025-05-25T00:00:00Z
2025-04-11,C00010,0,2025-05-26T00:00:00Z
2025-04-12,C00010,0,2025-05-27T00:00:00Z
2025-04-13,C00010,0,2025-05-28T00:00:00Z
2025-04-14,C00010,0,2025-05-29T00:00:00Z
2025-03-01,C00011,0,2025-04-15T00:00:00Z
2025-03-02,C00011,1,2025-04-16T00:00:00Z
2025-03-03,C00011,0,2025-04-17T00:00:00Z
2025-03-04,C00011,0,2025-04-18T00:00:00Z
2025-03-05,C00011,0,2025-04-19T00:00:00Z
2025-03-06,C00011,1,2025-04-20T00:00:00Z
2025-03-07,C00011,0,2025-04-21T00:00:00Z
2025-03-08,C00011,0,2025-04-22T00:00:00Z
2025-03-09,C00011,0,2025-04-23T00:00:00Z
2025-03-10,C00011,0,2025-04-24T00:00:00Z
2025-03-11,C00011,0,2025-04-25T00:00:00Z
2025-03-12,C00011,0,2025-04-26T00:00:00Z
2025-03-13,C00011,0,2025-04-27T00:00:00Z
2025-03-14,C00011,0,2025-04-28T00:00:00Z
2025-03-15,C00011,0,2025-04-29T00:00:00Z
2025-03-16,C00011,0,2025-04-30T00:00:00Z
2025-03-17,C00011,0,2025-05-01T00:00:00Z
2025-03-18,C00011,0,2025-05-02T00:00:00Z
2025-03-19,C00011,0,2025-05-03T00:00:00Z
2025-03-20,C00011,0,2025-05-04T00:00:00Z
2025-03-21,C00011,1,2025-05-05T00:00:00Z
2025-03-22,C00011,0,2025-05-06T00:00:00Z
2025-03-23,C00011,0,2025-05-07T00:00:00Z
2025-03-24,C00011,0,2025-05-08T00:00:00Z
2025-03-25,C00011,0,2025-05-09T00:00:00Z
2025-03-26,C00011,0,2025-05-10T00:00:00Z
2025-03-27,C00011,0,2025-05-11T00:00:00Z
2025-03-28,C00011,0,2025-05-12T00:00:00Z
2025-03-29,C00011,0,2025-05-13T00:00:00Z
2025-03-30,C00011,0,2025-05-14T00:00:00Z
2025-03-31,C00011,0,2025-05-15T00:00:00Z
2025-04-01,C00011,0,2025-05-16T00:00:00Z
2025-04-02,C00011,1,2025-05-17T00:00:00Z
2025-04-03,C00011,0,2025-05-18T00:00:00Z
2025-04-04,C00011,0,2025-05-19T00:00:00Z
2025-04-05,C00011,0,2025-05-20T00:00:00Z
2025-04-06,C00011,0,2025-05-21T00:00:00Z
2025-04-07,C00011,0,2025-05-22T00:00:00Z
2025-04-08,C00011,0,2025-05-23T00:00:00Z
2025-04-09,C00011,0,2025-05-24T00:00:00Z
2025-04-10,C00011,0,2025-05-25T00:00:00Z
2025-04-11,C00011,0,2025-05-26T00:00:00Z
2025-04-12,C00011,0,2025-05-27T00:00:00Z
2025-04-13,C00011,0,2025-05-28T00:00:00Z
2025-04-14,C00011,0,2025-05-29T00:00:00Z
2025-03-01,C00012,0,2025-04-15T00:00:00Z
2025-03-02,C00012,0,2025-04-16T00:00:00Z
2025-03-03,C00012,0,2025-04-17T00:00:00Z
2025-03-04,C00012,0,2025-04-18T00:00:00Z
2025-03-05,C00012,0,2025-04-19T00:00:00Z
2025-03-06,C00012,0,2025-04-20T00:00:00Z
2025-03-07,C00012,0,2025-04-21T00:00:00Z
2025-03-08,C00012,0,2025-04-22T00:00:00Z
2025-03-09,C00012,0,2025-04-23T00:00:00Z
2025-03-10,C00012,0,2025-04-24T00:00:00Z
2025-03-11,C00012,0,2025-04-25T00:00:00Z
2025-03-12,C00012,0,2025-04-26T00:00:00Z
2025-03-13,C00012,0,2025-04-27T00:00:00Z
2025-03-14,C00012,0,2025-04-28T00:00:00Z
2025-03-15,C00012,0,2025-04-29T00:00:00Z
2025-03-16,C00012,0,2025-04-30T00:00:00Z
2025-03-17,C00012,0,2025-05-01T00:00:00Z
2025-03-18,C00012,0,2025-05-02T00:00:00Z
2025-03-19,C00012,0,2025-05-03T00:00:00Z
2025-03-20,C00012,0,2025-05-04T00:00:00Z
2025-03-21,C00012,0,2025-05-05T00:00:00Z
2025-03-22,C00012,0,2025-05-06T00:00:00Z
2025-03-23,C00012,0,2025-05-07T00:00:00Z
2025-03-24,C00012,0,2025-05-08T00:00:00Z
2025-03-25,C00012,0,2025-05-09T00:00:00Z
2025-03-26,C00012,0,2025-05-10T00:00:00Z
2025-03-27,C00012,0,2025-05-11T00:00:00Z
2025-03-28,C00012,0,2025-05-12T00:00:00Z
2025-03-29,C00012,0,2025-05-13T00:00:00Z
2025-03-30,C00012,0,2025-05-14T00:00:00Z
2025-03-31,C00012,0,2025-05-15T00:00:00Z
2025-04-01,C00012,0,2025-05-16T00:00:00Z
2025-04-02,C00012,0,2025-05-17T00:00:00Z
2025-04-03,C00012,0,2025-05-18T00:00:00Z
2025-04-04,C00012,0,2025-05-19T00:00:00Z
2025-04-05,C00012,0,2025-05-20T00:00:00Z
2025-04-06,C00012,0,2025-05-21T00:00:00Z
2025-04-07,C00012,0,2025-05-22T00:00:00Z
2025-04-08,C00012,0,2025-05-23T00:00:00Z
2025-04-09,C00012,0,2025-05-24T00:00:00Z
2025-04-10,C00012,0,2025-05-25T00:00:00Z
2025-04-11,C00012,0,2025-05-26T00:00:00Z
2025-04-12,C00012,1,2025-05-27T00:00:00Z
2025-04-13,C00012,0,2025-05-28T00:00:00Z
2025-04-14,C00012,0,2025-05-29T00:00:00Z
2025-03-01,C00013,0,2025-04-15T00:00:00Z
2025-03-02,C00013,0,2025-04-16T00:00:00Z
2025-03-03,C00013,0,2025-04-17T00:00:00Z
2025-03-04,C00013,0,2025-04-18T00:00:00Z
2025-03-05,C00013,0,2025-04-19T00:00:00Z
2025-03-06,C00013,0,2025-04-20T00:00:00Z
2025-03-07,C00013,0,2025-04-21T00:00:00Z
2025-03-08,C00013,0,2025-04-22T00:00:00Z
2025-03-09,C00013,0,2025-04-23T00:00:00Z
2025-03-10,C00013,0,2025-04-24T00:00:00Z
2025-03-11,C00013,1,2025-04-25T00:00:00Z
2025-03-12,C00013,0,2025-04-26T00:00:00Z
2025-03-13,C00013,0,2025-04-27T00:00:00Z
2025-03-14,C00013,0,2025-04-28T00:00:00Z
2025-03-15,C00013,0,2025-04-29T00:00:00Z
2025-03-16,C00013,0,2025-04-30T00:00:00Z
2025-03-17,C00013,0,2025-05-01T00:00:00Z
2025-03-18,C00013,0,2025-05-02T00:00:00Z
2025-03-19,C00013,0,2025-05-03T00:00:00Z
2025-03-20,C00013,0,2025-05-04T00:00:00Z
2025-03-21,C00013,0,2025-05-05T00:00:00Z
2025-03-22,C00013,0,2025-05-06T00:00:00Z
2025-03-23,C00013,0,2025-05-07T00:00:00Z
2025-03-24,C00013,1,2025-05-08T00:00:00Z
2025-03-25,C00013,0,2025-05-09T00:00:00Z
2025-03-26,C00013,0,2025-05-10T00:00:00Z
2025-03-27,C00013,0,2025-05-11T00:00:00Z
2025-03-28,C00013,0,2025-05-12T00:00:00Z
2025-03-29,C00013,0,2025-05-13T00:00:00Z
2025-03-30,C00013,0,2025-05-14T00:00:00Z
2025-03-31,C00013,0,2025-05-15T00:00:00Z
2025-04-01,C00013,0,2025-05-16T00:00:00Z
2025-04-02,C00013,0,2025-05-17T00:00:00Z
2025-04-03,C00013,0,2025-05-18T00:00:00Z
2025-04-04,C00013,0,2025-05-19T00:00:00Z
2025-04-05,C00013,0,2025-05-20T00:00:00Z
2025-04-06,C00013,0,2025-05-21T00:00:00Z
2025-04-07,C00013,0,2025-05-22T00:00:00Z
2025-04-08,C00013,0,2025-05-23T00:00:00Z
2025-04-09,C00013,0,2025-05-24T00:00:00Z
2025-04-10,C00013,0,2025-05-25T00:00:00Z
2025-04-11,C00013,0,2025-05-26T00:00:00Z
2025-04-12,C00013,0,2025-05-27T00:00:00Z
2025-04-13,C00013,0,2025-05-28T00:00:00Z
2025-04-14,C00013,0,2025-05-29T00:00:00Z
2025-03-01,C00014,0,2025-04-15T00:00:00Z
2025-03-02,C00014,0,2025-04-16T00:00:00Z
2025-03-03,C00014,1,2025-04-17T00:00:00Z
2025-03-04,C00014,0,2025-04-18T00:00:00Z
2025-03-05,C00014,0,2025-04-19T00:00:00Z
2025-03-06,C00014,0,2025-04-20T00:00:00Z
2025-03-07,C00014,0,2025-04-21T00:00:00Z
2025-03-08,C00014,0,2025-04-22T00:00:00Z
2025-03-09,C00014,0,2025-04-23T00:00:00Z
2025-03-10,C00014,0,2025-04-24T00:00:00Z
2025-03-11,C00014,1,2025-04-25T00:00:00Z
2025-03-12,C00014,1,2025-04-26T00:00:00Z
2025-03-13,C00014,0,2025-04-27T00:00:00Z
2025-03-14,C00014,0,2025-04-28T00:00:00Z
2025-03-15,C00014,0,2025-04-29T00:00:00Z
2025-03-16,C00014,0,2025-04-30T00:00:00Z
2025-03-17,C00014,0,2025-05-01T00:00:00Z
2025-03-18,C00014,0,2025-05-02T00:00:00Z
2025-03-19,C00014,0,2025-05-03T00:00:00Z
2025-03-20,C00014,0,2025-05-04T00:00:00Z
2025-03-21,C00014,1,2025-05-05T00:00:00Z
2025-03-22,C00014,0,2025-05-06T00:00:00Z
2025-03-23,C00014,0,2025-05-07T00:00:00Z
2025-03-24,C00014,0,2025-05-08T00:00:00Z
2025-03-25,C00014,0,2025-05-09T00:00:00Z
2025-03-26,C00014,0,2025-05-10T00:00:00Z
2025-03-27,C00014,0,2025-05-11T00:00:00Z
2025-03-28,C00014,0,2025-05-12T00:00:00Z
2025-03-29,C00014,0,2025-05-13T00:00:00Z
2025-03-30,C00014,0,2025-05-14T00:00:00Z
2025-03-31,C00014,1,2025-05-15T00:00:00Z
2025-04-01,C00014,0,2025-05-16T00:00:00Z
2025-04-02,C00014,0,2025-05-17T00:00:00Z
2025-04-03,C00014,0,2025-05-18T00:00:00Z
2025-04-04,C00014,0,2025-05-19T00:00:00Z
2025-04-05,C00014,1,2025-05-20T00:00:00Z
2025-04-06,C00014,0,2025-05-21T00:00:00Z
2025-04-07,C00014,0,2025-05-22T00:00:00Z
2025-04-08,C00014,0,2025-05-23T00:00:00Z
2025-04-09,C00014,1,2025-05-24T00:00:00Z
2025-04-10,C00014,0,2025-05-25T00:00:00Z
2025-04-11,C00014,0,2025-05-26T00:00:00Z
2025-04-12,C00014,0,2025-05-27T00:00:00Z
2025-04-13,C00014,0,2025-05-28T00:00:00Z
2025-04-14,C00014,1,2025-05-29T00:00:00Z
2025-03-01,C00015,0,2025-04-15T00:00:00Z
2025-03-02,C00015,0,2025-04-16T00:00:00Z
2025-03-03,C00015,0,2025-04-17T00:00:00Z
2025-03-04,C00015,0,2025-04-18T00:00:00Z
2025-03-05,C00015,0,2025-04-19T00:00:00Z
2025-03-06,C00015,0,2025-04-20T00:00:00Z
2025-03-07,C00015,0,2025-04-21T00:00:00Z
2025-03-08,C00015,0,2025-04-22T00:00:00Z
2025-03-09,C00015,0,2025-04-23T00:00:00Z
2025-03-10,C00015,0,2025-04-24T00:00:00Z
2025-03-11,C00015,0,2025-04-25T00:00:00Z
2025-03-12,C00015,0,2025-04-26T00:00:00Z
2025-03-13,C00015,0,2025-04-27T00:00:00Z
2025-03-14,C00015,0,2025-04-28T00:00:00Z
2025-03-15,C00015,0,2025-04-29T00:00:00Z
2025-03-16,C00015,0,2025-04-30T00:00:00Z
2025-03-17,C00015,0,2025-05-01T00:00:00Z
2025-03-18,C00015,0,2025-05-02T00:00:00Z
2025-03-19,C00015,0,2025-05-03T00:00:00Z
2025-03-20,C00015,0,2025-05-04T00:00:00Z
2025-03-21,C00015,0,2025-05-05T00:00:00Z
2025-03-22,C00015,0,2025-05-06T00:00:00Z
2025-03-23,C00015,0,2025-05-07T00:00:00Z
2025-03-24,C00015,0,2025-05-08T00:00:00Z
2025-03-25,C00015,0,2025-05-09T00:00:00Z
2025-03-26,C00015,0,2025-05-10T00:00:00Z
2025-03-27,C00015,0,2025-05-11T00:00:00Z
2025-03-28,C00015,0,2025-05-12T00:00:00Z
2025-03-29,C00015,0,2025-05-13T00:00:00Z
2025-03-30,C00015,0,2025-05-14T00:00:00Z
2025-03-31,C00015,0,2025-05-15T00:00:00Z
2025-04-01,C00015,0,2025-05-16T00:00:00Z
2025-04-02,C00015,0,2025-05-17T00:00:00Z
2025-04-03,C00015,0,2025-05-18T00:00:00Z
2025-04-04,C00015,0,2025-05-19T00:00:00Z
2025-04-05,C00015,0,2025-05-20T00:00:00Z
2025-04-06,C00015,0,2025-05-21T00:00:00Z
2025-04-07,C00015,0,2025-05-22T00:00:00Z
2025-04-08,C00015,0,2025-05-23T00:00:00Z
2025-04-09,C00015,0,2025-05-24T00:00:00Z
2025-04-10,C00015,0,2025-05-25T00:00:00Z
2025-04-11,C00015,0,2025-05-26T00:00:00Z
2025-04-12,C00015,0,2025-05-27T00:00:00Z
2025-04-13,C00015,0,2025-05-28T00:00:00Z
2025-04-14,C00015,0,2025-05-29T00:00:00Z
2025-03-01,C00016,0,2025-04-15T00:00:00Z
2025-03-02,C00016,0,2025-04-16T00:00:00Z
2025-03-03,C00016,1,2025-04-17T00:00:00Z
2025-03-04,C00016,0,2025-04-18T00:00:00Z
2025-03-05,C00016,0,2025-04-19T00:00:00Z
2025-03-06,C00016,0,2025-04-20T00:00:00Z
2025-03-07,C00016,0,2025-04-21T00:00:00Z
2025-03-08,C00016,0,2025-04-22T00:00:00Z
2025-03-09,C00016,0,2025-04-23T00:00:00Z
2025-03-10,C00016,0,2025-04-24T00:00:00Z
2025-03-11,C00016,0,2025-04-25T00:00:00Z
2025-03-12,C00016,0,2025-04-26T00:00:00Z
2025-03-13,C00016,0,2025-04-27T00:00:00Z
2025-03-14,C00016,0,2025-04-28T00:00:00Z
2025-03-15,C00016,1,2025-04-29T00:00:00Z
2025-03-16,C00016,0,2025-04-30T00:00:00Z
2025-03-17,C00016,0,2025-05-01T00:00:00Z
2025-03-18,C00016,0,2025-05-02T00:00:00Z
2025-03-19,C00016,0,2025-05-03T00:00:00Z
2025-03-20,C00016,0,2025-05-04T00:00:00Z
2025-03-21,C00016,0,2025-05-05T00:00:00Z
2025-03-22,C00016,0,2025-05-06T00:00:00Z
2025-03-23,C00016,0,2025-05-07T00:00:00Z
2025-03-24,C00016,0,2025-05-08T00:00:00Z
2025-03-25,C00016,0,2025-05-09T00:00:00Z
2025-03-26,C00016,0,2025-05-10T00:00:00Z
2025-03-27,C00016,0,2025-05-11T00:00:00Z
2025-03-28,C00016,0,2025-05-12T00:00:00Z
2025-03-29,C00016,0,2025-05-13T00:00:00Z
2025-03-30,C00016,0,2025-05-14T00:00:00Z
2025-03-31,C00016,0,2025-05-15T00:00:00Z
2025-04-01,C00016,0,2025-05-16T00:00:00Z
2025-04-02,C00016,0,2025-05-17T00:00:00Z
2025-04-03,C00016,0,2025-05-18T00:00:00Z
2025-04-04,C00016,0,2025-05-19T00:00:00Z
2025-04-05,C00016,0,2025-05-20T00:00:00Z
2025-04-06,C00016,0,2025-05-21T00:00:00Z
2025-04-07,C00016,0,2025-05-22T00:00:00Z
2025-04-08,C00016,0,2025-05-23T00:00:00Z
2025-04-09,C00016,0,2025-05-24T00:00:00Z
2025-04-10,C00016,0,2025-05-25T00:00:00Z
2025-04-11,C00016,0,2025-05-26T00:00:00Z
2025-04-12,C00016,0,2025-05-27T00:00:00Z
2025-04-13,C00016,0,2025-05-28T00:00:00Z
2025-04-14,C00016,0,2025-05-29T00:00:00Z
2025-03-01,C00017,0,2025-04-15T00:00:00Z
2025-03-02,C00017,0,2025-04-16T00:00:00Z
2025-03-03,C00017,0,2025-04-17T00:00:00Z
2025-03-04,C00017,0,2025-04-18T00:00:00Z
2025-03-05,C00017,0,2025-04-19T00:00:00Z
2025-03-06,C00017,0,2025-04-20T00:00:00Z
2025-03-07,C00017,0,2025-04-21T00:00:00Z
2025-03-08,C00017,0,2025-04-22T00:00:00Z
2025-03-09,C00017,0,2025-04-23T00:00:00Z
2025-03-10,C00017,0,2025-04-24T00:00:00Z
2025-03-11,C00017,0,2025-04-25T00:00:00Z
2025-03-12,C00017,0,2025-04-26T00:00:00Z
2025-03-13,C00017,0,2025-04-27T00:00:00Z
2025-03-14,C00017,0,2025-04-28T00:00:00Z
2025-03-15,C00017,0,2025-04-29T00:00:00Z
2025-03-16,C00017,0,2025-04-30T00:00:00Z
2025-03-17,C00017,0,2025-05-01T00:00:00Z
2025-03-18,C00017,0,2025-05-02T00:00:00Z
2025-03-19,C00017,0,2025-05-03T00:00:00Z
2025-03-20,C00017,0,2025-05-04T00:00:00Z
2025-03-21,C00017,0,2025-05-05T00:00:00Z
2025-03-22,C00017,0,2025-05-06T00:00:00Z
2025-03-23,C00017,0,2025-05-07T00:00:00Z
2025-03-24,C00017,0,2025-05-08T00:00:00Z
2025-03-25,C00017,0,2025-05-09T00:00:00Z
2025-03-26,C00017,0,2025-05-10T00:00:00Z
2025-03-27,C00017,0,2025-05-11T00:00:00Z
2025-03-28,C00017,0,2025-05-12T00:00:00Z
2025-03-29,C00017,0,2025-05-13T00:00:00Z
2025-03-30,C00017,0,2025-05-14T00:00:00Z
2025-03-31,C00017,0,2025-05-15T00:00:00Z
2025-04-01,C00017,0,2025-05-16T00:00:00Z
2025-04-02,C00017,0,2025-05-17T00:00:00Z
2025-04-03,C00017,0,2025-05-18T00:00:00Z
2025-04-04,C00017,0,2025-05-19T00:00:00Z
2025-04-05,C00017,0,2025-05-20T00:00:00Z
2025-04-06,C00017,0,2025-05-21T00:00:00Z
2025-04-07,C00017,0,2025-05-22T00:00:00Z
2025-04-08,C00017,0,2025-05-23T00:00:00Z
2025-04-09,C00017,0,2025-05-24T00:00:00Z
2025-04-10,C00017,0,2025-05-25T00:00:00Z
2025-04-11,C00017,0,2025-05-26T00:00:00Z
2025-04-12,C00017,0,2025-05-27T00:00:00Z
2025-04-13,C00017,0,2025-05-28T00:00:00Z
2025-04-14,C00017,0,2025-05-29T00:00:00Z
2025-03-01,C00018,0,2025-04-15T00:00:00Z
2025-03-02,C00018,0,2025-04-16T00:00:00Z
2025-03-03,C00018,0,2025-04-17T00:00:00Z
2025-03-04,C00018,0,2025-04-18T00:00:00Z
2025-03-05,C00018,0,2025-04-19T00:00:00Z
2025-03-06,C00018,0,2025-04-20T00:00:00Z
2025-03-07,C00018,0,2025-04-21T00:00:00Z
2025-03-08,C00018,0,2025-04-22T00:00:00Z
2025-03-09,C00018,0,2025-04-23T00:00:00Z
2025-03-10,C00018,0,2025-04-24T00:00:00Z
2025-03-11,C00018,0,2025-04-25T00:00:00Z
2025-03-12,C00018,0,2025-04-26T00:00:00Z
2025-03-13,C00018,0,2025-04-27T00:00:00Z
2025-03-14,C00018,0,2025-04-28T00:00:00Z
2025-03-15,C00018,0,2025-04-29T00:00:00Z
2025-03-16,C00018,0,2025-04-30T00:00:00Z
2025-03-17,C00018,0,2025-05-01T00:00:00Z
2025-03-18,C00018,0,2025-05-02T00:00:00Z
2025-03-19,C00018,0,2025-05-03T00:00:00Z
2025-03-20,C00018,0,2025-05-04T00:00:00Z
2025-03-21,C00018,1,2025-05-05T00:00:00Z
2025-03-22,C00018,0,2025-05-06T00:00:00Z
2025-03-23,C00018,0,2025-05-07T00:00:00Z
2025-03-24,C00018,0,2025-05-08T00:00:00Z
2025-03-25,C00018,0,2025-05-09T00:00:00Z
2025-03-26,C00018,0,2025-05-10T00:00:00Z
2025-03-27,C00018,0,2025-05-11T00:00:00Z
2025-03-28,C00018,0,2025-05-12T00:00:00Z
2025-03-29,C00018,0,2025-05-13T00:00:00Z
2025-03-30,C00018,0,2025-05-14T00:00:00Z
2025-03-31,C00018,0,2025-05-15T00:00:00Z
2025-04-01,C00018,0,2025-05-16T00:00:00Z
2025-04-02,C00018,0,2025-05-17T00:00:00Z
2025-04-03,C00018,0,2025-05-18T00:00:00Z
2025-04-04,C00018,0,2025-05-19T00:00:00Z
2025-04-05,C00018,1,2025-05-20T00:00:00Z
2025-04-06,C00018,0,2025-05-21T00:00:00Z
2025-04-07,C00018,0,2025-05-22T00:00:00Z
2025-04-08,C00018,0,2025-05-23T00:00:00Z
2025-04-09,C00018,0,2025-05-24T00:00:00Z
2025-04-10,C00018,0,2025-05-25T00:00:00Z
2025-04-11,C00018,0,2025-05-26T00:00:00Z
2025-04-12,C00018,0,2025-05-27T00:00:00Z
2025-04-13,C00018,0,2025-05-28T00:00:00Z
2025-04-14,C00018,0,2025-05-29T00:00:00Z
2025-03-01,C00019,0,2025-04-15T00:00:00Z
2025-03-02,C00019,0,2025-04-16T00:00:00Z
2025-03-03,C00019,0,2025-04-17T00:00:00Z
2025-03-04,C00019,0,2025-04-18T00:00:00Z
2025-03-05,C00019,0,2025-04-19T00:00:00Z
2025-03-06,C00019,0,2025-04-20T00:00:00Z
2025-03-07,C00019,1,2025-04-21T00:00:00Z
2025-03-08,C00019,0,2025-04-22T00:00:00Z
2025-03-09,C00019,0,2025-04-23T00:00:00Z
2025-03-10,C00019,0,2025-04-24T00:00:00Z
2025-03-11,C00019,0,2025-04-25T00:00:00Z
2025-03-12,C00019,0,2025-04-26T00:00:00Z
2025-03-13,C00019,0,2025-04-27T00:00:00Z
2025-03-14,C00019,0,2025-04-28T00:00:00Z
2025-03-15,C00019,0,2025-04-29T00:00:00Z
2025-03-16,C00019,0,2025-04-30T00:00:00Z
2025-03-17,C00019,0,2025-05-01T00:00:00Z
2025-03-18,C00019,0,2025-05-02T00:00:00Z
2025-03-19,C00019,0,2025-05-03T00:00:00Z
2025-03-20,C00019,0,2025-05-04T00:00:00Z
2025-03-21,C00019,0,2025-05-05T00:00:00Z
2025-03-22,C00019,0,2025-05-06T00:00:00Z
2025-03-23,C00019,0,2025-05-07T00:00:00Z
2025-03-24,C00019,0,2025-05-08T00:00:00Z
2025-03-25,C00019,0,2025-05-09T00:00:00Z
2025-03-26,C00019,0,2025-05-10T00:00:00Z
2025-03-27,C00019,0,2025-05-11T00:00:00Z
2025-03-28,C00019,0,2025-05-12T00:00:00Z
2025-03-29,C00019,0,2025-05-13T00:00:00Z
2025-03-30,C00019,0,2025-05-14T00:00:00Z
2025-03-31,C00019,0,2025-05-15T00:00:00Z
2025-04-01,C00019,0,2025-05-16T00:00:00Z
2025-04-02,C00019,0,2025-05-17T00:00:00Z
2025-04-03,C00019,0,2025-05-18T00:00:00Z
2025-04-04,C00019,0,2025-05-19T00:00:00Z
2025-04-05,C00019,0,2025-05-20T00:00:00Z
2025-04-06,C00019,0,2025-05-21T00:00:00Z
2025-04-07,C00019,1,2025-05-22T00:00:00Z
2025-04-08,C00019,0,2025-05-23T00:00:00Z
2025-04-09,C00019,0,2025-05-24T00:00:00Z
2025-04-10,C00019,0,2025-05-25T00:00:00Z
2025-04-11,C00019,0,2025-05-26T00:00:00Z
2025-04-12,C00019,0,2025-05-27T00:00:00Z
2025-04-13,C00019,0,2025-05-28T00:00:00Z
2025-04-14,C00019,0,2025-05-29T00:00:00Z
2025-03-01,C00020,0,2025-04-15T00:00:00Z
2025-03-02,C00020,0,2025-04-16T00:00:00Z
2025-03-03,C00020,0,2025-04-17T00:00:00Z
2025-03-04,C00020,0,2025-04-18T00:00:00Z
2025-03-05,C00020,0,2025-04-19T00:00:00Z
2025-03-06,C00020,0,2025-04-20T00:00:00Z
2025-03-07,C00020,0,2025-04-21T00:00:00Z
2025-03-08,C00020,0,2025-04-22T00:00:00Z
2025-03-09,C00020,0,2025-04-23T00:00:00Z
2025-03-10,C00020,0,2025-04-24T00:00:00Z
2025-03-11,C00020,0,2025-04-25T00:00:00Z
2025-03-12,C00020,0,2025-04-26T00:00:00Z
2025-03-13,C00020,0,2025-04-27T00:00:00Z
2025-03-14,C00020,1,2025-04-28T00:00:00Z
2025-03-15,C00020,0,2025-04-29T00:00:00Z
2025-03-16,C00020,0,2025-04-30T00:00:00Z
2025-03-17,C00020,0,2025-05-01T00:00:00Z
2025-03-18,C00020,0,2025-05-02T00:00:00Z
2025-03-19,C00020,0,2025-05-03T00:00:00Z
2025-03-20,C00020,0,2025-05-04T00:00:00Z
2025-03-21,C00020,0,2025-05-05T00:00:00Z
2025-03-22,C00020,0,2025-05-06T00:00:00Z
2025-03-23,C00020,0,2025-05-07T00:00:00Z
2025-03-24,C00020,0,2025-05-08T00:00:00Z
2025-03-25,C00020,0,2025-05-09T00:00:00Z
2025-03-26,C00020,0,2025-05-10T00:00:00Z
2025-03-27,C00020,0,2025-05-11T00:00:00Z
2025-03-28,C00020,0,2025-05-12T00:00:00Z
2025-03-29,C00020,0,2025-05-13T00:00:00Z
2025-03-30,C00020,0,2025-05-14T00:00:00Z
2025-03-31,C00020,0,2025-05-15T00:00:00Z
2025-04-01,C00020,0,2025-05-16T00:00:00Z
2025-04-02,C00020,0,2025-05-17T00:00:00Z
2025-04-03,C00020,0,2025-05-18T00:00:00Z
2025-04-04,C00020,0,2025-05-19T00:00:00Z
2025-04-05,C00020,0,2025-05-20T00:00:00Z
2025-04-06,C00020,0,2025-05-21T00:00:00Z
2025-04-07,C00020,0,2025-05-22T00:00:00Z
2025-04-08,C00020,0,2025-05-23T00:00:00Z
2025-04-09,C00020,0,2025-05-24T00:00:00Z
2025-04-10,C00020,0,2025-05-25T00:00:00Z
2025-04-11,C00020,0,2025-05-26T00:00:00Z
2025-04-12,C00020,0,2025-05-27T00:00:00Z
2025-04-13,C00020,0,2025-05-28T00:00:00Z
2025-04-14,C00020,0,2025-05-29T00:00:00Z
2025-03-01,C00021,1,2025-04-15T00:00:00Z
2025-03-02,C00021,0,2025-04-16T00:00:00Z
2025-03-03,C00021,0,2025-04-17T00:00:00Z
2025-03-04,C00021,0,2025-04-18T00:00:00Z
2025-03-05,C00021,0,2025-04-19T00:00:00Z
2025-03-06,C00021,0,2025-04-20T00:00:00Z
2025-03-07,C00021,0,2025-04-21T00:00:00Z
2025-03-08,C00021,0,2025-04-22T00:00:00Z
2025-03-09,C00021,1,2025-04-23T00:00:00Z
2025-03-10,C00021,0,2025-04-24T00:00:00Z
2025-03-11,C00021,0,2025-04-25T00:00:00Z
2025-03-12,C00021,0,2025-04-26T00:00:00Z
2025-03-13,C00021,0,2025-04-27T00:00:00Z
2025-03-14,C00021,0,2025-04-28T00:00:00Z
2025-03-15,C00021,0,2025-04-29T00:00:00Z
2025-03-16,C00021,0,2025-04-30T00:00:00Z
2025-03-17,C00021,0,2025-05-01T00:00:00Z
2025-03-18,C00021,1,2025-05-02T00:00:00Z
2025-03-19,C00021,0,2025-05-03T00:00:00Z
2025-03-20,C00021,0,2025-05-04T00:00:00Z
2025-03-21,C00021,1,2025-05-05T00:00:00Z
2025-03-22,C00021,0,2025-05-06T00:00:00Z
2025-03-23,C00021,1,2025-05-07T00:00:00Z
2025-03-24,C00021,1,2025-05-08T00:00:00Z
2025-03-25,C00021,0,2025-05-09T00:00:00Z
2025-03-26,C00021,1,2025-05-10T00:00:00Z
2025-03-27,C00021,0,2025-05-11T00:00:00Z
2025-03-28,C00021,0,2025-05-12T00:00:00Z
2025-03-29,C00021,0,2025-05-13T00:00:00Z
2025-03-30,C00021,1,2025-05-14T00:00:00Z
2025-03-31,C00021,1,2025-05-15T00:00:00Z
2025-04-01,C00021,0,2025-05-16T00:00:00Z
2025-04-02,C00021,0,2025-05-17T00:00:00Z
2025-04-03,C00021,0,2025-05-18T00:00:00Z
2025-04-04,C00021,1,2025-05-19T00:00:00Z
2025-04-05,C00021,0,2025-05-20T00:00:00Z
2025-04-06,C00021,0,2025-05-21T00:00:00Z
2025-04-07,C00021,0,2025-05-22T00:00:00Z
2025-04-08,C00021,0,2025-05-23T00:00:00Z
2025-04-09,C00021,0,2025-05-24T00:00:00Z
2025-04-10,C00021,0,2025-05-25T00:00:00Z
2025-04-11,C00021,0,2025-05-26T00:00:00Z
2025-04-12,C00021,0,2025-05-27T00:00:00Z
2025-04-13,C00021,0,2025-05-28T00:00:00Z
2025-04-14,C00021,0,2025-05-29T00:00:00Z
2025-03-01,C00022,0,2025-04-15T00:00:00Z
2025-03-02,C00022,0,2025-04-16T00:00:00Z
2025-03-03,C00022,0,2025-04-17T00:00:00Z
2025-03-04,C00022,0,2025-04-18T00:00:00Z
2025-03-05,C00022,1,2025-04-19T00:00:00Z
2025-03-06,C00022,0,2025-04-20T00:00:00Z
2025-03-07,C00022,0,2025-04-21T00:00:00Z
2025-03-08,C00022,0,2025-04-22T00:00:00Z
2025-03-09,C00022,0,2025-04-23T00:00:00Z
2025-03-10,C00022,0,2025-04-24T00:00:00Z
2025-03-11,C00022,0,2025-04-25T00:00:00Z
2025-03-12,C00022,0,2025-04-26T00:00:00Z
2025-03-13,C00022,0,2025-04-27T00:00:00Z
2025-03-14,C00022,0,2025-04-28T00:00:00Z
2025-03-15,C00022,0,2025-04-29T00:00:00Z
2025-03-16,C00022,0,2025-04-30T00:00:00Z
2025-03-17,C00022,0,2025-05-01T00:00:00Z
2025-03-18,C00022,0,2025-05-02T00:00:00Z
2025-03-19,C00022,0,2025-05-03T00:00:00Z
2025-03-20,C00022,0,2025-05-04T00:00:00Z
2025-03-21,C00022,0,2025-05-05T00:00:00Z
2025-03-22,C00022,0,2025-05-06T00:00:00Z
2025-03-23,C00022,0,2025-05-07T00:00:00Z
2025-03-24,C00022,0,2025-05-08T00:00:00Z
2025-03-25,C00022,0,2025-05-09T00:00:00Z
2025-03-26,C00022,0,2025-05-10T00:00:00Z
2025-03-27,C00022,0,2025-05-11T00:00:00Z
2025-03-28,C00022,0,2025-05-12T00:00:00Z
2025-03-29,C00022,0,2025-05-13T00:00:00Z
2025-03-30,C00022,0,2025-05-14T00:00:00Z
2025-03-31,C00022,0,2025-05-15T00:00:00Z
2025-04-01,C00022,0,2025-05-16T00:00:00Z
2025-04-02,C00022,0,2025-05-17T00:00:00Z
2025-04-03,C00022,0,2025-05-18T00:00:00Z
2025-04-04,C00022,0,2025-05-19T00:00:00Z
2025-04-05,C00022,0,2025-05-20T00:00:00Z
2025-04-06,C00022,0,2025-05-21T00:00:00Z
2025-04-07,C00022,0,2025-05-22T00:00:00Z
2025-04-08,C00022,0,2025-05-23T00:00:00Z
2025-04-09,C00022,0,2025-05-24T00:00:00Z
2025-04-10,C00022,0,2025-05-25T00:00:00Z
2025-04-11,C00022,0,2025-05-26T00:00:00Z
2025-04-12,C00022,0,2025-05-27T00:00:00Z
2025-04-13,C00022,0,2025-05-28T00:00:00Z
2025-04-14,C00022,0,2025-05-29T00:00:00Z
2025-03-01,C00023,0,2025-04-15T00:00:00Z
2025-03-02,C00023,0,2025-04-16T00:00:00Z
2025-03-03,C00023,0,2025-04-17T00:00:00Z
2025-03-04,C00023,0,2025-04-18T00:00:00Z
2025-03-05,C00023,0,2025-04-19T00:00:00Z
2025-03-06,C00023,0,2025-04-20T00:00:00Z
2025-03-07,C00023,0,2025-04-21T00:00:00Z
2025-03-08,C00023,0,2025-04-22T00:00:00Z
2025-03-09,C00023,0,2025-04-23T00:00:00Z
2025-03-10,C00023,0,2025-04-24T00:00:00Z
2025-03-11,C00023,0,2025-04-25T00:00:00Z
2025-03-12,C00023,0,2025-04-26T00:00:00Z
2025-03-13,C00023,0,2025-04-27T00:00:00Z
2025-03-14,C00023,0,2025-04-28T00:00:00Z
2025-03-15,C00023,0,2025-04-29T00:00:00Z
2025-03-16,C00023,0,2025-04-30T00:00:00Z
2025-03-17,C00023,0,2025-05-01T00:00:00Z
2025-03-18,C00023,0,2025-05-02T00:00:00Z
2025-03-19,C00023,0,2025-05-03T00:00:00Z
2025-03-20,C00023,0,2025-05-04T00:00:00Z
2025-03-21,C00023,0,2025-05-05T00:00:00Z
2025-03-22,C00023,0,2025-05-06T00:00:00Z
2025-03-23,C00023,0,2025-05-07T00:00:00Z
2025-03-24,C00023,0,2025-05-08T00:00:00Z
2025-03-25,C00023,0,2025-05-09T00:00:00Z
2025-03-26,C00023,0,2025-05-10T00:00:00Z
2025-03-27,C00023,0,2025-05-11T00:00:00Z
2025-03-28,C00023,0,2025-05-12T00:00:00Z
2025-03-29,C00023,0,2025-05-13T00:00:00Z
2025-03-30,C00023,0,2025-05-14T00:00:00Z
2025-03-31,C00023,1,2025-05-15T00:00:00Z
2025-04-01,C00023,0,2025-05-16T00:00:00Z
2025-04-02,C00023,0,2025-05-17T00:00:00Z
2025-04-03,C00023,0,2025-05-18T00:00:00Z
2025-04-04,C00023,0,2025-05-19T00:00:00Z
2025-04-05,C00023,0,2025-05-20T00:00:00Z
2025-04-06,C00023,0,2025-05-21T00:00:00Z
2025-04-07,C00023,0,2025-05-22T00:00:00Z
2025-04-08,C00023,0,2025-05-23T00:00:00Z
2025-04-09,C00023,0,2025-05-24T00:00:00Z
2025-04-10,C00023,0,2025-05-25T00:00:00Z
2025-04-11,C00023,0,2025-05-26T00:00:00Z
2025-04-12,C00023,0,2025-05-27T00:00:00Z
2025-04-13,C00023,0,2025-05-28T00:00:00Z
2025-04-14,C00023,0,2025-05-29T00:00:00Z
2025-03-01,C00024,0,2025-04-15T00:00:00Z
2025-03-02,C00024,0,2025-04-16T00:00:00Z
2025-03-03,C00024,0,2025-04-17T00:00:00Z
2025-03-04,C00024,0,2025-04-18T00:00:00Z
2025-03-05,C00024,0,2025-04-19T00:00:00Z
2025-03-06,C00024,1,2025-04-20T00:00:00Z
2025-03-07,C00024,0,2025-04-21T00:00:00Z
2025-03-08,C00024,0,2025-04-22T00:00:00Z
2025-03-09,C00024,0,2025-04-23T00:00:00Z
2025-03-10,C00024,0,2025-04-24T00:00:00Z
2025-03-11,C00024,0,2025-04-25T00:00:00Z
2025-03-12,C00024,0,2025-04-26T00:00:00Z
2025-03-13,C00024,0,2025-04-27T00:00:00Z
2025-03-14,C00024,0,2025-04-28T00:00:00Z
2025-03-15,C00024,0,2025-04-29T00:00:00Z
2025-03-16,C00024,0,2025-04-30T00:00:00Z
2025-03-17,C00024,0,2025-05-01T00:00:00Z
2025-03-18,C00024,1,2025-05-02T00:00:00Z
2025-03-19,C00024,0,2025-05-03T00:00:00Z
2025-03-20,C00024,0,2025-05-04T00:00:00Z
2025-03-21,C00024,0,2025-05-05T00:00:00Z
2025-03-22,C00024,0,2025-05-06T00:00:00Z
2025-03-23,C00024,0,2025-05-07T00:00:00Z
2025-03-24,C00024,0,2025-05-08T00:00:00Z
2025-03-25,C00024,0,2025-05-09T00:00:00Z
2025-03-26,C00024,0,2025-05-10T00:00:00Z
2025-03-27,C00024,0,2025-05-11T00:00:00Z
2025-03-28,C00024,0,2025-05-12T00:00:00Z
2025-03-29,C00024,0,2025-05-13T00:00:00Z
2025-03-30,C00024,0,2025-05-14T00:00:00Z
2025-03-31,C00024,0,2025-05-15T00:00:00Z
2025-04-01,C00024,0,2025-05-16T00:00:00Z
2025-04-02,C00024,0,2025-05-17T00:00:00Z
2025-04-03,C00024,0,2025-05-18T00:00:00Z
2025-04-04,C00024,1,2025-05-19T00:00:00Z
2025-04-05,C00024,0,2025-05-20T00:00:00Z
2025-04-06,C00024,0,2025-05-21T00:00:00Z
2025-04-07,C00024,0,2025-05-22T00:00:00Z
2025-04-08,C00024,0,2025-05-23T00:00:00Z
2025-04-09,C00024,0,2025-05-24T00:00:00Z
2025-04-10,C00024,0,2025-05-25T00:00:00Z
2025-04-11,C00024,0,2025-05-26T00:00:00Z
2025-04-12,C00024,0,2025-05-27T00:00:00Z
2025-04-13,C00024,0,2025-05-28T00:00:00Z
2025-04-14,C00024,0,2025-05-29T00:00:00Z
2025-03-01,C00025,0,2025-04-15T00:00:00Z
2025-03-02,C00025,0,2025-04-16T00:00:00Z
2025-03-03,C00025,0,2025-04-17T00:00:00Z
2025-03-04,C00025,0,2025-04-18T00:00:00Z
2025-03-05,C00025,0,2025-04-19T00:00:00Z
2025-03-06,C00025,0,2025-04-20T00:00:00Z
2025-03-07,C00025,0,2025-04-21T00:00:00Z
2025-03-08,C00025,0,2025-04-22T00:00:00Z
2025-03-09,C00025,0,2025-04-23T00:00:00Z
2025-03-10,C00025,0,2025-04-24T00:00:00Z
2025-03-11,C00025,0,2025-04-25T00:00:00Z
2025-03-12,C00025,0,2025-04-26T00:00:00Z
2025-03-13,C00025,0,2025-04-27T00:00:00Z
2025-03-14,C00025,0,2025-04-28T00:00:00Z
2025-03-15,C00025,0,2025-04-29T00:00:00Z
2025-03-16,C00025,0,2025-04-30T00:00:00Z
2025-03-17,C00025,0,2025-05-01T00:00:00Z
2025-03-18,C00025,0,2025-05-02T00:00:00Z
2025-03-19,C00025,0,2025-05-03T00:00:00Z
2025-03-20,C00025,0,2025-05-04T00:00:00Z
2025-03-21,C00025,0,2025-05-05T00:00:00Z
2025-03-22,C00025,0,2025-05-06T00:00:00Z
2025-03-23,C00025,0,2025-05-07T00:00:00Z
2025-03-24,C00025,0,2025-05-08T00:00:00Z
2025-03-25,C00025,0,2025-05-09T00:00:00Z
2025-03-26,C00025,0,2025-05-10T00:00:00Z
2025-03-27,C00025,0,2025-05-11T00:00:00Z
2025-03-28,C00025,0,2025-05-12T00:00:00Z
2025-03-29,C00025,0,2025-05-13T00:00:00Z
2025-03-30,C00025,0,2025-05-14T00:00:00Z
2025-03-31,C00025,0,2025-05-15T00:00:00Z
2025-04-01,C00025,0,2025-05-16T00:00:00Z
2025-04-02,C00025,0,2025-05-17T00:00:00Z
2025-04-03,C00025,0,2025-05-18T00:00:00Z
2025-04-04,C00025,0,2025-05-19T00:00:00Z
2025-04-05,C00025,0,2025-05-20T00:00:00Z
2025-04-06,C00025,0,2025-05-21T00:00:00Z
2025-04-07,C00025,0,2025-05-22T00:00:00Z
2025-04-08,C00025,0,2025-05-23T00:00:00Z
2025-04-09,C00025,0,2025-05-24T00:00:00Z
2025-04-10,C00025,0,2025-05-25T00:00:00Z
2025-04-11,C00025,0,2025-05-26T00:00:00Z
2025-04-12,C00025,0,2025-05-27T00:00:00Z
2025-04-13,C00025,0,2025-05-28T00:00:00Z
2025-04-14,C00025,0,2025-05-29T00:00:00Z
2025-03-01,C00026,0,2025-04-15T00:00:00Z
2025-03-02,C00026,0,2025-04-16T00:00:00Z
2025-03-03,C00026,0,2025-04-17T00:00:00Z
2025-03-04,C00026,0,2025-04-18T00:00:00Z
2025-03-05,C00026,0,2025-04-19T00:00:00Z
2025-03-06,C00026,0,2025-04-20T00:00:00Z
2025-03-07,C00026,0,2025-04-21T00:00:00Z
2025-03-08,C00026,0,2025-04-22T00:00:00Z
2025-03-09,C00026,0,2025-04-23T00:00:00Z
2025-03-10,C00026,0,2025-04-24T00:00:00Z
2025-03-11,C00026,0,2025-04-25T00:00:00Z
2025-03-12,C00026,0,2025-04-26T00:00:00Z
2025-03-13,C00026,0,2025-04-27T00:00:00Z
2025-03-14,C00026,0,2025-04-28T00:00:00Z
2025-03-15,C00026,0,2025-04-29T00:00:00Z
2025-03-16,C00026,0,2025-04-30T00:00:00Z
2025-03-17,C00026,0,2025-05-01T00:00:00Z
2025-03-18,C00026,0,2025-05-02T00:00:00Z
2025-03-19,C00026,0,2025-05-03T00:00:00Z
2025-03-20,C00026,0,2025-05-04T00:00:00Z
2025-03-21,C00026,0,2025-05-05T00:00:00Z
2025-03-22,C00026,0,2025-05-06T00:00:00Z
2025-03-23,C00026,0,2025-05-07T00:00:00Z
2025-03-24,C00026,0,2025-05-08T00:00:00Z
2025-03-25,C00026,0,2025-05-09T00:00:00Z
2025-03-26,C00026,0,2025-05-10T00:00:00Z
2025-03-27,C00026,0,2025-05-11T00:00:00Z
2025-03-28,C00026,0,2025-05-12T00:00:00Z
2025-03-29,C00026,0,2025-05-13T00:00:00Z
2025-03-30,C00026,0,2025-05-14T00:00:00Z
2025-03-31,C00026,0,2025-05-15T00:00:00Z
2025-04-01,C00026,0,2025-05-16T00:00:00Z
2025-04-02,C00026,0,2025-05-17T00:00:00Z
2025-04-03,C00026,0,2025-05-18T00:00:00Z
2025-04-04,C00026,0,2025-05-19T00:00:00Z
2025-04-05,C00026,0,2025-05-20T00:00:00Z
2025-04-06,C00026,0,2025-05-21T00:00:00Z
2025-04-07,C00026,0,2025-05-22T00:00:00Z
2025-04-08,C00026,0,2025-05-23T00:00:00Z
2025-04-09,C00026,0,2025-05-24T00:00:00Z
2025-04-10,C00026,0,2025-05-25T00:00:00Z
2025-04-11,C00026,0,2025-05-26T00:00:00Z
2025-04-12,C00026,0,2025-05-27T00:00:00Z
2025-04-13,C00026,0,2025-05-28T00:00:00Z
2025-04-14,C00026,0,2025-05-29T00:00:00Z
2025-03-01,C00027,0,2025-04-15T00:00:00Z
2025-03-02,C00027,0,2025-04-16T00:00:00Z
2025-03-03,C00027,0,2025-04-17T00:00:00Z
2025-03-04,C00027,1,2025-04-18T00:00:00Z
2025-03-05,C00027,0,2025-04-19T00:00:00Z
2025-03-06,C00027,0,2025-04-20T00:00:00Z
2025-03-07,C00027,0,2025-04-21T00:00:00Z
2025-03-08,C00027,0,2025-04-22T00:00:00Z
2025-03-09,C00027,0,2025-04-23T00:00:00Z
2025-03-10,C00027,0,2025-04-24T00:00:00Z
2025-03-11,C00027,1,2025-04-25T00:00:00Z
2025-03-12,C00027,0,2025-04-26T00:00:00Z
2025-03-13,C00027,0,2025-04-27T00:00:00Z
2025-03-14,C00027,0,2025-04-28T00:00:00Z
2025-03-15,C00027,1,2025-04-29T00:00:00Z
2025-03-16,C00027,0,2025-04-30T00:00:00Z
2025-03-17,C00027,1,2025-05-01T00:00:00Z
2025-03-18,C00027,1,2025-05-02T00:00:00Z
2025-03-19,C00027,0,2025-05-03T00:00:00Z
2025-03-20,C00027,0,2025-05-04T00:00:00Z
2025-03-21,C00027,0,2025-05-05T00:00:00Z
2025-03-22,C00027,0,2025-05-06T00:00:00Z
2025-03-23,C00027,0,2025-05-07T00:00:00Z
2025-03-24,C00027,0,2025-05-08T00:00:00Z
2025-03-25,C00027,0,2025-05-09T00:00:00Z
2025-03-26,C00027,0,2025-05-10T00:00:00Z
2025-03-27,C00027,0,2025-05-11T00:00:00Z
2025-03-28,C00027,0,2025-05-12T00:00:00Z
2025-03-29,C00027,0,2025-05-13T00:00:00Z
2025-03-30,C00027,0,2025-05-14T00:00:00Z
2025-03-31,C00027,0,2025-05-15T00:00:00Z
2025-04-01,C00027,0,2025-05-16T00:00:00Z
2025-04-02,C00027,0,2025-05-17T00:00:00Z
2025-04-03,C00027,0,2025-05-18T00:00:00Z
2025-04-04,C00027,0,2025-05-19T00:00:00Z
2025-04-05,C00027,0,2025-05-20T00:00:00Z
2025-04-06,C00027,0,2025-05-21T00:00:00Z
2025-04-07,C00027,0,2025-05-22T00:00:00Z
2025-04-08,C00027,0,2025-05-23T00:00:00Z
2025-04-09,C00027,0,2025-05-24T00:00:00Z
2025-04-10,C00027,1,2025-05-25T00:00:00Z
2025-04-11,C00027,0,2025-05-26T00:00:00Z
2025-04-12,C00027,1,2025-05-27T00:00:00Z
2025-04-13,C00027,0,2025-05-28T00:00:00Z
2025-04-14,C00027,0,2025-05-29T00:00:00Z
2025-03-01,C00028,0,2025-04-15T00:00:00Z
2025-03-02,C00028,0,2025-04-16T00:00:00Z
2025-03-03,C00028,0,2025-04-17T00:00:00Z
2025-03-04,C00028,0,2025-04-18T00:00:00Z
2025-03-05,C00028,0,2025-04-19T00:00:00Z
2025-03-06,C00028,0,2025-04-20T00:00:00Z
2025-03-07,C00028,0,2025-04-21T00:00:00Z
2025-03-08,C00028,0,2025-04-22T00:00:00Z
2025-03-09,C00028,0,2025-04-23T00:00:00Z
2025-03-10,C00028,0,2025-04-24T00:00:00Z
2025-03-11,C00028,0,2025-04-25T00:00:00Z
2025-03-12,C00028,0,2025-04-26T00:00:00Z
2025-03-13,C00028,0,2025-04-27T00:00:00Z
2025-03-14,C00028,0,2025-04-28T00:00:00Z
2025-03-15,C00028,0,2025-04-29T00:00:00Z
2025-03-16,C00028,0,2025-04-30T00:00:00Z
2025-03-17,C00028,0,2025-05-01T00:00:00Z
2025-03-18,C00028,0,2025-05-02T00:00:00Z
2025-03-19,C00028,0,2025-05-03T00:00:00Z
2025-03-20,C00028,0,2025-05-04T00:00:00Z
2025-03-21,C00028,0,2025-05-05T00:00:00Z
2025-03-22,C00028,0,2025-05-06T00:00:00Z
2025-03-23,C00028,0,2025-05-07T00:00:00Z
2025-03-24,C00028,0,2025-05-08T00:00:00Z
2025-03-25,C00028,0,2025-05-09T00:00:00Z
2025-03-26,C00028,0,2025-05-10T00:00:00Z
2025-03-27,C00028,0,2025-05-11T00:00:00Z
2025-03-28,C00028,0,2025-05-12T00:00:00Z
2025-03-29,C00028,0,2025-05-13T00:00:00Z
2025-03-30,C00028,0,2025-05-14T00:00:00Z
2025-03-31,C00028,0,2025-05-15T00:00:00Z
2025-04-01,C00028,0,2025-05-16T00:00:00Z
2025-04-02,C00028,0,2025-05-17T00:00:00Z
2025-04-03,C00028,0,2025-05-18T00:00:00Z
2025-04-04,C00028,0,2025-05-19T00:00:00Z
2025-04-05,C00028,1,2025-05-20T00:00:00Z
2025-04-06,C00028,0,2025-05-21T00:00:00Z
2025-04-07,C00028,0,2025-05-22T00:00:00Z
2025-04-08,C00028,0,2025-05-23T00:00:00Z
2025-04-09,C00028,0,2025-05-24T00:00:00Z
2025-04-10,C00028,0,2025-05-25T00:00:00Z
2025-04-11,C00028,0,2025-05-26T00:00:00Z
2025-04-12,C00028,0,2025-05-27T00:00:00Z
2025-04-13,C00028,0,2025-05-28T00:00:00Z
2025-04-14,C00028,0,2025-05-29T00:00:00Z
2025-03-01,C00029,0,2025-04-15T00:00:00Z
2025-03-02,C00029,0,2025-04-16T00:00:00Z
2025-03-03,C00029,0,2025-04-17T00:00:00Z
2025-03-04,C00029,0,2025-04-18T00:00:00Z
2025-03-05,C00029,0,2025-04-19T00:00:00Z
2025-03-06,C00029,0,2025-04-20T00:00:00Z
2025-03-07,C00029,0,2025-04-21T00:00:00Z
2025-03-08,C00029,0,2025-04-22T00:00:00Z
2025-03-09,C00029,0,2025-04-23T00:00:00Z
2025-03-10,C00029,0,2025-04-24T00:00:00Z
2025-03-11,C00029,0,2025-04-25T00:00:00Z
2025-03-12,C00029,0,2025-04-26T00:00:00Z
2025-03-13,C00029,0,2025-04-27T00:00:00Z
2025-03-14,C00029,0,2025-04-28T00:00:00Z
2025-03-15,C00029,0,2025-04-29T00:00:00Z
2025-03-16,C00029,0,2025-04-30T00:00:00Z
2025-03-17,C00029,0,2025-05-01T00:00:00Z
2025-03-18,C00029,0,2025-05-02T00:00:00Z
2025-03-19,C00029,0,2025-05-03T00:00:00Z
2025-03-20,C00029,0,2025-05-04T00:00:00Z
2025-03-21,C00029,0,2025-05-05T00:00:00Z
2025-03-22,C00029,1,2025-05-06T00:00:00Z
2025-03-23,C00029,0,2025-05-07T00:00:00Z
2025-03-24,C00029,0,2025-05-08T00:00:00Z
2025-03-25,C00029,0,2025-05-09T00:00:00Z
2025-03-26,C00029,0,2025-05-10T00:00:00Z
2025-03-27,C00029,0,2025-05-11T00:00:00Z
2025-03-28,C00029,0,2025-05-12T00:00:00Z
2025-03-29,C00029,0,2025-05-13T00:00:00Z
2025-03-30,C00029,0,2025-05-14T00:00:00Z
2025-03-31,C00029,1,2025-05-15T00:00:00Z
2025-04-01,C00029,0,2025-05-16T00:00:00Z
2025-04-02,C00029,0,2025-05-17T00:00:00Z
2025-04-03,C00029,0,2025-05-18T00:00:00Z
2025-04-04,C00029,0,2025-05-19T00:00:00Z
2025-04-05,C00029,0,2025-05-20T00:00:00Z
2025-04-06,C00029,0,2025-05-21T00:00:00Z
2025-04-07,C00029,0,2025-05-22T00:00:00Z
2025-04-08,C00029,0,2025-05-23T00:00:00Z
2025-04-09,C00029,0,2025-05-24T00:00:00Z
2025-04-10,C00029,0,2025-05-25T00:00:00Z
2025-04-11,C00029,0,2025-05-26T00:00:00Z
2025-04-12,C00029,0,2025-05-27T00:00:00Z
2025-04-13,C00029,0,2025-05-28T00:00:00Z
2025-04-14,C00029,0,2025-05-29T00:00:00Z
2025-03-01,C00030,0,2025-04-15T00:00:00Z
2025-03-02,C00030,0,2025-04-16T00:00:00Z
2025-03-03,C00030,0,2025-04-17T00:00:00Z
2025-03-04,C00030,0,2025-04-18T00:00:00Z
2025-03-05,C00030,0,2025-04-19T00:00:00Z
2025-03-06,C00030,0,2025-04-20T00:00:00Z
2025-03-07,C00030,0,2025-04-21T00:00:00Z
2025-03-08,C00030,0,2025-04-22T00:00:00Z
2025-03-09,C00030,0,2025-04-23T00:00:00Z
2025-03-10,C00030,0,2025-04-24T00:00:00Z
2025-03-11,C00030,1,2025-04-25T00:00:00Z
2025-03-12,C00030,0,2025-04-26T00:00:00Z
2025-03-13,C00030,0,2025-04-27T00:00:00Z
2025-03-14,C00030,0,2025-04-28T00:00:00Z
2025-03-15,C00030,0,2025-04-29T00:00:00Z
2025-03-16,C00030,0,2025-04-30T00:00:00Z
2025-03-17,C00030,0,2025-05-01T00:00:00Z
2025-03-18,C00030,0,2025-05-02T00:00:00Z
2025-03-19,C00030,0,2025-05-03T00:00:00Z
2025-03-20,C00030,0,2025-05-04T00:00:00Z
2025-03-21,C00030,0,2025-05-05T00:00:00Z
2025-03-22,C00030,0,2025-05-06T00:00:00Z
2025-03-23,C00030,0,2025-05-07T00:00:00Z
2025-03-24,C00030,0,2025-05-08T00:00:00Z
2025-03-25,C00030,0,2025-05-09T00:00:00Z
2025-03-26,C00030,1,2025-05-10T00:00:00Z
2025-03-27,C00030,0,2025-05-11T00:00:00Z
2025-03-28,C00030,0,2025-05-12T00:00:00Z
2025-03-29,C00030,0,2025-05-13T00:00:00Z
2025-03-30,C00030,0,2025-05-14T00:00:00Z
2025-03-31,C00030,0,2025-05-15T00:00:00Z
2025-04-01,C00030,0,2025-05-16T00:00:00Z
2025-04-02,C00030,0,2025-05-17T00:00:00Z
2025-04-03,C00030,0,2025-05-18T00:00:00Z
2025-04-04,C00030,0,2025-05-19T00:00:00Z
2025-04-05,C00030,0,2025-05-20T00:00:00Z
2025-04-06,C00030,0,2025-05-21T00:00:00Z
2025-04-07,C00030,0,2025-05-22T00:00:00Z
2025-04-08,C00030,0,2025-05-23T00:00:00Z
2025-04-09,C00030,0,2025-05-24T00:00:00Z
2025-04-10,C00030,0,2025-05-25T00:00:00Z
2025-04-11,C00030,0,2025-05-26T00:00:00Z
2025-04-12,C00030,0,2025-05-27T00:00:00Z
2025-04-13,C00030,0,2025-05-28T00:00:00Z
2025-04-14,C00030,1,2025-05-29T00:00:00Z
2025-03-01,C00031,0,2025-04-15T00:00:00Z
2025-03-02,C00031,0,2025-04-16T00:00:00Z
2025-03-03,C00031,0,2025-04-17T00:00:00Z
2025-03-04,C00031,0,2025-04-18T00:00:00Z
2025-03-05,C00031,0,2025-04-19T00:00:00Z
2025-03-06,C00031,0,2025-04-20T00:00:00Z
2025-03-07,C00031,0,2025-04-21T00:00:00Z
2025-03-08,C00031,0,2025-04-22T00:00:00Z
2025-03-09,C00031,0,2025-04-23T00:00:00Z
2025-03-10,C00031,0,2025-04-24T00:00:00Z
2025-03-11,C00031,0,2025-04-25T00:00:00Z
2025-03-12,C00031,0,2025-04-26T00:00:00Z
2025-03-13,C00031,0,2025-04-27T00:00:00Z
2025-03-14,C00031,0,2025-04-28T00:00:00Z
2025-03-15,C00031,0,2025-04-29T00:00:00Z
2025-03-16,C00031,0,2025-04-30T00:00:00Z
2025-03-17,C00031,0,2025-05-01T00:00:00Z
2025-03-18,C00031,0,2025-05-02T00:00:00Z
2025-03-19,C00031,0,2025-05-03T00:00:00Z
2025-03-20,C00031,0,2025-05-04T00:00:00Z
2025-03-21,C00031,0,2025-05-05T00:00:00Z
2025-03-22,C00031,0,2025-05-06T00:00:00Z
2025-03-23,C00031,0,2025-05-07T00:00:00Z
2025-03-24,C00031,0,2025-05-08T00:00:00Z
2025-03-25,C00031,0,2025-05-09T00:00:00Z
2025-03-26,C00031,0,2025-05-10T00:00:00Z
2025-03-27,C00031,0,2025-05-11T00:00:00Z
2025-03-28,C00031,0,2025-05-12T00:00:00Z
2025-03-29,C00031,0,2025-05-13T00:00:00Z
2025-03-30,C00031,0,2025-05-14T00:00:00Z
2025-03-31,C00031,0,2025-05-15T00:00:00Z
2025-04-01,C00031,0,2025-05-16T00:00:00Z
2025-04-02,C00031,0,2025-05-17T00:00:00Z
2025-04-03,C00031,0,2025-05-18T00:00:00Z
2025-04-04,C00031,0,2025-05-19T00:00:00Z
2025-04-05,C00031,0,2025-05-20T00:00:00Z
2025-04-06,C00031,0,2025-05-21T00:00:00Z
2025-04-07,C00031,0,2025-05-22T00:00:00Z
2025-04-08,C00031,0,2025-05-23T00:00:00Z
2025-04-09,C00031,0,2025-05-24T00:00:00Z
2025-04-10,C00031,0,2025-05-25T00:00:00Z
2025-04-11,C00031,0,2025-05-26T00:00:00Z
2025-04-12,C00031,0,2025-05-27T00:00:00Z
2025-04-13,C00031,0,2025-05-28T00:00:00Z
2025-04-14,C00031,0,2025-05-29T00:00:00Z
2025-03-01,C00032,0,2025-04-15T00:00:00Z
2025-03-02,C00032,0,2025-04-16T00:00:00Z
2025-03-03,C00032,0,2025-04-17T00:00:00Z
2025-03-04,C00032,0,2025-04-18T00:00:00Z
2025-03-05,C00032,0,2025-04-19T00:00:00Z
2025-03-06,C00032,0,2025-04-20T00:00:00Z
2025-03-07,C00032,0,2025-04-21T00:00:00Z
2025-03-08,C00032,0,2025-04-22T00:00:00Z
2025-03-09,C00032,0,2025-04-23T00:00:00Z
2025-03-10,C00032,0,2025-04-24T00:00:00Z
2025-03-11,C00032,0,2025-04-25T00:00:00Z
2025-03-12,C00032,0,2025-04-26T00:00:00Z
2025-03-13,C00032,0,2025-04-27T00:00:00Z
2025-03-14,C00032,0,2025-04-28T00:00:00Z
2025-03-15,C00032,0,2025-04-29T00:00:00Z
2025-03-16,C00032,0,2025-04-30T00:00:00Z
2025-03-17,C00032,0,2025-05-01T00:00:00Z
2025-03-18,C00032,0,2025-05-02T00:00:00Z
2025-03-19,C00032,0,2025-05-03T00:00:00Z
2025-03-20,C00032,0,2025-05-04T00:00:00Z
2025-03-21,C00032,0,2025-05-05T00:00:00Z
2025-03-22,C00032,1,2025-05-06T00:00:00Z
2025-03-23,C00032,0,2025-05-07T00:00:00Z
2025-03-24,C00032,0,2025-05-08T00:00:00Z
2025-03-25,C00032,0,2025-05-09T00:00:00Z
2025-03-26,C00032,0,2025-05-10T00:00:00Z
2025-03-27,C00032,0,2025-05-11T00:00:00Z
2025-03-28,C00032,0,2025-05-12T00:00:00Z
2025-03-29,C00032,0,2025-05-13T00:00:00Z
2025-03-30,C00032,0,2025-05-14T00:00:00Z
2025-03-31,C00032,1,2025-05-15T00:00:00Z
2025-04-01,C00032,0,2025-05-16T00:00:00Z
2025-04-02,C00032,0,2025-05-17T00:00:00Z
2025-04-03,C00032,0,2025-05-18T00:00:00Z
2025-04-04,C00032,0,2025-05-19T00:00:00Z
2025-04-05,C00032,0,2025-05-20T00:00:00Z
2025-04-06,C00032,0,2025-05-21T00:00:00Z
2025-04-07,C00032,0,2025-05-22T00:00:00Z
2025-04-08,C00032,0,2025-05-23T00:00:00Z
2025-04-09,C00032,0,2025-05-24T00:00:00Z
2025-04-10,C00032,0,2025-05-25T00:00:00Z
2025-04-11,C00032,0,2025-05-26T00:00:00Z
2025-04-12,C00032,0,2025-05-27T00:00:00Z
2025-04-13,C00032,0,2025-05-28T00:00:00Z
2025-04-14,C00032,1,2025-05-29T00:00:00Z
2025-03-01,C00033,0,2025-04-15T00:00:00Z
2025-03-02,C00033,0,2025-04-16T00:00:00Z
2025-03-03,C00033,0,2025-04-17T00:00:00Z
2025-03-04,C00033,0,2025-04-18T00:00:00Z
2025-03-05,C00033,0,2025-04-19T00:00:00Z
2025-03-06,C00033,0,2025-04-20T00:00:00Z
2025-03-07,C00033,0,2025-04-21T00:00:00Z
2025-03-08,C00033,0,2025-04-22T00:00:00Z
2025-03-09,C00033,0,2025-04-23T00:00:00Z
2025-03-10,C00033,0,2025-04-24T00:00:00Z
2025-03-11,C00033,0,2025-04-25T00:00:00Z
2025-03-12,C00033,0,2025-04-26T00:00:00Z
2025-03-13,C00033,0,2025-04-27T00:00:00Z
2025-03-14,C00033,0,2025-04-28T00:00:00Z
2025-03-15,C00033,1,2025-04-29T00:00:00Z
2025-03-16,C00033,0,2025-04-30T00:00:00Z
2025-03-17,C00033,0,2025-05-01T00:00:00Z
2025-03-18,C00033,0,2025-05-02T00:00:00Z
2025-03-19,C00033,0,2025-05-03T00:00:00Z
2025-03-20,C00033,0,2025-05-04T00:00:00Z
2025-03-21,C00033,0,2025-05-05T00:00:00Z
2025-03-22,C00033,0,2025-05-06T00:00:00Z
2025-03-23,C00033,0,2025-05-07T00:00:00Z
2025-03-24,C00033,0,2025-05-08T00:00:00Z
2025-03-25,C00033,0,2025-05-09T00:00:00Z
2025-03-26,C00033,0,2025-05-10T00:00:00Z
2025-03-27,C00033,0,2025-05-11T00:00:00Z
2025-03-28,C00033,0,2025-05-12T00:00:00Z
2025-03-29,C00033,0,2025-05-13T00:00:00Z
2025-03-30,C00033,0,2025-05-14T00:00:00Z
2025-03-31,C00033,0,2025-05-15T00:00:00Z
2025-04-01,C00033,0,2025-05-16T00:00:00Z
2025-04-02,C00033,0,2025-05-17T00:00:00Z
2025-04-03,C00033,0,2025-05-18T00:00:00Z
2025-04-04,C00033,0,2025-05-19T00:00:00Z
2025-04-05,C00033,0,2025-05-20T00:00:00Z
2025-04-06,C00033,0,2025-05-21T00:00:00Z
2025-04-07,C00033,0,2025-05-22T00:00:00Z
2025-04-08,C00033,0,2025-05-23T00:00:00Z
2025-04-09,C00033,0,2025-05-24T00:00:00Z
2025-04-10,C00033,0,2025-05-25T00:00:00Z
2025-04-11,C00033,1,2025-05-26T00:00:00Z
2025-04-12,C00033,0,2025-05-27T00:00:00Z
2025-04-13,C00033,0,2025-05-28T00:00:00Z
2025-04-14,C00033,0,2025-05-29T00:00:00Z
2025-03-01,C00034,0,2025-04-15T00:00:00Z
2025-03-02,C00034,0,2025-04-16T00:00:00Z
2025-03-03,C00034,0,2025-04-17T00:00:00Z
2025-03-04,C00034,0,2025-04-18T00:00:00Z
2025-03-05,C00034,0,2025-04-19T00:00:00Z
2025-03-06,C00034,0,2025-04-20T00:00:00Z
2025-03-07,C00034,0,2025-04-21T00:00:00Z
2025-03-08,C00034,0,2025-04-22T00:00:00Z
2025-03-09,C00034,0,2025-04-23T00:00:00Z
2025-03-10,C00034,0,2025-04-24T00:00:00Z
2025-03-11,C00034,0,2025-04-25T00:00:00Z
2025-03-12,C00034,0,2025-04-26T00:00:00Z
2025-03-13,C00034,0,2025-04-27T00:00:00Z
2025-03-14,C00034,0,2025-04-28T00:00:00Z
2025-03-15,C00034,0,2025-04-29T00:00:00Z
2025-03-16,C00034,0,2025-04-30T00:00:00Z
2025-03-17,C00034,0,2025-05-01T00:00:00Z
2025-03-18,C00034,0,2025-05-02T00:00:00Z
2025-03-19,C00034,0,2025-05-03T00:00:00Z
2025-03-20,C00034,0,2025-05-04T00:00:00Z
2025-03-21,C00034,0,2025-05-05T00:00:00Z
2025-03-22,C00034,0,2025-05-06T00:00:00Z
2025-03-23,C00034,0,2025-05-07T00:00:00Z
2025-03-24,C00034,0,2025-05-08T00:00:00Z
2025-03-25,C00034,0,2025-05-09T00:00:00Z
2025-03-26,C00034,0,2025-05-10T00:00:00Z
2025-03-27,C00034,0,2025-05-11T00:00:00Z
2025-03-28,C00034,0,2025-05-12T00:00:00Z
2025-03-29,C00034,0,2025-05-13T00:00:00Z
2025-03-30,C00034,0,2025-05-14T00:00:00Z
2025-03-31,C00034,0,2025-05-15T00:00:00Z
2025-04-01,C00034,0,2025-05-16T00:00:00Z
2025-04-02,C00034,0,2025-05-17T00:00:00Z
2025-04-03,C00034,0,2025-05-18T00:00:00Z
2025-04-04,C00034,0,2025-05-19T00:00:00Z
2025-04-05,C00034,0,2025-05-20T00:00:00Z
2025-04-06,C00034,0,2025-05-21T00:00:00Z
2025-04-07,C00034,0,2025-05-22T00:00:00Z
2025-04-08,C00034,0,2025-05-23T00:00:00Z
2025-04-09,C00034,0,2025-05-24T00:00:00Z
2025-04-10,C00034,0,2025-05-25T00:00:00Z
2025-04-11,C00034,0,2025-05-26T00:00:00Z
2025-04-12,C00034,0,2025-05-27T00:00:00Z
2025-04-13,C00034,0,2025-05-28T00:00:00Z
2025-04-14,C00034,0,2025-05-29T00:00:00Z
2025-03-01,C00035,0,2025-04-15T00:00:00Z
2025-03-02,C00035,0,2025-04-16T00:00:00Z
2025-03-03,C00035,0,2025-04-17T00:00:00Z
2025-03-04,C00035,0,2025-04-18T00:00:00Z
2025-03-05,C00035,0,2025-04-19T00:00:00Z
2025-03-06,C00035,0,2025-04-20T00:00:00Z
2025-03-07,C00035,0,2025-04-21T00:00:00Z
2025-03-08,C00035,0,2025-04-22T00:00:00Z
2025-03-09,C00035,0,2025-04-23T00:00:00Z
2025-03-10,C00035,0,2025-04-24T00:00:00Z
2025-03-11,C00035,0,2025-04-25T00:00:00Z
2025-03-12,C00035,0,2025-04-26T00:00:00Z
2025-03-13,C00035,0,2025-04-27T00:00:00Z
2025-03-14,C00035,0,2025-04-28T00:00:00Z
2025-03-15,C00035,0,2025-04-29T00:00:00Z
2025-03-16,C00035,1,2025-04-30T00:00:00Z
2025-03-17,C00035,0,2025-05-01T00:00:00Z
2025-03-18,C00035,0,2025-05-02T00:00:00Z
2025-03-19,C00035,0,2025-05-03T00:00:00Z
2025-03-20,C00035,0,2025-05-04T00:00:00Z
2025-03-21,C00035,1,2025-05-05T00:00:00Z
2025-03-22,C00035,0,2025-05-06T00:00:00Z
2025-03-23,C00035,0,2025-05-07T00:00:00Z
2025-03-24,C00035,0,2025-05-08T00:00:00Z
2025-03-25,C00035,0,2025-05-09T00:00:00Z
2025-03-26,C00035,0,2025-05-10T00:00:00Z
2025-03-27,C00035,0,2025-05-11T00:00:00Z
2025-03-28,C00035,0,2025-05-12T00:00:00Z
2025-03-29,C00035,0,2025-05-13T00:00:00Z
2025-03-30,C00035,0,2025-05-14T00:00:00Z
2025-03-31,C00035,0,2025-05-15T00:00:00Z
2025-04-01,C00035,0,2025-05-16T00:00:00Z
2025-04-02,C00035,0,2025-05-17T00:00:00Z
2025-04-03,C00035,1,2025-05-18T00:00:00Z
2025-04-04,C00035,0,2025-05-19T00:00:00Z
2025-04-05,C00035,0,2025-05-20T00:00:00Z
2025-04-06,C00035,0,2025-05-21T00:00:00Z
2025-04-07,C00035,0,2025-05-22T00:00:00Z
2025-04-08,C00035,0,2025-05-23T00:00:00Z
2025-04-09,C00035,0,2025-05-24T00:00:00Z
2025-04-10,C00035,0,2025-05-25T00:00:00Z
2025-04-11,C00035,0,2025-05-26T00:00:00Z
2025-04-12,C00035,0,2025-05-27T00:00:00Z
2025-04-13,C00035,0,2025-05-28T00:00:00Z
2025-04-14,C00035,0,2025-05-29T00:00:00Z
2025-03-01,C00036,0,2025-04-15T00:00:00Z
2025-03-02,C00036,1,2025-04-16T00:00:00Z
2025-03-03,C00036,0,2025-04-17T00:00:00Z
2025-03-04,C00036,0,2025-04-18T00:00:00Z
2025-03-05,C00036,0,2025-04-19T00:00:00Z
2025-03-06,C00036,0,2025-04-20T00:00:00Z
2025-03-07,C00036,1,2025-04-21T00:00:00Z
2025-03-08,C00036,0,2025-04-22T00:00:00Z
2025-03-09,C00036,0,2025-04-23T00:00:00Z
2025-03-10,C00036,0,2025-04-24T00:00:00Z
2025-03-11,C00036,0,2025-04-25T00:00:00Z
2025-03-12,C00036,0,2025-04-26T00:00:00Z
2025-03-13,C00036,0,2025-04-27T00:00:00Z
2025-03-14,C00036,0,2025-04-28T00:00:00Z
2025-03-15,C00036,0,2025-04-29T00:00:00Z
2025-03-16,C00036,0,2025-04-30T00:00:00Z
2025-03-17,C00036,0,2025-05-01T00:00:00Z
2025-03-18,C00036,0,2025-05-02T00:00:00Z
2025-03-19,C00036,0,2025-05-03T00:00:00Z
2025-03-20,C00036,1,2025-05-04T00:00:00Z
2025-03-21,C00036,0,2025-05-05T00:00:00Z
2025-03-22,C00036,0,2025-05-06T00:00:00Z
2025-03-23,C00036,0,2025-05-07T00:00:00Z
2025-03-24,C00036,0,2025-05-08T00:00:00Z
2025-03-25,C00036,0,2025-05-09T00:00:00Z
2025-03-26,C00036,0,2025-05-10T00:00:00Z
2025-03-27,C00036,0,2025-05-11T00:00:00Z
2025-03-28,C00036,0,2025-05-12T00:00:00Z
2025-03-29,C00036,0,2025-05-13T00:00:00Z
2025-03-30,C00036,0,2025-05-14T00:00:00Z
2025-03-31,C00036,0,2025-05-15T00:00:00Z
2025-04-01,C00036,0,2025-05-16T00:00:00Z
2025-04-02,C00036,0,2025-05-17T00:00:00Z
2025-04-03,C00036,0,2025-05-18T00:00:00Z
2025-04-04,C00036,0,2025-05-19T00:00:00Z
2025-04-05,C00036,0,2025-05-20T00:00:00Z
2025-04-06,C00036,0,2025-05-21T00:00:00Z
2025-04-07,C00036,0,2025-05-22T00:00:00Z
2025-04-08,C00036,0,2025-05-23T00:00:00Z
2025-04-09,C00036,0,2025-05-24T00:00:00Z
2025-04-10,C00036,0,2025-05-25T00:00:00Z
2025-04-11,C00036,0,2025-05-26T00:00:00Z
2025-04-12,C00036,0,2025-05-27T00:00:00Z
2025-04-13,C00036,0,2025-05-28T00:00:00Z
2025-04-14,C00036,0,2025-05-29T00:00:00Z
2025-03-01,C00037,0,2025-04-15T00:00:00Z
2025-03-02,C00037,0,2025-04-16T00:00:00Z
2025-03-03,C00037,0,2025-04-17T00:00:00Z
2025-03-04,C00037,0,2025-04-18T00:00:00Z
2025-03-05,C00037,0,2025-04-19T00:00:00Z
2025-03-06,C00037,0,2025-04-20T00:00:00Z
2025-03-07,C00037,1,2025-04-21T00:00:00Z
2025-03-08,C00037,0,2025-04-22T00:00:00Z
2025-03-09,C00037,0,2025-04-23T00:00:00Z
2025-03-10,C00037,0,2025-04-24T00:00:00Z
2025-03-11,C00037,0,2025-04-25T00:00:00Z
2025-03-12,C00037,1,2025-04-26T00:00:00Z
2025-03-13,C00037,0,2025-04-27T00:00:00Z
2025-03-14,C00037,0,2025-04-28T00:00:00Z
2025-03-15,C00037,0,2025-04-29T00:00:00Z
2025-03-16,C00037,0,2025-04-30T00:00:00Z
2025-03-17,C00037,0,2025-05-01T00:00:00Z
2025-03-18,C00037,0,2025-05-02T00:00:00Z
2025-03-19,C00037,0,2025-05-03T00:00:00Z
2025-03-20,C00037,0,2025-05-04T00:00:00Z
2025-03-21,C00037,0,2025-05-05T00:00:00Z
2025-03-22,C00037,0,2025-05-06T00:00:00Z
2025-03-23,C00037,0,2025-05-07T00:00:00Z
2025-03-24,C00037,0,2025-05-08T00:00:00Z
2025-03-25,C00037,1,2025-05-09T00:00:00Z
2025-03-26,C00037,0,2025-05-10T00:00:00Z
2025-03-27,C00037,0,2025-05-11T00:00:00Z
2025-03-28,C00037,0,2025-05-12T00:00:00Z
2025-03-29,C00037,0,2025-05-13T00:00:00Z
2025-03-30,C00037,0,2025-05-14T00:00:00Z
2025-03-31,C00037,0,2025-05-15T00:00:00Z
2025-04-01,C00037,0,2025-05-16T00:00:00Z
2025-04-02,C00037,0,2025-05-17T00:00:00Z
2025-04-03,C00037,0,2025-05-18T00:00:00Z
2025-04-04,C00037,0,2025-05-19T00:00:00Z
2025-04-05,C00037,0,2025-05-20T00:00:00Z
2025-04-06,C00037,0,2025-05-21T00:00:00Z
2025-04-07,C00037,0,2025-05-22T00:00:00Z
2025-04-08,C00037,0,2025-05-23T00:00:00Z
2025-04-09,C00037,1,2025-05-24T00:00:00Z
2025-04-10,C00037,0,2025-05-25T00:00:00Z
2025-04-11,C00037,0,2025-05-26T00:00:00Z
2025-04-12,C00037,0,2025-05-27T00:00:00Z
2025-04-13,C00037,0,2025-05-28T00:00:00Z
2025-04-14,C00037,0,2025-05-29T00:00:00Z
2025-03-01,C00038,0,2025-04-15T00:00:00Z
2025-03-02,C00038,0,2025-04-16T00:00:00Z
2025-03-03,C00038,0,2025-04-17T00:00:00Z
2025-03-04,C00038,0,2025-04-18T00:00:00Z
2025-03-05,C00038,1,2025-04-19T00:00:00Z
2025-03-06,C00038,0,2025-04-20T00:00:00Z
2025-03-07,C00038,1,2025-04-21T00:00:00Z
2025-03-08,C00038,0,2025-04-22T00:00:00Z
2025-03-09,C00038,0,2025-04-23T00:00:00Z
2025-03-10,C00038,0,2025-04-24T00:00:00Z
2025-03-11,C00038,0,2025-04-25T00:00:00Z
2025-03-12,C00038,0,2025-04-26T00:00:00Z
2025-03-13,C00038,0,2025-04-27T00:00:00Z
2025-03-14,C00038,0,2025-04-28T00:00:00Z
2025-03-15,C00038,0,2025-04-29T00:00:00Z
2025-03-16,C00038,0,2025-04-30T00:00:00Z
2025-03-17,C00038,0,2025-05-01T00:00:00Z
2025-03-18,C00038,0,2025-05-02T00:00:00Z
2025-03-19,C00038,0,2025-05-03T00:00:00Z
2025-03-20,C00038,0,2025-05-04T00:00:00Z
2025-03-21,C00038,0,2025-05-05T00:00:00Z
2025-03-22,C00038,0,2025-05-06T00:00:00Z
2025-03-23,C00038,1,2025-05-07T00:00:00Z
2025-03-24,C00038,0,2025-05-08T00:00:00Z
2025-03-25,C00038,0,2025-05-09T00:00:00Z
2025-03-26,C00038,0,2025-05-10T00:00:00Z
2025-03-27,C00038,0,2025-05-11T00:00:00Z
2025-03-28,C00038,0,2025-05-12T00:00:00Z
2025-03-29,C00038,0,2025-05-13T00:00:00Z
2025-03-30,C00038,0,2025-05-14T00:00:00Z
2025-03-31,C00038,0,2025-05-15T00:00:00Z
2025-04-01,C00038,0,2025-05-16T00:00:00Z
2025-04-02,C00038,0,2025-05-17T00:00:00Z
2025-04-03,C00038,0,2025-05-18T00:00:00Z
2025-04-04,C00038,0,2025-05-19T00:00:00Z
2025-04-05,C00038,0,2025-05-20T00:00:00Z
2025-04-06,C00038,0,2025-05-21T00:00:00Z
2025-04-07,C00038,0,2025-05-22T00:00:00Z
2025-04-08,C00038,0,2025-05-23T00:00:00Z
2025-04-09,C00038,0,2025-05-24T00:00:00Z
2025-04-10,C00038,0,2025-05-25T00:00:00Z
2025-04-11,C00038,0,2025-05-26T00:00:00Z
2025-04-12,C00038,0,2025-05-27T00:00:00Z
2025-04-13,C00038,0,2025-05-28T00:00:00Z
2025-04-14,C00038,0,2025-05-29T00:00:00Z
2025-03-01,C00039,0,2025-04-15T00:00:00Z
2025-03-02,C00039,0,2025-04-16T00:00:00Z
2025-03-03,C00039,0,2025-04-17T00:00:00Z
2025-03-04,C00039,0,2025-04-18T00:00:00Z
2025-03-05,C00039,0,2025-04-19T00:00:00Z
2025-03-06,C00039,0,2025-04-20T00:00:00Z
2025-03-07,C00039,0,2025-04-21T00:00:00Z
2025-03-08,C00039,0,2025-04-22T00:00:00Z
2025-03-09,C00039,0,2025-04-23T00:00:00Z
2025-03-10,C00039,0,2025-04-24T00:00:00Z
2025-03-11,C00039,0,2025-04-25T00:00:00Z
2025-03-12,C00039,0,2025-04-26T00:00:00Z
2025-03-13,C00039,0,2025-04-27T00:00:00Z
2025-03-14,C00039,0,2025-04-28T00:00:00Z
2025-03-15,C00039,1,2025-04-29T00:00:00Z
2025-03-16,C00039,0,2025-04-30T00:00:00Z
2025-03-17,C00039,0,2025-05-01T00:00:00Z
2025-03-18,C00039,0,2025-05-02T00:00:00Z
2025-03-19,C00039,0,2025-05-03T00:00:00Z
2025-03-20,C00039,0,2025-05-04T00:00:00Z
2025-03-21,C00039,0,2025-05-05T00:00:00Z
2025-03-22,C00039,0,2025-05-06T00:00:00Z
2025-03-23,C00039,0,2025-05-07T00:00:00Z
2025-03-24,C00039,0,2025-05-08T00:00:00Z
2025-03-25,C00039,0,2025-05-09T00:00:00Z
2025-03-26,C00039,0,2025-05-10T00:00:00Z
2025-03-27,C00039,0,2025-05-11T00:00:00Z
2025-03-28,C00039,0,2025-05-12T00:00:00Z
2025-03-29,C00039,0,2025-05-13T00:00:00Z
2025-03-30,C00039,0,2025-05-14T00:00:00Z
2025-03-31,C00039,0,2025-05-15T00:00:00Z
2025-04-01,C00039,0,2025-05-16T00:00:00Z
2025-04-02,C00039,0,2025-05-17T00:00:00Z
2025-04-03,C00039,0,2025-05-18T00:00:00Z
2025-04-04,C00039,0,2025-05-19T00:00:00Z
2025-04-05,C00039,0,2025-05-20T00:00:00Z
2025-04-06,C00039,0,2025-05-21T00:00:00Z
2025-04-07,C00039,1,2025-05-22T00:00:00Z
2025-04-08,C00039,0,2025-05-23T00:00:00Z
2025-04-09,C00039,0,2025-05-24T00:00:00Z
2025-04-10,C00039,0,2025-05-25T00:00:00Z
2025-04-11,C00039,0,2025-05-26T00:00:00Z
2025-04-12,C00039,0,2025-05-27T00:00:00Z
2025-04-13,C00039,0,2025-05-28T00:00:00Z
2025-04-14,C00039,1,2025-05-29T00:00:00Z
2025-03-01,C00040,0,2025-04-15T00:00:00Z
2025-03-02,C00040,0,2025-04-16T00:00:00Z
2025-03-03,C00040,0,2025-04-17T00:00:00Z
2025-03-04,C00040,0,2025-04-18T00:00:00Z
2025-03-05,C00040,0,2025-04-19T00:00:00Z
2025-03-06,C00040,0,2025-04-20T00:00:00Z
2025-03-07,C00040,0,2025-04-21T00:00:00Z
2025-03-08,C00040,0,2025-04-22T00:00:00Z
2025-03-09,C00040,0,2025-04-23T00:00:00Z
2025-03-10,C00040,0,2025-04-24T00:00:00Z
2025-03-11,C00040,0,2025-04-25T00:00:00Z
2025-03-12,C00040,1,2025-04-26T00:00:00Z
2025-03-13,C00040,0,2025-04-27T00:00:00Z
2025-03-14,C00040,0,2025-04-28T00:00:00Z
2025-03-15,C00040,0,2025-04-29T00:00:00Z
2025-03-16,C00040,0,2025-04-30T00:00:00Z
2025-03-17,C00040,0,2025-05-01T00:00:00Z
2025-03-18,C00040,0,2025-05-02T00:00:00Z
2025-03-19,C00040,0,2025-05-03T00:00:00Z
2025-03-20,C00040,0,2025-05-04T00:00:00Z
2025-03-21,C00040,0,2025-05-05T00:00:00Z
2025-03-22,C00040,0,2025-05-06T00:00:00Z
2025-03-23,C00040,0,2025-05-07T00:00:00Z
2025-03-24,C00040,0,2025-05-08T00:00:00Z
2025-03-25,C00040,0,2025-05-09T00:00:00Z
2025-03-26,C00040,0,2025-05-10T00:00:00Z
2025-03-27,C00040,0,2025-05-11T00:00:00Z
2025-03-28,C00040,0,2025-05-12T00:00:00Z
2025-03-29,C00040,0,2025-05-13T00:00:00Z
2025-03-30,C00040,0,2025-05-14T00:00:00Z
2025-03-31,C00040,0,2025-05-15T00:00:00Z
2025-04-01,C00040,0,2025-05-16T00:00:00Z
2025-04-02,C00040,0,2025-05-17T00:00:00Z
2025-04-03,C00040,0,2025-05-18T00:00:00Z
2025-04-04,C00040,0,2025-05-19T00:00:00Z
2025-04-05,C00040,0,2025-05-20T00:00:00Z
2025-04-06,C00040,0,2025-05-21T00:00:00Z
2025-04-07,C00040,0,2025-05-22T00:00:00Z
2025-04-08,C00040,0,2025-05-23T00:00:00Z
2025-04-09,C00040,0,2025-05-24T00:00:00Z
2025-04-10,C00040,1,2025-05-25T00:00:00Z
2025-04-11,C00040,0,2025-05-26T00:00:00Z
2025-04-12,C00040,0,2025-05-27T00:00:00Z
2025-04-13,C00040,0,2025-05-28T00:00:00Z
2025-04-14,C00040,0,2025-05-29T00:00:00Z
2025-03-01,C00041,0,2025-04-15T00:00:00Z
2025-03-02,C00041,0,2025-04-16T00:00:00Z
2025-03-03,C00041,0,2025-04-17T00:00:00Z
2025-03-04,C00041,0,2025-04-18T00:00:00Z
2025-03-05,C00041,0,2025-04-19T00:00:00Z
2025-03-06,C00041,0,2025-04-20T00:00:00Z
2025-03-07,C00041,0,2025-04-21T00:00:00Z
2025-03-08,C00041,0,2025-04-22T00:00:00Z
2025-03-09,C00041,0,2025-04-23T00:00:00Z
2025-03-10,C00041,0,2025-04-24T00:00:00Z
2025-03-11,C00041,0,2025-04-25T00:00:00Z
2025-03-12,C00041,0,2025-04-26T00:00:00Z
2025-03-13,C00041,0,2025-04-27T00:00:00Z
2025-03-14,C00041,0,2025-04-28T00:00:00Z
2025-03-15,C00041,1,2025-04-29T00:00:00Z
2025-03-16,C00041,0,2025-04-30T00:00:00Z
2025-03-17,C00041,0,2025-05-01T00:00:00Z
2025-03-18,C00041,0,2025-05-02T00:00:00Z
2025-03-19,C00041,0,2025-05-03T00:00:00Z
2025-03-20,C00041,0,2025-05-04T00:00:00Z
2025-03-21,C00041,0,2025-05-05T00:00:00Z
2025-03-22,C00041,0,2025-05-06T00:00:00Z
2025-03-23,C00041,0,2025-05-07T00:00:00Z
2025-03-24,C00041,0,2025-05-08T00:00:00Z
2025-03-25,C00041,0,2025-05-09T00:00:00Z
2025-03-26,C00041,0,2025-05-10T00:00:00Z
2025-03-27,C00041,0,2025-05-11T00:00:00Z
2025-03-28,C00041,0,2025-05-12T00:00:00Z
2025-03-29,C00041,0,2025-05-13T00:00:00Z
2025-03-30,C00041,0,2025-05-14T00:00:00Z
2025-03-31,C00041,0,2025-05-15T00:00:00Z
2025-04-01,C00041,0,2025-05-16T00:00:00Z
2025-04-02,C00041,0,2025-05-17T00:00:00Z
2025-04-03,C00041,0,2025-05-18T00:00:00Z
2025-04-04,C00041,0,2025-05-19T00:00:00Z
2025-04-05,C00041,0,2025-05-20T00:00:00Z
2025-04-06,C00041,0,2025-05-21T00:00:00Z
2025-04-07,C00041,0,2025-05-22T00:00:00Z
2025-04-08,C00041,0,2025-05-23T00:00:00Z
2025-04-09,C00041,0,2025-05-24T00:00:00Z
2025-04-10,C00041,0,2025-05-25T00:00:00Z
2025-04-11,C00041,0,2025-05-26T00:00:00Z
2025-04-12,C00041,0,2025-05-27T00:00:00Z
2025-04-13,C00041,0,2025-05-28T00:00:00Z
2025-04-14,C00041,0,2025-05-29T00:00:00Z
2025-03-01,C00042,0,2025-04-15T00:00:00Z
2025-03-02,C00042,0,2025-04-16T00:00:00Z
2025-03-03,C00042,0,2025-04-17T00:00:00Z
2025-03-04,C00042,0,2025-04-18T00:00:00Z
2025-03-05,C00042,0,2025-04-19T00:00:00Z
2025-03-06,C00042,0,2025-04-20T00:00:00Z
2025-03-07,C00042,0,2025-04-21T00:00:00Z
2025-03-08,C00042,0,2025-04-22T00:00:00Z
2025-03-09,C00042,0,2025-04-23T00:00:00Z
2025-03-10,C00042,0,2025-04-24T00:00:00Z
2025-03-11,C00042,1,2025-04-25T00:00:00Z
2025-03-12,C00042,1,2025-04-26T00:00:00Z
2025-03-13,C00042,0,2025-04-27T00:00:00Z
2025-03-14,C00042,1,2025-04-28T00:00:00Z
2025-03-15,C00042,0,2025-04-29T00:00:00Z
2025-03-16,C00042,0,2025-04-30T00:00:00Z
2025-03-17,C00042,0,2025-05-01T00:00:00Z
2025-03-18,C00042,0,2025-05-02T00:00:00Z
2025-03-19,C00042,0,2025-05-03T00:00:00Z
2025-03-20,C00042,0,2025-05-04T00:00:00Z
2025-03-21,C00042,0,2025-05-05T00:00:00Z
2025-03-22,C00042,0,2025-05-06T00:00:00Z
2025-03-23,C00042,0,2025-05-07T00:00:00Z
2025-03-24,C00042,0,2025-05-08T00:00:00Z
2025-03-25,C00042,0,2025-05-09T00:00:00Z
2025-03-26,C00042,0,2025-05-10T00:00:00Z
2025-03-27,C00042,0,2025-05-11T00:00:00Z
2025-03-28,C00042,0,2025-05-12T00:00:00Z
2025-03-29,C00042,0,2025-05-13T00:00:00Z
2025-03-30,C00042,0,2025-05-14T00:00:00Z
2025-03-31,C00042,0,2025-05-15T00:00:00Z
2025-04-01,C00042,0,2025-05-16T00:00:00Z
2025-04-02,C00042,0,2025-05-17T00:00:00Z
2025-04-03,C00042,0,2025-05-18T00:00:00Z
2025-04-04,C00042,1,2025-05-19T00:00:00Z
2025-04-05,C00042,0,2025-05-20T00:00:00Z
2025-04-06,C00042,0,2025-05-21T00:00:00Z
2025-04-07,C00042,0,2025-05-22T00:00:00Z
2025-04-08,C00042,0,2025-05-23T00:00:00Z
2025-04-09,C00042,0,2025-05-24T00:00:00Z
2025-04-10,C00042,0,2025-05-25T00:00:00Z
2025-04-11,C00042,0,2025-05-26T00:00:00Z
2025-04-12,C00042,0,2025-05-27T00:00:00Z
2025-04-13,C00042,1,2025-05-28T00:00:00Z
2025-04-14,C00042,0,2025-05-29T00:00:00Z
2025-03-01,C00043,0,2025-04-15T00:00:00Z
2025-03-02,C00043,1,2025-04-16T00:00:00Z
2025-03-03,C00043,0,2025-04-17T00:00:00Z
2025-03-04,C00043,0,2025-04-18T00:00:00Z
2025-03-05,C00043,0,2025-04-19T00:00:00Z
2025-03-06,C00043,0,2025-04-20T00:00:00Z
2025-03-07,C00043,0,2025-04-21T00:00:00Z
2025-03-08,C00043,0,2025-04-22T00:00:00Z
2025-03-09,C00043,0,2025-04-23T00:00:00Z
2025-03-10,C00043,0,2025-04-24T00:00:00Z
2025-03-11,C00043,0,2025-04-25T00:00:00Z
2025-03-12,C00043,0,2025-04-26T00:00:00Z
2025-03-13,C00043,0,2025-04-27T00:00:00Z
2025-03-14,C00043,0,2025-04-28T00:00:00Z
2025-03-15,C00043,0,2025-04-29T00:00:00Z
2025-03-16,C00043,0,2025-04-30T00:00:00Z
2025-03-17,C00043,0,2025-05-01T00:00:00Z
2025-03-18,C00043,1,2025-05-02T00:00:00Z
2025-03-19,C00043,0,2025-05-03T00:00:00Z
2025-03-20,C00043,0,2025-05-04T00:00:00Z
2025-03-21,C00043,0,2025-05-05T00:00:00Z
2025-03-22,C00043,0,2025-05-06T00:00:00Z
2025-03-23,C00043,0,2025-05-07T00:00:00Z
2025-03-24,C00043,0,2025-05-08T00:00:00Z
2025-03-25,C00043,0,2025-05-09T00:00:00Z
2025-03-26,C00043,0,2025-05-10T00:00:00Z
2025-03-27,C00043,0,2025-05-11T00:00:00Z
2025-03-28,C00043,0,2025-05-12T00:00:00Z
2025-03-29,C00043,0,2025-05-13T00:00:00Z
2025-03-30,C00043,0,2025-05-14T00:00:00Z
2025-03-31,C00043,0,2025-05-15T00:00:00Z
2025-04-01,C00043,0,2025-05-16T00:00:00Z
2025-04-02,C00043,0,2025-05-17T00:00:00Z
2025-04-03,C00043,0,2025-05-18T00:00:00Z
2025-04-04,C00043,0,2025-05-19T00:00:00Z
2025-04-05,C00043,0,2025-05-20T00:00:00Z
2025-04-06,C00043,0,2025-05-21T00:00:00Z
2025-04-07,C00043,0,2025-05-22T00:00:00Z
2025-04-08,C00043,0,2025-05-23T00:00:00Z
2025-04-09,C00043,0,2025-05-24T00:00:00Z
2025-04-10,C00043,0,2025-05-25T00:00:00Z
2025-04-11,C00043,0,2025-05-26T00:00:00Z
2025-04-12,C00043,0,2025-05-27T00:00:00Z
2025-04-13,C00043,0,2025-05-28T00:00:00Z
2025-04-14,C00043,0,2025-05-29T00:00:00Z
2025-03-01,C00044,0,2025-04-15T00:00:00Z
2025-03-02,C00044,0,2025-04-16T00:00:00Z
2025-03-03,C00044,0,2025-04-17T00:00:00Z
2025-03-04,C00044,0,2025-04-18T00:00:00Z
2025-03-05,C00044,0,2025-04-19T00:00:00Z
2025-03-06,C00044,0,2025-04-20T00:00:00Z
2025-03-07,C00044,0,2025-04-21T00:00:00Z
2025-03-08,C00044,0,2025-04-22T00:00:00Z
2025-03-09,C00044,0,2025-04-23T00:00:00Z
2025-03-10,C00044,0,2025-04-24T00:00:00Z
2025-03-11,C00044,0,2025-04-25T00:00:00Z
2025-03-12,C00044,0,2025-04-26T00:00:00Z
2025-03-13,C00044,0,2025-04-27T00:00:00Z
2025-03-14,C00044,0,2025-04-28T00:00:00Z
2025-03-15,C00044,0,2025-04-29T00:00:00Z
2025-03-16,C00044,0,2025-04-30T00:00:00Z
2025-03-17,C00044,0,2025-05-01T00:00:00Z
2025-03-18,C00044,1,2025-05-02T00:00:00Z
2025-03-19,C00044,0,2025-05-03T00:00:00Z
2025-03-20,C00044,0,2025-05-04T00:00:00Z
2025-03-21,C00044,0,2025-05-05T00:00:00Z
2025-03-22,C00044,0,2025-05-06T00:00:00Z
2025-03-23,C00044,0,2025-05-07T00:00:00Z
2025-03-24,C00044,0,2025-05-08T00:00:00Z
2025-03-25,C00044,0,2025-05-09T00:00:00Z
2025-03-26,C00044,0,2025-05-10T00:00:00Z
2025-03-27,C00044,0,2025-05-11T00:00:00Z
2025-03-28,C00044,0,2025-05-12T00:00:00Z
2025-03-29,C00044,0,2025-05-13T00:00:00Z
2025-03-30,C00044,0,2025-05-14T00:00:00Z
2025-03-31,C00044,0,2025-05-15T00:00:00Z
2025-04-01,C00044,0,2025-05-16T00:00:00Z
2025-04-02,C00044,0,2025-05-17T00:00:00Z
2025-04-03,C00044,0,2025-05-18T00:00:00Z
2025-04-04,C00044,0,2025-05-19T00:00:00Z
2025-04-05,C00044,0,2025-05-20T00:00:00Z
2025-04-06,C00044,0,2025-05-21T00:00:00Z
2025-04-07,C00044,0,2025-05-22T00:00:00Z
2025-04-08,C00044,0,2025-05-23T00:00:00Z
2025-04-09,C00044,1,2025-05-24T00:00:00Z
2025-04-10,C00044,0,2025-05-25T00:00:00Z
2025-04-11,C00044,0,2025-05-26T00:00:00Z
2025-04-12,C00044,0,2025-05-27T00:00:00Z
2025-04-13,C00044,0,2025-05-28T00:00:00Z
2025-04-14,C00044,1,2025-05-29T00:00:00Z
2025-03-01,C00045,0,2025-04-15T00:00:00Z
2025-03-02,C00045,0,2025-04-16T00:00:00Z
2025-03-03,C00045,0,2025-04-17T00:00:00Z
2025-03-04,C00045,0,2025-04-18T00:00:00Z
2025-03-05,C00045,0,2025-04-19T00:00:00Z
2025-03-06,C00045,0,2025-04-20T00:00:00Z
2025-03-07,C00045,0,2025-04-21T00:00:00Z
2025-03-08,C00045,0,2025-04-22T00:00:00Z
2025-03-09,C00045,0,2025-04-23T00:00:00Z
2025-03-10,C00045,0,2025-04-24T00:00:00Z
2025-03-11,C00045,0,2025-04-25T00:00:00Z
2025-03-12,C00045,0,2025-04-26T00:00:00Z
2025-03-13,C00045,0,2025-04-27T00:00:00Z
2025-03-14,C00045,0,2025-04-28T00:00:00Z
2025-03-15,C00045,0,2025-04-29T00:00:00Z
2025-03-16,C00045,0,2025-04-30T00:00:00Z
2025-03-17,C00045,0,2025-05-01T00:00:00Z
2025-03-18,C00045,0,2025-05-02T00:00:00Z
2025-03-19,C00045,0,2025-05-03T00:00:00Z
2025-03-20,C00045,0,2025-05-04T00:00:00Z
2025-03-21,C00045,0,2025-05-05T00:00:00Z
2025-03-22,C00045,0,2025-05-06T00:00:00Z
2025-03-23,C00045,0,2025-05-07T00:00:00Z
2025-03-24,C00045,0,2025-05-08T00:00:00Z
2025-03-25,C00045,0,2025-05-09T00:00:00Z
2025-03-26,C00045,0,2025-05-10T00:00:00Z
2025-03-27,C00045,0,2025-05-11T00:00:00Z
2025-03-28,C00045,0,2025-05-12T00:00:00Z
2025-03-29,C00045,0,2025-05-13T00:00:00Z
2025-03-30,C00045,0,2025-05-14T00:00:00Z
2025-03-31,C00045,0,2025-05-15T00:00:00Z
2025-04-01,C00045,0,2025-05-16T00:00:00Z
2025-04-02,C00045,0,2025-05-17T00:00:00Z
2025-04-03,C00045,0,2025-05-18T00:00:00Z
2025-04-04,C00045,0,2025-05-19T00:00:00Z
2025-04-05,C00045,0,2025-05-20T00:00:00Z
2025-04-06,C00045,0,2025-05-21T00:00:00Z
2025-04-07,C00045,0,2025-05-22T00:00:00Z
2025-04-08,C00045,0,2025-05-23T00:00:00Z
2025-04-09,C00045,0,2025-05-24T00:00:00Z
2025-04-10,C00045,0,2025-05-25T00:00:00Z
2025-04-11,C00045,0,2025-05-26T00:00:00Z
2025-04-12,C00045,0,2025-05-27T00:00:00Z
2025-04-13,C00045,0,2025-05-28T00:00:00Z
2025-04-14,C00045,0,2025-05-29T00:00:00Z
2025-03-01,C00046,0,2025-04-15T00:00:00Z
2025-03-02,C00046,0,2025-04-16T00:00:00Z
2025-03-03,C00046,0,2025-04-17T00:00:00Z
2025-03-04,C00046,0,2025-04-18T00:00:00Z
2025-03-05,C00046,0,2025-04-19T00:00:00Z
2025-03-06,C00046,0,2025-04-20T00:00:00Z
2025-03-07,C00046,0,2025-04-21T00:00:00Z
2025-03-08,C00046,0,2025-04-22T00:00:00Z
2025-03-09,C00046,0,2025-04-23T00:00:00Z
2025-03-10,C00046,0,2025-04-24T00:00:00Z
2025-03-11,C00046,0,2025-04-25T00:00:00Z
2025-03-12,C00046,0,2025-04-26T00:00:00Z
2025-03-13,C00046,0,2025-04-27T00:00:00Z
2025-03-14,C00046,0,2025-04-28T00:00:00Z
2025-03-15,C00046,0,2025-04-29T00:00:00Z
2025-03-16,C00046,0,2025-04-30T00:00:00Z
2025-03-17,C00046,0,2025-05-01T00:00:00Z
2025-03-18,C00046,0,2025-05-02T00:00:00Z
2025-03-19,C00046,0,2025-05-03T00:00:00Z
2025-03-20,C00046,0,2025-05-04T00:00:00Z
2025-03-21,C00046,0,2025-05-05T00:00:00Z
2025-03-22,C00046,0,2025-05-06T00:00:00Z
2025-03-23,C00046,0,2025-05-07T00:00:00Z
2025-03-24,C00046,0,2025-05-08T00:00:00Z
2025-03-25,C00046,0,2025-05-09T00:00:00Z
2025-03-26,C00046,0,2025-05-10T00:00:00Z
2025-03-27,C00046,0,2025-05-11T00:00:00Z
2025-03-28,C00046,0,2025-05-12T00:00:00Z
2025-03-29,C00046,0,2025-05-13T00:00:00Z
2025-03-30,C00046,0,2025-05-14T00:00:00Z
2025-03-31,C00046,0,2025-05-15T00:00:00Z
2025-04-01,C00046,0,2025-05-16T00:00:00Z
2025-04-02,C00046,0,2025-05-17T00:00:00Z
2025-04-03,C00046,0,2025-05-18T00:00:00Z
2025-04-04,C00046,0,2025-05-19T00:00:00Z
2025-04-05,C00046,0,2025-05-20T00:00:00Z
2025-04-06,C00046,0,2025-05-21T00:00:00Z
2025-04-07,C00046,0,2025-05-22T00:00:00Z
2025-04-08,C00046,0,2025-05-23T00:00:00Z
2025-04-09,C00046,0,2025-05-24T00:00:00Z
2025-04-10,C00046,0,2025-05-25T00:00:00Z
2025-04-11,C00046,0,2025-05-26T00:00:00Z
2025-04-12,C00046,0,2025-05-27T00:00:00Z
2025-04-13,C00046,0,2025-05-28T00:00:00Z
2025-04-14,C00046,0,2025-05-29T00:00:00Z
2025-03-01,C00047,0,2025-04-15T00:00:00Z
2025-03-02,C00047,0,2025-04-16T00:00:00Z
2025-03-03,C00047,0,2025-04-17T00:00:00Z
2025-03-04,C00047,1,2025-04-18T00:00:00Z
2025-03-05,C00047,0,2025-04-19T00:00:00Z
2025-03-06,C00047,0,2025-04-20T00:00:00Z
2025-03-07,C00047,0,2025-04-21T00:00:00Z
2025-03-08,C00047,0,2025-04-22T00:00:00Z
2025-03-09,C00047,0,2025-04-23T00:00:00Z
2025-03-10,C00047,0,2025-04-24T00:00:00Z
2025-03-11,C00047,0,2025-04-25T00:00:00Z
2025-03-12,C00047,0,2025-04-26T00:00:00Z
2025-03-13,C00047,0,2025-04-27T00:00:00Z
2025-03-14,C00047,0,2025-04-28T00:00:00Z
2025-03-15,C00047,0,2025-04-29T00:00:00Z
2025-03-16,C00047,0,2025-04-30T00:00:00Z
2025-03-17,C00047,0,2025-05-01T00:00:00Z
2025-03-18,C00047,0,2025-05-02T00:00:00Z
2025-03-19,C00047,0,2025-05-03T00:00:00Z
2025-03-20,C00047,0,2025-05-04T00:00:00Z
2025-03-21,C00047,0,2025-05-05T00:00:00Z
2025-03-22,C00047,0,2025-05-06T00:00:00Z
2025-03-23,C00047,0,2025-05-07T00:00:00Z
2025-03-24,C00047,0,2025-05-08T00:00:00Z
2025-03-25,C00047,0,2025-05-09T00:00:00Z
2025-03-26,C00047,1,2025-05-10T00:00:00Z
2025-03-27,C00047,0,2025-05-11T00:00:00Z
2025-03-28,C00047,0,2025-05-12T00:00:00Z
2025-03-29,C00047,0,2025-05-13T00:00:00Z
2025-03-30,C00047,0,2025-05-14T00:00:00Z
2025-03-31,C00047,0,2025-05-15T00:00:00Z
2025-04-01,C00047,0,2025-05-16T00:00:00Z
2025-04-02,C00047,0,2025-05-17T00:00:00Z
2025-04-03,C00047,0,2025-05-18T00:00:00Z
2025-04-04,C00047,0,2025-05-19T00:00:00Z
2025-04-05,C00047,0,2025-05-20T00:00:00Z
2025-04-06,C00047,0,2025-05-21T00:00:00Z
2025-04-07,C00047,0,2025-05-22T00:00:00Z
2025-04-08,C00047,0,2025-05-23T00:00:00Z
2025-04-09,C00047,0,2025-05-24T00:00:00Z
2025-04-10,C00047,0,2025-05-25T00:00:00Z
2025-04-11,C00047,0,2025-05-26T00:00:00Z
2025-04-12,C00047,0,2025-05-27T00:00:00Z
2025-04-13,C00047,0,2025-05-28T00:00:00Z
2025-04-14,C00047,0,2025-05-29T00:00:00Z
2025-03-01,C00048,0,2025-04-15T00:00:00Z
2025-03-02,C00048,0,2025-04-16T00:00:00Z
2025-03-03,C00048,0,2025-04-17T00:00:00Z
2025-03-04,C00048,0,2025-04-18T00:00:00Z
2025-03-05,C00048,1,2025-04-19T00:00:00Z
2025-03-06,C00048,0,2025-04-20T00:00:00Z
2025-03-07,C00048,0,2025-04-21T00:00:00Z
2025-03-08,C00048,0,2025-04-22T00:00:00Z
2025-03-09,C00048,0,2025-04-23T00:00:00Z
2025-03-10,C00048,0,2025-04-24T00:00:00Z
2025-03-11,C00048,0,2025-04-25T00:00:00Z
2025-03-12,C00048,0,2025-04-26T00:00:00Z
2025-03-13,C00048,0,2025-04-27T00:00:00Z
2025-03-14,C00048,0,2025-04-28T00:00:00Z
2025-03-15,C00048,0,2025-04-29T00:00:00Z
2025-03-16,C00048,0,2025-04-30T00:00:00Z
2025-03-17,C00048,0,2025-05-01T00:00:00Z
2025-03-18,C00048,0,2025-05-02T00:00:00Z
2025-03-19,C00048,0,2025-05-03T00:00:00Z
2025-03-20,C00048,0,2025-05-04T00:00:00Z
2025-03-21,C00048,0,2025-05-05T00:00:00Z
2025-03-22,C00048,0,2025-05-06T00:00:00Z
2025-03-23,C00048,0,2025-05-07T00:00:00Z
2025-03-24,C00048,0,2025-05-08T00:00:00Z
2025-03-25,C00048,0,2025-05-09T00:00:00Z
2025-03-26,C00048,0,2025-05-10T00:00:00Z
2025-03-27,C00048,0,2025-05-11T00:00:00Z
2025-03-28,C00048,0,2025-05-12T00:00:00Z
2025-03-29,C00048,0,2025-05-13T00:00:00Z
2025-03-30,C00048,0,2025-05-14T00:00:00Z
2025-03-31,C00048,0,2025-05-15T00:00:00Z
2025-04-01,C00048,0,2025-05-16T00:00:00Z
2025-04-02,C00048,0,2025-05-17T00:00:00Z
2025-04-03,C00048,0,2025-05-18T00:00:00Z
2025-04-04,C00048,1,2025-05-19T00:00:00Z
2025-04-05,C00048,0,2025-05-20T00:00:00Z
2025-04-06,C00048,0,2025-05-21T00:00:00Z
2025-04-07,C00048,0,2025-05-22T00:00:00Z
2025-04-08,C00048,0,2025-05-23T00:00:00Z
2025-04-09,C00048,0,2025-05-24T00:00:00Z
2025-04-10,C00048,0,2025-05-25T00:00:00Z
2025-04-11,C00048,0,2025-05-26T00:00:00Z
2025-04-12,C00048,0,2025-05-27T00:00:00Z
2025-04-13,C00048,0,2025-05-28T00:00:00Z
2025-04-14,C00048,0,2025-05-29T00:00:00Z
2025-03-01,C00049,0,2025-04-15T00:00:00Z
2025-03-02,C00049,0,2025-04-16T00:00:00Z
2025-03-03,C00049,0,2025-04-17T00:00:00Z
2025-03-04,C00049,0,2025-04-18T00:00:00Z
2025-03-05,C00049,0,2025-04-19T00:00:00Z
2025-03-06,C00049,0,2025-04-20T00:00:00Z
2025-03-07,C00049,0,2025-04-21T00:00:00Z
2025-03-08,C00049,0,2025-04-22T00:00:00Z
2025-03-09,C00049,0,2025-04-23T00:00:00Z
2025-03-10,C00049,0,2025-04-24T00:00:00Z
2025-03-11,C00049,0,2025-04-25T00:00:00Z
2025-03-12,C00049,0,2025-04-26T00:00:00Z
2025-03-13,C00049,0,2025-04-27T00:00:00Z
2025-03-14,C00049,0,2025-04-28T00:00:00Z
2025-03-15,C00049,0,2025-04-29T00:00:00Z
2025-03-16,C00049,0,2025-04-30T00:00:00Z
2025-03-17,C00049,0,2025-05-01T00:00:00Z
2025-03-18,C00049,0,2025-05-02T00:00:00Z
2025-03-19,C00049,0,2025-05-03T00:00:00Z
2025-03-20,C00049,0,2025-05-04T00:00:00Z
2025-03-21,C00049,0,2025-05-05T00:00:00Z
2025-03-22,C00049,0,2025-05-06T00:00:00Z
2025-03-23,C00049,0,2025-05-07T00:00:00Z
2025-03-24,C00049,0,2025-05-08T00:00:00Z
2025-03-25,C00049,0,2025-05-09T00:00:00Z
2025-03-26,C00049,0,2025-05-10T00:00:00Z
2025-03-27,C00049,0,2025-05-11T00:00:00Z
2025-03-28,C00049,0,2025-05-12T00:00:00Z
2025-03-29,C00049,0,2025-05-13T00:00:00Z
2025-03-30,C00049,0,2025-05-14T00:00:00Z
2025-03-31,C00049,0,2025-05-15T00:00:00Z
2025-04-01,C00049,0,2025-05-16T00:00:00Z
2025-04-02,C00049,1,2025-05-17T00:00:00Z
2025-04-03,C00049,0,2025-05-18T00:00:00Z
2025-04-04,C00049,0,2025-05-19T00:00:00Z
2025-04-05,C00049,0,2025-05-20T00:00:00Z
2025-04-06,C00049,0,2025-05-21T00:00:00Z
2025-04-07,C00049,0,2025-05-22T00:00:00Z
2025-04-08,C00049,0,2025-05-23T00:00:00Z
2025-04-09,C00049,0,2025-05-24T00:00:00Z
2025-04-10,C00049,0,2025-05-25T00:00:00Z
2025-04-11,C00049,0,2025-05-26T00:00:00Z
2025-04-12,C00049,0,2025-05-27T00:00:00Z
2025-04-13,C00049,0,2025-05-28T00:00:00Z
2025-04-14,C00049,0,2025-05-29T00:00:00Z
2025-03-01,C00050,0,2025-04-15T00:00:00Z
2025-03-02,C00050,0,2025-04-16T00:00:00Z
2025-03-03,C00050,0,2025-04-17T00:00:00Z
2025-03-04,C00050,0,2025-04-18T00:00:00Z
2025-03-05,C00050,0,2025-04-19T00:00:00Z
2025-03-06,C00050,0,2025-04-20T00:00:00Z
2025-03-07,C00050,1,2025-04-21T00:00:00Z
2025-03-08,C00050,0,2025-04-22T00:00:00Z
2025-03-09,C00050,0,2025-04-23T00:00:00Z
2025-03-10,C00050,0,2025-04-24T00:00:00Z
2025-03-11,C00050,0,2025-04-25T00:00:00Z
2025-03-12,C00050,0,2025-04-26T00:00:00Z
2025-03-13,C00050,0,2025-04-27T00:00:00Z
2025-03-14,C00050,0,2025-04-28T00:00:00Z
2025-03-15,C00050,0,2025-04-29T00:00:00Z
2025-03-16,C00050,0,2025-04-30T00:00:00Z
2025-03-17,C00050,0,2025-05-01T00:00:00Z
2025-03-18,C00050,0,2025-05-02T00:00:00Z
2025-03-19,C00050,0,2025-05-03T00:00:00Z
2025-03-20,C00050,0,2025-05-04T00:00:00Z
2025-03-21,C00050,0,2025-05-05T00:00:00Z
2025-03-22,C00050,0,2025-05-06T00:00:00Z
2025-03-23,C00050,0,2025-05-07T00:00:00Z
2025-03-24,C00050,0,2025-05-08T00:00:00Z
2025-03-25,C00050,0,2025-05-09T00:00:00Z
2025-03-26,C00050,0,2025-05-10T00:00:00Z
2025-03-27,C00050,0,2025-05-11T00:00:00Z
2025-03-28,C00050,0,2025-05-12T00:00:00Z
2025-03-29,C00050,0,2025-05-13T00:00:00Z
2025-03-30,C00050,0,2025-05-14T00:00:00Z
2025-03-31,C00050,0,2025-05-15T00:00:00Z
2025-04-01,C00050,0,2025-05-16T00:00:00Z
2025-04-02,C00050,0,2025-05-17T00:00:00Z
2025-04-03,C00050,0,2025-05-18T00:00:00Z
2025-04-04,C00050,0,2025-05-19T00:00:00Z
2025-04-05,C00050,0,2025-05-20T00:00:00Z
2025-04-06,C00050,0,2025-05-21T00:00:00Z
2025-04-07,C00050,0,2025-05-22T00:00:00Z
2025-04-08,C00050,0,2025-05-23T00:00:00Z
2025-04-09,C00050,0,2025-05-24T00:00:00Z
2025-04-10,C00050,0,2025-05-25T00:00:00Z
2025-04-11,C00050,0,2025-05-26T00:00:00Z
2025-04-12,C00050,0,2025-05-27T00:00:00Z
2025-04-13,C00050,0,2025-05-28T00:00:00Z
2025-04-14,C00050,0,2025-05-29T00:00:00Z
2025-03-01,C00051,0,2025-04-15T00:00:00Z
2025-03-02,C00051,0,2025-04-16T00:00:00Z
2025-03-03,C00051,0,2025-04-17T00:00:00Z
2025-03-04,C00051,0,2025-04-18T00:00:00Z
2025-03-05,C00051,0,2025-04-19T00:00:00Z
2025-03-06,C00051,0,2025-04-20T00:00:00Z
2025-03-07,C00051,0,2025-04-21T00:00:00Z
2025-03-08,C00051,0,2025-04-22T00:00:00Z
2025-03-09,C00051,0,2025-04-23T00:00:00Z
2025-03-10,C00051,0,2025-04-24T00:00:00Z
2025-03-11,C00051,0,2025-04-25T00:00:00Z
2025-03-12,C00051,0,2025-04-26T00:00:00Z
2025-03-13,C00051,0,2025-04-27T00:00:00Z
2025-03-14,C00051,0,2025-04-28T00:00:00Z
2025-03-15,C00051,0,2025-04-29T00:00:00Z
2025-03-16,C00051,0,2025-04-30T00:00:00Z
2025-03-17,C00051,0,2025-05-01T00:00:00Z
2025-03-18,C00051,0,2025-05-02T00:00:00Z
2025-03-19,C00051,1,2025-05-03T00:00:00Z
2025-03-20,C00051,0,2025-05-04T00:00:00Z
2025-03-21,C00051,0,2025-05-05T00:00:00Z
2025-03-22,C00051,0,2025-05-06T00:00:00Z
2025-03-23,C00051,0,2025-05-07T00:00:00Z
2025-03-24,C00051,0,2025-05-08T00:00:00Z
2025-03-25,C00051,0,2025-05-09T00:00:00Z
2025-03-26,C00051,1,2025-05-10T00:00:00Z
2025-03-27,C00051,0,2025-05-11T00:00:00Z
2025-03-28,C00051,0,2025-05-12T00:00:00Z
2025-03-29,C00051,0,2025-05-13T00:00:00Z
2025-03-30,C00051,0,2025-05-14T00:00:00Z
2025-03-31,C00051,0,2025-05-15T00:00:00Z
2025-04-01,C00051,0,2025-05-16T00:00:00Z
2025-04-02,C00051,0,2025-05-17T00:00:00Z
2025-04-03,C00051,0,2025-05-18T00:00:00Z
2025-04-04,C00051,0,2025-05-19T00:00:00Z
2025-04-05,C00051,0,2025-05-20T00:00:00Z
2025-04-06,C00051,0,2025-05-21T00:00:00Z
2025-04-07,C00051,0,2025-05-22T00:00:00Z
2025-04-08,C00051,0,2025-05-23T00:00:00Z
2025-04-09,C00051,0,2025-05-24T00:00:00Z
2025-04-10,C00051,0,2025-05-25T00:00:00Z
2025-04-11,C00051,0,2025-05-26T00:00:00Z
2025-04-12,C00051,0,2025-05-27T00:00:00Z
2025-04-13,C00051,0,2025-05-28T00:00:00Z
2025-04-14,C00051,0,2025-05-29T00:00:00Z
2025-03-01,C00052,0,2025-04-15T00:00:00Z
2025-03-02,C00052,0,2025-04-16T00:00:00Z
2025-03-03,C00052,0,2025-04-17T00:00:00Z
2025-03-04,C00052,0,2025-04-18T00:00:00Z
2025-03-05,C00052,0,2025-04-19T00:00:00Z
2025-03-06,C00052,0,2025-04-20T00:00:00Z
2025-03-07,C00052,0,2025-04-21T00:00:00Z
2025-03-08,C00052,0,2025-04-22T00:00:00Z
2025-03-09,C00052,0,2025-04-23T00:00:00Z
2025-03-10,C00052,0,2025-04-24T00:00:00Z
2025-03-11,C00052,0,2025-04-25T00:00:00Z
2025-03-12,C00052,0,2025-04-26T00:00:00Z
2025-03-13,C00052,0,2025-04-27T00:00:00Z
2025-03-14,C00052,0,2025-04-28T00:00:00Z
2025-03-15,C00052,0,2025-04-29T00:00:00Z
2025-03-16,C00052,0,2025-04-30T00:00:00Z
2025-03-17,C00052,0,2025-05-01T00:00:00Z
2025-03-18,C00052,0,2025-05-02T00:00:00Z
2025-03-19,C00052,0,2025-05-03T00:00:00Z
2025-03-20,C00052,0,2025-05-04T00:00:00Z
2025-03-21,C00052,0,2025-05-05T00:00:00Z
2025-03-22,C00052,0,2025-05-06T00:00:00Z
2025-03-23,C00052,0,2025-05-07T00:00:00Z
2025-03-24,C00052,0,2025-05-08T00:00:00Z
2025-03-25,C00052,0,2025-05-09T00:00:00Z
2025-03-26,C00052,0,2025-05-10T00:00:00Z
2025-03-27,C00052,0,2025-05-11T00:00:00Z
2025-03-28,C00052,0,2025-05-12T00:00:00Z
2025-03-29,C00052,0,2025-05-13T00:00:00Z
2025-03-30,C00052,0,2025-05-14T00:00:00Z
2025-03-31,C00052,0,2025-05-15T00:00:00Z
2025-04-01,C00052,0,2025-05-16T00:00:00Z
2025-04-02,C00052,0,2025-05-17T00:00:00Z
2025-04-03,C00052,0,2025-05-18T00:00:00Z
2025-04-04,C00052,0,2025-05-19T00:00:00Z
2025-04-05,C00052,0,2025-05-20T00:00:00Z
2025-04-06,C00052,0,2025-05-21T00:00:00Z
2025-04-07,C00052,0,2025-05-22T00:00:00Z
2025-04-08,C00052,0,2025-05-23T00:00:00Z
2025-04-09,C00052,0,2025-05-24T00:00:00Z
2025-04-10,C00052,0,2025-05-25T00:00:00Z
2025-04-11,C00052,0,2025-05-26T00:00:00Z
2025-04-12,C00052,0,2025-05-27T00:00:00Z
2025-04-13,C00052,0,2025-05-28T00:00:00Z
2025-04-14,C00052,0,2025-05-29T00:00:00Z
2025-03-01,C00053,0,2025-04-15T00:00:00Z
2025-03-02,C00053,0,2025-04-16T00:00:00Z
2025-03-03,C00053,0,2025-04-17T00:00:00Z
2025-03-04,C00053,0,2025-04-18T00:00:00Z
2025-03-05,C00053,0,2025-04-19T00:00:00Z
2025-03-06,C00053,0,2025-04-20T00:00:00Z
2025-03-07,C00053,0,2025-04-21T00:00:00Z
2025-03-08,C00053,0,2025-04-22T00:00:00Z
2025-03-09,C00053,0,2025-04-23T00:00:00Z
2025-03-10,C00053,0,2025-04-24T00:00:00Z
2025-03-11,C00053,0,2025-04-25T00:00:00Z
2025-03-12,C00053,0,2025-04-26T00:00:00Z
2025-03-13,C00053,0,2025-04-27T00:00:00Z
2025-03-14,C00053,0,2025-04-28T00:00:00Z
2025-03-15,C00053,0,2025-04-29T00:00:00Z
2025-03-16,C00053,0,2025-04-30T00:00:00Z
2025-03-17,C00053,0,2025-05-01T00:00:00Z
2025-03-18,C00053,0,2025-05-02T00:00:00Z
2025-03-19,C00053,0,2025-05-03T00:00:00Z
2025-03-20,C00053,0,2025-05-04T00:00:00Z
2025-03-21,C00053,0,2025-05-05T00:00:00Z
2025-03-22,C00053,0,2025-05-06T00:00:00Z
2025-03-23,C00053,0,2025-05-07T00:00:00Z
2025-03-24,C00053,1,2025-05-08T00:00:00Z
2025-03-25,C00053,0,2025-05-09T00:00:00Z
2025-03-26,C00053,0,2025-05-10T00:00:00Z
2025-03-27,C00053,0,2025-05-11T00:00:00Z
2025-03-28,C00053,0,2025-05-12T00:00:00Z
2025-03-29,C00053,0,2025-05-13T00:00:00Z
2025-03-30,C00053,0,2025-05-14T00:00:00Z
2025-03-31,C00053,0,2025-05-15T00:00:00Z
2025-04-01,C00053,0,2025-05-16T00:00:00Z
2025-04-02,C00053,0,2025-05-17T00:00:00Z
2025-04-03,C00053,0,2025-05-18T00:00:00Z
2025-04-04,C00053,0,2025-05-19T00:00:00Z
2025-04-05,C00053,0,2025-05-20T00:00:00Z
2025-04-06,C00053,0,2025-05-21T00:00:00Z
2025-04-07,C00053,0,2025-05-22T00:00:00Z
2025-04-08,C00053,0,2025-05-23T00:00:00Z
2025-04-09,C00053,0,2025-05-24T00:00:00Z
2025-04-10,C00053,0,2025-05-25T00:00:00Z
2025-04-11,C00053,0,2025-05-26T00:00:00Z
2025-04-12,C00053,0,2025-05-27T00:00:00Z
2025-04-13,C00053,0,2025-05-28T00:00:00Z
2025-04-14,C00053,0,2025-05-29T00:00:00Z
2025-03-01,C00054,0,2025-04-15T00:00:00Z
2025-03-02,C00054,0,2025-04-16T00:00:00Z
2025-03-03,C00054,0,2025-04-17T00:00:00Z
2025-03-04,C00054,0,2025-04-18T00:00:00Z
2025-03-05,C00054,0,2025-04-19T00:00:00Z
2025-03-06,C00054,0,2025-04-20T00:00:00Z
2025-03-07,C00054,0,2025-04-21T00:00:00Z
2025-03-08,C00054,0,2025-04-22T00:00:00Z
2025-03-09,C00054,0,2025-04-23T00:00:00Z
2025-03-10,C00054,0,2025-04-24T00:00:00Z
2025-03-11,C00054,0,2025-04-25T00:00:00Z
2025-03-12,C00054,0,2025-04-26T00:00:00Z
2025-03-13,C00054,0,2025-04-27T00:00:00Z
2025-03-14,C00054,0,2025-04-28T00:00:00Z
2025-03-15,C00054,0,2025-04-29T00:00:00Z
2025-03-16,C00054,0,2025-04-30T00:00:00Z
2025-03-17,C00054,0,2025-05-01T00:00:00Z
2025-03-18,C00054,0,2025-05-02T00:00:00Z
2025-03-19,C00054,0,2025-05-03T00:00:00Z
2025-03-20,C00054,0,2025-05-04T00:00:00Z
2025-03-21,C00054,0,2025-05-05T00:00:00Z
2025-03-22,C00054,0,2025-05-06T00:00:00Z
2025-03-23,C00054,0,2025-05-07T00:00:00Z
2025-03-24,C00054,0,2025-05-08T00:00:00Z
2025-03-25,C00054,0,2025-05-09T00:00:00Z
2025-03-26,C00054,0,2025-05-10T00:00:00Z
2025-03-27,C00054,0,2025-05-11T00:00:00Z
2025-03-28,C00054,0,2025-05-12T00:00:00Z
2025-03-29,C00054,0,2025-05-13T00:00:00Z
2025-03-30,C00054,0,2025-05-14T00:00:00Z
2025-03-31,C00054,0,2025-05-15T00:00:00Z
2025-04-01,C00054,0,2025-05-16T00:00:00Z
2025-04-02,C00054,0,2025-05-17T00:00:00Z
2025-04-03,C00054,0,2025-05-18T00:00:00Z
2025-04-04,C00054,1,2025-05-19T00:00:00Z
2025-04-05,C00054,0,2025-05-20T00:00:00Z
2025-04-06,C00054,0,2025-05-21T00:00:00Z
2025-04-07,C00054,0,2025-05-22T00:00:00Z
2025-04-08,C00054,0,2025-05-23T00:00:00Z
2025-04-09,C00054,0,2025-05-24T00:00:00Z
2025-04-10,C00054,0,2025-05-25T00:00:00Z
2025-04-11,C00054,0,2025-05-26T00:00:00Z
2025-04-12,C00054,0,2025-05-27T00:00:00Z
2025-04-13,C00054,1,2025-05-28T00:00:00Z
2025-04-14,C00054,0,2025-05-29T00:00:00Z
2025-03-01,C00055,0,2025-04-15T00:00:00Z
2025-03-02,C00055,0,2025-04-16T00:00:00Z
2025-03-03,C00055,0,2025-04-17T00:00:00Z
2025-03-04,C00055,0,2025-04-18T00:00:00Z
2025-03-05,C00055,0,2025-04-19T00:00:00Z
2025-03-06,C00055,0,2025-04-20T00:00:00Z
2025-03-07,C00055,0,2025-04-21T00:00:00Z
2025-03-08,C00055,1,2025-04-22T00:00:00Z
2025-03-09,C00055,0,2025-04-23T00:00:00Z
2025-03-10,C00055,0,2025-04-24T00:00:00Z
2025-03-11,C00055,0,2025-04-25T00:00:00Z
2025-03-12,C00055,0,2025-04-26T00:00:00Z
2025-03-13,C00055,0,2025-04-27T00:00:00Z
2025-03-14,C00055,0,2025-04-28T00:00:00Z
2025-03-15,C00055,0,2025-04-29T00:00:00Z
2025-03-16,C00055,0,2025-04-30T00:00:00Z
2025-03-17,C00055,0,2025-05-01T00:00:00Z
2025-03-18,C00055,0,2025-05-02T00:00:00Z
2025-03-19,C00055,0,2025-05-03T00:00:00Z
2025-03-20,C00055,0,2025-05-04T00:00:00Z
2025-03-21,C00055,0,2025-05-05T00:00:00Z
2025-03-22,C00055,0,2025-05-06T00:00:00Z
2025-03-23,C00055,0,2025-05-07T00:00:00Z
2025-03-24,C00055,0,2025-05-08T00:00:00Z
2025-03-25,C00055,0,2025-05-09T00:00:00Z
2025-03-26,C00055,0,2025-05-10T00:00:00Z
2025-03-27,C00055,0,2025-05-11T00:00:00Z
2025-03-28,C00055,0,2025-05-12T00:00:00Z
2025-03-29,C00055,0,2025-05-13T00:00:00Z
2025-03-30,C00055,0,2025-05-14T00:00:00Z
2025-03-31,C00055,0,2025-05-15T00:00:00Z
2025-04-01,C00055,0,2025-05-16T00:00:00Z
2025-04-02,C00055,0,2025-05-17T00:00:00Z
2025-04-03,C00055,0,2025-05-18T00:00:00Z
2025-04-04,C00055,1,2025-05-19T00:00:00Z
2025-04-05,C00055,0,2025-05-20T00:00:00Z
2025-04-06,C00055,0,2025-05-21T00:00:00Z
2025-04-07,C00055,0,2025-05-22T00:00:00Z
2025-04-08,C00055,0,2025-05-23T00:00:00Z
2025-04-09,C00055,0,2025-05-24T00:00:00Z
2025-04-10,C00055,0,2025-05-25T00:00:00Z
2025-04-11,C00055,0,2025-05-26T00:00:00Z
2025-04-12,C00055,0,2025-05-27T00:00:00Z
2025-04-13,C00055,0,2025-05-28T00:00:00Z
2025-04-14,C00055,0,2025-05-29T00:00:00Z
2025-03-01,C00056,0,2025-04-15T00:00:00Z
2025-03-02,C00056,0,2025-04-16T00:00:00Z
2025-03-03,C00056,0,2025-04-17T00:00:00Z
2025-03-04,C00056,0,2025-04-18T00:00:00Z
2025-03-05,C00056,0,2025-04-19T00:00:00Z
2025-03-06,C00056,0,2025-04-20T00:00:00Z
2025-03-07,C00056,0,2025-04-21T00:00:00Z
2025-03-08,C00056,0,2025-04-22T00:00:00Z
2025-03-09,C00056,0,2025-04-23T00:00:00Z
2025-03-10,C00056,0,2025-04-24T00:00:00Z
2025-03-11,C00056,0,2025-04-25T00:00:00Z
2025-03-12,C00056,0,2025-04-26T00:00:00Z
2025-03-13,C00056,0,2025-04-27T00:00:00Z
2025-03-14,C00056,0,2025-04-28T00:00:00Z
2025-03-15,C00056,0,2025-04-29T00:00:00Z
2025-03-16,C00056,1,2025-04-30T00:00:00Z
2025-03-17,C00056,0,2025-05-01T00:00:00Z
2025-03-18,C00056,0,2025-05-02T00:00:00Z
2025-03-19,C00056,0,2025-05-03T00:00:00Z
2025-03-20,C00056,0,2025-05-04T00:00:00Z
2025-03-21,C00056,0,2025-05-05T00:00:00Z
2025-03-22,C00056,0,2025-05-06T00:00:00Z
2025-03-23,C00056,0,2025-05-07T00:00:00Z
2025-03-24,C00056,0,2025-05-08T00:00:00Z
2025-03-25,C00056,0,2025-05-09T00:00:00Z
2025-03-26,C00056,0,2025-05-10T00:00:00Z
2025-03-27,C00056,0,2025-05-11T00:00:00Z
2025-03-28,C00056,0,2025-05-12T00:00:00Z
2025-03-29,C00056,0,2025-05-13T00:00:00Z
2025-03-30,C00056,0,2025-05-14T00:00:00Z
2025-03-31,C00056,0,2025-05-15T00:00:00Z
2025-04-01,C00056,0,2025-05-16T00:00:00Z
2025-04-02,C00056,0,2025-05-17T00:00:00Z
2025-04-03,C00056,0,2025-05-18T00:00:00Z
2025-04-04,C00056,0,2025-05-19T00:00:00Z
2025-04-05,C00056,0,2025-05-20T00:00:00Z
2025-04-06,C00056,0,2025-05-21T00:00:00Z
2025-04-07,C00056,1,2025-05-22T00:00:00Z
2025-04-08,C00056,0,2025-05-23T00:00:00Z
2025-04-09,C00056,0,2025-05-24T00:00:00Z
2025-04-10,C00056,0,2025-05-25T00:00:00Z
2025-04-11,C00056,0,2025-05-26T00:00:00Z
2025-04-12,C00056,0,2025-05-27T00:00:00Z
2025-04-13,C00056,0,2025-05-28T00:00:00Z
2025-04-14,C00056,0,2025-05-29T00:00:00Z
2025-03-01,C00057,0,2025-04-15T00:00:00Z
2025-03-02,C00057,0,2025-04-16T00:00:00Z
2025-03-03,C00057,0,2025-04-17T00:00:00Z
2025-03-04,C00057,0,2025-04-18T00:00:00Z
2025-03-05,C00057,0,2025-04-19T00:00:00Z
2025-03-06,C00057,0,2025-04-20T00:00:00Z
2025-03-07,C00057,1,2025-04-21T00:00:00Z
2025-03-08,C00057,0,2025-04-22T00:00:00Z
2025-03-09,C00057,0,2025-04-23T00:00:00Z
2025-03-10,C00057,0,2025-04-24T00:00:00Z
2025-03-11,C00057,0,2025-04-25T00:00:00Z
2025-03-12,C00057,0,2025-04-26T00:00:00Z
2025-03-13,C00057,0,2025-04-27T00:00:00Z
2025-03-14,C00057,0,2025-04-28T00:00:00Z
2025-03-15,C00057,0,2025-04-29T00:00:00Z
2025-03-16,C00057,0,2025-04-30T00:00:00Z
2025-03-17,C00057,0,2025-05-01T00:00:00Z
2025-03-18,C00057,0,2025-05-02T00:00:00Z
2025-03-19,C00057,0,2025-05-03T00:00:00Z
2025-03-20,C00057,0,2025-05-04T00:00:00Z
2025-03-21,C00057,0,2025-05-05T00:00:00Z
2025-03-22,C00057,0,2025-05-06T00:00:00Z
2025-03-23,C00057,0,2025-05-07T00:00:00Z
2025-03-24,C00057,0,2025-05-08T00:00:00Z
2025-03-25,C00057,0,2025-05-09T00:00:00Z
2025-03-26,C00057,0,2025-05-10T00:00:00Z
2025-03-27,C00057,0,2025-05-11T00:00:00Z
2025-03-28,C00057,0,2025-05-12T00:00:00Z
2025-03-29,C00057,0,2025-05-13T00:00:00Z
2025-03-30,C00057,0,2025-05-14T00:00:00Z
2025-03-31,C00057,0,2025-05-15T00:00:00Z
2025-04-01,C00057,0,2025-05-16T00:00:00Z
2025-04-02,C00057,0,2025-05-17T00:00:00Z
2025-04-03,C00057,0,2025-05-18T00:00:00Z
2025-04-04,C00057,0,2025-05-19T00:00:00Z
2025-04-05,C00057,0,2025-05-20T00:00:00Z
2025-04-06,C00057,0,2025-05-21T00:00:00Z
2025-04-07,C00057,0,2025-05-22T00:00:00Z
2025-04-08,C00057,0,2025-05-23T00:00:00Z
2025-04-09,C00057,0,2025-05-24T00:00:00Z
2025-04-10,C00057,0,2025-05-25T00:00:00Z
2025-04-11,C00057,0,2025-05-26T00:00:00Z
2025-04-12,C00057,0,2025-05-27T00:00:00Z
2025-04-13,C00057,0,2025-05-28T00:00:00Z
2025-04-14,C00057,0,2025-05-29T00:00:00Z
2025-03-01,C00058,0,2025-04-15T00:00:00Z
2025-03-02,C00058,1,2025-04-16T00:00:00Z
2025-03-03,C00058,0,2025-04-17T00:00:00Z
2025-03-04,C00058,0,2025-04-18T00:00:00Z
2025-03-05,C00058,0,2025-04-19T00:00:00Z
2025-03-06,C00058,0,2025-04-20T00:00:00Z
2025-03-07,C00058,0,2025-04-21T00:00:00Z
2025-03-08,C00058,0,2025-04-22T00:00:00Z
2025-03-09,C00058,0,2025-04-23T00:00:00Z
2025-03-10,C00058,0,2025-04-24T00:00:00Z
2025-03-11,C00058,0,2025-04-25T00:00:00Z
2025-03-12,C00058,0,2025-04-26T00:00:00Z
2025-03-13,C00058,0,2025-04-27T00:00:00Z
2025-03-14,C00058,0,2025-04-28T00:00:00Z
2025-03-15,C00058,0,2025-04-29T00:00:00Z
2025-03-16,C00058,0,2025-04-30T00:00:00Z
2025-03-17,C00058,0,2025-05-01T00:00:00Z
2025-03-18,C00058,0,2025-05-02T00:00:00Z
2025-03-19,C00058,0,2025-05-03T00:00:00Z
2025-03-20,C00058,0,2025-05-04T00:00:00Z
2025-03-21,C00058,0,2025-05-05T00:00:00Z
2025-03-22,C00058,0,2025-05-06T00:00:00Z
2025-03-23,C00058,0,2025-05-07T00:00:00Z
2025-03-24,C00058,0,2025-05-08T00:00:00Z
2025-03-25,C00058,0,2025-05-09T00:00:00Z
2025-03-26,C00058,0,2025-05-10T00:00:00Z
2025-03-27,C00058,0,2025-05-11T00:00:00Z
2025-03-28,C00058,0,2025-05-12T00:00:00Z
2025-03-29,C00058,0,2025-05-13T00:00:00Z
2025-03-30,C00058,0,2025-05-14T00:00:00Z
2025-03-31,C00058,0,2025-05-15T00:00:00Z
2025-04-01,C00058,0,2025-05-16T00:00:00Z
2025-04-02,C00058,0,2025-05-17T00:00:00Z
2025-04-03,C00058,1,2025-05-18T00:00:00Z
2025-04-04,C00058,0,2025-05-19T00:00:00Z
2025-04-05,C00058,0,2025-05-20T00:00:00Z
2025-04-06,C00058,0,2025-05-21T00:00:00Z
2025-04-07,C00058,0,2025-05-22T00:00:00Z
2025-04-08,C00058,0,2025-05-23T00:00:00Z
2025-04-09,C00058,0,2025-05-24T00:00:00Z
2025-04-10,C00058,0,2025-05-25T00:00:00Z
2025-04-11,C00058,0,2025-05-26T00:00:00Z
2025-04-12,C00058,0,2025-05-27T00:00:00Z
2025-04-13,C00058,0,2025-05-28T00:00:00Z
2025-04-14,C00058,0,2025-05-29T00:00:00Z
2025-03-01,C00059,0,2025-04-15T00:00:00Z
2025-03-02,C00059,0,2025-04-16T00:00:00Z
2025-03-03,C00059,0,2025-04-17T00:00:00Z
2025-03-04,C00059,0,2025-04-18T00:00:00Z
2025-03-05,C00059,0,2025-04-19T00:00:00Z
2025-03-06,C00059,0,2025-04-20T00:00:00Z
2025-03-07,C00059,0,2025-04-21T00:00:00Z
2025-03-08,C00059,0,2025-04-22T00:00:00Z
2025-03-09,C00059,0,2025-04-23T00:00:00Z
2025-03-10,C00059,0,2025-04-24T00:00:00Z
2025-03-11,C00059,0,2025-04-25T00:00:00Z
2025-03-12,C00059,0,2025-04-26T00:00:00Z
2025-03-13,C00059,0,2025-04-27T00:00:00Z
2025-03-14,C00059,0,2025-04-28T00:00:00Z
2025-03-15,C00059,0,2025-04-29T00:00:00Z
2025-03-16,C00059,0,2025-04-30T00:00:00Z
2025-03-17,C00059,0,2025-05-01T00:00:00Z
2025-03-18,C00059,0,2025-05-02T00:00:00Z
2025-03-19,C00059,0,2025-05-03T00:00:00Z
2025-03-20,C00059,0,2025-05-04T00:00:00Z
2025-03-21,C00059,0,2025-05-05T00:00:00Z
2025-03-22,C00059,0,2025-05-06T00:00:00Z
2025-03-23,C00059,0,2025-05-07T00:00:00Z
2025-03-24,C00059,0,2025-05-08T00:00:00Z
2025-03-25,C00059,0,2025-05-09T00:00:00Z
2025-03-26,C00059,0,2025-05-10T00:00:00Z
2025-03-27,C00059,0,2025-05-11T00:00:00Z
2025-03-28,C00059,0,2025-05-12T00:00:00Z
2025-03-29,C00059,0,2025-05-13T00:00:00Z
2025-03-30,C00059,0,2025-05-14T00:00:00Z
2025-03-31,C00059,0,2025-05-15T00:00:00Z
2025-04-01,C00059,0,2025-05-16T00:00:00Z
2025-04-02,C00059,0,2025-05-17T00:00:00Z
2025-04-03,C00059,0,2025-05-18T00:00:00Z
2025-04-04,C00059,0,2025-05-19T00:00:00Z
2025-04-05,C00059,0,2025-05-20T00:00:00Z
2025-04-06,C00059,0,2025-05-21T00:00:00Z
2025-04-07,C00059,0,2025-05-22T00:00:00Z
2025-04-08,C00059,0,2025-05-23T00:00:00Z
2025-04-09,C00059,0,2025-05-24T00:00:00Z
2025-04-10,C00059,0,2025-05-25T00:00:00Z
2025-04-11,C00059,0,2025-05-26T00:00:00Z
2025-04-12,C00059,0,2025-05-27T00:00:00Z
2025-04-13,C00059,0,2025-05-28T00:00:00Z
2025-04-14,C00059,0,2025-05-29T00:00:00Z
2025-03-01,C00060,0,2025-04-15T00:00:00Z
2025-03-02,C00060,0,2025-04-16T00:00:00Z
2025-03-03,C00060,0,2025-04-17T00:00:00Z
2025-03-04,C00060,0,2025-04-18T00:00:00Z
2025-03-05,C00060,0,2025-04-19T00:00:00Z
2025-03-06,C00060,0,2025-04-20T00:00:00Z
2025-03-07,C00060,0,2025-04-21T00:00:00Z
2025-03-08,C00060,1,2025-04-22T00:00:00Z
2025-03-09,C00060,0,2025-04-23T00:00:00Z
2025-03-10,C00060,0,2025-04-24T00:00:00Z
2025-03-11,C00060,0,2025-04-25T00:00:00Z
2025-03-12,C00060,0,2025-04-26T00:00:00Z
2025-03-13,C00060,0,2025-04-27T00:00:00Z
2025-03-14,C00060,0,2025-04-28T00:00:00Z
2025-03-15,C00060,0,2025-04-29T00:00:00Z
2025-03-16,C00060,0,2025-04-30T00:00:00Z
2025-03-17,C00060,0,2025-05-01T00:00:00Z
2025-03-18,C00060,0,2025-05-02T00:00:00Z
2025-03-19,C00060,0,2025-05-03T00:00:00Z
2025-03-20,C00060,1,2025-05-04T00:00:00Z
2025-03-21,C00060,0,2025-05-05T00:00:00Z
2025-03-22,C00060,0,2025-05-06T00:00:00Z
2025-03-23,C00060,0,2025-05-07T00:00:00Z
2025-03-24,C00060,0,2025-05-08T00:00:00Z
2025-03-25,C00060,0,2025-05-09T00:00:00Z
2025-03-26,C00060,0,2025-05-10T00:00:00Z
2025-03-27,C00060,0,2025-05-11T00:00:00Z
2025-03-28,C00060,0,2025-05-12T00:00:00Z
2025-03-29,C00060,0,2025-05-13T00:00:00Z
2025-03-30,C00060,0,2025-05-14T00:00:00Z
2025-03-31,C00060,0,2025-05-15T00:00:00Z
2025-04-01,C00060,0,2025-05-16T00:00:00Z
2025-04-02,C00060,0,2025-05-17T00:00:00Z
2025-04-03,C00060,0,2025-05-18T00:00:00Z
2025-04-04,C00060,0,2025-05-19T00:00:00Z
2025-04-05,C00060,0,2025-05-20T00:00:00Z
2025-04-06,C00060,0,2025-05-21T00:00:00Z
2025-04-07,C00060,0,2025-05-22T00:00:00Z
2025-04-08,C00060,0,2025-05-23T00:00:00Z
2025-04-09,C00060,0,2025-05-24T00:00:00Z
2025-04-10,C00060,0,2025-05-25T00:00:00Z
2025-04-11,C00060,0,2025-05-26T00:00:00Z
2025-04-12,C00060,0,2025-05-27T00:00:00Z
2025-04-13,C00060,0,2025-05-28T00:00:00Z
2025-04-14,C00060,0,2025-05-29T00:00:00Z
2025-03-01,C00061,0,2025-04-15T00:00:00Z
2025-03-02,C00061,0,2025-04-16T00:00:00Z
2025-03-03,C00061,0,2025-04-17T00:00:00Z
2025-03-04,C00061,0,2025-04-18T00:00:00Z
2025-03-05,C00061,0,2025-04-19T00:00:00Z
2025-03-06,C00061,0,2025-04-20T00:00:00Z
2025-03-07,C00061,0,2025-04-21T00:00:00Z
2025-03-08,C00061,0,2025-04-22T00:00:00Z
2025-03-09,C00061,0,2025-04-23T00:00:00Z
2025-03-10,C00061,0,2025-04-24T00:00:00Z
2025-03-11,C00061,0,2025-04-25T00:00:00Z
2025-03-12,C00061,0,2025-04-26T00:00:00Z
2025-03-13,C00061,0,2025-04-27T00:00:00Z
2025-03-14,C00061,0,2025-04-28T00:00:00Z
2025-03-15,C00061,0,2025-04-29T00:00:00Z
2025-03-16,C00061,0,2025-04-30T00:00:00Z
2025-03-17,C00061,0,2025-05-01T00:00:00Z
2025-03-18,C00061,0,2025-05-02T00:00:00Z
2025-03-19,C00061,0,2025-05-03T00:00:00Z
2025-03-20,C00061,0,2025-05-04T00:00:00Z
2025-03-21,C00061,0,2025-05-05T00:00:00Z
2025-03-22,C00061,0,2025-05-06T00:00:00Z
2025-03-23,C00061,0,2025-05-07T00:00:00Z
2025-03-24,C00061,0,2025-05-08T00:00:00Z
2025-03-25,C00061,0,2025-05-09T00:00:00Z
2025-03-26,C00061,0,2025-05-10T00:00:00Z
2025-03-27,C00061,0,2025-05-11T00:00:00Z
2025-03-28,C00061,0,2025-05-12T00:00:00Z
2025-03-29,C00061,0,2025-05-13T00:00:00Z
2025-03-30,C00061,0,2025-05-14T00:00:00Z
2025-03-31,C00061,0,2025-05-15T00:00:00Z
2025-04-01,C00061,0,2025-05-16T00:00:00Z
2025-04-02,C00061,0,2025-05-17T00:00:00Z
2025-04-03,C00061,0,2025-05-18T00:00:00Z
2025-04-04,C00061,0,2025-05-19T00:00:00Z
2025-04-05,C00061,0,2025-05-20T00:00:00Z
2025-04-06,C00061,0,2025-05-21T00:00:00Z
2025-04-07,C00061,0,2025-05-22T00:00:00Z
2025-04-08,C00061,0,2025-05-23T00:00:00Z
2025-04-09,C00061,0,2025-05-24T00:00:00Z
2025-04-10,C00061,0,2025-05-25T00:00:00Z
2025-04-11,C00061,0,2025-05-26T00:00:00Z
2025-04-12,C00061,0,2025-05-27T00:00:00Z
2025-04-13,C00061,0,2025-05-28T00:00:00Z
2025-04-14,C00061,0,2025-05-29T00:00:00Z
2025-03-01,C00062,0,2025-04-15T00:00:00Z
2025-03-02,C00062,0,2025-04-16T00:00:00Z
2025-03-03,C00062,0,2025-04-17T00:00:00Z
2025-03-04,C00062,0,2025-04-18T00:00:00Z
2025-03-05,C00062,1,2025-04-19T00:00:00Z
2025-03-06,C00062,0,2025-04-20T00:00:00Z
2025-03-07,C00062,0,2025-04-21T00:00:00Z
2025-03-08,C00062,0,2025-04-22T00:00:00Z
2025-03-09,C00062,0,2025-04-23T00:00:00Z
2025-03-10,C00062,0,2025-04-24T00:00:00Z
2025-03-11,C00062,0,2025-04-25T00:00:00Z
2025-03-12,C00062,0,2025-04-26T00:00:00Z
2025-03-13,C00062,0,2025-04-27T00:00:00Z
2025-03-14,C00062,0,2025-04-28T00:00:00Z
2025-03-15,C00062,0,2025-04-29T00:00:00Z
2025-03-16,C00062,0,2025-04-30T00:00:00Z
2025-03-17,C00062,0,2025-05-01T00:00:00Z
2025-03-18,C00062,0,2025-05-02T00:00:00Z
2025-03-19,C00062,0,2025-05-03T00:00:00Z
2025-03-20,C00062,0,2025-05-04T00:00:00Z
2025-03-21,C00062,0,2025-05-05T00:00:00Z
2025-03-22,C00062,0,2025-05-06T00:00:00Z
2025-03-23,C00062,0,2025-05-07T00:00:00Z
2025-03-24,C00062,0,2025-05-08T00:00:00Z
2025-03-25,C00062,0,2025-05-09T00:00:00Z
2025-03-26,C00062,0,2025-05-10T00:00:00Z
2025-03-27,C00062,0,2025-05-11T00:00:00Z
2025-03-28,C00062,0,2025-05-12T00:00:00Z
2025-03-29,C00062,0,2025-05-13T00:00:00Z
2025-03-30,C00062,0,2025-05-14T00:00:00Z
2025-03-31,C00062,0,2025-05-15T00:00:00Z
2025-04-01,C00062,0,2025-05-16T00:00:00Z
2025-04-02,C00062,0,2025-05-17T00:00:00Z
2025-04-03,C00062,0,2025-05-18T00:00:00Z
2025-04-04,C00062,0,2025-05-19T00:00:00Z
2025-04-05,C00062,0,2025-05-20T00:00:00Z
2025-04-06,C00062,0,2025-05-21T00:00:00Z
2025-04-07,C00062,0,2025-05-22T00:00:00Z
2025-04-08,C00062,0,2025-05-23T00:00:00Z
2025-04-09,C00062,0,2025-05-24T00:00:00Z
2025-04-10,C00062,0,2025-05-25T00:00:00Z
2025-04-11,C00062,0,2025-05-26T00:00:00Z
2025-04-12,C00062,0,2025-05-27T00:00:00Z
2025-04-13,C00062,0,2025-05-28T00:00:00Z
2025-04-14,C00062,0,2025-05-29T00:00:00Z
2025-03-01,C00063,0,2025-04-15T00:00:00Z
2025-03-02,C00063,0,2025-04-16T00:00:00Z
2025-03-03,C00063,0,2025-04-17T00:00:00Z
2025-03-04,C00063,0,2025-04-18T00:00:00Z
2025-03-05,C00063,0,2025-04-19T00:00:00Z
2025-03-06,C00063,0,2025-04-20T00:00:00Z
2025-03-07,C00063,0,2025-04-21T00:00:00Z
2025-03-08,C00063,0,2025-04-22T00:00:00Z
2025-03-09,C00063,0,2025-04-23T00:00:00Z
2025-03-10,C00063,0,2025-04-24T00:00:00Z
2025-03-11,C00063,1,2025-04-25T00:00:00Z
2025-03-12,C00063,0,2025-04-26T00:00:00Z
2025-03-13,C00063,0,2025-04-27T00:00:00Z
2025-03-14,C00063,0,2025-04-28T00:00:00Z
2025-03-15,C00063,1,2025-04-29T00:00:00Z
2025-03-16,C00063,0,2025-04-30T00:00:00Z
2025-03-17,C00063,1,2025-05-01T00:00:00Z
2025-03-18,C00063,0,2025-05-02T00:00:00Z
2025-03-19,C00063,0,2025-05-03T00:00:00Z
2025-03-20,C00063,0,2025-05-04T00:00:00Z
2025-03-21,C00063,0,2025-05-05T00:00:00Z
2025-03-22,C00063,0,2025-05-06T00:00:00Z
2025-03-23,C00063,0,2025-05-07T00:00:00Z
2025-03-24,C00063,0,2025-05-08T00:00:00Z
2025-03-25,C00063,0,2025-05-09T00:00:00Z
2025-03-26,C00063,0,2025-05-10T00:00:00Z
2025-03-27,C00063,0,2025-05-11T00:00:00Z
2025-03-28,C00063,0,2025-05-12T00:00:00Z
2025-03-29,C00063,0,2025-05-13T00:00:00Z
2025-03-30,C00063,0,2025-05-14T00:00:00Z
2025-03-31,C00063,0,2025-05-15T00:00:00Z
2025-04-01,C00063,0,2025-05-16T00:00:00Z
2025-04-02,C00063,0,2025-05-17T00:00:00Z
2025-04-03,C00063,0,2025-05-18T00:00:00Z
2025-04-04,C00063,0,2025-05-19T00:00:00Z
2025-04-05,C00063,0,2025-05-20T00:00:00Z
2025-04-06,C00063,0,2025-05-21T00:00:00Z
2025-04-07,C00063,0,2025-05-22T00:00:00Z
2025-04-08,C00063,0,2025-05-23T00:00:00Z
2025-04-09,C00063,0,2025-05-24T00:00:00Z
2025-04-10,C00063,0,2025-05-25T00:00:00Z
2025-04-11,C00063,0,2025-05-26T00:00:00Z
2025-04-12,C00063,0,2025-05-27T00:00:00Z
2025-04-13,C00063,0,2025-05-28T00:00:00Z
2025-04-14,C00063,0,2025-05-29T00:00:00Z
2025-03-01,C00064,0,2025-04-15T00:00:00Z
2025-03-02,C00064,0,2025-04-16T00:00:00Z
2025-03-03,C00064,0,2025-04-17T00:00:00Z
2025-03-04,C00064,0,2025-04-18T00:00:00Z
2025-03-05,C00064,0,2025-04-19T00:00:00Z
2025-03-06,C00064,0,2025-04-20T00:00:00Z
2025-03-07,C00064,0,2025-04-21T00:00:00Z
2025-03-08,C00064,0,2025-04-22T00:00:00Z
2025-03-09,C00064,0,2025-04-23T00:00:00Z
2025-03-10,C00064,0,2025-04-24T00:00:00Z
2025-03-11,C00064,0,2025-04-25T00:00:00Z
2025-03-12,C00064,0,2025-04-26T00:00:00Z
2025-03-13,C00064,0,2025-04-27T00:00:00Z
2025-03-14,C00064,0,2025-04-28T00:00:00Z
2025-03-15,C00064,0,2025-04-29T00:00:00Z
2025-03-16,C00064,0,2025-04-30T00:00:00Z
2025-03-17,C00064,0,2025-05-01T00:00:00Z
2025-03-18,C00064,0,2025-05-02T00:00:00Z
2025-03-19,C00064,0,2025-05-03T00:00:00Z
2025-03-20,C00064,0,2025-05-04T00:00:00Z
2025-03-21,C00064,0,2025-05-05T00:00:00Z
2025-03-22,C00064,0,2025-05-06T00:00:00Z
2025-03-23,C00064,0,2025-05-07T00:00:00Z
2025-03-24,C00064,0,2025-05-08T00:00:00Z
2025-03-25,C00064,0,2025-05-09T00:00:00Z
2025-03-26,C00064,0,2025-05-10T00:00:00Z
2025-03-27,C00064,0,2025-05-11T00:00:00Z
2025-03-28,C00064,0,2025-05-12T00:00:00Z
2025-03-29,C00064,0,2025-05-13T00:00:00Z
2025-03-30,C00064,0,2025-05-14T00:00:00Z
2025-03-31,C00064,0,2025-05-15T00:00:00Z
2025-04-01,C00064,0,2025-05-16T00:00:00Z
2025-04-02,C00064,0,2025-05-17T00:00:00Z
2025-04-03,C00064,0,2025-05-18T00:00:00Z
2025-04-04,C00064,0,2025-05-19T00:00:00Z
2025-04-05,C00064,0,2025-05-20T00:00:00Z
2025-04-06,C00064,0,2025-05-21T00:00:00Z
2025-04-07,C00064,0,2025-05-22T00:00:00Z
2025-04-08,C00064,0,2025-05-23T00:00:00Z
2025-04-09,C00064,0,2025-05-24T00:00:00Z
2025-04-10,C00064,0,2025-05-25T00:00:00Z
2025-04-11,C00064,0,2025-05-26T00:00:00Z
2025-04-12,C00064,0,2025-05-27T00:00:00Z
2025-04-13,C00064,0,2025-05-28T00:00:00Z
2025-04-14,C00064,0,2025-05-29T00:00:00Z
2025-03-01,C00065,0,2025-04-15T00:00:00Z
2025-03-02,C00065,0,2025-04-16T00:00:00Z
2025-03-03,C00065,0,2025-04-17T00:00:00Z
2025-03-04,C00065,0,2025-04-18T00:00:00Z
2025-03-05,C00065,0,2025-04-19T00:00:00Z
2025-03-06,C00065,0,2025-04-20T00:00:00Z
2025-03-07,C00065,0,2025-04-21T00:00:00Z
2025-03-08,C00065,0,2025-04-22T00:00:00Z
2025-03-09,C00065,0,2025-04-23T00:00:00Z
2025-03-10,C00065,0,2025-04-24T00:00:00Z
2025-03-11,C00065,0,2025-04-25T00:00:00Z
2025-03-12,C00065,0,2025-04-26T00:00:00Z
2025-03-13,C00065,0,2025-04-27T00:00:00Z
2025-03-14,C00065,0,2025-04-28T00:00:00Z
2025-03-15,C00065,0,2025-04-29T00:00:00Z
2025-03-16,C00065,0,2025-04-30T00:00:00Z
2025-03-17,C00065,0,2025-05-01T00:00:00Z
2025-03-18,C00065,0,2025-05-02T00:00:00Z
2025-03-19,C00065,0,2025-05-03T00:00:00Z
2025-03-20,C00065,0,2025-05-04T00:00:00Z
2025-03-21,C00065,0,2025-05-05T00:00:00Z
2025-03-22,C00065,0,2025-05-06T00:00:00Z
2025-03-23,C00065,0,2025-05-07T00:00:00Z
2025-03-24,C00065,0,2025-05-08T00:00:00Z
2025-03-25,C00065,0,2025-05-09T00:00:00Z
2025-03-26,C00065,0,2025-05-10T00:00:00Z
2025-03-27,C00065,0,2025-05-11T00:00:00Z
2025-03-28,C00065,0,2025-05-12T00:00:00Z
2025-03-29,C00065,0,2025-05-13T00:00:00Z
2025-03-30,C00065,1,2025-05-14T00:00:00Z
2025-03-31,C00065,0,2025-05-15T00:00:00Z
2025-04-01,C00065,0,2025-05-16T00:00:00Z
2025-04-02,C00065,0,2025-05-17T00:00:00Z
2025-04-03,C00065,0,2025-05-18T00:00:00Z
2025-04-04,C00065,0,2025-05-19T00:00:00Z
2025-04-05,C00065,1,2025-05-20T00:00:00Z
2025-04-06,C00065,0,2025-05-21T00:00:00Z
2025-04-07,C00065,0,2025-05-22T00:00:00Z
2025-04-08,C00065,0,2025-05-23T00:00:00Z
2025-04-09,C00065,0,2025-05-24T00:00:00Z
2025-04-10,C00065,0,2025-05-25T00:00:00Z
2025-04-11,C00065,0,2025-05-26T00:00:00Z
2025-04-12,C00065,0,2025-05-27T00:00:00Z
2025-04-13,C00065,0,2025-05-28T00:00:00Z
2025-04-14,C00065,0,2025-05-29T00:00:00Z
2025-03-01,C00066,0,2025-04-15T00:00:00Z
2025-03-02,C00066,0,2025-04-16T00:00:00Z
2025-03-03,C00066,0,2025-04-17T00:00:00Z
2025-03-04,C00066,0,2025-04-18T00:00:00Z
2025-03-05,C00066,0,2025-04-19T00:00:00Z
2025-03-06,C00066,0,2025-04-20T00:00:00Z
2025-03-07,C00066,0,2025-04-21T00:00:00Z
2025-03-08,C00066,1,2025-04-22T00:00:00Z
2025-03-09,C00066,0,2025-04-23T00:00:00Z
2025-03-10,C00066,0,2025-04-24T00:00:00Z
2025-03-11,C00066,0,2025-04-25T00:00:00Z
2025-03-12,C00066,0,2025-04-26T00:00:00Z
2025-03-13,C00066,0,2025-04-27T00:00:00Z
2025-03-14,C00066,0,2025-04-28T00:00:00Z
2025-03-15,C00066,0,2025-04-29T00:00:00Z
2025-03-16,C00066,0,2025-04-30T00:00:00Z
2025-03-17,C00066,0,2025-05-01T00:00:00Z
2025-03-18,C00066,0,2025-05-02T00:00:00Z
2025-03-19,C00066,0,2025-05-03T00:00:00Z
2025-03-20,C00066,0,2025-05-04T00:00:00Z
2025-03-21,C00066,0,2025-05-05T00:00:00Z
2025-03-22,C00066,0,2025-05-06T00:00:00Z
2025-03-23,C00066,0,2025-05-07T00:00:00Z
2025-03-24,C00066,0,2025-05-08T00:00:00Z
2025-03-25,C00066,0,2025-05-09T00:00:00Z
2025-03-26,C00066,1,2025-05-10T00:00:00Z
2025-03-27,C00066,0,2025-05-11T00:00:00Z
2025-03-28,C00066,0,2025-05-12T00:00:00Z
2025-03-29,C00066,0,2025-05-13T00:00:00Z
2025-03-30,C00066,0,2025-05-14T00:00:00Z
2025-03-31,C00066,0,2025-05-15T00:00:00Z
2025-04-01,C00066,0,2025-05-16T00:00:00Z
2025-04-02,C00066,0,2025-05-17T00:00:00Z
2025-04-03,C00066,1,2025-05-18T00:00:00Z
2025-04-04,C00066,0,2025-05-19T00:00:00Z
2025-04-05,C00066,0,2025-05-20T00:00:00Z
2025-04-06,C00066,0,2025-05-21T00:00:00Z
2025-04-07,C00066,0,2025-05-22T00:00:00Z
2025-04-08,C00066,0,2025-05-23T00:00:00Z
2025-04-09,C00066,0,2025-05-24T00:00:00Z
2025-04-10,C00066,0,2025-05-25T00:00:00Z
2025-04-11,C00066,0,2025-05-26T00:00:00Z
2025-04-12,C00066,0,2025-05-27T00:00:00Z
2025-04-13,C00066,0,2025-05-28T00:00:00Z
2025-04-14,C00066,0,2025-05-29T00:00:00Z
2025-03-01,C00067,0,2025-04-15T00:00:00Z
2025-03-02,C00067,0,2025-04-16T00:00:00Z
2025-03-03,C00067,0,2025-04-17T00:00:00Z
2025-03-04,C00067,0,2025-04-18T00:00:00Z
2025-03-05,C00067,0,2025-04-19T00:00:00Z
2025-03-06,C00067,0,2025-04-20T00:00:00Z
2025-03-07,C00067,0,2025-04-21T00:00:00Z
2025-03-08,C00067,0,2025-04-22T00:00:00Z
2025-03-09,C00067,0,2025-04-23T00:00:00Z
2025-03-10,C00067,0,2025-04-24T00:00:00Z
2025-03-11,C00067,0,2025-04-25T00:00:00Z
2025-03-12,C00067,1,2025-04-26T00:00:00Z
2025-03-13,C00067,0,2025-04-27T00:00:00Z
2025-03-14,C00067,0,2025-04-28T00:00:00Z
2025-03-15,C00067,0,2025-04-29T00:00:00Z
2025-03-16,C00067,0,2025-04-30T00:00:00Z
2025-03-17,C00067,0,2025-05-01T00:00:00Z
2025-03-18,C00067,0,2025-05-02T00:00:00Z
2025-03-19,C00067,0,2025-05-03T00:00:00Z
2025-03-20,C00067,0,2025-05-04T00:00:00Z
2025-03-21,C00067,0,2025-05-05T00:00:00Z
2025-03-22,C00067,0,2025-05-06T00:00:00Z
2025-03-23,C00067,0,2025-05-07T00:00:00Z
2025-03-24,C00067,0,2025-05-08T00:00:00Z
2025-03-25,C00067,0,2025-05-09T00:00:00Z
2025-03-26,C00067,0,2025-05-10T00:00:00Z
2025-03-27,C00067,0,2025-05-11T00:00:00Z
2025-03-28,C00067,0,2025-05-12T00:00:00Z
2025-03-29,C00067,0,2025-05-13T00:00:00Z
2025-03-30,C00067,0,2025-05-14T00:00:00Z
2025-03-31,C00067,0,2025-05-15T00:00:00Z
2025-04-01,C00067,0,2025-05-16T00:00:00Z
2025-04-02,C00067,0,2025-05-17T00:00:00Z
2025-04-03,C00067,0,2025-05-18T00:00:00Z
2025-04-04,C00067,0,2025-05-19T00:00:00Z
2025-04-05,C00067,0,2025-05-20T00:00:00Z
2025-04-06,C00067,0,2025-05-21T00:00:00Z
2025-04-07,C00067,0,2025-05-22T00:00:00Z
2025-04-08,C00067,0,2025-05-23T00:00:00Z
2025-04-09,C00067,0,2025-05-24T00:00:00Z
2025-04-10,C00067,0,2025-05-25T00:00:00Z
2025-04-11,C00067,0,2025-05-26T00:00:00Z
2025-04-12,C00067,0,2025-05-27T00:00:00Z
2025-04-13,C00067,0,2025-05-28T00:00:00Z
2025-04-14,C00067,0,2025-05-29T00:00:00Z
2025-03-01,C00068,1,2025-04-15T00:00:00Z
2025-03-02,C00068,0,2025-04-16T00:00:00Z
2025-03-03,C00068,0,2025-04-17T00:00:00Z
2025-03-04,C00068,0,2025-04-18T00:00:00Z
2025-03-05,C00068,0,2025-04-19T00:00:00Z
2025-03-06,C00068,0,2025-04-20T00:00:00Z
2025-03-07,C00068,0,2025-04-21T00:00:00Z
2025-03-08,C00068,0,2025-04-22T00:00:00Z
2025-03-09,C00068,0,2025-04-23T00:00:00Z
2025-03-10,C00068,0,2025-04-24T00:00:00Z
2025-03-11,C00068,0,2025-04-25T00:00:00Z
2025-03-12,C00068,0,2025-04-26T00:00:00Z
2025-03-13,C00068,0,2025-04-27T00:00:00Z
2025-03-14,C00068,0,2025-04-28T00:00:00Z
2025-03-15,C00068,0,2025-04-29T00:00:00Z
2025-03-16,C00068,0,2025-04-30T00:00:00Z
2025-03-17,C00068,0,2025-05-01T00:00:00Z
2025-03-18,C00068,0,2025-05-02T00:00:00Z
2025-03-19,C00068,0,2025-05-03T00:00:00Z
2025-03-20,C00068,0,2025-05-04T00:00:00Z
2025-03-21,C00068,0,2025-05-05T00:00:00Z
2025-03-22,C00068,0,2025-05-06T00:00:00Z
2025-03-23,C00068,0,2025-05-07T00:00:00Z
2025-03-24,C00068,0,2025-05-08T00:00:00Z
2025-03-25,C00068,0,2025-05-09T00:00:00Z
2025-03-26,C00068,0,2025-05-10T00:00:00Z
2025-03-27,C00068,0,2025-05-11T00:00:00Z
2025-03-28,C00068,0,2025-05-12T00:00:00Z
2025-03-29,C00068,0,2025-05-13T00:00:00Z
2025-03-30,C00068,0,2025-05-14T00:00:00Z
2025-03-31,C00068,1,2025-05-15T00:00:00Z
2025-04-01,C00068,0,2025-05-16T00:00:00Z
2025-04-02,C00068,0,2025-05-17T00:00:00Z
2025-04-03,C00068,0,2025-05-18T00:00:00Z
2025-04-04,C00068,0,2025-05-19T00:00:00Z
2025-04-05,C00068,0,2025-05-20T00:00:00Z
2025-04-06,C00068,0,2025-05-21T00:00:00Z
2025-04-07,C00068,0,2025-05-22T00:00:00Z
2025-04-08,C00068,0,2025-05-23T00:00:00Z
2025-04-09,C00068,0,2025-05-24T00:00:00Z
2025-04-10,C00068,0,2025-05-25T00:00:00Z
2025-04-11,C00068,0,2025-05-26T00:00:00Z
2025-04-12,C00068,0,2025-05-27T00:00:00Z
2025-04-13,C00068,0,2025-05-28T00:00:00Z
2025-04-14,C00068,0,2025-05-29T00:00:00Z
2025-03-01,C00069,0,2025-04-15T00:00:00Z
2025-03-02,C00069,0,2025-04-16T00:00:00Z
2025-03-03,C00069,0,2025-04-17T00:00:00Z
2025-03-04,C00069,0,2025-04-18T00:00:00Z
2025-03-05,C00069,0,2025-04-19T00:00:00Z
2025-03-06,C00069,0,2025-04-20T00:00:00Z
2025-03-07,C00069,0,2025-04-21T00:00:00Z
2025-03-08,C00069,0,2025-04-22T00:00:00Z
2025-03-09,C00069,0,2025-04-23T00:00:00Z
2025-03-10,C00069,0,2025-04-24T00:00:00Z
2025-03-11,C00069,0,2025-04-25T00:00:00Z
2025-03-12,C00069,0,2025-04-26T00:00:00Z
2025-03-13,C00069,0,2025-04-27T00:00:00Z
2025-03-14,C00069,0,2025-04-28T00:00:00Z
2025-03-15,C00069,0,2025-04-29T00:00:00Z
2025-03-16,C00069,0,2025-04-30T00:00:00Z
2025-03-17,C00069,0,2025-05-01T00:00:00Z
2025-03-18,C00069,0,2025-05-02T00:00:00Z
2025-03-19,C00069,0,2025-05-03T00:00:00Z
2025-03-20,C00069,1,2025-05-04T00:00:00Z
2025-03-21,C00069,0,2025-05-05T00:00:00Z
2025-03-22,C00069,0,2025-05-06T00:00:00Z
2025-03-23,C00069,0,2025-05-07T00:00:00Z
2025-03-24,C00069,0,2025-05-08T00:00:00Z
2025-03-25,C00069,0,2025-05-09T00:00:00Z
2025-03-26,C00069,0,2025-05-10T00:00:00Z
2025-03-27,C00069,0,2025-05-11T00:00:00Z
2025-03-28,C00069,0,2025-05-12T00:00:00Z
2025-03-29,C00069,0,2025-05-13T00:00:00Z
2025-03-30,C00069,0,2025-05-14T00:00:00Z
2025-03-31,C00069,0,2025-05-15T00:00:00Z
2025-04-01,C00069,0,2025-05-16T00:00:00Z
2025-04-02,C00069,0,2025-05-17T00:00:00Z
2025-04-03,C00069,1,2025-05-18T00:00:00Z
2025-04-04,C00069,0,2025-05-19T00:00:00Z
2025-04-05,C00069,0,2025-05-20T00:00:00Z
2025-04-06,C00069,0,2025-05-21T00:00:00Z
2025-04-07,C00069,0,2025-05-22T00:00:00Z
2025-04-08,C00069,0,2025-05-23T00:00:00Z
2025-04-09,C00069,0,2025-05-24T00:00:00Z
2025-04-10,C00069,0,2025-05-25T00:00:00Z
2025-04-11,C00069,0,2025-05-26T00:00:00Z
2025-04-12,C00069,0,2025-05-27T00:00:00Z
2025-04-13,C00069,0,2025-05-28T00:00:00Z
2025-04-14,C00069,0,2025-05-29T00:00:00Z
2025-03-01,C00070,0,2025-04-15T00:00:00Z
2025-03-02,C00070,0,2025-04-16T00:00:00Z
2025-03-03,C00070,0,2025-04-17T00:00:00Z
2025-03-04,C00070,0,2025-04-18T00:00:00Z
2025-03-05,C00070,0,2025-04-19T00:00:00Z
2025-03-06,C00070,0,2025-04-20T00:00:00Z
2025-03-07,C00070,0,2025-04-21T00:00:00Z
2025-03-08,C00070,0,2025-04-22T00:00:00Z
2025-03-09,C00070,0,2025-04-23T00:00:00Z
2025-03-10,C00070,0,2025-04-24T00:00:00Z
2025-03-11,C00070,0,2025-04-25T00:00:00Z
2025-03-12,C00070,0,2025-04-26T00:00:00Z
2025-03-13,C00070,0,2025-04-27T00:00:00Z
2025-03-14,C00070,0,2025-04-28T00:00:00Z
2025-03-15,C00070,0,2025-04-29T00:00:00Z
2025-03-16,C00070,0,2025-04-30T00:00:00Z
2025-03-17,C00070,0,2025-05-01T00:00:00Z
2025-03-18,C00070,0,2025-05-02T00:00:00Z
2025-03-19,C00070,0,2025-05-03T00:00:00Z
2025-03-20,C00070,0,2025-05-04T00:00:00Z
2025-03-21,C00070,0,2025-05-05T00:00:00Z
2025-03-22,C00070,0,2025-05-06T00:00:00Z
2025-03-23,C00070,0,2025-05-07T00:00:00Z
2025-03-24,C00070,1,2025-05-08T00:00:00Z
2025-03-25,C00070,0,2025-05-09T00:00:00Z
2025-03-26,C00070,0,2025-05-10T00:00:00Z
2025-03-27,C00070,0,2025-05-11T00:00:00Z
2025-03-28,C00070,0,2025-05-12T00:00:00Z
2025-03-29,C00070,0,2025-05-13T00:00:00Z
2025-03-30,C00070,0,2025-05-14T00:00:00Z
2025-03-31,C00070,0,2025-05-15T00:00:00Z
2025-04-01,C00070,0,2025-05-16T00:00:00Z
2025-04-02,C00070,0,2025-05-17T00:00:00Z
2025-04-03,C00070,0,2025-05-18T00:00:00Z
2025-04-04,C00070,0,2025-05-19T00:00:00Z
2025-04-05,C00070,0,2025-05-20T00:00:00Z
2025-04-06,C00070,0,2025-05-21T00:00:00Z
2025-04-07,C00070,0,2025-05-22T00:00:00Z
2025-04-08,C00070,0,2025-05-23T00:00:00Z
2025-04-09,C00070,0,2025-05-24T00:00:00Z
2025-04-10,C00070,0,2025-05-25T00:00:00Z
2025-04-11,C00070,0,2025-05-26T00:00:00Z
2025-04-12,C00070,0,2025-05-27T00:00:00Z
2025-04-13,C00070,0,2025-05-28T00:00:00Z
2025-04-14,C00070,0,2025-05-29T00:00:00Z
2025-03-01,C00071,1,2025-04-15T00:00:00Z
2025-03-02,C00071,0,2025-04-16T00:00:00Z
2025-03-03,C00071,0,2025-04-17T00:00:00Z
2025-03-04,C00071,0,2025-04-18T00:00:00Z
2025-03-05,C00071,0,2025-04-19T00:00:00Z
2025-03-06,C00071,0,2025-04-20T00:00:00Z
2025-03-07,C00071,0,2025-04-21T00:00:00Z
2025-03-08,C00071,0,2025-04-22T00:00:00Z
2025-03-09,C00071,0,2025-04-23T00:00:00Z
2025-03-10,C00071,0,2025-04-24T00:00:00Z
2025-03-11,C00071,0,2025-04-25T00:00:00Z
2025-03-12,C00071,0,2025-04-26T00:00:00Z
2025-03-13,C00071,0,2025-04-27T00:00:00Z
2025-03-14,C00071,0,2025-04-28T00:00:00Z
2025-03-15,C00071,0,2025-04-29T00:00:00Z
2025-03-16,C00071,0,2025-04-30T00:00:00Z
2025-03-17,C00071,0,2025-05-01T00:00:00Z
2025-03-18,C00071,0,2025-05-02T00:00:00Z
2025-03-19,C00071,0,2025-05-03T00:00:00Z
2025-03-20,C00071,0,2025-05-04T00:00:00Z
2025-03-21,C00071,0,2025-05-05T00:00:00Z
2025-03-22,C00071,0,2025-05-06T00:00:00Z
2025-03-23,C00071,0,2025-05-07T00:00:00Z
2025-03-24,C00071,0,2025-05-08T00:00:00Z
2025-03-25,C00071,0,2025-05-09T00:00:00Z
2025-03-26,C00071,0,2025-05-10T00:00:00Z
2025-03-27,C00071,0,2025-05-11T00:00:00Z
2025-03-28,C00071,0,2025-05-12T00:00:00Z
2025-03-29,C00071,0,2025-05-13T00:00:00Z
2025-03-30,C00071,0,2025-05-14T00:00:00Z
2025-03-31,C00071,0,2025-05-15T00:00:00Z
2025-04-01,C00071,0,2025-05-16T00:00:00Z
2025-04-02,C00071,0,2025-05-17T00:00:00Z
2025-04-03,C00071,0,2025-05-18T00:00:00Z
2025-04-04,C00071,0,2025-05-19T00:00:00Z
2025-04-05,C00071,0,2025-05-20T00:00:00Z
2025-04-06,C00071,0,2025-05-21T00:00:00Z
2025-04-07,C00071,0,2025-05-22T00:00:00Z
2025-04-08,C00071,0,2025-05-23T00:00:00Z
2025-04-09,C00071,0,2025-05-24T00:00:00Z
2025-04-10,C00071,0,2025-05-25T00:00:00Z
2025-04-11,C00071,0,2025-05-26T00:00:00Z
2025-04-12,C00071,0,2025-05-27T00:00:00Z
2025-04-13,C00071,1,2025-05-28T00:00:00Z
2025-04-14,C00071,0,2025-05-29T00:00:00Z
2025-03-01,C00072,0,2025-04-15T00:00:00Z
2025-03-02,C00072,0,2025-04-16T00:00:00Z
2025-03-03,C00072,0,2025-04-17T00:00:00Z
2025-03-04,C00072,0,2025-04-18T00:00:00Z
2025-03-05,C00072,0,2025-04-19T00:00:00Z
2025-03-06,C00072,0,2025-04-20T00:00:00Z
2025-03-07,C00072,0,2025-04-21T00:00:00Z
2025-03-08,C00072,0,2025-04-22T00:00:00Z
2025-03-09,C00072,0,2025-04-23T00:00:00Z
2025-03-10,C00072,0,2025-04-24T00:00:00Z
2025-03-11,C00072,0,2025-04-25T00:00:00Z
2025-03-12,C00072,0,2025-04-26T00:00:00Z
2025-03-13,C00072,0,2025-04-27T00:00:00Z
2025-03-14,C00072,0,2025-04-28T00:00:00Z
2025-03-15,C00072,0,2025-04-29T00:00:00Z
2025-03-16,C00072,0,2025-04-30T00:00:00Z
2025-03-17,C00072,0,2025-05-01T00:00:00Z
2025-03-18,C00072,0,2025-05-02T00:00:00Z
2025-03-19,C00072,1,2025-05-03T00:00:00Z
2025-03-20,C00072,0,2025-05-04T00:00:00Z
2025-03-21,C00072,0,2025-05-05T00:00:00Z
2025-03-22,C00072,0,2025-05-06T00:00:00Z
2025-03-23,C00072,0,2025-05-07T00:00:00Z
2025-03-24,C00072,0,2025-05-08T00:00:00Z
2025-03-25,C00072,0,2025-05-09T00:00:00Z
2025-03-26,C00072,0,2025-05-10T00:00:00Z
2025-03-27,C00072,0,2025-05-11T00:00:00Z
2025-03-28,C00072,0,2025-05-12T00:00:00Z
2025-03-29,C00072,0,2025-05-13T00:00:00Z
2025-03-30,C00072,0,2025-05-14T00:00:00Z
2025-03-31,C00072,0,2025-05-15T00:00:00Z
2025-04-01,C00072,0,2025-05-16T00:00:00Z
2025-04-02,C00072,0,2025-05-17T00:00:00Z
2025-04-03,C00072,0,2025-05-18T00:00:00Z
2025-04-04,C00072,0,2025-05-19T00:00:00Z
2025-04-05,C00072,0,2025-05-20T00:00:00Z
2025-04-06,C00072,0,2025-05-21T00:00:00Z
2025-04-07,C00072,0,2025-05-22T00:00:00Z
2025-04-08,C00072,0,2025-05-23T00:00:00Z
2025-04-09,C00072,0,2025-05-24T00:00:00Z
2025-04-10,C00072,0,2025-05-25T00:00:00Z
2025-04-11,C00072,0,2025-05-26T00:00:00Z
2025-04-12,C00072,0,2025-05-27T00:00:00Z
2025-04-13,C00072,0,2025-05-28T00:00:00Z
2025-04-14,C00072,0,2025-05-29T00:00:00Z
2025-03-01,C00073,0,2025-04-15T00:00:00Z
2025-03-02,C00073,0,2025-04-16T00:00:00Z
2025-03-03,C00073,0,2025-04-17T00:00:00Z
2025-03-04,C00073,0,2025-04-18T00:00:00Z
2025-03-05,C00073,0,2025-04-19T00:00:00Z
2025-03-06,C00073,0,2025-04-20T00:00:00Z
2025-03-07,C00073,0,2025-04-21T00:00:00Z
2025-03-08,C00073,0,2025-04-22T00:00:00Z
2025-03-09,C00073,0,2025-04-23T00:00:00Z
2025-03-10,C00073,0,2025-04-24T00:00:00Z
2025-03-11,C00073,0,2025-04-25T00:00:00Z
2025-03-12,C00073,0,2025-04-26T00:00:00Z
2025-03-13,C00073,0,2025-04-27T00:00:00Z
2025-03-14,C00073,0,2025-04-28T00:00:00Z
2025-03-15,C00073,0,2025-04-29T00:00:00Z
2025-03-16,C00073,0,2025-04-30T00:00:00Z
2025-03-17,C00073,0,2025-05-01T00:00:00Z
2025-03-18,C00073,0,2025-05-02T00:00:00Z
2025-03-19,C00073,0,2025-05-03T00:00:00Z
2025-03-20,C00073,0,2025-05-04T00:00:00Z
2025-03-21,C00073,0,2025-05-05T00:00:00Z
2025-03-22,C00073,0,2025-05-06T00:00:00Z
2025-03-23,C00073,0,2025-05-07T00:00:00Z
2025-03-24,C00073,0,2025-05-08T00:00:00Z
2025-03-25,C00073,0,2025-05-09T00:00:00Z
2025-03-26,C00073,0,2025-05-10T00:00:00Z
2025-03-27,C00073,0,2025-05-11T00:00:00Z
2025-03-28,C00073,0,2025-05-12T00:00:00Z
2025-03-29,C00073,0,2025-05-13T00:00:00Z
2025-03-30,C00073,0,2025-05-14T00:00:00Z
2025-03-31,C00073,0,2025-05-15T00:00:00Z
2025-04-01,C00073,0,2025-05-16T00:00:00Z
2025-04-02,C00073,0,2025-05-17T00:00:00Z
2025-04-03,C00073,0,2025-05-18T00:00:00Z
2025-04-04,C00073,0,2025-05-19T00:00:00Z
2025-04-05,C00073,0,2025-05-20T00:00:00Z
2025-04-06,C00073,0,2025-05-21T00:00:00Z
2025-04-07,C00073,0,2025-05-22T00:00:00Z
2025-04-08,C00073,1,2025-05-23T00:00:00Z
2025-04-09,C00073,0,2025-05-24T00:00:00Z
2025-04-10,C00073,0,2025-05-25T00:00:00Z
2025-04-11,C00073,0,2025-05-26T00:00:00Z
2025-04-12,C00073,0,2025-05-27T00:00:00Z
2025-04-13,C00073,0,2025-05-28T00:00:00Z
2025-04-14,C00073,0,2025-05-29T00:00:00Z
2025-03-01,C00074,0,2025-04-15T00:00:00Z
2025-03-02,C00074,0,2025-04-16T00:00:00Z
2025-03-03,C00074,0,2025-04-17T00:00:00Z
2025-03-04,C00074,0,2025-04-18T00:00:00Z
2025-03-05,C00074,0,2025-04-19T00:00:00Z
2025-03-06,C00074,0,2025-04-20T00:00:00Z
2025-03-07,C00074,0,2025-04-21T00:00:00Z
2025-03-08,C00074,0,2025-04-22T00:00:00Z
2025-03-09,C00074,0,2025-04-23T00:00:00Z
2025-03-10,C00074,0,2025-04-24T00:00:00Z
2025-03-11,C00074,0,2025-04-25T00:00:00Z
2025-03-12,C00074,0,2025-04-26T00:00:00Z
2025-03-13,C00074,0,2025-04-27T00:00:00Z
2025-03-14,C00074,0,2025-04-28T00:00:00Z
2025-03-15,C00074,0,2025-04-29T00:00:00Z
2025-03-16,C00074,0,2025-04-30T00:00:00Z
2025-03-17,C00074,0,2025-05-01T00:00:00Z
2025-03-18,C00074,0,2025-05-02T00:00:00Z
2025-03-19,C00074,0,2025-05-03T00:00:00Z
2025-03-20,C00074,0,2025-05-04T00:00:00Z
2025-03-21,C00074,0,2025-05-05T00:00:00Z
2025-03-22,C00074,0,2025-05-06T00:00:00Z
2025-03-23,C00074,0,2025-05-07T00:00:00Z
2025-03-24,C00074,0,2025-05-08T00:00:00Z
2025-03-25,C00074,0,2025-05-09T00:00:00Z
2025-03-26,C00074,0,2025-05-10T00:00:00Z
2025-03-27,C00074,0,2025-05-11T00:00:00Z
2025-03-28,C00074,0,2025-05-12T00:00:00Z
2025-03-29,C00074,0,2025-05-13T00:00:00Z
2025-03-30,C00074,0,2025-05-14T00:00:00Z
2025-03-31,C00074,0,2025-05-15T00:00:00Z
2025-04-01,C00074,0,2025-05-16T00:00:00Z
2025-04-02,C00074,0,2025-05-17T00:00:00Z
2025-04-03,C00074,0,2025-05-18T00:00:00Z
2025-04-04,C00074,0,2025-05-19T00:00:00Z
2025-04-05,C00074,0,2025-05-20T00:00:00Z
2025-04-06,C00074,0,2025-05-21T00:00:00Z
2025-04-07,C00074,0,2025-05-22T00:00:00Z
2025-04-08,C00074,0,2025-05-23T00:00:00Z
2025-04-09,C00074,0,2025-05-24T00:00:00Z
2025-04-10,C00074,0,2025-05-25T00:00:00Z
2025-04-11,C00074,0,2025-05-26T00:00:00Z
2025-04-12,C00074,0,2025-05-27T00:00:00Z
2025-04-13,C00074,0,2025-05-28T00:00:00Z
2025-04-14,C00074,0,2025-05-29T00:00:00Z
2025-03-01,C00075,0,2025-04-15T00:00:00Z
2025-03-02,C00075,0,2025-04-16T00:00:00Z
2025-03-03,C00075,0,2025-04-17T00:00:00Z
2025-03-04,C00075,0,2025-04-18T00:00:00Z
2025-03-05,C00075,0,2025-04-19T00:00:00Z
2025-03-06,C00075,0,2025-04-20T00:00:00Z
2025-03-07,C00075,0,2025-04-21T00:00:00Z
2025-03-08,C00075,0,2025-04-22T00:00:00Z
2025-03-09,C00075,0,2025-04-23T00:00:00Z
2025-03-10,C00075,0,2025-04-24T00:00:00Z
2025-03-11,C00075,0,2025-04-25T00:00:00Z
2025-03-12,C00075,0,2025-04-26T00:00:00Z
2025-03-13,C00075,0,2025-04-27T00:00:00Z
2025-03-14,C00075,0,2025-04-28T00:00:00Z
2025-03-15,C00075,0,2025-04-29T00:00:00Z
2025-03-16,C00075,0,2025-04-30T00:00:00Z
2025-03-17,C00075,0,2025-05-01T00:00:00Z
2025-03-18,C00075,0,2025-05-02T00:00:00Z
2025-03-19,C00075,0,2025-05-03T00:00:00Z
2025-03-20,C00075,0,2025-05-04T00:00:00Z
2025-03-21,C00075,0,2025-05-05T00:00:00Z
2025-03-22,C00075,0,2025-05-06T00:00:00Z
2025-03-23,C00075,0,2025-05-07T00:00:00Z
2025-03-24,C00075,0,2025-05-08T00:00:00Z
2025-03-25,C00075,0,2025-05-09T00:00:00Z
2025-03-26,C00075,0,2025-05-10T00:00:00Z
2025-03-27,C00075,0,2025-05-11T00:00:00Z
2025-03-28,C00075,0,2025-05-12T00:00:00Z
2025-03-29,C00075,0,2025-05-13T00:00:00Z
2025-03-30,C00075,0,2025-05-14T00:00:00Z
2025-03-31,C00075,0,2025-05-15T00:00:00Z
2025-04-01,C00075,1,2025-05-16T00:00:00Z
2025-04-02,C00075,0,2025-05-17T00:00:00Z
2025-04-03,C00075,0,2025-05-18T00:00:00Z
2025-04-04,C00075,0,2025-05-19T00:00:00Z
2025-04-05,C00075,0,2025-05-20T00:00:00Z
2025-04-06,C00075,0,2025-05-21T00:00:00Z
2025-04-07,C00075,0,2025-05-22T00:00:00Z
2025-04-08,C00075,0,2025-05-23T00:00:00Z
2025-04-09,C00075,1,2025-05-24T00:00:00Z
2025-04-10,C00075,0,2025-05-25T00:00:00Z
2025-04-11,C00075,0,2025-05-26T00:00:00Z
2025-04-12,C00075,0,2025-05-27T00:00:00Z
2025-04-13,C00075,0,2025-05-28T00:00:00Z
2025-04-14,C00075,0,2025-05-29T00:00:00Z
2025-03-01,C00076,0,2025-04-15T00:00:00Z
2025-03-02,C00076,0,2025-04-16T00:00:00Z
2025-03-03,C00076,0,2025-04-17T00:00:00Z
2025-03-04,C00076,0,2025-04-18T00:00:00Z
2025-03-05,C00076,0,2025-04-19T00:00:00Z
2025-03-06,C00076,0,2025-04-20T00:00:00Z
2025-03-07,C00076,0,2025-04-21T00:00:00Z
2025-03-08,C00076,0,2025-04-22T00:00:00Z
2025-03-09,C00076,0,2025-04-23T00:00:00Z
2025-03-10,C00076,0,2025-04-24T00:00:00Z
2025-03-11,C00076,0,2025-04-25T00:00:00Z
2025-03-12,C00076,0,2025-04-26T00:00:00Z
2025-03-13,C00076,0,2025-04-27T00:00:00Z
2025-03-14,C00076,0,2025-04-28T00:00:00Z
2025-03-15,C00076,0,2025-04-29T00:00:00Z
2025-03-16,C00076,0,2025-04-30T00:00:00Z
2025-03-17,C00076,0,2025-05-01T00:00:00Z
2025-03-18,C00076,0,2025-05-02T00:00:00Z
2025-03-19,C00076,0,2025-05-03T00:00:00Z
2025-03-20,C00076,0,2025-05-04T00:00:00Z
2025-03-21,C00076,0,2025-05-05T00:00:00Z
2025-03-22,C00076,0,2025-05-06T00:00:00Z
2025-03-23,C00076,0,2025-05-07T00:00:00Z
2025-03-24,C00076,0,2025-05-08T00:00:00Z
2025-03-25,C00076,0,2025-05-09T00:00:00Z
2025-03-26,C00076,0,2025-05-10T00:00:00Z
2025-03-27,C00076,0,2025-05-11T00:00:00Z
2025-03-28,C00076,0,2025-05-12T00:00:00Z
2025-03-29,C00076,0,2025-05-13T00:00:00Z
2025-03-30,C00076,0,2025-05-14T00:00:00Z
2025-03-31,C00076,0,2025-05-15T00:00:00Z
2025-04-01,C00076,0,2025-05-16T00:00:00Z
2025-04-02,C00076,0,2025-05-17T00:00:00Z
2025-04-03,C00076,0,2025-05-18T00:00:00Z
2025-04-04,C00076,1,2025-05-19T00:00:00Z
2025-04-05,C00076,0,2025-05-20T00:00:00Z
2025-04-06,C00076,0,2025-05-21T00:00:00Z
2025-04-07,C00076,0,2025-05-22T00:00:00Z
2025-04-08,C00076,0,2025-05-23T00:00:00Z
2025-04-09,C00076,0,2025-05-24T00:00:00Z
2025-04-10,C00076,0,2025-05-25T00:00:00Z
2025-04-11,C00076,0,2025-05-26T00:00:00Z
2025-04-12,C00076,0,2025-05-27T00:00:00Z
2025-04-13,C00076,0,2025-05-28T00:00:00Z
2025-04-14,C00076,0,2025-05-29T00:00:00Z
2025-03-01,C00077,0,2025-04-15T00:00:00Z
2025-03-02,C00077,0,2025-04-16T00:00:00Z
2025-03-03,C00077,1,2025-04-17T00:00:00Z
2025-03-04,C00077,0,2025-04-18T00:00:00Z
2025-03-05,C00077,0,2025-04-19T00:00:00Z
2025-03-06,C00077,0,2025-04-20T00:00:00Z
2025-03-07,C00077,0,2025-04-21T00:00:00Z
2025-03-08,C00077,0,2025-04-22T00:00:00Z
2025-03-09,C00077,0,2025-04-23T00:00:00Z
2025-03-10,C00077,0,2025-04-24T00:00:00Z
2025-03-11,C00077,0,2025-04-25T00:00:00Z
2025-03-12,C00077,0,2025-04-26T00:00:00Z
2025-03-13,C00077,0,2025-04-27T00:00:00Z
2025-03-14,C00077,0,2025-04-28T00:00:00Z
2025-03-15,C00077,0,2025-04-29T00:00:00Z
2025-03-16,C00077,0,2025-04-30T00:00:00Z
2025-03-17,C00077,0,2025-05-01T00:00:00Z
2025-03-18,C00077,0,2025-05-02T00:00:00Z
2025-03-19,C00077,0,2025-05-03T00:00:00Z
2025-03-20,C00077,0,2025-05-04T00:00:00Z
2025-03-21,C00077,0,2025-05-05T00:00:00Z
2025-03-22,C00077,0,2025-05-06T00:00:00Z
2025-03-23,C00077,1,2025-05-07T00:00:00Z
2025-03-24,C00077,0,2025-05-08T00:00:00Z
2025-03-25,C00077,0,2025-05-09T00:00:00Z
2025-03-26,C00077,1,2025-05-10T00:00:00Z
2025-03-27,C00077,0,2025-05-11T00:00:00Z
2025-03-28,C00077,0,2025-05-12T00:00:00Z
2025-03-29,C00077,0,2025-05-13T00:00:00Z
2025-03-30,C00077,0,2025-05-14T00:00:00Z
2025-03-31,C00077,0,2025-05-15T00:00:00Z
2025-04-01,C00077,0,2025-05-16T00:00:00Z
2025-04-02,C00077,0,2025-05-17T00:00:00Z
2025-04-03,C00077,0,2025-05-18T00:00:00Z
2025-04-04,C00077,0,2025-05-19T00:00:00Z
2025-04-05,C00077,0,2025-05-20T00:00:00Z
2025-04-06,C00077,0,2025-05-21T00:00:00Z
2025-04-07,C00077,0,2025-05-22T00:00:00Z
2025-04-08,C00077,0,2025-05-23T00:00:00Z
2025-04-09,C00077,0,2025-05-24T00:00:00Z
2025-04-10,C00077,0,2025-05-25T00:00:00Z
2025-04-11,C00077,0,2025-05-26T00:00:00Z
2025-04-12,C00077,0,2025-05-27T00:00:00Z
2025-04-13,C00077,0,2025-05-28T00:00:00Z
2025-04-14,C00077,0,2025-05-29T00:00:00Z
2025-03-01,C00078,0,2025-04-15T00:00:00Z
2025-03-02,C00078,0,2025-04-16T00:00:00Z
2025-03-03,C00078,1,2025-04-17T00:00:00Z
2025-03-04,C00078,0,2025-04-18T00:00:00Z
2025-03-05,C00078,0,2025-04-19T00:00:00Z
2025-03-06,C00078,0,2025-04-20T00:00:00Z
2025-03-07,C00078,0,2025-04-21T00:00:00Z
2025-03-08,C00078,0,2025-04-22T00:00:00Z
2025-03-09,C00078,0,2025-04-23T00:00:00Z
2025-03-10,C00078,0,2025-04-24T00:00:00Z
2025-03-11,C00078,0,2025-04-25T00:00:00Z
2025-03-12,C00078,0,2025-04-26T00:00:00Z
2025-03-13,C00078,0,2025-04-27T00:00:00Z
2025-03-14,C00078,0,2025-04-28T00:00:00Z
2025-03-15,C00078,0,2025-04-29T00:00:00Z
2025-03-16,C00078,0,2025-04-30T00:00:00Z
2025-03-17,C00078,0,2025-05-01T00:00:00Z
2025-03-18,C00078,0,2025-05-02T00:00:00Z
2025-03-19,C00078,1,2025-05-03T00:00:00Z
2025-03-20,C00078,0,2025-05-04T00:00:00Z
2025-03-21,C00078,0,2025-05-05T00:00:00Z
2025-03-22,C00078,0,2025-05-06T00:00:00Z
2025-03-23,C00078,0,2025-05-07T00:00:00Z
2025-03-24,C00078,0,2025-05-08T00:00:00Z
2025-03-25,C00078,0,2025-05-09T00:00:00Z
2025-03-26,C00078,0,2025-05-10T00:00:00Z
2025-03-27,C00078,0,2025-05-11T00:00:00Z
2025-03-28,C00078,0,2025-05-12T00:00:00Z
2025-03-29,C00078,0,2025-05-13T00:00:00Z
2025-03-30,C00078,0,2025-05-14T00:00:00Z
2025-03-31,C00078,0,2025-05-15T00:00:00Z
2025-04-01,C00078,0,2025-05-16T00:00:00Z
2025-04-02,C00078,0,2025-05-17T00:00:00Z
2025-04-03,C00078,0,2025-05-18T00:00:00Z
2025-04-04,C00078,0,2025-05-19T00:00:00Z
2025-04-05,C00078,0,2025-05-20T00:00:00Z
2025-04-06,C00078,0,2025-05-21T00:00:00Z
2025-04-07,C00078,0,2025-05-22T00:00:00Z
2025-04-08,C00078,0,2025-05-23T00:00:00Z
2025-04-09,C00078,0,2025-05-24T00:00:00Z
2025-04-10,C00078,0,2025-05-25T00:00:00Z
2025-04-11,C00078,0,2025-05-26T00:00:00Z
2025-04-12,C00078,0,2025-05-27T00:00:00Z
2025-04-13,C00078,0,2025-05-28T00:00:00Z
2025-04-14,C00078,0,2025-05-29T00:00:00Z
2025-03-01,C00079,0,2025-04-15T00:00:00Z
2025-03-02,C00079,0,2025-04-16T00:00:00Z
2025-03-03,C00079,0,2025-04-17T00:00:00Z
2025-03-04,C00079,0,2025-04-18T00:00:00Z
2025-03-05,C00079,0,2025-04-19T00:00:00Z
2025-03-06,C00079,0,2025-04-20T00:00:00Z
2025-03-07,C00079,0,2025-04-21T00:00:00Z
2025-03-08,C00079,0,2025-04-22T00:00:00Z
2025-03-09,C00079,0,2025-04-23T00:00:00Z
2025-03-10,C00079,0,2025-04-24T00:00:00Z
2025-03-11,C00079,0,2025-04-25T00:00:00Z
2025-03-12,C00079,0,2025-04-26T00:00:00Z
2025-03-13,C00079,0,2025-04-27T00:00:00Z
2025-03-14,C00079,0,2025-04-28T00:00:00Z
2025-03-15,C00079,0,2025-04-29T00:00:00Z
2025-03-16,C00079,0,2025-04-30T00:00:00Z
2025-03-17,C00079,1,2025-05-01T00:00:00Z
2025-03-18,C00079,0,2025-05-02T00:00:00Z
2025-03-19,C00079,0,2025-05-03T00:00:00Z
2025-03-20,C00079,0,2025-05-04T00:00:00Z
2025-03-21,C00079,0,2025-05-05T00:00:00Z
2025-03-22,C00079,0,2025-05-06T00:00:00Z
2025-03-23,C00079,0,2025-05-07T00:00:00Z
2025-03-24,C00079,0,2025-05-08T00:00:00Z
2025-03-25,C00079,0,2025-05-09T00:00:00Z
2025-03-26,C00079,0,2025-05-10T00:00:00Z
2025-03-27,C00079,0,2025-05-11T00:00:00Z
2025-03-28,C00079,0,2025-05-12T00:00:00Z
2025-03-29,C00079,0,2025-05-13T00:00:00Z
2025-03-30,C00079,0,2025-05-14T00:00:00Z
2025-03-31,C00079,0,2025-05-15T00:00:00Z
2025-04-01,C00079,0,2025-05-16T00:00:00Z
2025-04-02,C00079,0,2025-05-17T00:00:00Z
2025-04-03,C00079,0,2025-05-18T00:00:00Z
2025-04-04,C00079,0,2025-05-19T00:00:00Z
2025-04-05,C00079,0,2025-05-20T00:00:00Z
2025-04-06,C00079,0,2025-05-21T00:00:00Z
2025-04-07,C00079,0,2025-05-22T00:00:00Z
2025-04-08,C00079,0,2025-05-23T00:00:00Z
2025-04-09,C00079,0,2025-05-24T00:00:00Z
2025-04-10,C00079,0,2025-05-25T00:00:00Z
2025-04-11,C00079,0,2025-05-26T00:00:00Z
2025-04-12,C00079,0,2025-05-27T00:00:00Z
2025-04-13,C00079,0,2025-05-28T00:00:00Z
2025-04-14,C00079,0,2025-05-29T00:00:00Z
2025-03-01,C00080,1,2025-04-15T00:00:00Z
2025-03-02,C00080,0,2025-04-16T00:00:00Z
2025-03-03,C00080,0,2025-04-17T00:00:00Z
2025-03-04,C00080,0,2025-04-18T00:00:00Z
2025-03-05,C00080,0,2025-04-19T00:00:00Z
2025-03-06,C00080,0,2025-04-20T00:00:00Z
2025-03-07,C00080,0,2025-04-21T00:00:00Z
2025-03-08,C00080,0,2025-04-22T00:00:00Z
2025-03-09,C00080,0,2025-04-23T00:00:00Z
2025-03-10,C00080,0,2025-04-24T00:00:00Z
2025-03-11,C00080,0,2025-04-25T00:00:00Z
2025-03-12,C00080,0,2025-04-26T00:00:00Z
2025-03-13,C00080,0,2025-04-27T00:00:00Z
2025-03-14,C00080,0,2025-04-28T00:00:00Z
2025-03-15,C00080,1,2025-04-29T00:00:00Z
2025-03-16,C00080,0,2025-04-30T00:00:00Z
2025-03-17,C00080,0,2025-05-01T00:00:00Z
2025-03-18,C00080,0,2025-05-02T00:00:00Z
2025-03-19,C00080,0,2025-05-03T00:00:00Z
2025-03-20,C00080,0,2025-05-04T00:00:00Z
2025-03-21,C00080,1,2025-05-05T00:00:00Z
2025-03-22,C00080,0,2025-05-06T00:00:00Z
2025-03-23,C00080,0,2025-05-07T00:00:00Z
2025-03-24,C00080,0,2025-05-08T00:00:00Z
2025-03-25,C00080,0,2025-05-09T00:00:00Z
2025-03-26,C00080,0,2025-05-10T00:00:00Z
2025-03-27,C00080,0,2025-05-11T00:00:00Z
2025-03-28,C00080,0,2025-05-12T00:00:00Z
2025-03-29,C00080,0,2025-05-13T00:00:00Z
2025-03-30,C00080,0,2025-05-14T00:00:00Z
2025-03-31,C00080,0,2025-05-15T00:00:00Z
2025-04-01,C00080,0,2025-05-16T00:00:00Z
2025-04-02,C00080,0,2025-05-17T00:00:00Z
2025-04-03,C00080,0,2025-05-18T00:00:00Z
2025-04-04,C00080,0,2025-05-19T00:00:00Z
2025-04-05,C00080,0,2025-05-20T00:00:00Z
2025-04-06,C00080,0,2025-05-21T00:00:00Z
2025-04-07,C00080,0,2025-05-22T00:00:00Z
2025-04-08,C00080,0,2025-05-23T00:00:00Z
2025-04-09,C00080,0,2025-05-24T00:00:00Z
2025-04-10,C00080,0,2025-05-25T00:00:00Z
2025-04-11,C00080,0,2025-05-26T00:00:00Z
2025-04-12,C00080,0,2025-05-27T00:00:00Z
2025-04-13,C00080,0,2025-05-28T00:00:00Z
2025-04-14,C00080,0,2025-05-29T00:00:00Z
2025-03-01,C00081,0,2025-04-15T00:00:00Z
2025-03-02,C00081,0,2025-04-16T00:00:00Z
2025-03-03,C00081,0,2025-04-17T00:00:00Z
2025-03-04,C00081,0,2025-04-18T00:00:00Z
2025-03-05,C00081,0,2025-04-19T00:00:00Z
2025-03-06,C00081,0,2025-04-20T00:00:00Z
2025-03-07,C00081,0,2025-04-21T00:00:00Z
2025-03-08,C00081,0,2025-04-22T00:00:00Z
2025-03-09,C00081,0,2025-04-23T00:00:00Z
2025-03-10,C00081,0,2025-04-24T00:00:00Z
2025-03-11,C00081,0,2025-04-25T00:00:00Z
2025-03-12,C00081,0,2025-04-26T00:00:00Z
2025-03-13,C00081,0,2025-04-27T00:00:00Z
2025-03-14,C00081,0,2025-04-28T00:00:00Z
2025-03-15,C00081,0,2025-04-29T00:00:00Z
2025-03-16,C00081,0,2025-04-30T00:00:00Z
2025-03-17,C00081,0,2025-05-01T00:00:00Z
2025-03-18,C00081,0,2025-05-02T00:00:00Z
2025-03-19,C00081,0,2025-05-03T00:00:00Z
2025-03-20,C00081,0,2025-05-04T00:00:00Z
2025-03-21,C00081,0,2025-05-05T00:00:00Z
2025-03-22,C00081,0,2025-05-06T00:00:00Z
2025-03-23,C00081,0,2025-05-07T00:00:00Z
2025-03-24,C00081,0,2025-05-08T00:00:00Z
2025-03-25,C00081,0,2025-05-09T00:00:00Z
2025-03-26,C00081,0,2025-05-10T00:00:00Z
2025-03-27,C00081,0,2025-05-11T00:00:00Z
2025-03-28,C00081,0,2025-05-12T00:00:00Z
2025-03-29,C00081,0,2025-05-13T00:00:00Z
2025-03-30,C00081,0,2025-05-14T00:00:00Z
2025-03-31,C00081,0,2025-05-15T00:00:00Z
2025-04-01,C00081,0,2025-05-16T00:00:00Z
2025-04-02,C00081,0,2025-05-17T00:00:00Z
2025-04-03,C00081,0,2025-05-18T00:00:00Z
2025-04-04,C00081,0,2025-05-19T00:00:00Z
2025-04-05,C00081,0,2025-05-20T00:00:00Z
2025-04-06,C00081,0,2025-05-21T00:00:00Z
2025-04-07,C00081,0,2025-05-22T00:00:00Z
2025-04-08,C00081,0,2025-05-23T00:00:00Z
2025-04-09,C00081,0,2025-05-24T00:00:00Z
2025-04-10,C00081,0,2025-05-25T00:00:00Z
2025-04-11,C00081,0,2025-05-26T00:00:00Z
2025-04-12,C00081,0,2025-05-27T00:00:00Z
2025-04-13,C00081,0,2025-05-28T00:00:00Z
2025-04-14,C00081,0,2025-05-29T00:00:00Z
2025-03-01,C00082,0,2025-04-15T00:00:00Z
2025-03-02,C00082,0,2025-04-16T00:00:00Z
2025-03-03,C00082,0,2025-04-17T00:00:00Z
2025-03-04,C00082,0,2025-04-18T00:00:00Z
2025-03-05,C00082,0,2025-04-19T00:00:00Z
2025-03-06,C00082,0,2025-04-20T00:00:00Z
2025-03-07,C00082,0,2025-04-21T00:00:00Z
2025-03-08,C00082,0,2025-04-22T00:00:00Z
2025-03-09,C00082,0,2025-04-23T00:00:00Z
2025-03-10,C00082,0,2025-04-24T00:00:00Z
2025-03-11,C00082,1,2025-04-25T00:00:00Z
2025-03-12,C00082,0,2025-04-26T00:00:00Z
2025-03-13,C00082,0,2025-04-27T00:00:00Z
2025-03-14,C00082,0,2025-04-28T00:00:00Z
2025-03-15,C00082,0,2025-04-29T00:00:00Z
2025-03-16,C00082,0,2025-04-30T00:00:00Z
2025-03-17,C00082,0,2025-05-01T00:00:00Z
2025-03-18,C00082,0,2025-05-02T00:00:00Z
2025-03-19,C00082,0,2025-05-03T00:00:00Z
2025-03-20,C00082,0,2025-05-04T00:00:00Z
2025-03-21,C00082,0,2025-05-05T00:00:00Z
2025-03-22,C00082,0,2025-05-06T00:00:00Z
2025-03-23,C00082,0,2025-05-07T00:00:00Z
2025-03-24,C00082,1,2025-05-08T00:00:00Z
2025-03-25,C00082,0,2025-05-09T00:00:00Z
2025-03-26,C00082,0,2025-05-10T00:00:00Z
2025-03-27,C00082,0,2025-05-11T00:00:00Z
2025-03-28,C00082,0,2025-05-12T00:00:00Z
2025-03-29,C00082,0,2025-05-13T00:00:00Z
2025-03-30,C00082,0,2025-05-14T00:00:00Z
2025-03-31,C00082,0,2025-05-15T00:00:00Z
2025-04-01,C00082,0,2025-05-16T00:00:00Z
2025-04-02,C00082,0,2025-05-17T00:00:00Z
2025-04-03,C00082,0,2025-05-18T00:00:00Z
2025-04-04,C00082,0,2025-05-19T00:00:00Z
2025-04-05,C00082,0,2025-05-20T00:00:00Z
2025-04-06,C00082,0,2025-05-21T00:00:00Z
2025-04-07,C00082,0,2025-05-22T00:00:00Z
2025-04-08,C00082,0,2025-05-23T00:00:00Z
2025-04-09,C00082,0,2025-05-24T00:00:00Z
2025-04-10,C00082,0,2025-05-25T00:00:00Z
2025-04-11,C00082,0,2025-05-26T00:00:00Z
2025-04-12,C00082,0,2025-05-27T00:00:00Z
2025-04-13,C00082,0,2025-05-28T00:00:00Z
2025-04-14,C00082,0,2025-05-29T00:00:00Z
2025-03-01,C00083,0,2025-04-15T00:00:00Z
2025-03-02,C00083,0,2025-04-16T00:00:00Z
2025-03-03,C00083,0,2025-04-17T00:00:00Z
2025-03-04,C00083,0,2025-04-18T00:00:00Z
2025-03-05,C00083,0,2025-04-19T00:00:00Z
2025-03-06,C00083,0,2025-04-20T00:00:00Z
2025-03-07,C00083,0,2025-04-21T00:00:00Z
2025-03-08,C00083,0,2025-04-22T00:00:00Z
2025-03-09,C00083,0,2025-04-23T00:00:00Z
2025-03-10,C00083,0,2025-04-24T00:00:00Z
2025-03-11,C00083,0,2025-04-25T00:00:00Z
2025-03-12,C00083,0,2025-04-26T00:00:00Z
2025-03-13,C00083,0,2025-04-27T00:00:00Z
2025-03-14,C00083,0,2025-04-28T00:00:00Z
2025-03-15,C00083,0,2025-04-29T00:00:00Z
2025-03-16,C00083,0,2025-04-30T00:00:00Z
2025-03-17,C00083,0,2025-05-01T00:00:00Z
2025-03-18,C00083,0,2025-05-02T00:00:00Z
2025-03-19,C00083,0,2025-05-03T00:00:00Z
2025-03-20,C00083,0,2025-05-04T00:00:00Z
2025-03-21,C00083,0,2025-05-05T00:00:00Z
2025-03-22,C00083,0,2025-05-06T00:00:00Z
2025-03-23,C00083,0,2025-05-07T00:00:00Z
2025-03-24,C00083,0,2025-05-08T00:00:00Z
2025-03-25,C00083,0,2025-05-09T00:00:00Z
2025-03-26,C00083,0,2025-05-10T00:00:00Z
2025-03-27,C00083,0,2025-05-11T00:00:00Z
2025-03-28,C00083,0,2025-05-12T00:00:00Z
2025-03-29,C00083,0,2025-05-13T00:00:00Z
2025-03-30,C00083,0,2025-05-14T00:00:00Z
2025-03-31,C00083,0,2025-05-15T00:00:00Z
2025-04-01,C00083,1,2025-05-16T00:00:00Z
2025-04-02,C00083,0,2025-05-17T00:00:00Z
2025-04-03,C00083,0,2025-05-18T00:00:00Z
2025-04-04,C00083,0,2025-05-19T00:00:00Z
2025-04-05,C00083,0,2025-05-20T00:00:00Z
2025-04-06,C00083,0,2025-05-21T00:00:00Z
2025-04-07,C00083,0,2025-05-22T00:00:00Z
2025-04-08,C00083,0,2025-05-23T00:00:00Z
2025-04-09,C00083,0,2025-05-24T00:00:00Z
2025-04-10,C00083,0,2025-05-25T00:00:00Z
2025-04-11,C00083,0,2025-05-26T00:00:00Z
2025-04-12,C00083,0,2025-05-27T00:00:00Z
2025-04-13,C00083,0,2025-05-28T00:00:00Z
2025-04-14,C00083,0,2025-05-29T00:00:00Z
2025-03-01,C00084,0,2025-04-15T00:00:00Z
2025-03-02,C00084,0,2025-04-16T00:00:00Z
2025-03-03,C00084,0,2025-04-17T00:00:00Z
2025-03-04,C00084,0,2025-04-18T00:00:00Z
2025-03-05,C00084,0,2025-04-19T00:00:00Z
2025-03-06,C00084,0,2025-04-20T00:00:00Z
2025-03-07,C00084,0,2025-04-21T00:00:00Z
2025-03-08,C00084,0,2025-04-22T00:00:00Z
2025-03-09,C00084,0,2025-04-23T00:00:00Z
2025-03-10,C00084,0,2025-04-24T00:00:00Z
2025-03-11,C00084,0,2025-04-25T00:00:00Z
2025-03-12,C00084,0,2025-04-26T00:00:00Z
2025-03-13,C00084,0,2025-04-27T00:00:00Z
2025-03-14,C00084,0,2025-04-28T00:00:00Z
2025-03-15,C00084,0,2025-04-29T00:00:00Z
2025-03-16,C00084,0,2025-04-30T00:00:00Z
2025-03-17,C00084,0,2025-05-01T00:00:00Z
2025-03-18,C00084,0,2025-05-02T00:00:00Z
2025-03-19,C00084,0,2025-05-03T00:00:00Z
2025-03-20,C00084,0,2025-05-04T00:00:00Z
2025-03-21,C00084,0,2025-05-05T00:00:00Z
2025-03-22,C00084,0,2025-05-06T00:00:00Z
2025-03-23,C00084,0,2025-05-07T00:00:00Z
2025-03-24,C00084,0,2025-05-08T00:00:00Z
2025-03-25,C00084,0,2025-05-09T00:00:00Z
2025-03-26,C00084,0,2025-05-10T00:00:00Z
2025-03-27,C00084,0,2025-05-11T00:00:00Z
2025-03-28,C00084,0,2025-05-12T00:00:00Z
2025-03-29,C00084,0,2025-05-13T00:00:00Z
2025-03-30,C00084,0,2025-05-14T00:00:00Z
2025-03-31,C00084,0,2025-05-15T00:00:00Z
2025-04-01,C00084,0,2025-05-16T00:00:00Z
2025-04-02,C00084,0,2025-05-17T00:00:00Z
2025-04-03,C00084,0,2025-05-18T00:00:00Z
2025-04-04,C00084,0,2025-05-19T00:00:00Z
2025-04-05,C00084,0,2025-05-20T00:00:00Z
2025-04-06,C00084,0,2025-05-21T00:00:00Z
2025-04-07,C00084,0,2025-05-22T00:00:00Z
2025-04-08,C00084,0,2025-05-23T00:00:00Z
2025-04-09,C00084,0,2025-05-24T00:00:00Z
2025-04-10,C00084,0,2025-05-25T00:00:00Z
2025-04-11,C00084,0,2025-05-26T00:00:00Z
2025-04-12,C00084,0,2025-05-27T00:00:00Z
2025-04-13,C00084,0,2025-05-28T00:00:00Z
2025-04-14,C00084,0,2025-05-29T00:00:00Z
2025-03-01,C00085,0,2025-04-15T00:00:00Z
2025-03-02,C00085,0,2025-04-16T00:00:00Z
2025-03-03,C00085,0,2025-04-17T00:00:00Z
2025-03-04,C00085,0,2025-04-18T00:00:00Z
2025-03-05,C00085,0,2025-04-19T00:00:00Z
2025-03-06,C00085,0,2025-04-20T00:00:00Z
2025-03-07,C00085,0,2025-04-21T00:00:00Z
2025-03-08,C00085,0,2025-04-22T00:00:00Z
2025-03-09,C00085,0,2025-04-23T00:00:00Z
2025-03-10,C00085,0,2025-04-24T00:00:00Z
2025-03-11,C00085,0,2025-04-25T00:00:00Z
2025-03-12,C00085,0,2025-04-26T00:00:00Z
2025-03-13,C00085,0,2025-04-27T00:00:00Z
2025-03-14,C00085,0,2025-04-28T00:00:00Z
2025-03-15,C00085,0,2025-04-29T00:00:00Z
2025-03-16,C00085,0,2025-04-30T00:00:00Z
2025-03-17,C00085,0,2025-05-01T00:00:00Z
2025-03-18,C00085,0,2025-05-02T00:00:00Z
2025-03-19,C00085,0,2025-05-03T00:00:00Z
2025-03-20,C00085,0,2025-05-04T00:00:00Z
2025-03-21,C00085,0,2025-05-05T00:00:00Z
2025-03-22,C00085,0,2025-05-06T00:00:00Z
2025-03-23,C00085,0,2025-05-07T00:00:00Z
2025-03-24,C00085,0,2025-05-08T00:00:00Z
2025-03-25,C00085,0,2025-05-09T00:00:00Z
2025-03-26,C00085,1,2025-05-10T00:00:00Z
2025-03-27,C00085,0,2025-05-11T00:00:00Z
2025-03-28,C00085,0,2025-05-12T00:00:00Z
2025-03-29,C00085,0,2025-05-13T00:00:00Z
2025-03-30,C00085,0,2025-05-14T00:00:00Z
2025-03-31,C00085,0,2025-05-15T00:00:00Z
2025-04-01,C00085,0,2025-05-16T00:00:00Z
2025-04-02,C00085,0,2025-05-17T00:00:00Z
2025-04-03,C00085,0,2025-05-18T00:00:00Z
2025-04-04,C00085,0,2025-05-19T00:00:00Z
2025-04-05,C00085,0,2025-05-20T00:00:00Z
2025-04-06,C00085,0,2025-05-21T00:00:00Z
2025-04-07,C00085,0,2025-05-22T00:00:00Z
2025-04-08,C00085,0,2025-05-23T00:00:00Z
2025-04-09,C00085,0,2025-05-24T00:00:00Z
2025-04-10,C00085,0,2025-05-25T00:00:00Z
2025-04-11,C00085,0,2025-05-26T00:00:00Z
2025-04-12,C00085,0,2025-05-27T00:00:00Z
2025-04-13,C00085,0,2025-05-28T00:00:00Z
2025-04-14,C00085,0,2025-05-29T00:00:00Z
2025-03-01,C00086,0,2025-04-15T00:00:00Z
2025-03-02,C00086,0,2025-04-16T00:00:00Z
2025-03-03,C00086,0,2025-04-17T00:00:00Z
2025-03-04,C00086,0,2025-04-18T00:00:00Z
2025-03-05,C00086,0,2025-04-19T00:00:00Z
2025-03-06,C00086,0,2025-04-20T00:00:00Z
2025-03-07,C00086,0,2025-04-21T00:00:00Z
2025-03-08,C00086,0,2025-04-22T00:00:00Z
2025-03-09,C00086,0,2025-04-23T00:00:00Z
2025-03-10,C00086,0,2025-04-24T00:00:00Z
2025-03-11,C00086,0,2025-04-25T00:00:00Z
2025-03-12,C00086,0,2025-04-26T00:00:00Z
2025-03-13,C00086,0,2025-04-27T00:00:00Z
2025-03-14,C00086,0,2025-04-28T00:00:00Z
2025-03-15,C00086,0,2025-04-29T00:00:00Z
2025-03-16,C00086,0,2025-04-30T00:00:00Z
2025-03-17,C00086,0,2025-05-01T00:00:00Z
2025-03-18,C00086,0,2025-05-02T00:00:00Z
2025-03-19,C00086,0,2025-05-03T00:00:00Z
2025-03-20,C00086,0,2025-05-04T00:00:00Z
2025-03-21,C00086,0,2025-05-05T00:00:00Z
2025-03-22,C00086,0,2025-05-06T00:00:00Z
2025-03-23,C00086,0,2025-05-07T00:00:00Z
2025-03-24,C00086,0,2025-05-08T00:00:00Z
2025-03-25,C00086,0,2025-05-09T00:00:00Z
2025-03-26,C00086,0,2025-05-10T00:00:00Z
2025-03-27,C00086,0,2025-05-11T00:00:00Z
2025-03-28,C00086,0,2025-05-12T00:00:00Z
2025-03-29,C00086,0,2025-05-13T00:00:00Z
2025-03-30,C00086,0,2025-05-14T00:00:00Z
2025-03-31,C00086,0,2025-05-15T00:00:00Z
2025-04-01,C00086,0,2025-05-16T00:00:00Z
2025-04-02,C00086,0,2025-05-17T00:00:00Z
2025-04-03,C00086,0,2025-05-18T00:00:00Z
2025-04-04,C00086,0,2025-05-19T00:00:00Z
2025-04-05,C00086,0,2025-05-20T00:00:00Z
2025-04-06,C00086,0,2025-05-21T00:00:00Z
2025-04-07,C00086,0,2025-05-22T00:00:00Z
2025-04-08,C00086,0,2025-05-23T00:00:00Z
2025-04-09,C00086,0,2025-05-24T00:00:00Z
2025-04-10,C00086,0,2025-05-25T00:00:00Z
2025-04-11,C00086,0,2025-05-26T00:00:00Z
2025-04-12,C00086,0,2025-05-27T00:00:00Z
2025-04-13,C00086,0,2025-05-28T00:00:00Z
2025-04-14,C00086,0,2025-05-29T00:00:00Z
2025-03-01,C00087,1,2025-04-15T00:00:00Z
2025-03-02,C00087,0,2025-04-16T00:00:00Z
2025-03-03,C00087,0,2025-04-17T00:00:00Z
2025-03-04,C00087,0,2025-04-18T00:00:00Z
2025-03-05,C00087,0,2025-04-19T00:00:00Z
2025-03-06,C00087,0,2025-04-20T00:00:00Z
2025-03-07,C00087,0,2025-04-21T00:00:00Z
2025-03-08,C00087,0,2025-04-22T00:00:00Z
2025-03-09,C00087,0,2025-04-23T00:00:00Z
2025-03-10,C00087,0,2025-04-24T00:00:00Z
2025-03-11,C00087,0,2025-04-25T00:00:00Z
2025-03-12,C00087,0,2025-04-26T00:00:00Z
2025-03-13,C00087,0,2025-04-27T00:00:00Z
2025-03-14,C00087,0,2025-04-28T00:00:00Z
2025-03-15,C00087,0,2025-04-29T00:00:00Z
2025-03-16,C00087,0,2025-04-30T00:00:00Z
2025-03-17,C00087,0,2025-05-01T00:00:00Z
2025-03-18,C00087,0,2025-05-02T00:00:00Z
2025-03-19,C00087,0,2025-05-03T00:00:00Z
2025-03-20,C00087,0,2025-05-04T00:00:00Z
2025-03-21,C00087,0,2025-05-05T00:00:00Z
2025-03-22,C00087,0,2025-05-06T00:00:00Z
2025-03-23,C00087,1,2025-05-07T00:00:00Z
2025-03-24,C00087,0,2025-05-08T00:00:00Z
2025-03-25,C00087,0,2025-05-09T00:00:00Z
2025-03-26,C00087,0,2025-05-10T00:00:00Z
2025-03-27,C00087,0,2025-05-11T00:00:00Z
2025-03-28,C00087,0,2025-05-12T00:00:00Z
2025-03-29,C00087,0,2025-05-13T00:00:00Z
2025-03-30,C00087,0,2025-05-14T00:00:00Z
2025-03-31,C00087,0,2025-05-15T00:00:00Z
2025-04-01,C00087,0,2025-05-16T00:00:00Z
2025-04-02,C00087,0,2025-05-17T00:00:00Z
2025-04-03,C00087,0,2025-05-18T00:00:00Z
2025-04-04,C00087,0,2025-05-19T00:00:00Z
2025-04-05,C00087,0,2025-05-20T00:00:00Z
2025-04-06,C00087,0,2025-05-21T00:00:00Z
2025-04-07,C00087,0,2025-05-22T00:00:00Z
2025-04-08,C00087,0,2025-05-23T00:00:00Z
2025-04-09,C00087,0,2025-05-24T00:00:00Z
2025-04-10,C00087,0,2025-05-25T00:00:00Z
2025-04-11,C00087,0,2025-05-26T00:00:00Z
2025-04-12,C00087,1,2025-05-27T00:00:00Z
2025-04-13,C00087,0,2025-05-28T00:00:00Z
2025-04-14,C00087,0,2025-05-29T00:00:00Z
2025-03-01,C00088,0,2025-04-15T00:00:00Z
2025-03-02,C00088,0,2025-04-16T00:00:00Z
2025-03-03,C00088,0,2025-04-17T00:00:00Z
2025-03-04,C00088,1,2025-04-18T00:00:00Z
2025-03-05,C00088,0,2025-04-19T00:00:00Z
2025-03-06,C00088,0,2025-04-20T00:00:00Z
2025-03-07,C00088,0,2025-04-21T00:00:00Z
2025-03-08,C00088,0,2025-04-22T00:00:00Z
2025-03-09,C00088,0,2025-04-23T00:00:00Z
2025-03-10,C00088,0,2025-04-24T00:00:00Z
2025-03-11,C00088,0,2025-04-25T00:00:00Z
2025-03-12,C00088,0,2025-04-26T00:00:00Z
2025-03-13,C00088,0,2025-04-27T00:00:00Z
2025-03-14,C00088,0,2025-04-28T00:00:00Z
2025-03-15,C00088,0,2025-04-29T00:00:00Z
2025-03-16,C00088,0,2025-04-30T00:00:00Z
2025-03-17,C00088,0,2025-05-01T00:00:00Z
2025-03-18,C00088,0,2025-05-02T00:00:00Z
2025-03-19,C00088,0,2025-05-03T00:00:00Z
2025-03-20,C00088,0,2025-05-04T00:00:00Z
2025-03-21,C00088,0,2025-05-05T00:00:00Z
2025-03-22,C00088,0,2025-05-06T00:00:00Z
2025-03-23,C00088,0,2025-05-07T00:00:00Z
2025-03-24,C00088,0,2025-05-08T00:00:00Z
2025-03-25,C00088,0,2025-05-09T00:00:00Z
2025-03-26,C00088,0,2025-05-10T00:00:00Z
2025-03-27,C00088,0,2025-05-11T00:00:00Z
2025-03-28,C00088,0,2025-05-12T00:00:00Z
2025-03-29,C00088,0,2025-05-13T00:00:00Z
2025-03-30,C00088,1,2025-05-14T00:00:00Z
2025-03-31,C00088,0,2025-05-15T00:00:00Z
2025-04-01,C00088,0,2025-05-16T00:00:00Z
2025-04-02,C00088,0,2025-05-17T00:00:00Z
2025-04-03,C00088,0,2025-05-18T00:00:00Z
2025-04-04,C00088,0,2025-05-19T00:00:00Z
2025-04-05,C00088,0,2025-05-20T00:00:00Z
2025-04-06,C00088,0,2025-05-21T00:00:00Z
2025-04-07,C00088,1,2025-05-22T00:00:00Z
2025-04-08,C00088,0,2025-05-23T00:00:00Z
2025-04-09,C00088,0,2025-05-24T00:00:00Z
2025-04-10,C00088,0,2025-05-25T00:00:00Z
2025-04-11,C00088,0,2025-05-26T00:00:00Z
2025-04-12,C00088,0,2025-05-27T00:00:00Z
2025-04-13,C00088,0,2025-05-28T00:00:00Z
2025-04-14,C00088,0,2025-05-29T00:00:00Z
2025-03-01,C00089,0,2025-04-15T00:00:00Z
2025-03-02,C00089,0,2025-04-16T00:00:00Z
2025-03-03,C00089,0,2025-04-17T00:00:00Z
2025-03-04,C00089,1,2025-04-18T00:00:00Z
2025-03-05,C00089,0,2025-04-19T00:00:00Z
2025-03-06,C00089,0,2025-04-20T00:00:00Z
2025-03-07,C00089,1,2025-04-21T00:00:00Z
2025-03-08,C00089,0,2025-04-22T00:00:00Z
2025-03-09,C00089,0,2025-04-23T00:00:00Z
2025-03-10,C00089,0,2025-04-24T00:00:00Z
2025-03-11,C00089,0,2025-04-25T00:00:00Z
2025-03-12,C00089,1,2025-04-26T00:00:00Z
2025-03-13,C00089,0,2025-04-27T00:00:00Z
2025-03-14,C00089,0,2025-04-28T00:00:00Z
2025-03-15,C00089,0,2025-04-29T00:00:00Z
2025-03-16,C00089,0,2025-04-30T00:00:00Z
2025-03-17,C00089,0,2025-05-01T00:00:00Z
2025-03-18,C00089,0,2025-05-02T00:00:00Z
2025-03-19,C00089,0,2025-05-03T00:00:00Z
2025-03-20,C00089,0,2025-05-04T00:00:00Z
2025-03-21,C00089,0,2025-05-05T00:00:00Z
2025-03-22,C00089,0,2025-05-06T00:00:00Z
2025-03-23,C00089,0,2025-05-07T00:00:00Z
2025-03-24,C00089,0,2025-05-08T00:00:00Z
2025-03-25,C00089,0,2025-05-09T00:00:00Z
2025-03-26,C00089,0,2025-05-10T00:00:00Z
2025-03-27,C00089,0,2025-05-11T00:00:00Z
2025-03-28,C00089,0,2025-05-12T00:00:00Z
2025-03-29,C00089,0,2025-05-13T00:00:00Z
2025-03-30,C00089,0,2025-05-14T00:00:00Z
2025-03-31,C00089,0,2025-05-15T00:00:00Z
2025-04-01,C00089,1,2025-05-16T00:00:00Z
2025-04-02,C00089,0,2025-05-17T00:00:00Z
2025-04-03,C00089,0,2025-05-18T00:00:00Z
2025-04-04,C00089,0,2025-05-19T00:00:00Z
2025-04-05,C00089,0,2025-05-20T00:00:00Z
2025-04-06,C00089,0,2025-05-21T00:00:00Z
2025-04-07,C00089,0,2025-05-22T00:00:00Z
2025-04-08,C00089,0,2025-05-23T00:00:00Z
2025-04-09,C00089,0,2025-05-24T00:00:00Z
2025-04-10,C00089,0,2025-05-25T00:00:00Z
2025-04-11,C00089,0,2025-05-26T00:00:00Z
2025-04-12,C00089,0,2025-05-27T00:00:00Z
2025-04-13,C00089,0,2025-05-28T00:00:00Z
2025-04-14,C00089,0,2025-05-29T00:00:00Z
2025-03-01,C00090,0,2025-04-15T00:00:00Z
2025-03-02,C00090,0,2025-04-16T00:00:00Z
2025-03-03,C00090,0,2025-04-17T00:00:00Z
2025-03-04,C00090,0,2025-04-18T00:00:00Z
2025-03-05,C00090,0,2025-04-19T00:00:00Z
2025-03-06,C00090,0,2025-04-20T00:00:00Z
2025-03-07,C00090,0,2025-04-21T00:00:00Z
2025-03-08,C00090,0,2025-04-22T00:00:00Z
2025-03-09,C00090,0,2025-04-23T00:00:00Z
2025-03-10,C00090,0,2025-04-24T00:00:00Z
2025-03-11,C00090,0,2025-04-25T00:00:00Z
2025-03-12,C00090,0,2025-04-26T00:00:00Z
2025-03-13,C00090,0,2025-04-27T00:00:00Z
2025-03-14,C00090,0,2025-04-28T00:00:00Z
2025-03-15,C00090,0,2025-04-29T00:00:00Z
2025-03-16,C00090,1,2025-04-30T00:00:00Z
2025-03-17,C00090,1,2025-05-01T00:00:00Z
2025-03-18,C00090,0,2025-05-02T00:00:00Z
2025-03-19,C00090,0,2025-05-03T00:00:00Z
2025-03-20,C00090,0,2025-05-04T00:00:00Z
2025-03-21,C00090,0,2025-05-05T00:00:00Z
2025-03-22,C00090,0,2025-05-06T00:00:00Z
2025-03-23,C00090,0,2025-05-07T00:00:00Z
2025-03-24,C00090,0,2025-05-08T00:00:00Z
2025-03-25,C00090,0,2025-05-09T00:00:00Z
2025-03-26,C00090,0,2025-05-10T00:00:00Z
2025-03-27,C00090,0,2025-05-11T00:00:00Z
2025-03-28,C00090,0,2025-05-12T00:00:00Z
2025-03-29,C00090,0,2025-05-13T00:00:00Z
2025-03-30,C00090,0,2025-05-14T00:00:00Z
2025-03-31,C00090,0,2025-05-15T00:00:00Z
2025-04-01,C00090,0,2025-05-16T00:00:00Z
2025-04-02,C00090,0,2025-05-17T00:00:00Z
2025-04-03,C00090,0,2025-05-18T00:00:00Z
2025-04-04,C00090,0,2025-05-19T00:00:00Z
2025-04-05,C00090,0,2025-05-20T00:00:00Z
2025-04-06,C00090,0,2025-05-21T00:00:00Z
2025-04-07,C00090,0,2025-05-22T00:00:00Z
2025-04-08,C00090,0,2025-05-23T00:00:00Z
2025-04-09,C00090,0,2025-05-24T00:00:00Z
2025-04-10,C00090,0,2025-05-25T00:00:00Z
2025-04-11,C00090,0,2025-05-26T00:00:00Z
2025-04-12,C00090,0,2025-05-27T00:00:00Z
2025-04-13,C00090,0,2025-05-28T00:00:00Z
2025-04-14,C00090,0,2025-05-29T00:00:00Z
2025-03-01,C00091,0,2025-04-15T00:00:00Z
2025-03-02,C00091,0,2025-04-16T00:00:00Z
2025-03-03,C00091,0,2025-04-17T00:00:00Z
2025-03-04,C00091,0,2025-04-18T00:00:00Z
2025-03-05,C00091,0,2025-04-19T00:00:00Z
2025-03-06,C00091,0,2025-04-20T00:00:00Z
2025-03-07,C00091,0,2025-04-21T00:00:00Z
2025-03-08,C00091,0,2025-04-22T00:00:00Z
2025-03-09,C00091,0,2025-04-23T00:00:00Z
2025-03-10,C00091,0,2025-04-24T00:00:00Z
2025-03-11,C00091,0,2025-04-25T00:00:00Z
2025-03-12,C00091,0,2025-04-26T00:00:00Z
2025-03-13,C00091,0,2025-04-27T00:00:00Z
2025-03-14,C00091,0,2025-04-28T00:00:00Z
2025-03-15,C00091,1,2025-04-29T00:00:00Z
2025-03-16,C00091,0,2025-04-30T00:00:00Z
2025-03-17,C00091,0,2025-05-01T00:00:00Z
2025-03-18,C00091,0,2025-05-02T00:00:00Z
2025-03-19,C00091,0,2025-05-03T00:00:00Z
2025-03-20,C00091,0,2025-05-04T00:00:00Z
2025-03-21,C00091,0,2025-05-05T00:00:00Z
2025-03-22,C00091,0,2025-05-06T00:00:00Z
2025-03-23,C00091,0,2025-05-07T00:00:00Z
2025-03-24,C00091,0,2025-05-08T00:00:00Z
2025-03-25,C00091,0,2025-05-09T00:00:00Z
2025-03-26,C00091,0,2025-05-10T00:00:00Z
2025-03-27,C00091,0,2025-05-11T00:00:00Z
2025-03-28,C00091,0,2025-05-12T00:00:00Z
2025-03-29,C00091,0,2025-05-13T00:00:00Z
2025-03-30,C00091,0,2025-05-14T00:00:00Z
2025-03-31,C00091,0,2025-05-15T00:00:00Z
2025-04-01,C00091,0,2025-05-16T00:00:00Z
2025-04-02,C00091,0,2025-05-17T00:00:00Z
2025-04-03,C00091,0,2025-05-18T00:00:00Z
2025-04-04,C00091,0,2025-05-19T00:00:00Z
2025-04-05,C00091,0,2025-05-20T00:00:00Z
2025-04-06,C00091,0,2025-05-21T00:00:00Z
2025-04-07,C00091,0,2025-05-22T00:00:00Z
2025-04-08,C00091,0,2025-05-23T00:00:00Z
2025-04-09,C00091,0,2025-05-24T00:00:00Z
2025-04-10,C00091,0,2025-05-25T00:00:00Z
2025-04-11,C00091,0,2025-05-26T00:00:00Z
2025-04-12,C00091,0,2025-05-27T00:00:00Z
2025-04-13,C00091,0,2025-05-28T00:00:00Z
2025-04-14,C00091,1,2025-05-29T00:00:00Z
2025-03-01,C00092,0,2025-04-15T00:00:00Z
2025-03-02,C00092,0,2025-04-16T00:00:00Z
2025-03-03,C00092,0,2025-04-17T00:00:00Z
2025-03-04,C00092,0,2025-04-18T00:00:00Z
2025-03-05,C00092,0,2025-04-19T00:00:00Z
2025-03-06,C00092,0,2025-04-20T00:00:00Z
2025-03-07,C00092,0,2025-04-21T00:00:00Z
2025-03-08,C00092,0,2025-04-22T00:00:00Z
2025-03-09,C00092,0,2025-04-23T00:00:00Z
2025-03-10,C00092,0,2025-04-24T00:00:00Z
2025-03-11,C00092,0,2025-04-25T00:00:00Z
2025-03-12,C00092,0,2025-04-26T00:00:00Z
2025-03-13,C00092,0,2025-04-27T00:00:00Z
2025-03-14,C00092,0,2025-04-28T00:00:00Z
2025-03-15,C00092,0,2025-04-29T00:00:00Z
2025-03-16,C00092,0,2025-04-30T00:00:00Z
2025-03-17,C00092,0,2025-05-01T00:00:00Z
2025-03-18,C00092,0,2025-05-02T00:00:00Z
2025-03-19,C00092,0,2025-05-03T00:00:00Z
2025-03-20,C00092,0,2025-05-04T00:00:00Z
2025-03-21,C00092,0,2025-05-05T00:00:00Z
2025-03-22,C00092,0,2025-05-06T00:00:00Z
2025-03-23,C00092,0,2025-05-07T00:00:00Z
2025-03-24,C00092,0,2025-05-08T00:00:00Z
2025-03-25,C00092,0,2025-05-09T00:00:00Z
2025-03-26,C00092,0,2025-05-10T00:00:00Z
2025-03-27,C00092,0,2025-05-11T00:00:00Z
2025-03-28,C00092,0,2025-05-12T00:00:00Z
2025-03-29,C00092,0,2025-05-13T00:00:00Z
2025-03-30,C00092,0,2025-05-14T00:00:00Z
2025-03-31,C00092,0,2025-05-15T00:00:00Z
2025-04-01,C00092,0,2025-05-16T00:00:00Z
2025-04-02,C00092,0,2025-05-17T00:00:00Z
2025-04-03,C00092,0,2025-05-18T00:00:00Z
2025-04-04,C00092,0,2025-05-19T00:00:00Z
2025-04-05,C00092,0,2025-05-20T00:00:00Z
2025-04-06,C00092,0,2025-05-21T00:00:00Z
2025-04-07,C00092,0,2025-05-22T00:00:00Z
2025-04-08,C00092,0,2025-05-23T00:00:00Z
2025-04-09,C00092,0,2025-05-24T00:00:00Z
2025-04-10,C00092,0,2025-05-25T00:00:00Z
2025-04-11,C00092,0,2025-05-26T00:00:00Z
2025-04-12,C00092,0,2025-05-27T00:00:00Z
2025-04-13,C00092,0,2025-05-28T00:00:00Z
2025-04-14,C00092,0,2025-05-29T00:00:00Z
2025-03-01,C00093,0,2025-04-15T00:00:00Z
2025-03-02,C00093,0,2025-04-16T00:00:00Z
2025-03-03,C00093,0,2025-04-17T00:00:00Z
2025-03-04,C00093,0,2025-04-18T00:00:00Z
2025-03-05,C00093,1,2025-04-19T00:00:00Z
2025-03-06,C00093,0,2025-04-20T00:00:00Z
2025-03-07,C00093,0,2025-04-21T00:00:00Z
2025-03-08,C00093,0,2025-04-22T00:00:00Z
2025-03-09,C00093,1,2025-04-23T00:00:00Z
2025-03-10,C00093,1,2025-04-24T00:00:00Z
2025-03-11,C00093,0,2025-04-25T00:00:00Z
2025-03-12,C00093,0,2025-04-26T00:00:00Z
2025-03-13,C00093,0,2025-04-27T00:00:00Z
2025-03-14,C00093,1,2025-04-28T00:00:00Z
2025-03-15,C00093,0,2025-04-29T00:00:00Z
2025-03-16,C00093,0,2025-04-30T00:00:00Z
2025-03-17,C00093,0,2025-05-01T00:00:00Z
2025-03-18,C00093,0,2025-05-02T00:00:00Z
2025-03-19,C00093,0,2025-05-03T00:00:00Z
2025-03-20,C00093,0,2025-05-04T00:00:00Z
2025-03-21,C00093,0,2025-05-05T00:00:00Z
2025-03-22,C00093,0,2025-05-06T00:00:00Z
2025-03-23,C00093,0,2025-05-07T00:00:00Z
2025-03-24,C00093,0,2025-05-08T00:00:00Z
2025-03-25,C00093,0,2025-05-09T00:00:00Z
2025-03-26,C00093,0,2025-05-10T00:00:00Z
2025-03-27,C00093,0,2025-05-11T00:00:00Z
2025-03-28,C00093,0,2025-05-12T00:00:00Z
2025-03-29,C00093,0,2025-05-13T00:00:00Z
2025-03-30,C00093,0,2025-05-14T00:00:00Z
2025-03-31,C00093,0,2025-05-15T00:00:00Z
2025-04-01,C00093,0,2025-05-16T00:00:00Z
2025-04-02,C00093,0,2025-05-17T00:00:00Z
2025-04-03,C00093,0,2025-05-18T00:00:00Z
2025-04-04,C00093,0,2025-05-19T00:00:00Z
2025-04-05,C00093,0,2025-05-20T00:00:00Z
2025-04-06,C00093,0,2025-05-21T00:00:00Z
2025-04-07,C00093,0,2025-05-22T00:00:00Z
2025-04-08,C00093,0,2025-05-23T00:00:00Z
2025-04-09,C00093,0,2025-05-24T00:00:00Z
2025-04-10,C00093,0,2025-05-25T00:00:00Z
2025-04-11,C00093,0,2025-05-26T00:00:00Z
2025-04-12,C00093,1,2025-05-27T00:00:00Z
2025-04-13,C00093,0,2025-05-28T00:00:00Z
2025-04-14,C00093,0,2025-05-29T00:00:00Z
2025-03-01,C00094,0,2025-04-15T00:00:00Z
2025-03-02,C00094,0,2025-04-16T00:00:00Z
2025-03-03,C00094,0,2025-04-17T00:00:00Z
2025-03-04,C00094,0,2025-04-18T00:00:00Z
2025-03-05,C00094,0,2025-04-19T00:00:00Z
2025-03-06,C00094,0,2025-04-20T00:00:00Z
2025-03-07,C00094,0,2025-04-21T00:00:00Z
2025-03-08,C00094,0,2025-04-22T00:00:00Z
2025-03-09,C00094,0,2025-04-23T00:00:00Z
2025-03-10,C00094,0,2025-04-24T00:00:00Z
2025-03-11,C00094,0,2025-04-25T00:00:00Z
2025-03-12,C00094,0,2025-04-26T00:00:00Z
2025-03-13,C00094,0,2025-04-27T00:00:00Z
2025-03-14,C00094,1,2025-04-28T00:00:00Z
2025-03-15,C00094,0,2025-04-29T00:00:00Z
2025-03-16,C00094,0,2025-04-30T00:00:00Z
2025-03-17,C00094,0,2025-05-01T00:00:00Z
2025-03-18,C00094,0,2025-05-02T00:00:00Z
2025-03-19,C00094,0,2025-05-03T00:00:00Z
2025-03-20,C00094,0,2025-05-04T00:00:00Z
2025-03-21,C00094,0,2025-05-05T00:00:00Z
2025-03-22,C00094,0,2025-05-06T00:00:00Z
2025-03-23,C00094,0,2025-05-07T00:00:00Z
2025-03-24,C00094,0,2025-05-08T00:00:00Z
2025-03-25,C00094,0,2025-05-09T00:00:00Z
2025-03-26,C00094,0,2025-05-10T00:00:00Z
2025-03-27,C00094,0,2025-05-11T00:00:00Z
2025-03-28,C00094,0,2025-05-12T00:00:00Z
2025-03-29,C00094,0,2025-05-13T00:00:00Z
2025-03-30,C00094,0,2025-05-14T00:00:00Z
2025-03-31,C00094,0,2025-05-15T00:00:00Z
2025-04-01,C00094,0,2025-05-16T00:00:00Z
2025-04-02,C00094,0,2025-05-17T00:00:00Z
2025-04-03,C00094,0,2025-05-18T00:00:00Z
2025-04-04,C00094,0,2025-05-19T00:00:00Z
2025-04-05,C00094,0,2025-05-20T00:00:00Z
2025-04-06,C00094,0,2025-05-21T00:00:00Z
2025-04-07,C00094,0,2025-05-22T00:00:00Z
2025-04-08,C00094,0,2025-05-23T00:00:00Z
2025-04-09,C00094,0,2025-05-24T00:00:00Z
2025-04-10,C00094,0,2025-05-25T00:00:00Z
2025-04-11,C00094,0,2025-05-26T00:00:00Z
2025-04-12,C00094,0,2025-05-27T00:00:00Z
2025-04-13,C00094,0,2025-05-28T00:00:00Z
2025-04-14,C00094,0,2025-05-29T00:00:00Z
2025-03-01,C00095,0,2025-04-15T00:00:00Z
2025-03-02,C00095,0,2025-04-16T00:00:00Z
2025-03-03,C00095,0,2025-04-17T00:00:00Z
2025-03-04,C00095,0,2025-04-18T00:00:00Z
2025-03-05,C00095,0,2025-04-19T00:00:00Z
2025-03-06,C00095,0,2025-04-20T00:00:00Z
2025-03-07,C00095,0,2025-04-21T00:00:00Z
2025-03-08,C00095,0,2025-04-22T00:00:00Z
2025-03-09,C00095,0,2025-04-23T00:00:00Z
2025-03-10,C00095,0,2025-04-24T00:00:00Z
2025-03-11,C00095,0,2025-04-25T00:00:00Z
2025-03-12,C00095,0,2025-04-26T00:00:00Z
2025-03-13,C00095,0,2025-04-27T00:00:00Z
2025-03-14,C00095,0,2025-04-28T00:00:00Z
2025-03-15,C00095,0,2025-04-29T00:00:00Z
2025-03-16,C00095,0,2025-04-30T00:00:00Z
2025-03-17,C00095,0,2025-05-01T00:00:00Z
2025-03-18,C00095,0,2025-05-02T00:00:00Z
2025-03-19,C00095,0,2025-05-03T00:00:00Z
2025-03-20,C00095,0,2025-05-04T00:00:00Z
2025-03-21,C00095,0,2025-05-05T00:00:00Z
2025-03-22,C00095,0,2025-05-06T00:00:00Z
2025-03-23,C00095,0,2025-05-07T00:00:00Z
2025-03-24,C00095,0,2025-05-08T00:00:00Z
2025-03-25,C00095,1,2025-05-09T00:00:00Z
2025-03-26,C00095,0,2025-05-10T00:00:00Z
2025-03-27,C00095,0,2025-05-11T00:00:00Z
2025-03-28,C00095,0,2025-05-12T00:00:00Z
2025-03-29,C00095,0,2025-05-13T00:00:00Z
2025-03-30,C00095,0,2025-05-14T00:00:00Z
2025-03-31,C00095,0,2025-05-15T00:00:00Z
2025-04-01,C00095,0,2025-05-16T00:00:00Z
2025-04-02,C00095,0,2025-05-17T00:00:00Z
2025-04-03,C00095,0,2025-05-18T00:00:00Z
2025-04-04,C00095,0,2025-05-19T00:00:00Z
2025-04-05,C00095,0,2025-05-20T00:00:00Z
2025-04-06,C00095,0,2025-05-21T00:00:00Z
2025-04-07,C00095,0,2025-05-22T00:00:00Z
2025-04-08,C00095,0,2025-05-23T00:00:00Z
2025-04-09,C00095,0,2025-05-24T00:00:00Z
2025-04-10,C00095,0,2025-05-25T00:00:00Z
2025-04-11,C00095,0,2025-05-26T00:00:00Z
2025-04-12,C00095,0,2025-05-27T00:00:00Z
2025-04-13,C00095,0,2025-05-28T00:00:00Z
2025-04-14,C00095,0,2025-05-29T00:00:00Z
2025-03-01,C00096,0,2025-04-15T00:00:00Z
2025-03-02,C00096,0,2025-04-16T00:00:00Z
2025-03-03,C00096,0,2025-04-17T00:00:00Z
2025-03-04,C00096,0,2025-04-18T00:00:00Z
2025-03-05,C00096,0,2025-04-19T00:00:00Z
2025-03-06,C00096,0,2025-04-20T00:00:00Z
2025-03-07,C00096,0,2025-04-21T00:00:00Z
2025-03-08,C00096,0,2025-04-22T00:00:00Z
2025-03-09,C00096,0,2025-04-23T00:00:00Z
2025-03-10,C00096,0,2025-04-24T00:00:00Z
2025-03-11,C00096,0,2025-04-25T00:00:00Z
2025-03-12,C00096,0,2025-04-26T00:00:00Z
2025-03-13,C00096,0,2025-04-27T00:00:00Z
2025-03-14,C00096,0,2025-04-28T00:00:00Z
2025-03-15,C00096,0,2025-04-29T00:00:00Z
2025-03-16,C00096,1,2025-04-30T00:00:00Z
2025-03-17,C00096,0,2025-05-01T00:00:00Z
2025-03-18,C00096,0,2025-05-02T00:00:00Z
2025-03-19,C00096,0,2025-05-03T00:00:00Z
2025-03-20,C00096,0,2025-05-04T00:00:00Z
2025-03-21,C00096,0,2025-05-05T00:00:00Z
2025-03-22,C00096,0,2025-05-06T00:00:00Z
2025-03-23,C00096,0,2025-05-07T00:00:00Z
2025-03-24,C00096,0,2025-05-08T00:00:00Z
2025-03-25,C00096,0,2025-05-09T00:00:00Z
2025-03-26,C00096,0,2025-05-10T00:00:00Z
2025-03-27,C00096,0,2025-05-11T00:00:00Z
2025-03-28,C00096,0,2025-05-12T00:00:00Z
2025-03-29,C00096,0,2025-05-13T00:00:00Z
2025-03-30,C00096,0,2025-05-14T00:00:00Z
2025-03-31,C00096,0,2025-05-15T00:00:00Z
2025-04-01,C00096,0,2025-05-16T00:00:00Z
2025-04-02,C00096,0,2025-05-17T00:00:00Z
2025-04-03,C00096,0,2025-05-18T00:00:00Z
2025-04-04,C00096,0,2025-05-19T00:00:00Z
2025-04-05,C00096,0,2025-05-20T00:00:00Z
2025-04-06,C00096,0,2025-05-21T00:00:00Z
2025-04-07,C00096,1,2025-05-22T00:00:00Z
2025-04-08,C00096,0,2025-05-23T00:00:00Z
2025-04-09,C00096,0,2025-05-24T00:00:00Z
2025-04-10,C00096,0,2025-05-25T00:00:00Z
2025-04-11,C00096,0,2025-05-26T00:00:00Z
2025-04-12,C00096,0,2025-05-27T00:00:00Z
2025-04-13,C00096,0,2025-05-28T00:00:00Z
2025-04-14,C00096,0,2025-05-29T00:00:00Z
2025-03-01,C00097,0,2025-04-15T00:00:00Z
2025-03-02,C00097,0,2025-04-16T00:00:00Z
2025-03-03,C00097,0,2025-04-17T00:00:00Z
2025-03-04,C00097,0,2025-04-18T00:00:00Z
2025-03-05,C00097,0,2025-04-19T00:00:00Z
2025-03-06,C00097,0,2025-04-20T00:00:00Z
2025-03-07,C00097,0,2025-04-21T00:00:00Z
2025-03-08,C00097,0,2025-04-22T00:00:00Z
2025-03-09,C00097,0,2025-04-23T00:00:00Z
2025-03-10,C00097,0,2025-04-24T00:00:00Z
2025-03-11,C00097,0,2025-04-25T00:00:00Z
2025-03-12,C00097,0,2025-04-26T00:00:00Z
2025-03-13,C00097,0,2025-04-27T00:00:00Z
2025-03-14,C00097,0,2025-04-28T00:00:00Z
2025-03-15,C00097,0,2025-04-29T00:00:00Z
2025-03-16,C00097,0,2025-04-30T00:00:00Z
2025-03-17,C00097,0,2025-05-01T00:00:00Z
2025-03-18,C00097,0,2025-05-02T00:00:00Z
2025-03-19,C00097,0,2025-05-03T00:00:00Z
2025-03-20,C00097,0,2025-05-04T00:00:00Z
2025-03-21,C00097,0,2025-05-05T00:00:00Z
2025-03-22,C00097,0,2025-05-06T00:00:00Z
2025-03-23,C00097,0,2025-05-07T00:00:00Z
2025-03-24,C00097,0,2025-05-08T00:00:00Z
2025-03-25,C00097,0,2025-05-09T00:00:00Z
2025-03-26,C00097,0,2025-05-10T00:00:00Z
2025-03-27,C00097,1,2025-05-11T00:00:00Z
2025-03-28,C00097,0,2025-05-12T00:00:00Z
2025-03-29,C00097,0,2025-05-13T00:00:00Z
2025-03-30,C00097,0,2025-05-14T00:00:00Z
2025-03-31,C00097,0,2025-05-15T00:00:00Z
2025-04-01,C00097,0,2025-05-16T00:00:00Z
2025-04-02,C00097,0,2025-05-17T00:00:00Z
2025-04-03,C00097,0,2025-05-18T00:00:00Z
2025-04-04,C00097,1,2025-05-19T00:00:00Z
2025-04-05,C00097,0,2025-05-20T00:00:00Z
2025-04-06,C00097,1,2025-05-21T00:00:00Z
2025-04-07,C00097,0,2025-05-22T00:00:00Z
2025-04-08,C00097,0,2025-05-23T00:00:00Z
2025-04-09,C00097,0,2025-05-24T00:00:00Z
2025-04-10,C00097,0,2025-05-25T00:00:00Z
2025-04-11,C00097,0,2025-05-26T00:00:00Z
2025-04-12,C00097,0,2025-05-27T00:00:00Z
2025-04-13,C00097,0,2025-05-28T00:00:00Z
2025-04-14,C00097,0,2025-05-29T00:00:00Z
2025-03-01,C00098,0,2025-04-15T00:00:00Z
2025-03-02,C00098,0,2025-04-16T00:00:00Z
2025-03-03,C00098,0,2025-04-17T00:00:00Z
2025-03-04,C00098,0,2025-04-18T00:00:00Z
2025-03-05,C00098,0,2025-04-19T00:00:00Z
2025-03-06,C00098,0,2025-04-20T00:00:00Z
2025-03-07,C00098,0,2025-04-21T00:00:00Z
2025-03-08,C00098,0,2025-04-22T00:00:00Z
2025-03-09,C00098,0,2025-04-23T00:00:00Z
2025-03-10,C00098,0,2025-04-24T00:00:00Z
2025-03-11,C00098,0,2025-04-25T00:00:00Z
2025-03-12,C00098,0,2025-04-26T00:00:00Z
2025-03-13,C00098,0,2025-04-27T00:00:00Z
2025-03-14,C00098,0,2025-04-28T00:00:00Z
2025-03-15,C00098,0,2025-04-29T00:00:00Z
2025-03-16,C00098,0,2025-04-30T00:00:00Z
2025-03-17,C00098,0,2025-05-01T00:00:00Z
2025-03-18,C00098,0,2025-05-02T00:00:00Z
2025-03-19,C00098,0,2025-05-03T00:00:00Z
2025-03-20,C00098,0,2025-05-04T00:00:00Z
2025-03-21,C00098,1,2025-05-05T00:00:00Z
2025-03-22,C00098,0,2025-05-06T00:00:00Z
2025-03-23,C00098,0,2025-05-07T00:00:00Z
2025-03-24,C00098,0,2025-05-08T00:00:00Z
2025-03-25,C00098,0,2025-05-09T00:00:00Z
2025-03-26,C00098,0,2025-05-10T00:00:00Z
2025-03-27,C00098,0,2025-05-11T00:00:00Z
2025-03-28,C00098,0,2025-05-12T00:00:00Z
2025-03-29,C00098,0,2025-05-13T00:00:00Z
2025-03-30,C00098,0,2025-05-14T00:00:00Z
2025-03-31,C00098,0,2025-05-15T00:00:00Z
2025-04-01,C00098,0,2025-05-16T00:00:00Z
2025-04-02,C00098,0,2025-05-17T00:00:00Z
2025-04-03,C00098,0,2025-05-18T00:00:00Z
2025-04-04,C00098,0,2025-05-19T00:00:00Z
2025-04-05,C00098,0,2025-05-20T00:00:00Z
2025-04-06,C00098,0,2025-05-21T00:00:00Z
2025-04-07,C00098,0,2025-05-22T00:00:00Z
2025-04-08,C00098,0,2025-05-23T00:00:00Z
2025-04-09,C00098,0,2025-05-24T00:00:00Z
2025-04-10,C00098,0,2025-05-25T00:00:00Z
2025-04-11,C00098,0,2025-05-26T00:00:00Z
2025-04-12,C00098,0,2025-05-27T00:00:00Z
2025-04-13,C00098,0,2025-05-28T00:00:00Z
2025-04-14,C00098,0,2025-05-29T00:00:00Z
2025-03-01,C00099,0,2025-04-15T00:00:00Z
2025-03-02,C00099,0,2025-04-16T00:00:00Z
2025-03-03,C00099,0,2025-04-17T00:00:00Z
2025-03-04,C00099,0,2025-04-18T00:00:00Z
2025-03-05,C00099,0,2025-04-19T00:00:00Z
2025-03-06,C00099,0,2025-04-20T00:00:00Z
2025-03-07,C00099,0,2025-04-21T00:00:00Z
2025-03-08,C00099,0,2025-04-22T00:00:00Z
2025-03-09,C00099,0,2025-04-23T00:00:00Z
2025-03-10,C00099,0,2025-04-24T00:00:00Z
2025-03-11,C00099,0,2025-04-25T00:00:00Z
2025-03-12,C00099,0,2025-04-26T00:00:00Z
2025-03-13,C00099,0,2025-04-27T00:00:00Z
2025-03-14,C00099,0,2025-04-28T00:00:00Z
2025-03-15,C00099,0,2025-04-29T00:00:00Z
2025-03-16,C00099,0,2025-04-30T00:00:00Z
2025-03-17,C00099,0,2025-05-01T00:00:00Z
2025-03-18,C00099,0,2025-05-02T00:00:00Z
2025-03-19,C00099,0,2025-05-03T00:00:00Z
2025-03-20,C00099,0,2025-05-04T00:00:00Z
2025-03-21,C00099,0,2025-05-05T00:00:00Z
2025-03-22,C00099,0,2025-05-06T00:00:00Z
2025-03-23,C00099,0,2025-05-07T00:00:00Z
2025-03-24,C00099,0,2025-05-08T00:00:00Z
2025-03-25,C00099,0,2025-05-09T00:00:00Z
2025-03-26,C00099,0,2025-05-10T00:00:00Z
2025-03-27,C00099,1,2025-05-11T00:00:00Z
2025-03-28,C00099,0,2025-05-12T00:00:00Z
2025-03-29,C00099,0,2025-05-13T00:00:00Z
2025-03-30,C00099,1,2025-05-14T00:00:00Z
2025-03-31,C00099,0,2025-05-15T00:00:00Z
2025-04-01,C00099,0,2025-05-16T00:00:00Z
2025-04-02,C00099,0,2025-05-17T00:00:00Z
2025-04-03,C00099,0,2025-05-18T00:00:00Z
2025-04-04,C00099,0,2025-05-19T00:00:00Z
2025-04-05,C00099,0,2025-05-20T00:00:00Z
2025-04-06,C00099,0,2025-05-21T00:00:00Z
2025-04-07,C00099,0,2025-05-22T00:00:00Z
2025-04-08,C00099,0,2025-05-23T00:00:00Z
2025-04-09,C00099,0,2025-05-24T00:00:00Z
2025-04-10,C00099,0,2025-05-25T00:00:00Z
2025-04-11,C00099,0,2025-05-26T00:00:00Z
2025-04-12,C00099,0,2025-05-27T00:00:00Z
2025-04-13,C00099,0,2025-05-28T00:00:00Z
2025-04-14,C00099,0,2025-05-29T00:00:00Z
2025-03-01,C00100,0,2025-04-15T00:00:00Z
2025-03-02,C00100,0,2025-04-16T00:00:00Z
2025-03-03,C00100,0,2025-04-17T00:00:00Z
2025-03-04,C00100,0,2025-04-18T00:00:00Z
2025-03-05,C00100,0,2025-04-19T00:00:00Z
2025-03-06,C00100,0,2025-04-20T00:00:00Z
2025-03-07,C00100,0,2025-04-21T00:00:00Z
2025-03-08,C00100,0,2025-04-22T00:00:00Z
2025-03-09,C00100,0,2025-04-23T00:00:00Z
2025-03-10,C00100,0,2025-04-24T00:00:00Z
2025-03-11,C00100,0,2025-04-25T00:00:00Z
2025-03-12,C00100,0,2025-04-26T00:00:00Z
2025-03-13,C00100,0,2025-04-27T00:00:00Z
2025-03-14,C00100,0,2025-04-28T00:00:00Z
2025-03-15,C00100,0,2025-04-29T00:00:00Z
2025-03-16,C00100,0,2025-04-30T00:00:00Z
2025-03-17,C00100,0,2025-05-01T00:00:00Z
2025-03-18,C00100,0,2025-05-02T00:00:00Z
2025-03-19,C00100,0,2025-05-03T00:00:00Z
2025-03-20,C00100,0,2025-05-04T00:00:00Z
2025-03-21,C00100,0,2025-05-05T00:00:00Z
2025-03-22,C00100,0,2025-05-06T00:00:00Z
2025-03-23,C00100,0,2025-05-07T00:00:00Z
2025-03-24,C00100,0,2025-05-08T00:00:00Z
2025-03-25,C00100,0,2025-05-09T00:00:00Z
2025-03-26,C00100,0,2025-05-10T00:00:00Z
2025-03-27,C00100,0,2025-05-11T00:00:00Z
2025-03-28,C00100,0,2025-05-12T00:00:00Z
2025-03-29,C00100,0,2025-05-13T00:00:00Z
2025-03-30,C00100,0,2025-05-14T00:00:00Z
2025-03-31,C00100,1,2025-05-15T00:00:00Z
2025-04-01,C00100,0,2025-05-16T00:00:00Z
2025-04-02,C00100,0,2025-05-17T00:00:00Z
2025-04-03,C00100,0,2025-05-18T00:00:00Z
2025-04-04,C00100,0,2025-05-19T00:00:00Z
2025-04-05,C00100,0,2025-05-20T00:00:00Z
2025-04-06,C00100,0,2025-05-21T00:00:00Z
2025-04-07,C00100,0,2025-05-22T00:00:00Z
2025-04-08,C00100,0,2025-05-23T00:00:00Z
2025-04-09,C00100,0,2025-05-24T00:00:00Z
2025-04-10,C00100,0,2025-05-25T00:00:00Z
2025-04-11,C00100,0,2025-05-26T00:00:00Z
2025-04-12,C00100,0,2025-05-27T00:00:00Z
2025-04-13,C00100,0,2025-05-28T00:00:00Z
2025-04-14,C00100,0,2025-05-29T00:00:00Z
2025-03-01,C00101,0,2025-04-15T00:00:00Z
2025-03-02,C00101,0,2025-04-16T00:00:00Z
2025-03-03,C00101,0,2025-04-17T00:00:00Z
2025-03-04,C00101,0,2025-04-18T00:00:00Z
2025-03-05,C00101,0,2025-04-19T00:00:00Z
2025-03-06,C00101,0,2025-04-20T00:00:00Z
2025-03-07,C00101,0,2025-04-21T00:00:00Z
2025-03-08,C00101,0,2025-04-22T00:00:00Z
2025-03-09,C00101,0,2025-04-23T00:00:00Z
2025-03-10,C00101,0,2025-04-24T00:00:00Z
2025-03-11,C00101,0,2025-04-25T00:00:00Z
2025-03-12,C00101,0,2025-04-26T00:00:00Z
2025-03-13,C00101,0,2025-04-27T00:00:00Z
2025-03-14,C00101,0,2025-04-28T00:00:00Z
2025-03-15,C00101,0,2025-04-29T00:00:00Z
2025-03-16,C00101,0,2025-04-30T00:00:00Z
2025-03-17,C00101,0,2025-05-01T00:00:00Z
2025-03-18,C00101,0,2025-05-02T00:00:00Z
2025-03-19,C00101,0,2025-05-03T00:00:00Z
2025-03-20,C00101,0,2025-05-04T00:00:00Z
2025-03-21,C00101,0,2025-05-05T00:00:00Z
2025-03-22,C00101,0,2025-05-06T00:00:00Z
2025-03-23,C00101,0,2025-05-07T00:00:00Z
2025-03-24,C00101,0,2025-05-08T00:00:00Z
2025-03-25,C00101,0,2025-05-09T00:00:00Z
2025-03-26,C00101,0,2025-05-10T00:00:00Z
2025-03-27,C00101,0,2025-05-11T00:00:00Z
2025-03-28,C00101,0,2025-05-12T00:00:00Z
2025-03-29,C00101,0,2025-05-13T00:00:00Z
2025-03-30,C00101,0,2025-05-14T00:00:00Z
2025-03-31,C00101,0,2025-05-15T00:00:00Z
2025-04-01,C00101,0,2025-05-16T00:00:00Z
2025-04-02,C00101,0,2025-05-17T00:00:00Z
2025-04-03,C00101,0,2025-05-18T00:00:00Z
2025-04-04,C00101,0,2025-05-19T00:00:00Z
2025-04-05,C00101,0,2025-05-20T00:00:00Z
2025-04-06,C00101,0,2025-05-21T00:00:00Z
2025-04-07,C00101,0,2025-05-22T00:00:00Z
2025-04-08,C00101,0,2025-05-23T00:00:00Z
2025-04-09,C00101,0,2025-05-24T00:00:00Z
2025-04-10,C00101,0,2025-05-25T00:00:00Z
2025-04-11,C00101,0,2025-05-26T00:00:00Z
2025-04-12,C00101,0,2025-05-27T00:00:00Z
2025-04-13,C00101,0,2025-05-28T00:00:00Z
2025-04-14,C00101,0,2025-05-29T00:00:00Z
2025-03-01,C00102,0,2025-04-15T00:00:00Z
2025-03-02,C00102,0,2025-04-16T00:00:00Z
2025-03-03,C00102,0,2025-04-17T00:00:00Z
2025-03-04,C00102,1,2025-04-18T00:00:00Z
2025-03-05,C00102,0,2025-04-19T00:00:00Z
2025-03-06,C00102,1,2025-04-20T00:00:00Z
2025-03-07,C00102,1,2025-04-21T00:00:00Z
2025-03-08,C00102,0,2025-04-22T00:00:00Z
2025-03-09,C00102,0,2025-04-23T00:00:00Z
2025-03-10,C00102,0,2025-04-24T00:00:00Z
2025-03-11,C00102,0,2025-04-25T00:00:00Z
2025-03-12,C00102,0,2025-04-26T00:00:00Z
2025-03-13,C00102,0,2025-04-27T00:00:00Z
2025-03-14,C00102,0,2025-04-28T00:00:00Z
2025-03-15,C00102,0,2025-04-29T00:00:00Z
2025-03-16,C00102,0,2025-04-30T00:00:00Z
2025-03-17,C00102,0,2025-05-01T00:00:00Z
2025-03-18,C00102,0,2025-05-02T00:00:00Z
2025-03-19,C00102,0,2025-05-03T00:00:00Z
2025-03-20,C00102,1,2025-05-04T00:00:00Z
2025-03-21,C00102,0,2025-05-05T00:00:00Z
2025-03-22,C00102,0,2025-05-06T00:00:00Z
2025-03-23,C00102,1,2025-05-07T00:00:00Z
2025-03-24,C00102,0,2025-05-08T00:00:00Z
2025-03-25,C00102,0,2025-05-09T00:00:00Z
2025-03-26,C00102,0,2025-05-10T00:00:00Z
2025-03-27,C00102,0,2025-05-11T00:00:00Z
2025-03-28,C00102,0,2025-05-12T00:00:00Z
2025-03-29,C00102,0,2025-05-13T00:00:00Z
2025-03-30,C00102,0,2025-05-14T00:00:00Z
2025-03-31,C00102,0,2025-05-15T00:00:00Z
2025-04-01,C00102,0,2025-05-16T00:00:00Z
2025-04-02,C00102,0,2025-05-17T00:00:00Z
2025-04-03,C00102,0,2025-05-18T00:00:00Z
2025-04-04,C00102,0,2025-05-19T00:00:00Z
2025-04-05,C00102,0,2025-05-20T00:00:00Z
2025-04-06,C00102,0,2025-05-21T00:00:00Z
2025-04-07,C00102,0,2025-05-22T00:00:00Z
2025-04-08,C00102,0,2025-05-23T00:00:00Z
2025-04-09,C00102,0,2025-05-24T00:00:00Z
2025-04-10,C00102,0,2025-05-25T00:00:00Z
2025-04-11,C00102,0,2025-05-26T00:00:00Z
2025-04-12,C00102,0,2025-05-27T00:00:00Z
2025-04-13,C00102,0,2025-05-28T00:00:00Z
2025-04-14,C00102,0,2025-05-29T00:00:00Z
2025-03-01,C00103,0,2025-04-15T00:00:00Z
2025-03-02,C00103,0,2025-04-16T00:00:00Z
2025-03-03,C00103,0,2025-04-17T00:00:00Z
2025-03-04,C00103,1,2025-04-18T00:00:00Z
2025-03-05,C00103,0,2025-04-19T00:00:00Z
2025-03-06,C00103,0,2025-04-20T00:00:00Z
2025-03-07,C00103,0,2025-04-21T00:00:00Z
2025-03-08,C00103,0,2025-04-22T00:00:00Z
2025-03-09,C00103,0,2025-04-23T00:00:00Z
2025-03-10,C00103,0,2025-04-24T00:00:00Z
2025-03-11,C00103,0,2025-04-25T00:00:00Z
2025-03-12,C00103,0,2025-04-26T00:00:00Z
2025-03-13,C00103,0,2025-04-27T00:00:00Z
2025-03-14,C00103,0,2025-04-28T00:00:00Z
2025-03-15,C00103,0,2025-04-29T00:00:00Z
2025-03-16,C00103,0,2025-04-30T00:00:00Z
2025-03-17,C00103,0,2025-05-01T00:00:00Z
2025-03-18,C00103,0,2025-05-02T00:00:00Z
2025-03-19,C00103,0,2025-05-03T00:00:00Z
2025-03-20,C00103,0,2025-05-04T00:00:00Z
2025-03-21,C00103,0,2025-05-05T00:00:00Z
2025-03-22,C00103,0,2025-05-06T00:00:00Z
2025-03-23,C00103,0,2025-05-07T00:00:00Z
2025-03-24,C00103,0,2025-05-08T00:00:00Z
2025-03-25,C00103,1,2025-05-09T00:00:00Z
2025-03-26,C00103,0,2025-05-10T00:00:00Z
2025-03-27,C00103,0,2025-05-11T00:00:00Z
2025-03-28,C00103,0,2025-05-12T00:00:00Z
2025-03-29,C00103,0,2025-05-13T00:00:00Z
2025-03-30,C00103,0,2025-05-14T00:00:00Z
2025-03-31,C00103,0,2025-05-15T00:00:00Z
2025-04-01,C00103,0,2025-05-16T00:00:00Z
2025-04-02,C00103,0,2025-05-17T00:00:00Z
2025-04-03,C00103,0,2025-05-18T00:00:00Z
2025-04-04,C00103,0,2025-05-19T00:00:00Z
2025-04-05,C00103,0,2025-05-20T00:00:00Z
2025-04-06,C00103,0,2025-05-21T00:00:00Z
2025-04-07,C00103,0,2025-05-22T00:00:00Z
2025-04-08,C00103,0,2025-05-23T00:00:00Z
2025-04-09,C00103,0,2025-05-24T00:00:00Z
2025-04-10,C00103,0,2025-05-25T00:00:00Z
2025-04-11,C00103,0,2025-05-26T00:00:00Z
2025-04-12,C00103,0,2025-05-27T00:00:00Z
2025-04-13,C00103,0,2025-05-28T00:00:00Z
2025-04-14,C00103,0,2025-05-29T00:00:00Z
2025-03-01,C00104,0,2025-04-15T00:00:00Z
2025-03-02,C00104,0,2025-04-16T00:00:00Z
2025-03-03,C00104,0,2025-04-17T00:00:00Z
2025-03-04,C00104,0,2025-04-18T00:00:00Z
2025-03-05,C00104,0,2025-04-19T00:00:00Z
2025-03-06,C00104,0,2025-04-20T00:00:00Z
2025-03-07,C00104,0,2025-04-21T00:00:00Z
2025-03-08,C00104,0,2025-04-22T00:00:00Z
2025-03-09,C00104,0,2025-04-23T00:00:00Z
2025-03-10,C00104,0,2025-04-24T00:00:00Z
2025-03-11,C00104,0,2025-04-25T00:00:00Z
2025-03-12,C00104,0,2025-04-26T00:00:00Z
2025-03-13,C00104,0,2025-04-27T00:00:00Z
2025-03-14,C00104,0,2025-04-28T00:00:00Z
2025-03-15,C00104,0,2025-04-29T00:00:00Z
2025-03-16,C00104,0,2025-04-30T00:00:00Z
2025-03-17,C00104,0,2025-05-01T00:00:00Z
2025-03-18,C00104,0,2025-05-02T00:00:00Z
2025-03-19,C00104,0,2025-05-03T00:00:00Z
2025-03-20,C00104,0,2025-05-04T00:00:00Z
2025-03-21,C00104,0,2025-05-05T00:00:00Z
2025-03-22,C00104,0,2025-05-06T00:00:00Z
2025-03-23,C00104,0,2025-05-07T00:00:00Z
2025-03-24,C00104,0,2025-05-08T00:00:00Z
2025-03-25,C00104,0,2025-05-09T00:00:00Z
2025-03-26,C00104,0,2025-05-10T00:00:00Z
2025-03-27,C00104,0,2025-05-11T00:00:00Z
2025-03-28,C00104,0,2025-05-12T00:00:00Z
2025-03-29,C00104,0,2025-05-13T00:00:00Z
2025-03-30,C00104,0,2025-05-14T00:00:00Z
2025-03-31,C00104,0,2025-05-15T00:00:00Z
2025-04-01,C00104,0,2025-05-16T00:00:00Z
2025-04-02,C00104,0,2025-05-17T00:00:00Z
2025-04-03,C00104,0,2025-05-18T00:00:00Z
2025-04-04,C00104,0,2025-05-19T00:00:00Z
2025-04-05,C00104,0,2025-05-20T00:00:00Z
2025-04-06,C00104,0,2025-05-21T00:00:00Z
2025-04-07,C00104,0,2025-05-22T00:00:00Z
2025-04-08,C00104,0,2025-05-23T00:00:00Z
2025-04-09,C00104,0,2025-05-24T00:00:00Z
2025-04-10,C00104,0,2025-05-25T00:00:00Z
2025-04-11,C00104,0,2025-05-26T00:00:00Z
2025-04-12,C00104,0,2025-05-27T00:00:00Z
2025-04-13,C00104,0,2025-05-28T00:00:00Z
2025-04-14,C00104,0,2025-05-29T00:00:00Z
2025-03-01,C00105,0,2025-04-15T00:00:00Z
2025-03-02,C00105,0,2025-04-16T00:00:00Z
2025-03-03,C00105,0,2025-04-17T00:00:00Z
2025-03-04,C00105,0,2025-04-18T00:00:00Z
2025-03-05,C00105,0,2025-04-19T00:00:00Z
2025-03-06,C00105,0,2025-04-20T00:00:00Z
2025-03-07,C00105,0,2025-04-21T00:00:00Z
2025-03-08,C00105,0,2025-04-22T00:00:00Z
2025-03-09,C00105,0,2025-04-23T00:00:00Z
2025-03-10,C00105,0,2025-04-24T00:00:00Z
2025-03-11,C00105,0,2025-04-25T00:00:00Z
2025-03-12,C00105,0,2025-04-26T00:00:00Z
2025-03-13,C00105,0,2025-04-27T00:00:00Z
2025-03-14,C00105,0,2025-04-28T00:00:00Z
2025-03-15,C00105,0,2025-04-29T00:00:00Z
2025-03-16,C00105,0,2025-04-30T00:00:00Z
2025-03-17,C00105,0,2025-05-01T00:00:00Z
2025-03-18,C00105,0,2025-05-02T00:00:00Z
2025-03-19,C00105,0,2025-05-03T00:00:00Z
2025-03-20,C00105,0,2025-05-04T00:00:00Z
2025-03-21,C00105,0,2025-05-05T00:00:00Z
2025-03-22,C00105,0,2025-05-06T00:00:00Z
2025-03-23,C00105,0,2025-05-07T00:00:00Z
2025-03-24,C00105,0,2025-05-08T00:00:00Z
2025-03-25,C00105,0,2025-05-09T00:00:00Z
2025-03-26,C00105,0,2025-05-10T00:00:00Z
2025-03-27,C00105,0,2025-05-11T00:00:00Z
2025-03-28,C00105,0,2025-05-12T00:00:00Z
2025-03-29,C00105,0,2025-05-13T00:00:00Z
2025-03-30,C00105,0,2025-05-14T00:00:00Z
2025-03-31,C00105,0,2025-05-15T00:00:00Z
2025-04-01,C00105,0,2025-05-16T00:00:00Z
2025-04-02,C00105,0,2025-05-17T00:00:00Z
2025-04-03,C00105,0,2025-05-18T00:00:00Z
2025-04-04,C00105,0,2025-05-19T00:00:00Z
2025-04-05,C00105,0,2025-05-20T00:00:00Z
2025-04-06,C00105,0,2025-05-21T00:00:00Z
2025-04-07,C00105,0,2025-05-22T00:00:00Z
2025-04-08,C00105,0,2025-05-23T00:00:00Z
2025-04-09,C00105,0,2025-05-24T00:00:00Z
2025-04-10,C00105,0,2025-05-25T00:00:00Z
2025-04-11,C00105,0,2025-05-26T00:00:00Z
2025-04-12,C00105,0,2025-05-27T00:00:00Z
2025-04-13,C00105,0,2025-05-28T00:00:00Z
2025-04-14,C00105,0,2025-05-29T00:00:00Z
2025-03-01,C00106,0,2025-04-15T00:00:00Z
2025-03-02,C00106,0,2025-04-16T00:00:00Z
2025-03-03,C00106,0,2025-04-17T00:00:00Z
2025-03-04,C00106,1,2025-04-18T00:00:00Z
2025-03-05,C00106,0,2025-04-19T00:00:00Z
2025-03-06,C00106,0,2025-04-20T00:00:00Z
2025-03-07,C00106,0,2025-04-21T00:00:00Z
2025-03-08,C00106,0,2025-04-22T00:00:00Z
2025-03-09,C00106,0,2025-04-23T00:00:00Z
2025-03-10,C00106,0,2025-04-24T00:00:00Z
2025-03-11,C00106,1,2025-04-25T00:00:00Z
2025-03-12,C00106,0,2025-04-26T00:00:00Z
2025-03-13,C00106,0,2025-04-27T00:00:00Z
2025-03-14,C00106,0,2025-04-28T00:00:00Z
2025-03-15,C00106,1,2025-04-29T00:00:00Z
2025-03-16,C00106,0,2025-04-30T00:00:00Z
2025-03-17,C00106,1,2025-05-01T00:00:00Z
2025-03-18,C00106,0,2025-05-02T00:00:00Z
2025-03-19,C00106,0,2025-05-03T00:00:00Z
2025-03-20,C00106,0,2025-05-04T00:00:00Z
2025-03-21,C00106,0,2025-05-05T00:00:00Z
2025-03-22,C00106,0,2025-05-06T00:00:00Z
2025-03-23,C00106,0,2025-05-07T00:00:00Z
2025-03-24,C00106,0,2025-05-08T00:00:00Z
2025-03-25,C00106,0,2025-05-09T00:00:00Z
2025-03-26,C00106,0,2025-05-10T00:00:00Z
2025-03-27,C00106,0,2025-05-11T00:00:00Z
2025-03-28,C00106,0,2025-05-12T00:00:00Z
2025-03-29,C00106,0,2025-05-13T00:00:00Z
2025-03-30,C00106,0,2025-05-14T00:00:00Z
2025-03-31,C00106,0,2025-05-15T00:00:00Z
2025-04-01,C00106,0,2025-05-16T00:00:00Z
2025-04-02,C00106,0,2025-05-17T00:00:00Z
2025-04-03,C00106,0,2025-05-18T00:00:00Z
2025-04-04,C00106,0,2025-05-19T00:00:00Z
2025-04-05,C00106,0,2025-05-20T00:00:00Z
2025-04-06,C00106,0,2025-05-21T00:00:00Z
2025-04-07,C00106,0,2025-05-22T00:00:00Z
2025-04-08,C00106,0,2025-05-23T00:00:00Z
2025-04-09,C00106,0,2025-05-24T00:00:00Z
2025-04-10,C00106,0,2025-05-25T00:00:00Z
2025-04-11,C00106,0,2025-05-26T00:00:00Z
2025-04-12,C00106,0,2025-05-27T00:00:00Z
2025-04-13,C00106,0,2025-05-28T00:00:00Z
2025-04-14,C00106,0,2025-05-29T00:00:00Z
2025-03-01,C00107,0,2025-04-15T00:00:00Z
2025-03-02,C00107,0,2025-04-16T00:00:00Z
2025-03-03,C00107,0,2025-04-17T00:00:00Z
2025-03-04,C00107,0,2025-04-18T00:00:00Z
2025-03-05,C00107,0,2025-04-19T00:00:00Z
2025-03-06,C00107,0,2025-04-20T00:00:00Z
2025-03-07,C00107,0,2025-04-21T00:00:00Z
2025-03-08,C00107,0,2025-04-22T00:00:00Z
2025-03-09,C00107,0,2025-04-23T00:00:00Z
2025-03-10,C00107,0,2025-04-24T00:00:00Z
2025-03-11,C00107,0,2025-04-25T00:00:00Z
2025-03-12,C00107,0,2025-04-26T00:00:00Z
2025-03-13,C00107,0,2025-04-27T00:00:00Z
2025-03-14,C00107,0,2025-04-28T00:00:00Z
2025-03-15,C00107,1,2025-04-29T00:00:00Z
2025-03-16,C00107,0,2025-04-30T00:00:00Z
2025-03-17,C00107,0,2025-05-01T00:00:00Z
2025-03-18,C00107,0,2025-05-02T00:00:00Z
2025-03-19,C00107,0,2025-05-03T00:00:00Z
2025-03-20,C00107,0,2025-05-04T00:00:00Z
2025-03-21,C00107,0,2025-05-05T00:00:00Z
2025-03-22,C00107,0,2025-05-06T00:00:00Z
2025-03-23,C00107,0,2025-05-07T00:00:00Z
2025-03-24,C00107,0,2025-05-08T00:00:00Z
2025-03-25,C00107,0,2025-05-09T00:00:00Z
2025-03-26,C00107,0,2025-05-10T00:00:00Z
2025-03-27,C00107,0,2025-05-11T00:00:00Z
2025-03-28,C00107,0,2025-05-12T00:00:00Z
2025-03-29,C00107,0,2025-05-13T00:00:00Z
2025-03-30,C00107,0,2025-05-14T00:00:00Z
2025-03-31,C00107,0,2025-05-15T00:00:00Z
2025-04-01,C00107,0,2025-05-16T00:00:00Z
2025-04-02,C00107,0,2025-05-17T00:00:00Z
2025-04-03,C00107,0,2025-05-18T00:00:00Z
2025-04-04,C00107,0,2025-05-19T00:00:00Z
2025-04-05,C00107,0,2025-05-20T00:00:00Z
2025-04-06,C00107,0,2025-05-21T00:00:00Z
2025-04-07,C00107,0,2025-05-22T00:00:00Z
2025-04-08,C00107,0,2025-05-23T00:00:00Z
2025-04-09,C00107,0,2025-05-24T00:00:00Z
2025-04-10,C00107,0,2025-05-25T00:00:00Z
2025-04-11,C00107,0,2025-05-26T00:00:00Z
2025-04-12,C00107,1,2025-05-27T00:00:00Z
2025-04-13,C00107,0,2025-05-28T00:00:00Z
2025-04-14,C00107,0,2025-05-29T00:00:00Z
2025-03-01,C00108,0,2025-04-15T00:00:00Z
2025-03-02,C00108,0,2025-04-16T00:00:00Z
2025-03-03,C00108,0,2025-04-17T00:00:00Z
2025-03-04,C00108,0,2025-04-18T00:00:00Z
2025-03-05,C00108,1,2025-04-19T00:00:00Z
2025-03-06,C00108,0,2025-04-20T00:00:00Z
2025-03-07,C00108,1,2025-04-21T00:00:00Z
2025-03-08,C00108,0,2025-04-22T00:00:00Z
2025-03-09,C00108,0,2025-04-23T00:00:00Z
2025-03-10,C00108,0,2025-04-24T00:00:00Z
2025-03-11,C00108,0,2025-04-25T00:00:00Z
2025-03-12,C00108,0,2025-04-26T00:00:00Z
2025-03-13,C00108,0,2025-04-27T00:00:00Z
2025-03-14,C00108,0,2025-04-28T00:00:00Z
2025-03-15,C00108,0,2025-04-29T00:00:00Z
2025-03-16,C00108,0,2025-04-30T00:00:00Z
2025-03-17,C00108,0,2025-05-01T00:00:00Z
2025-03-18,C00108,1,2025-05-02T00:00:00Z
2025-03-19,C00108,0,2025-05-03T00:00:00Z
2025-03-20,C00108,0,2025-05-04T00:00:00Z
2025-03-21,C00108,0,2025-05-05T00:00:00Z
2025-03-22,C00108,1,2025-05-06T00:00:00Z
2025-03-23,C00108,0,2025-05-07T00:00:00Z
2025-03-24,C00108,0,2025-05-08T00:00:00Z
2025-03-25,C00108,0,2025-05-09T00:00:00Z
2025-03-26,C00108,0,2025-05-10T00:00:00Z
2025-03-27,C00108,0,2025-05-11T00:00:00Z
2025-03-28,C00108,1,2025-05-12T00:00:00Z
2025-03-29,C00108,0,2025-05-13T00:00:00Z
2025-03-30,C00108,0,2025-05-14T00:00:00Z
2025-03-31,C00108,0,2025-05-15T00:00:00Z
2025-04-01,C00108,0,2025-05-16T00:00:00Z
2025-04-02,C00108,0,2025-05-17T00:00:00Z
2025-04-03,C00108,0,2025-05-18T00:00:00Z
2025-04-04,C00108,0,2025-05-19T00:00:00Z
2025-04-05,C00108,0,2025-05-20T00:00:00Z
2025-04-06,C00108,0,2025-05-21T00:00:00Z
2025-04-07,C00108,0,2025-05-22T00:00:00Z
2025-04-08,C00108,0,2025-05-23T00:00:00Z
2025-04-09,C00108,0,2025-05-24T00:00:00Z
2025-04-10,C00108,0,2025-05-25T00:00:00Z
2025-04-11,C00108,0,2025-05-26T00:00:00Z
2025-04-12,C00108,0,2025-05-27T00:00:00Z
2025-04-13,C00108,0,2025-05-28T00:00:00Z
2025-04-14,C00108,0,2025-05-29T00:00:00Z
2025-03-01,C00109,0,2025-04-15T00:00:00Z
2025-03-02,C00109,0,2025-04-16T00:00:00Z
2025-03-03,C00109,0,2025-04-17T00:00:00Z
2025-03-04,C00109,0,2025-04-18T00:00:00Z
2025-03-05,C00109,0,2025-04-19T00:00:00Z
2025-03-06,C00109,0,2025-04-20T00:00:00Z
2025-03-07,C00109,0,2025-04-21T00:00:00Z
2025-03-08,C00109,1,2025-04-22T00:00:00Z
2025-03-09,C00109,0,2025-04-23T00:00:00Z
2025-03-10,C00109,0,2025-04-24T00:00:00Z
2025-03-11,C00109,0,2025-04-25T00:00:00Z
2025-03-12,C00109,0,2025-04-26T00:00:00Z
2025-03-13,C00109,0,2025-04-27T00:00:00Z
2025-03-14,C00109,0,2025-04-28T00:00:00Z
2025-03-15,C00109,0,2025-04-29T00:00:00Z
2025-03-16,C00109,0,2025-04-30T00:00:00Z
2025-03-17,C00109,0,2025-05-01T00:00:00Z
2025-03-18,C00109,1,2025-05-02T00:00:00Z
2025-03-19,C00109,0,2025-05-03T00:00:00Z
2025-03-20,C00109,0,2025-05-04T00:00:00Z
2025-03-21,C00109,0,2025-05-05T00:00:00Z
2025-03-22,C00109,0,2025-05-06T00:00:00Z
2025-03-23,C00109,1,2025-05-07T00:00:00Z
2025-03-24,C00109,0,2025-05-08T00:00:00Z
2025-03-25,C00109,0,2025-05-09T00:00:00Z
2025-03-26,C00109,0,2025-05-10T00:00:00Z
2025-03-27,C00109,0,2025-05-11T00:00:00Z
2025-03-28,C00109,0,2025-05-12T00:00:00Z
2025-03-29,C00109,0,2025-05-13T00:00:00Z
2025-03-30,C00109,0,2025-05-14T00:00:00Z
2025-03-31,C00109,1,2025-05-15T00:00:00Z
2025-04-01,C00109,0,2025-05-16T00:00:00Z
2025-04-02,C00109,0,2025-05-17T00:00:00Z
2025-04-03,C00109,0,2025-05-18T00:00:00Z
2025-04-04,C00109,1,2025-05-19T00:00:00Z
2025-04-05,C00109,1,2025-05-20T00:00:00Z
2025-04-06,C00109,0,2025-05-21T00:00:00Z
2025-04-07,C00109,0,2025-05-22T00:00:00Z
2025-04-08,C00109,1,2025-05-23T00:00:00Z
2025-04-09,C00109,0,2025-05-24T00:00:00Z
2025-04-10,C00109,0,2025-05-25T00:00:00Z
2025-04-11,C00109,0,2025-05-26T00:00:00Z
2025-04-12,C00109,0,2025-05-27T00:00:00Z
2025-04-13,C00109,0,2025-05-28T00:00:00Z
2025-04-14,C00109,0,2025-05-29T00:00:00Z
2025-03-01,C00110,0,2025-04-15T00:00:00Z
2025-03-02,C00110,0,2025-04-16T00:00:00Z
2025-03-03,C00110,0,2025-04-17T00:00:00Z
2025-03-04,C00110,0,2025-04-18T00:00:00Z
2025-03-05,C00110,0,2025-04-19T00:00:00Z
2025-03-06,C00110,0,2025-04-20T00:00:00Z
2025-03-07,C00110,0,2025-04-21T00:00:00Z
2025-03-08,C00110,0,2025-04-22T00:00:00Z
2025-03-09,C00110,0,2025-04-23T00:00:00Z
2025-03-10,C00110,0,2025-04-24T00:00:00Z
2025-03-11,C00110,0,2025-04-25T00:00:00Z
2025-03-12,C00110,0,2025-04-26T00:00:00Z
2025-03-13,C00110,0,2025-04-27T00:00:00Z
2025-03-14,C00110,0,2025-04-28T00:00:00Z
2025-03-15,C00110,0,2025-04-29T00:00:00Z
2025-03-16,C00110,0,2025-04-30T00:00:00Z
2025-03-17,C00110,0,2025-05-01T00:00:00Z
2025-03-18,C00110,0,2025-05-02T00:00:00Z
2025-03-19,C00110,0,2025-05-03T00:00:00Z
2025-03-20,C00110,0,2025-05-04T00:00:00Z
2025-03-21,C00110,0,2025-05-05T00:00:00Z
2025-03-22,C00110,0,2025-05-06T00:00:00Z
2025-03-23,C00110,0,2025-05-07T00:00:00Z
2025-03-24,C00110,0,2025-05-08T00:00:00Z
2025-03-25,C00110,0,2025-05-09T00:00:00Z
2025-03-26,C00110,0,2025-05-10T00:00:00Z
2025-03-27,C00110,0,2025-05-11T00:00:00Z
2025-03-28,C00110,0,2025-05-12T00:00:00Z
2025-03-29,C00110,0,2025-05-13T00:00:00Z
2025-03-30,C00110,0,2025-05-14T00:00:00Z
2025-03-31,C00110,0,2025-05-15T00:00:00Z
2025-04-01,C00110,0,2025-05-16T00:00:00Z
2025-04-02,C00110,0,2025-05-17T00:00:00Z
2025-04-03,C00110,0,2025-05-18T00:00:00Z
2025-04-04,C00110,0,2025-05-19T00:00:00Z
2025-04-05,C00110,0,2025-05-20T00:00:00Z
2025-04-06,C00110,0,2025-05-21T00:00:00Z
2025-04-07,C00110,0,2025-05-22T00:00:00Z
2025-04-08,C00110,0,2025-05-23T00:00:00Z
2025-04-09,C00110,0,2025-05-24T00:00:00Z
2025-04-10,C00110,0,2025-05-25T00:00:00Z
2025-04-11,C00110,0,2025-05-26T00:00:00Z
2025-04-12,C00110,0,2025-05-27T00:00:00Z
2025-04-13,C00110,0,2025-05-28T00:00:00Z
2025-04-14,C00110,0,2025-05-29T00:00:00Z
2025-03-01,C00111,0,2025-04-15T00:00:00Z
2025-03-02,C00111,0,2025-04-16T00:00:00Z
2025-03-03,C00111,0,2025-04-17T00:00:00Z
2025-03-04,C00111,0,2025-04-18T00:00:00Z
2025-03-05,C00111,0,2025-04-19T00:00:00Z
2025-03-06,C00111,0,2025-04-20T00:00:00Z
2025-03-07,C00111,0,2025-04-21T00:00:00Z
2025-03-08,C00111,0,2025-04-22T00:00:00Z
2025-03-09,C00111,0,2025-04-23T00:00:00Z
2025-03-10,C00111,0,2025-04-24T00:00:00Z
2025-03-11,C00111,0,2025-04-25T00:00:00Z
2025-03-12,C00111,0,2025-04-26T00:00:00Z
2025-03-13,C00111,0,2025-04-27T00:00:00Z
2025-03-14,C00111,0,2025-04-28T00:00:00Z
2025-03-15,C00111,0,2025-04-29T00:00:00Z
2025-03-16,C00111,0,2025-04-30T00:00:00Z
2025-03-17,C00111,0,2025-05-01T00:00:00Z
2025-03-18,C00111,0,2025-05-02T00:00:00Z
2025-03-19,C00111,0,2025-05-03T00:00:00Z
2025-03-20,C00111,0,2025-05-04T00:00:00Z
2025-03-21,C00111,0,2025-05-05T00:00:00Z
2025-03-22,C00111,0,2025-05-06T00:00:00Z
2025-03-23,C00111,0,2025-05-07T00:00:00Z
2025-03-24,C00111,0,2025-05-08T00:00:00Z
2025-03-25,C00111,0,2025-05-09T00:00:00Z
2025-03-26,C00111,0,2025-05-10T00:00:00Z
2025-03-27,C00111,0,2025-05-11T00:00:00Z
2025-03-28,C00111,0,2025-05-12T00:00:00Z
2025-03-29,C00111,0,2025-05-13T00:00:00Z
2025-03-30,C00111,0,2025-05-14T00:00:00Z
2025-03-31,C00111,0,2025-05-15T00:00:00Z
2025-04-01,C00111,0,2025-05-16T00:00:00Z
2025-04-02,C00111,0,2025-05-17T00:00:00Z
2025-04-03,C00111,0,2025-05-18T00:00:00Z
2025-04-04,C00111,0,2025-05-19T00:00:00Z
2025-04-05,C00111,0,2025-05-20T00:00:00Z
2025-04-06,C00111,0,2025-05-21T00:00:00Z
2025-04-07,C00111,0,2025-05-22T00:00:00Z
2025-04-08,C00111,0,2025-05-23T00:00:00Z
2025-04-09,C00111,0,2025-05-24T00:00:00Z
2025-04-10,C00111,0,2025-05-25T00:00:00Z
2025-04-11,C00111,0,2025-05-26T00:00:00Z
2025-04-12,C00111,0,2025-05-27T00:00:00Z
2025-04-13,C00111,0,2025-05-28T00:00:00Z
2025-04-14,C00111,0,2025-05-29T00:00:00Z
2025-03-01,C00112,0,2025-04-15T00:00:00Z
2025-03-02,C00112,0,2025-04-16T00:00:00Z
2025-03-03,C00112,0,2025-04-17T00:00:00Z
2025-03-04,C00112,0,2025-04-18T00:00:00Z
2025-03-05,C00112,0,2025-04-19T00:00:00Z
2025-03-06,C00112,0,2025-04-20T00:00:00Z
2025-03-07,C00112,0,2025-04-21T00:00:00Z
2025-03-08,C00112,0,2025-04-22T00:00:00Z
2025-03-09,C00112,0,2025-04-23T00:00:00Z
2025-03-10,C00112,0,2025-04-24T00:00:00Z
2025-03-11,C00112,0,2025-04-25T00:00:00Z
2025-03-12,C00112,0,2025-04-26T00:00:00Z
2025-03-13,C00112,0,2025-04-27T00:00:00Z
2025-03-14,C00112,0,2025-04-28T00:00:00Z
2025-03-15,C00112,0,2025-04-29T00:00:00Z
2025-03-16,C00112,0,2025-04-30T00:00:00Z
2025-03-17,C00112,0,2025-05-01T00:00:00Z
2025-03-18,C00112,0,2025-05-02T00:00:00Z
2025-03-19,C00112,0,2025-05-03T00:00:00Z
2025-03-20,C00112,0,2025-05-04T00:00:00Z
2025-03-21,C00112,0,2025-05-05T00:00:00Z
2025-03-22,C00112,0,2025-05-06T00:00:00Z
2025-03-23,C00112,0,2025-05-07T00:00:00Z
2025-03-24,C00112,0,2025-05-08T00:00:00Z
2025-03-25,C00112,0,2025-05-09T00:00:00Z
2025-03-26,C00112,0,2025-05-10T00:00:00Z
2025-03-27,C00112,0,2025-05-11T00:00:00Z
2025-03-28,C00112,0,2025-05-12T00:00:00Z
2025-03-29,C00112,0,2025-05-13T00:00:00Z
2025-03-30,C00112,0,2025-05-14T00:00:00Z
2025-03-31,C00112,0,2025-05-15T00:00:00Z
2025-04-01,C00112,0,2025-05-16T00:00:00Z
2025-04-02,C00112,0,2025-05-17T00:00:00Z
2025-04-03,C00112,0,2025-05-18T00:00:00Z
2025-04-04,C00112,0,2025-05-19T00:00:00Z
2025-04-05,C00112,0,2025-05-20T00:00:00Z
2025-04-06,C00112,0,2025-05-21T00:00:00Z
2025-04-07,C00112,0,2025-05-22T00:00:00Z
2025-04-08,C00112,0,2025-05-23T00:00:00Z
2025-04-09,C00112,0,2025-05-24T00:00:00Z
2025-04-10,C00112,0,2025-05-25T00:00:00Z
2025-04-11,C00112,0,2025-05-26T00:00:00Z
2025-04-12,C00112,1,2025-05-27T00:00:00Z
2025-04-13,C00112,0,2025-05-28T00:00:00Z
2025-04-14,C00112,0,2025-05-29T00:00:00Z
2025-03-01,C00113,0,2025-04-15T00:00:00Z
2025-03-02,C00113,0,2025-04-16T00:00:00Z
2025-03-03,C00113,0,2025-04-17T00:00:00Z
2025-03-04,C00113,0,2025-04-18T00:00:00Z
2025-03-05,C00113,0,2025-04-19T00:00:00Z
2025-03-06,C00113,0,2025-04-20T00:00:00Z
2025-03-07,C00113,0,2025-04-21T00:00:00Z
2025-03-08,C00113,0,2025-04-22T00:00:00Z
2025-03-09,C00113,0,2025-04-23T00:00:00Z
2025-03-10,C00113,0,2025-04-24T00:00:00Z
2025-03-11,C00113,0,2025-04-25T00:00:00Z
2025-03-12,C00113,0,2025-04-26T00:00:00Z
2025-03-13,C00113,0,2025-04-27T00:00:00Z
2025-03-14,C00113,0,2025-04-28T00:00:00Z
2025-03-15,C00113,0,2025-04-29T00:00:00Z
2025-03-16,C00113,0,2025-04-30T00:00:00Z
2025-03-17,C00113,0,2025-05-01T00:00:00Z
2025-03-18,C00113,0,2025-05-02T00:00:00Z
2025-03-19,C00113,0,2025-05-03T00:00:00Z
2025-03-20,C00113,0,2025-05-04T00:00:00Z
2025-03-21,C00113,0,2025-05-05T00:00:00Z
2025-03-22,C00113,0,2025-05-06T00:00:00Z
2025-03-23,C00113,0,2025-05-07T00:00:00Z
2025-03-24,C00113,0,2025-05-08T00:00:00Z
2025-03-25,C00113,1,2025-05-09T00:00:00Z
2025-03-26,C00113,0,2025-05-10T00:00:00Z
2025-03-27,C00113,0,2025-05-11T00:00:00Z
2025-03-28,C00113,0,2025-05-12T00:00:00Z
2025-03-29,C00113,0,2025-05-13T00:00:00Z
2025-03-30,C00113,0,2025-05-14T00:00:00Z
2025-03-31,C00113,0,2025-05-15T00:00:00Z
2025-04-01,C00113,0,2025-05-16T00:00:00Z
2025-04-02,C00113,0,2025-05-17T00:00:00Z
2025-04-03,C00113,0,2025-05-18T00:00:00Z
2025-04-04,C00113,0,2025-05-19T00:00:00Z
2025-04-05,C00113,0,2025-05-20T00:00:00Z
2025-04-06,C00113,0,2025-05-21T00:00:00Z
2025-04-07,C00113,0,2025-05-22T00:00:00Z
2025-04-08,C00113,0,2025-05-23T00:00:00Z
2025-04-09,C00113,0,2025-05-24T00:00:00Z
2025-04-10,C00113,0,2025-05-25T00:00:00Z
2025-04-11,C00113,1,2025-05-26T00:00:00Z
2025-04-12,C00113,0,2025-05-27T00:00:00Z
2025-04-13,C00113,1,2025-05-28T00:00:00Z
2025-04-14,C00113,0,2025-05-29T00:00:00Z
2025-03-01,C00114,0,2025-04-15T00:00:00Z
2025-03-02,C00114,0,2025-04-16T00:00:00Z
2025-03-03,C00114,0,2025-04-17T00:00:00Z
2025-03-04,C00114,0,2025-04-18T00:00:00Z
2025-03-05,C00114,0,2025-04-19T00:00:00Z
2025-03-06,C00114,0,2025-04-20T00:00:00Z
2025-03-07,C00114,0,2025-04-21T00:00:00Z
2025-03-08,C00114,0,2025-04-22T00:00:00Z
2025-03-09,C00114,0,2025-04-23T00:00:00Z
2025-03-10,C00114,0,2025-04-24T00:00:00Z
2025-03-11,C00114,0,2025-04-25T00:00:00Z
2025-03-12,C00114,0,2025-04-26T00:00:00Z
2025-03-13,C00114,0,2025-04-27T00:00:00Z
2025-03-14,C00114,0,2025-04-28T00:00:00Z
2025-03-15,C00114,0,2025-04-29T00:00:00Z
2025-03-16,C00114,0,2025-04-30T00:00:00Z
2025-03-17,C00114,0,2025-05-01T00:00:00Z
2025-03-18,C00114,0,2025-05-02T00:00:00Z
2025-03-19,C00114,0,2025-05-03T00:00:00Z
2025-03-20,C00114,0,2025-05-04T00:00:00Z
2025-03-21,C00114,0,2025-05-05T00:00:00Z
2025-03-22,C00114,0,2025-05-06T00:00:00Z
2025-03-23,C00114,0,2025-05-07T00:00:00Z
2025-03-24,C00114,0,2025-05-08T00:00:00Z
2025-03-25,C00114,0,2025-05-09T00:00:00Z
2025-03-26,C00114,0,2025-05-10T00:00:00Z
2025-03-27,C00114,0,2025-05-11T00:00:00Z
2025-03-28,C00114,0,2025-05-12T00:00:00Z
2025-03-29,C00114,0,2025-05-13T00:00:00Z
2025-03-30,C00114,0,2025-05-14T00:00:00Z
2025-03-31,C00114,0,2025-05-15T00:00:00Z
2025-04-01,C00114,0,2025-05-16T00:00:00Z
2025-04-02,C00114,0,2025-05-17T00:00:00Z
2025-04-03,C00114,0,2025-05-18T00:00:00Z
2025-04-04,C00114,0,2025-05-19T00:00:00Z
2025-04-05,C00114,0,2025-05-20T00:00:00Z
2025-04-06,C00114,0,2025-05-21T00:00:00Z
2025-04-07,C00114,0,2025-05-22T00:00:00Z
2025-04-08,C00114,0,2025-05-23T00:00:00Z
2025-04-09,C00114,1,2025-05-24T00:00:00Z
2025-04-10,C00114,0,2025-05-25T00:00:00Z
2025-04-11,C00114,0,2025-05-26T00:00:00Z
2025-04-12,C00114,0,2025-05-27T00:00:00Z
2025-04-13,C00114,0,2025-05-28T00:00:00Z
2025-04-14,C00114,0,2025-05-29T00:00:00Z
2025-03-01,C00115,0,2025-04-15T00:00:00Z
2025-03-02,C00115,0,2025-04-16T00:00:00Z
2025-03-03,C00115,0,2025-04-17T00:00:00Z
2025-03-04,C00115,0,2025-04-18T00:00:00Z
2025-03-05,C00115,0,2025-04-19T00:00:00Z
2025-03-06,C00115,0,2025-04-20T00:00:00Z
2025-03-07,C00115,0,2025-04-21T00:00:00Z
2025-03-08,C00115,0,2025-04-22T00:00:00Z
2025-03-09,C00115,0,2025-04-23T00:00:00Z
2025-03-10,C00115,0,2025-04-24T00:00:00Z
2025-03-11,C00115,0,2025-04-25T00:00:00Z
2025-03-12,C00115,0,2025-04-26T00:00:00Z
2025-03-13,C00115,0,2025-04-27T00:00:00Z
2025-03-14,C00115,0,2025-04-28T00:00:00Z
2025-03-15,C00115,0,2025-04-29T00:00:00Z
2025-03-16,C00115,0,2025-04-30T00:00:00Z
2025-03-17,C00115,0,2025-05-01T00:00:00Z
2025-03-18,C00115,0,2025-05-02T00:00:00Z
2025-03-19,C00115,0,2025-05-03T00:00:00Z
2025-03-20,C00115,0,2025-05-04T00:00:00Z
2025-03-21,C00115,0,2025-05-05T00:00:00Z
2025-03-22,C00115,0,2025-05-06T00:00:00Z
2025-03-23,C00115,0,2025-05-07T00:00:00Z
2025-03-24,C00115,1,2025-05-08T00:00:00Z
2025-03-25,C00115,0,2025-05-09T00:00:00Z
2025-03-26,C00115,0,2025-05-10T00:00:00Z
2025-03-27,C00115,0,2025-05-11T00:00:00Z
2025-03-28,C00115,0,2025-05-12T00:00:00Z
2025-03-29,C00115,0,2025-05-13T00:00:00Z
2025-03-30,C00115,0,2025-05-14T00:00:00Z
2025-03-31,C00115,0,2025-05-15T00:00:00Z
2025-04-01,C00115,0,2025-05-16T00:00:00Z
2025-04-02,C00115,0,2025-05-17T00:00:00Z
2025-04-03,C00115,0,2025-05-18T00:00:00Z
2025-04-04,C00115,0,2025-05-19T00:00:00Z
2025-04-05,C00115,0,2025-05-20T00:00:00Z
2025-04-06,C00115,0,2025-05-21T00:00:00Z
2025-04-07,C00115,0,2025-05-22T00:00:00Z
2025-04-08,C00115,0,2025-05-23T00:00:00Z
2025-04-09,C00115,0,2025-05-24T00:00:00Z
2025-04-10,C00115,0,2025-05-25T00:00:00Z
2025-04-11,C00115,0,2025-05-26T00:00:00Z
2025-04-12,C00115,0,2025-05-27T00:00:00Z
2025-04-13,C00115,0,2025-05-28T00:00:00Z
2025-04-14,C00115,0,2025-05-29T00:00:00Z
2025-03-01,C00116,0,2025-04-15T00:00:00Z
2025-03-02,C00116,0,2025-04-16T00:00:00Z
2025-03-03,C00116,0,2025-04-17T00:00:00Z
2025-03-04,C00116,0,2025-04-18T00:00:00Z
2025-03-05,C00116,0,2025-04-19T00:00:00Z
2025-03-06,C00116,0,2025-04-20T00:00:00Z
2025-03-07,C00116,0,2025-04-21T00:00:00Z
2025-03-08,C00116,0,2025-04-22T00:00:00Z
2025-03-09,C00116,0,2025-04-23T00:00:00Z
2025-03-10,C00116,0,2025-04-24T00:00:00Z
2025-03-11,C00116,0,2025-04-25T00:00:00Z
2025-03-12,C00116,0,2025-04-26T00:00:00Z
2025-03-13,C00116,0,2025-04-27T00:00:00Z
2025-03-14,C00116,0,2025-04-28T00:00:00Z
2025-03-15,C00116,0,2025-04-29T00:00:00Z
2025-03-16,C00116,0,2025-04-30T00:00:00Z
2025-03-17,C00116,0,2025-05-01T00:00:00Z
2025-03-18,C00116,0,2025-05-02T00:00:00Z
2025-03-19,C00116,0,2025-05-03T00:00:00Z
2025-03-20,C00116,0,2025-05-04T00:00:00Z
2025-03-21,C00116,0,2025-05-05T00:00:00Z
2025-03-22,C00116,0,2025-05-06T00:00:00Z
2025-03-23,C00116,0,2025-05-07T00:00:00Z
2025-03-24,C00116,0,2025-05-08T00:00:00Z
2025-03-25,C00116,0,2025-05-09T00:00:00Z
2025-03-26,C00116,0,2025-05-10T00:00:00Z
2025-03-27,C00116,0,2025-05-11T00:00:00Z
2025-03-28,C00116,0,2025-05-12T00:00:00Z
2025-03-29,C00116,0,2025-05-13T00:00:00Z
2025-03-30,C00116,0,2025-05-14T00:00:00Z
2025-03-31,C00116,0,2025-05-15T00:00:00Z
2025-04-01,C00116,0,2025-05-16T00:00:00Z
2025-04-02,C00116,0,2025-05-17T00:00:00Z
2025-04-03,C00116,0,2025-05-18T00:00:00Z
2025-04-04,C00116,0,2025-05-19T00:00:00Z
2025-04-05,C00116,0,2025-05-20T00:00:00Z
2025-04-06,C00116,1,2025-05-21T00:00:00Z
2025-04-07,C00116,0,2025-05-22T00:00:00Z
2025-04-08,C00116,1,2025-05-23T00:00:00Z
2025-04-09,C00116,0,2025-05-24T00:00:00Z
2025-04-10,C00116,0,2025-05-25T00:00:00Z
2025-04-11,C00116,0,2025-05-26T00:00:00Z
2025-04-12,C00116,0,2025-05-27T00:00:00Z
2025-04-13,C00116,0,2025-05-28T00:00:00Z
2025-04-14,C00116,0,2025-05-29T00:00:00Z
2025-03-01,C00117,0,2025-04-15T00:00:00Z
2025-03-02,C00117,0,2025-04-16T00:00:00Z
2025-03-03,C00117,0,2025-04-17T00:00:00Z
2025-03-04,C00117,0,2025-04-18T00:00:00Z
2025-03-05,C00117,0,2025-04-19T00:00:00Z
2025-03-06,C00117,0,2025-04-20T00:00:00Z
2025-03-07,C00117,0,2025-04-21T00:00:00Z
2025-03-08,C00117,0,2025-04-22T00:00:00Z
2025-03-09,C00117,0,2025-04-23T00:00:00Z
2025-03-10,C00117,0,2025-04-24T00:00:00Z
2025-03-11,C00117,0,2025-04-25T00:00:00Z
2025-03-12,C00117,0,2025-04-26T00:00:00Z
2025-03-13,C00117,0,2025-04-27T00:00:00Z
2025-03-14,C00117,0,2025-04-28T00:00:00Z
2025-03-15,C00117,0,2025-04-29T00:00:00Z
2025-03-16,C00117,0,2025-04-30T00:00:00Z
2025-03-17,C00117,0,2025-05-01T00:00:00Z
2025-03-18,C00117,0,2025-05-02T00:00:00Z
2025-03-19,C00117,0,2025-05-03T00:00:00Z
2025-03-20,C00117,0,2025-05-04T00:00:00Z
2025-03-21,C00117,0,2025-05-05T00:00:00Z
2025-03-22,C00117,1,2025-05-06T00:00:00Z
2025-03-23,C00117,1,2025-05-07T00:00:00Z
2025-03-24,C00117,0,2025-05-08T00:00:00Z
2025-03-25,C00117,0,2025-05-09T00:00:00Z
2025-03-26,C00117,0,2025-05-10T00:00:00Z
2025-03-27,C00117,0,2025-05-11T00:00:00Z
2025-03-28,C00117,0,2025-05-12T00:00:00Z
2025-03-29,C00117,0,2025-05-13T00:00:00Z
2025-03-30,C00117,0,2025-05-14T00:00:00Z
2025-03-31,C00117,0,2025-05-15T00:00:00Z
2025-04-01,C00117,0,2025-05-16T00:00:00Z
2025-04-02,C00117,0,2025-05-17T00:00:00Z
2025-04-03,C00117,0,2025-05-18T00:00:00Z
2025-04-04,C00117,0,2025-05-19T00:00:00Z
2025-04-05,C00117,0,2025-05-20T00:00:00Z
2025-04-06,C00117,0,2025-05-21T00:00:00Z
2025-04-07,C00117,0,2025-05-22T00:00:00Z
2025-04-08,C00117,0,2025-05-23T00:00:00Z
2025-04-09,C00117,0,2025-05-24T00:00:00Z
2025-04-10,C00117,0,2025-05-25T00:00:00Z
2025-04-11,C00117,0,2025-05-26T00:00:00Z
2025-04-12,C00117,0,2025-05-27T00:00:00Z
2025-04-13,C00117,0,2025-05-28T00:00:00Z
2025-04-14,C00117,0,2025-05-29T00:00:00Z
2025-03-01,C00118,0,2025-04-15T00:00:00Z
2025-03-02,C00118,0,2025-04-16T00:00:00Z
2025-03-03,C00118,0,2025-04-17T00:00:00Z
2025-03-04,C00118,0,2025-04-18T00:00:00Z
2025-03-05,C00118,0,2025-04-19T00:00:00Z
2025-03-06,C00118,1,2025-04-20T00:00:00Z
2025-03-07,C00118,0,2025-04-21T00:00:00Z
2025-03-08,C00118,0,2025-04-22T00:00:00Z
2025-03-09,C00118,0,2025-04-23T00:00:00Z
2025-03-10,C00118,0,2025-04-24T00:00:00Z
2025-03-11,C00118,0,2025-04-25T00:00:00Z
2025-03-12,C00118,0,2025-04-26T00:00:00Z
2025-03-13,C00118,1,2025-04-27T00:00:00Z
2025-03-14,C00118,0,2025-04-28T00:00:00Z
2025-03-15,C00118,0,2025-04-29T00:00:00Z
2025-03-16,C00118,0,2025-04-30T00:00:00Z
2025-03-17,C00118,0,2025-05-01T00:00:00Z
2025-03-18,C00118,0,2025-05-02T00:00:00Z
2025-03-19,C00118,1,2025-05-03T00:00:00Z
2025-03-20,C00118,1,2025-05-04T00:00:00Z
2025-03-21,C00118,0,2025-05-05T00:00:00Z
2025-03-22,C00118,0,2025-05-06T00:00:00Z
2025-03-23,C00118,0,2025-05-07T00:00:00Z
2025-03-24,C00118,0,2025-05-08T00:00:00Z
2025-03-25,C00118,0,2025-05-09T00:00:00Z
2025-03-26,C00118,1,2025-05-10T00:00:00Z
2025-03-27,C00118,0,2025-05-11T00:00:00Z
2025-03-28,C00118,0,2025-05-12T00:00:00Z
2025-03-29,C00118,0,2025-05-13T00:00:00Z
2025-03-30,C00118,0,2025-05-14T00:00:00Z
2025-03-31,C00118,0,2025-05-15T00:00:00Z
2025-04-01,C00118,0,2025-05-16T00:00:00Z
2025-04-02,C00118,0,2025-05-17T00:00:00Z
2025-04-03,C00118,0,2025-05-18T00:00:00Z
2025-04-04,C00118,1,2025-05-19T00:00:00Z
2025-04-05,C00118,0,2025-05-20T00:00:00Z
2025-04-06,C00118,0,2025-05-21T00:00:00Z
2025-04-07,C00118,0,2025-05-22T00:00:00Z
2025-04-08,C00118,0,2025-05-23T00:00:00Z
2025-04-09,C00118,0,2025-05-24T00:00:00Z
2025-04-10,C00118,0,2025-05-25T00:00:00Z
2025-04-11,C00118,0,2025-05-26T00:00:00Z
2025-04-12,C00118,0,2025-05-27T00:00:00Z
2025-04-13,C00118,0,2025-05-28T00:00:00Z
2025-04-14,C00118,0,2025-05-29T00:00:00Z
2025-03-01,C00119,0,2025-04-15T00:00:00Z
2025-03-02,C00119,0,2025-04-16T00:00:00Z
2025-03-03,C00119,0,2025-04-17T00:00:00Z
2025-03-04,C00119,0,2025-04-18T00:00:00Z
2025-03-05,C00119,0,2025-04-19T00:00:00Z
2025-03-06,C00119,0,2025-04-20T00:00:00Z
2025-03-07,C00119,0,2025-04-21T00:00:00Z
2025-03-08,C00119,0,2025-04-22T00:00:00Z
2025-03-09,C00119,0,2025-04-23T00:00:00Z
2025-03-10,C00119,0,2025-04-24T00:00:00Z
2025-03-11,C00119,0,2025-04-25T00:00:00Z
2025-03-12,C00119,0,2025-04-26T00:00:00Z
2025-03-13,C00119,0,2025-04-27T00:00:00Z
2025-03-14,C00119,0,2025-04-28T00:00:00Z
2025-03-15,C00119,0,2025-04-29T00:00:00Z
2025-03-16,C00119,0,2025-04-30T00:00:00Z
2025-03-17,C00119,0,2025-05-01T00:00:00Z
2025-03-18,C00119,0,2025-05-02T00:00:00Z
2025-03-19,C00119,0,2025-05-03T00:00:00Z
2025-03-20,C00119,0,2025-05-04T00:00:00Z
2025-03-21,C00119,0,2025-05-05T00:00:00Z
2025-03-22,C00119,0,2025-05-06T00:00:00Z
2025-03-23,C00119,0,2025-05-07T00:00:00Z
2025-03-24,C00119,0,2025-05-08T00:00:00Z
2025-03-25,C00119,0,2025-05-09T00:00:00Z
2025-03-26,C00119,0,2025-05-10T00:00:00Z
2025-03-27,C00119,0,2025-05-11T00:00:00Z
2025-03-28,C00119,0,2025-05-12T00:00:00Z
2025-03-29,C00119,0,2025-05-13T00:00:00Z
2025-03-30,C00119,0,2025-05-14T00:00:00Z
2025-03-31,C00119,0,2025-05-15T00:00:00Z
2025-04-01,C00119,0,2025-05-16T00:00:00Z
2025-04-02,C00119,0,2025-05-17T00:00:00Z
2025-04-03,C00119,0,2025-05-18T00:00:00Z
2025-04-04,C00119,0,2025-05-19T00:00:00Z
2025-04-05,C00119,1,2025-05-20T00:00:00Z
2025-04-06,C00119,0,2025-05-21T00:00:00Z
2025-04-07,C00119,0,2025-05-22T00:00:00Z
2025-04-08,C00119,0,2025-05-23T00:00:00Z
2025-04-09,C00119,0,2025-05-24T00:00:00Z
2025-04-10,C00119,0,2025-05-25T00:00:00Z
2025-04-11,C00119,0,2025-05-26T00:00:00Z
2025-04-12,C00119,0,2025-05-27T00:00:00Z
2025-04-13,C00119,0,2025-05-28T00:00:00Z
2025-04-14,C00119,0,2025-05-29T00:00:00Z
2025-03-01,C00120,0,2025-04-15T00:00:00Z
2025-03-02,C00120,0,2025-04-16T00:00:00Z
2025-03-03,C00120,0,2025-04-17T00:00:00Z
2025-03-04,C00120,0,2025-04-18T00:00:00Z
2025-03-05,C00120,0,2025-04-19T00:00:00Z
2025-03-06,C00120,0,2025-04-20T00:00:00Z
2025-03-07,C00120,0,2025-04-21T00:00:00Z
2025-03-08,C00120,0,2025-04-22T00:00:00Z
2025-03-09,C00120,0,2025-04-23T00:00:00Z
2025-03-10,C00120,0,2025-04-24T00:00:00Z
2025-03-11,C00120,0,2025-04-25T00:00:00Z
2025-03-12,C00120,0,2025-04-26T00:00:00Z
2025-03-13,C00120,0,2025-04-27T00:00:00Z
2025-03-14,C00120,0,2025-04-28T00:00:00Z
2025-03-15,C00120,0,2025-04-29T00:00:00Z
2025-03-16,C00120,0,2025-04-30T00:00:00Z
2025-03-17,C00120,0,2025-05-01T00:00:00Z
2025-03-18,C00120,0,2025-05-02T00:00:00Z
2025-03-19,C00120,0,2025-05-03T00:00:00Z
2025-03-20,C00120,0,2025-05-04T00:00:00Z
2025-03-21,C00120,0,2025-05-05T00:00:00Z
2025-03-22,C00120,0,2025-05-06T00:00:00Z
2025-03-23,C00120,1,2025-05-07T00:00:00Z
2025-03-24,C00120,0,2025-05-08T00:00:00Z
2025-03-25,C00120,0,2025-05-09T00:00:00Z
2025-03-26,C00120,0,2025-05-10T00:00:00Z
2025-03-27,C00120,1,2025-05-11T00:00:00Z
2025-03-28,C00120,0,2025-05-12T00:00:00Z
2025-03-29,C00120,0,2025-05-13T00:00:00Z
2025-03-30,C00120,0,2025-05-14T00:00:00Z
2025-03-31,C00120,0,2025-05-15T00:00:00Z
2025-04-01,C00120,0,2025-05-16T00:00:00Z
2025-04-02,C00120,0,2025-05-17T00:00:00Z
2025-04-03,C00120,0,2025-05-18T00:00:00Z
2025-04-04,C00120,0,2025-05-19T00:00:00Z
2025-04-05,C00120,0,2025-05-20T00:00:00Z
2025-04-06,C00120,0,2025-05-21T00:00:00Z
2025-04-07,C00120,0,2025-05-22T00:00:00Z
2025-04-08,C00120,0,2025-05-23T00:00:00Z
2025-04-09,C00120,0,2025-05-24T00:00:00Z
2025-04-10,C00120,0,2025-05-25T00:00:00Z
2025-04-11,C00120,0,2025-05-26T00:00:00Z
2025-04-12,C00120,0,2025-05-27T00:00:00Z
2025-04-13,C00120,0,2025-05-28T00:00:00Z
2025-04-14,C00120,1,2025-05-29T00:00:00Z
2025-03-01,C00121,0,2025-04-15T00:00:00Z
2025-03-02,C00121,0,2025-04-16T00:00:00Z
2025-03-03,C00121,0,2025-04-17T00:00:00Z
2025-03-04,C00121,0,2025-04-18T00:00:00Z
2025-03-05,C00121,0,2025-04-19T00:00:00Z
2025-03-06,C00121,0,2025-04-20T00:00:00Z
2025-03-07,C00121,0,2025-04-21T00:00:00Z
2025-03-08,C00121,0,2025-04-22T00:00:00Z
2025-03-09,C00121,0,2025-04-23T00:00:00Z
2025-03-10,C00121,1,2025-04-24T00:00:00Z
2025-03-11,C00121,0,2025-04-25T00:00:00Z
2025-03-12,C00121,0,2025-04-26T00:00:00Z
2025-03-13,C00121,0,2025-04-27T00:00:00Z
2025-03-14,C00121,0,2025-04-28T00:00:00Z
2025-03-15,C00121,1,2025-04-29T00:00:00Z
2025-03-16,C00121,0,2025-04-30T00:00:00Z
2025-03-17,C00121,0,2025-05-01T00:00:00Z
2025-03-18,C00121,0,2025-05-02T00:00:00Z
2025-03-19,C00121,0,2025-05-03T00:00:00Z
2025-03-20,C00121,0,2025-05-04T00:00:00Z
2025-03-21,C00121,1,2025-05-05T00:00:00Z
2025-03-22,C00121,0,2025-05-06T00:00:00Z
2025-03-23,C00121,0,2025-05-07T00:00:00Z
2025-03-24,C00121,0,2025-05-08T00:00:00Z
2025-03-25,C00121,0,2025-05-09T00:00:00Z
2025-03-26,C00121,0,2025-05-10T00:00:00Z
2025-03-27,C00121,0,2025-05-11T00:00:00Z
2025-03-28,C00121,0,2025-05-12T00:00:00Z
2025-03-29,C00121,0,2025-05-13T00:00:00Z
2025-03-30,C00121,0,2025-05-14T00:00:00Z
2025-03-31,C00121,0,2025-05-15T00:00:00Z
2025-04-01,C00121,0,2025-05-16T00:00:00Z
2025-04-02,C00121,0,2025-05-17T00:00:00Z
2025-04-03,C00121,0,2025-05-18T00:00:00Z
2025-04-04,C00121,0,2025-05-19T00:00:00Z
2025-04-05,C00121,0,2025-05-20T00:00:00Z
2025-04-06,C00121,0,2025-05-21T00:00:00Z
2025-04-07,C00121,0,2025-05-22T00:00:00Z
2025-04-08,C00121,0,2025-05-23T00:00:00Z
2025-04-09,C00121,0,2025-05-24T00:00:00Z
2025-04-10,C00121,0,2025-05-25T00:00:00Z
2025-04-11,C00121,0,2025-05-26T00:00:00Z
2025-04-12,C00121,0,2025-05-27T00:00:00Z
2025-04-13,C00121,0,2025-05-28T00:00:00Z
2025-04-14,C00121,0,2025-05-29T00:00:00Z
2025-03-01,C00122,0,2025-04-15T00:00:00Z
2025-03-02,C00122,0,2025-04-16T00:00:00Z
2025-03-03,C00122,0,2025-04-17T00:00:00Z
2025-03-04,C00122,0,2025-04-18T00:00:00Z
2025-03-05,C00122,0,2025-04-19T00:00:00Z
2025-03-06,C00122,0,2025-04-20T00:00:00Z
2025-03-07,C00122,0,2025-04-21T00:00:00Z
2025-03-08,C00122,0,2025-04-22T00:00:00Z
2025-03-09,C00122,0,2025-04-23T00:00:00Z
2025-03-10,C00122,0,2025-04-24T00:00:00Z
2025-03-11,C00122,0,2025-04-25T00:00:00Z
2025-03-12,C00122,0,2025-04-26T00:00:00Z
2025-03-13,C00122,0,2025-04-27T00:00:00Z
2025-03-14,C00122,0,2025-04-28T00:00:00Z
2025-03-15,C00122,0,2025-04-29T00:00:00Z
2025-03-16,C00122,0,2025-04-30T00:00:00Z
2025-03-17,C00122,0,2025-05-01T00:00:00Z
2025-03-18,C00122,0,2025-05-02T00:00:00Z
2025-03-19,C00122,0,2025-05-03T00:00:00Z
2025-03-20,C00122,0,2025-05-04T00:00:00Z
2025-03-21,C00122,0,2025-05-05T00:00:00Z
2025-03-22,C00122,0,2025-05-06T00:00:00Z
2025-03-23,C00122,0,2025-05-07T00:00:00Z
2025-03-24,C00122,0,2025-05-08T00:00:00Z
2025-03-25,C00122,0,2025-05-09T00:00:00Z
2025-03-26,C00122,0,2025-05-10T00:00:00Z
2025-03-27,C00122,0,2025-05-11T00:00:00Z
2025-03-28,C00122,0,2025-05-12T00:00:00Z
2025-03-29,C00122,0,2025-05-13T00:00:00Z
2025-03-30,C00122,1,2025-05-14T00:00:00Z
2025-03-31,C00122,0,2025-05-15T00:00:00Z
2025-04-01,C00122,0,2025-05-16T00:00:00Z
2025-04-02,C00122,0,2025-05-17T00:00:00Z
2025-04-03,C00122,0,2025-05-18T00:00:00Z
2025-04-04,C00122,0,2025-05-19T00:00:00Z
2025-04-05,C00122,0,2025-05-20T00:00:00Z
2025-04-06,C00122,0,2025-05-21T00:00:00Z
2025-04-07,C00122,0,2025-05-22T00:00:00Z
2025-04-08,C00122,0,2025-05-23T00:00:00Z
2025-04-09,C00122,0,2025-05-24T00:00:00Z
2025-04-10,C00122,0,2025-05-25T00:00:00Z
2025-04-11,C00122,0,2025-05-26T00:00:00Z
2025-04-12,C00122,0,2025-05-27T00:00:00Z
2025-04-13,C00122,0,2025-05-28T00:00:00Z
2025-04-14,C00122,0,2025-05-29T00:00:00Z
2025-03-01,C00123,0,2025-04-15T00:00:00Z
2025-03-02,C00123,0,2025-04-16T00:00:00Z
2025-03-03,C00123,0,2025-04-17T00:00:00Z
2025-03-04,C00123,0,2025-04-18T00:00:00Z
2025-03-05,C00123,0,2025-04-19T00:00:00Z
2025-03-06,C00123,0,2025-04-20T00:00:00Z
2025-03-07,C00123,0,2025-04-21T00:00:00Z
2025-03-08,C00123,1,2025-04-22T00:00:00Z
2025-03-09,C00123,0,2025-04-23T00:00:00Z
2025-03-10,C00123,0,2025-04-24T00:00:00Z
2025-03-11,C00123,0,2025-04-25T00:00:00Z
2025-03-12,C00123,0,2025-04-26T00:00:00Z
2025-03-13,C00123,0,2025-04-27T00:00:00Z
2025-03-14,C00123,0,2025-04-28T00:00:00Z
2025-03-15,C00123,0,2025-04-29T00:00:00Z
2025-03-16,C00123,0,2025-04-30T00:00:00Z
2025-03-17,C00123,0,2025-05-01T00:00:00Z
2025-03-18,C00123,0,2025-05-02T00:00:00Z
2025-03-19,C00123,0,2025-05-03T00:00:00Z
2025-03-20,C00123,0,2025-05-04T00:00:00Z
2025-03-21,C00123,0,2025-05-05T00:00:00Z
2025-03-22,C00123,0,2025-05-06T00:00:00Z
2025-03-23,C00123,0,2025-05-07T00:00:00Z
2025-03-24,C00123,0,2025-05-08T00:00:00Z
2025-03-25,C00123,0,2025-05-09T00:00:00Z
2025-03-26,C00123,1,2025-05-10T00:00:00Z
2025-03-27,C00123,1,2025-05-11T00:00:00Z
2025-03-28,C00123,0,2025-05-12T00:00:00Z
2025-03-29,C00123,0,2025-05-13T00:00:00Z
2025-03-30,C00123,0,2025-05-14T00:00:00Z
2025-03-31,C00123,1,2025-05-15T00:00:00Z
2025-04-01,C00123,0,2025-05-16T00:00:00Z
2025-04-02,C00123,0,2025-05-17T00:00:00Z
2025-04-03,C00123,0,2025-05-18T00:00:00Z
2025-04-04,C00123,0,2025-05-19T00:00:00Z
2025-04-05,C00123,0,2025-05-20T00:00:00Z
2025-04-06,C00123,0,2025-05-21T00:00:00Z
2025-04-07,C00123,0,2025-05-22T00:00:00Z
2025-04-08,C00123,0,2025-05-23T00:00:00Z
2025-04-09,C00123,0,2025-05-24T00:00:00Z
2025-04-10,C00123,0,2025-05-25T00:00:00Z
2025-04-11,C00123,0,2025-05-26T00:00:00Z
2025-04-12,C00123,0,2025-05-27T00:00:00Z
2025-04-13,C00123,0,2025-05-28T00:00:00Z
2025-04-14,C00123,0,2025-05-29T00:00:00Z
2025-03-01,C00124,0,2025-04-15T00:00:00Z
2025-03-02,C00124,0,2025-04-16T00:00:00Z
2025-03-03,C00124,0,2025-04-17T00:00:00Z
2025-03-04,C00124,0,2025-04-18T00:00:00Z
2025-03-05,C00124,0,2025-04-19T00:00:00Z
2025-03-06,C00124,0,2025-04-20T00:00:00Z
2025-03-07,C00124,0,2025-04-21T00:00:00Z
2025-03-08,C00124,0,2025-04-22T00:00:00Z
2025-03-09,C00124,0,2025-04-23T00:00:00Z
2025-03-10,C00124,0,2025-04-24T00:00:00Z
2025-03-11,C00124,0,2025-04-25T00:00:00Z
2025-03-12,C00124,0,2025-04-26T00:00:00Z
2025-03-13,C00124,0,2025-04-27T00:00:00Z
2025-03-14,C00124,0,2025-04-28T00:00:00Z
2025-03-15,C00124,0,2025-04-29T00:00:00Z
2025-03-16,C00124,0,2025-04-30T00:00:00Z
2025-03-17,C00124,0,2025-05-01T00:00:00Z
2025-03-18,C00124,0,2025-05-02T00:00:00Z
2025-03-19,C00124,0,2025-05-03T00:00:00Z
2025-03-20,C00124,0,2025-05-04T00:00:00Z
2025-03-21,C00124,0,2025-05-05T00:00:00Z
2025-03-22,C00124,0,2025-05-06T00:00:00Z
2025-03-23,C00124,0,2025-05-07T00:00:00Z
2025-03-24,C00124,1,2025-05-08T00:00:00Z
2025-03-25,C00124,0,2025-05-09T00:00:00Z
2025-03-26,C00124,0,2025-05-10T00:00:00Z
2025-03-27,C00124,0,2025-05-11T00:00:00Z
2025-03-28,C00124,0,2025-05-12T00:00:00Z
2025-03-29,C00124,0,2025-05-13T00:00:00Z
2025-03-30,C00124,0,2025-05-14T00:00:00Z
2025-03-31,C00124,0,2025-05-15T00:00:00Z
2025-04-01,C00124,0,2025-05-16T00:00:00Z
2025-04-02,C00124,0,2025-05-17T00:00:00Z
2025-04-03,C00124,0,2025-05-18T00:00:00Z
2025-04-04,C00124,0,2025-05-19T00:00:00Z
2025-04-05,C00124,0,2025-05-20T00:00:00Z
2025-04-06,C00124,0,2025-05-21T00:00:00Z
2025-04-07,C00124,0,2025-05-22T00:00:00Z
2025-04-08,C00124,0,2025-05-23T00:00:00Z
2025-04-09,C00124,0,2025-05-24T00:00:00Z
2025-04-10,C00124,0,2025-05-25T00:00:00Z
2025-04-11,C00124,0,2025-05-26T00:00:00Z
2025-04-12,C00124,0,2025-05-27T00:00:00Z
2025-04-13,C00124,0,2025-05-28T00:00:00Z
2025-04-14,C00124,0,2025-05-29T00:00:00Z
2025-03-01,C00125,0,2025-04-15T00:00:00Z
2025-03-02,C00125,0,2025-04-16T00:00:00Z
2025-03-03,C00125,0,2025-04-17T00:00:00Z
2025-03-04,C00125,0,2025-04-18T00:00:00Z
2025-03-05,C00125,0,2025-04-19T00:00:00Z
2025-03-06,C00125,0,2025-04-20T00:00:00Z
2025-03-07,C00125,0,2025-04-21T00:00:00Z
2025-03-08,C00125,0,2025-04-22T00:00:00Z
2025-03-09,C00125,0,2025-04-23T00:00:00Z
2025-03-10,C00125,0,2025-04-24T00:00:00Z
2025-03-11,C00125,0,2025-04-25T00:00:00Z
2025-03-12,C00125,0,2025-04-26T00:00:00Z
2025-03-13,C00125,0,2025-04-27T00:00:00Z
2025-03-14,C00125,1,2025-04-28T00:00:00Z
2025-03-15,C00125,0,2025-04-29T00:00:00Z
2025-03-16,C00125,0,2025-04-30T00:00:00Z
2025-03-17,C00125,0,2025-05-01T00:00:00Z
2025-03-18,C00125,0,2025-05-02T00:00:00Z
2025-03-19,C00125,0,2025-05-03T00:00:00Z
2025-03-20,C00125,0,2025-05-04T00:00:00Z
2025-03-21,C00125,0,2025-05-05T00:00:00Z
2025-03-22,C00125,0,2025-05-06T00:00:00Z
2025-03-23,C00125,1,2025-05-07T00:00:00Z
2025-03-24,C00125,0,2025-05-08T00:00:00Z
2025-03-25,C00125,0,2025-05-09T00:00:00Z
2025-03-26,C00125,0,2025-05-10T00:00:00Z
2025-03-27,C00125,0,2025-05-11T00:00:00Z
2025-03-28,C00125,0,2025-05-12T00:00:00Z
2025-03-29,C00125,0,2025-05-13T00:00:00Z
2025-03-30,C00125,0,2025-05-14T00:00:00Z
2025-03-31,C00125,0,2025-05-15T00:00:00Z
2025-04-01,C00125,0,2025-05-16T00:00:00Z
2025-04-02,C00125,0,2025-05-17T00:00:00Z
2025-04-03,C00125,0,2025-05-18T00:00:00Z
2025-04-04,C00125,0,2025-05-19T00:00:00Z
2025-04-05,C00125,0,2025-05-20T00:00:00Z
2025-04-06,C00125,0,2025-05-21T00:00:00Z
2025-04-07,C00125,0,2025-05-22T00:00:00Z
2025-04-08,C00125,0,2025-05-23T00:00:00Z
2025-04-09,C00125,0,2025-05-24T00:00:00Z
2025-04-10,C00125,0,2025-05-25T00:00:00Z
2025-04-11,C00125,0,2025-05-26T00:00:00Z
2025-04-12,C00125,0,2025-05-27T00:00:00Z
2025-04-13,C00125,0,2025-05-28T00:00:00Z
2025-04-14,C00125,0,2025-05-29T00:00:00Z
2025-03-01,C00126,0,2025-04-15T00:00:00Z
2025-03-02,C00126,0,2025-04-16T00:00:00Z
2025-03-03,C00126,0,2025-04-17T00:00:00Z
2025-03-04,C00126,0,2025-04-18T00:00:00Z
2025-03-05,C00126,0,2025-04-19T00:00:00Z
2025-03-06,C00126,0,2025-04-20T00:00:00Z
2025-03-07,C00126,0,2025-04-21T00:00:00Z
2025-03-08,C00126,0,2025-04-22T00:00:00Z
2025-03-09,C00126,0,2025-04-23T00:00:00Z
2025-03-10,C00126,0,2025-04-24T00:00:00Z
2025-03-11,C00126,0,2025-04-25T00:00:00Z
2025-03-12,C00126,0,2025-04-26T00:00:00Z
2025-03-13,C00126,0,2025-04-27T00:00:00Z
2025-03-14,C00126,0,2025-04-28T00:00:00Z
2025-03-15,C00126,0,2025-04-29T00:00:00Z
2025-03-16,C00126,0,2025-04-30T00:00:00Z
2025-03-17,C00126,0,2025-05-01T00:00:00Z
2025-03-18,C00126,0,2025-05-02T00:00:00Z
2025-03-19,C00126,0,2025-05-03T00:00:00Z
2025-03-20,C00126,0,2025-05-04T00:00:00Z
2025-03-21,C00126,0,2025-05-05T00:00:00Z
2025-03-22,C00126,0,2025-05-06T00:00:00Z
2025-03-23,C00126,0,2025-05-07T00:00:00Z
2025-03-24,C00126,0,2025-05-08T00:00:00Z
2025-03-25,C00126,0,2025-05-09T00:00:00Z
2025-03-26,C00126,0,2025-05-10T00:00:00Z
2025-03-27,C00126,0,2025-05-11T00:00:00Z
2025-03-28,C00126,0,2025-05-12T00:00:00Z
2025-03-29,C00126,0,2025-05-13T00:00:00Z
2025-03-30,C00126,0,2025-05-14T00:00:00Z
2025-03-31,C00126,0,2025-05-15T00:00:00Z
2025-04-01,C00126,0,2025-05-16T00:00:00Z
2025-04-02,C00126,0,2025-05-17T00:00:00Z
2025-04-03,C00126,1,2025-05-18T00:00:00Z
2025-04-04,C00126,0,2025-05-19T00:00:00Z
2025-04-05,C00126,0,2025-05-20T00:00:00Z
2025-04-06,C00126,0,2025-05-21T00:00:00Z
2025-04-07,C00126,0,2025-05-22T00:00:00Z
2025-04-08,C00126,0,2025-05-23T00:00:00Z
2025-04-09,C00126,0,2025-05-24T00:00:00Z
2025-04-10,C00126,0,2025-05-25T00:00:00Z
2025-04-11,C00126,0,2025-05-26T00:00:00Z
2025-04-12,C00126,0,2025-05-27T00:00:00Z
2025-04-13,C00126,0,2025-05-28T00:00:00Z
2025-04-14,C00126,0,2025-05-29T00:00:00Z
2025-03-01,C00127,0,2025-04-15T00:00:00Z
2025-03-02,C00127,0,2025-04-16T00:00:00Z
2025-03-03,C00127,0,2025-04-17T00:00:00Z
2025-03-04,C00127,0,2025-04-18T00:00:00Z
2025-03-05,C00127,0,2025-04-19T00:00:00Z
2025-03-06,C00127,0,2025-04-20T00:00:00Z
2025-03-07,C00127,0,2025-04-21T00:00:00Z
2025-03-08,C00127,0,2025-04-22T00:00:00Z
2025-03-09,C00127,0,2025-04-23T00:00:00Z
2025-03-10,C00127,0,2025-04-24T00:00:00Z
2025-03-11,C00127,0,2025-04-25T00:00:00Z
2025-03-12,C00127,0,2025-04-26T00:00:00Z
2025-03-13,C00127,0,2025-04-27T00:00:00Z
2025-03-14,C00127,0,2025-04-28T00:00:00Z
2025-03-15,C00127,0,2025-04-29T00:00:00Z
2025-03-16,C00127,0,2025-04-30T00:00:00Z
2025-03-17,C00127,0,2025-05-01T00:00:00Z
2025-03-18,C00127,0,2025-05-02T00:00:00Z
2025-03-19,C00127,0,2025-05-03T00:00:00Z
2025-03-20,C00127,0,2025-05-04T00:00:00Z
2025-03-21,C00127,0,2025-05-05T00:00:00Z
2025-03-22,C00127,0,2025-05-06T00:00:00Z
2025-03-23,C00127,0,2025-05-07T00:00:00Z
2025-03-24,C00127,0,2025-05-08T00:00:00Z
2025-03-25,C00127,0,2025-05-09T00:00:00Z
2025-03-26,C00127,0,2025-05-10T00:00:00Z
2025-03-27,C00127,0,2025-05-11T00:00:00Z
2025-03-28,C00127,0,2025-05-12T00:00:00Z
2025-03-29,C00127,0,2025-05-13T00:00:00Z
2025-03-30,C00127,0,2025-05-14T00:00:00Z
2025-03-31,C00127,0,2025-05-15T00:00:00Z
2025-04-01,C00127,0,2025-05-16T00:00:00Z
2025-04-02,C00127,0,2025-05-17T00:00:00Z
2025-04-03,C00127,0,2025-05-18T00:00:00Z
2025-04-04,C00127,0,2025-05-19T00:00:00Z
2025-04-05,C00127,0,2025-05-20T00:00:00Z
2025-04-06,C00127,0,2025-05-21T00:00:00Z
2025-04-07,C00127,0,2025-05-22T00:00:00Z
2025-04-08,C00127,0,2025-05-23T00:00:00Z
2025-04-09,C00127,0,2025-05-24T00:00:00Z
2025-04-10,C00127,0,2025-05-25T00:00:00Z
2025-04-11,C00127,0,2025-05-26T00:00:00Z
2025-04-12,C00127,0,2025-05-27T00:00:00Z
2025-04-13,C00127,0,2025-05-28T00:00:00Z
2025-04-14,C00127,0,2025-05-29T00:00:00Z
2025-03-01,C00128,0,2025-04-15T00:00:00Z
2025-03-02,C00128,0,2025-04-16T00:00:00Z
2025-03-03,C00128,0,2025-04-17T00:00:00Z
2025-03-04,C00128,0,2025-04-18T00:00:00Z
2025-03-05,C00128,0,2025-04-19T00:00:00Z
2025-03-06,C00128,0,2025-04-20T00:00:00Z
2025-03-07,C00128,0,2025-04-21T00:00:00Z
2025-03-08,C00128,0,2025-04-22T00:00:00Z
2025-03-09,C00128,0,2025-04-23T00:00:00Z
2025-03-10,C00128,0,2025-04-24T00:00:00Z
2025-03-11,C00128,0,2025-04-25T00:00:00Z
2025-03-12,C00128,0,2025-04-26T00:00:00Z
2025-03-13,C00128,0,2025-04-27T00:00:00Z
2025-03-14,C00128,0,2025-04-28T00:00:00Z
2025-03-15,C00128,0,2025-04-29T00:00:00Z
2025-03-16,C00128,0,2025-04-30T00:00:00Z
2025-03-17,C00128,0,2025-05-01T00:00:00Z
2025-03-18,C00128,0,2025-05-02T00:00:00Z
2025-03-19,C00128,1,2025-05-03T00:00:00Z
2025-03-20,C00128,0,2025-05-04T00:00:00Z
2025-03-21,C00128,0,2025-05-05T00:00:00Z
2025-03-22,C00128,0,2025-05-06T00:00:00Z
2025-03-23,C00128,0,2025-05-07T00:00:00Z
2025-03-24,C00128,0,2025-05-08T00:00:00Z
2025-03-25,C00128,0,2025-05-09T00:00:00Z
2025-03-26,C00128,0,2025-05-10T00:00:00Z
2025-03-27,C00128,0,2025-05-11T00:00:00Z
2025-03-28,C00128,0,2025-05-12T00:00:00Z
2025-03-29,C00128,0,2025-05-13T00:00:00Z
2025-03-30,C00128,0,2025-05-14T00:00:00Z
2025-03-31,C00128,0,2025-05-15T00:00:00Z
2025-04-01,C00128,0,2025-05-16T00:00:00Z
2025-04-02,C00128,0,2025-05-17T00:00:00Z
2025-04-03,C00128,0,2025-05-18T00:00:00Z
2025-04-04,C00128,0,2025-05-19T00:00:00Z
2025-04-05,C00128,0,2025-05-20T00:00:00Z
2025-04-06,C00128,0,2025-05-21T00:00:00Z
2025-04-07,C00128,0,2025-05-22T00:00:00Z
2025-04-08,C00128,0,2025-05-23T00:00:00Z
2025-04-09,C00128,0,2025-05-24T00:00:00Z
2025-04-10,C00128,0,2025-05-25T00:00:00Z
2025-04-11,C00128,1,2025-05-26T00:00:00Z
2025-04-12,C00128,1,2025-05-27T00:00:00Z
2025-04-13,C00128,0,2025-05-28T00:00:00Z
2025-04-14,C00128,0,2025-05-29T00:00:00Z
2025-03-01,C00129,0,2025-04-15T00:00:00Z
2025-03-02,C00129,0,2025-04-16T00:00:00Z
2025-03-03,C00129,0,2025-04-17T00:00:00Z
2025-03-04,C00129,0,2025-04-18T00:00:00Z
2025-03-05,C00129,0,2025-04-19T00:00:00Z
2025-03-06,C00129,0,2025-04-20T00:00:00Z
2025-03-07,C00129,0,2025-04-21T00:00:00Z
2025-03-08,C00129,0,2025-04-22T00:00:00Z
2025-03-09,C00129,0,2025-04-23T00:00:00Z
2025-03-10,C00129,0,2025-04-24T00:00:00Z
2025-03-11,C00129,0,2025-04-25T00:00:00Z
2025-03-12,C00129,0,2025-04-26T00:00:00Z
2025-03-13,C00129,0,2025-04-27T00:00:00Z
2025-03-14,C00129,0,2025-04-28T00:00:00Z
2025-03-15,C00129,0,2025-04-29T00:00:00Z
2025-03-16,C00129,0,2025-04-30T00:00:00Z
2025-03-17,C00129,0,2025-05-01T00:00:00Z
2025-03-18,C00129,0,2025-05-02T00:00:00Z
2025-03-19,C00129,0,2025-05-03T00:00:00Z
2025-03-20,C00129,0,2025-05-04T00:00:00Z
2025-03-21,C00129,0,2025-05-05T00:00:00Z
2025-03-22,C00129,0,2025-05-06T00:00:00Z
2025-03-23,C00129,0,2025-05-07T00:00:00Z
2025-03-24,C00129,0,2025-05-08T00:00:00Z
2025-03-25,C00129,0,2025-05-09T00:00:00Z
2025-03-26,C00129,0,2025-05-10T00:00:00Z
2025-03-27,C00129,0,2025-05-11T00:00:00Z
2025-03-28,C00129,0,2025-05-12T00:00:00Z
2025-03-29,C00129,0,2025-05-13T00:00:00Z
2025-03-30,C00129,0,2025-05-14T00:00:00Z
2025-03-31,C00129,0,2025-05-15T00:00:00Z
2025-04-01,C00129,0,2025-05-16T00:00:00Z
2025-04-02,C00129,0,2025-05-17T00:00:00Z
2025-04-03,C00129,0,2025-05-18T00:00:00Z
2025-04-04,C00129,0,2025-05-19T00:00:00Z
2025-04-05,C00129,0,2025-05-20T00:00:00Z
2025-04-06,C00129,0,2025-05-21T00:00:00Z
2025-04-07,C00129,0,2025-05-22T00:00:00Z
2025-04-08,C00129,0,2025-05-23T00:00:00Z
2025-04-09,C00129,0,2025-05-24T00:00:00Z
2025-04-10,C00129,0,2025-05-25T00:00:00Z
2025-04-11,C00129,0,2025-05-26T00:00:00Z
2025-04-12,C00129,0,2025-05-27T00:00:00Z
2025-04-13,C00129,0,2025-05-28T00:00:00Z
2025-04-14,C00129,0,2025-05-29T00:00:00Z
2025-03-01,C00130,0,2025-04-15T00:00:00Z
2025-03-02,C00130,0,2025-04-16T00:00:00Z
2025-03-03,C00130,0,2025-04-17T00:00:00Z
2025-03-04,C00130,0,2025-04-18T00:00:00Z
2025-03-05,C00130,0,2025-04-19T00:00:00Z
2025-03-06,C00130,0,2025-04-20T00:00:00Z
2025-03-07,C00130,0,2025-04-21T00:00:00Z
2025-03-08,C00130,0,2025-04-22T00:00:00Z
2025-03-09,C00130,0,2025-04-23T00:00:00Z
2025-03-10,C00130,0,2025-04-24T00:00:00Z
2025-03-11,C00130,0,2025-04-25T00:00:00Z
2025-03-12,C00130,0,2025-04-26T00:00:00Z
2025-03-13,C00130,0,2025-04-27T00:00:00Z
2025-03-14,C00130,0,2025-04-28T00:00:00Z
2025-03-15,C00130,0,2025-04-29T00:00:00Z
2025-03-16,C00130,0,2025-04-30T00:00:00Z
2025-03-17,C00130,0,2025-05-01T00:00:00Z
2025-03-18,C00130,0,2025-05-02T00:00:00Z
2025-03-19,C00130,0,2025-05-03T00:00:00Z
2025-03-20,C00130,0,2025-05-04T00:00:00Z
2025-03-21,C00130,0,2025-05-05T00:00:00Z
2025-03-22,C00130,0,2025-05-06T00:00:00Z
2025-03-23,C00130,0,2025-05-07T00:00:00Z
2025-03-24,C00130,0,2025-05-08T00:00:00Z
2025-03-25,C00130,0,2025-05-09T00:00:00Z
2025-03-26,C00130,0,2025-05-10T00:00:00Z
2025-03-27,C00130,0,2025-05-11T00:00:00Z
2025-03-28,C00130,0,2025-05-12T00:00:00Z
2025-03-29,C00130,0,2025-05-13T00:00:00Z
2025-03-30,C00130,0,2025-05-14T00:00:00Z
2025-03-31,C00130,0,2025-05-15T00:00:00Z
2025-04-01,C00130,0,2025-05-16T00:00:00Z
2025-04-02,C00130,0,2025-05-17T00:00:00Z
2025-04-03,C00130,0,2025-05-18T00:00:00Z
2025-04-04,C00130,0,2025-05-19T00:00:00Z
2025-04-05,C00130,0,2025-05-20T00:00:00Z
2025-04-06,C00130,0,2025-05-21T00:00:00Z
2025-04-07,C00130,0,2025-05-22T00:00:00Z
2025-04-08,C00130,0,2025-05-23T00:00:00Z
2025-04-09,C00130,0,2025-05-24T00:00:00Z
2025-04-10,C00130,0,2025-05-25T00:00:00Z
2025-04-11,C00130,0,2025-05-26T00:00:00Z
2025-04-12,C00130,0,2025-05-27T00:00:00Z
2025-04-13,C00130,0,2025-05-28T00:00:00Z
2025-04-14,C00130,0,2025-05-29T00:00:00Z
2025-03-01,C00131,0,2025-04-15T00:00:00Z
2025-03-02,C00131,0,2025-04-16T00:00:00Z
2025-03-03,C00131,0,2025-04-17T00:00:00Z
2025-03-04,C00131,0,2025-04-18T00:00:00Z
2025-03-05,C00131,0,2025-04-19T00:00:00Z
2025-03-06,C00131,0,2025-04-20T00:00:00Z
2025-03-07,C00131,0,2025-04-21T00:00:00Z
2025-03-08,C00131,0,2025-04-22T00:00:00Z
2025-03-09,C00131,0,2025-04-23T00:00:00Z
2025-03-10,C00131,1,2025-04-24T00:00:00Z
2025-03-11,C00131,1,2025-04-25T00:00:00Z
2025-03-12,C00131,0,2025-04-26T00:00:00Z
2025-03-13,C00131,0,2025-04-27T00:00:00Z
2025-03-14,C00131,0,2025-04-28T00:00:00Z
2025-03-15,C00131,0,2025-04-29T00:00:00Z
2025-03-16,C00131,0,2025-04-30T00:00:00Z
2025-03-17,C00131,0,2025-05-01T00:00:00Z
2025-03-18,C00131,0,2025-05-02T00:00:00Z
2025-03-19,C00131,0,2025-05-03T00:00:00Z
2025-03-20,C00131,1,2025-05-04T00:00:00Z
2025-03-21,C00131,0,2025-05-05T00:00:00Z
2025-03-22,C00131,0,2025-05-06T00:00:00Z
2025-03-23,C00131,0,2025-05-07T00:00:00Z
2025-03-24,C00131,0,2025-05-08T00:00:00Z
2025-03-25,C00131,1,2025-05-09T00:00:00Z
2025-03-26,C00131,0,2025-05-10T00:00:00Z
2025-03-27,C00131,0,2025-05-11T00:00:00Z
2025-03-28,C00131,0,2025-05-12T00:00:00Z
2025-03-29,C00131,0,2025-05-13T00:00:00Z
2025-03-30,C00131,1,2025-05-14T00:00:00Z
2025-03-31,C00131,0,2025-05-15T00:00:00Z
2025-04-01,C00131,0,2025-05-16T00:00:00Z
2025-04-02,C00131,0,2025-05-17T00:00:00Z
2025-04-03,C00131,0,2025-05-18T00:00:00Z
2025-04-04,C00131,0,2025-05-19T00:00:00Z
2025-04-05,C00131,0,2025-05-20T00:00:00Z
2025-04-06,C00131,0,2025-05-21T00:00:00Z
2025-04-07,C00131,0,2025-05-22T00:00:00Z
2025-04-08,C00131,0,2025-05-23T00:00:00Z
2025-04-09,C00131,0,2025-05-24T00:00:00Z
2025-04-10,C00131,0,2025-05-25T00:00:00Z
2025-04-11,C00131,0,2025-05-26T00:00:00Z
2025-04-12,C00131,0,2025-05-27T00:00:00Z
2025-04-13,C00131,0,2025-05-28T00:00:00Z
2025-04-14,C00131,0,2025-05-29T00:00:00Z
2025-03-01,C00132,0,2025-04-15T00:00:00Z
2025-03-02,C00132,0,2025-04-16T00:00:00Z
2025-03-03,C00132,0,2025-04-17T00:00:00Z
2025-03-04,C00132,0,2025-04-18T00:00:00Z
2025-03-05,C00132,0,2025-04-19T00:00:00Z
2025-03-06,C00132,0,2025-04-20T00:00:00Z
2025-03-07,C00132,0,2025-04-21T00:00:00Z
2025-03-08,C00132,0,2025-04-22T00:00:00Z
2025-03-09,C00132,0,2025-04-23T00:00:00Z
2025-03-10,C00132,0,2025-04-24T00:00:00Z
2025-03-11,C00132,0,2025-04-25T00:00:00Z
2025-03-12,C00132,0,2025-04-26T00:00:00Z
2025-03-13,C00132,0,2025-04-27T00:00:00Z
2025-03-14,C00132,0,2025-04-28T00:00:00Z
2025-03-15,C00132,0,2025-04-29T00:00:00Z
2025-03-16,C00132,0,2025-04-30T00:00:00Z
2025-03-17,C00132,0,2025-05-01T00:00:00Z
2025-03-18,C00132,0,2025-05-02T00:00:00Z
2025-03-19,C00132,0,2025-05-03T00:00:00Z
2025-03-20,C00132,0,2025-05-04T00:00:00Z
2025-03-21,C00132,0,2025-05-05T00:00:00Z
2025-03-22,C00132,1,2025-05-06T00:00:00Z
2025-03-23,C00132,0,2025-05-07T00:00:00Z
2025-03-24,C00132,0,2025-05-08T00:00:00Z
2025-03-25,C00132,0,2025-05-09T00:00:00Z
2025-03-26,C00132,0,2025-05-10T00:00:00Z
2025-03-27,C00132,0,2025-05-11T00:00:00Z
2025-03-28,C00132,1,2025-05-12T00:00:00Z
2025-03-29,C00132,0,2025-05-13T00:00:00Z
2025-03-30,C00132,0,2025-05-14T00:00:00Z
2025-03-31,C00132,0,2025-05-15T00:00:00Z
2025-04-01,C00132,0,2025-05-16T00:00:00Z
2025-04-02,C00132,0,2025-05-17T00:00:00Z
2025-04-03,C00132,0,2025-05-18T00:00:00Z
2025-04-04,C00132,0,2025-05-19T00:00:00Z
2025-04-05,C00132,0,2025-05-20T00:00:00Z
2025-04-06,C00132,0,2025-05-21T00:00:00Z
2025-04-07,C00132,0,2025-05-22T00:00:00Z
2025-04-08,C00132,1,2025-05-23T00:00:00Z
2025-04-09,C00132,0,2025-05-24T00:00:00Z
2025-04-10,C00132,0,2025-05-25T00:00:00Z
2025-04-11,C00132,0,2025-05-26T00:00:00Z
2025-04-12,C00132,0,2025-05-27T00:00:00Z
2025-04-13,C00132,0,2025-05-28T00:00:00Z
2025-04-14,C00132,0,2025-05-29T00:00:00Z
2025-03-01,C00133,0,2025-04-15T00:00:00Z
2025-03-02,C00133,0,2025-04-16T00:00:00Z
2025-03-03,C00133,0,2025-04-17T00:00:00Z
2025-03-04,C00133,0,2025-04-18T00:00:00Z
2025-03-05,C00133,0,2025-04-19T00:00:00Z
2025-03-06,C00133,0,2025-04-20T00:00:00Z
2025-03-07,C00133,0,2025-04-21T00:00:00Z
2025-03-08,C00133,0,2025-04-22T00:00:00Z
2025-03-09,C00133,0,2025-04-23T00:00:00Z
2025-03-10,C00133,0,2025-04-24T00:00:00Z
2025-03-11,C00133,0,2025-04-25T00:00:00Z
2025-03-12,C00133,0,2025-04-26T00:00:00Z
2025-03-13,C00133,0,2025-04-27T00:00:00Z
2025-03-14,C00133,0,2025-04-28T00:00:00Z
2025-03-15,C00133,0,2025-04-29T00:00:00Z
2025-03-16,C00133,1,2025-04-30T00:00:00Z
2025-03-17,C00133,0,2025-05-01T00:00:00Z
2025-03-18,C00133,0,2025-05-02T00:00:00Z
2025-03-19,C00133,0,2025-05-03T00:00:00Z
2025-03-20,C00133,0,2025-05-04T00:00:00Z
2025-03-21,C00133,0,2025-05-05T00:00:00Z
2025-03-22,C00133,1,2025-05-06T00:00:00Z
2025-03-23,C00133,0,2025-05-07T00:00:00Z
2025-03-24,C00133,0,2025-05-08T00:00:00Z
2025-03-25,C00133,0,2025-05-09T00:00:00Z
2025-03-26,C00133,0,2025-05-10T00:00:00Z
2025-03-27,C00133,0,2025-05-11T00:00:00Z
2025-03-28,C00133,1,2025-05-12T00:00:00Z
2025-03-29,C00133,0,2025-05-13T00:00:00Z
2025-03-30,C00133,0,2025-05-14T00:00:00Z
2025-03-31,C00133,0,2025-05-15T00:00:00Z
2025-04-01,C00133,0,2025-05-16T00:00:00Z
2025-04-02,C00133,0,2025-05-17T00:00:00Z
2025-04-03,C00133,0,2025-05-18T00:00:00Z
2025-04-04,C00133,1,2025-05-19T00:00:00Z
2025-04-05,C00133,0,2025-05-20T00:00:00Z
2025-04-06,C00133,1,2025-05-21T00:00:00Z
2025-04-07,C00133,0,2025-05-22T00:00:00Z
2025-04-08,C00133,0,2025-05-23T00:00:00Z
2025-04-09,C00133,0,2025-05-24T00:00:00Z
2025-04-10,C00133,0,2025-05-25T00:00:00Z
2025-04-11,C00133,1,2025-05-26T00:00:00Z
2025-04-12,C00133,0,2025-05-27T00:00:00Z
2025-04-13,C00133,0,2025-05-28T00:00:00Z
2025-04-14,C00133,0,2025-05-29T00:00:00Z
2025-03-01,C00134,0,2025-04-15T00:00:00Z
2025-03-02,C00134,0,2025-04-16T00:00:00Z
2025-03-03,C00134,0,2025-04-17T00:00:00Z
2025-03-04,C00134,0,2025-04-18T00:00:00Z
2025-03-05,C00134,0,2025-04-19T00:00:00Z
2025-03-06,C00134,0,2025-04-20T00:00:00Z
2025-03-07,C00134,0,2025-04-21T00:00:00Z
2025-03-08,C00134,0,2025-04-22T00:00:00Z
2025-03-09,C00134,0,2025-04-23T00:00:00Z
2025-03-10,C00134,0,2025-04-24T00:00:00Z
2025-03-11,C00134,0,2025-04-25T00:00:00Z
2025-03-12,C00134,0,2025-04-26T00:00:00Z
2025-03-13,C00134,0,2025-04-27T00:00:00Z
2025-03-14,C00134,0,2025-04-28T00:00:00Z
2025-03-15,C00134,0,2025-04-29T00:00:00Z
2025-03-16,C00134,0,2025-04-30T00:00:00Z
2025-03-17,C00134,1,2025-05-01T00:00:00Z
2025-03-18,C00134,0,2025-05-02T00:00:00Z
2025-03-19,C00134,0,2025-05-03T00:00:00Z
2025-03-20,C00134,0,2025-05-04T00:00:00Z
2025-03-21,C00134,0,2025-05-05T00:00:00Z
2025-03-22,C00134,0,2025-05-06T00:00:00Z
2025-03-23,C00134,0,2025-05-07T00:00:00Z
2025-03-24,C00134,0,2025-05-08T00:00:00Z
2025-03-25,C00134,0,2025-05-09T00:00:00Z
2025-03-26,C00134,0,2025-05-10T00:00:00Z
2025-03-27,C00134,0,2025-05-11T00:00:00Z
2025-03-28,C00134,0,2025-05-12T00:00:00Z
2025-03-29,C00134,0,2025-05-13T00:00:00Z
2025-03-30,C00134,0,2025-05-14T00:00:00Z
2025-03-31,C00134,0,2025-05-15T00:00:00Z
2025-04-01,C00134,0,2025-05-16T00:00:00Z
2025-04-02,C00134,0,2025-05-17T00:00:00Z
2025-04-03,C00134,0,2025-05-18T00:00:00Z
2025-04-04,C00134,0,2025-05-19T00:00:00Z
2025-04-05,C00134,0,2025-05-20T00:00:00Z
2025-04-06,C00134,0,2025-05-21T00:00:00Z
2025-04-07,C00134,0,2025-05-22T00:00:00Z
2025-04-08,C00134,0,2025-05-23T00:00:00Z
2025-04-09,C00134,0,2025-05-24T00:00:00Z
2025-04-10,C00134,0,2025-05-25T00:00:00Z
2025-04-11,C00134,0,2025-05-26T00:00:00Z
2025-04-12,C00134,0,2025-05-27T00:00:00Z
2025-04-13,C00134,0,2025-05-28T00:00:00Z
2025-04-14,C00134,0,2025-05-29T00:00:00Z
2025-03-01,C00135,0,2025-04-15T00:00:00Z
2025-03-02,C00135,0,2025-04-16T00:00:00Z
2025-03-03,C00135,0,2025-04-17T00:00:00Z
2025-03-04,C00135,0,2025-04-18T00:00:00Z
2025-03-05,C00135,0,2025-04-19T00:00:00Z
2025-03-06,C00135,0,2025-04-20T00:00:00Z
2025-03-07,C00135,0,2025-04-21T00:00:00Z
2025-03-08,C00135,0,2025-04-22T00:00:00Z
2025-03-09,C00135,0,2025-04-23T00:00:00Z
2025-03-10,C00135,0,2025-04-24T00:00:00Z
2025-03-11,C00135,0,2025-04-25T00:00:00Z
2025-03-12,C00135,0,2025-04-26T00:00:00Z
2025-03-13,C00135,0,2025-04-27T00:00:00Z
2025-03-14,C00135,0,2025-04-28T00:00:00Z
2025-03-15,C00135,0,2025-04-29T00:00:00Z
2025-03-16,C00135,1,2025-04-30T00:00:00Z
2025-03-17,C00135,0,2025-05-01T00:00:00Z
2025-03-18,C00135,0,2025-05-02T00:00:00Z
2025-03-19,C00135,0,2025-05-03T00:00:00Z
2025-03-20,C00135,0,2025-05-04T00:00:00Z
2025-03-21,C00135,0,2025-05-05T00:00:00Z
2025-03-22,C00135,0,2025-05-06T00:00:00Z
2025-03-23,C00135,0,2025-05-07T00:00:00Z
2025-03-24,C00135,0,2025-05-08T00:00:00Z
2025-03-25,C00135,0,2025-05-09T00:00:00Z
2025-03-26,C00135,0,2025-05-10T00:00:00Z
2025-03-27,C00135,0,2025-05-11T00:00:00Z
2025-03-28,C00135,0,2025-05-12T00:00:00Z
2025-03-29,C00135,0,2025-05-13T00:00:00Z
2025-03-30,C00135,0,2025-05-14T00:00:00Z
2025-03-31,C00135,0,2025-05-15T00:00:00Z
2025-04-01,C00135,0,2025-05-16T00:00:00Z
2025-04-02,C00135,0,2025-05-17T00:00:00Z
2025-04-03,C00135,0,2025-05-18T00:00:00Z
2025-04-04,C00135,0,2025-05-19T00:00:00Z
2025-04-05,C00135,0,2025-05-20T00:00:00Z
2025-04-06,C00135,0,2025-05-21T00:00:00Z
2025-04-07,C00135,0,2025-05-22T00:00:00Z
2025-04-08,C00135,0,2025-05-23T00:00:00Z
2025-04-09,C00135,0,2025-05-24T00:00:00Z
2025-04-10,C00135,0,2025-05-25T00:00:00Z
2025-04-11,C00135,0,2025-05-26T00:00:00Z
2025-04-12,C00135,0,2025-05-27T00:00:00Z
2025-04-13,C00135,0,2025-05-28T00:00:00Z
2025-04-14,C00135,0,2025-05-29T00:00:00Z
2025-03-01,C00136,0,2025-04-15T00:00:00Z
2025-03-02,C00136,0,2025-04-16T00:00:00Z
2025-03-03,C00136,0,2025-04-17T00:00:00Z
2025-03-04,C00136,0,2025-04-18T00:00:00Z
2025-03-05,C00136,0,2025-04-19T00:00:00Z
2025-03-06,C00136,0,2025-04-20T00:00:00Z
2025-03-07,C00136,0,2025-04-21T00:00:00Z
2025-03-08,C00136,0,2025-04-22T00:00:00Z
2025-03-09,C00136,0,2025-04-23T00:00:00Z
2025-03-10,C00136,0,2025-04-24T00:00:00Z
2025-03-11,C00136,0,2025-04-25T00:00:00Z
2025-03-12,C00136,0,2025-04-26T00:00:00Z
2025-03-13,C00136,0,2025-04-27T00:00:00Z
2025-03-14,C00136,0,2025-04-28T00:00:00Z
2025-03-15,C00136,0,2025-04-29T00:00:00Z
2025-03-16,C00136,0,2025-04-30T00:00:00Z
2025-03-17,C00136,0,2025-05-01T00:00:00Z
2025-03-18,C00136,0,2025-05-02T00:00:00Z
2025-03-19,C00136,0,2025-05-03T00:00:00Z
2025-03-20,C00136,0,2025-05-04T00:00:00Z
2025-03-21,C00136,0,2025-05-05T00:00:00Z
2025-03-22,C00136,0,2025-05-06T00:00:00Z
2025-03-23,C00136,0,2025-05-07T00:00:00Z
2025-03-24,C00136,0,2025-05-08T00:00:00Z
2025-03-25,C00136,0,2025-05-09T00:00:00Z
2025-03-26,C00136,0,2025-05-10T00:00:00Z
2025-03-27,C00136,0,2025-05-11T00:00:00Z
2025-03-28,C00136,0,2025-05-12T00:00:00Z
2025-03-29,C00136,0,2025-05-13T00:00:00Z
2025-03-30,C00136,1,2025-05-14T00:00:00Z
2025-03-31,C00136,0,2025-05-15T00:00:00Z
2025-04-01,C00136,0,2025-05-16T00:00:00Z
2025-04-02,C00136,0,2025-05-17T00:00:00Z
2025-04-03,C00136,0,2025-05-18T00:00:00Z
2025-04-04,C00136,0,2025-05-19T00:00:00Z
2025-04-05,C00136,0,2025-05-20T00:00:00Z
2025-04-06,C00136,0,2025-05-21T00:00:00Z
2025-04-07,C00136,0,2025-05-22T00:00:00Z
2025-04-08,C00136,0,2025-05-23T00:00:00Z
2025-04-09,C00136,0,2025-05-24T00:00:00Z
2025-04-10,C00136,1,2025-05-25T00:00:00Z
2025-04-11,C00136,0,2025-05-26T00:00:00Z
2025-04-12,C00136,0,2025-05-27T00:00:00Z
2025-04-13,C00136,0,2025-05-28T00:00:00Z
2025-04-14,C00136,0,2025-05-29T00:00:00Z
2025-03-01,C00137,0,2025-04-15T00:00:00Z
2025-03-02,C00137,1,2025-04-16T00:00:00Z
2025-03-03,C00137,0,2025-04-17T00:00:00Z
2025-03-04,C00137,0,2025-04-18T00:00:00Z
2025-03-05,C00137,0,2025-04-19T00:00:00Z
2025-03-06,C00137,0,2025-04-20T00:00:00Z
2025-03-07,C00137,0,2025-04-21T00:00:00Z
2025-03-08,C00137,0,2025-04-22T00:00:00Z
2025-03-09,C00137,0,2025-04-23T00:00:00Z
2025-03-10,C00137,0,2025-04-24T00:00:00Z
2025-03-11,C00137,0,2025-04-25T00:00:00Z
2025-03-12,C00137,0,2025-04-26T00:00:00Z
2025-03-13,C00137,0,2025-04-27T00:00:00Z
2025-03-14,C00137,0,2025-04-28T00:00:00Z
2025-03-15,C00137,0,2025-04-29T00:00:00Z
2025-03-16,C00137,0,2025-04-30T00:00:00Z
2025-03-17,C00137,0,2025-05-01T00:00:00Z
2025-03-18,C00137,0,2025-05-02T00:00:00Z
2025-03-19,C00137,0,2025-05-03T00:00:00Z
2025-03-20,C00137,0,2025-05-04T00:00:00Z
2025-03-21,C00137,0,2025-05-05T00:00:00Z
2025-03-22,C00137,0,2025-05-06T00:00:00Z
2025-03-23,C00137,1,2025-05-07T00:00:00Z
2025-03-24,C00137,0,2025-05-08T00:00:00Z
2025-03-25,C00137,0,2025-05-09T00:00:00Z
2025-03-26,C00137,0,2025-05-10T00:00:00Z
2025-03-27,C00137,0,2025-05-11T00:00:00Z
2025-03-28,C00137,0,2025-05-12T00:00:00Z
2025-03-29,C00137,0,2025-05-13T00:00:00Z
2025-03-30,C00137,0,2025-05-14T00:00:00Z
2025-03-31,C00137,0,2025-05-15T00:00:00Z
2025-04-01,C00137,0,2025-05-16T00:00:00Z
2025-04-02,C00137,0,2025-05-17T00:00:00Z
2025-04-03,C00137,0,2025-05-18T00:00:00Z
2025-04-04,C00137,0,2025-05-19T00:00:00Z
2025-04-05,C00137,0,2025-05-20T00:00:00Z
2025-04-06,C00137,0,2025-05-21T00:00:00Z
2025-04-07,C00137,0,2025-05-22T00:00:00Z
2025-04-08,C00137,0,2025-05-23T00:00:00Z
2025-04-09,C00137,0,2025-05-24T00:00:00Z
2025-04-10,C00137,0,2025-05-25T00:00:00Z
2025-04-11,C00137,0,2025-05-26T00:00:00Z
2025-04-12,C00137,0,2025-05-27T00:00:00Z
2025-04-13,C00137,0,2025-05-28T00:00:00Z
2025-04-14,C00137,0,2025-05-29T00:00:00Z
2025-03-01,C00138,0,2025-04-15T00:00:00Z
2025-03-02,C00138,0,2025-04-16T00:00:00Z
2025-03-03,C00138,0,2025-04-17T00:00:00Z
2025-03-04,C00138,0,2025-04-18T00:00:00Z
2025-03-05,C00138,0,2025-04-19T00:00:00Z
2025-03-06,C00138,0,2025-04-20T00:00:00Z
2025-03-07,C00138,0,2025-04-21T00:00:00Z
2025-03-08,C00138,0,2025-04-22T00:00:00Z
2025-03-09,C00138,0,2025-04-23T00:00:00Z
2025-03-10,C00138,0,2025-04-24T00:00:00Z
2025-03-11,C00138,0,2025-04-25T00:00:00Z
2025-03-12,C00138,0,2025-04-26T00:00:00Z
2025-03-13,C00138,0,2025-04-27T00:00:00Z
2025-03-14,C00138,0,2025-04-28T00:00:00Z
2025-03-15,C00138,0,2025-04-29T00:00:00Z
2025-03-16,C00138,0,2025-04-30T00:00:00Z
2025-03-17,C00138,0,2025-05-01T00:00:00Z
2025-03-18,C00138,0,2025-05-02T00:00:00Z
2025-03-19,C00138,0,2025-05-03T00:00:00Z
2025-03-20,C00138,0,2025-05-04T00:00:00Z
2025-03-21,C00138,0,2025-05-05T00:00:00Z
2025-03-22,C00138,0,2025-05-06T00:00:00Z
2025-03-23,C00138,0,2025-05-07T00:00:00Z
2025-03-24,C00138,0,2025-05-08T00:00:00Z
2025-03-25,C00138,0,2025-05-09T00:00:00Z
2025-03-26,C00138,0,2025-05-10T00:00:00Z
2025-03-27,C00138,0,2025-05-11T00:00:00Z
2025-03-28,C00138,0,2025-05-12T00:00:00Z
2025-03-29,C00138,0,2025-05-13T00:00:00Z
2025-03-30,C00138,0,2025-05-14T00:00:00Z
2025-03-31,C00138,0,2025-05-15T00:00:00Z
2025-04-01,C00138,0,2025-05-16T00:00:00Z
2025-04-02,C00138,0,2025-05-17T00:00:00Z
2025-04-03,C00138,0,2025-05-18T00:00:00Z
2025-04-04,C00138,0,2025-05-19T00:00:00Z
2025-04-05,C00138,0,2025-05-20T00:00:00Z
2025-04-06,C00138,0,2025-05-21T00:00:00Z
2025-04-07,C00138,0,2025-05-22T00:00:00Z
2025-04-08,C00138,0,2025-05-23T00:00:00Z
2025-04-09,C00138,0,2025-05-24T00:00:00Z
2025-04-10,C00138,0,2025-05-25T00:00:00Z
2025-04-11,C00138,0,2025-05-26T00:00:00Z
2025-04-12,C00138,0,2025-05-27T00:00:00Z
2025-04-13,C00138,0,2025-05-28T00:00:00Z
2025-04-14,C00138,0,2025-05-29T00:00:00Z
2025-03-01,C00139,1,2025-04-15T00:00:00Z
2025-03-02,C00139,0,2025-04-16T00:00:00Z
2025-03-03,C00139,0,2025-04-17T00:00:00Z
2025-03-04,C00139,0,2025-04-18T00:00:00Z
2025-03-05,C00139,0,2025-04-19T00:00:00Z
2025-03-06,C00139,0,2025-04-20T00:00:00Z
2025-03-07,C00139,0,2025-04-21T00:00:00Z
2025-03-08,C00139,0,2025-04-22T00:00:00Z
2025-03-09,C00139,0,2025-04-23T00:00:00Z
2025-03-10,C00139,0,2025-04-24T00:00:00Z
2025-03-11,C00139,0,2025-04-25T00:00:00Z
2025-03-12,C00139,0,2025-04-26T00:00:00Z
2025-03-13,C00139,0,2025-04-27T00:00:00Z
2025-03-14,C00139,0,2025-04-28T00:00:00Z
2025-03-15,C00139,0,2025-04-29T00:00:00Z
2025-03-16,C00139,0,2025-04-30T00:00:00Z
2025-03-17,C00139,0,2025-05-01T00:00:00Z
2025-03-18,C00139,0,2025-05-02T00:00:00Z
2025-03-19,C00139,0,2025-05-03T00:00:00Z
2025-03-20,C00139,0,2025-05-04T00:00:00Z
2025-03-21,C00139,0,2025-05-05T00:00:00Z
2025-03-22,C00139,0,2025-05-06T00:00:00Z
2025-03-23,C00139,0,2025-05-07T00:00:00Z
2025-03-24,C00139,0,2025-05-08T00:00:00Z
2025-03-25,C00139,0,2025-05-09T00:00:00Z
2025-03-26,C00139,0,2025-05-10T00:00:00Z
2025-03-27,C00139,0,2025-05-11T00:00:00Z
2025-03-28,C00139,0,2025-05-12T00:00:00Z
2025-03-29,C00139,0,2025-05-13T00:00:00Z
2025-03-30,C00139,0,2025-05-14T00:00:00Z
2025-03-31,C00139,0,2025-05-15T00:00:00Z
2025-04-01,C00139,0,2025-05-16T00:00:00Z
2025-04-02,C00139,0,2025-05-17T00:00:00Z
2025-04-03,C00139,0,2025-05-18T00:00:00Z
2025-04-04,C00139,0,2025-05-19T00:00:00Z
2025-04-05,C00139,0,2025-05-20T00:00:00Z
2025-04-06,C00139,0,2025-05-21T00:00:00Z
2025-04-07,C00139,0,2025-05-22T00:00:00Z
2025-04-08,C00139,0,2025-05-23T00:00:00Z
2025-04-09,C00139,0,2025-05-24T00:00:00Z
2025-04-10,C00139,0,2025-05-25T00:00:00Z
2025-04-11,C00139,0,2025-05-26T00:00:00Z
2025-04-12,C00139,0,2025-05-27T00:00:00Z
2025-04-13,C00139,0,2025-05-28T00:00:00Z
2025-04-14,C00139,0,2025-05-29T00:00:00Z
2025-03-01,C00140,0,2025-04-15T00:00:00Z
2025-03-02,C00140,0,2025-04-16T00:00:00Z
2025-03-03,C00140,0,2025-04-17T00:00:00Z
2025-03-04,C00140,0,2025-04-18T00:00:00Z
2025-03-05,C00140,0,2025-04-19T00:00:00Z
2025-03-06,C00140,0,2025-04-20T00:00:00Z
2025-03-07,C00140,1,2025-04-21T00:00:00Z
2025-03-08,C00140,0,2025-04-22T00:00:00Z
2025-03-09,C00140,0,2025-04-23T00:00:00Z
2025-03-10,C00140,0,2025-04-24T00:00:00Z
2025-03-11,C00140,0,2025-04-25T00:00:00Z
2025-03-12,C00140,0,2025-04-26T00:00:00Z
2025-03-13,C00140,0,2025-04-27T00:00:00Z
2025-03-14,C00140,0,2025-04-28T00:00:00Z
2025-03-15,C00140,0,2025-04-29T00:00:00Z
2025-03-16,C00140,0,2025-04-30T00:00:00Z
2025-03-17,C00140,0,2025-05-01T00:00:00Z
2025-03-18,C00140,0,2025-05-02T00:00:00Z
2025-03-19,C00140,0,2025-05-03T00:00:00Z
2025-03-20,C00140,0,2025-05-04T00:00:00Z
2025-03-21,C00140,0,2025-05-05T00:00:00Z
2025-03-22,C00140,0,2025-05-06T00:00:00Z
2025-03-23,C00140,0,2025-05-07T00:00:00Z
2025-03-24,C00140,0,2025-05-08T00:00:00Z
2025-03-25,C00140,0,2025-05-09T00:00:00Z
2025-03-26,C00140,0,2025-05-10T00:00:00Z
2025-03-27,C00140,0,2025-05-11T00:00:00Z
2025-03-28,C00140,0,2025-05-12T00:00:00Z
2025-03-29,C00140,0,2025-05-13T00:00:00Z
2025-03-30,C00140,0,2025-05-14T00:00:00Z
2025-03-31,C00140,0,2025-05-15T00:00:00Z
2025-04-01,C00140,0,2025-05-16T00:00:00Z
2025-04-02,C00140,0,2025-05-17T00:00:00Z
2025-04-03,C00140,0,2025-05-18T00:00:00Z
2025-04-04,C00140,0,2025-05-19T00:00:00Z
2025-04-05,C00140,0,2025-05-20T00:00:00Z
2025-04-06,C00140,0,2025-05-21T00:00:00Z
2025-04-07,C00140,0,2025-05-22T00:00:00Z
2025-04-08,C00140,1,2025-05-23T00:00:00Z
2025-04-09,C00140,0,2025-05-24T00:00:00Z
2025-04-10,C00140,0,2025-05-25T00:00:00Z
2025-04-11,C00140,0,2025-05-26T00:00:00Z
2025-04-12,C00140,0,2025-05-27T00:00:00Z
2025-04-13,C00140,0,2025-05-28T00:00:00Z
2025-04-14,C00140,0,2025-05-29T00:00:00Z
2025-03-01,C00141,0,2025-04-15T00:00:00Z
2025-03-02,C00141,0,2025-04-16T00:00:00Z
2025-03-03,C00141,0,2025-04-17T00:00:00Z
2025-03-04,C00141,0,2025-04-18T00:00:00Z
2025-03-05,C00141,0,2025-04-19T00:00:00Z
2025-03-06,C00141,0,2025-04-20T00:00:00Z
2025-03-07,C00141,0,2025-04-21T00:00:00Z
2025-03-08,C00141,0,2025-04-22T00:00:00Z
2025-03-09,C00141,0,2025-04-23T00:00:00Z
2025-03-10,C00141,0,2025-04-24T00:00:00Z
2025-03-11,C00141,0,2025-04-25T00:00:00Z
2025-03-12,C00141,0,2025-04-26T00:00:00Z
2025-03-13,C00141,0,2025-04-27T00:00:00Z
2025-03-14,C00141,0,2025-04-28T00:00:00Z
2025-03-15,C00141,0,2025-04-29T00:00:00Z
2025-03-16,C00141,0,2025-04-30T00:00:00Z
2025-03-17,C00141,0,2025-05-01T00:00:00Z
2025-03-18,C00141,0,2025-05-02T00:00:00Z
2025-03-19,C00141,0,2025-05-03T00:00:00Z
2025-03-20,C00141,0,2025-05-04T00:00:00Z
2025-03-21,C00141,0,2025-05-05T00:00:00Z
2025-03-22,C00141,0,2025-05-06T00:00:00Z
2025-03-23,C00141,0,2025-05-07T00:00:00Z
2025-03-24,C00141,0,2025-05-08T00:00:00Z
2025-03-25,C00141,0,2025-05-09T00:00:00Z
2025-03-26,C00141,0,2025-05-10T00:00:00Z
2025-03-27,C00141,0,2025-05-11T00:00:00Z
2025-03-28,C00141,0,2025-05-12T00:00:00Z
2025-03-29,C00141,0,2025-05-13T00:00:00Z
2025-03-30,C00141,0,2025-05-14T00:00:00Z
2025-03-31,C00141,0,2025-05-15T00:00:00Z
2025-04-01,C00141,0,2025-05-16T00:00:00Z
2025-04-02,C00141,0,2025-05-17T00:00:00Z
2025-04-03,C00141,0,2025-05-18T00:00:00Z
2025-04-04,C00141,0,2025-05-19T00:00:00Z
2025-04-05,C00141,0,2025-05-20T00:00:00Z
2025-04-06,C00141,0,2025-05-21T00:00:00Z
2025-04-07,C00141,0,2025-05-22T00:00:00Z
2025-04-08,C00141,0,2025-05-23T00:00:00Z
2025-04-09,C00141,0,2025-05-24T00:00:00Z
2025-04-10,C00141,0,2025-05-25T00:00:00Z
2025-04-11,C00141,1,2025-05-26T00:00:00Z
2025-04-12,C00141,0,2025-05-27T00:00:00Z
2025-04-13,C00141,0,2025-05-28T00:00:00Z
2025-04-14,C00141,0,2025-05-29T00:00:00Z
2025-03-01,C00142,0,2025-04-15T00:00:00Z
2025-03-02,C00142,0,2025-04-16T00:00:00Z
2025-03-03,C00142,0,2025-04-17T00:00:00Z
2025-03-04,C00142,0,2025-04-18T00:00:00Z
2025-03-05,C00142,1,2025-04-19T00:00:00Z
2025-03-06,C00142,0,2025-04-20T00:00:00Z
2025-03-07,C00142,0,2025-04-21T00:00:00Z
2025-03-08,C00142,0,2025-04-22T00:00:00Z
2025-03-09,C00142,0,2025-04-23T00:00:00Z
2025-03-10,C00142,0,2025-04-24T00:00:00Z
2025-03-11,C00142,0,2025-04-25T00:00:00Z
2025-03-12,C00142,0,2025-04-26T00:00:00Z
2025-03-13,C00142,0,2025-04-27T00:00:00Z
2025-03-14,C00142,1,2025-04-28T00:00:00Z
2025-03-15,C00142,0,2025-04-29T00:00:00Z
2025-03-16,C00142,0,2025-04-30T00:00:00Z
2025-03-17,C00142,0,2025-05-01T00:00:00Z
2025-03-18,C00142,0,2025-05-02T00:00:00Z
2025-03-19,C00142,1,2025-05-03T00:00:00Z
2025-03-20,C00142,0,2025-05-04T00:00:00Z
2025-03-21,C00142,0,2025-05-05T00:00:00Z
2025-03-22,C00142,0,2025-05-06T00:00:00Z
2025-03-23,C00142,0,2025-05-07T00:00:00Z
2025-03-24,C00142,0,2025-05-08T00:00:00Z
2025-03-25,C00142,0,2025-05-09T00:00:00Z
2025-03-26,C00142,0,2025-05-10T00:00:00Z
2025-03-27,C00142,0,2025-05-11T00:00:00Z
2025-03-28,C00142,0,2025-05-12T00:00:00Z
2025-03-29,C00142,0,2025-05-13T00:00:00Z
2025-03-30,C00142,0,2025-05-14T00:00:00Z
2025-03-31,C00142,0,2025-05-15T00:00:00Z
2025-04-01,C00142,0,2025-05-16T00:00:00Z
2025-04-02,C00142,0,2025-05-17T00:00:00Z
2025-04-03,C00142,0,2025-05-18T00:00:00Z
2025-04-04,C00142,0,2025-05-19T00:00:00Z
2025-04-05,C00142,0,2025-05-20T00:00:00Z
2025-04-06,C00142,0,2025-05-21T00:00:00Z
2025-04-07,C00142,0,2025-05-22T00:00:00Z
2025-04-08,C00142,0,2025-05-23T00:00:00Z
2025-04-09,C00142,0,2025-05-24T00:00:00Z
2025-04-10,C00142,0,2025-05-25T00:00:00Z
2025-04-11,C00142,0,2025-05-26T00:00:00Z
2025-04-12,C00142,0,2025-05-27T00:00:00Z
2025-04-13,C00142,0,2025-05-28T00:00:00Z
2025-04-14,C00142,0,2025-05-29T00:00:00Z
2025-03-01,C00143,0,2025-04-15T00:00:00Z
2025-03-02,C00143,0,2025-04-16T00:00:00Z
2025-03-03,C00143,0,2025-04-17T00:00:00Z
2025-03-04,C00143,0,2025-04-18T00:00:00Z
2025-03-05,C00143,0,2025-04-19T00:00:00Z
2025-03-06,C00143,0,2025-04-20T00:00:00Z
2025-03-07,C00143,1,2025-04-21T00:00:00Z
2025-03-08,C00143,0,2025-04-22T00:00:00Z
2025-03-09,C00143,0,2025-04-23T00:00:00Z
2025-03-10,C00143,0,2025-04-24T00:00:00Z
2025-03-11,C00143,0,2025-04-25T00:00:00Z
2025-03-12,C00143,0,2025-04-26T00:00:00Z
2025-03-13,C00143,0,2025-04-27T00:00:00Z
2025-03-14,C00143,0,2025-04-28T00:00:00Z
2025-03-15,C00143,0,2025-04-29T00:00:00Z
2025-03-16,C00143,0,2025-04-30T00:00:00Z
2025-03-17,C00143,0,2025-05-01T00:00:00Z
2025-03-18,C00143,0,2025-05-02T00:00:00Z
2025-03-19,C00143,0,2025-05-03T00:00:00Z
2025-03-20,C00143,0,2025-05-04T00:00:00Z
2025-03-21,C00143,1,2025-05-05T00:00:00Z
2025-03-22,C00143,0,2025-05-06T00:00:00Z
2025-03-23,C00143,0,2025-05-07T00:00:00Z
2025-03-24,C00143,1,2025-05-08T00:00:00Z
2025-03-25,C00143,0,2025-05-09T00:00:00Z
2025-03-26,C00143,0,2025-05-10T00:00:00Z
2025-03-27,C00143,0,2025-05-11T00:00:00Z
2025-03-28,C00143,0,2025-05-12T00:00:00Z
2025-03-29,C00143,0,2025-05-13T00:00:00Z
2025-03-30,C00143,0,2025-05-14T00:00:00Z
2025-03-31,C00143,0,2025-05-15T00:00:00Z
2025-04-01,C00143,0,2025-05-16T00:00:00Z
2025-04-02,C00143,0,2025-05-17T00:00:00Z
2025-04-03,C00143,0,2025-05-18T00:00:00Z
2025-04-04,C00143,0,2025-05-19T00:00:00Z
2025-04-05,C00143,0,2025-05-20T00:00:00Z
2025-04-06,C00143,0,2025-05-21T00:00:00Z
2025-04-07,C00143,0,2025-05-22T00:00:00Z
2025-04-08,C00143,0,2025-05-23T00:00:00Z
2025-04-09,C00143,0,2025-05-24T00:00:00Z
2025-04-10,C00143,0,2025-05-25T00:00:00Z
2025-04-11,C00143,0,2025-05-26T00:00:00Z
2025-04-12,C00143,0,2025-05-27T00:00:00Z
2025-04-13,C00143,0,2025-05-28T00:00:00Z
2025-04-14,C00143,0,2025-05-29T00:00:00Z
2025-03-01,C00144,0,2025-04-15T00:00:00Z
2025-03-02,C00144,0,2025-04-16T00:00:00Z
2025-03-03,C00144,0,2025-04-17T00:00:00Z
2025-03-04,C00144,0,2025-04-18T00:00:00Z
2025-03-05,C00144,0,2025-04-19T00:00:00Z
2025-03-06,C00144,0,2025-04-20T00:00:00Z
2025-03-07,C00144,1,2025-04-21T00:00:00Z
2025-03-08,C00144,0,2025-04-22T00:00:00Z
2025-03-09,C00144,1,2025-04-23T00:00:00Z
2025-03-10,C00144,0,2025-04-24T00:00:00Z
2025-03-11,C00144,0,2025-04-25T00:00:00Z
2025-03-12,C00144,0,2025-04-26T00:00:00Z
2025-03-13,C00144,0,2025-04-27T00:00:00Z
2025-03-14,C00144,0,2025-04-28T00:00:00Z
2025-03-15,C00144,0,2025-04-29T00:00:00Z
2025-03-16,C00144,0,2025-04-30T00:00:00Z
2025-03-17,C00144,0,2025-05-01T00:00:00Z
2025-03-18,C00144,0,2025-05-02T00:00:00Z
2025-03-19,C00144,0,2025-05-03T00:00:00Z
2025-03-20,C00144,0,2025-05-04T00:00:00Z
2025-03-21,C00144,0,2025-05-05T00:00:00Z
2025-03-22,C00144,0,2025-05-06T00:00:00Z
2025-03-23,C00144,0,2025-05-07T00:00:00Z
2025-03-24,C00144,0,2025-05-08T00:00:00Z
2025-03-25,C00144,0,2025-05-09T00:00:00Z
2025-03-26,C00144,1,2025-05-10T00:00:00Z
2025-03-27,C00144,0,2025-05-11T00:00:00Z
2025-03-28,C00144,0,2025-05-12T00:00:00Z
2025-03-29,C00144,0,2025-05-13T00:00:00Z
2025-03-30,C00144,0,2025-05-14T00:00:00Z
2025-03-31,C00144,0,2025-05-15T00:00:00Z
2025-04-01,C00144,0,2025-05-16T00:00:00Z
2025-04-02,C00144,0,2025-05-17T00:00:00Z
2025-04-03,C00144,0,2025-05-18T00:00:00Z
2025-04-04,C00144,0,2025-05-19T00:00:00Z
2025-04-05,C00144,0,2025-05-20T00:00:00Z
2025-04-06,C00144,0,2025-05-21T00:00:00Z
2025-04-07,C00144,0,2025-05-22T00:00:00Z
2025-04-08,C00144,0,2025-05-23T00:00:00Z
2025-04-09,C00144,0,2025-05-24T00:00:00Z
2025-04-10,C00144,0,2025-05-25T00:00:00Z
2025-04-11,C00144,0,2025-05-26T00:00:00Z
2025-04-12,C00144,0,2025-05-27T00:00:00Z
2025-04-13,C00144,0,2025-05-28T00:00:00Z
2025-04-14,C00144,0,2025-05-29T00:00:00Z
2025-03-01,C00145,0,2025-04-15T00:00:00Z
2025-03-02,C00145,0,2025-04-16T00:00:00Z
2025-03-03,C00145,0,2025-04-17T00:00:00Z
2025-03-04,C00145,0,2025-04-18T00:00:00Z
2025-03-05,C00145,0,2025-04-19T00:00:00Z
2025-03-06,C00145,0,2025-04-20T00:00:00Z
2025-03-07,C00145,0,2025-04-21T00:00:00Z
2025-03-08,C00145,0,2025-04-22T00:00:00Z
2025-03-09,C00145,0,2025-04-23T00:00:00Z
2025-03-10,C00145,0,2025-04-24T00:00:00Z
2025-03-11,C00145,0,2025-04-25T00:00:00Z
2025-03-12,C00145,0,2025-04-26T00:00:00Z
2025-03-13,C00145,0,2025-04-27T00:00:00Z
2025-03-14,C00145,0,2025-04-28T00:00:00Z
2025-03-15,C00145,0,2025-04-29T00:00:00Z
2025-03-16,C00145,0,2025-04-30T00:00:00Z
2025-03-17,C00145,0,2025-05-01T00:00:00Z
2025-03-18,C00145,0,2025-05-02T00:00:00Z
2025-03-19,C00145,0,2025-05-03T00:00:00Z
2025-03-20,C00145,0,2025-05-04T00:00:00Z
2025-03-21,C00145,0,2025-05-05T00:00:00Z
2025-03-22,C00145,0,2025-05-06T00:00:00Z
2025-03-23,C00145,0,2025-05-07T00:00:00Z
2025-03-24,C00145,0,2025-05-08T00:00:00Z
2025-03-25,C00145,0,2025-05-09T00:00:00Z
2025-03-26,C00145,0,2025-05-10T00:00:00Z
2025-03-27,C00145,0,2025-05-11T00:00:00Z
2025-03-28,C00145,0,2025-05-12T00:00:00Z
2025-03-29,C00145,0,2025-05-13T00:00:00Z
2025-03-30,C00145,0,2025-05-14T00:00:00Z
2025-03-31,C00145,0,2025-05-15T00:00:00Z
2025-04-01,C00145,0,2025-05-16T00:00:00Z
2025-04-02,C00145,0,2025-05-17T00:00:00Z
2025-04-03,C00145,0,2025-05-18T00:00:00Z
2025-04-04,C00145,0,2025-05-19T00:00:00Z
2025-04-05,C00145,0,2025-05-20T00:00:00Z
2025-04-06,C00145,0,2025-05-21T00:00:00Z
2025-04-07,C00145,1,2025-05-22T00:00:00Z
2025-04-08,C00145,0,2025-05-23T00:00:00Z
2025-04-09,C00145,0,2025-05-24T00:00:00Z
2025-04-10,C00145,0,2025-05-25T00:00:00Z
2025-04-11,C00145,0,2025-05-26T00:00:00Z
2025-04-12,C00145,0,2025-05-27T00:00:00Z
2025-04-13,C00145,0,2025-05-28T00:00:00Z
2025-04-14,C00145,0,2025-05-29T00:00:00Z
2025-03-01,C00146,0,2025-04-15T00:00:00Z
2025-03-02,C00146,0,2025-04-16T00:00:00Z
2025-03-03,C00146,0,2025-04-17T00:00:00Z
2025-03-04,C00146,0,2025-04-18T00:00:00Z
2025-03-05,C00146,0,2025-04-19T00:00:00Z
2025-03-06,C00146,1,2025-04-20T00:00:00Z
2025-03-07,C00146,0,2025-04-21T00:00:00Z
2025-03-08,C00146,0,2025-04-22T00:00:00Z
2025-03-09,C00146,0,2025-04-23T00:00:00Z
2025-03-10,C00146,0,2025-04-24T00:00:00Z
2025-03-11,C00146,0,2025-04-25T00:00:00Z
2025-03-12,C00146,0,2025-04-26T00:00:00Z
2025-03-13,C00146,0,2025-04-27T00:00:00Z
2025-03-14,C00146,0,2025-04-28T00:00:00Z
2025-03-15,C00146,0,2025-04-29T00:00:00Z
2025-03-16,C00146,0,2025-04-30T00:00:00Z
2025-03-17,C00146,0,2025-05-01T00:00:00Z
2025-03-18,C00146,0,2025-05-02T00:00:00Z
2025-03-19,C00146,0,2025-05-03T00:00:00Z
2025-03-20,C00146,0,2025-05-04T00:00:00Z
2025-03-21,C00146,0,2025-05-05T00:00:00Z
2025-03-22,C00146,0,2025-05-06T00:00:00Z
2025-03-23,C00146,0,2025-05-07T00:00:00Z
2025-03-24,C00146,0,2025-05-08T00:00:00Z
2025-03-25,C00146,0,2025-05-09T00:00:00Z
2025-03-26,C00146,0,2025-05-10T00:00:00Z
2025-03-27,C00146,0,2025-05-11T00:00:00Z
2025-03-28,C00146,0,2025-05-12T00:00:00Z
2025-03-29,C00146,0,2025-05-13T00:00:00Z
2025-03-30,C00146,0,2025-05-14T00:00:00Z
2025-03-31,C00146,0,2025-05-15T00:00:00Z
2025-04-01,C00146,0,2025-05-16T00:00:00Z
2025-04-02,C00146,0,2025-05-17T00:00:00Z
2025-04-03,C00146,0,2025-05-18T00:00:00Z
2025-04-04,C00146,0,2025-05-19T00:00:00Z
2025-04-05,C00146,0,2025-05-20T00:00:00Z
2025-04-06,C00146,0,2025-05-21T00:00:00Z
2025-04-07,C00146,0,2025-05-22T00:00:00Z
2025-04-08,C00146,1,2025-05-23T00:00:00Z
2025-04-09,C00146,0,2025-05-24T00:00:00Z
2025-04-10,C00146,0,2025-05-25T00:00:00Z
2025-04-11,C00146,0,2025-05-26T00:00:00Z
2025-04-12,C00146,0,2025-05-27T00:00:00Z
2025-04-13,C00146,0,2025-05-28T00:00:00Z
2025-04-14,C00146,0,2025-05-29T00:00:00Z
2025-03-01,C00147,0,2025-04-15T00:00:00Z
2025-03-02,C00147,0,2025-04-16T00:00:00Z
2025-03-03,C00147,1,2025-04-17T00:00:00Z
2025-03-04,C00147,0,2025-04-18T00:00:00Z
2025-03-05,C00147,0,2025-04-19T00:00:00Z
2025-03-06,C00147,0,2025-04-20T00:00:00Z
2025-03-07,C00147,0,2025-04-21T00:00:00Z
2025-03-08,C00147,0,2025-04-22T00:00:00Z
2025-03-09,C00147,0,2025-04-23T00:00:00Z
2025-03-10,C00147,0,2025-04-24T00:00:00Z
2025-03-11,C00147,0,2025-04-25T00:00:00Z
2025-03-12,C00147,0,2025-04-26T00:00:00Z
2025-03-13,C00147,0,2025-04-27T00:00:00Z
2025-03-14,C00147,0,2025-04-28T00:00:00Z
2025-03-15,C00147,0,2025-04-29T00:00:00Z
2025-03-16,C00147,0,2025-04-30T00:00:00Z
2025-03-17,C00147,0,2025-05-01T00:00:00Z
2025-03-18,C00147,0,2025-05-02T00:00:00Z
2025-03-19,C00147,0,2025-05-03T00:00:00Z
2025-03-20,C00147,0,2025-05-04T00:00:00Z
2025-03-21,C00147,0,2025-05-05T00:00:00Z
2025-03-22,C00147,0,2025-05-06T00:00:00Z
2025-03-23,C00147,0,2025-05-07T00:00:00Z
2025-03-24,C00147,1,2025-05-08T00:00:00Z
2025-03-25,C00147,0,2025-05-09T00:00:00Z
2025-03-26,C00147,0,2025-05-10T00:00:00Z
2025-03-27,C00147,0,2025-05-11T00:00:00Z
2025-03-28,C00147,0,2025-05-12T00:00:00Z
2025-03-29,C00147,0,2025-05-13T00:00:00Z
2025-03-30,C00147,0,2025-05-14T00:00:00Z
2025-03-31,C00147,0,2025-05-15T00:00:00Z
2025-04-01,C00147,0,2025-05-16T00:00:00Z
2025-04-02,C00147,0,2025-05-17T00:00:00Z
2025-04-03,C00147,0,2025-05-18T00:00:00Z
2025-04-04,C00147,0,2025-05-19T00:00:00Z
2025-04-05,C00147,0,2025-05-20T00:00:00Z
2025-04-06,C00147,0,2025-05-21T00:00:00Z
2025-04-07,C00147,0,2025-05-22T00:00:00Z
2025-04-08,C00147,0,2025-05-23T00:00:00Z
2025-04-09,C00147,1,2025-05-24T00:00:00Z
2025-04-10,C00147,0,2025-05-25T00:00:00Z
2025-04-11,C00147,0,2025-05-26T00:00:00Z
2025-04-12,C00147,0,2025-05-27T00:00:00Z
2025-04-13,C00147,0,2025-05-28T00:00:00Z
2025-04-14,C00147,0,2025-05-29T00:00:00Z
2025-03-01,C00148,0,2025-04-15T00:00:00Z
2025-03-02,C00148,0,2025-04-16T00:00:00Z
2025-03-03,C00148,0,2025-04-17T00:00:00Z
2025-03-04,C00148,0,2025-04-18T00:00:00Z
2025-03-05,C00148,0,2025-04-19T00:00:00Z
2025-03-06,C00148,0,2025-04-20T00:00:00Z
2025-03-07,C00148,0,2025-04-21T00:00:00Z
2025-03-08,C00148,0,2025-04-22T00:00:00Z
2025-03-09,C00148,0,2025-04-23T00:00:00Z
2025-03-10,C00148,0,2025-04-24T00:00:00Z
2025-03-11,C00148,0,2025-04-25T00:00:00Z
2025-03-12,C00148,0,2025-04-26T00:00:00Z
2025-03-13,C00148,0,2025-04-27T00:00:00Z
2025-03-14,C00148,0,2025-04-28T00:00:00Z
2025-03-15,C00148,0,2025-04-29T00:00:00Z
2025-03-16,C00148,0,2025-04-30T00:00:00Z
2025-03-17,C00148,0,2025-05-01T00:00:00Z
2025-03-18,C00148,0,2025-05-02T00:00:00Z
2025-03-19,C00148,0,2025-05-03T00:00:00Z
2025-03-20,C00148,0,2025-05-04T00:00:00Z
2025-03-21,C00148,0,2025-05-05T00:00:00Z
2025-03-22,C00148,0,2025-05-06T00:00:00Z
2025-03-23,C00148,0,2025-05-07T00:00:00Z
2025-03-24,C00148,0,2025-05-08T00:00:00Z
2025-03-25,C00148,0,2025-05-09T00:00:00Z
2025-03-26,C00148,0,2025-05-10T00:00:00Z
2025-03-27,C00148,0,2025-05-11T00:00:00Z
2025-03-28,C00148,0,2025-05-12T00:00:00Z
2025-03-29,C00148,0,2025-05-13T00:00:00Z
2025-03-30,C00148,0,2025-05-14T00:00:00Z
2025-03-31,C00148,0,2025-05-15T00:00:00Z
2025-04-01,C00148,0,2025-05-16T00:00:00Z
2025-04-02,C00148,0,2025-05-17T00:00:00Z
2025-04-03,C00148,0,2025-05-18T00:00:00Z
2025-04-04,C00148,0,2025-05-19T00:00:00Z
2025-04-05,C00148,0,2025-05-20T00:00:00Z
2025-04-06,C00148,0,2025-05-21T00:00:00Z
2025-04-07,C00148,1,2025-05-22T00:00:00Z
2025-04-08,C00148,0,2025-05-23T00:00:00Z
2025-04-09,C00148,0,2025-05-24T00:00:00Z
2025-04-10,C00148,0,2025-05-25T00:00:00Z
2025-04-11,C00148,0,2025-05-26T00:00:00Z
2025-04-12,C00148,0,2025-05-27T00:00:00Z
2025-04-13,C00148,0,2025-05-28T00:00:00Z
2025-04-14,C00148,0,2025-05-29T00:00:00Z
2025-03-01,C00149,0,2025-04-15T00:00:00Z
2025-03-02,C00149,1,2025-04-16T00:00:00Z
2025-03-03,C00149,0,2025-04-17T00:00:00Z
2025-03-04,C00149,0,2025-04-18T00:00:00Z
2025-03-05,C00149,0,2025-04-19T00:00:00Z
2025-03-06,C00149,0,2025-04-20T00:00:00Z
2025-03-07,C00149,0,2025-04-21T00:00:00Z
2025-03-08,C00149,0,2025-04-22T00:00:00Z
2025-03-09,C00149,0,2025-04-23T00:00:00Z
2025-03-10,C00149,0,2025-04-24T00:00:00Z
2025-03-11,C00149,0,2025-04-25T00:00:00Z
2025-03-12,C00149,0,2025-04-26T00:00:00Z
2025-03-13,C00149,0,2025-04-27T00:00:00Z
2025-03-14,C00149,0,2025-04-28T00:00:00Z
2025-03-15,C00149,0,2025-04-29T00:00:00Z
2025-03-16,C00149,1,2025-04-30T00:00:00Z
2025-03-17,C00149,0,2025-05-01T00:00:00Z
2025-03-18,C00149,0,2025-05-02T00:00:00Z
2025-03-19,C00149,0,2025-05-03T00:00:00Z
2025-03-20,C00149,0,2025-05-04T00:00:00Z
2025-03-21,C00149,0,2025-05-05T00:00:00Z
2025-03-22,C00149,0,2025-05-06T00:00:00Z
2025-03-23,C00149,0,2025-05-07T00:00:00Z
2025-03-24,C00149,0,2025-05-08T00:00:00Z
2025-03-25,C00149,0,2025-05-09T00:00:00Z
2025-03-26,C00149,0,2025-05-10T00:00:00Z
2025-03-27,C00149,0,2025-05-11T00:00:00Z
2025-03-28,C00149,0,2025-05-12T00:00:00Z
2025-03-29,C00149,0,2025-05-13T00:00:00Z
2025-03-30,C00149,0,2025-05-14T00:00:00Z
2025-03-31,C00149,0,2025-05-15T00:00:00Z
2025-04-01,C00149,0,2025-05-16T00:00:00Z
2025-04-02,C00149,0,2025-05-17T00:00:00Z
2025-04-03,C00149,0,2025-05-18T00:00:00Z
2025-04-04,C00149,0,2025-05-19T00:00:00Z
2025-04-05,C00149,0,2025-05-20T00:00:00Z
2025-04-06,C00149,1,2025-05-21T00:00:00Z
2025-04-07,C00149,0,2025-05-22T00:00:00Z
2025-04-08,C00149,0,2025-05-23T00:00:00Z
2025-04-09,C00149,0,2025-05-24T00:00:00Z
2025-04-10,C00149,0,2025-05-25T00:00:00Z
2025-04-11,C00149,0,2025-05-26T00:00:00Z
2025-04-12,C00149,1,2025-05-27T00:00:00Z
2025-04-13,C00149,0,2025-05-28T00:00:00Z
2025-04-14,C00149,0,2025-05-29T00:00:00Z
2025-03-01,C00150,0,2025-04-15T00:00:00Z
2025-03-02,C00150,0,2025-04-16T00:00:00Z
2025-03-03,C00150,0,2025-04-17T00:00:00Z
2025-03-04,C00150,0,2025-04-18T00:00:00Z
2025-03-05,C00150,0,2025-04-19T00:00:00Z
2025-03-06,C00150,0,2025-04-20T00:00:00Z
2025-03-07,C00150,0,2025-04-21T00:00:00Z
2025-03-08,C00150,0,2025-04-22T00:00:00Z
2025-03-09,C00150,0,2025-04-23T00:00:00Z
2025-03-10,C00150,0,2025-04-24T00:00:00Z
2025-03-11,C00150,0,2025-04-25T00:00:00Z
2025-03-12,C00150,0,2025-04-26T00:00:00Z
2025-03-13,C00150,0,2025-04-27T00:00:00Z
2025-03-14,C00150,0,2025-04-28T00:00:00Z
2025-03-15,C00150,0,2025-04-29T00:00:00Z
2025-03-16,C00150,0,2025-04-30T00:00:00Z
2025-03-17,C00150,0,2025-05-01T00:00:00Z
2025-03-18,C00150,0,2025-05-02T00:00:00Z
2025-03-19,C00150,0,2025-05-03T00:00:00Z
2025-03-20,C00150,0,2025-05-04T00:00:00Z
2025-03-21,C00150,0,2025-05-05T00:00:00Z
2025-03-22,C00150,0,2025-05-06T00:00:00Z
2025-03-23,C00150,1,2025-05-07T00:00:00Z
2025-03-24,C00150,1,2025-05-08T00:00:00Z
2025-03-25,C00150,0,2025-05-09T00:00:00Z
2025-03-26,C00150,1,2025-05-10T00:00:00Z
2025-03-27,C00150,0,2025-05-11T00:00:00Z
2025-03-28,C00150,0,2025-05-12T00:00:00Z
2025-03-29,C00150,0,2025-05-13T00:00:00Z
2025-03-30,C00150,0,2025-05-14T00:00:00Z
2025-03-31,C00150,0,2025-05-15T00:00:00Z
2025-04-01,C00150,1,2025-05-16T00:00:00Z
2025-04-02,C00150,0,2025-05-17T00:00:00Z
2025-04-03,C00150,1,2025-05-18T00:00:00Z
2025-04-04,C00150,0,2025-05-19T00:00:00Z
2025-04-05,C00150,0,2025-05-20T00:00:00Z
2025-04-06,C00150,0,2025-05-21T00:00:00Z
2025-04-07,C00150,0,2025-05-22T00:00:00Z
2025-04-08,C00150,0,2025-05-23T00:00:00Z
2025-04-09,C00150,0,2025-05-24T00:00:00Z
2025-04-10,C00150,0,2025-05-25T00:00:00Z
2025-04-11,C00150,0,2025-05-26T00:00:00Z
2025-04-12,C00150,0,2025-05-27T00:00:00Z
2025-04-13,C00150,0,2025-05-28T00:00:00Z
2025-04-14,C00150,0,2025-05-29T00:00:00Z
2025-03-01,C00151,0,2025-04-15T00:00:00Z
2025-03-02,C00151,1,2025-04-16T00:00:00Z
2025-03-03,C00151,0,2025-04-17T00:00:00Z
2025-03-04,C00151,0,2025-04-18T00:00:00Z
2025-03-05,C00151,0,2025-04-19T00:00:00Z
2025-03-06,C00151,0,2025-04-20T00:00:00Z
2025-03-07,C00151,0,2025-04-21T00:00:00Z
2025-03-08,C00151,0,2025-04-22T00:00:00Z
2025-03-09,C00151,0,2025-04-23T00:00:00Z
2025-03-10,C00151,0,2025-04-24T00:00:00Z
2025-03-11,C00151,0,2025-04-25T00:00:00Z
2025-03-12,C00151,0,2025-04-26T00:00:00Z
2025-03-13,C00151,0,2025-04-27T00:00:00Z
2025-03-14,C00151,0,2025-04-28T00:00:00Z
2025-03-15,C00151,0,2025-04-29T00:00:00Z
2025-03-16,C00151,1,2025-04-30T00:00:00Z
2025-03-17,C00151,1,2025-05-01T00:00:00Z
2025-03-18,C00151,0,2025-05-02T00:00:00Z
2025-03-19,C00151,0,2025-05-03T00:00:00Z
2025-03-20,C00151,0,2025-05-04T00:00:00Z
2025-03-21,C00151,0,2025-05-05T00:00:00Z
2025-03-22,C00151,0,2025-05-06T00:00:00Z
2025-03-23,C00151,0,2025-05-07T00:00:00Z
2025-03-24,C00151,0,2025-05-08T00:00:00Z
2025-03-25,C00151,0,2025-05-09T00:00:00Z
2025-03-26,C00151,0,2025-05-10T00:00:00Z
2025-03-27,C00151,0,2025-05-11T00:00:00Z
2025-03-28,C00151,0,2025-05-12T00:00:00Z
2025-03-29,C00151,0,2025-05-13T00:00:00Z
2025-03-30,C00151,1,2025-05-14T00:00:00Z
2025-03-31,C00151,0,2025-05-15T00:00:00Z
2025-04-01,C00151,0,2025-05-16T00:00:00Z
2025-04-02,C00151,0,2025-05-17T00:00:00Z
2025-04-03,C00151,0,2025-05-18T00:00:00Z
2025-04-04,C00151,0,2025-05-19T00:00:00Z
2025-04-05,C00151,0,2025-05-20T00:00:00Z
2025-04-06,C00151,0,2025-05-21T00:00:00Z
2025-04-07,C00151,0,2025-05-22T00:00:00Z
2025-04-08,C00151,0,2025-05-23T00:00:00Z
2025-04-09,C00151,0,2025-05-24T00:00:00Z
2025-04-10,C00151,0,2025-05-25T00:00:00Z
2025-04-11,C00151,0,2025-05-26T00:00:00Z
2025-04-12,C00151,0,2025-05-27T00:00:00Z
2025-04-13,C00151,0,2025-05-28T00:00:00Z
2025-04-14,C00151,0,2025-05-29T00:00:00Z
2025-03-01,C00152,0,2025-04-15T00:00:00Z
2025-03-02,C00152,0,2025-04-16T00:00:00Z
2025-03-03,C00152,0,2025-04-17T00:00:00Z
2025-03-04,C00152,0,2025-04-18T00:00:00Z
2025-03-05,C00152,0,2025-04-19T00:00:00Z
2025-03-06,C00152,0,2025-04-20T00:00:00Z
2025-03-07,C00152,0,2025-04-21T00:00:00Z
2025-03-08,C00152,0,2025-04-22T00:00:00Z
2025-03-09,C00152,0,2025-04-23T00:00:00Z
2025-03-10,C00152,0,2025-04-24T00:00:00Z
2025-03-11,C00152,1,2025-04-25T00:00:00Z
2025-03-12,C00152,0,2025-04-26T00:00:00Z
2025-03-13,C00152,0,2025-04-27T00:00:00Z
2025-03-14,C00152,0,2025-04-28T00:00:00Z
2025-03-15,C00152,0,2025-04-29T00:00:00Z
2025-03-16,C00152,1,2025-04-30T00:00:00Z
2025-03-17,C00152,0,2025-05-01T00:00:00Z
2025-03-18,C00152,0,2025-05-02T00:00:00Z
2025-03-19,C00152,0,2025-05-03T00:00:00Z
2025-03-20,C00152,0,2025-05-04T00:00:00Z
2025-03-21,C00152,0,2025-05-05T00:00:00Z
2025-03-22,C00152,0,2025-05-06T00:00:00Z
2025-03-23,C00152,0,2025-05-07T00:00:00Z
2025-03-24,C00152,0,2025-05-08T00:00:00Z
2025-03-25,C00152,0,2025-05-09T00:00:00Z
2025-03-26,C00152,0,2025-05-10T00:00:00Z
2025-03-27,C00152,0,2025-05-11T00:00:00Z
2025-03-28,C00152,0,2025-05-12T00:00:00Z
2025-03-29,C00152,0,2025-05-13T00:00:00Z
2025-03-30,C00152,0,2025-05-14T00:00:00Z
2025-03-31,C00152,0,2025-05-15T00:00:00Z
2025-04-01,C00152,0,2025-05-16T00:00:00Z
2025-04-02,C00152,0,2025-05-17T00:00:00Z
2025-04-03,C00152,0,2025-05-18T00:00:00Z
2025-04-04,C00152,0,2025-05-19T00:00:00Z
2025-04-05,C00152,0,2025-05-20T00:00:00Z
2025-04-06,C00152,0,2025-05-21T00:00:00Z
2025-04-07,C00152,0,2025-05-22T00:00:00Z
2025-04-08,C00152,0,2025-05-23T00:00:00Z
2025-04-09,C00152,0,2025-05-24T00:00:00Z
2025-04-10,C00152,0,2025-05-25T00:00:00Z
2025-04-11,C00152,0,2025-05-26T00:00:00Z
2025-04-12,C00152,0,2025-05-27T00:00:00Z
2025-04-13,C00152,0,2025-05-28T00:00:00Z
2025-04-14,C00152,0,2025-05-29T00:00:00Z
2025-03-01,C00153,0,2025-04-15T00:00:00Z
2025-03-02,C00153,0,2025-04-16T00:00:00Z
2025-03-03,C00153,0,2025-04-17T00:00:00Z
2025-03-04,C00153,0,2025-04-18T00:00:00Z
2025-03-05,C00153,0,2025-04-19T00:00:00Z
2025-03-06,C00153,0,2025-04-20T00:00:00Z
2025-03-07,C00153,0,2025-04-21T00:00:00Z
2025-03-08,C00153,0,2025-04-22T00:00:00Z
2025-03-09,C00153,0,2025-04-23T00:00:00Z
2025-03-10,C00153,0,2025-04-24T00:00:00Z
2025-03-11,C00153,0,2025-04-25T00:00:00Z
2025-03-12,C00153,0,2025-04-26T00:00:00Z
2025-03-13,C00153,0,2025-04-27T00:00:00Z
2025-03-14,C00153,0,2025-04-28T00:00:00Z
2025-03-15,C00153,0,2025-04-29T00:00:00Z
2025-03-16,C00153,0,2025-04-30T00:00:00Z
2025-03-17,C00153,0,2025-05-01T00:00:00Z
2025-03-18,C00153,0,2025-05-02T00:00:00Z
2025-03-19,C00153,0,2025-05-03T00:00:00Z
2025-03-20,C00153,0,2025-05-04T00:00:00Z
2025-03-21,C00153,0,2025-05-05T00:00:00Z
2025-03-22,C00153,0,2025-05-06T00:00:00Z
2025-03-23,C00153,0,2025-05-07T00:00:00Z
2025-03-24,C00153,0,2025-05-08T00:00:00Z
2025-03-25,C00153,0,2025-05-09T00:00:00Z
2025-03-26,C00153,1,2025-05-10T00:00:00Z
2025-03-27,C00153,0,2025-05-11T00:00:00Z
2025-03-28,C00153,0,2025-05-12T00:00:00Z
2025-03-29,C00153,0,2025-05-13T00:00:00Z
2025-03-30,C00153,0,2025-05-14T00:00:00Z
2025-03-31,C00153,0,2025-05-15T00:00:00Z
2025-04-01,C00153,0,2025-05-16T00:00:00Z
2025-04-02,C00153,0,2025-05-17T00:00:00Z
2025-04-03,C00153,0,2025-05-18T00:00:00Z
2025-04-04,C00153,0,2025-05-19T00:00:00Z
2025-04-05,C00153,0,2025-05-20T00:00:00Z
2025-04-06,C00153,0,2025-05-21T00:00:00Z
2025-04-07,C00153,0,2025-05-22T00:00:00Z
2025-04-08,C00153,0,2025-05-23T00:00:00Z
2025-04-09,C00153,0,2025-05-24T00:00:00Z
2025-04-10,C00153,0,2025-05-25T00:00:00Z
2025-04-11,C00153,0,2025-05-26T00:00:00Z
2025-04-12,C00153,0,2025-05-27T00:00:00Z
2025-04-13,C00153,0,2025-05-28T00:00:00Z
2025-04-14,C00153,0,2025-05-29T00:00:00Z
2025-03-01,C00154,0,2025-04-15T00:00:00Z
2025-03-02,C00154,0,2025-04-16T00:00:00Z
2025-03-03,C00154,0,2025-04-17T00:00:00Z
2025-03-04,C00154,0,2025-04-18T00:00:00Z
2025-03-05,C00154,0,2025-04-19T00:00:00Z
2025-03-06,C00154,0,2025-04-20T00:00:00Z
2025-03-07,C00154,0,2025-04-21T00:00:00Z
2025-03-08,C00154,0,2025-04-22T00:00:00Z
2025-03-09,C00154,0,2025-04-23T00:00:00Z
2025-03-10,C00154,0,2025-04-24T00:00:00Z
2025-03-11,C00154,0,2025-04-25T00:00:00Z
2025-03-12,C00154,0,2025-04-26T00:00:00Z
2025-03-13,C00154,0,2025-04-27T00:00:00Z
2025-03-14,C00154,0,2025-04-28T00:00:00Z
2025-03-15,C00154,0,2025-04-29T00:00:00Z
2025-03-16,C00154,0,2025-04-30T00:00:00Z
2025-03-17,C00154,0,2025-05-01T00:00:00Z
2025-03-18,C00154,0,2025-05-02T00:00:00Z
2025-03-19,C00154,0,2025-05-03T00:00:00Z
2025-03-20,C00154,0,2025-05-04T00:00:00Z
2025-03-21,C00154,0,2025-05-05T00:00:00Z
2025-03-22,C00154,0,2025-05-06T00:00:00Z
2025-03-23,C00154,0,2025-05-07T00:00:00Z
2025-03-24,C00154,0,2025-05-08T00:00:00Z
2025-03-25,C00154,0,2025-05-09T00:00:00Z
2025-03-26,C00154,0,2025-05-10T00:00:00Z
2025-03-27,C00154,0,2025-05-11T00:00:00Z
2025-03-28,C00154,0,2025-05-12T00:00:00Z
2025-03-29,C00154,0,2025-05-13T00:00:00Z
2025-03-30,C00154,0,2025-05-14T00:00:00Z
2025-03-31,C00154,0,2025-05-15T00:00:00Z
2025-04-01,C00154,0,2025-05-16T00:00:00Z
2025-04-02,C00154,0,2025-05-17T00:00:00Z
2025-04-03,C00154,0,2025-05-18T00:00:00Z
2025-04-04,C00154,0,2025-05-19T00:00:00Z
2025-04-05,C00154,0,2025-05-20T00:00:00Z
2025-04-06,C00154,0,2025-05-21T00:00:00Z
2025-04-07,C00154,0,2025-05-22T00:00:00Z
2025-04-08,C00154,0,2025-05-23T00:00:00Z
2025-04-09,C00154,0,2025-05-24T00:00:00Z
2025-04-10,C00154,0,2025-05-25T00:00:00Z
2025-04-11,C00154,0,2025-05-26T00:00:00Z
2025-04-12,C00154,0,2025-05-27T00:00:00Z
2025-04-13,C00154,0,2025-05-28T00:00:00Z
2025-04-14,C00154,0,2025-05-29T00:00:00Z
2025-03-01,C00155,0,2025-04-15T00:00:00Z
2025-03-02,C00155,0,2025-04-16T00:00:00Z
2025-03-03,C00155,0,2025-04-17T00:00:00Z
2025-03-04,C00155,0,2025-04-18T00:00:00Z
2025-03-05,C00155,0,2025-04-19T00:00:00Z
2025-03-06,C00155,0,2025-04-20T00:00:00Z
2025-03-07,C00155,0,2025-04-21T00:00:00Z
2025-03-08,C00155,0,2025-04-22T00:00:00Z
2025-03-09,C00155,0,2025-04-23T00:00:00Z
2025-03-10,C00155,0,2025-04-24T00:00:00Z
2025-03-11,C00155,0,2025-04-25T00:00:00Z
2025-03-12,C00155,0,2025-04-26T00:00:00Z
2025-03-13,C00155,0,2025-04-27T00:00:00Z
2025-03-14,C00155,0,2025-04-28T00:00:00Z
2025-03-15,C00155,0,2025-04-29T00:00:00Z
2025-03-16,C00155,0,2025-04-30T00:00:00Z
2025-03-17,C00155,0,2025-05-01T00:00:00Z
2025-03-18,C00155,0,2025-05-02T00:00:00Z
2025-03-19,C00155,0,2025-05-03T00:00:00Z
2025-03-20,C00155,0,2025-05-04T00:00:00Z
2025-03-21,C00155,0,2025-05-05T00:00:00Z
2025-03-22,C00155,0,2025-05-06T00:00:00Z
2025-03-23,C00155,1,2025-05-07T00:00:00Z
2025-03-24,C00155,0,2025-05-08T00:00:00Z
2025-03-25,C00155,0,2025-05-09T00:00:00Z
2025-03-26,C00155,0,2025-05-10T00:00:00Z
2025-03-27,C00155,0,2025-05-11T00:00:00Z
2025-03-28,C00155,0,2025-05-12T00:00:00Z
2025-03-29,C00155,0,2025-05-13T00:00:00Z
2025-03-30,C00155,0,2025-05-14T00:00:00Z
2025-03-31,C00155,1,2025-05-15T00:00:00Z
2025-04-01,C00155,0,2025-05-16T00:00:00Z
2025-04-02,C00155,0,2025-05-17T00:00:00Z
2025-04-03,C00155,0,2025-05-18T00:00:00Z
2025-04-04,C00155,0,2025-05-19T00:00:00Z
2025-04-05,C00155,0,2025-05-20T00:00:00Z
2025-04-06,C00155,0,2025-05-21T00:00:00Z
2025-04-07,C00155,0,2025-05-22T00:00:00Z
2025-04-08,C00155,0,2025-05-23T00:00:00Z
2025-04-09,C00155,0,2025-05-24T00:00:00Z
2025-04-10,C00155,0,2025-05-25T00:00:00Z
2025-04-11,C00155,0,2025-05-26T00:00:00Z
2025-04-12,C00155,0,2025-05-27T00:00:00Z
2025-04-13,C00155,0,2025-05-28T00:00:00Z
2025-04-14,C00155,0,2025-05-29T00:00:00Z
2025-03-01,C00156,0,2025-04-15T00:00:00Z
2025-03-02,C00156,0,2025-04-16T00:00:00Z
2025-03-03,C00156,0,2025-04-17T00:00:00Z
2025-03-04,C00156,0,2025-04-18T00:00:00Z
2025-03-05,C00156,0,2025-04-19T00:00:00Z
2025-03-06,C00156,0,2025-04-20T00:00:00Z
2025-03-07,C00156,0,2025-04-21T00:00:00Z
2025-03-08,C00156,0,2025-04-22T00:00:00Z
2025-03-09,C00156,0,2025-04-23T00:00:00Z
2025-03-10,C00156,0,2025-04-24T00:00:00Z
2025-03-11,C00156,0,2025-04-25T00:00:00Z
2025-03-12,C00156,0,2025-04-26T00:00:00Z
2025-03-13,C00156,0,2025-04-27T00:00:00Z
2025-03-14,C00156,1,2025-04-28T00:00:00Z
2025-03-15,C00156,0,2025-04-29T00:00:00Z
2025-03-16,C00156,0,2025-04-30T00:00:00Z
2025-03-17,C00156,0,2025-05-01T00:00:00Z
2025-03-18,C00156,0,2025-05-02T00:00:00Z
2025-03-19,C00156,0,2025-05-03T00:00:00Z
2025-03-20,C00156,0,2025-05-04T00:00:00Z
2025-03-21,C00156,0,2025-05-05T00:00:00Z
2025-03-22,C00156,0,2025-05-06T00:00:00Z
2025-03-23,C00156,0,2025-05-07T00:00:00Z
2025-03-24,C00156,0,2025-05-08T00:00:00Z
2025-03-25,C00156,0,2025-05-09T00:00:00Z
2025-03-26,C00156,0,2025-05-10T00:00:00Z
2025-03-27,C00156,0,2025-05-11T00:00:00Z
2025-03-28,C00156,0,2025-05-12T00:00:00Z
2025-03-29,C00156,0,2025-05-13T00:00:00Z
2025-03-30,C00156,0,2025-05-14T00:00:00Z
2025-03-31,C00156,0,2025-05-15T00:00:00Z
2025-04-01,C00156,0,2025-05-16T00:00:00Z
2025-04-02,C00156,0,2025-05-17T00:00:00Z
2025-04-03,C00156,0,2025-05-18T00:00:00Z
2025-04-04,C00156,0,2025-05-19T00:00:00Z
2025-04-05,C00156,0,2025-05-20T00:00:00Z
2025-04-06,C00156,0,2025-05-21T00:00:00Z
2025-04-07,C00156,0,2025-05-22T00:00:00Z
2025-04-08,C00156,0,2025-05-23T00:00:00Z
2025-04-09,C00156,0,2025-05-24T00:00:00Z
2025-04-10,C00156,0,2025-05-25T00:00:00Z
2025-04-11,C00156,0,2025-05-26T00:00:00Z
2025-04-12,C00156,0,2025-05-27T00:00:00Z
2025-04-13,C00156,0,2025-05-28T00:00:00Z
2025-04-14,C00156,0,2025-05-29T00:00:00Z
2025-03-01,C00157,0,2025-04-15T00:00:00Z
2025-03-02,C00157,0,2025-04-16T00:00:00Z
2025-03-03,C00157,0,2025-04-17T00:00:00Z
2025-03-04,C00157,0,2025-04-18T00:00:00Z
2025-03-05,C00157,0,2025-04-19T00:00:00Z
2025-03-06,C00157,0,2025-04-20T00:00:00Z
2025-03-07,C00157,0,2025-04-21T00:00:00Z
2025-03-08,C00157,0,2025-04-22T00:00:00Z
2025-03-09,C00157,0,2025-04-23T00:00:00Z
2025-03-10,C00157,0,2025-04-24T00:00:00Z
2025-03-11,C00157,0,2025-04-25T00:00:00Z
2025-03-12,C00157,1,2025-04-26T00:00:00Z
2025-03-13,C00157,0,2025-04-27T00:00:00Z
2025-03-14,C00157,0,2025-04-28T00:00:00Z
2025-03-15,C00157,0,2025-04-29T00:00:00Z
2025-03-16,C00157,0,2025-04-30T00:00:00Z
2025-03-17,C00157,0,2025-05-01T00:00:00Z
2025-03-18,C00157,0,2025-05-02T00:00:00Z
2025-03-19,C00157,0,2025-05-03T00:00:00Z
2025-03-20,C00157,0,2025-05-04T00:00:00Z
2025-03-21,C00157,0,2025-05-05T00:00:00Z
2025-03-22,C00157,0,2025-05-06T00:00:00Z
2025-03-23,C00157,0,2025-05-07T00:00:00Z
2025-03-24,C00157,0,2025-05-08T00:00:00Z
2025-03-25,C00157,0,2025-05-09T00:00:00Z
2025-03-26,C00157,0,2025-05-10T00:00:00Z
2025-03-27,C00157,0,2025-05-11T00:00:00Z
2025-03-28,C00157,0,2025-05-12T00:00:00Z
2025-03-29,C00157,0,2025-05-13T00:00:00Z
2025-03-30,C00157,0,2025-05-14T00:00:00Z
2025-03-31,C00157,0,2025-05-15T00:00:00Z
2025-04-01,C00157,0,2025-05-16T00:00:00Z
2025-04-02,C00157,0,2025-05-17T00:00:00Z
2025-04-03,C00157,0,2025-05-18T00:00:00Z
2025-04-04,C00157,1,2025-05-19T00:00:00Z
2025-04-05,C00157,0,2025-05-20T00:00:00Z
2025-04-06,C00157,0,2025-05-21T00:00:00Z
2025-04-07,C00157,0,2025-05-22T00:00:00Z
2025-04-08,C00157,0,2025-05-23T00:00:00Z
2025-04-09,C00157,0,2025-05-24T00:00:00Z
2025-04-10,C00157,0,2025-05-25T00:00:00Z
2025-04-11,C00157,0,2025-05-26T00:00:00Z
2025-04-12,C00157,0,2025-05-27T00:00:00Z
2025-04-13,C00157,0,2025-05-28T00:00:00Z
2025-04-14,C00157,0,2025-05-29T00:00:00Z
2025-03-01,C00158,1,2025-04-15T00:00:00Z
2025-03-02,C00158,0,2025-04-16T00:00:00Z
2025-03-03,C00158,0,2025-04-17T00:00:00Z
2025-03-04,C00158,0,2025-04-18T00:00:00Z
2025-03-05,C00158,0,2025-04-19T00:00:00Z
2025-03-06,C00158,0,2025-04-20T00:00:00Z
2025-03-07,C00158,0,2025-04-21T00:00:00Z
2025-03-08,C00158,0,2025-04-22T00:00:00Z
2025-03-09,C00158,0,2025-04-23T00:00:00Z
2025-03-10,C00158,0,2025-04-24T00:00:00Z
2025-03-11,C00158,0,2025-04-25T00:00:00Z
2025-03-12,C00158,0,2025-04-26T00:00:00Z
2025-03-13,C00158,0,2025-04-27T00:00:00Z
2025-03-14,C00158,0,2025-04-28T00:00:00Z
2025-03-15,C00158,0,2025-04-29T00:00:00Z
2025-03-16,C00158,0,2025-04-30T00:00:00Z
2025-03-17,C00158,0,2025-05-01T00:00:00Z
2025-03-18,C00158,0,2025-05-02T00:00:00Z
2025-03-19,C00158,0,2025-05-03T00:00:00Z
2025-03-20,C00158,0,2025-05-04T00:00:00Z
2025-03-21,C00158,0,2025-05-05T00:00:00Z
2025-03-22,C00158,0,2025-05-06T00:00:00Z
2025-03-23,C00158,0,2025-05-07T00:00:00Z
2025-03-24,C00158,0,2025-05-08T00:00:00Z
2025-03-25,C00158,0,2025-05-09T00:00:00Z
2025-03-26,C00158,0,2025-05-10T00:00:00Z
2025-03-27,C00158,1,2025-05-11T00:00:00Z
2025-03-28,C00158,0,2025-05-12T00:00:00Z
2025-03-29,C00158,0,2025-05-13T00:00:00Z
2025-03-30,C00158,0,2025-05-14T00:00:00Z
2025-03-31,C00158,0,2025-05-15T00:00:00Z
2025-04-01,C00158,0,2025-05-16T00:00:00Z
2025-04-02,C00158,0,2025-05-17T00:00:00Z
2025-04-03,C00158,0,2025-05-18T00:00:00Z
2025-04-04,C00158,0,2025-05-19T00:00:00Z
2025-04-05,C00158,0,2025-05-20T00:00:00Z
2025-04-06,C00158,0,2025-05-21T00:00:00Z
2025-04-07,C00158,0,2025-05-22T00:00:00Z
2025-04-08,C00158,0,2025-05-23T00:00:00Z
2025-04-09,C00158,0,2025-05-24T00:00:00Z
2025-04-10,C00158,0,2025-05-25T00:00:00Z
2025-04-11,C00158,0,2025-05-26T00:00:00Z
2025-04-12,C00158,0,2025-05-27T00:00:00Z
2025-04-13,C00158,0,2025-05-28T00:00:00Z
2025-04-14,C00158,0,2025-05-29T00:00:00Z
2025-03-01,C00159,0,2025-04-15T00:00:00Z
2025-03-02,C00159,0,2025-04-16T00:00:00Z
2025-03-03,C00159,0,2025-04-17T00:00:00Z
2025-03-04,C00159,1,2025-04-18T00:00:00Z
2025-03-05,C00159,0,2025-04-19T00:00:00Z
2025-03-06,C00159,0,2025-04-20T00:00:00Z
2025-03-07,C00159,0,2025-04-21T00:00:00Z
2025-03-08,C00159,0,2025-04-22T00:00:00Z
2025-03-09,C00159,0,2025-04-23T00:00:00Z
2025-03-10,C00159,0,2025-04-24T00:00:00Z
2025-03-11,C00159,0,2025-04-25T00:00:00Z
2025-03-12,C00159,0,2025-04-26T00:00:00Z
2025-03-13,C00159,0,2025-04-27T00:00:00Z
2025-03-14,C00159,0,2025-04-28T00:00:00Z
2025-03-15,C00159,0,2025-04-29T00:00:00Z
2025-03-16,C00159,0,2025-04-30T00:00:00Z
2025-03-17,C00159,1,2025-05-01T00:00:00Z
2025-03-18,C00159,0,2025-05-02T00:00:00Z
2025-03-19,C00159,0,2025-05-03T00:00:00Z
2025-03-20,C00159,0,2025-05-04T00:00:00Z
2025-03-21,C00159,0,2025-05-05T00:00:00Z
2025-03-22,C00159,0,2025-05-06T00:00:00Z
2025-03-23,C00159,0,2025-05-07T00:00:00Z
2025-03-24,C00159,0,2025-05-08T00:00:00Z
2025-03-25,C00159,0,2025-05-09T00:00:00Z
2025-03-26,C00159,0,2025-05-10T00:00:00Z
2025-03-27,C00159,0,2025-05-11T00:00:00Z
2025-03-28,C00159,0,2025-05-12T00:00:00Z
2025-03-29,C00159,0,2025-05-13T00:00:00Z
2025-03-30,C00159,0,2025-05-14T00:00:00Z
2025-03-31,C00159,0,2025-05-15T00:00:00Z
2025-04-01,C00159,0,2025-05-16T00:00:00Z
2025-04-02,C00159,1,2025-05-17T00:00:00Z
2025-04-03,C00159,0,2025-05-18T00:00:00Z
2025-04-04,C00159,0,2025-05-19T00:00:00Z
2025-04-05,C00159,1,2025-05-20T00:00:00Z
2025-04-06,C00159,0,2025-05-21T00:00:00Z
2025-04-07,C00159,0,2025-05-22T00:00:00Z
2025-04-08,C00159,0,2025-05-23T00:00:00Z
2025-04-09,C00159,0,2025-05-24T00:00:00Z
2025-04-10,C00159,0,2025-05-25T00:00:00Z
2025-04-11,C00159,0,2025-05-26T00:00:00Z
2025-04-12,C00159,0,2025-05-27T00:00:00Z
2025-04-13,C00159,0,2025-05-28T00:00:00Z
2025-04-14,C00159,0,2025-05-29T00:00:00Z
2025-03-01,C00160,0,2025-04-15T00:00:00Z
2025-03-02,C00160,0,2025-04-16T00:00:00Z
2025-03-03,C00160,0,2025-04-17T00:00:00Z
2025-03-04,C00160,0,2025-04-18T00:00:00Z
2025-03-05,C00160,0,2025-04-19T00:00:00Z
2025-03-06,C00160,0,2025-04-20T00:00:00Z
2025-03-07,C00160,0,2025-04-21T00:00:00Z
2025-03-08,C00160,0,2025-04-22T00:00:00Z
2025-03-09,C00160,0,2025-04-23T00:00:00Z
2025-03-10,C00160,0,2025-04-24T00:00:00Z
2025-03-11,C00160,0,2025-04-25T00:00:00Z
2025-03-12,C00160,0,2025-04-26T00:00:00Z
2025-03-13,C00160,0,2025-04-27T00:00:00Z
2025-03-14,C00160,0,2025-04-28T00:00:00Z
2025-03-15,C00160,0,2025-04-29T00:00:00Z
2025-03-16,C00160,0,2025-04-30T00:00:00Z
2025-03-17,C00160,0,2025-05-01T00:00:00Z
2025-03-18,C00160,0,2025-05-02T00:00:00Z
2025-03-19,C00160,0,2025-05-03T00:00:00Z
2025-03-20,C00160,0,2025-05-04T00:00:00Z
2025-03-21,C00160,0,2025-05-05T00:00:00Z
2025-03-22,C00160,0,2025-05-06T00:00:00Z
2025-03-23,C00160,0,2025-05-07T00:00:00Z
2025-03-24,C00160,0,2025-05-08T00:00:00Z
2025-03-25,C00160,0,2025-05-09T00:00:00Z
2025-03-26,C00160,0,2025-05-10T00:00:00Z
2025-03-27,C00160,0,2025-05-11T00:00:00Z
2025-03-28,C00160,0,2025-05-12T00:00:00Z
2025-03-29,C00160,1,2025-05-13T00:00:00Z
2025-03-30,C00160,0,2025-05-14T00:00:00Z
2025-03-31,C00160,0,2025-05-15T00:00:00Z
2025-04-01,C00160,0,2025-05-16T00:00:00Z
2025-04-02,C00160,0,2025-05-17T00:00:00Z
2025-04-03,C00160,0,2025-05-18T00:00:00Z
2025-04-04,C00160,0,2025-05-19T00:00:00Z
2025-04-05,C00160,0,2025-05-20T00:00:00Z
2025-04-06,C00160,0,2025-05-21T00:00:00Z
2025-04-07,C00160,0,2025-05-22T00:00:00Z
2025-04-08,C00160,0,2025-05-23T00:00:00Z
2025-04-09,C00160,0,2025-05-24T00:00:00Z
2025-04-10,C00160,0,2025-05-25T00:00:00Z
2025-04-11,C00160,0,2025-05-26T00:00:00Z
2025-04-12,C00160,0,2025-05-27T00:00:00Z
2025-04-13,C00160,1,2025-05-28T00:00:00Z
2025-04-14,C00160,0,2025-05-29T00:00:00Z
2025-03-01,C00161,0,2025-04-15T00:00:00Z
2025-03-02,C00161,0,2025-04-16T00:00:00Z
2025-03-03,C00161,0,2025-04-17T00:00:00Z
2025-03-04,C00161,0,2025-04-18T00:00:00Z
2025-03-05,C00161,0,2025-04-19T00:00:00Z
2025-03-06,C00161,0,2025-04-20T00:00:00Z
2025-03-07,C00161,0,2025-04-21T00:00:00Z
2025-03-08,C00161,0,2025-04-22T00:00:00Z
2025-03-09,C00161,0,2025-04-23T00:00:00Z
2025-03-10,C00161,0,2025-04-24T00:00:00Z
2025-03-11,C00161,0,2025-04-25T00:00:00Z
2025-03-12,C00161,0,2025-04-26T00:00:00Z
2025-03-13,C00161,0,2025-04-27T00:00:00Z
2025-03-14,C00161,0,2025-04-28T00:00:00Z
2025-03-15,C00161,0,2025-04-29T00:00:00Z
2025-03-16,C00161,0,2025-04-30T00:00:00Z
2025-03-17,C00161,0,2025-05-01T00:00:00Z
2025-03-18,C00161,0,2025-05-02T00:00:00Z
2025-03-19,C00161,0,2025-05-03T00:00:00Z
2025-03-20,C00161,0,2025-05-04T00:00:00Z
2025-03-21,C00161,0,2025-05-05T00:00:00Z
2025-03-22,C00161,0,2025-05-06T00:00:00Z
2025-03-23,C00161,0,2025-05-07T00:00:00Z
2025-03-24,C00161,0,2025-05-08T00:00:00Z
2025-03-25,C00161,1,2025-05-09T00:00:00Z
2025-03-26,C00161,0,2025-05-10T00:00:00Z
2025-03-27,C00161,0,2025-05-11T00:00:00Z
2025-03-28,C00161,0,2025-05-12T00:00:00Z
2025-03-29,C00161,0,2025-05-13T00:00:00Z
2025-03-30,C00161,0,2025-05-14T00:00:00Z
2025-03-31,C00161,0,2025-05-15T00:00:00Z
2025-04-01,C00161,0,2025-05-16T00:00:00Z
2025-04-02,C00161,0,2025-05-17T00:00:00Z
2025-04-03,C00161,0,2025-05-18T00:00:00Z
2025-04-04,C00161,0,2025-05-19T00:00:00Z
2025-04-05,C00161,0,2025-05-20T00:00:00Z
2025-04-06,C00161,0,2025-05-21T00:00:00Z
2025-04-07,C00161,0,2025-05-22T00:00:00Z
2025-04-08,C00161,0,2025-05-23T00:00:00Z
2025-04-09,C00161,0,2025-05-24T00:00:00Z
2025-04-10,C00161,0,2025-05-25T00:00:00Z
2025-04-11,C00161,0,2025-05-26T00:00:00Z
2025-04-12,C00161,0,2025-05-27T00:00:00Z
2025-04-13,C00161,0,2025-05-28T00:00:00Z
2025-04-14,C00161,1,2025-05-29T00:00:00Z
2025-03-01,C00162,0,2025-04-15T00:00:00Z
2025-03-02,C00162,1,2025-04-16T00:00:00Z
2025-03-03,C00162,0,2025-04-17T00:00:00Z
2025-03-04,C00162,0,2025-04-18T00:00:00Z
2025-03-05,C00162,0,2025-04-19T00:00:00Z
2025-03-06,C00162,0,2025-04-20T00:00:00Z
2025-03-07,C00162,0,2025-04-21T00:00:00Z
2025-03-08,C00162,0,2025-04-22T00:00:00Z
2025-03-09,C00162,0,2025-04-23T00:00:00Z
2025-03-10,C00162,0,2025-04-24T00:00:00Z
2025-03-11,C00162,0,2025-04-25T00:00:00Z
2025-03-12,C00162,0,2025-04-26T00:00:00Z
2025-03-13,C00162,0,2025-04-27T00:00:00Z
2025-03-14,C00162,0,2025-04-28T00:00:00Z
2025-03-15,C00162,0,2025-04-29T00:00:00Z
2025-03-16,C00162,0,2025-04-30T00:00:00Z
2025-03-17,C00162,1,2025-05-01T00:00:00Z
2025-03-18,C00162,0,2025-05-02T00:00:00Z
2025-03-19,C00162,0,2025-05-03T00:00:00Z
2025-03-20,C00162,0,2025-05-04T00:00:00Z
2025-03-21,C00162,1,2025-05-05T00:00:00Z
2025-03-22,C00162,0,2025-05-06T00:00:00Z
2025-03-23,C00162,0,2025-05-07T00:00:00Z
2025-03-24,C00162,0,2025-05-08T00:00:00Z
2025-03-25,C00162,1,2025-05-09T00:00:00Z
2025-03-26,C00162,0,2025-05-10T00:00:00Z
2025-03-27,C00162,0,2025-05-11T00:00:00Z
2025-03-28,C00162,0,2025-05-12T00:00:00Z
2025-03-29,C00162,0,2025-05-13T00:00:00Z
2025-03-30,C00162,0,2025-05-14T00:00:00Z
2025-03-31,C00162,0,2025-05-15T00:00:00Z
2025-04-01,C00162,0,2025-05-16T00:00:00Z
2025-04-02,C00162,0,2025-05-17T00:00:00Z
2025-04-03,C00162,0,2025-05-18T00:00:00Z
2025-04-04,C00162,1,2025-05-19T00:00:00Z
2025-04-05,C00162,0,2025-05-20T00:00:00Z
2025-04-06,C00162,0,2025-05-21T00:00:00Z
2025-04-07,C00162,0,2025-05-22T00:00:00Z
2025-04-08,C00162,0,2025-05-23T00:00:00Z
2025-04-09,C00162,0,2025-05-24T00:00:00Z
2025-04-10,C00162,0,2025-05-25T00:00:00Z
2025-04-11,C00162,0,2025-05-26T00:00:00Z
2025-04-12,C00162,0,2025-05-27T00:00:00Z
2025-04-13,C00162,0,2025-05-28T00:00:00Z
2025-04-14,C00162,0,2025-05-29T00:00:00Z
2025-03-01,C00163,0,2025-04-15T00:00:00Z
2025-03-02,C00163,0,2025-04-16T00:00:00Z
2025-03-03,C00163,1,2025-04-17T00:00:00Z
2025-03-04,C00163,0,2025-04-18T00:00:00Z
2025-03-05,C00163,0,2025-04-19T00:00:00Z
2025-03-06,C00163,0,2025-04-20T00:00:00Z
2025-03-07,C00163,0,2025-04-21T00:00:00Z
2025-03-08,C00163,0,2025-04-22T00:00:00Z
2025-03-09,C00163,0,2025-04-23T00:00:00Z
2025-03-10,C00163,0,2025-04-24T00:00:00Z
2025-03-11,C00163,0,2025-04-25T00:00:00Z
2025-03-12,C00163,0,2025-04-26T00:00:00Z
2025-03-13,C00163,0,2025-04-27T00:00:00Z
2025-03-14,C00163,0,2025-04-28T00:00:00Z
2025-03-15,C00163,0,2025-04-29T00:00:00Z
2025-03-16,C00163,0,2025-04-30T00:00:00Z
2025-03-17,C00163,0,2025-05-01T00:00:00Z
2025-03-18,C00163,0,2025-05-02T00:00:00Z
2025-03-19,C00163,0,2025-05-03T00:00:00Z
2025-03-20,C00163,0,2025-05-04T00:00:00Z
2025-03-21,C00163,0,2025-05-05T00:00:00Z
2025-03-22,C00163,0,2025-05-06T00:00:00Z
2025-03-23,C00163,0,2025-05-07T00:00:00Z
2025-03-24,C00163,0,2025-05-08T00:00:00Z
2025-03-25,C00163,0,2025-05-09T00:00:00Z
2025-03-26,C00163,0,2025-05-10T00:00:00Z
2025-03-27,C00163,0,2025-05-11T00:00:00Z
2025-03-28,C00163,0,2025-05-12T00:00:00Z
2025-03-29,C00163,0,2025-05-13T00:00:00Z
2025-03-30,C00163,0,2025-05-14T00:00:00Z
2025-03-31,C00163,0,2025-05-15T00:00:00Z
2025-04-01,C00163,0,2025-05-16T00:00:00Z
2025-04-02,C00163,0,2025-05-17T00:00:00Z
2025-04-03,C00163,1,2025-05-18T00:00:00Z
2025-04-04,C00163,1,2025-05-19T00:00:00Z
2025-04-05,C00163,0,2025-05-20T00:00:00Z
2025-04-06,C00163,0,2025-05-21T00:00:00Z
2025-04-07,C00163,0,2025-05-22T00:00:00Z
2025-04-08,C00163,0,2025-05-23T00:00:00Z
2025-04-09,C00163,0,2025-05-24T00:00:00Z
2025-04-10,C00163,0,2025-05-25T00:00:00Z
2025-04-11,C00163,0,2025-05-26T00:00:00Z
2025-04-12,C00163,0,2025-05-27T00:00:00Z
2025-04-13,C00163,0,2025-05-28T00:00:00Z
2025-04-14,C00163,0,2025-05-29T00:00:00Z
2025-03-01,C00164,0,2025-04-15T00:00:00Z
2025-03-02,C00164,1,2025-04-16T00:00:00Z
2025-03-03,C00164,0,2025-04-17T00:00:00Z
2025-03-04,C00164,0,2025-04-18T00:00:00Z
2025-03-05,C00164,0,2025-04-19T00:00:00Z
2025-03-06,C00164,0,2025-04-20T00:00:00Z
2025-03-07,C00164,0,2025-04-21T00:00:00Z
2025-03-08,C00164,0,2025-04-22T00:00:00Z
2025-03-09,C00164,0,2025-04-23T00:00:00Z
2025-03-10,C00164,0,2025-04-24T00:00:00Z
2025-03-11,C00164,0,2025-04-25T00:00:00Z
2025-03-12,C00164,1,2025-04-26T00:00:00Z
2025-03-13,C00164,0,2025-04-27T00:00:00Z
2025-03-14,C00164,0,2025-04-28T00:00:00Z
2025-03-15,C00164,0,2025-04-29T00:00:00Z
2025-03-16,C00164,0,2025-04-30T00:00:00Z
2025-03-17,C00164,0,2025-05-01T00:00:00Z
2025-03-18,C00164,0,2025-05-02T00:00:00Z
2025-03-19,C00164,0,2025-05-03T00:00:00Z
2025-03-20,C00164,0,2025-05-04T00:00:00Z
2025-03-21,C00164,0,2025-05-05T00:00:00Z
2025-03-22,C00164,0,2025-05-06T00:00:00Z
2025-03-23,C00164,0,2025-05-07T00:00:00Z
2025-03-24,C00164,0,2025-05-08T00:00:00Z
2025-03-25,C00164,0,2025-05-09T00:00:00Z
2025-03-26,C00164,0,2025-05-10T00:00:00Z
2025-03-27,C00164,0,2025-05-11T00:00:00Z
2025-03-28,C00164,0,2025-05-12T00:00:00Z
2025-03-29,C00164,0,2025-05-13T00:00:00Z
2025-03-30,C00164,0,2025-05-14T00:00:00Z
2025-03-31,C00164,0,2025-05-15T00:00:00Z
2025-04-01,C00164,0,2025-05-16T00:00:00Z
2025-04-02,C00164,0,2025-05-17T00:00:00Z
2025-04-03,C00164,0,2025-05-18T00:00:00Z
2025-04-04,C00164,0,2025-05-19T00:00:00Z
2025-04-05,C00164,0,2025-05-20T00:00:00Z
2025-04-06,C00164,0,2025-05-21T00:00:00Z
2025-04-07,C00164,0,2025-05-22T00:00:00Z
2025-04-08,C00164,0,2025-05-23T00:00:00Z
2025-04-09,C00164,0,2025-05-24T00:00:00Z
2025-04-10,C00164,0,2025-05-25T00:00:00Z
2025-04-11,C00164,0,2025-05-26T00:00:00Z
2025-04-12,C00164,0,2025-05-27T00:00:00Z
2025-04-13,C00164,0,2025-05-28T00:00:00Z
2025-04-14,C00164,0,2025-05-29T00:00:00Z
2025-03-01,C00165,0,2025-04-15T00:00:00Z
2025-03-02,C00165,0,2025-04-16T00:00:00Z
2025-03-03,C00165,0,2025-04-17T00:00:00Z
2025-03-04,C00165,1,2025-04-18T00:00:00Z
2025-03-05,C00165,0,2025-04-19T00:00:00Z
2025-03-06,C00165,0,2025-04-20T00:00:00Z
2025-03-07,C00165,0,2025-04-21T00:00:00Z
2025-03-08,C00165,0,2025-04-22T00:00:00Z
2025-03-09,C00165,0,2025-04-23T00:00:00Z
2025-03-10,C00165,0,2025-04-24T00:00:00Z
2025-03-11,C00165,0,2025-04-25T00:00:00Z
2025-03-12,C00165,0,2025-04-26T00:00:00Z
2025-03-13,C00165,1,2025-04-27T00:00:00Z
2025-03-14,C00165,0,2025-04-28T00:00:00Z
2025-03-15,C00165,0,2025-04-29T00:00:00Z
2025-03-16,C00165,0,2025-04-30T00:00:00Z
2025-03-17,C00165,0,2025-05-01T00:00:00Z
2025-03-18,C00165,0,2025-05-02T00:00:00Z
2025-03-19,C00165,0,2025-05-03T00:00:00Z
2025-03-20,C00165,0,2025-05-04T00:00:00Z
2025-03-21,C00165,1,2025-05-05T00:00:00Z
2025-03-22,C00165,0,2025-05-06T00:00:00Z
2025-03-23,C00165,0,2025-05-07T00:00:00Z
2025-03-24,C00165,0,2025-05-08T00:00:00Z
2025-03-25,C00165,0,2025-05-09T00:00:00Z
2025-03-26,C00165,0,2025-05-10T00:00:00Z
2025-03-27,C00165,0,2025-05-11T00:00:00Z
2025-03-28,C00165,0,2025-05-12T00:00:00Z
2025-03-29,C00165,0,2025-05-13T00:00:00Z
2025-03-30,C00165,0,2025-05-14T00:00:00Z
2025-03-31,C00165,0,2025-05-15T00:00:00Z
2025-04-01,C00165,0,2025-05-16T00:00:00Z
2025-04-02,C00165,0,2025-05-17T00:00:00Z
2025-04-03,C00165,0,2025-05-18T00:00:00Z
2025-04-04,C00165,0,2025-05-19T00:00:00Z
2025-04-05,C00165,1,2025-05-20T00:00:00Z
2025-04-06,C00165,0,2025-05-21T00:00:00Z
2025-04-07,C00165,0,2025-05-22T00:00:00Z
2025-04-08,C00165,0,2025-05-23T00:00:00Z
2025-04-09,C00165,0,2025-05-24T00:00:00Z
2025-04-10,C00165,0,2025-05-25T00:00:00Z
2025-04-11,C00165,0,2025-05-26T00:00:00Z
2025-04-12,C00165,0,2025-05-27T00:00:00Z
2025-04-13,C00165,0,2025-05-28T00:00:00Z
2025-04-14,C00165,0,2025-05-29T00:00:00Z
2025-03-01,C00166,0,2025-04-15T00:00:00Z
2025-03-02,C00166,0,2025-04-16T00:00:00Z
2025-03-03,C00166,0,2025-04-17T00:00:00Z
2025-03-04,C00166,0,2025-04-18T00:00:00Z
2025-03-05,C00166,0,2025-04-19T00:00:00Z
2025-03-06,C00166,0,2025-04-20T00:00:00Z
2025-03-07,C00166,0,2025-04-21T00:00:00Z
2025-03-08,C00166,0,2025-04-22T00:00:00Z
2025-03-09,C00166,0,2025-04-23T00:00:00Z
2025-03-10,C00166,0,2025-04-24T00:00:00Z
2025-03-11,C00166,0,2025-04-25T00:00:00Z
2025-03-12,C00166,0,2025-04-26T00:00:00Z
2025-03-13,C00166,0,2025-04-27T00:00:00Z
2025-03-14,C00166,0,2025-04-28T00:00:00Z
2025-03-15,C00166,0,2025-04-29T00:00:00Z
2025-03-16,C00166,0,2025-04-30T00:00:00Z
2025-03-17,C00166,0,2025-05-01T00:00:00Z
2025-03-18,C00166,0,2025-05-02T00:00:00Z
2025-03-19,C00166,0,2025-05-03T00:00:00Z
2025-03-20,C00166,0,2025-05-04T00:00:00Z
2025-03-21,C00166,0,2025-05-05T00:00:00Z
2025-03-22,C00166,0,2025-05-06T00:00:00Z
2025-03-23,C00166,0,2025-05-07T00:00:00Z
2025-03-24,C00166,0,2025-05-08T00:00:00Z
2025-03-25,C00166,1,2025-05-09T00:00:00Z
2025-03-26,C00166,0,2025-05-10T00:00:00Z
2025-03-27,C00166,0,2025-05-11T00:00:00Z
2025-03-28,C00166,0,2025-05-12T00:00:00Z
2025-03-29,C00166,0,2025-05-13T00:00:00Z
2025-03-30,C00166,0,2025-05-14T00:00:00Z
2025-03-31,C00166,0,2025-05-15T00:00:00Z
2025-04-01,C00166,0,2025-05-16T00:00:00Z
2025-04-02,C00166,0,2025-05-17T00:00:00Z
2025-04-03,C00166,0,2025-05-18T00:00:00Z
2025-04-04,C00166,0,2025-05-19T00:00:00Z
2025-04-05,C00166,0,2025-05-20T00:00:00Z
2025-04-06,C00166,0,2025-05-21T00:00:00Z
2025-04-07,C00166,1,2025-05-22T00:00:00Z
2025-04-08,C00166,0,2025-05-23T00:00:00Z
2025-04-09,C00166,0,2025-05-24T00:00:00Z
2025-04-10,C00166,0,2025-05-25T00:00:00Z
2025-04-11,C00166,0,2025-05-26T00:00:00Z
2025-04-12,C00166,0,2025-05-27T00:00:00Z
2025-04-13,C00166,0,2025-05-28T00:00:00Z
2025-04-14,C00166,0,2025-05-29T00:00:00Z
2025-03-01,C00167,0,2025-04-15T00:00:00Z
2025-03-02,C00167,0,2025-04-16T00:00:00Z
2025-03-03,C00167,0,2025-04-17T00:00:00Z
2025-03-04,C00167,0,2025-04-18T00:00:00Z
2025-03-05,C00167,0,2025-04-19T00:00:00Z
2025-03-06,C00167,0,2025-04-20T00:00:00Z
2025-03-07,C00167,0,2025-04-21T00:00:00Z
2025-03-08,C00167,1,2025-04-22T00:00:00Z
2025-03-09,C00167,0,2025-04-23T00:00:00Z
2025-03-10,C00167,0,2025-04-24T00:00:00Z
2025-03-11,C00167,0,2025-04-25T00:00:00Z
2025-03-12,C00167,0,2025-04-26T00:00:00Z
2025-03-13,C00167,0,2025-04-27T00:00:00Z
2025-03-14,C00167,0,2025-04-28T00:00:00Z
2025-03-15,C00167,0,2025-04-29T00:00:00Z
2025-03-16,C00167,0,2025-04-30T00:00:00Z
2025-03-17,C00167,0,2025-05-01T00:00:00Z
2025-03-18,C00167,0,2025-05-02T00:00:00Z
2025-03-19,C00167,0,2025-05-03T00:00:00Z
2025-03-20,C00167,0,2025-05-04T00:00:00Z
2025-03-21,C00167,0,2025-05-05T00:00:00Z
2025-03-22,C00167,0,2025-05-06T00:00:00Z
2025-03-23,C00167,0,2025-05-07T00:00:00Z
2025-03-24,C00167,0,2025-05-08T00:00:00Z
2025-03-25,C00167,0,2025-05-09T00:00:00Z
2025-03-26,C00167,0,2025-05-10T00:00:00Z
2025-03-27,C00167,0,2025-05-11T00:00:00Z
2025-03-28,C00167,0,2025-05-12T00:00:00Z
2025-03-29,C00167,0,2025-05-13T00:00:00Z
2025-03-30,C00167,0,2025-05-14T00:00:00Z
2025-03-31,C00167,0,2025-05-15T00:00:00Z
2025-04-01,C00167,1,2025-05-16T00:00:00Z
2025-04-02,C00167,0,2025-05-17T00:00:00Z
2025-04-03,C00167,0,2025-05-18T00:00:00Z
2025-04-04,C00167,0,2025-05-19T00:00:00Z
2025-04-05,C00167,0,2025-05-20T00:00:00Z
2025-04-06,C00167,0,2025-05-21T00:00:00Z
2025-04-07,C00167,0,2025-05-22T00:00:00Z
2025-04-08,C00167,0,2025-05-23T00:00:00Z
2025-04-09,C00167,0,2025-05-24T00:00:00Z
2025-04-10,C00167,0,2025-05-25T00:00:00Z
2025-04-11,C00167,0,2025-05-26T00:00:00Z
2025-04-12,C00167,0,2025-05-27T00:00:00Z
2025-04-13,C00167,0,2025-05-28T00:00:00Z
2025-04-14,C00167,0,2025-05-29T00:00:00Z
2025-03-01,C00168,0,2025-04-15T00:00:00Z
2025-03-02,C00168,0,2025-04-16T00:00:00Z
2025-03-03,C00168,0,2025-04-17T00:00:00Z
2025-03-04,C00168,0,2025-04-18T00:00:00Z
2025-03-05,C00168,0,2025-04-19T00:00:00Z
2025-03-06,C00168,0,2025-04-20T00:00:00Z
2025-03-07,C00168,0,2025-04-21T00:00:00Z
2025-03-08,C00168,0,2025-04-22T00:00:00Z
2025-03-09,C00168,0,2025-04-23T00:00:00Z
2025-03-10,C00168,0,2025-04-24T00:00:00Z
2025-03-11,C00168,0,2025-04-25T00:00:00Z
2025-03-12,C00168,0,2025-04-26T00:00:00Z
2025-03-13,C00168,0,2025-04-27T00:00:00Z
2025-03-14,C00168,0,2025-04-28T00:00:00Z
2025-03-15,C00168,1,2025-04-29T00:00:00Z
2025-03-16,C00168,0,2025-04-30T00:00:00Z
2025-03-17,C00168,0,2025-05-01T00:00:00Z
2025-03-18,C00168,0,2025-05-02T00:00:00Z
2025-03-19,C00168,0,2025-05-03T00:00:00Z
2025-03-20,C00168,0,2025-05-04T00:00:00Z
2025-03-21,C00168,0,2025-05-05T00:00:00Z
2025-03-22,C00168,0,2025-05-06T00:00:00Z
2025-03-23,C00168,0,2025-05-07T00:00:00Z
2025-03-24,C00168,0,2025-05-08T00:00:00Z
2025-03-25,C00168,0,2025-05-09T00:00:00Z
2025-03-26,C00168,0,2025-05-10T00:00:00Z
2025-03-27,C00168,0,2025-05-11T00:00:00Z
2025-03-28,C00168,0,2025-05-12T00:00:00Z
2025-03-29,C00168,0,2025-05-13T00:00:00Z
2025-03-30,C00168,0,2025-05-14T00:00:00Z
2025-03-31,C00168,0,2025-05-15T00:00:00Z
2025-04-01,C00168,0,2025-05-16T00:00:00Z
2025-04-02,C00168,0,2025-05-17T00:00:00Z
2025-04-03,C00168,0,2025-05-18T00:00:00Z
2025-04-04,C00168,0,2025-05-19T00:00:00Z
2025-04-05,C00168,0,2025-05-20T00:00:00Z
2025-04-06,C00168,0,2025-05-21T00:00:00Z
2025-04-07,C00168,0,2025-05-22T00:00:00Z
2025-04-08,C00168,0,2025-05-23T00:00:00Z
2025-04-09,C00168,0,2025-05-24T00:00:00Z
2025-04-10,C00168,0,2025-05-25T00:00:00Z
2025-04-11,C00168,0,2025-05-26T00:00:00Z
2025-04-12,C00168,0,2025-05-27T00:00:00Z
2025-04-13,C00168,0,2025-05-28T00:00:00Z
2025-04-14,C00168,0,2025-05-29T00:00:00Z
2025-03-01,C00169,0,2025-04-15T00:00:00Z
2025-03-02,C00169,0,2025-04-16T00:00:00Z
2025-03-03,C00169,0,2025-04-17T00:00:00Z
2025-03-04,C00169,0,2025-04-18T00:00:00Z
2025-03-05,C00169,0,2025-04-19T00:00:00Z
2025-03-06,C00169,0,2025-04-20T00:00:00Z
2025-03-07,C00169,0,2025-04-21T00:00:00Z
2025-03-08,C00169,0,2025-04-22T00:00:00Z
2025-03-09,C00169,0,2025-04-23T00:00:00Z
2025-03-10,C00169,0,2025-04-24T00:00:00Z
2025-03-11,C00169,0,2025-04-25T00:00:00Z
2025-03-12,C00169,1,2025-04-26T00:00:00Z
2025-03-13,C00169,0,2025-04-27T00:00:00Z
2025-03-14,C00169,1,2025-04-28T00:00:00Z
2025-03-15,C00169,0,2025-04-29T00:00:00Z
2025-03-16,C00169,0,2025-04-30T00:00:00Z
2025-03-17,C00169,0,2025-05-01T00:00:00Z
2025-03-18,C00169,0,2025-05-02T00:00:00Z
2025-03-19,C00169,0,2025-05-03T00:00:00Z
2025-03-20,C00169,0,2025-05-04T00:00:00Z
2025-03-21,C00169,0,2025-05-05T00:00:00Z
2025-03-22,C00169,0,2025-05-06T00:00:00Z
2025-03-23,C00169,0,2025-05-07T00:00:00Z
2025-03-24,C00169,0,2025-05-08T00:00:00Z
2025-03-25,C00169,0,2025-05-09T00:00:00Z
2025-03-26,C00169,0,2025-05-10T00:00:00Z
2025-03-27,C00169,0,2025-05-11T00:00:00Z
2025-03-28,C00169,0,2025-05-12T00:00:00Z
2025-03-29,C00169,0,2025-05-13T00:00:00Z
2025-03-30,C00169,0,2025-05-14T00:00:00Z
2025-03-31,C00169,0,2025-05-15T00:00:00Z
2025-04-01,C00169,0,2025-05-16T00:00:00Z
2025-04-02,C00169,0,2025-05-17T00:00:00Z
2025-04-03,C00169,0,2025-05-18T00:00:00Z
2025-04-04,C00169,0,2025-05-19T00:00:00Z
2025-04-05,C00169,0,2025-05-20T00:00:00Z
2025-04-06,C00169,0,2025-05-21T00:00:00Z
2025-04-07,C00169,0,2025-05-22T00:00:00Z
2025-04-08,C00169,0,2025-05-23T00:00:00Z
2025-04-09,C00169,0,2025-05-24T00:00:00Z
2025-04-10,C00169,0,2025-05-25T00:00:00Z
2025-04-11,C00169,0,2025-05-26T00:00:00Z
2025-04-12,C00169,0,2025-05-27T00:00:00Z
2025-04-13,C00169,0,2025-05-28T00:00:00Z
2025-04-14,C00169,0,2025-05-29T00:00:00Z
2025-03-01,C00170,0,2025-04-15T00:00:00Z
2025-03-02,C00170,0,2025-04-16T00:00:00Z
2025-03-03,C00170,0,2025-04-17T00:00:00Z
2025-03-04,C00170,0,2025-04-18T00:00:00Z
2025-03-05,C00170,0,2025-04-19T00:00:00Z
2025-03-06,C00170,0,2025-04-20T00:00:00Z
2025-03-07,C00170,0,2025-04-21T00:00:00Z
2025-03-08,C00170,1,2025-04-22T00:00:00Z
2025-03-09,C00170,0,2025-04-23T00:00:00Z
2025-03-10,C00170,0,2025-04-24T00:00:00Z
2025-03-11,C00170,0,2025-04-25T00:00:00Z
2025-03-12,C00170,0,2025-04-26T00:00:00Z
2025-03-13,C00170,0,2025-04-27T00:00:00Z
2025-03-14,C00170,0,2025-04-28T00:00:00Z
2025-03-15,C00170,0,2025-04-29T00:00:00Z
2025-03-16,C00170,0,2025-04-30T00:00:00Z
2025-03-17,C00170,0,2025-05-01T00:00:00Z
2025-03-18,C00170,0,2025-05-02T00:00:00Z
2025-03-19,C00170,0,2025-05-03T00:00:00Z
2025-03-20,C00170,0,2025-05-04T00:00:00Z
2025-03-21,C00170,0,2025-05-05T00:00:00Z
2025-03-22,C00170,0,2025-05-06T00:00:00Z
2025-03-23,C00170,0,2025-05-07T00:00:00Z
2025-03-24,C00170,0,2025-05-08T00:00:00Z
2025-03-25,C00170,0,2025-05-09T00:00:00Z
2025-03-26,C00170,0,2025-05-10T00:00:00Z
2025-03-27,C00170,0,2025-05-11T00:00:00Z
2025-03-28,C00170,0,2025-05-12T00:00:00Z
2025-03-29,C00170,0,2025-05-13T00:00:00Z
2025-03-30,C00170,0,2025-05-14T00:00:00Z
2025-03-31,C00170,1,2025-05-15T00:00:00Z
2025-04-01,C00170,0,2025-05-16T00:00:00Z
2025-04-02,C00170,0,2025-05-17T00:00:00Z
2025-04-03,C00170,0,2025-05-18T00:00:00Z
2025-04-04,C00170,0,2025-05-19T00:00:00Z
2025-04-05,C00170,0,2025-05-20T00:00:00Z
2025-04-06,C00170,0,2025-05-21T00:00:00Z
2025-04-07,C00170,0,2025-05-22T00:00:00Z
2025-04-08,C00170,0,2025-05-23T00:00:00Z
2025-04-09,C00170,0,2025-05-24T00:00:00Z
2025-04-10,C00170,1,2025-05-25T00:00:00Z
2025-04-11,C00170,0,2025-05-26T00:00:00Z
2025-04-12,C00170,0,2025-05-27T00:00:00Z
2025-04-13,C00170,0,2025-05-28T00:00:00Z
2025-04-14,C00170,0,2025-05-29T00:00:00Z
2025-03-01,C00171,0,2025-04-15T00:00:00Z
2025-03-02,C00171,0,2025-04-16T00:00:00Z
2025-03-03,C00171,0,2025-04-17T00:00:00Z
2025-03-04,C00171,0,2025-04-18T00:00:00Z
2025-03-05,C00171,0,2025-04-19T00:00:00Z
2025-03-06,C00171,0,2025-04-20T00:00:00Z
2025-03-07,C00171,0,2025-04-21T00:00:00Z
2025-03-08,C00171,0,2025-04-22T00:00:00Z
2025-03-09,C00171,0,2025-04-23T00:00:00Z
2025-03-10,C00171,0,2025-04-24T00:00:00Z
2025-03-11,C00171,0,2025-04-25T00:00:00Z
2025-03-12,C00171,0,2025-04-26T00:00:00Z
2025-03-13,C00171,0,2025-04-27T00:00:00Z
2025-03-14,C00171,0,2025-04-28T00:00:00Z
2025-03-15,C00171,0,2025-04-29T00:00:00Z
2025-03-16,C00171,0,2025-04-30T00:00:00Z
2025-03-17,C00171,0,2025-05-01T00:00:00Z
2025-03-18,C00171,0,2025-05-02T00:00:00Z
2025-03-19,C00171,0,2025-05-03T00:00:00Z
2025-03-20,C00171,0,2025-05-04T00:00:00Z
2025-03-21,C00171,0,2025-05-05T00:00:00Z
2025-03-22,C00171,0,2025-05-06T00:00:00Z
2025-03-23,C00171,0,2025-05-07T00:00:00Z
2025-03-24,C00171,0,2025-05-08T00:00:00Z
2025-03-25,C00171,0,2025-05-09T00:00:00Z
2025-03-26,C00171,0,2025-05-10T00:00:00Z
2025-03-27,C00171,0,2025-05-11T00:00:00Z
2025-03-28,C00171,0,2025-05-12T00:00:00Z
2025-03-29,C00171,0,2025-05-13T00:00:00Z
2025-03-30,C00171,0,2025-05-14T00:00:00Z
2025-03-31,C00171,0,2025-05-15T00:00:00Z
2025-04-01,C00171,0,2025-05-16T00:00:00Z
2025-04-02,C00171,0,2025-05-17T00:00:00Z
2025-04-03,C00171,0,2025-05-18T00:00:00Z
2025-04-04,C00171,0,2025-05-19T00:00:00Z
2025-04-05,C00171,0,2025-05-20T00:00:00Z
2025-04-06,C00171,0,2025-05-21T00:00:00Z
2025-04-07,C00171,0,2025-05-22T00:00:00Z
2025-04-08,C00171,0,2025-05-23T00:00:00Z
2025-04-09,C00171,0,2025-05-24T00:00:00Z
2025-04-10,C00171,0,2025-05-25T00:00:00Z
2025-04-11,C00171,0,2025-05-26T00:00:00Z
2025-04-12,C00171,0,2025-05-27T00:00:00Z
2025-04-13,C00171,0,2025-05-28T00:00:00Z
2025-04-14,C00171,0,2025-05-29T00:00:00Z
2025-03-01,C00172,0,2025-04-15T00:00:00Z
2025-03-02,C00172,0,2025-04-16T00:00:00Z
2025-03-03,C00172,0,2025-04-17T00:00:00Z
2025-03-04,C00172,0,2025-04-18T00:00:00Z
2025-03-05,C00172,0,2025-04-19T00:00:00Z
2025-03-06,C00172,0,2025-04-20T00:00:00Z
2025-03-07,C00172,0,2025-04-21T00:00:00Z
2025-03-08,C00172,0,2025-04-22T00:00:00Z
2025-03-09,C00172,0,2025-04-23T00:00:00Z
2025-03-10,C00172,0,2025-04-24T00:00:00Z
2025-03-11,C00172,0,2025-04-25T00:00:00Z
2025-03-12,C00172,0,2025-04-26T00:00:00Z
2025-03-13,C00172,1,2025-04-27T00:00:00Z
2025-03-14,C00172,0,2025-04-28T00:00:00Z
2025-03-15,C00172,0,2025-04-29T00:00:00Z
2025-03-16,C00172,0,2025-04-30T00:00:00Z
2025-03-17,C00172,0,2025-05-01T00:00:00Z
2025-03-18,C00172,0,2025-05-02T00:00:00Z
2025-03-19,C00172,0,2025-05-03T00:00:00Z
2025-03-20,C00172,0,2025-05-04T00:00:00Z
2025-03-21,C00172,0,2025-05-05T00:00:00Z
2025-03-22,C00172,0,2025-05-06T00:00:00Z
2025-03-23,C00172,0,2025-05-07T00:00:00Z
2025-03-24,C00172,0,2025-05-08T00:00:00Z
2025-03-25,C00172,1,2025-05-09T00:00:00Z
2025-03-26,C00172,0,2025-05-10T00:00:00Z
2025-03-27,C00172,0,2025-05-11T00:00:00Z
2025-03-28,C00172,0,2025-05-12T00:00:00Z
2025-03-29,C00172,0,2025-05-13T00:00:00Z
2025-03-30,C00172,0,2025-05-14T00:00:00Z
2025-03-31,C00172,0,2025-05-15T00:00:00Z
2025-04-01,C00172,0,2025-05-16T00:00:00Z
2025-04-02,C00172,0,2025-05-17T00:00:00Z
2025-04-03,C00172,0,2025-05-18T00:00:00Z
2025-04-04,C00172,0,2025-05-19T00:00:00Z
2025-04-05,C00172,0,2025-05-20T00:00:00Z
2025-04-06,C00172,0,2025-05-21T00:00:00Z
2025-04-07,C00172,0,2025-05-22T00:00:00Z
2025-04-08,C00172,0,2025-05-23T00:00:00Z
2025-04-09,C00172,0,2025-05-24T00:00:00Z
2025-04-10,C00172,0,2025-05-25T00:00:00Z
2025-04-11,C00172,0,2025-05-26T00:00:00Z
2025-04-12,C00172,0,2025-05-27T00:00:00Z
2025-04-13,C00172,0,2025-05-28T00:00:00Z
2025-04-14,C00172,0,2025-05-29T00:00:00Z
2025-03-01,C00173,0,2025-04-15T00:00:00Z
2025-03-02,C00173,0,2025-04-16T00:00:00Z
2025-03-03,C00173,0,2025-04-17T00:00:00Z
2025-03-04,C00173,0,2025-04-18T00:00:00Z
2025-03-05,C00173,0,2025-04-19T00:00:00Z
2025-03-06,C00173,0,2025-04-20T00:00:00Z
2025-03-07,C00173,0,2025-04-21T00:00:00Z
2025-03-08,C00173,0,2025-04-22T00:00:00Z
2025-03-09,C00173,0,2025-04-23T00:00:00Z
2025-03-10,C00173,0,2025-04-24T00:00:00Z
2025-03-11,C00173,0,2025-04-25T00:00:00Z
2025-03-12,C00173,0,2025-04-26T00:00:00Z
2025-03-13,C00173,0,2025-04-27T00:00:00Z
2025-03-14,C00173,0,2025-04-28T00:00:00Z
2025-03-15,C00173,0,2025-04-29T00:00:00Z
2025-03-16,C00173,0,2025-04-30T00:00:00Z
2025-03-17,C00173,0,2025-05-01T00:00:00Z
2025-03-18,C00173,0,2025-05-02T00:00:00Z
2025-03-19,C00173,0,2025-05-03T00:00:00Z
2025-03-20,C00173,1,2025-05-04T00:00:00Z
2025-03-21,C00173,0,2025-05-05T00:00:00Z
2025-03-22,C00173,0,2025-05-06T00:00:00Z
2025-03-23,C00173,0,2025-05-07T00:00:00Z
2025-03-24,C00173,0,2025-05-08T00:00:00Z
2025-03-25,C00173,0,2025-05-09T00:00:00Z
2025-03-26,C00173,0,2025-05-10T00:00:00Z
2025-03-27,C00173,1,2025-05-11T00:00:00Z
2025-03-28,C00173,0,2025-05-12T00:00:00Z
2025-03-29,C00173,0,2025-05-13T00:00:00Z
2025-03-30,C00173,0,2025-05-14T00:00:00Z
2025-03-31,C00173,0,2025-05-15T00:00:00Z
2025-04-01,C00173,0,2025-05-16T00:00:00Z
2025-04-02,C00173,0,2025-05-17T00:00:00Z
2025-04-03,C00173,0,2025-05-18T00:00:00Z
2025-04-04,C00173,0,2025-05-19T00:00:00Z
2025-04-05,C00173,0,2025-05-20T00:00:00Z
2025-04-06,C00173,1,2025-05-21T00:00:00Z
2025-04-07,C00173,0,2025-05-22T00:00:00Z
2025-04-08,C00173,0,2025-05-23T00:00:00Z
2025-04-09,C00173,0,2025-05-24T00:00:00Z
2025-04-10,C00173,0,2025-05-25T00:00:00Z
2025-04-11,C00173,0,2025-05-26T00:00:00Z
2025-04-12,C00173,0,2025-05-27T00:00:00Z
2025-04-13,C00173,0,2025-05-28T00:00:00Z
2025-04-14,C00173,0,2025-05-29T00:00:00Z
2025-03-01,C00174,0,2025-04-15T00:00:00Z
2025-03-02,C00174,0,2025-04-16T00:00:00Z
2025-03-03,C00174,0,2025-04-17T00:00:00Z
2025-03-04,C00174,0,2025-04-18T00:00:00Z
2025-03-05,C00174,0,2025-04-19T00:00:00Z
2025-03-06,C00174,0,2025-04-20T00:00:00Z
2025-03-07,C00174,0,2025-04-21T00:00:00Z
2025-03-08,C00174,0,2025-04-22T00:00:00Z
2025-03-09,C00174,0,2025-04-23T00:00:00Z
2025-03-10,C00174,0,2025-04-24T00:00:00Z
2025-03-11,C00174,0,2025-04-25T00:00:00Z
2025-03-12,C00174,0,2025-04-26T00:00:00Z
2025-03-13,C00174,0,2025-04-27T00:00:00Z
2025-03-14,C00174,0,2025-04-28T00:00:00Z
2025-03-15,C00174,0,2025-04-29T00:00:00Z
2025-03-16,C00174,0,2025-04-30T00:00:00Z
2025-03-17,C00174,0,2025-05-01T00:00:00Z
2025-03-18,C00174,0,2025-05-02T00:00:00Z
2025-03-19,C00174,0,2025-05-03T00:00:00Z
2025-03-20,C00174,0,2025-05-04T00:00:00Z
2025-03-21,C00174,0,2025-05-05T00:00:00Z
2025-03-22,C00174,0,2025-05-06T00:00:00Z
2025-03-23,C00174,0,2025-05-07T00:00:00Z
2025-03-24,C00174,0,2025-05-08T00:00:00Z
2025-03-25,C00174,1,2025-05-09T00:00:00Z
2025-03-26,C00174,0,2025-05-10T00:00:00Z
2025-03-27,C00174,0,2025-05-11T00:00:00Z
2025-03-28,C00174,0,2025-05-12T00:00:00Z
2025-03-29,C00174,0,2025-05-13T00:00:00Z
2025-03-30,C00174,0,2025-05-14T00:00:00Z
2025-03-31,C00174,0,2025-05-15T00:00:00Z
2025-04-01,C00174,0,2025-05-16T00:00:00Z
2025-04-02,C00174,0,2025-05-17T00:00:00Z
2025-04-03,C00174,0,2025-05-18T00:00:00Z
2025-04-04,C00174,0,2025-05-19T00:00:00Z
2025-04-05,C00174,0,2025-05-20T00:00:00Z
2025-04-06,C00174,0,2025-05-21T00:00:00Z
2025-04-07,C00174,0,2025-05-22T00:00:00Z
2025-04-08,C00174,0,2025-05-23T00:00:00Z
2025-04-09,C00174,0,2025-05-24T00:00:00Z
2025-04-10,C00174,0,2025-05-25T00:00:00Z
2025-04-11,C00174,0,2025-05-26T00:00:00Z
2025-04-12,C00174,0,2025-05-27T00:00:00Z
2025-04-13,C00174,1,2025-05-28T00:00:00Z
2025-04-14,C00174,0,2025-05-29T00:00:00Z
2025-03-01,C00175,0,2025-04-15T00:00:00Z
2025-03-02,C00175,0,2025-04-16T00:00:00Z
2025-03-03,C00175,0,2025-04-17T00:00:00Z
2025-03-04,C00175,0,2025-04-18T00:00:00Z
2025-03-05,C00175,0,2025-04-19T00:00:00Z
2025-03-06,C00175,0,2025-04-20T00:00:00Z
2025-03-07,C00175,0,2025-04-21T00:00:00Z
2025-03-08,C00175,0,2025-04-22T00:00:00Z
2025-03-09,C00175,0,2025-04-23T00:00:00Z
2025-03-10,C00175,0,2025-04-24T00:00:00Z
2025-03-11,C00175,0,2025-04-25T00:00:00Z
2025-03-12,C00175,0,2025-04-26T00:00:00Z
2025-03-13,C00175,0,2025-04-27T00:00:00Z
2025-03-14,C00175,0,2025-04-28T00:00:00Z
2025-03-15,C00175,0,2025-04-29T00:00:00Z
2025-03-16,C00175,0,2025-04-30T00:00:00Z
2025-03-17,C00175,0,2025-05-01T00:00:00Z
2025-03-18,C00175,0,2025-05-02T00:00:00Z
2025-03-19,C00175,0,2025-05-03T00:00:00Z
2025-03-20,C00175,0,2025-05-04T00:00:00Z
2025-03-21,C00175,0,2025-05-05T00:00:00Z
2025-03-22,C00175,0,2025-05-06T00:00:00Z
2025-03-23,C00175,0,2025-05-07T00:00:00Z
2025-03-24,C00175,0,2025-05-08T00:00:00Z
2025-03-25,C00175,0,2025-05-09T00:00:00Z
2025-03-26,C00175,0,2025-05-10T00:00:00Z
2025-03-27,C00175,0,2025-05-11T00:00:00Z
2025-03-28,C00175,0,2025-05-12T00:00:00Z
2025-03-29,C00175,0,2025-05-13T00:00:00Z
2025-03-30,C00175,0,2025-05-14T00:00:00Z
2025-03-31,C00175,0,2025-05-15T00:00:00Z
2025-04-01,C00175,0,2025-05-16T00:00:00Z
2025-04-02,C00175,0,2025-05-17T00:00:00Z
2025-04-03,C00175,0,2025-05-18T00:00:00Z
2025-04-04,C00175,0,2025-05-19T00:00:00Z
2025-04-05,C00175,0,2025-05-20T00:00:00Z
2025-04-06,C00175,0,2025-05-21T00:00:00Z
2025-04-07,C00175,0,2025-05-22T00:00:00Z
2025-04-08,C00175,0,2025-05-23T00:00:00Z
2025-04-09,C00175,0,2025-05-24T00:00:00Z
2025-04-10,C00175,0,2025-05-25T00:00:00Z
2025-04-11,C00175,0,2025-05-26T00:00:00Z
2025-04-12,C00175,0,2025-05-27T00:00:00Z
2025-04-13,C00175,0,2025-05-28T00:00:00Z
2025-04-14,C00175,0,2025-05-29T00:00:00Z
2025-03-01,C00176,0,2025-04-15T00:00:00Z
2025-03-02,C00176,0,2025-04-16T00:00:00Z
2025-03-03,C00176,1,2025-04-17T00:00:00Z
2025-03-04,C00176,0,2025-04-18T00:00:00Z
2025-03-05,C00176,0,2025-04-19T00:00:00Z
2025-03-06,C00176,0,2025-04-20T00:00:00Z
2025-03-07,C00176,1,2025-04-21T00:00:00Z
2025-03-08,C00176,0,2025-04-22T00:00:00Z
2025-03-09,C00176,0,2025-04-23T00:00:00Z
2025-03-10,C00176,0,2025-04-24T00:00:00Z
2025-03-11,C00176,0,2025-04-25T00:00:00Z
2025-03-12,C00176,0,2025-04-26T00:00:00Z
2025-03-13,C00176,0,2025-04-27T00:00:00Z
2025-03-14,C00176,0,2025-04-28T00:00:00Z
2025-03-15,C00176,0,2025-04-29T00:00:00Z
2025-03-16,C00176,0,2025-04-30T00:00:00Z
2025-03-17,C00176,0,2025-05-01T00:00:00Z
2025-03-18,C00176,0,2025-05-02T00:00:00Z
2025-03-19,C00176,0,2025-05-03T00:00:00Z
2025-03-20,C00176,0,2025-05-04T00:00:00Z
2025-03-21,C00176,0,2025-05-05T00:00:00Z
2025-03-22,C00176,0,2025-05-06T00:00:00Z
2025-03-23,C00176,0,2025-05-07T00:00:00Z
2025-03-24,C00176,0,2025-05-08T00:00:00Z
2025-03-25,C00176,0,2025-05-09T00:00:00Z
2025-03-26,C00176,0,2025-05-10T00:00:00Z
2025-03-27,C00176,0,2025-05-11T00:00:00Z
2025-03-28,C00176,0,2025-05-12T00:00:00Z
2025-03-29,C00176,0,2025-05-13T00:00:00Z
2025-03-30,C00176,0,2025-05-14T00:00:00Z
2025-03-31,C00176,0,2025-05-15T00:00:00Z
2025-04-01,C00176,0,2025-05-16T00:00:00Z
2025-04-02,C00176,0,2025-05-17T00:00:00Z
2025-04-03,C00176,0,2025-05-18T00:00:00Z
2025-04-04,C00176,0,2025-05-19T00:00:00Z
2025-04-05,C00176,0,2025-05-20T00:00:00Z
2025-04-06,C00176,0,2025-05-21T00:00:00Z
2025-04-07,C00176,0,2025-05-22T00:00:00Z
2025-04-08,C00176,1,2025-05-23T00:00:00Z
2025-04-09,C00176,0,2025-05-24T00:00:00Z
2025-04-10,C00176,0,2025-05-25T00:00:00Z
2025-04-11,C00176,0,2025-05-26T00:00:00Z
2025-04-12,C00176,0,2025-05-27T00:00:00Z
2025-04-13,C00176,0,2025-05-28T00:00:00Z
2025-04-14,C00176,0,2025-05-29T00:00:00Z
2025-03-01,C00177,0,2025-04-15T00:00:00Z
2025-03-02,C00177,0,2025-04-16T00:00:00Z
2025-03-03,C00177,0,2025-04-17T00:00:00Z
2025-03-04,C00177,0,2025-04-18T00:00:00Z
2025-03-05,C00177,0,2025-04-19T00:00:00Z
2025-03-06,C00177,0,2025-04-20T00:00:00Z
2025-03-07,C00177,1,2025-04-21T00:00:00Z
2025-03-08,C00177,0,2025-04-22T00:00:00Z
2025-03-09,C00177,0,2025-04-23T00:00:00Z
2025-03-10,C00177,0,2025-04-24T00:00:00Z
2025-03-11,C00177,0,2025-04-25T00:00:00Z
2025-03-12,C00177,0,2025-04-26T00:00:00Z
2025-03-13,C00177,0,2025-04-27T00:00:00Z
2025-03-14,C00177,0,2025-04-28T00:00:00Z
2025-03-15,C00177,0,2025-04-29T00:00:00Z
2025-03-16,C00177,1,2025-04-30T00:00:00Z
2025-03-17,C00177,1,2025-05-01T00:00:00Z
2025-03-18,C00177,0,2025-05-02T00:00:00Z
2025-03-19,C00177,0,2025-05-03T00:00:00Z
2025-03-20,C00177,0,2025-05-04T00:00:00Z
2025-03-21,C00177,0,2025-05-05T00:00:00Z
2025-03-22,C00177,0,2025-05-06T00:00:00Z
2025-03-23,C00177,0,2025-05-07T00:00:00Z
2025-03-24,C00177,0,2025-05-08T00:00:00Z
2025-03-25,C00177,0,2025-05-09T00:00:00Z
2025-03-26,C00177,0,2025-05-10T00:00:00Z
2025-03-27,C00177,0,2025-05-11T00:00:00Z
2025-03-28,C00177,0,2025-05-12T00:00:00Z
2025-03-29,C00177,1,2025-05-13T00:00:00Z
2025-03-30,C00177,0,2025-05-14T00:00:00Z
2025-03-31,C00177,0,2025-05-15T00:00:00Z
2025-04-01,C00177,0,2025-05-16T00:00:00Z
2025-04-02,C00177,0,2025-05-17T00:00:00Z
2025-04-03,C00177,0,2025-05-18T00:00:00Z
2025-04-04,C00177,0,2025-05-19T00:00:00Z
2025-04-05,C00177,0,2025-05-20T00:00:00Z
2025-04-06,C00177,0,2025-05-21T00:00:00Z
2025-04-07,C00177,0,2025-05-22T00:00:00Z
2025-04-08,C00177,0,2025-05-23T00:00:00Z
2025-04-09,C00177,0,2025-05-24T00:00:00Z
2025-04-10,C00177,0,2025-05-25T00:00:00Z
2025-04-11,C00177,0,2025-05-26T00:00:00Z
2025-04-12,C00177,0,2025-05-27T00:00:00Z
2025-04-13,C00177,0,2025-05-28T00:00:00Z
2025-04-14,C00177,0,2025-05-29T00:00:00Z
2025-03-01,C00178,0,2025-04-15T00:00:00Z
2025-03-02,C00178,1,2025-04-16T00:00:00Z
2025-03-03,C00178,0,2025-04-17T00:00:00Z
2025-03-04,C00178,0,2025-04-18T00:00:00Z
2025-03-05,C00178,0,2025-04-19T00:00:00Z
2025-03-06,C00178,0,2025-04-20T00:00:00Z
2025-03-07,C00178,0,2025-04-21T00:00:00Z
2025-03-08,C00178,0,2025-04-22T00:00:00Z
2025-03-09,C00178,0,2025-04-23T00:00:00Z
2025-03-10,C00178,0,2025-04-24T00:00:00Z
2025-03-11,C00178,0,2025-04-25T00:00:00Z
2025-03-12,C00178,0,2025-04-26T00:00:00Z
2025-03-13,C00178,0,2025-04-27T00:00:00Z
2025-03-14,C00178,0,2025-04-28T00:00:00Z
2025-03-15,C00178,0,2025-04-29T00:00:00Z
2025-03-16,C00178,0,2025-04-30T00:00:00Z
2025-03-17,C00178,0,2025-05-01T00:00:00Z
2025-03-18,C00178,0,2025-05-02T00:00:00Z
2025-03-19,C00178,0,2025-05-03T00:00:00Z
2025-03-20,C00178,0,2025-05-04T00:00:00Z
2025-03-21,C00178,0,2025-05-05T00:00:00Z
2025-03-22,C00178,0,2025-05-06T00:00:00Z
2025-03-23,C00178,0,2025-05-07T00:00:00Z
2025-03-24,C00178,0,2025-05-08T00:00:00Z
2025-03-25,C00178,0,2025-05-09T00:00:00Z
2025-03-26,C00178,0,2025-05-10T00:00:00Z
2025-03-27,C00178,0,2025-05-11T00:00:00Z
2025-03-28,C00178,0,2025-05-12T00:00:00Z
2025-03-29,C00178,0,2025-05-13T00:00:00Z
2025-03-30,C00178,0,2025-05-14T00:00:00Z
2025-03-31,C00178,0,2025-05-15T00:00:00Z
2025-04-01,C00178,0,2025-05-16T00:00:00Z
2025-04-02,C00178,0,2025-05-17T00:00:00Z
2025-04-03,C00178,0,2025-05-18T00:00:00Z
2025-04-04,C00178,0,2025-05-19T00:00:00Z
2025-04-05,C00178,0,2025-05-20T00:00:00Z
2025-04-06,C00178,0,2025-05-21T00:00:00Z
2025-04-07,C00178,0,2025-05-22T00:00:00Z
2025-04-08,C00178,0,2025-05-23T00:00:00Z
2025-04-09,C00178,0,2025-05-24T00:00:00Z
2025-04-10,C00178,0,2025-05-25T00:00:00Z
2025-04-11,C00178,0,2025-05-26T00:00:00Z
2025-04-12,C00178,0,2025-05-27T00:00:00Z
2025-04-13,C00178,0,2025-05-28T00:00:00Z
2025-04-14,C00178,0,2025-05-29T00:00:00Z
2025-03-01,C00179,0,2025-04-15T00:00:00Z
2025-03-02,C00179,0,2025-04-16T00:00:00Z
2025-03-03,C00179,0,2025-04-17T00:00:00Z
2025-03-04,C00179,0,2025-04-18T00:00:00Z
2025-03-05,C00179,0,2025-04-19T00:00:00Z
2025-03-06,C00179,0,2025-04-20T00:00:00Z
2025-03-07,C00179,0,2025-04-21T00:00:00Z
2025-03-08,C00179,0,2025-04-22T00:00:00Z
2025-03-09,C00179,0,2025-04-23T00:00:00Z
2025-03-10,C00179,0,2025-04-24T00:00:00Z
2025-03-11,C00179,0,2025-04-25T00:00:00Z
2025-03-12,C00179,0,2025-04-26T00:00:00Z
2025-03-13,C00179,0,2025-04-27T00:00:00Z
2025-03-14,C00179,0,2025-04-28T00:00:00Z
2025-03-15,C00179,0,2025-04-29T00:00:00Z
2025-03-16,C00179,0,2025-04-30T00:00:00Z
2025-03-17,C00179,0,2025-05-01T00:00:00Z
2025-03-18,C00179,0,2025-05-02T00:00:00Z
2025-03-19,C00179,0,2025-05-03T00:00:00Z
2025-03-20,C00179,0,2025-05-04T00:00:00Z
2025-03-21,C00179,0,2025-05-05T00:00:00Z
2025-03-22,C00179,0,2025-05-06T00:00:00Z
2025-03-23,C00179,0,2025-05-07T00:00:00Z
2025-03-24,C00179,0,2025-05-08T00:00:00Z
2025-03-25,C00179,0,2025-05-09T00:00:00Z
2025-03-26,C00179,0,2025-05-10T00:00:00Z
2025-03-27,C00179,0,2025-05-11T00:00:00Z
2025-03-28,C00179,0,2025-05-12T00:00:00Z
2025-03-29,C00179,0,2025-05-13T00:00:00Z
2025-03-30,C00179,0,2025-05-14T00:00:00Z
2025-03-31,C00179,0,2025-05-15T00:00:00Z
2025-04-01,C00179,0,2025-05-16T00:00:00Z
2025-04-02,C00179,0,2025-05-17T00:00:00Z
2025-04-03,C00179,0,2025-05-18T00:00:00Z
2025-04-04,C00179,0,2025-05-19T00:00:00Z
2025-04-05,C00179,0,2025-05-20T00:00:00Z
2025-04-06,C00179,0,2025-05-21T00:00:00Z
2025-04-07,C00179,0,2025-05-22T00:00:00Z
2025-04-08,C00179,0,2025-05-23T00:00:00Z
2025-04-09,C00179,0,2025-05-24T00:00:00Z
2025-04-10,C00179,0,2025-05-25T00:00:00Z
2025-04-11,C00179,0,2025-05-26T00:00:00Z
2025-04-12,C00179,0,2025-05-27T00:00:00Z
2025-04-13,C00179,0,2025-05-28T00:00:00Z
2025-04-14,C00179,0,2025-05-29T00:00:00Z
2025-03-01,C00180,0,2025-04-15T00:00:00Z
2025-03-02,C00180,0,2025-04-16T00:00:00Z
2025-03-03,C00180,0,2025-04-17T00:00:00Z
2025-03-04,C00180,0,2025-04-18T00:00:00Z
2025-03-05,C00180,0,2025-04-19T00:00:00Z
2025-03-06,C00180,0,2025-04-20T00:00:00Z
2025-03-07,C00180,0,2025-04-21T00:00:00Z
2025-03-08,C00180,0,2025-04-22T00:00:00Z
2025-03-09,C00180,0,2025-04-23T00:00:00Z
2025-03-10,C00180,0,2025-04-24T00:00:00Z
2025-03-11,C00180,0,2025-04-25T00:00:00Z
2025-03-12,C00180,0,2025-04-26T00:00:00Z
2025-03-13,C00180,0,2025-04-27T00:00:00Z
2025-03-14,C00180,0,2025-04-28T00:00:00Z
2025-03-15,C00180,0,2025-04-29T00:00:00Z
2025-03-16,C00180,0,2025-04-30T00:00:00Z
2025-03-17,C00180,1,2025-05-01T00:00:00Z
2025-03-18,C00180,0,2025-05-02T00:00:00Z
2025-03-19,C00180,0,2025-05-03T00:00:00Z
2025-03-20,C00180,0,2025-05-04T00:00:00Z
2025-03-21,C00180,0,2025-05-05T00:00:00Z
2025-03-22,C00180,0,2025-05-06T00:00:00Z
2025-03-23,C00180,0,2025-05-07T00:00:00Z
2025-03-24,C00180,0,2025-05-08T00:00:00Z
2025-03-25,C00180,0,2025-05-09T00:00:00Z
2025-03-26,C00180,0,2025-05-10T00:00:00Z
2025-03-27,C00180,0,2025-05-11T00:00:00Z
2025-03-28,C00180,0,2025-05-12T00:00:00Z
2025-03-29,C00180,0,2025-05-13T00:00:00Z
2025-03-30,C00180,0,2025-05-14T00:00:00Z
2025-03-31,C00180,0,2025-05-15T00:00:00Z
2025-04-01,C00180,0,2025-05-16T00:00:00Z
2025-04-02,C00180,0,2025-05-17T00:00:00Z
2025-04-03,C00180,0,2025-05-18T00:00:00Z
2025-04-04,C00180,0,2025-05-19T00:00:00Z
2025-04-05,C00180,1,2025-05-20T00:00:00Z
2025-04-06,C00180,0,2025-05-21T00:00:00Z
2025-04-07,C00180,0,2025-05-22T00:00:00Z
2025-04-08,C00180,0,2025-05-23T00:00:00Z
2025-04-09,C00180,0,2025-05-24T00:00:00Z
2025-04-10,C00180,1,2025-05-25T00:00:00Z
2025-04-11,C00180,0,2025-05-26T00:00:00Z
2025-04-12,C00180,0,2025-05-27T00:00:00Z
2025-04-13,C00180,0,2025-05-28T00:00:00Z
2025-04-14,C00180,0,2025-05-29T00:00:00Z
2025-03-01,C00181,0,2025-04-15T00:00:00Z
2025-03-02,C00181,0,2025-04-16T00:00:00Z
2025-03-03,C00181,0,2025-04-17T00:00:00Z
2025-03-04,C00181,0,2025-04-18T00:00:00Z
2025-03-05,C00181,0,2025-04-19T00:00:00Z
2025-03-06,C00181,0,2025-04-20T00:00:00Z
2025-03-07,C00181,0,2025-04-21T00:00:00Z
2025-03-08,C00181,0,2025-04-22T00:00:00Z
2025-03-09,C00181,0,2025-04-23T00:00:00Z
2025-03-10,C00181,0,2025-04-24T00:00:00Z
2025-03-11,C00181,0,2025-04-25T00:00:00Z
2025-03-12,C00181,0,2025-04-26T00:00:00Z
2025-03-13,C00181,0,2025-04-27T00:00:00Z
2025-03-14,C00181,0,2025-04-28T00:00:00Z
2025-03-15,C00181,0,2025-04-29T00:00:00Z
2025-03-16,C00181,0,2025-04-30T00:00:00Z
2025-03-17,C00181,0,2025-05-01T00:00:00Z
2025-03-18,C00181,0,2025-05-02T00:00:00Z
2025-03-19,C00181,0,2025-05-03T00:00:00Z
2025-03-20,C00181,0,2025-05-04T00:00:00Z
2025-03-21,C00181,1,2025-05-05T00:00:00Z
2025-03-22,C00181,0,2025-05-06T00:00:00Z
2025-03-23,C00181,0,2025-05-07T00:00:00Z
2025-03-24,C00181,0,2025-05-08T00:00:00Z
2025-03-25,C00181,0,2025-05-09T00:00:00Z
2025-03-26,C00181,0,2025-05-10T00:00:00Z
2025-03-27,C00181,0,2025-05-11T00:00:00Z
2025-03-28,C00181,0,2025-05-12T00:00:00Z
2025-03-29,C00181,0,2025-05-13T00:00:00Z
2025-03-30,C00181,0,2025-05-14T00:00:00Z
2025-03-31,C00181,0,2025-05-15T00:00:00Z
2025-04-01,C00181,0,2025-05-16T00:00:00Z
2025-04-02,C00181,0,2025-05-17T00:00:00Z
2025-04-03,C00181,0,2025-05-18T00:00:00Z
2025-04-04,C00181,0,2025-05-19T00:00:00Z
2025-04-05,C00181,0,2025-05-20T00:00:00Z
2025-04-06,C00181,0,2025-05-21T00:00:00Z
2025-04-07,C00181,0,2025-05-22T00:00:00Z
2025-04-08,C00181,0,2025-05-23T00:00:00Z
2025-04-09,C00181,1,2025-05-24T00:00:00Z
2025-04-10,C00181,0,2025-05-25T00:00:00Z
2025-04-11,C00181,1,2025-05-26T00:00:00Z
2025-04-12,C00181,0,2025-05-27T00:00:00Z
2025-04-13,C00181,0,2025-05-28T00:00:00Z
2025-04-14,C00181,0,2025-05-29T00:00:00Z
2025-03-01,C00182,0,2025-04-15T00:00:00Z
2025-03-02,C00182,0,2025-04-16T00:00:00Z
2025-03-03,C00182,0,2025-04-17T00:00:00Z
2025-03-04,C00182,0,2025-04-18T00:00:00Z
2025-03-05,C00182,0,2025-04-19T00:00:00Z
2025-03-06,C00182,0,2025-04-20T00:00:00Z
2025-03-07,C00182,0,2025-04-21T00:00:00Z
2025-03-08,C00182,0,2025-04-22T00:00:00Z
2025-03-09,C00182,0,2025-04-23T00:00:00Z
2025-03-10,C00182,0,2025-04-24T00:00:00Z
2025-03-11,C00182,0,2025-04-25T00:00:00Z
2025-03-12,C00182,0,2025-04-26T00:00:00Z
2025-03-13,C00182,0,2025-04-27T00:00:00Z
2025-03-14,C00182,0,2025-04-28T00:00:00Z
2025-03-15,C00182,0,2025-04-29T00:00:00Z
2025-03-16,C00182,0,2025-04-30T00:00:00Z
2025-03-17,C00182,0,2025-05-01T00:00:00Z
2025-03-18,C00182,0,2025-05-02T00:00:00Z
2025-03-19,C00182,0,2025-05-03T00:00:00Z
2025-03-20,C00182,0,2025-05-04T00:00:00Z
2025-03-21,C00182,0,2025-05-05T00:00:00Z
2025-03-22,C00182,0,2025-05-06T00:00:00Z
2025-03-23,C00182,0,2025-05-07T00:00:00Z
2025-03-24,C00182,0,2025-05-08T00:00:00Z
2025-03-25,C00182,0,2025-05-09T00:00:00Z
2025-03-26,C00182,0,2025-05-10T00:00:00Z
2025-03-27,C00182,0,2025-05-11T00:00:00Z
2025-03-28,C00182,0,2025-05-12T00:00:00Z
2025-03-29,C00182,0,2025-05-13T00:00:00Z
2025-03-30,C00182,0,2025-05-14T00:00:00Z
2025-03-31,C00182,0,2025-05-15T00:00:00Z
2025-04-01,C00182,0,2025-05-16T00:00:00Z
2025-04-02,C00182,0,2025-05-17T00:00:00Z
2025-04-03,C00182,0,2025-05-18T00:00:00Z
2025-04-04,C00182,0,2025-05-19T00:00:00Z
2025-04-05,C00182,0,2025-05-20T00:00:00Z
2025-04-06,C00182,0,2025-05-21T00:00:00Z
2025-04-07,C00182,0,2025-05-22T00:00:00Z
2025-04-08,C00182,0,2025-05-23T00:00:00Z
2025-04-09,C00182,0,2025-05-24T00:00:00Z
2025-04-10,C00182,0,2025-05-25T00:00:00Z
2025-04-11,C00182,0,2025-05-26T00:00:00Z
2025-04-12,C00182,0,2025-05-27T00:00:00Z
2025-04-13,C00182,0,2025-05-28T00:00:00Z
2025-04-14,C00182,0,2025-05-29T00:00:00Z
2025-03-01,C00183,1,2025-04-15T00:00:00Z
2025-03-02,C00183,0,2025-04-16T00:00:00Z
2025-03-03,C00183,0,2025-04-17T00:00:00Z
2025-03-04,C00183,0,2025-04-18T00:00:00Z
2025-03-05,C00183,0,2025-04-19T00:00:00Z
2025-03-06,C00183,0,2025-04-20T00:00:00Z
2025-03-07,C00183,0,2025-04-21T00:00:00Z
2025-03-08,C00183,0,2025-04-22T00:00:00Z
2025-03-09,C00183,0,2025-04-23T00:00:00Z
2025-03-10,C00183,0,2025-04-24T00:00:00Z
2025-03-11,C00183,0,2025-04-25T00:00:00Z
2025-03-12,C00183,0,2025-04-26T00:00:00Z
2025-03-13,C00183,0,2025-04-27T00:00:00Z
2025-03-14,C00183,0,2025-04-28T00:00:00Z
2025-03-15,C00183,0,2025-04-29T00:00:00Z
2025-03-16,C00183,0,2025-04-30T00:00:00Z
2025-03-17,C00183,0,2025-05-01T00:00:00Z
2025-03-18,C00183,0,2025-05-02T00:00:00Z
2025-03-19,C00183,0,2025-05-03T00:00:00Z
2025-03-20,C00183,0,2025-05-04T00:00:00Z
2025-03-21,C00183,0,2025-05-05T00:00:00Z
2025-03-22,C00183,0,2025-05-06T00:00:00Z
2025-03-23,C00183,0,2025-05-07T00:00:00Z
2025-03-24,C00183,0,2025-05-08T00:00:00Z
2025-03-25,C00183,0,2025-05-09T00:00:00Z
2025-03-26,C00183,0,2025-05-10T00:00:00Z
2025-03-27,C00183,0,2025-05-11T00:00:00Z
2025-03-28,C00183,0,2025-05-12T00:00:00Z
2025-03-29,C00183,0,2025-05-13T00:00:00Z
2025-03-30,C00183,1,2025-05-14T00:00:00Z
2025-03-31,C00183,0,2025-05-15T00:00:00Z
2025-04-01,C00183,0,2025-05-16T00:00:00Z
2025-04-02,C00183,0,2025-05-17T00:00:00Z
2025-04-03,C00183,0,2025-05-18T00:00:00Z
2025-04-04,C00183,0,2025-05-19T00:00:00Z
2025-04-05,C00183,0,2025-05-20T00:00:00Z
2025-04-06,C00183,0,2025-05-21T00:00:00Z
2025-04-07,C00183,0,2025-05-22T00:00:00Z
2025-04-08,C00183,0,2025-05-23T00:00:00Z
2025-04-09,C00183,0,2025-05-24T00:00:00Z
2025-04-10,C00183,0,2025-05-25T00:00:00Z
2025-04-11,C00183,0,2025-05-26T00:00:00Z
2025-04-12,C00183,0,2025-05-27T00:00:00Z
2025-04-13,C00183,0,2025-05-28T00:00:00Z
2025-04-14,C00183,0,2025-05-29T00:00:00Z
2025-03-01,C00184,0,2025-04-15T00:00:00Z
2025-03-02,C00184,0,2025-04-16T00:00:00Z
2025-03-03,C00184,0,2025-04-17T00:00:00Z
2025-03-04,C00184,0,2025-04-18T00:00:00Z
2025-03-05,C00184,0,2025-04-19T00:00:00Z
2025-03-06,C00184,0,2025-04-20T00:00:00Z
2025-03-07,C00184,0,2025-04-21T00:00:00Z
2025-03-08,C00184,0,2025-04-22T00:00:00Z
2025-03-09,C00184,0,2025-04-23T00:00:00Z
2025-03-10,C00184,0,2025-04-24T00:00:00Z
2025-03-11,C00184,0,2025-04-25T00:00:00Z
2025-03-12,C00184,0,2025-04-26T00:00:00Z
2025-03-13,C00184,0,2025-04-27T00:00:00Z
2025-03-14,C00184,0,2025-04-28T00:00:00Z
2025-03-15,C00184,0,2025-04-29T00:00:00Z
2025-03-16,C00184,0,2025-04-30T00:00:00Z
2025-03-17,C00184,0,2025-05-01T00:00:00Z
2025-03-18,C00184,0,2025-05-02T00:00:00Z
2025-03-19,C00184,0,2025-05-03T00:00:00Z
2025-03-20,C00184,1,2025-05-04T00:00:00Z
2025-03-21,C00184,0,2025-05-05T00:00:00Z
2025-03-22,C00184,0,2025-05-06T00:00:00Z
2025-03-23,C00184,0,2025-05-07T00:00:00Z
2025-03-24,C00184,0,2025-05-08T00:00:00Z
2025-03-25,C00184,1,2025-05-09T00:00:00Z
2025-03-26,C00184,0,2025-05-10T00:00:00Z
2025-03-27,C00184,0,2025-05-11T00:00:00Z
2025-03-28,C00184,0,2025-05-12T00:00:00Z
2025-03-29,C00184,0,2025-05-13T00:00:00Z
2025-03-30,C00184,0,2025-05-14T00:00:00Z
2025-03-31,C00184,0,2025-05-15T00:00:00Z
2025-04-01,C00184,0,2025-05-16T00:00:00Z
2025-04-02,C00184,0,2025-05-17T00:00:00Z
2025-04-03,C00184,0,2025-05-18T00:00:00Z
2025-04-04,C00184,0,2025-05-19T00:00:00Z
2025-04-05,C00184,0,2025-05-20T00:00:00Z
2025-04-06,C00184,0,2025-05-21T00:00:00Z
2025-04-07,C00184,0,2025-05-22T00:00:00Z
2025-04-08,C00184,0,2025-05-23T00:00:00Z
2025-04-09,C00184,0,2025-05-24T00:00:00Z
2025-04-10,C00184,0,2025-05-25T00:00:00Z
2025-04-11,C00184,0,2025-05-26T00:00:00Z
2025-04-12,C00184,0,2025-05-27T00:00:00Z
2025-04-13,C00184,0,2025-05-28T00:00:00Z
2025-04-14,C00184,0,2025-05-29T00:00:00Z
2025-03-01,C00185,0,2025-04-15T00:00:00Z
2025-03-02,C00185,0,2025-04-16T00:00:00Z
2025-03-03,C00185,0,2025-04-17T00:00:00Z
2025-03-04,C00185,0,2025-04-18T00:00:00Z
2025-03-05,C00185,0,2025-04-19T00:00:00Z
2025-03-06,C00185,0,2025-04-20T00:00:00Z
2025-03-07,C00185,0,2025-04-21T00:00:00Z
2025-03-08,C00185,0,2025-04-22T00:00:00Z
2025-03-09,C00185,0,2025-04-23T00:00:00Z
2025-03-10,C00185,0,2025-04-24T00:00:00Z
2025-03-11,C00185,0,2025-04-25T00:00:00Z
2025-03-12,C00185,0,2025-04-26T00:00:00Z
2025-03-13,C00185,0,2025-04-27T00:00:00Z
2025-03-14,C00185,0,2025-04-28T00:00:00Z
2025-03-15,C00185,0,2025-04-29T00:00:00Z
2025-03-16,C00185,0,2025-04-30T00:00:00Z
2025-03-17,C00185,0,2025-05-01T00:00:00Z
2025-03-18,C00185,0,2025-05-02T00:00:00Z
2025-03-19,C00185,0,2025-05-03T00:00:00Z
2025-03-20,C00185,0,2025-05-04T00:00:00Z
2025-03-21,C00185,0,2025-05-05T00:00:00Z
2025-03-22,C00185,0,2025-05-06T00:00:00Z
2025-03-23,C00185,0,2025-05-07T00:00:00Z
2025-03-24,C00185,0,2025-05-08T00:00:00Z
2025-03-25,C00185,0,2025-05-09T00:00:00Z
2025-03-26,C00185,0,2025-05-10T00:00:00Z
2025-03-27,C00185,0,2025-05-11T00:00:00Z
2025-03-28,C00185,0,2025-05-12T00:00:00Z
2025-03-29,C00185,0,2025-05-13T00:00:00Z
2025-03-30,C00185,0,2025-05-14T00:00:00Z
2025-03-31,C00185,0,2025-05-15T00:00:00Z
2025-04-01,C00185,0,2025-05-16T00:00:00Z
2025-04-02,C00185,0,2025-05-17T00:00:00Z
2025-04-03,C00185,1,2025-05-18T00:00:00Z
2025-04-04,C00185,0,2025-05-19T00:00:00Z
2025-04-05,C00185,0,2025-05-20T00:00:00Z
2025-04-06,C00185,0,2025-05-21T00:00:00Z
2025-04-07,C00185,0,2025-05-22T00:00:00Z
2025-04-08,C00185,0,2025-05-23T00:00:00Z
2025-04-09,C00185,0,2025-05-24T00:00:00Z
2025-04-10,C00185,0,2025-05-25T00:00:00Z
2025-04-11,C00185,0,2025-05-26T00:00:00Z
2025-04-12,C00185,0,2025-05-27T00:00:00Z
2025-04-13,C00185,0,2025-05-28T00:00:00Z
2025-04-14,C00185,0,2025-05-29T00:00:00Z
2025-03-01,C00186,0,2025-04-15T00:00:00Z
2025-03-02,C00186,0,2025-04-16T00:00:00Z
2025-03-03,C00186,0,2025-04-17T00:00:00Z
2025-03-04,C00186,0,2025-04-18T00:00:00Z
2025-03-05,C00186,0,2025-04-19T00:00:00Z
2025-03-06,C00186,1,2025-04-20T00:00:00Z
2025-03-07,C00186,0,2025-04-21T00:00:00Z
2025-03-08,C00186,0,2025-04-22T00:00:00Z
2025-03-09,C00186,0,2025-04-23T00:00:00Z
2025-03-10,C00186,0,2025-04-24T00:00:00Z
2025-03-11,C00186,0,2025-04-25T00:00:00Z
2025-03-12,C00186,0,2025-04-26T00:00:00Z
2025-03-13,C00186,0,2025-04-27T00:00:00Z
2025-03-14,C00186,0,2025-04-28T00:00:00Z
2025-03-15,C00186,0,2025-04-29T00:00:00Z
2025-03-16,C00186,0,2025-04-30T00:00:00Z
2025-03-17,C00186,0,2025-05-01T00:00:00Z
2025-03-18,C00186,0,2025-05-02T00:00:00Z
2025-03-19,C00186,0,2025-05-03T00:00:00Z
2025-03-20,C00186,0,2025-05-04T00:00:00Z
2025-03-21,C00186,0,2025-05-05T00:00:00Z
2025-03-22,C00186,0,2025-05-06T00:00:00Z
2025-03-23,C00186,0,2025-05-07T00:00:00Z
2025-03-24,C00186,0,2025-05-08T00:00:00Z
2025-03-25,C00186,0,2025-05-09T00:00:00Z
2025-03-26,C00186,0,2025-05-10T00:00:00Z
2025-03-27,C00186,0,2025-05-11T00:00:00Z
2025-03-28,C00186,0,2025-05-12T00:00:00Z
2025-03-29,C00186,0,2025-05-13T00:00:00Z
2025-03-30,C00186,0,2025-05-14T00:00:00Z
2025-03-31,C00186,0,2025-05-15T00:00:00Z
2025-04-01,C00186,0,2025-05-16T00:00:00Z
2025-04-02,C00186,0,2025-05-17T00:00:00Z
2025-04-03,C00186,0,2025-05-18T00:00:00Z
2025-04-04,C00186,0,2025-05-19T00:00:00Z
2025-04-05,C00186,0,2025-05-20T00:00:00Z
2025-04-06,C00186,0,2025-05-21T00:00:00Z
2025-04-07,C00186,0,2025-05-22T00:00:00Z
2025-04-08,C00186,0,2025-05-23T00:00:00Z
2025-04-09,C00186,0,2025-05-24T00:00:00Z
2025-04-10,C00186,0,2025-05-25T00:00:00Z
2025-04-11,C00186,0,2025-05-26T00:00:00Z
2025-04-12,C00186,0,2025-05-27T00:00:00Z
2025-04-13,C00186,0,2025-05-28T00:00:00Z
2025-04-14,C00186,0,2025-05-29T00:00:00Z
2025-03-01,C00187,0,2025-04-15T00:00:00Z
2025-03-02,C00187,0,2025-04-16T00:00:00Z
2025-03-03,C00187,0,2025-04-17T00:00:00Z
2025-03-04,C00187,0,2025-04-18T00:00:00Z
2025-03-05,C00187,0,2025-04-19T00:00:00Z
2025-03-06,C00187,0,2025-04-20T00:00:00Z
2025-03-07,C00187,0,2025-04-21T00:00:00Z
2025-03-08,C00187,0,2025-04-22T00:00:00Z
2025-03-09,C00187,0,2025-04-23T00:00:00Z
2025-03-10,C00187,0,2025-04-24T00:00:00Z
2025-03-11,C00187,0,2025-04-25T00:00:00Z
2025-03-12,C00187,0,2025-04-26T00:00:00Z
2025-03-13,C00187,0,2025-04-27T00:00:00Z
2025-03-14,C00187,0,2025-04-28T00:00:00Z
2025-03-15,C00187,0,2025-04-29T00:00:00Z
2025-03-16,C00187,0,2025-04-30T00:00:00Z
2025-03-17,C00187,0,2025-05-01T00:00:00Z
2025-03-18,C00187,0,2025-05-02T00:00:00Z
2025-03-19,C00187,0,2025-05-03T00:00:00Z
2025-03-20,C00187,0,2025-05-04T00:00:00Z
2025-03-21,C00187,0,2025-05-05T00:00:00Z
2025-03-22,C00187,1,2025-05-06T00:00:00Z
2025-03-23,C00187,0,2025-05-07T00:00:00Z
2025-03-24,C00187,0,2025-05-08T00:00:00Z
2025-03-25,C00187,0,2025-05-09T00:00:00Z
2025-03-26,C00187,0,2025-05-10T00:00:00Z
2025-03-27,C00187,0,2025-05-11T00:00:00Z
2025-03-28,C00187,1,2025-05-12T00:00:00Z
2025-03-29,C00187,0,2025-05-13T00:00:00Z
2025-03-30,C00187,0,2025-05-14T00:00:00Z
2025-03-31,C00187,0,2025-05-15T00:00:00Z
2025-04-01,C00187,0,2025-05-16T00:00:00Z
2025-04-02,C00187,0,2025-05-17T00:00:00Z
2025-04-03,C00187,0,2025-05-18T00:00:00Z
2025-04-04,C00187,0,2025-05-19T00:00:00Z
2025-04-05,C00187,0,2025-05-20T00:00:00Z
2025-04-06,C00187,0,2025-05-21T00:00:00Z
2025-04-07,C00187,0,2025-05-22T00:00:00Z
2025-04-08,C00187,0,2025-05-23T00:00:00Z
2025-04-09,C00187,0,2025-05-24T00:00:00Z
2025-04-10,C00187,0,2025-05-25T00:00:00Z
2025-04-11,C00187,0,2025-05-26T00:00:00Z
2025-04-12,C00187,0,2025-05-27T00:00:00Z
2025-04-13,C00187,0,2025-05-28T00:00:00Z
2025-04-14,C00187,0,2025-05-29T00:00:00Z
2025-03-01,C00188,0,2025-04-15T00:00:00Z
2025-03-02,C00188,0,2025-04-16T00:00:00Z
2025-03-03,C00188,0,2025-04-17T00:00:00Z
2025-03-04,C00188,0,2025-04-18T00:00:00Z
2025-03-05,C00188,0,2025-04-19T00:00:00Z
2025-03-06,C00188,1,2025-04-20T00:00:00Z
2025-03-07,C00188,0,2025-04-21T00:00:00Z
2025-03-08,C00188,0,2025-04-22T00:00:00Z
2025-03-09,C00188,0,2025-04-23T00:00:00Z
2025-03-10,C00188,0,2025-04-24T00:00:00Z
2025-03-11,C00188,0,2025-04-25T00:00:00Z
2025-03-12,C00188,0,2025-04-26T00:00:00Z
2025-03-13,C00188,0,2025-04-27T00:00:00Z
2025-03-14,C00188,0,2025-04-28T00:00:00Z
2025-03-15,C00188,0,2025-04-29T00:00:00Z
2025-03-16,C00188,0,2025-04-30T00:00:00Z
2025-03-17,C00188,0,2025-05-01T00:00:00Z
2025-03-18,C00188,0,2025-05-02T00:00:00Z
2025-03-19,C00188,0,2025-05-03T00:00:00Z
2025-03-20,C00188,0,2025-05-04T00:00:00Z
2025-03-21,C00188,0,2025-05-05T00:00:00Z
2025-03-22,C00188,0,2025-05-06T00:00:00Z
2025-03-23,C00188,0,2025-05-07T00:00:00Z
2025-03-24,C00188,0,2025-05-08T00:00:00Z
2025-03-25,C00188,0,2025-05-09T00:00:00Z
2025-03-26,C00188,0,2025-05-10T00:00:00Z
2025-03-27,C00188,0,2025-05-11T00:00:00Z
2025-03-28,C00188,0,2025-05-12T00:00:00Z
2025-03-29,C00188,0,2025-05-13T00:00:00Z
2025-03-30,C00188,0,2025-05-14T00:00:00Z
2025-03-31,C00188,0,2025-05-15T00:00:00Z
2025-04-01,C00188,0,2025-05-16T00:00:00Z
2025-04-02,C00188,0,2025-05-17T00:00:00Z
2025-04-03,C00188,0,2025-05-18T00:00:00Z
2025-04-04,C00188,0,2025-05-19T00:00:00Z
2025-04-05,C00188,0,2025-05-20T00:00:00Z
2025-04-06,C00188,0,2025-05-21T00:00:00Z
2025-04-07,C00188,0,2025-05-22T00:00:00Z
2025-04-08,C00188,0,2025-05-23T00:00:00Z
2025-04-09,C00188,0,2025-05-24T00:00:00Z
2025-04-10,C00188,0,2025-05-25T00:00:00Z
2025-04-11,C00188,0,2025-05-26T00:00:00Z
2025-04-12,C00188,0,2025-05-27T00:00:00Z
2025-04-13,C00188,0,2025-05-28T00:00:00Z
2025-04-14,C00188,0,2025-05-29T00:00:00Z
2025-03-01,C00189,0,2025-04-15T00:00:00Z
2025-03-02,C00189,0,2025-04-16T00:00:00Z
2025-03-03,C00189,0,2025-04-17T00:00:00Z
2025-03-04,C00189,0,2025-04-18T00:00:00Z
2025-03-05,C00189,0,2025-04-19T00:00:00Z
2025-03-06,C00189,0,2025-04-20T00:00:00Z
2025-03-07,C00189,0,2025-04-21T00:00:00Z
2025-03-08,C00189,0,2025-04-22T00:00:00Z
2025-03-09,C00189,0,2025-04-23T00:00:00Z
2025-03-10,C00189,0,2025-04-24T00:00:00Z
2025-03-11,C00189,0,2025-04-25T00:00:00Z
2025-03-12,C00189,0,2025-04-26T00:00:00Z
2025-03-13,C00189,0,2025-04-27T00:00:00Z
2025-03-14,C00189,0,2025-04-28T00:00:00Z
2025-03-15,C00189,0,2025-04-29T00:00:00Z
2025-03-16,C00189,0,2025-04-30T00:00:00Z
2025-03-17,C00189,0,2025-05-01T00:00:00Z
2025-03-18,C00189,0,2025-05-02T00:00:00Z
2025-03-19,C00189,0,2025-05-03T00:00:00Z
2025-03-20,C00189,0,2025-05-04T00:00:00Z
2025-03-21,C00189,0,2025-05-05T00:00:00Z
2025-03-22,C00189,0,2025-05-06T00:00:00Z
2025-03-23,C00189,0,2025-05-07T00:00:00Z
2025-03-24,C00189,0,2025-05-08T00:00:00Z
2025-03-25,C00189,0,2025-05-09T00:00:00Z
2025-03-26,C00189,0,2025-05-10T00:00:00Z
2025-03-27,C00189,0,2025-05-11T00:00:00Z
2025-03-28,C00189,0,2025-05-12T00:00:00Z
2025-03-29,C00189,0,2025-05-13T00:00:00Z
2025-03-30,C00189,0,2025-05-14T00:00:00Z
2025-03-31,C00189,0,2025-05-15T00:00:00Z
2025-04-01,C00189,0,2025-05-16T00:00:00Z
2025-04-02,C00189,0,2025-05-17T00:00:00Z
2025-04-03,C00189,0,2025-05-18T00:00:00Z
2025-04-04,C00189,0,2025-05-19T00:00:00Z
2025-04-05,C00189,0,2025-05-20T00:00:00Z
2025-04-06,C00189,0,2025-05-21T00:00:00Z
2025-04-07,C00189,0,2025-05-22T00:00:00Z
2025-04-08,C00189,0,2025-05-23T00:00:00Z
2025-04-09,C00189,0,2025-05-24T00:00:00Z
2025-04-10,C00189,0,2025-05-25T00:00:00Z
2025-04-11,C00189,0,2025-05-26T00:00:00Z
2025-04-12,C00189,0,2025-05-27T00:00:00Z
2025-04-13,C00189,0,2025-05-28T00:00:00Z
2025-04-14,C00189,1,2025-05-29T00:00:00Z
2025-03-01,C00190,0,2025-04-15T00:00:00Z
2025-03-02,C00190,0,2025-04-16T00:00:00Z
2025-03-03,C00190,0,2025-04-17T00:00:00Z
2025-03-04,C00190,0,2025-04-18T00:00:00Z
2025-03-05,C00190,0,2025-04-19T00:00:00Z
2025-03-06,C00190,0,2025-04-20T00:00:00Z
2025-03-07,C00190,0,2025-04-21T00:00:00Z
2025-03-08,C00190,0,2025-04-22T00:00:00Z
2025-03-09,C00190,0,2025-04-23T00:00:00Z
2025-03-10,C00190,0,2025-04-24T00:00:00Z
2025-03-11,C00190,0,2025-04-25T00:00:00Z
2025-03-12,C00190,0,2025-04-26T00:00:00Z
2025-03-13,C00190,0,2025-04-27T00:00:00Z
2025-03-14,C00190,0,2025-04-28T00:00:00Z
2025-03-15,C00190,0,2025-04-29T00:00:00Z
2025-03-16,C00190,0,2025-04-30T00:00:00Z
2025-03-17,C00190,0,2025-05-01T00:00:00Z
2025-03-18,C00190,0,2025-05-02T00:00:00Z
2025-03-19,C00190,0,2025-05-03T00:00:00Z
2025-03-20,C00190,0,2025-05-04T00:00:00Z
2025-03-21,C00190,0,2025-05-05T00:00:00Z
2025-03-22,C00190,0,2025-05-06T00:00:00Z
2025-03-23,C00190,0,2025-05-07T00:00:00Z
2025-03-24,C00190,0,2025-05-08T00:00:00Z
2025-03-25,C00190,0,2025-05-09T00:00:00Z
2025-03-26,C00190,0,2025-05-10T00:00:00Z
2025-03-27,C00190,1,2025-05-11T00:00:00Z
2025-03-28,C00190,0,2025-05-12T00:00:00Z
2025-03-29,C00190,0,2025-05-13T00:00:00Z
2025-03-30,C00190,0,2025-05-14T00:00:00Z
2025-03-31,C00190,0,2025-05-15T00:00:00Z
2025-04-01,C00190,0,2025-05-16T00:00:00Z
2025-04-02,C00190,0,2025-05-17T00:00:00Z
2025-04-03,C00190,0,2025-05-18T00:00:00Z
2025-04-04,C00190,1,2025-05-19T00:00:00Z
2025-04-05,C00190,0,2025-05-20T00:00:00Z
2025-04-06,C00190,0,2025-05-21T00:00:00Z
2025-04-07,C00190,0,2025-05-22T00:00:00Z
2025-04-08,C00190,0,2025-05-23T00:00:00Z
2025-04-09,C00190,0,2025-05-24T00:00:00Z
2025-04-10,C00190,0,2025-05-25T00:00:00Z
2025-04-11,C00190,0,2025-05-26T00:00:00Z
2025-04-12,C00190,0,2025-05-27T00:00:00Z
2025-04-13,C00190,0,2025-05-28T00:00:00Z
2025-04-14,C00190,0,2025-05-29T00:00:00Z
2025-03-01,C00191,0,2025-04-15T00:00:00Z
2025-03-02,C00191,0,2025-04-16T00:00:00Z
2025-03-03,C00191,0,2025-04-17T00:00:00Z
2025-03-04,C00191,0,2025-04-18T00:00:00Z
2025-03-05,C00191,1,2025-04-19T00:00:00Z
2025-03-06,C00191,0,2025-04-20T00:00:00Z
2025-03-07,C00191,0,2025-04-21T00:00:00Z
2025-03-08,C00191,0,2025-04-22T00:00:00Z
2025-03-09,C00191,0,2025-04-23T00:00:00Z
2025-03-10,C00191,0,2025-04-24T00:00:00Z
2025-03-11,C00191,0,2025-04-25T00:00:00Z
2025-03-12,C00191,0,2025-04-26T00:00:00Z
2025-03-13,C00191,0,2025-04-27T00:00:00Z
2025-03-14,C00191,0,2025-04-28T00:00:00Z
2025-03-15,C00191,0,2025-04-29T00:00:00Z
2025-03-16,C00191,0,2025-04-30T00:00:00Z
2025-03-17,C00191,0,2025-05-01T00:00:00Z
2025-03-18,C00191,0,2025-05-02T00:00:00Z
2025-03-19,C00191,0,2025-05-03T00:00:00Z
2025-03-20,C00191,0,2025-05-04T00:00:00Z
2025-03-21,C00191,0,2025-05-05T00:00:00Z
2025-03-22,C00191,0,2025-05-06T00:00:00Z
2025-03-23,C00191,0,2025-05-07T00:00:00Z
2025-03-24,C00191,0,2025-05-08T00:00:00Z
2025-03-25,C00191,0,2025-05-09T00:00:00Z
2025-03-26,C00191,0,2025-05-10T00:00:00Z
2025-03-27,C00191,0,2025-05-11T00:00:00Z
2025-03-28,C00191,0,2025-05-12T00:00:00Z
2025-03-29,C00191,0,2025-05-13T00:00:00Z
2025-03-30,C00191,0,2025-05-14T00:00:00Z
2025-03-31,C00191,0,2025-05-15T00:00:00Z
2025-04-01,C00191,0,2025-05-16T00:00:00Z
2025-04-02,C00191,1,2025-05-17T00:00:00Z
2025-04-03,C00191,0,2025-05-18T00:00:00Z
2025-04-04,C00191,0,2025-05-19T00:00:00Z
2025-04-05,C00191,0,2025-05-20T00:00:00Z
2025-04-06,C00191,0,2025-05-21T00:00:00Z
2025-04-07,C00191,1,2025-05-22T00:00:00Z
2025-04-08,C00191,0,2025-05-23T00:00:00Z
2025-04-09,C00191,0,2025-05-24T00:00:00Z
2025-04-10,C00191,0,2025-05-25T00:00:00Z
2025-04-11,C00191,0,2025-05-26T00:00:00Z
2025-04-12,C00191,0,2025-05-27T00:00:00Z
2025-04-13,C00191,0,2025-05-28T00:00:00Z
2025-04-14,C00191,0,2025-05-29T00:00:00Z
2025-03-01,C00192,0,2025-04-15T00:00:00Z
2025-03-02,C00192,0,2025-04-16T00:00:00Z
2025-03-03,C00192,0,2025-04-17T00:00:00Z
2025-03-04,C00192,0,2025-04-18T00:00:00Z
2025-03-05,C00192,0,2025-04-19T00:00:00Z
2025-03-06,C00192,0,2025-04-20T00:00:00Z
2025-03-07,C00192,0,2025-04-21T00:00:00Z
2025-03-08,C00192,0,2025-04-22T00:00:00Z
2025-03-09,C00192,1,2025-04-23T00:00:00Z
2025-03-10,C00192,0,2025-04-24T00:00:00Z
2025-03-11,C00192,0,2025-04-25T00:00:00Z
2025-03-12,C00192,1,2025-04-26T00:00:00Z
2025-03-13,C00192,0,2025-04-27T00:00:00Z
2025-03-14,C00192,0,2025-04-28T00:00:00Z
2025-03-15,C00192,0,2025-04-29T00:00:00Z
2025-03-16,C00192,0,2025-04-30T00:00:00Z
2025-03-17,C00192,0,2025-05-01T00:00:00Z
2025-03-18,C00192,0,2025-05-02T00:00:00Z
2025-03-19,C00192,0,2025-05-03T00:00:00Z
2025-03-20,C00192,0,2025-05-04T00:00:00Z
2025-03-21,C00192,0,2025-05-05T00:00:00Z
2025-03-22,C00192,0,2025-05-06T00:00:00Z
2025-03-23,C00192,0,2025-05-07T00:00:00Z
2025-03-24,C00192,0,2025-05-08T00:00:00Z
2025-03-25,C00192,0,2025-05-09T00:00:00Z
2025-03-26,C00192,0,2025-05-10T00:00:00Z
2025-03-27,C00192,0,2025-05-11T00:00:00Z
2025-03-28,C00192,0,2025-05-12T00:00:00Z
2025-03-29,C00192,0,2025-05-13T00:00:00Z
2025-03-30,C00192,0,2025-05-14T00:00:00Z
2025-03-31,C00192,0,2025-05-15T00:00:00Z
2025-04-01,C00192,0,2025-05-16T00:00:00Z
2025-04-02,C00192,0,2025-05-17T00:00:00Z
2025-04-03,C00192,0,2025-05-18T00:00:00Z
2025-04-04,C00192,0,2025-05-19T00:00:00Z
2025-04-05,C00192,0,2025-05-20T00:00:00Z
2025-04-06,C00192,0,2025-05-21T00:00:00Z
2025-04-07,C00192,0,2025-05-22T00:00:00Z
2025-04-08,C00192,0,2025-05-23T00:00:00Z
2025-04-09,C00192,0,2025-05-24T00:00:00Z
2025-04-10,C00192,0,2025-05-25T00:00:00Z
2025-04-11,C00192,0,2025-05-26T00:00:00Z
2025-04-12,C00192,0,2025-05-27T00:00:00Z
2025-04-13,C00192,0,2025-05-28T00:00:00Z
2025-04-14,C00192,0,2025-05-29T00:00:00Z
2025-03-01,C00193,0,2025-04-15T00:00:00Z
2025-03-02,C00193,1,2025-04-16T00:00:00Z
2025-03-03,C00193,0,2025-04-17T00:00:00Z
2025-03-04,C00193,0,2025-04-18T00:00:00Z
2025-03-05,C00193,0,2025-04-19T00:00:00Z
2025-03-06,C00193,0,2025-04-20T00:00:00Z
2025-03-07,C00193,0,2025-04-21T00:00:00Z
2025-03-08,C00193,0,2025-04-22T00:00:00Z
2025-03-09,C00193,0,2025-04-23T00:00:00Z
2025-03-10,C00193,0,2025-04-24T00:00:00Z
2025-03-11,C00193,0,2025-04-25T00:00:00Z
2025-03-12,C00193,0,2025-04-26T00:00:00Z
2025-03-13,C00193,0,2025-04-27T00:00:00Z
2025-03-14,C00193,0,2025-04-28T00:00:00Z
2025-03-15,C00193,0,2025-04-29T00:00:00Z
2025-03-16,C00193,0,2025-04-30T00:00:00Z
2025-03-17,C00193,0,2025-05-01T00:00:00Z
2025-03-18,C00193,0,2025-05-02T00:00:00Z
2025-03-19,C00193,0,2025-05-03T00:00:00Z
2025-03-20,C00193,0,2025-05-04T00:00:00Z
2025-03-21,C00193,0,2025-05-05T00:00:00Z
2025-03-22,C00193,0,2025-05-06T00:00:00Z
2025-03-23,C00193,1,2025-05-07T00:00:00Z
2025-03-24,C00193,0,2025-05-08T00:00:00Z
2025-03-25,C00193,0,2025-05-09T00:00:00Z
2025-03-26,C00193,0,2025-05-10T00:00:00Z
2025-03-27,C00193,0,2025-05-11T00:00:00Z
2025-03-28,C00193,0,2025-05-12T00:00:00Z
2025-03-29,C00193,0,2025-05-13T00:00:00Z
2025-03-30,C00193,0,2025-05-14T00:00:00Z
2025-03-31,C00193,0,2025-05-15T00:00:00Z
2025-04-01,C00193,0,2025-05-16T00:00:00Z
2025-04-02,C00193,0,2025-05-17T00:00:00Z
2025-04-03,C00193,0,2025-05-18T00:00:00Z
2025-04-04,C00193,0,2025-05-19T00:00:00Z
2025-04-05,C00193,0,2025-05-20T00:00:00Z
2025-04-06,C00193,0,2025-05-21T00:00:00Z
2025-04-07,C00193,0,2025-05-22T00:00:00Z
2025-04-08,C00193,0,2025-05-23T00:00:00Z
2025-04-09,C00193,0,2025-05-24T00:00:00Z
2025-04-10,C00193,0,2025-05-25T00:00:00Z
2025-04-11,C00193,0,2025-05-26T00:00:00Z
2025-04-12,C00193,0,2025-05-27T00:00:00Z
2025-04-13,C00193,0,2025-05-28T00:00:00Z
2025-04-14,C00193,0,2025-05-29T00:00:00Z
2025-03-01,C00194,0,2025-04-15T00:00:00Z
2025-03-02,C00194,0,2025-04-16T00:00:00Z
2025-03-03,C00194,0,2025-04-17T00:00:00Z
2025-03-04,C00194,0,2025-04-18T00:00:00Z
2025-03-05,C00194,0,2025-04-19T00:00:00Z
2025-03-06,C00194,0,2025-04-20T00:00:00Z
2025-03-07,C00194,0,2025-04-21T00:00:00Z
2025-03-08,C00194,0,2025-04-22T00:00:00Z
2025-03-09,C00194,0,2025-04-23T00:00:00Z
2025-03-10,C00194,0,2025-04-24T00:00:00Z
2025-03-11,C00194,0,2025-04-25T00:00:00Z
2025-03-12,C00194,0,2025-04-26T00:00:00Z
2025-03-13,C00194,0,2025-04-27T00:00:00Z
2025-03-14,C00194,0,2025-04-28T00:00:00Z
2025-03-15,C00194,0,2025-04-29T00:00:00Z
2025-03-16,C00194,0,2025-04-30T00:00:00Z
2025-03-17,C00194,0,2025-05-01T00:00:00Z
2025-03-18,C00194,0,2025-05-02T00:00:00Z
2025-03-19,C00194,0,2025-05-03T00:00:00Z
2025-03-20,C00194,0,2025-05-04T00:00:00Z
2025-03-21,C00194,0,2025-05-05T00:00:00Z
2025-03-22,C00194,0,2025-05-06T00:00:00Z
2025-03-23,C00194,0,2025-05-07T00:00:00Z
2025-03-24,C00194,0,2025-05-08T00:00:00Z
2025-03-25,C00194,0,2025-05-09T00:00:00Z
2025-03-26,C00194,0,2025-05-10T00:00:00Z
2025-03-27,C00194,0,2025-05-11T00:00:00Z
2025-03-28,C00194,0,2025-05-12T00:00:00Z
2025-03-29,C00194,0,2025-05-13T00:00:00Z
2025-03-30,C00194,0,2025-05-14T00:00:00Z
2025-03-31,C00194,0,2025-05-15T00:00:00Z
2025-04-01,C00194,0,2025-05-16T00:00:00Z
2025-04-02,C00194,0,2025-05-17T00:00:00Z
2025-04-03,C00194,0,2025-05-18T00:00:00Z
2025-04-04,C00194,1,2025-05-19T00:00:00Z
2025-04-05,C00194,0,2025-05-20T00:00:00Z
2025-04-06,C00194,1,2025-05-21T00:00:00Z
2025-04-07,C00194,0,2025-05-22T00:00:00Z
2025-04-08,C00194,0,2025-05-23T00:00:00Z
2025-04-09,C00194,0,2025-05-24T00:00:00Z
2025-04-10,C00194,0,2025-05-25T00:00:00Z
2025-04-11,C00194,0,2025-05-26T00:00:00Z
2025-04-12,C00194,0,2025-05-27T00:00:00Z
2025-04-13,C00194,0,2025-05-28T00:00:00Z
2025-04-14,C00194,0,2025-05-29T00:00:00Z
2025-03-01,C00195,0,2025-04-15T00:00:00Z
2025-03-02,C00195,0,2025-04-16T00:00:00Z
2025-03-03,C00195,0,2025-04-17T00:00:00Z
2025-03-04,C00195,0,2025-04-18T00:00:00Z
2025-03-05,C00195,0,2025-04-19T00:00:00Z
2025-03-06,C00195,0,2025-04-20T00:00:00Z
2025-03-07,C00195,0,2025-04-21T00:00:00Z
2025-03-08,C00195,1,2025-04-22T00:00:00Z
2025-03-09,C00195,0,2025-04-23T00:00:00Z
2025-03-10,C00195,0,2025-04-24T00:00:00Z
2025-03-11,C00195,0,2025-04-25T00:00:00Z
2025-03-12,C00195,0,2025-04-26T00:00:00Z
2025-03-13,C00195,0,2025-04-27T00:00:00Z
2025-03-14,C00195,0,2025-04-28T00:00:00Z
2025-03-15,C00195,0,2025-04-29T00:00:00Z
2025-03-16,C00195,0,2025-04-30T00:00:00Z
2025-03-17,C00195,0,2025-05-01T00:00:00Z
2025-03-18,C00195,0,2025-05-02T00:00:00Z
2025-03-19,C00195,0,2025-05-03T00:00:00Z
2025-03-20,C00195,1,2025-05-04T00:00:00Z
2025-03-21,C00195,0,2025-05-05T00:00:00Z
2025-03-22,C00195,0,2025-05-06T00:00:00Z
2025-03-23,C00195,0,2025-05-07T00:00:00Z
2025-03-24,C00195,0,2025-05-08T00:00:00Z
2025-03-25,C00195,0,2025-05-09T00:00:00Z
2025-03-26,C00195,0,2025-05-10T00:00:00Z
2025-03-27,C00195,0,2025-05-11T00:00:00Z
2025-03-28,C00195,0,2025-05-12T00:00:00Z
2025-03-29,C00195,0,2025-05-13T00:00:00Z
2025-03-30,C00195,0,2025-05-14T00:00:00Z
2025-03-31,C00195,0,2025-05-15T00:00:00Z
2025-04-01,C00195,0,2025-05-16T00:00:00Z
2025-04-02,C00195,0,2025-05-17T00:00:00Z
2025-04-03,C00195,0,2025-05-18T00:00:00Z
2025-04-04,C00195,0,2025-05-19T00:00:00Z
2025-04-05,C00195,0,2025-05-20T00:00:00Z
2025-04-06,C00195,0,2025-05-21T00:00:00Z
2025-04-07,C00195,0,2025-05-22T00:00:00Z
2025-04-08,C00195,0,2025-05-23T00:00:00Z
2025-04-09,C00195,0,2025-05-24T00:00:00Z
2025-04-10,C00195,0,2025-05-25T00:00:00Z
2025-04-11,C00195,0,2025-05-26T00:00:00Z
2025-04-12,C00195,0,2025-05-27T00:00:00Z
2025-04-13,C00195,0,2025-05-28T00:00:00Z
2025-04-14,C00195,0,2025-05-29T00:00:00Z
2025-03-01,C00196,0,2025-04-15T00:00:00Z
2025-03-02,C00196,0,2025-04-16T00:00:00Z
2025-03-03,C00196,0,2025-04-17T00:00:00Z
2025-03-04,C00196,0,2025-04-18T00:00:00Z
2025-03-05,C00196,0,2025-04-19T00:00:00Z
2025-03-06,C00196,0,2025-04-20T00:00:00Z
2025-03-07,C00196,0,2025-04-21T00:00:00Z
2025-03-08,C00196,0,2025-04-22T00:00:00Z
2025-03-09,C00196,0,2025-04-23T00:00:00Z
2025-03-10,C00196,0,2025-04-24T00:00:00Z
2025-03-11,C00196,0,2025-04-25T00:00:00Z
2025-03-12,C00196,0,2025-04-26T00:00:00Z
2025-03-13,C00196,1,2025-04-27T00:00:00Z
2025-03-14,C00196,0,2025-04-28T00:00:00Z
2025-03-15,C00196,0,2025-04-29T00:00:00Z
2025-03-16,C00196,0,2025-04-30T00:00:00Z
2025-03-17,C00196,0,2025-05-01T00:00:00Z
2025-03-18,C00196,0,2025-05-02T00:00:00Z
2025-03-19,C00196,0,2025-05-03T00:00:00Z
2025-03-20,C00196,0,2025-05-04T00:00:00Z
2025-03-21,C00196,0,2025-05-05T00:00:00Z
2025-03-22,C00196,0,2025-05-06T00:00:00Z
2025-03-23,C00196,0,2025-05-07T00:00:00Z
2025-03-24,C00196,0,2025-05-08T00:00:00Z
2025-03-25,C00196,0,2025-05-09T00:00:00Z
2025-03-26,C00196,0,2025-05-10T00:00:00Z
2025-03-27,C00196,0,2025-05-11T00:00:00Z
2025-03-28,C00196,0,2025-05-12T00:00:00Z
2025-03-29,C00196,0,2025-05-13T00:00:00Z
2025-03-30,C00196,0,2025-05-14T00:00:00Z
2025-03-31,C00196,0,2025-05-15T00:00:00Z
2025-04-01,C00196,0,2025-05-16T00:00:00Z
2025-04-02,C00196,0,2025-05-17T00:00:00Z
2025-04-03,C00196,0,2025-05-18T00:00:00Z
2025-04-04,C00196,0,2025-05-19T00:00:00Z
2025-04-05,C00196,0,2025-05-20T00:00:00Z
2025-04-06,C00196,0,2025-05-21T00:00:00Z
2025-04-07,C00196,0,2025-05-22T00:00:00Z
2025-04-08,C00196,0,2025-05-23T00:00:00Z
2025-04-09,C00196,0,2025-05-24T00:00:00Z
2025-04-10,C00196,0,2025-05-25T00:00:00Z
2025-04-11,C00196,1,2025-05-26T00:00:00Z
2025-04-12,C00196,0,2025-05-27T00:00:00Z
2025-04-13,C00196,0,2025-05-28T00:00:00Z
2025-04-14,C00196,0,2025-05-29T00:00:00Z
2025-03-01,C00197,0,2025-04-15T00:00:00Z
2025-03-02,C00197,0,2025-04-16T00:00:00Z
2025-03-03,C00197,0,2025-04-17T00:00:00Z
2025-03-04,C00197,0,2025-04-18T00:00:00Z
2025-03-05,C00197,0,2025-04-19T00:00:00Z
2025-03-06,C00197,0,2025-04-20T00:00:00Z
2025-03-07,C00197,0,2025-04-21T00:00:00Z
2025-03-08,C00197,0,2025-04-22T00:00:00Z
2025-03-09,C00197,0,2025-04-23T00:00:00Z
2025-03-10,C00197,0,2025-04-24T00:00:00Z
2025-03-11,C00197,0,2025-04-25T00:00:00Z
2025-03-12,C00197,0,2025-04-26T00:00:00Z
2025-03-13,C00197,0,2025-04-27T00:00:00Z
2025-03-14,C00197,0,2025-04-28T00:00:00Z
2025-03-15,C00197,0,2025-04-29T00:00:00Z
2025-03-16,C00197,0,2025-04-30T00:00:00Z
2025-03-17,C00197,0,2025-05-01T00:00:00Z
2025-03-18,C00197,0,2025-05-02T00:00:00Z
2025-03-19,C00197,0,2025-05-03T00:00:00Z
2025-03-20,C00197,0,2025-05-04T00:00:00Z
2025-03-21,C00197,0,2025-05-05T00:00:00Z
2025-03-22,C00197,1,2025-05-06T00:00:00Z
2025-03-23,C00197,0,2025-05-07T00:00:00Z
2025-03-24,C00197,0,2025-05-08T00:00:00Z
2025-03-25,C00197,0,2025-05-09T00:00:00Z
2025-03-26,C00197,0,2025-05-10T00:00:00Z
2025-03-27,C00197,0,2025-05-11T00:00:00Z
2025-03-28,C00197,0,2025-05-12T00:00:00Z
2025-03-29,C00197,0,2025-05-13T00:00:00Z
2025-03-30,C00197,0,2025-05-14T00:00:00Z
2025-03-31,C00197,1,2025-05-15T00:00:00Z
2025-04-01,C00197,0,2025-05-16T00:00:00Z
2025-04-02,C00197,0,2025-05-17T00:00:00Z
2025-04-03,C00197,0,2025-05-18T00:00:00Z
2025-04-04,C00197,0,2025-05-19T00:00:00Z
2025-04-05,C00197,0,2025-05-20T00:00:00Z
2025-04-06,C00197,0,2025-05-21T00:00:00Z
2025-04-07,C00197,0,2025-05-22T00:00:00Z
2025-04-08,C00197,0,2025-05-23T00:00:00Z
2025-04-09,C00197,0,2025-05-24T00:00:00Z
2025-04-10,C00197,0,2025-05-25T00:00:00Z
2025-04-11,C00197,0,2025-05-26T00:00:00Z
2025-04-12,C00197,0,2025-05-27T00:00:00Z
2025-04-13,C00197,0,2025-05-28T00:00:00Z
2025-04-14,C00197,0,2025-05-29T00:00:00Z
2025-03-01,C00198,0,2025-04-15T00:00:00Z
2025-03-02,C00198,0,2025-04-16T00:00:00Z
2025-03-03,C00198,0,2025-04-17T00:00:00Z
2025-03-04,C00198,0,2025-04-18T00:00:00Z
2025-03-05,C00198,0,2025-04-19T00:00:00Z
2025-03-06,C00198,0,2025-04-20T00:00:00Z
2025-03-07,C00198,0,2025-04-21T00:00:00Z
2025-03-08,C00198,0,2025-04-22T00:00:00Z
2025-03-09,C00198,0,2025-04-23T00:00:00Z
2025-03-10,C00198,0,2025-04-24T00:00:00Z
2025-03-11,C00198,0,2025-04-25T00:00:00Z
2025-03-12,C00198,0,2025-04-26T00:00:00Z
2025-03-13,C00198,0,2025-04-27T00:00:00Z
2025-03-14,C00198,0,2025-04-28T00:00:00Z
2025-03-15,C00198,0,2025-04-29T00:00:00Z
2025-03-16,C00198,0,2025-04-30T00:00:00Z
2025-03-17,C00198,0,2025-05-01T00:00:00Z
2025-03-18,C00198,0,2025-05-02T00:00:00Z
2025-03-19,C00198,0,2025-05-03T00:00:00Z
2025-03-20,C00198,0,2025-05-04T00:00:00Z
2025-03-21,C00198,0,2025-05-05T00:00:00Z
2025-03-22,C00198,0,2025-05-06T00:00:00Z
2025-03-23,C00198,0,2025-05-07T00:00:00Z
2025-03-24,C00198,0,2025-05-08T00:00:00Z
2025-03-25,C00198,0,2025-05-09T00:00:00Z
2025-03-26,C00198,0,2025-05-10T00:00:00Z
2025-03-27,C00198,0,2025-05-11T00:00:00Z
2025-03-28,C00198,0,2025-05-12T00:00:00Z
2025-03-29,C00198,0,2025-05-13T00:00:00Z
2025-03-30,C00198,0,2025-05-14T00:00:00Z
2025-03-31,C00198,0,2025-05-15T00:00:00Z
2025-04-01,C00198,0,2025-05-16T00:00:00Z
2025-04-02,C00198,0,2025-05-17T00:00:00Z
2025-04-03,C00198,0,2025-05-18T00:00:00Z
2025-04-04,C00198,0,2025-05-19T00:00:00Z
2025-04-05,C00198,0,2025-05-20T00:00:00Z
2025-04-06,C00198,0,2025-05-21T00:00:00Z
2025-04-07,C00198,0,2025-05-22T00:00:00Z
2025-04-08,C00198,0,2025-05-23T00:00:00Z
2025-04-09,C00198,0,2025-05-24T00:00:00Z
2025-04-10,C00198,0,2025-05-25T00:00:00Z
2025-04-11,C00198,0,2025-05-26T00:00:00Z
2025-04-12,C00198,0,2025-05-27T00:00:00Z
2025-04-13,C00198,0,2025-05-28T00:00:00Z
2025-04-14,C00198,0,2025-05-29T00:00:00Z
2025-03-01,C00199,0,2025-04-15T00:00:00Z
2025-03-02,C00199,0,2025-04-16T00:00:00Z
2025-03-03,C00199,0,2025-04-17T00:00:00Z
2025-03-04,C00199,0,2025-04-18T00:00:00Z
2025-03-05,C00199,0,2025-04-19T00:00:00Z
2025-03-06,C00199,0,2025-04-20T00:00:00Z
2025-03-07,C00199,0,2025-04-21T00:00:00Z
2025-03-08,C00199,0,2025-04-22T00:00:00Z
2025-03-09,C00199,0,2025-04-23T00:00:00Z
2025-03-10,C00199,0,2025-04-24T00:00:00Z
2025-03-11,C00199,0,2025-04-25T00:00:00Z
2025-03-12,C00199,0,2025-04-26T00:00:00Z
2025-03-13,C00199,0,2025-04-27T00:00:00Z
2025-03-14,C00199,0,2025-04-28T00:00:00Z
2025-03-15,C00199,0,2025-04-29T00:00:00Z
2025-03-16,C00199,0,2025-04-30T00:00:00Z
2025-03-17,C00199,0,2025-05-01T00:00:00Z
2025-03-18,C00199,0,2025-05-02T00:00:00Z
2025-03-19,C00199,0,2025-05-03T00:00:00Z
2025-03-20,C00199,0,2025-05-04T00:00:00Z
2025-03-21,C00199,0,2025-05-05T00:00:00Z
2025-03-22,C00199,0,2025-05-06T00:00:00Z
2025-03-23,C00199,0,2025-05-07T00:00:00Z
2025-03-24,C00199,0,2025-05-08T00:00:00Z
2025-03-25,C00199,0,2025-05-09T00:00:00Z
2025-03-26,C00199,0,2025-05-10T00:00:00Z
2025-03-27,C00199,0,2025-05-11T00:00:00Z
2025-03-28,C00199,0,2025-05-12T00:00:00Z
2025-03-29,C00199,0,2025-05-13T00:00:00Z
2025-03-30,C00199,0,2025-05-14T00:00:00Z
2025-03-31,C00199,0,2025-05-15T00:00:00Z
2025-04-01,C00199,1,2025-05-16T00:00:00Z
2025-04-02,C00199,0,2025-05-17T00:00:00Z
2025-04-03,C00199,0,2025-05-18T00:00:00Z
2025-04-04,C00199,0,2025-05-19T00:00:00Z
2025-04-05,C00199,0,2025-05-20T00:00:00Z
2025-04-06,C00199,0,2025-05-21T00:00:00Z
2025-04-07,C00199,0,2025-05-22T00:00:00Z
2025-04-08,C00199,0,2025-05-23T00:00:00Z
2025-04-09,C00199,0,2025-05-24T00:00:00Z
2025-04-10,C00199,0,2025-05-25T00:00:00Z
2025-04-11,C00199,0,2025-05-26T00:00:00Z
2025-04-12,C00199,0,2025-05-27T00:00:00Z
2025-04-13,C00199,0,2025-05-28T00:00:00Z
2025-04-14,C00199,0,2025-05-29T00:00:00Z
2025-03-01,C00200,0,2025-04-15T00:00:00Z
2025-03-02,C00200,0,2025-04-16T00:00:00Z
2025-03-03,C00200,0,2025-04-17T00:00:00Z
2025-03-04,C00200,0,2025-04-18T00:00:00Z
2025-03-05,C00200,0,2025-04-19T00:00:00Z
2025-03-06,C00200,0,2025-04-20T00:00:00Z
2025-03-07,C00200,0,2025-04-21T00:00:00Z
2025-03-08,C00200,0,2025-04-22T00:00:00Z
2025-03-09,C00200,0,2025-04-23T00:00:00Z
2025-03-10,C00200,0,2025-04-24T00:00:00Z
2025-03-11,C00200,1,2025-04-25T00:00:00Z
2025-03-12,C00200,0,2025-04-26T00:00:00Z
2025-03-13,C00200,0,2025-04-27T00:00:00Z
2025-03-14,C00200,0,2025-04-28T00:00:00Z
2025-03-15,C00200,0,2025-04-29T00:00:00Z
2025-03-16,C00200,0,2025-04-30T00:00:00Z
2025-03-17,C00200,0,2025-05-01T00:00:00Z
2025-03-18,C00200,0,2025-05-02T00:00:00Z
2025-03-19,C00200,0,2025-05-03T00:00:00Z
2025-03-20,C00200,0,2025-05-04T00:00:00Z
2025-03-21,C00200,0,2025-05-05T00:00:00Z
2025-03-22,C00200,0,2025-05-06T00:00:00Z
2025-03-23,C00200,0,2025-05-07T00:00:00Z
2025-03-24,C00200,0,2025-05-08T00:00:00Z
2025-03-25,C00200,0,2025-05-09T00:00:00Z
2025-03-26,C00200,0,2025-05-10T00:00:00Z
2025-03-27,C00200,0,2025-05-11T00:00:00Z
2025-03-28,C00200,0,2025-05-12T00:00:00Z
2025-03-29,C00200,0,2025-05-13T00:00:00Z
2025-03-30,C00200,1,2025-05-14T00:00:00Z
2025-03-31,C00200,0,2025-05-15T00:00:00Z
2025-04-01,C00200,0,2025-05-16T00:00:00Z
2025-04-02,C00200,0,2025-05-17T00:00:00Z
2025-04-03,C00200,0,2025-05-18T00:00:00Z
2025-04-04,C00200,0,2025-05-19T00:00:00Z
2025-04-05,C00200,0,2025-05-20T00:00:00Z
2025-04-06,C00200,0,2025-05-21T00:00:00Z
2025-04-07,C00200,0,2025-05-22T00:00:00Z
2025-04-08,C00200,0,2025-05-23T00:00:00Z
2025-04-09,C00200,0,2025-05-24T00:00:00Z
2025-04-10,C00200,0,2025-05-25T00:00:00Z
2025-04-11,C00200,0,2025-05-26T00:00:00Z
2025-04-12,C00200,0,2025-05-27T00:00:00Z
2025-04-13,C00200,0,2025-05-28T00:00:00Z
2025-04-14,C00200,0,2025-05-29T00:00:00Z
2025-03-01,C00201,0,2025-04-15T00:00:00Z
2025-03-02,C00201,0,2025-04-16T00:00:00Z
2025-03-03,C00201,0,2025-04-17T00:00:00Z
2025-03-04,C00201,0,2025-04-18T00:00:00Z
2025-03-05,C00201,0,2025-04-19T00:00:00Z
2025-03-06,C00201,0,2025-04-20T00:00:00Z
2025-03-07,C00201,0,2025-04-21T00:00:00Z
2025-03-08,C00201,0,2025-04-22T00:00:00Z
2025-03-09,C00201,0,2025-04-23T00:00:00Z
2025-03-10,C00201,0,2025-04-24T00:00:00Z
2025-03-11,C00201,0,2025-04-25T00:00:00Z
2025-03-12,C00201,0,2025-04-26T00:00:00Z
2025-03-13,C00201,0,2025-04-27T00:00:00Z
2025-03-14,C00201,0,2025-04-28T00:00:00Z
2025-03-15,C00201,0,2025-04-29T00:00:00Z
2025-03-16,C00201,0,2025-04-30T00:00:00Z
2025-03-17,C00201,0,2025-05-01T00:00:00Z
2025-03-18,C00201,0,2025-05-02T00:00:00Z
2025-03-19,C00201,0,2025-05-03T00:00:00Z
2025-03-20,C00201,0,2025-05-04T00:00:00Z
2025-03-21,C00201,0,2025-05-05T00:00:00Z
2025-03-22,C00201,0,2025-05-06T00:00:00Z
2025-03-23,C00201,0,2025-05-07T00:00:00Z
2025-03-24,C00201,0,2025-05-08T00:00:00Z
2025-03-25,C00201,1,2025-05-09T00:00:00Z
2025-03-26,C00201,0,2025-05-10T00:00:00Z
2025-03-27,C00201,0,2025-05-11T00:00:00Z
2025-03-28,C00201,0,2025-05-12T00:00:00Z
2025-03-29,C00201,0,2025-05-13T00:00:00Z
2025-03-30,C00201,0,2025-05-14T00:00:00Z
2025-03-31,C00201,0,2025-05-15T00:00:00Z
2025-04-01,C00201,0,2025-05-16T00:00:00Z
2025-04-02,C00201,0,2025-05-17T00:00:00Z
2025-04-03,C00201,0,2025-05-18T00:00:00Z
2025-04-04,C00201,0,2025-05-19T00:00:00Z
2025-04-05,C00201,0,2025-05-20T00:00:00Z
2025-04-06,C00201,0,2025-05-21T00:00:00Z
2025-04-07,C00201,0,2025-05-22T00:00:00Z
2025-04-08,C00201,0,2025-05-23T00:00:00Z
2025-04-09,C00201,0,2025-05-24T00:00:00Z
2025-04-10,C00201,1,2025-05-25T00:00:00Z
2025-04-11,C00201,0,2025-05-26T00:00:00Z
2025-04-12,C00201,0,2025-05-27T00:00:00Z
2025-04-13,C00201,0,2025-05-28T00:00:00Z
2025-04-14,C00201,0,2025-05-29T00:00:00Z
2025-03-01,C00202,0,2025-04-15T00:00:00Z
2025-03-02,C00202,0,2025-04-16T00:00:00Z
2025-03-03,C00202,0,2025-04-17T00:00:00Z
2025-03-04,C00202,0,2025-04-18T00:00:00Z
2025-03-05,C00202,0,2025-04-19T00:00:00Z
2025-03-06,C00202,0,2025-04-20T00:00:00Z
2025-03-07,C00202,1,2025-04-21T00:00:00Z
2025-03-08,C00202,0,2025-04-22T00:00:00Z
2025-03-09,C00202,0,2025-04-23T00:00:00Z
2025-03-10,C00202,0,2025-04-24T00:00:00Z
2025-03-11,C00202,0,2025-04-25T00:00:00Z
2025-03-12,C00202,0,2025-04-26T00:00:00Z
2025-03-13,C00202,0,2025-04-27T00:00:00Z
2025-03-14,C00202,0,2025-04-28T00:00:00Z
2025-03-15,C00202,0,2025-04-29T00:00:00Z
2025-03-16,C00202,0,2025-04-30T00:00:00Z
2025-03-17,C00202,0,2025-05-01T00:00:00Z
2025-03-18,C00202,0,2025-05-02T00:00:00Z
2025-03-19,C00202,0,2025-05-03T00:00:00Z
2025-03-20,C00202,0,2025-05-04T00:00:00Z
2025-03-21,C00202,0,2025-05-05T00:00:00Z
2025-03-22,C00202,0,2025-05-06T00:00:00Z
2025-03-23,C00202,0,2025-05-07T00:00:00Z
2025-03-24,C00202,0,2025-05-08T00:00:00Z
2025-03-25,C00202,0,2025-05-09T00:00:00Z
2025-03-26,C00202,0,2025-05-10T00:00:00Z
2025-03-27,C00202,0,2025-05-11T00:00:00Z
2025-03-28,C00202,0,2025-05-12T00:00:00Z
2025-03-29,C00202,1,2025-05-13T00:00:00Z
2025-03-30,C00202,0,2025-05-14T00:00:00Z
2025-03-31,C00202,0,2025-05-15T00:00:00Z
2025-04-01,C00202,0,2025-05-16T00:00:00Z
2025-04-02,C00202,0,2025-05-17T00:00:00Z
2025-04-03,C00202,0,2025-05-18T00:00:00Z
2025-04-04,C00202,0,2025-05-19T00:00:00Z
2025-04-05,C00202,0,2025-05-20T00:00:00Z
2025-04-06,C00202,0,2025-05-21T00:00:00Z
2025-04-07,C00202,0,2025-05-22T00:00:00Z
2025-04-08,C00202,0,2025-05-23T00:00:00Z
2025-04-09,C00202,0,2025-05-24T00:00:00Z
2025-04-10,C00202,0,2025-05-25T00:00:00Z
2025-04-11,C00202,0,2025-05-26T00:00:00Z
2025-04-12,C00202,0,2025-05-27T00:00:00Z
2025-04-13,C00202,0,2025-05-28T00:00:00Z
2025-04-14,C00202,0,2025-05-29T00:00:00Z
2025-03-01,C00203,0,2025-04-15T00:00:00Z
2025-03-02,C00203,0,2025-04-16T00:00:00Z
2025-03-03,C00203,0,2025-04-17T00:00:00Z
2025-03-04,C00203,0,2025-04-18T00:00:00Z
2025-03-05,C00203,1,2025-04-19T00:00:00Z
2025-03-06,C00203,0,2025-04-20T00:00:00Z
2025-03-07,C00203,0,2025-04-21T00:00:00Z
2025-03-08,C00203,0,2025-04-22T00:00:00Z
2025-03-09,C00203,0,2025-04-23T00:00:00Z
2025-03-10,C00203,0,2025-04-24T00:00:00Z
2025-03-11,C00203,1,2025-04-25T00:00:00Z
2025-03-12,C00203,0,2025-04-26T00:00:00Z
2025-03-13,C00203,0,2025-04-27T00:00:00Z
2025-03-14,C00203,0,2025-04-28T00:00:00Z
2025-03-15,C00203,0,2025-04-29T00:00:00Z
2025-03-16,C00203,0,2025-04-30T00:00:00Z
2025-03-17,C00203,0,2025-05-01T00:00:00Z
2025-03-18,C00203,0,2025-05-02T00:00:00Z
2025-03-19,C00203,0,2025-05-03T00:00:00Z
2025-03-20,C00203,0,2025-05-04T00:00:00Z
2025-03-21,C00203,0,2025-05-05T00:00:00Z
2025-03-22,C00203,0,2025-05-06T00:00:00Z
2025-03-23,C00203,0,2025-05-07T00:00:00Z
2025-03-24,C00203,0,2025-05-08T00:00:00Z
2025-03-25,C00203,0,2025-05-09T00:00:00Z
2025-03-26,C00203,0,2025-05-10T00:00:00Z
2025-03-27,C00203,0,2025-05-11T00:00:00Z
2025-03-28,C00203,0,2025-05-12T00:00:00Z
2025-03-29,C00203,1,2025-05-13T00:00:00Z
2025-03-30,C00203,0,2025-05-14T00:00:00Z
2025-03-31,C00203,0,2025-05-15T00:00:00Z
2025-04-01,C00203,0,2025-05-16T00:00:00Z
2025-04-02,C00203,0,2025-05-17T00:00:00Z
2025-04-03,C00203,0,2025-05-18T00:00:00Z
2025-04-04,C00203,0,2025-05-19T00:00:00Z
2025-04-05,C00203,0,2025-05-20T00:00:00Z
2025-04-06,C00203,0,2025-05-21T00:00:00Z
2025-04-07,C00203,0,2025-05-22T00:00:00Z
2025-04-08,C00203,0,2025-05-23T00:00:00Z
2025-04-09,C00203,0,2025-05-24T00:00:00Z
2025-04-10,C00203,0,2025-05-25T00:00:00Z
2025-04-11,C00203,0,2025-05-26T00:00:00Z
2025-04-12,C00203,0,2025-05-27T00:00:00Z
2025-04-13,C00203,0,2025-05-28T00:00:00Z
2025-04-14,C00203,0,2025-05-29T00:00:00Z
2025-03-01,C00204,0,2025-04-15T00:00:00Z
2025-03-02,C00204,0,2025-04-16T00:00:00Z
2025-03-03,C00204,1,2025-04-17T00:00:00Z
2025-03-04,C00204,0,2025-04-18T00:00:00Z
2025-03-05,C00204,0,2025-04-19T00:00:00Z
2025-03-06,C00204,0,2025-04-20T00:00:00Z
2025-03-07,C00204,0,2025-04-21T00:00:00Z
2025-03-08,C00204,0,2025-04-22T00:00:00Z
2025-03-09,C00204,0,2025-04-23T00:00:00Z
2025-03-10,C00204,0,2025-04-24T00:00:00Z
2025-03-11,C00204,0,2025-04-25T00:00:00Z
2025-03-12,C00204,0,2025-04-26T00:00:00Z
2025-03-13,C00204,0,2025-04-27T00:00:00Z
2025-03-14,C00204,0,2025-04-28T00:00:00Z
2025-03-15,C00204,0,2025-04-29T00:00:00Z
2025-03-16,C00204,0,2025-04-30T00:00:00Z
2025-03-17,C00204,0,2025-05-01T00:00:00Z
2025-03-18,C00204,1,2025-05-02T00:00:00Z
2025-03-19,C00204,0,2025-05-03T00:00:00Z
2025-03-20,C00204,0,2025-05-04T00:00:00Z
2025-03-21,C00204,0,2025-05-05T00:00:00Z
2025-03-22,C00204,0,2025-05-06T00:00:00Z
2025-03-23,C00204,0,2025-05-07T00:00:00Z
2025-03-24,C00204,0,2025-05-08T00:00:00Z
2025-03-25,C00204,0,2025-05-09T00:00:00Z
2025-03-26,C00204,0,2025-05-10T00:00:00Z
2025-03-27,C00204,0,2025-05-11T00:00:00Z
2025-03-28,C00204,0,2025-05-12T00:00:00Z
2025-03-29,C00204,0,2025-05-13T00:00:00Z
2025-03-30,C00204,0,2025-05-14T00:00:00Z
2025-03-31,C00204,0,2025-05-15T00:00:00Z
2025-04-01,C00204,0,2025-05-16T00:00:00Z
2025-04-02,C00204,0,2025-05-17T00:00:00Z
2025-04-03,C00204,0,2025-05-18T00:00:00Z
2025-04-04,C00204,1,2025-05-19T00:00:00Z
2025-04-05,C00204,0,2025-05-20T00:00:00Z
2025-04-06,C00204,0,2025-05-21T00:00:00Z
2025-04-07,C00204,0,2025-05-22T00:00:00Z
2025-04-08,C00204,0,2025-05-23T00:00:00Z
2025-04-09,C00204,0,2025-05-24T00:00:00Z
2025-04-10,C00204,1,2025-05-25T00:00:00Z
2025-04-11,C00204,0,2025-05-26T00:00:00Z
2025-04-12,C00204,0,2025-05-27T00:00:00Z
2025-04-13,C00204,0,2025-05-28T00:00:00Z
2025-04-14,C00204,0,2025-05-29T00:00:00Z
2025-03-01,C00205,0,2025-04-15T00:00:00Z
2025-03-02,C00205,0,2025-04-16T00:00:00Z
2025-03-03,C00205,0,2025-04-17T00:00:00Z
2025-03-04,C00205,0,2025-04-18T00:00:00Z
2025-03-05,C00205,0,2025-04-19T00:00:00Z
2025-03-06,C00205,0,2025-04-20T00:00:00Z
2025-03-07,C00205,0,2025-04-21T00:00:00Z
2025-03-08,C00205,0,2025-04-22T00:00:00Z
2025-03-09,C00205,0,2025-04-23T00:00:00Z
2025-03-10,C00205,0,2025-04-24T00:00:00Z
2025-03-11,C00205,0,2025-04-25T00:00:00Z
2025-03-12,C00205,0,2025-04-26T00:00:00Z
2025-03-13,C00205,0,2025-04-27T00:00:00Z
2025-03-14,C00205,0,2025-04-28T00:00:00Z
2025-03-15,C00205,0,2025-04-29T00:00:00Z
2025-03-16,C00205,0,2025-04-30T00:00:00Z
2025-03-17,C00205,0,2025-05-01T00:00:00Z
2025-03-18,C00205,0,2025-05-02T00:00:00Z
2025-03-19,C00205,0,2025-05-03T00:00:00Z
2025-03-20,C00205,0,2025-05-04T00:00:00Z
2025-03-21,C00205,0,2025-05-05T00:00:00Z
2025-03-22,C00205,0,2025-05-06T00:00:00Z
2025-03-23,C00205,0,2025-05-07T00:00:00Z
2025-03-24,C00205,0,2025-05-08T00:00:00Z
2025-03-25,C00205,0,2025-05-09T00:00:00Z
2025-03-26,C00205,1,2025-05-10T00:00:00Z
2025-03-27,C00205,0,2025-05-11T00:00:00Z
2025-03-28,C00205,0,2025-05-12T00:00:00Z
2025-03-29,C00205,0,2025-05-13T00:00:00Z
2025-03-30,C00205,0,2025-05-14T00:00:00Z
2025-03-31,C00205,0,2025-05-15T00:00:00Z
2025-04-01,C00205,0,2025-05-16T00:00:00Z
2025-04-02,C00205,0,2025-05-17T00:00:00Z
2025-04-03,C00205,0,2025-05-18T00:00:00Z
2025-04-04,C00205,0,2025-05-19T00:00:00Z
2025-04-05,C00205,0,2025-05-20T00:00:00Z
2025-04-06,C00205,0,2025-05-21T00:00:00Z
2025-04-07,C00205,0,2025-05-22T00:00:00Z
2025-04-08,C00205,0,2025-05-23T00:00:00Z
2025-04-09,C00205,0,2025-05-24T00:00:00Z
2025-04-10,C00205,0,2025-05-25T00:00:00Z
2025-04-11,C00205,0,2025-05-26T00:00:00Z
2025-04-12,C00205,0,2025-05-27T00:00:00Z
2025-04-13,C00205,0,2025-05-28T00:00:00Z
2025-04-14,C00205,0,2025-05-29T00:00:00Z
2025-03-01,C00206,0,2025-04-15T00:00:00Z
2025-03-02,C00206,0,2025-04-16T00:00:00Z
2025-03-03,C00206,0,2025-04-17T00:00:00Z
2025-03-04,C00206,0,2025-04-18T00:00:00Z
2025-03-05,C00206,0,2025-04-19T00:00:00Z
2025-03-06,C00206,0,2025-04-20T00:00:00Z
2025-03-07,C00206,0,2025-04-21T00:00:00Z
2025-03-08,C00206,0,2025-04-22T00:00:00Z
2025-03-09,C00206,0,2025-04-23T00:00:00Z
2025-03-10,C00206,0,2025-04-24T00:00:00Z
2025-03-11,C00206,0,2025-04-25T00:00:00Z
2025-03-12,C00206,0,2025-04-26T00:00:00Z
2025-03-13,C00206,0,2025-04-27T00:00:00Z
2025-03-14,C00206,0,2025-04-28T00:00:00Z
2025-03-15,C00206,0,2025-04-29T00:00:00Z
2025-03-16,C00206,0,2025-04-30T00:00:00Z
2025-03-17,C00206,0,2025-05-01T00:00:00Z
2025-03-18,C00206,0,2025-05-02T00:00:00Z
2025-03-19,C00206,0,2025-05-03T00:00:00Z
2025-03-20,C00206,0,2025-05-04T00:00:00Z
2025-03-21,C00206,1,2025-05-05T00:00:00Z
2025-03-22,C00206,0,2025-05-06T00:00:00Z
2025-03-23,C00206,0,2025-05-07T00:00:00Z
2025-03-24,C00206,0,2025-05-08T00:00:00Z
2025-03-25,C00206,1,2025-05-09T00:00:00Z
2025-03-26,C00206,0,2025-05-10T00:00:00Z
2025-03-27,C00206,0,2025-05-11T00:00:00Z
2025-03-28,C00206,0,2025-05-12T00:00:00Z
2025-03-29,C00206,0,2025-05-13T00:00:00Z
2025-03-30,C00206,0,2025-05-14T00:00:00Z
2025-03-31,C00206,0,2025-05-15T00:00:00Z
2025-04-01,C00206,0,2025-05-16T00:00:00Z
2025-04-02,C00206,0,2025-05-17T00:00:00Z
2025-04-03,C00206,0,2025-05-18T00:00:00Z
2025-04-04,C00206,0,2025-05-19T00:00:00Z
2025-04-05,C00206,0,2025-05-20T00:00:00Z
2025-04-06,C00206,0,2025-05-21T00:00:00Z
2025-04-07,C00206,0,2025-05-22T00:00:00Z
2025-04-08,C00206,0,2025-05-23T00:00:00Z
2025-04-09,C00206,0,2025-05-24T00:00:00Z
2025-04-10,C00206,0,2025-05-25T00:00:00Z
2025-04-11,C00206,0,2025-05-26T00:00:00Z
2025-04-12,C00206,0,2025-05-27T00:00:00Z
2025-04-13,C00206,0,2025-05-28T00:00:00Z
2025-04-14,C00206,0,2025-05-29T00:00:00Z
2025-03-01,C00207,0,2025-04-15T00:00:00Z
2025-03-02,C00207,0,2025-04-16T00:00:00Z
2025-03-03,C00207,0,2025-04-17T00:00:00Z
2025-03-04,C00207,0,2025-04-18T00:00:00Z
2025-03-05,C00207,0,2025-04-19T00:00:00Z
2025-03-06,C00207,0,2025-04-20T00:00:00Z
2025-03-07,C00207,0,2025-04-21T00:00:00Z
2025-03-08,C00207,0,2025-04-22T00:00:00Z
2025-03-09,C00207,0,2025-04-23T00:00:00Z
2025-03-10,C00207,0,2025-04-24T00:00:00Z
2025-03-11,C00207,0,2025-04-25T00:00:00Z
2025-03-12,C00207,0,2025-04-26T00:00:00Z
2025-03-13,C00207,0,2025-04-27T00:00:00Z
2025-03-14,C00207,0,2025-04-28T00:00:00Z
2025-03-15,C00207,0,2025-04-29T00:00:00Z
2025-03-16,C00207,0,2025-04-30T00:00:00Z
2025-03-17,C00207,0,2025-05-01T00:00:00Z
2025-03-18,C00207,0,2025-05-02T00:00:00Z
2025-03-19,C00207,0,2025-05-03T00:00:00Z
2025-03-20,C00207,0,2025-05-04T00:00:00Z
2025-03-21,C00207,0,2025-05-05T00:00:00Z
2025-03-22,C00207,0,2025-05-06T00:00:00Z
2025-03-23,C00207,0,2025-05-07T00:00:00Z
2025-03-24,C00207,0,2025-05-08T00:00:00Z
2025-03-25,C00207,0,2025-05-09T00:00:00Z
2025-03-26,C00207,0,2025-05-10T00:00:00Z
2025-03-27,C00207,0,2025-05-11T00:00:00Z
2025-03-28,C00207,0,2025-05-12T00:00:00Z
2025-03-29,C00207,0,2025-05-13T00:00:00Z
2025-03-30,C00207,0,2025-05-14T00:00:00Z
2025-03-31,C00207,1,2025-05-15T00:00:00Z
2025-04-01,C00207,0,2025-05-16T00:00:00Z
2025-04-02,C00207,0,2025-05-17T00:00:00Z
2025-04-03,C00207,0,2025-05-18T00:00:00Z
2025-04-04,C00207,0,2025-05-19T00:00:00Z
2025-04-05,C00207,0,2025-05-20T00:00:00Z
2025-04-06,C00207,0,2025-05-21T00:00:00Z
2025-04-07,C00207,0,2025-05-22T00:00:00Z
2025-04-08,C00207,0,2025-05-23T00:00:00Z
2025-04-09,C00207,0,2025-05-24T00:00:00Z
2025-04-10,C00207,0,2025-05-25T00:00:00Z
2025-04-11,C00207,0,2025-05-26T00:00:00Z
2025-04-12,C00207,0,2025-05-27T00:00:00Z
2025-04-13,C00207,0,2025-05-28T00:00:00Z
2025-04-14,C00207,0,2025-05-29T00:00:00Z
2025-03-01,C00208,0,2025-04-15T00:00:00Z
2025-03-02,C00208,0,2025-04-16T00:00:00Z
2025-03-03,C00208,1,2025-04-17T00:00:00Z
2025-03-04,C00208,0,2025-04-18T00:00:00Z
2025-03-05,C00208,0,2025-04-19T00:00:00Z
2025-03-06,C00208,0,2025-04-20T00:00:00Z
2025-03-07,C00208,0,2025-04-21T00:00:00Z
2025-03-08,C00208,0,2025-04-22T00:00:00Z
2025-03-09,C00208,0,2025-04-23T00:00:00Z
2025-03-10,C00208,1,2025-04-24T00:00:00Z
2025-03-11,C00208,0,2025-04-25T00:00:00Z
2025-03-12,C00208,0,2025-04-26T00:00:00Z
2025-03-13,C00208,0,2025-04-27T00:00:00Z
2025-03-14,C00208,0,2025-04-28T00:00:00Z
2025-03-15,C00208,0,2025-04-29T00:00:00Z
2025-03-16,C00208,1,2025-04-30T00:00:00Z
2025-03-17,C00208,0,2025-05-01T00:00:00Z
2025-03-18,C00208,0,2025-05-02T00:00:00Z
2025-03-19,C00208,0,2025-05-03T00:00:00Z
2025-03-20,C00208,0,2025-05-04T00:00:00Z
2025-03-21,C00208,0,2025-05-05T00:00:00Z
2025-03-22,C00208,1,2025-05-06T00:00:00Z
2025-03-23,C00208,0,2025-05-07T00:00:00Z
2025-03-24,C00208,0,2025-05-08T00:00:00Z
2025-03-25,C00208,0,2025-05-09T00:00:00Z
2025-03-26,C00208,0,2025-05-10T00:00:00Z
2025-03-27,C00208,0,2025-05-11T00:00:00Z
2025-03-28,C00208,0,2025-05-12T00:00:00Z
2025-03-29,C00208,0,2025-05-13T00:00:00Z
2025-03-30,C00208,0,2025-05-14T00:00:00Z
2025-03-31,C00208,0,2025-05-15T00:00:00Z
2025-04-01,C00208,0,2025-05-16T00:00:00Z
2025-04-02,C00208,0,2025-05-17T00:00:00Z
2025-04-03,C00208,0,2025-05-18T00:00:00Z
2025-04-04,C00208,0,2025-05-19T00:00:00Z
2025-04-05,C00208,0,2025-05-20T00:00:00Z
2025-04-06,C00208,0,2025-05-21T00:00:00Z
2025-04-07,C00208,0,2025-05-22T00:00:00Z
2025-04-08,C00208,0,2025-05-23T00:00:00Z
2025-04-09,C00208,0,2025-05-24T00:00:00Z
2025-04-10,C00208,0,2025-05-25T00:00:00Z
2025-04-11,C00208,0,2025-05-26T00:00:00Z
2025-04-12,C00208,0,2025-05-27T00:00:00Z
2025-04-13,C00208,0,2025-05-28T00:00:00Z
2025-04-14,C00208,0,2025-05-29T00:00:00Z
2025-03-01,C00209,0,2025-04-15T00:00:00Z
2025-03-02,C00209,0,2025-04-16T00:00:00Z
2025-03-03,C00209,0,2025-04-17T00:00:00Z
2025-03-04,C00209,0,2025-04-18T00:00:00Z
2025-03-05,C00209,0,2025-04-19T00:00:00Z
2025-03-06,C00209,0,2025-04-20T00:00:00Z
2025-03-07,C00209,0,2025-04-21T00:00:00Z
2025-03-08,C00209,0,2025-04-22T00:00:00Z
2025-03-09,C00209,0,2025-04-23T00:00:00Z
2025-03-10,C00209,0,2025-04-24T00:00:00Z
2025-03-11,C00209,0,2025-04-25T00:00:00Z
2025-03-12,C00209,0,2025-04-26T00:00:00Z
2025-03-13,C00209,0,2025-04-27T00:00:00Z
2025-03-14,C00209,0,2025-04-28T00:00:00Z
2025-03-15,C00209,0,2025-04-29T00:00:00Z
2025-03-16,C00209,0,2025-04-30T00:00:00Z
2025-03-17,C00209,0,2025-05-01T00:00:00Z
2025-03-18,C00209,0,2025-05-02T00:00:00Z
2025-03-19,C00209,0,2025-05-03T00:00:00Z
2025-03-20,C00209,0,2025-05-04T00:00:00Z
2025-03-21,C00209,0,2025-05-05T00:00:00Z
2025-03-22,C00209,0,2025-05-06T00:00:00Z
2025-03-23,C00209,0,2025-05-07T00:00:00Z
2025-03-24,C00209,0,2025-05-08T00:00:00Z
2025-03-25,C00209,0,2025-05-09T00:00:00Z
2025-03-26,C00209,0,2025-05-10T00:00:00Z
2025-03-27,C00209,0,2025-05-11T00:00:00Z
2025-03-28,C00209,0,2025-05-12T00:00:00Z
2025-03-29,C00209,0,2025-05-13T00:00:00Z
2025-03-30,C00209,0,2025-05-14T00:00:00Z
2025-03-31,C00209,0,2025-05-15T00:00:00Z
2025-04-01,C00209,0,2025-05-16T00:00:00Z
2025-04-02,C00209,0,2025-05-17T00:00:00Z
2025-04-03,C00209,0,2025-05-18T00:00:00Z
2025-04-04,C00209,0,2025-05-19T00:00:00Z
2025-04-05,C00209,0,2025-05-20T00:00:00Z
2025-04-06,C00209,0,2025-05-21T00:00:00Z
2025-04-07,C00209,0,2025-05-22T00:00:00Z
2025-04-08,C00209,0,2025-05-23T00:00:00Z
2025-04-09,C00209,0,2025-05-24T00:00:00Z
2025-04-10,C00209,0,2025-05-25T00:00:00Z
2025-04-11,C00209,0,2025-05-26T00:00:00Z
2025-04-12,C00209,0,2025-05-27T00:00:00Z
2025-04-13,C00209,0,2025-05-28T00:00:00Z
2025-04-14,C00209,0,2025-05-29T00:00:00Z
2025-03-01,C00210,0,2025-04-15T00:00:00Z
2025-03-02,C00210,0,2025-04-16T00:00:00Z
2025-03-03,C00210,0,2025-04-17T00:00:00Z
2025-03-04,C00210,0,2025-04-18T00:00:00Z
2025-03-05,C00210,0,2025-04-19T00:00:00Z
2025-03-06,C00210,0,2025-04-20T00:00:00Z
2025-03-07,C00210,0,2025-04-21T00:00:00Z
2025-03-08,C00210,0,2025-04-22T00:00:00Z
2025-03-09,C00210,0,2025-04-23T00:00:00Z
2025-03-10,C00210,0,2025-04-24T00:00:00Z
2025-03-11,C00210,1,2025-04-25T00:00:00Z
2025-03-12,C00210,0,2025-04-26T00:00:00Z
2025-03-13,C00210,1,2025-04-27T00:00:00Z
2025-03-14,C00210,0,2025-04-28T00:00:00Z
2025-03-15,C00210,0,2025-04-29T00:00:00Z
2025-03-16,C00210,0,2025-04-30T00:00:00Z
2025-03-17,C00210,0,2025-05-01T00:00:00Z
2025-03-18,C00210,0,2025-05-02T00:00:00Z
2025-03-19,C00210,0,2025-05-03T00:00:00Z
2025-03-20,C00210,0,2025-05-04T00:00:00Z
2025-03-21,C00210,0,2025-05-05T00:00:00Z
2025-03-22,C00210,0,2025-05-06T00:00:00Z
2025-03-23,C00210,0,2025-05-07T00:00:00Z
2025-03-24,C00210,0,2025-05-08T00:00:00Z
2025-03-25,C00210,0,2025-05-09T00:00:00Z
2025-03-26,C00210,0,2025-05-10T00:00:00Z
2025-03-27,C00210,0,2025-05-11T00:00:00Z
2025-03-28,C00210,0,2025-05-12T00:00:00Z
2025-03-29,C00210,0,2025-05-13T00:00:00Z
2025-03-30,C00210,0,2025-05-14T00:00:00Z
2025-03-31,C00210,0,2025-05-15T00:00:00Z
2025-04-01,C00210,0,2025-05-16T00:00:00Z
2025-04-02,C00210,0,2025-05-17T00:00:00Z
2025-04-03,C00210,0,2025-05-18T00:00:00Z
2025-04-04,C00210,0,2025-05-19T00:00:00Z
2025-04-05,C00210,0,2025-05-20T00:00:00Z
2025-04-06,C00210,0,2025-05-21T00:00:00Z
2025-04-07,C00210,0,2025-05-22T00:00:00Z
2025-04-08,C00210,0,2025-05-23T00:00:00Z
2025-04-09,C00210,0,2025-05-24T00:00:00Z
2025-04-10,C00210,0,2025-05-25T00:00:00Z
2025-04-11,C00210,0,2025-05-26T00:00:00Z
2025-04-12,C00210,0,2025-05-27T00:00:00Z
2025-04-13,C00210,0,2025-05-28T00:00:00Z
2025-04-14,C00210,0,2025-05-29T00:00:00Z
2025-03-01,C00211,0,2025-04-15T00:00:00Z
2025-03-02,C00211,0,2025-04-16T00:00:00Z
2025-03-03,C00211,0,2025-04-17T00:00:00Z
2025-03-04,C00211,0,2025-04-18T00:00:00Z
2025-03-05,C00211,0,2025-04-19T00:00:00Z
2025-03-06,C00211,0,2025-04-20T00:00:00Z
2025-03-07,C00211,0,2025-04-21T00:00:00Z
2025-03-08,C00211,0,2025-04-22T00:00:00Z
2025-03-09,C00211,0,2025-04-23T00:00:00Z
2025-03-10,C00211,0,2025-04-24T00:00:00Z
2025-03-11,C00211,0,2025-04-25T00:00:00Z
2025-03-12,C00211,0,2025-04-26T00:00:00Z
2025-03-13,C00211,0,2025-04-27T00:00:00Z
2025-03-14,C00211,0,2025-04-28T00:00:00Z
2025-03-15,C00211,1,2025-04-29T00:00:00Z
2025-03-16,C00211,0,2025-04-30T00:00:00Z
2025-03-17,C00211,0,2025-05-01T00:00:00Z
2025-03-18,C00211,0,2025-05-02T00:00:00Z
2025-03-19,C00211,0,2025-05-03T00:00:00Z
2025-03-20,C00211,0,2025-05-04T00:00:00Z
2025-03-21,C00211,1,2025-05-05T00:00:00Z
2025-03-22,C00211,0,2025-05-06T00:00:00Z
2025-03-23,C00211,0,2025-05-07T00:00:00Z
2025-03-24,C00211,0,2025-05-08T00:00:00Z
2025-03-25,C00211,0,2025-05-09T00:00:00Z
2025-03-26,C00211,0,2025-05-10T00:00:00Z
2025-03-27,C00211,0,2025-05-11T00:00:00Z
2025-03-28,C00211,0,2025-05-12T00:00:00Z
2025-03-29,C00211,0,2025-05-13T00:00:00Z
2025-03-30,C00211,0,2025-05-14T00:00:00Z
2025-03-31,C00211,0,2025-05-15T00:00:00Z
2025-04-01,C00211,0,2025-05-16T00:00:00Z
2025-04-02,C00211,0,2025-05-17T00:00:00Z
2025-04-03,C00211,0,2025-05-18T00:00:00Z
2025-04-04,C00211,0,2025-05-19T00:00:00Z
2025-04-05,C00211,0,2025-05-20T00:00:00Z
2025-04-06,C00211,0,2025-05-21T00:00:00Z
2025-04-07,C00211,0,2025-05-22T00:00:00Z
2025-04-08,C00211,0,2025-05-23T00:00:00Z
2025-04-09,C00211,0,2025-05-24T00:00:00Z
2025-04-10,C00211,0,2025-05-25T00:00:00Z
2025-04-11,C00211,0,2025-05-26T00:00:00Z
2025-04-12,C00211,0,2025-05-27T00:00:00Z
2025-04-13,C00211,0,2025-05-28T00:00:00Z
2025-04-14,C00211,0,2025-05-29T00:00:00Z
2025-03-01,C00212,1,2025-04-15T00:00:00Z
2025-03-02,C00212,0,2025-04-16T00:00:00Z
2025-03-03,C00212,0,2025-04-17T00:00:00Z
2025-03-04,C00212,0,2025-04-18T00:00:00Z
2025-03-05,C00212,0,2025-04-19T00:00:00Z
2025-03-06,C00212,0,2025-04-20T00:00:00Z
2025-03-07,C00212,0,2025-04-21T00:00:00Z
2025-03-08,C00212,0,2025-04-22T00:00:00Z
2025-03-09,C00212,0,2025-04-23T00:00:00Z
2025-03-10,C00212,0,2025-04-24T00:00:00Z
2025-03-11,C00212,0,2025-04-25T00:00:00Z
2025-03-12,C00212,0,2025-04-26T00:00:00Z
2025-03-13,C00212,0,2025-04-27T00:00:00Z
2025-03-14,C00212,0,2025-04-28T00:00:00Z
2025-03-15,C00212,0,2025-04-29T00:00:00Z
2025-03-16,C00212,0,2025-04-30T00:00:00Z
2025-03-17,C00212,0,2025-05-01T00:00:00Z
2025-03-18,C00212,0,2025-05-02T00:00:00Z
2025-03-19,C00212,0,2025-05-03T00:00:00Z
2025-03-20,C00212,0,2025-05-04T00:00:00Z
2025-03-21,C00212,0,2025-05-05T00:00:00Z
2025-03-22,C00212,0,2025-05-06T00:00:00Z
2025-03-23,C00212,0,2025-05-07T00:00:00Z
2025-03-24,C00212,0,2025-05-08T00:00:00Z
2025-03-25,C00212,1,2025-05-09T00:00:00Z
2025-03-26,C00212,0,2025-05-10T00:00:00Z
2025-03-27,C00212,0,2025-05-11T00:00:00Z
2025-03-28,C00212,0,2025-05-12T00:00:00Z
2025-03-29,C00212,0,2025-05-13T00:00:00Z
2025-03-30,C00212,0,2025-05-14T00:00:00Z
2025-03-31,C00212,0,2025-05-15T00:00:00Z
2025-04-01,C00212,0,2025-05-16T00:00:00Z
2025-04-02,C00212,0,2025-05-17T00:00:00Z
2025-04-03,C00212,0,2025-05-18T00:00:00Z
2025-04-04,C00212,0,2025-05-19T00:00:00Z
2025-04-05,C00212,0,2025-05-20T00:00:00Z
2025-04-06,C00212,0,2025-05-21T00:00:00Z
2025-04-07,C00212,0,2025-05-22T00:00:00Z
2025-04-08,C00212,0,2025-05-23T00:00:00Z
2025-04-09,C00212,0,2025-05-24T00:00:00Z
2025-04-10,C00212,1,2025-05-25T00:00:00Z
2025-04-11,C00212,0,2025-05-26T00:00:00Z
2025-04-12,C00212,0,2025-05-27T00:00:00Z
2025-04-13,C00212,1,2025-05-28T00:00:00Z
2025-04-14,C00212,0,2025-05-29T00:00:00Z
2025-03-01,C00213,0,2025-04-15T00:00:00Z
2025-03-02,C00213,0,2025-04-16T00:00:00Z
2025-03-03,C00213,0,2025-04-17T00:00:00Z
2025-03-04,C00213,0,2025-04-18T00:00:00Z
2025-03-05,C00213,0,2025-04-19T00:00:00Z
2025-03-06,C00213,0,2025-04-20T00:00:00Z
2025-03-07,C00213,0,2025-04-21T00:00:00Z
2025-03-08,C00213,0,2025-04-22T00:00:00Z
2025-03-09,C00213,0,2025-04-23T00:00:00Z
2025-03-10,C00213,0,2025-04-24T00:00:00Z
2025-03-11,C00213,0,2025-04-25T00:00:00Z
2025-03-12,C00213,0,2025-04-26T00:00:00Z
2025-03-13,C00213,0,2025-04-27T00:00:00Z
2025-03-14,C00213,0,2025-04-28T00:00:00Z
2025-03-15,C00213,0,2025-04-29T00:00:00Z
2025-03-16,C00213,1,2025-04-30T00:00:00Z
2025-03-17,C00213,0,2025-05-01T00:00:00Z
2025-03-18,C00213,0,2025-05-02T00:00:00Z
2025-03-19,C00213,0,2025-05-03T00:00:00Z
2025-03-20,C00213,0,2025-05-04T00:00:00Z
2025-03-21,C00213,0,2025-05-05T00:00:00Z
2025-03-22,C00213,0,2025-05-06T00:00:00Z
2025-03-23,C00213,0,2025-05-07T00:00:00Z
2025-03-24,C00213,0,2025-05-08T00:00:00Z
2025-03-25,C00213,0,2025-05-09T00:00:00Z
2025-03-26,C00213,0,2025-05-10T00:00:00Z
2025-03-27,C00213,0,2025-05-11T00:00:00Z
2025-03-28,C00213,0,2025-05-12T00:00:00Z
2025-03-29,C00213,0,2025-05-13T00:00:00Z
2025-03-30,C00213,0,2025-05-14T00:00:00Z
2025-03-31,C00213,0,2025-05-15T00:00:00Z
2025-04-01,C00213,0,2025-05-16T00:00:00Z
2025-04-02,C00213,0,2025-05-17T00:00:00Z
2025-04-03,C00213,0,2025-05-18T00:00:00Z
2025-04-04,C00213,0,2025-05-19T00:00:00Z
2025-04-05,C00213,0,2025-05-20T00:00:00Z
2025-04-06,C00213,0,2025-05-21T00:00:00Z
2025-04-07,C00213,0,2025-05-22T00:00:00Z
2025-04-08,C00213,0,2025-05-23T00:00:00Z
2025-04-09,C00213,0,2025-05-24T00:00:00Z
2025-04-10,C00213,0,2025-05-25T00:00:00Z
2025-04-11,C00213,0,2025-05-26T00:00:00Z
2025-04-12,C00213,0,2025-05-27T00:00:00Z
2025-04-13,C00213,0,2025-05-28T00:00:00Z
2025-04-14,C00213,0,2025-05-29T00:00:00Z
2025-03-01,C00214,0,2025-04-15T00:00:00Z
2025-03-02,C00214,0,2025-04-16T00:00:00Z
2025-03-03,C00214,0,2025-04-17T00:00:00Z
2025-03-04,C00214,0,2025-04-18T00:00:00Z
2025-03-05,C00214,0,2025-04-19T00:00:00Z
2025-03-06,C00214,0,2025-04-20T00:00:00Z
2025-03-07,C00214,0,2025-04-21T00:00:00Z
2025-03-08,C00214,0,2025-04-22T00:00:00Z
2025-03-09,C00214,0,2025-04-23T00:00:00Z
2025-03-10,C00214,0,2025-04-24T00:00:00Z
2025-03-11,C00214,0,2025-04-25T00:00:00Z
2025-03-12,C00214,0,2025-04-26T00:00:00Z
2025-03-13,C00214,0,2025-04-27T00:00:00Z
2025-03-14,C00214,0,2025-04-28T00:00:00Z
2025-03-15,C00214,0,2025-04-29T00:00:00Z
2025-03-16,C00214,0,2025-04-30T00:00:00Z
2025-03-17,C00214,0,2025-05-01T00:00:00Z
2025-03-18,C00214,0,2025-05-02T00:00:00Z
2025-03-19,C00214,0,2025-05-03T00:00:00Z
2025-03-20,C00214,0,2025-05-04T00:00:00Z
2025-03-21,C00214,0,2025-05-05T00:00:00Z
2025-03-22,C00214,0,2025-05-06T00:00:00Z
2025-03-23,C00214,0,2025-05-07T00:00:00Z
2025-03-24,C00214,0,2025-05-08T00:00:00Z
2025-03-25,C00214,0,2025-05-09T00:00:00Z
2025-03-26,C00214,0,2025-05-10T00:00:00Z
2025-03-27,C00214,0,2025-05-11T00:00:00Z
2025-03-28,C00214,0,2025-05-12T00:00:00Z
2025-03-29,C00214,0,2025-05-13T00:00:00Z
2025-03-30,C00214,0,2025-05-14T00:00:00Z
2025-03-31,C00214,0,2025-05-15T00:00:00Z
2025-04-01,C00214,0,2025-05-16T00:00:00Z
2025-04-02,C00214,0,2025-05-17T00:00:00Z
2025-04-03,C00214,0,2025-05-18T00:00:00Z
2025-04-04,C00214,0,2025-05-19T00:00:00Z
2025-04-05,C00214,0,2025-05-20T00:00:00Z
2025-04-06,C00214,0,2025-05-21T00:00:00Z
2025-04-07,C00214,0,2025-05-22T00:00:00Z
2025-04-08,C00214,0,2025-05-23T00:00:00Z
2025-04-09,C00214,0,2025-05-24T00:00:00Z
2025-04-10,C00214,0,2025-05-25T00:00:00Z
2025-04-11,C00214,0,2025-05-26T00:00:00Z
2025-04-12,C00214,0,2025-05-27T00:00:00Z
2025-04-13,C00214,0,2025-05-28T00:00:00Z
2025-04-14,C00214,0,2025-05-29T00:00:00Z
2025-03-01,C00215,0,2025-04-15T00:00:00Z
2025-03-02,C00215,0,2025-04-16T00:00:00Z
2025-03-03,C00215,0,2025-04-17T00:00:00Z
2025-03-04,C00215,0,2025-04-18T00:00:00Z
2025-03-05,C00215,0,2025-04-19T00:00:00Z
2025-03-06,C00215,0,2025-04-20T00:00:00Z
2025-03-07,C00215,0,2025-04-21T00:00:00Z
2025-03-08,C00215,0,2025-04-22T00:00:00Z
2025-03-09,C00215,0,2025-04-23T00:00:00Z
2025-03-10,C00215,0,2025-04-24T00:00:00Z
2025-03-11,C00215,0,2025-04-25T00:00:00Z
2025-03-12,C00215,0,2025-04-26T00:00:00Z
2025-03-13,C00215,0,2025-04-27T00:00:00Z
2025-03-14,C00215,0,2025-04-28T00:00:00Z
2025-03-15,C00215,0,2025-04-29T00:00:00Z
2025-03-16,C00215,0,2025-04-30T00:00:00Z
2025-03-17,C00215,0,2025-05-01T00:00:00Z
2025-03-18,C00215,0,2025-05-02T00:00:00Z
2025-03-19,C00215,0,2025-05-03T00:00:00Z
2025-03-20,C00215,0,2025-05-04T00:00:00Z
2025-03-21,C00215,0,2025-05-05T00:00:00Z
2025-03-22,C00215,0,2025-05-06T00:00:00Z
2025-03-23,C00215,0,2025-05-07T00:00:00Z
2025-03-24,C00215,0,2025-05-08T00:00:00Z
2025-03-25,C00215,0,2025-05-09T00:00:00Z
2025-03-26,C00215,0,2025-05-10T00:00:00Z
2025-03-27,C00215,0,2025-05-11T00:00:00Z
2025-03-28,C00215,0,2025-05-12T00:00:00Z
2025-03-29,C00215,0,2025-05-13T00:00:00Z
2025-03-30,C00215,1,2025-05-14T00:00:00Z
2025-03-31,C00215,0,2025-05-15T00:00:00Z
2025-04-01,C00215,0,2025-05-16T00:00:00Z
2025-04-02,C00215,0,2025-05-17T00:00:00Z
2025-04-03,C00215,0,2025-05-18T00:00:00Z
2025-04-04,C00215,0,2025-05-19T00:00:00Z
2025-04-05,C00215,0,2025-05-20T00:00:00Z
2025-04-06,C00215,0,2025-05-21T00:00:00Z
2025-04-07,C00215,0,2025-05-22T00:00:00Z
2025-04-08,C00215,0,2025-05-23T00:00:00Z
2025-04-09,C00215,0,2025-05-24T00:00:00Z
2025-04-10,C00215,0,2025-05-25T00:00:00Z
2025-04-11,C00215,0,2025-05-26T00:00:00Z
2025-04-12,C00215,0,2025-05-27T00:00:00Z
2025-04-13,C00215,0,2025-05-28T00:00:00Z
2025-04-14,C00215,0,2025-05-29T00:00:00Z
2025-03-01,C00216,0,2025-04-15T00:00:00Z
2025-03-02,C00216,0,2025-04-16T00:00:00Z
2025-03-03,C00216,0,2025-04-17T00:00:00Z
2025-03-04,C00216,0,2025-04-18T00:00:00Z
2025-03-05,C00216,0,2025-04-19T00:00:00Z
2025-03-06,C00216,0,2025-04-20T00:00:00Z
2025-03-07,C00216,0,2025-04-21T00:00:00Z
2025-03-08,C00216,0,2025-04-22T00:00:00Z
2025-03-09,C00216,0,2025-04-23T00:00:00Z
2025-03-10,C00216,0,2025-04-24T00:00:00Z
2025-03-11,C00216,0,2025-04-25T00:00:00Z
2025-03-12,C00216,0,2025-04-26T00:00:00Z
2025-03-13,C00216,0,2025-04-27T00:00:00Z
2025-03-14,C00216,0,2025-04-28T00:00:00Z
2025-03-15,C00216,0,2025-04-29T00:00:00Z
2025-03-16,C00216,0,2025-04-30T00:00:00Z
2025-03-17,C00216,0,2025-05-01T00:00:00Z
2025-03-18,C00216,0,2025-05-02T00:00:00Z
2025-03-19,C00216,0,2025-05-03T00:00:00Z
2025-03-20,C00216,0,2025-05-04T00:00:00Z
2025-03-21,C00216,0,2025-05-05T00:00:00Z
2025-03-22,C00216,0,2025-05-06T00:00:00Z
2025-03-23,C00216,0,2025-05-07T00:00:00Z
2025-03-24,C00216,0,2025-05-08T00:00:00Z
2025-03-25,C00216,0,2025-05-09T00:00:00Z
2025-03-26,C00216,0,2025-05-10T00:00:00Z
2025-03-27,C00216,0,2025-05-11T00:00:00Z
2025-03-28,C00216,0,2025-05-12T00:00:00Z
2025-03-29,C00216,0,2025-05-13T00:00:00Z
2025-03-30,C00216,0,2025-05-14T00:00:00Z
2025-03-31,C00216,0,2025-05-15T00:00:00Z
2025-04-01,C00216,0,2025-05-16T00:00:00Z
2025-04-02,C00216,0,2025-05-17T00:00:00Z
2025-04-03,C00216,0,2025-05-18T00:00:00Z
2025-04-04,C00216,0,2025-05-19T00:00:00Z
2025-04-05,C00216,0,2025-05-20T00:00:00Z
2025-04-06,C00216,0,2025-05-21T00:00:00Z
2025-04-07,C00216,0,2025-05-22T00:00:00Z
2025-04-08,C00216,0,2025-05-23T00:00:00Z
2025-04-09,C00216,0,2025-05-24T00:00:00Z
2025-04-10,C00216,0,2025-05-25T00:00:00Z
2025-04-11,C00216,0,2025-05-26T00:00:00Z
2025-04-12,C00216,0,2025-05-27T00:00:00Z
2025-04-13,C00216,0,2025-05-28T00:00:00Z
2025-04-14,C00216,1,2025-05-29T00:00:00Z
2025-03-01,C00217,0,2025-04-15T00:00:00Z
2025-03-02,C00217,0,2025-04-16T00:00:00Z
2025-03-03,C00217,0,2025-04-17T00:00:00Z
2025-03-04,C00217,0,2025-04-18T00:00:00Z
2025-03-05,C00217,0,2025-04-19T00:00:00Z
2025-03-06,C00217,0,2025-04-20T00:00:00Z
2025-03-07,C00217,0,2025-04-21T00:00:00Z
2025-03-08,C00217,0,2025-04-22T00:00:00Z
2025-03-09,C00217,0,2025-04-23T00:00:00Z
2025-03-10,C00217,0,2025-04-24T00:00:00Z
2025-03-11,C00217,0,2025-04-25T00:00:00Z
2025-03-12,C00217,0,2025-04-26T00:00:00Z
2025-03-13,C00217,0,2025-04-27T00:00:00Z
2025-03-14,C00217,0,2025-04-28T00:00:00Z
2025-03-15,C00217,0,2025-04-29T00:00:00Z
2025-03-16,C00217,0,2025-04-30T00:00:00Z
2025-03-17,C00217,0,2025-05-01T00:00:00Z
2025-03-18,C00217,0,2025-05-02T00:00:00Z
2025-03-19,C00217,0,2025-05-03T00:00:00Z
2025-03-20,C00217,0,2025-05-04T00:00:00Z
2025-03-21,C00217,0,2025-05-05T00:00:00Z
2025-03-22,C00217,0,2025-05-06T00:00:00Z
2025-03-23,C00217,0,2025-05-07T00:00:00Z
2025-03-24,C00217,0,2025-05-08T00:00:00Z
2025-03-25,C00217,0,2025-05-09T00:00:00Z
2025-03-26,C00217,0,2025-05-10T00:00:00Z
2025-03-27,C00217,0,2025-05-11T00:00:00Z
2025-03-28,C00217,0,2025-05-12T00:00:00Z
2025-03-29,C00217,0,2025-05-13T00:00:00Z
2025-03-30,C00217,0,2025-05-14T00:00:00Z
2025-03-31,C00217,0,2025-05-15T00:00:00Z
2025-04-01,C00217,0,2025-05-16T00:00:00Z
2025-04-02,C00217,0,2025-05-17T00:00:00Z
2025-04-03,C00217,0,2025-05-18T00:00:00Z
2025-04-04,C00217,0,2025-05-19T00:00:00Z
2025-04-05,C00217,0,2025-05-20T00:00:00Z
2025-04-06,C00217,1,2025-05-21T00:00:00Z
2025-04-07,C00217,0,2025-05-22T00:00:00Z
2025-04-08,C00217,0,2025-05-23T00:00:00Z
2025-04-09,C00217,0,2025-05-24T00:00:00Z
2025-04-10,C00217,0,2025-05-25T00:00:00Z
2025-04-11,C00217,0,2025-05-26T00:00:00Z
2025-04-12,C00217,0,2025-05-27T00:00:00Z
2025-04-13,C00217,0,2025-05-28T00:00:00Z
2025-04-14,C00217,1,2025-05-29T00:00:00Z
2025-03-01,C00218,0,2025-04-15T00:00:00Z
2025-03-02,C00218,0,2025-04-16T00:00:00Z
2025-03-03,C00218,0,2025-04-17T00:00:00Z
2025-03-04,C00218,0,2025-04-18T00:00:00Z
2025-03-05,C00218,0,2025-04-19T00:00:00Z
2025-03-06,C00218,0,2025-04-20T00:00:00Z
2025-03-07,C00218,0,2025-04-21T00:00:00Z
2025-03-08,C00218,0,2025-04-22T00:00:00Z
2025-03-09,C00218,0,2025-04-23T00:00:00Z
2025-03-10,C00218,0,2025-04-24T00:00:00Z
2025-03-11,C00218,0,2025-04-25T00:00:00Z
2025-03-12,C00218,0,2025-04-26T00:00:00Z
2025-03-13,C00218,0,2025-04-27T00:00:00Z
2025-03-14,C00218,0,2025-04-28T00:00:00Z
2025-03-15,C00218,0,2025-04-29T00:00:00Z
2025-03-16,C00218,0,2025-04-30T00:00:00Z
2025-03-17,C00218,0,2025-05-01T00:00:00Z
2025-03-18,C00218,0,2025-05-02T00:00:00Z
2025-03-19,C00218,0,2025-05-03T00:00:00Z
2025-03-20,C00218,0,2025-05-04T00:00:00Z
2025-03-21,C00218,0,2025-05-05T00:00:00Z
2025-03-22,C00218,0,2025-05-06T00:00:00Z
2025-03-23,C00218,0,2025-05-07T00:00:00Z
2025-03-24,C00218,0,2025-05-08T00:00:00Z
2025-03-25,C00218,0,2025-05-09T00:00:00Z
2025-03-26,C00218,0,2025-05-10T00:00:00Z
2025-03-27,C00218,0,2025-05-11T00:00:00Z
2025-03-28,C00218,0,2025-05-12T00:00:00Z
2025-03-29,C00218,0,2025-05-13T00:00:00Z
2025-03-30,C00218,0,2025-05-14T00:00:00Z
2025-03-31,C00218,0,2025-05-15T00:00:00Z
2025-04-01,C00218,0,2025-05-16T00:00:00Z
2025-04-02,C00218,0,2025-05-17T00:00:00Z
2025-04-03,C00218,0,2025-05-18T00:00:00Z
2025-04-04,C00218,0,2025-05-19T00:00:00Z
2025-04-05,C00218,0,2025-05-20T00:00:00Z
2025-04-06,C00218,0,2025-05-21T00:00:00Z
2025-04-07,C00218,1,2025-05-22T00:00:00Z
2025-04-08,C00218,0,2025-05-23T00:00:00Z
2025-04-09,C00218,0,2025-05-24T00:00:00Z
2025-04-10,C00218,0,2025-05-25T00:00:00Z
2025-04-11,C00218,0,2025-05-26T00:00:00Z
2025-04-12,C00218,0,2025-05-27T00:00:00Z
2025-04-13,C00218,0,2025-05-28T00:00:00Z
2025-04-14,C00218,0,2025-05-29T00:00:00Z
2025-03-01,C00219,0,2025-04-15T00:00:00Z
2025-03-02,C00219,0,2025-04-16T00:00:00Z
2025-03-03,C00219,0,2025-04-17T00:00:00Z
2025-03-04,C00219,0,2025-04-18T00:00:00Z
2025-03-05,C00219,0,2025-04-19T00:00:00Z
2025-03-06,C00219,0,2025-04-20T00:00:00Z
2025-03-07,C00219,0,2025-04-21T00:00:00Z
2025-03-08,C00219,0,2025-04-22T00:00:00Z
2025-03-09,C00219,0,2025-04-23T00:00:00Z
2025-03-10,C00219,0,2025-04-24T00:00:00Z
2025-03-11,C00219,0,2025-04-25T00:00:00Z
2025-03-12,C00219,0,2025-04-26T00:00:00Z
2025-03-13,C00219,0,2025-04-27T00:00:00Z
2025-03-14,C00219,0,2025-04-28T00:00:00Z
2025-03-15,C00219,0,2025-04-29T00:00:00Z
2025-03-16,C00219,0,2025-04-30T00:00:00Z
2025-03-17,C00219,0,2025-05-01T00:00:00Z
2025-03-18,C00219,0,2025-05-02T00:00:00Z
2025-03-19,C00219,0,2025-05-03T00:00:00Z
2025-03-20,C00219,0,2025-05-04T00:00:00Z
2025-03-21,C00219,0,2025-05-05T00:00:00Z
2025-03-22,C00219,0,2025-05-06T00:00:00Z
2025-03-23,C00219,0,2025-05-07T00:00:00Z
2025-03-24,C00219,0,2025-05-08T00:00:00Z
2025-03-25,C00219,0,2025-05-09T00:00:00Z
2025-03-26,C00219,0,2025-05-10T00:00:00Z
2025-03-27,C00219,0,2025-05-11T00:00:00Z
2025-03-28,C00219,0,2025-05-12T00:00:00Z
2025-03-29,C00219,0,2025-05-13T00:00:00Z
2025-03-30,C00219,0,2025-05-14T00:00:00Z
2025-03-31,C00219,0,2025-05-15T00:00:00Z
2025-04-01,C00219,0,2025-05-16T00:00:00Z
2025-04-02,C00219,0,2025-05-17T00:00:00Z
2025-04-03,C00219,0,2025-05-18T00:00:00Z
2025-04-04,C00219,0,2025-05-19T00:00:00Z
2025-04-05,C00219,0,2025-05-20T00:00:00Z
2025-04-06,C00219,0,2025-05-21T00:00:00Z
2025-04-07,C00219,0,2025-05-22T00:00:00Z
2025-04-08,C00219,0,2025-05-23T00:00:00Z
2025-04-09,C00219,0,2025-05-24T00:00:00Z
2025-04-10,C00219,1,2025-05-25T00:00:00Z
2025-04-11,C00219,0,2025-05-26T00:00:00Z
2025-04-12,C00219,0,2025-05-27T00:00:00Z
2025-04-13,C00219,0,2025-05-28T00:00:00Z
2025-04-14,C00219,0,2025-05-29T00:00:00Z
2025-03-01,C00220,0,2025-04-15T00:00:00Z
2025-03-02,C00220,0,2025-04-16T00:00:00Z
2025-03-03,C00220,0,2025-04-17T00:00:00Z
2025-03-04,C00220,0,2025-04-18T00:00:00Z
2025-03-05,C00220,0,2025-04-19T00:00:00Z
2025-03-06,C00220,1,2025-04-20T00:00:00Z
2025-03-07,C00220,0,2025-04-21T00:00:00Z
2025-03-08,C00220,1,2025-04-22T00:00:00Z
2025-03-09,C00220,0,2025-04-23T00:00:00Z
2025-03-10,C00220,0,2025-04-24T00:00:00Z
2025-03-11,C00220,0,2025-04-25T00:00:00Z
2025-03-12,C00220,0,2025-04-26T00:00:00Z
2025-03-13,C00220,0,2025-04-27T00:00:00Z
2025-03-14,C00220,1,2025-04-28T00:00:00Z
2025-03-15,C00220,0,2025-04-29T00:00:00Z
2025-03-16,C00220,0,2025-04-30T00:00:00Z
2025-03-17,C00220,0,2025-05-01T00:00:00Z
2025-03-18,C00220,0,2025-05-02T00:00:00Z
2025-03-19,C00220,0,2025-05-03T00:00:00Z
2025-03-20,C00220,0,2025-05-04T00:00:00Z
2025-03-21,C00220,0,2025-05-05T00:00:00Z
2025-03-22,C00220,0,2025-05-06T00:00:00Z
2025-03-23,C00220,0,2025-05-07T00:00:00Z
2025-03-24,C00220,0,2025-05-08T00:00:00Z
2025-03-25,C00220,0,2025-05-09T00:00:00Z
2025-03-26,C00220,0,2025-05-10T00:00:00Z
2025-03-27,C00220,0,2025-05-11T00:00:00Z
2025-03-28,C00220,0,2025-05-12T00:00:00Z
2025-03-29,C00220,0,2025-05-13T00:00:00Z
2025-03-30,C00220,0,2025-05-14T00:00:00Z
2025-03-31,C00220,0,2025-05-15T00:00:00Z
2025-04-01,C00220,0,2025-05-16T00:00:00Z
2025-04-02,C00220,0,2025-05-17T00:00:00Z
2025-04-03,C00220,0,2025-05-18T00:00:00Z
2025-04-04,C00220,0,2025-05-19T00:00:00Z
2025-04-05,C00220,0,2025-05-20T00:00:00Z
2025-04-06,C00220,0,2025-05-21T00:00:00Z
2025-04-07,C00220,0,2025-05-22T00:00:00Z
2025-04-08,C00220,0,2025-05-23T00:00:00Z
2025-04-09,C00220,0,2025-05-24T00:00:00Z
2025-04-10,C00220,0,2025-05-25T00:00:00Z
2025-04-11,C00220,0,2025-05-26T00:00:00Z
2025-04-12,C00220,0,2025-05-27T00:00:00Z
2025-04-13,C00220,0,2025-05-28T00:00:00Z
2025-04-14,C00220,0,2025-05-29T00:00:00Z
2025-03-01,C00221,0,2025-04-15T00:00:00Z
2025-03-02,C00221,0,2025-04-16T00:00:00Z
2025-03-03,C00221,0,2025-04-17T00:00:00Z
2025-03-04,C00221,0,2025-04-18T00:00:00Z
2025-03-05,C00221,0,2025-04-19T00:00:00Z
2025-03-06,C00221,0,2025-04-20T00:00:00Z
2025-03-07,C00221,0,2025-04-21T00:00:00Z
2025-03-08,C00221,0,2025-04-22T00:00:00Z
2025-03-09,C00221,0,2025-04-23T00:00:00Z
2025-03-10,C00221,0,2025-04-24T00:00:00Z
2025-03-11,C00221,0,2025-04-25T00:00:00Z
2025-03-12,C00221,0,2025-04-26T00:00:00Z
2025-03-13,C00221,0,2025-04-27T00:00:00Z
2025-03-14,C00221,0,2025-04-28T00:00:00Z
2025-03-15,C00221,0,2025-04-29T00:00:00Z
2025-03-16,C00221,0,2025-04-30T00:00:00Z
2025-03-17,C00221,0,2025-05-01T00:00:00Z
2025-03-18,C00221,0,2025-05-02T00:00:00Z
2025-03-19,C00221,0,2025-05-03T00:00:00Z
2025-03-20,C00221,0,2025-05-04T00:00:00Z
2025-03-21,C00221,0,2025-05-05T00:00:00Z
2025-03-22,C00221,1,2025-05-06T00:00:00Z
2025-03-23,C00221,0,2025-05-07T00:00:00Z
2025-03-24,C00221,0,2025-05-08T00:00:00Z
2025-03-25,C00221,0,2025-05-09T00:00:00Z
2025-03-26,C00221,0,2025-05-10T00:00:00Z
2025-03-27,C00221,0,2025-05-11T00:00:00Z
2025-03-28,C00221,0,2025-05-12T00:00:00Z
2025-03-29,C00221,0,2025-05-13T00:00:00Z
2025-03-30,C00221,0,2025-05-14T00:00:00Z
2025-03-31,C00221,0,2025-05-15T00:00:00Z
2025-04-01,C00221,0,2025-05-16T00:00:00Z
2025-04-02,C00221,0,2025-05-17T00:00:00Z
2025-04-03,C00221,0,2025-05-18T00:00:00Z
2025-04-04,C00221,0,2025-05-19T00:00:00Z
2025-04-05,C00221,0,2025-05-20T00:00:00Z
2025-04-06,C00221,0,2025-05-21T00:00:00Z
2025-04-07,C00221,0,2025-05-22T00:00:00Z
2025-04-08,C00221,1,2025-05-23T00:00:00Z
2025-04-09,C00221,0,2025-05-24T00:00:00Z
2025-04-10,C00221,0,2025-05-25T00:00:00Z
2025-04-11,C00221,0,2025-05-26T00:00:00Z
2025-04-12,C00221,0,2025-05-27T00:00:00Z
2025-04-13,C00221,0,2025-05-28T00:00:00Z
2025-04-14,C00221,0,2025-05-29T00:00:00Z
2025-03-01,C00222,0,2025-04-15T00:00:00Z
2025-03-02,C00222,0,2025-04-16T00:00:00Z
2025-03-03,C00222,0,2025-04-17T00:00:00Z
2025-03-04,C00222,1,2025-04-18T00:00:00Z
2025-03-05,C00222,0,2025-04-19T00:00:00Z
2025-03-06,C00222,0,2025-04-20T00:00:00Z
2025-03-07,C00222,0,2025-04-21T00:00:00Z
2025-03-08,C00222,0,2025-04-22T00:00:00Z
2025-03-09,C00222,0,2025-04-23T00:00:00Z
2025-03-10,C00222,0,2025-04-24T00:00:00Z
2025-03-11,C00222,0,2025-04-25T00:00:00Z
2025-03-12,C00222,0,2025-04-26T00:00:00Z
2025-03-13,C00222,0,2025-04-27T00:00:00Z
2025-03-14,C00222,0,2025-04-28T00:00:00Z
2025-03-15,C00222,0,2025-04-29T00:00:00Z
2025-03-16,C00222,0,2025-04-30T00:00:00Z
2025-03-17,C00222,0,2025-05-01T00:00:00Z
2025-03-18,C00222,0,2025-05-02T00:00:00Z
2025-03-19,C00222,0,2025-05-03T00:00:00Z
2025-03-20,C00222,0,2025-05-04T00:00:00Z
2025-03-21,C00222,0,2025-05-05T00:00:00Z
2025-03-22,C00222,0,2025-05-06T00:00:00Z
2025-03-23,C00222,0,2025-05-07T00:00:00Z
2025-03-24,C00222,0,2025-05-08T00:00:00Z
2025-03-25,C00222,0,2025-05-09T00:00:00Z
2025-03-26,C00222,0,2025-05-10T00:00:00Z
2025-03-27,C00222,0,2025-05-11T00:00:00Z
2025-03-28,C00222,0,2025-05-12T00:00:00Z
2025-03-29,C00222,0,2025-05-13T00:00:00Z
2025-03-30,C00222,0,2025-05-14T00:00:00Z
2025-03-31,C00222,0,2025-05-15T00:00:00Z
2025-04-01,C00222,0,2025-05-16T00:00:00Z
2025-04-02,C00222,0,2025-05-17T00:00:00Z
2025-04-03,C00222,0,2025-05-18T00:00:00Z
2025-04-04,C00222,0,2025-05-19T00:00:00Z
2025-04-05,C00222,0,2025-05-20T00:00:00Z
2025-04-06,C00222,0,2025-05-21T00:00:00Z
2025-04-07,C00222,0,2025-05-22T00:00:00Z
2025-04-08,C00222,0,2025-05-23T00:00:00Z
2025-04-09,C00222,1,2025-05-24T00:00:00Z
2025-04-10,C00222,0,2025-05-25T00:00:00Z
2025-04-11,C00222,0,2025-05-26T00:00:00Z
2025-04-12,C00222,1,2025-05-27T00:00:00Z
2025-04-13,C00222,0,2025-05-28T00:00:00Z
2025-04-14,C00222,0,2025-05-29T00:00:00Z
2025-03-01,C00223,0,2025-04-15T00:00:00Z
2025-03-02,C00223,0,2025-04-16T00:00:00Z
2025-03-03,C00223,0,2025-04-17T00:00:00Z
2025-03-04,C00223,0,2025-04-18T00:00:00Z
2025-03-05,C00223,0,2025-04-19T00:00:00Z
2025-03-06,C00223,0,2025-04-20T00:00:00Z
2025-03-07,C00223,0,2025-04-21T00:00:00Z
2025-03-08,C00223,0,2025-04-22T00:00:00Z
2025-03-09,C00223,0,2025-04-23T00:00:00Z
2025-03-10,C00223,0,2025-04-24T00:00:00Z
2025-03-11,C00223,0,2025-04-25T00:00:00Z
2025-03-12,C00223,0,2025-04-26T00:00:00Z
2025-03-13,C00223,0,2025-04-27T00:00:00Z
2025-03-14,C00223,0,2025-04-28T00:00:00Z
2025-03-15,C00223,0,2025-04-29T00:00:00Z
2025-03-16,C00223,0,2025-04-30T00:00:00Z
2025-03-17,C00223,0,2025-05-01T00:00:00Z
2025-03-18,C00223,0,2025-05-02T00:00:00Z
2025-03-19,C00223,0,2025-05-03T00:00:00Z
2025-03-20,C00223,0,2025-05-04T00:00:00Z
2025-03-21,C00223,0,2025-05-05T00:00:00Z
2025-03-22,C00223,0,2025-05-06T00:00:00Z
2025-03-23,C00223,0,2025-05-07T00:00:00Z
2025-03-24,C00223,0,2025-05-08T00:00:00Z
2025-03-25,C00223,0,2025-05-09T00:00:00Z
2025-03-26,C00223,1,2025-05-10T00:00:00Z
2025-03-27,C00223,0,2025-05-11T00:00:00Z
2025-03-28,C00223,1,2025-05-12T00:00:00Z
2025-03-29,C00223,0,2025-05-13T00:00:00Z
2025-03-30,C00223,0,2025-05-14T00:00:00Z
2025-03-31,C00223,0,2025-05-15T00:00:00Z
2025-04-01,C00223,0,2025-05-16T00:00:00Z
2025-04-02,C00223,0,2025-05-17T00:00:00Z
2025-04-03,C00223,0,2025-05-18T00:00:00Z
2025-04-04,C00223,0,2025-05-19T00:00:00Z
2025-04-05,C00223,0,2025-05-20T00:00:00Z
2025-04-06,C00223,0,2025-05-21T00:00:00Z
2025-04-07,C00223,0,2025-05-22T00:00:00Z
2025-04-08,C00223,0,2025-05-23T00:00:00Z
2025-04-09,C00223,0,2025-05-24T00:00:00Z
2025-04-10,C00223,0,2025-05-25T00:00:00Z
2025-04-11,C00223,0,2025-05-26T00:00:00Z
2025-04-12,C00223,0,2025-05-27T00:00:00Z
2025-04-13,C00223,0,2025-05-28T00:00:00Z
2025-04-14,C00223,0,2025-05-29T00:00:00Z
2025-03-01,C00224,0,2025-04-15T00:00:00Z
2025-03-02,C00224,0,2025-04-16T00:00:00Z
2025-03-03,C00224,0,2025-04-17T00:00:00Z
2025-03-04,C00224,0,2025-04-18T00:00:00Z
2025-03-05,C00224,0,2025-04-19T00:00:00Z
2025-03-06,C00224,0,2025-04-20T00:00:00Z
2025-03-07,C00224,0,2025-04-21T00:00:00Z
2025-03-08,C00224,0,2025-04-22T00:00:00Z
2025-03-09,C00224,0,2025-04-23T00:00:00Z
2025-03-10,C00224,0,2025-04-24T00:00:00Z
2025-03-11,C00224,0,2025-04-25T00:00:00Z
2025-03-12,C00224,0,2025-04-26T00:00:00Z
2025-03-13,C00224,0,2025-04-27T00:00:00Z
2025-03-14,C00224,0,2025-04-28T00:00:00Z
2025-03-15,C00224,0,2025-04-29T00:00:00Z
2025-03-16,C00224,1,2025-04-30T00:00:00Z
2025-03-17,C00224,0,2025-05-01T00:00:00Z
2025-03-18,C00224,0,2025-05-02T00:00:00Z
2025-03-19,C00224,0,2025-05-03T00:00:00Z
2025-03-20,C00224,0,2025-05-04T00:00:00Z
2025-03-21,C00224,0,2025-05-05T00:00:00Z
2025-03-22,C00224,0,2025-05-06T00:00:00Z
2025-03-23,C00224,0,2025-05-07T00:00:00Z
2025-03-24,C00224,0,2025-05-08T00:00:00Z
2025-03-25,C00224,0,2025-05-09T00:00:00Z
2025-03-26,C00224,0,2025-05-10T00:00:00Z
2025-03-27,C00224,0,2025-05-11T00:00:00Z
2025-03-28,C00224,0,2025-05-12T00:00:00Z
2025-03-29,C00224,0,2025-05-13T00:00:00Z
2025-03-30,C00224,0,2025-05-14T00:00:00Z
2025-03-31,C00224,0,2025-05-15T00:00:00Z
2025-04-01,C00224,0,2025-05-16T00:00:00Z
2025-04-02,C00224,0,2025-05-17T00:00:00Z
2025-04-03,C00224,0,2025-05-18T00:00:00Z
2025-04-04,C00224,0,2025-05-19T00:00:00Z
2025-04-05,C00224,0,2025-05-20T00:00:00Z
2025-04-06,C00224,0,2025-05-21T00:00:00Z
2025-04-07,C00224,0,2025-05-22T00:00:00Z
2025-04-08,C00224,0,2025-05-23T00:00:00Z
2025-04-09,C00224,0,2025-05-24T00:00:00Z
2025-04-10,C00224,0,2025-05-25T00:00:00Z
2025-04-11,C00224,0,2025-05-26T00:00:00Z
2025-04-12,C00224,0,2025-05-27T00:00:00Z
2025-04-13,C00224,0,2025-05-28T00:00:00Z
2025-04-14,C00224,0,2025-05-29T00:00:00Z
2025-03-01,C00225,0,2025-04-15T00:00:00Z
2025-03-02,C00225,0,2025-04-16T00:00:00Z
2025-03-03,C00225,0,2025-04-17T00:00:00Z
2025-03-04,C00225,0,2025-04-18T00:00:00Z
2025-03-05,C00225,0,2025-04-19T00:00:00Z
2025-03-06,C00225,0,2025-04-20T00:00:00Z
2025-03-07,C00225,0,2025-04-21T00:00:00Z
2025-03-08,C00225,0,2025-04-22T00:00:00Z
2025-03-09,C00225,0,2025-04-23T00:00:00Z
2025-03-10,C00225,0,2025-04-24T00:00:00Z
2025-03-11,C00225,0,2025-04-25T00:00:00Z
2025-03-12,C00225,0,2025-04-26T00:00:00Z
2025-03-13,C00225,0,2025-04-27T00:00:00Z
2025-03-14,C00225,0,2025-04-28T00:00:00Z
2025-03-15,C00225,0,2025-04-29T00:00:00Z
2025-03-16,C00225,0,2025-04-30T00:00:00Z
2025-03-17,C00225,0,2025-05-01T00:00:00Z
2025-03-18,C00225,0,2025-05-02T00:00:00Z
2025-03-19,C00225,0,2025-05-03T00:00:00Z
2025-03-20,C00225,0,2025-05-04T00:00:00Z
2025-03-21,C00225,0,2025-05-05T00:00:00Z
2025-03-22,C00225,0,2025-05-06T00:00:00Z
2025-03-23,C00225,0,2025-05-07T00:00:00Z
2025-03-24,C00225,0,2025-05-08T00:00:00Z
2025-03-25,C00225,0,2025-05-09T00:00:00Z
2025-03-26,C00225,0,2025-05-10T00:00:00Z
2025-03-27,C00225,0,2025-05-11T00:00:00Z
2025-03-28,C00225,0,2025-05-12T00:00:00Z
2025-03-29,C00225,0,2025-05-13T00:00:00Z
2025-03-30,C00225,0,2025-05-14T00:00:00Z
2025-03-31,C00225,0,2025-05-15T00:00:00Z
2025-04-01,C00225,0,2025-05-16T00:00:00Z
2025-04-02,C00225,0,2025-05-17T00:00:00Z
2025-04-03,C00225,0,2025-05-18T00:00:00Z
2025-04-04,C00225,0,2025-05-19T00:00:00Z
2025-04-05,C00225,1,2025-05-20T00:00:00Z
2025-04-06,C00225,0,2025-05-21T00:00:00Z
2025-04-07,C00225,0,2025-05-22T00:00:00Z
2025-04-08,C00225,0,2025-05-23T00:00:00Z
2025-04-09,C00225,0,2025-05-24T00:00:00Z
2025-04-10,C00225,1,2025-05-25T00:00:00Z
2025-04-11,C00225,0,2025-05-26T00:00:00Z
2025-04-12,C00225,0,2025-05-27T00:00:00Z
2025-04-13,C00225,0,2025-05-28T00:00:00Z
2025-04-14,C00225,0,2025-05-29T00:00:00Z
2025-03-01,C00226,0,2025-04-15T00:00:00Z
2025-03-02,C00226,0,2025-04-16T00:00:00Z
2025-03-03,C00226,0,2025-04-17T00:00:00Z
2025-03-04,C00226,0,2025-04-18T00:00:00Z
2025-03-05,C00226,1,2025-04-19T00:00:00Z
2025-03-06,C00226,0,2025-04-20T00:00:00Z
2025-03-07,C00226,0,2025-04-21T00:00:00Z
2025-03-08,C00226,0,2025-04-22T00:00:00Z
2025-03-09,C00226,0,2025-04-23T00:00:00Z
2025-03-10,C00226,0,2025-04-24T00:00:00Z
2025-03-11,C00226,0,2025-04-25T00:00:00Z
2025-03-12,C00226,0,2025-04-26T00:00:00Z
2025-03-13,C00226,0,2025-04-27T00:00:00Z
2025-03-14,C00226,0,2025-04-28T00:00:00Z
2025-03-15,C00226,0,2025-04-29T00:00:00Z
2025-03-16,C00226,0,2025-04-30T00:00:00Z
2025-03-17,C00226,0,2025-05-01T00:00:00Z
2025-03-18,C00226,0,2025-05-02T00:00:00Z
2025-03-19,C00226,1,2025-05-03T00:00:00Z
2025-03-20,C00226,0,2025-05-04T00:00:00Z
2025-03-21,C00226,0,2025-05-05T00:00:00Z
2025-03-22,C00226,0,2025-05-06T00:00:00Z
2025-03-23,C00226,0,2025-05-07T00:00:00Z
2025-03-24,C00226,0,2025-05-08T00:00:00Z
2025-03-25,C00226,0,2025-05-09T00:00:00Z
2025-03-26,C00226,0,2025-05-10T00:00:00Z
2025-03-27,C00226,0,2025-05-11T00:00:00Z
2025-03-28,C00226,0,2025-05-12T00:00:00Z
2025-03-29,C00226,0,2025-05-13T00:00:00Z
2025-03-30,C00226,0,2025-05-14T00:00:00Z
2025-03-31,C00226,0,2025-05-15T00:00:00Z
2025-04-01,C00226,0,2025-05-16T00:00:00Z
2025-04-02,C00226,0,2025-05-17T00:00:00Z
2025-04-03,C00226,0,2025-05-18T00:00:00Z
2025-04-04,C00226,0,2025-05-19T00:00:00Z
2025-04-05,C00226,0,2025-05-20T00:00:00Z
2025-04-06,C00226,0,2025-05-21T00:00:00Z
2025-04-07,C00226,0,2025-05-22T00:00:00Z
2025-04-08,C00226,0,2025-05-23T00:00:00Z
2025-04-09,C00226,0,2025-05-24T00:00:00Z
2025-04-10,C00226,0,2025-05-25T00:00:00Z
2025-04-11,C00226,0,2025-05-26T00:00:00Z
2025-04-12,C00226,0,2025-05-27T00:00:00Z
2025-04-13,C00226,0,2025-05-28T00:00:00Z
2025-04-14,C00226,0,2025-05-29T00:00:00Z
2025-03-01,C00227,0,2025-04-15T00:00:00Z
2025-03-02,C00227,0,2025-04-16T00:00:00Z
2025-03-03,C00227,0,2025-04-17T00:00:00Z
2025-03-04,C00227,0,2025-04-18T00:00:00Z
2025-03-05,C00227,0,2025-04-19T00:00:00Z
2025-03-06,C00227,1,2025-04-20T00:00:00Z
2025-03-07,C00227,0,2025-04-21T00:00:00Z
2025-03-08,C00227,0,2025-04-22T00:00:00Z
2025-03-09,C00227,0,2025-04-23T00:00:00Z
2025-03-10,C00227,1,2025-04-24T00:00:00Z
2025-03-11,C00227,0,2025-04-25T00:00:00Z
2025-03-12,C00227,0,2025-04-26T00:00:00Z
2025-03-13,C00227,0,2025-04-27T00:00:00Z
2025-03-14,C00227,0,2025-04-28T00:00:00Z
2025-03-15,C00227,0,2025-04-29T00:00:00Z
2025-03-16,C00227,0,2025-04-30T00:00:00Z
2025-03-17,C00227,0,2025-05-01T00:00:00Z
2025-03-18,C00227,0,2025-05-02T00:00:00Z
2025-03-19,C00227,0,2025-05-03T00:00:00Z
2025-03-20,C00227,0,2025-05-04T00:00:00Z
2025-03-21,C00227,0,2025-05-05T00:00:00Z
2025-03-22,C00227,0,2025-05-06T00:00:00Z
2025-03-23,C00227,0,2025-05-07T00:00:00Z
2025-03-24,C00227,0,2025-05-08T00:00:00Z
2025-03-25,C00227,0,2025-05-09T00:00:00Z
2025-03-26,C00227,0,2025-05-10T00:00:00Z
2025-03-27,C00227,0,2025-05-11T00:00:00Z
2025-03-28,C00227,1,2025-05-12T00:00:00Z
2025-03-29,C00227,0,2025-05-13T00:00:00Z
2025-03-30,C00227,0,2025-05-14T00:00:00Z
2025-03-31,C00227,0,2025-05-15T00:00:00Z
2025-04-01,C00227,0,2025-05-16T00:00:00Z
2025-04-02,C00227,0,2025-05-17T00:00:00Z
2025-04-03,C00227,0,2025-05-18T00:00:00Z
2025-04-04,C00227,0,2025-05-19T00:00:00Z
2025-04-05,C00227,0,2025-05-20T00:00:00Z
2025-04-06,C00227,0,2025-05-21T00:00:00Z
2025-04-07,C00227,0,2025-05-22T00:00:00Z
2025-04-08,C00227,0,2025-05-23T00:00:00Z
2025-04-09,C00227,0,2025-05-24T00:00:00Z
2025-04-10,C00227,1,2025-05-25T00:00:00Z
2025-04-11,C00227,0,2025-05-26T00:00:00Z
2025-04-12,C00227,0,2025-05-27T00:00:00Z
2025-04-13,C00227,0,2025-05-28T00:00:00Z
2025-04-14,C00227,0,2025-05-29T00:00:00Z
2025-03-01,C00228,0,2025-04-15T00:00:00Z
2025-03-02,C00228,0,2025-04-16T00:00:00Z
2025-03-03,C00228,0,2025-04-17T00:00:00Z
2025-03-04,C00228,0,2025-04-18T00:00:00Z
2025-03-05,C00228,0,2025-04-19T00:00:00Z
2025-03-06,C00228,0,2025-04-20T00:00:00Z
2025-03-07,C00228,0,2025-04-21T00:00:00Z
2025-03-08,C00228,0,2025-04-22T00:00:00Z
2025-03-09,C00228,0,2025-04-23T00:00:00Z
2025-03-10,C00228,0,2025-04-24T00:00:00Z
2025-03-11,C00228,0,2025-04-25T00:00:00Z
2025-03-12,C00228,0,2025-04-26T00:00:00Z
2025-03-13,C00228,0,2025-04-27T00:00:00Z
2025-03-14,C00228,0,2025-04-28T00:00:00Z
2025-03-15,C00228,0,2025-04-29T00:00:00Z
2025-03-16,C00228,0,2025-04-30T00:00:00Z
2025-03-17,C00228,0,2025-05-01T00:00:00Z
2025-03-18,C00228,0,2025-05-02T00:00:00Z
2025-03-19,C00228,0,2025-05-03T00:00:00Z
2025-03-20,C00228,0,2025-05-04T00:00:00Z
2025-03-21,C00228,0,2025-05-05T00:00:00Z
2025-03-22,C00228,0,2025-05-06T00:00:00Z
2025-03-23,C00228,0,2025-05-07T00:00:00Z
2025-03-24,C00228,0,2025-05-08T00:00:00Z
2025-03-25,C00228,0,2025-05-09T00:00:00Z
2025-03-26,C00228,1,2025-05-10T00:00:00Z
2025-03-27,C00228,0,2025-05-11T00:00:00Z
2025-03-28,C00228,0,2025-05-12T00:00:00Z
2025-03-29,C00228,0,2025-05-13T00:00:00Z
2025-03-30,C00228,0,2025-05-14T00:00:00Z
2025-03-31,C00228,0,2025-05-15T00:00:00Z
2025-04-01,C00228,0,2025-05-16T00:00:00Z
2025-04-02,C00228,0,2025-05-17T00:00:00Z
2025-04-03,C00228,0,2025-05-18T00:00:00Z
2025-04-04,C00228,0,2025-05-19T00:00:00Z
2025-04-05,C00228,0,2025-05-20T00:00:00Z
2025-04-06,C00228,0,2025-05-21T00:00:00Z
2025-04-07,C00228,0,2025-05-22T00:00:00Z
2025-04-08,C00228,0,2025-05-23T00:00:00Z
2025-04-09,C00228,0,2025-05-24T00:00:00Z
2025-04-10,C00228,1,2025-05-25T00:00:00Z
2025-04-11,C00228,0,2025-05-26T00:00:00Z
2025-04-12,C00228,1,2025-05-27T00:00:00Z
2025-04-13,C00228,0,2025-05-28T00:00:00Z
2025-04-14,C00228,0,2025-05-29T00:00:00Z
2025-03-01,C00229,0,2025-04-15T00:00:00Z
2025-03-02,C00229,0,2025-04-16T00:00:00Z
2025-03-03,C00229,0,2025-04-17T00:00:00Z
2025-03-04,C00229,0,2025-04-18T00:00:00Z
2025-03-05,C00229,0,2025-04-19T00:00:00Z
2025-03-06,C00229,0,2025-04-20T00:00:00Z
2025-03-07,C00229,0,2025-04-21T00:00:00Z
2025-03-08,C00229,0,2025-04-22T00:00:00Z
2025-03-09,C00229,0,2025-04-23T00:00:00Z
2025-03-10,C00229,0,2025-04-24T00:00:00Z
2025-03-11,C00229,0,2025-04-25T00:00:00Z
2025-03-12,C00229,0,2025-04-26T00:00:00Z
2025-03-13,C00229,0,2025-04-27T00:00:00Z
2025-03-14,C00229,0,2025-04-28T00:00:00Z
2025-03-15,C00229,0,2025-04-29T00:00:00Z
2025-03-16,C00229,0,2025-04-30T00:00:00Z
2025-03-17,C00229,0,2025-05-01T00:00:00Z
2025-03-18,C00229,0,2025-05-02T00:00:00Z
2025-03-19,C00229,0,2025-05-03T00:00:00Z
2025-03-20,C00229,0,2025-05-04T00:00:00Z
2025-03-21,C00229,0,2025-05-05T00:00:00Z
2025-03-22,C00229,0,2025-05-06T00:00:00Z
2025-03-23,C00229,0,2025-05-07T00:00:00Z
2025-03-24,C00229,0,2025-05-08T00:00:00Z
2025-03-25,C00229,0,2025-05-09T00:00:00Z
2025-03-26,C00229,0,2025-05-10T00:00:00Z
2025-03-27,C00229,0,2025-05-11T00:00:00Z
2025-03-28,C00229,0,2025-05-12T00:00:00Z
2025-03-29,C00229,0,2025-05-13T00:00:00Z
2025-03-30,C00229,0,2025-05-14T00:00:00Z
2025-03-31,C00229,0,2025-05-15T00:00:00Z
2025-04-01,C00229,0,2025-05-16T00:00:00Z
2025-04-02,C00229,0,2025-05-17T00:00:00Z
2025-04-03,C00229,0,2025-05-18T00:00:00Z
2025-04-04,C00229,0,2025-05-19T00:00:00Z
2025-04-05,C00229,0,2025-05-20T00:00:00Z
2025-04-06,C00229,0,2025-05-21T00:00:00Z
2025-04-07,C00229,0,2025-05-22T00:00:00Z
2025-04-08,C00229,0,2025-05-23T00:00:00Z
2025-04-09,C00229,0,2025-05-24T00:00:00Z
2025-04-10,C00229,0,2025-05-25T00:00:00Z
2025-04-11,C00229,0,2025-05-26T00:00:00Z
2025-04-12,C00229,0,2025-05-27T00:00:00Z
2025-04-13,C00229,0,2025-05-28T00:00:00Z
2025-04-14,C00229,0,2025-05-29T00:00:00Z
2025-03-01,C00230,0,2025-04-15T00:00:00Z
2025-03-02,C00230,0,2025-04-16T00:00:00Z
2025-03-03,C00230,0,2025-04-17T00:00:00Z
2025-03-04,C00230,0,2025-04-18T00:00:00Z
2025-03-05,C00230,0,2025-04-19T00:00:00Z
2025-03-06,C00230,0,2025-04-20T00:00:00Z
2025-03-07,C00230,0,2025-04-21T00:00:00Z
2025-03-08,C00230,0,2025-04-22T00:00:00Z
2025-03-09,C00230,0,2025-04-23T00:00:00Z
2025-03-10,C00230,0,2025-04-24T00:00:00Z
2025-03-11,C00230,0,2025-04-25T00:00:00Z
2025-03-12,C00230,0,2025-04-26T00:00:00Z
2025-03-13,C00230,0,2025-04-27T00:00:00Z
2025-03-14,C00230,0,2025-04-28T00:00:00Z
2025-03-15,C00230,0,2025-04-29T00:00:00Z
2025-03-16,C00230,0,2025-04-30T00:00:00Z
2025-03-17,C00230,0,2025-05-01T00:00:00Z
2025-03-18,C00230,0,2025-05-02T00:00:00Z
2025-03-19,C00230,0,2025-05-03T00:00:00Z
2025-03-20,C00230,0,2025-05-04T00:00:00Z
2025-03-21,C00230,0,2025-05-05T00:00:00Z
2025-03-22,C00230,0,2025-05-06T00:00:00Z
2025-03-23,C00230,0,2025-05-07T00:00:00Z
2025-03-24,C00230,0,2025-05-08T00:00:00Z
2025-03-25,C00230,0,2025-05-09T00:00:00Z
2025-03-26,C00230,0,2025-05-10T00:00:00Z
2025-03-27,C00230,0,2025-05-11T00:00:00Z
2025-03-28,C00230,0,2025-05-12T00:00:00Z
2025-03-29,C00230,0,2025-05-13T00:00:00Z
2025-03-30,C00230,0,2025-05-14T00:00:00Z
2025-03-31,C00230,0,2025-05-15T00:00:00Z
2025-04-01,C00230,0,2025-05-16T00:00:00Z
2025-04-02,C00230,0,2025-05-17T00:00:00Z
2025-04-03,C00230,0,2025-05-18T00:00:00Z
2025-04-04,C00230,0,2025-05-19T00:00:00Z
2025-04-05,C00230,0,2025-05-20T00:00:00Z
2025-04-06,C00230,0,2025-05-21T00:00:00Z
2025-04-07,C00230,0,2025-05-22T00:00:00Z
2025-04-08,C00230,0,2025-05-23T00:00:00Z
2025-04-09,C00230,0,2025-05-24T00:00:00Z
2025-04-10,C00230,0,2025-05-25T00:00:00Z
2025-04-11,C00230,0,2025-05-26T00:00:00Z
2025-04-12,C00230,0,2025-05-27T00:00:00Z
2025-04-13,C00230,1,2025-05-28T00:00:00Z
2025-04-14,C00230,0,2025-05-29T00:00:00Z
2025-03-01,C00231,0,2025-04-15T00:00:00Z
2025-03-02,C00231,0,2025-04-16T00:00:00Z
2025-03-03,C00231,0,2025-04-17T00:00:00Z
2025-03-04,C00231,0,2025-04-18T00:00:00Z
2025-03-05,C00231,0,2025-04-19T00:00:00Z
2025-03-06,C00231,0,2025-04-20T00:00:00Z
2025-03-07,C00231,0,2025-04-21T00:00:00Z
2025-03-08,C00231,0,2025-04-22T00:00:00Z
2025-03-09,C00231,0,2025-04-23T00:00:00Z
2025-03-10,C00231,0,2025-04-24T00:00:00Z
2025-03-11,C00231,0,2025-04-25T00:00:00Z
2025-03-12,C00231,0,2025-04-26T00:00:00Z
2025-03-13,C00231,0,2025-04-27T00:00:00Z
2025-03-14,C00231,0,2025-04-28T00:00:00Z
2025-03-15,C00231,0,2025-04-29T00:00:00Z
2025-03-16,C00231,0,2025-04-30T00:00:00Z
2025-03-17,C00231,0,2025-05-01T00:00:00Z
2025-03-18,C00231,0,2025-05-02T00:00:00Z
2025-03-19,C00231,0,2025-05-03T00:00:00Z
2025-03-20,C00231,0,2025-05-04T00:00:00Z
2025-03-21,C00231,0,2025-05-05T00:00:00Z
2025-03-22,C00231,0,2025-05-06T00:00:00Z
2025-03-23,C00231,0,2025-05-07T00:00:00Z
2025-03-24,C00231,0,2025-05-08T00:00:00Z
2025-03-25,C00231,0,2025-05-09T00:00:00Z
2025-03-26,C00231,0,2025-05-10T00:00:00Z
2025-03-27,C00231,0,2025-05-11T00:00:00Z
2025-03-28,C00231,0,2025-05-12T00:00:00Z
2025-03-29,C00231,0,2025-05-13T00:00:00Z
2025-03-30,C00231,0,2025-05-14T00:00:00Z
2025-03-31,C00231,0,2025-05-15T00:00:00Z
2025-04-01,C00231,0,2025-05-16T00:00:00Z
2025-04-02,C00231,0,2025-05-17T00:00:00Z
2025-04-03,C00231,0,2025-05-18T00:00:00Z
2025-04-04,C00231,0,2025-05-19T00:00:00Z
2025-04-05,C00231,0,2025-05-20T00:00:00Z
2025-04-06,C00231,0,2025-05-21T00:00:00Z
2025-04-07,C00231,0,2025-05-22T00:00:00Z
2025-04-08,C00231,0,2025-05-23T00:00:00Z
2025-04-09,C00231,0,2025-05-24T00:00:00Z
2025-04-10,C00231,0,2025-05-25T00:00:00Z
2025-04-11,C00231,0,2025-05-26T00:00:00Z
2025-04-12,C00231,0,2025-05-27T00:00:00Z
2025-04-13,C00231,0,2025-05-28T00:00:00Z
2025-04-14,C00231,0,2025-05-29T00:00:00Z
2025-03-01,C00232,0,2025-04-15T00:00:00Z
2025-03-02,C00232,0,2025-04-16T00:00:00Z
2025-03-03,C00232,0,2025-04-17T00:00:00Z
2025-03-04,C00232,0,2025-04-18T00:00:00Z
2025-03-05,C00232,0,2025-04-19T00:00:00Z
2025-03-06,C00232,0,2025-04-20T00:00:00Z
2025-03-07,C00232,0,2025-04-21T00:00:00Z
2025-03-08,C00232,0,2025-04-22T00:00:00Z
2025-03-09,C00232,1,2025-04-23T00:00:00Z
2025-03-10,C00232,0,2025-04-24T00:00:00Z
2025-03-11,C00232,0,2025-04-25T00:00:00Z
2025-03-12,C00232,0,2025-04-26T00:00:00Z
2025-03-13,C00232,0,2025-04-27T00:00:00Z
2025-03-14,C00232,0,2025-04-28T00:00:00Z
2025-03-15,C00232,0,2025-04-29T00:00:00Z
2025-03-16,C00232,0,2025-04-30T00:00:00Z
2025-03-17,C00232,0,2025-05-01T00:00:00Z
2025-03-18,C00232,0,2025-05-02T00:00:00Z
2025-03-19,C00232,0,2025-05-03T00:00:00Z
2025-03-20,C00232,0,2025-05-04T00:00:00Z
2025-03-21,C00232,0,2025-05-05T00:00:00Z
2025-03-22,C00232,0,2025-05-06T00:00:00Z
2025-03-23,C00232,0,2025-05-07T00:00:00Z
2025-03-24,C00232,0,2025-05-08T00:00:00Z
2025-03-25,C00232,0,2025-05-09T00:00:00Z
2025-03-26,C00232,0,2025-05-10T00:00:00Z
2025-03-27,C00232,0,2025-05-11T00:00:00Z
2025-03-28,C00232,0,2025-05-12T00:00:00Z
2025-03-29,C00232,0,2025-05-13T00:00:00Z
2025-03-30,C00232,0,2025-05-14T00:00:00Z
2025-03-31,C00232,0,2025-05-15T00:00:00Z
2025-04-01,C00232,0,2025-05-16T00:00:00Z
2025-04-02,C00232,0,2025-05-17T00:00:00Z
2025-04-03,C00232,0,2025-05-18T00:00:00Z
2025-04-04,C00232,0,2025-05-19T00:00:00Z
2025-04-05,C00232,0,2025-05-20T00:00:00Z
2025-04-06,C00232,0,2025-05-21T00:00:00Z
2025-04-07,C00232,1,2025-05-22T00:00:00Z
2025-04-08,C00232,0,2025-05-23T00:00:00Z
2025-04-09,C00232,0,2025-05-24T00:00:00Z
2025-04-10,C00232,0,2025-05-25T00:00:00Z
2025-04-11,C00232,0,2025-05-26T00:00:00Z
2025-04-12,C00232,0,2025-05-27T00:00:00Z
2025-04-13,C00232,0,2025-05-28T00:00:00Z
2025-04-14,C00232,0,2025-05-29T00:00:00Z
2025-03-01,C00233,0,2025-04-15T00:00:00Z
2025-03-02,C00233,0,2025-04-16T00:00:00Z
2025-03-03,C00233,0,2025-04-17T00:00:00Z
2025-03-04,C00233,0,2025-04-18T00:00:00Z
2025-03-05,C00233,0,2025-04-19T00:00:00Z
2025-03-06,C00233,0,2025-04-20T00:00:00Z
2025-03-07,C00233,0,2025-04-21T00:00:00Z
2025-03-08,C00233,0,2025-04-22T00:00:00Z
2025-03-09,C00233,0,2025-04-23T00:00:00Z
2025-03-10,C00233,0,2025-04-24T00:00:00Z
2025-03-11,C00233,0,2025-04-25T00:00:00Z
2025-03-12,C00233,0,2025-04-26T00:00:00Z
2025-03-13,C00233,0,2025-04-27T00:00:00Z
2025-03-14,C00233,0,2025-04-28T00:00:00Z
2025-03-15,C00233,0,2025-04-29T00:00:00Z
2025-03-16,C00233,0,2025-04-30T00:00:00Z
2025-03-17,C00233,0,2025-05-01T00:00:00Z
2025-03-18,C00233,0,2025-05-02T00:00:00Z
2025-03-19,C00233,0,2025-05-03T00:00:00Z
2025-03-20,C00233,0,2025-05-04T00:00:00Z
2025-03-21,C00233,0,2025-05-05T00:00:00Z
2025-03-22,C00233,0,2025-05-06T00:00:00Z
2025-03-23,C00233,0,2025-05-07T00:00:00Z
2025-03-24,C00233,0,2025-05-08T00:00:00Z
2025-03-25,C00233,0,2025-05-09T00:00:00Z
2025-03-26,C00233,0,2025-05-10T00:00:00Z
2025-03-27,C00233,0,2025-05-11T00:00:00Z
2025-03-28,C00233,0,2025-05-12T00:00:00Z
2025-03-29,C00233,0,2025-05-13T00:00:00Z
2025-03-30,C00233,0,2025-05-14T00:00:00Z
2025-03-31,C00233,0,2025-05-15T00:00:00Z
2025-04-01,C00233,0,2025-05-16T00:00:00Z
2025-04-02,C00233,0,2025-05-17T00:00:00Z
2025-04-03,C00233,0,2025-05-18T00:00:00Z
2025-04-04,C00233,0,2025-05-19T00:00:00Z
2025-04-05,C00233,0,2025-05-20T00:00:00Z
2025-04-06,C00233,0,2025-05-21T00:00:00Z
2025-04-07,C00233,1,2025-05-22T00:00:00Z
2025-04-08,C00233,0,2025-05-23T00:00:00Z
2025-04-09,C00233,0,2025-05-24T00:00:00Z
2025-04-10,C00233,0,2025-05-25T00:00:00Z
2025-04-11,C00233,0,2025-05-26T00:00:00Z
2025-04-12,C00233,0,2025-05-27T00:00:00Z
2025-04-13,C00233,0,2025-05-28T00:00:00Z
2025-04-14,C00233,0,2025-05-29T00:00:00Z
2025-03-01,C00234,0,2025-04-15T00:00:00Z
2025-03-02,C00234,0,2025-04-16T00:00:00Z
2025-03-03,C00234,0,2025-04-17T00:00:00Z
2025-03-04,C00234,0,2025-04-18T00:00:00Z
2025-03-05,C00234,0,2025-04-19T00:00:00Z
2025-03-06,C00234,0,2025-04-20T00:00:00Z
2025-03-07,C00234,0,2025-04-21T00:00:00Z
2025-03-08,C00234,0,2025-04-22T00:00:00Z
2025-03-09,C00234,0,2025-04-23T00:00:00Z
2025-03-10,C00234,0,2025-04-24T00:00:00Z
2025-03-11,C00234,0,2025-04-25T00:00:00Z
2025-03-12,C00234,0,2025-04-26T00:00:00Z
2025-03-13,C00234,0,2025-04-27T00:00:00Z
2025-03-14,C00234,0,2025-04-28T00:00:00Z
2025-03-15,C00234,0,2025-04-29T00:00:00Z
2025-03-16,C00234,0,2025-04-30T00:00:00Z
2025-03-17,C00234,0,2025-05-01T00:00:00Z
2025-03-18,C00234,0,2025-05-02T00:00:00Z
2025-03-19,C00234,0,2025-05-03T00:00:00Z
2025-03-20,C00234,0,2025-05-04T00:00:00Z
2025-03-21,C00234,0,2025-05-05T00:00:00Z
2025-03-22,C00234,0,2025-05-06T00:00:00Z
2025-03-23,C00234,0,2025-05-07T00:00:00Z
2025-03-24,C00234,0,2025-05-08T00:00:00Z
2025-03-25,C00234,0,2025-05-09T00:00:00Z
2025-03-26,C00234,0,2025-05-10T00:00:00Z
2025-03-27,C00234,0,2025-05-11T00:00:00Z
2025-03-28,C00234,0,2025-05-12T00:00:00Z
2025-03-29,C00234,0,2025-05-13T00:00:00Z
2025-03-30,C00234,0,2025-05-14T00:00:00Z
2025-03-31,C00234,0,2025-05-15T00:00:00Z
2025-04-01,C00234,0,2025-05-16T00:00:00Z
2025-04-02,C00234,1,2025-05-17T00:00:00Z
2025-04-03,C00234,0,2025-05-18T00:00:00Z
2025-04-04,C00234,0,2025-05-19T00:00:00Z
2025-04-05,C00234,0,2025-05-20T00:00:00Z
2025-04-06,C00234,0,2025-05-21T00:00:00Z
2025-04-07,C00234,0,2025-05-22T00:00:00Z
2025-04-08,C00234,0,2025-05-23T00:00:00Z
2025-04-09,C00234,0,2025-05-24T00:00:00Z
2025-04-10,C00234,0,2025-05-25T00:00:00Z
2025-04-11,C00234,0,2025-05-26T00:00:00Z
2025-04-12,C00234,0,2025-05-27T00:00:00Z
2025-04-13,C00234,0,2025-05-28T00:00:00Z
2025-04-14,C00234,0,2025-05-29T00:00:00Z
2025-03-01,C00235,0,2025-04-15T00:00:00Z
2025-03-02,C00235,0,2025-04-16T00:00:00Z
2025-03-03,C00235,0,2025-04-17T00:00:00Z
2025-03-04,C00235,0,2025-04-18T00:00:00Z
2025-03-05,C00235,0,2025-04-19T00:00:00Z
2025-03-06,C00235,0,2025-04-20T00:00:00Z
2025-03-07,C00235,1,2025-04-21T00:00:00Z
2025-03-08,C00235,0,2025-04-22T00:00:00Z
2025-03-09,C00235,0,2025-04-23T00:00:00Z
2025-03-10,C00235,0,2025-04-24T00:00:00Z
2025-03-11,C00235,0,2025-04-25T00:00:00Z
2025-03-12,C00235,0,2025-04-26T00:00:00Z
2025-03-13,C00235,0,2025-04-27T00:00:00Z
2025-03-14,C00235,0,2025-04-28T00:00:00Z
2025-03-15,C00235,0,2025-04-29T00:00:00Z
2025-03-16,C00235,0,2025-04-30T00:00:00Z
2025-03-17,C00235,0,2025-05-01T00:00:00Z
2025-03-18,C00235,0,2025-05-02T00:00:00Z
2025-03-19,C00235,0,2025-05-03T00:00:00Z
2025-03-20,C00235,0,2025-05-04T00:00:00Z
2025-03-21,C00235,0,2025-05-05T00:00:00Z
2025-03-22,C00235,0,2025-05-06T00:00:00Z
2025-03-23,C00235,0,2025-05-07T00:00:00Z
2025-03-24,C00235,0,2025-05-08T00:00:00Z
2025-03-25,C00235,0,2025-05-09T00:00:00Z
2025-03-26,C00235,0,2025-05-10T00:00:00Z
2025-03-27,C00235,0,2025-05-11T00:00:00Z
2025-03-28,C00235,0,2025-05-12T00:00:00Z
2025-03-29,C00235,0,2025-05-13T00:00:00Z
2025-03-30,C00235,0,2025-05-14T00:00:00Z
2025-03-31,C00235,0,2025-05-15T00:00:00Z
2025-04-01,C00235,0,2025-05-16T00:00:00Z
2025-04-02,C00235,0,2025-05-17T00:00:00Z
2025-04-03,C00235,0,2025-05-18T00:00:00Z
2025-04-04,C00235,0,2025-05-19T00:00:00Z
2025-04-05,C00235,0,2025-05-20T00:00:00Z
2025-04-06,C00235,0,2025-05-21T00:00:00Z
2025-04-07,C00235,0,2025-05-22T00:00:00Z
2025-04-08,C00235,0,2025-05-23T00:00:00Z
2025-04-09,C00235,0,2025-05-24T00:00:00Z
2025-04-10,C00235,0,2025-05-25T00:00:00Z
2025-04-11,C00235,0,2025-05-26T00:00:00Z
2025-04-12,C00235,0,2025-05-27T00:00:00Z
2025-04-13,C00235,0,2025-05-28T00:00:00Z
2025-04-14,C00235,0,2025-05-29T00:00:00Z
2025-03-01,C00236,0,2025-04-15T00:00:00Z
2025-03-02,C00236,0,2025-04-16T00:00:00Z
2025-03-03,C00236,0,2025-04-17T00:00:00Z
2025-03-04,C00236,0,2025-04-18T00:00:00Z
2025-03-05,C00236,0,2025-04-19T00:00:00Z
2025-03-06,C00236,0,2025-04-20T00:00:00Z
2025-03-07,C00236,0,2025-04-21T00:00:00Z
2025-03-08,C00236,0,2025-04-22T00:00:00Z
2025-03-09,C00236,0,2025-04-23T00:00:00Z
2025-03-10,C00236,0,2025-04-24T00:00:00Z
2025-03-11,C00236,0,2025-04-25T00:00:00Z
2025-03-12,C00236,0,2025-04-26T00:00:00Z
2025-03-13,C00236,0,2025-04-27T00:00:00Z
2025-03-14,C00236,1,2025-04-28T00:00:00Z
2025-03-15,C00236,0,2025-04-29T00:00:00Z
2025-03-16,C00236,1,2025-04-30T00:00:00Z
2025-03-17,C00236,0,2025-05-01T00:00:00Z
2025-03-18,C00236,0,2025-05-02T00:00:00Z
2025-03-19,C00236,0,2025-05-03T00:00:00Z
2025-03-20,C00236,0,2025-05-04T00:00:00Z
2025-03-21,C00236,0,2025-05-05T00:00:00Z
2025-03-22,C00236,0,2025-05-06T00:00:00Z
2025-03-23,C00236,0,2025-05-07T00:00:00Z
2025-03-24,C00236,0,2025-05-08T00:00:00Z
2025-03-25,C00236,0,2025-05-09T00:00:00Z
2025-03-26,C00236,0,2025-05-10T00:00:00Z
2025-03-27,C00236,0,2025-05-11T00:00:00Z
2025-03-28,C00236,0,2025-05-12T00:00:00Z
2025-03-29,C00236,0,2025-05-13T00:00:00Z
2025-03-30,C00236,0,2025-05-14T00:00:00Z
2025-03-31,C00236,0,2025-05-15T00:00:00Z
2025-04-01,C00236,0,2025-05-16T00:00:00Z
2025-04-02,C00236,0,2025-05-17T00:00:00Z
2025-04-03,C00236,0,2025-05-18T00:00:00Z
2025-04-04,C00236,0,2025-05-19T00:00:00Z
2025-04-05,C00236,0,2025-05-20T00:00:00Z
2025-04-06,C00236,0,2025-05-21T00:00:00Z
2025-04-07,C00236,0,2025-05-22T00:00:00Z
2025-04-08,C00236,0,2025-05-23T00:00:00Z
2025-04-09,C00236,0,2025-05-24T00:00:00Z
2025-04-10,C00236,0,2025-05-25T00:00:00Z
2025-04-11,C00236,0,2025-05-26T00:00:00Z
2025-04-12,C00236,0,2025-05-27T00:00:00Z
2025-04-13,C00236,0,2025-05-28T00:00:00Z
2025-04-14,C00236,0,2025-05-29T00:00:00Z
2025-03-01,C00237,0,2025-04-15T00:00:00Z
2025-03-02,C00237,0,2025-04-16T00:00:00Z
2025-03-03,C00237,0,2025-04-17T00:00:00Z
2025-03-04,C00237,0,2025-04-18T00:00:00Z
2025-03-05,C00237,0,2025-04-19T00:00:00Z
2025-03-06,C00237,0,2025-04-20T00:00:00Z
2025-03-07,C00237,0,2025-04-21T00:00:00Z
2025-03-08,C00237,0,2025-04-22T00:00:00Z
2025-03-09,C00237,0,2025-04-23T00:00:00Z
2025-03-10,C00237,0,2025-04-24T00:00:00Z
2025-03-11,C00237,0,2025-04-25T00:00:00Z
2025-03-12,C00237,0,2025-04-26T00:00:00Z
2025-03-13,C00237,0,2025-04-27T00:00:00Z
2025-03-14,C00237,0,2025-04-28T00:00:00Z
2025-03-15,C00237,0,2025-04-29T00:00:00Z
2025-03-16,C00237,0,2025-04-30T00:00:00Z
2025-03-17,C00237,0,2025-05-01T00:00:00Z
2025-03-18,C00237,0,2025-05-02T00:00:00Z
2025-03-19,C00237,0,2025-05-03T00:00:00Z
2025-03-20,C00237,0,2025-05-04T00:00:00Z
2025-03-21,C00237,0,2025-05-05T00:00:00Z
2025-03-22,C00237,0,2025-05-06T00:00:00Z
2025-03-23,C00237,0,2025-05-07T00:00:00Z
2025-03-24,C00237,0,2025-05-08T00:00:00Z
2025-03-25,C00237,0,2025-05-09T00:00:00Z
2025-03-26,C00237,0,2025-05-10T00:00:00Z
2025-03-27,C00237,0,2025-05-11T00:00:00Z
2025-03-28,C00237,0,2025-05-12T00:00:00Z
2025-03-29,C00237,0,2025-05-13T00:00:00Z
2025-03-30,C00237,0,2025-05-14T00:00:00Z
2025-03-31,C00237,0,2025-05-15T00:00:00Z
2025-04-01,C00237,0,2025-05-16T00:00:00Z
2025-04-02,C00237,0,2025-05-17T00:00:00Z
2025-04-03,C00237,0,2025-05-18T00:00:00Z
2025-04-04,C00237,0,2025-05-19T00:00:00Z
2025-04-05,C00237,0,2025-05-20T00:00:00Z
2025-04-06,C00237,0,2025-05-21T00:00:00Z
2025-04-07,C00237,0,2025-05-22T00:00:00Z
2025-04-08,C00237,0,2025-05-23T00:00:00Z
2025-04-09,C00237,0,2025-05-24T00:00:00Z
2025-04-10,C00237,0,2025-05-25T00:00:00Z
2025-04-11,C00237,1,2025-05-26T00:00:00Z
2025-04-12,C00237,0,2025-05-27T00:00:00Z
2025-04-13,C00237,0,2025-05-28T00:00:00Z
2025-04-14,C00237,0,2025-05-29T00:00:00Z
2025-03-01,C00238,0,2025-04-15T00:00:00Z
2025-03-02,C00238,0,2025-04-16T00:00:00Z
2025-03-03,C00238,0,2025-04-17T00:00:00Z
2025-03-04,C00238,0,2025-04-18T00:00:00Z
2025-03-05,C00238,0,2025-04-19T00:00:00Z
2025-03-06,C00238,0,2025-04-20T00:00:00Z
2025-03-07,C00238,0,2025-04-21T00:00:00Z
2025-03-08,C00238,0,2025-04-22T00:00:00Z
2025-03-09,C00238,1,2025-04-23T00:00:00Z
2025-03-10,C00238,0,2025-04-24T00:00:00Z
2025-03-11,C00238,0,2025-04-25T00:00:00Z
2025-03-12,C00238,0,2025-04-26T00:00:00Z
2025-03-13,C00238,0,2025-04-27T00:00:00Z
2025-03-14,C00238,0,2025-04-28T00:00:00Z
2025-03-15,C00238,0,2025-04-29T00:00:00Z
2025-03-16,C00238,0,2025-04-30T00:00:00Z
2025-03-17,C00238,0,2025-05-01T00:00:00Z
2025-03-18,C00238,0,2025-05-02T00:00:00Z
2025-03-19,C00238,0,2025-05-03T00:00:00Z
2025-03-20,C00238,0,2025-05-04T00:00:00Z
2025-03-21,C00238,0,2025-05-05T00:00:00Z
2025-03-22,C00238,0,2025-05-06T00:00:00Z
2025-03-23,C00238,0,2025-05-07T00:00:00Z
2025-03-24,C00238,0,2025-05-08T00:00:00Z
2025-03-25,C00238,0,2025-05-09T00:00:00Z
2025-03-26,C00238,0,2025-05-10T00:00:00Z
2025-03-27,C00238,0,2025-05-11T00:00:00Z
2025-03-28,C00238,0,2025-05-12T00:00:00Z
2025-03-29,C00238,0,2025-05-13T00:00:00Z
2025-03-30,C00238,0,2025-05-14T00:00:00Z
2025-03-31,C00238,0,2025-05-15T00:00:00Z
2025-04-01,C00238,1,2025-05-16T00:00:00Z
2025-04-02,C00238,0,2025-05-17T00:00:00Z
2025-04-03,C00238,0,2025-05-18T00:00:00Z
2025-04-04,C00238,0,2025-05-19T00:00:00Z
2025-04-05,C00238,0,2025-05-20T00:00:00Z
2025-04-06,C00238,0,2025-05-21T00:00:00Z
2025-04-07,C00238,1,2025-05-22T00:00:00Z
2025-04-08,C00238,0,2025-05-23T00:00:00Z
2025-04-09,C00238,0,2025-05-24T00:00:00Z
2025-04-10,C00238,0,2025-05-25T00:00:00Z
2025-04-11,C00238,0,2025-05-26T00:00:00Z
2025-04-12,C00238,0,2025-05-27T00:00:00Z
2025-04-13,C00238,0,2025-05-28T00:00:00Z
2025-04-14,C00238,1,2025-05-29T00:00:00Z
2025-03-01,C00239,0,2025-04-15T00:00:00Z
2025-03-02,C00239,0,2025-04-16T00:00:00Z
2025-03-03,C00239,0,2025-04-17T00:00:00Z
2025-03-04,C00239,0,2025-04-18T00:00:00Z
2025-03-05,C00239,0,2025-04-19T00:00:00Z
2025-03-06,C00239,1,2025-04-20T00:00:00Z
2025-03-07,C00239,0,2025-04-21T00:00:00Z
2025-03-08,C00239,0,2025-04-22T00:00:00Z
2025-03-09,C00239,0,2025-04-23T00:00:00Z
2025-03-10,C00239,0,2025-04-24T00:00:00Z
2025-03-11,C00239,0,2025-04-25T00:00:00Z
2025-03-12,C00239,0,2025-04-26T00:00:00Z
2025-03-13,C00239,0,2025-04-27T00:00:00Z
2025-03-14,C00239,0,2025-04-28T00:00:00Z
2025-03-15,C00239,0,2025-04-29T00:00:00Z
2025-03-16,C00239,0,2025-04-30T00:00:00Z
2025-03-17,C00239,0,2025-05-01T00:00:00Z
2025-03-18,C00239,0,2025-05-02T00:00:00Z
2025-03-19,C00239,0,2025-05-03T00:00:00Z
2025-03-20,C00239,0,2025-05-04T00:00:00Z
2025-03-21,C00239,0,2025-05-05T00:00:00Z
2025-03-22,C00239,0,2025-05-06T00:00:00Z
2025-03-23,C00239,0,2025-05-07T00:00:00Z
2025-03-24,C00239,0,2025-05-08T00:00:00Z
2025-03-25,C00239,0,2025-05-09T00:00:00Z
2025-03-26,C00239,0,2025-05-10T00:00:00Z
2025-03-27,C00239,0,2025-05-11T00:00:00Z
2025-03-28,C00239,0,2025-05-12T00:00:00Z
2025-03-29,C00239,0,2025-05-13T00:00:00Z
2025-03-30,C00239,0,2025-05-14T00:00:00Z
2025-03-31,C00239,1,2025-05-15T00:00:00Z
2025-04-01,C00239,0,2025-05-16T00:00:00Z
2025-04-02,C00239,0,2025-05-17T00:00:00Z
2025-04-03,C00239,0,2025-05-18T00:00:00Z
2025-04-04,C00239,0,2025-05-19T00:00:00Z
2025-04-05,C00239,0,2025-05-20T00:00:00Z
2025-04-06,C00239,0,2025-05-21T00:00:00Z
2025-04-07,C00239,0,2025-05-22T00:00:00Z
2025-04-08,C00239,1,2025-05-23T00:00:00Z
2025-04-09,C00239,0,2025-05-24T00:00:00Z
2025-04-10,C00239,0,2025-05-25T00:00:00Z
2025-04-11,C00239,0,2025-05-26T00:00:00Z
2025-04-12,C00239,0,2025-05-27T00:00:00Z
2025-04-13,C00239,0,2025-05-28T00:00:00Z
2025-04-14,C00239,0,2025-05-29T00:00:00Z
2025-03-01,C00240,1,2025-04-15T00:00:00Z
2025-03-02,C00240,0,2025-04-16T00:00:00Z
2025-03-03,C00240,0,2025-04-17T00:00:00Z
2025-03-04,C00240,0,2025-04-18T00:00:00Z
2025-03-05,C00240,0,2025-04-19T00:00:00Z
2025-03-06,C00240,0,2025-04-20T00:00:00Z
2025-03-07,C00240,0,2025-04-21T00:00:00Z
2025-03-08,C00240,0,2025-04-22T00:00:00Z
2025-03-09,C00240,0,2025-04-23T00:00:00Z
2025-03-10,C00240,0,2025-04-24T00:00:00Z
2025-03-11,C00240,0,2025-04-25T00:00:00Z
2025-03-12,C00240,1,2025-04-26T00:00:00Z
2025-03-13,C00240,0,2025-04-27T00:00:00Z
2025-03-14,C00240,0,2025-04-28T00:00:00Z
2025-03-15,C00240,0,2025-04-29T00:00:00Z
2025-03-16,C00240,0,2025-04-30T00:00:00Z
2025-03-17,C00240,0,2025-05-01T00:00:00Z
2025-03-18,C00240,0,2025-05-02T00:00:00Z
2025-03-19,C00240,0,2025-05-03T00:00:00Z
2025-03-20,C00240,0,2025-05-04T00:00:00Z
2025-03-21,C00240,0,2025-05-05T00:00:00Z
2025-03-22,C00240,0,2025-05-06T00:00:00Z
2025-03-23,C00240,0,2025-05-07T00:00:00Z
2025-03-24,C00240,1,2025-05-08T00:00:00Z
2025-03-25,C00240,0,2025-05-09T00:00:00Z
2025-03-26,C00240,0,2025-05-10T00:00:00Z
2025-03-27,C00240,0,2025-05-11T00:00:00Z
2025-03-28,C00240,0,2025-05-12T00:00:00Z
2025-03-29,C00240,0,2025-05-13T00:00:00Z
2025-03-30,C00240,0,2025-05-14T00:00:00Z
2025-03-31,C00240,0,2025-05-15T00:00:00Z
2025-04-01,C00240,0,2025-05-16T00:00:00Z
2025-04-02,C00240,0,2025-05-17T00:00:00Z
2025-04-03,C00240,0,2025-05-18T00:00:00Z
2025-04-04,C00240,0,2025-05-19T00:00:00Z
2025-04-05,C00240,0,2025-05-20T00:00:00Z
2025-04-06,C00240,0,2025-05-21T00:00:00Z
2025-04-07,C00240,0,2025-05-22T00:00:00Z
2025-04-08,C00240,0,2025-05-23T00:00:00Z
2025-04-09,C00240,0,2025-05-24T00:00:00Z
2025-04-10,C00240,0,2025-05-25T00:00:00Z
2025-04-11,C00240,0,2025-05-26T00:00:00Z
2025-04-12,C00240,1,2025-05-27T00:00:00Z
2025-04-13,C00240,0,2025-05-28T00:00:00Z
2025-04-14,C00240,0,2025-05-29T00:00:00Z
2025-03-01,C00241,0,2025-04-15T00:00:00Z
2025-03-02,C00241,0,2025-04-16T00:00:00Z
2025-03-03,C00241,0,2025-04-17T00:00:00Z
2025-03-04,C00241,0,2025-04-18T00:00:00Z
2025-03-05,C00241,0,2025-04-19T00:00:00Z
2025-03-06,C00241,0,2025-04-20T00:00:00Z
2025-03-07,C00241,0,2025-04-21T00:00:00Z
2025-03-08,C00241,0,2025-04-22T00:00:00Z
2025-03-09,C00241,0,2025-04-23T00:00:00Z
2025-03-10,C00241,0,2025-04-24T00:00:00Z
2025-03-11,C00241,0,2025-04-25T00:00:00Z
2025-03-12,C00241,0,2025-04-26T00:00:00Z
2025-03-13,C00241,0,2025-04-27T00:00:00Z
2025-03-14,C00241,0,2025-04-28T00:00:00Z
2025-03-15,C00241,0,2025-04-29T00:00:00Z
2025-03-16,C00241,0,2025-04-30T00:00:00Z
2025-03-17,C00241,0,2025-05-01T00:00:00Z
2025-03-18,C00241,0,2025-05-02T00:00:00Z
2025-03-19,C00241,0,2025-05-03T00:00:00Z
2025-03-20,C00241,0,2025-05-04T00:00:00Z
2025-03-21,C00241,0,2025-05-05T00:00:00Z
2025-03-22,C00241,0,2025-05-06T00:00:00Z
2025-03-23,C00241,0,2025-05-07T00:00:00Z
2025-03-24,C00241,0,2025-05-08T00:00:00Z
2025-03-25,C00241,0,2025-05-09T00:00:00Z
2025-03-26,C00241,0,2025-05-10T00:00:00Z
2025-03-27,C00241,0,2025-05-11T00:00:00Z
2025-03-28,C00241,0,2025-05-12T00:00:00Z
2025-03-29,C00241,0,2025-05-13T00:00:00Z
2025-03-30,C00241,0,2025-05-14T00:00:00Z
2025-03-31,C00241,0,2025-05-15T00:00:00Z
2025-04-01,C00241,0,2025-05-16T00:00:00Z
2025-04-02,C00241,0,2025-05-17T00:00:00Z
2025-04-03,C00241,0,2025-05-18T00:00:00Z
2025-04-04,C00241,0,2025-05-19T00:00:00Z
2025-04-05,C00241,0,2025-05-20T00:00:00Z
2025-04-06,C00241,0,2025-05-21T00:00:00Z
2025-04-07,C00241,0,2025-05-22T00:00:00Z
2025-04-08,C00241,0,2025-05-23T00:00:00Z
2025-04-09,C00241,0,2025-05-24T00:00:00Z
2025-04-10,C00241,0,2025-05-25T00:00:00Z
2025-04-11,C00241,0,2025-05-26T00:00:00Z
2025-04-12,C00241,0,2025-05-27T00:00:00Z
2025-04-13,C00241,0,2025-05-28T00:00:00Z
2025-04-14,C00241,0,2025-05-29T00:00:00Z
2025-03-01,C00242,0,2025-04-15T00:00:00Z
2025-03-02,C00242,0,2025-04-16T00:00:00Z
2025-03-03,C00242,0,2025-04-17T00:00:00Z
2025-03-04,C00242,0,2025-04-18T00:00:00Z
2025-03-05,C00242,1,2025-04-19T00:00:00Z
2025-03-06,C00242,0,2025-04-20T00:00:00Z
2025-03-07,C00242,0,2025-04-21T00:00:00Z
2025-03-08,C00242,1,2025-04-22T00:00:00Z
2025-03-09,C00242,1,2025-04-23T00:00:00Z
2025-03-10,C00242,0,2025-04-24T00:00:00Z
2025-03-11,C00242,0,2025-04-25T00:00:00Z
2025-03-12,C00242,0,2025-04-26T00:00:00Z
2025-03-13,C00242,0,2025-04-27T00:00:00Z
2025-03-14,C00242,0,2025-04-28T00:00:00Z
2025-03-15,C00242,0,2025-04-29T00:00:00Z
2025-03-16,C00242,0,2025-04-30T00:00:00Z
2025-03-17,C00242,0,2025-05-01T00:00:00Z
2025-03-18,C00242,0,2025-05-02T00:00:00Z
2025-03-19,C00242,0,2025-05-03T00:00:00Z
2025-03-20,C00242,0,2025-05-04T00:00:00Z
2025-03-21,C00242,0,2025-05-05T00:00:00Z
2025-03-22,C00242,0,2025-05-06T00:00:00Z
2025-03-23,C00242,0,2025-05-07T00:00:00Z
2025-03-24,C00242,0,2025-05-08T00:00:00Z
2025-03-25,C00242,0,2025-05-09T00:00:00Z
2025-03-26,C00242,0,2025-05-10T00:00:00Z
2025-03-27,C00242,0,2025-05-11T00:00:00Z
2025-03-28,C00242,0,2025-05-12T00:00:00Z
2025-03-29,C00242,0,2025-05-13T00:00:00Z
2025-03-30,C00242,0,2025-05-14T00:00:00Z
2025-03-31,C00242,0,2025-05-15T00:00:00Z
2025-04-01,C00242,0,2025-05-16T00:00:00Z
2025-04-02,C00242,0,2025-05-17T00:00:00Z
2025-04-03,C00242,0,2025-05-18T00:00:00Z
2025-04-04,C00242,0,2025-05-19T00:00:00Z
2025-04-05,C00242,0,2025-05-20T00:00:00Z
2025-04-06,C00242,0,2025-05-21T00:00:00Z
2025-04-07,C00242,0,2025-05-22T00:00:00Z
2025-04-08,C00242,0,2025-05-23T00:00:00Z
2025-04-09,C00242,0,2025-05-24T00:00:00Z
2025-04-10,C00242,0,2025-05-25T00:00:00Z
2025-04-11,C00242,0,2025-05-26T00:00:00Z
2025-04-12,C00242,0,2025-05-27T00:00:00Z
2025-04-13,C00242,0,2025-05-28T00:00:00Z
2025-04-14,C00242,0,2025-05-29T00:00:00Z
2025-03-01,C00243,0,2025-04-15T00:00:00Z
2025-03-02,C00243,0,2025-04-16T00:00:00Z
2025-03-03,C00243,0,2025-04-17T00:00:00Z
2025-03-04,C00243,0,2025-04-18T00:00:00Z
2025-03-05,C00243,0,2025-04-19T00:00:00Z
2025-03-06,C00243,0,2025-04-20T00:00:00Z
2025-03-07,C00243,0,2025-04-21T00:00:00Z
2025-03-08,C00243,0,2025-04-22T00:00:00Z
2025-03-09,C00243,0,2025-04-23T00:00:00Z
2025-03-10,C00243,0,2025-04-24T00:00:00Z
2025-03-11,C00243,0,2025-04-25T00:00:00Z
2025-03-12,C00243,0,2025-04-26T00:00:00Z
2025-03-13,C00243,0,2025-04-27T00:00:00Z
2025-03-14,C00243,0,2025-04-28T00:00:00Z
2025-03-15,C00243,0,2025-04-29T00:00:00Z
2025-03-16,C00243,0,2025-04-30T00:00:00Z
2025-03-17,C00243,0,2025-05-01T00:00:00Z
2025-03-18,C00243,0,2025-05-02T00:00:00Z
2025-03-19,C00243,0,2025-05-03T00:00:00Z
2025-03-20,C00243,0,2025-05-04T00:00:00Z
2025-03-21,C00243,0,2025-05-05T00:00:00Z
2025-03-22,C00243,0,2025-05-06T00:00:00Z
2025-03-23,C00243,0,2025-05-07T00:00:00Z
2025-03-24,C00243,0,2025-05-08T00:00:00Z
2025-03-25,C00243,0,2025-05-09T00:00:00Z
2025-03-26,C00243,0,2025-05-10T00:00:00Z
2025-03-27,C00243,0,2025-05-11T00:00:00Z
2025-03-28,C00243,0,2025-05-12T00:00:00Z
2025-03-29,C00243,0,2025-05-13T00:00:00Z
2025-03-30,C00243,0,2025-05-14T00:00:00Z
2025-03-31,C00243,0,2025-05-15T00:00:00Z
2025-04-01,C00243,0,2025-05-16T00:00:00Z
2025-04-02,C00243,0,2025-05-17T00:00:00Z
2025-04-03,C00243,0,2025-05-18T00:00:00Z
2025-04-04,C00243,0,2025-05-19T00:00:00Z
2025-04-05,C00243,0,2025-05-20T00:00:00Z
2025-04-06,C00243,0,2025-05-21T00:00:00Z
2025-04-07,C00243,0,2025-05-22T00:00:00Z
2025-04-08,C00243,0,2025-05-23T00:00:00Z
2025-04-09,C00243,0,2025-05-24T00:00:00Z
2025-04-10,C00243,0,2025-05-25T00:00:00Z
2025-04-11,C00243,0,2025-05-26T00:00:00Z
2025-04-12,C00243,0,2025-05-27T00:00:00Z
2025-04-13,C00243,0,2025-05-28T00:00:00Z
2025-04-14,C00243,0,2025-05-29T00:00:00Z
2025-03-01,C00244,0,2025-04-15T00:00:00Z
2025-03-02,C00244,0,2025-04-16T00:00:00Z
2025-03-03,C00244,0,2025-04-17T00:00:00Z
2025-03-04,C00244,0,2025-04-18T00:00:00Z
2025-03-05,C00244,0,2025-04-19T00:00:00Z
2025-03-06,C00244,0,2025-04-20T00:00:00Z
2025-03-07,C00244,0,2025-04-21T00:00:00Z
2025-03-08,C00244,0,2025-04-22T00:00:00Z
2025-03-09,C00244,0,2025-04-23T00:00:00Z
2025-03-10,C00244,0,2025-04-24T00:00:00Z
2025-03-11,C00244,0,2025-04-25T00:00:00Z
2025-03-12,C00244,0,2025-04-26T00:00:00Z
2025-03-13,C00244,0,2025-04-27T00:00:00Z
2025-03-14,C00244,0,2025-04-28T00:00:00Z
2025-03-15,C00244,0,2025-04-29T00:00:00Z
2025-03-16,C00244,0,2025-04-30T00:00:00Z
2025-03-17,C00244,0,2025-05-01T00:00:00Z
2025-03-18,C00244,0,2025-05-02T00:00:00Z
2025-03-19,C00244,0,2025-05-03T00:00:00Z
2025-03-20,C00244,0,2025-05-04T00:00:00Z
2025-03-21,C00244,0,2025-05-05T00:00:00Z
2025-03-22,C00244,0,2025-05-06T00:00:00Z
2025-03-23,C00244,0,2025-05-07T00:00:00Z
2025-03-24,C00244,0,2025-05-08T00:00:00Z
2025-03-25,C00244,0,2025-05-09T00:00:00Z
2025-03-26,C00244,0,2025-05-10T00:00:00Z
2025-03-27,C00244,0,2025-05-11T00:00:00Z
2025-03-28,C00244,0,2025-05-12T00:00:00Z
2025-03-29,C00244,0,2025-05-13T00:00:00Z
2025-03-30,C00244,0,2025-05-14T00:00:00Z
2025-03-31,C00244,0,2025-05-15T00:00:00Z
2025-04-01,C00244,0,2025-05-16T00:00:00Z
2025-04-02,C00244,0,2025-05-17T00:00:00Z
2025-04-03,C00244,0,2025-05-18T00:00:00Z
2025-04-04,C00244,0,2025-05-19T00:00:00Z
2025-04-05,C00244,0,2025-05-20T00:00:00Z
2025-04-06,C00244,0,2025-05-21T00:00:00Z
2025-04-07,C00244,0,2025-05-22T00:00:00Z
2025-04-08,C00244,0,2025-05-23T00:00:00Z
2025-04-09,C00244,0,2025-05-24T00:00:00Z
2025-04-10,C00244,0,2025-05-25T00:00:00Z
2025-04-11,C00244,0,2025-05-26T00:00:00Z
2025-04-12,C00244,0,2025-05-27T00:00:00Z
2025-04-13,C00244,0,2025-05-28T00:00:00Z
2025-04-14,C00244,0,2025-05-29T00:00:00Z
2025-03-01,C00245,0,2025-04-15T00:00:00Z
2025-03-02,C00245,0,2025-04-16T00:00:00Z
2025-03-03,C00245,0,2025-04-17T00:00:00Z
2025-03-04,C00245,0,2025-04-18T00:00:00Z
2025-03-05,C00245,0,2025-04-19T00:00:00Z
2025-03-06,C00245,0,2025-04-20T00:00:00Z
2025-03-07,C00245,0,2025-04-21T00:00:00Z
2025-03-08,C00245,0,2025-04-22T00:00:00Z
2025-03-09,C00245,0,2025-04-23T00:00:00Z
2025-03-10,C00245,0,2025-04-24T00:00:00Z
2025-03-11,C00245,0,2025-04-25T00:00:00Z
2025-03-12,C00245,0,2025-04-26T00:00:00Z
2025-03-13,C00245,0,2025-04-27T00:00:00Z
2025-03-14,C00245,0,2025-04-28T00:00:00Z
2025-03-15,C00245,0,2025-04-29T00:00:00Z
2025-03-16,C00245,0,2025-04-30T00:00:00Z
2025-03-17,C00245,0,2025-05-01T00:00:00Z
2025-03-18,C00245,0,2025-05-02T00:00:00Z
2025-03-19,C00245,0,2025-05-03T00:00:00Z
2025-03-20,C00245,0,2025-05-04T00:00:00Z
2025-03-21,C00245,0,2025-05-05T00:00:00Z
2025-03-22,C00245,0,2025-05-06T00:00:00Z
2025-03-23,C00245,1,2025-05-07T00:00:00Z
2025-03-24,C00245,0,2025-05-08T00:00:00Z
2025-03-25,C00245,0,2025-05-09T00:00:00Z
2025-03-26,C00245,0,2025-05-10T00:00:00Z
2025-03-27,C00245,0,2025-05-11T00:00:00Z
2025-03-28,C00245,0,2025-05-12T00:00:00Z
2025-03-29,C00245,0,2025-05-13T00:00:00Z
2025-03-30,C00245,1,2025-05-14T00:00:00Z
2025-03-31,C00245,0,2025-05-15T00:00:00Z
2025-04-01,C00245,0,2025-05-16T00:00:00Z
2025-04-02,C00245,1,2025-05-17T00:00:00Z
2025-04-03,C00245,0,2025-05-18T00:00:00Z
2025-04-04,C00245,0,2025-05-19T00:00:00Z
2025-04-05,C00245,0,2025-05-20T00:00:00Z
2025-04-06,C00245,1,2025-05-21T00:00:00Z
2025-04-07,C00245,0,2025-05-22T00:00:00Z
2025-04-08,C00245,0,2025-05-23T00:00:00Z
2025-04-09,C00245,0,2025-05-24T00:00:00Z
2025-04-10,C00245,0,2025-05-25T00:00:00Z
2025-04-11,C00245,0,2025-05-26T00:00:00Z
2025-04-12,C00245,0,2025-05-27T00:00:00Z
2025-04-13,C00245,0,2025-05-28T00:00:00Z
2025-04-14,C00245,0,2025-05-29T00:00:00Z
2025-03-01,C00246,0,2025-04-15T00:00:00Z
2025-03-02,C00246,0,2025-04-16T00:00:00Z
2025-03-03,C00246,0,2025-04-17T00:00:00Z
2025-03-04,C00246,0,2025-04-18T00:00:00Z
2025-03-05,C00246,0,2025-04-19T00:00:00Z
2025-03-06,C00246,0,2025-04-20T00:00:00Z
2025-03-07,C00246,0,2025-04-21T00:00:00Z
2025-03-08,C00246,0,2025-04-22T00:00:00Z
2025-03-09,C00246,0,2025-04-23T00:00:00Z
2025-03-10,C00246,0,2025-04-24T00:00:00Z
2025-03-11,C00246,0,2025-04-25T00:00:00Z
2025-03-12,C00246,0,2025-04-26T00:00:00Z
2025-03-13,C00246,0,2025-04-27T00:00:00Z
2025-03-14,C00246,0,2025-04-28T00:00:00Z
2025-03-15,C00246,0,2025-04-29T00:00:00Z
2025-03-16,C00246,0,2025-04-30T00:00:00Z
2025-03-17,C00246,0,2025-05-01T00:00:00Z
2025-03-18,C00246,0,2025-05-02T00:00:00Z
2025-03-19,C00246,0,2025-05-03T00:00:00Z
2025-03-20,C00246,0,2025-05-04T00:00:00Z
2025-03-21,C00246,0,2025-05-05T00:00:00Z
2025-03-22,C00246,0,2025-05-06T00:00:00Z
2025-03-23,C00246,0,2025-05-07T00:00:00Z
2025-03-24,C00246,0,2025-05-08T00:00:00Z
2025-03-25,C00246,0,2025-05-09T00:00:00Z
2025-03-26,C00246,0,2025-05-10T00:00:00Z
2025-03-27,C00246,0,2025-05-11T00:00:00Z
2025-03-28,C00246,0,2025-05-12T00:00:00Z
2025-03-29,C00246,0,2025-05-13T00:00:00Z
2025-03-30,C00246,0,2025-05-14T00:00:00Z
2025-03-31,C00246,0,2025-05-15T00:00:00Z
2025-04-01,C00246,0,2025-05-16T00:00:00Z
2025-04-02,C00246,0,2025-05-17T00:00:00Z
2025-04-03,C00246,0,2025-05-18T00:00:00Z
2025-04-04,C00246,0,2025-05-19T00:00:00Z
2025-04-05,C00246,0,2025-05-20T00:00:00Z
2025-04-06,C00246,0,2025-05-21T00:00:00Z
2025-04-07,C00246,0,2025-05-22T00:00:00Z
2025-04-08,C00246,0,2025-05-23T00:00:00Z
2025-04-09,C00246,0,2025-05-24T00:00:00Z
2025-04-10,C00246,1,2025-05-25T00:00:00Z
2025-04-11,C00246,0,2025-05-26T00:00:00Z
2025-04-12,C00246,0,2025-05-27T00:00:00Z
2025-04-13,C00246,0,2025-05-28T00:00:00Z
2025-04-14,C00246,1,2025-05-29T00:00:00Z
2025-03-01,C00247,0,2025-04-15T00:00:00Z
2025-03-02,C00247,0,2025-04-16T00:00:00Z
2025-03-03,C00247,0,2025-04-17T00:00:00Z
2025-03-04,C00247,1,2025-04-18T00:00:00Z
2025-03-05,C00247,0,2025-04-19T00:00:00Z
2025-03-06,C00247,0,2025-04-20T00:00:00Z
2025-03-07,C00247,1,2025-04-21T00:00:00Z
2025-03-08,C00247,0,2025-04-22T00:00:00Z
2025-03-09,C00247,0,2025-04-23T00:00:00Z
2025-03-10,C00247,0,2025-04-24T00:00:00Z
2025-03-11,C00247,0,2025-04-25T00:00:00Z
2025-03-12,C00247,0,2025-04-26T00:00:00Z
2025-03-13,C00247,0,2025-04-27T00:00:00Z
2025-03-14,C00247,1,2025-04-28T00:00:00Z
2025-03-15,C00247,0,2025-04-29T00:00:00Z
2025-03-16,C00247,0,2025-04-30T00:00:00Z
2025-03-17,C00247,0,2025-05-01T00:00:00Z
2025-03-18,C00247,0,2025-05-02T00:00:00Z
2025-03-19,C00247,0,2025-05-03T00:00:00Z
2025-03-20,C00247,0,2025-05-04T00:00:00Z
2025-03-21,C00247,0,2025-05-05T00:00:00Z
2025-03-22,C00247,0,2025-05-06T00:00:00Z
2025-03-23,C00247,0,2025-05-07T00:00:00Z
2025-03-24,C00247,0,2025-05-08T00:00:00Z
2025-03-25,C00247,0,2025-05-09T00:00:00Z
2025-03-26,C00247,0,2025-05-10T00:00:00Z
2025-03-27,C00247,0,2025-05-11T00:00:00Z
2025-03-28,C00247,0,2025-05-12T00:00:00Z
2025-03-29,C00247,0,2025-05-13T00:00:00Z
2025-03-30,C00247,0,2025-05-14T00:00:00Z
2025-03-31,C00247,0,2025-05-15T00:00:00Z
2025-04-01,C00247,0,2025-05-16T00:00:00Z
2025-04-02,C00247,0,2025-05-17T00:00:00Z
2025-04-03,C00247,0,2025-05-18T00:00:00Z
2025-04-04,C00247,0,2025-05-19T00:00:00Z
2025-04-05,C00247,0,2025-05-20T00:00:00Z
2025-04-06,C00247,0,2025-05-21T00:00:00Z
2025-04-07,C00247,0,2025-05-22T00:00:00Z
2025-04-08,C00247,0,2025-05-23T00:00:00Z
2025-04-09,C00247,0,2025-05-24T00:00:00Z
2025-04-10,C00247,0,2025-05-25T00:00:00Z
2025-04-11,C00247,0,2025-05-26T00:00:00Z
2025-04-12,C00247,0,2025-05-27T00:00:00Z
2025-04-13,C00247,0,2025-05-28T00:00:00Z
2025-04-14,C00247,0,2025-05-29T00:00:00Z
2025-03-01,C00248,0,2025-04-15T00:00:00Z
2025-03-02,C00248,0,2025-04-16T00:00:00Z
2025-03-03,C00248,0,2025-04-17T00:00:00Z
2025-03-04,C00248,0,2025-04-18T00:00:00Z
2025-03-05,C00248,0,2025-04-19T00:00:00Z
2025-03-06,C00248,0,2025-04-20T00:00:00Z
2025-03-07,C00248,0,2025-04-21T00:00:00Z
2025-03-08,C00248,0,2025-04-22T00:00:00Z
2025-03-09,C00248,0,2025-04-23T00:00:00Z
2025-03-10,C00248,0,2025-04-24T00:00:00Z
2025-03-11,C00248,0,2025-04-25T00:00:00Z
2025-03-12,C00248,0,2025-04-26T00:00:00Z
2025-03-13,C00248,0,2025-04-27T00:00:00Z
2025-03-14,C00248,0,2025-04-28T00:00:00Z
2025-03-15,C00248,0,2025-04-29T00:00:00Z
2025-03-16,C00248,0,2025-04-30T00:00:00Z
2025-03-17,C00248,0,2025-05-01T00:00:00Z
2025-03-18,C00248,0,2025-05-02T00:00:00Z
2025-03-19,C00248,0,2025-05-03T00:00:00Z
2025-03-20,C00248,0,2025-05-04T00:00:00Z
2025-03-21,C00248,0,2025-05-05T00:00:00Z
2025-03-22,C00248,0,2025-05-06T00:00:00Z
2025-03-23,C00248,0,2025-05-07T00:00:00Z
2025-03-24,C00248,0,2025-05-08T00:00:00Z
2025-03-25,C00248,0,2025-05-09T00:00:00Z
2025-03-26,C00248,0,2025-05-10T00:00:00Z
2025-03-27,C00248,0,2025-05-11T00:00:00Z
2025-03-28,C00248,0,2025-05-12T00:00:00Z
2025-03-29,C00248,0,2025-05-13T00:00:00Z
2025-03-30,C00248,0,2025-05-14T00:00:00Z
2025-03-31,C00248,0,2025-05-15T00:00:00Z
2025-04-01,C00248,0,2025-05-16T00:00:00Z
2025-04-02,C00248,0,2025-05-17T00:00:00Z
2025-04-03,C00248,0,2025-05-18T00:00:00Z
2025-04-04,C00248,0,2025-05-19T00:00:00Z
2025-04-05,C00248,0,2025-05-20T00:00:00Z
2025-04-06,C00248,0,2025-05-21T00:00:00Z
2025-04-07,C00248,0,2025-05-22T00:00:00Z
2025-04-08,C00248,0,2025-05-23T00:00:00Z
2025-04-09,C00248,0,2025-05-24T00:00:00Z
2025-04-10,C00248,0,2025-05-25T00:00:00Z
2025-04-11,C00248,0,2025-05-26T00:00:00Z
2025-04-12,C00248,0,2025-05-27T00:00:00Z
2025-04-13,C00248,0,2025-05-28T00:00:00Z
2025-04-14,C00248,0,2025-05-29T00:00:00Z
2025-03-01,C00249,0,2025-04-15T00:00:00Z
2025-03-02,C00249,0,2025-04-16T00:00:00Z
2025-03-03,C00249,0,2025-04-17T00:00:00Z
2025-03-04,C00249,0,2025-04-18T00:00:00Z
2025-03-05,C00249,0,2025-04-19T00:00:00Z
2025-03-06,C00249,0,2025-04-20T00:00:00Z
2025-03-07,C00249,0,2025-04-21T00:00:00Z
2025-03-08,C00249,0,2025-04-22T00:00:00Z
2025-03-09,C00249,0,2025-04-23T00:00:00Z
2025-03-10,C00249,0,2025-04-24T00:00:00Z
2025-03-11,C00249,0,2025-04-25T00:00:00Z
2025-03-12,C00249,0,2025-04-26T00:00:00Z
2025-03-13,C00249,0,2025-04-27T00:00:00Z
2025-03-14,C00249,0,2025-04-28T00:00:00Z
2025-03-15,C00249,0,2025-04-29T00:00:00Z
2025-03-16,C00249,0,2025-04-30T00:00:00Z
2025-03-17,C00249,0,2025-05-01T00:00:00Z
2025-03-18,C00249,0,2025-05-02T00:00:00Z
2025-03-19,C00249,0,2025-05-03T00:00:00Z
2025-03-20,C00249,0,2025-05-04T00:00:00Z
2025-03-21,C00249,0,2025-05-05T00:00:00Z
2025-03-22,C00249,0,2025-05-06T00:00:00Z
2025-03-23,C00249,0,2025-05-07T00:00:00Z
2025-03-24,C00249,0,2025-05-08T00:00:00Z
2025-03-25,C00249,0,2025-05-09T00:00:00Z
2025-03-26,C00249,0,2025-05-10T00:00:00Z
2025-03-27,C00249,0,2025-05-11T00:00:00Z
2025-03-28,C00249,0,2025-05-12T00:00:00Z
2025-03-29,C00249,1,2025-05-13T00:00:00Z
2025-03-30,C00249,0,2025-05-14T00:00:00Z
2025-03-31,C00249,0,2025-05-15T00:00:00Z
2025-04-01,C00249,0,2025-05-16T00:00:00Z
2025-04-02,C00249,0,2025-05-17T00:00:00Z
2025-04-03,C00249,0,2025-05-18T00:00:00Z
2025-04-04,C00249,0,2025-05-19T00:00:00Z
2025-04-05,C00249,0,2025-05-20T00:00:00Z
2025-04-06,C00249,0,2025-05-21T00:00:00Z
2025-04-07,C00249,0,2025-05-22T00:00:00Z
2025-04-08,C00249,0,2025-05-23T00:00:00Z
2025-04-09,C00249,0,2025-05-24T00:00:00Z
2025-04-10,C00249,0,2025-05-25T00:00:00Z
2025-04-11,C00249,0,2025-05-26T00:00:00Z
2025-04-12,C00249,0,2025-05-27T00:00:00Z
2025-04-13,C00249,0,2025-05-28T00:00:00Z
2025-04-14,C00249,0,2025-05-29T00:00:00Z
2025-03-01,C00250,0,2025-04-15T00:00:00Z
2025-03-02,C00250,0,2025-04-16T00:00:00Z
2025-03-03,C00250,0,2025-04-17T00:00:00Z
2025-03-04,C00250,1,2025-04-18T00:00:00Z
2025-03-05,C00250,0,2025-04-19T00:00:00Z
2025-03-06,C00250,0,2025-04-20T00:00:00Z
2025-03-07,C00250,0,2025-04-21T00:00:00Z
2025-03-08,C00250,0,2025-04-22T00:00:00Z
2025-03-09,C00250,0,2025-04-23T00:00:00Z
2025-03-10,C00250,0,2025-04-24T00:00:00Z
2025-03-11,C00250,0,2025-04-25T00:00:00Z
2025-03-12,C00250,0,2025-04-26T00:00:00Z
2025-03-13,C00250,0,2025-04-27T00:00:00Z
2025-03-14,C00250,0,2025-04-28T00:00:00Z
2025-03-15,C00250,0,2025-04-29T00:00:00Z
2025-03-16,C00250,0,2025-04-30T00:00:00Z
2025-03-17,C00250,0,2025-05-01T00:00:00Z
2025-03-18,C00250,0,2025-05-02T00:00:00Z
2025-03-19,C00250,0,2025-05-03T00:00:00Z
2025-03-20,C00250,0,2025-05-04T00:00:00Z
2025-03-21,C00250,0,2025-05-05T00:00:00Z
2025-03-22,C00250,0,2025-05-06T00:00:00Z
2025-03-23,C00250,0,2025-05-07T00:00:00Z
2025-03-24,C00250,0,2025-05-08T00:00:00Z
2025-03-25,C00250,0,2025-05-09T00:00:00Z
2025-03-26,C00250,0,2025-05-10T00:00:00Z
2025-03-27,C00250,1,2025-05-11T00:00:00Z
2025-03-28,C00250,0,2025-05-12T00:00:00Z
2025-03-29,C00250,0,2025-05-13T00:00:00Z
2025-03-30,C00250,0,2025-05-14T00:00:00Z
2025-03-31,C00250,0,2025-05-15T00:00:00Z
2025-04-01,C00250,0,2025-05-16T00:00:00Z
2025-04-02,C00250,0,2025-05-17T00:00:00Z
2025-04-03,C00250,0,2025-05-18T00:00:00Z
2025-04-04,C00250,0,2025-05-19T00:00:00Z
2025-04-05,C00250,0,2025-05-20T00:00:00Z
2025-04-06,C00250,0,2025-05-21T00:00:00Z
2025-04-07,C00250,0,2025-05-22T00:00:00Z
2025-04-08,C00250,0,2025-05-23T00:00:00Z
2025-04-09,C00250,0,2025-05-24T00:00:00Z
2025-04-10,C00250,0,2025-05-25T00:00:00Z
2025-04-11,C00250,0,2025-05-26T00:00:00Z
2025-04-12,C00250,0,2025-05-27T00:00:00Z
2025-04-13,C00250,0,2025-05-28T00:00:00Z
2025-04-14,C00250,0,2025-05-29T00:00:00Z
2025-03-01,C00251,0,2025-04-15T00:00:00Z
2025-03-02,C00251,0,2025-04-16T00:00:00Z
2025-03-03,C00251,0,2025-04-17T00:00:00Z
2025-03-04,C00251,0,2025-04-18T00:00:00Z
2025-03-05,C00251,0,2025-04-19T00:00:00Z
2025-03-06,C00251,0,2025-04-20T00:00:00Z
2025-03-07,C00251,0,2025-04-21T00:00:00Z
2025-03-08,C00251,0,2025-04-22T00:00:00Z
2025-03-09,C00251,0,2025-04-23T00:00:00Z
2025-03-10,C00251,0,2025-04-24T00:00:00Z
2025-03-11,C00251,0,2025-04-25T00:00:00Z
2025-03-12,C00251,0,2025-04-26T00:00:00Z
2025-03-13,C00251,0,2025-04-27T00:00:00Z
2025-03-14,C00251,0,2025-04-28T00:00:00Z
2025-03-15,C00251,0,2025-04-29T00:00:00Z
2025-03-16,C00251,0,2025-04-30T00:00:00Z
2025-03-17,C00251,0,2025-05-01T00:00:00Z
2025-03-18,C00251,0,2025-05-02T00:00:00Z
2025-03-19,C00251,0,2025-05-03T00:00:00Z
2025-03-20,C00251,0,2025-05-04T00:00:00Z
2025-03-21,C00251,0,2025-05-05T00:00:00Z
2025-03-22,C00251,0,2025-05-06T00:00:00Z
2025-03-23,C00251,0,2025-05-07T00:00:00Z
2025-03-24,C00251,0,2025-05-08T00:00:00Z
2025-03-25,C00251,0,2025-05-09T00:00:00Z
2025-03-26,C00251,0,2025-05-10T00:00:00Z
2025-03-27,C00251,0,2025-05-11T00:00:00Z
2025-03-28,C00251,0,2025-05-12T00:00:00Z
2025-03-29,C00251,0,2025-05-13T00:00:00Z
2025-03-30,C00251,0,2025-05-14T00:00:00Z
2025-03-31,C00251,0,2025-05-15T00:00:00Z
2025-04-01,C00251,0,2025-05-16T00:00:00Z
2025-04-02,C00251,0,2025-05-17T00:00:00Z
2025-04-03,C00251,0,2025-05-18T00:00:00Z
2025-04-04,C00251,0,2025-05-19T00:00:00Z
2025-04-05,C00251,0,2025-05-20T00:00:00Z
2025-04-06,C00251,0,2025-05-21T00:00:00Z
2025-04-07,C00251,0,2025-05-22T00:00:00Z
2025-04-08,C00251,0,2025-05-23T00:00:00Z
2025-04-09,C00251,0,2025-05-24T00:00:00Z
2025-04-10,C00251,0,2025-05-25T00:00:00Z
2025-04-11,C00251,0,2025-05-26T00:00:00Z
2025-04-12,C00251,0,2025-05-27T00:00:00Z
2025-04-13,C00251,0,2025-05-28T00:00:00Z
2025-04-14,C00251,0,2025-05-29T00:00:00Z
2025-03-01,C00252,0,2025-04-15T00:00:00Z
2025-03-02,C00252,0,2025-04-16T00:00:00Z
2025-03-03,C00252,0,2025-04-17T00:00:00Z
2025-03-04,C00252,0,2025-04-18T00:00:00Z
2025-03-05,C00252,0,2025-04-19T00:00:00Z
2025-03-06,C00252,0,2025-04-20T00:00:00Z
2025-03-07,C00252,0,2025-04-21T00:00:00Z
2025-03-08,C00252,0,2025-04-22T00:00:00Z
2025-03-09,C00252,0,2025-04-23T00:00:00Z
2025-03-10,C00252,0,2025-04-24T00:00:00Z
2025-03-11,C00252,0,2025-04-25T00:00:00Z
2025-03-12,C00252,0,2025-04-26T00:00:00Z
2025-03-13,C00252,0,2025-04-27T00:00:00Z
2025-03-14,C00252,0,2025-04-28T00:00:00Z
2025-03-15,C00252,0,2025-04-29T00:00:00Z
2025-03-16,C00252,0,2025-04-30T00:00:00Z
2025-03-17,C00252,0,2025-05-01T00:00:00Z
2025-03-18,C00252,0,2025-05-02T00:00:00Z
2025-03-19,C00252,0,2025-05-03T00:00:00Z
2025-03-20,C00252,0,2025-05-04T00:00:00Z
2025-03-21,C00252,0,2025-05-05T00:00:00Z
2025-03-22,C00252,0,2025-05-06T00:00:00Z
2025-03-23,C00252,0,2025-05-07T00:00:00Z
2025-03-24,C00252,0,2025-05-08T00:00:00Z
2025-03-25,C00252,0,2025-05-09T00:00:00Z
2025-03-26,C00252,0,2025-05-10T00:00:00Z
2025-03-27,C00252,0,2025-05-11T00:00:00Z
2025-03-28,C00252,0,2025-05-12T00:00:00Z
2025-03-29,C00252,0,2025-05-13T00:00:00Z
2025-03-30,C00252,0,2025-05-14T00:00:00Z
2025-03-31,C00252,0,2025-05-15T00:00:00Z
2025-04-01,C00252,0,2025-05-16T00:00:00Z
2025-04-02,C00252,0,2025-05-17T00:00:00Z
2025-04-03,C00252,0,2025-05-18T00:00:00Z
2025-04-04,C00252,0,2025-05-19T00:00:00Z
2025-04-05,C00252,0,2025-05-20T00:00:00Z
2025-04-06,C00252,0,2025-05-21T00:00:00Z
2025-04-07,C00252,0,2025-05-22T00:00:00Z
2025-04-08,C00252,0,2025-05-23T00:00:00Z
2025-04-09,C00252,0,2025-05-24T00:00:00Z
2025-04-10,C00252,0,2025-05-25T00:00:00Z
2025-04-11,C00252,0,2025-05-26T00:00:00Z
2025-04-12,C00252,0,2025-05-27T00:00:00Z
2025-04-13,C00252,0,2025-05-28T00:00:00Z
2025-04-14,C00252,0,2025-05-29T00:00:00Z
2025-03-01,C00253,0,2025-04-15T00:00:00Z
2025-03-02,C00253,1,2025-04-16T00:00:00Z
2025-03-03,C00253,0,2025-04-17T00:00:00Z
2025-03-04,C00253,0,2025-04-18T00:00:00Z
2025-03-05,C00253,0,2025-04-19T00:00:00Z
2025-03-06,C00253,0,2025-04-20T00:00:00Z
2025-03-07,C00253,0,2025-04-21T00:00:00Z
2025-03-08,C00253,0,2025-04-22T00:00:00Z
2025-03-09,C00253,0,2025-04-23T00:00:00Z
2025-03-10,C00253,0,2025-04-24T00:00:00Z
2025-03-11,C00253,0,2025-04-25T00:00:00Z
2025-03-12,C00253,1,2025-04-26T00:00:00Z
2025-03-13,C00253,1,2025-04-27T00:00:00Z
2025-03-14,C00253,1,2025-04-28T00:00:00Z
2025-03-15,C00253,0,2025-04-29T00:00:00Z
2025-03-16,C00253,0,2025-04-30T00:00:00Z
2025-03-17,C00253,0,2025-05-01T00:00:00Z
2025-03-18,C00253,0,2025-05-02T00:00:00Z
2025-03-19,C00253,0,2025-05-03T00:00:00Z
2025-03-20,C00253,0,2025-05-04T00:00:00Z
2025-03-21,C00253,0,2025-05-05T00:00:00Z
2025-03-22,C00253,0,2025-05-06T00:00:00Z
2025-03-23,C00253,0,2025-05-07T00:00:00Z
2025-03-24,C00253,0,2025-05-08T00:00:00Z
2025-03-25,C00253,0,2025-05-09T00:00:00Z
2025-03-26,C00253,0,2025-05-10T00:00:00Z
2025-03-27,C00253,0,2025-05-11T00:00:00Z
2025-03-28,C00253,0,2025-05-12T00:00:00Z
2025-03-29,C00253,1,2025-05-13T00:00:00Z
2025-03-30,C00253,0,2025-05-14T00:00:00Z
2025-03-31,C00253,0,2025-05-15T00:00:00Z
2025-04-01,C00253,0,2025-05-16T00:00:00Z
2025-04-02,C00253,0,2025-05-17T00:00:00Z
2025-04-03,C00253,0,2025-05-18T00:00:00Z
2025-04-04,C00253,0,2025-05-19T00:00:00Z
2025-04-05,C00253,0,2025-05-20T00:00:00Z
2025-04-06,C00253,0,2025-05-21T00:00:00Z
2025-04-07,C00253,0,2025-05-22T00:00:00Z
2025-04-08,C00253,0,2025-05-23T00:00:00Z
2025-04-09,C00253,0,2025-05-24T00:00:00Z
2025-04-10,C00253,0,2025-05-25T00:00:00Z
2025-04-11,C00253,0,2025-05-26T00:00:00Z
2025-04-12,C00253,0,2025-05-27T00:00:00Z
2025-04-13,C00253,0,2025-05-28T00:00:00Z
2025-04-14,C00253,0,2025-05-29T00:00:00Z
2025-03-01,C00254,0,2025-04-15T00:00:00Z
2025-03-02,C00254,0,2025-04-16T00:00:00Z
2025-03-03,C00254,0,2025-04-17T00:00:00Z
2025-03-04,C00254,0,2025-04-18T00:00:00Z
2025-03-05,C00254,0,2025-04-19T00:00:00Z
2025-03-06,C00254,0,2025-04-20T00:00:00Z
2025-03-07,C00254,1,2025-04-21T00:00:00Z
2025-03-08,C00254,0,2025-04-22T00:00:00Z
2025-03-09,C00254,0,2025-04-23T00:00:00Z
2025-03-10,C00254,0,2025-04-24T00:00:00Z
2025-03-11,C00254,0,2025-04-25T00:00:00Z
2025-03-12,C00254,0,2025-04-26T00:00:00Z
2025-03-13,C00254,0,2025-04-27T00:00:00Z
2025-03-14,C00254,0,2025-04-28T00:00:00Z
2025-03-15,C00254,0,2025-04-29T00:00:00Z
2025-03-16,C00254,0,2025-04-30T00:00:00Z
2025-03-17,C00254,0,2025-05-01T00:00:00Z
2025-03-18,C00254,0,2025-05-02T00:00:00Z
2025-03-19,C00254,0,2025-05-03T00:00:00Z
2025-03-20,C00254,0,2025-05-04T00:00:00Z
2025-03-21,C00254,0,2025-05-05T00:00:00Z
2025-03-22,C00254,0,2025-05-06T00:00:00Z
2025-03-23,C00254,0,2025-05-07T00:00:00Z
2025-03-24,C00254,0,2025-05-08T00:00:00Z
2025-03-25,C00254,0,2025-05-09T00:00:00Z
2025-03-26,C00254,1,2025-05-10T00:00:00Z
2025-03-27,C00254,0,2025-05-11T00:00:00Z
2025-03-28,C00254,0,2025-05-12T00:00:00Z
2025-03-29,C00254,0,2025-05-13T00:00:00Z
2025-03-30,C00254,0,2025-05-14T00:00:00Z
2025-03-31,C00254,0,2025-05-15T00:00:00Z
2025-04-01,C00254,0,2025-05-16T00:00:00Z
2025-04-02,C00254,0,2025-05-17T00:00:00Z
2025-04-03,C00254,0,2025-05-18T00:00:00Z
2025-04-04,C00254,0,2025-05-19T00:00:00Z
2025-04-05,C00254,0,2025-05-20T00:00:00Z
2025-04-06,C00254,0,2025-05-21T00:00:00Z
2025-04-07,C00254,0,2025-05-22T00:00:00Z
2025-04-08,C00254,0,2025-05-23T00:00:00Z
2025-04-09,C00254,0,2025-05-24T00:00:00Z
2025-04-10,C00254,0,2025-05-25T00:00:00Z
2025-04-11,C00254,0,2025-05-26T00:00:00Z
2025-04-12,C00254,0,2025-05-27T00:00:00Z
2025-04-13,C00254,0,2025-05-28T00:00:00Z
2025-04-14,C00254,0,2025-05-29T00:00:00Z
2025-03-01,C00255,0,2025-04-15T00:00:00Z
2025-03-02,C00255,0,2025-04-16T00:00:00Z
2025-03-03,C00255,0,2025-04-17T00:00:00Z
2025-03-04,C00255,0,2025-04-18T00:00:00Z
2025-03-05,C00255,0,2025-04-19T00:00:00Z
2025-03-06,C00255,0,2025-04-20T00:00:00Z
2025-03-07,C00255,0,2025-04-21T00:00:00Z
2025-03-08,C00255,1,2025-04-22T00:00:00Z
2025-03-09,C00255,0,2025-04-23T00:00:00Z
2025-03-10,C00255,0,2025-04-24T00:00:00Z
2025-03-11,C00255,0,2025-04-25T00:00:00Z
2025-03-12,C00255,0,2025-04-26T00:00:00Z
2025-03-13,C00255,0,2025-04-27T00:00:00Z
2025-03-14,C00255,0,2025-04-28T00:00:00Z
2025-03-15,C00255,1,2025-04-29T00:00:00Z
2025-03-16,C00255,0,2025-04-30T00:00:00Z
2025-03-17,C00255,0,2025-05-01T00:00:00Z
2025-03-18,C00255,0,2025-05-02T00:00:00Z
2025-03-19,C00255,0,2025-05-03T00:00:00Z
2025-03-20,C00255,0,2025-05-04T00:00:00Z
2025-03-21,C00255,0,2025-05-05T00:00:00Z
2025-03-22,C00255,0,2025-05-06T00:00:00Z
2025-03-23,C00255,0,2025-05-07T00:00:00Z
2025-03-24,C00255,0,2025-05-08T00:00:00Z
2025-03-25,C00255,0,2025-05-09T00:00:00Z
2025-03-26,C00255,0,2025-05-10T00:00:00Z
2025-03-27,C00255,0,2025-05-11T00:00:00Z
2025-03-28,C00255,0,2025-05-12T00:00:00Z
2025-03-29,C00255,0,2025-05-13T00:00:00Z
2025-03-30,C00255,0,2025-05-14T00:00:00Z
2025-03-31,C00255,0,2025-05-15T00:00:00Z
2025-04-01,C00255,0,2025-05-16T00:00:00Z
2025-04-02,C00255,0,2025-05-17T00:00:00Z
2025-04-03,C00255,0,2025-05-18T00:00:00Z
2025-04-04,C00255,0,2025-05-19T00:00:00Z
2025-04-05,C00255,0,2025-05-20T00:00:00Z
2025-04-06,C00255,0,2025-05-21T00:00:00Z
2025-04-07,C00255,0,2025-05-22T00:00:00Z
2025-04-08,C00255,0,2025-05-23T00:00:00Z
2025-04-09,C00255,0,2025-05-24T00:00:00Z
2025-04-10,C00255,0,2025-05-25T00:00:00Z
2025-04-11,C00255,0,2025-05-26T00:00:00Z
2025-04-12,C00255,0,2025-05-27T00:00:00Z
2025-04-13,C00255,0,2025-05-28T00:00:00Z
2025-04-14,C00255,0,2025-05-29T00:00:00Z
2025-03-01,C00256,0,2025-04-15T00:00:00Z
2025-03-02,C00256,0,2025-04-16T00:00:00Z
2025-03-03,C00256,0,2025-04-17T00:00:00Z
2025-03-04,C00256,0,2025-04-18T00:00:00Z
2025-03-05,C00256,0,2025-04-19T00:00:00Z
2025-03-06,C00256,0,2025-04-20T00:00:00Z
2025-03-07,C00256,0,2025-04-21T00:00:00Z
2025-03-08,C00256,0,2025-04-22T00:00:00Z
2025-03-09,C00256,0,2025-04-23T00:00:00Z
2025-03-10,C00256,0,2025-04-24T00:00:00Z
2025-03-11,C00256,0,2025-04-25T00:00:00Z
2025-03-12,C00256,0,2025-04-26T00:00:00Z
2025-03-13,C00256,0,2025-04-27T00:00:00Z
2025-03-14,C00256,0,2025-04-28T00:00:00Z
2025-03-15,C00256,0,2025-04-29T00:00:00Z
2025-03-16,C00256,0,2025-04-30T00:00:00Z
2025-03-17,C00256,0,2025-05-01T00:00:00Z
2025-03-18,C00256,0,2025-05-02T00:00:00Z
2025-03-19,C00256,0,2025-05-03T00:00:00Z
2025-03-20,C00256,1,2025-05-04T00:00:00Z
2025-03-21,C00256,0,2025-05-05T00:00:00Z
2025-03-22,C00256,1,2025-05-06T00:00:00Z
2025-03-23,C00256,0,2025-05-07T00:00:00Z
2025-03-24,C00256,0,2025-05-08T00:00:00Z
2025-03-25,C00256,0,2025-05-09T00:00:00Z
2025-03-26,C00256,0,2025-05-10T00:00:00Z
2025-03-27,C00256,0,2025-05-11T00:00:00Z
2025-03-28,C00256,0,2025-05-12T00:00:00Z
2025-03-29,C00256,0,2025-05-13T00:00:00Z
2025-03-30,C00256,0,2025-05-14T00:00:00Z
2025-03-31,C00256,0,2025-05-15T00:00:00Z
2025-04-01,C00256,0,2025-05-16T00:00:00Z
2025-04-02,C00256,0,2025-05-17T00:00:00Z
2025-04-03,C00256,0,2025-05-18T00:00:00Z
2025-04-04,C00256,1,2025-05-19T00:00:00Z
2025-04-05,C00256,0,2025-05-20T00:00:00Z
2025-04-06,C00256,0,2025-05-21T00:00:00Z
2025-04-07,C00256,0,2025-05-22T00:00:00Z
2025-04-08,C00256,0,2025-05-23T00:00:00Z
2025-04-09,C00256,0,2025-05-24T00:00:00Z
2025-04-10,C00256,0,2025-05-25T00:00:00Z
2025-04-11,C00256,0,2025-05-26T00:00:00Z
2025-04-12,C00256,0,2025-05-27T00:00:00Z
2025-04-13,C00256,0,2025-05-28T00:00:00Z
2025-04-14,C00256,0,2025-05-29T00:00:00Z
2025-03-01,C00257,1,2025-04-15T00:00:00Z
2025-03-02,C00257,0,2025-04-16T00:00:00Z
2025-03-03,C00257,0,2025-04-17T00:00:00Z
2025-03-04,C00257,0,2025-04-18T00:00:00Z
2025-03-05,C00257,0,2025-04-19T00:00:00Z
2025-03-06,C00257,0,2025-04-20T00:00:00Z
2025-03-07,C00257,0,2025-04-21T00:00:00Z
2025-03-08,C00257,0,2025-04-22T00:00:00Z
2025-03-09,C00257,0,2025-04-23T00:00:00Z
2025-03-10,C00257,0,2025-04-24T00:00:00Z
2025-03-11,C00257,0,2025-04-25T00:00:00Z
2025-03-12,C00257,0,2025-04-26T00:00:00Z
2025-03-13,C00257,0,2025-04-27T00:00:00Z
2025-03-14,C00257,0,2025-04-28T00:00:00Z
2025-03-15,C00257,0,2025-04-29T00:00:00Z
2025-03-16,C00257,0,2025-04-30T00:00:00Z
2025-03-17,C00257,0,2025-05-01T00:00:00Z
2025-03-18,C00257,0,2025-05-02T00:00:00Z
2025-03-19,C00257,0,2025-05-03T00:00:00Z
2025-03-20,C00257,0,2025-05-04T00:00:00Z
2025-03-21,C00257,0,2025-05-05T00:00:00Z
2025-03-22,C00257,0,2025-05-06T00:00:00Z
2025-03-23,C00257,0,2025-05-07T00:00:00Z
2025-03-24,C00257,0,2025-05-08T00:00:00Z
2025-03-25,C00257,0,2025-05-09T00:00:00Z
2025-03-26,C00257,0,2025-05-10T00:00:00Z
2025-03-27,C00257,0,2025-05-11T00:00:00Z
2025-03-28,C00257,0,2025-05-12T00:00:00Z
2025-03-29,C00257,1,2025-05-13T00:00:00Z
2025-03-30,C00257,0,2025-05-14T00:00:00Z
2025-03-31,C00257,0,2025-05-15T00:00:00Z
2025-04-01,C00257,0,2025-05-16T00:00:00Z
2025-04-02,C00257,0,2025-05-17T00:00:00Z
2025-04-03,C00257,0,2025-05-18T00:00:00Z
2025-04-04,C00257,0,2025-05-19T00:00:00Z
2025-04-05,C00257,0,2025-05-20T00:00:00Z
2025-04-06,C00257,0,2025-05-21T00:00:00Z
2025-04-07,C00257,0,2025-05-22T00:00:00Z
2025-04-08,C00257,0,2025-05-23T00:00:00Z
2025-04-09,C00257,0,2025-05-24T00:00:00Z
2025-04-10,C00257,0,2025-05-25T00:00:00Z
2025-04-11,C00257,0,2025-05-26T00:00:00Z
2025-04-12,C00257,0,2025-05-27T00:00:00Z
2025-04-13,C00257,0,2025-05-28T00:00:00Z
2025-04-14,C00257,0,2025-05-29T00:00:00Z
2025-03-01,C00258,0,2025-04-15T00:00:00Z
2025-03-02,C00258,0,2025-04-16T00:00:00Z
2025-03-03,C00258,0,2025-04-17T00:00:00Z
2025-03-04,C00258,0,2025-04-18T00:00:00Z
2025-03-05,C00258,0,2025-04-19T00:00:00Z
2025-03-06,C00258,0,2025-04-20T00:00:00Z
2025-03-07,C00258,0,2025-04-21T00:00:00Z
2025-03-08,C00258,0,2025-04-22T00:00:00Z
2025-03-09,C00258,0,2025-04-23T00:00:00Z
2025-03-10,C00258,0,2025-04-24T00:00:00Z
2025-03-11,C00258,0,2025-04-25T00:00:00Z
2025-03-12,C00258,1,2025-04-26T00:00:00Z
2025-03-13,C00258,0,2025-04-27T00:00:00Z
2025-03-14,C00258,0,2025-04-28T00:00:00Z
2025-03-15,C00258,0,2025-04-29T00:00:00Z
2025-03-16,C00258,0,2025-04-30T00:00:00Z
2025-03-17,C00258,0,2025-05-01T00:00:00Z
2025-03-18,C00258,0,2025-05-02T00:00:00Z
2025-03-19,C00258,0,2025-05-03T00:00:00Z
2025-03-20,C00258,0,2025-05-04T00:00:00Z
2025-03-21,C00258,0,2025-05-05T00:00:00Z
2025-03-22,C00258,0,2025-05-06T00:00:00Z
2025-03-23,C00258,0,2025-05-07T00:00:00Z
2025-03-24,C00258,0,2025-05-08T00:00:00Z
2025-03-25,C00258,0,2025-05-09T00:00:00Z
2025-03-26,C00258,0,2025-05-10T00:00:00Z
2025-03-27,C00258,0,2025-05-11T00:00:00Z
2025-03-28,C00258,0,2025-05-12T00:00:00Z
2025-03-29,C00258,0,2025-05-13T00:00:00Z
2025-03-30,C00258,0,2025-05-14T00:00:00Z
2025-03-31,C00258,0,2025-05-15T00:00:00Z
2025-04-01,C00258,0,2025-05-16T00:00:00Z
2025-04-02,C00258,0,2025-05-17T00:00:00Z
2025-04-03,C00258,0,2025-05-18T00:00:00Z
2025-04-04,C00258,0,2025-05-19T00:00:00Z
2025-04-05,C00258,0,2025-05-20T00:00:00Z
2025-04-06,C00258,0,2025-05-21T00:00:00Z
2025-04-07,C00258,0,2025-05-22T00:00:00Z
2025-04-08,C00258,1,2025-05-23T00:00:00Z
2025-04-09,C00258,0,2025-05-24T00:00:00Z
2025-04-10,C00258,0,2025-05-25T00:00:00Z
2025-04-11,C00258,0,2025-05-26T00:00:00Z
2025-04-12,C00258,0,2025-05-27T00:00:00Z
2025-04-13,C00258,0,2025-05-28T00:00:00Z
2025-04-14,C00258,0,2025-05-29T00:00:00Z
2025-03-01,C00259,0,2025-04-15T00:00:00Z
2025-03-02,C00259,0,2025-04-16T00:00:00Z
2025-03-03,C00259,0,2025-04-17T00:00:00Z
2025-03-04,C00259,0,2025-04-18T00:00:00Z
2025-03-05,C00259,0,2025-04-19T00:00:00Z
2025-03-06,C00259,0,2025-04-20T00:00:00Z
2025-03-07,C00259,0,2025-04-21T00:00:00Z
2025-03-08,C00259,0,2025-04-22T00:00:00Z
2025-03-09,C00259,0,2025-04-23T00:00:00Z
2025-03-10,C00259,0,2025-04-24T00:00:00Z
2025-03-11,C00259,0,2025-04-25T00:00:00Z
2025-03-12,C00259,0,2025-04-26T00:00:00Z
2025-03-13,C00259,0,2025-04-27T00:00:00Z
2025-03-14,C00259,0,2025-04-28T00:00:00Z
2025-03-15,C00259,0,2025-04-29T00:00:00Z
2025-03-16,C00259,0,2025-04-30T00:00:00Z
2025-03-17,C00259,0,2025-05-01T00:00:00Z
2025-03-18,C00259,0,2025-05-02T00:00:00Z
2025-03-19,C00259,0,2025-05-03T00:00:00Z
2025-03-20,C00259,0,2025-05-04T00:00:00Z
2025-03-21,C00259,0,2025-05-05T00:00:00Z
2025-03-22,C00259,0,2025-05-06T00:00:00Z
2025-03-23,C00259,0,2025-05-07T00:00:00Z
2025-03-24,C00259,0,2025-05-08T00:00:00Z
2025-03-25,C00259,0,2025-05-09T00:00:00Z
2025-03-26,C00259,0,2025-05-10T00:00:00Z
2025-03-27,C00259,0,2025-05-11T00:00:00Z
2025-03-28,C00259,0,2025-05-12T00:00:00Z
2025-03-29,C00259,0,2025-05-13T00:00:00Z
2025-03-30,C00259,0,2025-05-14T00:00:00Z
2025-03-31,C00259,0,2025-05-15T00:00:00Z
2025-04-01,C00259,0,2025-05-16T00:00:00Z
2025-04-02,C00259,0,2025-05-17T00:00:00Z
2025-04-03,C00259,0,2025-05-18T00:00:00Z
2025-04-04,C00259,0,2025-05-19T00:00:00Z
2025-04-05,C00259,0,2025-05-20T00:00:00Z
2025-04-06,C00259,0,2025-05-21T00:00:00Z
2025-04-07,C00259,0,2025-05-22T00:00:00Z
2025-04-08,C00259,0,2025-05-23T00:00:00Z
2025-04-09,C00259,0,2025-05-24T00:00:00Z
2025-04-10,C00259,0,2025-05-25T00:00:00Z
2025-04-11,C00259,0,2025-05-26T00:00:00Z
2025-04-12,C00259,0,2025-05-27T00:00:00Z
2025-04-13,C00259,0,2025-05-28T00:00:00Z
2025-04-14,C00259,0,2025-05-29T00:00:00Z
2025-03-01,C00260,0,2025-04-15T00:00:00Z
2025-03-02,C00260,0,2025-04-16T00:00:00Z
2025-03-03,C00260,0,2025-04-17T00:00:00Z
2025-03-04,C00260,0,2025-04-18T00:00:00Z
2025-03-05,C00260,0,2025-04-19T00:00:00Z
2025-03-06,C00260,0,2025-04-20T00:00:00Z
2025-03-07,C00260,1,2025-04-21T00:00:00Z
2025-03-08,C00260,0,2025-04-22T00:00:00Z
2025-03-09,C00260,0,2025-04-23T00:00:00Z
2025-03-10,C00260,1,2025-04-24T00:00:00Z
2025-03-11,C00260,0,2025-04-25T00:00:00Z
2025-03-12,C00260,1,2025-04-26T00:00:00Z
2025-03-13,C00260,0,2025-04-27T00:00:00Z
2025-03-14,C00260,0,2025-04-28T00:00:00Z
2025-03-15,C00260,0,2025-04-29T00:00:00Z
2025-03-16,C00260,1,2025-04-30T00:00:00Z
2025-03-17,C00260,0,2025-05-01T00:00:00Z
2025-03-18,C00260,0,2025-05-02T00:00:00Z
2025-03-19,C00260,0,2025-05-03T00:00:00Z
2025-03-20,C00260,0,2025-05-04T00:00:00Z
2025-03-21,C00260,0,2025-05-05T00:00:00Z
2025-03-22,C00260,0,2025-05-06T00:00:00Z
2025-03-23,C00260,0,2025-05-07T00:00:00Z
2025-03-24,C00260,0,2025-05-08T00:00:00Z
2025-03-25,C00260,0,2025-05-09T00:00:00Z
2025-03-26,C00260,0,2025-05-10T00:00:00Z
2025-03-27,C00260,0,2025-05-11T00:00:00Z
2025-03-28,C00260,0,2025-05-12T00:00:00Z
2025-03-29,C00260,0,2025-05-13T00:00:00Z
2025-03-30,C00260,1,2025-05-14T00:00:00Z
2025-03-31,C00260,0,2025-05-15T00:00:00Z
2025-04-01,C00260,0,2025-05-16T00:00:00Z
2025-04-02,C00260,0,2025-05-17T00:00:00Z
2025-04-03,C00260,1,2025-05-18T00:00:00Z
2025-04-04,C00260,0,2025-05-19T00:00:00Z
2025-04-05,C00260,0,2025-05-20T00:00:00Z
2025-04-06,C00260,0,2025-05-21T00:00:00Z
2025-04-07,C00260,0,2025-05-22T00:00:00Z
2025-04-08,C00260,1,2025-05-23T00:00:00Z
2025-04-09,C00260,0,2025-05-24T00:00:00Z
2025-04-10,C00260,0,2025-05-25T00:00:00Z
2025-04-11,C00260,0,2025-05-26T00:00:00Z
2025-04-12,C00260,0,2025-05-27T00:00:00Z
2025-04-13,C00260,1,2025-05-28T00:00:00Z
2025-04-14,C00260,0,2025-05-29T00:00:00Z
2025-03-01,C00261,0,2025-04-15T00:00:00Z
2025-03-02,C00261,0,2025-04-16T00:00:00Z
2025-03-03,C00261,0,2025-04-17T00:00:00Z
2025-03-04,C00261,0,2025-04-18T00:00:00Z
2025-03-05,C00261,0,2025-04-19T00:00:00Z
2025-03-06,C00261,0,2025-04-20T00:00:00Z
2025-03-07,C00261,0,2025-04-21T00:00:00Z
2025-03-08,C00261,0,2025-04-22T00:00:00Z
2025-03-09,C00261,0,2025-04-23T00:00:00Z
2025-03-10,C00261,0,2025-04-24T00:00:00Z
2025-03-11,C00261,0,2025-04-25T00:00:00Z
2025-03-12,C00261,0,2025-04-26T00:00:00Z
2025-03-13,C00261,0,2025-04-27T00:00:00Z
2025-03-14,C00261,0,2025-04-28T00:00:00Z
2025-03-15,C00261,0,2025-04-29T00:00:00Z
2025-03-16,C00261,0,2025-04-30T00:00:00Z
2025-03-17,C00261,0,2025-05-01T00:00:00Z
2025-03-18,C00261,0,2025-05-02T00:00:00Z
2025-03-19,C00261,0,2025-05-03T00:00:00Z
2025-03-20,C00261,0,2025-05-04T00:00:00Z
2025-03-21,C00261,0,2025-05-05T00:00:00Z
2025-03-22,C00261,0,2025-05-06T00:00:00Z
2025-03-23,C00261,0,2025-05-07T00:00:00Z
2025-03-24,C00261,1,2025-05-08T00:00:00Z
2025-03-25,C00261,0,2025-05-09T00:00:00Z
2025-03-26,C00261,0,2025-05-10T00:00:00Z
2025-03-27,C00261,0,2025-05-11T00:00:00Z
2025-03-28,C00261,0,2025-05-12T00:00:00Z
2025-03-29,C00261,0,2025-05-13T00:00:00Z
2025-03-30,C00261,0,2025-05-14T00:00:00Z
2025-03-31,C00261,0,2025-05-15T00:00:00Z
2025-04-01,C00261,0,2025-05-16T00:00:00Z
2025-04-02,C00261,0,2025-05-17T00:00:00Z
2025-04-03,C00261,0,2025-05-18T00:00:00Z
2025-04-04,C00261,0,2025-05-19T00:00:00Z
2025-04-05,C00261,0,2025-05-20T00:00:00Z
2025-04-06,C00261,0,2025-05-21T00:00:00Z
2025-04-07,C00261,0,2025-05-22T00:00:00Z
2025-04-08,C00261,0,2025-05-23T00:00:00Z
2025-04-09,C00261,0,2025-05-24T00:00:00Z
2025-04-10,C00261,0,2025-05-25T00:00:00Z
2025-04-11,C00261,0,2025-05-26T00:00:00Z
2025-04-12,C00261,0,2025-05-27T00:00:00Z
2025-04-13,C00261,0,2025-05-28T00:00:00Z
2025-04-14,C00261,0,2025-05-29T00:00:00Z
2025-03-01,C00262,0,2025-04-15T00:00:00Z
2025-03-02,C00262,0,2025-04-16T00:00:00Z
2025-03-03,C00262,0,2025-04-17T00:00:00Z
2025-03-04,C00262,0,2025-04-18T00:00:00Z
2025-03-05,C00262,0,2025-04-19T00:00:00Z
2025-03-06,C00262,0,2025-04-20T00:00:00Z
2025-03-07,C00262,0,2025-04-21T00:00:00Z
2025-03-08,C00262,0,2025-04-22T00:00:00Z
2025-03-09,C00262,1,2025-04-23T00:00:00Z
2025-03-10,C00262,0,2025-04-24T00:00:00Z
2025-03-11,C00262,0,2025-04-25T00:00:00Z
2025-03-12,C00262,0,2025-04-26T00:00:00Z
2025-03-13,C00262,0,2025-04-27T00:00:00Z
2025-03-14,C00262,1,2025-04-28T00:00:00Z
2025-03-15,C00262,0,2025-04-29T00:00:00Z
2025-03-16,C00262,0,2025-04-30T00:00:00Z
2025-03-17,C00262,1,2025-05-01T00:00:00Z
2025-03-18,C00262,0,2025-05-02T00:00:00Z
2025-03-19,C00262,0,2025-05-03T00:00:00Z
2025-03-20,C00262,0,2025-05-04T00:00:00Z
2025-03-21,C00262,0,2025-05-05T00:00:00Z
2025-03-22,C00262,0,2025-05-06T00:00:00Z
2025-03-23,C00262,0,2025-05-07T00:00:00Z
2025-03-24,C00262,1,2025-05-08T00:00:00Z
2025-03-25,C00262,0,2025-05-09T00:00:00Z
2025-03-26,C00262,0,2025-05-10T00:00:00Z
2025-03-27,C00262,0,2025-05-11T00:00:00Z
2025-03-28,C00262,0,2025-05-12T00:00:00Z
2025-03-29,C00262,0,2025-05-13T00:00:00Z
2025-03-30,C00262,0,2025-05-14T00:00:00Z
2025-03-31,C00262,0,2025-05-15T00:00:00Z
2025-04-01,C00262,0,2025-05-16T00:00:00Z
2025-04-02,C00262,0,2025-05-17T00:00:00Z
2025-04-03,C00262,0,2025-05-18T00:00:00Z
2025-04-04,C00262,0,2025-05-19T00:00:00Z
2025-04-05,C00262,0,2025-05-20T00:00:00Z
2025-04-06,C00262,0,2025-05-21T00:00:00Z
2025-04-07,C00262,0,2025-05-22T00:00:00Z
2025-04-08,C00262,0,2025-05-23T00:00:00Z
2025-04-09,C00262,0,2025-05-24T00:00:00Z
2025-04-10,C00262,0,2025-05-25T00:00:00Z
2025-04-11,C00262,0,2025-05-26T00:00:00Z
2025-04-12,C00262,0,2025-05-27T00:00:00Z
2025-04-13,C00262,0,2025-05-28T00:00:00Z
2025-04-14,C00262,0,2025-05-29T00:00:00Z
2025-03-01,C00263,0,2025-04-15T00:00:00Z
2025-03-02,C00263,0,2025-04-16T00:00:00Z
2025-03-03,C00263,0,2025-04-17T00:00:00Z
2025-03-04,C00263,0,2025-04-18T00:00:00Z
2025-03-05,C00263,0,2025-04-19T00:00:00Z
2025-03-06,C00263,0,2025-04-20T00:00:00Z
2025-03-07,C00263,0,2025-04-21T00:00:00Z
2025-03-08,C00263,1,2025-04-22T00:00:00Z
2025-03-09,C00263,0,2025-04-23T00:00:00Z
2025-03-10,C00263,0,2025-04-24T00:00:00Z
2025-03-11,C00263,0,2025-04-25T00:00:00Z
2025-03-12,C00263,0,2025-04-26T00:00:00Z
2025-03-13,C00263,0,2025-04-27T00:00:00Z
2025-03-14,C00263,0,2025-04-28T00:00:00Z
2025-03-15,C00263,0,2025-04-29T00:00:00Z
2025-03-16,C00263,0,2025-04-30T00:00:00Z
2025-03-17,C00263,0,2025-05-01T00:00:00Z
2025-03-18,C00263,0,2025-05-02T00:00:00Z
2025-03-19,C00263,0,2025-05-03T00:00:00Z
2025-03-20,C00263,1,2025-05-04T00:00:00Z
2025-03-21,C00263,0,2025-05-05T00:00:00Z
2025-03-22,C00263,0,2025-05-06T00:00:00Z
2025-03-23,C00263,0,2025-05-07T00:00:00Z
2025-03-24,C00263,0,2025-05-08T00:00:00Z
2025-03-25,C00263,0,2025-05-09T00:00:00Z
2025-03-26,C00263,0,2025-05-10T00:00:00Z
2025-03-27,C00263,0,2025-05-11T00:00:00Z
2025-03-28,C00263,0,2025-05-12T00:00:00Z
2025-03-29,C00263,0,2025-05-13T00:00:00Z
2025-03-30,C00263,0,2025-05-14T00:00:00Z
2025-03-31,C00263,0,2025-05-15T00:00:00Z
2025-04-01,C00263,0,2025-05-16T00:00:00Z
2025-04-02,C00263,0,2025-05-17T00:00:00Z
2025-04-03,C00263,0,2025-05-18T00:00:00Z
2025-04-04,C00263,0,2025-05-19T00:00:00Z
2025-04-05,C00263,0,2025-05-20T00:00:00Z
2025-04-06,C00263,0,2025-05-21T00:00:00Z
2025-04-07,C00263,0,2025-05-22T00:00:00Z
2025-04-08,C00263,0,2025-05-23T00:00:00Z
2025-04-09,C00263,0,2025-05-24T00:00:00Z
2025-04-10,C00263,0,2025-05-25T00:00:00Z
2025-04-11,C00263,0,2025-05-26T00:00:00Z
2025-04-12,C00263,0,2025-05-27T00:00:00Z
2025-04-13,C00263,0,2025-05-28T00:00:00Z
2025-04-14,C00263,0,2025-05-29T00:00:00Z
2025-03-01,C00264,1,2025-04-15T00:00:00Z
2025-03-02,C00264,0,2025-04-16T00:00:00Z
2025-03-03,C00264,0,2025-04-17T00:00:00Z
2025-03-04,C00264,0,2025-04-18T00:00:00Z
2025-03-05,C00264,0,2025-04-19T00:00:00Z
2025-03-06,C00264,0,2025-04-20T00:00:00Z
2025-03-07,C00264,0,2025-04-21T00:00:00Z
2025-03-08,C00264,0,2025-04-22T00:00:00Z
2025-03-09,C00264,0,2025-04-23T00:00:00Z
2025-03-10,C00264,0,2025-04-24T00:00:00Z
2025-03-11,C00264,0,2025-04-25T00:00:00Z
2025-03-12,C00264,0,2025-04-26T00:00:00Z
2025-03-13,C00264,0,2025-04-27T00:00:00Z
2025-03-14,C00264,0,2025-04-28T00:00:00Z
2025-03-15,C00264,0,2025-04-29T00:00:00Z
2025-03-16,C00264,0,2025-04-30T00:00:00Z
2025-03-17,C00264,0,2025-05-01T00:00:00Z
2025-03-18,C00264,0,2025-05-02T00:00:00Z
2025-03-19,C00264,0,2025-05-03T00:00:00Z
2025-03-20,C00264,0,2025-05-04T00:00:00Z
2025-03-21,C00264,0,2025-05-05T00:00:00Z
2025-03-22,C00264,0,2025-05-06T00:00:00Z
2025-03-23,C00264,0,2025-05-07T00:00:00Z
2025-03-24,C00264,1,2025-05-08T00:00:00Z
2025-03-25,C00264,0,2025-05-09T00:00:00Z
2025-03-26,C00264,0,2025-05-10T00:00:00Z
2025-03-27,C00264,0,2025-05-11T00:00:00Z
2025-03-28,C00264,0,2025-05-12T00:00:00Z
2025-03-29,C00264,0,2025-05-13T00:00:00Z
2025-03-30,C00264,0,2025-05-14T00:00:00Z
2025-03-31,C00264,0,2025-05-15T00:00:00Z
2025-04-01,C00264,0,2025-05-16T00:00:00Z
2025-04-02,C00264,0,2025-05-17T00:00:00Z
2025-04-03,C00264,0,2025-05-18T00:00:00Z
2025-04-04,C00264,0,2025-05-19T00:00:00Z
2025-04-05,C00264,0,2025-05-20T00:00:00Z
2025-04-06,C00264,0,2025-05-21T00:00:00Z
2025-04-07,C00264,0,2025-05-22T00:00:00Z
2025-04-08,C00264,0,2025-05-23T00:00:00Z
2025-04-09,C00264,0,2025-05-24T00:00:00Z
2025-04-10,C00264,0,2025-05-25T00:00:00Z
2025-04-11,C00264,0,2025-05-26T00:00:00Z
2025-04-12,C00264,0,2025-05-27T00:00:00Z
2025-04-13,C00264,0,2025-05-28T00:00:00Z
2025-04-14,C00264,0,2025-05-29T00:00:00Z
2025-03-01,C00265,0,2025-04-15T00:00:00Z
2025-03-02,C00265,0,2025-04-16T00:00:00Z
2025-03-03,C00265,0,2025-04-17T00:00:00Z
2025-03-04,C00265,0,2025-04-18T00:00:00Z
2025-03-05,C00265,0,2025-04-19T00:00:00Z
2025-03-06,C00265,0,2025-04-20T00:00:00Z
2025-03-07,C00265,0,2025-04-21T00:00:00Z
2025-03-08,C00265,0,2025-04-22T00:00:00Z
2025-03-09,C00265,1,2025-04-23T00:00:00Z
2025-03-10,C00265,0,2025-04-24T00:00:00Z
2025-03-11,C00265,0,2025-04-25T00:00:00Z
2025-03-12,C00265,0,2025-04-26T00:00:00Z
2025-03-13,C00265,0,2025-04-27T00:00:00Z
2025-03-14,C00265,0,2025-04-28T00:00:00Z
2025-03-15,C00265,0,2025-04-29T00:00:00Z
2025-03-16,C00265,0,2025-04-30T00:00:00Z
2025-03-17,C00265,0,2025-05-01T00:00:00Z
2025-03-18,C00265,0,2025-05-02T00:00:00Z
2025-03-19,C00265,0,2025-05-03T00:00:00Z
2025-03-20,C00265,0,2025-05-04T00:00:00Z
2025-03-21,C00265,0,2025-05-05T00:00:00Z
2025-03-22,C00265,0,2025-05-06T00:00:00Z
2025-03-23,C00265,0,2025-05-07T00:00:00Z
2025-03-24,C00265,0,2025-05-08T00:00:00Z
2025-03-25,C00265,0,2025-05-09T00:00:00Z
2025-03-26,C00265,0,2025-05-10T00:00:00Z
2025-03-27,C00265,0,2025-05-11T00:00:00Z
2025-03-28,C00265,0,2025-05-12T00:00:00Z
2025-03-29,C00265,0,2025-05-13T00:00:00Z
2025-03-30,C00265,1,2025-05-14T00:00:00Z
2025-03-31,C00265,0,2025-05-15T00:00:00Z
2025-04-01,C00265,0,2025-05-16T00:00:00Z
2025-04-02,C00265,0,2025-05-17T00:00:00Z
2025-04-03,C00265,0,2025-05-18T00:00:00Z
2025-04-04,C00265,0,2025-05-19T00:00:00Z
2025-04-05,C00265,0,2025-05-20T00:00:00Z
2025-04-06,C00265,0,2025-05-21T00:00:00Z
2025-04-07,C00265,0,2025-05-22T00:00:00Z
2025-04-08,C00265,0,2025-05-23T00:00:00Z
2025-04-09,C00265,0,2025-05-24T00:00:00Z
2025-04-10,C00265,0,2025-05-25T00:00:00Z
2025-04-11,C00265,0,2025-05-26T00:00:00Z
2025-04-12,C00265,1,2025-05-27T00:00:00Z
2025-04-13,C00265,0,2025-05-28T00:00:00Z
2025-04-14,C00265,0,2025-05-29T00:00:00Z
2025-03-01,C00266,0,2025-04-15T00:00:00Z
2025-03-02,C00266,0,2025-04-16T00:00:00Z
2025-03-03,C00266,0,2025-04-17T00:00:00Z
2025-03-04,C00266,0,2025-04-18T00:00:00Z
2025-03-05,C00266,0,2025-04-19T00:00:00Z
2025-03-06,C00266,0,2025-04-20T00:00:00Z
2025-03-07,C00266,0,2025-04-21T00:00:00Z
2025-03-08,C00266,0,2025-04-22T00:00:00Z
2025-03-09,C00266,0,2025-04-23T00:00:00Z
2025-03-10,C00266,0,2025-04-24T00:00:00Z
2025-03-11,C00266,0,2025-04-25T00:00:00Z
2025-03-12,C00266,0,2025-04-26T00:00:00Z
2025-03-13,C00266,0,2025-04-27T00:00:00Z
2025-03-14,C00266,0,2025-04-28T00:00:00Z
2025-03-15,C00266,0,2025-04-29T00:00:00Z
2025-03-16,C00266,0,2025-04-30T00:00:00Z
2025-03-17,C00266,0,2025-05-01T00:00:00Z
2025-03-18,C00266,0,2025-05-02T00:00:00Z
2025-03-19,C00266,0,2025-05-03T00:00:00Z
2025-03-20,C00266,0,2025-05-04T00:00:00Z
2025-03-21,C00266,0,2025-05-05T00:00:00Z
2025-03-22,C00266,0,2025-05-06T00:00:00Z
2025-03-23,C00266,0,2025-05-07T00:00:00Z
2025-03-24,C00266,1,2025-05-08T00:00:00Z
2025-03-25,C00266,0,2025-05-09T00:00:00Z
2025-03-26,C00266,0,2025-05-10T00:00:00Z
2025-03-27,C00266,0,2025-05-11T00:00:00Z
2025-03-28,C00266,0,2025-05-12T00:00:00Z
2025-03-29,C00266,0,2025-05-13T00:00:00Z
2025-03-30,C00266,0,2025-05-14T00:00:00Z
2025-03-31,C00266,0,2025-05-15T00:00:00Z
2025-04-01,C00266,0,2025-05-16T00:00:00Z
2025-04-02,C00266,0,2025-05-17T00:00:00Z
2025-04-03,C00266,0,2025-05-18T00:00:00Z
2025-04-04,C00266,1,2025-05-19T00:00:00Z
2025-04-05,C00266,0,2025-05-20T00:00:00Z
2025-04-06,C00266,0,2025-05-21T00:00:00Z
2025-04-07,C00266,0,2025-05-22T00:00:00Z
2025-04-08,C00266,0,2025-05-23T00:00:00Z
2025-04-09,C00266,0,2025-05-24T00:00:00Z
2025-04-10,C00266,0,2025-05-25T00:00:00Z
2025-04-11,C00266,0,2025-05-26T00:00:00Z
2025-04-12,C00266,0,2025-05-27T00:00:00Z
2025-04-13,C00266,0,2025-05-28T00:00:00Z
2025-04-14,C00266,1,2025-05-29T00:00:00Z
2025-03-01,C00267,1,2025-04-15T00:00:00Z
2025-03-02,C00267,0,2025-04-16T00:00:00Z
2025-03-03,C00267,0,2025-04-17T00:00:00Z
2025-03-04,C00267,0,2025-04-18T00:00:00Z
2025-03-05,C00267,0,2025-04-19T00:00:00Z
2025-03-06,C00267,0,2025-04-20T00:00:00Z
2025-03-07,C00267,0,2025-04-21T00:00:00Z
2025-03-08,C00267,0,2025-04-22T00:00:00Z
2025-03-09,C00267,1,2025-04-23T00:00:00Z
2025-03-10,C00267,0,2025-04-24T00:00:00Z
2025-03-11,C00267,0,2025-04-25T00:00:00Z
2025-03-12,C00267,0,2025-04-26T00:00:00Z
2025-03-13,C00267,1,2025-04-27T00:00:00Z
2025-03-14,C00267,0,2025-04-28T00:00:00Z
2025-03-15,C00267,0,2025-04-29T00:00:00Z
2025-03-16,C00267,0,2025-04-30T00:00:00Z
2025-03-17,C00267,0,2025-05-01T00:00:00Z
2025-03-18,C00267,0,2025-05-02T00:00:00Z
2025-03-19,C00267,0,2025-05-03T00:00:00Z
2025-03-20,C00267,0,2025-05-04T00:00:00Z
2025-03-21,C00267,0,2025-05-05T00:00:00Z
2025-03-22,C00267,0,2025-05-06T00:00:00Z
2025-03-23,C00267,0,2025-05-07T00:00:00Z
2025-03-24,C00267,0,2025-05-08T00:00:00Z
2025-03-25,C00267,0,2025-05-09T00:00:00Z
2025-03-26,C00267,0,2025-05-10T00:00:00Z
2025-03-27,C00267,0,2025-05-11T00:00:00Z
2025-03-28,C00267,0,2025-05-12T00:00:00Z
2025-03-29,C00267,1,2025-05-13T00:00:00Z
2025-03-30,C00267,0,2025-05-14T00:00:00Z
2025-03-31,C00267,0,2025-05-15T00:00:00Z
2025-04-01,C00267,0,2025-05-16T00:00:00Z
2025-04-02,C00267,0,2025-05-17T00:00:00Z
2025-04-03,C00267,0,2025-05-18T00:00:00Z
2025-04-04,C00267,0,2025-05-19T00:00:00Z
2025-04-05,C00267,0,2025-05-20T00:00:00Z
2025-04-06,C00267,0,2025-05-21T00:00:00Z
2025-04-07,C00267,0,2025-05-22T00:00:00Z
2025-04-08,C00267,0,2025-05-23T00:00:00Z
2025-04-09,C00267,0,2025-05-24T00:00:00Z
2025-04-10,C00267,1,2025-05-25T00:00:00Z
2025-04-11,C00267,0,2025-05-26T00:00:00Z
2025-04-12,C00267,0,2025-05-27T00:00:00Z
2025-04-13,C00267,0,2025-05-28T00:00:00Z
2025-04-14,C00267,0,2025-05-29T00:00:00Z
2025-03-01,C00268,1,2025-04-15T00:00:00Z
2025-03-02,C00268,0,2025-04-16T00:00:00Z
2025-03-03,C00268,0,2025-04-17T00:00:00Z
2025-03-04,C00268,0,2025-04-18T00:00:00Z
2025-03-05,C00268,0,2025-04-19T00:00:00Z
2025-03-06,C00268,0,2025-04-20T00:00:00Z
2025-03-07,C00268,0,2025-04-21T00:00:00Z
2025-03-08,C00268,0,2025-04-22T00:00:00Z
2025-03-09,C00268,0,2025-04-23T00:00:00Z
2025-03-10,C00268,0,2025-04-24T00:00:00Z
2025-03-11,C00268,0,2025-04-25T00:00:00Z
2025-03-12,C00268,0,2025-04-26T00:00:00Z
2025-03-13,C00268,0,2025-04-27T00:00:00Z
2025-03-14,C00268,0,2025-04-28T00:00:00Z
2025-03-15,C00268,0,2025-04-29T00:00:00Z
2025-03-16,C00268,0,2025-04-30T00:00:00Z
2025-03-17,C00268,0,2025-05-01T00:00:00Z
2025-03-18,C00268,0,2025-05-02T00:00:00Z
2025-03-19,C00268,0,2025-05-03T00:00:00Z
2025-03-20,C00268,0,2025-05-04T00:00:00Z
2025-03-21,C00268,1,2025-05-05T00:00:00Z
2025-03-22,C00268,0,2025-05-06T00:00:00Z
2025-03-23,C00268,0,2025-05-07T00:00:00Z
2025-03-24,C00268,0,2025-05-08T00:00:00Z
2025-03-25,C00268,0,2025-05-09T00:00:00Z
2025-03-26,C00268,0,2025-05-10T00:00:00Z
2025-03-27,C00268,0,2025-05-11T00:00:00Z
2025-03-28,C00268,0,2025-05-12T00:00:00Z
2025-03-29,C00268,0,2025-05-13T00:00:00Z
2025-03-30,C00268,0,2025-05-14T00:00:00Z
2025-03-31,C00268,0,2025-05-15T00:00:00Z
2025-04-01,C00268,0,2025-05-16T00:00:00Z
2025-04-02,C00268,0,2025-05-17T00:00:00Z
2025-04-03,C00268,0,2025-05-18T00:00:00Z
2025-04-04,C00268,0,2025-05-19T00:00:00Z
2025-04-05,C00268,0,2025-05-20T00:00:00Z
2025-04-06,C00268,0,2025-05-21T00:00:00Z
2025-04-07,C00268,0,2025-05-22T00:00:00Z
2025-04-08,C00268,0,2025-05-23T00:00:00Z
2025-04-09,C00268,0,2025-05-24T00:00:00Z
2025-04-10,C00268,0,2025-05-25T00:00:00Z
2025-04-11,C00268,0,2025-05-26T00:00:00Z
2025-04-12,C00268,0,2025-05-27T00:00:00Z
2025-04-13,C00268,0,2025-05-28T00:00:00Z
2025-04-14,C00268,0,2025-05-29T00:00:00Z
2025-03-01,C00269,0,2025-04-15T00:00:00Z
2025-03-02,C00269,0,2025-04-16T00:00:00Z
2025-03-03,C00269,0,2025-04-17T00:00:00Z
2025-03-04,C00269,0,2025-04-18T00:00:00Z
2025-03-05,C00269,0,2025-04-19T00:00:00Z
2025-03-06,C00269,0,2025-04-20T00:00:00Z
2025-03-07,C00269,0,2025-04-21T00:00:00Z
2025-03-08,C00269,0,2025-04-22T00:00:00Z
2025-03-09,C00269,0,2025-04-23T00:00:00Z
2025-03-10,C00269,0,2025-04-24T00:00:00Z
2025-03-11,C00269,0,2025-04-25T00:00:00Z
2025-03-12,C00269,0,2025-04-26T00:00:00Z
2025-03-13,C00269,0,2025-04-27T00:00:00Z
2025-03-14,C00269,0,2025-04-28T00:00:00Z
2025-03-15,C00269,0,2025-04-29T00:00:00Z
2025-03-16,C00269,0,2025-04-30T00:00:00Z
2025-03-17,C00269,0,2025-05-01T00:00:00Z
2025-03-18,C00269,0,2025-05-02T00:00:00Z
2025-03-19,C00269,0,2025-05-03T00:00:00Z
2025-03-20,C00269,0,2025-05-04T00:00:00Z
2025-03-21,C00269,0,2025-05-05T00:00:00Z
2025-03-22,C00269,0,2025-05-06T00:00:00Z
2025-03-23,C00269,0,2025-05-07T00:00:00Z
2025-03-24,C00269,0,2025-05-08T00:00:00Z
2025-03-25,C00269,0,2025-05-09T00:00:00Z
2025-03-26,C00269,0,2025-05-10T00:00:00Z
2025-03-27,C00269,0,2025-05-11T00:00:00Z
2025-03-28,C00269,0,2025-05-12T00:00:00Z
2025-03-29,C00269,0,2025-05-13T00:00:00Z
2025-03-30,C00269,0,2025-05-14T00:00:00Z
2025-03-31,C00269,0,2025-05-15T00:00:00Z
2025-04-01,C00269,0,2025-05-16T00:00:00Z
2025-04-02,C00269,0,2025-05-17T00:00:00Z
2025-04-03,C00269,0,2025-05-18T00:00:00Z
2025-04-04,C00269,0,2025-05-19T00:00:00Z
2025-04-05,C00269,0,2025-05-20T00:00:00Z
2025-04-06,C00269,0,2025-05-21T00:00:00Z
2025-04-07,C00269,0,2025-05-22T00:00:00Z
2025-04-08,C00269,0,2025-05-23T00:00:00Z
2025-04-09,C00269,0,2025-05-24T00:00:00Z
2025-04-10,C00269,0,2025-05-25T00:00:00Z
2025-04-11,C00269,0,2025-05-26T00:00:00Z
2025-04-12,C00269,0,2025-05-27T00:00:00Z
2025-04-13,C00269,0,2025-05-28T00:00:00Z
2025-04-14,C00269,0,2025-05-29T00:00:00Z
2025-03-01,C00270,0,2025-04-15T00:00:00Z
2025-03-02,C00270,0,2025-04-16T00:00:00Z
2025-03-03,C00270,0,2025-04-17T00:00:00Z
2025-03-04,C00270,0,2025-04-18T00:00:00Z
2025-03-05,C00270,0,2025-04-19T00:00:00Z
2025-03-06,C00270,0,2025-04-20T00:00:00Z
2025-03-07,C00270,0,2025-04-21T00:00:00Z
2025-03-08,C00270,0,2025-04-22T00:00:00Z
2025-03-09,C00270,0,2025-04-23T00:00:00Z
2025-03-10,C00270,0,2025-04-24T00:00:00Z
2025-03-11,C00270,0,2025-04-25T00:00:00Z
2025-03-12,C00270,0,2025-04-26T00:00:00Z
2025-03-13,C00270,0,2025-04-27T00:00:00Z
2025-03-14,C00270,0,2025-04-28T00:00:00Z
2025-03-15,C00270,0,2025-04-29T00:00:00Z
2025-03-16,C00270,0,2025-04-30T00:00:00Z
2025-03-17,C00270,0,2025-05-01T00:00:00Z
2025-03-18,C00270,0,2025-05-02T00:00:00Z
2025-03-19,C00270,0,2025-05-03T00:00:00Z
2025-03-20,C00270,0,2025-05-04T00:00:00Z
2025-03-21,C00270,0,2025-05-05T00:00:00Z
2025-03-22,C00270,0,2025-05-06T00:00:00Z
2025-03-23,C00270,0,2025-05-07T00:00:00Z
2025-03-24,C00270,0,2025-05-08T00:00:00Z
2025-03-25,C00270,0,2025-05-09T00:00:00Z
2025-03-26,C00270,0,2025-05-10T00:00:00Z
2025-03-27,C00270,0,2025-05-11T00:00:00Z
2025-03-28,C00270,0,2025-05-12T00:00:00Z
2025-03-29,C00270,0,2025-05-13T00:00:00Z
2025-03-30,C00270,0,2025-05-14T00:00:00Z
2025-03-31,C00270,0,2025-05-15T00:00:00Z
2025-04-01,C00270,0,2025-05-16T00:00:00Z
2025-04-02,C00270,0,2025-05-17T00:00:00Z
2025-04-03,C00270,0,2025-05-18T00:00:00Z
2025-04-04,C00270,0,2025-05-19T00:00:00Z
2025-04-05,C00270,0,2025-05-20T00:00:00Z
2025-04-06,C00270,0,2025-05-21T00:00:00Z
2025-04-07,C00270,0,2025-05-22T00:00:00Z
2025-04-08,C00270,1,2025-05-23T00:00:00Z
2025-04-09,C00270,0,2025-05-24T00:00:00Z
2025-04-10,C00270,0,2025-05-25T00:00:00Z
2025-04-11,C00270,0,2025-05-26T00:00:00Z
2025-04-12,C00270,0,2025-05-27T00:00:00Z
2025-04-13,C00270,0,2025-05-28T00:00:00Z
2025-04-14,C00270,0,2025-05-29T00:00:00Z
2025-03-01,C00271,0,2025-04-15T00:00:00Z
2025-03-02,C00271,0,2025-04-16T00:00:00Z
2025-03-03,C00271,0,2025-04-17T00:00:00Z
2025-03-04,C00271,1,2025-04-18T00:00:00Z
2025-03-05,C00271,0,2025-04-19T00:00:00Z
2025-03-06,C00271,0,2025-04-20T00:00:00Z
2025-03-07,C00271,0,2025-04-21T00:00:00Z
2025-03-08,C00271,0,2025-04-22T00:00:00Z
2025-03-09,C00271,0,2025-04-23T00:00:00Z
2025-03-10,C00271,0,2025-04-24T00:00:00Z
2025-03-11,C00271,0,2025-04-25T00:00:00Z
2025-03-12,C00271,0,2025-04-26T00:00:00Z
2025-03-13,C00271,0,2025-04-27T00:00:00Z
2025-03-14,C00271,0,2025-04-28T00:00:00Z
2025-03-15,C00271,0,2025-04-29T00:00:00Z
2025-03-16,C00271,0,2025-04-30T00:00:00Z
2025-03-17,C00271,0,2025-05-01T00:00:00Z
2025-03-18,C00271,0,2025-05-02T00:00:00Z
2025-03-19,C00271,0,2025-05-03T00:00:00Z
2025-03-20,C00271,0,2025-05-04T00:00:00Z
2025-03-21,C00271,0,2025-05-05T00:00:00Z
2025-03-22,C00271,0,2025-05-06T00:00:00Z
2025-03-23,C00271,1,2025-05-07T00:00:00Z
2025-03-24,C00271,0,2025-05-08T00:00:00Z
2025-03-25,C00271,0,2025-05-09T00:00:00Z
2025-03-26,C00271,0,2025-05-10T00:00:00Z
2025-03-27,C00271,0,2025-05-11T00:00:00Z
2025-03-28,C00271,0,2025-05-12T00:00:00Z
2025-03-29,C00271,0,2025-05-13T00:00:00Z
2025-03-30,C00271,0,2025-05-14T00:00:00Z
2025-03-31,C00271,0,2025-05-15T00:00:00Z
2025-04-01,C00271,0,2025-05-16T00:00:00Z
2025-04-02,C00271,0,2025-05-17T00:00:00Z
2025-04-03,C00271,0,2025-05-18T00:00:00Z
2025-04-04,C00271,0,2025-05-19T00:00:00Z
2025-04-05,C00271,0,2025-05-20T00:00:00Z
2025-04-06,C00271,0,2025-05-21T00:00:00Z
2025-04-07,C00271,1,2025-05-22T00:00:00Z
2025-04-08,C00271,0,2025-05-23T00:00:00Z
2025-04-09,C00271,0,2025-05-24T00:00:00Z
2025-04-10,C00271,0,2025-05-25T00:00:00Z
2025-04-11,C00271,0,2025-05-26T00:00:00Z
2025-04-12,C00271,0,2025-05-27T00:00:00Z
2025-04-13,C00271,0,2025-05-28T00:00:00Z
2025-04-14,C00271,0,2025-05-29T00:00:00Z
2025-03-01,C00272,0,2025-04-15T00:00:00Z
2025-03-02,C00272,0,2025-04-16T00:00:00Z
2025-03-03,C00272,0,2025-04-17T00:00:00Z
2025-03-04,C00272,0,2025-04-18T00:00:00Z
2025-03-05,C00272,0,2025-04-19T00:00:00Z
2025-03-06,C00272,0,2025-04-20T00:00:00Z
2025-03-07,C00272,0,2025-04-21T00:00:00Z
2025-03-08,C00272,0,2025-04-22T00:00:00Z
2025-03-09,C00272,0,2025-04-23T00:00:00Z
2025-03-10,C00272,0,2025-04-24T00:00:00Z
2025-03-11,C00272,0,2025-04-25T00:00:00Z
2025-03-12,C00272,0,2025-04-26T00:00:00Z
2025-03-13,C00272,0,2025-04-27T00:00:00Z
2025-03-14,C00272,0,2025-04-28T00:00:00Z
2025-03-15,C00272,0,2025-04-29T00:00:00Z
2025-03-16,C00272,0,2025-04-30T00:00:00Z
2025-03-17,C00272,0,2025-05-01T00:00:00Z
2025-03-18,C00272,0,2025-05-02T00:00:00Z
2025-03-19,C00272,0,2025-05-03T00:00:00Z
2025-03-20,C00272,0,2025-05-04T00:00:00Z
2025-03-21,C00272,0,2025-05-05T00:00:00Z
2025-03-22,C00272,0,2025-05-06T00:00:00Z
2025-03-23,C00272,0,2025-05-07T00:00:00Z
2025-03-24,C00272,1,2025-05-08T00:00:00Z
2025-03-25,C00272,1,2025-05-09T00:00:00Z
2025-03-26,C00272,0,2025-05-10T00:00:00Z
2025-03-27,C00272,0,2025-05-11T00:00:00Z
2025-03-28,C00272,0,2025-05-12T00:00:00Z
2025-03-29,C00272,0,2025-05-13T00:00:00Z
2025-03-30,C00272,0,2025-05-14T00:00:00Z
2025-03-31,C00272,0,2025-05-15T00:00:00Z
2025-04-01,C00272,0,2025-05-16T00:00:00Z
2025-04-02,C00272,0,2025-05-17T00:00:00Z
2025-04-03,C00272,0,2025-05-18T00:00:00Z
2025-04-04,C00272,0,2025-05-19T00:00:00Z
2025-04-05,C00272,0,2025-05-20T00:00:00Z
2025-04-06,C00272,0,2025-05-21T00:00:00Z
2025-04-07,C00272,0,2025-05-22T00:00:00Z
2025-04-08,C00272,0,2025-05-23T00:00:00Z
2025-04-09,C00272,0,2025-05-24T00:00:00Z
2025-04-10,C00272,0,2025-05-25T00:00:00Z
2025-04-11,C00272,0,2025-05-26T00:00:00Z
2025-04-12,C00272,0,2025-05-27T00:00:00Z
2025-04-13,C00272,0,2025-05-28T00:00:00Z
2025-04-14,C00272,0,2025-05-29T00:00:00Z
2025-03-01,C00273,0,2025-04-15T00:00:00Z
2025-03-02,C00273,0,2025-04-16T00:00:00Z
2025-03-03,C00273,0,2025-04-17T00:00:00Z
2025-03-04,C00273,0,2025-04-18T00:00:00Z
2025-03-05,C00273,0,2025-04-19T00:00:00Z
2025-03-06,C00273,0,2025-04-20T00:00:00Z
2025-03-07,C00273,0,2025-04-21T00:00:00Z
2025-03-08,C00273,0,2025-04-22T00:00:00Z
2025-03-09,C00273,0,2025-04-23T00:00:00Z
2025-03-10,C00273,0,2025-04-24T00:00:00Z
2025-03-11,C00273,0,2025-04-25T00:00:00Z
2025-03-12,C00273,0,2025-04-26T00:00:00Z
2025-03-13,C00273,0,2025-04-27T00:00:00Z
2025-03-14,C00273,0,2025-04-28T00:00:00Z
2025-03-15,C00273,0,2025-04-29T00:00:00Z
2025-03-16,C00273,0,2025-04-30T00:00:00Z
2025-03-17,C00273,0,2025-05-01T00:00:00Z
2025-03-18,C00273,0,2025-05-02T00:00:00Z
2025-03-19,C00273,0,2025-05-03T00:00:00Z
2025-03-20,C00273,0,2025-05-04T00:00:00Z
2025-03-21,C00273,0,2025-05-05T00:00:00Z
2025-03-22,C00273,0,2025-05-06T00:00:00Z
2025-03-23,C00273,0,2025-05-07T00:00:00Z
2025-03-24,C00273,0,2025-05-08T00:00:00Z
2025-03-25,C00273,0,2025-05-09T00:00:00Z
2025-03-26,C00273,0,2025-05-10T00:00:00Z
2025-03-27,C00273,0,2025-05-11T00:00:00Z
2025-03-28,C00273,0,2025-05-12T00:00:00Z
2025-03-29,C00273,0,2025-05-13T00:00:00Z
2025-03-30,C00273,0,2025-05-14T00:00:00Z
2025-03-31,C00273,0,2025-05-15T00:00:00Z
2025-04-01,C00273,0,2025-05-16T00:00:00Z
2025-04-02,C00273,0,2025-05-17T00:00:00Z
2025-04-03,C00273,0,2025-05-18T00:00:00Z
2025-04-04,C00273,0,2025-05-19T00:00:00Z
2025-04-05,C00273,0,2025-05-20T00:00:00Z
2025-04-06,C00273,0,2025-05-21T00:00:00Z
2025-04-07,C00273,0,2025-05-22T00:00:00Z
2025-04-08,C00273,1,2025-05-23T00:00:00Z
2025-04-09,C00273,0,2025-05-24T00:00:00Z
2025-04-10,C00273,0,2025-05-25T00:00:00Z
2025-04-11,C00273,0,2025-05-26T00:00:00Z
2025-04-12,C00273,0,2025-05-27T00:00:00Z
2025-04-13,C00273,0,2025-05-28T00:00:00Z
2025-04-14,C00273,0,2025-05-29T00:00:00Z
2025-03-01,C00274,0,2025-04-15T00:00:00Z
2025-03-02,C00274,0,2025-04-16T00:00:00Z
2025-03-03,C00274,0,2025-04-17T00:00:00Z
2025-03-04,C00274,0,2025-04-18T00:00:00Z
2025-03-05,C00274,0,2025-04-19T00:00:00Z
2025-03-06,C00274,0,2025-04-20T00:00:00Z
2025-03-07,C00274,0,2025-04-21T00:00:00Z
2025-03-08,C00274,0,2025-04-22T00:00:00Z
2025-03-09,C00274,0,2025-04-23T00:00:00Z
2025-03-10,C00274,0,2025-04-24T00:00:00Z
2025-03-11,C00274,0,2025-04-25T00:00:00Z
2025-03-12,C00274,0,2025-04-26T00:00:00Z
2025-03-13,C00274,0,2025-04-27T00:00:00Z
2025-03-14,C00274,0,2025-04-28T00:00:00Z
2025-03-15,C00274,0,2025-04-29T00:00:00Z
2025-03-16,C00274,0,2025-04-30T00:00:00Z
2025-03-17,C00274,0,2025-05-01T00:00:00Z
2025-03-18,C00274,0,2025-05-02T00:00:00Z
2025-03-19,C00274,0,2025-05-03T00:00:00Z
2025-03-20,C00274,0,2025-05-04T00:00:00Z
2025-03-21,C00274,1,2025-05-05T00:00:00Z
2025-03-22,C00274,0,2025-05-06T00:00:00Z
2025-03-23,C00274,0,2025-05-07T00:00:00Z
2025-03-24,C00274,0,2025-05-08T00:00:00Z
2025-03-25,C00274,0,2025-05-09T00:00:00Z
2025-03-26,C00274,0,2025-05-10T00:00:00Z
2025-03-27,C00274,0,2025-05-11T00:00:00Z
2025-03-28,C00274,0,2025-05-12T00:00:00Z
2025-03-29,C00274,0,2025-05-13T00:00:00Z
2025-03-30,C00274,0,2025-05-14T00:00:00Z
2025-03-31,C00274,0,2025-05-15T00:00:00Z
2025-04-01,C00274,0,2025-05-16T00:00:00Z
2025-04-02,C00274,0,2025-05-17T00:00:00Z
2025-04-03,C00274,0,2025-05-18T00:00:00Z
2025-04-04,C00274,0,2025-05-19T00:00:00Z
2025-04-05,C00274,0,2025-05-20T00:00:00Z
2025-04-06,C00274,0,2025-05-21T00:00:00Z
2025-04-07,C00274,0,2025-05-22T00:00:00Z
2025-04-08,C00274,0,2025-05-23T00:00:00Z
2025-04-09,C00274,0,2025-05-24T00:00:00Z
2025-04-10,C00274,0,2025-05-25T00:00:00Z
2025-04-11,C00274,0,2025-05-26T00:00:00Z
2025-04-12,C00274,0,2025-05-27T00:00:00Z
2025-04-13,C00274,0,2025-05-28T00:00:00Z
2025-04-14,C00274,0,2025-05-29T00:00:00Z
2025-03-01,C00275,0,2025-04-15T00:00:00Z
2025-03-02,C00275,0,2025-04-16T00:00:00Z
2025-03-03,C00275,0,2025-04-17T00:00:00Z
2025-03-04,C00275,0,2025-04-18T00:00:00Z
2025-03-05,C00275,0,2025-04-19T00:00:00Z
2025-03-06,C00275,0,2025-04-20T00:00:00Z
2025-03-07,C00275,0,2025-04-21T00:00:00Z
2025-03-08,C00275,0,2025-04-22T00:00:00Z
2025-03-09,C00275,0,2025-04-23T00:00:00Z
2025-03-10,C00275,0,2025-04-24T00:00:00Z
2025-03-11,C00275,0,2025-04-25T00:00:00Z
2025-03-12,C00275,0,2025-04-26T00:00:00Z
2025-03-13,C00275,0,2025-04-27T00:00:00Z
2025-03-14,C00275,0,2025-04-28T00:00:00Z
2025-03-15,C00275,0,2025-04-29T00:00:00Z
2025-03-16,C00275,0,2025-04-30T00:00:00Z
2025-03-17,C00275,0,2025-05-01T00:00:00Z
2025-03-18,C00275,0,2025-05-02T00:00:00Z
2025-03-19,C00275,0,2025-05-03T00:00:00Z
2025-03-20,C00275,0,2025-05-04T00:00:00Z
2025-03-21,C00275,0,2025-05-05T00:00:00Z
2025-03-22,C00275,0,2025-05-06T00:00:00Z
2025-03-23,C00275,0,2025-05-07T00:00:00Z
2025-03-24,C00275,0,2025-05-08T00:00:00Z
2025-03-25,C00275,0,2025-05-09T00:00:00Z
2025-03-26,C00275,0,2025-05-10T00:00:00Z
2025-03-27,C00275,0,2025-05-11T00:00:00Z
2025-03-28,C00275,0,2025-05-12T00:00:00Z
2025-03-29,C00275,0,2025-05-13T00:00:00Z
2025-03-30,C00275,0,2025-05-14T00:00:00Z
2025-03-31,C00275,0,2025-05-15T00:00:00Z
2025-04-01,C00275,0,2025-05-16T00:00:00Z
2025-04-02,C00275,0,2025-05-17T00:00:00Z
2025-04-03,C00275,0,2025-05-18T00:00:00Z
2025-04-04,C00275,0,2025-05-19T00:00:00Z
2025-04-05,C00275,0,2025-05-20T00:00:00Z
2025-04-06,C00275,0,2025-05-21T00:00:00Z
2025-04-07,C00275,0,2025-05-22T00:00:00Z
2025-04-08,C00275,0,2025-05-23T00:00:00Z
2025-04-09,C00275,0,2025-05-24T00:00:00Z
2025-04-10,C00275,0,2025-05-25T00:00:00Z
2025-04-11,C00275,0,2025-05-26T00:00:00Z
2025-04-12,C00275,0,2025-05-27T00:00:00Z
2025-04-13,C00275,0,2025-05-28T00:00:00Z
2025-04-14,C00275,0,2025-05-29T00:00:00Z
2025-03-01,C00276,0,2025-04-15T00:00:00Z
2025-03-02,C00276,0,2025-04-16T00:00:00Z
2025-03-03,C00276,1,2025-04-17T00:00:00Z
2025-03-04,C00276,0,2025-04-18T00:00:00Z
2025-03-05,C00276,0,2025-04-19T00:00:00Z
2025-03-06,C00276,0,2025-04-20T00:00:00Z
2025-03-07,C00276,0,2025-04-21T00:00:00Z
2025-03-08,C00276,0,2025-04-22T00:00:00Z
2025-03-09,C00276,0,2025-04-23T00:00:00Z
2025-03-10,C00276,0,2025-04-24T00:00:00Z
2025-03-11,C00276,0,2025-04-25T00:00:00Z
2025-03-12,C00276,0,2025-04-26T00:00:00Z
2025-03-13,C00276,0,2025-04-27T00:00:00Z
2025-03-14,C00276,0,2025-04-28T00:00:00Z
2025-03-15,C00276,0,2025-04-29T00:00:00Z
2025-03-16,C00276,0,2025-04-30T00:00:00Z
2025-03-17,C00276,0,2025-05-01T00:00:00Z
2025-03-18,C00276,0,2025-05-02T00:00:00Z
2025-03-19,C00276,0,2025-05-03T00:00:00Z
2025-03-20,C00276,0,2025-05-04T00:00:00Z
2025-03-21,C00276,0,2025-05-05T00:00:00Z
2025-03-22,C00276,0,2025-05-06T00:00:00Z
2025-03-23,C00276,0,2025-05-07T00:00:00Z
2025-03-24,C00276,0,2025-05-08T00:00:00Z
2025-03-25,C00276,0,2025-05-09T00:00:00Z
2025-03-26,C00276,0,2025-05-10T00:00:00Z
2025-03-27,C00276,0,2025-05-11T00:00:00Z
2025-03-28,C00276,0,2025-05-12T00:00:00Z
2025-03-29,C00276,0,2025-05-13T00:00:00Z
2025-03-30,C00276,0,2025-05-14T00:00:00Z
2025-03-31,C00276,0,2025-05-15T00:00:00Z
2025-04-01,C00276,0,2025-05-16T00:00:00Z
2025-04-02,C00276,0,2025-05-17T00:00:00Z
2025-04-03,C00276,0,2025-05-18T00:00:00Z
2025-04-04,C00276,0,2025-05-19T00:00:00Z
2025-04-05,C00276,0,2025-05-20T00:00:00Z
2025-04-06,C00276,0,2025-05-21T00:00:00Z
2025-04-07,C00276,0,2025-05-22T00:00:00Z
2025-04-08,C00276,0,2025-05-23T00:00:00Z
2025-04-09,C00276,0,2025-05-24T00:00:00Z
2025-04-10,C00276,0,2025-05-25T00:00:00Z
2025-04-11,C00276,0,2025-05-26T00:00:00Z
2025-04-12,C00276,1,2025-05-27T00:00:00Z
2025-04-13,C00276,0,2025-05-28T00:00:00Z
2025-04-14,C00276,0,2025-05-29T00:00:00Z
2025-03-01,C00277,0,2025-04-15T00:00:00Z
2025-03-02,C00277,0,2025-04-16T00:00:00Z
2025-03-03,C00277,0,2025-04-17T00:00:00Z
2025-03-04,C00277,0,2025-04-18T00:00:00Z
2025-03-05,C00277,1,2025-04-19T00:00:00Z
2025-03-06,C00277,0,2025-04-20T00:00:00Z
2025-03-07,C00277,0,2025-04-21T00:00:00Z
2025-03-08,C00277,0,2025-04-22T00:00:00Z
2025-03-09,C00277,0,2025-04-23T00:00:00Z
2025-03-10,C00277,0,2025-04-24T00:00:00Z
2025-03-11,C00277,0,2025-04-25T00:00:00Z
2025-03-12,C00277,1,2025-04-26T00:00:00Z
2025-03-13,C00277,0,2025-04-27T00:00:00Z
2025-03-14,C00277,0,2025-04-28T00:00:00Z
2025-03-15,C00277,0,2025-04-29T00:00:00Z
2025-03-16,C00277,0,2025-04-30T00:00:00Z
2025-03-17,C00277,0,2025-05-01T00:00:00Z
2025-03-18,C00277,0,2025-05-02T00:00:00Z
2025-03-19,C00277,0,2025-05-03T00:00:00Z
2025-03-20,C00277,0,2025-05-04T00:00:00Z
2025-03-21,C00277,0,2025-05-05T00:00:00Z
2025-03-22,C00277,0,2025-05-06T00:00:00Z
2025-03-23,C00277,0,2025-05-07T00:00:00Z
2025-03-24,C00277,0,2025-05-08T00:00:00Z
2025-03-25,C00277,0,2025-05-09T00:00:00Z
2025-03-26,C00277,0,2025-05-10T00:00:00Z
2025-03-27,C00277,1,2025-05-11T00:00:00Z
2025-03-28,C00277,0,2025-05-12T00:00:00Z
2025-03-29,C00277,1,2025-05-13T00:00:00Z
2025-03-30,C00277,0,2025-05-14T00:00:00Z
2025-03-31,C00277,0,2025-05-15T00:00:00Z
2025-04-01,C00277,0,2025-05-16T00:00:00Z
2025-04-02,C00277,0,2025-05-17T00:00:00Z
2025-04-03,C00277,1,2025-05-18T00:00:00Z
2025-04-04,C00277,0,2025-05-19T00:00:00Z
2025-04-05,C00277,0,2025-05-20T00:00:00Z
2025-04-06,C00277,0,2025-05-21T00:00:00Z
2025-04-07,C00277,0,2025-05-22T00:00:00Z
2025-04-08,C00277,0,2025-05-23T00:00:00Z
2025-04-09,C00277,0,2025-05-24T00:00:00Z
2025-04-10,C00277,0,2025-05-25T00:00:00Z
2025-04-11,C00277,0,2025-05-26T00:00:00Z
2025-04-12,C00277,0,2025-05-27T00:00:00Z
2025-04-13,C00277,0,2025-05-28T00:00:00Z
2025-04-14,C00277,0,2025-05-29T00:00:00Z
2025-03-01,C00278,0,2025-04-15T00:00:00Z
2025-03-02,C00278,0,2025-04-16T00:00:00Z
2025-03-03,C00278,0,2025-04-17T00:00:00Z
2025-03-04,C00278,0,2025-04-18T00:00:00Z
2025-03-05,C00278,0,2025-04-19T00:00:00Z
2025-03-06,C00278,0,2025-04-20T00:00:00Z
2025-03-07,C00278,0,2025-04-21T00:00:00Z
2025-03-08,C00278,0,2025-04-22T00:00:00Z
2025-03-09,C00278,0,2025-04-23T00:00:00Z
2025-03-10,C00278,0,2025-04-24T00:00:00Z
2025-03-11,C00278,0,2025-04-25T00:00:00Z
2025-03-12,C00278,0,2025-04-26T00:00:00Z
2025-03-13,C00278,0,2025-04-27T00:00:00Z
2025-03-14,C00278,0,2025-04-28T00:00:00Z
2025-03-15,C00278,0,2025-04-29T00:00:00Z
2025-03-16,C00278,0,2025-04-30T00:00:00Z
2025-03-17,C00278,0,2025-05-01T00:00:00Z
2025-03-18,C00278,0,2025-05-02T00:00:00Z
2025-03-19,C00278,0,2025-05-03T00:00:00Z
2025-03-20,C00278,0,2025-05-04T00:00:00Z
2025-03-21,C00278,0,2025-05-05T00:00:00Z
2025-03-22,C00278,0,2025-05-06T00:00:00Z
2025-03-23,C00278,0,2025-05-07T00:00:00Z
2025-03-24,C00278,0,2025-05-08T00:00:00Z
2025-03-25,C00278,0,2025-05-09T00:00:00Z
2025-03-26,C00278,0,2025-05-10T00:00:00Z
2025-03-27,C00278,0,2025-05-11T00:00:00Z
2025-03-28,C00278,0,2025-05-12T00:00:00Z
2025-03-29,C00278,1,2025-05-13T00:00:00Z
2025-03-30,C00278,0,2025-05-14T00:00:00Z
2025-03-31,C00278,0,2025-05-15T00:00:00Z
2025-04-01,C00278,0,2025-05-16T00:00:00Z
2025-04-02,C00278,0,2025-05-17T00:00:00Z
2025-04-03,C00278,0,2025-05-18T00:00:00Z
2025-04-04,C00278,0,2025-05-19T00:00:00Z
2025-04-05,C00278,0,2025-05-20T00:00:00Z
2025-04-06,C00278,0,2025-05-21T00:00:00Z
2025-04-07,C00278,0,2025-05-22T00:00:00Z
2025-04-08,C00278,0,2025-05-23T00:00:00Z
2025-04-09,C00278,0,2025-05-24T00:00:00Z
2025-04-10,C00278,0,2025-05-25T00:00:00Z
2025-04-11,C00278,0,2025-05-26T00:00:00Z
2025-04-12,C00278,0,2025-05-27T00:00:00Z
2025-04-13,C00278,0,2025-05-28T00:00:00Z
2025-04-14,C00278,0,2025-05-29T00:00:00Z
2025-03-01,C00279,0,2025-04-15T00:00:00Z
2025-03-02,C00279,1,2025-04-16T00:00:00Z
2025-03-03,C00279,1,2025-04-17T00:00:00Z
2025-03-04,C00279,0,2025-04-18T00:00:00Z
2025-03-05,C00279,0,2025-04-19T00:00:00Z
2025-03-06,C00279,0,2025-04-20T00:00:00Z
2025-03-07,C00279,0,2025-04-21T00:00:00Z
2025-03-08,C00279,0,2025-04-22T00:00:00Z
2025-03-09,C00279,0,2025-04-23T00:00:00Z
2025-03-10,C00279,0,2025-04-24T00:00:00Z
2025-03-11,C00279,0,2025-04-25T00:00:00Z
2025-03-12,C00279,0,2025-04-26T00:00:00Z
2025-03-13,C00279,0,2025-04-27T00:00:00Z
2025-03-14,C00279,1,2025-04-28T00:00:00Z
2025-03-15,C00279,0,2025-04-29T00:00:00Z
2025-03-16,C00279,0,2025-04-30T00:00:00Z
2025-03-17,C00279,0,2025-05-01T00:00:00Z
2025-03-18,C00279,0,2025-05-02T00:00:00Z
2025-03-19,C00279,0,2025-05-03T00:00:00Z
2025-03-20,C00279,0,2025-05-04T00:00:00Z
2025-03-21,C00279,0,2025-05-05T00:00:00Z
2025-03-22,C00279,0,2025-05-06T00:00:00Z
2025-03-23,C00279,1,2025-05-07T00:00:00Z
2025-03-24,C00279,0,2025-05-08T00:00:00Z
2025-03-25,C00279,0,2025-05-09T00:00:00Z
2025-03-26,C00279,0,2025-05-10T00:00:00Z
2025-03-27,C00279,0,2025-05-11T00:00:00Z
2025-03-28,C00279,0,2025-05-12T00:00:00Z
2025-03-29,C00279,0,2025-05-13T00:00:00Z
2025-03-30,C00279,0,2025-05-14T00:00:00Z
2025-03-31,C00279,1,2025-05-15T00:00:00Z
2025-04-01,C00279,0,2025-05-16T00:00:00Z
2025-04-02,C00279,0,2025-05-17T00:00:00Z
2025-04-03,C00279,0,2025-05-18T00:00:00Z
2025-04-04,C00279,0,2025-05-19T00:00:00Z
2025-04-05,C00279,0,2025-05-20T00:00:00Z
2025-04-06,C00279,0,2025-05-21T00:00:00Z
2025-04-07,C00279,0,2025-05-22T00:00:00Z
2025-04-08,C00279,0,2025-05-23T00:00:00Z
2025-04-09,C00279,0,2025-05-24T00:00:00Z
2025-04-10,C00279,0,2025-05-25T00:00:00Z
2025-04-11,C00279,0,2025-05-26T00:00:00Z
2025-04-12,C00279,0,2025-05-27T00:00:00Z
2025-04-13,C00279,0,2025-05-28T00:00:00Z
2025-04-14,C00279,0,2025-05-29T00:00:00Z
2025-03-01,C00280,0,2025-04-15T00:00:00Z
2025-03-02,C00280,0,2025-04-16T00:00:00Z
2025-03-03,C00280,0,2025-04-17T00:00:00Z
2025-03-04,C00280,0,2025-04-18T00:00:00Z
2025-03-05,C00280,0,2025-04-19T00:00:00Z
2025-03-06,C00280,0,2025-04-20T00:00:00Z
2025-03-07,C00280,0,2025-04-21T00:00:00Z
2025-03-08,C00280,0,2025-04-22T00:00:00Z
2025-03-09,C00280,0,2025-04-23T00:00:00Z
2025-03-10,C00280,0,2025-04-24T00:00:00Z
2025-03-11,C00280,0,2025-04-25T00:00:00Z
2025-03-12,C00280,0,2025-04-26T00:00:00Z
2025-03-13,C00280,0,2025-04-27T00:00:00Z
2025-03-14,C00280,0,2025-04-28T00:00:00Z
2025-03-15,C00280,0,2025-04-29T00:00:00Z
2025-03-16,C00280,0,2025-04-30T00:00:00Z
2025-03-17,C00280,0,2025-05-01T00:00:00Z
2025-03-18,C00280,0,2025-05-02T00:00:00Z
2025-03-19,C00280,0,2025-05-03T00:00:00Z
2025-03-20,C00280,0,2025-05-04T00:00:00Z
2025-03-21,C00280,0,2025-05-05T00:00:00Z
2025-03-22,C00280,0,2025-05-06T00:00:00Z
2025-03-23,C00280,0,2025-05-07T00:00:00Z
2025-03-24,C00280,0,2025-05-08T00:00:00Z
2025-03-25,C00280,0,2025-05-09T00:00:00Z
2025-03-26,C00280,0,2025-05-10T00:00:00Z
2025-03-27,C00280,0,2025-05-11T00:00:00Z
2025-03-28,C00280,0,2025-05-12T00:00:00Z
2025-03-29,C00280,0,2025-05-13T00:00:00Z
2025-03-30,C00280,1,2025-05-14T00:00:00Z
2025-03-31,C00280,0,2025-05-15T00:00:00Z
2025-04-01,C00280,0,2025-05-16T00:00:00Z
2025-04-02,C00280,0,2025-05-17T00:00:00Z
2025-04-03,C00280,0,2025-05-18T00:00:00Z
2025-04-04,C00280,0,2025-05-19T00:00:00Z
2025-04-05,C00280,0,2025-05-20T00:00:00Z
2025-04-06,C00280,0,2025-05-21T00:00:00Z
2025-04-07,C00280,0,2025-05-22T00:00:00Z
2025-04-08,C00280,0,2025-05-23T00:00:00Z
2025-04-09,C00280,0,2025-05-24T00:00:00Z
2025-04-10,C00280,0,2025-05-25T00:00:00Z
2025-04-11,C00280,0,2025-05-26T00:00:00Z
2025-04-12,C00280,0,2025-05-27T00:00:00Z
2025-04-13,C00280,0,2025-05-28T00:00:00Z
2025-04-14,C00280,0,2025-05-29T00:00:00Z
2025-03-01,C00281,0,2025-04-15T00:00:00Z
2025-03-02,C00281,0,2025-04-16T00:00:00Z
2025-03-03,C00281,0,2025-04-17T00:00:00Z
2025-03-04,C00281,0,2025-04-18T00:00:00Z
2025-03-05,C00281,0,2025-04-19T00:00:00Z
2025-03-06,C00281,0,2025-04-20T00:00:00Z
2025-03-07,C00281,0,2025-04-21T00:00:00Z
2025-03-08,C00281,1,2025-04-22T00:00:00Z
2025-03-09,C00281,0,2025-04-23T00:00:00Z
2025-03-10,C00281,0,2025-04-24T00:00:00Z
2025-03-11,C00281,0,2025-04-25T00:00:00Z
2025-03-12,C00281,0,2025-04-26T00:00:00Z
2025-03-13,C00281,0,2025-04-27T00:00:00Z
2025-03-14,C00281,0,2025-04-28T00:00:00Z
2025-03-15,C00281,1,2025-04-29T00:00:00Z
2025-03-16,C00281,0,2025-04-30T00:00:00Z
2025-03-17,C00281,0,2025-05-01T00:00:00Z
2025-03-18,C00281,0,2025-05-02T00:00:00Z
2025-03-19,C00281,0,2025-05-03T00:00:00Z
2025-03-20,C00281,0,2025-05-04T00:00:00Z
2025-03-21,C00281,0,2025-05-05T00:00:00Z
2025-03-22,C00281,1,2025-05-06T00:00:00Z
2025-03-23,C00281,0,2025-05-07T00:00:00Z
2025-03-24,C00281,0,2025-05-08T00:00:00Z
2025-03-25,C00281,0,2025-05-09T00:00:00Z
2025-03-26,C00281,1,2025-05-10T00:00:00Z
2025-03-27,C00281,0,2025-05-11T00:00:00Z
2025-03-28,C00281,0,2025-05-12T00:00:00Z
2025-03-29,C00281,0,2025-05-13T00:00:00Z
2025-03-30,C00281,0,2025-05-14T00:00:00Z
2025-03-31,C00281,0,2025-05-15T00:00:00Z
2025-04-01,C00281,0,2025-05-16T00:00:00Z
2025-04-02,C00281,0,2025-05-17T00:00:00Z
2025-04-03,C00281,0,2025-05-18T00:00:00Z
2025-04-04,C00281,0,2025-05-19T00:00:00Z
2025-04-05,C00281,0,2025-05-20T00:00:00Z
2025-04-06,C00281,0,2025-05-21T00:00:00Z
2025-04-07,C00281,0,2025-05-22T00:00:00Z
2025-04-08,C00281,0,2025-05-23T00:00:00Z
2025-04-09,C00281,0,2025-05-24T00:00:00Z
2025-04-10,C00281,0,2025-05-25T00:00:00Z
2025-04-11,C00281,0,2025-05-26T00:00:00Z
2025-04-12,C00281,1,2025-05-27T00:00:00Z
2025-04-13,C00281,0,2025-05-28T00:00:00Z
2025-04-14,C00281,0,2025-05-29T00:00:00Z
2025-03-01,C00282,0,2025-04-15T00:00:00Z
2025-03-02,C00282,0,2025-04-16T00:00:00Z
2025-03-03,C00282,0,2025-04-17T00:00:00Z
2025-03-04,C00282,0,2025-04-18T00:00:00Z
2025-03-05,C00282,0,2025-04-19T00:00:00Z
2025-03-06,C00282,0,2025-04-20T00:00:00Z
2025-03-07,C00282,1,2025-04-21T00:00:00Z
2025-03-08,C00282,0,2025-04-22T00:00:00Z
2025-03-09,C00282,0,2025-04-23T00:00:00Z
2025-03-10,C00282,0,2025-04-24T00:00:00Z
2025-03-11,C00282,0,2025-04-25T00:00:00Z
2025-03-12,C00282,0,2025-04-26T00:00:00Z
2025-03-13,C00282,0,2025-04-27T00:00:00Z
2025-03-14,C00282,0,2025-04-28T00:00:00Z
2025-03-15,C00282,0,2025-04-29T00:00:00Z
2025-03-16,C00282,0,2025-04-30T00:00:00Z
2025-03-17,C00282,0,2025-05-01T00:00:00Z
2025-03-18,C00282,0,2025-05-02T00:00:00Z
2025-03-19,C00282,0,2025-05-03T00:00:00Z
2025-03-20,C00282,0,2025-05-04T00:00:00Z
2025-03-21,C00282,0,2025-05-05T00:00:00Z
2025-03-22,C00282,0,2025-05-06T00:00:00Z
2025-03-23,C00282,0,2025-05-07T00:00:00Z
2025-03-24,C00282,0,2025-05-08T00:00:00Z
2025-03-25,C00282,0,2025-05-09T00:00:00Z
2025-03-26,C00282,0,2025-05-10T00:00:00Z
2025-03-27,C00282,0,2025-05-11T00:00:00Z
2025-03-28,C00282,0,2025-05-12T00:00:00Z
2025-03-29,C00282,0,2025-05-13T00:00:00Z
2025-03-30,C00282,0,2025-05-14T00:00:00Z
2025-03-31,C00282,0,2025-05-15T00:00:00Z
2025-04-01,C00282,0,2025-05-16T00:00:00Z
2025-04-02,C00282,0,2025-05-17T00:00:00Z
2025-04-03,C00282,0,2025-05-18T00:00:00Z
2025-04-04,C00282,0,2025-05-19T00:00:00Z
2025-04-05,C00282,1,2025-05-20T00:00:00Z
2025-04-06,C00282,0,2025-05-21T00:00:00Z
2025-04-07,C00282,0,2025-05-22T00:00:00Z
2025-04-08,C00282,0,2025-05-23T00:00:00Z
2025-04-09,C00282,0,2025-05-24T00:00:00Z
2025-04-10,C00282,0,2025-05-25T00:00:00Z
2025-04-11,C00282,1,2025-05-26T00:00:00Z
2025-04-12,C00282,0,2025-05-27T00:00:00Z
2025-04-13,C00282,0,2025-05-28T00:00:00Z
2025-04-14,C00282,0,2025-05-29T00:00:00Z
2025-03-01,C00283,0,2025-04-15T00:00:00Z
2025-03-02,C00283,0,2025-04-16T00:00:00Z
2025-03-03,C00283,0,2025-04-17T00:00:00Z
2025-03-04,C00283,0,2025-04-18T00:00:00Z
2025-03-05,C00283,0,2025-04-19T00:00:00Z
2025-03-06,C00283,0,2025-04-20T00:00:00Z
2025-03-07,C00283,0,2025-04-21T00:00:00Z
2025-03-08,C00283,0,2025-04-22T00:00:00Z
2025-03-09,C00283,0,2025-04-23T00:00:00Z
2025-03-10,C00283,0,2025-04-24T00:00:00Z
2025-03-11,C00283,0,2025-04-25T00:00:00Z
2025-03-12,C00283,0,2025-04-26T00:00:00Z
2025-03-13,C00283,0,2025-04-27T00:00:00Z
2025-03-14,C00283,0,2025-04-28T00:00:00Z
2025-03-15,C00283,0,2025-04-29T00:00:00Z
2025-03-16,C00283,0,2025-04-30T00:00:00Z
2025-03-17,C00283,0,2025-05-01T00:00:00Z
2025-03-18,C00283,0,2025-05-02T00:00:00Z
2025-03-19,C00283,0,2025-05-03T00:00:00Z
2025-03-20,C00283,0,2025-05-04T00:00:00Z
2025-03-21,C00283,0,2025-05-05T00:00:00Z
2025-03-22,C00283,0,2025-05-06T00:00:00Z
2025-03-23,C00283,0,2025-05-07T00:00:00Z
2025-03-24,C00283,0,2025-05-08T00:00:00Z
2025-03-25,C00283,0,2025-05-09T00:00:00Z
2025-03-26,C00283,0,2025-05-10T00:00:00Z
2025-03-27,C00283,0,2025-05-11T00:00:00Z
2025-03-28,C00283,0,2025-05-12T00:00:00Z
2025-03-29,C00283,0,2025-05-13T00:00:00Z
2025-03-30,C00283,0,2025-05-14T00:00:00Z
2025-03-31,C00283,0,2025-05-15T00:00:00Z
2025-04-01,C00283,0,2025-05-16T00:00:00Z
2025-04-02,C00283,0,2025-05-17T00:00:00Z
2025-04-03,C00283,0,2025-05-18T00:00:00Z
2025-04-04,C00283,0,2025-05-19T00:00:00Z
2025-04-05,C00283,0,2025-05-20T00:00:00Z
2025-04-06,C00283,0,2025-05-21T00:00:00Z
2025-04-07,C00283,0,2025-05-22T00:00:00Z
2025-04-08,C00283,0,2025-05-23T00:00:00Z
2025-04-09,C00283,0,2025-05-24T00:00:00Z
2025-04-10,C00283,0,2025-05-25T00:00:00Z
2025-04-11,C00283,0,2025-05-26T00:00:00Z
2025-04-12,C00283,0,2025-05-27T00:00:00Z
2025-04-13,C00283,0,2025-05-28T00:00:00Z
2025-04-14,C00283,0,2025-05-29T00:00:00Z
2025-03-01,C00284,0,2025-04-15T00:00:00Z
2025-03-02,C00284,0,2025-04-16T00:00:00Z
2025-03-03,C00284,0,2025-04-17T00:00:00Z
2025-03-04,C00284,0,2025-04-18T00:00:00Z
2025-03-05,C00284,0,2025-04-19T00:00:00Z
2025-03-06,C00284,0,2025-04-20T00:00:00Z
2025-03-07,C00284,1,2025-04-21T00:00:00Z
2025-03-08,C00284,0,2025-04-22T00:00:00Z
2025-03-09,C00284,0,2025-04-23T00:00:00Z
2025-03-10,C00284,0,2025-04-24T00:00:00Z
2025-03-11,C00284,0,2025-04-25T00:00:00Z
2025-03-12,C00284,0,2025-04-26T00:00:00Z
2025-03-13,C00284,0,2025-04-27T00:00:00Z
2025-03-14,C00284,0,2025-04-28T00:00:00Z
2025-03-15,C00284,0,2025-04-29T00:00:00Z
2025-03-16,C00284,0,2025-04-30T00:00:00Z
2025-03-17,C00284,0,2025-05-01T00:00:00Z
2025-03-18,C00284,1,2025-05-02T00:00:00Z
2025-03-19,C00284,0,2025-05-03T00:00:00Z
2025-03-20,C00284,0,2025-05-04T00:00:00Z
2025-03-21,C00284,0,2025-05-05T00:00:00Z
2025-03-22,C00284,0,2025-05-06T00:00:00Z
2025-03-23,C00284,0,2025-05-07T00:00:00Z
2025-03-24,C00284,0,2025-05-08T00:00:00Z
2025-03-25,C00284,0,2025-05-09T00:00:00Z
2025-03-26,C00284,0,2025-05-10T00:00:00Z
2025-03-27,C00284,0,2025-05-11T00:00:00Z
2025-03-28,C00284,0,2025-05-12T00:00:00Z
2025-03-29,C00284,0,2025-05-13T00:00:00Z
2025-03-30,C00284,0,2025-05-14T00:00:00Z
2025-03-31,C00284,0,2025-05-15T00:00:00Z
2025-04-01,C00284,0,2025-05-16T00:00:00Z
2025-04-02,C00284,0,2025-05-17T00:00:00Z
2025-04-03,C00284,0,2025-05-18T00:00:00Z
2025-04-04,C00284,0,2025-05-19T00:00:00Z
2025-04-05,C00284,0,2025-05-20T00:00:00Z
2025-04-06,C00284,0,2025-05-21T00:00:00Z
2025-04-07,C00284,0,2025-05-22T00:00:00Z
2025-04-08,C00284,0,2025-05-23T00:00:00Z
2025-04-09,C00284,0,2025-05-24T00:00:00Z
2025-04-10,C00284,0,2025-05-25T00:00:00Z
2025-04-11,C00284,0,2025-05-26T00:00:00Z
2025-04-12,C00284,0,2025-05-27T00:00:00Z
2025-04-13,C00284,1,2025-05-28T00:00:00Z
2025-04-14,C00284,0,2025-05-29T00:00:00Z
2025-03-01,C00285,1,2025-04-15T00:00:00Z
2025-03-02,C00285,0,2025-04-16T00:00:00Z
2025-03-03,C00285,1,2025-04-17T00:00:00Z
2025-03-04,C00285,0,2025-04-18T00:00:00Z
2025-03-05,C00285,0,2025-04-19T00:00:00Z
2025-03-06,C00285,0,2025-04-20T00:00:00Z
2025-03-07,C00285,0,2025-04-21T00:00:00Z
2025-03-08,C00285,0,2025-04-22T00:00:00Z
2025-03-09,C00285,1,2025-04-23T00:00:00Z
2025-03-10,C00285,0,2025-04-24T00:00:00Z
2025-03-11,C00285,0,2025-04-25T00:00:00Z
2025-03-12,C00285,0,2025-04-26T00:00:00Z
2025-03-13,C00285,1,2025-04-27T00:00:00Z
2025-03-14,C00285,0,2025-04-28T00:00:00Z
2025-03-15,C00285,0,2025-04-29T00:00:00Z
2025-03-16,C00285,0,2025-04-30T00:00:00Z
2025-03-17,C00285,0,2025-05-01T00:00:00Z
2025-03-18,C00285,1,2025-05-02T00:00:00Z
2025-03-19,C00285,0,2025-05-03T00:00:00Z
2025-03-20,C00285,1,2025-05-04T00:00:00Z
2025-03-21,C00285,0,2025-05-05T00:00:00Z
2025-03-22,C00285,0,2025-05-06T00:00:00Z
2025-03-23,C00285,0,2025-05-07T00:00:00Z
2025-03-24,C00285,0,2025-05-08T00:00:00Z
2025-03-25,C00285,0,2025-05-09T00:00:00Z
2025-03-26,C00285,0,2025-05-10T00:00:00Z
2025-03-27,C00285,0,2025-05-11T00:00:00Z
2025-03-28,C00285,0,2025-05-12T00:00:00Z
2025-03-29,C00285,0,2025-05-13T00:00:00Z
2025-03-30,C00285,0,2025-05-14T00:00:00Z
2025-03-31,C00285,1,2025-05-15T00:00:00Z
2025-04-01,C00285,0,2025-05-16T00:00:00Z
2025-04-02,C00285,0,2025-05-17T00:00:00Z
2025-04-03,C00285,0,2025-05-18T00:00:00Z
2025-04-04,C00285,0,2025-05-19T00:00:00Z
2025-04-05,C00285,0,2025-05-20T00:00:00Z
2025-04-06,C00285,0,2025-05-21T00:00:00Z
2025-04-07,C00285,1,2025-05-22T00:00:00Z
2025-04-08,C00285,1,2025-05-23T00:00:00Z
2025-04-09,C00285,0,2025-05-24T00:00:00Z
2025-04-10,C00285,0,2025-05-25T00:00:00Z
2025-04-11,C00285,0,2025-05-26T00:00:00Z
2025-04-12,C00285,0,2025-05-27T00:00:00Z
2025-04-13,C00285,0,2025-05-28T00:00:00Z
2025-04-14,C00285,0,2025-05-29T00:00:00Z
2025-03-01,C00286,0,2025-04-15T00:00:00Z
2025-03-02,C00286,0,2025-04-16T00:00:00Z
2025-03-03,C00286,0,2025-04-17T00:00:00Z
2025-03-04,C00286,0,2025-04-18T00:00:00Z
2025-03-05,C00286,0,2025-04-19T00:00:00Z
2025-03-06,C00286,0,2025-04-20T00:00:00Z
2025-03-07,C00286,0,2025-04-21T00:00:00Z
2025-03-08,C00286,0,2025-04-22T00:00:00Z
2025-03-09,C00286,0,2025-04-23T00:00:00Z
2025-03-10,C00286,0,2025-04-24T00:00:00Z
2025-03-11,C00286,0,2025-04-25T00:00:00Z
2025-03-12,C00286,0,2025-04-26T00:00:00Z
2025-03-13,C00286,0,2025-04-27T00:00:00Z
2025-03-14,C00286,0,2025-04-28T00:00:00Z
2025-03-15,C00286,0,2025-04-29T00:00:00Z
2025-03-16,C00286,0,2025-04-30T00:00:00Z
2025-03-17,C00286,1,2025-05-01T00:00:00Z
2025-03-18,C00286,0,2025-05-02T00:00:00Z
2025-03-19,C00286,0,2025-05-03T00:00:00Z
2025-03-20,C00286,0,2025-05-04T00:00:00Z
2025-03-21,C00286,0,2025-05-05T00:00:00Z
2025-03-22,C00286,0,2025-05-06T00:00:00Z
2025-03-23,C00286,0,2025-05-07T00:00:00Z
2025-03-24,C00286,0,2025-05-08T00:00:00Z
2025-03-25,C00286,0,2025-05-09T00:00:00Z
2025-03-26,C00286,0,2025-05-10T00:00:00Z
2025-03-27,C00286,0,2025-05-11T00:00:00Z
2025-03-28,C00286,0,2025-05-12T00:00:00Z
2025-03-29,C00286,1,2025-05-13T00:00:00Z
2025-03-30,C00286,0,2025-05-14T00:00:00Z
2025-03-31,C00286,0,2025-05-15T00:00:00Z
2025-04-01,C00286,0,2025-05-16T00:00:00Z
2025-04-02,C00286,0,2025-05-17T00:00:00Z
2025-04-03,C00286,0,2025-05-18T00:00:00Z
2025-04-04,C00286,0,2025-05-19T00:00:00Z
2025-04-05,C00286,0,2025-05-20T00:00:00Z
2025-04-06,C00286,0,2025-05-21T00:00:00Z
2025-04-07,C00286,0,2025-05-22T00:00:00Z
2025-04-08,C00286,0,2025-05-23T00:00:00Z
2025-04-09,C00286,0,2025-05-24T00:00:00Z
2025-04-10,C00286,0,2025-05-25T00:00:00Z
2025-04-11,C00286,0,2025-05-26T00:00:00Z
2025-04-12,C00286,0,2025-05-27T00:00:00Z
2025-04-13,C00286,0,2025-05-28T00:00:00Z
2025-04-14,C00286,0,2025-05-29T00:00:00Z
2025-03-01,C00287,0,2025-04-15T00:00:00Z
2025-03-02,C00287,0,2025-04-16T00:00:00Z
2025-03-03,C00287,0,2025-04-17T00:00:00Z
2025-03-04,C00287,0,2025-04-18T00:00:00Z
2025-03-05,C00287,0,2025-04-19T00:00:00Z
2025-03-06,C00287,0,2025-04-20T00:00:00Z
2025-03-07,C00287,0,2025-04-21T00:00:00Z
2025-03-08,C00287,0,2025-04-22T00:00:00Z
2025-03-09,C00287,0,2025-04-23T00:00:00Z
2025-03-10,C00287,0,2025-04-24T00:00:00Z
2025-03-11,C00287,0,2025-04-25T00:00:00Z
2025-03-12,C00287,0,2025-04-26T00:00:00Z
2025-03-13,C00287,0,2025-04-27T00:00:00Z
2025-03-14,C00287,0,2025-04-28T00:00:00Z
2025-03-15,C00287,0,2025-04-29T00:00:00Z
2025-03-16,C00287,0,2025-04-30T00:00:00Z
2025-03-17,C00287,0,2025-05-01T00:00:00Z
2025-03-18,C00287,0,2025-05-02T00:00:00Z
2025-03-19,C00287,0,2025-05-03T00:00:00Z
2025-03-20,C00287,1,2025-05-04T00:00:00Z
2025-03-21,C00287,0,2025-05-05T00:00:00Z
2025-03-22,C00287,1,2025-05-06T00:00:00Z
2025-03-23,C00287,0,2025-05-07T00:00:00Z
2025-03-24,C00287,0,2025-05-08T00:00:00Z
2025-03-25,C00287,0,2025-05-09T00:00:00Z
2025-03-26,C00287,0,2025-05-10T00:00:00Z
2025-03-27,C00287,0,2025-05-11T00:00:00Z
2025-03-28,C00287,0,2025-05-12T00:00:00Z
2025-03-29,C00287,0,2025-05-13T00:00:00Z
2025-03-30,C00287,0,2025-05-14T00:00:00Z
2025-03-31,C00287,0,2025-05-15T00:00:00Z
2025-04-01,C00287,0,2025-05-16T00:00:00Z
2025-04-02,C00287,1,2025-05-17T00:00:00Z
2025-04-03,C00287,1,2025-05-18T00:00:00Z
2025-04-04,C00287,0,2025-05-19T00:00:00Z
2025-04-05,C00287,0,2025-05-20T00:00:00Z
2025-04-06,C00287,0,2025-05-21T00:00:00Z
2025-04-07,C00287,1,2025-05-22T00:00:00Z
2025-04-08,C00287,0,2025-05-23T00:00:00Z
2025-04-09,C00287,1,2025-05-24T00:00:00Z
2025-04-10,C00287,0,2025-05-25T00:00:00Z
2025-04-11,C00287,0,2025-05-26T00:00:00Z
2025-04-12,C00287,0,2025-05-27T00:00:00Z
2025-04-13,C00287,0,2025-05-28T00:00:00Z
2025-04-14,C00287,0,2025-05-29T00:00:00Z
2025-03-01,C00288,0,2025-04-15T00:00:00Z
2025-03-02,C00288,0,2025-04-16T00:00:00Z
2025-03-03,C00288,0,2025-04-17T00:00:00Z
2025-03-04,C00288,0,2025-04-18T00:00:00Z
2025-03-05,C00288,0,2025-04-19T00:00:00Z
2025-03-06,C00288,0,2025-04-20T00:00:00Z
2025-03-07,C00288,0,2025-04-21T00:00:00Z
2025-03-08,C00288,0,2025-04-22T00:00:00Z
2025-03-09,C00288,0,2025-04-23T00:00:00Z
2025-03-10,C00288,0,2025-04-24T00:00:00Z
2025-03-11,C00288,0,2025-04-25T00:00:00Z
2025-03-12,C00288,0,2025-04-26T00:00:00Z
2025-03-13,C00288,0,2025-04-27T00:00:00Z
2025-03-14,C00288,0,2025-04-28T00:00:00Z
2025-03-15,C00288,0,2025-04-29T00:00:00Z
2025-03-16,C00288,0,2025-04-30T00:00:00Z
2025-03-17,C00288,0,2025-05-01T00:00:00Z
2025-03-18,C00288,0,2025-05-02T00:00:00Z
2025-03-19,C00288,0,2025-05-03T00:00:00Z
2025-03-20,C00288,0,2025-05-04T00:00:00Z
2025-03-21,C00288,0,2025-05-05T00:00:00Z
2025-03-22,C00288,0,2025-05-06T00:00:00Z
2025-03-23,C00288,0,2025-05-07T00:00:00Z
2025-03-24,C00288,0,2025-05-08T00:00:00Z
2025-03-25,C00288,0,2025-05-09T00:00:00Z
2025-03-26,C00288,0,2025-05-10T00:00:00Z
2025-03-27,C00288,0,2025-05-11T00:00:00Z
2025-03-28,C00288,0,2025-05-12T00:00:00Z
2025-03-29,C00288,0,2025-05-13T00:00:00Z
2025-03-30,C00288,0,2025-05-14T00:00:00Z
2025-03-31,C00288,0,2025-05-15T00:00:00Z
2025-04-01,C00288,0,2025-05-16T00:00:00Z
2025-04-02,C00288,0,2025-05-17T00:00:00Z
2025-04-03,C00288,0,2025-05-18T00:00:00Z
2025-04-04,C00288,0,2025-05-19T00:00:00Z
2025-04-05,C00288,0,2025-05-20T00:00:00Z
2025-04-06,C00288,0,2025-05-21T00:00:00Z
2025-04-07,C00288,0,2025-05-22T00:00:00Z
2025-04-08,C00288,0,2025-05-23T00:00:00Z
2025-04-09,C00288,1,2025-05-24T00:00:00Z
2025-04-10,C00288,0,2025-05-25T00:00:00Z
2025-04-11,C00288,0,2025-05-26T00:00:00Z
2025-04-12,C00288,0,2025-05-27T00:00:00Z
2025-04-13,C00288,0,2025-05-28T00:00:00Z
2025-04-14,C00288,0,2025-05-29T00:00:00Z
2025-03-01,C00289,0,2025-04-15T00:00:00Z
2025-03-02,C00289,0,2025-04-16T00:00:00Z
2025-03-03,C00289,0,2025-04-17T00:00:00Z
2025-03-04,C00289,0,2025-04-18T00:00:00Z
2025-03-05,C00289,0,2025-04-19T00:00:00Z
2025-03-06,C00289,0,2025-04-20T00:00:00Z
2025-03-07,C00289,0,2025-04-21T00:00:00Z
2025-03-08,C00289,0,2025-04-22T00:00:00Z
2025-03-09,C00289,0,2025-04-23T00:00:00Z
2025-03-10,C00289,0,2025-04-24T00:00:00Z
2025-03-11,C00289,0,2025-04-25T00:00:00Z
2025-03-12,C00289,0,2025-04-26T00:00:00Z
2025-03-13,C00289,0,2025-04-27T00:00:00Z
2025-03-14,C00289,0,2025-04-28T00:00:00Z
2025-03-15,C00289,0,2025-04-29T00:00:00Z
2025-03-16,C00289,0,2025-04-30T00:00:00Z
2025-03-17,C00289,0,2025-05-01T00:00:00Z
2025-03-18,C00289,0,2025-05-02T00:00:00Z
2025-03-19,C00289,0,2025-05-03T00:00:00Z
2025-03-20,C00289,0,2025-05-04T00:00:00Z
2025-03-21,C00289,0,2025-05-05T00:00:00Z
2025-03-22,C00289,0,2025-05-06T00:00:00Z
2025-03-23,C00289,0,2025-05-07T00:00:00Z
2025-03-24,C00289,0,2025-05-08T00:00:00Z
2025-03-25,C00289,0,2025-05-09T00:00:00Z
2025-03-26,C00289,0,2025-05-10T00:00:00Z
2025-03-27,C00289,0,2025-05-11T00:00:00Z
2025-03-28,C00289,0,2025-05-12T00:00:00Z
2025-03-29,C00289,0,2025-05-13T00:00:00Z
2025-03-30,C00289,0,2025-05-14T00:00:00Z
2025-03-31,C00289,0,2025-05-15T00:00:00Z
2025-04-01,C00289,0,2025-05-16T00:00:00Z
2025-04-02,C00289,0,2025-05-17T00:00:00Z
2025-04-03,C00289,0,2025-05-18T00:00:00Z
2025-04-04,C00289,0,2025-05-19T00:00:00Z
2025-04-05,C00289,0,2025-05-20T00:00:00Z
2025-04-06,C00289,0,2025-05-21T00:00:00Z
2025-04-07,C00289,0,2025-05-22T00:00:00Z
2025-04-08,C00289,0,2025-05-23T00:00:00Z
2025-04-09,C00289,0,2025-05-24T00:00:00Z
2025-04-10,C00289,0,2025-05-25T00:00:00Z
2025-04-11,C00289,0,2025-05-26T00:00:00Z
2025-04-12,C00289,0,2025-05-27T00:00:00Z
2025-04-13,C00289,0,2025-05-28T00:00:00Z
2025-04-14,C00289,0,2025-05-29T00:00:00Z
2025-03-01,C00290,0,2025-04-15T00:00:00Z
2025-03-02,C00290,0,2025-04-16T00:00:00Z
2025-03-03,C00290,0,2025-04-17T00:00:00Z
2025-03-04,C00290,0,2025-04-18T00:00:00Z
2025-03-05,C00290,0,2025-04-19T00:00:00Z
2025-03-06,C00290,0,2025-04-20T00:00:00Z
2025-03-07,C00290,0,2025-04-21T00:00:00Z
2025-03-08,C00290,0,2025-04-22T00:00:00Z
2025-03-09,C00290,0,2025-04-23T00:00:00Z
2025-03-10,C00290,0,2025-04-24T00:00:00Z
2025-03-11,C00290,0,2025-04-25T00:00:00Z
2025-03-12,C00290,0,2025-04-26T00:00:00Z
2025-03-13,C00290,0,2025-04-27T00:00:00Z
2025-03-14,C00290,0,2025-04-28T00:00:00Z
2025-03-15,C00290,0,2025-04-29T00:00:00Z
2025-03-16,C00290,0,2025-04-30T00:00:00Z
2025-03-17,C00290,0,2025-05-01T00:00:00Z
2025-03-18,C00290,0,2025-05-02T00:00:00Z
2025-03-19,C00290,0,2025-05-03T00:00:00Z
2025-03-20,C00290,0,2025-05-04T00:00:00Z
2025-03-21,C00290,0,2025-05-05T00:00:00Z
2025-03-22,C00290,0,2025-05-06T00:00:00Z
2025-03-23,C00290,0,2025-05-07T00:00:00Z
2025-03-24,C00290,0,2025-05-08T00:00:00Z
2025-03-25,C00290,0,2025-05-09T00:00:00Z
2025-03-26,C00290,0,2025-05-10T00:00:00Z
2025-03-27,C00290,0,2025-05-11T00:00:00Z
2025-03-28,C00290,0,2025-05-12T00:00:00Z
2025-03-29,C00290,0,2025-05-13T00:00:00Z
2025-03-30,C00290,0,2025-05-14T00:00:00Z
2025-03-31,C00290,0,2025-05-15T00:00:00Z
2025-04-01,C00290,0,2025-05-16T00:00:00Z
2025-04-02,C00290,0,2025-05-17T00:00:00Z
2025-04-03,C00290,0,2025-05-18T00:00:00Z
2025-04-04,C00290,0,2025-05-19T00:00:00Z
2025-04-05,C00290,0,2025-05-20T00:00:00Z
2025-04-06,C00290,0,2025-05-21T00:00:00Z
2025-04-07,C00290,0,2025-05-22T00:00:00Z
2025-04-08,C00290,0,2025-05-23T00:00:00Z
2025-04-09,C00290,0,2025-05-24T00:00:00Z
2025-04-10,C00290,0,2025-05-25T00:00:00Z
2025-04-11,C00290,0,2025-05-26T00:00:00Z
2025-04-12,C00290,0,2025-05-27T00:00:00Z
2025-04-13,C00290,0,2025-05-28T00:00:00Z
2025-04-14,C00290,0,2025-05-29T00:00:00Z
2025-03-01,C00291,0,2025-04-15T00:00:00Z
2025-03-02,C00291,0,2025-04-16T00:00:00Z
2025-03-03,C00291,0,2025-04-17T00:00:00Z
2025-03-04,C00291,0,2025-04-18T00:00:00Z
2025-03-05,C00291,0,2025-04-19T00:00:00Z
2025-03-06,C00291,0,2025-04-20T00:00:00Z
2025-03-07,C00291,0,2025-04-21T00:00:00Z
2025-03-08,C00291,0,2025-04-22T00:00:00Z
2025-03-09,C00291,0,2025-04-23T00:00:00Z
2025-03-10,C00291,0,2025-04-24T00:00:00Z
2025-03-11,C00291,1,2025-04-25T00:00:00Z
2025-03-12,C00291,0,2025-04-26T00:00:00Z
2025-03-13,C00291,0,2025-04-27T00:00:00Z
2025-03-14,C00291,0,2025-04-28T00:00:00Z
2025-03-15,C00291,0,2025-04-29T00:00:00Z
2025-03-16,C00291,0,2025-04-30T00:00:00Z
2025-03-17,C00291,0,2025-05-01T00:00:00Z
2025-03-18,C00291,0,2025-05-02T00:00:00Z
2025-03-19,C00291,0,2025-05-03T00:00:00Z
2025-03-20,C00291,0,2025-05-04T00:00:00Z
2025-03-21,C00291,0,2025-05-05T00:00:00Z
2025-03-22,C00291,0,2025-05-06T00:00:00Z
2025-03-23,C00291,0,2025-05-07T00:00:00Z
2025-03-24,C00291,0,2025-05-08T00:00:00Z
2025-03-25,C00291,0,2025-05-09T00:00:00Z
2025-03-26,C00291,0,2025-05-10T00:00:00Z
2025-03-27,C00291,0,2025-05-11T00:00:00Z
2025-03-28,C00291,0,2025-05-12T00:00:00Z
2025-03-29,C00291,0,2025-05-13T00:00:00Z
2025-03-30,C00291,0,2025-05-14T00:00:00Z
2025-03-31,C00291,0,2025-05-15T00:00:00Z
2025-04-01,C00291,1,2025-05-16T00:00:00Z
2025-04-02,C00291,0,2025-05-17T00:00:00Z
2025-04-03,C00291,0,2025-05-18T00:00:00Z
2025-04-04,C00291,0,2025-05-19T00:00:00Z
2025-04-05,C00291,0,2025-05-20T00:00:00Z
2025-04-06,C00291,0,2025-05-21T00:00:00Z
2025-04-07,C00291,0,2025-05-22T00:00:00Z
2025-04-08,C00291,0,2025-05-23T00:00:00Z
2025-04-09,C00291,0,2025-05-24T00:00:00Z
2025-04-10,C00291,1,2025-05-25T00:00:00Z
2025-04-11,C00291,0,2025-05-26T00:00:00Z
2025-04-12,C00291,0,2025-05-27T00:00:00Z
2025-04-13,C00291,0,2025-05-28T00:00:00Z
2025-04-14,C00291,0,2025-05-29T00:00:00Z
2025-03-01,C00292,0,2025-04-15T00:00:00Z
2025-03-02,C00292,0,2025-04-16T00:00:00Z
2025-03-03,C00292,0,2025-04-17T00:00:00Z
2025-03-04,C00292,0,2025-04-18T00:00:00Z
2025-03-05,C00292,0,2025-04-19T00:00:00Z
2025-03-06,C00292,0,2025-04-20T00:00:00Z
2025-03-07,C00292,0,2025-04-21T00:00:00Z
2025-03-08,C00292,0,2025-04-22T00:00:00Z
2025-03-09,C00292,0,2025-04-23T00:00:00Z
2025-03-10,C00292,0,2025-04-24T00:00:00Z
2025-03-11,C00292,0,2025-04-25T00:00:00Z
2025-03-12,C00292,0,2025-04-26T00:00:00Z
2025-03-13,C00292,0,2025-04-27T00:00:00Z
2025-03-14,C00292,0,2025-04-28T00:00:00Z
2025-03-15,C00292,0,2025-04-29T00:00:00Z
2025-03-16,C00292,0,2025-04-30T00:00:00Z
2025-03-17,C00292,0,2025-05-01T00:00:00Z
2025-03-18,C00292,0,2025-05-02T00:00:00Z
2025-03-19,C00292,0,2025-05-03T00:00:00Z
2025-03-20,C00292,0,2025-05-04T00:00:00Z
2025-03-21,C00292,0,2025-05-05T00:00:00Z
2025-03-22,C00292,0,2025-05-06T00:00:00Z
2025-03-23,C00292,0,2025-05-07T00:00:00Z
2025-03-24,C00292,0,2025-05-08T00:00:00Z
2025-03-25,C00292,0,2025-05-09T00:00:00Z
2025-03-26,C00292,0,2025-05-10T00:00:00Z
2025-03-27,C00292,0,2025-05-11T00:00:00Z
2025-03-28,C00292,0,2025-05-12T00:00:00Z
2025-03-29,C00292,0,2025-05-13T00:00:00Z
2025-03-30,C00292,0,2025-05-14T00:00:00Z
2025-03-31,C00292,1,2025-05-15T00:00:00Z
2025-04-01,C00292,0,2025-05-16T00:00:00Z
2025-04-02,C00292,0,2025-05-17T00:00:00Z
2025-04-03,C00292,0,2025-05-18T00:00:00Z
2025-04-04,C00292,0,2025-05-19T00:00:00Z
2025-04-05,C00292,0,2025-05-20T00:00:00Z
2025-04-06,C00292,0,2025-05-21T00:00:00Z
2025-04-07,C00292,0,2025-05-22T00:00:00Z
2025-04-08,C00292,0,2025-05-23T00:00:00Z
2025-04-09,C00292,0,2025-05-24T00:00:00Z
2025-04-10,C00292,0,2025-05-25T00:00:00Z
2025-04-11,C00292,0,2025-05-26T00:00:00Z
2025-04-12,C00292,0,2025-05-27T00:00:00Z
2025-04-13,C00292,0,2025-05-28T00:00:00Z
2025-04-14,C00292,0,2025-05-29T00:00:00Z
2025-03-01,C00293,0,2025-04-15T00:00:00Z
2025-03-02,C00293,0,2025-04-16T00:00:00Z
2025-03-03,C00293,0,2025-04-17T00:00:00Z
2025-03-04,C00293,0,2025-04-18T00:00:00Z
2025-03-05,C00293,0,2025-04-19T00:00:00Z
2025-03-06,C00293,0,2025-04-20T00:00:00Z
2025-03-07,C00293,0,2025-04-21T00:00:00Z
2025-03-08,C00293,0,2025-04-22T00:00:00Z
2025-03-09,C00293,0,2025-04-23T00:00:00Z
2025-03-10,C00293,0,2025-04-24T00:00:00Z
2025-03-11,C00293,0,2025-04-25T00:00:00Z
2025-03-12,C00293,0,2025-04-26T00:00:00Z
2025-03-13,C00293,0,2025-04-27T00:00:00Z
2025-03-14,C00293,0,2025-04-28T00:00:00Z
2025-03-15,C00293,0,2025-04-29T00:00:00Z
2025-03-16,C00293,0,2025-04-30T00:00:00Z
2025-03-17,C00293,0,2025-05-01T00:00:00Z
2025-03-18,C00293,0,2025-05-02T00:00:00Z
2025-03-19,C00293,0,2025-05-03T00:00:00Z
2025-03-20,C00293,0,2025-05-04T00:00:00Z
2025-03-21,C00293,0,2025-05-05T00:00:00Z
2025-03-22,C00293,0,2025-05-06T00:00:00Z
2025-03-23,C00293,0,2025-05-07T00:00:00Z
2025-03-24,C00293,0,2025-05-08T00:00:00Z
2025-03-25,C00293,0,2025-05-09T00:00:00Z
2025-03-26,C00293,0,2025-05-10T00:00:00Z
2025-03-27,C00293,0,2025-05-11T00:00:00Z
2025-03-28,C00293,0,2025-05-12T00:00:00Z
2025-03-29,C00293,0,2025-05-13T00:00:00Z
2025-03-30,C00293,0,2025-05-14T00:00:00Z
2025-03-31,C00293,0,2025-05-15T00:00:00Z
2025-04-01,C00293,0,2025-05-16T00:00:00Z
2025-04-02,C00293,0,2025-05-17T00:00:00Z
2025-04-03,C00293,0,2025-05-18T00:00:00Z
2025-04-04,C00293,1,2025-05-19T00:00:00Z
2025-04-05,C00293,0,2025-05-20T00:00:00Z
2025-04-06,C00293,0,2025-05-21T00:00:00Z
2025-04-07,C00293,1,2025-05-22T00:00:00Z
2025-04-08,C00293,0,2025-05-23T00:00:00Z
2025-04-09,C00293,1,2025-05-24T00:00:00Z
2025-04-10,C00293,0,2025-05-25T00:00:00Z
2025-04-11,C00293,0,2025-05-26T00:00:00Z
2025-04-12,C00293,0,2025-05-27T00:00:00Z
2025-04-13,C00293,0,2025-05-28T00:00:00Z
2025-04-14,C00293,0,2025-05-29T00:00:00Z
2025-03-01,C00294,0,2025-04-15T00:00:00Z
2025-03-02,C00294,0,2025-04-16T00:00:00Z
2025-03-03,C00294,0,2025-04-17T00:00:00Z
2025-03-04,C00294,0,2025-04-18T00:00:00Z
2025-03-05,C00294,0,2025-04-19T00:00:00Z
2025-03-06,C00294,0,2025-04-20T00:00:00Z
2025-03-07,C00294,0,2025-04-21T00:00:00Z
2025-03-08,C00294,0,2025-04-22T00:00:00Z
2025-03-09,C00294,0,2025-04-23T00:00:00Z
2025-03-10,C00294,0,2025-04-24T00:00:00Z
2025-03-11,C00294,0,2025-04-25T00:00:00Z
2025-03-12,C00294,1,2025-04-26T00:00:00Z
2025-03-13,C00294,0,2025-04-27T00:00:00Z
2025-03-14,C00294,0,2025-04-28T00:00:00Z
2025-03-15,C00294,0,2025-04-29T00:00:00Z
2025-03-16,C00294,0,2025-04-30T00:00:00Z
2025-03-17,C00294,0,2025-05-01T00:00:00Z
2025-03-18,C00294,0,2025-05-02T00:00:00Z
2025-03-19,C00294,0,2025-05-03T00:00:00Z
2025-03-20,C00294,0,2025-05-04T00:00:00Z
2025-03-21,C00294,0,2025-05-05T00:00:00Z
2025-03-22,C00294,0,2025-05-06T00:00:00Z
2025-03-23,C00294,1,2025-05-07T00:00:00Z
2025-03-24,C00294,0,2025-05-08T00:00:00Z
2025-03-25,C00294,0,2025-05-09T00:00:00Z
2025-03-26,C00294,0,2025-05-10T00:00:00Z
2025-03-27,C00294,0,2025-05-11T00:00:00Z
2025-03-28,C00294,0,2025-05-12T00:00:00Z
2025-03-29,C00294,0,2025-05-13T00:00:00Z
2025-03-30,C00294,0,2025-05-14T00:00:00Z
2025-03-31,C00294,0,2025-05-15T00:00:00Z
2025-04-01,C00294,0,2025-05-16T00:00:00Z
2025-04-02,C00294,0,2025-05-17T00:00:00Z
2025-04-03,C00294,0,2025-05-18T00:00:00Z
2025-04-04,C00294,0,2025-05-19T00:00:00Z
2025-04-05,C00294,0,2025-05-20T00:00:00Z
2025-04-06,C00294,0,2025-05-21T00:00:00Z
2025-04-07,C00294,0,2025-05-22T00:00:00Z
2025-04-08,C00294,1,2025-05-23T00:00:00Z
2025-04-09,C00294,0,2025-05-24T00:00:00Z
2025-04-10,C00294,0,2025-05-25T00:00:00Z
2025-04-11,C00294,0,2025-05-26T00:00:00Z
2025-04-12,C00294,0,2025-05-27T00:00:00Z
2025-04-13,C00294,0,2025-05-28T00:00:00Z
2025-04-14,C00294,0,2025-05-29T00:00:00Z
2025-03-01,C00295,0,2025-04-15T00:00:00Z
2025-03-02,C00295,0,2025-04-16T00:00:00Z
2025-03-03,C00295,0,2025-04-17T00:00:00Z
2025-03-04,C00295,0,2025-04-18T00:00:00Z
2025-03-05,C00295,0,2025-04-19T00:00:00Z
2025-03-06,C00295,0,2025-04-20T00:00:00Z
2025-03-07,C00295,0,2025-04-21T00:00:00Z
2025-03-08,C00295,1,2025-04-22T00:00:00Z
2025-03-09,C00295,0,2025-04-23T00:00:00Z
2025-03-10,C00295,0,2025-04-24T00:00:00Z
2025-03-11,C00295,0,2025-04-25T00:00:00Z
2025-03-12,C00295,0,2025-04-26T00:00:00Z
2025-03-13,C00295,0,2025-04-27T00:00:00Z
2025-03-14,C00295,0,2025-04-28T00:00:00Z
2025-03-15,C00295,0,2025-04-29T00:00:00Z
2025-03-16,C00295,0,2025-04-30T00:00:00Z
2025-03-17,C00295,0,2025-05-01T00:00:00Z
2025-03-18,C00295,0,2025-05-02T00:00:00Z
2025-03-19,C00295,0,2025-05-03T00:00:00Z
2025-03-20,C00295,0,2025-05-04T00:00:00Z
2025-03-21,C00295,0,2025-05-05T00:00:00Z
2025-03-22,C00295,0,2025-05-06T00:00:00Z
2025-03-23,C00295,0,2025-05-07T00:00:00Z
2025-03-24,C00295,1,2025-05-08T00:00:00Z
2025-03-25,C00295,0,2025-05-09T00:00:00Z
2025-03-26,C00295,0,2025-05-10T00:00:00Z
2025-03-27,C00295,1,2025-05-11T00:00:00Z
2025-03-28,C00295,0,2025-05-12T00:00:00Z
2025-03-29,C00295,0,2025-05-13T00:00:00Z
2025-03-30,C00295,0,2025-05-14T00:00:00Z
2025-03-31,C00295,0,2025-05-15T00:00:00Z
2025-04-01,C00295,0,2025-05-16T00:00:00Z
2025-04-02,C00295,0,2025-05-17T00:00:00Z
2025-04-03,C00295,0,2025-05-18T00:00:00Z
2025-04-04,C00295,0,2025-05-19T00:00:00Z
2025-04-05,C00295,0,2025-05-20T00:00:00Z
2025-04-06,C00295,0,2025-05-21T00:00:00Z
2025-04-07,C00295,0,2025-05-22T00:00:00Z
2025-04-08,C00295,0,2025-05-23T00:00:00Z
2025-04-09,C00295,1,2025-05-24T00:00:00Z
2025-04-10,C00295,0,2025-05-25T00:00:00Z
2025-04-11,C00295,0,2025-05-26T00:00:00Z
2025-04-12,C00295,0,2025-05-27T00:00:00Z
2025-04-13,C00295,1,2025-05-28T00:00:00Z
2025-04-14,C00295,0,2025-05-29T00:00:00Z
2025-03-01,C00296,0,2025-04-15T00:00:00Z
2025-03-02,C00296,0,2025-04-16T00:00:00Z
2025-03-03,C00296,0,2025-04-17T00:00:00Z
2025-03-04,C00296,0,2025-04-18T00:00:00Z
2025-03-05,C00296,0,2025-04-19T00:00:00Z
2025-03-06,C00296,0,2025-04-20T00:00:00Z
2025-03-07,C00296,0,2025-04-21T00:00:00Z
2025-03-08,C00296,0,2025-04-22T00:00:00Z
2025-03-09,C00296,0,2025-04-23T00:00:00Z
2025-03-10,C00296,0,2025-04-24T00:00:00Z
2025-03-11,C00296,0,2025-04-25T00:00:00Z
2025-03-12,C00296,0,2025-04-26T00:00:00Z
2025-03-13,C00296,0,2025-04-27T00:00:00Z
2025-03-14,C00296,0,2025-04-28T00:00:00Z
2025-03-15,C00296,0,2025-04-29T00:00:00Z
2025-03-16,C00296,0,2025-04-30T00:00:00Z
2025-03-17,C00296,0,2025-05-01T00:00:00Z
2025-03-18,C00296,0,2025-05-02T00:00:00Z
2025-03-19,C00296,0,2025-05-03T00:00:00Z
2025-03-20,C00296,0,2025-05-04T00:00:00Z
2025-03-21,C00296,0,2025-05-05T00:00:00Z
2025-03-22,C00296,0,2025-05-06T00:00:00Z
2025-03-23,C00296,1,2025-05-07T00:00:00Z
2025-03-24,C00296,0,2025-05-08T00:00:00Z
2025-03-25,C00296,0,2025-05-09T00:00:00Z
2025-03-26,C00296,0,2025-05-10T00:00:00Z
2025-03-27,C00296,0,2025-05-11T00:00:00Z
2025-03-28,C00296,0,2025-05-12T00:00:00Z
2025-03-29,C00296,1,2025-05-13T00:00:00Z
2025-03-30,C00296,0,2025-05-14T00:00:00Z
2025-03-31,C00296,0,2025-05-15T00:00:00Z
2025-04-01,C00296,0,2025-05-16T00:00:00Z
2025-04-02,C00296,0,2025-05-17T00:00:00Z
2025-04-03,C00296,0,2025-05-18T00:00:00Z
2025-04-04,C00296,0,2025-05-19T00:00:00Z
2025-04-05,C00296,0,2025-05-20T00:00:00Z
2025-04-06,C00296,0,2025-05-21T00:00:00Z
2025-04-07,C00296,0,2025-05-22T00:00:00Z
2025-04-08,C00296,0,2025-05-23T00:00:00Z
2025-04-09,C00296,1,2025-05-24T00:00:00Z
2025-04-10,C00296,0,2025-05-25T00:00:00Z
2025-04-11,C00296,0,2025-05-26T00:00:00Z
2025-04-12,C00296,0,2025-05-27T00:00:00Z
2025-04-13,C00296,0,2025-05-28T00:00:00Z
2025-04-14,C00296,0,2025-05-29T00:00:00Z
2025-03-01,C00297,0,2025-04-15T00:00:00Z
2025-03-02,C00297,0,2025-04-16T00:00:00Z
2025-03-03,C00297,0,2025-04-17T00:00:00Z
2025-03-04,C00297,0,2025-04-18T00:00:00Z
2025-03-05,C00297,0,2025-04-19T00:00:00Z
2025-03-06,C00297,0,2025-04-20T00:00:00Z
2025-03-07,C00297,0,2025-04-21T00:00:00Z
2025-03-08,C00297,0,2025-04-22T00:00:00Z
2025-03-09,C00297,0,2025-04-23T00:00:00Z
2025-03-10,C00297,0,2025-04-24T00:00:00Z
2025-03-11,C00297,0,2025-04-25T00:00:00Z
2025-03-12,C00297,0,2025-04-26T00:00:00Z
2025-03-13,C00297,0,2025-04-27T00:00:00Z
2025-03-14,C00297,0,2025-04-28T00:00:00Z
2025-03-15,C00297,0,2025-04-29T00:00:00Z
2025-03-16,C00297,0,2025-04-30T00:00:00Z
2025-03-17,C00297,0,2025-05-01T00:00:00Z
2025-03-18,C00297,0,2025-05-02T00:00:00Z
2025-03-19,C00297,0,2025-05-03T00:00:00Z
2025-03-20,C00297,0,2025-05-04T00:00:00Z
2025-03-21,C00297,0,2025-05-05T00:00:00Z
2025-03-22,C00297,0,2025-05-06T00:00:00Z
2025-03-23,C00297,0,2025-05-07T00:00:00Z
2025-03-24,C00297,0,2025-05-08T00:00:00Z
2025-03-25,C00297,0,2025-05-09T00:00:00Z
2025-03-26,C00297,0,2025-05-10T00:00:00Z
2025-03-27,C00297,0,2025-05-11T00:00:00Z
2025-03-28,C00297,0,2025-05-12T00:00:00Z
2025-03-29,C00297,0,2025-05-13T00:00:00Z
2025-03-30,C00297,0,2025-05-14T00:00:00Z
2025-03-31,C00297,0,2025-05-15T00:00:00Z
2025-04-01,C00297,0,2025-05-16T00:00:00Z
2025-04-02,C00297,0,2025-05-17T00:00:00Z
2025-04-03,C00297,0,2025-05-18T00:00:00Z
2025-04-04,C00297,0,2025-05-19T00:00:00Z
2025-04-05,C00297,0,2025-05-20T00:00:00Z
2025-04-06,C00297,0,2025-05-21T00:00:00Z
2025-04-07,C00297,0,2025-05-22T00:00:00Z
2025-04-08,C00297,0,2025-05-23T00:00:00Z
2025-04-09,C00297,0,2025-05-24T00:00:00Z
2025-04-10,C00297,0,2025-05-25T00:00:00Z
2025-04-11,C00297,0,2025-05-26T00:00:00Z
2025-04-12,C00297,0,2025-05-27T00:00:00Z
2025-04-13,C00297,0,2025-05-28T00:00:00Z
2025-04-14,C00297,0,2025-05-29T00:00:00Z
2025-03-01,C00298,0,2025-04-15T00:00:00Z
2025-03-02,C00298,0,2025-04-16T00:00:00Z
2025-03-03,C00298,0,2025-04-17T00:00:00Z
2025-03-04,C00298,0,2025-04-18T00:00:00Z
2025-03-05,C00298,0,2025-04-19T00:00:00Z
2025-03-06,C00298,0,2025-04-20T00:00:00Z
2025-03-07,C00298,0,2025-04-21T00:00:00Z
2025-03-08,C00298,0,2025-04-22T00:00:00Z
2025-03-09,C00298,0,2025-04-23T00:00:00Z
2025-03-10,C00298,0,2025-04-24T00:00:00Z
2025-03-11,C00298,0,2025-04-25T00:00:00Z
2025-03-12,C00298,0,2025-04-26T00:00:00Z
2025-03-13,C00298,0,2025-04-27T00:00:00Z
2025-03-14,C00298,0,2025-04-28T00:00:00Z
2025-03-15,C00298,0,2025-04-29T00:00:00Z
2025-03-16,C00298,0,2025-04-30T00:00:00Z
2025-03-17,C00298,0,2025-05-01T00:00:00Z
2025-03-18,C00298,0,2025-05-02T00:00:00Z
2025-03-19,C00298,0,2025-05-03T00:00:00Z
2025-03-20,C00298,0,2025-05-04T00:00:00Z
2025-03-21,C00298,0,2025-05-05T00:00:00Z
2025-03-22,C00298,0,2025-05-06T00:00:00Z
2025-03-23,C00298,0,2025-05-07T00:00:00Z
2025-03-24,C00298,0,2025-05-08T00:00:00Z
2025-03-25,C00298,0,2025-05-09T00:00:00Z
2025-03-26,C00298,0,2025-05-10T00:00:00Z
2025-03-27,C00298,0,2025-05-11T00:00:00Z
2025-03-28,C00298,0,2025-05-12T00:00:00Z
2025-03-29,C00298,0,2025-05-13T00:00:00Z
2025-03-30,C00298,0,2025-05-14T00:00:00Z
2025-03-31,C00298,1,2025-05-15T00:00:00Z
2025-04-01,C00298,0,2025-05-16T00:00:00Z
2025-04-02,C00298,0,2025-05-17T00:00:00Z
2025-04-03,C00298,0,2025-05-18T00:00:00Z
2025-04-04,C00298,0,2025-05-19T00:00:00Z
2025-04-05,C00298,0,2025-05-20T00:00:00Z
2025-04-06,C00298,0,2025-05-21T00:00:00Z
2025-04-07,C00298,0,2025-05-22T00:00:00Z
2025-04-08,C00298,0,2025-05-23T00:00:00Z
2025-04-09,C00298,0,2025-05-24T00:00:00Z
2025-04-10,C00298,0,2025-05-25T00:00:00Z
2025-04-11,C00298,0,2025-05-26T00:00:00Z
2025-04-12,C00298,0,2025-05-27T00:00:00Z
2025-04-13,C00298,0,2025-05-28T00:00:00Z
2025-04-14,C00298,0,2025-05-29T00:00:00Z
2025-03-01,C00299,0,2025-04-15T00:00:00Z
2025-03-02,C00299,0,2025-04-16T00:00:00Z
2025-03-03,C00299,0,2025-04-17T00:00:00Z
2025-03-04,C00299,0,2025-04-18T00:00:00Z
2025-03-05,C00299,0,2025-04-19T00:00:00Z
2025-03-06,C00299,1,2025-04-20T00:00:00Z
2025-03-07,C00299,0,2025-04-21T00:00:00Z
2025-03-08,C00299,0,2025-04-22T00:00:00Z
2025-03-09,C00299,0,2025-04-23T00:00:00Z
2025-03-10,C00299,0,2025-04-24T00:00:00Z
2025-03-11,C00299,0,2025-04-25T00:00:00Z
2025-03-12,C00299,0,2025-04-26T00:00:00Z
2025-03-13,C00299,0,2025-04-27T00:00:00Z
2025-03-14,C00299,0,2025-04-28T00:00:00Z
2025-03-15,C00299,0,2025-04-29T00:00:00Z
2025-03-16,C00299,0,2025-04-30T00:00:00Z
2025-03-17,C00299,0,2025-05-01T00:00:00Z
2025-03-18,C00299,0,2025-05-02T00:00:00Z
2025-03-19,C00299,0,2025-05-03T00:00:00Z
2025-03-20,C00299,0,2025-05-04T00:00:00Z
2025-03-21,C00299,0,2025-05-05T00:00:00Z
2025-03-22,C00299,0,2025-05-06T00:00:00Z
2025-03-23,C00299,0,2025-05-07T00:00:00Z
2025-03-24,C00299,0,2025-05-08T00:00:00Z
2025-03-25,C00299,0,2025-05-09T00:00:00Z
2025-03-26,C00299,0,2025-05-10T00:00:00Z
2025-03-27,C00299,0,2025-05-11T00:00:00Z
2025-03-28,C00299,0,2025-05-12T00:00:00Z
2025-03-29,C00299,0,2025-05-13T00:00:00Z
2025-03-30,C00299,0,2025-05-14T00:00:00Z
2025-03-31,C00299,0,2025-05-15T00:00:00Z
2025-04-01,C00299,0,2025-05-16T00:00:00Z
2025-04-02,C00299,0,2025-05-17T00:00:00Z
2025-04-03,C00299,0,2025-05-18T00:00:00Z
2025-04-04,C00299,0,2025-05-19T00:00:00Z
2025-04-05,C00299,0,2025-05-20T00:00:00Z
2025-04-06,C00299,1,2025-05-21T00:00:00Z
2025-04-07,C00299,0,2025-05-22T00:00:00Z
2025-04-08,C00299,0,2025-05-23T00:00:00Z
2025-04-09,C00299,0,2025-05-24T00:00:00Z
2025-04-10,C00299,0,2025-05-25T00:00:00Z
2025-04-11,C00299,0,2025-05-26T00:00:00Z
2025-04-12,C00299,0,2025-05-27T00:00:00Z
2025-04-13,C00299,0,2025-05-28T00:00:00Z
2025-04-14,C00299,0,2025-05-29T00:00:00Z
