date,cell,age,t,sex,region,exposure,deaths,rate,kt
2015-12-31,M-north-40,40,0,M,north,20049.0,58,0.0028929,2016-06-30T09:00:00Z
2015-12-31,M-north-41,41,0,M,north,20843.5,71,0.0034063,2016-06-30T09:00:00Z
2015-12-31,M-north-42,42,0,M,north,18596.2,62,0.003334,2016-06-30T09:00:00Z
2015-12-31,M-north-43,43,0,M,north,19700.8,74,0.0037562,2016-06-30T09:00:00Z
2015-12-31,M-north-44,44,0,M,north,19086.8,64,0.0033531,2016-06-30T09:00:00Z
2015-12-31,M-north-45,45,0,M,north,17101.2,64,0.0037424,2016-06-30T09:00:00Z
2015-12-31,M-north-46,46,0,M,north,17772.3,82,0.0046139,2016-06-30T09:00:00Z
2015-12-31,M-north-47,47,0,M,north,16963.6,108,0.0063666,2016-06-30T09:00:00Z
2015-12-31,M-north-48,48,0,M,north,16066.6,106,0.0065975,2016-06-30T09:00:00Z
2015-12-31,M-north-49,49,0,M,north,15303.1,96,0.0062732,2016-06-30T09:00:00Z
2015-12-31,M-north-50,50,0,M,north,15106.5,108,0.0071493,2016-06-30T09:00:00Z
2015-12-31,M-north-51,51,0,M,north,13853.8,121,0.0087341,2016-06-30T09:00:00Z
2015-12-31,M-north-52,52,0,M,north,14202.6,119,0.0083788,2016-06-30T09:00:00Z
2015-12-31,M-north-53,53,0,M,north,13036.9,105,0.0080541,2016-06-30T09:00:00Z
2015-12-31,M-north-54,54,0,M,north,13041.9,153,0.0117314,2016-06-30T09:00:00Z
2015-12-31,M-north-55,55,0,M,north,11443.6,141,0.0123213,2016-06-30T09:00:00Z
2015-12-31,M-north-56,56,0,M,north,11633.4,154,0.0132378,2016-06-30T09:00:00Z
2015-12-31,M-north-57,57,0,M,north,11426.3,149,0.0130401,2016-06-30T09:00:00Z
2015-12-31,M-north-58,58,0,M,north,10161.0,169,0.0166322,2016-06-30T09:00:00Z
2015-12-31,M-north-59,59,0,M,north,11183.3,191,0.017079,2016-06-30T09:00:00Z
2015-12-31,M-north-60,60,0,M,north,10494.3,182,0.0173427,2016-06-30T09:00:00Z
2015-12-31,M-north-61,61,0,M,north,9616.3,219,0.0227738,2016-06-30T09:00:00Z
2015-12-31,M-north-62,62,0,M,north,8738.6,227,0.0259767,2016-06-30T09:00:00Z
2015-12-31,M-north-63,63,0,M,north,8612.9,234,0.0271687,2016-06-30T09:00:00Z
2015-12-31,M-north-64,64,0,M,north,9398.1,277,0.0294741,2016-06-30T09:00:00Z
2015-12-31,M-north-65,65,0,M,north,9037.5,332,0.0367357,2016-06-30T09:00:00Z
2015-12-31,M-north-66,66,0,M,north,7878.0,240,0.0304647,2016-06-30T09:00:00Z
2015-12-31,M-north-67,67,0,M,north,8054.7,323,0.0401007,2016-06-30T09:00:00Z
2015-12-31,M-north-68,68,0,M,north,7925.4,322,0.0406288,2016-06-30T09:00:00Z
2015-12-31,M-north-69,69,0,M,north,7837.9,385,0.0491202,2016-06-30T09:00:00Z
2015-12-31,M-north-70,70,0,M,north,6675.8,378,0.0566228,2016-06-30T09:00:00Z
2015-12-31,M-north-71,71,0,M,north,6230.6,394,0.0632359,2016-06-30T09:00:00Z
2015-12-31,M-north-72,72,0,M,north,6322.2,430,0.0680146,2016-06-30T09:00:00Z
2015-12-31,M-north-73,73,0,M,north,6674.0,505,0.0756667,2016-06-30T09:00:00Z
2015-12-31,M-north-74,74,0,M,north,5689.1,480,0.0843722,2016-06-30T09:00:00Z
2015-12-31,M-north-75,75,0,M,north,6123.4,581,0.0948821,2016-06-30T09:00:00Z
2015-12-31,M-north-76,76,0,M,north,5829.3,592,0.1015567,2016-06-30T09:00:00Z
2015-12-31,M-north-77,77,0,M,north,5521.1,580,0.1050523,2016-06-30T09:00:00Z
2015-12-31,M-north-78,78,0,M,north,5554.1,656,0.1181115,2016-06-30T09:00:00Z
2015-12-31,M-north-79,79,0,M,north,4893.0,688,0.1406094,2016-06-30T09:00:00Z
2015-12-31,M-north-80,80,0,M,north,5398.9,863,0.1598469,2016-06-30T09:00:00Z
2015-12-31,M-north-81,81,0,M,north,4308.8,728,0.1689567,2016-06-30T09:00:00Z
2015-12-31,M-north-82,82,0,M,north,4643.2,874,0.1882314,2016-06-30T09:00:00Z
2015-12-31,M-north-83,83,0,M,north,4542.8,964,0.2122062,2016-06-30T09:00:00Z
2015-12-31,M-north-84,84,0,M,north,4194.1,975,0.2324701,2016-06-30T09:00:00Z
2015-12-31,M-north-85,85,0,M,north,4395.2,1144,0.2602811,2016-06-30T09:00:00Z
2015-12-31,M-north-86,86,0,M,north,3936.9,1115,0.2832173,2016-06-30T09:00:00Z
2015-12-31,M-north-87,87,0,M,north,3927.7,1308,0.3330177,2016-06-30T09:00:00Z
2015-12-31,M-north-88,88,0,M,north,3662.4,1299,0.3546829,2016-06-30T09:00:00Z
2015-12-31,M-north-89,89,0,M,north,3303.0,1346,0.4075062,2016-06-30T09:00:00Z
2015-12-31,M-north-90,90,0,M,north,3253.6,1448,0.4450439,2016-06-30T09:00:00Z
2015-12-31,M-north-91,91,0,M,north,3434.0,1713,0.4988391,2016-06-30T09:00:00Z
2015-12-31,M-north-92,92,0,M,north,3413.2,1816,0.5320493,2016-06-30T09:00:00Z
2015-12-31,M-north-93,93,0,M,north,3211.6,1981,0.6168198,2016-06-30T09:00:00Z
2015-12-31,M-north-94,94,0,M,north,3223.1,2177,0.6754454,2016-06-30T09:00:00Z
2015-12-31,M-north-95,95,0,M,north,2665.1,1964,0.7369317,2016-06-30T09:00:00Z
2015-12-31,M-central-40,40,0,M,central,18906.4,52,0.0027504,2016-06-30T09:00:00Z
2015-12-31,M-central-41,41,0,M,central,20203.8,67,0.0033162,2016-06-30T09:00:00Z
2015-12-31,M-central-42,42,0,M,central,17584.7,54,0.0030708,2016-06-30T09:00:00Z
2015-12-31,M-central-43,43,0,M,central,17016.3,67,0.0039374,2016-06-30T09:00:00Z
2015-12-31,M-central-44,44,0,M,central,16253.3,57,0.003507,2016-06-30T09:00:00Z
2015-12-31,M-central-45,45,0,M,central,15446.4,68,0.0044023,2016-06-30T09:00:00Z
2015-12-31,M-central-46,46,0,M,central,15966.7,98,0.0061378,2016-06-30T09:00:00Z
2015-12-31,M-central-47,47,0,M,central,16166.6,102,0.0063093,2016-06-30T09:00:00Z
2015-12-31,M-central-48,48,0,M,central,15937.0,86,0.0053962,2016-06-30T09:00:00Z
2015-12-31,M-central-49,49,0,M,central,14483.9,82,0.0056615,2016-06-30T09:00:00Z
2015-12-31,M-central-50,50,0,M,central,12798.1,100,0.0078137,2016-06-30T09:00:00Z
2015-12-31,M-central-51,51,0,M,central,12908.3,96,0.0074371,2016-06-30T09:00:00Z
2015-12-31,M-central-52,52,0,M,central,12646.6,116,0.0091725,2016-06-30T09:00:00Z
2015-12-31,M-central-53,53,0,M,central,11640.3,96,0.0082472,2016-06-30T09:00:00Z
2015-12-31,M-central-54,54,0,M,central,11943.7,103,0.0086238,2016-06-30T09:00:00Z
2015-12-31,M-central-55,55,0,M,central,12819.3,117,0.0091269,2016-06-30T09:00:00Z
2015-12-31,M-central-56,56,0,M,central,12403.1,162,0.0130613,2016-06-30T09:00:00Z
2015-12-31,M-central-57,57,0,M,central,11948.9,154,0.0128883,2016-06-30T09:00:00Z
2015-12-31,M-central-58,58,0,M,central,9992.7,145,0.0145105,2016-06-30T09:00:00Z
2015-12-31,M-central-59,59,0,M,central,10023.4,164,0.0163618,2016-06-30T09:00:00Z
2015-12-31,M-central-60,60,0,M,central,10893.4,199,0.018268,2016-06-30T09:00:00Z
2015-12-31,M-central-61,61,0,M,central,9724.7,194,0.0199492,2016-06-30T09:00:00Z
2015-12-31,M-central-62,62,0,M,central,8536.7,199,0.023311,2016-06-30T09:00:00Z
2015-12-31,M-central-63,63,0,M,central,9554.7,253,0.026479,2016-06-30T09:00:00Z
2015-12-31,M-central-64,64,0,M,central,9265.6,240,0.0259023,2016-06-30T09:00:00Z
2015-12-31,M-central-65,65,0,M,central,8558.4,248,0.0289773,2016-06-30T09:00:00Z
2015-12-31,M-central-66,66,0,M,central,7521.9,273,0.0362943,2016-06-30T09:00:00Z
2015-12-31,M-central-67,67,0,M,central,7456.5,271,0.0363439,2016-06-30T09:00:00Z
2015-12-31,M-central-68,68,0,M,central,7477.4,317,0.0423942,2016-06-30T09:00:00Z
2015-12-31,M-central-69,69,0,M,central,6571.3,301,0.0458053,2016-06-30T09:00:00Z
2015-12-31,M-central-70,70,0,M,central,6619.1,330,0.0498559,2016-06-30T09:00:00Z
2015-12-31,M-central-71,71,0,M,central,6593.0,410,0.0621869,2016-06-30T09:00:00Z
2015-12-31,M-central-72,72,0,M,central,5883.2,350,0.059491,2016-06-30T09:00:00Z
2015-12-31,M-central-73,73,0,M,central,6374.2,450,0.0705967,2016-06-30T09:00:00Z
2015-12-31,M-central-74,74,0,M,central,6308.3,463,0.0733958,2016-06-30T09:00:00Z
2015-12-31,M-central-75,75,0,M,central,5317.2,432,0.0812451,2016-06-30T09:00:00Z
2015-12-31,M-central-76,76,0,M,central,6099.0,565,0.0926381,2016-06-30T09:00:00Z
2015-12-31,M-central-77,77,0,M,central,5712.4,579,0.101358,2016-06-30T09:00:00Z
2015-12-31,M-central-78,78,0,M,central,5632.9,623,0.1106003,2016-06-30T09:00:00Z
2015-12-31,M-central-79,79,0,M,central,5544.2,750,0.1352777,2016-06-30T09:00:00Z
2015-12-31,M-central-80,80,0,M,central,4762.9,674,0.1415093,2016-06-30T09:00:00Z
2015-12-31,M-central-81,81,0,M,central,4321.9,756,0.1749214,2016-06-30T09:00:00Z
2015-12-31,M-central-82,82,0,M,central,4238.6,758,0.1788314,2016-06-30T09:00:00Z
2015-12-31,M-central-83,83,0,M,central,4418.1,896,0.2027999,2016-06-30T09:00:00Z
2015-12-31,M-central-84,84,0,M,central,4373.9,928,0.2121691,2016-06-30T09:00:00Z
2015-12-31,M-central-85,85,0,M,central,4143.8,1027,0.2478405,2016-06-30T09:00:00Z
2015-12-31,M-central-86,86,0,M,central,3905.7,1033,0.2644822,2016-06-30T09:00:00Z
2015-12-31,M-central-87,87,0,M,central,3739.8,1091,0.2917239,2016-06-30T09:00:00Z
2015-12-31,M-central-88,88,0,M,central,4036.2,1321,0.3272892,2016-06-30T09:00:00Z
2015-12-31,M-central-89,89,0,M,central,3310.6,1245,0.3760608,2016-06-30T09:00:00Z
2015-12-31,M-central-90,90,0,M,central,3394.4,1459,0.4298228,2016-06-30T09:00:00Z
2015-12-31,M-central-91,91,0,M,central,3337.5,1590,0.4764109,2016-06-30T09:00:00Z
2015-12-31,M-central-92,92,0,M,central,3326.6,1665,0.5005135,2016-06-30T09:00:00Z
2015-12-31,M-central-93,93,0,M,central,3091.5,1853,0.5993832,2016-06-30T09:00:00Z
2015-12-31,M-central-94,94,0,M,central,2981.5,1869,0.6268567,2016-06-30T09:00:00Z
2015-12-31,M-central-95,95,0,M,central,2803.6,1939,0.6916046,2016-06-30T09:00:00Z
2015-12-31,M-south-40,40,0,M,south,20511.4,61,0.002974,2016-06-30T09:00:00Z
2015-12-31,M-south-41,41,0,M,south,19336.7,69,0.0035684,2016-06-30T09:00:00Z
2015-12-31,M-south-42,42,0,M,south,18539.9,49,0.002643,2016-06-30T09:00:00Z
2015-12-31,M-south-43,43,0,M,south,18605.5,57,0.0030636,2016-06-30T09:00:00Z
2015-12-31,M-south-44,44,0,M,south,18881.3,80,0.004237,2016-06-30T09:00:00Z
2015-12-31,M-south-45,45,0,M,south,16609.0,75,0.0045156,2016-06-30T09:00:00Z
2015-12-31,M-south-46,46,0,M,south,15413.8,71,0.0046063,2016-06-30T09:00:00Z
2015-12-31,M-south-47,47,0,M,south,15144.0,70,0.0046223,2016-06-30T09:00:00Z
2015-12-31,M-south-48,48,0,M,south,14527.7,85,0.0058509,2016-06-30T09:00:00Z
2015-12-31,M-south-49,49,0,M,south,13459.5,91,0.006761,2016-06-30T09:00:00Z
2015-12-31,M-south-50,50,0,M,south,13309.5,88,0.0066118,2016-06-30T09:00:00Z
2015-12-31,M-south-51,51,0,M,south,13101.0,96,0.0073277,2016-06-30T09:00:00Z
2015-12-31,M-south-52,52,0,M,south,12540.8,99,0.0078942,2016-06-30T09:00:00Z
2015-12-31,M-south-53,53,0,M,south,11818.2,104,0.0088,2016-06-30T09:00:00Z
2015-12-31,M-south-54,54,0,M,south,11768.9,106,0.0090068,2016-06-30T09:00:00Z
2015-12-31,M-south-55,55,0,M,south,11068.3,133,0.0120163,2016-06-30T09:00:00Z
2015-12-31,M-south-56,56,0,M,south,11456.2,121,0.010562,2016-06-30T09:00:00Z
2015-12-31,M-south-57,57,0,M,south,10775.6,131,0.0121571,2016-06-30T09:00:00Z
2015-12-31,M-south-58,58,0,M,south,10307.0,147,0.0142621,2016-06-30T09:00:00Z
2015-12-31,M-south-59,59,0,M,south,9416.9,137,0.0145482,2016-06-30T09:00:00Z
2015-12-31,M-south-60,60,0,M,south,10245.5,182,0.0177639,2016-06-30T09:00:00Z
2015-12-31,M-south-61,61,0,M,south,9562.7,194,0.0202871,2016-06-30T09:00:00Z
2015-12-31,M-south-62,62,0,M,south,8423.3,197,0.0233874,2016-06-30T09:00:00Z
2015-12-31,M-south-63,63,0,M,south,9363.2,212,0.0226419,2016-06-30T09:00:00Z
2015-12-31,M-south-64,64,0,M,south,8666.1,229,0.0264248,2016-06-30T09:00:00Z
2015-12-31,M-south-65,65,0,M,south,7721.5,198,0.0256428,2016-06-30T09:00:00Z
2015-12-31,M-south-66,66,0,M,south,7917.8,256,0.0323322,2016-06-30T09:00:00Z
2015-12-31,M-south-67,67,0,M,south,7540.5,269,0.035674,2016-06-30T09:00:00Z
2015-12-31,M-south-68,68,0,M,south,7302.3,288,0.0394395,2016-06-30T09:00:00Z
2015-12-31,M-south-69,69,0,M,south,7262.2,336,0.0462669,2016-06-30T09:00:00Z
2015-12-31,M-south-70,70,0,M,south,6470.5,337,0.0520823,2016-06-30T09:00:00Z
2015-12-31,M-south-71,71,0,M,south,7424.0,385,0.0518586,2016-06-30T09:00:00Z
2015-12-31,M-south-72,72,0,M,south,6224.2,375,0.060249,2016-06-30T09:00:00Z
2015-12-31,M-south-73,73,0,M,south,6875.0,468,0.0680727,2016-06-30T09:00:00Z
2015-12-31,M-south-74,74,0,M,south,6654.0,482,0.0724377,2016-06-30T09:00:00Z
2015-12-31,M-south-75,75,0,M,south,6148.3,506,0.0822996,2016-06-30T09:00:00Z
2015-12-31,M-south-76,76,0,M,south,6076.1,557,0.091671,2016-06-30T09:00:00Z
2015-12-31,M-south-77,77,0,M,south,5558.1,551,0.0991353,2016-06-30T09:00:00Z
2015-12-31,M-south-78,78,0,M,south,5462.6,589,0.1078232,2016-06-30T09:00:00Z
2015-12-31,M-south-79,79,0,M,south,5555.8,710,0.1277936,2016-06-30T09:00:00Z
2015-12-31,M-south-80,80,0,M,south,5109.6,696,0.136213,2016-06-30T09:00:00Z
2015-12-31,M-south-81,81,0,M,south,4657.7,683,0.1466395,2016-06-30T09:00:00Z
2015-12-31,M-south-82,82,0,M,south,4848.4,853,0.1759333,2016-06-30T09:00:00Z
2015-12-31,M-south-83,83,0,M,south,4125.8,728,0.1764524,2016-06-30T09:00:00Z
2015-12-31,M-south-84,84,0,M,south,4607.0,985,0.2138064,2016-06-30T09:00:00Z
2015-12-31,M-south-85,85,0,M,south,4016.9,969,0.2412282,2016-06-30T09:00:00Z
2015-12-31,M-south-86,86,0,M,south,3798.0,968,0.2548698,2016-06-30T09:00:00Z
2015-12-31,M-south-87,87,0,M,south,4103.8,1214,0.2958269,2016-06-30T09:00:00Z
2015-12-31,M-south-88,88,0,M,south,3839.2,1223,0.3185524,2016-06-30T09:00:00Z
2015-12-31,M-south-89,89,0,M,south,3286.3,1172,0.3566275,2016-06-30T09:00:00Z
2015-12-31,M-south-90,90,0,M,south,3550.5,1364,0.3841668,2016-06-30T09:00:00Z
2015-12-31,M-south-91,91,0,M,south,3421.2,1582,0.4624164,2016-06-30T09:00:00Z
2015-12-31,M-south-92,92,0,M,south,2986.5,1387,0.4644163,2016-06-30T09:00:00Z
2015-12-31,M-south-93,93,0,M,south,2912.1,1511,0.5188723,2016-06-30T09:00:00Z
2015-12-31,M-south-94,94,0,M,south,3106.0,1904,0.6130094,2016-06-30T09:00:00Z
2015-12-31,M-south-95,95,0,M,south,2791.1,1827,0.6545834,2016-06-30T09:00:00Z
2015-12-31,F-north-40,40,0,F,north,21040.0,39,0.0018536,2016-06-30T09:00:00Z
2015-12-31,F-north-41,41,0,F,north,20954.2,35,0.0016703,2016-06-30T09:00:00Z
2015-12-31,F-north-42,42,0,F,north,19240.7,52,0.0027026,2016-06-30T09:00:00Z
2015-12-31,F-north-43,43,0,F,north,17617.2,37,0.0021002,2016-06-30T09:00:00Z
2015-12-31,F-north-44,44,0,F,north,18106.8,43,0.0023748,2016-06-30T09:00:00Z
2015-12-31,F-north-45,45,0,F,north,15494.4,37,0.002388,2016-06-30T09:00:00Z
2015-12-31,F-north-46,46,0,F,north,15980.7,53,0.0033165,2016-06-30T09:00:00Z
2015-12-31,F-north-47,47,0,F,north,14966.8,54,0.003608,2016-06-30T09:00:00Z
2015-12-31,F-north-48,48,0,F,north,14408.8,40,0.0027761,2016-06-30T09:00:00Z
2015-12-31,F-north-49,49,0,F,north,14444.7,66,0.0045692,2016-06-30T09:00:00Z
2015-12-31,F-north-50,50,0,F,north,14233.4,62,0.0043559,2016-06-30T09:00:00Z
2015-12-31,F-north-51,51,0,F,north,12565.0,58,0.004616,2016-06-30T09:00:00Z
2015-12-31,F-north-52,52,0,F,north,12744.0,74,0.0058067,2016-06-30T09:00:00Z
2015-12-31,F-north-53,53,0,F,north,13181.1,89,0.0067521,2016-06-30T09:00:00Z
2015-12-31,F-north-54,54,0,F,north,12682.3,83,0.0065446,2016-06-30T09:00:00Z
2015-12-31,F-north-55,55,0,F,north,11447.0,79,0.0069014,2016-06-30T09:00:00Z
2015-12-31,F-north-56,56,0,F,north,12344.6,111,0.0089918,2016-06-30T09:00:00Z
2015-12-31,F-north-57,57,0,F,north,11368.0,100,0.0087966,2016-06-30T09:00:00Z
2015-12-31,F-north-58,58,0,F,north,10739.1,89,0.0082875,2016-06-30T09:00:00Z
2015-12-31,F-north-59,59,0,F,north,10400.7,103,0.0099032,2016-06-30T09:00:00Z
2015-12-31,F-north-60,60,0,F,north,9223.4,110,0.0119262,2016-06-30T09:00:00Z
2015-12-31,F-north-61,61,0,F,north,10178.2,128,0.0125758,2016-06-30T09:00:00Z
2015-12-31,F-north-62,62,0,F,north,9888.8,144,0.0145619,2016-06-30T09:00:00Z
2015-12-31,F-north-63,63,0,F,north,8474.1,121,0.0142789,2016-06-30T09:00:00Z
2015-12-31,F-north-64,64,0,F,north,8254.3,159,0.0192626,2016-06-30T09:00:00Z
2015-12-31,F-north-65,65,0,F,north,7663.3,169,0.0220532,2016-06-30T09:00:00Z
2015-12-31,F-north-66,66,0,F,north,7537.0,159,0.0210959,2016-06-30T09:00:00Z
2015-12-31,F-north-67,67,0,F,north,7224.4,169,0.0233929,2016-06-30T09:00:00Z
2015-12-31,F-north-68,68,0,F,north,8013.6,192,0.0239593,2016-06-30T09:00:00Z
2015-12-31,F-north-69,69,0,F,north,7679.2,215,0.0279976,2016-06-30T09:00:00Z
2015-12-31,F-north-70,70,0,F,north,6642.8,232,0.0349249,2016-06-30T09:00:00Z
2015-12-31,F-north-71,71,0,F,north,6385.3,241,0.0377432,2016-06-30T09:00:00Z
2015-12-31,F-north-72,72,0,F,north,6291.2,254,0.040374,2016-06-30T09:00:00Z
2015-12-31,F-north-73,73,0,F,north,6129.7,256,0.0417636,2016-06-30T09:00:00Z
2015-12-31,F-north-74,74,0,F,north,6097.8,317,0.0519861,2016-06-30T09:00:00Z
2015-12-31,F-north-75,75,0,F,north,5942.7,346,0.0582222,2016-06-30T09:00:00Z
2015-12-31,F-north-76,76,0,F,north,5458.1,350,0.0641249,2016-06-30T09:00:00Z
2015-12-31,F-north-77,77,0,F,north,5242.3,340,0.0648567,2016-06-30T09:00:00Z
2015-12-31,F-north-78,78,0,F,north,4915.6,354,0.072016,2016-06-30T09:00:00Z
2015-12-31,F-north-79,79,0,F,north,4992.6,402,0.080519,2016-06-30T09:00:00Z
2015-12-31,F-north-80,80,0,F,north,5226.1,490,0.0937601,2016-06-30T09:00:00Z
2015-12-31,F-north-81,81,0,F,north,4838.7,533,0.1101535,2016-06-30T09:00:00Z
2015-12-31,F-north-82,82,0,F,north,4910.3,590,0.1201549,2016-06-30T09:00:00Z
2015-12-31,F-north-83,83,0,F,north,4690.4,628,0.1338906,2016-06-30T09:00:00Z
2015-12-31,F-north-84,84,0,F,north,4647.2,643,0.138362,2016-06-30T09:00:00Z
2015-12-31,F-north-85,85,0,F,north,4225.4,657,0.1554884,2016-06-30T09:00:00Z
2015-12-31,F-north-86,86,0,F,north,4283.1,788,0.1839788,2016-06-30T09:00:00Z
2015-12-31,F-north-87,87,0,F,north,4095.4,754,0.1841101,2016-06-30T09:00:00Z
2015-12-31,F-north-88,88,0,F,north,4005.8,867,0.2164376,2016-06-30T09:00:00Z
2015-12-31,F-north-89,89,0,F,north,3495.4,836,0.2391708,2016-06-30T09:00:00Z
2015-12-31,F-north-90,90,0,F,north,3742.5,975,0.2605187,2016-06-30T09:00:00Z
2015-12-31,F-north-91,91,0,F,north,3206.9,940,0.2931145,2016-06-30T09:00:00Z
2015-12-31,F-north-92,92,0,F,north,2921.4,861,0.2947264,2016-06-30T09:00:00Z
2015-12-31,F-north-93,93,0,F,north,2891.5,1051,0.3634795,2016-06-30T09:00:00Z
2015-12-31,F-north-94,94,0,F,north,2954.2,1177,0.3984207,2016-06-30T09:00:00Z
2015-12-31,F-north-95,95,0,F,north,3110.7,1491,0.4793129,2016-06-30T09:00:00Z
2015-12-31,F-central-40,40,0,F,central,20537.4,25,0.0012173,2016-06-30T09:00:00Z
2015-12-31,F-central-41,41,0,F,central,18904.1,27,0.0014283,2016-06-30T09:00:00Z
2015-12-31,F-central-42,42,0,F,central,19912.7,39,0.0019585,2016-06-30T09:00:00Z
2015-12-31,F-central-43,43,0,F,central,17973.1,38,0.0021143,2016-06-30T09:00:00Z
2015-12-31,F-central-44,44,0,F,central,16910.7,39,0.0023062,2016-06-30T09:00:00Z
2015-12-31,F-central-45,45,0,F,central,16613.3,38,0.0022873,2016-06-30T09:00:00Z
2015-12-31,F-central-46,46,0,F,central,14623.7,44,0.0030088,2016-06-30T09:00:00Z
2015-12-31,F-central-47,47,0,F,central,14172.7,34,0.002399,2016-06-30T09:00:00Z
2015-12-31,F-central-48,48,0,F,central,14573.3,50,0.0034309,2016-06-30T09:00:00Z
2015-12-31,F-central-49,49,0,F,central,13197.1,45,0.0034098,2016-06-30T09:00:00Z
2015-12-31,F-central-50,50,0,F,central,13730.5,54,0.0039329,2016-06-30T09:00:00Z
2015-12-31,F-central-51,51,0,F,central,12817.1,67,0.0052274,2016-06-30T09:00:00Z
2015-12-31,F-central-52,52,0,F,central,12895.9,47,0.0036446,2016-06-30T09:00:00Z
2015-12-31,F-central-53,53,0,F,central,11674.7,71,0.0060815,2016-06-30T09:00:00Z
2015-12-31,F-central-54,54,0,F,central,13298.4,83,0.0062414,2016-06-30T09:00:00Z
2015-12-31,F-central-55,55,0,F,central,11990.7,89,0.0074224,2016-06-30T09:00:00Z
2015-12-31,F-central-56,56,0,F,central,11098.5,85,0.0076587,2016-06-30T09:00:00Z
2015-12-31,F-central-57,57,0,F,central,10003.3,71,0.0070976,2016-06-30T09:00:00Z
2015-12-31,F-central-58,58,0,F,central,10219.1,85,0.0083177,2016-06-30T09:00:00Z
2015-12-31,F-central-59,59,0,F,central,10363.5,96,0.0092632,2016-06-30T09:00:00Z
2015-12-31,F-central-60,60,0,F,central,10233.5,130,0.0127034,2016-06-30T09:00:00Z
2015-12-31,F-central-61,61,0,F,central,10044.9,114,0.011349,2016-06-30T09:00:00Z
2015-12-31,F-central-62,62,0,F,central,8563.6,107,0.0124948,2016-06-30T09:00:00Z
2015-12-31,F-central-63,63,0,F,central,9827.3,150,0.0152636,2016-06-30T09:00:00Z
2015-12-31,F-central-64,64,0,F,central,8647.4,118,0.0136457,2016-06-30T09:00:00Z
2015-12-31,F-central-65,65,0,F,central,8607.5,164,0.0190531,2016-06-30T09:00:00Z
2015-12-31,F-central-66,66,0,F,central,7697.6,170,0.0220849,2016-06-30T09:00:00Z
2015-12-31,F-central-67,67,0,F,central,7258.2,154,0.0212175,2016-06-30T09:00:00Z
2015-12-31,F-central-68,68,0,F,central,7410.8,186,0.0250985,2016-06-30T09:00:00Z
2015-12-31,F-central-69,69,0,F,central,6540.8,189,0.0288954,2016-06-30T09:00:00Z
2015-12-31,F-central-70,70,0,F,central,6577.8,178,0.0270608,2016-06-30T09:00:00Z
2015-12-31,F-central-71,71,0,F,central,6955.3,238,0.0342187,2016-06-30T09:00:00Z
2015-12-31,F-central-72,72,0,F,central,6781.1,264,0.0389317,2016-06-30T09:00:00Z
2015-12-31,F-central-73,73,0,F,central,6613.4,248,0.0374998,2016-06-30T09:00:00Z
2015-12-31,F-central-74,74,0,F,central,6521.6,319,0.0489145,2016-06-30T09:00:00Z
2015-12-31,F-central-75,75,0,F,central,5774.4,294,0.0509141,2016-06-30T09:00:00Z
2015-12-31,F-central-76,76,0,F,central,5385.7,325,0.060345,2016-06-30T09:00:00Z
2015-12-31,F-central-77,77,0,F,central,5708.0,365,0.0639458,2016-06-30T09:00:00Z
2015-12-31,F-central-78,78,0,F,central,5747.4,391,0.0680309,2016-06-30T09:00:00Z
2015-12-31,F-central-79,79,0,F,central,5417.2,444,0.0819614,2016-06-30T09:00:00Z
2015-12-31,F-central-80,80,0,F,central,5203.1,439,0.0843729,2016-06-30T09:00:00Z
2015-12-31,F-central-81,81,0,F,central,4861.8,455,0.0935874,2016-06-30T09:00:00Z
2015-12-31,F-central-82,82,0,F,central,4908.4,519,0.1057366,2016-06-30T09:00:00Z
2015-12-31,F-central-83,83,0,F,central,4056.2,477,0.1175972,2016-06-30T09:00:00Z
2015-12-31,F-central-84,84,0,F,central,3936.6,543,0.1379349,2016-06-30T09:00:00Z
2015-12-31,F-central-85,85,0,F,central,3963.6,549,0.13851,2016-06-30T09:00:00Z
2015-12-31,F-central-86,86,0,F,central,4159.7,698,0.167802,2016-06-30T09:00:00Z
2015-12-31,F-central-87,87,0,F,central,3866.2,663,0.1714861,2016-06-30T09:00:00Z
2015-12-31,F-central-88,88,0,F,central,3815.8,786,0.2059851,2016-06-30T09:00:00Z
2015-12-31,F-central-89,89,0,F,central,3905.1,894,0.2289316,2016-06-30T09:00:00Z
2015-12-31,F-central-90,90,0,F,central,3145.0,755,0.2400602,2016-06-30T09:00:00Z
2015-12-31,F-central-91,91,0,F,central,3605.7,962,0.2667986,2016-06-30T09:00:00Z
2015-12-31,F-central-92,92,0,F,central,3014.3,949,0.3148344,2016-06-30T09:00:00Z
2015-12-31,F-central-93,93,0,F,central,3253.6,1119,0.3439267,2016-06-30T09:00:00Z
2015-12-31,F-central-94,94,0,F,central,2974.1,1098,0.3691879,2016-06-30T09:00:00Z
2015-12-31,F-central-95,95,0,F,central,2697.2,1129,0.4185761,2016-06-30T09:00:00Z
2015-12-31,F-south-40,40,0,F,south,19050.0,26,0.0013648,2016-06-30T09:00:00Z
2015-12-31,F-south-41,41,0,F,south,20082.3,34,0.001693,2016-06-30T09:00:00Z
2015-12-31,F-south-42,42,0,F,south,18423.8,35,0.0018997,2016-06-30T09:00:00Z
2015-12-31,F-south-43,43,0,F,south,18325.4,32,0.0017462,2016-06-30T09:00:00Z
2015-12-31,F-south-44,44,0,F,south,18007.4,41,0.0022768,2016-06-30T09:00:00Z
2015-12-31,F-south-45,45,0,F,south,15140.7,42,0.002774,2016-06-30T09:00:00Z
2015-12-31,F-south-46,46,0,F,south,14904.0,61,0.0040929,2016-06-30T09:00:00Z
2015-12-31,F-south-47,47,0,F,south,16802.7,43,0.0025591,2016-06-30T09:00:00Z
2015-12-31,F-south-48,48,0,F,south,14592.8,39,0.0026726,2016-06-30T09:00:00Z
2015-12-31,F-south-49,49,0,F,south,13581.1,58,0.0042706,2016-06-30T09:00:00Z
2015-12-31,F-south-50,50,0,F,south,15220.8,67,0.0044019,2016-06-30T09:00:00Z
2015-12-31,F-south-51,51,0,F,south,13605.7,51,0.0037484,2016-06-30T09:00:00Z
2015-12-31,F-south-52,52,0,F,south,13516.1,67,0.0049571,2016-06-30T09:00:00Z
2015-12-31,F-south-53,53,0,F,south,13842.4,72,0.0052014,2016-06-30T09:00:00Z
2015-12-31,F-south-54,54,0,F,south,13104.7,73,0.0055705,2016-06-30T09:00:00Z
2015-12-31,F-south-55,55,0,F,south,12832.2,61,0.0047537,2016-06-30T09:00:00Z
2015-12-31,F-south-56,56,0,F,south,11991.2,87,0.0072553,2016-06-30T09:00:00Z
2015-12-31,F-south-57,57,0,F,south,12008.4,100,0.0083275,2016-06-30T09:00:00Z
2015-12-31,F-south-58,58,0,F,south,10381.9,72,0.0069351,2016-06-30T09:00:00Z
2015-12-31,F-south-59,59,0,F,south,10183.2,99,0.0097219,2016-06-30T09:00:00Z
2015-12-31,F-south-60,60,0,F,south,10860.5,119,0.0109572,2016-06-30T09:00:00Z
2015-12-31,F-south-61,61,0,F,south,10294.1,158,0.0153486,2016-06-30T09:00:00Z
2015-12-31,F-south-62,62,0,F,south,8982.1,101,0.0112445,2016-06-30T09:00:00Z
2015-12-31,F-south-63,63,0,F,south,9353.1,138,0.0147544,2016-06-30T09:00:00Z
2015-12-31,F-south-64,64,0,F,south,8333.7,133,0.0159593,2016-06-30T09:00:00Z
2015-12-31,F-south-65,65,0,F,south,9105.4,156,0.0171327,2016-06-30T09:00:00Z
2015-12-31,F-south-66,66,0,F,south,8006.6,152,0.0189843,2016-06-30T09:00:00Z
2015-12-31,F-south-67,67,0,F,south,7569.8,170,0.0224577,2016-06-30T09:00:00Z
2015-12-31,F-south-68,68,0,F,south,7194.3,162,0.0225179,2016-06-30T09:00:00Z
2015-12-31,F-south-69,69,0,F,south,7352.9,180,0.0244803,2016-06-30T09:00:00Z
2015-12-31,F-south-70,70,0,F,south,7286.7,221,0.0303294,2016-06-30T09:00:00Z
2015-12-31,F-south-71,71,0,F,south,7354.5,232,0.0315452,2016-06-30T09:00:00Z
2015-12-31,F-south-72,72,0,F,south,6488.5,235,0.036218,2016-06-30T09:00:00Z
2015-12-31,F-south-73,73,0,F,south,6690.2,277,0.0414039,2016-06-30T09:00:00Z
2015-12-31,F-south-74,74,0,F,south,6467.0,270,0.0417504,2016-06-30T09:00:00Z
2015-12-31,F-south-75,75,0,F,south,6134.5,299,0.0487411,2016-06-30T09:00:00Z
2015-12-31,F-south-76,76,0,F,south,5490.7,306,0.0557309,2016-06-30T09:00:00Z
2015-12-31,F-south-77,77,0,F,south,5375.7,340,0.0632476,2016-06-30T09:00:00Z
2015-12-31,F-south-78,78,0,F,south,5401.7,391,0.0723843,2016-06-30T09:00:00Z
2015-12-31,F-south-79,79,0,F,south,4681.0,334,0.0713522,2016-06-30T09:00:00Z
2015-12-31,F-south-80,80,0,F,south,5127.4,450,0.087764,2016-06-30T09:00:00Z
2015-12-31,F-south-81,81,0,F,south,4937.1,475,0.0962108,2016-06-30T09:00:00Z
2015-12-31,F-south-82,82,0,F,south,4531.4,470,0.1037204,2016-06-30T09:00:00Z
2015-12-31,F-south-83,83,0,F,south,4300.1,486,0.1130209,2016-06-30T09:00:00Z
2015-12-31,F-south-84,84,0,F,south,4108.2,554,0.1348527,2016-06-30T09:00:00Z
2015-12-31,F-south-85,85,0,F,south,3812.2,572,0.1500446,2016-06-30T09:00:00Z
2015-12-31,F-south-86,86,0,F,south,4198.7,684,0.1629073,2016-06-30T09:00:00Z
2015-12-31,F-south-87,87,0,F,south,3555.9,623,0.1752023,2016-06-30T09:00:00Z
2015-12-31,F-south-88,88,0,F,south,3761.9,717,0.1905954,2016-06-30T09:00:00Z
2015-12-31,F-south-89,89,0,F,south,3357.0,710,0.2114994,2016-06-30T09:00:00Z
2015-12-31,F-south-90,90,0,F,south,3716.0,851,0.2290068,2016-06-30T09:00:00Z
2015-12-31,F-south-91,91,0,F,south,3524.6,918,0.2604571,2016-06-30T09:00:00Z
2015-12-31,F-south-92,92,0,F,south,3062.5,866,0.2827793,2016-06-30T09:00:00Z
2015-12-31,F-south-93,93,0,F,south,2828.2,940,0.3323653,2016-06-30T09:00:00Z
2015-12-31,F-south-94,94,0,F,south,3022.2,1141,0.3775417,2016-06-30T09:00:00Z
2015-12-31,F-south-95,95,0,F,south,3055.3,1209,0.3957019,2016-06-30T09:00:00Z
2016-12-31,M-north-40,40,1,M,north,19953.8,62,0.0031072,2017-06-30T09:00:00Z
2016-12-31,M-north-41,41,1,M,north,19465.7,56,0.0028768,2017-06-30T09:00:00Z
2016-12-31,M-north-42,42,1,M,north,18076.3,69,0.0038171,2017-06-30T09:00:00Z
2016-12-31,M-north-43,43,1,M,north,17137.6,58,0.0033844,2017-06-30T09:00:00Z
2016-12-31,M-north-44,44,1,M,north,18809.0,78,0.0041469,2017-06-30T09:00:00Z
2016-12-31,M-north-45,45,1,M,north,17324.6,79,0.00456,2017-06-30T09:00:00Z
2016-12-31,M-north-46,46,1,M,north,15228.3,67,0.0043997,2017-06-30T09:00:00Z
2016-12-31,M-north-47,47,1,M,north,14759.4,71,0.0048105,2017-06-30T09:00:00Z
2016-12-31,M-north-48,48,1,M,north,15913.9,71,0.0044615,2017-06-30T09:00:00Z
2016-12-31,M-north-49,49,1,M,north,13837.4,88,0.0063596,2017-06-30T09:00:00Z
2016-12-31,M-north-50,50,1,M,north,13671.9,93,0.0068023,2017-06-30T09:00:00Z
2016-12-31,M-north-51,51,1,M,north,14303.9,107,0.0074805,2017-06-30T09:00:00Z
2016-12-31,M-north-52,52,1,M,north,13636.7,112,0.0082131,2017-06-30T09:00:00Z
2016-12-31,M-north-53,53,1,M,north,13582.2,130,0.0095714,2017-06-30T09:00:00Z
2016-12-31,M-north-54,54,1,M,north,12247.5,130,0.0106144,2017-06-30T09:00:00Z
2016-12-31,M-north-55,55,1,M,north,13007.7,147,0.011301,2017-06-30T09:00:00Z
2016-12-31,M-north-56,56,1,M,north,11525.4,172,0.0149235,2017-06-30T09:00:00Z
2016-12-31,M-north-57,57,1,M,north,11361.8,148,0.0130261,2017-06-30T09:00:00Z
2016-12-31,M-north-58,58,1,M,north,10957.4,190,0.0173398,2017-06-30T09:00:00Z
2016-12-31,M-north-59,59,1,M,north,10985.8,199,0.0181143,2017-06-30T09:00:00Z
2016-12-31,M-north-60,60,1,M,north,9821.8,197,0.0200574,2017-06-30T09:00:00Z
2016-12-31,M-north-61,61,1,M,north,9079.3,215,0.0236804,2017-06-30T09:00:00Z
2016-12-31,M-north-62,62,1,M,north,9310.5,213,0.0228775,2017-06-30T09:00:00Z
2016-12-31,M-north-63,63,1,M,north,8882.2,248,0.027921,2017-06-30T09:00:00Z
2016-12-31,M-north-64,64,1,M,north,9045.2,250,0.0276389,2017-06-30T09:00:00Z
2016-12-31,M-north-65,65,1,M,north,8441.4,276,0.0326961,2017-06-30T09:00:00Z
2016-12-31,M-north-66,66,1,M,north,8088.7,285,0.0352342,2017-06-30T09:00:00Z
2016-12-31,M-north-67,67,1,M,north,7126.6,285,0.0399911,2017-06-30T09:00:00Z
2016-12-31,M-north-68,68,1,M,north,7531.1,345,0.04581,2017-06-30T09:00:00Z
2016-12-31,M-north-69,69,1,M,north,7075.8,350,0.0494646,2017-06-30T09:00:00Z
2016-12-31,M-north-70,70,1,M,north,6859.1,361,0.0526312,2017-06-30T09:00:00Z
2016-12-31,M-north-71,71,1,M,north,6602.1,384,0.0581632,2017-06-30T09:00:00Z
2016-12-31,M-north-72,72,1,M,north,6547.8,422,0.0644491,2017-06-30T09:00:00Z
2016-12-31,M-north-73,73,1,M,north,6309.7,453,0.0717944,2017-06-30T09:00:00Z
2016-12-31,M-north-74,74,1,M,north,6475.8,519,0.0801442,2017-06-30T09:00:00Z
2016-12-31,M-north-75,75,1,M,north,5853.8,528,0.0901978,2017-06-30T09:00:00Z
2016-12-31,M-north-76,76,1,M,north,5597.7,528,0.0943245,2017-06-30T09:00:00Z
2016-12-31,M-north-77,77,1,M,north,5830.6,630,0.1080505,2017-06-30T09:00:00Z
2016-12-31,M-north-78,78,1,M,north,5573.1,672,0.1205794,2017-06-30T09:00:00Z
2016-12-31,M-north-79,79,1,M,north,4741.6,646,0.1362406,2017-06-30T09:00:00Z
2016-12-31,M-north-80,80,1,M,north,5114.5,758,0.1482062,2017-06-30T09:00:00Z
2016-12-31,M-north-81,81,1,M,north,5018.2,831,0.1655959,2017-06-30T09:00:00Z
2016-12-31,M-north-82,82,1,M,north,4292.1,838,0.1952415,2017-06-30T09:00:00Z
2016-12-31,M-north-83,83,1,M,north,4801.1,970,0.2020375,2017-06-30T09:00:00Z
2016-12-31,M-north-84,84,1,M,north,4427.4,1041,0.235125,2017-06-30T09:00:00Z
2016-12-31,M-north-85,85,1,M,north,3920.5,1034,0.263743,2017-06-30T09:00:00Z
2016-12-31,M-north-86,86,1,M,north,3875.7,1030,0.2657603,2017-06-30T09:00:00Z
2016-12-31,M-north-87,87,1,M,north,4015.7,1230,0.3063012,2017-06-30T09:00:00Z
2016-12-31,M-north-88,88,1,M,north,3990.8,1388,0.3478025,2017-06-30T09:00:00Z
2016-12-31,M-north-89,89,1,M,north,3321.7,1324,0.3985906,2017-06-30T09:00:00Z
2016-12-31,M-north-90,90,1,M,north,3820.7,1677,0.438923,2017-06-30T09:00:00Z
2016-12-31,M-north-91,91,1,M,north,3049.0,1439,0.4719577,2017-06-30T09:00:00Z
2016-12-31,M-north-92,92,1,M,north,3330.5,1749,0.5251439,2017-06-30T09:00:00Z
2016-12-31,M-north-93,93,1,M,north,3239.9,1888,0.5827404,2017-06-30T09:00:00Z
2016-12-31,M-north-94,94,1,M,north,2912.7,1871,0.6423549,2017-06-30T09:00:00Z
2016-12-31,M-north-95,95,1,M,north,2712.3,2077,0.7657775,2017-06-30T09:00:00Z
2016-12-31,M-central-40,40,1,M,central,20907.8,42,0.0020088,2017-06-30T09:00:00Z
2016-12-31,M-central-41,41,1,M,central,20228.2,57,0.0028178,2017-06-30T09:00:00Z
2016-12-31,M-central-42,42,1,M,central,17949.8,53,0.0029527,2017-06-30T09:00:00Z
2016-12-31,M-central-43,43,1,M,central,18581.1,55,0.00296,2017-06-30T09:00:00Z
2016-12-31,M-central-44,44,1,M,central,18555.2,59,0.0031797,2017-06-30T09:00:00Z
2016-12-31,M-central-45,45,1,M,central,15657.7,69,0.0044068,2017-06-30T09:00:00Z
2016-12-31,M-central-46,46,1,M,central,15351.2,64,0.0041691,2017-06-30T09:00:00Z
2016-12-31,M-central-47,47,1,M,central,15168.4,61,0.0040215,2017-06-30T09:00:00Z
2016-12-31,M-central-48,48,1,M,central,16581.6,107,0.0064529,2017-06-30T09:00:00Z
2016-12-31,M-central-49,49,1,M,central,13559.5,66,0.0048674,2017-06-30T09:00:00Z
2016-12-31,M-central-50,50,1,M,central,13352.4,94,0.00704,2017-06-30T09:00:00Z
2016-12-31,M-central-51,51,1,M,central,14828.3,129,0.0086996,2017-06-30T09:00:00Z
2016-12-31,M-central-52,52,1,M,central,14025.4,118,0.0084133,2017-06-30T09:00:00Z
2016-12-31,M-central-53,53,1,M,central,12106.1,110,0.0090863,2017-06-30T09:00:00Z
2016-12-31,M-central-54,54,1,M,central,12431.1,119,0.0095727,2017-06-30T09:00:00Z
2016-12-31,M-central-55,55,1,M,central,12598.1,126,0.0100015,2017-06-30T09:00:00Z
2016-12-31,M-central-56,56,1,M,central,10534.5,144,0.0136693,2017-06-30T09:00:00Z
2016-12-31,M-central-57,57,1,M,central,9947.2,140,0.0140743,2017-06-30T09:00:00Z
2016-12-31,M-central-58,58,1,M,central,10682.3,158,0.0147909,2017-06-30T09:00:00Z
2016-12-31,M-central-59,59,1,M,central,10778.0,170,0.0157729,2017-06-30T09:00:00Z
2016-12-31,M-central-60,60,1,M,central,9704.6,162,0.0166931,2017-06-30T09:00:00Z
2016-12-31,M-central-61,61,1,M,central,9988.1,197,0.0197234,2017-06-30T09:00:00Z
2016-12-31,M-central-62,62,1,M,central,10173.4,207,0.0203472,2017-06-30T09:00:00Z
2016-12-31,M-central-63,63,1,M,central,8115.2,219,0.0269863,2017-06-30T09:00:00Z
2016-12-31,M-central-64,64,1,M,central,8605.6,252,0.0292832,2017-06-30T09:00:00Z
2016-12-31,M-central-65,65,1,M,central,8020.3,230,0.0286772,2017-06-30T09:00:00Z
2016-12-31,M-central-66,66,1,M,central,7528.7,228,0.0302843,2017-06-30T09:00:00Z
2016-12-31,M-central-67,67,1,M,central,7195.0,283,0.0393326,2017-06-30T09:00:00Z
2016-12-31,M-central-68,68,1,M,central,8033.9,297,0.0369683,2017-06-30T09:00:00Z
2016-12-31,M-central-69,69,1,M,central,7102.7,295,0.0415335,2017-06-30T09:00:00Z
2016-12-31,M-central-70,70,1,M,central,7696.6,399,0.0518414,2017-06-30T09:00:00Z
2016-12-31,M-central-71,71,1,M,central,7419.2,427,0.0575531,2017-06-30T09:00:00Z
2016-12-31,M-central-72,72,1,M,central,6796.5,408,0.0600309,2017-06-30T09:00:00Z
2016-12-31,M-central-73,73,1,M,central,6192.9,435,0.0702414,2017-06-30T09:00:00Z
2016-12-31,M-central-74,74,1,M,central,5706.8,420,0.0735962,2017-06-30T09:00:00Z
2016-12-31,M-central-75,75,1,M,central,5872.7,507,0.0863322,2017-06-30T09:00:00Z
2016-12-31,M-central-76,76,1,M,central,5338.5,514,0.096282,2017-06-30T09:00:00Z
2016-12-31,M-central-77,77,1,M,central,5669.2,604,0.1065413,2017-06-30T09:00:00Z
2016-12-31,M-central-78,78,1,M,central,4762.4,546,0.1146489,2017-06-30T09:00:00Z
2016-12-31,M-central-79,79,1,M,central,5373.0,700,0.1302817,2017-06-30T09:00:00Z
2016-12-31,M-central-80,80,1,M,central,5320.1,745,0.1400339,2017-06-30T09:00:00Z
2016-12-31,M-central-81,81,1,M,central,5119.4,808,0.1578314,2017-06-30T09:00:00Z
2016-12-31,M-central-82,82,1,M,central,4258.4,717,0.1683712,2017-06-30T09:00:00Z
2016-12-31,M-central-83,83,1,M,central,4305.1,848,0.1969774,2017-06-30T09:00:00Z
2016-12-31,M-central-84,84,1,M,central,4506.1,999,0.2216997,2017-06-30T09:00:00Z
2016-12-31,M-central-85,85,1,M,central,4131.4,997,0.241321,2017-06-30T09:00:00Z
2016-12-31,M-central-86,86,1,M,central,3997.3,1040,0.260175,2017-06-30T09:00:00Z
2016-12-31,M-central-87,87,1,M,central,3648.3,1060,0.2905478,2017-06-30T09:00:00Z
2016-12-31,M-central-88,88,1,M,central,4007.9,1343,0.3350892,2017-06-30T09:00:00Z
2016-12-31,M-central-89,89,1,M,central,3566.7,1315,0.368686,2017-06-30T09:00:00Z
2016-12-31,M-central-90,90,1,M,central,3334.7,1392,0.4174326,2017-06-30T09:00:00Z
2016-12-31,M-central-91,91,1,M,central,3339.0,1455,0.4357537,2017-06-30T09:00:00Z
2016-12-31,M-central-92,92,1,M,central,3139.4,1578,0.5026433,2017-06-30T09:00:00Z
2016-12-31,M-central-93,93,1,M,central,2936.9,1649,0.5614694,2017-06-30T09:00:00Z
2016-12-31,M-central-94,94,1,M,central,2811.0,1763,0.6271868,2017-06-30T09:00:00Z
2016-12-31,M-central-95,95,1,M,central,2880.3,1983,0.6884682,2017-06-30T09:00:00Z
2016-12-31,M-south-40,40,1,M,south,21893.1,48,0.0021925,2017-06-30T09:00:00Z
2016-12-31,M-south-41,41,1,M,south,20143.1,49,0.0024326,2017-06-30T09:00:00Z
2016-12-31,M-south-42,42,1,M,south,20299.4,78,0.0038425,2017-06-30T09:00:00Z
2016-12-31,M-south-43,43,1,M,south,18736.4,61,0.0032557,2017-06-30T09:00:00Z
2016-12-31,M-south-44,44,1,M,south,17917.3,78,0.0043533,2017-06-30T09:00:00Z
2016-12-31,M-south-45,45,1,M,south,17144.5,70,0.0040829,2017-06-30T09:00:00Z
2016-12-31,M-south-46,46,1,M,south,17349.2,78,0.0044959,2017-06-30T09:00:00Z
2016-12-31,M-south-47,47,1,M,south,14090.2,57,0.0040454,2017-06-30T09:00:00Z
2016-12-31,M-south-48,48,1,M,south,13726.9,74,0.0053909,2017-06-30T09:00:00Z
2016-12-31,M-south-49,49,1,M,south,13770.8,85,0.0061725,2017-06-30T09:00:00Z
2016-12-31,M-south-50,50,1,M,south,13989.2,81,0.0057902,2017-06-30T09:00:00Z
2016-12-31,M-south-51,51,1,M,south,12527.0,88,0.0070248,2017-06-30T09:00:00Z
2016-12-31,M-south-52,52,1,M,south,14099.6,124,0.0087946,2017-06-30T09:00:00Z
2016-12-31,M-south-53,53,1,M,south,13648.1,112,0.0082063,2017-06-30T09:00:00Z
2016-12-31,M-south-54,54,1,M,south,12698.6,124,0.0097649,2017-06-30T09:00:00Z
2016-12-31,M-south-55,55,1,M,south,11936.8,103,0.0086288,2017-06-30T09:00:00Z
2016-12-31,M-south-56,56,1,M,south,10881.7,106,0.0097412,2017-06-30T09:00:00Z
2016-12-31,M-south-57,57,1,M,south,11083.7,133,0.0119996,2017-06-30T09:00:00Z
2016-12-31,M-south-58,58,1,M,south,10176.4,165,0.0162139,2017-06-30T09:00:00Z
2016-12-31,M-south-59,59,1,M,south,11225.7,189,0.0168364,2017-06-30T09:00:00Z
2016-12-31,M-south-60,60,1,M,south,9318.0,155,0.0166344,2017-06-30T09:00:00Z
2016-12-31,M-south-61,61,1,M,south,9176.0,173,0.0188536,2017-06-30T09:00:00Z
2016-12-31,M-south-62,62,1,M,south,8456.0,149,0.0176206,2017-06-30T09:00:00Z
2016-12-31,M-south-63,63,1,M,south,8204.6,185,0.0225484,2017-06-30T09:00:00Z
2016-12-31,M-south-64,64,1,M,south,8920.6,258,0.0289218,2017-06-30T09:00:00Z
2016-12-31,M-south-65,65,1,M,south,8183.4,229,0.0279835,2017-06-30T09:00:00Z
2016-12-31,M-south-66,66,1,M,south,8849.9,287,0.0324299,2017-06-30T09:00:00Z
2016-12-31,M-south-67,67,1,M,south,7261.7,277,0.0381453,2017-06-30T09:00:00Z
2016-12-31,M-south-68,68,1,M,south,6893.9,280,0.0406159,2017-06-30T09:00:00Z
2016-12-31,M-south-69,69,1,M,south,6604.6,295,0.0446662,2017-06-30T09:00:00Z
2016-12-31,M-south-70,70,1,M,south,7006.4,335,0.0478135,2017-06-30T09:00:00Z
2016-12-31,M-south-71,71,1,M,south,7319.5,372,0.0508231,2017-06-30T09:00:00Z
2016-12-31,M-south-72,72,1,M,south,7023.7,393,0.0559537,2017-06-30T09:00:00Z
2016-12-31,M-south-73,73,1,M,south,6638.6,440,0.0662792,2017-06-30T09:00:00Z
2016-12-31,M-south-74,74,1,M,south,6318.7,463,0.073275,2017-06-30T09:00:00Z
2016-12-31,M-south-75,75,1,M,south,6249.8,482,0.0771224,2017-06-30T09:00:00Z
2016-12-31,M-south-76,76,1,M,south,5333.6,491,0.0920575,2017-06-30T09:00:00Z
2016-12-31,M-south-77,77,1,M,south,5887.7,572,0.0971518,2017-06-30T09:00:00Z
2016-12-31,M-south-78,78,1,M,south,5110.7,559,0.1093794,2017-06-30T09:00:00Z
2016-12-31,M-south-79,79,1,M,south,5113.7,641,0.1253499,2017-06-30T09:00:00Z
2016-12-31,M-south-80,80,1,M,south,5209.5,747,0.1433919,2017-06-30T09:00:00Z
2016-12-31,M-south-81,81,1,M,south,4754.7,726,0.1526901,2017-06-30T09:00:00Z
2016-12-31,M-south-82,82,1,M,south,4222.0,726,0.1719561,2017-06-30T09:00:00Z
2016-12-31,M-south-83,83,1,M,south,4772.0,910,0.1906939,2017-06-30T09:00:00Z
2016-12-31,M-south-84,84,1,M,south,4452.7,935,0.2099865,2017-06-30T09:00:00Z
2016-12-31,M-south-85,85,1,M,south,4129.6,988,0.2392472,2017-06-30T09:00:00Z
2016-12-31,M-south-86,86,1,M,south,4157.6,1005,0.2417255,2017-06-30T09:00:00Z
2016-12-31,M-south-87,87,1,M,south,4140.9,1131,0.2731311,2017-06-30T09:00:00Z
2016-12-31,M-south-88,88,1,M,south,3933.4,1300,0.3305032,2017-06-30T09:00:00Z
2016-12-31,M-south-89,89,1,M,south,3487.8,1211,0.3472101,2017-06-30T09:00:00Z
2016-12-31,M-south-90,90,1,M,south,3422.7,1270,0.3710475,2017-06-30T09:00:00Z
2016-12-31,M-south-91,91,1,M,south,3624.1,1520,0.4194094,2017-06-30T09:00:00Z
2016-12-31,M-south-92,92,1,M,south,2956.6,1380,0.4667462,2017-06-30T09:00:00Z
2016-12-31,M-south-93,93,1,M,south,3335.3,1773,0.5315936,2017-06-30T09:00:00Z
2016-12-31,M-south-94,94,1,M,south,3195.3,1887,0.5905617,2017-06-30T09:00:00Z
2016-12-31,M-south-95,95,1,M,south,3125.8,2000,0.6398296,2017-06-30T09:00:00Z
2016-12-31,F-north-40,40,1,F,north,19559.4,36,0.0018405,2017-06-30T09:00:00Z
2016-12-31,F-north-41,41,1,F,north,19406.6,36,0.001855,2017-06-30T09:00:00Z
2016-12-31,F-north-42,42,1,F,north,19045.6,45,0.0023628,2017-06-30T09:00:00Z
2016-12-31,F-north-43,43,1,F,north,17026.2,41,0.0024081,2017-06-30T09:00:00Z
2016-12-31,F-north-44,44,1,F,north,15917.8,40,0.0025129,2017-06-30T09:00:00Z
2016-12-31,F-north-45,45,1,F,north,17921.8,50,0.0027899,2017-06-30T09:00:00Z
2016-12-31,F-north-46,46,1,F,north,14958.9,31,0.0020723,2017-06-30T09:00:00Z
2016-12-31,F-north-47,47,1,F,north,16661.2,62,0.0037212,2017-06-30T09:00:00Z
2016-12-31,F-north-48,48,1,F,north,14213.2,59,0.0041511,2017-06-30T09:00:00Z
2016-12-31,F-north-49,49,1,F,north,14807.4,60,0.004052,2017-06-30T09:00:00Z
2016-12-31,F-north-50,50,1,F,north,13530.1,61,0.0045085,2017-06-30T09:00:00Z
2016-12-31,F-north-51,51,1,F,north,14241.6,67,0.0047045,2017-06-30T09:00:00Z
2016-12-31,F-north-52,52,1,F,north,14198.0,63,0.0044372,2017-06-30T09:00:00Z
2016-12-31,F-north-53,53,1,F,north,11704.9,65,0.0055532,2017-06-30T09:00:00Z
2016-12-31,F-north-54,54,1,F,north,12308.5,82,0.006662,2017-06-30T09:00:00Z
2016-12-31,F-north-55,55,1,F,north,11128.7,75,0.0067393,2017-06-30T09:00:00Z
2016-12-31,F-north-56,56,1,F,north,11040.6,75,0.0067931,2017-06-30T09:00:00Z
2016-12-31,F-north-57,57,1,F,north,10609.8,85,0.0080114,2017-06-30T09:00:00Z
2016-12-31,F-north-58,58,1,F,north,9954.0,95,0.0095439,2017-06-30T09:00:00Z
2016-12-31,F-north-59,59,1,F,north,10661.5,115,0.0107865,2017-06-30T09:00:00Z
2016-12-31,F-north-60,60,1,F,north,9155.8,97,0.0105944,2017-06-30T09:00:00Z
2016-12-31,F-north-61,61,1,F,north,8792.3,107,0.0121697,2017-06-30T09:00:00Z
2016-12-31,F-north-62,62,1,F,north,10145.7,149,0.014686,2017-06-30T09:00:00Z
2016-12-31,F-north-63,63,1,F,north,8791.1,135,0.0153565,2017-06-30T09:00:00Z
2016-12-31,F-north-64,64,1,F,north,8175.3,136,0.0166354,2017-06-30T09:00:00Z
2016-12-31,F-north-65,65,1,F,north,7891.0,147,0.0186288,2017-06-30T09:00:00Z
2016-12-31,F-north-66,66,1,F,north,8112.5,166,0.0204621,2017-06-30T09:00:00Z
2016-12-31,F-north-67,67,1,F,north,7529.4,183,0.0243047,2017-06-30T09:00:00Z
2016-12-31,F-north-68,68,1,F,north,7381.6,205,0.0277718,2017-06-30T09:00:00Z
2016-12-31,F-north-69,69,1,F,north,7584.1,221,0.0291401,2017-06-30T09:00:00Z
2016-12-31,F-north-70,70,1,F,north,7318.8,217,0.0296499,2017-06-30T09:00:00Z
2016-12-31,F-north-71,71,1,F,north,6347.1,255,0.0401761,2017-06-30T09:00:00Z
2016-12-31,F-north-72,72,1,F,north,6131.1,235,0.0383294,2017-06-30T09:00:00Z
2016-12-31,F-north-73,73,1,F,north,6078.0,225,0.0370186,2017-06-30T09:00:00Z
2016-12-31,F-north-74,74,1,F,north,6142.5,308,0.0501422,2017-06-30T09:00:00Z
2016-12-31,F-north-75,75,1,F,north,6128.5,351,0.0572736,2017-06-30T09:00:00Z
2016-12-31,F-north-76,76,1,F,north,5518.2,324,0.0587145,2017-06-30T09:00:00Z
2016-12-31,F-north-77,77,1,F,north,5134.5,348,0.0677773,2017-06-30T09:00:00Z
2016-12-31,F-north-78,78,1,F,north,5741.8,400,0.069665,2017-06-30T09:00:00Z
2016-12-31,F-north-79,79,1,F,north,5276.8,445,0.0843309,2017-06-30T09:00:00Z
2016-12-31,F-north-80,80,1,F,north,5024.3,444,0.0883703,2017-06-30T09:00:00Z
2016-12-31,F-north-81,81,1,F,north,4939.7,482,0.097577,2017-06-30T09:00:00Z
2016-12-31,F-north-82,82,1,F,north,4541.1,528,0.1162724,2017-06-30T09:00:00Z
2016-12-31,F-north-83,83,1,F,north,4101.2,535,0.1304486,2017-06-30T09:00:00Z
2016-12-31,F-north-84,84,1,F,north,4615.4,678,0.146901,2017-06-30T09:00:00Z
2016-12-31,F-north-85,85,1,F,north,3861.2,591,0.1530617,2017-06-30T09:00:00Z
2016-12-31,F-north-86,86,1,F,north,3774.4,636,0.1685046,2017-06-30T09:00:00Z
2016-12-31,F-north-87,87,1,F,north,4095.7,765,0.1867797,2017-06-30T09:00:00Z
2016-12-31,F-north-88,88,1,F,north,3907.4,788,0.2016681,2017-06-30T09:00:00Z
2016-12-31,F-north-89,89,1,F,north,3294.9,784,0.2379435,2017-06-30T09:00:00Z
2016-12-31,F-north-90,90,1,F,north,3509.8,931,0.265257,2017-06-30T09:00:00Z
2016-12-31,F-north-91,91,1,F,north,3432.5,945,0.2753072,2017-06-30T09:00:00Z
2016-12-31,F-north-92,92,1,F,north,3279.9,1050,0.3201309,2017-06-30T09:00:00Z
2016-12-31,F-north-93,93,1,F,north,3281.2,1166,0.3553628,2017-06-30T09:00:00Z
2016-12-31,F-north-94,94,1,F,north,2906.1,1161,0.3995057,2017-06-30T09:00:00Z
2016-12-31,F-north-95,95,1,F,north,2995.7,1285,0.4289548,2017-06-30T09:00:00Z
2016-12-31,F-central-40,40,1,F,central,19340.0,26,0.0013444,2017-06-30T09:00:00Z
2016-12-31,F-central-41,41,1,F,central,19575.5,44,0.0022477,2017-06-30T09:00:00Z
2016-12-31,F-central-42,42,1,F,central,17108.1,27,0.0015782,2017-06-30T09:00:00Z
2016-12-31,F-central-43,43,1,F,central,19777.4,43,0.0021742,2017-06-30T09:00:00Z
2016-12-31,F-central-44,44,1,F,central,17620.7,47,0.0026673,2017-06-30T09:00:00Z
2016-12-31,F-central-45,45,1,F,central,18241.2,47,0.0025766,2017-06-30T09:00:00Z
2016-12-31,F-central-46,46,1,F,central,16123.7,49,0.003039,2017-06-30T09:00:00Z
2016-12-31,F-central-47,47,1,F,central,14604.5,48,0.0032867,2017-06-30T09:00:00Z
2016-12-31,F-central-48,48,1,F,central,14333.3,53,0.0036977,2017-06-30T09:00:00Z
2016-12-31,F-central-49,49,1,F,central,13579.7,55,0.0040502,2017-06-30T09:00:00Z
2016-12-31,F-central-50,50,1,F,central,14042.5,57,0.0040591,2017-06-30T09:00:00Z
2016-12-31,F-central-51,51,1,F,central,12598.3,61,0.0048419,2017-06-30T09:00:00Z
2016-12-31,F-central-52,52,1,F,central,12563.3,60,0.0047758,2017-06-30T09:00:00Z
2016-12-31,F-central-53,53,1,F,central,11992.1,62,0.0051701,2017-06-30T09:00:00Z
2016-12-31,F-central-54,54,1,F,central,11728.4,72,0.006139,2017-06-30T09:00:00Z
2016-12-31,F-central-55,55,1,F,central,12190.5,81,0.0066445,2017-06-30T09:00:00Z
2016-12-31,F-central-56,56,1,F,central,11752.0,98,0.008339,2017-06-30T09:00:00Z
2016-12-31,F-central-57,57,1,F,central,12066.9,102,0.0084529,2017-06-30T09:00:00Z
2016-12-31,F-central-58,58,1,F,central,10291.8,84,0.0081618,2017-06-30T09:00:00Z
2016-12-31,F-central-59,59,1,F,central,9818.1,100,0.0101852,2017-06-30T09:00:00Z
2016-12-31,F-central-60,60,1,F,central,9521.1,102,0.0107131,2017-06-30T09:00:00Z
2016-12-31,F-central-61,61,1,F,central,9273.1,98,0.0105682,2017-06-30T09:00:00Z
2016-12-31,F-central-62,62,1,F,central,9833.1,128,0.0130173,2017-06-30T09:00:00Z
2016-12-31,F-central-63,63,1,F,central,9814.0,125,0.012737,2017-06-30T09:00:00Z
2016-12-31,F-central-64,64,1,F,central,9260.7,158,0.0170613,2017-06-30T09:00:00Z
2016-12-31,F-central-65,65,1,F,central,7919.6,115,0.0145209,2017-06-30T09:00:00Z
2016-12-31,F-central-66,66,1,F,central,7967.5,148,0.0185755,2017-06-30T09:00:00Z
2016-12-31,F-central-67,67,1,F,central,7059.6,157,0.0222393,2017-06-30T09:00:00Z
2016-12-31,F-central-68,68,1,F,central,7199.6,176,0.0244459,2017-06-30T09:00:00Z
2016-12-31,F-central-69,69,1,F,central,7298.1,204,0.0279526,2017-06-30T09:00:00Z
2016-12-31,F-central-70,70,1,F,central,7469.8,196,0.026239,2017-06-30T09:00:00Z
2016-12-31,F-central-71,71,1,F,central,6161.9,214,0.0347296,2017-06-30T09:00:00Z
2016-12-31,F-central-72,72,1,F,central,6669.5,256,0.0383838,2017-06-30T09:00:00Z
2016-12-31,F-central-73,73,1,F,central,6339.9,261,0.0411679,2017-06-30T09:00:00Z
2016-12-31,F-central-74,74,1,F,central,6588.9,315,0.0478077,2017-06-30T09:00:00Z
2016-12-31,F-central-75,75,1,F,central,6440.6,315,0.0489088,2017-06-30T09:00:00Z
2016-12-31,F-central-76,76,1,F,central,5123.5,311,0.0607007,2017-06-30T09:00:00Z
2016-12-31,F-central-77,77,1,F,central,5145.2,305,0.059279,2017-06-30T09:00:00Z
2016-12-31,F-central-78,78,1,F,central,4940.1,344,0.0696347,2017-06-30T09:00:00Z
2016-12-31,F-central-79,79,1,F,central,5303.2,431,0.0812719,2017-06-30T09:00:00Z
2016-12-31,F-central-80,80,1,F,central,5032.4,414,0.0822676,2017-06-30T09:00:00Z
2016-12-31,F-central-81,81,1,F,central,5081.2,457,0.0899389,2017-06-30T09:00:00Z
2016-12-31,F-central-82,82,1,F,central,4608.1,510,0.110675,2017-06-30T09:00:00Z
2016-12-31,F-central-83,83,1,F,central,4883.5,575,0.1177423,2017-06-30T09:00:00Z
2016-12-31,F-central-84,84,1,F,central,3996.4,520,0.1301167,2017-06-30T09:00:00Z
2016-12-31,F-central-85,85,1,F,central,4119.7,614,0.1490389,2017-06-30T09:00:00Z
2016-12-31,F-central-86,86,1,F,central,4165.3,642,0.1541319,2017-06-30T09:00:00Z
2016-12-31,F-central-87,87,1,F,central,4014.5,725,0.1805934,2017-06-30T09:00:00Z
2016-12-31,F-central-88,88,1,F,central,4049.6,786,0.1940945,2017-06-30T09:00:00Z
2016-12-31,F-central-89,89,1,F,central,3749.0,844,0.2251264,2017-06-30T09:00:00Z
2016-12-31,F-central-90,90,1,F,central,3446.7,801,0.2323995,2017-06-30T09:00:00Z
2016-12-31,F-central-91,91,1,F,central,3348.8,902,0.2693476,2017-06-30T09:00:00Z
2016-12-31,F-central-92,92,1,F,central,3431.2,1022,0.2978572,2017-06-30T09:00:00Z
2016-12-31,F-central-93,93,1,F,central,3290.9,1108,0.3366903,2017-06-30T09:00:00Z
2016-12-31,F-central-94,94,1,F,central,2948.4,1112,0.3771521,2017-06-30T09:00:00Z
2016-12-31,F-central-95,95,1,F,central,2974.9,1260,0.4235491,2017-06-30T09:00:00Z
2016-12-31,F-south-40,40,1,F,south,20550.8,32,0.0015571,2017-06-30T09:00:00Z
2016-12-31,F-south-41,41,1,F,south,19518.6,36,0.0018444,2017-06-30T09:00:00Z
2016-12-31,F-south-42,42,1,F,south,20326.8,39,0.0019187,2017-06-30T09:00:00Z
2016-12-31,F-south-43,43,1,F,south,19124.2,45,0.002353,2017-06-30T09:00:00Z
2016-12-31,F-south-44,44,1,F,south,15860.2,30,0.0018915,2017-06-30T09:00:00Z
2016-12-31,F-south-45,45,1,F,south,17757.3,49,0.0027594,2017-06-30T09:00:00Z
2016-12-31,F-south-46,46,1,F,south,17616.2,38,0.0021571,2017-06-30T09:00:00Z
2016-12-31,F-south-47,47,1,F,south,15903.4,39,0.0024523,2017-06-30T09:00:00Z
2016-12-31,F-south-48,48,1,F,south,15892.6,60,0.0037754,2017-06-30T09:00:00Z
2016-12-31,F-south-49,49,1,F,south,14327.7,47,0.0032803,2017-06-30T09:00:00Z
2016-12-31,F-south-50,50,1,F,south,14877.3,68,0.0045707,2017-06-30T09:00:00Z
2016-12-31,F-south-51,51,1,F,south,14452.8,66,0.0045666,2017-06-30T09:00:00Z
2016-12-31,F-south-52,52,1,F,south,12533.2,49,0.0039096,2017-06-30T09:00:00Z
2016-12-31,F-south-53,53,1,F,south,11962.2,68,0.0056846,2017-06-30T09:00:00Z
2016-12-31,F-south-54,54,1,F,south,13077.0,66,0.005047,2017-06-30T09:00:00Z
2016-12-31,F-south-55,55,1,F,south,12054.6,100,0.0082956,2017-06-30T09:00:00Z
2016-12-31,F-south-56,56,1,F,south,12021.8,84,0.0069873,2017-06-30T09:00:00Z
2016-12-31,F-south-57,57,1,F,south,11438.2,86,0.0075187,2017-06-30T09:00:00Z
2016-12-31,F-south-58,58,1,F,south,11105.8,81,0.0072935,2017-06-30T09:00:00Z
2016-12-31,F-south-59,59,1,F,south,9382.3,78,0.0083135,2017-06-30T09:00:00Z
2016-12-31,F-south-60,60,1,F,south,9265.1,118,0.012736,2017-06-30T09:00:00Z
2016-12-31,F-south-61,61,1,F,south,9109.0,112,0.0122955,2017-06-30T09:00:00Z
2016-12-31,F-south-62,62,1,F,south,9147.1,111,0.012135,2017-06-30T09:00:00Z
2016-12-31,F-south-63,63,1,F,south,8949.4,137,0.0153083,2017-06-30T09:00:00Z
2016-12-31,F-south-64,64,1,F,south,8762.5,120,0.0136947,2017-06-30T09:00:00Z
2016-12-31,F-south-65,65,1,F,south,7825.6,130,0.0166121,2017-06-30T09:00:00Z
2016-12-31,F-south-66,66,1,F,south,7816.4,130,0.0166317,2017-06-30T09:00:00Z
2016-12-31,F-south-67,67,1,F,south,8314.7,189,0.0227308,2017-06-30T09:00:00Z
2016-12-31,F-south-68,68,1,F,south,7716.9,206,0.0266946,2017-06-30T09:00:00Z
2016-12-31,F-south-69,69,1,F,south,7155.1,195,0.0272534,2017-06-30T09:00:00Z
2016-12-31,F-south-70,70,1,F,south,7438.3,208,0.0279634,2017-06-30T09:00:00Z
2016-12-31,F-south-71,71,1,F,south,6146.4,190,0.0309123,2017-06-30T09:00:00Z
2016-12-31,F-south-72,72,1,F,south,6137.0,204,0.0332409,2017-06-30T09:00:00Z
2016-12-31,F-south-73,73,1,F,south,5932.1,202,0.0340521,2017-06-30T09:00:00Z
2016-12-31,F-south-74,74,1,F,south,5891.8,256,0.0434504,2017-06-30T09:00:00Z
2016-12-31,F-south-75,75,1,F,south,5490.0,281,0.0511842,2017-06-30T09:00:00Z
2016-12-31,F-south-76,76,1,F,south,5904.0,306,0.0518296,2017-06-30T09:00:00Z
2016-12-31,F-south-77,77,1,F,south,5757.5,356,0.0618325,2017-06-30T09:00:00Z
2016-12-31,F-south-78,78,1,F,south,5678.1,384,0.0676285,2017-06-30T09:00:00Z
2016-12-31,F-south-79,79,1,F,south,5345.2,387,0.0724012,2017-06-30T09:00:00Z
2016-12-31,F-south-80,80,1,F,south,4761.2,364,0.0764512,2017-06-30T09:00:00Z
2016-12-31,F-south-81,81,1,F,south,4665.5,456,0.0977383,2017-06-30T09:00:00Z
2016-12-31,F-south-82,82,1,F,south,4143.8,447,0.1078717,2017-06-30T09:00:00Z
2016-12-31,F-south-83,83,1,F,south,4473.9,497,0.111089,2017-06-30T09:00:00Z
2016-12-31,F-south-84,84,1,F,south,4279.5,529,0.1236138,2017-06-30T09:00:00Z
2016-12-31,F-south-85,85,1,F,south,4147.0,580,0.1398615,2017-06-30T09:00:00Z
2016-12-31,F-south-86,86,1,F,south,4158.2,630,0.1515061,2017-06-30T09:00:00Z
2016-12-31,F-south-87,87,1,F,south,3915.2,625,0.1596348,2017-06-30T09:00:00Z
2016-12-31,F-south-88,88,1,F,south,3926.0,728,0.1854286,2017-06-30T09:00:00Z
2016-12-31,F-south-89,89,1,F,south,3370.6,684,0.2029285,2017-06-30T09:00:00Z
2016-12-31,F-south-90,90,1,F,south,3137.1,687,0.2189917,2017-06-30T09:00:00Z
2016-12-31,F-south-91,91,1,F,south,3060.9,789,0.2577705,2017-06-30T09:00:00Z
2016-12-31,F-south-92,92,1,F,south,3433.4,1030,0.2999983,2017-06-30T09:00:00Z
2016-12-31,F-south-93,93,1,F,south,3177.6,981,0.3087272,2017-06-30T09:00:00Z
2016-12-31,F-south-94,94,1,F,south,2728.8,947,0.3470376,2017-06-30T09:00:00Z
2016-12-31,F-south-95,95,1,F,south,3077.0,1241,0.4033163,2017-06-30T09:00:00Z
2017-12-31,M-north-40,40,2,M,north,20268.9,55,0.0027135,2018-06-30T09:00:00Z
2017-12-31,M-north-41,41,2,M,north,17838.7,58,0.0032514,2018-06-30T09:00:00Z
2017-12-31,M-north-42,42,2,M,north,18034.4,59,0.0032715,2018-06-30T09:00:00Z
2017-12-31,M-north-43,43,2,M,north,18324.7,60,0.0032743,2018-06-30T09:00:00Z
2017-12-31,M-north-44,44,2,M,north,17808.2,54,0.0030323,2018-06-30T09:00:00Z
2017-12-31,M-north-45,45,2,M,north,15901.0,66,0.0041507,2018-06-30T09:00:00Z
2017-12-31,M-north-46,46,2,M,north,16507.8,81,0.0049068,2018-06-30T09:00:00Z
2017-12-31,M-north-47,47,2,M,north,15797.6,101,0.0063934,2018-06-30T09:00:00Z
2017-12-31,M-north-48,48,2,M,north,15733.6,100,0.0063558,2018-06-30T09:00:00Z
2017-12-31,M-north-49,49,2,M,north,13737.2,79,0.0057508,2018-06-30T09:00:00Z
2017-12-31,M-north-50,50,2,M,north,13716.1,94,0.0068533,2018-06-30T09:00:00Z
2017-12-31,M-north-51,51,2,M,north,13464.9,100,0.0074267,2018-06-30T09:00:00Z
2017-12-31,M-north-52,52,2,M,north,12878.3,102,0.0079203,2018-06-30T09:00:00Z
2017-12-31,M-north-53,53,2,M,north,11649.6,114,0.0097858,2018-06-30T09:00:00Z
2017-12-31,M-north-54,54,2,M,north,11384.9,135,0.0118578,2018-06-30T09:00:00Z
2017-12-31,M-north-55,55,2,M,north,12671.2,141,0.0111276,2018-06-30T09:00:00Z
2017-12-31,M-north-56,56,2,M,north,10699.5,130,0.0121501,2018-06-30T09:00:00Z
2017-12-31,M-north-57,57,2,M,north,9976.2,137,0.0137326,2018-06-30T09:00:00Z
2017-12-31,M-north-58,58,2,M,north,10163.7,146,0.0143648,2018-06-30T09:00:00Z
2017-12-31,M-north-59,59,2,M,north,9411.7,149,0.0158314,2018-06-30T09:00:00Z
2017-12-31,M-north-60,60,2,M,north,9809.7,179,0.0182472,2018-06-30T09:00:00Z
2017-12-31,M-north-61,61,2,M,north,9801.7,207,0.0211188,2018-06-30T09:00:00Z
2017-12-31,M-north-62,62,2,M,north,9774.3,215,0.0219965,2018-06-30T09:00:00Z
2017-12-31,M-north-63,63,2,M,north,9338.0,239,0.0255943,2018-06-30T09:00:00Z
2017-12-31,M-north-64,64,2,M,north,9493.1,304,0.0320232,2018-06-30T09:00:00Z
2017-12-31,M-north-65,65,2,M,north,7564.7,240,0.0317262,2018-06-30T09:00:00Z
2017-12-31,M-north-66,66,2,M,north,8551.0,318,0.0371885,2018-06-30T09:00:00Z
2017-12-31,M-north-67,67,2,M,north,8026.7,267,0.033264,2018-06-30T09:00:00Z
2017-12-31,M-north-68,68,2,M,north,7927.1,352,0.0444047,2018-06-30T09:00:00Z
2017-12-31,M-north-69,69,2,M,north,6719.5,328,0.048813,2018-06-30T09:00:00Z
2017-12-31,M-north-70,70,2,M,north,7278.3,385,0.0528968,2018-06-30T09:00:00Z
2017-12-31,M-north-71,71,2,M,north,6471.2,396,0.0611944,2018-06-30T09:00:00Z
2017-12-31,M-north-72,72,2,M,north,6444.1,444,0.0689004,2018-06-30T09:00:00Z
2017-12-31,M-north-73,73,2,M,north,5691.7,405,0.0711564,2018-06-30T09:00:00Z
2017-12-31,M-north-74,74,2,M,north,5959.1,483,0.0810523,2018-06-30T09:00:00Z
2017-12-31,M-north-75,75,2,M,north,6299.1,554,0.0879491,2018-06-30T09:00:00Z
2017-12-31,M-north-76,76,2,M,north,5830.6,557,0.0955312,2018-06-30T09:00:00Z
2017-12-31,M-north-77,77,2,M,north,4996.5,570,0.1140795,2018-06-30T09:00:00Z
2017-12-31,M-north-78,78,2,M,north,5547.1,633,0.1141145,2018-06-30T09:00:00Z
2017-12-31,M-north-79,79,2,M,north,5176.9,691,0.1334785,2018-06-30T09:00:00Z
2017-12-31,M-north-80,80,2,M,north,4887.9,723,0.1479166,2018-06-30T09:00:00Z
2017-12-31,M-north-81,81,2,M,north,4772.8,745,0.1560932,2018-06-30T09:00:00Z
2017-12-31,M-north-82,82,2,M,north,4321.3,803,0.1858237,2018-06-30T09:00:00Z
2017-12-31,M-north-83,83,2,M,north,4832.0,945,0.19557,2018-06-30T09:00:00Z
2017-12-31,M-north-84,84,2,M,north,4618.5,1074,0.2325426,2018-06-30T09:00:00Z
2017-12-31,M-north-85,85,2,M,north,4038.6,963,0.2384516,2018-06-30T09:00:00Z
2017-12-31,M-north-86,86,2,M,north,4286.0,1230,0.2869789,2018-06-30T09:00:00Z
2017-12-31,M-north-87,87,2,M,north,3490.8,1081,0.3096693,2018-06-30T09:00:00Z
2017-12-31,M-north-88,88,2,M,north,4035.2,1331,0.3298482,2018-06-30T09:00:00Z
2017-12-31,M-north-89,89,2,M,north,3866.7,1451,0.3752586,2018-06-30T09:00:00Z
2017-12-31,M-north-90,90,2,M,north,3707.5,1622,0.4374858,2018-06-30T09:00:00Z
2017-12-31,M-north-91,91,2,M,north,3314.7,1574,0.4748515,2018-06-30T09:00:00Z
2017-12-31,M-north-92,92,2,M,north,3351.6,1686,0.5030363,2018-06-30T09:00:00Z
2017-12-31,M-north-93,93,2,M,north,3206.6,1901,0.5928431,2018-06-30T09:00:00Z
2017-12-31,M-north-94,94,2,M,north,2959.3,1882,0.6359541,2018-06-30T09:00:00Z
2017-12-31,M-north-95,95,2,M,north,2718.4,2011,0.7397728,2018-06-30T09:00:00Z
2017-12-31,M-central-40,40,2,M,central,21783.1,71,0.0032594,2018-06-30T09:00:00Z
2017-12-31,M-central-41,41,2,M,central,19978.5,64,0.0032034,2018-06-30T09:00:00Z
2017-12-31,M-central-42,42,2,M,central,18272.2,69,0.0037762,2018-06-30T09:00:00Z
2017-12-31,M-central-43,43,2,M,central,16641.6,63,0.0037857,2018-06-30T09:00:00Z
2017-12-31,M-central-44,44,2,M,central,17927.7,73,0.0040719,2018-06-30T09:00:00Z
2017-12-31,M-central-45,45,2,M,central,16115.8,73,0.0045297,2018-06-30T09:00:00Z
2017-12-31,M-central-46,46,2,M,central,16939.7,67,0.0039552,2018-06-30T09:00:00Z
2017-12-31,M-central-47,47,2,M,central,14312.8,69,0.0048209,2018-06-30T09:00:00Z
2017-12-31,M-central-48,48,2,M,central,15312.2,91,0.005943,2018-06-30T09:00:00Z
2017-12-31,M-central-49,49,2,M,central,13850.7,82,0.0059203,2018-06-30T09:00:00Z
2017-12-31,M-central-50,50,2,M,central,15320.1,108,0.0070495,2018-06-30T09:00:00Z
2017-12-31,M-central-51,51,2,M,central,13241.1,105,0.0079299,2018-06-30T09:00:00Z
2017-12-31,M-central-52,52,2,M,central,13319.0,93,0.0069825,2018-06-30T09:00:00Z
2017-12-31,M-central-53,53,2,M,central,13145.9,117,0.0089001,2018-06-30T09:00:00Z
2017-12-31,M-central-54,54,2,M,central,11870.6,107,0.0090139,2018-06-30T09:00:00Z
2017-12-31,M-central-55,55,2,M,central,10812.9,110,0.0101731,2018-06-30T09:00:00Z
2017-12-31,M-central-56,56,2,M,central,10408.6,137,0.0131621,2018-06-30T09:00:00Z
2017-12-31,M-central-57,57,2,M,central,10242.4,130,0.0126923,2018-06-30T09:00:00Z
2017-12-31,M-central-58,58,2,M,central,10959.7,138,0.0125916,2018-06-30T09:00:00Z
2017-12-31,M-central-59,59,2,M,central,10905.0,165,0.0151307,2018-06-30T09:00:00Z
2017-12-31,M-central-60,60,2,M,central,9016.5,157,0.0174125,2018-06-30T09:00:00Z
2017-12-31,M-central-61,61,2,M,central,10529.9,220,0.0208928,2018-06-30T09:00:00Z
2017-12-31,M-central-62,62,2,M,central,8408.7,177,0.0210497,2018-06-30T09:00:00Z
2017-12-31,M-central-63,63,2,M,central,8523.0,204,0.0239353,2018-06-30T09:00:00Z
2017-12-31,M-central-64,64,2,M,central,8083.1,209,0.0258563,2018-06-30T09:00:00Z
2017-12-31,M-central-65,65,2,M,central,8818.5,279,0.031638,2018-06-30T09:00:00Z
2017-12-31,M-central-66,66,2,M,central,8124.9,275,0.0338466,2018-06-30T09:00:00Z
2017-12-31,M-central-67,67,2,M,central,7805.4,274,0.035104,2018-06-30T09:00:00Z
2017-12-31,M-central-68,68,2,M,central,6973.5,295,0.0423029,2018-06-30T09:00:00Z
2017-12-31,M-central-69,69,2,M,central,6756.4,285,0.0421822,2018-06-30T09:00:00Z
2017-12-31,M-central-70,70,2,M,central,7666.8,335,0.043695,2018-06-30T09:00:00Z
2017-12-31,M-central-71,71,2,M,central,6645.4,380,0.0571824,2018-06-30T09:00:00Z
2017-12-31,M-central-72,72,2,M,central,6140.9,367,0.0597628,2018-06-30T09:00:00Z
2017-12-31,M-central-73,73,2,M,central,6903.6,465,0.0673559,2018-06-30T09:00:00Z
2017-12-31,M-central-74,74,2,M,central,6320.0,489,0.0773738,2018-06-30T09:00:00Z
2017-12-31,M-central-75,75,2,M,central,6095.3,512,0.0839986,2018-06-30T09:00:00Z
2017-12-31,M-central-76,76,2,M,central,5286.0,477,0.0902388,2018-06-30T09:00:00Z
2017-12-31,M-central-77,77,2,M,central,5032.2,507,0.1007511,2018-06-30T09:00:00Z
2017-12-31,M-central-78,78,2,M,central,4875.4,570,0.116914,2018-06-30T09:00:00Z
2017-12-31,M-central-79,79,2,M,central,4870.2,602,0.1236082,2018-06-30T09:00:00Z
2017-12-31,M-central-80,80,2,M,central,5015.5,709,0.1413607,2018-06-30T09:00:00Z
2017-12-31,M-central-81,81,2,M,central,4947.9,788,0.1592605,2018-06-30T09:00:00Z
2017-12-31,M-central-82,82,2,M,central,5017.7,891,0.1775706,2018-06-30T09:00:00Z
2017-12-31,M-central-83,83,2,M,central,4299.3,817,0.1900307,2018-06-30T09:00:00Z
2017-12-31,M-central-84,84,2,M,central,3865.3,793,0.205157,2018-06-30T09:00:00Z
2017-12-31,M-central-85,85,2,M,central,4401.2,1043,0.2369794,2018-06-30T09:00:00Z
2017-12-31,M-central-86,86,2,M,central,4287.5,1123,0.2619214,2018-06-30T09:00:00Z
2017-12-31,M-central-87,87,2,M,central,3714.7,1097,0.2953153,2018-06-30T09:00:00Z
2017-12-31,M-central-88,88,2,M,central,3640.4,1154,0.3169964,2018-06-30T09:00:00Z
2017-12-31,M-central-89,89,2,M,central,3915.7,1380,0.3524291,2018-06-30T09:00:00Z
2017-12-31,M-central-90,90,2,M,central,3688.5,1474,0.3996197,2018-06-30T09:00:00Z
2017-12-31,M-central-91,91,2,M,central,3143.7,1394,0.4434329,2018-06-30T09:00:00Z
2017-12-31,M-central-92,92,2,M,central,3426.4,1684,0.4914847,2018-06-30T09:00:00Z
2017-12-31,M-central-93,93,2,M,central,2902.0,1549,0.5337708,2018-06-30T09:00:00Z
2017-12-31,M-central-94,94,2,M,central,3176.3,1907,0.6003912,2018-06-30T09:00:00Z
2017-12-31,M-central-95,95,2,M,central,2764.0,1898,0.6866841,2018-06-30T09:00:00Z
2017-12-31,M-south-40,40,2,M,south,18384.0,54,0.0029373,2018-06-30T09:00:00Z
2017-12-31,M-south-41,41,2,M,south,19406.5,55,0.0028341,2018-06-30T09:00:00Z
2017-12-31,M-south-42,42,2,M,south,17037.2,52,0.0030521,2018-06-30T09:00:00Z
2017-12-31,M-south-43,43,2,M,south,18731.8,53,0.0028294,2018-06-30T09:00:00Z
2017-12-31,M-south-44,44,2,M,south,18964.8,65,0.0034274,2018-06-30T09:00:00Z
2017-12-31,M-south-45,45,2,M,south,15640.3,59,0.0037723,2018-06-30T09:00:00Z
2017-12-31,M-south-46,46,2,M,south,15121.4,81,0.0053566,2018-06-30T09:00:00Z
2017-12-31,M-south-47,47,2,M,south,15007.7,79,0.005264,2018-06-30T09:00:00Z
2017-12-31,M-south-48,48,2,M,south,16333.4,84,0.0051428,2018-06-30T09:00:00Z
2017-12-31,M-south-49,49,2,M,south,14305.5,77,0.0053826,2018-06-30T09:00:00Z
2017-12-31,M-south-50,50,2,M,south,12930.5,80,0.0061869,2018-06-30T09:00:00Z
2017-12-31,M-south-51,51,2,M,south,13283.1,96,0.0072272,2018-06-30T09:00:00Z
2017-12-31,M-south-52,52,2,M,south,14061.3,100,0.0071117,2018-06-30T09:00:00Z
2017-12-31,M-south-53,53,2,M,south,13791.8,116,0.0084108,2018-06-30T09:00:00Z
2017-12-31,M-south-54,54,2,M,south,11593.3,105,0.0090569,2018-06-30T09:00:00Z
2017-12-31,M-south-55,55,2,M,south,11045.9,100,0.0090532,2018-06-30T09:00:00Z
2017-12-31,M-south-56,56,2,M,south,11186.9,120,0.0107268,2018-06-30T09:00:00Z
2017-12-31,M-south-57,57,2,M,south,10407.5,117,0.0112418,2018-06-30T09:00:00Z
2017-12-31,M-south-58,58,2,M,south,11268.8,150,0.0133111,2018-06-30T09:00:00Z
2017-12-31,M-south-59,59,2,M,south,11072.3,159,0.0143601,2018-06-30T09:00:00Z
2017-12-31,M-south-60,60,2,M,south,10199.3,189,0.0185307,2018-06-30T09:00:00Z
2017-12-31,M-south-61,61,2,M,south,8757.0,176,0.0200983,2018-06-30T09:00:00Z
2017-12-31,M-south-62,62,2,M,south,8566.4,180,0.0210124,2018-06-30T09:00:00Z
2017-12-31,M-south-63,63,2,M,south,9274.8,198,0.0213481,2018-06-30T09:00:00Z
2017-12-31,M-south-64,64,2,M,south,9403.5,247,0.0262668,2018-06-30T09:00:00Z
2017-12-31,M-south-65,65,2,M,south,9108.5,239,0.0262392,2018-06-30T09:00:00Z
2017-12-31,M-south-66,66,2,M,south,8659.4,269,0.0310645,2018-06-30T09:00:00Z
2017-12-31,M-south-67,67,2,M,south,7751.0,267,0.0344471,2018-06-30T09:00:00Z
2017-12-31,M-south-68,68,2,M,south,7280.1,221,0.0303569,2018-06-30T09:00:00Z
2017-12-31,M-south-69,69,2,M,south,6662.3,276,0.0414274,2018-06-30T09:00:00Z
2017-12-31,M-south-70,70,2,M,south,7449.0,351,0.0471207,2018-06-30T09:00:00Z
2017-12-31,M-south-71,71,2,M,south,7169.7,360,0.0502115,2018-06-30T09:00:00Z
2017-12-31,M-south-72,72,2,M,south,6917.7,408,0.0589794,2018-06-30T09:00:00Z
2017-12-31,M-south-73,73,2,M,south,5731.7,370,0.0645538,2018-06-30T09:00:00Z
2017-12-31,M-south-74,74,2,M,south,6658.7,518,0.0777928,2018-06-30T09:00:00Z
2017-12-31,M-south-75,75,2,M,south,6344.7,498,0.0784905,2018-06-30T09:00:00Z
2017-12-31,M-south-76,76,2,M,south,5521.7,489,0.0885593,2018-06-30T09:00:00Z
2017-12-31,M-south-77,77,2,M,south,5820.8,517,0.0888197,2018-06-30T09:00:00Z
2017-12-31,M-south-78,78,2,M,south,4851.7,574,0.1183085,2018-06-30T09:00:00Z
2017-12-31,M-south-79,79,2,M,south,5192.7,609,0.1172797,2018-06-30T09:00:00Z
2017-12-31,M-south-80,80,2,M,south,4751.0,628,0.1321817,2018-06-30T09:00:00Z
2017-12-31,M-south-81,81,2,M,south,5050.7,753,0.1490897,2018-06-30T09:00:00Z
2017-12-31,M-south-82,82,2,M,south,4353.3,688,0.1580421,2018-06-30T09:00:00Z
2017-12-31,M-south-83,83,2,M,south,4177.9,788,0.1886118,2018-06-30T09:00:00Z
2017-12-31,M-south-84,84,2,M,south,4396.9,895,0.203552,2018-06-30T09:00:00Z
2017-12-31,M-south-85,85,2,M,south,3941.9,928,0.2354186,2018-06-30T09:00:00Z
2017-12-31,M-south-86,86,2,M,south,4226.9,1077,0.2547974,2018-06-30T09:00:00Z
2017-12-31,M-south-87,87,2,M,south,4139.2,1155,0.2790392,2018-06-30T09:00:00Z
2017-12-31,M-south-88,88,2,M,south,3533.5,1055,0.2985744,2018-06-30T09:00:00Z
2017-12-31,M-south-89,89,2,M,south,3414.8,1175,0.3440914,2018-06-30T09:00:00Z
2017-12-31,M-south-90,90,2,M,south,3636.4,1423,0.3913198,2018-06-30T09:00:00Z
2017-12-31,M-south-91,91,2,M,south,3419.2,1431,0.4185208,2018-06-30T09:00:00Z
2017-12-31,M-south-92,92,2,M,south,3218.5,1545,0.4800336,2018-06-30T09:00:00Z
2017-12-31,M-south-93,93,2,M,south,3165.8,1698,0.536354,2018-06-30T09:00:00Z
2017-12-31,M-south-94,94,2,M,south,2882.6,1667,0.5782962,2018-06-30T09:00:00Z
2017-12-31,M-south-95,95,2,M,south,2875.1,1817,0.6319716,2018-06-30T09:00:00Z
2017-12-31,F-north-40,40,2,F,north,18844.5,30,0.001592,2018-06-30T09:00:00Z
2017-12-31,F-north-41,41,2,F,north,18259.3,43,0.002355,2018-06-30T09:00:00Z
2017-12-31,F-north-42,42,2,F,north,18842.8,42,0.002229,2018-06-30T09:00:00Z
2017-12-31,F-north-43,43,2,F,north,17596.4,45,0.0025573,2018-06-30T09:00:00Z
2017-12-31,F-north-44,44,2,F,north,16736.4,41,0.0024498,2018-06-30T09:00:00Z
2017-12-31,F-north-45,45,2,F,north,16436.4,44,0.002677,2018-06-30T09:00:00Z
2017-12-31,F-north-46,46,2,F,north,15745.7,48,0.0030485,2018-06-30T09:00:00Z
2017-12-31,F-north-47,47,2,F,north,14214.3,44,0.0030955,2018-06-30T09:00:00Z
2017-12-31,F-north-48,48,2,F,north,15695.6,42,0.0026759,2018-06-30T09:00:00Z
2017-12-31,F-north-49,49,2,F,north,15705.6,60,0.0038203,2018-06-30T09:00:00Z
2017-12-31,F-north-50,50,2,F,north,13286.8,69,0.0051931,2018-06-30T09:00:00Z
2017-12-31,F-north-51,51,2,F,north,13139.9,73,0.0055556,2018-06-30T09:00:00Z
2017-12-31,F-north-52,52,2,F,north,12344.4,65,0.0052655,2018-06-30T09:00:00Z
2017-12-31,F-north-53,53,2,F,north,11631.2,62,0.0053305,2018-06-30T09:00:00Z
2017-12-31,F-north-54,54,2,F,north,11120.0,82,0.0073741,2018-06-30T09:00:00Z
2017-12-31,F-north-55,55,2,F,north,12125.5,75,0.0061853,2018-06-30T09:00:00Z
2017-12-31,F-north-56,56,2,F,north,10619.7,76,0.0071565,2018-06-30T09:00:00Z
2017-12-31,F-north-57,57,2,F,north,10564.9,98,0.009276,2018-06-30T09:00:00Z
2017-12-31,F-north-58,58,2,F,north,10732.3,87,0.0081064,2018-06-30T09:00:00Z
2017-12-31,F-north-59,59,2,F,north,10146.2,118,0.0116299,2018-06-30T09:00:00Z
2017-12-31,F-north-60,60,2,F,north,10156.7,128,0.0126025,2018-06-30T09:00:00Z
2017-12-31,F-north-61,61,2,F,north,8860.5,101,0.0113988,2018-06-30T09:00:00Z
2017-12-31,F-north-62,62,2,F,north,8979.5,117,0.0130297,2018-06-30T09:00:00Z
2017-12-31,F-north-63,63,2,F,north,8306.2,126,0.0151693,2018-06-30T09:00:00Z
2017-12-31,F-north-64,64,2,F,north,7989.7,139,0.0173975,2018-06-30T09:00:00Z
2017-12-31,F-north-65,65,2,F,north,9159.9,168,0.0183409,2018-06-30T09:00:00Z
2017-12-31,F-north-66,66,2,F,north,7477.3,149,0.019927,2018-06-30T09:00:00Z
2017-12-31,F-north-67,67,2,F,north,8182.4,156,0.0190654,2018-06-30T09:00:00Z
2017-12-31,F-north-68,68,2,F,north,7990.0,177,0.0221527,2018-06-30T09:00:00Z
2017-12-31,F-north-69,69,2,F,north,6780.5,216,0.0318559,2018-06-30T09:00:00Z
2017-12-31,F-north-70,70,2,F,north,7154.3,215,0.0300519,2018-06-30T09:00:00Z
2017-12-31,F-north-71,71,2,F,north,7261.5,261,0.0359428,2018-06-30T09:00:00Z
2017-12-31,F-north-72,72,2,F,north,6851.2,284,0.0414526,2018-06-30T09:00:00Z
2017-12-31,F-north-73,73,2,F,north,6350.2,281,0.0442505,2018-06-30T09:00:00Z
2017-12-31,F-north-74,74,2,F,north,5837.1,291,0.0498534,2018-06-30T09:00:00Z
2017-12-31,F-north-75,75,2,F,north,5673.6,308,0.0542863,2018-06-30T09:00:00Z
2017-12-31,F-north-76,76,2,F,north,5914.1,334,0.0564753,2018-06-30T09:00:00Z
2017-12-31,F-north-77,77,2,F,north,5363.4,345,0.0643252,2018-06-30T09:00:00Z
2017-12-31,F-north-78,78,2,F,north,5387.4,435,0.0807442,2018-06-30T09:00:00Z
2017-12-31,F-north-79,79,2,F,north,5086.7,395,0.0776539,2018-06-30T09:00:00Z
2017-12-31,F-north-80,80,2,F,north,4951.7,483,0.0975418,2018-06-30T09:00:00Z
2017-12-31,F-north-81,81,2,F,north,4459.5,480,0.107636,2018-06-30T09:00:00Z
2017-12-31,F-north-82,82,2,F,north,4775.2,517,0.1082666,2018-06-30T09:00:00Z
2017-12-31,F-north-83,83,2,F,north,4298.9,547,0.1272429,2018-06-30T09:00:00Z
2017-12-31,F-north-84,84,2,F,north,4438.5,614,0.1383352,2018-06-30T09:00:00Z
2017-12-31,F-north-85,85,2,F,north,4494.3,668,0.1486312,2018-06-30T09:00:00Z
2017-12-31,F-north-86,86,2,F,north,4042.2,694,0.1716886,2018-06-30T09:00:00Z
2017-12-31,F-north-87,87,2,F,north,3649.2,687,0.1882594,2018-06-30T09:00:00Z
2017-12-31,F-north-88,88,2,F,north,3766.9,766,0.2033523,2018-06-30T09:00:00Z
2017-12-31,F-north-89,89,2,F,north,3607.4,810,0.2245379,2018-06-30T09:00:00Z
2017-12-31,F-north-90,90,2,F,north,3408.1,899,0.2637863,2018-06-30T09:00:00Z
2017-12-31,F-north-91,91,2,F,north,3233.7,910,0.2814125,2018-06-30T09:00:00Z
2017-12-31,F-north-92,92,2,F,north,3538.5,1159,0.327536,2018-06-30T09:00:00Z
2017-12-31,F-north-93,93,2,F,north,3368.2,1184,0.3515209,2018-06-30T09:00:00Z
2017-12-31,F-north-94,94,2,F,north,3260.8,1316,0.4035834,2018-06-30T09:00:00Z
2017-12-31,F-north-95,95,2,F,north,3141.8,1368,0.4354256,2018-06-30T09:00:00Z
2017-12-31,F-central-40,40,2,F,central,18312.6,25,0.0013652,2018-06-30T09:00:00Z
2017-12-31,F-central-41,41,2,F,central,17861.8,37,0.0020715,2018-06-30T09:00:00Z
2017-12-31,F-central-42,42,2,F,central,20495.1,39,0.0019029,2018-06-30T09:00:00Z
2017-12-31,F-central-43,43,2,F,central,17230.5,38,0.0022054,2018-06-30T09:00:00Z
2017-12-31,F-central-44,44,2,F,central,18157.5,53,0.0029189,2018-06-30T09:00:00Z
2017-12-31,F-central-45,45,2,F,central,15361.0,38,0.0024738,2018-06-30T09:00:00Z
2017-12-31,F-central-46,46,2,F,central,17327.7,40,0.0023084,2018-06-30T09:00:00Z
2017-12-31,F-central-47,47,2,F,central,16857.8,50,0.002966,2018-06-30T09:00:00Z
2017-12-31,F-central-48,48,2,F,central,14750.2,48,0.0032542,2018-06-30T09:00:00Z
2017-12-31,F-central-49,49,2,F,central,14739.0,55,0.0037316,2018-06-30T09:00:00Z
2017-12-31,F-central-50,50,2,F,central,13691.6,46,0.0033597,2018-06-30T09:00:00Z
2017-12-31,F-central-51,51,2,F,central,14534.2,61,0.004197,2018-06-30T09:00:00Z
2017-12-31,F-central-52,52,2,F,central,14222.1,66,0.0046407,2018-06-30T09:00:00Z
2017-12-31,F-central-53,53,2,F,central,13837.2,83,0.0059983,2018-06-30T09:00:00Z
2017-12-31,F-central-54,54,2,F,central,11829.6,75,0.00634,2018-06-30T09:00:00Z
2017-12-31,F-central-55,55,2,F,central,10997.5,62,0.0056376,2018-06-30T09:00:00Z
2017-12-31,F-central-56,56,2,F,central,12002.8,84,0.0069983,2018-06-30T09:00:00Z
2017-12-31,F-central-57,57,2,F,central,11786.4,100,0.0084843,2018-06-30T09:00:00Z
2017-12-31,F-central-58,58,2,F,central,11060.1,89,0.0080469,2018-06-30T09:00:00Z
2017-12-31,F-central-59,59,2,F,central,10094.7,80,0.0079249,2018-06-30T09:00:00Z
2017-12-31,F-central-60,60,2,F,central,9294.6,98,0.0105438,2018-06-30T09:00:00Z
2017-12-31,F-central-61,61,2,F,central,10316.7,123,0.0119224,2018-06-30T09:00:00Z
2017-12-31,F-central-62,62,2,F,central,8452.5,108,0.0127773,2018-06-30T09:00:00Z
2017-12-31,F-central-63,63,2,F,central,8762.4,141,0.0160915,2018-06-30T09:00:00Z
2017-12-31,F-central-64,64,2,F,central,8362.2,119,0.0142307,2018-06-30T09:00:00Z
2017-12-31,F-central-65,65,2,F,central,9043.2,164,0.0181351,2018-06-30T09:00:00Z
2017-12-31,F-central-66,66,2,F,central,8044.8,181,0.0224989,2018-06-30T09:00:00Z
2017-12-31,F-central-67,67,2,F,central,7936.2,150,0.0189008,2018-06-30T09:00:00Z
2017-12-31,F-central-68,68,2,F,central,8243.3,197,0.0238983,2018-06-30T09:00:00Z
2017-12-31,F-central-69,69,2,F,central,6963.7,170,0.0244125,2018-06-30T09:00:00Z
2017-12-31,F-central-70,70,2,F,central,7128.8,176,0.0246885,2018-06-30T09:00:00Z
2017-12-31,F-central-71,71,2,F,central,6195.0,206,0.0332529,2018-06-30T09:00:00Z
2017-12-31,F-central-72,72,2,F,central,6915.5,251,0.0362955,2018-06-30T09:00:00Z
2017-12-31,F-central-73,73,2,F,central,6796.3,309,0.0454656,2018-06-30T09:00:00Z
2017-12-31,F-central-74,74,2,F,central,6155.6,265,0.04305,2018-06-30T09:00:00Z
2017-12-31,F-central-75,75,2,F,central,6137.0,326,0.0531206,2018-06-30T09:00:00Z
2017-12-31,F-central-76,76,2,F,central,5132.2,259,0.0504659,2018-06-30T09:00:00Z
2017-12-31,F-central-77,77,2,F,central,5228.8,331,0.0633035,2018-06-30T09:00:00Z
2017-12-31,F-central-78,78,2,F,central,5070.3,336,0.0662684,2018-06-30T09:00:00Z
2017-12-31,F-central-79,79,2,F,central,5275.9,424,0.0803658,2018-06-30T09:00:00Z
2017-12-31,F-central-80,80,2,F,central,4666.6,351,0.0752146,2018-06-30T09:00:00Z
2017-12-31,F-central-81,81,2,F,central,5178.4,494,0.0953957,2018-06-30T09:00:00Z
2017-12-31,F-central-82,82,2,F,central,4177.1,426,0.1019844,2018-06-30T09:00:00Z
2017-12-31,F-central-83,83,2,F,central,4720.3,557,0.118002,2018-06-30T09:00:00Z
2017-12-31,F-central-84,84,2,F,central,4256.9,538,0.1263842,2018-06-30T09:00:00Z
2017-12-31,F-central-85,85,2,F,central,3969.7,582,0.1466102,2018-06-30T09:00:00Z
2017-12-31,F-central-86,86,2,F,central,4038.0,678,0.167906,2018-06-30T09:00:00Z
2017-12-31,F-central-87,87,2,F,central,3608.4,637,0.1765305,2018-06-30T09:00:00Z
2017-12-31,F-central-88,88,2,F,central,3623.8,674,0.1859922,2018-06-30T09:00:00Z
2017-12-31,F-central-89,89,2,F,central,3628.0,789,0.2174761,2018-06-30T09:00:00Z
2017-12-31,F-central-90,90,2,F,central,3673.7,914,0.2487975,2018-06-30T09:00:00Z
2017-12-31,F-central-91,91,2,F,central,3076.3,852,0.2769536,2018-06-30T09:00:00Z
2017-12-31,F-central-92,92,2,F,central,3142.7,907,0.288605,2018-06-30T09:00:00Z
2017-12-31,F-central-93,93,2,F,central,3426.1,1163,0.3394536,2018-06-30T09:00:00Z
2017-12-31,F-central-94,94,2,F,central,3317.8,1181,0.3559614,2018-06-30T09:00:00Z
2017-12-31,F-central-95,95,2,F,central,3068.7,1211,0.3946287,2018-06-30T09:00:00Z
2017-12-31,F-south-40,40,2,F,south,20001.1,35,0.0017499,2018-06-30T09:00:00Z
2017-12-31,F-south-41,41,2,F,south,19674.2,40,0.0020331,2018-06-30T09:00:00Z
2017-12-31,F-south-42,42,2,F,south,17245.4,33,0.0019136,2018-06-30T09:00:00Z
2017-12-31,F-south-43,43,2,F,south,18927.8,37,0.0019548,2018-06-30T09:00:00Z
2017-12-31,F-south-44,44,2,F,south,18307.0,28,0.0015295,2018-06-30T09:00:00Z
2017-12-31,F-south-45,45,2,F,south,17239.2,39,0.0022623,2018-06-30T09:00:00Z
2017-12-31,F-south-46,46,2,F,south,15187.6,42,0.0027654,2018-06-30T09:00:00Z
2017-12-31,F-south-47,47,2,F,south,14622.0,43,0.0029408,2018-06-30T09:00:00Z
2017-12-31,F-south-48,48,2,F,south,14286.3,42,0.0029399,2018-06-30T09:00:00Z
2017-12-31,F-south-49,49,2,F,south,15795.2,61,0.0038619,2018-06-30T09:00:00Z
2017-12-31,F-south-50,50,2,F,south,13197.0,57,0.0043192,2018-06-30T09:00:00Z
2017-12-31,F-south-51,51,2,F,south,12336.3,54,0.0043773,2018-06-30T09:00:00Z
2017-12-31,F-south-52,52,2,F,south,12910.6,53,0.0041052,2018-06-30T09:00:00Z
2017-12-31,F-south-53,53,2,F,south,12831.6,64,0.0049877,2018-06-30T09:00:00Z
2017-12-31,F-south-54,54,2,F,south,11687.4,59,0.0050482,2018-06-30T09:00:00Z
2017-12-31,F-south-55,55,2,F,south,12687.5,75,0.0059113,2018-06-30T09:00:00Z
2017-12-31,F-south-56,56,2,F,south,10428.1,81,0.0077675,2018-06-30T09:00:00Z
2017-12-31,F-south-57,57,2,F,south,10474.4,82,0.0078286,2018-06-30T09:00:00Z
2017-12-31,F-south-58,58,2,F,south,10102.9,97,0.0096012,2018-06-30T09:00:00Z
2017-12-31,F-south-59,59,2,F,south,10867.5,104,0.0095698,2018-06-30T09:00:00Z
2017-12-31,F-south-60,60,2,F,south,9430.1,102,0.0108164,2018-06-30T09:00:00Z
2017-12-31,F-south-61,61,2,F,south,10358.4,119,0.0114882,2018-06-30T09:00:00Z
2017-12-31,F-south-62,62,2,F,south,8821.6,115,0.0130362,2018-06-30T09:00:00Z
2017-12-31,F-south-63,63,2,F,south,8894.2,107,0.0120303,2018-06-30T09:00:00Z
2017-12-31,F-south-64,64,2,F,south,7785.2,109,0.0140009,2018-06-30T09:00:00Z
2017-12-31,F-south-65,65,2,F,south,8745.8,136,0.0155503,2018-06-30T09:00:00Z
2017-12-31,F-south-66,66,2,F,south,8399.5,132,0.0157152,2018-06-30T09:00:00Z
2017-12-31,F-south-67,67,2,F,south,7316.1,158,0.0215961,2018-06-30T09:00:00Z
2017-12-31,F-south-68,68,2,F,south,7108.8,176,0.0247582,2018-06-30T09:00:00Z
2017-12-31,F-south-69,69,2,F,south,6828.7,174,0.0254809,2018-06-30T09:00:00Z
2017-12-31,F-south-70,70,2,F,south,6497.6,162,0.0249324,2018-06-30T09:00:00Z
2017-12-31,F-south-71,71,2,F,south,6620.3,217,0.0327779,2018-06-30T09:00:00Z
2017-12-31,F-south-72,72,2,F,south,6802.0,219,0.0321962,2018-06-30T09:00:00Z
2017-12-31,F-south-73,73,2,F,south,5987.7,254,0.0424202,2018-06-30T09:00:00Z
2017-12-31,F-south-74,74,2,F,south,5519.3,220,0.0398599,2018-06-30T09:00:00Z
2017-12-31,F-south-75,75,2,F,south,5340.5,254,0.0475615,2018-06-30T09:00:00Z
2017-12-31,F-south-76,76,2,F,south,5835.0,282,0.048329,2018-06-30T09:00:00Z
2017-12-31,F-south-77,77,2,F,south,5686.3,348,0.0611999,2018-06-30T09:00:00Z
2017-12-31,F-south-78,78,2,F,south,5117.8,350,0.0683888,2018-06-30T09:00:00Z
2017-12-31,F-south-79,79,2,F,south,4810.0,383,0.079626,2018-06-30T09:00:00Z
2017-12-31,F-south-80,80,2,F,south,4492.2,365,0.0812515,2018-06-30T09:00:00Z
2017-12-31,F-south-81,81,2,F,south,5073.4,411,0.0810111,2018-06-30T09:00:00Z
2017-12-31,F-south-82,82,2,F,south,4883.3,503,0.1030035,2018-06-30T09:00:00Z
2017-12-31,F-south-83,83,2,F,south,4698.5,532,0.1132274,2018-06-30T09:00:00Z
2017-12-31,F-south-84,84,2,F,south,4620.3,579,0.1253156,2018-06-30T09:00:00Z
2017-12-31,F-south-85,85,2,F,south,3757.9,508,0.1351824,2018-06-30T09:00:00Z
2017-12-31,F-south-86,86,2,F,south,3677.7,544,0.1479203,2018-06-30T09:00:00Z
2017-12-31,F-south-87,87,2,F,south,3982.9,659,0.1654585,2018-06-30T09:00:00Z
2017-12-31,F-south-88,88,2,F,south,3823.0,745,0.1948747,2018-06-30T09:00:00Z
2017-12-31,F-south-89,89,2,F,south,3501.5,751,0.2144784,2018-06-30T09:00:00Z
2017-12-31,F-south-90,90,2,F,south,3163.1,755,0.2386896,2018-06-30T09:00:00Z
2017-12-31,F-south-91,91,2,F,south,3177.9,843,0.2652711,2018-06-30T09:00:00Z
2017-12-31,F-south-92,92,2,F,south,3174.6,911,0.2869693,2018-06-30T09:00:00Z
2017-12-31,F-south-93,93,2,F,south,3184.2,1019,0.3200179,2018-06-30T09:00:00Z
2017-12-31,F-south-94,94,2,F,south,3268.4,1143,0.3497135,2018-06-30T09:00:00Z
2017-12-31,F-south-95,95,2,F,south,2941.9,1134,0.3854682,2018-06-30T09:00:00Z
2018-12-31,M-north-40,40,3,M,north,21482.9,52,0.0024205,2019-06-30T09:00:00Z
2018-12-31,M-north-41,41,3,M,north,19352.7,62,0.0032037,2019-06-30T09:00:00Z
2018-12-31,M-north-42,42,3,M,north,19275.9,67,0.0034758,2019-06-30T09:00:00Z
2018-12-31,M-north-43,43,3,M,north,16890.6,58,0.0034339,2019-06-30T09:00:00Z
2018-12-31,M-north-44,44,3,M,north,16262.0,58,0.0035666,2019-06-30T09:00:00Z
2018-12-31,M-north-45,45,3,M,north,15981.7,79,0.0049432,2019-06-30T09:00:00Z
2018-12-31,M-north-46,46,3,M,north,15706.9,65,0.0041383,2019-06-30T09:00:00Z
2018-12-31,M-north-47,47,3,M,north,15303.4,81,0.0052929,2019-06-30T09:00:00Z
2018-12-31,M-north-48,48,3,M,north,15250.4,67,0.0043933,2019-06-30T09:00:00Z
2018-12-31,M-north-49,49,3,M,north,14716.4,98,0.0066592,2019-06-30T09:00:00Z
2018-12-31,M-north-50,50,3,M,north,12917.2,76,0.0058836,2019-06-30T09:00:00Z
2018-12-31,M-north-51,51,3,M,north,12316.9,93,0.0075506,2019-06-30T09:00:00Z
2018-12-31,M-north-52,52,3,M,north,13682.3,98,0.0071626,2019-06-30T09:00:00Z
2018-12-31,M-north-53,53,3,M,north,11863.4,101,0.0085136,2019-06-30T09:00:00Z
2018-12-31,M-north-54,54,3,M,north,12339.5,108,0.0087524,2019-06-30T09:00:00Z
2018-12-31,M-north-55,55,3,M,north,11798.2,132,0.0111882,2019-06-30T09:00:00Z
2018-12-31,M-north-56,56,3,M,north,10384.0,116,0.0111711,2019-06-30T09:00:00Z
2018-12-31,M-north-57,57,3,M,north,10534.8,153,0.0145233,2019-06-30T09:00:00Z
2018-12-31,M-north-58,58,3,M,north,9749.5,156,0.0160008,2019-06-30T09:00:00Z
2018-12-31,M-north-59,59,3,M,north,10074.8,147,0.0145908,2019-06-30T09:00:00Z
2018-12-31,M-north-60,60,3,M,north,9861.8,184,0.0186578,2019-06-30T09:00:00Z
2018-12-31,M-north-61,61,3,M,north,8676.5,187,0.0215524,2019-06-30T09:00:00Z
2018-12-31,M-north-62,62,3,M,north,8952.9,174,0.0194351,2019-06-30T09:00:00Z
2018-12-31,M-north-63,63,3,M,north,8721.4,220,0.0252254,2019-06-30T09:00:00Z
2018-12-31,M-north-64,64,3,M,north,8584.5,220,0.0256275,2019-06-30T09:00:00Z
2018-12-31,M-north-65,65,3,M,north,7973.5,253,0.0317302,2019-06-30T09:00:00Z
2018-12-31,M-north-66,66,3,M,north,7884.9,288,0.0365257,2019-06-30T09:00:00Z
2018-12-31,M-north-67,67,3,M,north,7021.4,291,0.0414445,2019-06-30T09:00:00Z
2018-12-31,M-north-68,68,3,M,north,6875.2,318,0.0462532,2019-06-30T09:00:00Z
2018-12-31,M-north-69,69,3,M,north,6724.0,339,0.0504162,2019-06-30T09:00:00Z
2018-12-31,M-north-70,70,3,M,north,7225.0,364,0.0503808,2019-06-30T09:00:00Z
2018-12-31,M-north-71,71,3,M,north,6749.9,406,0.0601489,2019-06-30T09:00:00Z
2018-12-31,M-north-72,72,3,M,north,6027.4,385,0.0638749,2019-06-30T09:00:00Z
2018-12-31,M-north-73,73,3,M,north,6201.0,443,0.0714405,2019-06-30T09:00:00Z
2018-12-31,M-north-74,74,3,M,north,5587.9,452,0.0808884,2019-06-30T09:00:00Z
2018-12-31,M-north-75,75,3,M,north,5630.1,468,0.0831252,2019-06-30T09:00:00Z
2018-12-31,M-north-76,76,3,M,north,6123.2,561,0.0916187,2019-06-30T09:00:00Z
2018-12-31,M-north-77,77,3,M,north,5234.9,599,0.1144247,2019-06-30T09:00:00Z
2018-12-31,M-north-78,78,3,M,north,5311.0,628,0.1182441,2019-06-30T09:00:00Z
2018-12-31,M-north-79,79,3,M,north,5400.4,690,0.1277674,2019-06-30T09:00:00Z
2018-12-31,M-north-80,80,3,M,north,5116.8,743,0.1452089,2019-06-30T09:00:00Z
2018-12-31,M-north-81,81,3,M,north,4358.5,727,0.1668013,2019-06-30T09:00:00Z
2018-12-31,M-north-82,82,3,M,north,4424.8,772,0.1744729,2019-06-30T09:00:00Z
2018-12-31,M-north-83,83,3,M,north,4097.7,806,0.1966958,2019-06-30T09:00:00Z
2018-12-31,M-north-84,84,3,M,north,4225.7,1013,0.2397226,2019-06-30T09:00:00Z
2018-12-31,M-north-85,85,3,M,north,3762.5,911,0.2421265,2019-06-30T09:00:00Z
2018-12-31,M-north-86,86,3,M,north,4330.6,1236,0.2854098,2019-06-30T09:00:00Z
2018-12-31,M-north-87,87,3,M,north,3863.0,1194,0.3090878,2019-06-30T09:00:00Z
2018-12-31,M-north-88,88,3,M,north,3480.5,1177,0.3381719,2019-06-30T09:00:00Z
2018-12-31,M-north-89,89,3,M,north,3530.0,1315,0.3725211,2019-06-30T09:00:00Z
2018-12-31,M-north-90,90,3,M,north,3241.2,1403,0.4328703,2019-06-30T09:00:00Z
2018-12-31,M-north-91,91,3,M,north,3685.7,1675,0.4544544,2019-06-30T09:00:00Z
2018-12-31,M-north-92,92,3,M,north,2992.4,1548,0.5173038,2019-06-30T09:00:00Z
2018-12-31,M-north-93,93,3,M,north,3421.0,1935,0.565626,2019-06-30T09:00:00Z
2018-12-31,M-north-94,94,3,M,north,3038.7,1901,0.6255922,2019-06-30T09:00:00Z
2018-12-31,M-north-95,95,3,M,north,2978.0,2125,0.7135559,2019-06-30T09:00:00Z
2018-12-31,M-central-40,40,3,M,central,18698.8,49,0.0026205,2019-06-30T09:00:00Z
2018-12-31,M-central-41,41,3,M,central,18102.2,53,0.0029278,2019-06-30T09:00:00Z
2018-12-31,M-central-42,42,3,M,central,17357.4,50,0.0028806,2019-06-30T09:00:00Z
2018-12-31,M-central-43,43,3,M,central,17193.5,61,0.0035478,2019-06-30T09:00:00Z
2018-12-31,M-central-44,44,3,M,central,16994.1,52,0.0030599,2019-06-30T09:00:00Z
2018-12-31,M-central-45,45,3,M,central,17691.7,78,0.0044089,2019-06-30T09:00:00Z
2018-12-31,M-central-46,46,3,M,central,15662.2,90,0.0057463,2019-06-30T09:00:00Z
2018-12-31,M-central-47,47,3,M,central,14720.8,79,0.0053665,2019-06-30T09:00:00Z
2018-12-31,M-central-48,48,3,M,central,15882.0,89,0.0056038,2019-06-30T09:00:00Z
2018-12-31,M-central-49,49,3,M,central,14298.0,81,0.0056651,2019-06-30T09:00:00Z
2018-12-31,M-central-50,50,3,M,central,12809.2,70,0.0054648,2019-06-30T09:00:00Z
2018-12-31,M-central-51,51,3,M,central,12786.9,79,0.0061782,2019-06-30T09:00:00Z
2018-12-31,M-central-52,52,3,M,central,14385.8,118,0.0082026,2019-06-30T09:00:00Z
2018-12-31,M-central-53,53,3,M,central,11892.3,101,0.0084929,2019-06-30T09:00:00Z
2018-12-31,M-central-54,54,3,M,central,12693.3,117,0.0092175,2019-06-30T09:00:00Z
2018-12-31,M-central-55,55,3,M,central,12416.4,120,0.0096647,2019-06-30T09:00:00Z
2018-12-31,M-central-56,56,3,M,central,11102.6,134,0.0120692,2019-06-30T09:00:00Z
2018-12-31,M-central-57,57,3,M,central,10540.4,150,0.0142309,2019-06-30T09:00:00Z
2018-12-31,M-central-58,58,3,M,central,11258.6,157,0.0139448,2019-06-30T09:00:00Z
2018-12-31,M-central-59,59,3,M,central,9529.5,148,0.0155307,2019-06-30T09:00:00Z
2018-12-31,M-central-60,60,3,M,central,10670.4,197,0.0184623,2019-06-30T09:00:00Z
2018-12-31,M-central-61,61,3,M,central,10441.3,217,0.0207828,2019-06-30T09:00:00Z
2018-12-31,M-central-62,62,3,M,central,9066.2,179,0.0197436,2019-06-30T09:00:00Z
2018-12-31,M-central-63,63,3,M,central,9694.9,221,0.0227955,2019-06-30T09:00:00Z
2018-12-31,M-central-64,64,3,M,central,8717.1,242,0.0277615,2019-06-30T09:00:00Z
2018-12-31,M-central-65,65,3,M,central,7966.7,220,0.0276149,2019-06-30T09:00:00Z
2018-12-31,M-central-66,66,3,M,central,8303.8,273,0.0328764,2019-06-30T09:00:00Z
2018-12-31,M-central-67,67,3,M,central,8427.4,312,0.0370222,2019-06-30T09:00:00Z
2018-12-31,M-central-68,68,3,M,central,7288.1,283,0.0388304,2019-06-30T09:00:00Z
2018-12-31,M-central-69,69,3,M,central,7595.8,327,0.0430501,2019-06-30T09:00:00Z
2018-12-31,M-central-70,70,3,M,central,7195.5,361,0.05017,2019-06-30T09:00:00Z
2018-12-31,M-central-71,71,3,M,central,6434.7,310,0.0481765,2019-06-30T09:00:00Z
2018-12-31,M-central-72,72,3,M,central,6747.0,395,0.0585441,2019-06-30T09:00:00Z
2018-12-31,M-central-73,73,3,M,central,6094.3,368,0.060384,2019-06-30T09:00:00Z
2018-12-31,M-central-74,74,3,M,central,6689.3,505,0.0754942,2019-06-30T09:00:00Z
2018-12-31,M-central-75,75,3,M,central,5610.5,492,0.0876923,2019-06-30T09:00:00Z
2018-12-31,M-central-76,76,3,M,central,5919.3,518,0.0875111,2019-06-30T09:00:00Z
2018-12-31,M-central-77,77,3,M,central,5462.7,534,0.0977547,2019-06-30T09:00:00Z
2018-12-31,M-central-78,78,3,M,central,5222.1,556,0.1064711,2019-06-30T09:00:00Z
2018-12-31,M-central-79,79,3,M,central,4999.7,550,0.110007,2019-06-30T09:00:00Z
2018-12-31,M-central-80,80,3,M,central,5347.7,708,0.1323926,2019-06-30T09:00:00Z
2018-12-31,M-central-81,81,3,M,central,5131.3,808,0.1574638,2019-06-30T09:00:00Z
2018-12-31,M-central-82,82,3,M,central,4936.4,830,0.1681386,2019-06-30T09:00:00Z
2018-12-31,M-central-83,83,3,M,central,4499.2,793,0.1762522,2019-06-30T09:00:00Z
2018-12-31,M-central-84,84,3,M,central,4444.6,935,0.2103686,2019-06-30T09:00:00Z
2018-12-31,M-central-85,85,3,M,central,4149.9,976,0.2351889,2019-06-30T09:00:00Z
2018-12-31,M-central-86,86,3,M,central,4308.4,1084,0.2515997,2019-06-30T09:00:00Z
2018-12-31,M-central-87,87,3,M,central,3695.1,1042,0.2819941,2019-06-30T09:00:00Z
2018-12-31,M-central-88,88,3,M,central,3681.7,1160,0.3150679,2019-06-30T09:00:00Z
2018-12-31,M-central-89,89,3,M,central,3805.6,1319,0.3465954,2019-06-30T09:00:00Z
2018-12-31,M-central-90,90,3,M,central,3448.6,1416,0.4106072,2019-06-30T09:00:00Z
2018-12-31,M-central-91,91,3,M,central,3124.9,1409,0.4508888,2019-06-30T09:00:00Z
2018-12-31,M-central-92,92,3,M,central,3216.4,1594,0.4955834,2019-06-30T09:00:00Z
2018-12-31,M-central-93,93,3,M,central,2949.6,1652,0.560074,2019-06-30T09:00:00Z
2018-12-31,M-central-94,94,3,M,central,3117.3,1941,0.6226454,2019-06-30T09:00:00Z
2018-12-31,M-central-95,95,3,M,central,3127.9,2028,0.6483629,2019-06-30T09:00:00Z
2018-12-31,M-south-40,40,3,M,south,19593.8,47,0.0023987,2019-06-30T09:00:00Z
2018-12-31,M-south-41,41,3,M,south,20320.5,50,0.0024606,2019-06-30T09:00:00Z
2018-12-31,M-south-42,42,3,M,south,18049.0,56,0.0031027,2019-06-30T09:00:00Z
2018-12-31,M-south-43,43,3,M,south,18656.8,54,0.0028944,2019-06-30T09:00:00Z
2018-12-31,M-south-44,44,3,M,south,18505.3,70,0.0037827,2019-06-30T09:00:00Z
2018-12-31,M-south-45,45,3,M,south,17909.9,75,0.0041876,2019-06-30T09:00:00Z
2018-12-31,M-south-46,46,3,M,south,14893.8,50,0.0033571,2019-06-30T09:00:00Z
2018-12-31,M-south-47,47,3,M,south,14720.2,65,0.0044157,2019-06-30T09:00:00Z
2018-12-31,M-south-48,48,3,M,south,14083.7,73,0.0051833,2019-06-30T09:00:00Z
2018-12-31,M-south-49,49,3,M,south,13979.4,70,0.0050074,2019-06-30T09:00:00Z
2018-12-31,M-south-50,50,3,M,south,15154.5,101,0.0066647,2019-06-30T09:00:00Z
2018-12-31,M-south-51,51,3,M,south,13753.2,92,0.0066894,2019-06-30T09:00:00Z
2018-12-31,M-south-52,52,3,M,south,14365.8,110,0.0076571,2019-06-30T09:00:00Z
2018-12-31,M-south-53,53,3,M,south,11690.1,93,0.0079554,2019-06-30T09:00:00Z
2018-12-31,M-south-54,54,3,M,south,11733.0,121,0.0103128,2019-06-30T09:00:00Z
2018-12-31,M-south-55,55,3,M,south,12522.4,117,0.0093433,2019-06-30T09:00:00Z
2018-12-31,M-south-56,56,3,M,south,10859.1,131,0.0120636,2019-06-30T09:00:00Z
2018-12-31,M-south-57,57,3,M,south,11326.2,133,0.0117426,2019-06-30T09:00:00Z
2018-12-31,M-south-58,58,3,M,south,9641.3,105,0.0108907,2019-06-30T09:00:00Z
2018-12-31,M-south-59,59,3,M,south,10804.5,147,0.0136055,2019-06-30T09:00:00Z
2018-12-31,M-south-60,60,3,M,south,10287.7,174,0.0169133,2019-06-30T09:00:00Z
2018-12-31,M-south-61,61,3,M,south,9339.4,188,0.0201297,2019-06-30T09:00:00Z
2018-12-31,M-south-62,62,3,M,south,9380.1,187,0.0199359,2019-06-30T09:00:00Z
2018-12-31,M-south-63,63,3,M,south,8686.2,211,0.0242914,2019-06-30T09:00:00Z
2018-12-31,M-south-64,64,3,M,south,9037.4,198,0.0219088,2019-06-30T09:00:00Z
2018-12-31,M-south-65,65,3,M,south,9101.6,286,0.031423,2019-06-30T09:00:00Z
2018-12-31,M-south-66,66,3,M,south,8052.8,254,0.031542,2019-06-30T09:00:00Z
2018-12-31,M-south-67,67,3,M,south,7870.1,275,0.0349423,2019-06-30T09:00:00Z
2018-12-31,M-south-68,68,3,M,south,7005.2,292,0.0416835,2019-06-30T09:00:00Z
2018-12-31,M-south-69,69,3,M,south,7842.2,304,0.0387648,2019-06-30T09:00:00Z
2018-12-31,M-south-70,70,3,M,south,6723.9,301,0.0447654,2019-06-30T09:00:00Z
2018-12-31,M-south-71,71,3,M,south,7168.8,396,0.0552392,2019-06-30T09:00:00Z
2018-12-31,M-south-72,72,3,M,south,5982.9,331,0.0553246,2019-06-30T09:00:00Z
2018-12-31,M-south-73,73,3,M,south,6692.3,406,0.0606665,2019-06-30T09:00:00Z
2018-12-31,M-south-74,74,3,M,south,5940.0,410,0.0690239,2019-06-30T09:00:00Z
2018-12-31,M-south-75,75,3,M,south,5857.9,438,0.0747703,2019-06-30T09:00:00Z
2018-12-31,M-south-76,76,3,M,south,5624.8,478,0.0849808,2019-06-30T09:00:00Z
2018-12-31,M-south-77,77,3,M,south,5217.2,516,0.0989035,2019-06-30T09:00:00Z
2018-12-31,M-south-78,78,3,M,south,4832.0,522,0.1080294,2019-06-30T09:00:00Z
2018-12-31,M-south-79,79,3,M,south,5155.4,645,0.1251116,2019-06-30T09:00:00Z
2018-12-31,M-south-80,80,3,M,south,5306.0,661,0.1245757,2019-06-30T09:00:00Z
2018-12-31,M-south-81,81,3,M,south,4885.4,684,0.1400095,2019-06-30T09:00:00Z
2018-12-31,M-south-82,82,3,M,south,5020.5,785,0.1563605,2019-06-30T09:00:00Z
2018-12-31,M-south-83,83,3,M,south,4197.3,743,0.1770194,2019-06-30T09:00:00Z
2018-12-31,M-south-84,84,3,M,south,4307.1,852,0.197813,2019-06-30T09:00:00Z
2018-12-31,M-south-85,85,3,M,south,3942.2,866,0.2196759,2019-06-30T09:00:00Z
2018-12-31,M-south-86,86,3,M,south,3676.4,908,0.2469785,2019-06-30T09:00:00Z
2018-12-31,M-south-87,87,3,M,south,3717.8,999,0.268707,2019-06-30T09:00:00Z
2018-12-31,M-south-88,88,3,M,south,3516.8,1028,0.2923139,2019-06-30T09:00:00Z
2018-12-31,M-south-89,89,3,M,south,3578.3,1209,0.3378727,2019-06-30T09:00:00Z
2018-12-31,M-south-90,90,3,M,south,3809.1,1416,0.3717414,2019-06-30T09:00:00Z
2018-12-31,M-south-91,91,3,M,south,3127.4,1294,0.4137629,2019-06-30T09:00:00Z
2018-12-31,M-south-92,92,3,M,south,3342.6,1499,0.4484597,2019-06-30T09:00:00Z
2018-12-31,M-south-93,93,3,M,south,3400.1,1676,0.4929223,2019-06-30T09:00:00Z
2018-12-31,M-south-94,94,3,M,south,3028.1,1738,0.5739644,2019-06-30T09:00:00Z
2018-12-31,M-south-95,95,3,M,south,2913.7,1820,0.6246269,2019-06-30T09:00:00Z
2018-12-31,F-north-40,40,3,F,north,20360.5,39,0.0019155,2019-06-30T09:00:00Z
2018-12-31,F-north-41,41,3,F,north,19719.3,43,0.0021806,2019-06-30T09:00:00Z
2018-12-31,F-north-42,42,3,F,north,18241.9,29,0.0015898,2019-06-30T09:00:00Z
2018-12-31,F-north-43,43,3,F,north,19277.4,55,0.0028531,2019-06-30T09:00:00Z
2018-12-31,F-north-44,44,3,F,north,16495.5,47,0.0028493,2019-06-30T09:00:00Z
2018-12-31,F-north-45,45,3,F,north,17761.6,43,0.0024209,2019-06-30T09:00:00Z
2018-12-31,F-north-46,46,3,F,north,16323.2,48,0.0029406,2019-06-30T09:00:00Z
2018-12-31,F-north-47,47,3,F,north,14700.5,39,0.002653,2019-06-30T09:00:00Z
2018-12-31,F-north-48,48,3,F,north,13799.1,42,0.0030437,2019-06-30T09:00:00Z
2018-12-31,F-north-49,49,3,F,north,15988.4,59,0.0036902,2019-06-30T09:00:00Z
2018-12-31,F-north-50,50,3,F,north,14590.8,68,0.0046605,2019-06-30T09:00:00Z
2018-12-31,F-north-51,51,3,F,north,14462.0,66,0.0045637,2019-06-30T09:00:00Z
2018-12-31,F-north-52,52,3,F,north,12838.1,74,0.0057641,2019-06-30T09:00:00Z
2018-12-31,F-north-53,53,3,F,north,13901.6,59,0.0042441,2019-06-30T09:00:00Z
2018-12-31,F-north-54,54,3,F,north,12205.1,106,0.0086849,2019-06-30T09:00:00Z
2018-12-31,F-north-55,55,3,F,north,12135.4,61,0.0050266,2019-06-30T09:00:00Z
2018-12-31,F-north-56,56,3,F,north,11115.5,74,0.0066573,2019-06-30T09:00:00Z
2018-12-31,F-north-57,57,3,F,north,12029.3,94,0.0078143,2019-06-30T09:00:00Z
2018-12-31,F-north-58,58,3,F,north,10465.7,107,0.0102239,2019-06-30T09:00:00Z
2018-12-31,F-north-59,59,3,F,north,10788.3,99,0.0091766,2019-06-30T09:00:00Z
2018-12-31,F-north-60,60,3,F,north,9141.0,107,0.0117055,2019-06-30T09:00:00Z
2018-12-31,F-north-61,61,3,F,north,8962.4,130,0.0145051,2019-06-30T09:00:00Z
2018-12-31,F-north-62,62,3,F,north,9500.4,111,0.0116837,2019-06-30T09:00:00Z
2018-12-31,F-north-63,63,3,F,north,8374.6,113,0.0134932,2019-06-30T09:00:00Z
2018-12-31,F-north-64,64,3,F,north,8585.6,149,0.0173546,2019-06-30T09:00:00Z
2018-12-31,F-north-65,65,3,F,north,8129.2,148,0.0182059,2019-06-30T09:00:00Z
2018-12-31,F-north-66,66,3,F,north,8183.6,155,0.0189403,2019-06-30T09:00:00Z
2018-12-31,F-north-67,67,3,F,north,8479.5,185,0.0218173,2019-06-30T09:00:00Z
2018-12-31,F-north-68,68,3,F,north,7543.4,184,0.0243921,2019-06-30T09:00:00Z
2018-12-31,F-north-69,69,3,F,north,7934.7,187,0.0235674,2019-06-30T09:00:00Z
2018-12-31,F-north-70,70,3,F,north,7231.2,208,0.0287643,2019-06-30T09:00:00Z
2018-12-31,F-north-71,71,3,F,north,7184.4,225,0.0313178,2019-06-30T09:00:00Z
2018-12-31,F-north-72,72,3,F,north,6820.8,261,0.0382651,2019-06-30T09:00:00Z
2018-12-31,F-north-73,73,3,F,north,6373.5,263,0.0412645,2019-06-30T09:00:00Z
2018-12-31,F-north-74,74,3,F,north,6597.6,308,0.0466838,2019-06-30T09:00:00Z
2018-12-31,F-north-75,75,3,F,north,5959.0,324,0.0543716,2019-06-30T09:00:00Z
2018-12-31,F-north-76,76,3,F,north,5768.5,328,0.0568606,2019-06-30T09:00:00Z
2018-12-31,F-north-77,77,3,F,north,5128.8,352,0.0686327,2019-06-30T09:00:00Z
2018-12-31,F-north-78,78,3,F,north,5533.3,385,0.0695787,2019-06-30T09:00:00Z
2018-12-31,F-north-79,79,3,F,north,4991.7,433,0.0867443,2019-06-30T09:00:00Z
2018-12-31,F-north-80,80,3,F,north,4805.4,472,0.0982228,2019-06-30T09:00:00Z
2018-12-31,F-north-81,81,3,F,north,5044.0,503,0.0997233,2019-06-30T09:00:00Z
2018-12-31,F-north-82,82,3,F,north,4672.5,481,0.1029423,2019-06-30T09:00:00Z
2018-12-31,F-north-83,83,3,F,north,4627.5,572,0.1236088,2019-06-30T09:00:00Z
2018-12-31,F-north-84,84,3,F,north,4245.5,610,0.143681,2019-06-30T09:00:00Z
2018-12-31,F-north-85,85,3,F,north,4414.1,690,0.1563184,2019-06-30T09:00:00Z
2018-12-31,F-north-86,86,3,F,north,4114.0,668,0.1623724,2019-06-30T09:00:00Z
2018-12-31,F-north-87,87,3,F,north,3903.4,760,0.1947041,2019-06-30T09:00:00Z
2018-12-31,F-north-88,88,3,F,north,3488.6,757,0.2169907,2019-06-30T09:00:00Z
2018-12-31,F-north-89,89,3,F,north,3950.0,861,0.2179741,2019-06-30T09:00:00Z
2018-12-31,F-north-90,90,3,F,north,3385.1,911,0.2691177,2019-06-30T09:00:00Z
2018-12-31,F-north-91,91,3,F,north,3080.3,905,0.2938026,2019-06-30T09:00:00Z
2018-12-31,F-north-92,92,3,F,north,2958.7,945,0.3193927,2019-06-30T09:00:00Z
2018-12-31,F-north-93,93,3,F,north,3035.5,1052,0.3465603,2019-06-30T09:00:00Z
2018-12-31,F-north-94,94,3,F,north,2997.6,1107,0.3692896,2019-06-30T09:00:00Z
2018-12-31,F-north-95,95,3,F,north,3052.1,1312,0.4298665,2019-06-30T09:00:00Z
2018-12-31,F-central-40,40,3,F,central,20894.6,39,0.0018665,2019-06-30T09:00:00Z
2018-12-31,F-central-41,41,3,F,central,20099.0,46,0.0022887,2019-06-30T09:00:00Z
2018-12-31,F-central-42,42,3,F,central,16862.6,30,0.0017791,2019-06-30T09:00:00Z
2018-12-31,F-central-43,43,3,F,central,17686.4,27,0.0015266,2019-06-30T09:00:00Z
2018-12-31,F-central-44,44,3,F,central,18270.7,46,0.0025177,2019-06-30T09:00:00Z
2018-12-31,F-central-45,45,3,F,central,15804.3,44,0.0027841,2019-06-30T09:00:00Z
2018-12-31,F-central-46,46,3,F,central,17123.2,45,0.002628,2019-06-30T09:00:00Z
2018-12-31,F-central-47,47,3,F,central,15078.0,40,0.0026529,2019-06-30T09:00:00Z
2018-12-31,F-central-48,48,3,F,central,16162.1,50,0.0030937,2019-06-30T09:00:00Z
2018-12-31,F-central-49,49,3,F,central,15999.0,44,0.0027502,2019-06-30T09:00:00Z
2018-12-31,F-central-50,50,3,F,central,15176.9,63,0.004151,2019-06-30T09:00:00Z
2018-12-31,F-central-51,51,3,F,central,12779.0,53,0.0041474,2019-06-30T09:00:00Z
2018-12-31,F-central-52,52,3,F,central,12399.0,73,0.0058876,2019-06-30T09:00:00Z
2018-12-31,F-central-53,53,3,F,central,13474.6,64,0.0047497,2019-06-30T09:00:00Z
2018-12-31,F-central-54,54,3,F,central,11594.8,74,0.0063822,2019-06-30T09:00:00Z
2018-12-31,F-central-55,55,3,F,central,10686.3,64,0.005989,2019-06-30T09:00:00Z
2018-12-31,F-central-56,56,3,F,central,10674.4,66,0.006183,2019-06-30T09:00:00Z
2018-12-31,F-central-57,57,3,F,central,12011.9,112,0.0093241,2019-06-30T09:00:00Z
2018-12-31,F-central-58,58,3,F,central,10558.9,81,0.0076712,2019-06-30T09:00:00Z
2018-12-31,F-central-59,59,3,F,central,10936.8,100,0.0091435,2019-06-30T09:00:00Z
2018-12-31,F-central-60,60,3,F,central,9877.0,102,0.010327,2019-06-30T09:00:00Z
2018-12-31,F-central-61,61,3,F,central,10363.5,131,0.0126405,2019-06-30T09:00:00Z
2018-12-31,F-central-62,62,3,F,central,9280.3,113,0.0121763,2019-06-30T09:00:00Z
2018-12-31,F-central-63,63,3,F,central,9559.2,127,0.0132856,2019-06-30T09:00:00Z
2018-12-31,F-central-64,64,3,F,central,8214.0,146,0.0177746,2019-06-30T09:00:00Z
2018-12-31,F-central-65,65,3,F,central,8464.0,137,0.0161862,2019-06-30T09:00:00Z
2018-12-31,F-central-66,66,3,F,central,7253.9,123,0.0169565,2019-06-30T09:00:00Z
2018-12-31,F-central-67,67,3,F,central,7453.4,158,0.0211985,2019-06-30T09:00:00Z
2018-12-31,F-central-68,68,3,F,central,7415.6,175,0.0235989,2019-06-30T09:00:00Z
2018-12-31,F-central-69,69,3,F,central,7934.5,201,0.0253325,2019-06-30T09:00:00Z
2018-12-31,F-central-70,70,3,F,central,6749.2,203,0.0300778,2019-06-30T09:00:00Z
2018-12-31,F-central-71,71,3,F,central,7053.4,214,0.03034,2019-06-30T09:00:00Z
2018-12-31,F-central-72,72,3,F,central,6141.4,247,0.0402186,2019-06-30T09:00:00Z
2018-12-31,F-central-73,73,3,F,central,6822.8,284,0.0416252,2019-06-30T09:00:00Z
2018-12-31,F-central-74,74,3,F,central,5704.7,265,0.0464532,2019-06-30T09:00:00Z
2018-12-31,F-central-75,75,3,F,central,5608.5,260,0.0463578,2019-06-30T09:00:00Z
2018-12-31,F-central-76,76,3,F,central,5676.1,307,0.0540863,2019-06-30T09:00:00Z
2018-12-31,F-central-77,77,3,F,central,5659.8,372,0.0657266,2019-06-30T09:00:00Z
2018-12-31,F-central-78,78,3,F,central,5302.3,371,0.0699699,2019-06-30T09:00:00Z
2018-12-31,F-central-79,79,3,F,central,4776.9,365,0.0764086,2019-06-30T09:00:00Z
2018-12-31,F-central-80,80,3,F,central,5317.7,452,0.0849986,2019-06-30T09:00:00Z
2018-12-31,F-central-81,81,3,F,central,4609.8,463,0.1004371,2019-06-30T09:00:00Z
2018-12-31,F-central-82,82,3,F,central,4269.1,448,0.1049391,2019-06-30T09:00:00Z
2018-12-31,F-central-83,83,3,F,central,4190.2,485,0.115747,2019-06-30T09:00:00Z
2018-12-31,F-central-84,84,3,F,central,4456.7,557,0.1249798,2019-06-30T09:00:00Z
2018-12-31,F-central-85,85,3,F,central,4546.8,703,0.1546136,2019-06-30T09:00:00Z
2018-12-31,F-central-86,86,3,F,central,3834.3,548,0.1429199,2019-06-30T09:00:00Z
2018-12-31,F-central-87,87,3,F,central,3891.4,657,0.1688354,2019-06-30T09:00:00Z
2018-12-31,F-central-88,88,3,F,central,4014.9,764,0.1902923,2019-06-30T09:00:00Z
2018-12-31,F-central-89,89,3,F,central,3305.0,658,0.1990941,2019-06-30T09:00:00Z
2018-12-31,F-central-90,90,3,F,central,3278.9,799,0.2436762,2019-06-30T09:00:00Z
2018-12-31,F-central-91,91,3,F,central,3156.4,822,0.2604256,2019-06-30T09:00:00Z
2018-12-31,F-central-92,92,3,F,central,3190.1,996,0.3122129,2019-06-30T09:00:00Z
2018-12-31,F-central-93,93,3,F,central,2827.1,942,0.333199,2019-06-30T09:00:00Z
2018-12-31,F-central-94,94,3,F,central,3126.4,1124,0.3595157,2019-06-30T09:00:00Z
2018-12-31,F-central-95,95,3,F,central,2654.9,1032,0.3887143,2019-06-30T09:00:00Z
2018-12-31,F-south-40,40,3,F,south,20337.0,33,0.0016227,2019-06-30T09:00:00Z
2018-12-31,F-south-41,41,3,F,south,19477.5,30,0.0015402,2019-06-30T09:00:00Z
2018-12-31,F-south-42,42,3,F,south,18174.1,24,0.0013206,2019-06-30T09:00:00Z
2018-12-31,F-south-43,43,3,F,south,19156.6,38,0.0019837,2019-06-30T09:00:00Z
2018-12-31,F-south-44,44,3,F,south,15842.8,36,0.0022723,2019-06-30T09:00:00Z
2018-12-31,F-south-45,45,3,F,south,15561.1,37,0.0023777,2019-06-30T09:00:00Z
2018-12-31,F-south-46,46,3,F,south,16234.7,54,0.0033262,2019-06-30T09:00:00Z
2018-12-31,F-south-47,47,3,F,south,14457.1,41,0.002836,2019-06-30T09:00:00Z
2018-12-31,F-south-48,48,3,F,south,13693.9,42,0.0030671,2019-06-30T09:00:00Z
2018-12-31,F-south-49,49,3,F,south,15775.6,71,0.0045006,2019-06-30T09:00:00Z
2018-12-31,F-south-50,50,3,F,south,13234.8,48,0.0036268,2019-06-30T09:00:00Z
2018-12-31,F-south-51,51,3,F,south,12651.6,41,0.0032407,2019-06-30T09:00:00Z
2018-12-31,F-south-52,52,3,F,south,12648.4,52,0.0041112,2019-06-30T09:00:00Z
2018-12-31,F-south-53,53,3,F,south,12768.6,76,0.0059521,2019-06-30T09:00:00Z
2018-12-31,F-south-54,54,3,F,south,12807.5,50,0.003904,2019-06-30T09:00:00Z
2018-12-31,F-south-55,55,3,F,south,11801.4,72,0.006101,2019-06-30T09:00:00Z
2018-12-31,F-south-56,56,3,F,south,10936.5,89,0.0081379,2019-06-30T09:00:00Z
2018-12-31,F-south-57,57,3,F,south,9982.3,68,0.006812,2019-06-30T09:00:00Z
2018-12-31,F-south-58,58,3,F,south,11103.5,75,0.0067546,2019-06-30T09:00:00Z
2018-12-31,F-south-59,59,3,F,south,9483.2,85,0.0089632,2019-06-30T09:00:00Z
2018-12-31,F-south-60,60,3,F,south,9357.0,96,0.0102597,2019-06-30T09:00:00Z
2018-12-31,F-south-61,61,3,F,south,9393.2,107,0.0113913,2019-06-30T09:00:00Z
2018-12-31,F-south-62,62,3,F,south,8805.0,99,0.0112436,2019-06-30T09:00:00Z
2018-12-31,F-south-63,63,3,F,south,8108.2,123,0.0151697,2019-06-30T09:00:00Z
2018-12-31,F-south-64,64,3,F,south,9038.0,112,0.0123921,2019-06-30T09:00:00Z
2018-12-31,F-south-65,65,3,F,south,7588.1,113,0.0148917,2019-06-30T09:00:00Z
2018-12-31,F-south-66,66,3,F,south,8504.5,156,0.0183432,2019-06-30T09:00:00Z
2018-12-31,F-south-67,67,3,F,south,8056.1,162,0.020109,2019-06-30T09:00:00Z
2018-12-31,F-south-68,68,3,F,south,7047.7,137,0.019439,2019-06-30T09:00:00Z
2018-12-31,F-south-69,69,3,F,south,7447.0,184,0.0247081,2019-06-30T09:00:00Z
2018-12-31,F-south-70,70,3,F,south,7055.8,189,0.0267864,2019-06-30T09:00:00Z
2018-12-31,F-south-71,71,3,F,south,6937.6,201,0.0289727,2019-06-30T09:00:00Z
2018-12-31,F-south-72,72,3,F,south,6167.5,202,0.0327526,2019-06-30T09:00:00Z
2018-12-31,F-south-73,73,3,F,south,6493.5,239,0.0368063,2019-06-30T09:00:00Z
2018-12-31,F-south-74,74,3,F,south,5927.4,223,0.0376222,2019-06-30T09:00:00Z
2018-12-31,F-south-75,75,3,F,south,5869.9,264,0.0449755,2019-06-30T09:00:00Z
2018-12-31,F-south-76,76,3,F,south,5787.8,293,0.0506238,2019-06-30T09:00:00Z
2018-12-31,F-south-77,77,3,F,south,5038.3,317,0.0629177,2019-06-30T09:00:00Z
2018-12-31,F-south-78,78,3,F,south,5307.6,358,0.0674504,2019-06-30T09:00:00Z
2018-12-31,F-south-79,79,3,F,south,4781.7,354,0.0740324,2019-06-30T09:00:00Z
2018-12-31,F-south-80,80,3,F,south,4760.5,354,0.0743627,2019-06-30T09:00:00Z
2018-12-31,F-south-81,81,3,F,south,4907.6,431,0.0878222,2019-06-30T09:00:00Z
2018-12-31,F-south-82,82,3,F,south,4980.6,487,0.0977798,2019-06-30T09:00:00Z
2018-12-31,F-south-83,83,3,F,south,4302.9,487,0.11318,2019-06-30T09:00:00Z
2018-12-31,F-south-84,84,3,F,south,4399.1,548,0.1245718,2019-06-30T09:00:00Z
2018-12-31,F-south-85,85,3,F,south,4495.5,593,0.1319102,2019-06-30T09:00:00Z
2018-12-31,F-south-86,86,3,F,south,3947.4,580,0.1469337,2019-06-30T09:00:00Z
2018-12-31,F-south-87,87,3,F,south,3497.8,584,0.1669606,2019-06-30T09:00:00Z
2018-12-31,F-south-88,88,3,F,south,3755.5,707,0.1882591,2019-06-30T09:00:00Z
2018-12-31,F-south-89,89,3,F,south,3933.7,755,0.1919302,2019-06-30T09:00:00Z
2018-12-31,F-south-90,90,3,F,south,3492.4,800,0.2290714,2019-06-30T09:00:00Z
2018-12-31,F-south-91,91,3,F,south,3605.4,905,0.2510154,2019-06-30T09:00:00Z
2018-12-31,F-south-92,92,3,F,south,3495.7,985,0.2817763,2019-06-30T09:00:00Z
2018-12-31,F-south-93,93,3,F,south,2889.7,915,0.3166471,2019-06-30T09:00:00Z
2018-12-31,F-south-94,94,3,F,south,2833.9,951,0.3355762,2019-06-30T09:00:00Z
2018-12-31,F-south-95,95,3,F,south,3018.8,1151,0.3812764,2019-06-30T09:00:00Z
2019-12-31,M-north-40,40,4,M,north,19243.7,72,0.0037415,2020-06-30T09:00:00Z
2019-12-31,M-north-41,41,4,M,north,18990.4,70,0.0036861,2020-06-30T09:00:00Z
2019-12-31,M-north-42,42,4,M,north,19897.8,67,0.0033672,2020-06-30T09:00:00Z
2019-12-31,M-north-43,43,4,M,north,17848.1,63,0.0035298,2020-06-30T09:00:00Z
2019-12-31,M-north-44,44,4,M,north,17949.5,66,0.003677,2020-06-30T09:00:00Z
2019-12-31,M-north-45,45,4,M,north,16082.8,74,0.0046012,2020-06-30T09:00:00Z
2019-12-31,M-north-46,46,4,M,north,16571.7,86,0.0051896,2020-06-30T09:00:00Z
2019-12-31,M-north-47,47,4,M,north,15942.1,71,0.0044536,2020-06-30T09:00:00Z
2019-12-31,M-north-48,48,4,M,north,14244.5,76,0.0053354,2020-06-30T09:00:00Z
2019-12-31,M-north-49,49,4,M,north,13777.5,70,0.0050807,2020-06-30T09:00:00Z
2019-12-31,M-north-50,50,4,M,north,14323.9,95,0.0066323,2020-06-30T09:00:00Z
2019-12-31,M-north-51,51,4,M,north,13069.8,94,0.0071921,2020-06-30T09:00:00Z
2019-12-31,M-north-52,52,4,M,north,14126.3,115,0.0081408,2020-06-30T09:00:00Z
2019-12-31,M-north-53,53,4,M,north,12823.5,116,0.0090459,2020-06-30T09:00:00Z
2019-12-31,M-north-54,54,4,M,north,13142.8,108,0.0082174,2020-06-30T09:00:00Z
2019-12-31,M-north-55,55,4,M,north,12998.4,158,0.0121554,2020-06-30T09:00:00Z
2019-12-31,M-north-56,56,4,M,north,10309.4,134,0.0129978,2020-06-30T09:00:00Z
2019-12-31,M-north-57,57,4,M,north,11269.6,152,0.0134876,2020-06-30T09:00:00Z
2019-12-31,M-north-58,58,4,M,north,10454.8,161,0.0153996,2020-06-30T09:00:00Z
2019-12-31,M-north-59,59,4,M,north,11022.5,187,0.0169653,2020-06-30T09:00:00Z
2019-12-31,M-north-60,60,4,M,north,9108.1,160,0.0175668,2020-06-30T09:00:00Z
2019-12-31,M-north-61,61,4,M,north,9284.6,164,0.0176636,2020-06-30T09:00:00Z
2019-12-31,M-north-62,62,4,M,north,9097.8,207,0.0227526,2020-06-30T09:00:00Z
2019-12-31,M-north-63,63,4,M,north,8141.5,231,0.0283731,2020-06-30T09:00:00Z
2019-12-31,M-north-64,64,4,M,north,7907.4,206,0.0260517,2020-06-30T09:00:00Z
2019-12-31,M-north-65,65,4,M,north,9105.5,260,0.0285541,2020-06-30T09:00:00Z
2019-12-31,M-north-66,66,4,M,north,7714.3,260,0.0337038,2020-06-30T09:00:00Z
2019-12-31,M-north-67,67,4,M,north,7979.3,285,0.0357173,2020-06-30T09:00:00Z
2019-12-31,M-north-68,68,4,M,north,8214.1,323,0.0393224,2020-06-30T09:00:00Z
2019-12-31,M-north-69,69,4,M,north,7400.3,352,0.0475654,2020-06-30T09:00:00Z
2019-12-31,M-north-70,70,4,M,north,7660.2,397,0.0518265,2020-06-30T09:00:00Z
2019-12-31,M-north-71,71,4,M,north,6727.9,358,0.0532115,2020-06-30T09:00:00Z
2019-12-31,M-north-72,72,4,M,north,6745.2,415,0.0615251,2020-06-30T09:00:00Z
2019-12-31,M-north-73,73,4,M,north,5994.3,406,0.067731,2020-06-30T09:00:00Z
2019-12-31,M-north-74,74,4,M,north,5637.4,447,0.0792922,2020-06-30T09:00:00Z
2019-12-31,M-north-75,75,4,M,north,5776.3,501,0.0867333,2020-06-30T09:00:00Z
2019-12-31,M-north-76,76,4,M,north,6010.8,552,0.0918344,2020-06-30T09:00:00Z
2019-12-31,M-north-77,77,4,M,north,5555.7,584,0.1051178,2020-06-30T09:00:00Z
2019-12-31,M-north-78,78,4,M,north,5495.4,656,0.1193728,2020-06-30T09:00:00Z
2019-12-31,M-north-79,79,4,M,north,5315.5,671,0.1262347,2020-06-30T09:00:00Z
2019-12-31,M-north-80,80,4,M,north,5280.4,772,0.1462,2020-06-30T09:00:00Z
2019-12-31,M-north-81,81,4,M,north,4675.2,775,0.1657684,2020-06-30T09:00:00Z
2019-12-31,M-north-82,82,4,M,north,4717.5,817,0.1731843,2020-06-30T09:00:00Z
2019-12-31,M-north-83,83,4,M,north,4119.6,824,0.2000196,2020-06-30T09:00:00Z
2019-12-31,M-north-84,84,4,M,north,4239.4,943,0.2224348,2020-06-30T09:00:00Z
2019-12-31,M-north-85,85,4,M,north,3878.2,971,0.2503722,2020-06-30T09:00:00Z
2019-12-31,M-north-86,86,4,M,north,4356.7,1157,0.2655683,2020-06-30T09:00:00Z
2019-12-31,M-north-87,87,4,M,north,4062.1,1182,0.2909854,2020-06-30T09:00:00Z
2019-12-31,M-north-88,88,4,M,north,3849.3,1228,0.3190187,2020-06-30T09:00:00Z
2019-12-31,M-north-89,89,4,M,north,3716.0,1386,0.3729812,2020-06-30T09:00:00Z
2019-12-31,M-north-90,90,4,M,north,3495.5,1487,0.4254034,2020-06-30T09:00:00Z
2019-12-31,M-north-91,91,4,M,north,3621.1,1667,0.4603618,2020-06-30T09:00:00Z
2019-12-31,M-north-92,92,4,M,north,3469.6,1717,0.4948695,2020-06-30T09:00:00Z
2019-12-31,M-north-93,93,4,M,north,2906.7,1610,0.5538989,2020-06-30T09:00:00Z
2019-12-31,M-north-94,94,4,M,north,3109.8,2012,0.6469921,2020-06-30T09:00:00Z
2019-12-31,M-north-95,95,4,M,north,3175.1,2263,0.7127421,2020-06-30T09:00:00Z
2019-12-31,M-central-40,40,4,M,central,20799.1,59,0.0028367,2020-06-30T09:00:00Z
2019-12-31,M-central-41,41,4,M,central,19959.8,57,0.0028557,2020-06-30T09:00:00Z
2019-12-31,M-central-42,42,4,M,central,19411.8,48,0.0024727,2020-06-30T09:00:00Z
2019-12-31,M-central-43,43,4,M,central,17905.4,64,0.0035743,2020-06-30T09:00:00Z
2019-12-31,M-central-44,44,4,M,central,17629.4,67,0.0038005,2020-06-30T09:00:00Z
2019-12-31,M-central-45,45,4,M,central,17292.0,69,0.0039903,2020-06-30T09:00:00Z
2019-12-31,M-central-46,46,4,M,central,16970.2,69,0.004066,2020-06-30T09:00:00Z
2019-12-31,M-central-47,47,4,M,central,15834.2,75,0.0047366,2020-06-30T09:00:00Z
2019-12-31,M-central-48,48,4,M,central,16306.5,87,0.0053353,2020-06-30T09:00:00Z
2019-12-31,M-central-49,49,4,M,central,15787.3,92,0.0058275,2020-06-30T09:00:00Z
2019-12-31,M-central-50,50,4,M,central,14819.8,97,0.0065453,2020-06-30T09:00:00Z
2019-12-31,M-central-51,51,4,M,central,12784.0,84,0.0065707,2020-06-30T09:00:00Z
2019-12-31,M-central-52,52,4,M,central,12833.4,81,0.0063117,2020-06-30T09:00:00Z
2019-12-31,M-central-53,53,4,M,central,11767.5,113,0.0096027,2020-06-30T09:00:00Z
2019-12-31,M-central-54,54,4,M,central,11163.9,113,0.0101219,2020-06-30T09:00:00Z
2019-12-31,M-central-55,55,4,M,central,11618.1,110,0.009468,2020-06-30T09:00:00Z
2019-12-31,M-central-56,56,4,M,central,10317.0,139,0.0134728,2020-06-30T09:00:00Z
2019-12-31,M-central-57,57,4,M,central,11135.8,147,0.0132006,2020-06-30T09:00:00Z
2019-12-31,M-central-58,58,4,M,central,10690.0,139,0.0130029,2020-06-30T09:00:00Z
2019-12-31,M-central-59,59,4,M,central,9854.5,175,0.0177584,2020-06-30T09:00:00Z
2019-12-31,M-central-60,60,4,M,central,9239.0,171,0.0185085,2020-06-30T09:00:00Z
2019-12-31,M-central-61,61,4,M,central,9252.6,151,0.0163197,2020-06-30T09:00:00Z
2019-12-31,M-central-62,62,4,M,central,9925.2,205,0.0206546,2020-06-30T09:00:00Z
2019-12-31,M-central-63,63,4,M,central,8386.5,208,0.0248016,2020-06-30T09:00:00Z
2019-12-31,M-central-64,64,4,M,central,8467.0,209,0.024684,2020-06-30T09:00:00Z
2019-12-31,M-central-65,65,4,M,central,8265.7,260,0.0314551,2020-06-30T09:00:00Z
2019-12-31,M-central-66,66,4,M,central,8271.9,265,0.0320361,2020-06-30T09:00:00Z
2019-12-31,M-central-67,67,4,M,central,7860.1,268,0.0340964,2020-06-30T09:00:00Z
2019-12-31,M-central-68,68,4,M,central,7148.9,285,0.0398662,2020-06-30T09:00:00Z
2019-12-31,M-central-69,69,4,M,central,6706.7,294,0.043837,2020-06-30T09:00:00Z
2019-12-31,M-central-70,70,4,M,central,7393.0,373,0.0504534,2020-06-30T09:00:00Z
2019-12-31,M-central-71,71,4,M,central,7397.9,368,0.0497441,2020-06-30T09:00:00Z
2019-12-31,M-central-72,72,4,M,central,6526.7,424,0.0649638,2020-06-30T09:00:00Z
2019-12-31,M-central-73,73,4,M,central,6065.6,387,0.0638026,2020-06-30T09:00:00Z
2019-12-31,M-central-74,74,4,M,central,6263.3,472,0.0753594,2020-06-30T09:00:00Z
2019-12-31,M-central-75,75,4,M,central,5787.1,483,0.0834612,2020-06-30T09:00:00Z
2019-12-31,M-central-76,76,4,M,central,5969.4,551,0.0923035,2020-06-30T09:00:00Z
2019-12-31,M-central-77,77,4,M,central,5563.9,565,0.101547,2020-06-30T09:00:00Z
2019-12-31,M-central-78,78,4,M,central,4987.4,510,0.1022585,2020-06-30T09:00:00Z
2019-12-31,M-central-79,79,4,M,central,4730.2,562,0.1188122,2020-06-30T09:00:00Z
2019-12-31,M-central-80,80,4,M,central,4999.5,723,0.1446146,2020-06-30T09:00:00Z
2019-12-31,M-central-81,81,4,M,central,5029.1,835,0.1660338,2020-06-30T09:00:00Z
2019-12-31,M-central-82,82,4,M,central,4991.4,810,0.1622785,2020-06-30T09:00:00Z
2019-12-31,M-central-83,83,4,M,central,4785.5,916,0.1914125,2020-06-30T09:00:00Z
2019-12-31,M-central-84,84,4,M,central,4315.9,881,0.2041273,2020-06-30T09:00:00Z
2019-12-31,M-central-85,85,4,M,central,4020.8,960,0.2387596,2020-06-30T09:00:00Z
2019-12-31,M-central-86,86,4,M,central,4057.7,1040,0.2563046,2020-06-30T09:00:00Z
2019-12-31,M-central-87,87,4,M,central,3855.6,1094,0.2837431,2020-06-30T09:00:00Z
2019-12-31,M-central-88,88,4,M,central,3481.6,1109,0.3185284,2020-06-30T09:00:00Z
2019-12-31,M-central-89,89,4,M,central,3489.3,1223,0.3505041,2020-06-30T09:00:00Z
2019-12-31,M-central-90,90,4,M,central,3629.8,1367,0.3766069,2020-06-30T09:00:00Z
2019-12-31,M-central-91,91,4,M,central,3154.7,1397,0.4428252,2020-06-30T09:00:00Z
2019-12-31,M-central-92,92,4,M,central,3237.6,1472,0.4546618,2020-06-30T09:00:00Z
2019-12-31,M-central-93,93,4,M,central,2900.9,1553,0.5353558,2020-06-30T09:00:00Z
2019-12-31,M-central-94,94,4,M,central,2957.5,1717,0.5805563,2020-06-30T09:00:00Z
2019-12-31,M-central-95,95,4,M,central,2843.3,1928,0.6780958,2020-06-30T09:00:00Z
2019-12-31,M-south-40,40,4,M,south,19890.7,52,0.0026143,2020-06-30T09:00:00Z
2019-12-31,M-south-41,41,4,M,south,17594.5,54,0.0030691,2020-06-30T09:00:00Z
2019-12-31,M-south-42,42,4,M,south,18562.2,50,0.0026936,2020-06-30T09:00:00Z
2019-12-31,M-south-43,43,4,M,south,16531.2,53,0.0032061,2020-06-30T09:00:00Z
2019-12-31,M-south-44,44,4,M,south,17261.2,52,0.0030125,2020-06-30T09:00:00Z
2019-12-31,M-south-45,45,4,M,south,16320.8,65,0.0039827,2020-06-30T09:00:00Z
2019-12-31,M-south-46,46,4,M,south,16391.6,79,0.0048195,2020-06-30T09:00:00Z
2019-12-31,M-south-47,47,4,M,south,16217.5,87,0.0053646,2020-06-30T09:00:00Z
2019-12-31,M-south-48,48,4,M,south,16498.7,75,0.0045458,2020-06-30T09:00:00Z
2019-12-31,M-south-49,49,4,M,south,14603.8,80,0.005478,2020-06-30T09:00:00Z
2019-12-31,M-south-50,50,4,M,south,13436.5,90,0.0066982,2020-06-30T09:00:00Z
2019-12-31,M-south-51,51,4,M,south,13093.3,93,0.0071029,2020-06-30T09:00:00Z
2019-12-31,M-south-52,52,4,M,south,12635.7,108,0.0085472,2020-06-30T09:00:00Z
2019-12-31,M-south-53,53,4,M,south,13808.9,113,0.0081831,2020-06-30T09:00:00Z
2019-12-31,M-south-54,54,4,M,south,12289.9,107,0.0087063,2020-06-30T09:00:00Z
2019-12-31,M-south-55,55,4,M,south,12672.0,132,0.0104167,2020-06-30T09:00:00Z
2019-12-31,M-south-56,56,4,M,south,12292.4,139,0.0113078,2020-06-30T09:00:00Z
2019-12-31,M-south-57,57,4,M,south,10912.0,131,0.0120051,2020-06-30T09:00:00Z
2019-12-31,M-south-58,58,4,M,south,9943.7,129,0.0129731,2020-06-30T09:00:00Z
2019-12-31,M-south-59,59,4,M,south,10504.4,139,0.0132325,2020-06-30T09:00:00Z
2019-12-31,M-south-60,60,4,M,south,10348.7,174,0.0168137,2020-06-30T09:00:00Z
2019-12-31,M-south-61,61,4,M,south,10329.0,168,0.0162648,2020-06-30T09:00:00Z
2019-12-31,M-south-62,62,4,M,south,9341.0,194,0.0207687,2020-06-30T09:00:00Z
2019-12-31,M-south-63,63,4,M,south,8247.6,158,0.0191571,2020-06-30T09:00:00Z
2019-12-31,M-south-64,64,4,M,south,8319.7,192,0.0230777,2020-06-30T09:00:00Z
2019-12-31,M-south-65,65,4,M,south,8534.6,240,0.0281207,2020-06-30T09:00:00Z
2019-12-31,M-south-66,66,4,M,south,8117.0,256,0.0315386,2020-06-30T09:00:00Z
2019-12-31,M-south-67,67,4,M,south,7819.4,255,0.032611,2020-06-30T09:00:00Z
2019-12-31,M-south-68,68,4,M,south,7890.4,253,0.0320642,2020-06-30T09:00:00Z
2019-12-31,M-south-69,69,4,M,south,7452.8,337,0.0452179,2020-06-30T09:00:00Z
2019-12-31,M-south-70,70,4,M,south,6627.1,300,0.0452688,2020-06-30T09:00:00Z
2019-12-31,M-south-71,71,4,M,south,6150.5,323,0.0525164,2020-06-30T09:00:00Z
2019-12-31,M-south-72,72,4,M,south,6930.1,377,0.0544,2020-06-30T09:00:00Z
2019-12-31,M-south-73,73,4,M,south,6921.9,422,0.0609662,2020-06-30T09:00:00Z
2019-12-31,M-south-74,74,4,M,south,5570.3,389,0.0698348,2020-06-30T09:00:00Z
2019-12-31,M-south-75,75,4,M,south,5904.2,449,0.0760473,2020-06-30T09:00:00Z
2019-12-31,M-south-76,76,4,M,south,5358.1,435,0.0811862,2020-06-30T09:00:00Z
2019-12-31,M-south-77,77,4,M,south,5504.7,530,0.0962815,2020-06-30T09:00:00Z
2019-12-31,M-south-78,78,4,M,south,5364.2,601,0.1120386,2020-06-30T09:00:00Z
2019-12-31,M-south-79,79,4,M,south,4977.1,574,0.1153283,2020-06-30T09:00:00Z
2019-12-31,M-south-80,80,4,M,south,4625.3,643,0.1390187,2020-06-30T09:00:00Z
2019-12-31,M-south-81,81,4,M,south,4424.7,613,0.1385394,2020-06-30T09:00:00Z
2019-12-31,M-south-82,82,4,M,south,4802.7,809,0.1684452,2020-06-30T09:00:00Z
2019-12-31,M-south-83,83,4,M,south,4141.0,709,0.1712128,2020-06-30T09:00:00Z
2019-12-31,M-south-84,84,4,M,south,4700.4,916,0.1948761,2020-06-30T09:00:00Z
2019-12-31,M-south-85,85,4,M,south,4466.8,995,0.2227522,2020-06-30T09:00:00Z
2019-12-31,M-south-86,86,4,M,south,3912.5,933,0.238469,2020-06-30T09:00:00Z
2019-12-31,M-south-87,87,4,M,south,3489.4,952,0.2728239,2020-06-30T09:00:00Z
2019-12-31,M-south-88,88,4,M,south,3708.3,1145,0.3087688,2020-06-30T09:00:00Z
2019-12-31,M-south-89,89,4,M,south,3299.9,1150,0.3484991,2020-06-30T09:00:00Z
2019-12-31,M-south-90,90,4,M,south,3261.7,1192,0.365456,2020-06-30T09:00:00Z
2019-12-31,M-south-91,91,4,M,south,3678.0,1492,0.4056506,2020-06-30T09:00:00Z
2019-12-31,M-south-92,92,4,M,south,3505.2,1557,0.4442014,2020-06-30T09:00:00Z
2019-12-31,M-south-93,93,4,M,south,3005.2,1541,0.5127785,2020-06-30T09:00:00Z
2019-12-31,M-south-94,94,4,M,south,3046.6,1738,0.5704808,2020-06-30T09:00:00Z
2019-12-31,M-south-95,95,4,M,south,3164.7,1999,0.6316503,2020-06-30T09:00:00Z
2019-12-31,F-north-40,40,4,F,north,21243.6,36,0.0016946,2020-06-30T09:00:00Z
2019-12-31,F-north-41,41,4,F,north,19389.5,38,0.0019598,2020-06-30T09:00:00Z
2019-12-31,F-north-42,42,4,F,north,20209.6,39,0.0019298,2020-06-30T09:00:00Z
2019-12-31,F-north-43,43,4,F,north,18281.2,29,0.0015863,2020-06-30T09:00:00Z
2019-12-31,F-north-44,44,4,F,north,17325.9,34,0.0019624,2020-06-30T09:00:00Z
2019-12-31,F-north-45,45,4,F,north,15430.3,48,0.0031108,2020-06-30T09:00:00Z
2019-12-31,F-north-46,46,4,F,north,15035.7,53,0.0035249,2020-06-30T09:00:00Z
2019-12-31,F-north-47,47,4,F,north,15033.0,47,0.0031265,2020-06-30T09:00:00Z
2019-12-31,F-north-48,48,4,F,north,15473.7,46,0.0029728,2020-06-30T09:00:00Z
2019-12-31,F-north-49,49,4,F,north,16030.3,50,0.0031191,2020-06-30T09:00:00Z
2019-12-31,F-north-50,50,4,F,north,12782.8,35,0.0027381,2020-06-30T09:00:00Z
2019-12-31,F-north-51,51,4,F,north,13606.4,54,0.0039687,2020-06-30T09:00:00Z
2019-12-31,F-north-52,52,4,F,north,13795.9,60,0.0043491,2020-06-30T09:00:00Z
2019-12-31,F-north-53,53,4,F,north,12488.7,76,0.0060855,2020-06-30T09:00:00Z
2019-12-31,F-north-54,54,4,F,north,13238.4,94,0.0071006,2020-06-30T09:00:00Z
2019-12-31,F-north-55,55,4,F,north,12766.7,97,0.0075979,2020-06-30T09:00:00Z
2019-12-31,F-north-56,56,4,F,north,12566.2,88,0.0070029,2020-06-30T09:00:00Z
2019-12-31,F-north-57,57,4,F,north,11821.0,102,0.0086287,2020-06-30T09:00:00Z
2019-12-31,F-north-58,58,4,F,north,10285.0,84,0.0081673,2020-06-30T09:00:00Z
2019-12-31,F-north-59,59,4,F,north,10822.5,106,0.0097944,2020-06-30T09:00:00Z
2019-12-31,F-north-60,60,4,F,north,9082.9,110,0.0121107,2020-06-30T09:00:00Z
2019-12-31,F-north-61,61,4,F,north,9373.4,123,0.0131222,2020-06-30T09:00:00Z
2019-12-31,F-north-62,62,4,F,north,8619.9,123,0.0142694,2020-06-30T09:00:00Z
2019-12-31,F-north-63,63,4,F,north,8298.5,119,0.0143399,2020-06-30T09:00:00Z
2019-12-31,F-north-64,64,4,F,north,9049.8,142,0.0156909,2020-06-30T09:00:00Z
2019-12-31,F-north-65,65,4,F,north,7633.6,154,0.020174,2020-06-30T09:00:00Z
2019-12-31,F-north-66,66,4,F,north,7354.4,153,0.0208039,2020-06-30T09:00:00Z
2019-12-31,F-north-67,67,4,F,north,7107.7,149,0.0209631,2020-06-30T09:00:00Z
2019-12-31,F-north-68,68,4,F,north,8052.9,202,0.0250841,2020-06-30T09:00:00Z
2019-12-31,F-north-69,69,4,F,north,6699.9,184,0.0274633,2020-06-30T09:00:00Z
2019-12-31,F-north-70,70,4,F,north,7307.5,221,0.0302429,2020-06-30T09:00:00Z
2019-12-31,F-north-71,71,4,F,north,6463.1,235,0.0363601,2020-06-30T09:00:00Z
2019-12-31,F-north-72,72,4,F,north,6505.8,260,0.0399644,2020-06-30T09:00:00Z
2019-12-31,F-north-73,73,4,F,north,6726.5,254,0.0377613,2020-06-30T09:00:00Z
2019-12-31,F-north-74,74,4,F,north,6648.1,299,0.0449754,2020-06-30T09:00:00Z
2019-12-31,F-north-75,75,4,F,north,5507.6,289,0.0524734,2020-06-30T09:00:00Z
2019-12-31,F-north-76,76,4,F,north,5471.7,322,0.0588488,2020-06-30T09:00:00Z
2019-12-31,F-north-77,77,4,F,north,5571.5,344,0.0617428,2020-06-30T09:00:00Z
2019-12-31,F-north-78,78,4,F,north,5722.3,401,0.0700765,2020-06-30T09:00:00Z
2019-12-31,F-north-79,79,4,F,north,5602.2,469,0.0837174,2020-06-30T09:00:00Z
2019-12-31,F-north-80,80,4,F,north,4447.2,377,0.0847724,2020-06-30T09:00:00Z
2019-12-31,F-north-81,81,4,F,north,4556.3,474,0.1040323,2020-06-30T09:00:00Z
2019-12-31,F-north-82,82,4,F,north,4257.1,466,0.1094648,2020-06-30T09:00:00Z
2019-12-31,F-north-83,83,4,F,north,4435.6,488,0.1100197,2020-06-30T09:00:00Z
2019-12-31,F-north-84,84,4,F,north,4559.5,591,0.1296185,2020-06-30T09:00:00Z
2019-12-31,F-north-85,85,4,F,north,3946.9,564,0.1428986,2020-06-30T09:00:00Z
2019-12-31,F-north-86,86,4,F,north,4229.1,641,0.1515692,2020-06-30T09:00:00Z
2019-12-31,F-north-87,87,4,F,north,3646.0,661,0.1812965,2020-06-30T09:00:00Z
2019-12-31,F-north-88,88,4,F,north,3661.1,716,0.1955715,2020-06-30T09:00:00Z
2019-12-31,F-north-89,89,4,F,north,3739.5,877,0.2345206,2020-06-30T09:00:00Z
2019-12-31,F-north-90,90,4,F,north,3515.5,888,0.2525922,2020-06-30T09:00:00Z
2019-12-31,F-north-91,91,4,F,north,3302.0,934,0.2828562,2020-06-30T09:00:00Z
2019-12-31,F-north-92,92,4,F,north,3405.0,1055,0.3098377,2020-06-30T09:00:00Z
2019-12-31,F-north-93,93,4,F,north,2920.8,927,0.3173745,2020-06-30T09:00:00Z
2019-12-31,F-north-94,94,4,F,north,3186.4,1204,0.3778589,2020-06-30T09:00:00Z
2019-12-31,F-north-95,95,4,F,north,2825.5,1202,0.42541,2020-06-30T09:00:00Z
2019-12-31,F-central-40,40,4,F,central,21922.5,28,0.0012772,2020-06-30T09:00:00Z
2019-12-31,F-central-41,41,4,F,central,18816.4,36,0.0019132,2020-06-30T09:00:00Z
2019-12-31,F-central-42,42,4,F,central,20442.8,44,0.0021523,2020-06-30T09:00:00Z
2019-12-31,F-central-43,43,4,F,central,16293.0,36,0.0022095,2020-06-30T09:00:00Z
2019-12-31,F-central-44,44,4,F,central,15988.8,32,0.0020014,2020-06-30T09:00:00Z
2019-12-31,F-central-45,45,4,F,central,17341.3,45,0.002595,2020-06-30T09:00:00Z
2019-12-31,F-central-46,46,4,F,central,17753.3,57,0.0032107,2020-06-30T09:00:00Z
2019-12-31,F-central-47,47,4,F,central,16365.8,43,0.0026274,2020-06-30T09:00:00Z
2019-12-31,F-central-48,48,4,F,central,14286.1,44,0.0030799,2020-06-30T09:00:00Z
2019-12-31,F-central-49,49,4,F,central,14738.3,45,0.0030533,2020-06-30T09:00:00Z
2019-12-31,F-central-50,50,4,F,central,14629.0,58,0.0039647,2020-06-30T09:00:00Z
2019-12-31,F-central-51,51,4,F,central,12715.4,60,0.0047187,2020-06-30T09:00:00Z
2019-12-31,F-central-52,52,4,F,central,12879.6,70,0.005435,2020-06-30T09:00:00Z
2019-12-31,F-central-53,53,4,F,central,13092.4,67,0.0051175,2020-06-30T09:00:00Z
2019-12-31,F-central-54,54,4,F,central,11270.1,56,0.0049689,2020-06-30T09:00:00Z
2019-12-31,F-central-55,55,4,F,central,11210.9,71,0.0063331,2020-06-30T09:00:00Z
2019-12-31,F-central-56,56,4,F,central,11370.2,86,0.0075636,2020-06-30T09:00:00Z
2019-12-31,F-central-57,57,4,F,central,11631.7,96,0.0082533,2020-06-30T09:00:00Z
2019-12-31,F-central-58,58,4,F,central,11403.5,86,0.0075416,2020-06-30T09:00:00Z
2019-12-31,F-central-59,59,4,F,central,9286.3,90,0.0096917,2020-06-30T09:00:00Z
2019-12-31,F-central-60,60,4,F,central,9334.7,80,0.0085702,2020-06-30T09:00:00Z
2019-12-31,F-central-61,61,4,F,central,10134.9,109,0.0107549,2020-06-30T09:00:00Z
2019-12-31,F-central-62,62,4,F,central,8874.7,113,0.0127328,2020-06-30T09:00:00Z
2019-12-31,F-central-63,63,4,F,central,9393.0,127,0.0135207,2020-06-30T09:00:00Z
2019-12-31,F-central-64,64,4,F,central,9384.0,134,0.0142796,2020-06-30T09:00:00Z
2019-12-31,F-central-65,65,4,F,central,8172.9,125,0.0152944,2020-06-30T09:00:00Z
2019-12-31,F-central-66,66,4,F,central,8796.7,147,0.0167108,2020-06-30T09:00:00Z
2019-12-31,F-central-67,67,4,F,central,8166.8,155,0.0189792,2020-06-30T09:00:00Z
2019-12-31,F-central-68,68,4,F,central,7549.3,177,0.0234459,2020-06-30T09:00:00Z
2019-12-31,F-central-69,69,4,F,central,7808.3,208,0.0266385,2020-06-30T09:00:00Z
2019-12-31,F-central-70,70,4,F,central,7202.4,171,0.023742,2020-06-30T09:00:00Z
2019-12-31,F-central-71,71,4,F,central,6548.3,188,0.0287095,2020-06-30T09:00:00Z
2019-12-31,F-central-72,72,4,F,central,6967.0,269,0.0386105,2020-06-30T09:00:00Z
2019-12-31,F-central-73,73,4,F,central,6773.2,268,0.0395677,2020-06-30T09:00:00Z
2019-12-31,F-central-74,74,4,F,central,5954.3,267,0.0448414,2020-06-30T09:00:00Z
2019-12-31,F-central-75,75,4,F,central,5621.4,263,0.0467859,2020-06-30T09:00:00Z
2019-12-31,F-central-76,76,4,F,central,5214.8,263,0.0504336,2020-06-30T09:00:00Z
2019-12-31,F-central-77,77,4,F,central,5114.0,335,0.0655059,2020-06-30T09:00:00Z
2019-12-31,F-central-78,78,4,F,central,4905.0,330,0.0672784,2020-06-30T09:00:00Z
2019-12-31,F-central-79,79,4,F,central,4812.4,358,0.0743915,2020-06-30T09:00:00Z
2019-12-31,F-central-80,80,4,F,central,5010.8,409,0.0816239,2020-06-30T09:00:00Z
2019-12-31,F-central-81,81,4,F,central,5195.9,493,0.0948834,2020-06-30T09:00:00Z
2019-12-31,F-central-82,82,4,F,central,4861.4,449,0.0923596,2020-06-30T09:00:00Z
2019-12-31,F-central-83,83,4,F,central,4776.1,548,0.1147373,2020-06-30T09:00:00Z
2019-12-31,F-central-84,84,4,F,central,4422.0,567,0.1282228,2020-06-30T09:00:00Z
2019-12-31,F-central-85,85,4,F,central,4103.9,582,0.1418168,2020-06-30T09:00:00Z
2019-12-31,F-central-86,86,4,F,central,4262.2,686,0.1609488,2020-06-30T09:00:00Z
2019-12-31,F-central-87,87,4,F,central,3953.6,675,0.1707283,2020-06-30T09:00:00Z
2019-12-31,F-central-88,88,4,F,central,3388.8,632,0.1864964,2020-06-30T09:00:00Z
2019-12-31,F-central-89,89,4,F,central,3760.7,791,0.210335,2020-06-30T09:00:00Z
2019-12-31,F-central-90,90,4,F,central,3756.9,840,0.2235893,2020-06-30T09:00:00Z
2019-12-31,F-central-91,91,4,F,central,3231.8,853,0.263936,2020-06-30T09:00:00Z
2019-12-31,F-central-92,92,4,F,central,3438.5,1004,0.2919855,2020-06-30T09:00:00Z
2019-12-31,F-central-93,93,4,F,central,2963.0,907,0.3061046,2020-06-30T09:00:00Z
2019-12-31,F-central-94,94,4,F,central,3154.5,1075,0.3407829,2020-06-30T09:00:00Z
2019-12-31,F-central-95,95,4,F,central,2937.9,1122,0.3819023,2020-06-30T09:00:00Z
2019-12-31,F-south-40,40,4,F,south,21994.4,36,0.0016368,2020-06-30T09:00:00Z
2019-12-31,F-south-41,41,4,F,south,18802.4,21,0.0011169,2020-06-30T09:00:00Z
2019-12-31,F-south-42,42,4,F,south,19634.6,34,0.0017316,2020-06-30T09:00:00Z
2019-12-31,F-south-43,43,4,F,south,17453.5,32,0.0018334,2020-06-30T09:00:00Z
2019-12-31,F-south-44,44,4,F,south,16304.3,25,0.0015333,2020-06-30T09:00:00Z
2019-12-31,F-south-45,45,4,F,south,17513.4,41,0.0023411,2020-06-30T09:00:00Z
2019-12-31,F-south-46,46,4,F,south,17213.9,39,0.0022656,2020-06-30T09:00:00Z
2019-12-31,F-south-47,47,4,F,south,15503.9,49,0.0031605,2020-06-30T09:00:00Z
2019-12-31,F-south-48,48,4,F,south,14809.4,44,0.0029711,2020-06-30T09:00:00Z
2019-12-31,F-south-49,49,4,F,south,15464.2,52,0.0033626,2020-06-30T09:00:00Z
2019-12-31,F-south-50,50,4,F,south,13348.8,41,0.0030714,2020-06-30T09:00:00Z
2019-12-31,F-south-51,51,4,F,south,14285.7,53,0.00371,2020-06-30T09:00:00Z
2019-12-31,F-south-52,52,4,F,south,13608.9,61,0.0044824,2020-06-30T09:00:00Z
2019-12-31,F-south-53,53,4,F,south,13109.7,66,0.0050344,2020-06-30T09:00:00Z
2019-12-31,F-south-54,54,4,F,south,12663.8,68,0.0053696,2020-06-30T09:00:00Z
2019-12-31,F-south-55,55,4,F,south,12951.3,75,0.0057909,2020-06-30T09:00:00Z
2019-12-31,F-south-56,56,4,F,south,12079.3,86,0.0071196,2020-06-30T09:00:00Z
2019-12-31,F-south-57,57,4,F,south,11003.8,73,0.0066341,2020-06-30T09:00:00Z
2019-12-31,F-south-58,58,4,F,south,11440.4,108,0.0094403,2020-06-30T09:00:00Z
2019-12-31,F-south-59,59,4,F,south,9330.7,80,0.0085739,2020-06-30T09:00:00Z
2019-12-31,F-south-60,60,4,F,south,10633.8,103,0.0096861,2020-06-30T09:00:00Z
2019-12-31,F-south-61,61,4,F,south,9355.6,101,0.0107957,2020-06-30T09:00:00Z
2019-12-31,F-south-62,62,4,F,south,8776.5,107,0.0121917,2020-06-30T09:00:00Z
2019-12-31,F-south-63,63,4,F,south,9476.9,143,0.0150893,2020-06-30T09:00:00Z
2019-12-31,F-south-64,64,4,F,south,8527.3,118,0.0138379,2020-06-30T09:00:00Z
2019-12-31,F-south-65,65,4,F,south,8917.0,127,0.0142424,2020-06-30T09:00:00Z
2019-12-31,F-south-66,66,4,F,south,7675.2,119,0.0155045,2020-06-30T09:00:00Z
2019-12-31,F-south-67,67,4,F,south,7841.4,161,0.0205321,2020-06-30T09:00:00Z
2019-12-31,F-south-68,68,4,F,south,7562.6,165,0.0218179,2020-06-30T09:00:00Z
2019-12-31,F-south-69,69,4,F,south,7729.5,186,0.0240635,2020-06-30T09:00:00Z
2019-12-31,F-south-70,70,4,F,south,7078.9,215,0.030372,2020-06-30T09:00:00Z
2019-12-31,F-south-71,71,4,F,south,6929.0,215,0.0310291,2020-06-30T09:00:00Z
2019-12-31,F-south-72,72,4,F,south,7092.6,226,0.031864,2020-06-30T09:00:00Z
2019-12-31,F-south-73,73,4,F,south,6752.3,276,0.0408748,2020-06-30T09:00:00Z
2019-12-31,F-south-74,74,4,F,south,6518.5,270,0.0414207,2020-06-30T09:00:00Z
2019-12-31,F-south-75,75,4,F,south,6259.9,302,0.0482439,2020-06-30T09:00:00Z
2019-12-31,F-south-76,76,4,F,south,5979.3,320,0.0535182,2020-06-30T09:00:00Z
2019-12-31,F-south-77,77,4,F,south,5013.5,254,0.0506631,2020-06-30T09:00:00Z
2019-12-31,F-south-78,78,4,F,south,5521.3,328,0.0594068,2020-06-30T09:00:00Z
2019-12-31,F-south-79,79,4,F,south,5458.8,408,0.0747424,2020-06-30T09:00:00Z
2019-12-31,F-south-80,80,4,F,south,5324.7,395,0.0741827,2020-06-30T09:00:00Z
2019-12-31,F-south-81,81,4,F,south,4845.0,414,0.0854481,2020-06-30T09:00:00Z
2019-12-31,F-south-82,82,4,F,south,4241.0,416,0.0980911,2020-06-30T09:00:00Z
2019-12-31,F-south-83,83,4,F,south,4045.4,429,0.1060452,2020-06-30T09:00:00Z
2019-12-31,F-south-84,84,4,F,south,4421.7,604,0.1365989,2020-06-30T09:00:00Z
2019-12-31,F-south-85,85,4,F,south,4290.1,543,0.1265699,2020-06-30T09:00:00Z
2019-12-31,F-south-86,86,4,F,south,3792.1,529,0.1394996,2020-06-30T09:00:00Z
2019-12-31,F-south-87,87,4,F,south,3738.6,623,0.1666421,2020-06-30T09:00:00Z
2019-12-31,F-south-88,88,4,F,south,3601.3,633,0.1757704,2020-06-30T09:00:00Z
2019-12-31,F-south-89,89,4,F,south,3285.7,655,0.1993459,2020-06-30T09:00:00Z
2019-12-31,F-south-90,90,4,F,south,3135.7,680,0.2168603,2020-06-30T09:00:00Z
2019-12-31,F-south-91,91,4,F,south,3206.3,744,0.232044,2020-06-30T09:00:00Z
2019-12-31,F-south-92,92,4,F,south,3303.2,915,0.2770021,2020-06-30T09:00:00Z
2019-12-31,F-south-93,93,4,F,south,2925.6,876,0.2994292,2020-06-30T09:00:00Z
2019-12-31,F-south-94,94,4,F,south,3224.2,1104,0.3424144,2020-06-30T09:00:00Z
2019-12-31,F-south-95,95,4,F,south,3169.4,1165,0.3675764,2020-06-30T09:00:00Z
2020-12-31,M-north-40,40,5,M,north,19623.9,58,0.0029556,2021-06-30T09:00:00Z
2020-12-31,M-north-41,41,5,M,north,17816.0,60,0.0033678,2021-06-30T09:00:00Z
2020-12-31,M-north-42,42,5,M,north,17034.2,60,0.0035223,2021-06-30T09:00:00Z
2020-12-31,M-north-43,43,5,M,north,17741.6,54,0.0030437,2021-06-30T09:00:00Z
2020-12-31,M-north-44,44,5,M,north,17184.2,74,0.0043063,2021-06-30T09:00:00Z
2020-12-31,M-north-45,45,5,M,north,17042.3,82,0.0048116,2021-06-30T09:00:00Z
2020-12-31,M-north-46,46,5,M,north,15807.0,59,0.0037325,2021-06-30T09:00:00Z
2020-12-31,M-north-47,47,5,M,north,14323.4,64,0.0044682,2021-06-30T09:00:00Z
2020-12-31,M-north-48,48,5,M,north,15711.2,97,0.0061739,2021-06-30T09:00:00Z
2020-12-31,M-north-49,49,5,M,north,14776.1,87,0.0058879,2021-06-30T09:00:00Z
2020-12-31,M-north-50,50,5,M,north,15011.9,118,0.0078604,2021-06-30T09:00:00Z
2020-12-31,M-north-51,51,5,M,north,13296.0,89,0.0066937,2021-06-30T09:00:00Z
2020-12-31,M-north-52,52,5,M,north,11830.3,117,0.0098899,2021-06-30T09:00:00Z
2020-12-31,M-north-53,53,5,M,north,13454.5,116,0.0086216,2021-06-30T09:00:00Z
2020-12-31,M-north-54,54,5,M,north,12821.8,121,0.0094371,2021-06-30T09:00:00Z
2020-12-31,M-north-55,55,5,M,north,10693.5,103,0.009632,2021-06-30T09:00:00Z
2020-12-31,M-north-56,56,5,M,north,11162.1,122,0.0109298,2021-06-30T09:00:00Z
2020-12-31,M-north-57,57,5,M,north,10585.9,129,0.012186,2021-06-30T09:00:00Z
2020-12-31,M-north-58,58,5,M,north,9750.8,125,0.0128194,2021-06-30T09:00:00Z
2020-12-31,M-north-59,59,5,M,north,9432.5,151,0.0160085,2021-06-30T09:00:00Z
2020-12-31,M-north-60,60,5,M,north,10001.6,169,0.0168973,2021-06-30T09:00:00Z
2020-12-31,M-north-61,61,5,M,north,10359.8,219,0.0211394,2021-06-30T09:00:00Z
2020-12-31,M-north-62,62,5,M,north,9671.1,245,0.0253332,2021-06-30T09:00:00Z
2020-12-31,M-north-63,63,5,M,north,8786.1,214,0.0243567,2021-06-30T09:00:00Z
2020-12-31,M-north-64,64,5,M,north,8180.0,201,0.0245722,2021-06-30T09:00:00Z
2020-12-31,M-north-65,65,5,M,north,7653.9,275,0.0359295,2021-06-30T09:00:00Z
2020-12-31,M-north-66,66,5,M,north,7405.3,226,0.0305185,2021-06-30T09:00:00Z
2020-12-31,M-north-67,67,5,M,north,8129.6,310,0.0381322,2021-06-30T09:00:00Z
2020-12-31,M-north-68,68,5,M,north,7918.6,317,0.0400325,2021-06-30T09:00:00Z
2020-12-31,M-north-69,69,5,M,north,6634.6,304,0.0458203,2021-06-30T09:00:00Z
2020-12-31,M-north-70,70,5,M,north,6969.0,378,0.0542401,2021-06-30T09:00:00Z
2020-12-31,M-north-71,71,5,M,north,6357.3,361,0.0567851,2021-06-30T09:00:00Z
2020-12-31,M-north-72,72,5,M,north,6583.9,380,0.0577162,2021-06-30T09:00:00Z
2020-12-31,M-north-73,73,5,M,north,6100.8,418,0.0685157,2021-06-30T09:00:00Z
2020-12-31,M-north-74,74,5,M,north,6362.9,509,0.0799956,2021-06-30T09:00:00Z
2020-12-31,M-north-75,75,5,M,north,6375.6,558,0.0875207,2021-06-30T09:00:00Z
2020-12-31,M-north-76,76,5,M,north,6232.0,597,0.0957962,2021-06-30T09:00:00Z
2020-12-31,M-north-77,77,5,M,north,5612.3,590,0.1051268,2021-06-30T09:00:00Z
2020-12-31,M-north-78,78,5,M,north,5581.7,654,0.1171692,2021-06-30T09:00:00Z
2020-12-31,M-north-79,79,5,M,north,5207.1,694,0.1332796,2021-06-30T09:00:00Z
2020-12-31,M-north-80,80,5,M,north,4722.7,703,0.1488571,2021-06-30T09:00:00Z
2020-12-31,M-north-81,81,5,M,north,4590.0,714,0.155554,2021-06-30T09:00:00Z
2020-12-31,M-north-82,82,5,M,north,5011.7,881,0.1757895,2021-06-30T09:00:00Z
2020-12-31,M-north-83,83,5,M,north,4090.4,804,0.1965592,2021-06-30T09:00:00Z
2020-12-31,M-north-84,84,5,M,north,3979.4,865,0.2173715,2021-06-30T09:00:00Z
2020-12-31,M-north-85,85,5,M,north,3979.6,993,0.2495221,2021-06-30T09:00:00Z
2020-12-31,M-north-86,86,5,M,north,4240.1,1097,0.2587196,2021-06-30T09:00:00Z
2020-12-31,M-north-87,87,5,M,north,4208.1,1232,0.2927713,2021-06-30T09:00:00Z
2020-12-31,M-north-88,88,5,M,north,3841.7,1215,0.3162657,2021-06-30T09:00:00Z
2020-12-31,M-north-89,89,5,M,north,3447.0,1306,0.3788848,2021-06-30T09:00:00Z
2020-12-31,M-north-90,90,5,M,north,3292.8,1269,0.3853844,2021-06-30T09:00:00Z
2020-12-31,M-north-91,91,5,M,north,3612.6,1590,0.4401239,2021-06-30T09:00:00Z
2020-12-31,M-north-92,92,5,M,north,3425.5,1750,0.5108749,2021-06-30T09:00:00Z
2020-12-31,M-north-93,93,5,M,north,3404.1,1858,0.5458112,2021-06-30T09:00:00Z
2020-12-31,M-north-94,94,5,M,north,2804.9,1682,0.5996576,2021-06-30T09:00:00Z
2020-12-31,M-north-95,95,5,M,north,2960.0,2053,0.6935807,2021-06-30T09:00:00Z
2020-12-31,M-central-40,40,5,M,central,19785.1,53,0.0026788,2021-06-30T09:00:00Z
2020-12-31,M-central-41,41,5,M,central,20126.9,58,0.0028817,2021-06-30T09:00:00Z
2020-12-31,M-central-42,42,5,M,central,19249.4,59,0.003065,2021-06-30T09:00:00Z
2020-12-31,M-central-43,43,5,M,central,17032.9,70,0.0041097,2021-06-30T09:00:00Z
2020-12-31,M-central-44,44,5,M,central,16050.8,64,0.0039873,2021-06-30T09:00:00Z
2020-12-31,M-central-45,45,5,M,central,17904.4,64,0.0035745,2021-06-30T09:00:00Z
2020-12-31,M-central-46,46,5,M,central,15576.8,61,0.0039161,2021-06-30T09:00:00Z
2020-12-31,M-central-47,47,5,M,central,14409.1,59,0.0040946,2021-06-30T09:00:00Z
2020-12-31,M-central-48,48,5,M,central,15443.0,74,0.0047918,2021-06-30T09:00:00Z
2020-12-31,M-central-49,49,5,M,central,14593.5,79,0.0054134,2021-06-30T09:00:00Z
2020-12-31,M-central-50,50,5,M,central,14881.2,87,0.0058463,2021-06-30T09:00:00Z
2020-12-31,M-central-51,51,5,M,central,12552.9,96,0.0076476,2021-06-30T09:00:00Z
2020-12-31,M-central-52,52,5,M,central,13501.7,117,0.0086656,2021-06-30T09:00:00Z
2020-12-31,M-central-53,53,5,M,central,13109.2,127,0.0096878,2021-06-30T09:00:00Z
2020-12-31,M-central-54,54,5,M,central,13280.7,131,0.0098639,2021-06-30T09:00:00Z
2020-12-31,M-central-55,55,5,M,central,12345.8,129,0.0104489,2021-06-30T09:00:00Z
2020-12-31,M-central-56,56,5,M,central,10455.1,121,0.0115733,2021-06-30T09:00:00Z
2020-12-31,M-central-57,57,5,M,central,10747.2,136,0.0126545,2021-06-30T09:00:00Z
2020-12-31,M-central-58,58,5,M,central,10934.3,148,0.0135354,2021-06-30T09:00:00Z
2020-12-31,M-central-59,59,5,M,central,10004.1,154,0.0153937,2021-06-30T09:00:00Z
2020-12-31,M-central-60,60,5,M,central,9235.4,159,0.0172164,2021-06-30T09:00:00Z
2020-12-31,M-central-61,61,5,M,central,9815.9,202,0.0205788,2021-06-30T09:00:00Z
2020-12-31,M-central-62,62,5,M,central,9112.6,176,0.019314,2021-06-30T09:00:00Z
2020-12-31,M-central-63,63,5,M,central,9279.5,210,0.0226305,2021-06-30T09:00:00Z
2020-12-31,M-central-64,64,5,M,central,8707.6,238,0.0273325,2021-06-30T09:00:00Z
2020-12-31,M-central-65,65,5,M,central,7650.6,213,0.0278408,2021-06-30T09:00:00Z
2020-12-31,M-central-66,66,5,M,central,8050.0,253,0.0314286,2021-06-30T09:00:00Z
2020-12-31,M-central-67,67,5,M,central,8211.5,285,0.0347075,2021-06-30T09:00:00Z
2020-12-31,M-central-68,68,5,M,central,7262.5,280,0.0385544,2021-06-30T09:00:00Z
2020-12-31,M-central-69,69,5,M,central,7290.3,343,0.047049,2021-06-30T09:00:00Z
2020-12-31,M-central-70,70,5,M,central,7543.2,370,0.049051,2021-06-30T09:00:00Z
2020-12-31,M-central-71,71,5,M,central,6215.0,328,0.0527752,2021-06-30T09:00:00Z
2020-12-31,M-central-72,72,5,M,central,5919.0,338,0.0571042,2021-06-30T09:00:00Z
2020-12-31,M-central-73,73,5,M,central,6219.4,381,0.0612602,2021-06-30T09:00:00Z
2020-12-31,M-central-74,74,5,M,central,6139.7,428,0.0697102,2021-06-30T09:00:00Z
2020-12-31,M-central-75,75,5,M,central,5910.8,447,0.0756245,2021-06-30T09:00:00Z
2020-12-31,M-central-76,76,5,M,central,5640.3,514,0.0911294,2021-06-30T09:00:00Z
2020-12-31,M-central-77,77,5,M,central,5433.4,520,0.0957038,2021-06-30T09:00:00Z
2020-12-31,M-central-78,78,5,M,central,5429.7,611,0.11253,2021-06-30T09:00:00Z
2020-12-31,M-central-79,79,5,M,central,4703.8,580,0.1233058,2021-06-30T09:00:00Z
2020-12-31,M-central-80,80,5,M,central,4644.2,637,0.137161,2021-06-30T09:00:00Z
2020-12-31,M-central-81,81,5,M,central,4963.3,768,0.1547355,2021-06-30T09:00:00Z
2020-12-31,M-central-82,82,5,M,central,4437.0,763,0.1719627,2021-06-30T09:00:00Z
2020-12-31,M-central-83,83,5,M,central,4229.7,811,0.1917408,2021-06-30T09:00:00Z
2020-12-31,M-central-84,84,5,M,central,4572.5,987,0.2158551,2021-06-30T09:00:00Z
2020-12-31,M-central-85,85,5,M,central,3911.8,867,0.2216359,2021-06-30T09:00:00Z
2020-12-31,M-central-86,86,5,M,central,3882.1,976,0.2514121,2021-06-30T09:00:00Z
2020-12-31,M-central-87,87,5,M,central,3504.6,958,0.2733519,2021-06-30T09:00:00Z
2020-12-31,M-central-88,88,5,M,central,3580.8,1116,0.3116643,2021-06-30T09:00:00Z
2020-12-31,M-central-89,89,5,M,central,3460.1,1213,0.3505675,2021-06-30T09:00:00Z
2020-12-31,M-central-90,90,5,M,central,3226.7,1282,0.3973075,2021-06-30T09:00:00Z
2020-12-31,M-central-91,91,5,M,central,3623.1,1537,0.4242256,2021-06-30T09:00:00Z
2020-12-31,M-central-92,92,5,M,central,3424.2,1583,0.4622949,2021-06-30T09:00:00Z
2020-12-31,M-central-93,93,5,M,central,3178.1,1574,0.4952705,2021-06-30T09:00:00Z
2020-12-31,M-central-94,94,5,M,central,3118.1,1817,0.5827225,2021-06-30T09:00:00Z
2020-12-31,M-central-95,95,5,M,central,3035.2,1942,0.639826,2021-06-30T09:00:00Z
2020-12-31,M-south-40,40,5,M,south,19392.6,45,0.0023205,2021-06-30T09:00:00Z
2020-12-31,M-south-41,41,5,M,south,19521.3,60,0.0030736,2021-06-30T09:00:00Z
2020-12-31,M-south-42,42,5,M,south,20038.4,64,0.0031939,2021-06-30T09:00:00Z
2020-12-31,M-south-43,43,5,M,south,17706.3,54,0.0030498,2021-06-30T09:00:00Z
2020-12-31,M-south-44,44,5,M,south,16471.0,62,0.0037642,2021-06-30T09:00:00Z
2020-12-31,M-south-45,45,5,M,south,17810.8,86,0.0048285,2021-06-30T09:00:00Z
2020-12-31,M-south-46,46,5,M,south,15217.0,64,0.0042058,2021-06-30T09:00:00Z
2020-12-31,M-south-47,47,5,M,south,15199.9,66,0.0043421,2021-06-30T09:00:00Z
2020-12-31,M-south-48,48,5,M,south,16580.7,82,0.0049455,2021-06-30T09:00:00Z
2020-12-31,M-south-49,49,5,M,south,14203.0,82,0.0057734,2021-06-30T09:00:00Z
2020-12-31,M-south-50,50,5,M,south,15400.4,91,0.0059089,2021-06-30T09:00:00Z
2020-12-31,M-south-51,51,5,M,south,13163.1,82,0.0062295,2021-06-30T09:00:00Z
2020-12-31,M-south-52,52,5,M,south,13562.7,97,0.007152,2021-06-30T09:00:00Z
2020-12-31,M-south-53,53,5,M,south,13168.3,107,0.0081256,2021-06-30T09:00:00Z
2020-12-31,M-south-54,54,5,M,south,12828.5,126,0.0098219,2021-06-30T09:00:00Z
2020-12-31,M-south-55,55,5,M,south,11756.4,111,0.0094417,2021-06-30T09:00:00Z
2020-12-31,M-south-56,56,5,M,south,12245.4,120,0.0097996,2021-06-30T09:00:00Z
2020-12-31,M-south-57,57,5,M,south,10883.7,126,0.0115769,2021-06-30T09:00:00Z
2020-12-31,M-south-58,58,5,M,south,10710.1,156,0.0145656,2021-06-30T09:00:00Z
2020-12-31,M-south-59,59,5,M,south,11056.4,149,0.0134763,2021-06-30T09:00:00Z
2020-12-31,M-south-60,60,5,M,south,10195.8,156,0.0153004,2021-06-30T09:00:00Z
2020-12-31,M-south-61,61,5,M,south,9111.4,140,0.0153653,2021-06-30T09:00:00Z
2020-12-31,M-south-62,62,5,M,south,9705.0,197,0.0202988,2021-06-30T09:00:00Z
2020-12-31,M-south-63,63,5,M,south,9823.7,199,0.020257,2021-06-30T09:00:00Z
2020-12-31,M-south-64,64,5,M,south,8266.0,200,0.0241954,2021-06-30T09:00:00Z
2020-12-31,M-south-65,65,5,M,south,7703.6,192,0.0249234,2021-06-30T09:00:00Z
2020-12-31,M-south-66,66,5,M,south,7277.0,222,0.0305071,2021-06-30T09:00:00Z
2020-12-31,M-south-67,67,5,M,south,7287.3,251,0.0344434,2021-06-30T09:00:00Z
2020-12-31,M-south-68,68,5,M,south,7109.2,261,0.0367127,2021-06-30T09:00:00Z
2020-12-31,M-south-69,69,5,M,south,6745.5,263,0.0389891,2021-06-30T09:00:00Z
2020-12-31,M-south-70,70,5,M,south,7595.4,332,0.0437105,2021-06-30T09:00:00Z
2020-12-31,M-south-71,71,5,M,south,6465.8,346,0.0535125,2021-06-30T09:00:00Z
2020-12-31,M-south-72,72,5,M,south,6982.0,388,0.0555713,2021-06-30T09:00:00Z
2020-12-31,M-south-73,73,5,M,south,6716.0,429,0.0638771,2021-06-30T09:00:00Z
2020-12-31,M-south-74,74,5,M,south,6464.2,456,0.0705427,2021-06-30T09:00:00Z
2020-12-31,M-south-75,75,5,M,south,6072.7,434,0.0714669,2021-06-30T09:00:00Z
2020-12-31,M-south-76,76,5,M,south,5364.0,475,0.0885528,2021-06-30T09:00:00Z
2020-12-31,M-south-77,77,5,M,south,5067.1,464,0.0915716,2021-06-30T09:00:00Z
2020-12-31,M-south-78,78,5,M,south,5606.7,580,0.1034471,2021-06-30T09:00:00Z
2020-12-31,M-south-79,79,5,M,south,4847.5,592,0.1221253,2021-06-30T09:00:00Z
2020-12-31,M-south-80,80,5,M,south,5289.1,667,0.1261084,2021-06-30T09:00:00Z
2020-12-31,M-south-81,81,5,M,south,4908.3,674,0.1373191,2021-06-30T09:00:00Z
2020-12-31,M-south-82,82,5,M,south,4468.5,704,0.1575489,2021-06-30T09:00:00Z
2020-12-31,M-south-83,83,5,M,south,4501.3,817,0.181502,2021-06-30T09:00:00Z
2020-12-31,M-south-84,84,5,M,south,3934.8,793,0.2015348,2021-06-30T09:00:00Z
2020-12-31,M-south-85,85,5,M,south,4393.7,949,0.2159921,2021-06-30T09:00:00Z
2020-12-31,M-south-86,86,5,M,south,4310.4,978,0.2268951,2021-06-30T09:00:00Z
2020-12-31,M-south-87,87,5,M,south,3710.6,976,0.2630305,2021-06-30T09:00:00Z
2020-12-31,M-south-88,88,5,M,south,3839.4,1161,0.3023917,2021-06-30T09:00:00Z
2020-12-31,M-south-89,89,5,M,south,3694.6,1225,0.3315632,2021-06-30T09:00:00Z
2020-12-31,M-south-90,90,5,M,south,3356.1,1241,0.3697739,2021-06-30T09:00:00Z
2020-12-31,M-south-91,91,5,M,south,3356.0,1314,0.3915382,2021-06-30T09:00:00Z
2020-12-31,M-south-92,92,5,M,south,3223.0,1439,0.4464782,2021-06-30T09:00:00Z
2020-12-31,M-south-93,93,5,M,south,3358.9,1672,0.4977785,2021-06-30T09:00:00Z
2020-12-31,M-south-94,94,5,M,south,3014.3,1702,0.5646334,2021-06-30T09:00:00Z
2020-12-31,M-south-95,95,5,M,south,3033.3,1876,0.6184617,2021-06-30T09:00:00Z
2020-12-31,F-north-40,40,5,F,north,19668.5,36,0.0018303,2021-06-30T09:00:00Z
2020-12-31,F-north-41,41,5,F,north,19917.4,34,0.001707,2021-06-30T09:00:00Z
2020-12-31,F-north-42,42,5,F,north,17602.8,35,0.0019883,2021-06-30T09:00:00Z
2020-12-31,F-north-43,43,5,F,north,16457.8,39,0.0023697,2021-06-30T09:00:00Z
2020-12-31,F-north-44,44,5,F,north,17926.1,34,0.0018967,2021-06-30T09:00:00Z
2020-12-31,F-north-45,45,5,F,north,15145.1,35,0.002311,2021-06-30T09:00:00Z
2020-12-31,F-north-46,46,5,F,north,17429.2,39,0.0022376,2021-06-30T09:00:00Z
2020-12-31,F-north-47,47,5,F,north,15306.5,51,0.0033319,2021-06-30T09:00:00Z
2020-12-31,F-north-48,48,5,F,north,15430.2,61,0.0039533,2021-06-30T09:00:00Z
2020-12-31,F-north-49,49,5,F,north,15134.0,64,0.0042289,2021-06-30T09:00:00Z
2020-12-31,F-north-50,50,5,F,north,13020.9,43,0.0033024,2021-06-30T09:00:00Z
2020-12-31,F-north-51,51,5,F,north,13281.8,78,0.0058727,2021-06-30T09:00:00Z
2020-12-31,F-north-52,52,5,F,north,14369.3,69,0.0048019,2021-06-30T09:00:00Z
2020-12-31,F-north-53,53,5,F,north,11710.5,83,0.0070877,2021-06-30T09:00:00Z
2020-12-31,F-north-54,54,5,F,north,11189.6,63,0.0056302,2021-06-30T09:00:00Z
2020-12-31,F-north-55,55,5,F,north,12328.6,91,0.0073812,2021-06-30T09:00:00Z
2020-12-31,F-north-56,56,5,F,north,12321.6,92,0.0074666,2021-06-30T09:00:00Z
2020-12-31,F-north-57,57,5,F,north,11826.9,105,0.008878,2021-06-30T09:00:00Z
2020-12-31,F-north-58,58,5,F,north,11222.7,82,0.0073066,2021-06-30T09:00:00Z
2020-12-31,F-north-59,59,5,F,north,9400.9,94,0.009999,2021-06-30T09:00:00Z
2020-12-31,F-north-60,60,5,F,north,9144.6,76,0.0083109,2021-06-30T09:00:00Z
2020-12-31,F-north-61,61,5,F,north,10273.0,142,0.0138226,2021-06-30T09:00:00Z
2020-12-31,F-north-62,62,5,F,north,9849.4,118,0.0119804,2021-06-30T09:00:00Z
2020-12-31,F-north-63,63,5,F,north,8373.2,126,0.0150481,2021-06-30T09:00:00Z
2020-12-31,F-north-64,64,5,F,north,8157.4,134,0.0164268,2021-06-30T09:00:00Z
2020-12-31,F-north-65,65,5,F,north,8038.4,142,0.0176652,2021-06-30T09:00:00Z
2020-12-31,F-north-66,66,5,F,north,8473.3,172,0.020299,2021-06-30T09:00:00Z
2020-12-31,F-north-67,67,5,F,north,7787.3,203,0.026068,2021-06-30T09:00:00Z
2020-12-31,F-north-68,68,5,F,north,7092.0,177,0.0249578,2021-06-30T09:00:00Z
2020-12-31,F-north-69,69,5,F,north,6646.5,200,0.0300909,2021-06-30T09:00:00Z
2020-12-31,F-north-70,70,5,F,north,7065.5,195,0.0275988,2021-06-30T09:00:00Z
2020-12-31,F-north-71,71,5,F,north,7038.7,218,0.0309715,2021-06-30T09:00:00Z
2020-12-31,F-north-72,72,5,F,north,5915.4,240,0.040572,2021-06-30T09:00:00Z
2020-12-31,F-north-73,73,5,F,north,5698.5,218,0.0382555,2021-06-30T09:00:00Z
2020-12-31,F-north-74,74,5,F,north,5647.7,279,0.0494007,2021-06-30T09:00:00Z
2020-12-31,F-north-75,75,5,F,north,5986.1,310,0.0517867,2021-06-30T09:00:00Z
2020-12-31,F-north-76,76,5,F,north,5334.0,320,0.0599927,2021-06-30T09:00:00Z
2020-12-31,F-north-77,77,5,F,north,5042.1,309,0.0612837,2021-06-30T09:00:00Z
2020-12-31,F-north-78,78,5,F,north,4860.2,336,0.0691332,2021-06-30T09:00:00Z
2020-12-31,F-north-79,79,5,F,north,5358.3,416,0.0776365,2021-06-30T09:00:00Z
2020-12-31,F-north-80,80,5,F,north,4881.6,434,0.0889052,2021-06-30T09:00:00Z
2020-12-31,F-north-81,81,5,F,north,5229.1,478,0.091412,2021-06-30T09:00:00Z
2020-12-31,F-north-82,82,5,F,north,5000.7,477,0.0953864,2021-06-30T09:00:00Z
2020-12-31,F-north-83,83,5,F,north,4808.0,535,0.1112722,2021-06-30T09:00:00Z
2020-12-31,F-north-84,84,5,F,north,4106.2,521,0.1268804,2021-06-30T09:00:00Z
2020-12-31,F-north-85,85,5,F,north,4008.4,613,0.1529282,2021-06-30T09:00:00Z
2020-12-31,F-north-86,86,5,F,north,3780.6,605,0.1600263,2021-06-30T09:00:00Z
2020-12-31,F-north-87,87,5,F,north,3653.7,645,0.1765355,2021-06-30T09:00:00Z
2020-12-31,F-north-88,88,5,F,north,3605.5,664,0.1841619,2021-06-30T09:00:00Z
2020-12-31,F-north-89,89,5,F,north,3533.4,806,0.2281071,2021-06-30T09:00:00Z
2020-12-31,F-north-90,90,5,F,north,3771.8,918,0.2433851,2021-06-30T09:00:00Z
2020-12-31,F-north-91,91,5,F,north,3038.0,803,0.2643204,2021-06-30T09:00:00Z
2020-12-31,F-north-92,92,5,F,north,3525.7,1077,0.3054671,2021-06-30T09:00:00Z
2020-12-31,F-north-93,93,5,F,north,3214.7,1095,0.3406261,2021-06-30T09:00:00Z
2020-12-31,F-north-94,94,5,F,north,2740.6,1034,0.3772865,2021-06-30T09:00:00Z
2020-12-31,F-north-95,95,5,F,north,2693.4,1081,0.401349,2021-06-30T09:00:00Z
2020-12-31,F-central-40,40,5,F,central,19130.4,19,0.0009932,2021-06-30T09:00:00Z
2020-12-31,F-central-41,41,5,F,central,21116.2,41,0.0019416,2021-06-30T09:00:00Z
2020-12-31,F-central-42,42,5,F,central,18162.6,28,0.0015416,2021-06-30T09:00:00Z
2020-12-31,F-central-43,43,5,F,central,16845.9,33,0.0019589,2021-06-30T09:00:00Z
2020-12-31,F-central-44,44,5,F,central,16938.7,36,0.0021253,2021-06-30T09:00:00Z
2020-12-31,F-central-45,45,5,F,central,16873.0,33,0.0019558,2021-06-30T09:00:00Z
2020-12-31,F-central-46,46,5,F,central,16800.2,47,0.0027976,2021-06-30T09:00:00Z
2020-12-31,F-central-47,47,5,F,central,17162.4,66,0.0038456,2021-06-30T09:00:00Z
2020-12-31,F-central-48,48,5,F,central,15300.9,53,0.0034638,2021-06-30T09:00:00Z
2020-12-31,F-central-49,49,5,F,central,15234.3,56,0.0036759,2021-06-30T09:00:00Z
2020-12-31,F-central-50,50,5,F,central,14444.3,51,0.0035308,2021-06-30T09:00:00Z
2020-12-31,F-central-51,51,5,F,central,13897.9,64,0.004605,2021-06-30T09:00:00Z
2020-12-31,F-central-52,52,5,F,central,12554.3,59,0.0046996,2021-06-30T09:00:00Z
2020-12-31,F-central-53,53,5,F,central,13538.8,72,0.0053181,2021-06-30T09:00:00Z
2020-12-31,F-central-54,54,5,F,central,13228.3,103,0.0077864,2021-06-30T09:00:00Z
2020-12-31,F-central-55,55,5,F,central,10665.3,76,0.0071259,2021-06-30T09:00:00Z
2020-12-31,F-central-56,56,5,F,central,12516.2,92,0.0073505,2021-06-30T09:00:00Z
2020-12-31,F-central-57,57,5,F,central,10492.6,75,0.0071479,2021-06-30T09:00:00Z
2020-12-31,F-central-58,58,5,F,central,11714.6,121,0.010329,2021-06-30T09:00:00Z
2020-12-31,F-central-59,59,5,F,central,9980.0,91,0.0091183,2021-06-30T09:00:00Z
2020-12-31,F-central-60,60,5,F,central,10203.3,112,0.0109768,2021-06-30T09:00:00Z
2020-12-31,F-central-61,61,5,F,central,9776.5,111,0.0113537,2021-06-30T09:00:00Z
2020-12-31,F-central-62,62,5,F,central,9409.7,112,0.0119027,2021-06-30T09:00:00Z
2020-12-31,F-central-63,63,5,F,central,8134.2,126,0.0154902,2021-06-30T09:00:00Z
2020-12-31,F-central-64,64,5,F,central,9455.0,140,0.0148069,2021-06-30T09:00:00Z
2020-12-31,F-central-65,65,5,F,central,8776.1,160,0.0182314,2021-06-30T09:00:00Z
2020-12-31,F-central-66,66,5,F,central,8077.4,178,0.0220369,2021-06-30T09:00:00Z
2020-12-31,F-central-67,67,5,F,central,8445.5,167,0.0197738,2021-06-30T09:00:00Z
2020-12-31,F-central-68,68,5,F,central,7543.7,185,0.0245237,2021-06-30T09:00:00Z
2020-12-31,F-central-69,69,5,F,central,7277.6,195,0.0267946,2021-06-30T09:00:00Z
2020-12-31,F-central-70,70,5,F,central,6506.2,191,0.0293566,2021-06-30T09:00:00Z
2020-12-31,F-central-71,71,5,F,central,6546.7,182,0.0278001,2021-06-30T09:00:00Z
2020-12-31,F-central-72,72,5,F,central,6058.4,223,0.0368084,2021-06-30T09:00:00Z
2020-12-31,F-central-73,73,5,F,central,5802.8,226,0.0389471,2021-06-30T09:00:00Z
2020-12-31,F-central-74,74,5,F,central,6044.4,260,0.0430147,2021-06-30T09:00:00Z
2020-12-31,F-central-75,75,5,F,central,5684.3,304,0.0534807,2021-06-30T09:00:00Z
2020-12-31,F-central-76,76,5,F,central,5808.0,293,0.0504474,2021-06-30T09:00:00Z
2020-12-31,F-central-77,77,5,F,central,5899.4,309,0.0523779,2021-06-30T09:00:00Z
2020-12-31,F-central-78,78,5,F,central,5194.5,336,0.0646842,2021-06-30T09:00:00Z
2020-12-31,F-central-79,79,5,F,central,5028.7,369,0.0733794,2021-06-30T09:00:00Z
2020-12-31,F-central-80,80,5,F,central,5353.2,403,0.0752823,2021-06-30T09:00:00Z
2020-12-31,F-central-81,81,5,F,central,4805.4,405,0.0842805,2021-06-30T09:00:00Z
2020-12-31,F-central-82,82,5,F,central,4491.1,421,0.0937408,2021-06-30T09:00:00Z
2020-12-31,F-central-83,83,5,F,central,4850.1,549,0.1131939,2021-06-30T09:00:00Z
2020-12-31,F-central-84,84,5,F,central,4572.8,588,0.1285856,2021-06-30T09:00:00Z
2020-12-31,F-central-85,85,5,F,central,4357.6,583,0.1337879,2021-06-30T09:00:00Z
2020-12-31,F-central-86,86,5,F,central,4393.1,693,0.1577485,2021-06-30T09:00:00Z
2020-12-31,F-central-87,87,5,F,central,4073.7,703,0.1725686,2021-06-30T09:00:00Z
2020-12-31,F-central-88,88,5,F,central,3891.4,732,0.1881085,2021-06-30T09:00:00Z
2020-12-31,F-central-89,89,5,F,central,3631.5,749,0.2062529,2021-06-30T09:00:00Z
2020-12-31,F-central-90,90,5,F,central,3338.8,730,0.218643,2021-06-30T09:00:00Z
2020-12-31,F-central-91,91,5,F,central,3292.1,844,0.2563734,2021-06-30T09:00:00Z
2020-12-31,F-central-92,92,5,F,central,3057.1,905,0.2960361,2021-06-30T09:00:00Z
2020-12-31,F-central-93,93,5,F,central,3086.5,1019,0.330146,2021-06-30T09:00:00Z
2020-12-31,F-central-94,94,5,F,central,2953.1,1057,0.3579293,2021-06-30T09:00:00Z
2020-12-31,F-central-95,95,5,F,central,3165.1,1210,0.3822897,2021-06-30T09:00:00Z
2020-12-31,F-south-40,40,5,F,south,21984.4,35,0.001592,2021-06-30T09:00:00Z
2020-12-31,F-south-41,41,5,F,south,18093.6,28,0.0015475,2021-06-30T09:00:00Z
2020-12-31,F-south-42,42,5,F,south,19905.2,36,0.0018086,2021-06-30T09:00:00Z
2020-12-31,F-south-43,43,5,F,south,19326.9,45,0.0023284,2021-06-30T09:00:00Z
2020-12-31,F-south-44,44,5,F,south,16805.5,34,0.0020231,2021-06-30T09:00:00Z
2020-12-31,F-south-45,45,5,F,south,15967.7,53,0.0033192,2021-06-30T09:00:00Z
2020-12-31,F-south-46,46,5,F,south,15461.1,35,0.0022637,2021-06-30T09:00:00Z
2020-12-31,F-south-47,47,5,F,south,15427.3,37,0.0023983,2021-06-30T09:00:00Z
2020-12-31,F-south-48,48,5,F,south,14519.8,47,0.003237,2021-06-30T09:00:00Z
2020-12-31,F-south-49,49,5,F,south,15740.0,51,0.0032401,2021-06-30T09:00:00Z
2020-12-31,F-south-50,50,5,F,south,14015.9,53,0.0037814,2021-06-30T09:00:00Z
2020-12-31,F-south-51,51,5,F,south,13589.4,48,0.0035322,2021-06-30T09:00:00Z
2020-12-31,F-south-52,52,5,F,south,14053.0,59,0.0041984,2021-06-30T09:00:00Z
2020-12-31,F-south-53,53,5,F,south,12519.6,67,0.0053516,2021-06-30T09:00:00Z
2020-12-31,F-south-54,54,5,F,south,12896.3,74,0.0057381,2021-06-30T09:00:00Z
2020-12-31,F-south-55,55,5,F,south,12428.1,65,0.0052301,2021-06-30T09:00:00Z
2020-12-31,F-south-56,56,5,F,south,11497.2,63,0.0054796,2021-06-30T09:00:00Z
2020-12-31,F-south-57,57,5,F,south,9998.5,93,0.0093014,2021-06-30T09:00:00Z
2020-12-31,F-south-58,58,5,F,south,11199.0,88,0.0078578,2021-06-30T09:00:00Z
2020-12-31,F-south-59,59,5,F,south,10465.6,91,0.0086952,2021-06-30T09:00:00Z
2020-12-31,F-south-60,60,5,F,south,10777.9,95,0.0088143,2021-06-30T09:00:00Z
2020-12-31,F-south-61,61,5,F,south,10005.2,88,0.0087954,2021-06-30T09:00:00Z
2020-12-31,F-south-62,62,5,F,south,9043.4,105,0.0116107,2021-06-30T09:00:00Z
2020-12-31,F-south-63,63,5,F,south,8813.6,118,0.0133883,2021-06-30T09:00:00Z
2020-12-31,F-south-64,64,5,F,south,8281.3,124,0.0149736,2021-06-30T09:00:00Z
2020-12-31,F-south-65,65,5,F,south,8766.1,161,0.0183661,2021-06-30T09:00:00Z
2020-12-31,F-south-66,66,5,F,south,8305.4,131,0.0157729,2021-06-30T09:00:00Z
2020-12-31,F-south-67,67,5,F,south,7871.6,159,0.0201992,2021-06-30T09:00:00Z
2020-12-31,F-south-68,68,5,F,south,7772.4,178,0.0229015,2021-06-30T09:00:00Z
2020-12-31,F-south-69,69,5,F,south,7939.0,204,0.0256961,2021-06-30T09:00:00Z
2020-12-31,F-south-70,70,5,F,south,7000.4,185,0.0264271,2021-06-30T09:00:00Z
2020-12-31,F-south-71,71,5,F,south,7169.8,206,0.0287314,2021-06-30T09:00:00Z
2020-12-31,F-south-72,72,5,F,south,6772.4,225,0.0332232,2021-06-30T09:00:00Z
2020-12-31,F-south-73,73,5,F,south,6525.8,257,0.0393822,2021-06-30T09:00:00Z
2020-12-31,F-south-74,74,5,F,south,6287.0,261,0.041514,2021-06-30T09:00:00Z
2020-12-31,F-south-75,75,5,F,south,5384.5,226,0.0419725,2021-06-30T09:00:00Z
2020-12-31,F-south-76,76,5,F,south,6117.5,323,0.0527994,2021-06-30T09:00:00Z
2020-12-31,F-south-77,77,5,F,south,6006.0,315,0.0524479,2021-06-30T09:00:00Z
2020-12-31,F-south-78,78,5,F,south,5810.8,346,0.059544,2021-06-30T09:00:00Z
2020-12-31,F-south-79,79,5,F,south,4787.9,320,0.0668354,2021-06-30T09:00:00Z
2020-12-31,F-south-80,80,5,F,south,4583.2,346,0.0754927,2021-06-30T09:00:00Z
2020-12-31,F-south-81,81,5,F,south,4382.9,375,0.0855592,2021-06-30T09:00:00Z
2020-12-31,F-south-82,82,5,F,south,4566.6,418,0.0915337,2021-06-30T09:00:00Z
2020-12-31,F-south-83,83,5,F,south,4062.1,435,0.1070872,2021-06-30T09:00:00Z
2020-12-31,F-south-84,84,5,F,south,4015.8,474,0.1180324,2021-06-30T09:00:00Z
2020-12-31,F-south-85,85,5,F,south,3994.3,461,0.1154148,2021-06-30T09:00:00Z
2020-12-31,F-south-86,86,5,F,south,4258.3,560,0.131507,2021-06-30T09:00:00Z
2020-12-31,F-south-87,87,5,F,south,3871.3,567,0.1464607,2021-06-30T09:00:00Z
2020-12-31,F-south-88,88,5,F,south,3787.2,670,0.176913,2021-06-30T09:00:00Z
2020-12-31,F-south-89,89,5,F,south,3587.0,714,0.1990502,2021-06-30T09:00:00Z
2020-12-31,F-south-90,90,5,F,south,3592.0,812,0.2260584,2021-06-30T09:00:00Z
2020-12-31,F-south-91,91,5,F,south,3057.6,798,0.2609931,2021-06-30T09:00:00Z
2020-12-31,F-south-92,92,5,F,south,3091.4,842,0.27237,2021-06-30T09:00:00Z
2020-12-31,F-south-93,93,5,F,south,3331.7,981,0.2944442,2021-06-30T09:00:00Z
2020-12-31,F-south-94,94,5,F,south,3067.7,1054,0.3435759,2021-06-30T09:00:00Z
2020-12-31,F-south-95,95,5,F,south,2761.2,988,0.3578142,2021-06-30T09:00:00Z
2021-12-31,M-north-40,40,6,M,north,21121.0,55,0.002604,2022-06-30T09:00:00Z
2021-12-31,M-north-41,41,6,M,north,20032.1,59,0.0029453,2022-06-30T09:00:00Z
2021-12-31,M-north-42,42,6,M,north,17982.8,52,0.0028917,2022-06-30T09:00:00Z
2021-12-31,M-north-43,43,6,M,north,18103.4,55,0.0030381,2022-06-30T09:00:00Z
2021-12-31,M-north-44,44,6,M,north,17324.7,72,0.0041559,2022-06-30T09:00:00Z
2021-12-31,M-north-45,45,6,M,north,17919.6,70,0.0039063,2022-06-30T09:00:00Z
2021-12-31,M-north-46,46,6,M,north,16641.0,69,0.0041464,2022-06-30T09:00:00Z
2021-12-31,M-north-47,47,6,M,north,15645.3,78,0.0049855,2022-06-30T09:00:00Z
2021-12-31,M-north-48,48,6,M,north,14715.9,79,0.0053683,2022-06-30T09:00:00Z
2021-12-31,M-north-49,49,6,M,north,14485.0,84,0.0057991,2022-06-30T09:00:00Z
2021-12-31,M-north-50,50,6,M,north,13077.0,83,0.006347,2022-06-30T09:00:00Z
2021-12-31,M-north-51,51,6,M,north,12270.8,95,0.007742,2022-06-30T09:00:00Z
2021-12-31,M-north-52,52,6,M,north,13832.9,99,0.0071568,2022-06-30T09:00:00Z
2021-12-31,M-north-53,53,6,M,north,12135.9,107,0.0088168,2022-06-30T09:00:00Z
2021-12-31,M-north-54,54,6,M,north,13018.6,118,0.0090639,2022-06-30T09:00:00Z
2021-12-31,M-north-55,55,6,M,north,11798.2,128,0.0108492,2022-06-30T09:00:00Z
2021-12-31,M-north-56,56,6,M,north,10802.1,109,0.0100906,2022-06-30T09:00:00Z
2021-12-31,M-north-57,57,6,M,north,11172.5,151,0.0135153,2022-06-30T09:00:00Z
2021-12-31,M-north-58,58,6,M,north,10595.3,146,0.0137798,2022-06-30T09:00:00Z
2021-12-31,M-north-59,59,6,M,north,9526.2,151,0.0158511,2022-06-30T09:00:00Z
2021-12-31,M-north-60,60,6,M,north,10376.7,179,0.0172502,2022-06-30T09:00:00Z
2021-12-31,M-north-61,61,6,M,north,10283.1,193,0.0187687,2022-06-30T09:00:00Z
2021-12-31,M-north-62,62,6,M,north,9848.1,216,0.0219331,2022-06-30T09:00:00Z
2021-12-31,M-north-63,63,6,M,north,8891.9,206,0.023167,2022-06-30T09:00:00Z
2021-12-31,M-north-64,64,6,M,north,8243.8,205,0.024867,2022-06-30T09:00:00Z
2021-12-31,M-north-65,65,6,M,north,8644.6,259,0.0299609,2022-06-30T09:00:00Z
2021-12-31,M-north-66,66,6,M,north,7900.5,226,0.0286056,2022-06-30T09:00:00Z
2021-12-31,M-north-67,67,6,M,north,7849.9,310,0.0394908,2022-06-30T09:00:00Z
2021-12-31,M-north-68,68,6,M,north,7885.1,325,0.041217,2022-06-30T09:00:00Z
2021-12-31,M-north-69,69,6,M,north,6871.8,306,0.0445296,2022-06-30T09:00:00Z
2021-12-31,M-north-70,70,6,M,north,6816.9,278,0.0407809,2022-06-30T09:00:00Z
2021-12-31,M-north-71,71,6,M,north,6492.7,368,0.0566788,2022-06-30T09:00:00Z
2021-12-31,M-north-72,72,6,M,north,6835.8,428,0.0626111,2022-06-30T09:00:00Z
2021-12-31,M-north-73,73,6,M,north,5735.6,384,0.0669504,2022-06-30T09:00:00Z
2021-12-31,M-north-74,74,6,M,north,6056.7,452,0.074628,2022-06-30T09:00:00Z
2021-12-31,M-north-75,75,6,M,north,6060.9,485,0.0800207,2022-06-30T09:00:00Z
2021-12-31,M-north-76,76,6,M,north,5401.8,524,0.0970052,2022-06-30T09:00:00Z
2021-12-31,M-north-77,77,6,M,north,6001.0,595,0.0991503,2022-06-30T09:00:00Z
2021-12-31,M-north-78,78,6,M,north,5500.0,622,0.1130909,2022-06-30T09:00:00Z
2021-12-31,M-north-79,79,6,M,north,5448.4,687,0.1260917,2022-06-30T09:00:00Z
2021-12-31,M-north-80,80,6,M,north,5415.8,761,0.1405153,2022-06-30T09:00:00Z
2021-12-31,M-north-81,81,6,M,north,4434.3,688,0.155155,2022-06-30T09:00:00Z
2021-12-31,M-north-82,82,6,M,north,4557.7,838,0.1838665,2022-06-30T09:00:00Z
2021-12-31,M-north-83,83,6,M,north,4276.2,823,0.1924602,2022-06-30T09:00:00Z
2021-12-31,M-north-84,84,6,M,north,4706.3,988,0.2099292,2022-06-30T09:00:00Z
2021-12-31,M-north-85,85,6,M,north,4328.3,1066,0.246286,2022-06-30T09:00:00Z
2021-12-31,M-north-86,86,6,M,north,3611.7,935,0.2588829,2022-06-30T09:00:00Z
2021-12-31,M-north-87,87,6,M,north,3988.5,1241,0.3111484,2022-06-30T09:00:00Z
2021-12-31,M-north-88,88,6,M,north,3750.1,1233,0.3287911,2022-06-30T09:00:00Z
2021-12-31,M-north-89,89,6,M,north,3337.4,1278,0.3829342,2022-06-30T09:00:00Z
2021-12-31,M-north-90,90,6,M,north,3305.7,1360,0.4114057,2022-06-30T09:00:00Z
2021-12-31,M-north-91,91,6,M,north,3078.3,1370,0.4450458,2022-06-30T09:00:00Z
2021-12-31,M-north-92,92,6,M,north,3516.3,1698,0.4828966,2022-06-30T09:00:00Z
2021-12-31,M-north-93,93,6,M,north,3141.0,1777,0.5657361,2022-06-30T09:00:00Z
2021-12-31,M-north-94,94,6,M,north,3260.9,1987,0.609342,2022-06-30T09:00:00Z
2021-12-31,M-north-95,95,6,M,north,2910.8,2030,0.6974045,2022-06-30T09:00:00Z
2021-12-31,M-central-40,40,6,M,central,19663.5,61,0.0031022,2022-06-30T09:00:00Z
2021-12-31,M-central-41,41,6,M,central,20629.1,72,0.0034902,2022-06-30T09:00:00Z
2021-12-31,M-central-42,42,6,M,central,19714.9,55,0.0027898,2022-06-30T09:00:00Z
2021-12-31,M-central-43,43,6,M,central,17892.1,63,0.0035211,2022-06-30T09:00:00Z
2021-12-31,M-central-44,44,6,M,central,16138.2,69,0.0042756,2022-06-30T09:00:00Z
2021-12-31,M-central-45,45,6,M,central,15180.0,56,0.0036891,2022-06-30T09:00:00Z
2021-12-31,M-central-46,46,6,M,central,16288.9,70,0.0042974,2022-06-30T09:00:00Z
2021-12-31,M-central-47,47,6,M,central,16344.3,95,0.0058124,2022-06-30T09:00:00Z
2021-12-31,M-central-48,48,6,M,central,16476.6,85,0.0051588,2022-06-30T09:00:00Z
2021-12-31,M-central-49,49,6,M,central,14818.5,71,0.0047913,2022-06-30T09:00:00Z
2021-12-31,M-central-50,50,6,M,central,14644.0,89,0.0060776,2022-06-30T09:00:00Z
2021-12-31,M-central-51,51,6,M,central,12507.5,84,0.006716,2022-06-30T09:00:00Z
2021-12-31,M-central-52,52,6,M,central,12291.8,90,0.007322,2022-06-30T09:00:00Z
2021-12-31,M-central-53,53,6,M,central,11835.4,98,0.0082802,2022-06-30T09:00:00Z
2021-12-31,M-central-54,54,6,M,central,12082.9,105,0.00869,2022-06-30T09:00:00Z
2021-12-31,M-central-55,55,6,M,central,12609.0,126,0.0099928,2022-06-30T09:00:00Z
2021-12-31,M-central-56,56,6,M,central,10293.5,120,0.0116578,2022-06-30T09:00:00Z
2021-12-31,M-central-57,57,6,M,central,11277.5,141,0.0125027,2022-06-30T09:00:00Z
2021-12-31,M-central-58,58,6,M,central,10412.2,127,0.0121972,2022-06-30T09:00:00Z
2021-12-31,M-central-59,59,6,M,central,9870.4,171,0.0173245,2022-06-30T09:00:00Z
2021-12-31,M-central-60,60,6,M,central,10672.7,168,0.0157411,2022-06-30T09:00:00Z
2021-12-31,M-central-61,61,6,M,central,8870.9,152,0.0171347,2022-06-30T09:00:00Z
2021-12-31,M-central-62,62,6,M,central,10141.1,215,0.0212008,2022-06-30T09:00:00Z
2021-12-31,M-central-63,63,6,M,central,9731.1,226,0.0232245,2022-06-30T09:00:00Z
2021-12-31,M-central-64,64,6,M,central,8732.2,248,0.0284007,2022-06-30T09:00:00Z
2021-12-31,M-central-65,65,6,M,central,7593.2,219,0.0288418,2022-06-30T09:00:00Z
2021-12-31,M-central-66,66,6,M,central,8136.3,253,0.0310951,2022-06-30T09:00:00Z
2021-12-31,M-central-67,67,6,M,central,7208.5,274,0.0380106,2022-06-30T09:00:00Z
2021-12-31,M-central-68,68,6,M,central,7531.2,280,0.0371785,2022-06-30T09:00:00Z
2021-12-31,M-central-69,69,6,M,central,6969.3,318,0.0456286,2022-06-30T09:00:00Z
2021-12-31,M-central-70,70,6,M,central,7310.5,367,0.0502016,2022-06-30T09:00:00Z
2021-12-31,M-central-71,71,6,M,central,6514.3,335,0.0514257,2022-06-30T09:00:00Z
2021-12-31,M-central-72,72,6,M,central,6675.3,361,0.0540796,2022-06-30T09:00:00Z
2021-12-31,M-central-73,73,6,M,central,6361.7,424,0.0666485,2022-06-30T09:00:00Z
2021-12-31,M-central-74,74,6,M,central,5794.9,422,0.0728226,2022-06-30T09:00:00Z
2021-12-31,M-central-75,75,6,M,central,5735.8,478,0.0833368,2022-06-30T09:00:00Z
2021-12-31,M-central-76,76,6,M,central,5362.4,466,0.0869012,2022-06-30T09:00:00Z
2021-12-31,M-central-77,77,6,M,central,5612.8,566,0.1008406,2022-06-30T09:00:00Z
2021-12-31,M-central-78,78,6,M,central,5261.8,537,0.1020562,2022-06-30T09:00:00Z
2021-12-31,M-central-79,79,6,M,central,4800.1,538,0.112082,2022-06-30T09:00:00Z
2021-12-31,M-central-80,80,6,M,central,4726.1,624,0.132033,2022-06-30T09:00:00Z
2021-12-31,M-central-81,81,6,M,central,4746.8,736,0.1550521,2022-06-30T09:00:00Z
2021-12-31,M-central-82,82,6,M,central,4942.4,825,0.1669229,2022-06-30T09:00:00Z
2021-12-31,M-central-83,83,6,M,central,4854.4,919,0.1893116,2022-06-30T09:00:00Z
2021-12-31,M-central-84,84,6,M,central,4064.1,821,0.2020108,2022-06-30T09:00:00Z
2021-12-31,M-central-85,85,6,M,central,4205.5,975,0.2318409,2022-06-30T09:00:00Z
2021-12-31,M-central-86,86,6,M,central,3827.9,927,0.2421663,2022-06-30T09:00:00Z
2021-12-31,M-central-87,87,6,M,central,3613.4,985,0.2726001,2022-06-30T09:00:00Z
2021-12-31,M-central-88,88,6,M,central,4081.9,1230,0.3013334,2022-06-30T09:00:00Z
2021-12-31,M-central-89,89,6,M,central,3284.1,1122,0.3416475,2022-06-30T09:00:00Z
2021-12-31,M-central-90,90,6,M,central,3794.1,1421,0.3745304,2022-06-30T09:00:00Z
2021-12-31,M-central-91,91,6,M,central,3176.0,1362,0.4288425,2022-06-30T09:00:00Z
2021-12-31,M-central-92,92,6,M,central,3535.0,1579,0.4466805,2022-06-30T09:00:00Z
2021-12-31,M-central-93,93,6,M,central,3023.2,1617,0.5348709,2022-06-30T09:00:00Z
2021-12-31,M-central-94,94,6,M,central,3293.3,1870,0.5678115,2022-06-30T09:00:00Z
2021-12-31,M-central-95,95,6,M,central,2759.8,1791,0.6489686,2022-06-30T09:00:00Z
2021-12-31,M-south-40,40,6,M,south,21534.8,58,0.0026933,2022-06-30T09:00:00Z
2021-12-31,M-south-41,41,6,M,south,19137.9,45,0.0023514,2022-06-30T09:00:00Z
2021-12-31,M-south-42,42,6,M,south,19931.7,50,0.0025086,2022-06-30T09:00:00Z
2021-12-31,M-south-43,43,6,M,south,16580.9,61,0.0036789,2022-06-30T09:00:00Z
2021-12-31,M-south-44,44,6,M,south,15941.2,62,0.0038893,2022-06-30T09:00:00Z
2021-12-31,M-south-45,45,6,M,south,17622.0,69,0.0039155,2022-06-30T09:00:00Z
2021-12-31,M-south-46,46,6,M,south,17596.9,86,0.0048872,2022-06-30T09:00:00Z
2021-12-31,M-south-47,47,6,M,south,15851.9,63,0.0039743,2022-06-30T09:00:00Z
2021-12-31,M-south-48,48,6,M,south,13972.6,74,0.0052961,2022-06-30T09:00:00Z
2021-12-31,M-south-49,49,6,M,south,14305.9,76,0.0053125,2022-06-30T09:00:00Z
2021-12-31,M-south-50,50,6,M,south,13643.9,97,0.0071094,2022-06-30T09:00:00Z
2021-12-31,M-south-51,51,6,M,south,14163.8,81,0.0057188,2022-06-30T09:00:00Z
2021-12-31,M-south-52,52,6,M,south,12585.9,96,0.0076276,2022-06-30T09:00:00Z
2021-12-31,M-south-53,53,6,M,south,12704.4,111,0.0087371,2022-06-30T09:00:00Z
2021-12-31,M-south-54,54,6,M,south,12241.1,115,0.0093946,2022-06-30T09:00:00Z
2021-12-31,M-south-55,55,6,M,south,11530.6,119,0.0103204,2022-06-30T09:00:00Z
2021-12-31,M-south-56,56,6,M,south,10482.1,106,0.0101125,2022-06-30T09:00:00Z
2021-12-31,M-south-57,57,6,M,south,11570.7,132,0.0114081,2022-06-30T09:00:00Z
2021-12-31,M-south-58,58,6,M,south,10743.5,138,0.0128449,2022-06-30T09:00:00Z
2021-12-31,M-south-59,59,6,M,south,9274.6,133,0.0143403,2022-06-30T09:00:00Z
2021-12-31,M-south-60,60,6,M,south,9230.0,164,0.0177681,2022-06-30T09:00:00Z
2021-12-31,M-south-61,61,6,M,south,10009.4,149,0.014886,2022-06-30T09:00:00Z
2021-12-31,M-south-62,62,6,M,south,9437.7,194,0.0205558,2022-06-30T09:00:00Z
2021-12-31,M-south-63,63,6,M,south,9828.1,221,0.0224866,2022-06-30T09:00:00Z
2021-12-31,M-south-64,64,6,M,south,7844.5,212,0.0270252,2022-06-30T09:00:00Z
2021-12-31,M-south-65,65,6,M,south,8401.9,196,0.0233279,2022-06-30T09:00:00Z
2021-12-31,M-south-66,66,6,M,south,8140.9,213,0.026164,2022-06-30T09:00:00Z
2021-12-31,M-south-67,67,6,M,south,7471.6,229,0.0306495,2022-06-30T09:00:00Z
2021-12-31,M-south-68,68,6,M,south,7310.7,282,0.0385734,2022-06-30T09:00:00Z
2021-12-31,M-south-69,69,6,M,south,6695.2,275,0.0410742,2022-06-30T09:00:00Z
2021-12-31,M-south-70,70,6,M,south,7222.1,321,0.0444466,2022-06-30T09:00:00Z
2021-12-31,M-south-71,71,6,M,south,7085.6,352,0.0496784,2022-06-30T09:00:00Z
2021-12-31,M-south-72,72,6,M,south,6718.6,397,0.0590896,2022-06-30T09:00:00Z
2021-12-31,M-south-73,73,6,M,south,6851.7,456,0.0665532,2022-06-30T09:00:00Z
2021-12-31,M-south-74,74,6,M,south,6487.1,447,0.068906,2022-06-30T09:00:00Z
2021-12-31,M-south-75,75,6,M,south,5938.3,409,0.0688744,2022-06-30T09:00:00Z
2021-12-31,M-south-76,76,6,M,south,5894.2,470,0.0797393,2022-06-30T09:00:00Z
2021-12-31,M-south-77,77,6,M,south,5246.8,494,0.0941534,2022-06-30T09:00:00Z
2021-12-31,M-south-78,78,6,M,south,5701.5,553,0.0969922,2022-06-30T09:00:00Z
2021-12-31,M-south-79,79,6,M,south,5076.3,605,0.1191818,2022-06-30T09:00:00Z
2021-12-31,M-south-80,80,6,M,south,4479.3,552,0.1232343,2022-06-30T09:00:00Z
2021-12-31,M-south-81,81,6,M,south,4420.1,618,0.1398171,2022-06-30T09:00:00Z
2021-12-31,M-south-82,82,6,M,south,4790.1,741,0.1546944,2022-06-30T09:00:00Z
2021-12-31,M-south-83,83,6,M,south,4712.1,824,0.1748678,2022-06-30T09:00:00Z
2021-12-31,M-south-84,84,6,M,south,4661.8,889,0.1907003,2022-06-30T09:00:00Z
2021-12-31,M-south-85,85,6,M,south,3975.4,888,0.2233721,2022-06-30T09:00:00Z
2021-12-31,M-south-86,86,6,M,south,4243.9,997,0.2349275,2022-06-30T09:00:00Z
2021-12-31,M-south-87,87,6,M,south,4046.9,1049,0.2592105,2022-06-30T09:00:00Z
2021-12-31,M-south-88,88,6,M,south,3436.1,959,0.2790979,2022-06-30T09:00:00Z
2021-12-31,M-south-89,89,6,M,south,3423.5,1134,0.3312402,2022-06-30T09:00:00Z
2021-12-31,M-south-90,90,6,M,south,3491.5,1264,0.3620175,2022-06-30T09:00:00Z
2021-12-31,M-south-91,91,6,M,south,3588.8,1386,0.3862056,2022-06-30T09:00:00Z
2021-12-31,M-south-92,92,6,M,south,3489.6,1497,0.4289915,2022-06-30T09:00:00Z
2021-12-31,M-south-93,93,6,M,south,2958.4,1448,0.4894609,2022-06-30T09:00:00Z
2021-12-31,M-south-94,94,6,M,south,3287.5,1900,0.5779519,2022-06-30T09:00:00Z
2021-12-31,M-south-95,95,6,M,south,3128.6,1838,0.5874895,2022-06-30T09:00:00Z
2021-12-31,F-north-40,40,6,F,north,18406.3,39,0.0021188,2022-06-30T09:00:00Z
2021-12-31,F-north-41,41,6,F,north,18435.3,33,0.00179,2022-06-30T09:00:00Z
2021-12-31,F-north-42,42,6,F,north,20381.0,37,0.0018154,2022-06-30T09:00:00Z
2021-12-31,F-north-43,43,6,F,north,18360.9,26,0.001416,2022-06-30T09:00:00Z
2021-12-31,F-north-44,44,6,F,north,17506.8,42,0.0023991,2022-06-30T09:00:00Z
2021-12-31,F-north-45,45,6,F,north,16928.3,41,0.002422,2022-06-30T09:00:00Z
2021-12-31,F-north-46,46,6,F,north,15860.0,47,0.0029634,2022-06-30T09:00:00Z
2021-12-31,F-north-47,47,6,F,north,16213.0,52,0.0032073,2022-06-30T09:00:00Z
2021-12-31,F-north-48,48,6,F,north,15220.3,64,0.0042049,2022-06-30T09:00:00Z
2021-12-31,F-north-49,49,6,F,north,16022.7,63,0.0039319,2022-06-30T09:00:00Z
2021-12-31,F-north-50,50,6,F,north,12752.3,45,0.0035288,2022-06-30T09:00:00Z
2021-12-31,F-north-51,51,6,F,north,14513.2,66,0.0045476,2022-06-30T09:00:00Z
2021-12-31,F-north-52,52,6,F,north,13222.1,73,0.0055211,2022-06-30T09:00:00Z
2021-12-31,F-north-53,53,6,F,north,12428.3,57,0.0045863,2022-06-30T09:00:00Z
2021-12-31,F-north-54,54,6,F,north,12139.8,86,0.0070841,2022-06-30T09:00:00Z
2021-12-31,F-north-55,55,6,F,north,12395.7,74,0.0059698,2022-06-30T09:00:00Z
2021-12-31,F-north-56,56,6,F,north,11807.5,88,0.0074529,2022-06-30T09:00:00Z
2021-12-31,F-north-57,57,6,F,north,12122.6,95,0.0078366,2022-06-30T09:00:00Z
2021-12-31,F-north-58,58,6,F,north,10627.5,116,0.0109151,2022-06-30T09:00:00Z
2021-12-31,F-north-59,59,6,F,north,10584.5,96,0.0090699,2022-06-30T09:00:00Z
2021-12-31,F-north-60,60,6,F,north,10309.0,120,0.0116403,2022-06-30T09:00:00Z
2021-12-31,F-north-61,61,6,F,north,9537.1,101,0.0105902,2022-06-30T09:00:00Z
2021-12-31,F-north-62,62,6,F,north,10037.0,126,0.0125536,2022-06-30T09:00:00Z
2021-12-31,F-north-63,63,6,F,north,8397.7,120,0.0142896,2022-06-30T09:00:00Z
2021-12-31,F-north-64,64,6,F,north,8871.8,144,0.0162312,2022-06-30T09:00:00Z
2021-12-31,F-north-65,65,6,F,north,7793.2,112,0.0143714,2022-06-30T09:00:00Z
2021-12-31,F-north-66,66,6,F,north,7333.3,129,0.0175911,2022-06-30T09:00:00Z
2021-12-31,F-north-67,67,6,F,north,7749.4,178,0.0229696,2022-06-30T09:00:00Z
2021-12-31,F-north-68,68,6,F,north,7325.2,193,0.0263473,2022-06-30T09:00:00Z
2021-12-31,F-north-69,69,6,F,north,6812.7,174,0.0255404,2022-06-30T09:00:00Z
2021-12-31,F-north-70,70,6,F,north,6402.5,182,0.0284263,2022-06-30T09:00:00Z
2021-12-31,F-north-71,71,6,F,north,7284.3,249,0.0341832,2022-06-30T09:00:00Z
2021-12-31,F-north-72,72,6,F,north,7028.7,241,0.0342878,2022-06-30T09:00:00Z
2021-12-31,F-north-73,73,6,F,north,6157.1,245,0.0397918,2022-06-30T09:00:00Z
2021-12-31,F-north-74,74,6,F,north,5914.5,271,0.0458194,2022-06-30T09:00:00Z
2021-12-31,F-north-75,75,6,F,north,6100.1,293,0.0480316,2022-06-30T09:00:00Z
2021-12-31,F-north-76,76,6,F,north,5872.1,314,0.0534731,2022-06-30T09:00:00Z
2021-12-31,F-north-77,77,6,F,north,5942.8,386,0.0649529,2022-06-30T09:00:00Z
2021-12-31,F-north-78,78,6,F,north,4940.2,370,0.0748955,2022-06-30T09:00:00Z
2021-12-31,F-north-79,79,6,F,north,4986.6,343,0.0687843,2022-06-30T09:00:00Z
2021-12-31,F-north-80,80,6,F,north,4499.3,367,0.0815686,2022-06-30T09:00:00Z
2021-12-31,F-north-81,81,6,F,north,4687.8,413,0.0881002,2022-06-30T09:00:00Z
2021-12-31,F-north-82,82,6,F,north,4686.5,495,0.1056215,2022-06-30T09:00:00Z
2021-12-31,F-north-83,83,6,F,north,4137.1,500,0.1208578,2022-06-30T09:00:00Z
2021-12-31,F-north-84,84,6,F,north,4080.6,511,0.1252279,2022-06-30T09:00:00Z
2021-12-31,F-north-85,85,6,F,north,3787.3,574,0.1515597,2022-06-30T09:00:00Z
2021-12-31,F-north-86,86,6,F,north,4264.6,677,0.1587483,2022-06-30T09:00:00Z
2021-12-31,F-north-87,87,6,F,north,3555.3,661,0.1859203,2022-06-30T09:00:00Z
2021-12-31,F-north-88,88,6,F,north,4044.7,770,0.1903711,2022-06-30T09:00:00Z
2021-12-31,F-north-89,89,6,F,north,3867.5,804,0.2078838,2022-06-30T09:00:00Z
2021-12-31,F-north-90,90,6,F,north,3712.2,855,0.2303201,2022-06-30T09:00:00Z
2021-12-31,F-north-91,91,6,F,north,3089.7,807,0.2611923,2022-06-30T09:00:00Z
2021-12-31,F-north-92,92,6,F,north,3098.5,923,0.2978863,2022-06-30T09:00:00Z
2021-12-31,F-north-93,93,6,F,north,2913.5,908,0.3116569,2022-06-30T09:00:00Z
2021-12-31,F-north-94,94,6,F,north,3259.7,1212,0.3718185,2022-06-30T09:00:00Z
2021-12-31,F-north-95,95,6,F,north,3013.0,1173,0.3893161,2022-06-30T09:00:00Z
2021-12-31,F-central-40,40,6,F,central,21345.3,34,0.0015929,2022-06-30T09:00:00Z
2021-12-31,F-central-41,41,6,F,central,19419.8,46,0.0023687,2022-06-30T09:00:00Z
2021-12-31,F-central-42,42,6,F,central,17477.2,38,0.0021743,2022-06-30T09:00:00Z
2021-12-31,F-central-43,43,6,F,central,17889.3,34,0.0019006,2022-06-30T09:00:00Z
2021-12-31,F-central-44,44,6,F,central,16241.5,37,0.0022781,2022-06-30T09:00:00Z
2021-12-31,F-central-45,45,6,F,central,17498.0,38,0.0021717,2022-06-30T09:00:00Z
2021-12-31,F-central-46,46,6,F,central,14809.5,38,0.0025659,2022-06-30T09:00:00Z
2021-12-31,F-central-47,47,6,F,central,15660.5,41,0.002618,2022-06-30T09:00:00Z
2021-12-31,F-central-48,48,6,F,central,14489.1,49,0.0033819,2022-06-30T09:00:00Z
2021-12-31,F-central-49,49,6,F,central,13281.6,44,0.0033129,2022-06-30T09:00:00Z
2021-12-31,F-central-50,50,6,F,central,14146.8,46,0.0032516,2022-06-30T09:00:00Z
2021-12-31,F-central-51,51,6,F,central,12800.1,45,0.0035156,2022-06-30T09:00:00Z
2021-12-31,F-central-52,52,6,F,central,12422.9,57,0.0045883,2022-06-30T09:00:00Z
2021-12-31,F-central-53,53,6,F,central,12172.2,64,0.0052579,2022-06-30T09:00:00Z
2021-12-31,F-central-54,54,6,F,central,12757.2,78,0.0061142,2022-06-30T09:00:00Z
2021-12-31,F-central-55,55,6,F,central,11914.5,74,0.0062109,2022-06-30T09:00:00Z
2021-12-31,F-central-56,56,6,F,central,11687.7,89,0.0076148,2022-06-30T09:00:00Z
2021-12-31,F-central-57,57,6,F,central,11868.2,101,0.0085102,2022-06-30T09:00:00Z
2021-12-31,F-central-58,58,6,F,central,10574.8,83,0.0078489,2022-06-30T09:00:00Z
2021-12-31,F-central-59,59,6,F,central,10848.4,101,0.0093101,2022-06-30T09:00:00Z
2021-12-31,F-central-60,60,6,F,central,9736.3,108,0.0110925,2022-06-30T09:00:00Z
2021-12-31,F-central-61,61,6,F,central,9061.6,101,0.0111459,2022-06-30T09:00:00Z
2021-12-31,F-central-62,62,6,F,central,9009.1,105,0.0116549,2022-06-30T09:00:00Z
2021-12-31,F-central-63,63,6,F,central,9368.9,129,0.0137689,2022-06-30T09:00:00Z
2021-12-31,F-central-64,64,6,F,central,8182.3,108,0.0131991,2022-06-30T09:00:00Z
2021-12-31,F-central-65,65,6,F,central,7541.6,141,0.0186962,2022-06-30T09:00:00Z
2021-12-31,F-central-66,66,6,F,central,8367.3,149,0.0178073,2022-06-30T09:00:00Z
2021-12-31,F-central-67,67,6,F,central,7342.9,152,0.0207002,2022-06-30T09:00:00Z
2021-12-31,F-central-68,68,6,F,central,7088.7,163,0.0229942,2022-06-30T09:00:00Z
2021-12-31,F-central-69,69,6,F,central,6667.2,151,0.0226482,2022-06-30T09:00:00Z
2021-12-31,F-central-70,70,6,F,central,7027.9,204,0.0290273,2022-06-30T09:00:00Z
2021-12-31,F-central-71,71,6,F,central,7359.2,237,0.0322046,2022-06-30T09:00:00Z
2021-12-31,F-central-72,72,6,F,central,7003.2,253,0.0361264,2022-06-30T09:00:00Z
2021-12-31,F-central-73,73,6,F,central,6291.9,230,0.0365549,2022-06-30T09:00:00Z
2021-12-31,F-central-74,74,6,F,central,5649.5,263,0.0465527,2022-06-30T09:00:00Z
2021-12-31,F-central-75,75,6,F,central,5701.5,264,0.0463037,2022-06-30T09:00:00Z
2021-12-31,F-central-76,76,6,F,central,5414.0,298,0.0550425,2022-06-30T09:00:00Z
2021-12-31,F-central-77,77,6,F,central,5997.6,351,0.0585236,2022-06-30T09:00:00Z
2021-12-31,F-central-78,78,6,F,central,5206.5,344,0.0660711,2022-06-30T09:00:00Z
2021-12-31,F-central-79,79,6,F,central,5405.6,382,0.070668,2022-06-30T09:00:00Z
2021-12-31,F-central-80,80,6,F,central,5355.0,445,0.0830997,2022-06-30T09:00:00Z
2021-12-31,F-central-81,81,6,F,central,4561.7,387,0.0848374,2022-06-30T09:00:00Z
2021-12-31,F-central-82,82,6,F,central,4293.7,411,0.0957216,2022-06-30T09:00:00Z
2021-12-31,F-central-83,83,6,F,central,4277.5,487,0.1138502,2022-06-30T09:00:00Z
2021-12-31,F-central-84,84,6,F,central,4358.8,505,0.1158575,2022-06-30T09:00:00Z
2021-12-31,F-central-85,85,6,F,central,4518.0,575,0.1272693,2022-06-30T09:00:00Z
2021-12-31,F-central-86,86,6,F,central,3698.8,569,0.1538345,2022-06-30T09:00:00Z
2021-12-31,F-central-87,87,6,F,central,4147.1,655,0.1579435,2022-06-30T09:00:00Z
2021-12-31,F-central-88,88,6,F,central,3685.0,617,0.1674338,2022-06-30T09:00:00Z
2021-12-31,F-central-89,89,6,F,central,3763.1,731,0.1942528,2022-06-30T09:00:00Z
2021-12-31,F-central-90,90,6,F,central,3356.3,726,0.2163115,2022-06-30T09:00:00Z
2021-12-31,F-central-91,91,6,F,central,3079.0,776,0.2520279,2022-06-30T09:00:00Z
2021-12-31,F-central-92,92,6,F,central,3017.8,867,0.2872975,2022-06-30T09:00:00Z
2021-12-31,F-central-93,93,6,F,central,2852.4,885,0.3102622,2022-06-30T09:00:00Z
2021-12-31,F-central-94,94,6,F,central,2816.7,998,0.3543173,2022-06-30T09:00:00Z
2021-12-31,F-central-95,95,6,F,central,2773.0,1031,0.371799,2022-06-30T09:00:00Z
2021-12-31,F-south-40,40,6,F,south,21976.0,30,0.0013651,2022-06-30T09:00:00Z
2021-12-31,F-south-41,41,6,F,south,20396.4,38,0.0018631,2022-06-30T09:00:00Z
2021-12-31,F-south-42,42,6,F,south,19793.1,34,0.0017178,2022-06-30T09:00:00Z
2021-12-31,F-south-43,43,6,F,south,16545.7,28,0.0016923,2022-06-30T09:00:00Z
2021-12-31,F-south-44,44,6,F,south,16021.5,31,0.0019349,2022-06-30T09:00:00Z
2021-12-31,F-south-45,45,6,F,south,17854.6,45,0.0025204,2022-06-30T09:00:00Z
2021-12-31,F-south-46,46,6,F,south,17661.3,35,0.0019817,2022-06-30T09:00:00Z
2021-12-31,F-south-47,47,6,F,south,15715.1,31,0.0019726,2022-06-30T09:00:00Z
2021-12-31,F-south-48,48,6,F,south,16591.6,45,0.0027122,2022-06-30T09:00:00Z
2021-12-31,F-south-49,49,6,F,south,15007.4,58,0.0038648,2022-06-30T09:00:00Z
2021-12-31,F-south-50,50,6,F,south,15142.6,56,0.0036982,2022-06-30T09:00:00Z
2021-12-31,F-south-51,51,6,F,south,12302.8,44,0.0035764,2022-06-30T09:00:00Z
2021-12-31,F-south-52,52,6,F,south,12747.8,61,0.0047851,2022-06-30T09:00:00Z
2021-12-31,F-south-53,53,6,F,south,12095.5,50,0.0041338,2022-06-30T09:00:00Z
2021-12-31,F-south-54,54,6,F,south,11234.4,56,0.0049847,2022-06-30T09:00:00Z
2021-12-31,F-south-55,55,6,F,south,12374.6,62,0.0050103,2022-06-30T09:00:00Z
2021-12-31,F-south-56,56,6,F,south,11918.1,82,0.0068803,2022-06-30T09:00:00Z
2021-12-31,F-south-57,57,6,F,south,10958.5,89,0.0081216,2022-06-30T09:00:00Z
2021-12-31,F-south-58,58,6,F,south,11467.6,91,0.0079354,2022-06-30T09:00:00Z
2021-12-31,F-south-59,59,6,F,south,10043.0,82,0.0081649,2022-06-30T09:00:00Z
2021-12-31,F-south-60,60,6,F,south,9499.4,83,0.0087374,2022-06-30T09:00:00Z
2021-12-31,F-south-61,61,6,F,south,9381.2,118,0.0125784,2022-06-30T09:00:00Z
2021-12-31,F-south-62,62,6,F,south,8634.2,99,0.0114661,2022-06-30T09:00:00Z
2021-12-31,F-south-63,63,6,F,south,8583.8,102,0.0118828,2022-06-30T09:00:00Z
2021-12-31,F-south-64,64,6,F,south,8164.2,125,0.0153108,2022-06-30T09:00:00Z
2021-12-31,F-south-65,65,6,F,south,8892.4,140,0.0157437,2022-06-30T09:00:00Z
2021-12-31,F-south-66,66,6,F,south,7567.1,134,0.0177083,2022-06-30T09:00:00Z
2021-12-31,F-south-67,67,6,F,south,8478.9,158,0.0186345,2022-06-30T09:00:00Z
2021-12-31,F-south-68,68,6,F,south,7240.0,162,0.0223758,2022-06-30T09:00:00Z
2021-12-31,F-south-69,69,6,F,south,7365.6,197,0.0267458,2022-06-30T09:00:00Z
2021-12-31,F-south-70,70,6,F,south,6642.3,179,0.0269485,2022-06-30T09:00:00Z
2021-12-31,F-south-71,71,6,F,south,7099.1,230,0.0323985,2022-06-30T09:00:00Z
2021-12-31,F-south-72,72,6,F,south,6720.2,197,0.0293145,2022-06-30T09:00:00Z
2021-12-31,F-south-73,73,6,F,south,6069.3,198,0.0326231,2022-06-30T09:00:00Z
2021-12-31,F-south-74,74,6,F,south,5977.8,254,0.0424907,2022-06-30T09:00:00Z
2021-12-31,F-south-75,75,6,F,south,6133.5,292,0.0476075,2022-06-30T09:00:00Z
2021-12-31,F-south-76,76,6,F,south,5665.5,266,0.0469511,2022-06-30T09:00:00Z
2021-12-31,F-south-77,77,6,F,south,5908.9,352,0.0595707,2022-06-30T09:00:00Z
2021-12-31,F-south-78,78,6,F,south,4882.3,279,0.057145,2022-06-30T09:00:00Z
2021-12-31,F-south-79,79,6,F,south,5314.9,386,0.0726262,2022-06-30T09:00:00Z
2021-12-31,F-south-80,80,6,F,south,4883.3,383,0.0784308,2022-06-30T09:00:00Z
2021-12-31,F-south-81,81,6,F,south,5003.4,424,0.0847426,2022-06-30T09:00:00Z
2021-12-31,F-south-82,82,6,F,south,4679.3,407,0.0869792,2022-06-30T09:00:00Z
2021-12-31,F-south-83,83,6,F,south,4407.8,468,0.1061758,2022-06-30T09:00:00Z
2021-12-31,F-south-84,84,6,F,south,3958.5,412,0.1040786,2022-06-30T09:00:00Z
2021-12-31,F-south-85,85,6,F,south,3758.8,470,0.1250391,2022-06-30T09:00:00Z
2021-12-31,F-south-86,86,6,F,south,3829.1,561,0.1465095,2022-06-30T09:00:00Z
2021-12-31,F-south-87,87,6,F,south,4112.6,619,0.1505138,2022-06-30T09:00:00Z
2021-12-31,F-south-88,88,6,F,south,3583.6,642,0.1791481,2022-06-30T09:00:00Z
2021-12-31,F-south-89,89,6,F,south,3715.4,742,0.1997103,2022-06-30T09:00:00Z
2021-12-31,F-south-90,90,6,F,south,3596.7,786,0.2185347,2022-06-30T09:00:00Z
2021-12-31,F-south-91,91,6,F,south,3078.6,715,0.232251,2022-06-30T09:00:00Z
2021-12-31,F-south-92,92,6,F,south,3275.7,894,0.2729195,2022-06-30T09:00:00Z
2021-12-31,F-south-93,93,6,F,south,3074.3,945,0.3073906,2022-06-30T09:00:00Z
2021-12-31,F-south-94,94,6,F,south,3226.4,1077,0.333812,2022-06-30T09:00:00Z
2021-12-31,F-south-95,95,6,F,south,3014.4,1055,0.3499913,2022-06-30T09:00:00Z
2022-12-31,M-north-40,40,7,M,north,20746.5,53,0.0025546,2023-06-30T09:00:00Z
2022-12-31,M-north-41,41,7,M,north,19451.5,53,0.0027247,2023-06-30T09:00:00Z
2022-12-31,M-north-42,42,7,M,north,18258.8,63,0.0034504,2023-06-30T09:00:00Z
2022-12-31,M-north-43,43,7,M,north,18158.6,57,0.003139,2023-06-30T09:00:00Z
2022-12-31,M-north-44,44,7,M,north,17773.6,77,0.0043323,2023-06-30T09:00:00Z
2022-12-31,M-north-45,45,7,M,north,18082.7,74,0.0040923,2023-06-30T09:00:00Z
2022-12-31,M-north-46,46,7,M,north,17584.2,81,0.0046064,2023-06-30T09:00:00Z
2022-12-31,M-north-47,47,7,M,north,15177.3,62,0.0040851,2023-06-30T09:00:00Z
2022-12-31,M-north-48,48,7,M,north,15171.8,67,0.0044161,2023-06-30T09:00:00Z
2022-12-31,M-north-49,49,7,M,north,13961.9,94,0.0067326,2023-06-30T09:00:00Z
2022-12-31,M-north-50,50,7,M,north,15352.2,85,0.0055367,2023-06-30T09:00:00Z
2022-12-31,M-north-51,51,7,M,north,14226.5,103,0.00724,2023-06-30T09:00:00Z
2022-12-31,M-north-52,52,7,M,north,13666.3,104,0.00761,2023-06-30T09:00:00Z
2022-12-31,M-north-53,53,7,M,north,12366.5,119,0.0096228,2023-06-30T09:00:00Z
2022-12-31,M-north-54,54,7,M,north,11803.6,105,0.0088956,2023-06-30T09:00:00Z
2022-12-31,M-north-55,55,7,M,north,12426.8,142,0.0114269,2023-06-30T09:00:00Z
2022-12-31,M-north-56,56,7,M,north,10741.0,137,0.0127549,2023-06-30T09:00:00Z
2022-12-31,M-north-57,57,7,M,north,10174.0,151,0.0148417,2023-06-30T09:00:00Z
2022-12-31,M-north-58,58,7,M,north,9964.3,150,0.0150538,2023-06-30T09:00:00Z
2022-12-31,M-north-59,59,7,M,north,10825.5,181,0.0167198,2023-06-30T09:00:00Z
2022-12-31,M-north-60,60,7,M,north,9687.5,178,0.0183742,2023-06-30T09:00:00Z
2022-12-31,M-north-61,61,7,M,north,8988.3,174,0.0193584,2023-06-30T09:00:00Z
2022-12-31,M-north-62,62,7,M,north,9635.8,192,0.0199257,2023-06-30T09:00:00Z
2022-12-31,M-north-63,63,7,M,north,8280.4,195,0.0235495,2023-06-30T09:00:00Z
2022-12-31,M-north-64,64,7,M,north,8371.2,242,0.0289086,2023-06-30T09:00:00Z
2022-12-31,M-north-65,65,7,M,north,7508.3,212,0.0282355,2023-06-30T09:00:00Z
2022-12-31,M-north-66,66,7,M,north,7360.9,224,0.0304311,2023-06-30T09:00:00Z
2022-12-31,M-north-67,67,7,M,north,8206.4,292,0.035582,2023-06-30T09:00:00Z
2022-12-31,M-north-68,68,7,M,north,7240.0,277,0.0382596,2023-06-30T09:00:00Z
2022-12-31,M-north-69,69,7,M,north,7367.7,355,0.0481831,2023-06-30T09:00:00Z
2022-12-31,M-north-70,70,7,M,north,6512.0,316,0.0485256,2023-06-30T09:00:00Z
2022-12-31,M-north-71,71,7,M,north,6673.8,385,0.0576879,2023-06-30T09:00:00Z
2022-12-31,M-north-72,72,7,M,north,6959.2,430,0.0617885,2023-06-30T09:00:00Z
2022-12-31,M-north-73,73,7,M,north,6006.6,378,0.0629307,2023-06-30T09:00:00Z
2022-12-31,M-north-74,74,7,M,north,5743.2,392,0.0682548,2023-06-30T09:00:00Z
2022-12-31,M-north-75,75,7,M,north,6154.7,529,0.0859507,2023-06-30T09:00:00Z
2022-12-31,M-north-76,76,7,M,north,5948.1,554,0.0931389,2023-06-30T09:00:00Z
2022-12-31,M-north-77,77,7,M,north,5502.7,527,0.0957707,2023-06-30T09:00:00Z
2022-12-31,M-north-78,78,7,M,north,4769.8,533,0.1117449,2023-06-30T09:00:00Z
2022-12-31,M-north-79,79,7,M,north,4773.7,595,0.124642,2023-06-30T09:00:00Z
2022-12-31,M-north-80,80,7,M,north,4797.3,630,0.1313251,2023-06-30T09:00:00Z
2022-12-31,M-north-81,81,7,M,north,4879.9,763,0.1563561,2023-06-30T09:00:00Z
2022-12-31,M-north-82,82,7,M,north,5023.9,843,0.1677979,2023-06-30T09:00:00Z
2022-12-31,M-north-83,83,7,M,north,4797.9,962,0.2005063,2023-06-30T09:00:00Z
2022-12-31,M-north-84,84,7,M,north,4503.7,936,0.2078285,2023-06-30T09:00:00Z
2022-12-31,M-north-85,85,7,M,north,4395.3,1040,0.2366165,2023-06-30T09:00:00Z
2022-12-31,M-north-86,86,7,M,north,4243.4,1108,0.2611094,2023-06-30T09:00:00Z
2022-12-31,M-north-87,87,7,M,north,3982.5,1137,0.285501,2023-06-30T09:00:00Z
2022-12-31,M-north-88,88,7,M,north,3472.7,1117,0.3216487,2023-06-30T09:00:00Z
2022-12-31,M-north-89,89,7,M,north,3756.6,1355,0.3606991,2023-06-30T09:00:00Z
2022-12-31,M-north-90,90,7,M,north,3700.1,1450,0.3918859,2023-06-30T09:00:00Z
2022-12-31,M-north-91,91,7,M,north,3631.6,1628,0.4482881,2023-06-30T09:00:00Z
2022-12-31,M-north-92,92,7,M,north,3124.4,1579,0.5053743,2023-06-30T09:00:00Z
2022-12-31,M-north-93,93,7,M,north,3068.1,1668,0.543664,2023-06-30T09:00:00Z
2022-12-31,M-north-94,94,7,M,north,3192.7,1911,0.5985587,2023-06-30T09:00:00Z
2022-12-31,M-north-95,95,7,M,north,3058.5,2099,0.6862866,2023-06-30T09:00:00Z
2022-12-31,M-central-40,40,7,M,central,21243.0,38,0.0017888,2023-06-30T09:00:00Z
2022-12-31,M-central-41,41,7,M,central,19961.2,62,0.003106,2023-06-30T09:00:00Z
2022-12-31,M-central-42,42,7,M,central,17821.0,59,0.0033107,2023-06-30T09:00:00Z
2022-12-31,M-central-43,43,7,M,central,16223.9,48,0.0029586,2023-06-30T09:00:00Z
2022-12-31,M-central-44,44,7,M,central,16212.8,63,0.0038858,2023-06-30T09:00:00Z
2022-12-31,M-central-45,45,7,M,central,16840.6,76,0.0045129,2023-06-30T09:00:00Z
2022-12-31,M-central-46,46,7,M,central,15565.7,62,0.0039831,2023-06-30T09:00:00Z
2022-12-31,M-central-47,47,7,M,central,15306.1,74,0.0048347,2023-06-30T09:00:00Z
2022-12-31,M-central-48,48,7,M,central,14075.2,67,0.0047602,2023-06-30T09:00:00Z
2022-12-31,M-central-49,49,7,M,central,13894.8,86,0.0061894,2023-06-30T09:00:00Z
2022-12-31,M-central-50,50,7,M,central,12943.2,77,0.0059491,2023-06-30T09:00:00Z
2022-12-31,M-central-51,51,7,M,central,14090.6,90,0.0063872,2023-06-30T09:00:00Z
2022-12-31,M-central-52,52,7,M,central,13951.9,100,0.0071675,2023-06-30T09:00:00Z
2022-12-31,M-central-53,53,7,M,central,11551.1,85,0.0073586,2023-06-30T09:00:00Z
2022-12-31,M-central-54,54,7,M,central,12371.9,106,0.0085678,2023-06-30T09:00:00Z
2022-12-31,M-central-55,55,7,M,central,12381.1,117,0.0094499,2023-06-30T09:00:00Z
2022-12-31,M-central-56,56,7,M,central,11648.7,110,0.0094431,2023-06-30T09:00:00Z
2022-12-31,M-central-57,57,7,M,central,11536.2,145,0.0125691,2023-06-30T09:00:00Z
2022-12-31,M-central-58,58,7,M,central,11281.2,162,0.0143602,2023-06-30T09:00:00Z
2022-12-31,M-central-59,59,7,M,central,10060.9,142,0.014114,2023-06-30T09:00:00Z
2022-12-31,M-central-60,60,7,M,central,9262.6,157,0.0169499,2023-06-30T09:00:00Z
2022-12-31,M-central-61,61,7,M,central,9513.8,186,0.0195505,2023-06-30T09:00:00Z
2022-12-31,M-central-62,62,7,M,central,9473.7,163,0.0172056,2023-06-30T09:00:00Z
2022-12-31,M-central-63,63,7,M,central,9497.3,213,0.0224275,2023-06-30T09:00:00Z
2022-12-31,M-central-64,64,7,M,central,8132.7,180,0.0221329,2023-06-30T09:00:00Z
2022-12-31,M-central-65,65,7,M,central,8900.7,227,0.0255035,2023-06-30T09:00:00Z
2022-12-31,M-central-66,66,7,M,central,8162.0,253,0.0309972,2023-06-30T09:00:00Z
2022-12-31,M-central-67,67,7,M,central,8144.2,243,0.029837,2023-06-30T09:00:00Z
2022-12-31,M-central-68,68,7,M,central,7892.3,345,0.0437137,2023-06-30T09:00:00Z
2022-12-31,M-central-69,69,7,M,central,7467.0,315,0.0421857,2023-06-30T09:00:00Z
2022-12-31,M-central-70,70,7,M,central,7496.9,311,0.0414839,2023-06-30T09:00:00Z
2022-12-31,M-central-71,71,7,M,central,6805.3,347,0.0509893,2023-06-30T09:00:00Z
2022-12-31,M-central-72,72,7,M,central,5989.1,354,0.0591076,2023-06-30T09:00:00Z
2022-12-31,M-central-73,73,7,M,central,6157.5,405,0.0657736,2023-06-30T09:00:00Z
2022-12-31,M-central-74,74,7,M,central,6481.8,449,0.0692706,2023-06-30T09:00:00Z
2022-12-31,M-central-75,75,7,M,central,6453.5,505,0.0782516,2023-06-30T09:00:00Z
2022-12-31,M-central-76,76,7,M,central,5263.5,474,0.0900534,2023-06-30T09:00:00Z
2022-12-31,M-central-77,77,7,M,central,5771.6,575,0.0996263,2023-06-30T09:00:00Z
2022-12-31,M-central-78,78,7,M,central,5200.0,567,0.1090383,2023-06-30T09:00:00Z
2022-12-31,M-central-79,79,7,M,central,4767.4,579,0.1214492,2023-06-30T09:00:00Z
2022-12-31,M-central-80,80,7,M,central,4652.8,592,0.1272346,2023-06-30T09:00:00Z
2022-12-31,M-central-81,81,7,M,central,4794.5,671,0.1399528,2023-06-30T09:00:00Z
2022-12-31,M-central-82,82,7,M,central,4426.2,717,0.1619904,2023-06-30T09:00:00Z
2022-12-31,M-central-83,83,7,M,central,4829.9,891,0.1844754,2023-06-30T09:00:00Z
2022-12-31,M-central-84,84,7,M,central,3957.6,804,0.2031529,2023-06-30T09:00:00Z
2022-12-31,M-central-85,85,7,M,central,4540.9,1000,0.2202225,2023-06-30T09:00:00Z
2022-12-31,M-central-86,86,7,M,central,3911.9,955,0.2441298,2023-06-30T09:00:00Z
2022-12-31,M-central-87,87,7,M,central,3606.0,935,0.2592893,2023-06-30T09:00:00Z
2022-12-31,M-central-88,88,7,M,central,4080.4,1278,0.3132072,2023-06-30T09:00:00Z
2022-12-31,M-central-89,89,7,M,central,3801.4,1279,0.336452,2023-06-30T09:00:00Z
2022-12-31,M-central-90,90,7,M,central,3815.5,1384,0.3627334,2023-06-30T09:00:00Z
2022-12-31,M-central-91,91,7,M,central,3041.4,1248,0.4103434,2023-06-30T09:00:00Z
2022-12-31,M-central-92,92,7,M,central,3269.5,1538,0.4704092,2023-06-30T09:00:00Z
2022-12-31,M-central-93,93,7,M,central,3139.8,1587,0.5054474,2023-06-30T09:00:00Z
2022-12-31,M-central-94,94,7,M,central,3086.7,1705,0.5523652,2023-06-30T09:00:00Z
2022-12-31,M-central-95,95,7,M,central,3165.2,2095,0.6618757,2023-06-30T09:00:00Z
2022-12-31,M-south-40,40,7,M,south,19760.4,46,0.0023279,2023-06-30T09:00:00Z
2022-12-31,M-south-41,41,7,M,south,17532.3,52,0.002966,2023-06-30T09:00:00Z
2022-12-31,M-south-42,42,7,M,south,17455.0,42,0.0024062,2023-06-30T09:00:00Z
2022-12-31,M-south-43,43,7,M,south,17071.1,44,0.0025774,2023-06-30T09:00:00Z
2022-12-31,M-south-44,44,7,M,south,19064.5,60,0.0031472,2023-06-30T09:00:00Z
2022-12-31,M-south-45,45,7,M,south,16624.6,61,0.0036693,2023-06-30T09:00:00Z
2022-12-31,M-south-46,46,7,M,south,16239.9,65,0.0040025,2023-06-30T09:00:00Z
2022-12-31,M-south-47,47,7,M,south,14993.2,60,0.0040018,2023-06-30T09:00:00Z
2022-12-31,M-south-48,48,7,M,south,15515.6,56,0.0036093,2023-06-30T09:00:00Z
2022-12-31,M-south-49,49,7,M,south,13200.8,67,0.0050754,2023-06-30T09:00:00Z
2022-12-31,M-south-50,50,7,M,south,13422.3,88,0.0065563,2023-06-30T09:00:00Z
2022-12-31,M-south-51,51,7,M,south,14271.1,101,0.0070773,2023-06-30T09:00:00Z
2022-12-31,M-south-52,52,7,M,south,13959.1,74,0.0053012,2023-06-30T09:00:00Z
2022-12-31,M-south-53,53,7,M,south,12437.9,94,0.0075575,2023-06-30T09:00:00Z
2022-12-31,M-south-54,54,7,M,south,12904.2,102,0.0079044,2023-06-30T09:00:00Z
2022-12-31,M-south-55,55,7,M,south,12306.9,114,0.0092631,2023-06-30T09:00:00Z
2022-12-31,M-south-56,56,7,M,south,12292.3,133,0.0108198,2023-06-30T09:00:00Z
2022-12-31,M-south-57,57,7,M,south,10927.7,122,0.0111643,2023-06-30T09:00:00Z
2022-12-31,M-south-58,58,7,M,south,11440.8,145,0.0126739,2023-06-30T09:00:00Z
2022-12-31,M-south-59,59,7,M,south,9688.1,148,0.0152764,2023-06-30T09:00:00Z
2022-12-31,M-south-60,60,7,M,south,10352.8,145,0.0140059,2023-06-30T09:00:00Z
2022-12-31,M-south-61,61,7,M,south,9656.4,157,0.0162586,2023-06-30T09:00:00Z
2022-12-31,M-south-62,62,7,M,south,9255.5,171,0.0184755,2023-06-30T09:00:00Z
2022-12-31,M-south-63,63,7,M,south,9046.0,203,0.0224407,2023-06-30T09:00:00Z
2022-12-31,M-south-64,64,7,M,south,9236.8,222,0.0240342,2023-06-30T09:00:00Z
2022-12-31,M-south-65,65,7,M,south,8368.0,173,0.0206739,2023-06-30T09:00:00Z
2022-12-31,M-south-66,66,7,M,south,8071.2,218,0.0270097,2023-06-30T09:00:00Z
2022-12-31,M-south-67,67,7,M,south,7554.2,242,0.0320351,2023-06-30T09:00:00Z
2022-12-31,M-south-68,68,7,M,south,6862.0,212,0.0308947,2023-06-30T09:00:00Z
2022-12-31,M-south-69,69,7,M,south,7539.3,309,0.0409853,2023-06-30T09:00:00Z
2022-12-31,M-south-70,70,7,M,south,6353.6,271,0.0426528,2023-06-30T09:00:00Z
2022-12-31,M-south-71,71,7,M,south,7376.8,358,0.0485306,2023-06-30T09:00:00Z
2022-12-31,M-south-72,72,7,M,south,6714.5,359,0.0534663,2023-06-30T09:00:00Z
2022-12-31,M-south-73,73,7,M,south,6288.1,396,0.062976,2023-06-30T09:00:00Z
2022-12-31,M-south-74,74,7,M,south,6554.6,444,0.0677388,2023-06-30T09:00:00Z
2022-12-31,M-south-75,75,7,M,south,5883.6,420,0.0713847,2023-06-30T09:00:00Z
2022-12-31,M-south-76,76,7,M,south,5536.0,441,0.0796608,2023-06-30T09:00:00Z
2022-12-31,M-south-77,77,7,M,south,5783.6,542,0.0937134,2023-06-30T09:00:00Z
2022-12-31,M-south-78,78,7,M,south,5440.5,553,0.1016451,2023-06-30T09:00:00Z
2022-12-31,M-south-79,79,7,M,south,5253.7,597,0.1136339,2023-06-30T09:00:00Z
2022-12-31,M-south-80,80,7,M,south,5172.8,676,0.1306831,2023-06-30T09:00:00Z
2022-12-31,M-south-81,81,7,M,south,4470.0,685,0.1532421,2023-06-30T09:00:00Z
2022-12-31,M-south-82,82,7,M,south,4150.6,621,0.1496175,2023-06-30T09:00:00Z
2022-12-31,M-south-83,83,7,M,south,4845.7,838,0.1729369,2023-06-30T09:00:00Z
2022-12-31,M-south-84,84,7,M,south,4113.5,754,0.1832973,2023-06-30T09:00:00Z
2022-12-31,M-south-85,85,7,M,south,4496.0,942,0.2095177,2023-06-30T09:00:00Z
2022-12-31,M-south-86,86,7,M,south,4202.3,1032,0.2455807,2023-06-30T09:00:00Z
2022-12-31,M-south-87,87,7,M,south,3650.8,996,0.2728144,2023-06-30T09:00:00Z
2022-12-31,M-south-88,88,7,M,south,4025.8,1196,0.2970851,2023-06-30T09:00:00Z
2022-12-31,M-south-89,89,7,M,south,3498.6,1109,0.3169819,2023-06-30T09:00:00Z
2022-12-31,M-south-90,90,7,M,south,3295.0,1208,0.3666188,2023-06-30T09:00:00Z
2022-12-31,M-south-91,91,7,M,south,3063.3,1160,0.3786822,2023-06-30T09:00:00Z
2022-12-31,M-south-92,92,7,M,south,3224.3,1373,0.4258339,2023-06-30T09:00:00Z
2022-12-31,M-south-93,93,7,M,south,3429.1,1712,0.4992542,2023-06-30T09:00:00Z
2022-12-31,M-south-94,94,7,M,south,2861.2,1502,0.5249595,2023-06-30T09:00:00Z
2022-12-31,M-south-95,95,7,M,south,3159.2,1869,0.5916042,2023-06-30T09:00:00Z
2022-12-31,F-north-40,40,7,F,north,20578.1,25,0.0012149,2023-06-30T09:00:00Z
2022-12-31,F-north-41,41,7,F,north,19702.5,32,0.0016242,2023-06-30T09:00:00Z
2022-12-31,F-north-42,42,7,F,north,17719.6,40,0.0022574,2023-06-30T09:00:00Z
2022-12-31,F-north-43,43,7,F,north,18312.3,41,0.0022389,2023-06-30T09:00:00Z
2022-12-31,F-north-44,44,7,F,north,17892.1,45,0.0025151,2023-06-30T09:00:00Z
2022-12-31,F-north-45,45,7,F,north,17433.6,43,0.0024665,2023-06-30T09:00:00Z
2022-12-31,F-north-46,46,7,F,north,16478.2,53,0.0032164,2023-06-30T09:00:00Z
2022-12-31,F-north-47,47,7,F,north,15959.6,53,0.0033209,2023-06-30T09:00:00Z
2022-12-31,F-north-48,48,7,F,north,14827.5,40,0.0026977,2023-06-30T09:00:00Z
2022-12-31,F-north-49,49,7,F,north,15622.5,51,0.0032645,2023-06-30T09:00:00Z
2022-12-31,F-north-50,50,7,F,north,13557.5,42,0.0030979,2023-06-30T09:00:00Z
2022-12-31,F-north-51,51,7,F,north,13413.4,51,0.0038022,2023-06-30T09:00:00Z
2022-12-31,F-north-52,52,7,F,north,14372.3,75,0.0052184,2023-06-30T09:00:00Z
2022-12-31,F-north-53,53,7,F,north,13181.1,53,0.0040209,2023-06-30T09:00:00Z
2022-12-31,F-north-54,54,7,F,north,11557.3,56,0.0048454,2023-06-30T09:00:00Z
2022-12-31,F-north-55,55,7,F,north,11612.0,84,0.0072339,2023-06-30T09:00:00Z
2022-12-31,F-north-56,56,7,F,north,12148.1,80,0.0065854,2023-06-30T09:00:00Z
2022-12-31,F-north-57,57,7,F,north,10123.2,79,0.0078039,2023-06-30T09:00:00Z
2022-12-31,F-north-58,58,7,F,north,10912.8,90,0.0082472,2023-06-30T09:00:00Z
2022-12-31,F-north-59,59,7,F,north,11131.8,97,0.0087138,2023-06-30T09:00:00Z
2022-12-31,F-north-60,60,7,F,north,9228.9,86,0.0093185,2023-06-30T09:00:00Z
2022-12-31,F-north-61,61,7,F,north,8663.6,112,0.0129276,2023-06-30T09:00:00Z
2022-12-31,F-north-62,62,7,F,north,9672.2,125,0.0129236,2023-06-30T09:00:00Z
2022-12-31,F-north-63,63,7,F,north,8948.2,125,0.0139693,2023-06-30T09:00:00Z
2022-12-31,F-north-64,64,7,F,north,8513.0,144,0.0169153,2023-06-30T09:00:00Z
2022-12-31,F-north-65,65,7,F,north,8997.9,149,0.0165594,2023-06-30T09:00:00Z
2022-12-31,F-north-66,66,7,F,north,7996.7,154,0.0192579,2023-06-30T09:00:00Z
2022-12-31,F-north-67,67,7,F,north,8063.5,165,0.0204625,2023-06-30T09:00:00Z
2022-12-31,F-north-68,68,7,F,north,7759.1,175,0.0225543,2023-06-30T09:00:00Z
2022-12-31,F-north-69,69,7,F,north,7481.1,191,0.0255308,2023-06-30T09:00:00Z
2022-12-31,F-north-70,70,7,F,north,6528.8,186,0.0284894,2023-06-30T09:00:00Z
2022-12-31,F-north-71,71,7,F,north,6704.2,230,0.0343068,2023-06-30T09:00:00Z
2022-12-31,F-north-72,72,7,F,north,6337.1,248,0.0391348,2023-06-30T09:00:00Z
2022-12-31,F-north-73,73,7,F,north,5904.2,262,0.0443752,2023-06-30T09:00:00Z
2022-12-31,F-north-74,74,7,F,north,5726.7,263,0.0459249,2023-06-30T09:00:00Z
2022-12-31,F-north-75,75,7,F,north,6434.3,327,0.0508211,2023-06-30T09:00:00Z
2022-12-31,F-north-76,76,7,F,north,5603.0,307,0.0547926,2023-06-30T09:00:00Z
2022-12-31,F-north-77,77,7,F,north,5881.1,359,0.0610435,2023-06-30T09:00:00Z
2022-12-31,F-north-78,78,7,F,north,5053.1,332,0.0657027,2023-06-30T09:00:00Z
2022-12-31,F-north-79,79,7,F,north,4920.4,364,0.0739774,2023-06-30T09:00:00Z
2022-12-31,F-north-80,80,7,F,north,5218.9,456,0.0873741,2023-06-30T09:00:00Z
2022-12-31,F-north-81,81,7,F,north,5175.5,484,0.0935171,2023-06-30T09:00:00Z
2022-12-31,F-north-82,82,7,F,north,4618.9,446,0.0965598,2023-06-30T09:00:00Z
2022-12-31,F-north-83,83,7,F,north,4699.9,526,0.1119162,2023-06-30T09:00:00Z
2022-12-31,F-north-84,84,7,F,north,3972.3,520,0.130907,2023-06-30T09:00:00Z
2022-12-31,F-north-85,85,7,F,north,4258.5,610,0.1432435,2023-06-30T09:00:00Z
2022-12-31,F-north-86,86,7,F,north,3697.5,606,0.1638924,2023-06-30T09:00:00Z
2022-12-31,F-north-87,87,7,F,north,3606.8,587,0.1627468,2023-06-30T09:00:00Z
2022-12-31,F-north-88,88,7,F,north,3518.5,660,0.1875806,2023-06-30T09:00:00Z
2022-12-31,F-north-89,89,7,F,north,3521.3,714,0.2027667,2023-06-30T09:00:00Z
2022-12-31,F-north-90,90,7,F,north,3194.5,737,0.2307083,2023-06-30T09:00:00Z
2022-12-31,F-north-91,91,7,F,north,3297.1,849,0.2574998,2023-06-30T09:00:00Z
2022-12-31,F-north-92,92,7,F,north,3525.5,1049,0.2975442,2023-06-30T09:00:00Z
2022-12-31,F-north-93,93,7,F,north,3404.1,1112,0.3266664,2023-06-30T09:00:00Z
2022-12-31,F-north-94,94,7,F,north,3129.7,1127,0.3601026,2023-06-30T09:00:00Z
2022-12-31,F-north-95,95,7,F,north,3177.6,1276,0.4015577,2023-06-30T09:00:00Z
2022-12-31,F-central-40,40,7,F,central,18858.6,38,0.002015,2023-06-30T09:00:00Z
2022-12-31,F-central-41,41,7,F,central,19779.8,29,0.0014661,2023-06-30T09:00:00Z
2022-12-31,F-central-42,42,7,F,central,17099.3,26,0.0015205,2023-06-30T09:00:00Z
2022-12-31,F-central-43,43,7,F,central,16764.9,25,0.0014912,2023-06-30T09:00:00Z
2022-12-31,F-central-44,44,7,F,central,17905.2,34,0.0018989,2023-06-30T09:00:00Z
2022-12-31,F-central-45,45,7,F,central,17010.9,42,0.002469,2023-06-30T09:00:00Z
2022-12-31,F-central-46,46,7,F,central,15224.8,36,0.0023646,2023-06-30T09:00:00Z
2022-12-31,F-central-47,47,7,F,central,15441.6,43,0.0027847,2023-06-30T09:00:00Z
2022-12-31,F-central-48,48,7,F,central,15135.9,40,0.0026427,2023-06-30T09:00:00Z
2022-12-31,F-central-49,49,7,F,central,15020.8,49,0.0032621,2023-06-30T09:00:00Z
2022-12-31,F-central-50,50,7,F,central,14079.5,44,0.0031251,2023-06-30T09:00:00Z
2022-12-31,F-central-51,51,7,F,central,12808.8,56,0.004372,2023-06-30T09:00:00Z
2022-12-31,F-central-52,52,7,F,central,12191.8,58,0.0047573,2023-06-30T09:00:00Z
2022-12-31,F-central-53,53,7,F,central,13017.9,60,0.004609,2023-06-30T09:00:00Z
2022-12-31,F-central-54,54,7,F,central,11603.4,65,0.0056018,2023-06-30T09:00:00Z
2022-12-31,F-central-55,55,7,F,central,10656.1,77,0.0072259,2023-06-30T09:00:00Z
2022-12-31,F-central-56,56,7,F,central,12511.9,79,0.006314,2023-06-30T09:00:00Z
2022-12-31,F-central-57,57,7,F,central,10712.5,88,0.0082147,2023-06-30T09:00:00Z
2022-12-31,F-central-58,58,7,F,central,10027.7,66,0.0065817,2023-06-30T09:00:00Z
2022-12-31,F-central-59,59,7,F,central,10977.3,96,0.0087453,2023-06-30T09:00:00Z
2022-12-31,F-central-60,60,7,F,central,9231.6,94,0.0101825,2023-06-30T09:00:00Z
2022-12-31,F-central-61,61,7,F,central,9271.6,112,0.0120799,2023-06-30T09:00:00Z
2022-12-31,F-central-62,62,7,F,central,9101.0,119,0.0130755,2023-06-30T09:00:00Z
2022-12-31,F-central-63,63,7,F,central,8060.6,101,0.01253,2023-06-30T09:00:00Z
2022-12-31,F-central-64,64,7,F,central,8591.7,114,0.0132686,2023-06-30T09:00:00Z
2022-12-31,F-central-65,65,7,F,central,7787.1,130,0.0166944,2023-06-30T09:00:00Z
2022-12-31,F-central-66,66,7,F,central,7272.5,126,0.0173256,2023-06-30T09:00:00Z
2022-12-31,F-central-67,67,7,F,central,7746.8,157,0.0202666,2023-06-30T09:00:00Z
2022-12-31,F-central-68,68,7,F,central,6861.3,167,0.0243394,2023-06-30T09:00:00Z
2022-12-31,F-central-69,69,7,F,central,7024.1,162,0.0230634,2023-06-30T09:00:00Z
2022-12-31,F-central-70,70,7,F,central,7253.6,192,0.0264698,2023-06-30T09:00:00Z
2022-12-31,F-central-71,71,7,F,central,7003.3,229,0.0326989,2023-06-30T09:00:00Z
2022-12-31,F-central-72,72,7,F,central,6947.4,212,0.0305151,2023-06-30T09:00:00Z
2022-12-31,F-central-73,73,7,F,central,6018.2,227,0.0377186,2023-06-30T09:00:00Z
2022-12-31,F-central-74,74,7,F,central,6144.4,226,0.0367816,2023-06-30T09:00:00Z
2022-12-31,F-central-75,75,7,F,central,6102.1,308,0.0504742,2023-06-30T09:00:00Z
2022-12-31,F-central-76,76,7,F,central,5515.8,305,0.0552958,2023-06-30T09:00:00Z
2022-12-31,F-central-77,77,7,F,central,5910.8,317,0.0536306,2023-06-30T09:00:00Z
2022-12-31,F-central-78,78,7,F,central,5092.2,290,0.0569501,2023-06-30T09:00:00Z
2022-12-31,F-central-79,79,7,F,central,5349.3,369,0.0689808,2023-06-30T09:00:00Z
2022-12-31,F-central-80,80,7,F,central,5318.2,427,0.0802908,2023-06-30T09:00:00Z
2022-12-31,F-central-81,81,7,F,central,4671.9,424,0.0907556,2023-06-30T09:00:00Z
2022-12-31,F-central-82,82,7,F,central,4984.0,471,0.0945018,2023-06-30T09:00:00Z
2022-12-31,F-central-83,83,7,F,central,4740.4,500,0.1054766,2023-06-30T09:00:00Z
2022-12-31,F-central-84,84,7,F,central,4675.7,523,0.1118549,2023-06-30T09:00:00Z
2022-12-31,F-central-85,85,7,F,central,3744.1,484,0.1292708,2023-06-30T09:00:00Z
2022-12-31,F-central-86,86,7,F,central,4060.5,605,0.1489952,2023-06-30T09:00:00Z
2022-12-31,F-central-87,87,7,F,central,4131.1,669,0.1619419,2023-06-30T09:00:00Z
2022-12-31,F-central-88,88,7,F,central,3371.8,612,0.1815047,2023-06-30T09:00:00Z
2022-12-31,F-central-89,89,7,F,central,3523.6,721,0.2046227,2023-06-30T09:00:00Z
2022-12-31,F-central-90,90,7,F,central,3441.4,791,0.2298479,2023-06-30T09:00:00Z
2022-12-31,F-central-91,91,7,F,central,3550.6,847,0.2385495,2023-06-30T09:00:00Z
2022-12-31,F-central-92,92,7,F,central,3539.2,984,0.2780303,2023-06-30T09:00:00Z
2022-12-31,F-central-93,93,7,F,central,2975.2,898,0.3018241,2023-06-30T09:00:00Z
2022-12-31,F-central-94,94,7,F,central,2940.2,1026,0.3489586,2023-06-30T09:00:00Z
2022-12-31,F-central-95,95,7,F,central,2745.4,1007,0.3667971,2023-06-30T09:00:00Z
2022-12-31,F-south-40,40,7,F,south,18623.7,25,0.0013424,2023-06-30T09:00:00Z
2022-12-31,F-south-41,41,7,F,south,18296.0,23,0.0012571,2023-06-30T09:00:00Z
2022-12-31,F-south-42,42,7,F,south,19093.0,30,0.0015713,2023-06-30T09:00:00Z
2022-12-31,F-south-43,43,7,F,south,16531.7,25,0.0015122,2023-06-30T09:00:00Z
2022-12-31,F-south-44,44,7,F,south,17122.8,43,0.0025113,2023-06-30T09:00:00Z
2022-12-31,F-south-45,45,7,F,south,17009.2,44,0.0025868,2023-06-30T09:00:00Z
2022-12-31,F-south-46,46,7,F,south,16147.9,33,0.0020436,2023-06-30T09:00:00Z
2022-12-31,F-south-47,47,7,F,south,14960.5,48,0.0032085,2023-06-30T09:00:00Z
2022-12-31,F-south-48,48,7,F,south,15165.1,56,0.0036927,2023-06-30T09:00:00Z
2022-12-31,F-south-49,49,7,F,south,14795.8,43,0.0029062,2023-06-30T09:00:00Z
2022-12-31,F-south-50,50,7,F,south,14561.0,59,0.0040519,2023-06-30T09:00:00Z
2022-12-31,F-south-51,51,7,F,south,14109.2,52,0.0036855,2023-06-30T09:00:00Z
2022-12-31,F-south-52,52,7,F,south,11839.8,51,0.0043075,2023-06-30T09:00:00Z
2022-12-31,F-south-53,53,7,F,south,12025.8,55,0.0045735,2023-06-30T09:00:00Z
2022-12-31,F-south-54,54,7,F,south,13328.1,63,0.0047269,2023-06-30T09:00:00Z
2022-12-31,F-south-55,55,7,F,south,12010.6,88,0.0073269,2023-06-30T09:00:00Z
2022-12-31,F-south-56,56,7,F,south,12489.6,86,0.0068857,2023-06-30T09:00:00Z
2022-12-31,F-south-57,57,7,F,south,10392.1,65,0.0062547,2023-06-30T09:00:00Z
2022-12-31,F-south-58,58,7,F,south,9805.0,69,0.0070372,2023-06-30T09:00:00Z
2022-12-31,F-south-59,59,7,F,south,9830.9,84,0.0085445,2023-06-30T09:00:00Z
2022-12-31,F-south-60,60,7,F,south,10556.6,99,0.009378,2023-06-30T09:00:00Z
2022-12-31,F-south-61,61,7,F,south,10100.2,89,0.0088117,2023-06-30T09:00:00Z
2022-12-31,F-south-62,62,7,F,south,9066.6,91,0.0100369,2023-06-30T09:00:00Z
2022-12-31,F-south-63,63,7,F,south,9633.1,127,0.0131837,2023-06-30T09:00:00Z
2022-12-31,F-south-64,64,7,F,south,8134.7,112,0.0137682,2023-06-30T09:00:00Z
2022-12-31,F-south-65,65,7,F,south,8721.9,134,0.0153636,2023-06-30T09:00:00Z
2022-12-31,F-south-66,66,7,F,south,8358.8,146,0.0174665,2023-06-30T09:00:00Z
2022-12-31,F-south-67,67,7,F,south,7469.0,155,0.0207526,2023-06-30T09:00:00Z
2022-12-31,F-south-68,68,7,F,south,7641.6,144,0.0188443,2023-06-30T09:00:00Z
2022-12-31,F-south-69,69,7,F,south,7365.1,168,0.0228103,2023-06-30T09:00:00Z
2022-12-31,F-south-70,70,7,F,south,7465.2,192,0.0257194,2023-06-30T09:00:00Z
2022-12-31,F-south-71,71,7,F,south,7317.0,198,0.0270601,2023-06-30T09:00:00Z
2022-12-31,F-south-72,72,7,F,south,6489.1,241,0.0371394,2023-06-30T09:00:00Z
2022-12-31,F-south-73,73,7,F,south,6741.1,241,0.035751,2023-06-30T09:00:00Z
2022-12-31,F-south-74,74,7,F,south,6258.0,259,0.0413871,2023-06-30T09:00:00Z
2022-12-31,F-south-75,75,7,F,south,5544.9,263,0.0474312,2023-06-30T09:00:00Z
2022-12-31,F-south-76,76,7,F,south,5594.4,247,0.0441512,2023-06-30T09:00:00Z
2022-12-31,F-south-77,77,7,F,south,5994.1,335,0.0558885,2023-06-30T09:00:00Z
2022-12-31,F-south-78,78,7,F,south,5368.2,322,0.059983,2023-06-30T09:00:00Z
2022-12-31,F-south-79,79,7,F,south,5604.9,363,0.0647651,2023-06-30T09:00:00Z
2022-12-31,F-south-80,80,7,F,south,4507.4,362,0.080313,2023-06-30T09:00:00Z
2022-12-31,F-south-81,81,7,F,south,5118.6,424,0.0828346,2023-06-30T09:00:00Z
2022-12-31,F-south-82,82,7,F,south,4617.2,455,0.0985441,2023-06-30T09:00:00Z
2022-12-31,F-south-83,83,7,F,south,4876.7,497,0.1019142,2023-06-30T09:00:00Z
2022-12-31,F-south-84,84,7,F,south,4462.9,510,0.1142757,2023-06-30T09:00:00Z
2022-12-31,F-south-85,85,7,F,south,4376.2,555,0.1268222,2023-06-30T09:00:00Z
2022-12-31,F-south-86,86,7,F,south,3615.3,505,0.1396843,2023-06-30T09:00:00Z
2022-12-31,F-south-87,87,7,F,south,4209.0,672,0.1596585,2023-06-30T09:00:00Z
2022-12-31,F-south-88,88,7,F,south,3933.4,713,0.1812703,2023-06-30T09:00:00Z
2022-12-31,F-south-89,89,7,F,south,3276.2,606,0.1849731,2023-06-30T09:00:00Z
2022-12-31,F-south-90,90,7,F,south,3806.0,936,0.2459289,2023-06-30T09:00:00Z
2022-12-31,F-south-91,91,7,F,south,3205.3,769,0.2399172,2023-06-30T09:00:00Z
2022-12-31,F-south-92,92,7,F,south,3261.4,842,0.2581689,2023-06-30T09:00:00Z
2022-12-31,F-south-93,93,7,F,south,3210.2,887,0.2763073,2023-06-30T09:00:00Z
2022-12-31,F-south-94,94,7,F,south,3249.9,1075,0.3307834,2023-06-30T09:00:00Z
2022-12-31,F-south-95,95,7,F,south,3075.7,1110,0.360895,2023-06-30T09:00:00Z
2023-12-31,M-north-40,40,8,M,north,21701.1,60,0.0027648,2024-06-30T09:00:00Z
2023-12-31,M-north-41,41,8,M,north,18063.1,57,0.0031556,2024-06-30T09:00:00Z
2023-12-31,M-north-42,42,8,M,north,19192.6,61,0.0031783,2024-06-30T09:00:00Z
2023-12-31,M-north-43,43,8,M,north,16322.0,46,0.0028183,2024-06-30T09:00:00Z
2023-12-31,M-north-44,44,8,M,north,18000.4,66,0.0036666,2024-06-30T09:00:00Z
2023-12-31,M-north-45,45,8,M,north,17384.5,73,0.0041991,2024-06-30T09:00:00Z
2023-12-31,M-north-46,46,8,M,north,15714.8,76,0.0048362,2024-06-30T09:00:00Z
2023-12-31,M-north-47,47,8,M,north,15788.3,83,0.005257,2024-06-30T09:00:00Z
2023-12-31,M-north-48,48,8,M,north,14520.3,68,0.0046831,2024-06-30T09:00:00Z
2023-12-31,M-north-49,49,8,M,north,15877.0,85,0.0053537,2024-06-30T09:00:00Z
2023-12-31,M-north-50,50,8,M,north,13820.6,78,0.0056438,2024-06-30T09:00:00Z
2023-12-31,M-north-51,51,8,M,north,13751.2,77,0.0055995,2024-06-30T09:00:00Z
2023-12-31,M-north-52,52,8,M,north,12902.2,94,0.0072856,2024-06-30T09:00:00Z
2023-12-31,M-north-53,53,8,M,north,11605.0,93,0.0080138,2024-06-30T09:00:00Z
2023-12-31,M-north-54,54,8,M,north,12603.0,142,0.0112671,2024-06-30T09:00:00Z
2023-12-31,M-north-55,55,8,M,north,10768.9,109,0.0101217,2024-06-30T09:00:00Z
2023-12-31,M-north-56,56,8,M,north,11103.4,148,0.0133293,2024-06-30T09:00:00Z
2023-12-31,M-north-57,57,8,M,north,11028.5,139,0.0126037,2024-06-30T09:00:00Z
2023-12-31,M-north-58,58,8,M,north,9843.7,141,0.0143239,2024-06-30T09:00:00Z
2023-12-31,M-north-59,59,8,M,north,9496.2,157,0.016533,2024-06-30T09:00:00Z
2023-12-31,M-north-60,60,8,M,north,9108.9,154,0.0169065,2024-06-30T09:00:00Z
2023-12-31,M-north-61,61,8,M,north,10024.1,209,0.0208497,2024-06-30T09:00:00Z
2023-12-31,M-north-62,62,8,M,north,8353.3,176,0.0210696,2024-06-30T09:00:00Z
2023-12-31,M-north-63,63,8,M,north,8379.5,187,0.0223163,2024-06-30T09:00:00Z
2023-12-31,M-north-64,64,8,M,north,8932.8,230,0.0257478,2024-06-30T09:00:00Z
2023-12-31,M-north-65,65,8,M,north,8501.5,249,0.0292889,2024-06-30T09:00:00Z
2023-12-31,M-north-66,66,8,M,north,8642.3,271,0.0313574,2024-06-30T09:00:00Z
2023-12-31,M-north-67,67,8,M,north,8548.6,298,0.0348595,2024-06-30T09:00:00Z
2023-12-31,M-north-68,68,8,M,north,6843.4,241,0.0352162,2024-06-30T09:00:00Z
2023-12-31,M-north-69,69,8,M,north,7691.1,299,0.0388763,2024-06-30T09:00:00Z
2023-12-31,M-north-70,70,8,M,north,7536.5,380,0.0504213,2024-06-30T09:00:00Z
2023-12-31,M-north-71,71,8,M,north,7304.3,389,0.0532566,2024-06-30T09:00:00Z
2023-12-31,M-north-72,72,8,M,north,6793.1,404,0.0594719,2024-06-30T09:00:00Z
2023-12-31,M-north-73,73,8,M,north,6603.5,427,0.0646629,2024-06-30T09:00:00Z
2023-12-31,M-north-74,74,8,M,north,6428.2,446,0.0693818,2024-06-30T09:00:00Z
2023-12-31,M-north-75,75,8,M,north,5924.4,483,0.0815278,2024-06-30T09:00:00Z
2023-12-31,M-north-76,76,8,M,north,5749.8,485,0.0843512,2024-06-30T09:00:00Z
2023-12-31,M-north-77,77,8,M,north,5936.0,596,0.1004038,2024-06-30T09:00:00Z
2023-12-31,M-north-78,78,8,M,north,5783.0,678,0.1172403,2024-06-30T09:00:00Z
2023-12-31,M-north-79,79,8,M,north,4916.5,581,0.118173,2024-06-30T09:00:00Z
2023-12-31,M-north-80,80,8,M,north,4948.5,680,0.1374141,2024-06-30T09:00:00Z
2023-12-31,M-north-81,81,8,M,north,4483.7,661,0.1474234,2024-06-30T09:00:00Z
2023-12-31,M-north-82,82,8,M,north,4165.8,719,0.1725939,2024-06-30T09:00:00Z
2023-12-31,M-north-83,83,8,M,north,4330.0,781,0.1803712,2024-06-30T09:00:00Z
2023-12-31,M-north-84,84,8,M,north,4046.7,785,0.1939865,2024-06-30T09:00:00Z
2023-12-31,M-north-85,85,8,M,north,4090.7,950,0.232235,2024-06-30T09:00:00Z
2023-12-31,M-north-86,86,8,M,north,3641.7,907,0.2490618,2024-06-30T09:00:00Z
2023-12-31,M-north-87,87,8,M,north,4047.8,1119,0.2764461,2024-06-30T09:00:00Z
2023-12-31,M-north-88,88,8,M,north,3615.3,1148,0.3175436,2024-06-30T09:00:00Z
2023-12-31,M-north-89,89,8,M,north,3410.4,1241,0.3638873,2024-06-30T09:00:00Z
2023-12-31,M-north-90,90,8,M,north,3185.6,1236,0.3879964,2024-06-30T09:00:00Z
2023-12-31,M-north-91,91,8,M,north,3185.5,1395,0.4379181,2024-06-30T09:00:00Z
2023-12-31,M-north-92,92,8,M,north,3302.9,1568,0.474729,2024-06-30T09:00:00Z
2023-12-31,M-north-93,93,8,M,north,3352.4,1786,0.5327573,2024-06-30T09:00:00Z
2023-12-31,M-north-94,94,8,M,north,2933.5,1805,0.615304,2024-06-30T09:00:00Z
2023-12-31,M-north-95,95,8,M,north,3188.0,2107,0.6609188,2024-06-30T09:00:00Z
2023-12-31,M-central-40,40,8,M,central,21821.0,38,0.0017414,2024-06-30T09:00:00Z
2023-12-31,M-central-41,41,8,M,central,19230.0,63,0.0032761,2024-06-30T09:00:00Z
2023-12-31,M-central-42,42,8,M,central,19729.4,55,0.0027877,2024-06-30T09:00:00Z
2023-12-31,M-central-43,43,8,M,central,19275.5,52,0.0026977,2024-06-30T09:00:00Z
2023-12-31,M-central-44,44,8,M,central,18853.4,70,0.0037129,2024-06-30T09:00:00Z
2023-12-31,M-central-45,45,8,M,central,15722.2,56,0.0035618,2024-06-30T09:00:00Z
2023-12-31,M-central-46,46,8,M,central,14845.8,55,0.0037048,2024-06-30T09:00:00Z
2023-12-31,M-central-47,47,8,M,central,16146.2,73,0.0045212,2024-06-30T09:00:00Z
2023-12-31,M-central-48,48,8,M,central,13814.9,72,0.0052118,2024-06-30T09:00:00Z
2023-12-31,M-central-49,49,8,M,central,15393.0,76,0.0049373,2024-06-30T09:00:00Z
2023-12-31,M-central-50,50,8,M,central,12854.7,76,0.0059122,2024-06-30T09:00:00Z
2023-12-31,M-central-51,51,8,M,central,13404.7,94,0.0070125,2024-06-30T09:00:00Z
2023-12-31,M-central-52,52,8,M,central,12509.5,83,0.006635,2024-06-30T09:00:00Z
2023-12-31,M-central-53,53,8,M,central,11837.5,99,0.0083632,2024-06-30T09:00:00Z
2023-12-31,M-central-54,54,8,M,central,11761.7,98,0.0083321,2024-06-30T09:00:00Z
2023-12-31,M-central-55,55,8,M,central,12545.6,112,0.0089274,2024-06-30T09:00:00Z
2023-12-31,M-central-56,56,8,M,central,11759.0,128,0.0108853,2024-06-30T09:00:00Z
2023-12-31,M-central-57,57,8,M,central,9938.9,131,0.0131805,2024-06-30T09:00:00Z
2023-12-31,M-central-58,58,8,M,central,10254.0,150,0.0146285,2024-06-30T09:00:00Z
2023-12-31,M-central-59,59,8,M,central,9800.2,150,0.0153058,2024-06-30T09:00:00Z
2023-12-31,M-central-60,60,8,M,central,8970.5,152,0.0169443,2024-06-30T09:00:00Z
2023-12-31,M-central-61,61,8,M,central,10115.7,156,0.0154216,2024-06-30T09:00:00Z
2023-12-31,M-central-62,62,8,M,central,9191.2,195,0.0212158,2024-06-30T09:00:00Z
2023-12-31,M-central-63,63,8,M,central,8309.7,154,0.0185326,2024-06-30T09:00:00Z
2023-12-31,M-central-64,64,8,M,central,9179.5,201,0.0218967,2024-06-30T09:00:00Z
2023-12-31,M-central-65,65,8,M,central,9080.2,232,0.02555,2024-06-30T09:00:00Z
2023-12-31,M-central-66,66,8,M,central,7672.3,218,0.028414,2024-06-30T09:00:00Z
2023-12-31,M-central-67,67,8,M,central,7262.6,250,0.0344227,2024-06-30T09:00:00Z
2023-12-31,M-central-68,68,8,M,central,7823.5,310,0.0396243,2024-06-30T09:00:00Z
2023-12-31,M-central-69,69,8,M,central,7464.0,307,0.041131,2024-06-30T09:00:00Z
2023-12-31,M-central-70,70,8,M,central,6800.5,326,0.0479379,2024-06-30T09:00:00Z
2023-12-31,M-central-71,71,8,M,central,6126.3,312,0.0509283,2024-06-30T09:00:00Z
2023-12-31,M-central-72,72,8,M,central,6581.4,349,0.0530282,2024-06-30T09:00:00Z
2023-12-31,M-central-73,73,8,M,central,6717.0,446,0.066399,2024-06-30T09:00:00Z
2023-12-31,M-central-74,74,8,M,central,6543.7,430,0.0657123,2024-06-30T09:00:00Z
2023-12-31,M-central-75,75,8,M,central,6240.3,494,0.0791625,2024-06-30T09:00:00Z
2023-12-31,M-central-76,76,8,M,central,5870.8,517,0.0880632,2024-06-30T09:00:00Z
2023-12-31,M-central-77,77,8,M,central,5762.2,566,0.0982257,2024-06-30T09:00:00Z
2023-12-31,M-central-78,78,8,M,central,5097.2,497,0.0975052,2024-06-30T09:00:00Z
2023-12-31,M-central-79,79,8,M,central,4904.5,575,0.1172381,2024-06-30T09:00:00Z
2023-12-31,M-central-80,80,8,M,central,4564.7,564,0.1235571,2024-06-30T09:00:00Z
2023-12-31,M-central-81,81,8,M,central,4806.6,659,0.1371019,2024-06-30T09:00:00Z
2023-12-31,M-central-82,82,8,M,central,4182.1,666,0.1592513,2024-06-30T09:00:00Z
2023-12-31,M-central-83,83,8,M,central,4215.1,772,0.1831497,2024-06-30T09:00:00Z
2023-12-31,M-central-84,84,8,M,central,4401.6,845,0.1919761,2024-06-30T09:00:00Z
2023-12-31,M-central-85,85,8,M,central,4367.6,906,0.2074353,2024-06-30T09:00:00Z
2023-12-31,M-central-86,86,8,M,central,3637.5,881,0.242199,2024-06-30T09:00:00Z
2023-12-31,M-central-87,87,8,M,central,3531.9,960,0.2718065,2024-06-30T09:00:00Z
2023-12-31,M-central-88,88,8,M,central,3653.9,1051,0.28764,2024-06-30T09:00:00Z
2023-12-31,M-central-89,89,8,M,central,3334.2,1156,0.3467143,2024-06-30T09:00:00Z
2023-12-31,M-central-90,90,8,M,central,3443.2,1192,0.3461915,2024-06-30T09:00:00Z
2023-12-31,M-central-91,91,8,M,central,3315.7,1356,0.408959,2024-06-30T09:00:00Z
2023-12-31,M-central-92,92,8,M,central,2962.7,1338,0.4516194,2024-06-30T09:00:00Z
2023-12-31,M-central-93,93,8,M,central,3317.5,1749,0.5272093,2024-06-30T09:00:00Z
2023-12-31,M-central-94,94,8,M,central,3036.2,1628,0.5362002,2024-06-30T09:00:00Z
2023-12-31,M-central-95,95,8,M,central,2876.9,1828,0.6353996,2024-06-30T09:00:00Z
2023-12-31,M-south-40,40,8,M,south,19383.0,52,0.0026828,2024-06-30T09:00:00Z
2023-12-31,M-south-41,41,8,M,south,18575.2,39,0.0020996,2024-06-30T09:00:00Z
2023-12-31,M-south-42,42,8,M,south,17449.8,55,0.0031519,2024-06-30T09:00:00Z
2023-12-31,M-south-43,43,8,M,south,16956.4,56,0.0033026,2024-06-30T09:00:00Z
2023-12-31,M-south-44,44,8,M,south,18744.2,52,0.0027742,2024-06-30T09:00:00Z
2023-12-31,M-south-45,45,8,M,south,18050.9,79,0.0043765,2024-06-30T09:00:00Z
2023-12-31,M-south-46,46,8,M,south,15268.5,59,0.0038642,2024-06-30T09:00:00Z
2023-12-31,M-south-47,47,8,M,south,15386.9,66,0.0042894,2024-06-30T09:00:00Z
2023-12-31,M-south-48,48,8,M,south,14754.6,64,0.0043376,2024-06-30T09:00:00Z
2023-12-31,M-south-49,49,8,M,south,15979.4,80,0.0050064,2024-06-30T09:00:00Z
2023-12-31,M-south-50,50,8,M,south,14918.0,106,0.0071055,2024-06-30T09:00:00Z
2023-12-31,M-south-51,51,8,M,south,13944.2,84,0.006024,2024-06-30T09:00:00Z
2023-12-31,M-south-52,52,8,M,south,12777.2,105,0.0082177,2024-06-30T09:00:00Z
2023-12-31,M-south-53,53,8,M,south,12060.1,94,0.0077943,2024-06-30T09:00:00Z
2023-12-31,M-south-54,54,8,M,south,12135.4,122,0.0100533,2024-06-30T09:00:00Z
2023-12-31,M-south-55,55,8,M,south,12885.8,133,0.0103215,2024-06-30T09:00:00Z
2023-12-31,M-south-56,56,8,M,south,12537.0,124,0.0098908,2024-06-30T09:00:00Z
2023-12-31,M-south-57,57,8,M,south,11312.6,110,0.0097236,2024-06-30T09:00:00Z
2023-12-31,M-south-58,58,8,M,south,11375.5,135,0.0118676,2024-06-30T09:00:00Z
2023-12-31,M-south-59,59,8,M,south,11111.5,138,0.0124196,2024-06-30T09:00:00Z
2023-12-31,M-south-60,60,8,M,south,10588.3,180,0.0169998,2024-06-30T09:00:00Z
2023-12-31,M-south-61,61,8,M,south,9678.3,169,0.0174617,2024-06-30T09:00:00Z
2023-12-31,M-south-62,62,8,M,south,9099.0,179,0.0196725,2024-06-30T09:00:00Z
2023-12-31,M-south-63,63,8,M,south,8695.4,179,0.0205855,2024-06-30T09:00:00Z
2023-12-31,M-south-64,64,8,M,south,7821.6,203,0.0259537,2024-06-30T09:00:00Z
2023-12-31,M-south-65,65,8,M,south,8000.5,190,0.0237485,2024-06-30T09:00:00Z
2023-12-31,M-south-66,66,8,M,south,8815.3,247,0.0280193,2024-06-30T09:00:00Z
2023-12-31,M-south-67,67,8,M,south,7211.9,254,0.0352195,2024-06-30T09:00:00Z
2023-12-31,M-south-68,68,8,M,south,7134.9,251,0.0351792,2024-06-30T09:00:00Z
2023-12-31,M-south-69,69,8,M,south,6925.7,274,0.0395628,2024-06-30T09:00:00Z
2023-12-31,M-south-70,70,8,M,south,7279.3,298,0.0409377,2024-06-30T09:00:00Z
2023-12-31,M-south-71,71,8,M,south,7265.4,352,0.048449,2024-06-30T09:00:00Z
2023-12-31,M-south-72,72,8,M,south,6717.7,356,0.0529942,2024-06-30T09:00:00Z
2023-12-31,M-south-73,73,8,M,south,6673.1,360,0.0539478,2024-06-30T09:00:00Z
2023-12-31,M-south-74,74,8,M,south,6630.7,443,0.0668108,2024-06-30T09:00:00Z
2023-12-31,M-south-75,75,8,M,south,6262.1,444,0.0709022,2024-06-30T09:00:00Z
2023-12-31,M-south-76,76,8,M,south,5314.1,402,0.0756481,2024-06-30T09:00:00Z
2023-12-31,M-south-77,77,8,M,south,5359.8,468,0.0873168,2024-06-30T09:00:00Z
2023-12-31,M-south-78,78,8,M,south,5592.1,549,0.0981741,2024-06-30T09:00:00Z
2023-12-31,M-south-79,79,8,M,south,5089.1,547,0.1074849,2024-06-30T09:00:00Z
2023-12-31,M-south-80,80,8,M,south,5414.4,642,0.1185718,2024-06-30T09:00:00Z
2023-12-31,M-south-81,81,8,M,south,5102.7,737,0.1444335,2024-06-30T09:00:00Z
2023-12-31,M-south-82,82,8,M,south,4619.0,723,0.1565258,2024-06-30T09:00:00Z
2023-12-31,M-south-83,83,8,M,south,4878.7,799,0.1637716,2024-06-30T09:00:00Z
2023-12-31,M-south-84,84,8,M,south,4451.1,829,0.1862444,2024-06-30T09:00:00Z
2023-12-31,M-south-85,85,8,M,south,4285.9,874,0.2039248,2024-06-30T09:00:00Z
2023-12-31,M-south-86,86,8,M,south,4393.0,984,0.2239946,2024-06-30T09:00:00Z
2023-12-31,M-south-87,87,8,M,south,4086.5,1007,0.246419,2024-06-30T09:00:00Z
2023-12-31,M-south-88,88,8,M,south,3456.8,998,0.2887046,2024-06-30T09:00:00Z
2023-12-31,M-south-89,89,8,M,south,3860.9,1254,0.324794,2024-06-30T09:00:00Z
2023-12-31,M-south-90,90,8,M,south,3635.6,1302,0.3581242,2024-06-30T09:00:00Z
2023-12-31,M-south-91,91,8,M,south,3560.2,1354,0.3803124,2024-06-30T09:00:00Z
2023-12-31,M-south-92,92,8,M,south,3040.9,1312,0.4314444,2024-06-30T09:00:00Z
2023-12-31,M-south-93,93,8,M,south,3014.6,1433,0.4753581,2024-06-30T09:00:00Z
2023-12-31,M-south-94,94,8,M,south,2758.1,1438,0.5213724,2024-06-30T09:00:00Z
2023-12-31,M-south-95,95,8,M,south,2833.4,1654,0.5837572,2024-06-30T09:00:00Z
2023-12-31,F-north-40,40,8,F,north,20983.4,29,0.001382,2024-06-30T09:00:00Z
2023-12-31,F-north-41,41,8,F,north,17694.1,32,0.0018085,2024-06-30T09:00:00Z
2023-12-31,F-north-42,42,8,F,north,19043.0,39,0.002048,2024-06-30T09:00:00Z
2023-12-31,F-north-43,43,8,F,north,18858.0,34,0.001803,2024-06-30T09:00:00Z
2023-12-31,F-north-44,44,8,F,north,18056.9,46,0.0025475,2024-06-30T09:00:00Z
2023-12-31,F-north-45,45,8,F,north,16597.4,53,0.0031933,2024-06-30T09:00:00Z
2023-12-31,F-north-46,46,8,F,north,17496.3,37,0.0021147,2024-06-30T09:00:00Z
2023-12-31,F-north-47,47,8,F,north,15432.0,32,0.0020736,2024-06-30T09:00:00Z
2023-12-31,F-north-48,48,8,F,north,16468.2,48,0.0029147,2024-06-30T09:00:00Z
2023-12-31,F-north-49,49,8,F,north,13941.4,59,0.004232,2024-06-30T09:00:00Z
2023-12-31,F-north-50,50,8,F,north,13830.1,56,0.0040491,2024-06-30T09:00:00Z
2023-12-31,F-north-51,51,8,F,north,12994.1,49,0.0037709,2024-06-30T09:00:00Z
2023-12-31,F-north-52,52,8,F,north,14296.7,60,0.0041968,2024-06-30T09:00:00Z
2023-12-31,F-north-53,53,8,F,north,11675.5,52,0.0044538,2024-06-30T09:00:00Z
2023-12-31,F-north-54,54,8,F,north,12291.1,74,0.0060206,2024-06-30T09:00:00Z
2023-12-31,F-north-55,55,8,F,north,12967.8,73,0.0056293,2024-06-30T09:00:00Z
2023-12-31,F-north-56,56,8,F,north,11182.9,66,0.0059019,2024-06-30T09:00:00Z
2023-12-31,F-north-57,57,8,F,north,11665.8,95,0.0081434,2024-06-30T09:00:00Z
2023-12-31,F-north-58,58,8,F,north,9820.6,94,0.0095717,2024-06-30T09:00:00Z
2023-12-31,F-north-59,59,8,F,north,10298.3,90,0.0087393,2024-06-30T09:00:00Z
2023-12-31,F-north-60,60,8,F,north,9748.9,96,0.0098473,2024-06-30T09:00:00Z
2023-12-31,F-north-61,61,8,F,north,8765.9,108,0.0123205,2024-06-30T09:00:00Z
2023-12-31,F-north-62,62,8,F,north,8543.2,118,0.0138121,2024-06-30T09:00:00Z
2023-12-31,F-north-63,63,8,F,north,9277.6,149,0.0160601,2024-06-30T09:00:00Z
2023-12-31,F-north-64,64,8,F,north,8845.5,139,0.0157141,2024-06-30T09:00:00Z
2023-12-31,F-north-65,65,8,F,north,8629.8,152,0.0176133,2024-06-30T09:00:00Z
2023-12-31,F-north-66,66,8,F,north,7300.9,138,0.0189017,2024-06-30T09:00:00Z
2023-12-31,F-north-67,67,8,F,north,7126.2,156,0.021891,2024-06-30T09:00:00Z
2023-12-31,F-north-68,68,8,F,north,7670.6,168,0.0219019,2024-06-30T09:00:00Z
2023-12-31,F-north-69,69,8,F,north,6725.5,164,0.0243847,2024-06-30T09:00:00Z
2023-12-31,F-north-70,70,8,F,north,7090.0,169,0.0238365,2024-06-30T09:00:00Z
2023-12-31,F-north-71,71,8,F,north,7026.6,202,0.0287478,2024-06-30T09:00:00Z
2023-12-31,F-north-72,72,8,F,north,6644.5,224,0.0337122,2024-06-30T09:00:00Z
2023-12-31,F-north-73,73,8,F,north,6130.5,232,0.0378435,2024-06-30T09:00:00Z
2023-12-31,F-north-74,74,8,F,north,6638.1,284,0.0427834,2024-06-30T09:00:00Z
2023-12-31,F-north-75,75,8,F,north,6417.8,299,0.0465893,2024-06-30T09:00:00Z
2023-12-31,F-north-76,76,8,F,north,5150.2,292,0.0566973,2024-06-30T09:00:00Z
2023-12-31,F-north-77,77,8,F,north,5035.5,335,0.0665274,2024-06-30T09:00:00Z
2023-12-31,F-north-78,78,8,F,north,4765.5,318,0.0667297,2024-06-30T09:00:00Z
2023-12-31,F-north-79,79,8,F,north,5572.0,408,0.0732233,2024-06-30T09:00:00Z
2023-12-31,F-north-80,80,8,F,north,4493.0,373,0.0830183,2024-06-30T09:00:00Z
2023-12-31,F-north-81,81,8,F,north,4432.7,397,0.0895626,2024-06-30T09:00:00Z
2023-12-31,F-north-82,82,8,F,north,4347.0,428,0.098458,2024-06-30T09:00:00Z
2023-12-31,F-north-83,83,8,F,north,4037.7,468,0.1159077,2024-06-30T09:00:00Z
2023-12-31,F-north-84,84,8,F,north,4058.8,484,0.1192469,2024-06-30T09:00:00Z
2023-12-31,F-north-85,85,8,F,north,3756.8,512,0.1362854,2024-06-30T09:00:00Z
2023-12-31,F-north-86,86,8,F,north,4057.0,664,0.1636692,2024-06-30T09:00:00Z
2023-12-31,F-north-87,87,8,F,north,3894.1,683,0.1753941,2024-06-30T09:00:00Z
2023-12-31,F-north-88,88,8,F,north,3870.2,744,0.1922405,2024-06-30T09:00:00Z
2023-12-31,F-north-89,89,8,F,north,3543.7,708,0.199789,2024-06-30T09:00:00Z
2023-12-31,F-north-90,90,8,F,north,3801.5,879,0.2312245,2024-06-30T09:00:00Z
2023-12-31,F-north-91,91,8,F,north,3084.8,805,0.2609537,2024-06-30T09:00:00Z
2023-12-31,F-north-92,92,8,F,north,3084.4,824,0.2671521,2024-06-30T09:00:00Z
2023-12-31,F-north-93,93,8,F,north,3086.1,940,0.3045933,2024-06-30T09:00:00Z
2023-12-31,F-north-94,94,8,F,north,2730.8,986,0.3610661,2024-06-30T09:00:00Z
2023-12-31,F-north-95,95,8,F,north,3138.9,1264,0.4026928,2024-06-30T09:00:00Z
2023-12-31,F-central-40,40,8,F,central,18562.1,37,0.0019933,2024-06-30T09:00:00Z
2023-12-31,F-central-41,41,8,F,central,20867.7,36,0.0017252,2024-06-30T09:00:00Z
2023-12-31,F-central-42,42,8,F,central,19258.2,36,0.0018693,2024-06-30T09:00:00Z
2023-12-31,F-central-43,43,8,F,central,18328.8,43,0.002346,2024-06-30T09:00:00Z
2023-12-31,F-central-44,44,8,F,central,19102.7,43,0.002251,2024-06-30T09:00:00Z
2023-12-31,F-central-45,45,8,F,central,17315.3,42,0.0024256,2024-06-30T09:00:00Z
2023-12-31,F-central-46,46,8,F,central,15484.3,43,0.002777,2024-06-30T09:00:00Z
2023-12-31,F-central-47,47,8,F,central,16425.7,44,0.0026787,2024-06-30T09:00:00Z
2023-12-31,F-central-48,48,8,F,central,15939.2,40,0.0025095,2024-06-30T09:00:00Z
2023-12-31,F-central-49,49,8,F,central,15377.0,50,0.0032516,2024-06-30T09:00:00Z
2023-12-31,F-central-50,50,8,F,central,15139.8,68,0.0044915,2024-06-30T09:00:00Z
2023-12-31,F-central-51,51,8,F,central,14216.2,53,0.0037281,2024-06-30T09:00:00Z
2023-12-31,F-central-52,52,8,F,central,13089.7,45,0.0034378,2024-06-30T09:00:00Z
2023-12-31,F-central-53,53,8,F,central,11873.8,61,0.0051374,2024-06-30T09:00:00Z
2023-12-31,F-central-54,54,8,F,central,11826.0,75,0.0063419,2024-06-30T09:00:00Z
2023-12-31,F-central-55,55,8,F,central,11436.9,75,0.0065577,2024-06-30T09:00:00Z
2023-12-31,F-central-56,56,8,F,central,11929.1,76,0.006371,2024-06-30T09:00:00Z
2023-12-31,F-central-57,57,8,F,central,11893.5,68,0.0057174,2024-06-30T09:00:00Z
2023-12-31,F-central-58,58,8,F,central,10965.6,81,0.0073868,2024-06-30T09:00:00Z
2023-12-31,F-central-59,59,8,F,central,9723.7,87,0.0089472,2024-06-30T09:00:00Z
2023-12-31,F-central-60,60,8,F,central,10880.3,97,0.0089152,2024-06-30T09:00:00Z
2023-12-31,F-central-61,61,8,F,central,9716.0,99,0.0101893,2024-06-30T09:00:00Z
2023-12-31,F-central-62,62,8,F,central,9781.6,101,0.0103255,2024-06-30T09:00:00Z
2023-12-31,F-central-63,63,8,F,central,9189.9,116,0.0126226,2024-06-30T09:00:00Z
2023-12-31,F-central-64,64,8,F,central,9436.6,142,0.0150478,2024-06-30T09:00:00Z
2023-12-31,F-central-65,65,8,F,central,8315.4,149,0.0179185,2024-06-30T09:00:00Z
2023-12-31,F-central-66,66,8,F,central,8684.4,150,0.0172724,2024-06-30T09:00:00Z
2023-12-31,F-central-67,67,8,F,central,7192.7,152,0.0211325,2024-06-30T09:00:00Z
2023-12-31,F-central-68,68,8,F,central,6972.4,148,0.0212266,2024-06-30T09:00:00Z
2023-12-31,F-central-69,69,8,F,central,6774.6,168,0.0247986,2024-06-30T09:00:00Z
2023-12-31,F-central-70,70,8,F,central,6995.5,194,0.0277323,2024-06-30T09:00:00Z
2023-12-31,F-central-71,71,8,F,central,7141.4,213,0.0298259,2024-06-30T09:00:00Z
2023-12-31,F-central-72,72,8,F,central,6946.0,209,0.0300891,2024-06-30T09:00:00Z
2023-12-31,F-central-73,73,8,F,central,6325.1,260,0.0411063,2024-06-30T09:00:00Z
2023-12-31,F-central-74,74,8,F,central,6014.7,235,0.039071,2024-06-30T09:00:00Z
2023-12-31,F-central-75,75,8,F,central,6171.6,278,0.045045,2024-06-30T09:00:00Z
2023-12-31,F-central-76,76,8,F,central,5117.1,264,0.0515914,2024-06-30T09:00:00Z
2023-12-31,F-central-77,77,8,F,central,5571.0,314,0.0563637,2024-06-30T09:00:00Z
2023-12-31,F-central-78,78,8,F,central,5243.7,350,0.0667472,2024-06-30T09:00:00Z
2023-12-31,F-central-79,79,8,F,central,5443.7,393,0.0721939,2024-06-30T09:00:00Z
2023-12-31,F-central-80,80,8,F,central,4735.6,378,0.0798205,2024-06-30T09:00:00Z
2023-12-31,F-central-81,81,8,F,central,5032.0,433,0.0860491,2024-06-30T09:00:00Z
2023-12-31,F-central-82,82,8,F,central,4241.6,420,0.0990193,2024-06-30T09:00:00Z
2023-12-31,F-central-83,83,8,F,central,4348.4,486,0.1117655,2024-06-30T09:00:00Z
2023-12-31,F-central-84,84,8,F,central,4267.5,518,0.1213819,2024-06-30T09:00:00Z
2023-12-31,F-central-85,85,8,F,central,4271.0,556,0.1301809,2024-06-30T09:00:00Z
2023-12-31,F-central-86,86,8,F,central,4030.8,602,0.1493493,2024-06-30T09:00:00Z
2023-12-31,F-central-87,87,8,F,central,3632.9,560,0.1541455,2024-06-30T09:00:00Z
2023-12-31,F-central-88,88,8,F,central,3393.8,621,0.1829794,2024-06-30T09:00:00Z
2023-12-31,F-central-89,89,8,F,central,3905.9,803,0.2055887,2024-06-30T09:00:00Z
2023-12-31,F-central-90,90,8,F,central,3782.2,841,0.2223593,2024-06-30T09:00:00Z
2023-12-31,F-central-91,91,8,F,central,3197.9,794,0.2482841,2024-06-30T09:00:00Z
2023-12-31,F-central-92,92,8,F,central,3313.0,920,0.2776898,2024-06-30T09:00:00Z
2023-12-31,F-central-93,93,8,F,central,3202.5,991,0.3094429,2024-06-30T09:00:00Z
2023-12-31,F-central-94,94,8,F,central,2850.8,983,0.3448209,2024-06-30T09:00:00Z
2023-12-31,F-central-95,95,8,F,central,2836.3,1069,0.3769011,2024-06-30T09:00:00Z
2023-12-31,F-south-40,40,8,F,south,20492.9,25,0.0012199,2024-06-30T09:00:00Z
2023-12-31,F-south-41,41,8,F,south,18789.5,29,0.0015434,2024-06-30T09:00:00Z
2023-12-31,F-south-42,42,8,F,south,19098.3,30,0.0015708,2024-06-30T09:00:00Z
2023-12-31,F-south-43,43,8,F,south,19787.6,25,0.0012634,2024-06-30T09:00:00Z
2023-12-31,F-south-44,44,8,F,south,17366.7,40,0.0023033,2024-06-30T09:00:00Z
2023-12-31,F-south-45,45,8,F,south,15875.3,29,0.0018267,2024-06-30T09:00:00Z
2023-12-31,F-south-46,46,8,F,south,16934.0,40,0.0023621,2024-06-30T09:00:00Z
2023-12-31,F-south-47,47,8,F,south,16723.9,43,0.0025712,2024-06-30T09:00:00Z
2023-12-31,F-south-48,48,8,F,south,15856.6,45,0.0028379,2024-06-30T09:00:00Z
2023-12-31,F-south-49,49,8,F,south,14490.9,44,0.0030364,2024-06-30T09:00:00Z
2023-12-31,F-south-50,50,8,F,south,14710.0,48,0.0032631,2024-06-30T09:00:00Z
2023-12-31,F-south-51,51,8,F,south,13188.2,47,0.0035638,2024-06-30T09:00:00Z
2023-12-31,F-south-52,52,8,F,south,13943.4,71,0.005092,2024-06-30T09:00:00Z
2023-12-31,F-south-53,53,8,F,south,13541.1,61,0.0045048,2024-06-30T09:00:00Z
2023-12-31,F-south-54,54,8,F,south,12330.3,55,0.0044606,2024-06-30T09:00:00Z
2023-12-31,F-south-55,55,8,F,south,10898.8,52,0.0047712,2024-06-30T09:00:00Z
2023-12-31,F-south-56,56,8,F,south,10654.4,68,0.0063824,2024-06-30T09:00:00Z
2023-12-31,F-south-57,57,8,F,south,10220.7,67,0.0065553,2024-06-30T09:00:00Z
2023-12-31,F-south-58,58,8,F,south,10351.2,85,0.0082116,2024-06-30T09:00:00Z
2023-12-31,F-south-59,59,8,F,south,10513.0,79,0.0075145,2024-06-30T09:00:00Z
2023-12-31,F-south-60,60,8,F,south,9115.2,96,0.0105318,2024-06-30T09:00:00Z
2023-12-31,F-south-61,61,8,F,south,9487.9,102,0.0107505,2024-06-30T09:00:00Z
2023-12-31,F-south-62,62,8,F,south,9161.9,103,0.0112422,2024-06-30T09:00:00Z
2023-12-31,F-south-63,63,8,F,south,8758.7,118,0.0134723,2024-06-30T09:00:00Z
2023-12-31,F-south-64,64,8,F,south,7915.0,117,0.014782,2024-06-30T09:00:00Z
2023-12-31,F-south-65,65,8,F,south,8545.3,121,0.0141598,2024-06-30T09:00:00Z
2023-12-31,F-south-66,66,8,F,south,8249.6,149,0.0180615,2024-06-30T09:00:00Z
2023-12-31,F-south-67,67,8,F,south,7091.0,124,0.017487,2024-06-30T09:00:00Z
2023-12-31,F-south-68,68,8,F,south,7567.7,159,0.0210103,2024-06-30T09:00:00Z
2023-12-31,F-south-69,69,8,F,south,7768.6,192,0.024715,2024-06-30T09:00:00Z
2023-12-31,F-south-70,70,8,F,south,6764.4,181,0.0267578,2024-06-30T09:00:00Z
2023-12-31,F-south-71,71,8,F,south,6392.1,195,0.0305063,2024-06-30T09:00:00Z
2023-12-31,F-south-72,72,8,F,south,6320.3,210,0.0332265,2024-06-30T09:00:00Z
2023-12-31,F-south-73,73,8,F,south,5707.5,191,0.0334648,2024-06-30T09:00:00Z
2023-12-31,F-south-74,74,8,F,south,5929.1,224,0.0377799,2024-06-30T09:00:00Z
2023-12-31,F-south-75,75,8,F,south,5542.2,237,0.0427625,2024-06-30T09:00:00Z
2023-12-31,F-south-76,76,8,F,south,5312.7,268,0.0504448,2024-06-30T09:00:00Z
2023-12-31,F-south-77,77,8,F,south,5549.9,294,0.0529741,2024-06-30T09:00:00Z
2023-12-31,F-south-78,78,8,F,south,5698.4,325,0.0570339,2024-06-30T09:00:00Z
2023-12-31,F-south-79,79,8,F,south,5389.7,382,0.0708764,2024-06-30T09:00:00Z
2023-12-31,F-south-80,80,8,F,south,4552.2,333,0.0731507,2024-06-30T09:00:00Z
2023-12-31,F-south-81,81,8,F,south,4747.5,427,0.0899416,2024-06-30T09:00:00Z
2023-12-31,F-south-82,82,8,F,south,4249.2,400,0.0941347,2024-06-30T09:00:00Z
2023-12-31,F-south-83,83,8,F,south,4208.8,410,0.0974146,2024-06-30T09:00:00Z
2023-12-31,F-south-84,84,8,F,south,4712.6,515,0.1092807,2024-06-30T09:00:00Z
2023-12-31,F-south-85,85,8,F,south,3819.1,452,0.1183517,2024-06-30T09:00:00Z
2023-12-31,F-south-86,86,8,F,south,3638.1,513,0.1410086,2024-06-30T09:00:00Z
2023-12-31,F-south-87,87,8,F,south,3820.2,629,0.1646516,2024-06-30T09:00:00Z
2023-12-31,F-south-88,88,8,F,south,3665.8,614,0.1674963,2024-06-30T09:00:00Z
2023-12-31,F-south-89,89,8,F,south,3415.8,656,0.1920473,2024-06-30T09:00:00Z
2023-12-31,F-south-90,90,8,F,south,3774.9,820,0.2172258,2024-06-30T09:00:00Z
2023-12-31,F-south-91,91,8,F,south,3593.6,854,0.2376418,2024-06-30T09:00:00Z
2023-12-31,F-south-92,92,8,F,south,3272.1,842,0.2573244,2024-06-30T09:00:00Z
2023-12-31,F-south-93,93,8,F,south,2980.2,855,0.2868958,2024-06-30T09:00:00Z
2023-12-31,F-south-94,94,8,F,south,3000.6,871,0.2902723,2024-06-30T09:00:00Z
2023-12-31,F-south-95,95,8,F,south,2953.3,1060,0.3589232,2024-06-30T09:00:00Z
2024-12-31,M-north-40,40,9,M,north,21346.5,55,0.0025765,2025-06-30T09:00:00Z
2024-12-31,M-north-41,41,9,M,north,19250.9,59,0.0030648,2025-06-30T09:00:00Z
2024-12-31,M-north-42,42,9,M,north,17346.5,65,0.0037472,2025-06-30T09:00:00Z
2024-12-31,M-north-43,43,9,M,north,16719.7,53,0.0031699,2025-06-30T09:00:00Z
2024-12-31,M-north-44,44,9,M,north,18810.2,67,0.0035619,2025-06-30T09:00:00Z
2024-12-31,M-north-45,45,9,M,north,15911.0,64,0.0040224,2025-06-30T09:00:00Z
2024-12-31,M-north-46,46,9,M,north,16344.1,80,0.0048947,2025-06-30T09:00:00Z
2024-12-31,M-north-47,47,9,M,north,14282.4,69,0.0048311,2025-06-30T09:00:00Z
2024-12-31,M-north-48,48,9,M,north,13887.9,86,0.0061924,2025-06-30T09:00:00Z
2024-12-31,M-north-49,49,9,M,north,14559.0,82,0.0056322,2025-06-30T09:00:00Z
2024-12-31,M-north-50,50,9,M,north,14854.0,90,0.006059,2025-06-30T09:00:00Z
2024-12-31,M-north-51,51,9,M,north,14012.5,97,0.0069224,2025-06-30T09:00:00Z
2024-12-31,M-north-52,52,9,M,north,14351.5,101,0.0070376,2025-06-30T09:00:00Z
2024-12-31,M-north-53,53,9,M,north,12654.5,111,0.0087716,2025-06-30T09:00:00Z
2024-12-31,M-north-54,54,9,M,north,11363.9,116,0.0102077,2025-06-30T09:00:00Z
2024-12-31,M-north-55,55,9,M,north,12942.5,132,0.010199,2025-06-30T09:00:00Z
2024-12-31,M-north-56,56,9,M,north,12165.3,157,0.0129055,2025-06-30T09:00:00Z
2024-12-31,M-north-57,57,9,M,north,10070.2,124,0.0123135,2025-06-30T09:00:00Z
2024-12-31,M-north-58,58,9,M,north,11045.6,155,0.0140327,2025-06-30T09:00:00Z
2024-12-31,M-north-59,59,9,M,north,9461.1,143,0.0151145,2025-06-30T09:00:00Z
2024-12-31,M-north-60,60,9,M,north,10269.7,156,0.0151903,2025-06-30T09:00:00Z
2024-12-31,M-north-61,61,9,M,north,8815.0,162,0.0183777,2025-06-30T09:00:00Z
2024-12-31,M-north-62,62,9,M,north,9694.1,204,0.0210438,2025-06-30T09:00:00Z
2024-12-31,M-north-63,63,9,M,north,8703.0,189,0.0217165,2025-06-30T09:00:00Z
2024-12-31,M-north-64,64,9,M,north,8104.0,223,0.0275174,2025-06-30T09:00:00Z
2024-12-31,M-north-65,65,9,M,north,7642.3,203,0.0265628,2025-06-30T09:00:00Z
2024-12-31,M-north-66,66,9,M,north,8834.5,266,0.0301092,2025-06-30T09:00:00Z
2024-12-31,M-north-67,67,9,M,north,7535.2,253,0.0335759,2025-06-30T09:00:00Z
2024-12-31,M-north-68,68,9,M,north,8097.4,301,0.0371723,2025-06-30T09:00:00Z
2024-12-31,M-north-69,69,9,M,north,6802.8,275,0.0404247,2025-06-30T09:00:00Z
2024-12-31,M-north-70,70,9,M,north,6446.2,308,0.0477802,2025-06-30T09:00:00Z
2024-12-31,M-north-71,71,9,M,north,6333.7,333,0.0525759,2025-06-30T09:00:00Z
2024-12-31,M-north-72,72,9,M,north,6261.8,396,0.0632407,2025-06-30T09:00:00Z
2024-12-31,M-north-73,73,9,M,north,5805.6,389,0.0670037,2025-06-30T09:00:00Z
2024-12-31,M-north-74,74,9,M,north,6477.7,477,0.0736377,2025-06-30T09:00:00Z
2024-12-31,M-north-75,75,9,M,north,5883.5,421,0.0715555,2025-06-30T09:00:00Z
2024-12-31,M-north-76,76,9,M,north,5225.3,471,0.0901389,2025-06-30T09:00:00Z
2024-12-31,M-north-77,77,9,M,north,5052.4,508,0.1005463,2025-06-30T09:00:00Z
2024-12-31,M-north-78,78,9,M,north,5003.8,586,0.1171099,2025-06-30T09:00:00Z
2024-12-31,M-north-79,79,9,M,north,5387.3,659,0.1223254,2025-06-30T09:00:00Z
2024-12-31,M-north-80,80,9,M,north,4788.1,665,0.1388869,2025-06-30T09:00:00Z
2024-12-31,M-north-81,81,9,M,north,4840.5,720,0.1487438,2025-06-30T09:00:00Z
2024-12-31,M-north-82,82,9,M,north,4181.6,707,0.1690723,2025-06-30T09:00:00Z
2024-12-31,M-north-83,83,9,M,north,4256.6,789,0.1853572,2025-06-30T09:00:00Z
2024-12-31,M-north-84,84,9,M,north,4272.6,876,0.205029,2025-06-30T09:00:00Z
2024-12-31,M-north-85,85,9,M,north,4251.5,927,0.2180385,2025-06-30T09:00:00Z
2024-12-31,M-north-86,86,9,M,north,4323.4,1109,0.2565114,2025-06-30T09:00:00Z
2024-12-31,M-north-87,87,9,M,north,3670.3,1058,0.2882613,2025-06-30T09:00:00Z
2024-12-31,M-north-88,88,9,M,north,3931.1,1214,0.3088217,2025-06-30T09:00:00Z
2024-12-31,M-north-89,89,9,M,north,3404.2,1190,0.3495731,2025-06-30T09:00:00Z
2024-12-31,M-north-90,90,9,M,north,3469.3,1355,0.3905669,2025-06-30T09:00:00Z
2024-12-31,M-north-91,91,9,M,north,3242.7,1331,0.4104612,2025-06-30T09:00:00Z
2024-12-31,M-north-92,92,9,M,north,3162.8,1502,0.4749025,2025-06-30T09:00:00Z
2024-12-31,M-north-93,93,9,M,north,3028.6,1580,0.5216995,2025-06-30T09:00:00Z
2024-12-31,M-north-94,94,9,M,north,3058.2,1846,0.6036256,2025-06-30T09:00:00Z
2024-12-31,M-north-95,95,9,M,north,3073.8,2020,0.6571698,2025-06-30T09:00:00Z
2024-12-31,M-central-40,40,9,M,central,20260.4,53,0.0026159,2025-06-30T09:00:00Z
2024-12-31,M-central-41,41,9,M,central,20015.7,49,0.0024481,2025-06-30T09:00:00Z
2024-12-31,M-central-42,42,9,M,central,18409.7,55,0.0029876,2025-06-30T09:00:00Z
2024-12-31,M-central-43,43,9,M,central,17542.2,45,0.0025652,2025-06-30T09:00:00Z
2024-12-31,M-central-44,44,9,M,central,17993.0,63,0.0035014,2025-06-30T09:00:00Z
2024-12-31,M-central-45,45,9,M,central,16804.9,66,0.0039274,2025-06-30T09:00:00Z
2024-12-31,M-central-46,46,9,M,central,15322.4,42,0.0027411,2025-06-30T09:00:00Z
2024-12-31,M-central-47,47,9,M,central,16549.8,75,0.0045318,2025-06-30T09:00:00Z
2024-12-31,M-central-48,48,9,M,central,14842.1,70,0.0047163,2025-06-30T09:00:00Z
2024-12-31,M-central-49,49,9,M,central,15092.3,87,0.0057645,2025-06-30T09:00:00Z
2024-12-31,M-central-50,50,9,M,central,15265.1,108,0.007075,2025-06-30T09:00:00Z
2024-12-31,M-central-51,51,9,M,central,12369.4,87,0.0070335,2025-06-30T09:00:00Z
2024-12-31,M-central-52,52,9,M,central,12584.3,83,0.0065955,2025-06-30T09:00:00Z
2024-12-31,M-central-53,53,9,M,central,13653.6,90,0.0065917,2025-06-30T09:00:00Z
2024-12-31,M-central-54,54,9,M,central,11715.7,96,0.0081942,2025-06-30T09:00:00Z
2024-12-31,M-central-55,55,9,M,central,12199.5,130,0.0106562,2025-06-30T09:00:00Z
2024-12-31,M-central-56,56,9,M,central,10813.7,124,0.0114669,2025-06-30T09:00:00Z
2024-12-31,M-central-57,57,9,M,central,11943.5,150,0.0125591,2025-06-30T09:00:00Z
2024-12-31,M-central-58,58,9,M,central,10582.5,140,0.0132293,2025-06-30T09:00:00Z
2024-12-31,M-central-59,59,9,M,central,10224.0,156,0.0152582,2025-06-30T09:00:00Z
2024-12-31,M-central-60,60,9,M,central,9604.9,182,0.0189487,2025-06-30T09:00:00Z
2024-12-31,M-central-61,61,9,M,central,8980.7,171,0.0190408,2025-06-30T09:00:00Z
2024-12-31,M-central-62,62,9,M,central,9544.2,177,0.0185453,2025-06-30T09:00:00Z
2024-12-31,M-central-63,63,9,M,central,8755.2,179,0.020445,2025-06-30T09:00:00Z
2024-12-31,M-central-64,64,9,M,central,8053.2,160,0.0198678,2025-06-30T09:00:00Z
2024-12-31,M-central-65,65,9,M,central,7847.5,178,0.0226824,2025-06-30T09:00:00Z
2024-12-31,M-central-66,66,9,M,central,8330.4,259,0.0310908,2025-06-30T09:00:00Z
2024-12-31,M-central-67,67,9,M,central,8063.6,226,0.0280271,2025-06-30T09:00:00Z
2024-12-31,M-central-68,68,9,M,central,7685.6,311,0.0404653,2025-06-30T09:00:00Z
2024-12-31,M-central-69,69,9,M,central,7124.4,285,0.0400035,2025-06-30T09:00:00Z
2024-12-31,M-central-70,70,9,M,central,7450.5,331,0.0444264,2025-06-30T09:00:00Z
2024-12-31,M-central-71,71,9,M,central,6578.2,315,0.0478855,2025-06-30T09:00:00Z
2024-12-31,M-central-72,72,9,M,central,6479.8,360,0.0555577,2025-06-30T09:00:00Z
2024-12-31,M-central-73,73,9,M,central,6032.4,386,0.0639877,2025-06-30T09:00:00Z
2024-12-31,M-central-74,74,9,M,central,6000.7,422,0.0703249,2025-06-30T09:00:00Z
2024-12-31,M-central-75,75,9,M,central,5477.2,399,0.072847,2025-06-30T09:00:00Z
2024-12-31,M-central-76,76,9,M,central,5628.2,413,0.0733805,2025-06-30T09:00:00Z
2024-12-31,M-central-77,77,9,M,central,5620.3,512,0.091099,2025-06-30T09:00:00Z
2024-12-31,M-central-78,78,9,M,central,5445.0,557,0.1022964,2025-06-30T09:00:00Z
2024-12-31,M-central-79,79,9,M,central,5022.8,570,0.1134831,2025-06-30T09:00:00Z
2024-12-31,M-central-80,80,9,M,central,4672.0,599,0.1282099,2025-06-30T09:00:00Z
2024-12-31,M-central-81,81,9,M,central,4686.8,634,0.1352736,2025-06-30T09:00:00Z
2024-12-31,M-central-82,82,9,M,central,4241.3,634,0.149484,2025-06-30T09:00:00Z
2024-12-31,M-central-83,83,9,M,central,4830.4,862,0.1784538,2025-06-30T09:00:00Z
2024-12-31,M-central-84,84,9,M,central,4683.6,888,0.1895984,2025-06-30T09:00:00Z
2024-12-31,M-central-85,85,9,M,central,4035.6,821,0.2034392,2025-06-30T09:00:00Z
2024-12-31,M-central-86,86,9,M,central,4371.0,1053,0.2409073,2025-06-30T09:00:00Z
2024-12-31,M-central-87,87,9,M,central,4023.8,1052,0.2614433,2025-06-30T09:00:00Z
2024-12-31,M-central-88,88,9,M,central,3663.8,1132,0.3089687,2025-06-30T09:00:00Z
2024-12-31,M-central-89,89,9,M,central,3640.1,1218,0.3346037,2025-06-30T09:00:00Z
2024-12-31,M-central-90,90,9,M,central,3685.3,1372,0.3722885,2025-06-30T09:00:00Z
2024-12-31,M-central-91,91,9,M,central,3104.1,1267,0.4081636,2025-06-30T09:00:00Z
2024-12-31,M-central-92,92,9,M,central,3253.0,1462,0.4494343,2025-06-30T09:00:00Z
2024-12-31,M-central-93,93,9,M,central,3269.2,1536,0.4698351,2025-06-30T09:00:00Z
2024-12-31,M-central-94,94,9,M,central,2722.2,1531,0.5624083,2025-06-30T09:00:00Z
2024-12-31,M-central-95,95,9,M,central,2745.3,1645,0.5992,2025-06-30T09:00:00Z
2024-12-31,M-south-40,40,9,M,south,20674.5,60,0.0029021,2025-06-30T09:00:00Z
2024-12-31,M-south-41,41,9,M,south,19834.4,49,0.0024705,2025-06-30T09:00:00Z
2024-12-31,M-south-42,42,9,M,south,19143.8,44,0.0022984,2025-06-30T09:00:00Z
2024-12-31,M-south-43,43,9,M,south,19298.9,61,0.0031608,2025-06-30T09:00:00Z
2024-12-31,M-south-44,44,9,M,south,16120.1,57,0.003536,2025-06-30T09:00:00Z
2024-12-31,M-south-45,45,9,M,south,18208.3,60,0.0032952,2025-06-30T09:00:00Z
2024-12-31,M-south-46,46,9,M,south,17452.4,59,0.0033806,2025-06-30T09:00:00Z
2024-12-31,M-south-47,47,9,M,south,16331.9,92,0.0056332,2025-06-30T09:00:00Z
2024-12-31,M-south-48,48,9,M,south,14690.7,72,0.0049011,2025-06-30T09:00:00Z
2024-12-31,M-south-49,49,9,M,south,14376.5,70,0.004869,2025-06-30T09:00:00Z
2024-12-31,M-south-50,50,9,M,south,14533.1,94,0.006468,2025-06-30T09:00:00Z
2024-12-31,M-south-51,51,9,M,south,12466.3,79,0.0063371,2025-06-30T09:00:00Z
2024-12-31,M-south-52,52,9,M,south,13238.4,83,0.0062696,2025-06-30T09:00:00Z
2024-12-31,M-south-53,53,9,M,south,12758.7,94,0.0073675,2025-06-30T09:00:00Z
2024-12-31,M-south-54,54,9,M,south,12048.8,99,0.0082166,2025-06-30T09:00:00Z
2024-12-31,M-south-55,55,9,M,south,12482.2,100,0.0080114,2025-06-30T09:00:00Z
2024-12-31,M-south-56,56,9,M,south,10887.9,101,0.0092763,2025-06-30T09:00:00Z
2024-12-31,M-south-57,57,9,M,south,11023.1,136,0.0123377,2025-06-30T09:00:00Z
2024-12-31,M-south-58,58,9,M,south,10041.1,129,0.0128472,2025-06-30T09:00:00Z
2024-12-31,M-south-59,59,9,M,south,10170.6,143,0.0140602,2025-06-30T09:00:00Z
2024-12-31,M-south-60,60,9,M,south,10516.4,155,0.0147389,2025-06-30T09:00:00Z
2024-12-31,M-south-61,61,9,M,south,9601.9,130,0.013539,2025-06-30T09:00:00Z
2024-12-31,M-south-62,62,9,M,south,8725.6,143,0.0163885,2025-06-30T09:00:00Z
2024-12-31,M-south-63,63,9,M,south,8830.3,168,0.0190255,2025-06-30T09:00:00Z
2024-12-31,M-south-64,64,9,M,south,9233.1,213,0.0230691,2025-06-30T09:00:00Z
2024-12-31,M-south-65,65,9,M,south,9040.0,225,0.0248892,2025-06-30T09:00:00Z
2024-12-31,M-south-66,66,9,M,south,8066.4,202,0.0250421,2025-06-30T09:00:00Z
2024-12-31,M-south-67,67,9,M,south,7910.0,282,0.0356511,2025-06-30T09:00:00Z
2024-12-31,M-south-68,68,9,M,south,7052.1,237,0.0336071,2025-06-30T09:00:00Z
2024-12-31,M-south-69,69,9,M,south,6753.7,256,0.0379049,2025-06-30T09:00:00Z
2024-12-31,M-south-70,70,9,M,south,6305.0,289,0.0458367,2025-06-30T09:00:00Z
2024-12-31,M-south-71,71,9,M,south,6157.9,300,0.0487176,2025-06-30T09:00:00Z
2024-12-31,M-south-72,72,9,M,south,6926.9,358,0.0516828,2025-06-30T09:00:00Z
2024-12-31,M-south-73,73,9,M,south,5871.1,314,0.0534822,2025-06-30T09:00:00Z
2024-12-31,M-south-74,74,9,M,south,5885.5,373,0.0633765,2025-06-30T09:00:00Z
2024-12-31,M-south-75,75,9,M,south,5996.0,471,0.0785523,2025-06-30T09:00:00Z
2024-12-31,M-south-76,76,9,M,south,5703.5,450,0.0788996,2025-06-30T09:00:00Z
2024-12-31,M-south-77,77,9,M,south,5845.1,526,0.0899896,2025-06-30T09:00:00Z
2024-12-31,M-south-78,78,9,M,south,5130.5,479,0.0933629,2025-06-30T09:00:00Z
2024-12-31,M-south-79,79,9,M,south,4966.1,548,0.1103485,2025-06-30T09:00:00Z
2024-12-31,M-south-80,80,9,M,south,5259.0,622,0.1182731,2025-06-30T09:00:00Z
2024-12-31,M-south-81,81,9,M,south,4392.2,612,0.1393393,2025-06-30T09:00:00Z
2024-12-31,M-south-82,82,9,M,south,4239.3,645,0.1521478,2025-06-30T09:00:00Z
2024-12-31,M-south-83,83,9,M,south,4601.2,804,0.1747378,2025-06-30T09:00:00Z
2024-12-31,M-south-84,84,9,M,south,4202.8,808,0.1922547,2025-06-30T09:00:00Z
2024-12-31,M-south-85,85,9,M,south,3822.7,770,0.2014303,2025-06-30T09:00:00Z
2024-12-31,M-south-86,86,9,M,south,3750.3,877,0.2338484,2025-06-30T09:00:00Z
2024-12-31,M-south-87,87,9,M,south,3477.5,842,0.2421287,2025-06-30T09:00:00Z
2024-12-31,M-south-88,88,9,M,south,3998.5,1121,0.2803543,2025-06-30T09:00:00Z
2024-12-31,M-south-89,89,9,M,south,3446.7,1067,0.3095719,2025-06-30T09:00:00Z
2024-12-31,M-south-90,90,9,M,south,3614.7,1269,0.3510651,2025-06-30T09:00:00Z
2024-12-31,M-south-91,91,9,M,south,3472.3,1288,0.3709364,2025-06-30T09:00:00Z
2024-12-31,M-south-92,92,9,M,south,3432.6,1519,0.4425261,2025-06-30T09:00:00Z
2024-12-31,M-south-93,93,9,M,south,2934.5,1335,0.454936,2025-06-30T09:00:00Z
2024-12-31,M-south-94,94,9,M,south,3148.5,1655,0.5256483,2025-06-30T09:00:00Z
2024-12-31,M-south-95,95,9,M,south,3150.5,1876,0.5954597,2025-06-30T09:00:00Z
2024-12-31,F-north-40,40,9,F,north,21486.3,40,0.0018616,2025-06-30T09:00:00Z
2024-12-31,F-north-41,41,9,F,north,19122.4,29,0.0015165,2025-06-30T09:00:00Z
2024-12-31,F-north-42,42,9,F,north,18180.5,43,0.0023652,2025-06-30T09:00:00Z
2024-12-31,F-north-43,43,9,F,north,18143.3,25,0.0013779,2025-06-30T09:00:00Z
2024-12-31,F-north-44,44,9,F,north,16465.4,41,0.0024901,2025-06-30T09:00:00Z
2024-12-31,F-north-45,45,9,F,north,16743.8,37,0.0022098,2025-06-30T09:00:00Z
2024-12-31,F-north-46,46,9,F,north,17127.1,44,0.002569,2025-06-30T09:00:00Z
2024-12-31,F-north-47,47,9,F,north,15379.8,46,0.0029909,2025-06-30T09:00:00Z
2024-12-31,F-north-48,48,9,F,north,14227.2,59,0.004147,2025-06-30T09:00:00Z
2024-12-31,F-north-49,49,9,F,north,14507.4,67,0.0046183,2025-06-30T09:00:00Z
2024-12-31,F-north-50,50,9,F,north,13497.1,51,0.0037786,2025-06-30T09:00:00Z
2024-12-31,F-north-51,51,9,F,north,14535.9,65,0.0044717,2025-06-30T09:00:00Z
2024-12-31,F-north-52,52,9,F,north,14115.4,67,0.0047466,2025-06-30T09:00:00Z
2024-12-31,F-north-53,53,9,F,north,13480.5,64,0.0047476,2025-06-30T09:00:00Z
2024-12-31,F-north-54,54,9,F,north,11824.1,69,0.0058355,2025-06-30T09:00:00Z
2024-12-31,F-north-55,55,9,F,north,11388.9,54,0.0047415,2025-06-30T09:00:00Z
2024-12-31,F-north-56,56,9,F,north,10842.4,86,0.0079318,2025-06-30T09:00:00Z
2024-12-31,F-north-57,57,9,F,north,11269.0,83,0.0073653,2025-06-30T09:00:00Z
2024-12-31,F-north-58,58,9,F,north,10204.9,90,0.0088193,2025-06-30T09:00:00Z
2024-12-31,F-north-59,59,9,F,north,9495.4,90,0.0094782,2025-06-30T09:00:00Z
2024-12-31,F-north-60,60,9,F,north,9424.7,97,0.0102921,2025-06-30T09:00:00Z
2024-12-31,F-north-61,61,9,F,north,9098.2,96,0.0105515,2025-06-30T09:00:00Z
2024-12-31,F-north-62,62,9,F,north,9901.1,123,0.0124229,2025-06-30T09:00:00Z
2024-12-31,F-north-63,63,9,F,north,8551.4,118,0.0137989,2025-06-30T09:00:00Z
2024-12-31,F-north-64,64,9,F,north,9456.2,130,0.0137476,2025-06-30T09:00:00Z
2024-12-31,F-north-65,65,9,F,north,9124.8,151,0.0165484,2025-06-30T09:00:00Z
2024-12-31,F-north-66,66,9,F,north,8835.2,177,0.0200334,2025-06-30T09:00:00Z
2024-12-31,F-north-67,67,9,F,north,7611.9,168,0.0220708,2025-06-30T09:00:00Z
2024-12-31,F-north-68,68,9,F,north,7051.3,161,0.0228326,2025-06-30T09:00:00Z
2024-12-31,F-north-69,69,9,F,north,6683.7,202,0.0302227,2025-06-30T09:00:00Z
2024-12-31,F-north-70,70,9,F,north,7366.8,201,0.0272846,2025-06-30T09:00:00Z
2024-12-31,F-north-71,71,9,F,north,6218.7,188,0.0302312,2025-06-30T09:00:00Z
2024-12-31,F-north-72,72,9,F,north,6998.5,245,0.0350075,2025-06-30T09:00:00Z
2024-12-31,F-north-73,73,9,F,north,5778.4,228,0.0394576,2025-06-30T09:00:00Z
2024-12-31,F-north-74,74,9,F,north,5538.2,231,0.0417102,2025-06-30T09:00:00Z
2024-12-31,F-north-75,75,9,F,north,5751.7,277,0.0481597,2025-06-30T09:00:00Z
2024-12-31,F-north-76,76,9,F,north,6093.8,323,0.0530049,2025-06-30T09:00:00Z
2024-12-31,F-north-77,77,9,F,north,5494.5,313,0.0569663,2025-06-30T09:00:00Z
2024-12-31,F-north-78,78,9,F,north,5474.3,351,0.064118,2025-06-30T09:00:00Z
2024-12-31,F-north-79,79,9,F,north,5419.1,368,0.0679083,2025-06-30T09:00:00Z
2024-12-31,F-north-80,80,9,F,north,5396.7,425,0.0787516,2025-06-30T09:00:00Z
2024-12-31,F-north-81,81,9,F,north,5053.0,408,0.0807445,2025-06-30T09:00:00Z
2024-12-31,F-north-82,82,9,F,north,4378.8,446,0.1018548,2025-06-30T09:00:00Z
2024-12-31,F-north-83,83,9,F,north,4127.9,436,0.1056229,2025-06-30T09:00:00Z
2024-12-31,F-north-84,84,9,F,north,4478.8,535,0.1194528,2025-06-30T09:00:00Z
2024-12-31,F-north-85,85,9,F,north,4252.5,558,0.131216,2025-06-30T09:00:00Z
2024-12-31,F-north-86,86,9,F,north,4150.9,641,0.1544229,2025-06-30T09:00:00Z
2024-12-31,F-north-87,87,9,F,north,4017.1,689,0.1715156,2025-06-30T09:00:00Z
2024-12-31,F-north-88,88,9,F,north,3981.1,745,0.1871357,2025-06-30T09:00:00Z
2024-12-31,F-north-89,89,9,F,north,3491.8,703,0.2013311,2025-06-30T09:00:00Z
2024-12-31,F-north-90,90,9,F,north,3422.3,828,0.2419414,2025-06-30T09:00:00Z
2024-12-31,F-north-91,91,9,F,north,3353.4,821,0.2448295,2025-06-30T09:00:00Z
2024-12-31,F-north-92,92,9,F,north,2952.1,855,0.2896225,2025-06-30T09:00:00Z
2024-12-31,F-north-93,93,9,F,north,3338.9,1081,0.3237585,2025-06-30T09:00:00Z
2024-12-31,F-north-94,94,9,F,north,3042.2,1064,0.3497478,2025-06-30T09:00:00Z
2024-12-31,F-north-95,95,9,F,north,2837.8,1079,0.380219,2025-06-30T09:00:00Z
2024-12-31,F-central-40,40,9,F,central,19944.0,36,0.0018051,2025-06-30T09:00:00Z
2024-12-31,F-central-41,41,9,F,central,18619.6,23,0.0012353,2025-06-30T09:00:00Z
2024-12-31,F-central-42,42,9,F,central,19069.0,34,0.001783,2025-06-30T09:00:00Z
2024-12-31,F-central-43,43,9,F,central,19747.0,43,0.0021776,2025-06-30T09:00:00Z
2024-12-31,F-central-44,44,9,F,central,16480.0,40,0.0024272,2025-06-30T09:00:00Z
2024-12-31,F-central-45,45,9,F,central,18351.7,38,0.0020706,2025-06-30T09:00:00Z
2024-12-31,F-central-46,46,9,F,central,15170.0,40,0.0026368,2025-06-30T09:00:00Z
2024-12-31,F-central-47,47,9,F,central,16923.6,39,0.0023045,2025-06-30T09:00:00Z
2024-12-31,F-central-48,48,9,F,central,13754.1,48,0.0034899,2025-06-30T09:00:00Z
2024-12-31,F-central-49,49,9,F,central,13268.0,43,0.0032409,2025-06-30T09:00:00Z
2024-12-31,F-central-50,50,9,F,central,15234.3,54,0.0035446,2025-06-30T09:00:00Z
2024-12-31,F-central-51,51,9,F,central,12377.5,49,0.0039588,2025-06-30T09:00:00Z
2024-12-31,F-central-52,52,9,F,central,12361.5,50,0.0040448,2025-06-30T09:00:00Z
2024-12-31,F-central-53,53,9,F,central,12985.0,58,0.0044667,2025-06-30T09:00:00Z
2024-12-31,F-central-54,54,9,F,central,11652.0,77,0.0066083,2025-06-30T09:00:00Z
2024-12-31,F-central-55,55,9,F,central,10993.7,51,0.004639,2025-06-30T09:00:00Z
2024-12-31,F-central-56,56,9,F,central,10594.7,74,0.0069846,2025-06-30T09:00:00Z
2024-12-31,F-central-57,57,9,F,central,11405.5,90,0.0078909,2025-06-30T09:00:00Z
2024-12-31,F-central-58,58,9,F,central,10503.2,74,0.0070455,2025-06-30T09:00:00Z
2024-12-31,F-central-59,59,9,F,central,10129.8,82,0.008095,2025-06-30T09:00:00Z
2024-12-31,F-central-60,60,9,F,central,10237.1,93,0.0090846,2025-06-30T09:00:00Z
2024-12-31,F-central-61,61,9,F,central,8692.8,83,0.0095481,2025-06-30T09:00:00Z
2024-12-31,F-central-62,62,9,F,central,9223.4,96,0.0104083,2025-06-30T09:00:00Z
2024-12-31,F-central-63,63,9,F,central,9734.1,151,0.0155125,2025-06-30T09:00:00Z
2024-12-31,F-central-64,64,9,F,central,8064.9,119,0.0147552,2025-06-30T09:00:00Z
2024-12-31,F-central-65,65,9,F,central,8710.0,146,0.0167624,2025-06-30T09:00:00Z
2024-12-31,F-central-66,66,9,F,central,8833.5,132,0.0149432,2025-06-30T09:00:00Z
2024-12-31,F-central-67,67,9,F,central,7817.5,152,0.0194436,2025-06-30T09:00:00Z
2024-12-31,F-central-68,68,9,F,central,6772.9,159,0.0234759,2025-06-30T09:00:00Z
2024-12-31,F-central-69,69,9,F,central,6820.9,161,0.023604,2025-06-30T09:00:00Z
2024-12-31,F-central-70,70,9,F,central,6411.0,181,0.0282329,2025-06-30T09:00:00Z
2024-12-31,F-central-71,71,9,F,central,6140.2,177,0.0288264,2025-06-30T09:00:00Z
2024-12-31,F-central-72,72,9,F,central,6984.2,241,0.0345066,2025-06-30T09:00:00Z
2024-12-31,F-central-73,73,9,F,central,6661.9,240,0.0360255,2025-06-30T09:00:00Z
2024-12-31,F-central-74,74,9,F,central,6020.6,248,0.0411919,2025-06-30T09:00:00Z
2024-12-31,F-central-75,75,9,F,central,5500.5,234,0.0425419,2025-06-30T09:00:00Z
2024-12-31,F-central-76,76,9,F,central,5146.9,284,0.0551788,2025-06-30T09:00:00Z
2024-12-31,F-central-77,77,9,F,central,5170.0,304,0.0588003,2025-06-30T09:00:00Z
2024-12-31,F-central-78,78,9,F,central,5339.8,342,0.0640473,2025-06-30T09:00:00Z
2024-12-31,F-central-79,79,9,F,central,5520.9,362,0.065569,2025-06-30T09:00:00Z
2024-12-31,F-central-80,80,9,F,central,4904.3,349,0.0711615,2025-06-30T09:00:00Z
2024-12-31,F-central-81,81,9,F,central,4891.0,401,0.0819867,2025-06-30T09:00:00Z
2024-12-31,F-central-82,82,9,F,central,4592.4,394,0.0857947,2025-06-30T09:00:00Z
2024-12-31,F-central-83,83,9,F,central,4419.6,474,0.1072491,2025-06-30T09:00:00Z
2024-12-31,F-central-84,84,9,F,central,4337.2,498,0.1148215,2025-06-30T09:00:00Z
2024-12-31,F-central-85,85,9,F,central,4066.1,495,0.121739,2025-06-30T09:00:00Z
2024-12-31,F-central-86,86,9,F,central,4148.4,565,0.1361964,2025-06-30T09:00:00Z
2024-12-31,F-central-87,87,9,F,central,3620.6,561,0.1549479,2025-06-30T09:00:00Z
2024-12-31,F-central-88,88,9,F,central,3957.2,661,0.1670388,2025-06-30T09:00:00Z
2024-12-31,F-central-89,89,9,F,central,3556.7,702,0.1973744,2025-06-30T09:00:00Z
2024-12-31,F-central-90,90,9,F,central,3560.3,749,0.2103769,2025-06-30T09:00:00Z
2024-12-31,F-central-91,91,9,F,central,3575.8,825,0.2307171,2025-06-30T09:00:00Z
2024-12-31,F-central-92,92,9,F,central,3296.0,897,0.272146,2025-06-30T09:00:00Z
2024-12-31,F-central-93,93,9,F,central,3036.3,870,0.2865286,2025-06-30T09:00:00Z
2024-12-31,F-central-94,94,9,F,central,2757.9,924,0.335041,2025-06-30T09:00:00Z
2024-12-31,F-central-95,95,9,F,central,2640.8,1005,0.3805732,2025-06-30T09:00:00Z
2024-12-31,F-south-40,40,9,F,south,19242.5,25,0.0012992,2025-06-30T09:00:00Z
2024-12-31,F-south-41,41,9,F,south,19901.6,28,0.0014069,2025-06-30T09:00:00Z
2024-12-31,F-south-42,42,9,F,south,18616.9,31,0.0016652,2025-06-30T09:00:00Z
2024-12-31,F-south-43,43,9,F,south,18318.2,27,0.0014739,2025-06-30T09:00:00Z
2024-12-31,F-south-44,44,9,F,south,17633.9,36,0.0020415,2025-06-30T09:00:00Z
2024-12-31,F-south-45,45,9,F,south,17866.1,37,0.002071,2025-06-30T09:00:00Z
2024-12-31,F-south-46,46,9,F,south,16349.2,34,0.0020796,2025-06-30T09:00:00Z
2024-12-31,F-south-47,47,9,F,south,14455.4,42,0.0029055,2025-06-30T09:00:00Z
2024-12-31,F-south-48,48,9,F,south,16040.5,50,0.0031171,2025-06-30T09:00:00Z
2024-12-31,F-south-49,49,9,F,south,14700.9,48,0.0032651,2025-06-30T09:00:00Z
2024-12-31,F-south-50,50,9,F,south,14750.0,48,0.0032542,2025-06-30T09:00:00Z
2024-12-31,F-south-51,51,9,F,south,14667.1,47,0.0032045,2025-06-30T09:00:00Z
2024-12-31,F-south-52,52,9,F,south,13462.6,46,0.0034169,2025-06-30T09:00:00Z
2024-12-31,F-south-53,53,9,F,south,12299.6,64,0.0052034,2025-06-30T09:00:00Z
2024-12-31,F-south-54,54,9,F,south,11324.4,57,0.0050334,2025-06-30T09:00:00Z
2024-12-31,F-south-55,55,9,F,south,10978.0,61,0.0055566,2025-06-30T09:00:00Z
2024-12-31,F-south-56,56,9,F,south,11193.3,56,0.005003,2025-06-30T09:00:00Z
2024-12-31,F-south-57,57,9,F,south,10276.3,71,0.0069091,2025-06-30T09:00:00Z
2024-12-31,F-south-58,58,9,F,south,11642.7,96,0.0082455,2025-06-30T09:00:00Z
2024-12-31,F-south-59,59,9,F,south,9731.3,89,0.0091457,2025-06-30T09:00:00Z
2024-12-31,F-south-60,60,9,F,south,9158.3,75,0.0081892,2025-06-30T09:00:00Z
2024-12-31,F-south-61,61,9,F,south,9467.6,85,0.008978,2025-06-30T09:00:00Z
2024-12-31,F-south-62,62,9,F,south,9384.3,100,0.0106561,2025-06-30T09:00:00Z
2024-12-31,F-south-63,63,9,F,south,8626.4,105,0.0121719,2025-06-30T09:00:00Z
2024-12-31,F-south-64,64,9,F,south,7868.8,99,0.0125813,2025-06-30T09:00:00Z
2024-12-31,F-south-65,65,9,F,south,8379.7,144,0.0171843,2025-06-30T09:00:00Z
2024-12-31,F-south-66,66,9,F,south,8575.1,163,0.0190085,2025-06-30T09:00:00Z
2024-12-31,F-south-67,67,9,F,south,7922.7,115,0.0145152,2025-06-30T09:00:00Z
2024-12-31,F-south-68,68,9,F,south,7600.3,161,0.0211833,2025-06-30T09:00:00Z
2024-12-31,F-south-69,69,9,F,south,7283.3,196,0.0269109,2025-06-30T09:00:00Z
2024-12-31,F-south-70,70,9,F,south,6701.8,193,0.0287981,2025-06-30T09:00:00Z
2024-12-31,F-south-71,71,9,F,south,7278.1,200,0.0274796,2025-06-30T09:00:00Z
2024-12-31,F-south-72,72,9,F,south,6514.4,219,0.033618,2025-06-30T09:00:00Z
2024-12-31,F-south-73,73,9,F,south,6419.5,205,0.0319339,2025-06-30T09:00:00Z
2024-12-31,F-south-74,74,9,F,south,6633.2,291,0.0438702,2025-06-30T09:00:00Z
2024-12-31,F-south-75,75,9,F,south,5806.1,240,0.0413361,2025-06-30T09:00:00Z
2024-12-31,F-south-76,76,9,F,south,5247.6,239,0.0455448,2025-06-30T09:00:00Z
2024-12-31,F-south-77,77,9,F,south,5497.7,284,0.0516578,2025-06-30T09:00:00Z
2024-12-31,F-south-78,78,9,F,south,4767.7,270,0.0566307,2025-06-30T09:00:00Z
2024-12-31,F-south-79,79,9,F,south,5507.4,356,0.0646403,2025-06-30T09:00:00Z
2024-12-31,F-south-80,80,9,F,south,5401.4,400,0.0740542,2025-06-30T09:00:00Z
2024-12-31,F-south-81,81,9,F,south,4450.9,358,0.0804337,2025-06-30T09:00:00Z
2024-12-31,F-south-82,82,9,F,south,4347.6,397,0.0913143,2025-06-30T09:00:00Z
2024-12-31,F-south-83,83,9,F,south,4567.2,459,0.1004992,2025-06-30T09:00:00Z
2024-12-31,F-south-84,84,9,F,south,3989.5,443,0.1110401,2025-06-30T09:00:00Z
2024-12-31,F-south-85,85,9,F,south,4421.2,566,0.12802,2025-06-30T09:00:00Z
2024-12-31,F-south-86,86,9,F,south,3773.9,513,0.1359336,2025-06-30T09:00:00Z
2024-12-31,F-south-87,87,9,F,south,3792.9,546,0.1439541,2025-06-30T09:00:00Z
2024-12-31,F-south-88,88,9,F,south,3966.3,675,0.1701823,2025-06-30T09:00:00Z
2024-12-31,F-south-89,89,9,F,south,3624.8,703,0.1939407,2025-06-30T09:00:00Z
2024-12-31,F-south-90,90,9,F,south,3395.1,713,0.2100091,2025-06-30T09:00:00Z
2024-12-31,F-south-91,91,9,F,south,3176.3,767,0.2414783,2025-06-30T09:00:00Z
2024-12-31,F-south-92,92,9,F,south,3201.4,809,0.2527028,2025-06-30T09:00:00Z
2024-12-31,F-south-93,93,9,F,south,3366.3,958,0.2845891,2025-06-30T09:00:00Z
2024-12-31,F-south-94,94,9,F,south,3177.9,973,0.3061723,2025-06-30T09:00:00Z
2024-12-31,F-south-95,95,9,F,south,2929.8,1029,0.3512152,2025-06-30T09:00:00Z
