date,applicant,utilisation,delinquencies,age_of_file,inquiries,region,kt
2025-01-28,A010000,0.6335,0,5.88,1,west,2025-01-28T18:00:00Z
2025-01-28,A010001,0.129,0,5.88,1,north,2025-01-28T18:00:00Z
2025-01-28,A010002,0.3609,1,12.05,1,south,2025-01-28T18:00:00Z
2025-01-28,A010003,0.2886,0,8.77,1,south,2025-01-28T18:00:00Z
2025-01-28,A010004,0.4248,0,8.43,1,east,2025-01-28T18:00:00Z
2025-01-28,A010005,0.4314,1,10.61,1,west,2025-01-28T18:00:00Z
2025-01-28,A010006,0.565,1,8.09,1,west,2025-01-28T18:00:00Z
2025-01-28,A010007,0.2674,0,8.94,2,west,2025-01-28T18:00:00Z
2025-01-28,A010008,0.4732,1,16.61,1,east,2025-01-28T18:00:00Z
2025-01-28,A010009,0.5003,0,7.29,2,east,2025-01-28T18:00:00Z
2025-01-28,A010010,0.8116,1,9.85,1,west,2025-01-28T18:00:00Z
2025-01-28,A010011,0.4458,2,2.59,2,north,2025-01-28T18:00:00Z
2025-01-28,A010012,0.4093,0,7.67,1,south,2025-01-28T18:00:00Z
2025-01-28,A010013,0.5252,1,9.1,1,north,2025-01-28T18:00:00Z
2025-01-28,A010014,0.3479,0,15.2,1,north,2025-01-28T18:00:00Z
2025-01-28,A010015,0.2391,2,9.94,0,east,2025-01-28T18:00:00Z
2025-01-28,A010016,0.2625,1,9.73,3,east,2025-01-28T18:00:00Z
2025-01-28,A010017,0.1392,2,1.98,1,north,2025-01-28T18:00:00Z
2025-01-28,A010018,0.5616,0,7.47,0,west,2025-01-28T18:00:00Z
2025-01-28,A010019,0.5618,0,15.06,0,south,2025-01-28T18:00:00Z
2025-01-28,A010020,0.1362,1,12.36,0,east,2025-01-28T18:00:00Z
2025-01-28,A010021,0.2047,0,6.83,1,west,2025-01-28T18:00:00Z
2025-01-28,A010022,0.1465,1,9.13,0,north,2025-01-28T18:00:00Z
2025-01-28,A010023,0.8291,0,13.01,0,west,2025-01-28T18:00:00Z
2025-01-28,A010024,0.3638,0,3.5,1,east,2025-01-28T18:00:00Z
2025-01-28,A010025,0.216,1,8.52,0,north,2025-01-28T18:00:00Z
2025-01-28,A010026,0.4392,0,5.37,1,west,2025-01-28T18:00:00Z
2025-01-28,A010027,0.7505,0,3.6,1,north,2025-01-28T18:00:00Z
2025-01-28,A010028,0.5126,0,7.12,0,west,2025-01-28T18:00:00Z
2025-01-28,A010029,0.0977,2,2.72,3,north,2025-01-28T18:00:00Z
2025-01-28,A010030,0.3541,0,17.93,1,east,2025-01-28T18:00:00Z
2025-01-28,A010031,0.3231,2,3.16,0,east,2025-01-28T18:00:00Z
2025-01-28,A010032,0.2407,0,7.57,2,west,2025-01-28T18:00:00Z
2025-01-28,A010033,0.5783,3,9.21,3,north,2025-01-28T18:00:00Z
2025-01-28,A010034,0.3781,0,4.13,0,south,2025-01-28T18:00:00Z
2025-01-28,A010035,0.4409,1,7.98,0,west,2025-01-28T18:00:00Z
2025-01-28,A010036,0.6666,0,3.12,5,east,2025-01-28T18:00:00Z
2025-01-28,A010037,0.52,1,2.98,3,west,2025-01-28T18:00:00Z
2025-01-28,A010038,0.5201,1,14.56,3,north,2025-01-28T18:00:00Z
2025-01-28,A010039,0.6364,1,11.38,2,east,2025-01-28T18:00:00Z
2025-01-28,A010040,0.6198,0,2.66,0,south,2025-01-28T18:00:00Z
2025-01-28,A010041,0.4875,1,22.87,0,south,2025-01-28T18:00:00Z
2025-01-28,A010042,0.4396,0,9.2,0,west,2025-01-28T18:00:00Z
2025-01-28,A010043,0.3473,0,15.56,1,north,2025-01-28T18:00:00Z
2025-01-28,A010044,0.1766,1,18.15,4,east,2025-01-28T18:00:00Z
2025-01-28,A010045,0.7672,0,2.24,2,west,2025-01-28T18:00:00Z
2025-01-28,A010046,0.034,1,7.73,0,south,2025-01-28T18:00:00Z
2025-01-28,A010047,0.1476,0,1.68,2,west,2025-01-28T18:00:00Z
2025-01-28,A010048,0.3201,0,2.06,2,east,2025-01-28T18:00:00Z
2025-01-28,A010049,0.5235,0,9.91,0,west,2025-01-28T18:00:00Z
2025-01-28,A010050,0.4931,2,5.46,0,east,2025-01-28T18:00:00Z
2025-01-28,A010051,0.365,0,11.06,2,north,2025-01-28T18:00:00Z
2025-01-28,A010052,0.3564,0,10.04,0,north,2025-01-28T18:00:00Z
2025-01-28,A010053,0.3346,0,5.08,2,east,2025-01-28T18:00:00Z
2025-01-28,A010054,0.7234,1,3.96,0,south,2025-01-28T18:00:00Z
2025-01-28,A010055,0.7366,1,6.17,1,north,2025-01-28T18:00:00Z
2025-01-28,A010056,0.2203,0,11.58,1,west,2025-01-28T18:00:00Z
2025-01-28,A010057,0.8421,0,7.2,0,west,2025-01-28T18:00:00Z
2025-01-28,A010058,0.2172,0,5.04,1,south,2025-01-28T18:00:00Z
2025-01-28,A010059,0.054,0,4.11,2,east,2025-01-28T18:00:00Z
2025-01-28,A010060,0.275,0,15.58,0,east,2025-01-28T18:00:00Z
2025-01-28,A010061,0.4972,0,3.0,1,east,2025-01-28T18:00:00Z
2025-01-28,A010062,0.4488,0,8.95,1,east,2025-01-28T18:00:00Z
2025-01-28,A010063,0.7999,2,7.0,1,west,2025-01-28T18:00:00Z
2025-01-28,A010064,0.6449,0,9.71,1,south,2025-01-28T18:00:00Z
2025-01-28,A010065,0.1222,0,11.95,0,north,2025-01-28T18:00:00Z
2025-01-28,A010066,0.3714,0,20.14,2,west,2025-01-28T18:00:00Z
2025-01-28,A010067,0.173,2,10.46,1,north,2025-01-28T18:00:00Z
2025-01-28,A010068,0.613,0,11.1,2,east,2025-01-28T18:00:00Z
2025-01-28,A010069,0.6608,0,5.59,1,south,2025-01-28T18:00:00Z
2025-01-28,A010070,0.5344,0,15.1,1,east,2025-01-28T18:00:00Z
2025-01-28,A010071,0.5367,0,25.43,1,east,2025-01-28T18:00:00Z
2025-01-28,A010072,0.5072,0,16.14,2,south,2025-01-28T18:00:00Z
2025-01-28,A010073,0.4647,0,11.86,1,south,2025-01-28T18:00:00Z
2025-01-28,A010074,0.2831,0,10.79,1,east,2025-01-28T18:00:00Z
2025-01-28,A010075,0.5028,1,1.29,2,west,2025-01-28T18:00:00Z
2025-01-28,A010076,0.1304,0,5.42,2,east,2025-01-28T18:00:00Z
2025-01-28,A010077,0.7675,0,7.4,0,west,2025-01-28T18:00:00Z
2025-01-28,A010078,0.1176,0,7.86,3,south,2025-01-28T18:00:00Z
2025-01-28,A010079,0.57,0,11.99,1,west,2025-01-28T18:00:00Z
2025-01-28,A010080,0.1721,0,7.14,0,north,2025-01-28T18:00:00Z
2025-01-28,A010081,0.6734,0,6.61,1,west,2025-01-28T18:00:00Z
2025-01-28,A010082,0.4213,0,16.28,1,east,2025-01-28T18:00:00Z
2025-01-28,A010083,0.7938,0,15.6,2,east,2025-01-28T18:00:00Z
2025-01-28,A010084,0.3839,1,5.74,0,north,2025-01-28T18:00:00Z
2025-01-28,A010085,0.2403,0,4.23,0,west,2025-01-28T18:00:00Z
2025-01-28,A010086,0.1021,0,19.98,0,west,2025-01-28T18:00:00Z
2025-01-28,A010087,0.637,0,9.13,1,north,2025-01-28T18:00:00Z
2025-01-28,A010088,0.411,1,11.82,1,east,2025-01-28T18:00:00Z
2025-01-28,A010089,0.5711,1,19.8,2,east,2025-01-28T18:00:00Z
2025-01-28,A010090,0.243,0,6.57,0,south,2025-01-28T18:00:00Z
2025-01-28,A010091,0.7846,0,10.3,1,south,2025-01-28T18:00:00Z
2025-01-28,A010092,0.6053,0,6.02,4,north,2025-01-28T18:00:00Z
2025-01-28,A010093,0.2487,0,7.7,0,east,2025-01-28T18:00:00Z
2025-01-28,A010094,0.4306,1,3.94,0,east,2025-01-28T18:00:00Z
2025-01-28,A010095,0.4169,1,9.38,2,south,2025-01-28T18:00:00Z
2025-01-28,A010096,0.5179,0,17.01,1,west,2025-01-28T18:00:00Z
2025-01-28,A010097,0.6534,0,4.53,1,east,2025-01-28T18:00:00Z
2025-01-28,A010098,0.3788,0,6.11,0,east,2025-01-28T18:00:00Z
2025-01-28,A010099,0.4329,1,10.58,1,north,2025-01-28T18:00:00Z
2025-01-28,A010100,0.3117,0,7.53,0,north,2025-01-28T18:00:00Z
2025-01-28,A010101,0.6352,1,17.92,2,north,2025-01-28T18:00:00Z
2025-01-28,A010102,0.5047,0,8.72,0,west,2025-01-28T18:00:00Z
2025-01-28,A010103,0.1617,0,2.78,0,south,2025-01-28T18:00:00Z
2025-01-28,A010104,0.3056,0,4.69,0,east,2025-01-28T18:00:00Z
2025-01-28,A010105,0.3738,0,3.9,1,east,2025-01-28T18:00:00Z
2025-01-28,A010106,0.7298,1,7.12,1,south,2025-01-28T18:00:00Z
2025-01-28,A010107,0.4887,0,2.31,3,south,2025-01-28T18:00:00Z
2025-01-28,A010108,0.1465,0,11.29,4,east,2025-01-28T18:00:00Z
2025-01-28,A010109,0.2857,0,10.3,0,west,2025-01-28T18:00:00Z
2025-01-28,A010110,0.0587,0,24.19,3,north,2025-01-28T18:00:00Z
2025-01-28,A010111,0.3893,0,7.73,0,east,2025-01-28T18:00:00Z
2025-01-28,A010112,0.7591,0,15.17,0,west,2025-01-28T18:00:00Z
2025-01-28,A010113,0.4473,1,10.71,1,south,2025-01-28T18:00:00Z
2025-01-28,A010114,0.3483,0,9.87,0,north,2025-01-28T18:00:00Z
2025-01-28,A010115,0.4506,0,7.21,2,south,2025-01-28T18:00:00Z
2025-01-28,A010116,0.6684,1,21.07,1,west,2025-01-28T18:00:00Z
2025-01-28,A010117,0.4134,1,11.19,0,north,2025-01-28T18:00:00Z
2025-01-28,A010118,0.1892,0,7.6,1,east,2025-01-28T18:00:00Z
2025-01-28,A010119,0.3565,0,13.04,0,west,2025-01-28T18:00:00Z
2025-01-28,A010120,0.4227,1,13.08,2,east,2025-01-28T18:00:00Z
2025-01-28,A010121,0.3025,1,9.29,3,north,2025-01-28T18:00:00Z
2025-01-28,A010122,0.2974,0,14.23,2,east,2025-01-28T18:00:00Z
2025-01-28,A010123,0.5506,0,12.69,1,west,2025-01-28T18:00:00Z
2025-01-28,A010124,0.149,0,5.18,2,north,2025-01-28T18:00:00Z
2025-01-28,A010125,0.4127,0,7.81,3,west,2025-01-28T18:00:00Z
2025-01-28,A010126,0.5157,0,6.85,0,east,2025-01-28T18:00:00Z
2025-01-28,A010127,0.1648,1,5.66,4,west,2025-01-28T18:00:00Z
2025-01-28,A010128,0.8603,1,3.36,2,west,2025-01-28T18:00:00Z
2025-01-28,A010129,0.3374,1,13.88,1,north,2025-01-28T18:00:00Z
2025-01-28,A010130,0.6934,0,5.93,3,north,2025-01-28T18:00:00Z
2025-01-28,A010131,0.3717,0,7.89,0,south,2025-01-28T18:00:00Z
2025-01-28,A010132,0.577,0,12.45,4,south,2025-01-28T18:00:00Z
2025-01-28,A010133,0.4676,2,17.55,0,west,2025-01-28T18:00:00Z
2025-01-28,A010134,0.7582,0,19.62,1,south,2025-01-28T18:00:00Z
2025-01-28,A010135,0.128,0,7.98,0,west,2025-01-28T18:00:00Z
2025-01-28,A010136,0.0369,1,7.42,1,west,2025-01-28T18:00:00Z
2025-01-28,A010137,0.0491,0,7.69,0,west,2025-01-28T18:00:00Z
2025-01-28,A010138,0.2025,1,2.53,3,south,2025-01-28T18:00:00Z
2025-01-28,A010139,0.1175,0,14.12,0,east,2025-01-28T18:00:00Z
2025-01-28,A010140,0.1387,0,12.13,3,south,2025-01-28T18:00:00Z
2025-01-28,A010141,0.557,0,14.01,2,south,2025-01-28T18:00:00Z
2025-01-28,A010142,0.0553,1,4.3,3,west,2025-01-28T18:00:00Z
2025-01-28,A010143,0.6206,0,14.22,1,east,2025-01-28T18:00:00Z
2025-01-28,A010144,0.1232,0,3.87,1,west,2025-01-28T18:00:00Z
2025-01-28,A010145,0.6342,0,1.8,1,south,2025-01-28T18:00:00Z
2025-01-28,A010146,0.3801,0,7.84,1,east,2025-01-28T18:00:00Z
2025-01-28,A010147,0.1888,0,4.49,0,west,2025-01-28T18:00:00Z
2025-01-28,A010148,0.7101,0,14.1,1,east,2025-01-28T18:00:00Z
2025-01-28,A010149,0.4123,0,9.01,0,west,2025-01-28T18:00:00Z
2025-02-28,A020000,0.747,0,12.09,0,west,2025-02-28T18:00:00Z
2025-02-28,A020001,0.5362,0,7.09,2,south,2025-02-28T18:00:00Z
2025-02-28,A020002,0.5564,0,3.57,1,north,2025-02-28T18:00:00Z
2025-02-28,A020003,0.3187,1,4.22,1,north,2025-02-28T18:00:00Z
2025-02-28,A020004,0.3764,0,14.6,1,east,2025-02-28T18:00:00Z
2025-02-28,A020005,0.3035,0,14.52,4,east,2025-02-28T18:00:00Z
2025-02-28,A020006,0.081,0,5.08,0,west,2025-02-28T18:00:00Z
2025-02-28,A020007,0.3367,0,3.04,4,west,2025-02-28T18:00:00Z
2025-02-28,A020008,0.1824,1,6.25,3,south,2025-02-28T18:00:00Z
2025-02-28,A020009,0.2508,0,13.16,0,west,2025-02-28T18:00:00Z
2025-02-28,A020010,0.2246,0,8.79,4,north,2025-02-28T18:00:00Z
2025-02-28,A020011,0.2391,0,14.34,1,south,2025-02-28T18:00:00Z
2025-02-28,A020012,0.3934,0,11.62,0,east,2025-02-28T18:00:00Z
2025-02-28,A020013,0.4445,1,12.04,1,west,2025-02-28T18:00:00Z
2025-02-28,A020014,0.5455,0,18.29,1,east,2025-02-28T18:00:00Z
2025-02-28,A020015,0.441,0,2.77,0,west,2025-02-28T18:00:00Z
2025-02-28,A020016,0.6857,1,8.27,1,east,2025-02-28T18:00:00Z
2025-02-28,A020017,0.6828,0,17.72,0,east,2025-02-28T18:00:00Z
2025-02-28,A020018,0.313,0,25.39,3,south,2025-02-28T18:00:00Z
2025-02-28,A020019,0.5267,0,0.88,1,south,2025-02-28T18:00:00Z
2025-02-28,A020020,0.3399,1,2.8,0,west,2025-02-28T18:00:00Z
2025-02-28,A020021,0.6591,0,3.07,0,north,2025-02-28T18:00:00Z
2025-02-28,A020022,0.7079,0,12.48,1,south,2025-02-28T18:00:00Z
2025-02-28,A020023,0.3122,0,6.03,0,north,2025-02-28T18:00:00Z
2025-02-28,A020024,0.1396,0,5.77,3,east,2025-02-28T18:00:00Z
2025-02-28,A020025,0.0556,1,4.09,0,south,2025-02-28T18:00:00Z
2025-02-28,A020026,0.3484,0,12.86,1,north,2025-02-28T18:00:00Z
2025-02-28,A020027,0.3675,1,13.07,1,south,2025-02-28T18:00:00Z
2025-02-28,A020028,0.3051,0,4.34,0,south,2025-02-28T18:00:00Z
2025-02-28,A020029,0.6347,0,12.07,3,west,2025-02-28T18:00:00Z
2025-02-28,A020030,0.209,0,11.3,2,south,2025-02-28T18:00:00Z
2025-02-28,A020031,0.4441,0,2.73,1,west,2025-02-28T18:00:00Z
2025-02-28,A020032,0.589,0,10.78,0,west,2025-02-28T18:00:00Z
2025-02-28,A020033,0.2307,0,12.84,0,west,2025-02-28T18:00:00Z
2025-02-28,A020034,0.6317,1,14.58,2,east,2025-02-28T18:00:00Z
2025-02-28,A020035,0.2779,1,9.27,1,east,2025-02-28T18:00:00Z
2025-02-28,A020036,0.5527,0,12.7,2,south,2025-02-28T18:00:00Z
2025-02-28,A020037,0.1523,2,2.7,3,east,2025-02-28T18:00:00Z
2025-02-28,A020038,0.5769,1,12.37,3,west,2025-02-28T18:00:00Z
2025-02-28,A020039,0.3412,0,17.9,1,south,2025-02-28T18:00:00Z
2025-02-28,A020040,0.1462,0,7.31,0,north,2025-02-28T18:00:00Z
2025-02-28,A020041,0.1894,1,4.05,1,south,2025-02-28T18:00:00Z
2025-02-28,A020042,0.3746,0,11.68,1,east,2025-02-28T18:00:00Z
2025-02-28,A020043,0.12,2,7.76,1,south,2025-02-28T18:00:00Z
2025-02-28,A020044,0.215,1,8.47,1,west,2025-02-28T18:00:00Z
2025-02-28,A020045,0.4706,0,7.34,0,west,2025-02-28T18:00:00Z
2025-02-28,A020046,0.2153,0,15.65,0,north,2025-02-28T18:00:00Z
2025-02-28,A020047,0.3072,0,12.55,1,north,2025-02-28T18:00:00Z
2025-02-28,A020048,0.274,1,10.18,0,east,2025-02-28T18:00:00Z
2025-02-28,A020049,0.4342,0,6.8,1,east,2025-02-28T18:00:00Z
2025-02-28,A020050,0.4964,2,9.17,4,north,2025-02-28T18:00:00Z
2025-02-28,A020051,0.3095,0,7.5,0,west,2025-02-28T18:00:00Z
2025-02-28,A020052,0.4695,0,3.79,2,north,2025-02-28T18:00:00Z
2025-02-28,A020053,0.5056,1,4.76,3,west,2025-02-28T18:00:00Z
2025-02-28,A020054,0.3264,0,10.53,1,east,2025-02-28T18:00:00Z
2025-02-28,A020055,0.5602,0,21.36,2,north,2025-02-28T18:00:00Z
2025-02-28,A020056,0.4717,1,11.5,2,east,2025-02-28T18:00:00Z
2025-02-28,A020057,0.4789,0,12.67,2,south,2025-02-28T18:00:00Z
2025-02-28,A020058,0.5228,0,5.74,1,south,2025-02-28T18:00:00Z
2025-02-28,A020059,0.7419,0,8.27,2,west,2025-02-28T18:00:00Z
2025-02-28,A020060,0.7145,0,2.47,4,west,2025-02-28T18:00:00Z
2025-02-28,A020061,0.2414,0,9.58,0,west,2025-02-28T18:00:00Z
2025-02-28,A020062,0.2188,1,3.41,1,west,2025-02-28T18:00:00Z
2025-02-28,A020063,0.0802,0,10.31,2,west,2025-02-28T18:00:00Z
2025-02-28,A020064,0.406,0,8.78,0,south,2025-02-28T18:00:00Z
2025-02-28,A020065,0.3355,0,7.57,0,north,2025-02-28T18:00:00Z
2025-02-28,A020066,0.3707,0,8.22,3,north,2025-02-28T18:00:00Z
2025-02-28,A020067,0.4912,0,8.61,0,north,2025-02-28T18:00:00Z
2025-02-28,A020068,0.1402,0,6.43,0,south,2025-02-28T18:00:00Z
2025-02-28,A020069,0.1946,0,11.63,0,north,2025-02-28T18:00:00Z
2025-02-28,A020070,0.541,0,7.8,1,west,2025-02-28T18:00:00Z
2025-02-28,A020071,0.6076,0,9.54,1,north,2025-02-28T18:00:00Z
2025-02-28,A020072,0.4353,0,10.68,0,east,2025-02-28T18:00:00Z
2025-02-28,A020073,0.6626,0,4.27,0,north,2025-02-28T18:00:00Z
2025-02-28,A020074,0.4743,0,13.27,0,south,2025-02-28T18:00:00Z
2025-02-28,A020075,0.5489,0,7.64,2,south,2025-02-28T18:00:00Z
2025-02-28,A020076,0.3091,0,14.01,2,south,2025-02-28T18:00:00Z
2025-02-28,A020077,0.0669,0,8.57,0,west,2025-02-28T18:00:00Z
2025-02-28,A020078,0.2678,0,8.41,2,east,2025-02-28T18:00:00Z
2025-02-28,A020079,0.6135,1,21.33,1,north,2025-02-28T18:00:00Z
2025-02-28,A020080,0.6204,0,10.66,3,east,2025-02-28T18:00:00Z
2025-02-28,A020081,0.185,1,8.37,2,south,2025-02-28T18:00:00Z
2025-02-28,A020082,0.072,0,3.52,2,north,2025-02-28T18:00:00Z
2025-02-28,A020083,0.3988,0,4.32,2,south,2025-02-28T18:00:00Z
2025-02-28,A020084,0.6783,0,17.37,0,west,2025-02-28T18:00:00Z
2025-02-28,A020085,0.4355,0,7.71,2,south,2025-02-28T18:00:00Z
2025-02-28,A020086,0.5651,0,11.56,2,west,2025-02-28T18:00:00Z
2025-02-28,A020087,0.3677,0,12.1,4,west,2025-02-28T18:00:00Z
2025-02-28,A020088,0.1946,0,9.18,2,north,2025-02-28T18:00:00Z
2025-02-28,A020089,0.149,0,7.94,0,west,2025-02-28T18:00:00Z
2025-02-28,A020090,0.1217,0,3.76,0,north,2025-02-28T18:00:00Z
2025-02-28,A020091,0.6792,0,9.61,5,north,2025-02-28T18:00:00Z
2025-02-28,A020092,0.5062,1,2.88,0,north,2025-02-28T18:00:00Z
2025-02-28,A020093,0.1395,0,6.02,1,east,2025-02-28T18:00:00Z
2025-02-28,A020094,0.8064,0,14.09,3,north,2025-02-28T18:00:00Z
2025-02-28,A020095,0.1826,0,17.1,2,east,2025-02-28T18:00:00Z
2025-02-28,A020096,0.3796,0,13.44,0,west,2025-02-28T18:00:00Z
2025-02-28,A020097,0.5017,0,6.59,2,north,2025-02-28T18:00:00Z
2025-02-28,A020098,0.6187,1,23.23,2,east,2025-02-28T18:00:00Z
2025-02-28,A020099,0.3768,0,8.53,1,south,2025-02-28T18:00:00Z
2025-02-28,A020100,0.3059,0,4.42,1,east,2025-02-28T18:00:00Z
2025-02-28,A020101,0.8079,0,4.59,2,north,2025-02-28T18:00:00Z
2025-02-28,A020102,0.2299,0,5.72,1,west,2025-02-28T18:00:00Z
2025-02-28,A020103,0.2547,0,9.93,2,west,2025-02-28T18:00:00Z
2025-02-28,A020104,0.1864,1,3.77,3,south,2025-02-28T18:00:00Z
2025-02-28,A020105,0.7424,0,12.09,2,south,2025-02-28T18:00:00Z
2025-02-28,A020106,0.1986,1,11.11,0,south,2025-02-28T18:00:00Z
2025-02-28,A020107,0.6566,0,8.25,0,south,2025-02-28T18:00:00Z
2025-02-28,A020108,0.4353,0,7.63,4,north,2025-02-28T18:00:00Z
2025-02-28,A020109,0.5334,1,6.04,2,south,2025-02-28T18:00:00Z
2025-02-28,A020110,0.4021,1,7.96,0,west,2025-02-28T18:00:00Z
2025-02-28,A020111,0.3748,0,10.01,2,east,2025-02-28T18:00:00Z
2025-02-28,A020112,0.011,1,4.28,1,south,2025-02-28T18:00:00Z
2025-02-28,A020113,0.4873,0,12.02,2,west,2025-02-28T18:00:00Z
2025-02-28,A020114,0.3402,1,7.86,1,south,2025-02-28T18:00:00Z
2025-02-28,A020115,0.6074,2,4.26,0,north,2025-02-28T18:00:00Z
2025-02-28,A020116,0.4925,0,7.78,0,east,2025-02-28T18:00:00Z
2025-02-28,A020117,0.6309,1,15.88,1,east,2025-02-28T18:00:00Z
2025-02-28,A020118,0.2382,0,4.46,0,east,2025-02-28T18:00:00Z
2025-02-28,A020119,0.3518,0,8.84,2,north,2025-02-28T18:00:00Z
2025-02-28,A020120,0.1956,1,5.12,2,west,2025-02-28T18:00:00Z
2025-02-28,A020121,0.1994,0,8.65,1,east,2025-02-28T18:00:00Z
2025-02-28,A020122,0.2614,0,7.14,0,south,2025-02-28T18:00:00Z
2025-02-28,A020123,0.2676,0,2.89,4,west,2025-02-28T18:00:00Z
2025-02-28,A020124,0.1302,0,11.16,1,north,2025-02-28T18:00:00Z
2025-02-28,A020125,0.2812,0,5.43,1,east,2025-02-28T18:00:00Z
2025-02-28,A020126,0.3558,0,11.21,0,south,2025-02-28T18:00:00Z
2025-02-28,A020127,0.3274,2,3.67,0,north,2025-02-28T18:00:00Z
2025-02-28,A020128,0.3719,0,3.42,2,east,2025-02-28T18:00:00Z
2025-02-28,A020129,0.2044,1,4.91,0,east,2025-02-28T18:00:00Z
2025-02-28,A020130,0.1948,2,6.28,2,west,2025-02-28T18:00:00Z
2025-02-28,A020131,0.4398,3,4.01,3,west,2025-02-28T18:00:00Z
2025-02-28,A020132,0.599,0,18.01,0,east,2025-02-28T18:00:00Z
2025-02-28,A020133,0.4143,1,3.64,0,west,2025-02-28T18:00:00Z
2025-02-28,A020134,0.2567,1,10.95,2,west,2025-02-28T18:00:00Z
2025-02-28,A020135,0.3289,1,6.49,1,east,2025-02-28T18:00:00Z
2025-02-28,A020136,0.7077,0,14.74,2,north,2025-02-28T18:00:00Z
2025-02-28,A020137,0.3924,1,3.69,2,east,2025-02-28T18:00:00Z
2025-02-28,A020138,0.308,0,3.52,3,west,2025-02-28T18:00:00Z
2025-02-28,A020139,0.1875,1,19.82,0,south,2025-02-28T18:00:00Z
2025-02-28,A020140,0.0515,0,2.05,0,west,2025-02-28T18:00:00Z
2025-02-28,A020141,0.7658,0,8.39,0,north,2025-02-28T18:00:00Z
2025-02-28,A020142,0.2269,0,9.86,1,west,2025-02-28T18:00:00Z
2025-02-28,A020143,0.741,0,4.39,1,west,2025-02-28T18:00:00Z
2025-02-28,A020144,0.1968,1,5.97,1,east,2025-02-28T18:00:00Z
2025-02-28,A020145,0.4322,0,9.45,3,south,2025-02-28T18:00:00Z
2025-02-28,A020146,0.392,0,9.25,1,south,2025-02-28T18:00:00Z
2025-02-28,A020147,0.4546,0,4.01,0,north,2025-02-28T18:00:00Z
2025-02-28,A020148,0.4836,0,10.54,2,east,2025-02-28T18:00:00Z
2025-02-28,A020149,0.4066,0,7.32,1,east,2025-02-28T18:00:00Z
2025-03-28,A030000,0.1915,0,6.84,3,south,2025-03-28T18:00:00Z
2025-03-28,A030001,0.2298,0,0.3,2,west,2025-03-28T18:00:00Z
2025-03-28,A030002,0.0742,1,0.17,1,west,2025-03-28T18:00:00Z
2025-03-28,A030003,0.403,0,3.95,3,south,2025-03-28T18:00:00Z
2025-03-28,A030004,0.6191,0,6.89,2,east,2025-03-28T18:00:00Z
2025-03-28,A030005,0.4055,1,5.55,1,east,2025-03-28T18:00:00Z
2025-03-28,A030006,0.7367,0,13.89,1,west,2025-03-28T18:00:00Z
2025-03-28,A030007,0.3893,0,10.02,0,north,2025-03-28T18:00:00Z
2025-03-28,A030008,0.2713,0,17.72,1,east,2025-03-28T18:00:00Z
2025-03-28,A030009,0.3204,0,3.29,3,west,2025-03-28T18:00:00Z
2025-03-28,A030010,0.6916,2,9.63,3,east,2025-03-28T18:00:00Z
2025-03-28,A030011,0.4491,0,8.39,0,south,2025-03-28T18:00:00Z
2025-03-28,A030012,0.5718,1,7.77,1,west,2025-03-28T18:00:00Z
2025-03-28,A030013,0.6565,0,2.14,3,east,2025-03-28T18:00:00Z
2025-03-28,A030014,0.1876,0,11.69,0,west,2025-03-28T18:00:00Z
2025-03-28,A030015,0.2803,2,20.95,0,west,2025-03-28T18:00:00Z
2025-03-28,A030016,0.0683,2,10.73,1,north,2025-03-28T18:00:00Z
2025-03-28,A030017,0.5286,0,4.57,2,east,2025-03-28T18:00:00Z
2025-03-28,A030018,0.3542,0,3.25,1,south,2025-03-28T18:00:00Z
2025-03-28,A030019,0.8201,0,6.23,0,west,2025-03-28T18:00:00Z
2025-03-28,A030020,0.2509,1,8.34,4,west,2025-03-28T18:00:00Z
2025-03-28,A030021,0.421,0,5.2,1,west,2025-03-28T18:00:00Z
2025-03-28,A030022,0.4728,0,5.46,3,east,2025-03-28T18:00:00Z
2025-03-28,A030023,0.1706,0,20.62,0,south,2025-03-28T18:00:00Z
2025-03-28,A030024,0.306,0,6.99,2,east,2025-03-28T18:00:00Z
2025-03-28,A030025,0.5225,1,8.48,0,south,2025-03-28T18:00:00Z
2025-03-28,A030026,0.2295,0,4.69,2,north,2025-03-28T18:00:00Z
2025-03-28,A030027,0.2174,0,5.62,2,east,2025-03-28T18:00:00Z
2025-03-28,A030028,0.322,2,6.57,3,north,2025-03-28T18:00:00Z
2025-03-28,A030029,0.1888,0,11.53,0,west,2025-03-28T18:00:00Z
2025-03-28,A030030,0.334,1,15.23,2,south,2025-03-28T18:00:00Z
2025-03-28,A030031,0.3326,0,4.32,2,west,2025-03-28T18:00:00Z
2025-03-28,A030032,0.3159,0,5.05,3,north,2025-03-28T18:00:00Z
2025-03-28,A030033,0.3806,1,11.67,1,east,2025-03-28T18:00:00Z
2025-03-28,A030034,0.0652,0,5.85,1,south,2025-03-28T18:00:00Z
2025-03-28,A030035,0.3162,0,24.75,1,west,2025-03-28T18:00:00Z
2025-03-28,A030036,0.4812,0,11.11,2,south,2025-03-28T18:00:00Z
2025-03-28,A030037,0.465,0,6.73,2,west,2025-03-28T18:00:00Z
2025-03-28,A030038,0.1987,0,6.98,2,west,2025-03-28T18:00:00Z
2025-03-28,A030039,0.337,1,9.68,1,south,2025-03-28T18:00:00Z
2025-03-28,A030040,0.1856,0,20.25,2,north,2025-03-28T18:00:00Z
2025-03-28,A030041,0.2289,0,6.76,1,west,2025-03-28T18:00:00Z
2025-03-28,A030042,0.1729,1,13.0,1,south,2025-03-28T18:00:00Z
2025-03-28,A030043,0.6614,1,8.18,1,south,2025-03-28T18:00:00Z
2025-03-28,A030044,0.1881,0,10.41,2,south,2025-03-28T18:00:00Z
2025-03-28,A030045,0.2722,0,7.71,3,south,2025-03-28T18:00:00Z
2025-03-28,A030046,0.2818,0,13.02,4,east,2025-03-28T18:00:00Z
2025-03-28,A030047,0.1064,1,14.24,1,south,2025-03-28T18:00:00Z
2025-03-28,A030048,0.2313,2,5.58,0,north,2025-03-28T18:00:00Z
2025-03-28,A030049,0.9618,0,17.55,0,south,2025-03-28T18:00:00Z
2025-03-28,A030050,0.6369,0,15.42,0,west,2025-03-28T18:00:00Z
2025-03-28,A030051,0.1353,1,17.89,1,west,2025-03-28T18:00:00Z
2025-03-28,A030052,0.1874,1,10.06,1,west,2025-03-28T18:00:00Z
2025-03-28,A030053,0.6692,0,11.8,1,west,2025-03-28T18:00:00Z
2025-03-28,A030054,0.387,0,7.62,2,south,2025-03-28T18:00:00Z
2025-03-28,A030055,0.424,0,11.91,0,west,2025-03-28T18:00:00Z
2025-03-28,A030056,0.6691,1,4.34,1,south,2025-03-28T18:00:00Z
2025-03-28,A030057,0.1162,1,18.34,0,west,2025-03-28T18:00:00Z
2025-03-28,A030058,0.4899,0,6.08,1,east,2025-03-28T18:00:00Z
2025-03-28,A030059,0.5266,1,12.64,1,north,2025-03-28T18:00:00Z
2025-03-28,A030060,0.5298,0,1.3,0,east,2025-03-28T18:00:00Z
2025-03-28,A030061,0.092,1,7.92,0,west,2025-03-28T18:00:00Z
2025-03-28,A030062,0.5691,0,5.59,0,west,2025-03-28T18:00:00Z
2025-03-28,A030063,0.1906,1,7.82,0,south,2025-03-28T18:00:00Z
2025-03-28,A030064,0.1894,0,2.31,1,south,2025-03-28T18:00:00Z
2025-03-28,A030065,0.4729,2,10.19,2,south,2025-03-28T18:00:00Z
2025-03-28,A030066,0.1479,1,11.1,0,north,2025-03-28T18:00:00Z
2025-03-28,A030067,0.8645,0,12.07,0,north,2025-03-28T18:00:00Z
2025-03-28,A030068,0.2866,0,9.28,0,east,2025-03-28T18:00:00Z
2025-03-28,A030069,0.3403,0,2.86,1,east,2025-03-28T18:00:00Z
2025-03-28,A030070,0.636,0,9.56,1,west,2025-03-28T18:00:00Z
2025-03-28,A030071,0.3627,0,16.69,2,south,2025-03-28T18:00:00Z
2025-03-28,A030072,0.7513,0,9.61,2,east,2025-03-28T18:00:00Z
2025-03-28,A030073,0.2853,0,9.1,1,north,2025-03-28T18:00:00Z
2025-03-28,A030074,0.1071,0,18.17,0,south,2025-03-28T18:00:00Z
2025-03-28,A030075,0.5046,0,10.51,0,east,2025-03-28T18:00:00Z
2025-03-28,A030076,0.2076,1,12.93,2,east,2025-03-28T18:00:00Z
2025-03-28,A030077,0.3605,0,14.82,0,north,2025-03-28T18:00:00Z
2025-03-28,A030078,0.6449,0,8.1,1,west,2025-03-28T18:00:00Z
2025-03-28,A030079,0.2332,0,4.16,0,south,2025-03-28T18:00:00Z
2025-03-28,A030080,0.5311,0,3.46,1,north,2025-03-28T18:00:00Z
2025-03-28,A030081,0.5101,1,9.88,0,west,2025-03-28T18:00:00Z
2025-03-28,A030082,0.3666,0,10.58,0,north,2025-03-28T18:00:00Z
2025-03-28,A030083,0.398,1,21.85,2,north,2025-03-28T18:00:00Z
2025-03-28,A030084,0.2122,0,5.83,2,south,2025-03-28T18:00:00Z
2025-03-28,A030085,0.3816,0,10.14,0,west,2025-03-28T18:00:00Z
2025-03-28,A030086,0.6223,0,4.77,1,south,2025-03-28T18:00:00Z
2025-03-28,A030087,0.2547,0,7.27,2,north,2025-03-28T18:00:00Z
2025-03-28,A030088,0.3533,0,11.56,2,south,2025-03-28T18:00:00Z
2025-03-28,A030089,0.6826,0,3.57,1,east,2025-03-28T18:00:00Z
2025-03-28,A030090,0.7328,1,4.49,0,north,2025-03-28T18:00:00Z
2025-03-28,A030091,0.1241,0,4.24,2,west,2025-03-28T18:00:00Z
2025-03-28,A030092,0.447,0,3.17,0,south,2025-03-28T18:00:00Z
2025-03-28,A030093,0.5054,0,2.5,2,west,2025-03-28T18:00:00Z
2025-03-28,A030094,0.5738,1,13.69,3,west,2025-03-28T18:00:00Z
2025-03-28,A030095,0.5355,0,6.04,3,west,2025-03-28T18:00:00Z
2025-03-28,A030096,0.3548,0,8.06,2,west,2025-03-28T18:00:00Z
2025-03-28,A030097,0.6876,1,12.03,0,south,2025-03-28T18:00:00Z
2025-03-28,A030098,0.6062,1,12.37,0,south,2025-03-28T18:00:00Z
2025-03-28,A030099,0.4574,0,9.42,2,east,2025-03-28T18:00:00Z
2025-03-28,A030100,0.2188,0,3.41,1,north,2025-03-28T18:00:00Z
2025-03-28,A030101,0.1012,0,9.76,3,north,2025-03-28T18:00:00Z
2025-03-28,A030102,0.4244,0,5.41,1,north,2025-03-28T18:00:00Z
2025-03-28,A030103,0.3883,0,6.99,1,north,2025-03-28T18:00:00Z
2025-03-28,A030104,0.5066,0,2.95,1,east,2025-03-28T18:00:00Z
2025-03-28,A030105,0.182,0,5.73,0,east,2025-03-28T18:00:00Z
2025-03-28,A030106,0.2612,0,24.42,2,east,2025-03-28T18:00:00Z
2025-03-28,A030107,0.477,0,16.31,0,west,2025-03-28T18:00:00Z
2025-03-28,A030108,0.3893,1,10.46,0,south,2025-03-28T18:00:00Z
2025-03-28,A030109,0.4565,1,2.03,3,north,2025-03-28T18:00:00Z
2025-03-28,A030110,0.3747,0,14.92,0,south,2025-03-28T18:00:00Z
2025-03-28,A030111,0.6302,0,7.73,1,west,2025-03-28T18:00:00Z
2025-03-28,A030112,0.5121,0,11.81,1,west,2025-03-28T18:00:00Z
2025-03-28,A030113,0.8929,1,5.65,1,north,2025-03-28T18:00:00Z
2025-03-28,A030114,0.0951,0,5.13,1,west,2025-03-28T18:00:00Z
2025-03-28,A030115,0.2596,1,7.11,1,south,2025-03-28T18:00:00Z
2025-03-28,A030116,0.0988,0,8.3,0,north,2025-03-28T18:00:00Z
2025-03-28,A030117,0.3957,0,12.17,0,south,2025-03-28T18:00:00Z
2025-03-28,A030118,0.3231,0,7.89,1,east,2025-03-28T18:00:00Z
2025-03-28,A030119,0.1771,0,5.36,1,east,2025-03-28T18:00:00Z
2025-03-28,A030120,0.2345,0,10.12,0,east,2025-03-28T18:00:00Z
2025-03-28,A030121,0.7875,0,5.05,0,west,2025-03-28T18:00:00Z
2025-03-28,A030122,0.2621,0,9.45,2,north,2025-03-28T18:00:00Z
2025-03-28,A030123,0.6471,2,20.53,0,south,2025-03-28T18:00:00Z
2025-03-28,A030124,0.2487,2,12.92,2,east,2025-03-28T18:00:00Z
2025-03-28,A030125,0.271,0,4.06,1,west,2025-03-28T18:00:00Z
2025-03-28,A030126,0.2188,1,9.39,1,south,2025-03-28T18:00:00Z
2025-03-28,A030127,0.3004,1,16.6,1,east,2025-03-28T18:00:00Z
2025-03-28,A030128,0.4652,1,13.58,1,south,2025-03-28T18:00:00Z
2025-03-28,A030129,0.1845,1,10.63,5,west,2025-03-28T18:00:00Z
2025-03-28,A030130,0.595,1,10.82,1,south,2025-03-28T18:00:00Z
2025-03-28,A030131,0.6411,0,2.29,1,north,2025-03-28T18:00:00Z
2025-03-28,A030132,0.4872,1,0.8,0,west,2025-03-28T18:00:00Z
2025-03-28,A030133,0.6947,1,5.61,0,north,2025-03-28T18:00:00Z
2025-03-28,A030134,0.3265,1,7.04,1,south,2025-03-28T18:00:00Z
2025-03-28,A030135,0.1871,1,7.28,1,east,2025-03-28T18:00:00Z
2025-03-28,A030136,0.203,0,5.62,6,east,2025-03-28T18:00:00Z
2025-03-28,A030137,0.6926,0,13.96,1,south,2025-03-28T18:00:00Z
2025-03-28,A030138,0.5817,1,5.37,1,west,2025-03-28T18:00:00Z
2025-03-28,A030139,0.2162,1,6.22,0,north,2025-03-28T18:00:00Z
2025-03-28,A030140,0.2241,0,11.86,3,west,2025-03-28T18:00:00Z
2025-03-28,A030141,0.5044,0,8.11,0,south,2025-03-28T18:00:00Z
2025-03-28,A030142,0.2677,1,26.03,0,east,2025-03-28T18:00:00Z
2025-03-28,A030143,0.1911,0,2.65,2,south,2025-03-28T18:00:00Z
2025-03-28,A030144,0.5485,0,8.77,0,west,2025-03-28T18:00:00Z
2025-03-28,A030145,0.2872,0,5.31,2,north,2025-03-28T18:00:00Z
2025-03-28,A030146,0.6708,0,2.85,2,south,2025-03-28T18:00:00Z
2025-03-28,A030147,0.2045,1,15.02,0,west,2025-03-28T18:00:00Z
2025-03-28,A030148,0.3972,2,14.88,0,south,2025-03-28T18:00:00Z
2025-03-28,A030149,0.339,0,6.93,1,north,2025-03-28T18:00:00Z
2025-04-28,A040000,0.4733,0,2.59,3,north,2025-04-28T18:00:00Z
2025-04-28,A040001,0.2795,0,6.05,1,east,2025-04-28T18:00:00Z
2025-04-28,A040002,0.4461,0,5.2,3,south,2025-04-28T18:00:00Z
2025-04-28,A040003,0.0831,2,16.09,5,west,2025-04-28T18:00:00Z
2025-04-28,A040004,0.3488,3,16.9,0,west,2025-04-28T18:00:00Z
2025-04-28,A040005,0.0382,0,3.07,2,north,2025-04-28T18:00:00Z
2025-04-28,A040006,0.4004,1,2.86,3,south,2025-04-28T18:00:00Z
2025-04-28,A040007,0.4399,0,25.37,0,west,2025-04-28T18:00:00Z
2025-04-28,A040008,0.1329,1,15.51,0,north,2025-04-28T18:00:00Z
2025-04-28,A040009,0.0731,1,3.87,2,north,2025-04-28T18:00:00Z
2025-04-28,A040010,0.2114,1,16.29,3,east,2025-04-28T18:00:00Z
2025-04-28,A040011,0.4379,0,12.21,4,west,2025-04-28T18:00:00Z
2025-04-28,A040012,0.603,0,0.83,2,north,2025-04-28T18:00:00Z
2025-04-28,A040013,0.4922,0,6.04,2,north,2025-04-28T18:00:00Z
2025-04-28,A040014,0.2577,1,3.75,4,west,2025-04-28T18:00:00Z
2025-04-28,A040015,0.3255,0,7.76,1,east,2025-04-28T18:00:00Z
2025-04-28,A040016,0.3083,0,1.44,1,west,2025-04-28T18:00:00Z
2025-04-28,A040017,0.3702,0,7.86,1,east,2025-04-28T18:00:00Z
2025-04-28,A040018,0.4916,0,2.05,1,south,2025-04-28T18:00:00Z
2025-04-28,A040019,0.2849,1,11.65,1,east,2025-04-28T18:00:00Z
2025-04-28,A040020,0.2657,0,10.59,2,south,2025-04-28T18:00:00Z
2025-04-28,A040021,0.17,0,8.2,0,north,2025-04-28T18:00:00Z
2025-04-28,A040022,0.2298,1,7.14,1,west,2025-04-28T18:00:00Z
2025-04-28,A040023,0.356,1,6.03,3,east,2025-04-28T18:00:00Z
2025-04-28,A040024,0.5988,0,6.12,2,east,2025-04-28T18:00:00Z
2025-04-28,A040025,0.5624,1,5.3,0,east,2025-04-28T18:00:00Z
2025-04-28,A040026,0.5945,0,5.53,2,north,2025-04-28T18:00:00Z
2025-04-28,A040027,0.5949,0,2.97,0,south,2025-04-28T18:00:00Z
2025-04-28,A040028,0.2956,0,5.23,1,south,2025-04-28T18:00:00Z
2025-04-28,A040029,0.7228,0,4.51,1,south,2025-04-28T18:00:00Z
2025-04-28,A040030,0.4549,0,4.25,2,north,2025-04-28T18:00:00Z
2025-04-28,A040031,0.6873,0,5.7,0,south,2025-04-28T18:00:00Z
2025-04-28,A040032,0.2477,0,6.54,0,south,2025-04-28T18:00:00Z
2025-04-28,A040033,0.3163,1,16.03,1,west,2025-04-28T18:00:00Z
2025-04-28,A040034,0.261,1,8.0,0,west,2025-04-28T18:00:00Z
2025-04-28,A040035,0.3785,0,13.16,0,east,2025-04-28T18:00:00Z
2025-04-28,A040036,0.3994,1,8.43,0,south,2025-04-28T18:00:00Z
2025-04-28,A040037,0.4613,0,3.61,3,east,2025-04-28T18:00:00Z
2025-04-28,A040038,0.3965,0,18.02,1,north,2025-04-28T18:00:00Z
2025-04-28,A040039,0.6369,0,14.65,3,west,2025-04-28T18:00:00Z
2025-04-28,A040040,0.3978,0,9.31,1,west,2025-04-28T18:00:00Z
2025-04-28,A040041,0.2027,1,6.1,2,south,2025-04-28T18:00:00Z
2025-04-28,A040042,0.2977,0,15.64,2,west,2025-04-28T18:00:00Z
2025-04-28,A040043,0.4019,0,4.73,1,south,2025-04-28T18:00:00Z
2025-04-28,A040044,0.392,0,3.1,1,north,2025-04-28T18:00:00Z
2025-04-28,A040045,0.5784,0,6.34,0,east,2025-04-28T18:00:00Z
2025-04-28,A040046,0.2328,3,3.56,1,south,2025-04-28T18:00:00Z
2025-04-28,A040047,0.0529,1,12.75,1,west,2025-04-28T18:00:00Z
2025-04-28,A040048,0.2403,0,4.71,2,west,2025-04-28T18:00:00Z
2025-04-28,A040049,0.4754,0,4.02,2,north,2025-04-28T18:00:00Z
2025-04-28,A040050,0.2086,0,3.94,0,east,2025-04-28T18:00:00Z
2025-04-28,A040051,0.0984,0,2.98,1,west,2025-04-28T18:00:00Z
2025-04-28,A040052,0.1309,0,18.95,1,south,2025-04-28T18:00:00Z
2025-04-28,A040053,0.5898,0,13.19,2,west,2025-04-28T18:00:00Z
2025-04-28,A040054,0.3287,2,9.45,4,east,2025-04-28T18:00:00Z
2025-04-28,A040055,0.333,1,8.54,0,east,2025-04-28T18:00:00Z
2025-04-28,A040056,0.2805,0,0.81,0,south,2025-04-28T18:00:00Z
2025-04-28,A040057,0.1707,0,8.26,0,east,2025-04-28T18:00:00Z
2025-04-28,A040058,0.5444,0,15.79,1,west,2025-04-28T18:00:00Z
2025-04-28,A040059,0.2964,0,8.1,1,east,2025-04-28T18:00:00Z
2025-04-28,A040060,0.6946,0,7.0,1,west,2025-04-28T18:00:00Z
2025-04-28,A040061,0.3662,1,6.74,0,west,2025-04-28T18:00:00Z
2025-04-28,A040062,0.7029,0,11.54,3,east,2025-04-28T18:00:00Z
2025-04-28,A040063,0.5438,0,12.59,2,west,2025-04-28T18:00:00Z
2025-04-28,A040064,0.1638,2,8.37,2,south,2025-04-28T18:00:00Z
2025-04-28,A040065,0.4477,0,4.22,1,east,2025-04-28T18:00:00Z
2025-04-28,A040066,0.6968,0,7.59,0,north,2025-04-28T18:00:00Z
2025-04-28,A040067,0.5279,0,4.53,0,west,2025-04-28T18:00:00Z
2025-04-28,A040068,0.3138,1,15.26,0,south,2025-04-28T18:00:00Z
2025-04-28,A040069,0.6003,0,18.26,3,west,2025-04-28T18:00:00Z
2025-04-28,A040070,0.3035,1,2.82,0,west,2025-04-28T18:00:00Z
2025-04-28,A040071,0.7038,1,2.02,4,east,2025-04-28T18:00:00Z
2025-04-28,A040072,0.2703,0,13.72,1,west,2025-04-28T18:00:00Z
2025-04-28,A040073,0.8113,1,12.64,0,east,2025-04-28T18:00:00Z
2025-04-28,A040074,0.5356,1,6.27,1,south,2025-04-28T18:00:00Z
2025-04-28,A040075,0.3092,0,1.92,1,north,2025-04-28T18:00:00Z
2025-04-28,A040076,0.7059,1,17.48,1,north,2025-04-28T18:00:00Z
2025-04-28,A040077,0.2316,0,16.15,1,east,2025-04-28T18:00:00Z
2025-04-28,A040078,0.3289,2,6.52,1,east,2025-04-28T18:00:00Z
2025-04-28,A040079,0.7676,0,7.75,0,east,2025-04-28T18:00:00Z
2025-04-28,A040080,0.3167,0,2.29,3,north,2025-04-28T18:00:00Z
2025-04-28,A040081,0.6791,0,16.52,3,south,2025-04-28T18:00:00Z
2025-04-28,A040082,0.7425,0,2.43,0,north,2025-04-28T18:00:00Z
2025-04-28,A040083,0.515,0,4.86,0,north,2025-04-28T18:00:00Z
2025-04-28,A040084,0.3987,1,8.54,0,south,2025-04-28T18:00:00Z
2025-04-28,A040085,0.0688,0,4.66,1,north,2025-04-28T18:00:00Z
2025-04-28,A040086,0.2242,0,8.76,1,east,2025-04-28T18:00:00Z
2025-04-28,A040087,0.2675,0,21.29,1,north,2025-04-28T18:00:00Z
2025-04-28,A040088,0.5341,0,13.2,2,east,2025-04-28T18:00:00Z
2025-04-28,A040089,0.2032,0,9.01,2,east,2025-04-28T18:00:00Z
2025-04-28,A040090,0.1552,1,13.83,2,west,2025-04-28T18:00:00Z
2025-04-28,A040091,0.2702,0,8.64,3,west,2025-04-28T18:00:00Z
2025-04-28,A040092,0.0762,1,12.22,0,west,2025-04-28T18:00:00Z
2025-04-28,A040093,0.2764,0,5.07,0,north,2025-04-28T18:00:00Z
2025-04-28,A040094,0.1006,0,15.93,1,west,2025-04-28T18:00:00Z
2025-04-28,A040095,0.1453,0,3.54,2,north,2025-04-28T18:00:00Z
2025-04-28,A040096,0.1417,1,9.75,4,east,2025-04-28T18:00:00Z
2025-04-28,A040097,0.2554,1,6.29,0,north,2025-04-28T18:00:00Z
2025-04-28,A040098,0.2872,0,13.14,0,west,2025-04-28T18:00:00Z
2025-04-28,A040099,0.5307,0,6.99,3,south,2025-04-28T18:00:00Z
2025-04-28,A040100,0.7874,0,8.07,0,east,2025-04-28T18:00:00Z
2025-04-28,A040101,0.5642,0,5.67,2,east,2025-04-28T18:00:00Z
2025-04-28,A040102,0.313,0,13.76,3,east,2025-04-28T18:00:00Z
2025-04-28,A040103,0.1619,0,2.01,3,west,2025-04-28T18:00:00Z
2025-04-28,A040104,0.5335,0,11.57,0,north,2025-04-28T18:00:00Z
2025-04-28,A040105,0.4255,2,6.81,2,east,2025-04-28T18:00:00Z
2025-04-28,A040106,0.453,2,17.25,1,north,2025-04-28T18:00:00Z
2025-04-28,A040107,0.6633,1,18.53,4,east,2025-04-28T18:00:00Z
2025-04-28,A040108,0.193,1,5.23,6,east,2025-04-28T18:00:00Z
2025-04-28,A040109,0.277,0,10.28,0,south,2025-04-28T18:00:00Z
2025-04-28,A040110,0.3144,1,6.38,1,east,2025-04-28T18:00:00Z
2025-04-28,A040111,0.6201,1,7.75,0,west,2025-04-28T18:00:00Z
2025-04-28,A040112,0.2835,0,3.37,0,north,2025-04-28T18:00:00Z
2025-04-28,A040113,0.741,1,2.63,1,south,2025-04-28T18:00:00Z
2025-04-28,A040114,0.3236,1,3.85,0,south,2025-04-28T18:00:00Z
2025-04-28,A040115,0.2141,0,4.16,1,south,2025-04-28T18:00:00Z
2025-04-28,A040116,0.1223,0,3.39,2,south,2025-04-28T18:00:00Z
2025-04-28,A040117,0.2773,0,7.2,2,west,2025-04-28T18:00:00Z
2025-04-28,A040118,0.4118,1,5.65,2,west,2025-04-28T18:00:00Z
2025-04-28,A040119,0.5166,0,2.3,0,west,2025-04-28T18:00:00Z
2025-04-28,A040120,0.0979,1,9.66,1,west,2025-04-28T18:00:00Z
2025-04-28,A040121,0.2755,0,5.23,1,east,2025-04-28T18:00:00Z
2025-04-28,A040122,0.5444,0,8.69,1,east,2025-04-28T18:00:00Z
2025-04-28,A040123,0.7125,0,3.19,0,south,2025-04-28T18:00:00Z
2025-04-28,A040124,0.6548,0,20.76,1,south,2025-04-28T18:00:00Z
2025-04-28,A040125,0.1632,0,6.38,0,south,2025-04-28T18:00:00Z
2025-04-28,A040126,0.6034,1,8.55,1,south,2025-04-28T18:00:00Z
2025-04-28,A040127,0.4939,0,6.43,1,south,2025-04-28T18:00:00Z
2025-04-28,A040128,0.1276,0,13.69,0,east,2025-04-28T18:00:00Z
2025-04-28,A040129,0.1482,0,9.32,0,north,2025-04-28T18:00:00Z
2025-04-28,A040130,0.4379,0,4.76,2,east,2025-04-28T18:00:00Z
2025-04-28,A040131,0.2074,0,22.35,1,east,2025-04-28T18:00:00Z
2025-04-28,A040132,0.3609,1,4.08,0,north,2025-04-28T18:00:00Z
2025-04-28,A040133,0.2,0,9.48,0,north,2025-04-28T18:00:00Z
2025-04-28,A040134,0.7694,1,11.57,0,east,2025-04-28T18:00:00Z
2025-04-28,A040135,0.3482,1,9.77,1,north,2025-04-28T18:00:00Z
2025-04-28,A040136,0.5856,1,11.44,0,north,2025-04-28T18:00:00Z
2025-04-28,A040137,0.6083,0,9.83,0,west,2025-04-28T18:00:00Z
2025-04-28,A040138,0.7843,0,4.26,0,east,2025-04-28T18:00:00Z
2025-04-28,A040139,0.2208,0,7.39,1,west,2025-04-28T18:00:00Z
2025-04-28,A040140,0.8942,0,17.56,1,west,2025-04-28T18:00:00Z
2025-04-28,A040141,0.1801,0,13.62,1,east,2025-04-28T18:00:00Z
2025-04-28,A040142,0.2173,0,14.08,2,west,2025-04-28T18:00:00Z
2025-04-28,A040143,0.5994,0,9.03,0,east,2025-04-28T18:00:00Z
2025-04-28,A040144,0.6264,0,4.32,1,north,2025-04-28T18:00:00Z
2025-04-28,A040145,0.477,1,4.87,1,east,2025-04-28T18:00:00Z
2025-04-28,A040146,0.3511,1,6.0,1,south,2025-04-28T18:00:00Z
2025-04-28,A040147,0.2799,0,5.35,0,east,2025-04-28T18:00:00Z
2025-04-28,A040148,0.7648,0,3.98,1,west,2025-04-28T18:00:00Z
2025-04-28,A040149,0.6146,0,5.33,0,east,2025-04-28T18:00:00Z
2025-05-28,A050000,0.2256,0,8.98,0,west,2025-05-28T18:00:00Z
2025-05-28,A050001,0.5625,0,17.32,0,west,2025-05-28T18:00:00Z
2025-05-28,A050002,0.6643,1,7.75,2,west,2025-05-28T18:00:00Z
2025-05-28,A050003,0.1683,2,1.34,1,south,2025-05-28T18:00:00Z
2025-05-28,A050004,0.2284,2,11.29,1,north,2025-05-28T18:00:00Z
2025-05-28,A050005,0.4483,0,5.98,0,south,2025-05-28T18:00:00Z
2025-05-28,A050006,0.3492,0,9.48,3,north,2025-05-28T18:00:00Z
2025-05-28,A050007,0.6267,0,6.56,2,south,2025-05-28T18:00:00Z
2025-05-28,A050008,0.3043,1,10.19,1,west,2025-05-28T18:00:00Z
2025-05-28,A050009,0.5528,0,3.92,1,south,2025-05-28T18:00:00Z
2025-05-28,A050010,0.5749,0,3.45,3,west,2025-05-28T18:00:00Z
2025-05-28,A050011,0.3449,1,7.14,0,west,2025-05-28T18:00:00Z
2025-05-28,A050012,0.1121,0,5.66,4,east,2025-05-28T18:00:00Z
2025-05-28,A050013,0.0352,0,5.77,1,south,2025-05-28T18:00:00Z
2025-05-28,A050014,0.3769,0,9.46,1,north,2025-05-28T18:00:00Z
2025-05-28,A050015,0.4092,0,8.41,1,east,2025-05-28T18:00:00Z
2025-05-28,A050016,0.4369,0,5.54,2,south,2025-05-28T18:00:00Z
2025-05-28,A050017,0.1147,0,7.39,2,south,2025-05-28T18:00:00Z
2025-05-28,A050018,0.3384,1,15.5,0,north,2025-05-28T18:00:00Z
2025-05-28,A050019,0.4125,0,23.24,2,west,2025-05-28T18:00:00Z
2025-05-28,A050020,0.5232,0,2.82,3,south,2025-05-28T18:00:00Z
2025-05-28,A050021,0.4166,0,6.01,2,east,2025-05-28T18:00:00Z
2025-05-28,A050022,0.3668,0,9.74,2,south,2025-05-28T18:00:00Z
2025-05-28,A050023,0.2321,0,11.63,0,south,2025-05-28T18:00:00Z
2025-05-28,A050024,0.1438,0,14.21,1,south,2025-05-28T18:00:00Z
2025-05-28,A050025,0.1368,1,4.76,1,east,2025-05-28T18:00:00Z
2025-05-28,A050026,0.3943,0,12.0,0,west,2025-05-28T18:00:00Z
2025-05-28,A050027,0.6719,0,14.19,2,south,2025-05-28T18:00:00Z
2025-05-28,A050028,0.1785,0,7.83,2,north,2025-05-28T18:00:00Z
2025-05-28,A050029,0.2698,0,5.4,1,west,2025-05-28T18:00:00Z
2025-05-28,A050030,0.5481,0,12.36,1,north,2025-05-28T18:00:00Z
2025-05-28,A050031,0.3001,1,14.98,3,south,2025-05-28T18:00:00Z
2025-05-28,A050032,0.743,1,4.94,2,south,2025-05-28T18:00:00Z
2025-05-28,A050033,0.4465,1,8.42,1,south,2025-05-28T18:00:00Z
2025-05-28,A050034,0.168,0,15.04,4,north,2025-05-28T18:00:00Z
2025-05-28,A050035,0.7142,1,4.76,0,north,2025-05-28T18:00:00Z
2025-05-28,A050036,0.8711,0,10.85,1,north,2025-05-28T18:00:00Z
2025-05-28,A050037,0.7351,0,10.98,1,south,2025-05-28T18:00:00Z
2025-05-28,A050038,0.3968,0,14.85,1,east,2025-05-28T18:00:00Z
2025-05-28,A050039,0.4006,0,3.93,0,south,2025-05-28T18:00:00Z
2025-05-28,A050040,0.3054,0,10.23,1,east,2025-05-28T18:00:00Z
2025-05-28,A050041,0.1381,1,9.51,2,south,2025-05-28T18:00:00Z
2025-05-28,A050042,0.3512,1,10.88,3,west,2025-05-28T18:00:00Z
2025-05-28,A050043,0.2967,3,7.72,1,south,2025-05-28T18:00:00Z
2025-05-28,A050044,0.5873,0,25.38,1,north,2025-05-28T18:00:00Z
2025-05-28,A050045,0.345,0,22.42,2,north,2025-05-28T18:00:00Z
2025-05-28,A050046,0.1941,0,9.55,1,north,2025-05-28T18:00:00Z
2025-05-28,A050047,0.1974,0,9.8,0,west,2025-05-28T18:00:00Z
2025-05-28,A050048,0.258,1,5.33,2,west,2025-05-28T18:00:00Z
2025-05-28,A050049,0.0415,0,9.64,4,north,2025-05-28T18:00:00Z
2025-05-28,A050050,0.7354,1,13.85,1,north,2025-05-28T18:00:00Z
2025-05-28,A050051,0.3601,0,6.62,0,south,2025-05-28T18:00:00Z
2025-05-28,A050052,0.3753,0,2.26,0,east,2025-05-28T18:00:00Z
2025-05-28,A050053,0.3249,0,17.15,1,east,2025-05-28T18:00:00Z
2025-05-28,A050054,0.1378,1,12.5,0,east,2025-05-28T18:00:00Z
2025-05-28,A050055,0.7001,0,15.04,1,north,2025-05-28T18:00:00Z
2025-05-28,A050056,0.6821,0,3.62,2,west,2025-05-28T18:00:00Z
2025-05-28,A050057,0.6926,2,14.65,1,south,2025-05-28T18:00:00Z
2025-05-28,A050058,0.7025,0,9.06,0,east,2025-05-28T18:00:00Z
2025-05-28,A050059,0.0578,1,9.31,1,west,2025-05-28T18:00:00Z
2025-05-28,A050060,0.4736,1,7.82,3,west,2025-05-28T18:00:00Z
2025-05-28,A050061,0.0826,2,7.05,3,east,2025-05-28T18:00:00Z
2025-05-28,A050062,0.2887,0,5.78,0,west,2025-05-28T18:00:00Z
2025-05-28,A050063,0.5618,0,7.77,4,north,2025-05-28T18:00:00Z
2025-05-28,A050064,0.4381,0,6.62,1,east,2025-05-28T18:00:00Z
2025-05-28,A050065,0.4811,1,4.47,1,south,2025-05-28T18:00:00Z
2025-05-28,A050066,0.4072,0,12.61,4,south,2025-05-28T18:00:00Z
2025-05-28,A050067,0.3437,1,9.95,2,east,2025-05-28T18:00:00Z
2025-05-28,A050068,0.0857,1,5.26,2,east,2025-05-28T18:00:00Z
2025-05-28,A050069,0.0713,0,9.81,0,west,2025-05-28T18:00:00Z
2025-05-28,A050070,0.2544,0,19.01,3,south,2025-05-28T18:00:00Z
2025-05-28,A050071,0.6594,0,6.98,2,south,2025-05-28T18:00:00Z
2025-05-28,A050072,0.2644,3,14.92,0,south,2025-05-28T18:00:00Z
2025-05-28,A050073,0.6204,1,7.46,1,east,2025-05-28T18:00:00Z
2025-05-28,A050074,0.4689,1,7.09,1,east,2025-05-28T18:00:00Z
2025-05-28,A050075,0.3864,1,6.74,3,west,2025-05-28T18:00:00Z
2025-05-28,A050076,0.3328,0,9.63,0,east,2025-05-28T18:00:00Z
2025-05-28,A050077,0.2319,0,4.88,1,west,2025-05-28T18:00:00Z
2025-05-28,A050078,0.5556,0,10.25,2,west,2025-05-28T18:00:00Z
2025-05-28,A050079,0.6163,0,4.92,0,south,2025-05-28T18:00:00Z
2025-05-28,A050080,0.0952,0,3.37,2,west,2025-05-28T18:00:00Z
2025-05-28,A050081,0.1714,0,13.82,0,west,2025-05-28T18:00:00Z
2025-05-28,A050082,0.5456,0,6.46,2,north,2025-05-28T18:00:00Z
2025-05-28,A050083,0.6179,0,15.13,0,south,2025-05-28T18:00:00Z
2025-05-28,A050084,0.5787,0,8.19,0,east,2025-05-28T18:00:00Z
2025-05-28,A050085,0.1257,1,2.2,0,north,2025-05-28T18:00:00Z
2025-05-28,A050086,0.2072,1,10.04,4,east,2025-05-28T18:00:00Z
2025-05-28,A050087,0.0969,0,7.08,2,west,2025-05-28T18:00:00Z
2025-05-28,A050088,0.2635,2,10.36,0,north,2025-05-28T18:00:00Z
2025-05-28,A050089,0.5573,0,4.77,1,north,2025-05-28T18:00:00Z
2025-05-28,A050090,0.4392,0,9.39,2,west,2025-05-28T18:00:00Z
2025-05-28,A050091,0.5787,0,10.88,0,south,2025-05-28T18:00:00Z
2025-05-28,A050092,0.395,0,2.7,2,west,2025-05-28T18:00:00Z
2025-05-28,A050093,0.3836,1,7.74,2,south,2025-05-28T18:00:00Z
2025-05-28,A050094,0.3793,0,3.9,1,west,2025-05-28T18:00:00Z
2025-05-28,A050095,0.5627,2,2.28,1,north,2025-05-28T18:00:00Z
2025-05-28,A050096,0.2815,1,8.28,0,north,2025-05-28T18:00:00Z
2025-05-28,A050097,0.5153,1,5.66,3,west,2025-05-28T18:00:00Z
2025-05-28,A050098,0.5524,0,18.13,1,north,2025-05-28T18:00:00Z
2025-05-28,A050099,0.473,0,10.11,0,east,2025-05-28T18:00:00Z
2025-05-28,A050100,0.3968,1,1.02,3,north,2025-05-28T18:00:00Z
2025-05-28,A050101,0.3458,1,9.09,2,north,2025-05-28T18:00:00Z
2025-05-28,A050102,0.1558,0,3.76,0,south,2025-05-28T18:00:00Z
2025-05-28,A050103,0.5308,0,5.54,2,east,2025-05-28T18:00:00Z
2025-05-28,A050104,0.2318,1,9.24,0,east,2025-05-28T18:00:00Z
2025-05-28,A050105,0.1174,1,8.76,0,east,2025-05-28T18:00:00Z
2025-05-28,A050106,0.3378,0,5.16,1,west,2025-05-28T18:00:00Z
2025-05-28,A050107,0.7689,0,7.0,0,west,2025-05-28T18:00:00Z
2025-05-28,A050108,0.8603,0,4.09,2,north,2025-05-28T18:00:00Z
2025-05-28,A050109,0.631,0,5.94,1,north,2025-05-28T18:00:00Z
2025-05-28,A050110,0.3185,0,4.84,2,east,2025-05-28T18:00:00Z
2025-05-28,A050111,0.305,0,3.29,1,west,2025-05-28T18:00:00Z
2025-05-28,A050112,0.2495,0,13.91,1,north,2025-05-28T18:00:00Z
2025-05-28,A050113,0.6293,0,6.28,1,south,2025-05-28T18:00:00Z
2025-05-28,A050114,0.9211,0,8.05,2,west,2025-05-28T18:00:00Z
2025-05-28,A050115,0.3268,0,14.0,0,east,2025-05-28T18:00:00Z
2025-05-28,A050116,0.5393,2,2.73,1,south,2025-05-28T18:00:00Z
2025-05-28,A050117,0.0885,0,17.37,2,south,2025-05-28T18:00:00Z
2025-05-28,A050118,0.7014,0,15.09,0,west,2025-05-28T18:00:00Z
2025-05-28,A050119,0.2114,0,3.65,2,east,2025-05-28T18:00:00Z
2025-05-28,A050120,0.5421,0,5.32,0,south,2025-05-28T18:00:00Z
2025-05-28,A050121,0.6123,1,2.93,2,south,2025-05-28T18:00:00Z
2025-05-28,A050122,0.1143,1,7.19,1,west,2025-05-28T18:00:00Z
2025-05-28,A050123,0.4001,0,3.96,2,west,2025-05-28T18:00:00Z
2025-05-28,A050124,0.5852,0,12.99,0,north,2025-05-28T18:00:00Z
2025-05-28,A050125,0.3684,1,3.96,3,south,2025-05-28T18:00:00Z
2025-05-28,A050126,0.0786,1,8.37,1,east,2025-05-28T18:00:00Z
2025-05-28,A050127,0.3279,0,6.57,1,east,2025-05-28T18:00:00Z
2025-05-28,A050128,0.5254,1,12.72,2,north,2025-05-28T18:00:00Z
2025-05-28,A050129,0.4297,0,6.83,1,west,2025-05-28T18:00:00Z
2025-05-28,A050130,0.1467,2,11.28,1,east,2025-05-28T18:00:00Z
2025-05-28,A050131,0.1286,0,7.74,0,north,2025-05-28T18:00:00Z
2025-05-28,A050132,0.5918,1,8.11,0,east,2025-05-28T18:00:00Z
2025-05-28,A050133,0.3509,1,18.06,2,east,2025-05-28T18:00:00Z
2025-05-28,A050134,0.558,0,8.43,1,east,2025-05-28T18:00:00Z
2025-05-28,A050135,0.5735,0,9.98,2,north,2025-05-28T18:00:00Z
2025-05-28,A050136,0.36,0,8.28,3,east,2025-05-28T18:00:00Z
2025-05-28,A050137,0.4367,0,9.04,0,south,2025-05-28T18:00:00Z
2025-05-28,A050138,0.4691,1,14.61,2,north,2025-05-28T18:00:00Z
2025-05-28,A050139,0.1036,1,3.0,2,west,2025-05-28T18:00:00Z
2025-05-28,A050140,0.3632,1,16.62,2,south,2025-05-28T18:00:00Z
2025-05-28,A050141,0.1096,0,5.12,0,east,2025-05-28T18:00:00Z
2025-05-28,A050142,0.2691,0,13.32,0,north,2025-05-28T18:00:00Z
2025-05-28,A050143,0.2896,1,4.45,2,south,2025-05-28T18:00:00Z
2025-05-28,A050144,0.4851,1,6.71,1,east,2025-05-28T18:00:00Z
2025-05-28,A050145,0.1938,1,17.13,2,south,2025-05-28T18:00:00Z
2025-05-28,A050146,0.5627,2,12.88,1,east,2025-05-28T18:00:00Z
2025-05-28,A050147,0.4812,0,3.45,1,east,2025-05-28T18:00:00Z
2025-05-28,A050148,0.3448,0,15.64,0,south,2025-05-28T18:00:00Z
2025-05-28,A050149,0.6042,0,3.86,1,south,2025-05-28T18:00:00Z
2025-06-28,A060000,0.4074,0,2.06,1,south,2025-06-28T18:00:00Z
2025-06-28,A060001,0.4993,0,7.15,0,north,2025-06-28T18:00:00Z
2025-06-28,A060002,0.3937,0,8.58,0,east,2025-06-28T18:00:00Z
2025-06-28,A060003,0.2628,1,9.28,2,east,2025-06-28T18:00:00Z
2025-06-28,A060004,0.403,0,7.73,0,south,2025-06-28T18:00:00Z
2025-06-28,A060005,0.3776,1,2.49,0,east,2025-06-28T18:00:00Z
2025-06-28,A060006,0.3115,0,2.34,0,north,2025-06-28T18:00:00Z
2025-06-28,A060007,0.7678,1,13.68,1,south,2025-06-28T18:00:00Z
2025-06-28,A060008,0.3164,0,7.29,0,west,2025-06-28T18:00:00Z
2025-06-28,A060009,0.0169,0,6.32,1,south,2025-06-28T18:00:00Z
2025-06-28,A060010,0.2256,0,20.81,0,west,2025-06-28T18:00:00Z
2025-06-28,A060011,0.382,0,5.33,1,west,2025-06-28T18:00:00Z
2025-06-28,A060012,0.8073,0,3.98,0,north,2025-06-28T18:00:00Z
2025-06-28,A060013,0.2849,1,8.16,0,east,2025-06-28T18:00:00Z
2025-06-28,A060014,0.3084,0,4.74,1,south,2025-06-28T18:00:00Z
2025-06-28,A060015,0.6345,0,12.29,2,east,2025-06-28T18:00:00Z
2025-06-28,A060016,0.5289,0,8.58,2,west,2025-06-28T18:00:00Z
2025-06-28,A060017,0.308,0,6.64,0,south,2025-06-28T18:00:00Z
2025-06-28,A060018,0.1285,0,24.95,0,west,2025-06-28T18:00:00Z
2025-06-28,A060019,0.3173,0,5.87,1,north,2025-06-28T18:00:00Z
2025-06-28,A060020,0.4681,0,8.06,1,north,2025-06-28T18:00:00Z
2025-06-28,A060021,0.1227,0,9.7,1,east,2025-06-28T18:00:00Z
2025-06-28,A060022,0.4162,0,17.02,0,west,2025-06-28T18:00:00Z
2025-06-28,A060023,0.1857,0,6.04,2,north,2025-06-28T18:00:00Z
2025-06-28,A060024,0.391,2,5.81,0,east,2025-06-28T18:00:00Z
2025-06-28,A060025,0.1176,1,6.04,0,south,2025-06-28T18:00:00Z
2025-06-28,A060026,0.1049,0,7.45,0,south,2025-06-28T18:00:00Z
2025-06-28,A060027,0.1058,0,24.08,2,west,2025-06-28T18:00:00Z
2025-06-28,A060028,0.3264,0,7.08,0,north,2025-06-28T18:00:00Z
2025-06-28,A060029,0.2729,0,7.9,1,south,2025-06-28T18:00:00Z
2025-06-28,A060030,0.2678,1,3.84,1,east,2025-06-28T18:00:00Z
2025-06-28,A060031,0.4703,0,3.06,3,north,2025-06-28T18:00:00Z
2025-06-28,A060032,0.063,0,8.42,1,east,2025-06-28T18:00:00Z
2025-06-28,A060033,0.3822,0,37.22,2,west,2025-06-28T18:00:00Z
2025-06-28,A060034,0.4095,0,5.69,1,north,2025-06-28T18:00:00Z
2025-06-28,A060035,0.1228,1,11.22,0,east,2025-06-28T18:00:00Z
2025-06-28,A060036,0.463,0,12.88,1,north,2025-06-28T18:00:00Z
2025-06-28,A060037,0.5099,0,12.35,5,north,2025-06-28T18:00:00Z
2025-06-28,A060038,0.5328,0,6.01,0,south,2025-06-28T18:00:00Z
2025-06-28,A060039,0.7953,0,4.54,1,south,2025-06-28T18:00:00Z
2025-06-28,A060040,0.4692,0,4.73,1,south,2025-06-28T18:00:00Z
2025-06-28,A060041,0.5958,1,11.5,1,north,2025-06-28T18:00:00Z
2025-06-28,A060042,0.6301,0,12.48,0,south,2025-06-28T18:00:00Z
2025-06-28,A060043,0.6608,0,3.1,3,south,2025-06-28T18:00:00Z
2025-06-28,A060044,0.1704,0,6.88,1,south,2025-06-28T18:00:00Z
2025-06-28,A060045,0.8081,0,12.13,1,south,2025-06-28T18:00:00Z
2025-06-28,A060046,0.268,1,4.46,2,east,2025-06-28T18:00:00Z
2025-06-28,A060047,0.5222,1,2.44,2,north,2025-06-28T18:00:00Z
2025-06-28,A060048,0.175,0,3.16,1,west,2025-06-28T18:00:00Z
2025-06-28,A060049,0.2616,0,15.87,1,north,2025-06-28T18:00:00Z
2025-06-28,A060050,0.6097,1,8.33,2,south,2025-06-28T18:00:00Z
2025-06-28,A060051,0.5551,0,2.79,0,west,2025-06-28T18:00:00Z
2025-06-28,A060052,0.6561,0,26.61,5,east,2025-06-28T18:00:00Z
2025-06-28,A060053,0.2411,0,6.98,0,north,2025-06-28T18:00:00Z
2025-06-28,A060054,0.4743,0,2.15,0,south,2025-06-28T18:00:00Z
2025-06-28,A060055,0.1047,1,8.96,3,south,2025-06-28T18:00:00Z
2025-06-28,A060056,0.3159,1,19.52,0,east,2025-06-28T18:00:00Z
2025-06-28,A060057,0.3155,0,5.57,3,west,2025-06-28T18:00:00Z
2025-06-28,A060058,0.7457,2,1.75,1,north,2025-06-28T18:00:00Z
2025-06-28,A060059,0.5779,0,6.01,1,east,2025-06-28T18:00:00Z
2025-06-28,A060060,0.3389,0,10.19,1,north,2025-06-28T18:00:00Z
2025-06-28,A060061,0.4232,0,4.62,1,east,2025-06-28T18:00:00Z
2025-06-28,A060062,0.6222,0,3.75,2,east,2025-06-28T18:00:00Z
2025-06-28,A060063,0.2342,1,13.94,1,west,2025-06-28T18:00:00Z
2025-06-28,A060064,0.4214,0,12.73,0,east,2025-06-28T18:00:00Z
2025-06-28,A060065,0.5625,2,10.35,0,west,2025-06-28T18:00:00Z
2025-06-28,A060066,0.3953,2,5.16,1,south,2025-06-28T18:00:00Z
2025-06-28,A060067,0.2597,1,9.74,1,north,2025-06-28T18:00:00Z
2025-06-28,A060068,0.7231,0,9.13,1,east,2025-06-28T18:00:00Z
2025-06-28,A060069,0.3216,0,8.62,1,west,2025-06-28T18:00:00Z
2025-06-28,A060070,0.2126,1,10.93,1,north,2025-06-28T18:00:00Z
2025-06-28,A060071,0.4028,2,14.98,0,north,2025-06-28T18:00:00Z
2025-06-28,A060072,0.3814,0,12.04,0,west,2025-06-28T18:00:00Z
2025-06-28,A060073,0.2539,0,3.51,1,north,2025-06-28T18:00:00Z
2025-06-28,A060074,0.2958,1,12.34,1,north,2025-06-28T18:00:00Z
2025-06-28,A060075,0.5362,1,3.55,4,east,2025-06-28T18:00:00Z
2025-06-28,A060076,0.1862,1,3.24,2,east,2025-06-28T18:00:00Z
2025-06-28,A060077,0.3429,0,8.32,1,north,2025-06-28T18:00:00Z
2025-06-28,A060078,0.3325,1,21.18,1,south,2025-06-28T18:00:00Z
2025-06-28,A060079,0.2136,0,5.04,1,south,2025-06-28T18:00:00Z
2025-06-28,A060080,0.6353,1,9.27,1,south,2025-06-28T18:00:00Z
2025-06-28,A060081,0.273,0,3.39,1,south,2025-06-28T18:00:00Z
2025-06-28,A060082,0.5866,0,3.09,2,west,2025-06-28T18:00:00Z
2025-06-28,A060083,0.2927,0,8.5,1,south,2025-06-28T18:00:00Z
2025-06-28,A060084,0.4673,0,22.57,2,east,2025-06-28T18:00:00Z
2025-06-28,A060085,0.2705,0,13.33,1,north,2025-06-28T18:00:00Z
2025-06-28,A060086,0.0761,0,20.54,2,north,2025-06-28T18:00:00Z
2025-06-28,A060087,0.5049,0,7.59,2,west,2025-06-28T18:00:00Z
2025-06-28,A060088,0.2808,1,3.77,3,south,2025-06-28T18:00:00Z
2025-06-28,A060089,0.4234,0,5.11,0,south,2025-06-28T18:00:00Z
2025-06-28,A060090,0.0588,1,3.97,0,south,2025-06-28T18:00:00Z
2025-06-28,A060091,0.3272,2,5.37,2,south,2025-06-28T18:00:00Z
2025-06-28,A060092,0.4005,0,13.13,0,north,2025-06-28T18:00:00Z
2025-06-28,A060093,0.0267,1,22.33,1,west,2025-06-28T18:00:00Z
2025-06-28,A060094,0.3967,0,11.54,0,north,2025-06-28T18:00:00Z
2025-06-28,A060095,0.231,0,5.25,0,south,2025-06-28T18:00:00Z
2025-06-28,A060096,0.7372,0,12.8,2,east,2025-06-28T18:00:00Z
2025-06-28,A060097,0.6063,0,29.96,1,south,2025-06-28T18:00:00Z
2025-06-28,A060098,0.4895,0,14.86,2,east,2025-06-28T18:00:00Z
2025-06-28,A060099,0.2717,1,9.59,0,east,2025-06-28T18:00:00Z
2025-06-28,A060100,0.0939,0,4.27,4,south,2025-06-28T18:00:00Z
2025-06-28,A060101,0.5596,0,15.72,3,north,2025-06-28T18:00:00Z
2025-06-28,A060102,0.3936,0,7.54,2,north,2025-06-28T18:00:00Z
2025-06-28,A060103,0.4523,0,3.97,1,west,2025-06-28T18:00:00Z
2025-06-28,A060104,0.4489,1,2.51,0,south,2025-06-28T18:00:00Z
2025-06-28,A060105,0.4545,0,11.39,3,north,2025-06-28T18:00:00Z
2025-06-28,A060106,0.3445,0,7.28,1,north,2025-06-28T18:00:00Z
2025-06-28,A060107,0.227,0,0.89,1,north,2025-06-28T18:00:00Z
2025-06-28,A060108,0.6808,0,15.45,3,north,2025-06-28T18:00:00Z
2025-06-28,A060109,0.568,0,15.66,3,north,2025-06-28T18:00:00Z
2025-06-28,A060110,0.6248,0,11.32,1,south,2025-06-28T18:00:00Z
2025-06-28,A060111,0.5013,0,20.25,4,north,2025-06-28T18:00:00Z
2025-06-28,A060112,0.0956,2,8.1,0,south,2025-06-28T18:00:00Z
2025-06-28,A060113,0.5821,0,15.1,1,north,2025-06-28T18:00:00Z
2025-06-28,A060114,0.4388,0,10.33,2,south,2025-06-28T18:00:00Z
2025-06-28,A060115,0.3435,0,9.11,2,west,2025-06-28T18:00:00Z
2025-06-28,A060116,0.3285,0,6.22,0,east,2025-06-28T18:00:00Z
2025-06-28,A060117,0.5449,0,6.36,0,west,2025-06-28T18:00:00Z
2025-06-28,A060118,0.4845,0,15.78,2,east,2025-06-28T18:00:00Z
2025-06-28,A060119,0.4209,0,16.68,2,south,2025-06-28T18:00:00Z
2025-06-28,A060120,0.2841,0,7.77,2,west,2025-06-28T18:00:00Z
2025-06-28,A060121,0.3359,1,3.45,2,east,2025-06-28T18:00:00Z
2025-06-28,A060122,0.5464,1,9.1,0,south,2025-06-28T18:00:00Z
2025-06-28,A060123,0.4721,0,11.18,5,south,2025-06-28T18:00:00Z
2025-06-28,A060124,0.0741,3,10.39,0,west,2025-06-28T18:00:00Z
2025-06-28,A060125,0.0677,0,6.88,1,north,2025-06-28T18:00:00Z
2025-06-28,A060126,0.3339,0,25.78,1,west,2025-06-28T18:00:00Z
2025-06-28,A060127,0.0904,0,10.26,1,east,2025-06-28T18:00:00Z
2025-06-28,A060128,0.6662,1,13.52,3,west,2025-06-28T18:00:00Z
2025-06-28,A060129,0.2381,2,8.82,1,north,2025-06-28T18:00:00Z
2025-06-28,A060130,0.1303,1,5.96,1,west,2025-06-28T18:00:00Z
2025-06-28,A060131,0.3003,0,11.9,1,west,2025-06-28T18:00:00Z
2025-06-28,A060132,0.5806,0,6.46,0,south,2025-06-28T18:00:00Z
2025-06-28,A060133,0.653,1,3.35,3,south,2025-06-28T18:00:00Z
2025-06-28,A060134,0.218,0,4.03,1,west,2025-06-28T18:00:00Z
2025-06-28,A060135,0.6948,2,11.42,1,south,2025-06-28T18:00:00Z
2025-06-28,A060136,0.4608,0,15.38,4,west,2025-06-28T18:00:00Z
2025-06-28,A060137,0.6456,0,24.47,2,east,2025-06-28T18:00:00Z
2025-06-28,A060138,0.3418,0,10.12,0,west,2025-06-28T18:00:00Z
2025-06-28,A060139,0.2646,0,2.36,1,north,2025-06-28T18:00:00Z
2025-06-28,A060140,0.5664,0,5.92,2,west,2025-06-28T18:00:00Z
2025-06-28,A060141,0.576,0,6.73,1,north,2025-06-28T18:00:00Z
2025-06-28,A060142,0.153,1,9.77,1,south,2025-06-28T18:00:00Z
2025-06-28,A060143,0.3083,0,9.13,1,west,2025-06-28T18:00:00Z
2025-06-28,A060144,0.2477,0,7.25,2,south,2025-06-28T18:00:00Z
2025-06-28,A060145,0.497,0,3.49,1,south,2025-06-28T18:00:00Z
2025-06-28,A060146,0.5797,0,11.85,2,south,2025-06-28T18:00:00Z
2025-06-28,A060147,0.2654,0,14.24,1,west,2025-06-28T18:00:00Z
2025-06-28,A060148,0.1517,1,7.0,1,south,2025-06-28T18:00:00Z
2025-06-28,A060149,0.103,0,10.97,2,east,2025-06-28T18:00:00Z
2025-07-28,A070000,0.6905,0,7.37,3,west,2025-07-28T18:00:00Z
2025-07-28,A070001,0.0854,1,12.95,3,east,2025-07-28T18:00:00Z
2025-07-28,A070002,0.5316,0,5.63,1,north,2025-07-28T18:00:00Z
2025-07-28,A070003,0.7605,0,3.84,2,south,2025-07-28T18:00:00Z
2025-07-28,A070004,0.2959,0,13.94,3,east,2025-07-28T18:00:00Z
2025-07-28,A070005,0.3371,0,7.86,3,east,2025-07-28T18:00:00Z
2025-07-28,A070006,0.3465,0,3.39,0,south,2025-07-28T18:00:00Z
2025-07-28,A070007,0.3086,0,9.42,4,west,2025-07-28T18:00:00Z
2025-07-28,A070008,0.2733,0,6.11,1,west,2025-07-28T18:00:00Z
2025-07-28,A070009,0.2085,0,12.68,1,west,2025-07-28T18:00:00Z
2025-07-28,A070010,0.2424,0,8.35,2,south,2025-07-28T18:00:00Z
2025-07-28,A070011,0.3235,0,15.19,1,south,2025-07-28T18:00:00Z
2025-07-28,A070012,0.2847,0,3.76,2,north,2025-07-28T18:00:00Z
2025-07-28,A070013,0.7693,0,4.22,2,south,2025-07-28T18:00:00Z
2025-07-28,A070014,0.0903,0,6.99,2,south,2025-07-28T18:00:00Z
2025-07-28,A070015,0.2749,2,9.28,0,north,2025-07-28T18:00:00Z
2025-07-28,A070016,0.5481,0,5.98,0,south,2025-07-28T18:00:00Z
2025-07-28,A070017,0.4736,0,11.15,0,north,2025-07-28T18:00:00Z
2025-07-28,A070018,0.2817,0,3.59,0,east,2025-07-28T18:00:00Z
2025-07-28,A070019,0.578,1,10.57,1,north,2025-07-28T18:00:00Z
2025-07-28,A070020,0.4152,0,8.51,0,north,2025-07-28T18:00:00Z
2025-07-28,A070021,0.5333,0,3.73,3,west,2025-07-28T18:00:00Z
2025-07-28,A070022,0.6987,1,9.78,4,south,2025-07-28T18:00:00Z
2025-07-28,A070023,0.3173,0,15.85,1,east,2025-07-28T18:00:00Z
2025-07-28,A070024,0.4271,0,6.79,1,east,2025-07-28T18:00:00Z
2025-07-28,A070025,0.3508,0,8.92,1,east,2025-07-28T18:00:00Z
2025-07-28,A070026,0.4812,1,7.81,1,east,2025-07-28T18:00:00Z
2025-07-28,A070027,0.1784,1,18.37,0,east,2025-07-28T18:00:00Z
2025-07-28,A070028,0.6785,0,9.32,1,north,2025-07-28T18:00:00Z
2025-07-28,A070029,0.7219,0,4.26,0,east,2025-07-28T18:00:00Z
2025-07-28,A070030,0.0969,0,6.59,2,north,2025-07-28T18:00:00Z
2025-07-28,A070031,0.3817,2,11.41,1,south,2025-07-28T18:00:00Z
2025-07-28,A070032,0.5361,0,3.82,0,west,2025-07-28T18:00:00Z
2025-07-28,A070033,0.1238,0,12.36,1,east,2025-07-28T18:00:00Z
2025-07-28,A070034,0.634,0,8.52,1,south,2025-07-28T18:00:00Z
2025-07-28,A070035,0.0917,1,4.01,1,west,2025-07-28T18:00:00Z
2025-07-28,A070036,0.5273,0,2.12,0,west,2025-07-28T18:00:00Z
2025-07-28,A070037,0.4856,0,7.58,2,south,2025-07-28T18:00:00Z
2025-07-28,A070038,0.4246,0,7.52,0,north,2025-07-28T18:00:00Z
2025-07-28,A070039,0.4035,1,7.74,1,west,2025-07-28T18:00:00Z
2025-07-28,A070040,0.3406,0,4.11,1,north,2025-07-28T18:00:00Z
2025-07-28,A070041,0.6569,3,11.46,3,west,2025-07-28T18:00:00Z
2025-07-28,A070042,0.5254,1,24.27,0,east,2025-07-28T18:00:00Z
2025-07-28,A070043,0.1012,1,14.78,1,west,2025-07-28T18:00:00Z
2025-07-28,A070044,0.3176,0,9.04,2,north,2025-07-28T18:00:00Z
2025-07-28,A070045,0.1778,1,6.15,1,east,2025-07-28T18:00:00Z
2025-07-28,A070046,0.6874,0,15.57,1,north,2025-07-28T18:00:00Z
2025-07-28,A070047,0.338,0,4.39,0,west,2025-07-28T18:00:00Z
2025-07-28,A070048,0.115,0,3.59,1,west,2025-07-28T18:00:00Z
2025-07-28,A070049,0.651,0,13.49,1,west,2025-07-28T18:00:00Z
2025-07-28,A070050,0.5082,0,6.82,2,south,2025-07-28T18:00:00Z
2025-07-28,A070051,0.5244,1,3.16,0,south,2025-07-28T18:00:00Z
2025-07-28,A070052,0.465,0,14.27,2,west,2025-07-28T18:00:00Z
2025-07-28,A070053,0.2393,1,10.76,4,north,2025-07-28T18:00:00Z
2025-07-28,A070054,0.1779,0,18.92,1,south,2025-07-28T18:00:00Z
2025-07-28,A070055,0.5831,0,11.69,1,north,2025-07-28T18:00:00Z
2025-07-28,A070056,0.6576,1,15.5,3,north,2025-07-28T18:00:00Z
2025-07-28,A070057,0.1791,1,5.14,1,south,2025-07-28T18:00:00Z
2025-07-28,A070058,0.3128,0,17.87,0,north,2025-07-28T18:00:00Z
2025-07-28,A070059,0.4534,0,8.47,1,west,2025-07-28T18:00:00Z
2025-07-28,A070060,0.4091,0,4.05,0,east,2025-07-28T18:00:00Z
2025-07-28,A070061,0.3686,0,4.38,0,south,2025-07-28T18:00:00Z
2025-07-28,A070062,0.4087,0,4.08,1,east,2025-07-28T18:00:00Z
2025-07-28,A070063,0.4049,1,4.97,2,north,2025-07-28T18:00:00Z
2025-07-28,A070064,0.7211,1,9.28,0,north,2025-07-28T18:00:00Z
2025-07-28,A070065,0.1991,0,28.01,0,west,2025-07-28T18:00:00Z
2025-07-28,A070066,0.8793,0,4.27,1,east,2025-07-28T18:00:00Z
2025-07-28,A070067,0.5996,3,2.9,1,north,2025-07-28T18:00:00Z
2025-07-28,A070068,0.5815,0,10.1,2,north,2025-07-28T18:00:00Z
2025-07-28,A070069,0.4731,0,5.93,1,south,2025-07-28T18:00:00Z
2025-07-28,A070070,0.1166,0,12.28,1,west,2025-07-28T18:00:00Z
2025-07-28,A070071,0.2774,0,9.37,1,north,2025-07-28T18:00:00Z
2025-07-28,A070072,0.5688,0,4.94,0,west,2025-07-28T18:00:00Z
2025-07-28,A070073,0.3967,1,2.49,0,west,2025-07-28T18:00:00Z
2025-07-28,A070074,0.1912,1,7.37,0,west,2025-07-28T18:00:00Z
2025-07-28,A070075,0.1087,2,6.51,0,west,2025-07-28T18:00:00Z
2025-07-28,A070076,0.5039,0,8.99,1,north,2025-07-28T18:00:00Z
2025-07-28,A070077,0.1865,1,11.51,0,south,2025-07-28T18:00:00Z
2025-07-28,A070078,0.8008,1,6.98,1,south,2025-07-28T18:00:00Z
2025-07-28,A070079,0.2784,1,2.1,1,west,2025-07-28T18:00:00Z
2025-07-28,A070080,0.6028,1,4.01,4,north,2025-07-28T18:00:00Z
2025-07-28,A070081,0.2828,0,6.32,2,east,2025-07-28T18:00:00Z
2025-07-28,A070082,0.4011,1,12.05,3,east,2025-07-28T18:00:00Z
2025-07-28,A070083,0.294,0,6.92,0,west,2025-07-28T18:00:00Z
2025-07-28,A070084,0.6533,0,4.66,1,west,2025-07-28T18:00:00Z
2025-07-28,A070085,0.3839,0,10.6,0,south,2025-07-28T18:00:00Z
2025-07-28,A070086,0.1338,1,13.66,3,north,2025-07-28T18:00:00Z
2025-07-28,A070087,0.3939,0,12.26,2,west,2025-07-28T18:00:00Z
2025-07-28,A070088,0.5877,1,0.76,0,west,2025-07-28T18:00:00Z
2025-07-28,A070089,0.5258,0,1.75,2,east,2025-07-28T18:00:00Z
2025-07-28,A070090,0.2989,1,7.31,4,east,2025-07-28T18:00:00Z
2025-07-28,A070091,0.5794,0,13.72,5,west,2025-07-28T18:00:00Z
2025-07-28,A070092,0.5837,0,5.39,1,south,2025-07-28T18:00:00Z
2025-07-28,A070093,0.6494,0,10.76,0,east,2025-07-28T18:00:00Z
2025-07-28,A070094,0.3568,0,13.99,1,east,2025-07-28T18:00:00Z
2025-07-28,A070095,0.8114,0,11.03,3,south,2025-07-28T18:00:00Z
2025-07-28,A070096,0.1435,1,8.89,3,east,2025-07-28T18:00:00Z
2025-07-28,A070097,0.6327,0,7.17,2,north,2025-07-28T18:00:00Z
2025-07-28,A070098,0.2845,0,11.91,2,north,2025-07-28T18:00:00Z
2025-07-28,A070099,0.4877,1,13.11,0,north,2025-07-28T18:00:00Z
2025-07-28,A070100,0.0981,1,8.5,2,north,2025-07-28T18:00:00Z
2025-07-28,A070101,0.3421,0,6.23,3,west,2025-07-28T18:00:00Z
2025-07-28,A070102,0.3416,0,4.52,1,west,2025-07-28T18:00:00Z
2025-07-28,A070103,0.4558,0,7.56,2,west,2025-07-28T18:00:00Z
2025-07-28,A070104,0.0738,0,6.68,2,west,2025-07-28T18:00:00Z
2025-07-28,A070105,0.3466,1,6.5,0,west,2025-07-28T18:00:00Z
2025-07-28,A070106,0.2362,2,5.62,1,west,2025-07-28T18:00:00Z
2025-07-28,A070107,0.0264,1,7.04,0,south,2025-07-28T18:00:00Z
2025-07-28,A070108,0.4827,2,10.76,2,east,2025-07-28T18:00:00Z
2025-07-28,A070109,0.401,1,16.4,1,west,2025-07-28T18:00:00Z
2025-07-28,A070110,0.4056,0,7.71,2,north,2025-07-28T18:00:00Z
2025-07-28,A070111,0.2236,0,4.62,0,north,2025-07-28T18:00:00Z
2025-07-28,A070112,0.2256,0,3.94,1,east,2025-07-28T18:00:00Z
2025-07-28,A070113,0.2623,0,11.96,0,west,2025-07-28T18:00:00Z
2025-07-28,A070114,0.1634,0,1.76,2,east,2025-07-28T18:00:00Z
2025-07-28,A070115,0.4645,0,34.16,0,east,2025-07-28T18:00:00Z
2025-07-28,A070116,0.3684,0,6.47,1,south,2025-07-28T18:00:00Z
2025-07-28,A070117,0.5541,1,8.5,3,north,2025-07-28T18:00:00Z
2025-07-28,A070118,0.4456,0,20.82,0,south,2025-07-28T18:00:00Z
2025-07-28,A070119,0.2757,0,8.73,1,east,2025-07-28T18:00:00Z
2025-07-28,A070120,0.8058,0,9.9,2,east,2025-07-28T18:00:00Z
2025-07-28,A070121,0.4047,1,7.1,3,west,2025-07-28T18:00:00Z
2025-07-28,A070122,0.1055,0,3.89,0,west,2025-07-28T18:00:00Z
2025-07-28,A070123,0.1183,1,2.95,1,east,2025-07-28T18:00:00Z
2025-07-28,A070124,0.2275,1,9.65,2,south,2025-07-28T18:00:00Z
2025-07-28,A070125,0.4785,0,6.56,1,north,2025-07-28T18:00:00Z
2025-07-28,A070126,0.3244,1,13.78,0,east,2025-07-28T18:00:00Z
2025-07-28,A070127,0.2299,0,2.49,2,east,2025-07-28T18:00:00Z
2025-07-28,A070128,0.1971,1,2.44,1,south,2025-07-28T18:00:00Z
2025-07-28,A070129,0.1281,0,3.69,0,west,2025-07-28T18:00:00Z
2025-07-28,A070130,0.284,0,14.33,0,north,2025-07-28T18:00:00Z
2025-07-28,A070131,0.2409,1,6.41,1,south,2025-07-28T18:00:00Z
2025-07-28,A070132,0.0858,0,10.4,1,north,2025-07-28T18:00:00Z
2025-07-28,A070133,0.2158,2,13.69,3,west,2025-07-28T18:00:00Z
2025-07-28,A070134,0.5862,0,3.69,3,east,2025-07-28T18:00:00Z
2025-07-28,A070135,0.5208,0,12.64,2,north,2025-07-28T18:00:00Z
2025-07-28,A070136,0.9044,0,9.1,1,south,2025-07-28T18:00:00Z
2025-07-28,A070137,0.5824,0,4.07,2,north,2025-07-28T18:00:00Z
2025-07-28,A070138,0.3737,0,8.16,1,south,2025-07-28T18:00:00Z
2025-07-28,A070139,0.272,0,3.94,0,south,2025-07-28T18:00:00Z
2025-07-28,A070140,0.2211,0,2.51,0,east,2025-07-28T18:00:00Z
2025-07-28,A070141,0.2398,1,6.93,0,west,2025-07-28T18:00:00Z
2025-07-28,A070142,0.3585,0,9.15,2,east,2025-07-28T18:00:00Z
2025-07-28,A070143,0.4315,1,5.91,1,west,2025-07-28T18:00:00Z
2025-07-28,A070144,0.3033,2,7.0,0,east,2025-07-28T18:00:00Z
2025-07-28,A070145,0.3463,0,6.34,1,north,2025-07-28T18:00:00Z
2025-07-28,A070146,0.4755,1,9.2,3,south,2025-07-28T18:00:00Z
2025-07-28,A070147,0.6921,0,9.67,2,south,2025-07-28T18:00:00Z
2025-07-28,A070148,0.7774,1,2.82,1,east,2025-07-28T18:00:00Z
2025-07-28,A070149,0.6343,0,8.9,0,south,2025-07-28T18:00:00Z
2025-08-28,A080000,0.4424,0,7.18,2,west,2025-08-28T18:00:00Z
2025-08-28,A080001,0.5417,1,4.75,3,east,2025-08-28T18:00:00Z
2025-08-28,A080002,0.3481,1,8.45,0,south,2025-08-28T18:00:00Z
2025-08-28,A080003,0.1032,1,10.3,0,west,2025-08-28T18:00:00Z
2025-08-28,A080004,0.6146,0,13.78,3,west,2025-08-28T18:00:00Z
2025-08-28,A080005,0.4013,0,6.05,3,north,2025-08-28T18:00:00Z
2025-08-28,A080006,0.5052,1,5.35,2,south,2025-08-28T18:00:00Z
2025-08-28,A080007,0.8618,0,3.99,1,north,2025-08-28T18:00:00Z
2025-08-28,A080008,0.2487,0,5.61,1,south,2025-08-28T18:00:00Z
2025-08-28,A080009,0.361,0,3.74,1,east,2025-08-28T18:00:00Z
2025-08-28,A080010,0.1579,0,5.82,0,west,2025-08-28T18:00:00Z
2025-08-28,A080011,0.3974,0,8.63,0,south,2025-08-28T18:00:00Z
2025-08-28,A080012,0.303,2,6.27,1,east,2025-08-28T18:00:00Z
2025-08-28,A080013,0.2624,0,15.78,1,north,2025-08-28T18:00:00Z
2025-08-28,A080014,0.4796,1,4.35,0,west,2025-08-28T18:00:00Z
2025-08-28,A080015,0.0555,0,0.11,1,north,2025-08-28T18:00:00Z
2025-08-28,A080016,0.7255,0,20.34,1,south,2025-08-28T18:00:00Z
2025-08-28,A080017,0.5567,0,12.3,0,south,2025-08-28T18:00:00Z
2025-08-28,A080018,0.5476,0,2.36,1,east,2025-08-28T18:00:00Z
2025-08-28,A080019,0.5001,1,3.76,1,north,2025-08-28T18:00:00Z
2025-08-28,A080020,0.1083,1,8.91,2,west,2025-08-28T18:00:00Z
2025-08-28,A080021,0.485,0,8.79,3,east,2025-08-28T18:00:00Z
2025-08-28,A080022,0.5305,1,6.59,1,west,2025-08-28T18:00:00Z
2025-08-28,A080023,0.5797,0,7.23,2,west,2025-08-28T18:00:00Z
2025-08-28,A080024,0.4814,0,2.29,0,east,2025-08-28T18:00:00Z
2025-08-28,A080025,0.0811,0,6.14,4,east,2025-08-28T18:00:00Z
2025-08-28,A080026,0.1418,0,11.18,1,south,2025-08-28T18:00:00Z
2025-08-28,A080027,0.5689,0,2.34,2,north,2025-08-28T18:00:00Z
2025-08-28,A080028,0.5108,0,7.61,1,north,2025-08-28T18:00:00Z
2025-08-28,A080029,0.7964,0,4.61,1,east,2025-08-28T18:00:00Z
2025-08-28,A080030,0.1341,1,5.9,3,west,2025-08-28T18:00:00Z
2025-08-28,A080031,0.3187,1,10.33,2,north,2025-08-28T18:00:00Z
2025-08-28,A080032,0.5813,0,8.97,1,south,2025-08-28T18:00:00Z
2025-08-28,A080033,0.581,0,7.87,1,south,2025-08-28T18:00:00Z
2025-08-28,A080034,0.3453,1,5.67,1,south,2025-08-28T18:00:00Z
2025-08-28,A080035,0.4737,0,3.91,0,east,2025-08-28T18:00:00Z
2025-08-28,A080036,0.5726,2,3.52,0,north,2025-08-28T18:00:00Z
2025-08-28,A080037,0.4632,0,4.45,0,north,2025-08-28T18:00:00Z
2025-08-28,A080038,0.5075,0,6.6,1,south,2025-08-28T18:00:00Z
2025-08-28,A080039,0.3473,0,5.83,0,south,2025-08-28T18:00:00Z
2025-08-28,A080040,0.1548,1,3.82,2,south,2025-08-28T18:00:00Z
2025-08-28,A080041,0.4586,0,11.32,0,east,2025-08-28T18:00:00Z
2025-08-28,A080042,0.1369,0,22.52,3,west,2025-08-28T18:00:00Z
2025-08-28,A080043,0.1031,0,8.5,1,north,2025-08-28T18:00:00Z
2025-08-28,A080044,0.2357,0,4.15,2,west,2025-08-28T18:00:00Z
2025-08-28,A080045,0.4982,0,9.32,1,west,2025-08-28T18:00:00Z
2025-08-28,A080046,0.1355,0,8.83,2,south,2025-08-28T18:00:00Z
2025-08-28,A080047,0.7677,0,8.24,1,north,2025-08-28T18:00:00Z
2025-08-28,A080048,0.1409,0,9.67,2,north,2025-08-28T18:00:00Z
2025-08-28,A080049,0.3599,0,11.47,4,west,2025-08-28T18:00:00Z
2025-08-28,A080050,0.2257,0,12.15,1,west,2025-08-28T18:00:00Z
2025-08-28,A080051,0.8631,0,13.48,2,south,2025-08-28T18:00:00Z
2025-08-28,A080052,0.0763,1,11.77,0,north,2025-08-28T18:00:00Z
2025-08-28,A080053,0.4721,0,6.85,1,south,2025-08-28T18:00:00Z
2025-08-28,A080054,0.07,0,4.16,0,east,2025-08-28T18:00:00Z
2025-08-28,A080055,0.4853,0,9.87,3,south,2025-08-28T18:00:00Z
2025-08-28,A080056,0.0372,0,7.59,2,east,2025-08-28T18:00:00Z
2025-08-28,A080057,0.6774,1,10.96,1,west,2025-08-28T18:00:00Z
2025-08-28,A080058,0.3834,3,8.05,0,west,2025-08-28T18:00:00Z
2025-08-28,A080059,0.3977,0,2.33,0,south,2025-08-28T18:00:00Z
2025-08-28,A080060,0.4108,0,7.63,1,west,2025-08-28T18:00:00Z
2025-08-28,A080061,0.6392,0,7.46,0,south,2025-08-28T18:00:00Z
2025-08-28,A080062,0.4367,0,4.4,1,south,2025-08-28T18:00:00Z
2025-08-28,A080063,0.2669,0,2.03,3,south,2025-08-28T18:00:00Z
2025-08-28,A080064,0.4018,0,9.09,2,north,2025-08-28T18:00:00Z
2025-08-28,A080065,0.2012,0,6.95,2,north,2025-08-28T18:00:00Z
2025-08-28,A080066,0.6528,2,2.68,1,east,2025-08-28T18:00:00Z
2025-08-28,A080067,0.1906,0,12.38,1,west,2025-08-28T18:00:00Z
2025-08-28,A080068,0.583,0,15.73,4,east,2025-08-28T18:00:00Z
2025-08-28,A080069,0.2789,1,11.91,0,east,2025-08-28T18:00:00Z
2025-08-28,A080070,0.5896,0,5.97,1,south,2025-08-28T18:00:00Z
2025-08-28,A080071,0.5689,0,5.84,1,east,2025-08-28T18:00:00Z
2025-08-28,A080072,0.2461,1,12.13,1,north,2025-08-28T18:00:00Z
2025-08-28,A080073,0.6616,0,3.58,0,west,2025-08-28T18:00:00Z
2025-08-28,A080074,0.5766,1,6.41,2,south,2025-08-28T18:00:00Z
2025-08-28,A080075,0.226,0,6.44,5,west,2025-08-28T18:00:00Z
2025-08-28,A080076,0.2098,0,5.19,3,west,2025-08-28T18:00:00Z
2025-08-28,A080077,0.1883,0,12.2,1,south,2025-08-28T18:00:00Z
2025-08-28,A080078,0.5613,0,12.3,1,east,2025-08-28T18:00:00Z
2025-08-28,A080079,0.5799,0,17.9,1,east,2025-08-28T18:00:00Z
2025-08-28,A080080,0.3836,0,18.94,2,north,2025-08-28T18:00:00Z
2025-08-28,A080081,0.5577,1,16.88,1,east,2025-08-28T18:00:00Z
2025-08-28,A080082,0.5187,0,5.49,3,north,2025-08-28T18:00:00Z
2025-08-28,A080083,0.5777,0,9.8,0,north,2025-08-28T18:00:00Z
2025-08-28,A080084,0.3965,1,17.74,2,west,2025-08-28T18:00:00Z
2025-08-28,A080085,0.3192,0,8.6,0,east,2025-08-28T18:00:00Z
2025-08-28,A080086,0.5479,0,8.96,1,south,2025-08-28T18:00:00Z
2025-08-28,A080087,0.158,0,3.51,1,south,2025-08-28T18:00:00Z
2025-08-28,A080088,0.5724,0,8.18,0,east,2025-08-28T18:00:00Z
2025-08-28,A080089,0.2067,0,3.5,3,east,2025-08-28T18:00:00Z
2025-08-28,A080090,0.3395,0,3.38,2,east,2025-08-28T18:00:00Z
2025-08-28,A080091,0.3755,3,6.44,2,south,2025-08-28T18:00:00Z
2025-08-28,A080092,0.1339,0,6.27,2,north,2025-08-28T18:00:00Z
2025-08-28,A080093,0.2651,1,4.3,4,east,2025-08-28T18:00:00Z
2025-08-28,A080094,0.4576,1,5.58,4,east,2025-08-28T18:00:00Z
2025-08-28,A080095,0.2379,0,7.89,1,north,2025-08-28T18:00:00Z
2025-08-28,A080096,0.5077,0,4.52,0,north,2025-08-28T18:00:00Z
2025-08-28,A080097,0.2084,0,7.67,2,north,2025-08-28T18:00:00Z
2025-08-28,A080098,0.4701,0,7.52,0,west,2025-08-28T18:00:00Z
2025-08-28,A080099,0.6108,0,5.97,2,west,2025-08-28T18:00:00Z
2025-08-28,A080100,0.4868,0,9.67,2,west,2025-08-28T18:00:00Z
2025-08-28,A080101,0.6222,0,11.73,1,west,2025-08-28T18:00:00Z
2025-08-28,A080102,0.2195,1,13.29,0,south,2025-08-28T18:00:00Z
2025-08-28,A080103,0.1565,1,9.75,3,west,2025-08-28T18:00:00Z
2025-08-28,A080104,0.462,0,10.58,0,south,2025-08-28T18:00:00Z
2025-08-28,A080105,0.364,2,10.21,1,east,2025-08-28T18:00:00Z
2025-08-28,A080106,0.1897,1,3.09,3,north,2025-08-28T18:00:00Z
2025-08-28,A080107,0.6749,1,3.41,1,west,2025-08-28T18:00:00Z
2025-08-28,A080108,0.1708,1,2.08,0,east,2025-08-28T18:00:00Z
2025-08-28,A080109,0.494,1,15.37,1,east,2025-08-28T18:00:00Z
2025-08-28,A080110,0.4675,1,2.88,3,south,2025-08-28T18:00:00Z
2025-08-28,A080111,0.2876,1,5.21,2,east,2025-08-28T18:00:00Z
2025-08-28,A080112,0.3251,1,9.11,2,north,2025-08-28T18:00:00Z
2025-08-28,A080113,0.7287,0,6.53,3,north,2025-08-28T18:00:00Z
2025-08-28,A080114,0.4001,1,11.25,2,east,2025-08-28T18:00:00Z
2025-08-28,A080115,0.3691,0,12.36,0,west,2025-08-28T18:00:00Z
2025-08-28,A080116,0.3011,0,10.59,1,north,2025-08-28T18:00:00Z
2025-08-28,A080117,0.1854,1,12.0,1,west,2025-08-28T18:00:00Z
2025-08-28,A080118,0.3671,0,5.15,1,west,2025-08-28T18:00:00Z
2025-08-28,A080119,0.4437,0,8.3,2,west,2025-08-28T18:00:00Z
2025-08-28,A080120,0.1902,1,3.37,2,north,2025-08-28T18:00:00Z
2025-08-28,A080121,0.4994,0,7.65,1,south,2025-08-28T18:00:00Z
2025-08-28,A080122,0.2119,0,5.18,0,west,2025-08-28T18:00:00Z
2025-08-28,A080123,0.4845,1,6.86,3,west,2025-08-28T18:00:00Z
2025-08-28,A080124,0.5116,1,10.88,1,east,2025-08-28T18:00:00Z
2025-08-28,A080125,0.4166,0,5.66,1,west,2025-08-28T18:00:00Z
2025-08-28,A080126,0.1458,0,5.62,1,north,2025-08-28T18:00:00Z
2025-08-28,A080127,0.6638,1,7.37,0,south,2025-08-28T18:00:00Z
2025-08-28,A080128,0.6419,0,3.83,0,north,2025-08-28T18:00:00Z
2025-08-28,A080129,0.4127,1,23.52,1,east,2025-08-28T18:00:00Z
2025-08-28,A080130,0.1988,0,12.79,0,east,2025-08-28T18:00:00Z
2025-08-28,A080131,0.1364,1,5.02,1,east,2025-08-28T18:00:00Z
2025-08-28,A080132,0.4771,0,12.82,1,east,2025-08-28T18:00:00Z
2025-08-28,A080133,0.3539,0,3.37,5,south,2025-08-28T18:00:00Z
2025-08-28,A080134,0.1484,0,1.9,1,south,2025-08-28T18:00:00Z
2025-08-28,A080135,0.4289,0,5.9,1,south,2025-08-28T18:00:00Z
2025-08-28,A080136,0.1623,1,16.39,4,west,2025-08-28T18:00:00Z
2025-08-28,A080137,0.3396,1,13.12,3,east,2025-08-28T18:00:00Z
2025-08-28,A080138,0.1284,1,5.18,0,south,2025-08-28T18:00:00Z
2025-08-28,A080139,0.5744,0,10.52,3,west,2025-08-28T18:00:00Z
2025-08-28,A080140,0.3975,0,4.54,1,south,2025-08-28T18:00:00Z
2025-08-28,A080141,0.1664,0,8.38,2,east,2025-08-28T18:00:00Z
2025-08-28,A080142,0.7098,0,6.01,1,west,2025-08-28T18:00:00Z
2025-08-28,A080143,0.5559,1,10.9,1,east,2025-08-28T18:00:00Z
2025-08-28,A080144,0.3756,1,7.54,1,west,2025-08-28T18:00:00Z
2025-08-28,A080145,0.1278,1,9.41,3,east,2025-08-28T18:00:00Z
2025-08-28,A080146,0.3955,0,13.14,0,north,2025-08-28T18:00:00Z
2025-08-28,A080147,0.2299,1,7.21,1,north,2025-08-28T18:00:00Z
2025-08-28,A080148,0.2319,0,6.18,2,south,2025-08-28T18:00:00Z
2025-08-28,A080149,0.4006,0,5.45,0,east,2025-08-28T18:00:00Z
2025-09-28,A090000,0.3061,1,9.3,0,north,2025-09-28T18:00:00Z
2025-09-28,A090001,0.4855,1,3.32,1,east,2025-09-28T18:00:00Z
2025-09-28,A090002,0.7505,0,5.96,2,south,2025-09-28T18:00:00Z
2025-09-28,A090003,0.3474,0,6.27,1,west,2025-09-28T18:00:00Z
2025-09-28,A090004,0.2497,0,6.11,4,north,2025-09-28T18:00:00Z
2025-09-28,A090005,0.2623,2,6.19,6,east,2025-09-28T18:00:00Z
2025-09-28,A090006,0.2446,0,13.68,0,south,2025-09-28T18:00:00Z
2025-09-28,A090007,0.5981,1,15.36,1,south,2025-09-28T18:00:00Z
2025-09-28,A090008,0.5025,0,11.49,6,south,2025-09-28T18:00:00Z
2025-09-28,A090009,0.8062,0,7.91,1,south,2025-09-28T18:00:00Z
2025-09-28,A090010,0.1099,1,12.52,2,east,2025-09-28T18:00:00Z
2025-09-28,A090011,0.3587,1,11.27,0,south,2025-09-28T18:00:00Z
2025-09-28,A090012,0.3345,0,6.56,1,east,2025-09-28T18:00:00Z
2025-09-28,A090013,0.2625,0,8.06,2,south,2025-09-28T18:00:00Z
2025-09-28,A090014,0.8989,0,11.01,1,north,2025-09-28T18:00:00Z
2025-09-28,A090015,0.3192,1,1.91,1,west,2025-09-28T18:00:00Z
2025-09-28,A090016,0.2987,2,5.96,0,west,2025-09-28T18:00:00Z
2025-09-28,A090017,0.8544,0,5.04,0,north,2025-09-28T18:00:00Z
2025-09-28,A090018,0.4372,0,10.19,3,east,2025-09-28T18:00:00Z
2025-09-28,A090019,0.4422,0,8.1,0,north,2025-09-28T18:00:00Z
2025-09-28,A090020,0.7795,0,9.03,3,north,2025-09-28T18:00:00Z
2025-09-28,A090021,0.3517,0,6.01,1,east,2025-09-28T18:00:00Z
2025-09-28,A090022,0.1746,0,7.06,1,south,2025-09-28T18:00:00Z
2025-09-28,A090023,0.2694,1,3.66,0,north,2025-09-28T18:00:00Z
2025-09-28,A090024,0.4218,1,14.1,0,west,2025-09-28T18:00:00Z
2025-09-28,A090025,0.5065,0,5.28,1,north,2025-09-28T18:00:00Z
2025-09-28,A090026,0.2204,0,5.57,2,south,2025-09-28T18:00:00Z
2025-09-28,A090027,0.394,0,4.55,1,east,2025-09-28T18:00:00Z
2025-09-28,A090028,0.1009,1,15.78,2,north,2025-09-28T18:00:00Z
2025-09-28,A090029,0.1021,0,9.28,1,north,2025-09-28T18:00:00Z
2025-09-28,A090030,0.1644,1,8.06,2,west,2025-09-28T18:00:00Z
2025-09-28,A090031,0.6132,0,5.54,2,south,2025-09-28T18:00:00Z
2025-09-28,A090032,0.2414,0,12.16,1,north,2025-09-28T18:00:00Z
2025-09-28,A090033,0.4601,1,14.56,0,east,2025-09-28T18:00:00Z
2025-09-28,A090034,0.6251,0,6.38,1,south,2025-09-28T18:00:00Z
2025-09-28,A090035,0.244,0,3.63,2,west,2025-09-28T18:00:00Z
2025-09-28,A090036,0.6356,1,3.17,0,east,2025-09-28T18:00:00Z
2025-09-28,A090037,0.2088,1,22.58,0,west,2025-09-28T18:00:00Z
2025-09-28,A090038,0.7449,0,4.04,0,south,2025-09-28T18:00:00Z
2025-09-28,A090039,0.2114,0,4.03,2,south,2025-09-28T18:00:00Z
2025-09-28,A090040,0.359,2,1.07,3,south,2025-09-28T18:00:00Z
2025-09-28,A090041,0.363,0,10.8,2,north,2025-09-28T18:00:00Z
2025-09-28,A090042,0.7523,1,5.72,2,east,2025-09-28T18:00:00Z
2025-09-28,A090043,0.6408,0,11.28,1,north,2025-09-28T18:00:00Z
2025-09-28,A090044,0.9106,0,8.72,0,south,2025-09-28T18:00:00Z
2025-09-28,A090045,0.2018,0,10.46,0,west,2025-09-28T18:00:00Z
2025-09-28,A090046,0.2942,0,13.44,0,west,2025-09-28T18:00:00Z
2025-09-28,A090047,0.3501,1,12.65,2,west,2025-09-28T18:00:00Z
2025-09-28,A090048,0.0826,0,7.4,2,east,2025-09-28T18:00:00Z
2025-09-28,A090049,0.5958,1,6.81,0,north,2025-09-28T18:00:00Z
2025-09-28,A090050,0.4796,0,12.2,2,north,2025-09-28T18:00:00Z
2025-09-28,A090051,0.3722,1,3.14,3,south,2025-09-28T18:00:00Z
2025-09-28,A090052,0.1053,0,9.74,0,south,2025-09-28T18:00:00Z
2025-09-28,A090053,0.1807,0,7.76,1,west,2025-09-28T18:00:00Z
2025-09-28,A090054,0.7962,0,4.8,1,west,2025-09-28T18:00:00Z
2025-09-28,A090055,0.3208,0,8.88,1,east,2025-09-28T18:00:00Z
2025-09-28,A090056,0.4256,0,9.51,1,north,2025-09-28T18:00:00Z
2025-09-28,A090057,0.533,0,2.61,1,south,2025-09-28T18:00:00Z
2025-09-28,A090058,0.5733,0,7.6,2,west,2025-09-28T18:00:00Z
2025-09-28,A090059,0.5282,2,16.67,3,south,2025-09-28T18:00:00Z
2025-09-28,A090060,0.239,0,9.59,2,east,2025-09-28T18:00:00Z
2025-09-28,A090061,0.8002,1,7.62,2,north,2025-09-28T18:00:00Z
2025-09-28,A090062,0.472,0,7.9,2,west,2025-09-28T18:00:00Z
2025-09-28,A090063,0.3465,0,11.89,1,east,2025-09-28T18:00:00Z
2025-09-28,A090064,0.3563,0,5.63,1,south,2025-09-28T18:00:00Z
2025-09-28,A090065,0.4261,1,5.16,1,west,2025-09-28T18:00:00Z
2025-09-28,A090066,0.2489,1,3.56,2,west,2025-09-28T18:00:00Z
2025-09-28,A090067,0.1423,0,8.23,0,west,2025-09-28T18:00:00Z
2025-09-28,A090068,0.5521,0,4.59,1,west,2025-09-28T18:00:00Z
2025-09-28,A090069,0.5606,0,5.83,0,east,2025-09-28T18:00:00Z
2025-09-28,A090070,0.4995,0,10.82,0,east,2025-09-28T18:00:00Z
2025-09-28,A090071,0.5966,0,5.69,1,west,2025-09-28T18:00:00Z
2025-09-28,A090072,0.5058,0,4.76,1,east,2025-09-28T18:00:00Z
2025-09-28,A090073,0.4585,0,7.86,2,south,2025-09-28T18:00:00Z
2025-09-28,A090074,0.2932,0,7.22,2,south,2025-09-28T18:00:00Z
2025-09-28,A090075,0.6466,0,1.69,2,north,2025-09-28T18:00:00Z
2025-09-28,A090076,0.572,0,3.09,2,west,2025-09-28T18:00:00Z
2025-09-28,A090077,0.5393,0,14.4,2,south,2025-09-28T18:00:00Z
2025-09-28,A090078,0.3941,0,1.33,1,east,2025-09-28T18:00:00Z
2025-09-28,A090079,0.3866,0,2.35,0,south,2025-09-28T18:00:00Z
2025-09-28,A090080,0.4718,0,14.13,0,east,2025-09-28T18:00:00Z
2025-09-28,A090081,0.1758,0,14.53,1,east,2025-09-28T18:00:00Z
2025-09-28,A090082,0.7187,0,18.39,3,east,2025-09-28T18:00:00Z
2025-09-28,A090083,0.4292,1,1.93,4,east,2025-09-28T18:00:00Z
2025-09-28,A090084,0.3824,0,18.81,0,south,2025-09-28T18:00:00Z
2025-09-28,A090085,0.2327,1,9.23,2,east,2025-09-28T18:00:00Z
2025-09-28,A090086,0.1893,1,8.77,0,south,2025-09-28T18:00:00Z
2025-09-28,A090087,0.3772,0,18.0,0,north,2025-09-28T18:00:00Z
2025-09-28,A090088,0.4236,0,9.73,1,west,2025-09-28T18:00:00Z
2025-09-28,A090089,0.3709,1,6.66,1,west,2025-09-28T18:00:00Z
2025-09-28,A090090,0.1954,1,2.9,1,west,2025-09-28T18:00:00Z
2025-09-28,A090091,0.5299,1,6.48,2,south,2025-09-28T18:00:00Z
2025-09-28,A090092,0.5346,0,6.2,1,north,2025-09-28T18:00:00Z
2025-09-28,A090093,0.427,0,3.28,1,south,2025-09-28T18:00:00Z
2025-09-28,A090094,0.2456,1,4.57,2,west,2025-09-28T18:00:00Z
2025-09-28,A090095,0.0774,0,16.34,1,south,2025-09-28T18:00:00Z
2025-09-28,A090096,0.3709,2,8.65,3,north,2025-09-28T18:00:00Z
2025-09-28,A090097,0.5859,0,7.3,1,east,2025-09-28T18:00:00Z
2025-09-28,A090098,0.238,0,23.83,2,south,2025-09-28T18:00:00Z
2025-09-28,A090099,0.1741,0,19.29,1,south,2025-09-28T18:00:00Z
2025-09-28,A090100,0.1755,0,14.41,0,west,2025-09-28T18:00:00Z
2025-09-28,A090101,0.3844,0,7.48,1,south,2025-09-28T18:00:00Z
2025-09-28,A090102,0.6004,1,11.51,2,south,2025-09-28T18:00:00Z
2025-09-28,A090103,0.6146,1,9.73,1,north,2025-09-28T18:00:00Z
2025-09-28,A090104,0.0343,0,5.24,1,north,2025-09-28T18:00:00Z
2025-09-28,A090105,0.3637,0,6.34,1,east,2025-09-28T18:00:00Z
2025-09-28,A090106,0.5241,0,7.56,0,south,2025-09-28T18:00:00Z
2025-09-28,A090107,0.3863,0,6.64,2,north,2025-09-28T18:00:00Z
2025-09-28,A090108,0.2177,0,7.86,0,south,2025-09-28T18:00:00Z
2025-09-28,A090109,0.5346,0,10.41,2,south,2025-09-28T18:00:00Z
2025-09-28,A090110,0.6967,1,8.74,2,south,2025-09-28T18:00:00Z
2025-09-28,A090111,0.1211,0,5.66,2,east,2025-09-28T18:00:00Z
2025-09-28,A090112,0.3283,2,4.37,2,north,2025-09-28T18:00:00Z
2025-09-28,A090113,0.4246,1,8.27,2,west,2025-09-28T18:00:00Z
2025-09-28,A090114,0.7496,2,11.62,1,east,2025-09-28T18:00:00Z
2025-09-28,A090115,0.452,0,5.15,1,north,2025-09-28T18:00:00Z
2025-09-28,A090116,0.0992,1,16.75,0,east,2025-09-28T18:00:00Z
2025-09-28,A090117,0.2276,1,9.95,1,south,2025-09-28T18:00:00Z
2025-09-28,A090118,0.4507,0,3.49,0,west,2025-09-28T18:00:00Z
2025-09-28,A090119,0.3814,2,3.02,0,east,2025-09-28T18:00:00Z
2025-09-28,A090120,0.4458,0,12.23,0,west,2025-09-28T18:00:00Z
2025-09-28,A090121,0.7,0,6.16,0,east,2025-09-28T18:00:00Z
2025-09-28,A090122,0.4082,0,10.01,1,north,2025-09-28T18:00:00Z
2025-09-28,A090123,0.3679,1,5.5,1,east,2025-09-28T18:00:00Z
2025-09-28,A090124,0.3414,0,12.08,0,north,2025-09-28T18:00:00Z
2025-09-28,A090125,0.5065,0,6.11,0,east,2025-09-28T18:00:00Z
2025-09-28,A090126,0.0316,1,7.7,2,east,2025-09-28T18:00:00Z
2025-09-28,A090127,0.53,0,3.01,1,west,2025-09-28T18:00:00Z
2025-09-28,A090128,0.4529,0,42.89,0,south,2025-09-28T18:00:00Z
2025-09-28,A090129,0.3729,0,4.47,1,west,2025-09-28T18:00:00Z
2025-09-28,A090130,0.2857,0,19.77,1,north,2025-09-28T18:00:00Z
2025-09-28,A090131,0.5514,0,6.28,1,west,2025-09-28T18:00:00Z
2025-09-28,A090132,0.3497,1,7.53,0,north,2025-09-28T18:00:00Z
2025-09-28,A090133,0.1781,0,9.93,2,north,2025-09-28T18:00:00Z
2025-09-28,A090134,0.1702,2,8.25,2,north,2025-09-28T18:00:00Z
2025-09-28,A090135,0.1654,0,12.07,1,east,2025-09-28T18:00:00Z
2025-09-28,A090136,0.05,0,18.78,1,north,2025-09-28T18:00:00Z
2025-09-28,A090137,0.2584,0,1.83,2,south,2025-09-28T18:00:00Z
2025-09-28,A090138,0.3182,0,13.05,2,east,2025-09-28T18:00:00Z
2025-09-28,A090139,0.5634,1,11.55,1,west,2025-09-28T18:00:00Z
2025-09-28,A090140,0.0435,0,1.62,2,east,2025-09-28T18:00:00Z
2025-09-28,A090141,0.5343,0,18.89,0,east,2025-09-28T18:00:00Z
2025-09-28,A090142,0.0908,0,7.18,4,west,2025-09-28T18:00:00Z
2025-09-28,A090143,0.2611,1,21.87,0,east,2025-09-28T18:00:00Z
2025-09-28,A090144,0.6389,1,3.41,2,east,2025-09-28T18:00:00Z
2025-09-28,A090145,0.6024,0,0.78,2,north,2025-09-28T18:00:00Z
2025-09-28,A090146,0.6414,2,23.63,2,east,2025-09-28T18:00:00Z
2025-09-28,A090147,0.2332,1,35.98,0,south,2025-09-28T18:00:00Z
2025-09-28,A090148,0.1765,1,19.1,1,north,2025-09-28T18:00:00Z
2025-09-28,A090149,0.4565,0,17.03,2,south,2025-09-28T18:00:00Z
2025-10-28,A100000,0.4635,0,2.83,1,north,2025-10-28T18:00:00Z
2025-10-28,A100001,0.5142,1,3.48,2,east,2025-10-28T18:00:00Z
2025-10-28,A100002,0.708,1,22.63,1,south,2025-10-28T18:00:00Z
2025-10-28,A100003,0.1027,0,17.4,0,west,2025-10-28T18:00:00Z
2025-10-28,A100004,0.3163,0,9.71,1,south,2025-10-28T18:00:00Z
2025-10-28,A100005,0.0735,0,10.43,1,north,2025-10-28T18:00:00Z
2025-10-28,A100006,0.1924,1,8.24,2,south,2025-10-28T18:00:00Z
2025-10-28,A100007,0.5755,1,4.21,1,east,2025-10-28T18:00:00Z
2025-10-28,A100008,0.4296,0,14.48,1,west,2025-10-28T18:00:00Z
2025-10-28,A100009,0.7814,0,9.92,4,south,2025-10-28T18:00:00Z
2025-10-28,A100010,0.4879,0,5.97,0,north,2025-10-28T18:00:00Z
2025-10-28,A100011,0.4736,1,10.2,1,east,2025-10-28T18:00:00Z
2025-10-28,A100012,0.256,0,13.35,0,west,2025-10-28T18:00:00Z
2025-10-28,A100013,0.5238,1,3.17,3,east,2025-10-28T18:00:00Z
2025-10-28,A100014,0.485,0,8.54,0,north,2025-10-28T18:00:00Z
2025-10-28,A100015,0.5981,2,8.72,1,south,2025-10-28T18:00:00Z
2025-10-28,A100016,0.6935,0,2.98,2,west,2025-10-28T18:00:00Z
2025-10-28,A100017,0.3018,0,7.42,0,north,2025-10-28T18:00:00Z
2025-10-28,A100018,0.374,1,9.17,0,east,2025-10-28T18:00:00Z
2025-10-28,A100019,0.3121,0,16.48,3,east,2025-10-28T18:00:00Z
2025-10-28,A100020,0.4701,1,6.49,0,west,2025-10-28T18:00:00Z
2025-10-28,A100021,0.4738,0,11.62,1,south,2025-10-28T18:00:00Z
2025-10-28,A100022,0.2938,1,5.76,1,west,2025-10-28T18:00:00Z
2025-10-28,A100023,0.4592,0,7.37,0,south,2025-10-28T18:00:00Z
2025-10-28,A100024,0.4815,0,3.91,2,north,2025-10-28T18:00:00Z
2025-10-28,A100025,0.4223,0,16.35,3,north,2025-10-28T18:00:00Z
2025-10-28,A100026,0.3137,0,5.8,0,west,2025-10-28T18:00:00Z
2025-10-28,A100027,0.3321,1,4.73,2,west,2025-10-28T18:00:00Z
2025-10-28,A100028,0.1575,1,7.17,0,north,2025-10-28T18:00:00Z
2025-10-28,A100029,0.658,0,7.63,1,east,2025-10-28T18:00:00Z
2025-10-28,A100030,0.5533,0,16.16,0,east,2025-10-28T18:00:00Z
2025-10-28,A100031,0.1044,0,13.53,4,east,2025-10-28T18:00:00Z
2025-10-28,A100032,0.266,0,6.02,1,north,2025-10-28T18:00:00Z
2025-10-28,A100033,0.2799,0,3.46,1,east,2025-10-28T18:00:00Z
2025-10-28,A100034,0.7634,0,5.15,2,north,2025-10-28T18:00:00Z
2025-10-28,A100035,0.505,0,4.76,1,east,2025-10-28T18:00:00Z
2025-10-28,A100036,0.436,0,6.79,1,south,2025-10-28T18:00:00Z
2025-10-28,A100037,0.5007,0,5.49,3,east,2025-10-28T18:00:00Z
2025-10-28,A100038,0.6713,0,3.85,3,west,2025-10-28T18:00:00Z
2025-10-28,A100039,0.786,0,21.73,1,east,2025-10-28T18:00:00Z
2025-10-28,A100040,0.3983,0,4.72,1,north,2025-10-28T18:00:00Z
2025-10-28,A100041,0.587,0,2.63,0,south,2025-10-28T18:00:00Z
2025-10-28,A100042,0.5494,0,16.48,1,south,2025-10-28T18:00:00Z
2025-10-28,A100043,0.3247,1,3.36,2,west,2025-10-28T18:00:00Z
2025-10-28,A100044,0.3493,0,6.85,0,west,2025-10-28T18:00:00Z
2025-10-28,A100045,0.1644,1,3.76,0,east,2025-10-28T18:00:00Z
2025-10-28,A100046,0.4215,1,5.27,0,south,2025-10-28T18:00:00Z
2025-10-28,A100047,0.1521,1,6.11,0,north,2025-10-28T18:00:00Z
2025-10-28,A100048,0.3544,0,26.02,1,north,2025-10-28T18:00:00Z
2025-10-28,A100049,0.7081,0,6.63,2,east,2025-10-28T18:00:00Z
2025-10-28,A100050,0.6634,0,8.77,0,south,2025-10-28T18:00:00Z
2025-10-28,A100051,0.0803,0,8.09,4,south,2025-10-28T18:00:00Z
2025-10-28,A100052,0.6002,1,2.59,3,east,2025-10-28T18:00:00Z
2025-10-28,A100053,0.7677,0,10.28,1,north,2025-10-28T18:00:00Z
2025-10-28,A100054,0.41,0,9.5,1,north,2025-10-28T18:00:00Z
2025-10-28,A100055,0.2125,1,14.19,1,south,2025-10-28T18:00:00Z
2025-10-28,A100056,0.0459,0,6.03,1,north,2025-10-28T18:00:00Z
2025-10-28,A100057,0.3198,0,27.13,1,east,2025-10-28T18:00:00Z
2025-10-28,A100058,0.6185,1,5.07,2,east,2025-10-28T18:00:00Z
2025-10-28,A100059,0.6623,0,1.4,1,west,2025-10-28T18:00:00Z
2025-10-28,A100060,0.7039,2,7.99,2,north,2025-10-28T18:00:00Z
2025-10-28,A100061,0.3864,0,3.71,0,east,2025-10-28T18:00:00Z
2025-10-28,A100062,0.4061,0,13.13,2,south,2025-10-28T18:00:00Z
2025-10-28,A100063,0.4352,0,12.47,3,east,2025-10-28T18:00:00Z
2025-10-28,A100064,0.6088,2,7.24,2,west,2025-10-28T18:00:00Z
2025-10-28,A100065,0.1822,0,12.91,0,north,2025-10-28T18:00:00Z
2025-10-28,A100066,0.3022,0,20.93,0,north,2025-10-28T18:00:00Z
2025-10-28,A100067,0.2689,0,10.99,4,south,2025-10-28T18:00:00Z
2025-10-28,A100068,0.5346,1,8.17,1,east,2025-10-28T18:00:00Z
2025-10-28,A100069,0.6536,1,10.82,2,east,2025-10-28T18:00:00Z
2025-10-28,A100070,0.357,0,5.85,3,south,2025-10-28T18:00:00Z
2025-10-28,A100071,0.6428,0,4.99,0,east,2025-10-28T18:00:00Z
2025-10-28,A100072,0.2351,0,10.97,2,east,2025-10-28T18:00:00Z
2025-10-28,A100073,0.6152,0,16.17,1,east,2025-10-28T18:00:00Z
2025-10-28,A100074,0.4741,1,13.43,2,south,2025-10-28T18:00:00Z
2025-10-28,A100075,0.4178,1,7.96,1,west,2025-10-28T18:00:00Z
2025-10-28,A100076,0.4527,0,21.48,1,west,2025-10-28T18:00:00Z
2025-10-28,A100077,0.274,3,15.32,1,west,2025-10-28T18:00:00Z
2025-10-28,A100078,0.1784,1,10.5,1,east,2025-10-28T18:00:00Z
2025-10-28,A100079,0.3568,1,9.04,1,south,2025-10-28T18:00:00Z
2025-10-28,A100080,0.1429,1,10.77,0,south,2025-10-28T18:00:00Z
2025-10-28,A100081,0.5605,0,7.48,2,east,2025-10-28T18:00:00Z
2025-10-28,A100082,0.5466,0,5.59,2,south,2025-10-28T18:00:00Z
2025-10-28,A100083,0.2364,0,6.95,1,south,2025-10-28T18:00:00Z
2025-10-28,A100084,0.131,0,21.48,1,west,2025-10-28T18:00:00Z
2025-10-28,A100085,0.3423,0,5.93,2,south,2025-10-28T18:00:00Z
2025-10-28,A100086,0.1922,0,5.03,0,west,2025-10-28T18:00:00Z
2025-10-28,A100087,0.445,1,8.59,1,east,2025-10-28T18:00:00Z
2025-10-28,A100088,0.1215,0,10.75,4,north,2025-10-28T18:00:00Z
2025-10-28,A100089,0.083,1,15.85,3,south,2025-10-28T18:00:00Z
2025-10-28,A100090,0.3802,0,5.39,4,east,2025-10-28T18:00:00Z
2025-10-28,A100091,0.1699,3,4.21,0,west,2025-10-28T18:00:00Z
2025-10-28,A100092,0.1934,0,26.76,1,west,2025-10-28T18:00:00Z
2025-10-28,A100093,0.2928,0,10.79,1,north,2025-10-28T18:00:00Z
2025-10-28,A100094,0.4323,0,26.15,0,east,2025-10-28T18:00:00Z
2025-10-28,A100095,0.1109,0,11.32,0,west,2025-10-28T18:00:00Z
2025-10-28,A100096,0.5316,1,6.6,0,west,2025-10-28T18:00:00Z
2025-10-28,A100097,0.8276,0,3.59,1,east,2025-10-28T18:00:00Z
2025-10-28,A100098,0.808,0,13.08,1,south,2025-10-28T18:00:00Z
2025-10-28,A100099,0.1842,0,11.08,2,east,2025-10-28T18:00:00Z
2025-10-28,A100100,0.7772,0,6.2,2,north,2025-10-28T18:00:00Z
2025-10-28,A100101,0.2487,0,13.92,1,south,2025-10-28T18:00:00Z
2025-10-28,A100102,0.2527,0,3.82,1,north,2025-10-28T18:00:00Z
2025-10-28,A100103,0.1303,0,3.38,2,north,2025-10-28T18:00:00Z
2025-10-28,A100104,0.4015,2,2.8,0,north,2025-10-28T18:00:00Z
2025-10-28,A100105,0.3915,0,5.97,1,north,2025-10-28T18:00:00Z
2025-10-28,A100106,0.4176,0,11.11,1,north,2025-10-28T18:00:00Z
2025-10-28,A100107,0.0212,2,2.78,1,east,2025-10-28T18:00:00Z
2025-10-28,A100108,0.369,0,6.95,1,west,2025-10-28T18:00:00Z
2025-10-28,A100109,0.4002,0,8.88,3,north,2025-10-28T18:00:00Z
2025-10-28,A100110,0.3286,1,6.86,1,west,2025-10-28T18:00:00Z
2025-10-28,A100111,0.2693,0,12.37,0,west,2025-10-28T18:00:00Z
2025-10-28,A100112,0.4115,1,9.79,0,south,2025-10-28T18:00:00Z
2025-10-28,A100113,0.284,0,12.86,3,south,2025-10-28T18:00:00Z
2025-10-28,A100114,0.3362,0,8.72,0,south,2025-10-28T18:00:00Z
2025-10-28,A100115,0.1366,0,3.68,1,east,2025-10-28T18:00:00Z
2025-10-28,A100116,0.7546,0,8.02,0,east,2025-10-28T18:00:00Z
2025-10-28,A100117,0.2946,0,2.48,0,south,2025-10-28T18:00:00Z
2025-10-28,A100118,0.4135,1,11.79,2,north,2025-10-28T18:00:00Z
2025-10-28,A100119,0.5072,0,4.71,0,east,2025-10-28T18:00:00Z
2025-10-28,A100120,0.6571,1,14.01,2,east,2025-10-28T18:00:00Z
2025-10-28,A100121,0.5112,0,4.22,2,south,2025-10-28T18:00:00Z
2025-10-28,A100122,0.2942,0,10.83,1,east,2025-10-28T18:00:00Z
2025-10-28,A100123,0.4249,0,4.99,0,west,2025-10-28T18:00:00Z
2025-10-28,A100124,0.1926,1,3.74,3,west,2025-10-28T18:00:00Z
2025-10-28,A100125,0.3391,0,8.04,1,north,2025-10-28T18:00:00Z
2025-10-28,A100126,0.2856,2,8.12,0,east,2025-10-28T18:00:00Z
2025-10-28,A100127,0.3646,1,2.17,2,north,2025-10-28T18:00:00Z
2025-10-28,A100128,0.1649,0,7.27,0,east,2025-10-28T18:00:00Z
2025-10-28,A100129,0.7362,0,3.49,2,south,2025-10-28T18:00:00Z
2025-10-28,A100130,0.0706,0,10.68,1,south,2025-10-28T18:00:00Z
2025-10-28,A100131,0.1692,0,3.82,2,north,2025-10-28T18:00:00Z
2025-10-28,A100132,0.6451,2,2.89,3,east,2025-10-28T18:00:00Z
2025-10-28,A100133,0.5235,0,4.64,2,south,2025-10-28T18:00:00Z
2025-10-28,A100134,0.5519,1,15.55,1,east,2025-10-28T18:00:00Z
2025-10-28,A100135,0.3797,0,4.43,1,north,2025-10-28T18:00:00Z
2025-10-28,A100136,0.6201,1,7.61,0,south,2025-10-28T18:00:00Z
2025-10-28,A100137,0.0571,0,7.76,2,west,2025-10-28T18:00:00Z
2025-10-28,A100138,0.3312,1,4.47,1,east,2025-10-28T18:00:00Z
2025-10-28,A100139,0.3598,0,13.73,2,north,2025-10-28T18:00:00Z
2025-10-28,A100140,0.3333,0,6.73,0,north,2025-10-28T18:00:00Z
2025-10-28,A100141,0.3788,2,21.39,3,east,2025-10-28T18:00:00Z
2025-10-28,A100142,0.6046,1,6.41,2,west,2025-10-28T18:00:00Z
2025-10-28,A100143,0.5557,1,5.21,1,west,2025-10-28T18:00:00Z
2025-10-28,A100144,0.4847,2,10.98,2,south,2025-10-28T18:00:00Z
2025-10-28,A100145,0.7562,0,9.24,1,west,2025-10-28T18:00:00Z
2025-10-28,A100146,0.6054,0,5.13,0,east,2025-10-28T18:00:00Z
2025-10-28,A100147,0.2655,2,4.13,2,north,2025-10-28T18:00:00Z
2025-10-28,A100148,0.0934,0,8.93,0,west,2025-10-28T18:00:00Z
2025-10-28,A100149,0.5843,1,5.95,4,east,2025-10-28T18:00:00Z
2025-11-28,A110000,0.2844,0,2.29,4,west,2025-11-28T18:00:00Z
2025-11-28,A110001,0.3903,2,4.43,1,north,2025-11-28T18:00:00Z
2025-11-28,A110002,0.3182,1,16.76,2,north,2025-11-28T18:00:00Z
2025-11-28,A110003,0.1905,0,13.01,2,north,2025-11-28T18:00:00Z
2025-11-28,A110004,0.2507,0,15.0,2,west,2025-11-28T18:00:00Z
2025-11-28,A110005,0.2494,0,15.37,1,west,2025-11-28T18:00:00Z
2025-11-28,A110006,0.092,1,13.95,2,east,2025-11-28T18:00:00Z
2025-11-28,A110007,0.0351,1,4.96,0,west,2025-11-28T18:00:00Z
2025-11-28,A110008,0.4035,0,11.63,3,south,2025-11-28T18:00:00Z
2025-11-28,A110009,0.3263,0,3.65,2,west,2025-11-28T18:00:00Z
2025-11-28,A110010,0.0102,1,14.52,0,east,2025-11-28T18:00:00Z
2025-11-28,A110011,0.4261,0,2.29,1,north,2025-11-28T18:00:00Z
2025-11-28,A110012,0.4833,0,15.21,6,north,2025-11-28T18:00:00Z
2025-11-28,A110013,0.0769,0,8.08,1,east,2025-11-28T18:00:00Z
2025-11-28,A110014,0.0806,0,1.61,1,east,2025-11-28T18:00:00Z
2025-11-28,A110015,0.2808,1,12.3,0,south,2025-11-28T18:00:00Z
2025-11-28,A110016,0.5337,0,19.83,1,north,2025-11-28T18:00:00Z
2025-11-28,A110017,0.3554,0,6.75,1,east,2025-11-28T18:00:00Z
2025-11-28,A110018,0.409,0,6.76,0,east,2025-11-28T18:00:00Z
2025-11-28,A110019,0.318,1,13.12,0,south,2025-11-28T18:00:00Z
2025-11-28,A110020,0.3454,0,21.93,0,south,2025-11-28T18:00:00Z
2025-11-28,A110021,0.3857,0,13.59,1,south,2025-11-28T18:00:00Z
2025-11-28,A110022,0.687,0,3.06,3,north,2025-11-28T18:00:00Z
2025-11-28,A110023,0.4545,2,11.64,0,south,2025-11-28T18:00:00Z
2025-11-28,A110024,0.5458,0,4.77,2,south,2025-11-28T18:00:00Z
2025-11-28,A110025,0.1844,1,15.81,0,west,2025-11-28T18:00:00Z
2025-11-28,A110026,0.4175,0,15.09,2,east,2025-11-28T18:00:00Z
2025-11-28,A110027,0.5611,0,12.85,0,east,2025-11-28T18:00:00Z
2025-11-28,A110028,0.0326,1,7.91,2,north,2025-11-28T18:00:00Z
2025-11-28,A110029,0.5111,2,2.73,2,east,2025-11-28T18:00:00Z
2025-11-28,A110030,0.3825,0,5.65,2,north,2025-11-28T18:00:00Z
2025-11-28,A110031,0.4333,1,2.93,0,west,2025-11-28T18:00:00Z
2025-11-28,A110032,0.5382,0,14.54,3,west,2025-11-28T18:00:00Z
2025-11-28,A110033,0.1712,0,6.45,3,south,2025-11-28T18:00:00Z
2025-11-28,A110034,0.1525,3,18.44,0,east,2025-11-28T18:00:00Z
2025-11-28,A110035,0.1897,2,4.9,2,north,2025-11-28T18:00:00Z
2025-11-28,A110036,0.6782,0,5.71,2,east,2025-11-28T18:00:00Z
2025-11-28,A110037,0.4879,1,8.51,2,west,2025-11-28T18:00:00Z
2025-11-28,A110038,0.1261,0,15.81,1,north,2025-11-28T18:00:00Z
2025-11-28,A110039,0.4512,0,8.52,0,east,2025-11-28T18:00:00Z
2025-11-28,A110040,0.2349,0,4.17,2,south,2025-11-28T18:00:00Z
2025-11-28,A110041,0.5265,0,4.58,1,north,2025-11-28T18:00:00Z
2025-11-28,A110042,0.4943,1,8.35,2,south,2025-11-28T18:00:00Z
2025-11-28,A110043,0.1079,1,11.33,0,north,2025-11-28T18:00:00Z
2025-11-28,A110044,0.7428,0,14.46,3,west,2025-11-28T18:00:00Z
2025-11-28,A110045,0.5552,1,10.95,0,east,2025-11-28T18:00:00Z
2025-11-28,A110046,0.4417,0,16.53,2,north,2025-11-28T18:00:00Z
2025-11-28,A110047,0.1445,1,9.06,1,west,2025-11-28T18:00:00Z
2025-11-28,A110048,0.226,0,7.89,1,south,2025-11-28T18:00:00Z
2025-11-28,A110049,0.2752,1,7.19,0,north,2025-11-28T18:00:00Z
2025-11-28,A110050,0.5992,0,8.02,1,east,2025-11-28T18:00:00Z
2025-11-28,A110051,0.3873,0,5.94,2,north,2025-11-28T18:00:00Z
2025-11-28,A110052,0.7023,0,7.86,1,east,2025-11-28T18:00:00Z
2025-11-28,A110053,0.1757,0,4.08,0,west,2025-11-28T18:00:00Z
2025-11-28,A110054,0.4961,0,14.05,0,east,2025-11-28T18:00:00Z
2025-11-28,A110055,0.1631,0,20.09,2,north,2025-11-28T18:00:00Z
2025-11-28,A110056,0.2501,1,8.56,1,south,2025-11-28T18:00:00Z
2025-11-28,A110057,0.1581,0,6.95,0,west,2025-11-28T18:00:00Z
2025-11-28,A110058,0.2537,1,8.18,2,north,2025-11-28T18:00:00Z
2025-11-28,A110059,0.2305,0,4.61,0,south,2025-11-28T18:00:00Z
2025-11-28,A110060,0.2226,0,8.07,1,west,2025-11-28T18:00:00Z
2025-11-28,A110061,0.0523,1,18.68,2,west,2025-11-28T18:00:00Z
2025-11-28,A110062,0.466,1,5.62,2,west,2025-11-28T18:00:00Z
2025-11-28,A110063,0.3159,0,17.73,0,north,2025-11-28T18:00:00Z
2025-11-28,A110064,0.5,1,5.73,0,north,2025-11-28T18:00:00Z
2025-11-28,A110065,0.4336,0,9.99,2,west,2025-11-28T18:00:00Z
2025-11-28,A110066,0.6081,1,7.58,1,north,2025-11-28T18:00:00Z
2025-11-28,A110067,0.2371,0,14.37,0,south,2025-11-28T18:00:00Z
2025-11-28,A110068,0.3401,0,6.46,0,north,2025-11-28T18:00:00Z
2025-11-28,A110069,0.2786,0,9.31,3,east,2025-11-28T18:00:00Z
2025-11-28,A110070,0.186,0,14.3,1,east,2025-11-28T18:00:00Z
2025-11-28,A110071,0.4027,0,10.03,1,south,2025-11-28T18:00:00Z
2025-11-28,A110072,0.1929,1,7.47,4,north,2025-11-28T18:00:00Z
2025-11-28,A110073,0.3898,0,5.39,1,east,2025-11-28T18:00:00Z
2025-11-28,A110074,0.0513,0,9.08,0,east,2025-11-28T18:00:00Z
2025-11-28,A110075,0.5649,1,8.04,2,east,2025-11-28T18:00:00Z
2025-11-28,A110076,0.3814,0,1.11,1,south,2025-11-28T18:00:00Z
2025-11-28,A110077,0.4511,0,3.29,0,east,2025-11-28T18:00:00Z
2025-11-28,A110078,0.7787,1,5.65,2,west,2025-11-28T18:00:00Z
2025-11-28,A110079,0.4203,0,8.23,1,north,2025-11-28T18:00:00Z
2025-11-28,A110080,0.1165,0,0.88,2,east,2025-11-28T18:00:00Z
2025-11-28,A110081,0.3774,2,7.14,1,south,2025-11-28T18:00:00Z
2025-11-28,A110082,0.4235,1,4.08,1,east,2025-11-28T18:00:00Z
2025-11-28,A110083,0.607,0,6.81,1,south,2025-11-28T18:00:00Z
2025-11-28,A110084,0.3145,0,5.34,0,west,2025-11-28T18:00:00Z
2025-11-28,A110085,0.3048,0,13.82,0,north,2025-11-28T18:00:00Z
2025-11-28,A110086,0.1736,1,11.85,3,east,2025-11-28T18:00:00Z
2025-11-28,A110087,0.3418,0,2.32,0,east,2025-11-28T18:00:00Z
2025-11-28,A110088,0.147,0,3.18,0,south,2025-11-28T18:00:00Z
2025-11-28,A110089,0.3403,0,11.52,2,south,2025-11-28T18:00:00Z
2025-11-28,A110090,0.3171,0,5.7,1,east,2025-11-28T18:00:00Z
2025-11-28,A110091,0.2251,1,12.25,1,south,2025-11-28T18:00:00Z
2025-11-28,A110092,0.5804,0,15.51,1,north,2025-11-28T18:00:00Z
2025-11-28,A110093,0.2542,1,10.81,2,south,2025-11-28T18:00:00Z
2025-11-28,A110094,0.6295,2,2.38,1,east,2025-11-28T18:00:00Z
2025-11-28,A110095,0.6308,1,4.76,0,west,2025-11-28T18:00:00Z
2025-11-28,A110096,0.1891,0,3.16,0,west,2025-11-28T18:00:00Z
2025-11-28,A110097,0.3485,0,12.52,2,north,2025-11-28T18:00:00Z
2025-11-28,A110098,0.3144,1,9.49,2,west,2025-11-28T18:00:00Z
2025-11-28,A110099,0.302,1,11.78,2,north,2025-11-28T18:00:00Z
2025-11-28,A110100,0.0339,0,17.13,2,north,2025-11-28T18:00:00Z
2025-11-28,A110101,0.1303,1,5.32,3,west,2025-11-28T18:00:00Z
2025-11-28,A110102,0.371,0,13.73,0,north,2025-11-28T18:00:00Z
2025-11-28,A110103,0.4879,0,16.02,0,east,2025-11-28T18:00:00Z
2025-11-28,A110104,0.3874,0,10.17,4,south,2025-11-28T18:00:00Z
2025-11-28,A110105,0.7102,0,9.07,3,west,2025-11-28T18:00:00Z
2025-11-28,A110106,0.3924,0,9.34,1,south,2025-11-28T18:00:00Z
2025-11-28,A110107,0.4856,0,13.38,2,east,2025-11-28T18:00:00Z
2025-11-28,A110108,0.3433,0,18.33,1,east,2025-11-28T18:00:00Z
2025-11-28,A110109,0.531,0,4.19,4,east,2025-11-28T18:00:00Z
2025-11-28,A110110,0.1768,0,21.37,0,south,2025-11-28T18:00:00Z
2025-11-28,A110111,0.4542,1,20.7,2,south,2025-11-28T18:00:00Z
2025-11-28,A110112,0.4048,0,13.75,0,south,2025-11-28T18:00:00Z
2025-11-28,A110113,0.0243,0,7.55,2,west,2025-11-28T18:00:00Z
2025-11-28,A110114,0.4385,0,7.84,1,west,2025-11-28T18:00:00Z
2025-11-28,A110115,0.5734,0,8.67,2,west,2025-11-28T18:00:00Z
2025-11-28,A110116,0.6133,1,2.67,0,west,2025-11-28T18:00:00Z
2025-11-28,A110117,0.459,0,1.83,0,north,2025-11-28T18:00:00Z
2025-11-28,A110118,0.5541,0,11.02,0,west,2025-11-28T18:00:00Z
2025-11-28,A110119,0.469,0,21.46,0,north,2025-11-28T18:00:00Z
2025-11-28,A110120,0.7082,0,6.7,0,south,2025-11-28T18:00:00Z
2025-11-28,A110121,0.2678,1,9.54,4,west,2025-11-28T18:00:00Z
2025-11-28,A110122,0.1824,3,4.27,1,east,2025-11-28T18:00:00Z
2025-11-28,A110123,0.8382,1,25.06,2,south,2025-11-28T18:00:00Z
2025-11-28,A110124,0.294,0,1.64,0,east,2025-11-28T18:00:00Z
2025-11-28,A110125,0.4643,2,15.51,1,east,2025-11-28T18:00:00Z
2025-11-28,A110126,0.2445,0,8.5,2,south,2025-11-28T18:00:00Z
2025-11-28,A110127,0.4361,0,7.79,0,north,2025-11-28T18:00:00Z
2025-11-28,A110128,0.4052,2,6.63,0,west,2025-11-28T18:00:00Z
2025-11-28,A110129,0.1933,0,9.54,1,west,2025-11-28T18:00:00Z
2025-11-28,A110130,0.6917,0,11.2,2,south,2025-11-28T18:00:00Z
2025-11-28,A110131,0.2452,1,6.82,0,south,2025-11-28T18:00:00Z
2025-11-28,A110132,0.47,0,10.91,1,east,2025-11-28T18:00:00Z
2025-11-28,A110133,0.6832,0,8.04,2,north,2025-11-28T18:00:00Z
2025-11-28,A110134,0.6537,0,8.08,1,north,2025-11-28T18:00:00Z
2025-11-28,A110135,0.637,1,5.03,0,south,2025-11-28T18:00:00Z
2025-11-28,A110136,0.4495,0,5.69,0,east,2025-11-28T18:00:00Z
2025-11-28,A110137,0.6572,1,6.37,2,west,2025-11-28T18:00:00Z
2025-11-28,A110138,0.5497,0,10.84,1,west,2025-11-28T18:00:00Z
2025-11-28,A110139,0.7518,1,7.19,2,west,2025-11-28T18:00:00Z
2025-11-28,A110140,0.4817,0,6.57,0,west,2025-11-28T18:00:00Z
2025-11-28,A110141,0.2079,0,6.28,1,east,2025-11-28T18:00:00Z
2025-11-28,A110142,0.7307,0,8.17,2,south,2025-11-28T18:00:00Z
2025-11-28,A110143,0.4006,0,10.33,1,north,2025-11-28T18:00:00Z
2025-11-28,A110144,0.4263,1,8.15,0,east,2025-11-28T18:00:00Z
2025-11-28,A110145,0.2813,0,6.09,3,south,2025-11-28T18:00:00Z
2025-11-28,A110146,0.5831,1,12.28,2,north,2025-11-28T18:00:00Z
2025-11-28,A110147,0.0867,1,3.42,1,west,2025-11-28T18:00:00Z
2025-11-28,A110148,0.7726,1,3.67,1,west,2025-11-28T18:00:00Z
2025-11-28,A110149,0.2242,1,11.62,0,north,2025-11-28T18:00:00Z
2025-12-28,A120000,0.5852,2,3.21,4,east,2025-12-28T18:00:00Z
2025-12-28,A120001,0.4275,0,40.58,1,east,2025-12-28T18:00:00Z
2025-12-28,A120002,0.4224,0,6.14,1,south,2025-12-28T18:00:00Z
2025-12-28,A120003,0.1471,0,7.75,2,east,2025-12-28T18:00:00Z
2025-12-28,A120004,0.4852,0,21.39,1,south,2025-12-28T18:00:00Z
2025-12-28,A120005,0.4311,0,15.51,0,south,2025-12-28T18:00:00Z
2025-12-28,A120006,0.7716,1,4.78,1,south,2025-12-28T18:00:00Z
2025-12-28,A120007,0.4567,0,7.78,0,south,2025-12-28T18:00:00Z
2025-12-28,A120008,0.4825,0,4.4,0,west,2025-12-28T18:00:00Z
2025-12-28,A120009,0.3123,0,3.03,3,south,2025-12-28T18:00:00Z
2025-12-28,A120010,0.1732,0,9.17,1,west,2025-12-28T18:00:00Z
2025-12-28,A120011,0.0969,0,5.63,1,north,2025-12-28T18:00:00Z
2025-12-28,A120012,0.3635,0,6.58,0,north,2025-12-28T18:00:00Z
2025-12-28,A120013,0.2757,0,8.01,1,north,2025-12-28T18:00:00Z
2025-12-28,A120014,0.3547,1,8.53,2,east,2025-12-28T18:00:00Z
2025-12-28,A120015,0.5257,0,12.33,4,north,2025-12-28T18:00:00Z
2025-12-28,A120016,0.3,0,14.82,1,east,2025-12-28T18:00:00Z
2025-12-28,A120017,0.2711,1,5.06,3,north,2025-12-28T18:00:00Z
2025-12-28,A120018,0.6212,0,10.5,2,south,2025-12-28T18:00:00Z
2025-12-28,A120019,0.7746,1,11.32,1,west,2025-12-28T18:00:00Z
2025-12-28,A120020,0.5861,0,11.23,2,west,2025-12-28T18:00:00Z
2025-12-28,A120021,0.1089,0,8.68,1,east,2025-12-28T18:00:00Z
2025-12-28,A120022,0.1468,1,4.77,2,north,2025-12-28T18:00:00Z
2025-12-28,A120023,0.2968,0,5.15,0,north,2025-12-28T18:00:00Z
2025-12-28,A120024,0.4186,0,9.43,2,south,2025-12-28T18:00:00Z
2025-12-28,A120025,0.4693,3,7.31,1,west,2025-12-28T18:00:00Z
2025-12-28,A120026,0.1573,2,16.74,0,east,2025-12-28T18:00:00Z
2025-12-28,A120027,0.8097,0,7.08,0,east,2025-12-28T18:00:00Z
2025-12-28,A120028,0.3186,0,5.18,2,west,2025-12-28T18:00:00Z
2025-12-28,A120029,0.1919,0,2.9,1,east,2025-12-28T18:00:00Z
2025-12-28,A120030,0.6016,0,11.08,0,south,2025-12-28T18:00:00Z
2025-12-28,A120031,0.659,0,3.28,1,south,2025-12-28T18:00:00Z
2025-12-28,A120032,0.4198,0,11.48,1,north,2025-12-28T18:00:00Z
2025-12-28,A120033,0.0637,0,8.75,0,north,2025-12-28T18:00:00Z
2025-12-28,A120034,0.2358,0,16.09,4,north,2025-12-28T18:00:00Z
2025-12-28,A120035,0.4327,1,11.18,0,west,2025-12-28T18:00:00Z
2025-12-28,A120036,0.1266,0,4.62,1,north,2025-12-28T18:00:00Z
2025-12-28,A120037,0.3476,0,12.66,3,north,2025-12-28T18:00:00Z
2025-12-28,A120038,0.4057,1,2.45,0,west,2025-12-28T18:00:00Z
2025-12-28,A120039,0.1875,0,11.93,3,south,2025-12-28T18:00:00Z
2025-12-28,A120040,0.5448,0,8.79,0,east,2025-12-28T18:00:00Z
2025-12-28,A120041,0.26,1,7.96,1,south,2025-12-28T18:00:00Z
2025-12-28,A120042,0.0294,0,4.87,1,north,2025-12-28T18:00:00Z
2025-12-28,A120043,0.2253,0,12.11,0,north,2025-12-28T18:00:00Z
2025-12-28,A120044,0.5473,0,4.84,1,north,2025-12-28T18:00:00Z
2025-12-28,A120045,0.2399,1,13.03,1,west,2025-12-28T18:00:00Z
2025-12-28,A120046,0.1488,2,9.7,3,north,2025-12-28T18:00:00Z
2025-12-28,A120047,0.3965,0,21.24,2,south,2025-12-28T18:00:00Z
2025-12-28,A120048,0.2907,0,6.15,1,west,2025-12-28T18:00:00Z
2025-12-28,A120049,0.539,0,14.71,0,south,2025-12-28T18:00:00Z
2025-12-28,A120050,0.621,0,16.61,2,north,2025-12-28T18:00:00Z
2025-12-28,A120051,0.1609,1,7.03,3,south,2025-12-28T18:00:00Z
2025-12-28,A120052,0.2034,1,5.13,2,south,2025-12-28T18:00:00Z
2025-12-28,A120053,0.0219,1,11.77,1,east,2025-12-28T18:00:00Z
2025-12-28,A120054,0.8351,0,2.7,0,east,2025-12-28T18:00:00Z
2025-12-28,A120055,0.2643,0,3.84,0,south,2025-12-28T18:00:00Z
2025-12-28,A120056,0.2728,0,12.22,0,east,2025-12-28T18:00:00Z
2025-12-28,A120057,0.1476,0,12.72,2,south,2025-12-28T18:00:00Z
2025-12-28,A120058,0.399,0,19.17,3,north,2025-12-28T18:00:00Z
2025-12-28,A120059,0.5881,0,7.43,1,east,2025-12-28T18:00:00Z
2025-12-28,A120060,0.1637,1,9.97,2,north,2025-12-28T18:00:00Z
2025-12-28,A120061,0.2189,1,11.07,2,west,2025-12-28T18:00:00Z
2025-12-28,A120062,0.8598,0,4.17,0,north,2025-12-28T18:00:00Z
2025-12-28,A120063,0.4058,0,7.56,1,south,2025-12-28T18:00:00Z
2025-12-28,A120064,0.145,1,10.67,1,north,2025-12-28T18:00:00Z
2025-12-28,A120065,0.4291,0,5.6,2,east,2025-12-28T18:00:00Z
2025-12-28,A120066,0.3741,1,8.53,2,east,2025-12-28T18:00:00Z
2025-12-28,A120067,0.29,0,13.34,0,west,2025-12-28T18:00:00Z
2025-12-28,A120068,0.2627,0,7.8,0,south,2025-12-28T18:00:00Z
2025-12-28,A120069,0.5235,0,12.52,4,north,2025-12-28T18:00:00Z
2025-12-28,A120070,0.4972,1,15.62,0,north,2025-12-28T18:00:00Z
2025-12-28,A120071,0.8503,0,8.21,2,east,2025-12-28T18:00:00Z
2025-12-28,A120072,0.0761,0,12.26,1,north,2025-12-28T18:00:00Z
2025-12-28,A120073,0.3321,0,9.69,1,south,2025-12-28T18:00:00Z
2025-12-28,A120074,0.2213,1,10.87,0,north,2025-12-28T18:00:00Z
2025-12-28,A120075,0.0266,0,7.04,0,south,2025-12-28T18:00:00Z
2025-12-28,A120076,0.39,0,3.09,0,west,2025-12-28T18:00:00Z
2025-12-28,A120077,0.2565,0,5.74,2,north,2025-12-28T18:00:00Z
2025-12-28,A120078,0.695,1,6.89,2,north,2025-12-28T18:00:00Z
2025-12-28,A120079,0.3642,0,9.05,1,north,2025-12-28T18:00:00Z
2025-12-28,A120080,0.5388,0,9.94,0,west,2025-12-28T18:00:00Z
2025-12-28,A120081,0.7217,1,13.4,0,east,2025-12-28T18:00:00Z
2025-12-28,A120082,0.5678,0,6.07,2,north,2025-12-28T18:00:00Z
2025-12-28,A120083,0.1858,1,22.05,4,south,2025-12-28T18:00:00Z
2025-12-28,A120084,0.1259,0,20.9,0,east,2025-12-28T18:00:00Z
2025-12-28,A120085,0.7215,1,14.87,1,east,2025-12-28T18:00:00Z
2025-12-28,A120086,0.625,0,9.66,1,north,2025-12-28T18:00:00Z
2025-12-28,A120087,0.5711,0,9.68,0,north,2025-12-28T18:00:00Z
2025-12-28,A120088,0.6607,1,5.82,1,south,2025-12-28T18:00:00Z
2025-12-28,A120089,0.4193,0,8.23,6,south,2025-12-28T18:00:00Z
2025-12-28,A120090,0.2767,1,8.26,1,north,2025-12-28T18:00:00Z
2025-12-28,A120091,0.4628,1,6.56,2,west,2025-12-28T18:00:00Z
2025-12-28,A120092,0.554,1,14.99,1,west,2025-12-28T18:00:00Z
2025-12-28,A120093,0.2238,2,21.47,0,south,2025-12-28T18:00:00Z
2025-12-28,A120094,0.3182,1,6.38,1,west,2025-12-28T18:00:00Z
2025-12-28,A120095,0.433,0,7.9,0,east,2025-12-28T18:00:00Z
2025-12-28,A120096,0.7597,2,13.21,0,north,2025-12-28T18:00:00Z
2025-12-28,A120097,0.5149,1,14.61,1,east,2025-12-28T18:00:00Z
2025-12-28,A120098,0.4316,1,12.66,0,east,2025-12-28T18:00:00Z
2025-12-28,A120099,0.3142,1,5.83,2,south,2025-12-28T18:00:00Z
2025-12-28,A120100,0.7504,0,4.86,1,south,2025-12-28T18:00:00Z
2025-12-28,A120101,0.5109,0,9.74,1,north,2025-12-28T18:00:00Z
2025-12-28,A120102,0.5258,0,3.24,3,north,2025-12-28T18:00:00Z
2025-12-28,A120103,0.6361,0,5.76,1,east,2025-12-28T18:00:00Z
2025-12-28,A120104,0.4651,1,5.32,1,east,2025-12-28T18:00:00Z
2025-12-28,A120105,0.4911,0,7.12,2,east,2025-12-28T18:00:00Z
2025-12-28,A120106,0.4477,1,4.71,1,south,2025-12-28T18:00:00Z
2025-12-28,A120107,0.4636,0,3.15,1,west,2025-12-28T18:00:00Z
2025-12-28,A120108,0.2312,1,8.72,1,west,2025-12-28T18:00:00Z
2025-12-28,A120109,0.213,0,6.13,1,west,2025-12-28T18:00:00Z
2025-12-28,A120110,0.5017,1,9.48,0,north,2025-12-28T18:00:00Z
2025-12-28,A120111,0.5479,0,10.92,0,south,2025-12-28T18:00:00Z
2025-12-28,A120112,0.2738,0,11.86,1,south,2025-12-28T18:00:00Z
2025-12-28,A120113,0.5712,0,3.4,3,north,2025-12-28T18:00:00Z
2025-12-28,A120114,0.1196,0,15.26,2,east,2025-12-28T18:00:00Z
2025-12-28,A120115,0.4723,0,1.78,0,west,2025-12-28T18:00:00Z
2025-12-28,A120116,0.3496,0,14.53,0,west,2025-12-28T18:00:00Z
2025-12-28,A120117,0.1253,0,25.86,3,west,2025-12-28T18:00:00Z
2025-12-28,A120118,0.2732,0,12.15,2,east,2025-12-28T18:00:00Z
2025-12-28,A120119,0.4505,1,4.19,0,north,2025-12-28T18:00:00Z
2025-12-28,A120120,0.5561,0,6.41,1,south,2025-12-28T18:00:00Z
2025-12-28,A120121,0.5388,0,6.83,1,north,2025-12-28T18:00:00Z
2025-12-28,A120122,0.6033,1,2.7,1,west,2025-12-28T18:00:00Z
2025-12-28,A120123,0.3567,1,10.08,0,north,2025-12-28T18:00:00Z
2025-12-28,A120124,0.4563,2,2.19,1,west,2025-12-28T18:00:00Z
2025-12-28,A120125,0.6367,1,16.29,1,west,2025-12-28T18:00:00Z
2025-12-28,A120126,0.3663,0,4.6,5,west,2025-12-28T18:00:00Z
2025-12-28,A120127,0.0729,0,2.04,1,north,2025-12-28T18:00:00Z
2025-12-28,A120128,0.3465,0,2.62,2,west,2025-12-28T18:00:00Z
2025-12-28,A120129,0.2821,1,5.87,2,east,2025-12-28T18:00:00Z
2025-12-28,A120130,0.4707,0,11.05,0,west,2025-12-28T18:00:00Z
2025-12-28,A120131,0.3029,1,8.56,2,east,2025-12-28T18:00:00Z
2025-12-28,A120132,0.3723,0,13.27,1,east,2025-12-28T18:00:00Z
2025-12-28,A120133,0.603,1,8.79,2,west,2025-12-28T18:00:00Z
2025-12-28,A120134,0.4462,2,15.09,4,east,2025-12-28T18:00:00Z
2025-12-28,A120135,0.3256,0,8.42,3,north,2025-12-28T18:00:00Z
2025-12-28,A120136,0.3843,0,7.94,2,north,2025-12-28T18:00:00Z
2025-12-28,A120137,0.759,0,12.54,0,east,2025-12-28T18:00:00Z
2025-12-28,A120138,0.5094,2,7.19,1,south,2025-12-28T18:00:00Z
2025-12-28,A120139,0.1715,0,3.25,1,north,2025-12-28T18:00:00Z
2025-12-28,A120140,0.239,1,10.97,1,north,2025-12-28T18:00:00Z
2025-12-28,A120141,0.2864,1,10.49,3,south,2025-12-28T18:00:00Z
2025-12-28,A120142,0.195,0,4.49,1,west,2025-12-28T18:00:00Z
2025-12-28,A120143,0.1196,2,3.8,3,west,2025-12-28T18:00:00Z
2025-12-28,A120144,0.5785,0,12.21,3,south,2025-12-28T18:00:00Z
2025-12-28,A120145,0.2398,1,7.74,1,east,2025-12-28T18:00:00Z
2025-12-28,A120146,0.7722,0,11.39,3,west,2025-12-28T18:00:00Z
2025-12-28,A120147,0.6136,0,8.8,2,south,2025-12-28T18:00:00Z
2025-12-28,A120148,0.4076,0,11.31,5,west,2025-12-28T18:00:00Z
2025-12-28,A120149,0.1563,0,8.02,2,east,2025-12-28T18:00:00Z
